date,open,close,high,low,volume,code,market,name
2020-01-02,86.435,86.785,86.785,86.435,35.0,511270,sh,10年地方债ETF海富通
2020-01-03,86.785,86.785,86.885,86.785,46.0,511270,sh,10年地方债ETF海富通
2020-01-06,86.785,86.883,86.885,86.595,9.0,511270,sh,10年地方债ETF海富通
2020-01-08,86.885,86.685,87.085,86.685,5.0,511270,sh,10年地方债ETF海富通
2020-01-09,86.685,86.785,86.785,86.685,6.0,511270,sh,10年地方债ETF海富通
2020-01-10,86.735,86.735,86.835,86.735,78.0,511270,sh,10年地方债ETF海富通
2020-01-13,86.735,86.735,86.735,86.735,0.0,511270,sh,10年地方债ETF海富通
2020-01-14,86.685,86.536,86.809,86.536,4.0,511270,sh,10年地方债ETF海富通
2020-01-15,86.535,86.535,86.535,86.535,32.0,511270,sh,10年地方债ETF海富通
2020-01-16,86.335,86.335,86.335,86.335,0.0,511270,sh,10年地方债ETF海富通
2020-01-17,86.575,86.635,86.635,86.575,16.0,511270,sh,10年地方债ETF海富通
2020-01-20,86.485,86.426,86.585,86.404,102.0,511270,sh,10年地方债ETF海富通
2020-01-21,86.585,86.635,86.635,86.585,60.0,511270,sh,10年地方债ETF海富通
2020-01-22,86.635,86.835,86.835,86.635,1.0,511270,sh,10年地方债ETF海富通
2020-01-23,86.845,87.855,87.855,86.845,183.0,511270,sh,10年地方债ETF海富通
2020-02-03,88.385,89.695,89.985,88.385,394.0,511270,sh,10年地方债ETF海富通
2020-02-04,89.975,89.695,89.975,89.695,15.0,511270,sh,10年地方债ETF海富通
2020-02-05,89.335,89.585,89.585,89.335,105.0,511270,sh,10年地方债ETF海富通
2020-02-06,89.285,89.285,89.435,89.235,3975.0,511270,sh,10年地方债ETF海富通
2020-02-07,89.485,89.485,89.485,89.284,14098.0,511270,sh,10年地方债ETF海富通
2020-02-10,89.465,89.584,89.585,89.465,41.0,511270,sh,10年地方债ETF海富通
2020-02-11,89.451,89.565,89.565,89.451,35.0,511270,sh,10年地方债ETF海富通
2020-02-12,89.382,89.452,89.452,89.382,61.0,511270,sh,10年地方债ETF海富通
2020-02-13,89.385,89.345,89.385,89.345,29.0,511270,sh,10年地方债ETF海富通
2020-02-14,89.386,89.535,89.535,89.385,54.0,511270,sh,10年地方债ETF海富通
2020-02-17,89.535,89.535,89.535,89.535,19.0,511270,sh,10年地方债ETF海富通
2020-02-18,89.535,89.735,89.735,89.535,3608.0,511270,sh,10年地方债ETF海富通
2020-02-19,89.755,89.755,89.755,89.755,107.0,511270,sh,10年地方债ETF海富通
2020-02-20,90.035,89.774,90.035,89.755,217.0,511270,sh,10年地方债ETF海富通
2020-02-21,89.775,89.785,89.785,89.775,274.0,511270,sh,10年地方债ETF海富通
2020-02-24,89.765,89.785,89.785,89.765,105.0,511270,sh,10年地方债ETF海富通
2020-02-25,89.785,89.775,90.185,89.775,191.0,511270,sh,10年地方债ETF海富通
2020-02-26,89.735,89.795,89.795,89.735,327.0,511270,sh,10年地方债ETF海富通
2020-02-27,89.79,89.795,89.795,89.785,2200.0,511270,sh,10年地方债ETF海富通
2020-02-28,89.79,90.135,90.135,89.79,4268.0,511270,sh,10年地方债ETF海富通
2020-03-02,90.155,90.065,90.165,90.035,4375.0,511270,sh,10年地方债ETF海富通
2020-03-03,89.885,90.035,90.035,89.885,4064.0,511270,sh,10年地方债ETF海富通
2020-03-04,90.175,90.472,90.485,90.175,4034.0,511270,sh,10年地方债ETF海富通
2020-03-05,90.885,90.395,90.885,90.365,4114.0,511270,sh,10年地方债ETF海富通
2020-03-06,90.395,90.605,90.615,90.393,7254.0,511270,sh,10年地方债ETF海富通
2020-03-09,90.973,91.09,91.115,90.973,4819.0,511270,sh,10年地方债ETF海富通
2020-03-10,91.085,90.69,91.085,90.686,4968.0,511270,sh,10年地方债ETF海富通
2020-03-11,90.88,90.805,90.88,90.765,4309.0,511270,sh,10年地方债ETF海富通
2020-03-12,90.985,91.039,91.039,90.925,4505.0,511270,sh,10年地方债ETF海富通
2020-03-13,90.935,90.855,91.035,90.835,4497.0,511270,sh,10年地方债ETF海富通
2020-03-16,90.855,90.816,90.985,90.785,4953.0,511270,sh,10年地方债ETF海富通
2020-03-17,90.885,90.635,90.885,90.595,5917.0,511270,sh,10年地方债ETF海富通
2020-03-18,90.585,90.765,90.885,90.585,4517.0,511270,sh,10年地方债ETF海富通
2020-03-19,90.735,90.635,90.785,90.635,4263.0,511270,sh,10年地方债ETF海富通
2020-03-20,90.635,90.725,90.725,90.635,4135.0,511270,sh,10年地方债ETF海富通
2020-03-23,91.015,91.184,91.185,91.015,4636.0,511270,sh,10年地方债ETF海富通
2020-03-24,91.185,91.065,91.185,90.985,5158.0,511270,sh,10年地方债ETF海富通
2020-03-25,91.035,90.996,91.035,90.98,8179.0,511270,sh,10年地方债ETF海富通
2020-03-26,90.996,91.325,91.574,90.996,5770.0,511270,sh,10年地方债ETF海富通
2020-03-27,91.289,91.235,91.335,91.185,4502.0,511270,sh,10年地方债ETF海富通
2020-03-30,91.285,91.235,91.285,91.185,6472.0,511270,sh,10年地方债ETF海富通
2020-03-31,91.135,91.295,91.295,91.135,7091.0,511270,sh,10年地方债ETF海富通
2020-04-01,91.285,91.305,91.335,91.285,7010.0,511270,sh,10年地方债ETF海富通
2020-04-02,91.285,91.28,91.335,91.255,8241.0,511270,sh,10年地方债ETF海富通
2020-04-03,91.188,91.177,91.25,91.155,7999.0,511270,sh,10年地方债ETF海富通
2020-04-07,91.273,91.885,91.985,91.273,6626.0,511270,sh,10年地方债ETF海富通
2020-04-08,91.985,92.18,92.185,91.985,5900.0,511270,sh,10年地方债ETF海富通
2020-04-09,92.385,92.335,92.485,92.248,4427.0,511270,sh,10年地方债ETF海富通
2020-04-10,92.385,92.365,92.565,92.315,4515.0,511270,sh,10年地方债ETF海富通
2020-04-13,92.286,92.285,92.385,92.255,4549.0,511270,sh,10年地方债ETF海富通
2020-04-14,92.235,92.284,92.381,92.235,5476.0,511270,sh,10年地方债ETF海富通
2020-04-15,92.385,92.385,92.386,92.205,5710.0,511270,sh,10年地方债ETF海富通
2020-04-16,92.435,92.49,92.495,92.435,5127.0,511270,sh,10年地方债ETF海富通
2020-04-17,92.44,92.374,92.535,92.285,8334.0,511270,sh,10年地方债ETF海富通
2020-04-20,92.285,92.325,92.385,92.09,4669.0,511270,sh,10年地方债ETF海富通
2020-04-21,92.336,92.435,92.435,92.335,4176.0,511270,sh,10年地方债ETF海富通
2020-04-22,92.436,92.585,92.585,92.436,4231.0,511270,sh,10年地方债ETF海富通
2020-04-23,92.504,92.995,93.005,92.504,4858.0,511270,sh,10年地方债ETF海富通
2020-04-24,93.085,93.025,93.085,92.955,4354.0,511270,sh,10年地方债ETF海富通
2020-04-27,93.085,93.075,93.245,93.025,4432.0,511270,sh,10年地方债ETF海富通
2020-04-28,93.035,93.065,93.085,92.945,4213.0,511270,sh,10年地方债ETF海富通
2020-04-29,93.118,93.19,93.194,93.075,4369.0,511270,sh,10年地方债ETF海富通
2020-04-30,93.235,93.219,93.454,93.185,4498.0,511270,sh,10年地方债ETF海富通
2020-05-06,93.216,92.904,93.216,92.785,4627.0,511270,sh,10年地方债ETF海富通
2020-05-07,92.804,92.585,93.085,92.546,5054.0,511270,sh,10年地方债ETF海富通
2020-05-08,92.585,92.535,92.585,92.085,5906.0,511270,sh,10年地方债ETF海富通
2020-05-11,92.435,92.155,92.504,92.155,4304.0,511270,sh,10年地方债ETF海富通
2020-05-12,92.135,92.155,92.254,92.085,4164.0,511270,sh,10年地方债ETF海富通
2020-05-13,92.086,91.985,92.216,91.865,4393.0,511270,sh,10年地方债ETF海富通
2020-05-14,91.935,92.004,92.135,91.935,4297.0,511270,sh,10年地方债ETF海富通
2020-05-15,92.023,92.285,92.286,92.022,4092.0,511270,sh,10年地方债ETF海富通
2020-05-18,92.285,91.935,92.285,91.855,4827.0,511270,sh,10年地方债ETF海富通
2020-05-19,91.886,92.006,92.085,91.885,4151.0,511270,sh,10年地方债ETF海富通
2020-05-20,92.058,92.135,92.135,91.887,4183.0,511270,sh,10年地方债ETF海富通
2020-05-21,92.635,92.185,92.635,91.997,4380.0,511270,sh,10年地方债ETF海富通
2020-05-22,92.218,92.582,92.715,92.105,8012.0,511270,sh,10年地方债ETF海富通
2020-05-25,92.235,92.23,92.235,92.072,4036.0,511270,sh,10年地方债ETF海富通
2020-05-26,92.131,92.025,92.218,91.965,4156.0,511270,sh,10年地方债ETF海富通
2020-05-27,92.135,91.965,92.135,91.935,4153.0,511270,sh,10年地方债ETF海富通
2020-05-28,91.967,92.133,92.133,91.885,4069.0,511270,sh,10年地方债ETF海富通
2020-05-29,92.124,91.947,92.124,91.86,4020.0,511270,sh,10年地方债ETF海富通
2020-06-01,91.916,91.855,91.935,91.855,4043.0,511270,sh,10年地方债ETF海富通
2020-06-02,91.855,91.705,91.856,91.705,4288.0,511270,sh,10年地方债ETF海富通
2020-06-03,91.682,91.565,91.694,91.435,4472.0,511270,sh,10年地方债ETF海富通
2020-06-04,91.535,91.335,91.541,91.203,4400.0,511270,sh,10年地方债ETF海富通
2020-06-05,91.384,91.29,91.384,91.205,4445.0,511270,sh,10年地方债ETF海富通
2020-06-08,91.135,91.385,91.385,91.107,4787.0,511270,sh,10年地方债ETF海富通
2020-06-09,91.384,91.315,91.385,91.185,4043.0,511270,sh,10年地方债ETF海富通
2020-06-10,91.235,91.235,91.385,91.214,4363.0,511270,sh,10年地方债ETF海富通
2020-06-11,91.364,91.435,91.435,91.214,4394.0,511270,sh,10年地方债ETF海富通
2020-06-12,91.462,91.545,91.585,91.442,382.0,511270,sh,10年地方债ETF海富通
2020-06-15,91.635,91.83,92.289,91.545,1725.0,511270,sh,10年地方债ETF海富通
2020-06-16,91.635,91.529,91.635,91.385,473.0,511270,sh,10年地方债ETF海富通
2020-06-17,91.135,91.135,91.184,91.133,227.0,511270,sh,10年地方债ETF海富通
2020-06-18,91.129,91.135,91.239,91.105,812.0,511270,sh,10年地方债ETF海富通
2020-06-19,91.135,91.135,91.135,91.035,100.0,511270,sh,10年地方债ETF海富通
2020-06-22,90.955,90.935,90.955,90.935,130.0,511270,sh,10年地方债ETF海富通
2020-06-23,90.805,90.655,90.904,90.655,180.0,511270,sh,10年地方债ETF海富通
2020-06-24,90.785,90.936,91.084,90.785,644.0,511270,sh,10年地方债ETF海富通
2020-06-29,90.836,90.637,91.034,90.538,465.0,511270,sh,10年地方债ETF海富通
2020-06-30,90.785,90.836,90.848,90.785,118.0,511270,sh,10年地方债ETF海富通
2020-07-01,90.79,90.785,90.885,90.785,29.0,511270,sh,10年地方债ETF海富通
2020-07-02,90.786,90.835,90.885,90.785,36.0,511270,sh,10年地方债ETF海富通
2020-07-03,90.786,90.785,90.88,90.785,50.0,511270,sh,10年地方债ETF海富通
2020-07-06,90.785,89.985,90.785,89.941,777.0,511270,sh,10年地方债ETF海富通
2020-07-07,90.235,90.013,90.326,90.005,734.0,511270,sh,10年地方债ETF海富通
2020-07-08,90.235,90.046,90.625,89.977,1561.0,511270,sh,10年地方债ETF海富通
2020-07-09,90.035,89.909,90.085,89.835,414.0,511270,sh,10年地方债ETF海富通
2020-07-10,90.009,90.015,90.015,89.935,6.0,511270,sh,10年地方债ETF海富通
2020-07-13,89.947,90.045,90.065,89.935,33.0,511270,sh,10年地方债ETF海富通
2020-07-14,90.112,90.233,90.233,90.085,27.0,511270,sh,10年地方债ETF海富通
2020-07-15,90.285,90.63,90.63,90.285,196.0,511270,sh,10年地方债ETF海富通
2020-07-16,90.285,90.351,90.466,90.181,273.0,511270,sh,10年地方债ETF海富通
2020-07-17,90.286,90.286,90.286,90.286,1.0,511270,sh,10年地方债ETF海富通
2020-07-20,90.349,90.335,90.355,90.335,8.0,511270,sh,10年地方债ETF海富通
2020-07-21,90.735,90.925,91.035,90.735,133.0,511270,sh,10年地方债ETF海富通
2020-07-22,90.735,91.035,91.035,90.735,41.0,511270,sh,10年地方债ETF海富通
2020-07-23,91.035,91.404,91.439,91.035,250.0,511270,sh,10年地方债ETF海富通
2020-07-24,91.035,91.164,91.335,91.035,103.0,511270,sh,10年地方债ETF海富通
2020-07-27,91.035,90.885,91.035,90.835,36.0,511270,sh,10年地方债ETF海富通
2020-07-28,90.985,90.955,91.067,90.835,50.0,511270,sh,10年地方债ETF海富通
2020-07-29,90.84,90.84,90.84,90.84,1.0,511270,sh,10年地方债ETF海富通
2020-07-30,90.835,90.935,90.935,90.835,18.0,511270,sh,10年地方债ETF海富通
2020-07-31,91.035,90.823,91.035,90.823,6.0,511270,sh,10年地方债ETF海富通
2020-08-03,90.735,90.535,90.735,90.535,231.0,511270,sh,10年地方债ETF海富通
2020-08-04,90.734,90.508,90.734,90.508,124.0,511270,sh,10年地方债ETF海富通
2020-08-05,90.749,90.69,90.749,90.29,652.0,511270,sh,10年地方债ETF海富通
2020-08-06,90.535,90.517,90.734,90.236,374.0,511270,sh,10年地方债ETF海富通
2020-08-07,90.535,90.313,90.565,90.215,184.0,511270,sh,10年地方债ETF海富通
2020-08-10,90.535,90.396,90.535,90.379,506.0,511270,sh,10年地方债ETF海富通
2020-08-11,90.535,90.27,90.535,90.27,1977.0,511270,sh,10年地方债ETF海富通
2020-08-12,90.135,90.241,90.241,90.135,3.0,511270,sh,10年地方债ETF海富通
2020-08-13,90.252,90.252,90.252,90.252,20.0,511270,sh,10年地方债ETF海富通
2020-08-17,90.136,90.138,90.38,90.135,83.0,511270,sh,10年地方债ETF海富通
2020-08-18,90.134,90.636,90.995,90.134,428.0,511270,sh,10年地方债ETF海富通
2020-08-19,90.735,90.735,90.735,90.735,2.0,511270,sh,10年地方债ETF海富通
2020-08-20,91.635,90.335,91.635,90.136,324.0,511270,sh,10年地方债ETF海富通
2020-08-21,90.195,90.352,90.434,90.195,105.0,511270,sh,10年地方债ETF海富通
2020-08-24,90.252,90.234,90.465,90.036,260.0,511270,sh,10年地方债ETF海富通
2020-08-25,90.085,89.825,90.235,89.648,477.0,511270,sh,10年地方债ETF海富通
2020-08-26,89.685,89.63,89.75,89.45,235.0,511270,sh,10年地方债ETF海富通
2020-08-27,89.645,89.56,89.645,89.56,2.0,511270,sh,10年地方债ETF海富通
2020-08-28,89.447,89.315,89.447,89.315,100.0,511270,sh,10年地方债ETF海富通
2020-08-31,89.167,89.355,89.464,89.167,174.0,511270,sh,10年地方债ETF海富通
2020-09-01,89.435,89.205,89.454,89.205,195.0,511270,sh,10年地方债ETF海富通
2020-09-02,89.262,89.021,89.262,88.84,450.0,511270,sh,10年地方债ETF海富通
2020-09-03,89.025,88.989,89.174,88.877,156.0,511270,sh,10年地方债ETF海富通
2020-09-04,88.85,88.935,89.034,88.846,107.0,511270,sh,10年地方债ETF海富通
2020-09-07,88.835,88.835,89.124,88.835,113.0,511270,sh,10年地方债ETF海富通
2020-09-08,88.836,88.97,89.135,88.836,158.0,511270,sh,10年地方债ETF海富通
2020-09-09,89.055,88.859,89.055,88.84,7.0,511270,sh,10年地方债ETF海富通
2020-09-10,88.935,88.985,88.985,88.696,65.0,511270,sh,10年地方债ETF海富通
2020-09-11,89.036,88.905,89.036,88.902,73.0,511270,sh,10年地方债ETF海富通
2020-09-14,88.673,88.625,88.673,88.535,35.0,511270,sh,10年地方债ETF海富通
2020-09-15,88.525,88.561,88.734,88.445,139.0,511270,sh,10年地方债ETF海富通
2020-09-16,88.56,88.601,88.601,88.445,11.0,511270,sh,10年地方债ETF海富通
2020-09-17,88.506,88.435,88.709,88.435,89.0,511270,sh,10年地方债ETF海富通
2020-09-18,88.435,88.485,88.834,88.435,257.0,511270,sh,10年地方债ETF海富通
2020-09-21,88.531,88.735,88.751,88.531,114.0,511270,sh,10年地方债ETF海富通
2020-09-22,88.825,88.735,88.825,88.735,2.0,511270,sh,10年地方债ETF海富通
2020-09-23,88.655,88.833,88.833,88.655,47.0,511270,sh,10年地方债ETF海富通
2020-09-24,88.935,88.888,88.935,88.701,10.0,511270,sh,10年地方债ETF海富通
2020-09-25,88.983,88.983,88.983,88.983,1.0,511270,sh,10年地方债ETF海富通
2020-09-28,88.985,88.853,89.028,88.853,4.0,511270,sh,10年地方债ETF海富通
2020-09-29,88.853,88.935,88.935,88.843,17.0,511270,sh,10年地方债ETF海富通
2020-09-30,89.034,88.925,89.034,88.92,80.0,511270,sh,10年地方债ETF海富通
2020-10-09,88.92,88.517,88.92,88.513,377.0,511270,sh,10年地方债ETF海富通
2020-10-12,88.573,88.582,88.598,88.455,44.0,511270,sh,10年地方债ETF海富通
2020-10-13,88.435,88.375,88.435,88.375,3.0,511270,sh,10年地方债ETF海富通
2020-10-14,88.423,88.409,88.425,88.399,85.0,511270,sh,10年地方债ETF海富通
2020-10-15,88.593,88.593,88.593,88.593,4.0,511270,sh,10年地方债ETF海富通
2020-10-16,88.593,88.593,88.593,88.593,1.0,511270,sh,10年地方债ETF海富通
2020-10-19,88.487,88.404,88.586,88.396,23.0,511270,sh,10年地方债ETF海富通
2020-10-20,88.551,88.539,88.551,88.486,3.0,511270,sh,10年地方债ETF海富通
2020-10-21,88.577,88.646,88.735,88.577,30.0,511270,sh,10年地方债ETF海富通
2020-10-22,88.609,88.753,88.755,88.609,53.0,511270,sh,10年地方债ETF海富通
2020-10-23,88.696,88.682,88.834,88.635,39.0,511270,sh,10年地方债ETF海富通
2020-10-26,88.597,87.749,88.854,87.46,526.0,511270,sh,10年地方债ETF海富通
2020-10-27,87.945,88.832,88.835,87.939,239.0,511270,sh,10年地方债ETF海富通
2020-10-28,89.08,88.884,89.166,88.785,190.0,511270,sh,10年地方债ETF海富通
2020-10-29,88.968,88.973,89.085,88.685,241.0,511270,sh,10年地方债ETF海富通
2020-10-30,89.006,89.014,89.02,88.935,62.0,511270,sh,10年地方债ETF海富通
2020-11-02,89.18,89.145,89.218,88.941,84.0,511270,sh,10年地方债ETF海富通
2020-11-03,88.947,89.162,89.235,88.925,317.0,511270,sh,10年地方债ETF海富通
2020-11-04,89.154,89.153,89.172,88.945,67.0,511270,sh,10年地方债ETF海富通
2020-11-05,89.224,89.135,89.224,89.135,20.0,511270,sh,10年地方债ETF海富通
2020-11-06,89.185,89.268,89.268,89.185,32.0,511270,sh,10年地方债ETF海富通
2020-11-09,89.235,89.344,89.345,89.235,15.0,511270,sh,10年地方债ETF海富通
2020-11-10,89.246,89.335,89.434,89.246,23.0,511270,sh,10年地方债ETF海富通
2020-11-11,89.535,89.468,89.535,89.468,4.0,511270,sh,10年地方债ETF海富通
2020-11-12,89.721,89.579,89.721,89.5,38.0,511270,sh,10年地方债ETF海富通
2020-11-13,89.609,89.526,89.609,89.355,34.0,511270,sh,10年地方债ETF海富通
2020-11-16,89.325,88.927,89.511,88.066,558.0,511270,sh,10年地方债ETF海富通
2020-11-17,89.027,89.025,89.284,88.865,133.0,511270,sh,10年地方债ETF海富通
2020-11-18,89.105,88.993,89.105,88.99,4.0,511270,sh,10年地方债ETF海富通
2020-11-19,88.893,88.977,89.085,88.735,201.0,511270,sh,10年地方债ETF海富通
2020-11-20,88.877,88.735,88.968,88.735,33.0,511270,sh,10年地方债ETF海富通
2020-11-23,88.835,88.834,88.835,88.655,16.0,511270,sh,10年地方债ETF海富通
2020-11-24,89.635,89.541,89.763,89.535,103.0,511270,sh,10年地方债ETF海富通
2020-11-25,88.785,88.985,89.295,88.498,232.0,511270,sh,10年地方债ETF海富通
2020-11-26,88.667,89.075,89.075,88.667,124.0,511270,sh,10年地方债ETF海富通
2020-11-27,89.065,89.05,89.36,88.736,308.0,511270,sh,10年地方债ETF海富通
2020-11-30,88.39,89.045,89.11,88.39,257.0,511270,sh,10年地方债ETF海富通
2020-12-01,88.945,89.028,89.15,88.542,220.0,511270,sh,10年地方债ETF海富通
2020-12-02,88.928,89.476,89.575,88.614,562.0,511270,sh,10年地方债ETF海富通
2020-12-03,89.178,89.15,89.335,89.045,101.0,511270,sh,10年地方债ETF海富通
2020-12-04,89.275,89.296,89.455,89.057,196.0,511270,sh,10年地方债ETF海富通
2020-12-07,89.284,89.435,89.475,89.235,78.0,511270,sh,10年地方债ETF海富通
2020-12-08,89.533,89.801,89.801,89.345,266.0,511270,sh,10年地方债ETF海富通
2020-12-09,89.673,89.354,89.975,89.256,260.0,511270,sh,10年地方债ETF海富通
2020-12-10,89.365,89.085,89.392,88.995,255.0,511270,sh,10年地方债ETF海富通
2020-12-11,89.135,89.143,89.235,89.036,56.0,511270,sh,10年地方债ETF海富通
2020-12-14,89.085,89.053,89.095,88.869,57.0,511270,sh,10年地方债ETF海富通
2020-12-15,89.01,89.408,89.422,89.01,33.0,511270,sh,10年地方债ETF海富通
2020-12-16,89.355,89.755,89.77,89.09,395.0,511270,sh,10年地方债ETF海富通
2020-12-17,89.924,90.035,90.035,89.643,288.0,511270,sh,10年地方债ETF海富通
2020-12-18,89.985,89.985,90.313,89.385,1544.0,511270,sh,10年地方债ETF海富通
2020-12-21,89.935,90.089,90.129,89.502,602.0,511270,sh,10年地方债ETF海富通
2020-12-22,90.035,90.385,90.385,89.727,205.0,511270,sh,10年地方债ETF海富通
2020-12-23,90.285,90.085,90.755,89.9,818.0,511270,sh,10年地方债ETF海富通
2020-12-24,89.99,90.695,90.695,89.96,324.0,511270,sh,10年地方债ETF海富通
2020-12-25,90.595,91.065,91.092,90.335,1145.0,511270,sh,10年地方债ETF海富通
2020-12-28,91.214,91.085,91.275,90.966,113.0,511270,sh,10年地方债ETF海富通
2020-12-29,91.025,91.135,91.285,90.845,358.0,511270,sh,10年地方债ETF海富通
2020-12-30,91.035,91.127,91.25,90.94,355.0,511270,sh,10年地方债ETF海富通
2020-12-31,91.085,91.045,91.305,90.935,242.0,511270,sh,10年地方债ETF海富通
2021-01-04,90.945,91.015,91.195,90.845,226.0,511270,sh,10年地方债ETF海富通
2021-01-05,90.918,90.953,91.035,90.915,30.0,511270,sh,10年地方债ETF海富通
2021-01-06,90.885,91.033,91.035,90.853,2107.0,511270,sh,10年地方债ETF海富通
2021-01-07,91.05,91.05,91.05,90.947,5.0,511270,sh,10年地方债ETF海富通
2021-01-08,91.055,90.4,91.255,90.009,605.0,511270,sh,10年地方债ETF海富通
2021-01-11,90.354,89.916,90.371,89.609,279.0,511270,sh,10年地方债ETF海富通
2021-01-12,89.985,89.834,90.01,89.64,144.0,511270,sh,10年地方债ETF海富通
2021-01-13,89.79,90.435,90.52,89.69,2530.0,511270,sh,10年地方债ETF海富通
2021-01-14,90.336,90.424,90.615,90.095,150.0,511270,sh,10年地方债ETF海富通
2021-01-15,90.361,90.396,90.464,90.361,16.0,511270,sh,10年地方债ETF海富通
2021-01-18,90.484,90.448,90.701,90.375,130.0,511270,sh,10年地方债ETF海富通
2021-01-19,90.346,90.465,90.495,90.24,67.0,511270,sh,10年地方债ETF海富通
2021-01-20,90.405,90.585,90.585,90.393,52.0,511270,sh,10年地方债ETF海富通
2021-01-21,91.435,90.807,91.435,90.495,544.0,511270,sh,10年地方债ETF海富通
2021-01-22,90.885,90.615,90.885,90.615,206.0,511270,sh,10年地方债ETF海富通
2021-01-25,90.624,90.616,90.624,90.535,39.0,511270,sh,10年地方债ETF海富通
2021-01-26,90.535,90.21,90.539,90.095,279.0,511270,sh,10年地方债ETF海富通
2021-01-27,90.268,89.971,90.268,89.965,24.0,511270,sh,10年地方债ETF海富通
2021-01-28,89.985,89.993,90.04,89.985,6.0,511270,sh,10年地方债ETF海富通
2021-01-29,90.035,89.828,90.035,89.828,7.0,511270,sh,10年地方债ETF海富通
2021-02-01,89.635,89.453,89.735,89.315,13.0,511270,sh,10年地方债ETF海富通
2021-02-02,89.122,89.635,89.716,89.077,405.0,511270,sh,10年地方债ETF海富通
2021-02-03,89.438,89.684,89.754,89.438,79.0,511270,sh,10年地方债ETF海富通
2021-02-04,89.923,90.037,90.19,89.846,114.0,511270,sh,10年地方债ETF海富通
2021-02-05,90.111,89.886,90.175,89.805,195.0,511270,sh,10年地方债ETF海富通
2021-02-08,89.875,90.01,90.113,89.843,141.0,511270,sh,10年地方债ETF海富通
2021-02-09,89.949,89.895,89.971,89.836,8.0,511270,sh,10年地方债ETF海富通
2021-02-10,89.947,89.835,89.947,89.835,6.0,511270,sh,10年地方债ETF海富通
2021-02-18,89.635,89.492,89.734,89.336,163.0,511270,sh,10年地方债ETF海富通
2021-02-19,89.592,89.104,89.735,88.935,483.0,511270,sh,10年地方债ETF海富通
2021-02-22,89.11,89.222,89.224,89.108,35.0,511270,sh,10年地方债ETF海富通
2021-02-23,89.267,89.535,89.615,89.267,243.0,511270,sh,10年地方债ETF海富通
2021-02-24,89.438,89.623,89.734,89.438,126.0,511270,sh,10年地方债ETF海富通
2021-02-25,89.722,89.742,89.955,89.336,148.0,511270,sh,10年地方债ETF海富通
2021-02-26,89.335,89.504,89.835,88.995,416.0,511270,sh,10年地方债ETF海富通
2021-03-01,89.545,89.675,89.88,89.545,312.0,511270,sh,10年地方债ETF海富通
2021-03-02,89.645,89.782,89.913,89.635,38.0,511270,sh,10年地方债ETF海富通
2021-03-03,89.881,89.735,90.023,89.735,112.0,511270,sh,10年地方债ETF海富通
2021-03-04,89.335,89.665,89.815,89.27,211.0,511270,sh,10年地方债ETF海富通
2021-03-05,89.338,89.585,89.714,89.215,1552.0,511270,sh,10年地方债ETF海富通
2021-03-08,89.685,89.505,89.685,89.505,122.0,511270,sh,10年地方债ETF海富通
2021-03-09,89.335,89.675,89.675,89.19,228.0,511270,sh,10年地方债ETF海富通
2021-03-10,89.575,89.485,89.696,89.21,192.0,511270,sh,10年地方债ETF海富通
2021-03-11,89.58,89.536,89.58,89.535,7.0,511270,sh,10年地方债ETF海富通
2021-03-12,89.445,89.668,89.714,89.35,77.0,511270,sh,10年地方债ETF海富通
2021-03-15,89.585,89.547,89.737,89.543,40.0,511270,sh,10年地方债ETF海富通
2021-03-16,89.568,89.723,89.723,89.568,22.0,511270,sh,10年地方债ETF海富通
2021-03-17,89.625,89.636,89.713,89.625,37.0,511270,sh,10年地方债ETF海富通
2021-03-18,89.635,89.592,89.635,89.592,80.0,511270,sh,10年地方债ETF海富通
2021-03-19,89.586,89.635,89.635,89.586,30.0,511270,sh,10年地方债ETF海富通
2021-03-22,89.701,89.695,89.701,89.675,5.0,511270,sh,10年地方债ETF海富通
2021-03-23,89.723,89.773,89.773,89.684,46.0,511270,sh,10年地方债ETF海富通
2021-03-24,89.87,89.668,89.87,89.356,118.0,511270,sh,10年地方债ETF海富通
2021-03-25,89.768,89.76,90.032,89.76,100.0,511270,sh,10年地方债ETF海富通
2021-03-26,89.737,89.825,89.825,89.737,2.0,511270,sh,10年地方债ETF海富通
2021-03-29,89.737,89.74,89.815,89.735,25.0,511270,sh,10年地方债ETF海富通
2021-03-30,89.743,89.746,89.799,89.743,37.0,511270,sh,10年地方债ETF海富通
2021-03-31,89.795,89.87,89.87,89.776,15.0,511270,sh,10年地方债ETF海富通
2021-04-01,89.934,89.875,89.935,89.835,11.0,511270,sh,10年地方债ETF海富通
2021-04-02,89.925,90.099,90.107,89.925,47.0,511270,sh,10年地方债ETF海富通
2021-04-06,89.756,90.015,90.156,89.756,218.0,511270,sh,10年地方债ETF海富通
2021-04-07,90.107,89.955,90.135,89.74,174.0,511270,sh,10年地方债ETF海富通
2021-04-08,89.955,89.936,90.008,89.748,96.0,511270,sh,10年地方债ETF海富通
2021-04-09,89.935,90.025,90.025,89.935,40.0,511270,sh,10年地方债ETF海富通
2021-04-12,90.028,90.079,90.079,90.027,18.0,511270,sh,10年地方债ETF海富通
2021-04-13,90.135,90.135,90.135,90.035,27.0,511270,sh,10年地方债ETF海富通
2021-04-14,90.165,90.333,90.334,90.165,11.0,511270,sh,10年地方债ETF海富通
2021-04-15,90.337,90.431,90.435,90.335,9.0,511270,sh,10年地方债ETF海富通
2021-04-16,90.199,90.425,90.425,90.137,63.0,511270,sh,10年地方债ETF海富通
2021-04-19,90.335,90.335,90.385,90.331,62.0,511270,sh,10年地方债ETF海富通
2021-04-20,90.276,90.335,90.335,90.276,9.0,511270,sh,10年地方债ETF海富通
2021-04-21,90.433,90.413,90.44,90.335,45.0,511270,sh,10年地方债ETF海富通
2021-04-22,90.485,90.465,90.485,90.368,6.0,511270,sh,10年地方债ETF海富通
2021-04-23,90.116,90.465,90.479,90.065,158.0,511270,sh,10年地方债ETF海富通
2021-04-26,90.365,90.482,90.56,90.215,87.0,511270,sh,10年地方债ETF海富通
2021-04-27,90.515,90.578,90.578,90.388,61.0,511270,sh,10年地方债ETF海富通
2021-04-28,90.673,90.619,90.673,90.545,66.0,511270,sh,10年地方债ETF海富通
2021-04-29,90.605,90.881,91.287,90.605,308.0,511270,sh,10年地方债ETF海富通
2021-04-30,90.781,91.184,91.509,90.64,1621.0,511270,sh,10年地方债ETF海富通
2021-05-06,91.335,91.473,91.635,91.09,1232.0,511270,sh,10年地方债ETF海富通
2021-05-07,91.625,91.374,91.685,91.157,747.0,511270,sh,10年地方债ETF海富通
2021-05-10,91.501,91.425,91.613,91.205,319.0,511270,sh,10年地方债ETF海富通
2021-05-11,91.345,91.38,91.645,90.915,536.0,511270,sh,10年地方债ETF海富通
2021-05-12,91.523,91.295,91.523,91.098,530.0,511270,sh,10年地方债ETF海富通
2021-05-13,91.246,90.935,91.265,90.438,1364.0,511270,sh,10年地方债ETF海富通
2021-05-14,90.88,90.585,90.883,90.525,574.0,511270,sh,10年地方债ETF海富通
2021-05-17,90.591,90.61,90.801,90.45,293.0,511270,sh,10年地方债ETF海富通
2021-05-18,90.56,90.583,90.594,90.231,356.0,511270,sh,10年地方债ETF海富通
2021-05-19,90.835,90.492,90.955,90.352,689.0,511270,sh,10年地方债ETF海富通
2021-05-20,90.446,90.535,90.584,90.446,37.0,511270,sh,10年地方债ETF海富通
2021-05-21,90.645,90.615,90.645,90.586,20.0,511270,sh,10年地方债ETF海富通
2021-05-24,90.723,90.685,90.725,90.636,25.0,511270,sh,10年地方债ETF海富通
2021-05-25,90.635,90.735,90.785,90.635,64.0,511270,sh,10年地方债ETF海富通
2021-05-26,90.78,90.922,91.225,90.78,896.0,511270,sh,10年地方债ETF海富通
2021-05-27,91.005,90.935,91.085,90.885,282.0,511270,sh,10年地方债ETF海富通
2021-05-28,90.935,90.935,90.985,90.836,75.0,511270,sh,10年地方债ETF海富通
2021-05-31,90.93,90.936,90.985,90.93,77.0,511270,sh,10年地方债ETF海富通
2021-06-01,90.886,91.081,91.084,90.886,15.0,511270,sh,10年地方债ETF海富通
2021-06-02,90.996,90.994,91.0,90.985,20.0,511270,sh,10年地方债ETF海富通
2021-06-03,91.085,90.999,91.095,90.987,48.0,511270,sh,10年地方债ETF海富通
2021-06-04,90.985,90.886,90.986,90.886,47.0,511270,sh,10年地方债ETF海富通
2021-06-07,90.884,90.813,90.984,90.575,236.0,511270,sh,10年地方债ETF海富通
2021-06-08,90.763,91.088,91.283,90.713,2147.0,511270,sh,10年地方债ETF海富通
2021-06-09,90.935,90.887,91.18,90.84,749.0,511270,sh,10年地方债ETF海富通
2021-06-10,90.862,90.894,91.484,90.748,2395.0,511270,sh,10年地方债ETF海富通
2021-06-11,91.045,91.185,91.434,90.886,9096.0,511270,sh,10年地方债ETF海富通
2021-06-15,90.936,91.238,91.42,90.936,2340.0,511270,sh,10年地方债ETF海富通
2021-06-16,91.285,91.536,91.784,91.195,2880.0,511270,sh,10年地方债ETF海富通
2021-06-17,91.337,91.716,91.934,91.337,2689.0,511270,sh,10年地方债ETF海富通
2021-06-18,91.816,92.053,92.33,91.67,2604.0,511270,sh,10年地方债ETF海富通
2021-06-21,91.285,91.931,92.073,91.285,1792.0,511270,sh,10年地方债ETF海富通
2021-06-22,91.975,91.991,92.155,91.577,771.0,511270,sh,10年地方债ETF海富通
2021-06-23,91.885,92.235,92.383,91.695,1501.0,511270,sh,10年地方债ETF海富通
2021-06-24,92.185,91.745,92.375,91.705,1677.0,511270,sh,10年地方债ETF海富通
2021-06-25,91.845,91.815,91.884,91.462,802.0,511270,sh,10年地方债ETF海富通
2021-06-28,91.864,91.936,92.065,91.864,154.0,511270,sh,10年地方债ETF海富通
2021-06-29,91.695,91.865,91.984,91.695,665.0,511270,sh,10年地方债ETF海富通
2021-06-30,91.785,92.101,92.334,91.585,1324.0,511270,sh,10年地方债ETF海富通
2021-07-01,91.884,91.885,91.959,91.865,195.0,511270,sh,10年地方债ETF海富通
2021-07-02,91.935,91.985,92.035,91.79,270.0,511270,sh,10年地方债ETF海富通
2021-07-05,92.03,92.187,92.334,91.934,1358.0,511270,sh,10年地方债ETF海富通
2021-07-06,92.14,92.28,92.335,91.94,222.0,511270,sh,10年地方债ETF海富通
2021-07-07,92.143,92.329,92.33,92.143,8.0,511270,sh,10年地方债ETF海富通
2021-07-08,92.335,92.541,92.859,92.288,446.0,511270,sh,10年地方债ETF海富通
2021-07-09,92.591,92.736,93.892,92.591,222.0,511270,sh,10年地方债ETF海富通
2021-07-12,92.786,93.086,93.505,92.786,433.0,511270,sh,10年地方债ETF海富通
2021-07-13,92.865,92.885,92.886,92.786,137.0,511270,sh,10年地方债ETF海富通
2021-07-14,93.003,93.135,93.325,92.854,1974.0,511270,sh,10年地方债ETF海富通
2021-07-15,93.185,93.14,93.585,93.0,751.0,511270,sh,10年地方债ETF海富通
2021-07-16,93.19,93.126,94.485,93.09,293.0,511270,sh,10年地方债ETF海富通
2021-07-19,93.176,93.162,93.176,93.085,104.0,511270,sh,10年地方债ETF海富通
2021-07-20,93.21,93.24,93.335,93.162,204.0,511270,sh,10年地方债ETF海富通
2021-07-21,93.29,93.56,93.684,93.236,1404.0,511270,sh,10年地方债ETF海富通
2021-07-22,93.605,93.605,93.861,93.511,257.0,511270,sh,10年地方债ETF海富通
2021-07-23,93.654,93.94,94.045,93.654,1013.0,511270,sh,10年地方债ETF海富通
2021-07-26,93.99,93.987,94.234,93.672,529.0,511270,sh,10年地方债ETF海富通
2021-07-27,94.036,94.17,94.485,93.935,1753.0,511270,sh,10年地方债ETF海富通
2021-07-28,94.22,94.142,94.22,94.124,53.0,511270,sh,10年地方债ETF海富通
2021-07-29,94.185,94.11,94.505,94.109,268.0,511270,sh,10年地方债ETF海富通
2021-07-30,94.16,94.252,94.485,94.16,241.0,511270,sh,10年地方债ETF海富通
2021-08-02,94.252,94.291,94.325,94.202,228.0,511270,sh,10年地方债ETF海富通
2021-08-03,94.335,94.326,94.596,94.241,474.0,511270,sh,10年地方债ETF海富通
2021-08-04,94.376,94.375,94.505,94.28,321.0,511270,sh,10年地方债ETF海富通
2021-08-05,94.325,94.37,94.381,94.136,1437.0,511270,sh,10年地方债ETF海富通
2021-08-06,94.32,94.357,94.419,93.829,638.0,511270,sh,10年地方债ETF海富通
2021-08-09,94.407,94.401,94.698,94.311,345.0,511270,sh,10年地方债ETF海富通
2021-08-10,94.351,94.351,94.43,93.829,427.0,511270,sh,10年地方债ETF海富通
2021-08-11,94.351,94.301,94.685,94.301,239.0,511270,sh,10年地方债ETF海富通
2021-08-12,94.305,94.3,94.305,94.253,71.0,511270,sh,10年地方债ETF海富通
2021-08-13,94.345,94.335,94.635,94.285,265.0,511270,sh,10年地方债ETF海富通
2021-08-16,94.286,94.546,94.661,94.286,318.0,511270,sh,10年地方债ETF海富通
2021-08-17,94.515,94.571,94.585,94.499,237.0,511270,sh,10年地方债ETF海富通
2021-08-18,94.621,94.529,94.936,94.521,444.0,511270,sh,10年地方债ETF海富通
2021-08-19,94.535,94.483,94.535,94.48,39.0,511270,sh,10年地方债ETF海富通
2021-08-20,94.485,94.448,94.485,94.438,18.0,511270,sh,10年地方债ETF海富通
2021-08-23,94.498,94.419,94.505,94.405,158.0,511270,sh,10年地方债ETF海富通
2021-08-24,94.374,94.395,94.463,94.374,17.0,511270,sh,10年地方债ETF海富通
2021-08-25,94.44,94.4,94.583,94.345,1402.0,511270,sh,10年地方债ETF海富通
2021-08-26,94.445,94.443,94.449,94.351,240.0,511270,sh,10年地方债ETF海富通
2021-08-27,94.585,94.395,94.585,94.177,528.0,511270,sh,10年地方债ETF海富通
2021-08-30,94.378,94.385,94.434,94.346,272.0,511270,sh,10年地方债ETF海富通
2021-08-31,94.435,94.385,94.435,94.385,27.0,511270,sh,10年地方债ETF海富通
2021-09-01,94.434,94.821,94.834,94.361,4769.0,511270,sh,10年地方债ETF海富通
2021-09-02,94.776,94.785,95.034,94.735,2942.0,511270,sh,10年地方债ETF海富通
2021-09-03,94.785,94.905,95.085,94.742,1523.0,511270,sh,10年地方债ETF海富通
2021-09-06,94.86,94.76,94.944,94.685,1015.0,511270,sh,10年地方债ETF海富通
2021-09-07,94.711,94.758,94.835,94.711,233.0,511270,sh,10年地方债ETF海富通
2021-09-08,94.714,94.667,94.754,94.501,981.0,511270,sh,10年地方债ETF海富通
2021-09-09,94.667,94.576,94.711,94.468,1123.0,511270,sh,10年地方债ETF海富通
2021-09-10,94.568,94.639,94.845,94.527,1955.0,511270,sh,10年地方债ETF海富通
2021-09-13,94.688,94.616,94.688,94.593,426.0,511270,sh,10年地方债ETF海富通
2021-09-14,94.654,94.703,94.795,94.586,803.0,511270,sh,10年地方债ETF海富通
2021-09-15,94.748,94.66,94.748,94.653,105.0,511270,sh,10年地方债ETF海富通
2021-09-16,94.705,94.585,95.663,94.585,772.0,511270,sh,10年地方债ETF海富通
2021-09-17,94.61,94.645,94.645,94.61,19.0,511270,sh,10年地方债ETF海富通
2021-09-22,94.663,94.785,94.935,94.663,636.0,511270,sh,10年地方债ETF海富通
2021-09-23,94.83,94.79,95.204,94.745,892.0,511270,sh,10年地方债ETF海富通
2021-09-24,94.835,94.855,95.075,94.736,2633.0,511270,sh,10年地方债ETF海富通
2021-09-27,94.9,94.779,95.155,94.736,861.0,511270,sh,10年地方债ETF海富通
2021-09-28,94.729,94.63,94.782,94.63,41.0,511270,sh,10年地方债ETF海富通
2021-09-29,94.575,94.436,94.579,94.425,453.0,511270,sh,10年地方债ETF海富通
2021-09-30,94.505,94.49,94.599,94.41,950.0,511270,sh,10年地方债ETF海富通
2021-10-08,94.485,94.44,94.485,94.41,106.0,511270,sh,10年地方债ETF海富通
2021-10-11,94.412,94.335,94.429,94.31,352.0,511270,sh,10年地方债ETF海富通
2021-10-12,94.36,94.373,94.373,94.36,63.0,511270,sh,10年地方债ETF海富通
2021-10-14,94.323,94.31,94.323,94.3,106.0,511270,sh,10年地方债ETF海富通
2021-10-15,94.265,94.24,94.265,94.24,75.0,511270,sh,10年地方债ETF海富通
2021-10-18,94.085,93.98,94.085,93.7,407.0,511270,sh,10年地方债ETF海富通
2021-10-19,93.935,93.9,93.935,93.863,1128.0,511270,sh,10年地方债ETF海富通
2021-10-20,93.892,93.913,93.913,93.89,13.0,511270,sh,10年地方债ETF海富通
2021-10-21,93.923,93.945,93.945,93.92,1004.0,511270,sh,10年地方债ETF海富通
2021-10-22,93.95,93.975,93.975,93.95,93.0,511270,sh,10年地方债ETF海富通
2021-10-25,93.95,94.015,94.085,93.95,97.0,511270,sh,10年地方债ETF海富通
2021-10-26,94.065,94.071,94.135,94.065,113.0,511270,sh,10年地方债ETF海富通
2021-10-27,94.065,94.071,94.124,94.065,98.0,511270,sh,10年地方债ETF海富通
2021-10-28,94.052,94.098,94.11,94.052,5.0,511270,sh,10年地方债ETF海富通
2021-10-29,94.142,94.135,94.142,94.086,11.0,511270,sh,10年地方债ETF海富通
2021-11-01,94.185,94.286,94.307,94.185,649.0,511270,sh,10年地方债ETF海富通
2021-11-02,94.288,94.288,94.288,94.287,28.0,511270,sh,10年地方债ETF海富通
2021-11-03,94.333,94.335,94.335,94.325,573.0,511270,sh,10年地方债ETF海富通
2021-11-04,94.379,94.385,94.387,94.318,165.0,511270,sh,10年地方债ETF海富通
2021-11-05,94.429,94.575,94.584,94.429,176.0,511270,sh,10年地方债ETF海富通
2021-11-08,94.62,94.775,94.814,94.586,520.0,511270,sh,10年地方债ETF海富通
2021-11-09,94.725,94.601,94.725,94.488,185.0,511270,sh,10年地方债ETF海富通
2021-11-10,94.651,94.652,94.684,94.651,99.0,511270,sh,10年地方债ETF海富通
2021-11-11,94.618,94.605,94.623,94.502,207.0,511270,sh,10年地方债ETF海富通
2021-11-12,94.641,94.734,94.784,94.641,543.0,511270,sh,10年地方债ETF海富通
2021-11-15,94.585,94.555,94.585,94.53,155.0,511270,sh,10年地方债ETF海富通
2021-11-16,94.651,94.762,94.805,94.651,703.0,511270,sh,10年地方债ETF海富通
2021-11-17,94.769,94.935,94.935,94.766,231.0,511270,sh,10年地方债ETF海富通
2021-11-18,94.713,94.715,94.905,94.445,637.0,511270,sh,10年地方债ETF海富通
2021-11-19,94.76,94.888,94.9,94.676,1605.0,511270,sh,10年地方债ETF海富通
2021-11-22,94.902,94.935,94.935,94.902,1001.0,511270,sh,10年地方债ETF海富通
2021-11-23,94.885,94.835,94.938,94.786,499.0,511270,sh,10年地方债ETF海富通
2021-11-24,94.786,94.885,94.915,94.786,203.0,511270,sh,10年地方债ETF海富通
2021-11-25,94.93,94.951,94.951,94.93,93.0,511270,sh,10年地方债ETF海富通
2021-11-26,94.996,95.067,95.085,94.935,461.0,511270,sh,10年地方债ETF海富通
2021-11-29,95.117,95.117,95.16,95.117,127.0,511270,sh,10年地方债ETF海富通
2021-11-30,95.067,95.022,95.067,94.985,138.0,511270,sh,10年地方债ETF海富通
2021-12-01,95.065,95.065,95.066,94.985,28.0,511270,sh,10年地方债ETF海富通
2021-12-02,95.11,95.175,95.235,95.11,306.0,511270,sh,10年地方债ETF海富通
2021-12-03,95.224,95.146,95.585,95.13,1293.0,511270,sh,10年地方债ETF海富通
2021-12-06,95.127,95.685,95.798,95.127,1142.0,511270,sh,10年地方债ETF海富通
2021-12-07,95.635,95.598,95.635,95.54,392.0,511270,sh,10年地方债ETF海富通
2021-12-08,95.556,95.545,95.647,95.205,914.0,511270,sh,10年地方债ETF海富通
2021-12-09,95.545,95.494,95.545,95.494,102.0,511270,sh,10年地方债ETF海富通
2021-12-10,95.449,95.434,95.449,95.386,334.0,511270,sh,10年地方债ETF海富通
2021-12-13,95.389,95.384,95.389,95.38,80.0,511270,sh,10年地方债ETF海富通
2021-12-14,95.41,95.455,95.455,95.396,81.0,511270,sh,10年地方债ETF海富通
2021-12-15,95.455,95.453,95.455,95.445,149.0,511270,sh,10年地方债ETF海富通
2021-12-16,95.498,95.423,95.505,95.403,1052.0,511270,sh,10年地方债ETF海富通
2021-12-17,95.473,95.485,95.57,95.38,540.0,511270,sh,10年地方债ETF海富通
2021-12-20,95.485,95.265,95.485,95.232,544.0,511270,sh,10年地方债ETF海富通
2021-12-21,95.235,95.134,95.305,95.05,2076.0,511270,sh,10年地方债ETF海富通
2021-12-22,95.179,95.0,95.479,94.886,2739.0,511270,sh,10年地方债ETF海富通
2021-12-23,95.045,94.985,95.284,94.975,1197.0,511270,sh,10年地方债ETF海富通
2021-12-24,94.985,94.955,95.251,94.955,1803.0,511270,sh,10年地方债ETF海富通
2021-12-27,94.995,94.928,95.095,94.816,1028.0,511270,sh,10年地方债ETF海富通
2021-12-28,94.9,94.756,94.978,94.695,3547.0,511270,sh,10年地方债ETF海富通
2021-12-29,94.716,94.542,94.805,94.5,2658.0,511270,sh,10年地方债ETF海富通
2021-12-30,94.501,94.309,94.501,94.282,2080.0,511270,sh,10年地方债ETF海富通
2021-12-31,94.265,94.348,94.883,94.259,2641.0,511270,sh,10年地方债ETF海富通
2022-01-04,94.398,94.535,94.544,94.302,1360.0,511270,sh,10年地方债ETF海富通
2022-01-05,94.485,94.551,94.713,94.476,1991.0,511270,sh,10年地方债ETF海富通
2022-01-06,94.601,94.761,94.784,94.54,1350.0,511270,sh,10年地方债ETF海富通
2022-01-07,94.761,94.821,94.865,94.735,367.0,511270,sh,10年地方债ETF海富通
2022-01-10,94.811,94.883,94.884,94.811,113.0,511270,sh,10年地方债ETF海富通
2022-01-11,94.846,94.988,95.065,94.845,190.0,511270,sh,10年地方债ETF海富通
2022-01-12,95.038,95.07,95.162,95.038,289.0,511270,sh,10年地方债ETF海富通
2022-01-13,95.035,95.21,95.222,95.035,189.0,511270,sh,10年地方债ETF海富通
2022-01-14,95.26,95.335,95.425,95.215,369.0,511270,sh,10年地方债ETF海富通
2022-01-17,95.26,95.553,95.651,95.26,250.0,511270,sh,10年地方债ETF海富通
2022-01-18,95.602,95.763,95.832,95.585,479.0,511270,sh,10年地方债ETF海富通
2022-01-19,95.615,96.085,96.185,95.615,510.0,511270,sh,10年地方债ETF海富通
2022-01-20,95.835,96.081,96.134,95.835,382.0,511270,sh,10年地方债ETF海富通
2022-01-21,96.131,96.449,96.68,96.085,2176.0,511270,sh,10年地方债ETF海富通
2022-01-24,96.53,97.047,97.563,96.53,3183.0,511270,sh,10年地方债ETF海富通
2022-01-25,97.065,97.065,97.584,97.065,3138.0,511270,sh,10年地方债ETF海富通
2022-01-26,97.145,97.038,97.313,97.015,827.0,511270,sh,10年地方债ETF海富通
2022-01-27,97.088,96.988,97.088,96.988,152.0,511270,sh,10年地方债ETF海富通
2022-01-28,97.027,96.938,97.383,96.938,3699.0,511270,sh,10年地方债ETF海富通
2022-02-07,96.889,96.941,96.986,96.889,249.0,511270,sh,10年地方债ETF海富通
2022-02-08,96.99,97.3,97.374,96.99,1537.0,511270,sh,10年地方债ETF海富通
2022-02-09,97.35,97.417,97.635,97.35,1563.0,511270,sh,10年地方债ETF海富通
2022-02-10,97.405,97.325,97.459,97.225,996.0,511270,sh,10年地方债ETF海富通
2022-02-11,97.325,96.875,97.325,96.785,1468.0,511270,sh,10年地方债ETF海富通
2022-02-14,96.92,96.7,97.065,96.637,1673.0,511270,sh,10年地方债ETF海富通
2022-02-15,96.722,96.735,96.885,96.722,617.0,511270,sh,10年地方债ETF海富通
2022-02-16,96.685,96.68,96.755,96.645,1027.0,511270,sh,10年地方债ETF海富通
2022-02-17,96.671,96.73,97.084,96.656,1549.0,511270,sh,10年地方债ETF海富通
2022-02-18,96.758,96.702,96.894,96.702,3053.0,511270,sh,10年地方债ETF海富通
2022-02-21,96.675,96.594,96.714,96.587,1673.0,511270,sh,10年地方债ETF海富通
2022-02-22,96.415,96.613,96.736,96.415,5021.0,511270,sh,10年地方债ETF海富通
2022-02-23,96.585,96.665,96.826,96.585,989.0,511270,sh,10年地方债ETF海富通
2022-02-24,96.693,96.781,96.825,96.633,2572.0,511270,sh,10年地方债ETF海富通
2022-02-25,96.835,96.731,96.894,96.731,818.0,511270,sh,10年地方债ETF海富通
2022-02-28,96.759,96.761,96.775,96.717,631.0,511270,sh,10年地方债ETF海富通
2022-03-01,96.755,96.353,96.788,96.196,3122.0,511270,sh,10年地方债ETF海富通
2022-03-02,96.33,96.362,96.38,96.309,844.0,511270,sh,10年地方债ETF海富通
2022-03-03,96.382,96.344,96.389,96.312,678.0,511270,sh,10年地方债ETF海富通
2022-03-04,96.36,96.456,96.576,96.324,777.0,511270,sh,10年地方债ETF海富通
2022-03-07,96.429,96.466,96.495,96.411,457.0,511270,sh,10年地方债ETF海富通
2022-03-08,96.427,96.53,96.67,96.427,1390.0,511270,sh,10年地方债ETF海富通
2022-03-09,96.492,96.521,96.685,96.451,3080.0,511270,sh,10年地方债ETF海富通
2022-03-10,96.488,96.5,96.655,96.471,1455.0,511270,sh,10年地方债ETF海富通
2022-03-11,96.484,96.515,96.523,96.475,141.0,511270,sh,10年地方债ETF海富通
2022-03-14,96.535,96.662,96.795,96.535,3857.0,511270,sh,10年地方债ETF海富通
2022-03-15,96.662,96.77,96.984,96.662,3791.0,511270,sh,10年地方债ETF海富通
2022-03-16,96.74,96.766,97.046,96.638,4112.0,511270,sh,10年地方债ETF海富通
2022-03-17,96.766,96.735,96.8,96.718,2453.0,511270,sh,10年地方债ETF海富通
2022-03-18,96.715,96.755,96.797,96.703,2413.0,511270,sh,10年地方债ETF海富通
2022-03-21,96.735,96.308,96.735,96.225,2807.0,511270,sh,10年地方债ETF海富通
2022-03-22,96.258,96.134,96.258,95.994,568.0,511270,sh,10年地方债ETF海富通
2022-03-23,96.134,96.181,96.475,96.108,1289.0,511270,sh,10年地方债ETF海富通
2022-03-24,96.181,96.21,96.347,96.146,331.0,511270,sh,10年地方债ETF海富通
2022-03-25,96.24,96.605,96.785,96.161,2539.0,511270,sh,10年地方债ETF海富通
2022-03-28,96.654,96.605,96.654,96.585,248.0,511270,sh,10年地方债ETF海富通
2022-03-29,96.655,96.603,96.68,96.536,314.0,511270,sh,10年地方债ETF海富通
2022-03-30,96.648,96.525,96.648,96.509,458.0,511270,sh,10年地方债ETF海富通
2022-03-31,96.547,96.385,96.547,96.338,158.0,511270,sh,10年地方债ETF海富通
2022-04-01,96.403,96.355,96.403,96.353,208.0,511270,sh,10年地方债ETF海富通
2022-04-06,96.405,96.818,96.835,96.405,2081.0,511270,sh,10年地方债ETF海富通
2022-04-07,96.85,96.992,97.082,96.791,3623.0,511270,sh,10年地方债ETF海富通
2022-04-08,97.027,97.135,97.214,96.962,727.0,511270,sh,10年地方债ETF海富通
2022-04-11,97.145,97.193,97.446,97.145,1232.0,511270,sh,10年地方债ETF海富通
2022-04-12,97.228,97.244,97.329,97.117,1112.0,511270,sh,10年地方债ETF海富通
2022-04-13,97.217,97.268,97.277,97.215,294.0,511270,sh,10年地方债ETF海富通
2022-04-14,97.303,97.291,97.428,97.255,2511.0,511270,sh,10年地方债ETF海富通
2022-04-15,97.308,97.257,97.44,97.256,2503.0,511270,sh,10年地方债ETF海富通
2022-04-18,97.232,97.205,97.258,97.171,302.0,511270,sh,10年地方债ETF海富通
2022-04-19,97.17,97.215,97.24,97.17,859.0,511270,sh,10年地方债ETF海富通
2022-04-20,97.185,97.213,97.249,97.18,443.0,511270,sh,10年地方债ETF海富通
2022-04-21,97.181,97.24,97.399,97.164,2195.0,511270,sh,10年地方债ETF海富通
2022-04-22,97.219,97.239,97.28,97.164,235.0,511270,sh,10年地方债ETF海富通
2022-04-25,97.256,97.362,97.41,97.214,625.0,511270,sh,10年地方债ETF海富通
2022-04-26,97.335,97.23,97.345,97.177,1597.0,511270,sh,10年地方债ETF海富通
2022-04-27,97.255,97.252,97.265,97.205,36.0,511270,sh,10年地方债ETF海富通
2022-04-28,97.212,97.243,97.275,97.185,585.0,511270,sh,10年地方债ETF海富通
2022-04-29,97.208,97.16,97.225,97.131,311.0,511270,sh,10年地方债ETF海富通
2022-05-05,97.136,97.159,97.174,97.071,666.0,511270,sh,10年地方债ETF海富通
2022-05-06,97.126,97.136,97.185,97.126,374.0,511270,sh,10年地方债ETF海富通
2022-05-09,97.17,97.261,97.516,97.103,779.0,511270,sh,10年地方债ETF海富通
2022-05-10,97.263,97.334,97.345,97.263,754.0,511270,sh,10年地方债ETF海富通
2022-05-11,97.367,97.445,97.515,97.301,1741.0,511270,sh,10年地方债ETF海富通
2022-05-12,97.485,97.712,97.712,97.445,1115.0,511270,sh,10年地方债ETF海富通
2022-05-13,97.668,97.515,97.755,97.381,5524.0,511270,sh,10年地方债ETF海富通
2022-05-16,97.517,97.305,97.517,97.25,2105.0,511270,sh,10年地方债ETF海富通
2022-05-17,97.285,97.205,97.314,96.795,2758.0,511270,sh,10年地方债ETF海富通
2022-05-18,97.166,97.008,97.253,96.956,2328.0,511270,sh,10年地方债ETF海富通
2022-05-19,96.965,96.866,97.183,96.845,3107.0,511270,sh,10年地方债ETF海富通
2022-05-20,96.866,96.907,96.915,96.816,5613.0,511270,sh,10年地方债ETF海富通
2022-05-23,96.911,97.234,97.28,96.886,655.0,511270,sh,10年地方债ETF海富通
2022-05-24,97.196,97.544,97.63,97.196,1203.0,511270,sh,10年地方债ETF海富通
2022-05-25,97.593,97.795,97.839,97.592,923.0,511270,sh,10年地方债ETF海富通
2022-05-26,97.845,98.17,98.35,97.845,1307.0,511270,sh,10年地方债ETF海富通
2022-05-27,98.22,98.275,98.546,98.176,3458.0,511270,sh,10年地方债ETF海富通
2022-05-30,98.865,98.443,98.865,98.035,1455.0,511270,sh,10年地方债ETF海富通
2022-05-31,98.394,98.335,98.49,98.324,1179.0,511270,sh,10年地方债ETF海富通
2022-06-01,98.33,98.315,98.385,98.269,414.0,511270,sh,10年地方债ETF海富通
2022-06-02,98.31,98.184,98.313,98.036,7806.0,511270,sh,10年地方债ETF海富通
2022-06-06,98.183,98.14,98.183,98.091,1035.0,511270,sh,10年地方债ETF海富通
2022-06-07,98.092,98.106,98.134,98.091,99.0,511270,sh,10年地方债ETF海富通
2022-06-08,98.066,98.094,98.095,98.062,238.0,511270,sh,10年地方债ETF海富通
2022-06-09,98.128,98.184,98.265,98.092,2722.0,511270,sh,10年地方债ETF海富通
2022-06-10,98.152,98.176,98.23,98.145,362.0,511270,sh,10年地方债ETF海富通
2022-06-13,98.144,98.184,98.185,98.144,285.0,511270,sh,10年地方债ETF海富通
2022-06-14,98.16,98.115,98.189,98.071,418.0,511270,sh,10年地方债ETF海富通
2022-06-15,98.105,98.115,98.115,98.066,588.0,511270,sh,10年地方债ETF海富通
2022-06-16,98.114,98.103,98.115,98.076,1333.0,511270,sh,10年地方债ETF海富通
2022-06-17,98.116,98.175,98.343,98.098,2569.0,511270,sh,10年地方债ETF海富通
2022-06-20,98.194,98.146,98.294,98.145,647.0,511270,sh,10年地方债ETF海富通
2022-06-21,98.195,98.025,98.195,97.952,1134.0,511270,sh,10年地方债ETF海富通
2022-06-22,98.075,98.051,98.102,98.046,549.0,511270,sh,10年地方债ETF海富通
2022-06-23,98.022,98.055,98.099,98.016,773.0,511270,sh,10年地方债ETF海富通
2022-06-24,98.045,98.043,98.091,98.005,485.0,511270,sh,10年地方债ETF海富通
2022-06-27,98.073,97.815,98.073,97.801,1940.0,511270,sh,10年地方债ETF海富通
2022-06-28,97.825,97.816,97.835,97.801,710.0,511270,sh,10年地方债ETF海富通
2022-06-29,97.835,97.806,97.847,97.806,101.0,511270,sh,10年地方债ETF海富通
2022-06-30,97.795,97.806,97.83,97.781,451.0,511270,sh,10年地方债ETF海富通
2022-07-01,97.836,97.788,97.92,97.756,1468.0,511270,sh,10年地方债ETF海富通
2022-07-04,97.834,97.817,97.97,97.739,1201.0,511270,sh,10年地方债ETF海富通
2022-07-05,97.814,97.792,97.856,97.791,91.0,511270,sh,10年地方债ETF海富通
2022-07-06,97.767,97.769,97.775,97.767,52.0,511270,sh,10年地方债ETF海富通
2022-07-07,97.784,97.772,97.843,97.756,2841.0,511270,sh,10年地方债ETF海富通
2022-07-08,97.755,97.772,97.819,97.748,1302.0,511270,sh,10年地方债ETF海富通
2022-07-11,97.771,97.775,97.821,97.74,1134.0,511270,sh,10年地方债ETF海富通
2022-07-12,97.779,97.785,97.825,97.755,1861.0,511270,sh,10年地方债ETF海富通
2022-07-13,97.78,97.793,97.824,97.776,162.0,511270,sh,10年地方债ETF海富通
2022-07-14,97.793,97.865,97.865,97.793,2472.0,511270,sh,10年地方债ETF海富通
2022-07-15,97.88,98.045,98.205,97.88,7294.0,511270,sh,10年地方债ETF海富通
2022-07-18,98.06,98.093,98.229,98.026,2151.0,511270,sh,10年地方债ETF海富通
2022-07-19,98.097,98.109,98.111,97.994,6555.0,511270,sh,10年地方债ETF海富通
2022-07-20,98.068,98.085,98.13,98.055,4989.0,511270,sh,10年地方债ETF海富通
2022-07-21,98.1,98.112,98.256,98.1,4484.0,511270,sh,10年地方债ETF海富通
2022-07-22,98.097,98.186,98.235,98.097,12986.0,511270,sh,10年地方债ETF海富通
2022-07-25,98.186,98.197,98.227,98.172,5894.0,511270,sh,10年地方债ETF海富通
2022-07-26,98.197,98.249,98.276,98.197,11009.0,511270,sh,10年地方债ETF海富通
2022-07-27,98.259,98.305,98.343,98.259,10550.0,511270,sh,10年地方债ETF海富通
2022-07-28,98.306,98.239,98.306,98.206,14283.0,511270,sh,10年地方债ETF海富通
2022-07-29,98.257,98.334,98.342,98.236,10339.0,511270,sh,10年地方债ETF海富通
2022-08-01,98.347,98.521,98.561,98.321,16318.0,511270,sh,10年地方债ETF海富通
2022-08-02,98.534,98.768,98.885,98.534,9216.0,511270,sh,10年地方债ETF海富通
2022-08-03,98.778,98.78,98.817,98.736,7769.0,511270,sh,10年地方债ETF海富通
2022-08-04,98.79,98.841,98.861,98.736,16398.0,511270,sh,10年地方债ETF海富通
2022-08-05,98.851,98.921,99.063,98.851,15425.0,511270,sh,10年地方债ETF海富通
2022-08-08,98.923,98.925,98.958,98.729,12594.0,511270,sh,10年地方债ETF海富通
2022-08-09,98.925,99.0,99.039,98.898,22434.0,511270,sh,10年地方债ETF海富通
2022-08-10,98.986,99.001,99.049,98.906,17323.0,511270,sh,10年地方债ETF海富通
2022-08-11,98.985,98.939,98.985,98.933,7974.0,511270,sh,10年地方债ETF海富通
2022-08-12,98.922,98.86,98.961,98.771,10142.0,511270,sh,10年地方债ETF海富通
2022-08-15,98.877,99.393,99.487,98.877,14098.0,511270,sh,10年地方债ETF海富通
2022-08-16,99.396,99.329,99.545,99.289,16343.0,511270,sh,10年地方债ETF海富通
2022-08-17,99.312,99.348,99.379,99.312,19638.0,511270,sh,10年地方债ETF海富通
2022-08-18,99.36,99.349,99.903,99.309,14254.0,511270,sh,10年地方债ETF海富通
2022-08-19,99.361,99.424,99.805,99.349,27081.0,511270,sh,10年地方债ETF海富通
2022-08-22,99.449,99.497,100.117,99.441,9370.0,511270,sh,10年地方债ETF海富通
2022-08-23,99.524,99.574,99.629,99.516,11127.0,511270,sh,10年地方债ETF海富通
2022-08-24,99.594,99.632,99.722,99.556,11198.0,511270,sh,10年地方债ETF海富通
2022-08-25,99.633,99.652,99.68,99.615,10619.0,511270,sh,10年地方债ETF海富通
2022-08-26,99.685,99.439,99.78,99.396,12163.0,511270,sh,10年地方债ETF海富通
2022-08-29,99.439,99.555,99.601,99.439,19102.0,511270,sh,10年地方债ETF海富通
2022-08-30,99.555,99.559,99.774,99.527,21929.0,511270,sh,10年地方债ETF海富通
2022-08-31,99.574,99.675,99.713,99.556,25000.0,511270,sh,10年地方债ETF海富通
2022-09-01,99.685,99.717,99.748,99.667,20337.0,511270,sh,10年地方债ETF海富通
2022-09-02,99.727,99.929,99.984,99.727,28765.0,511270,sh,10年地方债ETF海富通
2022-09-05,99.785,100.123,100.167,99.785,28880.0,511270,sh,10年地方债ETF海富通
2022-09-06,100.123,100.086,100.285,99.954,34833.0,511270,sh,10年地方债ETF海富通
2022-09-07,100.101,100.033,100.133,99.988,27718.0,511270,sh,10年地方债ETF海富通
2022-09-08,100.019,100.042,100.062,99.857,30908.0,511270,sh,10年地方债ETF海富通
2022-09-09,100.056,100.117,100.129,100.044,14925.0,511270,sh,10年地方债ETF海富通
2022-09-13,100.106,99.946,100.157,99.924,31323.0,511270,sh,10年地方债ETF海富通
2022-09-14,99.975,99.849,99.975,99.833,24381.0,511270,sh,10年地方债ETF海富通
2022-09-15,99.84,99.897,99.948,99.801,29764.0,511270,sh,10年地方债ETF海富通
2022-09-16,99.907,99.742,99.946,99.739,12197.0,511270,sh,10年地方债ETF海富通
2022-09-19,99.742,99.464,99.742,99.237,23633.0,511270,sh,10年地方债ETF海富通
2022-09-20,99.464,99.438,99.571,99.425,18303.0,511270,sh,10年地方债ETF海富通
2022-09-21,99.438,99.475,99.486,99.42,18277.0,511270,sh,10年地方债ETF海富通
2022-09-22,99.465,99.468,99.525,99.446,26383.0,511270,sh,10年地方债ETF海富通
2022-09-23,99.491,99.492,99.505,99.474,19795.0,511270,sh,10年地方债ETF海富通
2022-09-26,99.488,99.111,99.489,99.067,36697.0,511270,sh,10年地方债ETF海富通
2022-09-27,99.113,99.029,99.141,98.988,22339.0,511270,sh,10年地方债ETF海富通
2022-09-28,99.009,99.049,99.079,98.985,23451.0,511270,sh,10年地方债ETF海富通
2022-09-29,99.048,98.937,99.099,98.937,24178.0,511270,sh,10年地方债ETF海富通
2022-09-30,98.977,99.167,99.167,98.977,20092.0,511270,sh,10年地方债ETF海富通
2022-10-10,99.117,99.3,99.3,99.117,20981.0,511270,sh,10年地方债ETF海富通
2022-10-11,99.33,99.364,99.395,99.303,16983.0,511270,sh,10年地方债ETF海富通
2022-10-12,99.373,99.361,99.409,99.326,33169.0,511270,sh,10年地方债ETF海富通
2022-10-13,99.36,99.407,99.409,99.312,23203.0,511270,sh,10年地方债ETF海富通
2022-10-14,99.398,99.456,99.518,99.358,39932.0,511270,sh,10年地方债ETF海富通
2022-10-17,99.446,99.513,99.628,99.356,30833.0,511270,sh,10年地方债ETF海富通
2022-10-18,99.503,99.637,99.651,99.463,35154.0,511270,sh,10年地方债ETF海富通
2022-10-19,99.565,99.745,99.761,99.489,38822.0,511270,sh,10年地方债ETF海富通
2022-10-20,99.726,99.724,99.793,99.695,23385.0,511270,sh,10年地方债ETF海富通
2022-10-21,99.742,99.781,99.845,99.714,20893.0,511270,sh,10年地方债ETF海富通
2022-10-24,99.789,99.813,99.826,99.779,20719.0,511270,sh,10年地方债ETF海富通
2022-10-25,99.794,99.809,99.886,99.758,27605.0,511270,sh,10年地方债ETF海富通
2022-10-26,99.809,100.045,100.229,99.794,23168.0,511270,sh,10年地方债ETF海富通
2022-10-27,99.95,99.929,100.043,99.856,29649.0,511270,sh,10年地方债ETF海富通
2022-10-28,99.911,99.935,100.004,99.889,23745.0,511270,sh,10年地方债ETF海富通
2022-10-31,99.935,99.974,100.07,99.916,30588.0,511270,sh,10年地方债ETF海富通
2022-11-01,99.988,100.04,100.125,99.956,26173.0,511270,sh,10年地方债ETF海富通
2022-11-02,100.031,99.785,100.031,99.737,33352.0,511270,sh,10年地方债ETF海富通
2022-11-03,99.763,99.805,99.833,99.74,21015.0,511270,sh,10年地方债ETF海富通
2022-11-04,99.8,99.762,99.854,99.696,31768.0,511270,sh,10年地方债ETF海富通
2022-11-07,99.749,99.753,99.81,99.686,22720.0,511270,sh,10年地方债ETF海富通
2022-11-08,99.74,99.769,99.778,99.707,27161.0,511270,sh,10年地方债ETF海富通
2022-11-09,99.763,99.725,99.788,99.708,17380.0,511270,sh,10年地方债ETF海富通
2022-11-10,99.712,99.763,99.774,99.688,41031.0,511270,sh,10年地方债ETF海富通
2022-11-11,99.75,99.697,99.751,99.665,18309.0,511270,sh,10年地方债ETF海富通
2022-11-14,99.683,99.359,99.683,99.317,34000.0,511270,sh,10年地方债ETF海富通
2022-11-15,99.341,99.269,99.365,99.187,14472.0,511270,sh,10年地方债ETF海富通
2022-11-16,99.277,99.244,99.318,99.196,6851.0,511270,sh,10年地方债ETF海富通
2022-11-17,99.223,99.33,99.345,99.194,17481.0,511270,sh,10年地方债ETF海富通
2022-11-18,99.343,99.41,99.411,99.301,18821.0,511270,sh,10年地方债ETF海富通
2022-11-21,99.428,99.705,99.734,99.428,25642.0,511270,sh,10年地方债ETF海富通
2022-11-22,99.68,99.704,100.029,99.655,30895.0,511270,sh,10年地方债ETF海富通
2022-11-23,99.754,99.885,100.065,99.75,19796.0,511270,sh,10年地方债ETF海富通
2022-11-24,99.935,99.927,99.982,99.887,22769.0,511270,sh,10年地方债ETF海富通
2022-11-25,99.942,100.015,100.143,99.942,15377.0,511270,sh,10年地方债ETF海富通
2022-11-28,99.977,100.066,100.183,99.977,21112.0,511270,sh,10年地方债ETF海富通
2022-11-29,100.048,99.902,100.092,99.825,9233.0,511270,sh,10年地方债ETF海富通
2022-11-30,99.919,100.018,100.343,99.915,13005.0,511270,sh,10年地方债ETF海富通
2022-12-01,100.018,99.91,100.036,99.816,30185.0,511270,sh,10年地方债ETF海富通
2022-12-02,99.925,99.679,99.961,99.507,19481.0,511270,sh,10年地方债ETF海富通
2022-12-05,99.64,99.471,99.696,99.451,34250.0,511270,sh,10年地方债ETF海富通
2022-12-06,99.451,99.489,99.555,99.429,15752.0,511270,sh,10年地方债ETF海富通
2022-12-07,99.473,99.417,99.475,99.289,22794.0,511270,sh,10年地方债ETF海富通
2022-12-08,99.417,99.485,99.514,99.316,17997.0,511270,sh,10年地方债ETF海富通
2022-12-09,99.46,99.575,99.575,99.445,12762.0,511270,sh,10年地方债ETF海富通
2022-12-12,99.593,99.588,99.606,99.497,16893.0,511270,sh,10年地方债ETF海富通
2022-12-13,99.555,99.462,99.557,99.428,19852.0,511270,sh,10年地方债ETF海富通
2022-12-14,99.443,99.559,99.666,99.291,19557.0,511270,sh,10年地方债ETF海富通
2022-12-15,99.539,99.537,99.576,99.509,11290.0,511270,sh,10年地方债ETF海富通
2022-12-16,99.566,99.555,99.831,99.535,6782.0,511270,sh,10年地方债ETF海富通
2022-12-19,99.535,99.345,99.535,99.294,17671.0,511270,sh,10年地方债ETF海富通
2022-12-20,99.335,99.433,99.514,99.335,12589.0,511270,sh,10年地方债ETF海富通
2022-12-21,99.42,99.541,99.728,99.42,19813.0,511270,sh,10年地方债ETF海富通
2022-12-22,99.541,99.46,99.541,99.396,12454.0,511270,sh,10年地方债ETF海富通
2022-12-23,99.438,99.459,99.481,99.387,41035.0,511270,sh,10年地方债ETF海富通
2022-12-26,99.542,99.592,99.664,99.52,17963.0,511270,sh,10年地方债ETF海富通
2022-12-27,99.659,99.779,99.823,99.659,33209.0,511270,sh,10年地方债ETF海富通
2022-12-28,99.773,99.553,99.774,99.438,24278.0,511270,sh,10年地方债ETF海富通
2022-12-29,99.529,99.457,99.582,99.455,16195.0,511270,sh,10年地方债ETF海富通
2022-12-30,99.467,99.522,99.684,99.465,27274.0,511270,sh,10年地方债ETF海富通
2023-01-03,99.477,99.569,99.572,99.476,13799.0,511270,sh,10年地方债ETF海富通
2023-01-04,99.529,99.751,99.755,99.523,31788.0,511270,sh,10年地方债ETF海富通
2023-01-05,99.725,99.77,99.801,99.725,26446.0,511270,sh,10年地方债ETF海富通
2023-01-06,99.757,99.838,99.915,99.701,15495.0,511270,sh,10年地方债ETF海富通
2023-01-09,99.81,99.849,99.874,99.799,36945.0,511270,sh,10年地方债ETF海富通
2023-01-10,99.844,99.859,99.914,99.8,25205.0,511270,sh,10年地方债ETF海富通
2023-01-11,99.859,99.664,99.905,99.638,40654.0,511270,sh,10年地方债ETF海富通
2023-01-12,99.639,99.559,99.713,99.47,23940.0,511270,sh,10年地方债ETF海富通
2023-01-13,99.557,99.579,99.585,99.526,14913.0,511270,sh,10年地方债ETF海富通
2023-01-16,99.567,99.616,99.628,99.546,13026.0,511270,sh,10年地方债ETF海富通
2023-01-17,99.588,99.615,99.629,99.575,29040.0,511270,sh,10年地方债ETF海富通
2023-01-18,99.598,99.62,99.71,99.572,29329.0,511270,sh,10年地方债ETF海富通
2023-01-19,99.61,99.636,99.664,99.577,20349.0,511270,sh,10年地方债ETF海富通
2023-01-20,99.648,99.834,99.898,99.648,16965.0,511270,sh,10年地方债ETF海富通
2023-01-30,99.822,99.835,99.869,99.71,32197.0,511270,sh,10年地方债ETF海富通
2023-01-31,99.825,99.913,99.925,99.805,33423.0,511270,sh,10年地方债ETF海富通
2023-02-01,99.9,99.944,100.059,99.9,22907.0,511270,sh,10年地方债ETF海富通
2023-02-02,99.945,99.99,100.085,99.941,30568.0,511270,sh,10年地方债ETF海富通
2023-02-03,99.978,99.95,99.983,99.92,22729.0,511270,sh,10年地方债ETF海富通
2023-02-06,99.944,99.991,100.089,99.943,39074.0,511270,sh,10年地方债ETF海富通
2023-02-07,100.001,100.025,100.04,99.966,37114.0,511270,sh,10年地方债ETF海富通
2023-02-08,100.016,100.051,100.305,100.001,31394.0,511270,sh,10年地方债ETF海富通
2023-02-09,100.066,100.167,100.222,100.066,54198.0,511270,sh,10年地方债ETF海富通
2023-02-10,100.165,100.18,100.267,100.165,45894.0,511270,sh,10年地方债ETF海富通
2023-02-13,100.176,100.185,100.225,100.174,14918.0,511270,sh,10年地方债ETF海富通
2023-02-14,100.19,100.142,100.215,100.099,46032.0,511270,sh,10年地方债ETF海富通
2023-02-15,100.135,100.124,100.191,100.092,39909.0,511270,sh,10年地方债ETF海富通
2023-02-16,100.116,100.12,100.173,100.105,33602.0,511270,sh,10年地方债ETF海富通
2023-02-17,100.131,100.105,100.188,100.071,28325.0,511270,sh,10年地方债ETF海富通
2023-02-20,100.06,100.026,100.154,100.006,13041.0,511270,sh,10年地方债ETF海富通
2023-02-21,100.019,99.997,100.041,99.988,15495.0,511270,sh,10年地方债ETF海富通
2023-02-22,99.961,100.154,100.165,99.954,25487.0,511270,sh,10年地方债ETF海富通
2023-02-23,100.12,100.204,100.234,100.111,19228.0,511270,sh,10年地方债ETF海富通
2023-02-24,100.204,100.245,100.345,100.181,46303.0,511270,sh,10年地方债ETF海富通
2023-02-27,100.245,100.169,100.275,100.132,30220.0,511270,sh,10年地方债ETF海富通
2023-02-28,100.197,100.126,100.218,100.105,24131.0,511270,sh,10年地方债ETF海富通
2023-03-01,100.125,99.983,100.226,99.958,35362.0,511270,sh,10年地方债ETF海富通
2023-03-02,99.982,99.918,99.982,99.755,58026.0,511270,sh,10年地方债ETF海富通
2023-03-03,99.913,99.962,100.014,99.913,79438.0,511270,sh,10年地方债ETF海富通
2023-03-06,99.95,100.146,100.173,99.919,35774.0,511270,sh,10年地方债ETF海富通
2023-03-07,100.195,100.163,100.195,100.15,30221.0,511270,sh,10年地方债ETF海富通
2023-03-08,100.163,100.277,100.485,100.159,28664.0,511270,sh,10年地方债ETF海富通
2023-03-09,100.255,100.483,100.574,100.255,25885.0,511270,sh,10年地方债ETF海富通
2023-03-10,100.533,100.725,100.763,100.533,33953.0,511270,sh,10年地方债ETF海富通
2023-03-13,100.755,100.741,100.875,100.712,34934.0,511270,sh,10年地方债ETF海富通
2023-03-14,100.741,100.732,100.751,100.705,27578.0,511270,sh,10年地方债ETF海富通
2023-03-15,101.235,100.635,101.235,100.596,32766.0,511270,sh,10年地方债ETF海富通
2023-03-16,100.675,100.629,100.684,100.616,17741.0,511270,sh,10年地方债ETF海富通
2023-03-17,100.647,100.621,100.678,100.58,17105.0,511270,sh,10年地方债ETF海富通
2023-03-20,100.606,100.644,100.671,100.6,12646.0,511270,sh,10年地方债ETF海富通
2023-03-21,100.615,100.64,100.694,100.615,16996.0,511270,sh,10年地方债ETF海富通
2023-03-22,100.65,100.693,100.719,100.591,52508.0,511270,sh,10年地方债ETF海富通
2023-03-23,100.683,100.717,100.822,100.659,23616.0,511270,sh,10年地方债ETF海富通
2023-03-24,100.705,100.811,100.876,100.705,42257.0,511270,sh,10年地方债ETF海富通
2023-03-27,100.809,100.974,101.135,100.809,38527.0,511270,sh,10年地方债ETF海富通
2023-03-28,101.015,100.953,101.016,100.927,54896.0,511270,sh,10年地方债ETF海富通
2023-03-29,100.947,100.917,101.003,100.915,50418.0,511270,sh,10年地方债ETF海富通
2023-03-30,100.912,100.886,100.959,100.858,33259.0,511270,sh,10年地方债ETF海富通
2023-03-31,100.846,100.976,101.085,100.846,36131.0,511270,sh,10年地方债ETF海富通
2023-04-03,100.976,101.079,101.188,100.976,52933.0,511270,sh,10年地方债ETF海富通
2023-04-04,101.03,101.056,101.235,101.029,66829.0,511270,sh,10年地方债ETF海富通
2023-04-06,101.056,101.051,101.155,101.036,45574.0,511270,sh,10年地方债ETF海富通
2023-04-07,101.068,101.096,101.112,101.04,74509.0,511270,sh,10年地方债ETF海富通
2023-04-10,101.087,101.062,101.112,101.049,47116.0,511270,sh,10年地方债ETF海富通
2023-04-11,101.062,101.062,101.092,101.036,43609.0,511270,sh,10年地方债ETF海富通
2023-04-12,101.065,101.048,101.102,101.04,41600.0,511270,sh,10年地方债ETF海富通
2023-04-13,101.054,101.05,101.097,101.037,66098.0,511270,sh,10年地方债ETF海富通
2023-04-14,101.048,100.947,101.056,100.908,40252.0,511270,sh,10年地方债ETF海富通
2023-04-17,100.936,100.988,101.032,100.936,37141.0,511270,sh,10年地方债ETF海富通
2023-04-18,100.97,100.971,101.002,100.909,66571.0,511270,sh,10年地方债ETF海富通
2023-04-19,100.957,100.98,100.996,100.948,55139.0,511270,sh,10年地方债ETF海富通
2023-04-20,100.979,101.009,101.045,100.958,56247.0,511270,sh,10年地方债ETF海富通
2023-04-21,101.013,101.08,101.094,101.0,76854.0,511270,sh,10年地方债ETF海富通
2023-04-24,101.12,101.397,101.535,101.111,78124.0,511270,sh,10年地方债ETF海富通
2023-04-25,101.385,101.339,101.475,101.325,80778.0,511270,sh,10年地方债ETF海富通
2023-04-26,101.339,101.181,101.354,101.15,21292.0,511270,sh,10年地方债ETF海富通
2023-04-27,101.185,101.113,101.232,101.096,38228.0,511270,sh,10年地方债ETF海富通
2023-04-28,101.113,101.088,101.163,101.085,53092.0,511270,sh,10年地方债ETF海富通
2023-05-04,101.087,101.158,101.22,101.085,39206.0,511270,sh,10年地方债ETF海富通
2023-05-05,101.177,101.327,101.369,101.177,57351.0,511270,sh,10年地方债ETF海富通
2023-05-08,101.365,101.364,101.373,101.327,65087.0,511270,sh,10年地方债ETF海富通
2023-05-09,101.321,101.345,101.371,101.317,61717.0,511270,sh,10年地方债ETF海富通
2023-05-10,101.37,101.604,101.64,101.365,31773.0,511270,sh,10年地方债ETF海富通
2023-05-11,101.654,101.788,101.868,101.63,27440.0,511270,sh,10年地方债ETF海富通
2023-05-12,101.782,101.971,102.115,101.782,39714.0,511270,sh,10年地方债ETF海富通
2023-05-15,101.93,101.792,102.094,101.778,48512.0,511270,sh,10年地方债ETF海富通
2023-05-16,101.775,101.744,101.814,101.716,45354.0,511270,sh,10年地方债ETF海富通
2023-05-17,101.749,101.735,101.791,101.718,61196.0,511270,sh,10年地方债ETF海富通
2023-05-18,101.735,101.595,101.782,101.585,44552.0,511270,sh,10年地方债ETF海富通
2023-05-19,101.603,101.73,101.811,101.566,49396.0,511270,sh,10年地方债ETF海富通
2023-05-22,101.73,101.812,101.815,101.697,64570.0,511270,sh,10年地方债ETF海富通
2023-05-23,101.815,102.11,102.115,101.812,45233.0,511270,sh,10年地方债ETF海富通
2023-05-24,102.116,102.033,102.16,101.94,47840.0,511270,sh,10年地方债ETF海富通
2023-05-25,102.0,102.027,102.083,101.983,41180.0,511270,sh,10年地方债ETF海富通
2023-05-26,102.05,101.889,102.067,101.884,65403.0,511270,sh,10年地方债ETF海富通
2023-05-29,101.866,101.965,101.984,101.746,47055.0,511270,sh,10年地方债ETF海富通
2023-05-30,101.985,101.994,102.005,101.915,32468.0,511270,sh,10年地方债ETF海富通
2023-05-31,102.0,102.201,102.242,101.989,42174.0,511270,sh,10年地方债ETF海富通
2023-06-01,102.233,102.28,102.307,102.176,52988.0,511270,sh,10年地方债ETF海富通
2023-06-02,102.266,102.205,102.329,102.146,57587.0,511270,sh,10年地方债ETF海富通
2023-06-05,102.18,102.317,102.32,102.18,43077.0,511270,sh,10年地方债ETF海富通
2023-06-06,102.317,102.49,102.535,102.315,48522.0,511270,sh,10年地方债ETF海富通
2023-06-07,102.534,102.607,102.608,102.465,53285.0,511270,sh,10年地方债ETF海富通
2023-06-08,102.581,102.604,102.642,102.553,50112.0,511270,sh,10年地方债ETF海富通
2023-06-09,102.604,102.758,102.785,102.572,39663.0,511270,sh,10年地方债ETF海富通
2023-06-12,102.739,102.797,102.885,102.739,44261.0,511270,sh,10年地方债ETF海富通
2023-06-13,102.8,103.03,103.031,102.797,34322.0,511270,sh,10年地方债ETF海富通
2023-06-14,103.033,103.089,103.187,103.033,49762.0,511270,sh,10年地方债ETF海富通
2023-06-15,103.092,103.011,103.139,102.971,63140.0,511270,sh,10年地方债ETF海富通
2023-06-16,102.792,102.73,102.938,102.717,48575.0,511270,sh,10年地方债ETF海富通
2023-06-19,102.734,102.562,102.884,102.467,34455.0,511270,sh,10年地方债ETF海富通
2023-06-20,102.58,102.362,102.619,102.247,35816.0,511270,sh,10年地方债ETF海富通
2023-06-21,102.378,102.649,102.655,102.335,28951.0,511270,sh,10年地方债ETF海富通
2023-06-26,102.672,102.834,102.892,102.672,42030.0,511270,sh,10年地方债ETF海富通
2023-06-27,102.847,102.835,102.977,102.735,40916.0,511270,sh,10年地方债ETF海富通
2023-06-28,102.842,102.852,102.881,102.79,58387.0,511270,sh,10年地方债ETF海富通
2023-06-29,102.905,102.844,102.964,102.776,70302.0,511270,sh,10年地方债ETF海富通
2023-06-30,102.858,103.081,103.105,102.858,48436.0,511270,sh,10年地方债ETF海富通
2023-07-03,103.131,102.949,103.149,102.924,53561.0,511270,sh,10年地方债ETF海富通
2023-07-04,102.945,103.046,103.074,102.901,41625.0,511270,sh,10年地方债ETF海富通
2023-07-05,103.075,102.951,103.075,102.885,78637.0,511270,sh,10年地方债ETF海富通
2023-07-06,102.931,102.923,102.958,102.876,49603.0,511270,sh,10年地方债ETF海富通
2023-07-07,102.897,102.917,102.929,102.881,48998.0,511270,sh,10年地方债ETF海富通
2023-07-10,102.917,103.031,103.122,102.897,39984.0,511270,sh,10年地方债ETF海富通
2023-07-11,103.082,103.133,103.134,103.06,53830.0,511270,sh,10年地方债ETF海富通
2023-07-12,103.134,103.115,103.152,103.083,34606.0,511270,sh,10年地方债ETF海富通
2023-07-13,103.097,103.082,103.121,103.079,35452.0,511270,sh,10年地方债ETF海富通
2023-07-14,103.082,103.045,103.102,103.042,30861.0,511270,sh,10年地方债ETF海富通
2023-07-17,103.062,103.129,103.269,103.062,36097.0,511270,sh,10年地方债ETF海富通
2023-07-18,103.115,103.234,103.24,103.115,30050.0,511270,sh,10年地方债ETF海富通
2023-07-19,103.241,103.244,103.356,103.223,31625.0,511270,sh,10年地方债ETF海富通
2023-07-20,103.244,103.276,103.325,103.216,30804.0,511270,sh,10年地方债ETF海富通
2023-07-21,103.326,103.534,103.59,103.323,26702.0,511270,sh,10年地方债ETF海富通
2023-07-24,103.557,103.628,103.885,103.496,13564.0,511270,sh,10年地方债ETF海富通
2023-07-25,103.278,103.252,103.443,103.178,36860.0,511270,sh,10年地方债ETF海富通
2023-07-26,103.302,103.542,103.582,103.302,32789.0,511270,sh,10年地方债ETF海富通
2023-07-27,103.548,103.776,103.82,103.548,28238.0,511270,sh,10年地方债ETF海富通
2023-07-28,103.779,103.594,103.811,103.46,32891.0,511270,sh,10年地方债ETF海富通
2023-07-31,103.643,103.407,103.643,103.335,34421.0,511270,sh,10年地方债ETF海富通
2023-08-01,103.407,103.515,103.56,103.407,36622.0,511270,sh,10年地方债ETF海富通
2023-08-02,103.516,103.621,103.678,103.516,20445.0,511270,sh,10年地方债ETF海富通
2023-08-03,103.625,103.725,103.785,103.565,28422.0,511270,sh,10年地方债ETF海富通
2023-08-04,103.725,103.78,103.834,103.608,26417.0,511270,sh,10年地方债ETF海富通
2023-08-07,103.78,103.831,103.935,103.78,29166.0,511270,sh,10年地方债ETF海富通
2023-08-08,103.815,103.8,103.935,103.791,3216.0,511270,sh,10年地方债ETF海富通
2023-08-09,103.839,103.786,103.892,103.755,26166.0,511270,sh,10年地方债ETF海富通
2023-08-10,103.802,103.784,103.81,103.766,25490.0,511270,sh,10年地方债ETF海富通
2023-08-11,103.781,103.756,103.792,103.701,14431.0,511270,sh,10年地方债ETF海富通
2023-08-14,103.79,103.772,103.835,103.756,22031.0,511270,sh,10年地方债ETF海富通
2023-08-15,103.786,103.859,103.903,103.777,27148.0,511270,sh,10年地方债ETF海富通
2023-08-16,103.909,103.876,104.033,103.86,26856.0,511270,sh,10年地方债ETF海富通
2023-08-17,103.877,103.786,103.926,103.732,26020.0,511270,sh,10年地方债ETF海富通
2023-08-18,103.823,103.847,103.881,103.768,30081.0,511270,sh,10年地方债ETF海富通
2023-08-21,103.892,103.845,103.935,103.845,27332.0,511270,sh,10年地方债ETF海富通
2023-08-22,103.895,103.854,103.895,103.796,25215.0,511270,sh,10年地方债ETF海富通
2023-08-23,103.854,103.854,103.88,103.805,32517.0,511270,sh,10年地方债ETF海富通
2023-08-24,103.854,103.818,103.865,103.815,28000.0,511270,sh,10年地方债ETF海富通
2023-08-25,103.818,103.653,103.894,103.621,28366.0,511270,sh,10年地方债ETF海富通
2023-08-28,103.461,103.443,103.497,102.989,90653.0,511270,sh,10年地方债ETF海富通
2023-08-29,103.443,103.406,103.552,103.32,44641.0,511270,sh,10年地方债ETF海富通
2023-08-30,103.407,103.449,103.53,103.32,31504.0,511270,sh,10年地方债ETF海富通
2023-08-31,103.499,103.582,103.583,103.476,28076.0,511270,sh,10年地方债ETF海富通
2023-09-01,103.58,103.531,103.58,103.465,27430.0,511270,sh,10年地方债ETF海富通
2023-09-04,103.427,103.403,103.427,103.365,28819.0,511270,sh,10年地方债ETF海富通
2023-09-05,103.405,103.483,103.5,103.405,28355.0,511270,sh,10年地方债ETF海富通
2023-09-06,103.476,103.492,103.562,103.457,28379.0,511270,sh,10年地方债ETF海富通
2023-09-07,103.465,103.418,103.54,103.4,26067.0,511270,sh,10年地方债ETF海富通
2023-09-08,103.449,103.415,103.501,103.415,26313.0,511270,sh,10年地方债ETF海富通
2023-09-11,103.415,103.328,103.425,103.297,28700.0,511270,sh,10年地方债ETF海富通
2023-09-12,103.35,103.348,103.415,103.317,32940.0,511270,sh,10年地方债ETF海富通
2023-09-13,103.348,103.328,103.414,103.327,38003.0,511270,sh,10年地方债ETF海富通
2023-09-14,103.328,103.385,103.414,103.325,40604.0,511270,sh,10年地方债ETF海富通
2023-09-15,103.368,103.308,103.404,103.305,37644.0,511270,sh,10年地方债ETF海富通
2023-09-18,103.288,103.322,103.344,103.266,56796.0,511270,sh,10年地方债ETF海富通
2023-09-19,103.322,103.35,103.414,103.286,38543.0,511270,sh,10年地方债ETF海富通
2023-09-20,103.334,103.298,103.422,103.285,38438.0,511270,sh,10年地方债ETF海富通
2023-09-21,103.28,103.295,103.346,103.27,31150.0,511270,sh,10年地方债ETF海富通
2023-09-22,103.295,103.196,103.331,103.196,38303.0,511270,sh,10年地方债ETF海富通
2023-09-25,103.202,103.175,103.22,103.136,41170.0,511270,sh,10年地方债ETF海富通
2023-09-26,103.315,103.139,103.315,103.128,31671.0,511270,sh,10年地方债ETF海富通
2023-09-27,103.17,102.889,103.17,102.821,21905.0,511270,sh,10年地方债ETF海富通
2023-09-28,103.03,103.175,103.295,102.986,27464.0,511270,sh,10年地方债ETF海富通
2023-10-09,103.165,103.112,103.208,103.108,30985.0,511270,sh,10年地方债ETF海富通
2023-10-10,103.112,103.132,103.202,103.085,31662.0,511270,sh,10年地方债ETF海富通
2023-10-11,103.115,102.966,103.131,102.956,28251.0,511270,sh,10年地方债ETF海富通
2023-10-12,102.859,102.867,103.03,102.786,28134.0,511270,sh,10年地方债ETF海富通
2023-10-13,102.876,102.916,102.934,102.876,26463.0,511270,sh,10年地方债ETF海富通
2023-10-16,102.9,102.97,103.045,102.9,35408.0,511270,sh,10年地方债ETF海富通
2023-10-17,102.965,102.931,102.981,102.93,24973.0,511270,sh,10年地方债ETF海富通
2023-10-18,102.926,102.95,102.983,102.905,25531.0,511270,sh,10年地方债ETF海富通
2023-10-19,102.91,102.944,102.963,102.866,20969.0,511270,sh,10年地方债ETF海富通
2023-10-20,102.935,102.916,102.965,102.916,21760.0,511270,sh,10年地方债ETF海富通
2023-10-23,102.918,102.918,102.954,102.916,9346.0,511270,sh,10年地方债ETF海富通
2023-10-24,102.895,102.668,102.895,102.613,31285.0,511270,sh,10年地方债ETF海富通
2023-10-25,102.648,102.507,102.648,102.488,16729.0,511270,sh,10年地方债ETF海富通
2023-10-26,102.488,102.504,102.563,102.488,25282.0,511270,sh,10年地方债ETF海富通
2023-10-27,102.501,102.543,102.559,102.501,16566.0,511270,sh,10年地方债ETF海富通
2023-10-30,102.504,102.537,102.665,102.504,25819.0,511270,sh,10年地方债ETF海富通
2023-10-31,102.564,102.652,102.712,102.545,30411.0,511270,sh,10年地方债ETF海富通
2023-11-01,102.68,102.736,102.737,102.68,31333.0,511270,sh,10年地方债ETF海富通
2023-11-02,102.746,102.921,103.111,102.739,27308.0,511270,sh,10年地方债ETF海富通
2023-11-03,102.922,103.234,103.247,102.883,26255.0,511270,sh,10年地方债ETF海富通
2023-11-06,103.121,103.156,103.499,103.076,25802.0,511270,sh,10年地方债ETF海富通
2023-11-07,103.255,103.295,103.355,103.255,33326.0,511270,sh,10年地方债ETF海富通
2023-11-08,103.275,103.255,103.324,103.235,25453.0,511270,sh,10年地方债ETF海富通
2023-11-09,103.264,103.297,103.412,103.264,33718.0,511270,sh,10年地方债ETF海富通
2023-11-10,103.185,103.24,103.285,103.185,28440.0,511270,sh,10年地方债ETF海富通
2023-11-13,103.248,103.355,103.385,103.248,36025.0,511270,sh,10年地方债ETF海富通
2023-11-14,103.363,103.139,103.498,103.135,15774.0,511270,sh,10年地方债ETF海富通
2023-11-15,103.187,103.058,103.282,103.016,29786.0,511270,sh,10年地方债ETF海富通
2023-11-16,103.185,103.174,103.242,103.07,32872.0,511270,sh,10年地方债ETF海富通
2023-11-17,103.217,103.292,103.315,103.179,24838.0,511270,sh,10年地方债ETF海富通
2023-11-20,103.296,103.265,103.323,103.245,25882.0,511270,sh,10年地方债ETF海富通
2023-11-21,103.268,103.29,103.321,103.241,28221.0,511270,sh,10年地方债ETF海富通
2023-11-22,103.288,103.311,103.365,103.27,12063.0,511270,sh,10年地方债ETF海富通
2023-11-23,103.285,103.138,103.311,103.136,25689.0,511270,sh,10年地方债ETF海富通
2023-11-24,103.195,103.244,103.293,103.195,23864.0,511270,sh,10年地方债ETF海富通
2023-11-27,103.225,103.189,103.395,103.15,17747.0,511270,sh,10年地方债ETF海富通
2023-11-28,103.273,103.265,103.315,103.193,35577.0,511270,sh,10年地方债ETF海富通
2023-11-29,103.27,103.275,103.341,103.259,22369.0,511270,sh,10年地方债ETF海富通
2023-11-30,103.315,103.375,103.383,103.311,28952.0,511270,sh,10年地方债ETF海富通
2023-12-01,103.374,103.514,103.56,103.348,35019.0,511270,sh,10年地方债ETF海富通
2023-12-04,103.515,103.649,103.831,103.515,29516.0,511270,sh,10年地方债ETF海富通
2023-12-05,103.633,103.62,103.765,103.591,30437.0,511270,sh,10年地方债ETF海富通
2023-12-06,103.62,103.624,103.757,103.59,28350.0,511270,sh,10年地方债ETF海富通
2023-12-07,103.596,103.654,103.756,103.569,16724.0,511270,sh,10年地方债ETF海富通
2023-12-08,103.66,103.628,103.704,103.611,30953.0,511270,sh,10年地方债ETF海富通
2023-12-11,103.64,103.695,103.765,103.639,44594.0,511270,sh,10年地方债ETF海富通
2023-12-12,103.699,103.698,103.725,103.666,41720.0,511270,sh,10年地方债ETF海富通
2023-12-13,103.734,103.805,103.832,103.734,27569.0,511270,sh,10年地方债ETF海富通
2023-12-14,103.815,103.806,103.862,103.732,44595.0,511270,sh,10年地方债ETF海富通
2023-12-15,103.808,103.914,103.955,103.808,29785.0,511270,sh,10年地方债ETF海富通
2023-12-18,103.934,104.075,104.077,103.932,11625.0,511270,sh,10年地方债ETF海富通
2023-12-19,104.041,104.003,104.212,103.952,23894.0,511270,sh,10年地方债ETF海富通
2023-12-20,104.052,104.097,104.125,104.032,48898.0,511270,sh,10年地方债ETF海富通
2023-12-21,104.016,104.176,104.212,104.016,22409.0,511270,sh,10年地方债ETF海富通
2023-12-22,104.176,104.225,104.386,104.176,2296.0,511270,sh,10年地方债ETF海富通
2023-12-25,104.227,104.225,104.243,104.12,26189.0,511270,sh,10年地方债ETF海富通
2023-12-26,104.336,104.228,104.336,104.044,9268.0,511270,sh,10年地方债ETF海富通
2023-12-27,104.254,104.161,104.284,104.111,49989.0,511270,sh,10年地方债ETF海富通
2023-12-28,104.19,103.982,104.274,103.915,5768.0,511270,sh,10年地方债ETF海富通
2023-12-29,104.143,103.917,104.144,103.914,26656.0,511270,sh,10年地方债ETF海富通
2024-01-02,103.957,104.033,104.055,103.957,29824.0,511270,sh,10年地方债ETF海富通
2024-01-03,104.062,104.19,104.255,104.062,30307.0,511270,sh,10年地方债ETF海富通
2024-01-04,104.19,104.455,104.458,104.19,1173.0,511270,sh,10年地方债ETF海富通
2024-01-05,104.504,104.726,104.741,104.414,1760.0,511270,sh,10年地方债ETF海富通
2024-01-08,104.728,104.7,104.903,104.655,34920.0,511270,sh,10年地方债ETF海富通
2024-01-09,104.734,104.948,104.986,104.688,24279.0,511270,sh,10年地方债ETF海富通
2024-01-10,104.978,105.111,105.123,104.936,35833.0,511270,sh,10年地方债ETF海富通
2024-01-11,104.99,105.026,105.132,104.897,26911.0,511270,sh,10年地方债ETF海富通
2024-01-12,105.029,105.065,105.143,105.029,25828.0,511270,sh,10年地方债ETF海富通
2024-01-15,105.066,104.929,105.076,104.856,20718.0,511270,sh,10年地方债ETF海富通
2024-01-16,104.959,104.82,104.969,104.667,24820.0,511270,sh,10年地方债ETF海富通
2024-01-17,104.886,104.955,104.978,104.886,27611.0,511270,sh,10年地方债ETF海富通
2024-01-18,104.936,105.021,105.143,104.913,25049.0,511270,sh,10年地方债ETF海富通
2024-01-19,105.109,105.203,105.203,105.022,16110.0,511270,sh,10年地方债ETF海富通
2024-01-22,105.165,105.33,105.346,105.075,29119.0,511270,sh,10年地方债ETF海富通
2024-01-23,105.226,105.244,105.345,105.178,13710.0,511270,sh,10年地方债ETF海富通
2024-01-24,105.243,105.239,105.376,105.192,22232.0,511270,sh,10年地方债ETF海富通
2024-01-25,105.236,105.527,105.527,105.236,11316.0,511270,sh,10年地方债ETF海富通
2024-01-26,105.53,105.603,105.651,105.487,21678.0,511270,sh,10年地方债ETF海富通
2024-01-29,105.605,105.699,105.715,105.555,24727.0,511270,sh,10年地方债ETF海富通
2024-01-30,105.688,106.065,106.076,105.688,27835.0,511270,sh,10年地方债ETF海富通
2024-01-31,106.345,106.415,106.446,106.055,33679.0,511270,sh,10年地方债ETF海富通
2024-02-01,106.415,106.578,106.615,106.415,52409.0,511270,sh,10年地方债ETF海富通
2024-02-02,106.579,106.614,106.647,106.494,18642.0,511270,sh,10年地方债ETF海富通
2024-02-05,106.925,106.849,106.927,106.657,44180.0,511270,sh,10年地方债ETF海富通
2024-02-06,106.725,106.213,106.769,106.061,6453.0,511270,sh,10年地方债ETF海富通
2024-02-07,106.315,106.358,106.398,106.185,41739.0,511270,sh,10年地方债ETF海富通
2024-02-08,106.794,106.732,106.794,106.247,23636.0,511270,sh,10年地方债ETF海富通
2024-02-19,106.777,106.808,106.823,106.599,33527.0,511270,sh,10年地方债ETF海富通
2024-02-20,106.808,106.891,106.905,106.712,15764.0,511270,sh,10年地方债ETF海富通
2024-02-21,106.901,106.954,106.955,106.859,9191.0,511270,sh,10年地方债ETF海富通
2024-02-22,106.965,106.953,106.965,106.885,29070.0,511270,sh,10年地方债ETF海富通
2024-02-23,107.014,107.082,107.498,106.97,32646.0,511270,sh,10年地方债ETF海富通
2024-02-26,107.047,107.09,107.095,107.033,26475.0,511270,sh,10年地方债ETF海富通
2024-02-27,107.204,107.172,107.245,107.051,1561.0,511270,sh,10年地方债ETF海富通
2024-02-28,107.172,107.235,107.253,107.172,28228.0,511270,sh,10年地方债ETF海富通
2024-02-29,107.342,107.425,107.541,107.257,19625.0,511270,sh,10年地方债ETF海富通
2024-03-01,107.375,107.383,107.618,107.272,10061.0,511270,sh,10年地方债ETF海富通
2024-03-04,107.443,107.422,107.542,107.19,29798.0,511270,sh,10年地方债ETF海富通
2024-03-05,107.423,107.499,107.501,107.404,39367.0,511270,sh,10年地方债ETF海富通
2024-03-06,107.694,107.772,107.866,107.505,34642.0,511270,sh,10年地方债ETF海富通
2024-03-07,108.003,107.875,108.14,107.543,35457.0,511270,sh,10年地方债ETF海富通
2024-03-08,107.975,108.075,108.075,107.973,24815.0,511270,sh,10年地方债ETF海富通
2024-03-11,108.065,108.019,108.145,107.986,33828.0,511270,sh,10年地方债ETF海富通
2024-03-12,107.932,107.655,107.932,107.438,31000.0,511270,sh,10年地方债ETF海富通
2024-03-13,107.737,107.705,107.817,107.69,28341.0,511270,sh,10年地方债ETF海富通
2024-03-14,107.614,107.409,107.614,107.225,46732.0,511270,sh,10年地方债ETF海富通
2024-03-15,107.484,107.605,107.605,107.384,46849.0,511270,sh,10年地方债ETF海富通
2024-03-18,107.576,107.638,107.675,107.476,47987.0,511270,sh,10年地方债ETF海富通
2024-03-19,107.638,107.798,107.838,107.6,4370.0,511270,sh,10年地方债ETF海富通
2024-03-20,107.761,107.84,107.864,107.721,46009.0,511270,sh,10年地方债ETF海富通
2024-03-21,107.815,107.882,107.914,107.74,23407.0,511270,sh,10年地方债ETF海富通
2024-03-22,107.97,107.926,108.07,107.88,24136.0,511270,sh,10年地方债ETF海富通
2024-03-25,107.89,107.864,107.937,107.795,32581.0,511270,sh,10年地方债ETF海富通
2024-03-26,107.854,107.808,107.868,107.75,44704.0,511270,sh,10年地方债ETF海富通
2024-03-27,107.837,107.98,108.006,107.76,31216.0,511270,sh,10年地方债ETF海富通
2024-03-28,107.926,107.976,108.13,107.914,2539.0,511270,sh,10年地方债ETF海富通
2024-03-29,107.976,108.016,108.017,107.976,23346.0,511270,sh,10年地方债ETF海富通
2024-04-01,107.884,107.922,108.001,107.875,17328.0,511270,sh,10年地方债ETF海富通
2024-04-02,107.933,108.002,108.032,107.933,22738.0,511270,sh,10年地方债ETF海富通
2024-04-03,108.028,108.106,108.11,108.028,24357.0,511270,sh,10年地方债ETF海富通
2024-04-08,108.129,108.29,108.32,108.11,27228.0,511270,sh,10年地方债ETF海富通
2024-04-09,108.29,108.361,108.411,108.24,34351.0,511270,sh,10年地方债ETF海富通
2024-04-10,108.282,108.501,108.512,108.218,27950.0,511270,sh,10年地方债ETF海富通
2024-04-11,108.431,108.398,108.529,108.361,16357.0,511270,sh,10年地方债ETF海富通
2024-04-12,108.396,108.483,108.594,108.396,62742.0,511270,sh,10年地方债ETF海富通
2024-04-15,108.533,108.575,108.641,108.533,24641.0,511270,sh,10年地方债ETF海富通
2024-04-16,108.608,108.764,108.84,108.607,22046.0,511270,sh,10年地方债ETF海富通
2024-04-17,108.764,108.851,108.953,108.729,26992.0,511270,sh,10年地方债ETF海富通
2024-04-18,108.771,108.974,109.007,108.771,20749.0,511270,sh,10年地方债ETF海富通
2024-04-19,108.97,109.034,109.062,108.97,8544.0,511270,sh,10年地方债ETF海富通
2024-04-22,109.084,109.223,109.237,109.039,19773.0,511270,sh,10年地方债ETF海富通
2024-04-23,109.252,109.331,109.35,109.252,37242.0,511270,sh,10年地方债ETF海富通
2024-04-24,109.202,108.895,109.302,108.69,33393.0,511270,sh,10年地方债ETF海富通
2024-04-25,109.005,109.102,109.12,108.806,35328.0,511270,sh,10年地方债ETF海富通
2024-04-26,109.098,108.526,109.098,108.448,25082.0,511270,sh,10年地方债ETF海富通
2024-04-29,108.405,107.866,108.52,107.453,17330.0,511270,sh,10年地方债ETF海富通
2024-04-30,108.127,108.241,108.252,108.077,38050.0,511270,sh,10年地方债ETF海富通
2024-05-06,108.501,108.522,108.55,108.034,32615.0,511270,sh,10年地方债ETF海富通
2024-05-07,108.58,108.764,108.764,108.535,23659.0,511270,sh,10年地方债ETF海富通
2024-05-08,108.701,108.791,108.812,108.68,23331.0,511270,sh,10年地方债ETF海富通
2024-05-09,108.741,108.722,108.793,108.646,70859.0,511270,sh,10年地方债ETF海富通
2024-05-10,108.71,108.683,108.79,108.642,23161.0,511270,sh,10年地方债ETF海富通
2024-05-13,108.683,108.847,108.847,108.683,19792.0,511270,sh,10年地方债ETF海富通
2024-05-14,108.872,108.846,108.884,108.827,33436.0,511270,sh,10年地方债ETF海富通
2024-05-15,108.845,108.832,108.88,108.777,63920.0,511270,sh,10年地方债ETF海富通
2024-05-16,108.835,108.637,108.835,108.562,46521.0,511270,sh,10年地方债ETF海富通
2024-05-17,108.546,108.526,108.64,108.503,81589.0,511270,sh,10年地方债ETF海富通
2024-05-20,108.7,108.586,108.703,108.483,22145.0,511270,sh,10年地方债ETF海富通
2024-05-21,108.589,108.511,108.596,108.497,28111.0,511270,sh,10年地方债ETF海富通
2024-05-22,108.493,108.553,108.59,108.493,54280.0,511270,sh,10年地方债ETF海富通
2024-05-23,108.545,108.674,108.692,108.545,22166.0,511270,sh,10年地方债ETF海富通
2024-05-24,108.624,108.687,108.701,108.622,20147.0,511270,sh,10年地方债ETF海富通
2024-05-27,108.593,108.601,108.725,108.461,22983.0,511270,sh,10年地方债ETF海富通
2024-05-28,108.594,108.732,108.743,108.555,35346.0,511270,sh,10年地方债ETF海富通
2024-05-29,108.731,108.921,108.924,108.731,23082.0,511270,sh,10年地方债ETF海富通
2024-05-30,108.825,109.049,109.049,108.825,36004.0,511270,sh,10年地方债ETF海富通
2024-05-31,108.795,108.962,108.988,108.795,24757.0,511270,sh,10年地方债ETF海富通
2024-06-03,108.913,109.021,109.053,108.913,24437.0,511270,sh,10年地方债ETF海富通
2024-06-04,109.008,109.052,109.071,109.005,28048.0,511270,sh,10年地方债ETF海富通
2024-06-05,109.076,109.2,109.205,109.076,52214.0,511270,sh,10年地方债ETF海富通
2024-06-06,109.205,109.174,109.265,109.165,21998.0,511270,sh,10年地方债ETF海富通
2024-06-07,109.18,109.265,109.272,109.18,29932.0,511270,sh,10年地方债ETF海富通
2024-06-11,109.262,109.347,109.382,109.257,37885.0,511270,sh,10年地方债ETF海富通
2024-06-12,109.346,109.328,109.393,109.275,21716.0,511270,sh,10年地方债ETF海富通
2024-06-13,109.322,109.334,109.384,109.306,32178.0,511270,sh,10年地方债ETF海富通
2024-06-14,109.369,109.559,109.586,109.367,27587.0,511270,sh,10年地方债ETF海富通
2024-06-17,109.512,109.731,109.771,109.48,25594.0,511270,sh,10年地方债ETF海富通
2024-06-18,109.768,109.882,109.905,109.768,11366.0,511270,sh,10年地方债ETF海富通
2024-06-19,109.895,109.896,110.025,109.771,18551.0,511270,sh,10年地方债ETF海富通
2024-06-20,109.942,109.902,109.997,109.809,26663.0,511270,sh,10年地方债ETF海富通
2024-06-21,109.881,109.808,109.902,109.805,27887.0,511270,sh,10年地方债ETF海富通
2024-06-24,109.828,109.986,110.037,109.828,29084.0,511270,sh,10年地方债ETF海富通
2024-06-25,110.0,110.01,110.105,109.928,67889.0,511270,sh,10年地方债ETF海富通
2024-06-26,110.01,110.072,110.086,109.989,29280.0,511270,sh,10年地方债ETF海富通
2024-06-27,110.08,110.18,110.198,110.045,24673.0,511270,sh,10年地方债ETF海富通
2024-06-28,110.184,110.185,110.305,110.055,18367.0,511270,sh,10年地方债ETF海富通
2024-07-01,110.204,109.862,110.383,109.673,7424.0,511270,sh,10年地方债ETF海富通
2024-07-02,109.955,110.155,110.155,109.806,31390.0,511270,sh,10年地方债ETF海富通
2024-07-03,110.153,110.237,110.251,110.066,30029.0,511270,sh,10年地方债ETF海富通
2024-07-04,110.237,110.19,110.275,110.055,32295.0,511270,sh,10年地方债ETF海富通
2024-07-05,110.211,110.077,110.212,109.966,21856.0,511270,sh,10年地方债ETF海富通
2024-07-08,110.077,109.883,110.077,109.77,28860.0,511270,sh,10年地方债ETF海富通
2024-07-09,110.138,110.156,110.215,109.993,38118.0,511270,sh,10年地方债ETF海富通
2024-07-10,110.156,110.104,110.24,110.091,27998.0,511270,sh,10年地方债ETF海富通
2024-07-11,110.187,110.155,110.187,110.105,42773.0,511270,sh,10年地方债ETF海富通
2024-07-12,110.276,110.332,110.333,110.224,32188.0,511270,sh,10年地方债ETF海富通
2024-07-15,110.375,110.395,110.463,110.332,33368.0,511270,sh,10年地方债ETF海富通
2024-07-16,110.405,110.369,110.457,110.223,76969.0,511270,sh,10年地方债ETF海富通
2024-07-17,110.38,110.466,110.474,110.38,58426.0,511270,sh,10年地方债ETF海富通
2024-07-18,110.466,110.385,110.555,110.368,25234.0,511270,sh,10年地方债ETF海富通
2024-07-19,110.435,110.428,110.444,110.375,16543.0,511270,sh,10年地方债ETF海富通
2024-07-22,110.502,110.564,110.574,110.435,34939.0,511270,sh,10年地方债ETF海富通
2024-07-23,110.578,110.665,110.677,110.578,44287.0,511270,sh,10年地方债ETF海富通
2024-07-24,110.704,110.741,110.749,110.633,43436.0,511270,sh,10年地方债ETF海富通
2024-07-25,110.834,110.904,110.925,110.758,40437.0,511270,sh,10年地方债ETF海富通
2024-07-26,111.052,111.097,111.107,110.936,2836.0,511270,sh,10年地方债ETF海富通
2024-07-29,111.097,111.212,111.306,111.097,27088.0,511270,sh,10年地方债ETF海富通
2024-07-30,111.255,111.245,111.395,111.132,46743.0,511270,sh,10年地方债ETF海富通
2024-07-31,111.275,111.257,111.404,111.205,5593.0,511270,sh,10年地方债ETF海富通
2024-08-01,111.329,111.505,111.529,111.25,18677.0,511270,sh,10年地方债ETF海富通
2024-08-02,111.542,111.454,111.655,111.353,4989.0,511270,sh,10年地方债ETF海富通
2024-08-05,111.624,111.732,111.751,111.517,25409.0,511270,sh,10年地方债ETF海富通
2024-08-06,111.474,111.547,111.689,111.378,17644.0,511270,sh,10年地方债ETF海富通
2024-08-07,111.56,111.721,111.751,111.538,11022.0,511270,sh,10年地方债ETF海富通
2024-08-08,111.617,111.409,111.69,111.279,33497.0,511270,sh,10年地方债ETF海富通
2024-08-09,111.43,111.242,111.43,111.036,34832.0,511270,sh,10年地方债ETF海富通
2024-08-12,111.125,110.476,111.125,110.389,39494.0,511270,sh,10年地方债ETF海富通
2024-08-13,110.526,110.989,111.027,110.526,34408.0,511270,sh,10年地方债ETF海富通
2024-08-14,111.291,111.404,111.604,111.205,24847.0,511270,sh,10年地方债ETF海富通
2024-08-15,111.46,111.213,111.559,111.154,4924.0,511270,sh,10年地方债ETF海富通
2024-08-16,111.493,111.436,111.493,111.22,32076.0,511270,sh,10年地方债ETF海富通
2024-08-19,111.446,111.545,111.596,111.446,28883.0,511270,sh,10年地方债ETF海富通
2024-08-20,111.499,111.446,111.56,111.435,29148.0,511270,sh,10年地方债ETF海富通
2024-08-21,111.485,111.353,111.485,111.303,42906.0,511270,sh,10年地方债ETF海富通
2024-08-22,111.433,111.49,111.524,111.407,32510.0,511270,sh,10年地方债ETF海富通
2024-08-23,111.515,111.532,111.56,111.356,44706.0,511270,sh,10年地方债ETF海富通
2024-08-26,111.525,111.505,111.639,111.481,26083.0,511270,sh,10年地方债ETF海富通
2024-08-27,111.502,111.412,111.515,111.395,19977.0,511270,sh,10年地方债ETF海富通
2024-08-28,111.502,111.482,111.516,111.39,28187.0,511270,sh,10年地方债ETF海富通
2024-08-29,111.502,111.336,111.562,111.32,56829.0,511270,sh,10年地方债ETF海富通
2024-08-30,111.44,111.38,111.44,111.331,24712.0,511270,sh,10年地方债ETF海富通
2024-09-02,111.567,111.592,111.593,111.445,25372.0,511270,sh,10年地方债ETF海富通
2024-09-03,111.63,111.659,111.695,111.534,24797.0,511270,sh,10年地方债ETF海富通
2024-09-04,111.703,111.758,111.823,111.696,20180.0,511270,sh,10年地方债ETF海富通
2024-09-05,111.823,111.854,111.885,111.819,20092.0,511270,sh,10年地方债ETF海富通
2024-09-06,111.845,111.916,111.935,111.819,15749.0,511270,sh,10年地方债ETF海富通
2024-09-09,111.915,111.985,111.998,111.867,26332.0,511270,sh,10年地方债ETF海富通
2024-09-10,112.001,112.026,112.08,111.958,4344.0,511270,sh,10年地方债ETF海富通
2024-09-11,112.045,112.103,112.135,111.992,1434.0,511270,sh,10年地方债ETF海富通
2024-09-12,112.127,112.064,112.186,112.007,2719.0,511270,sh,10年地方债ETF海富通
2024-09-13,112.303,112.291,112.342,112.023,2356.0,511270,sh,10年地方债ETF海富通
2024-09-18,112.504,112.525,112.545,112.243,3578.0,511270,sh,10年地方债ETF海富通
2024-09-19,112.803,112.543,112.816,112.48,16668.0,511270,sh,10年地方债ETF海富通
2024-09-20,112.625,112.757,112.805,112.625,17518.0,511270,sh,10年地方债ETF海富通
2024-09-23,112.765,112.744,112.834,112.725,22545.0,511270,sh,10年地方债ETF海富通
2024-09-24,112.96,112.297,112.96,112.01,14671.0,511270,sh,10年地方债ETF海富通
2024-09-25,112.305,112.834,112.84,111.732,7043.0,511270,sh,10年地方债ETF海富通
2024-09-26,112.842,112.435,113.003,112.434,8072.0,511270,sh,10年地方债ETF海富通
2024-09-27,111.952,111.467,112.275,111.002,3278.0,511270,sh,10年地方债ETF海富通
2024-09-30,109.715,110.968,111.2,109.708,14479.0,511270,sh,10年地方债ETF海富通
2024-10-08,110.65,110.749,110.854,109.855,7123.0,511270,sh,10年地方债ETF海富通
2024-10-09,111.232,111.215,111.321,110.867,16195.0,511270,sh,10年地方债ETF海富通
2024-10-10,111.215,111.855,111.855,111.215,4476.0,511270,sh,10年地方债ETF海富通
2024-10-11,111.74,111.543,111.804,111.407,34008.0,511270,sh,10年地方债ETF海富通
2024-10-14,111.803,111.625,111.803,111.566,29188.0,511270,sh,10年地方债ETF海富通
2024-10-15,111.712,111.708,111.723,111.63,36530.0,511270,sh,10年地方债ETF海富通
2024-10-16,111.808,111.854,111.854,111.753,41386.0,511270,sh,10年地方债ETF海富通
2024-10-17,111.871,111.987,111.992,111.575,5202.0,511270,sh,10年地方债ETF海富通
2024-10-18,112.153,111.748,112.156,111.646,9874.0,511270,sh,10年地方债ETF海富通
2024-10-21,111.985,111.908,111.985,111.766,16078.0,511270,sh,10年地方债ETF海富通
2024-10-22,112.05,111.943,112.05,111.89,16767.0,511270,sh,10年地方债ETF海富通
2024-10-23,111.893,111.757,111.941,111.627,37636.0,511270,sh,10年地方债ETF海富通
2024-10-24,111.83,111.754,111.906,111.676,23703.0,511270,sh,10年地方债ETF海富通
2024-10-25,111.755,111.698,111.804,111.547,16155.0,511270,sh,10年地方债ETF海富通
2024-10-28,111.687,111.599,111.689,111.466,39468.0,511270,sh,10年地方债ETF海富通
2024-10-29,111.593,111.612,111.615,111.475,18395.0,511270,sh,10年地方债ETF海富通
2024-10-30,111.574,111.619,111.641,111.57,41248.0,511270,sh,10年地方债ETF海富通
2024-10-31,111.619,111.651,111.66,111.56,15301.0,511270,sh,10年地方债ETF海富通
2024-11-01,111.664,111.783,111.792,111.664,2755.0,511270,sh,10年地方债ETF海富通
2024-11-04,111.795,111.782,111.812,111.748,23910.0,511270,sh,10年地方债ETF海富通
2024-11-05,111.862,111.884,111.915,111.8,35616.0,511270,sh,10年地方债ETF海富通
2024-11-06,111.884,111.876,111.942,111.806,2909.0,511270,sh,10年地方债ETF海富通
2024-11-07,111.958,111.93,111.958,111.861,20327.0,511270,sh,10年地方债ETF海富通
2024-11-08,111.975,112.101,112.102,111.956,11214.0,511270,sh,10年地方债ETF海富通
2024-11-11,112.103,112.072,112.103,112.028,15148.0,511270,sh,10年地方债ETF海富通
2024-11-12,112.086,112.242,112.244,112.086,15571.0,511270,sh,10年地方债ETF海富通
2024-11-13,112.202,112.115,112.282,112.084,6049.0,511270,sh,10年地方债ETF海富通
2024-11-14,112.124,112.123,112.133,112.036,32042.0,511270,sh,10年地方债ETF海富通
2024-11-15,112.09,112.116,112.153,112.09,2109.0,511270,sh,10年地方债ETF海富通
2024-11-18,112.123,111.948,112.123,111.884,3924.0,511270,sh,10年地方债ETF海富通
2024-11-19,112.017,112.05,112.087,111.912,3268.0,511270,sh,10年地方债ETF海富通
2024-11-20,112.05,112.039,112.073,112.005,1582.0,511270,sh,10年地方债ETF海富通
2024-11-21,112.053,112.164,112.164,112.032,14622.0,511270,sh,10年地方债ETF海富通
2024-11-22,112.235,112.203,112.235,112.161,21244.0,511270,sh,10年地方债ETF海富通
2024-11-25,112.251,112.411,112.411,112.182,2263.0,511270,sh,10年地方债ETF海富通
2024-11-26,112.409,112.443,112.498,112.373,12719.0,511270,sh,10年地方债ETF海富通
2024-11-27,112.545,112.556,112.605,112.444,15693.0,511270,sh,10年地方债ETF海富通
2024-11-28,112.654,112.758,112.758,112.568,17021.0,511270,sh,10年地方债ETF海富通
2024-11-29,112.924,112.951,112.971,112.699,11473.0,511270,sh,10年地方债ETF海富通
2024-12-02,113.104,113.282,113.296,113.025,8043.0,511270,sh,10年地方债ETF海富通
2024-12-03,113.394,113.271,113.463,113.224,3035.0,511270,sh,10年地方债ETF海富通
2024-12-04,113.475,113.645,113.65,113.417,23895.0,511270,sh,10年地方债ETF海富通
2024-12-05,113.596,113.652,113.691,113.547,11670.0,511270,sh,10年地方债ETF海富通
2024-12-06,113.728,113.749,113.788,113.64,60842.0,511270,sh,10年地方债ETF海富通
2024-12-09,113.855,113.97,113.971,113.758,16467.0,511270,sh,10年地方债ETF海富通
2024-12-10,113.93,114.794,114.968,113.929,30103.0,511270,sh,10年地方债ETF海富通
2024-12-11,114.519,114.697,114.703,114.456,39972.0,511270,sh,10年地方债ETF海富通
2024-12-12,114.715,114.742,114.937,114.649,84458.0,511270,sh,10年地方债ETF海富通
2024-12-13,115.193,115.242,115.331,114.968,28414.0,511270,sh,10年地方债ETF海富通
2024-12-16,115.405,115.572,115.71,115.298,55631.0,511270,sh,10年地方债ETF海富通
2024-12-17,115.575,115.445,115.575,115.346,51363.0,511270,sh,10年地方债ETF海富通
2024-12-18,115.641,115.159,115.655,114.92,21713.0,511270,sh,10年地方债ETF海富通
2024-12-19,115.245,115.48,115.505,115.235,77849.0,511270,sh,10年地方债ETF海富通
2024-12-20,115.635,115.701,115.708,115.505,59880.0,511270,sh,10年地方债ETF海富通
2024-12-23,115.894,115.665,115.986,115.575,8928.0,511270,sh,10年地方债ETF海富通
2024-12-24,115.74,115.655,115.785,115.612,7976.0,511270,sh,10年地方债ETF海富通
2024-12-25,115.805,115.587,115.805,115.52,25700.0,511270,sh,10年地方债ETF海富通
2024-12-26,115.734,115.457,115.734,115.295,14980.0,511270,sh,10年地方债ETF海富通
2024-12-27,115.486,115.672,115.673,115.409,6350.0,511270,sh,10年地方债ETF海富通
2024-12-30,115.629,115.433,115.634,115.406,50964.0,511270,sh,10年地方债ETF海富通
2024-12-31,115.756,115.655,115.849,115.487,7691.0,511270,sh,10年地方债ETF海富通
2025-01-02,116.053,116.454,116.578,115.932,16911.0,511270,sh,10年地方债ETF海富通
2025-01-03,116.627,116.592,116.697,116.404,7965.0,511270,sh,10年地方债ETF海富通
2025-01-06,116.72,116.776,116.782,116.565,5564.0,511270,sh,10年地方债ETF海富通
2025-01-07,116.774,116.686,116.774,116.58,6565.0,511270,sh,10年地方债ETF海富通
2025-01-08,116.675,116.673,116.771,116.652,10824.0,511270,sh,10年地方债ETF海富通
2025-01-09,116.675,116.461,116.7,116.456,16382.0,511270,sh,10年地方债ETF海富通
2025-01-10,116.086,116.662,116.705,116.024,44061.0,511270,sh,10年地方债ETF海富通
2025-01-13,116.324,116.26,116.324,116.138,34555.0,511270,sh,10年地方债ETF海富通
2025-01-14,116.284,116.299,116.343,116.175,23430.0,511270,sh,10年地方债ETF海富通
2025-01-15,116.455,116.44,116.479,116.38,30504.0,511270,sh,10年地方债ETF海富通
2025-01-16,116.393,116.395,116.527,116.291,5616.0,511270,sh,10年地方债ETF海富通
2025-01-17,116.523,116.44,116.535,116.35,44002.0,511270,sh,10年地方债ETF海富通
2025-01-20,116.367,116.375,116.445,116.293,32568.0,511270,sh,10年地方债ETF海富通
2025-01-21,116.399,116.526,116.541,116.322,12579.0,511270,sh,10年地方债ETF海富通
2025-01-22,116.506,116.36,116.506,116.343,33413.0,511270,sh,10年地方债ETF海富通
2025-01-23,116.407,116.35,116.45,116.335,23156.0,511270,sh,10年地方债ETF海富通
2025-01-24,116.417,116.272,116.422,116.196,5557.0,511270,sh,10年地方债ETF海富通
2025-01-27,116.363,116.549,116.559,116.295,19188.0,511270,sh,10年地方债ETF海富通
2025-02-05,116.598,116.688,116.698,116.585,28390.0,511270,sh,10年地方债ETF海富通
2025-02-06,116.72,116.728,116.809,116.628,53993.0,511270,sh,10年地方债ETF海富通
2025-02-07,116.732,116.69,116.776,116.678,26999.0,511270,sh,10年地方债ETF海富通
2025-02-10,116.69,116.726,116.74,116.679,17477.0,511270,sh,10年地方债ETF海富通
2025-02-11,116.726,116.794,116.833,116.684,27504.0,511270,sh,10年地方债ETF海富通
2025-02-12,116.779,116.731,116.779,116.685,53108.0,511270,sh,10年地方债ETF海富通
2025-02-13,116.731,116.765,116.793,116.694,78408.0,511270,sh,10年地方债ETF海富通
2025-02-14,116.765,116.664,116.825,116.607,72958.0,511270,sh,10年地方债ETF海富通
2025-02-17,116.655,116.526,116.655,116.465,84852.0,511270,sh,10年地方债ETF海富通
2025-02-18,116.527,116.352,116.527,116.165,156399.0,511270,sh,10年地方债ETF海富通
2025-02-19,116.439,116.475,116.502,116.275,94418.0,511270,sh,10年地方债ETF海富通
2025-02-20,116.321,116.048,116.321,116.025,12292.0,511270,sh,10年地方债ETF海富通
2025-02-21,116.05,116.091,116.136,115.908,17198.0,511270,sh,10年地方债ETF海富通
2025-02-24,115.924,115.53,115.924,115.476,26288.0,511270,sh,10年地方债ETF海富通
2025-02-25,115.781,115.616,115.839,115.255,18930.0,511270,sh,10年地方债ETF海富通
2025-02-26,115.448,115.441,115.588,115.383,10175.0,511270,sh,10年地方债ETF海富通
2025-02-27,115.412,115.166,115.412,115.166,57843.0,511270,sh,10年地方债ETF海富通
2025-02-28,115.262,115.324,115.346,115.118,65765.0,511270,sh,10年地方债ETF海富通
2025-03-03,115.27,115.399,115.408,115.178,31546.0,511270,sh,10年地方债ETF海富通
2025-03-04,115.352,115.092,115.352,114.984,24425.0,511270,sh,10年地方债ETF海富通
2025-03-05,115.175,115.15,115.288,114.955,71964.0,511270,sh,10年地方债ETF海富通
2025-03-06,115.144,114.988,115.165,114.965,37533.0,511270,sh,10年地方债ETF海富通
2025-03-07,115.008,114.635,115.017,114.489,24781.0,511270,sh,10年地方债ETF海富通
2025-03-10,114.655,114.711,114.855,114.525,99355.0,511270,sh,10年地方债ETF海富通
2025-03-11,114.71,114.213,114.71,114.21,28417.0,511270,sh,10年地方债ETF海富通
2025-03-12,114.349,114.717,114.815,114.106,13130.0,511270,sh,10年地方债ETF海富通
2025-03-13,114.46,114.494,114.582,114.39,21204.0,511270,sh,10年地方债ETF海富通
2025-03-14,114.539,114.487,114.54,114.315,16640.0,511270,sh,10年地方债ETF海富通
2025-03-17,114.015,113.803,114.454,113.785,11234.0,511270,sh,10年地方债ETF海富通
2025-03-18,113.967,113.868,113.967,113.81,20223.0,511270,sh,10年地方债ETF海富通
2025-03-19,114.065,114.074,114.1,113.983,70342.0,511270,sh,10年地方债ETF海富通
2025-03-20,114.105,114.254,114.305,114.105,17815.0,511270,sh,10年地方债ETF海富通
2025-03-21,114.305,114.228,114.31,114.115,22598.0,511270,sh,10年地方债ETF海富通
2025-03-24,114.273,114.264,114.31,114.112,63710.0,511270,sh,10年地方债ETF海富通
2025-03-25,114.484,114.393,114.555,114.358,13197.0,511270,sh,10年地方债ETF海富通
2025-03-26,114.406,114.602,114.643,114.372,84990.0,511270,sh,10年地方债ETF海富通
2025-03-27,114.552,114.585,114.585,114.455,89857.0,511270,sh,10年地方债ETF海富通
2025-03-28,114.549,114.526,114.614,114.513,74600.0,511270,sh,10年地方债ETF海富通
2025-03-31,114.504,114.423,114.635,114.41,32866.0,511270,sh,10年地方债ETF海富通
2025-04-01,114.468,114.47,114.525,114.432,71762.0,511270,sh,10年地方债ETF海富通
2025-04-02,114.667,114.871,114.91,114.555,37635.0,511270,sh,10年地方债ETF海富通
2025-04-03,115.386,115.49,115.529,115.198,11807.0,511270,sh,10年地方债ETF海富通
2025-04-07,116.272,116.187,116.538,115.995,13153.0,511270,sh,10年地方债ETF海富通
2025-04-08,115.903,115.84,115.916,115.768,116314.0,511270,sh,10年地方债ETF海富通
2025-04-09,115.92,115.858,115.964,115.808,18238.0,511270,sh,10年地方债ETF海富通
2025-04-10,115.806,115.846,115.872,115.6,61432.0,511270,sh,10年地方债ETF海富通
2025-04-11,115.852,115.711,115.898,115.661,59660.0,511270,sh,10年地方债ETF海富通
2025-04-14,115.62,115.643,115.693,115.535,170456.0,511270,sh,10年地方债ETF海富通
2025-04-15,115.762,115.73,115.813,115.655,77132.0,511270,sh,10年地方债ETF海富通
2025-04-16,115.833,115.797,115.849,115.723,120508.0,511270,sh,10年地方债ETF海富通
2025-04-17,115.862,115.829,115.862,115.798,85634.0,511270,sh,10年地方债ETF海富通
2025-04-18,115.865,115.863,115.93,115.787,65275.0,511270,sh,10年地方债ETF海富通
2025-04-21,115.955,115.818,115.955,115.81,18593.0,511270,sh,10年地方债ETF海富通
2025-04-22,115.973,116.04,116.049,115.878,78047.0,511270,sh,10年地方债ETF海富通
2025-04-23,115.893,115.899,115.963,115.822,15463.0,511270,sh,10年地方债ETF海富通
2025-04-24,116.035,115.934,116.065,115.931,95795.0,511270,sh,10年地方债ETF海富通
2025-04-25,116.076,116.103,116.14,115.908,28755.0,511270,sh,10年地方债ETF海富通
2025-04-28,116.103,116.135,116.15,116.074,23909.0,511270,sh,10年地方债ETF海富通
2025-04-29,116.223,116.36,116.374,116.178,114552.0,511270,sh,10年地方债ETF海富通
2025-04-30,116.375,116.402,116.423,116.291,27453.0,511270,sh,10年地方债ETF海富通
2025-05-06,116.42,116.476,116.499,116.385,24874.0,511270,sh,10年地方债ETF海富通
2025-05-07,116.54,116.411,116.54,116.35,32332.0,511270,sh,10年地方债ETF海富通
2025-05-08,116.499,116.574,116.625,116.399,118976.0,511270,sh,10年地方债ETF海富通
2025-05-09,116.575,116.592,116.667,116.558,86556.0,511270,sh,10年地方债ETF海富通
2025-05-12,116.584,116.597,116.654,116.477,18554.0,511270,sh,10年地方债ETF海富通
2025-05-13,116.412,116.378,116.425,116.315,18554.0,511270,sh,10年地方债ETF海富通
2025-05-14,116.395,116.392,116.419,116.31,133302.0,511270,sh,10年地方债ETF海富通
2025-05-15,116.395,116.37,116.444,116.343,117810.0,511270,sh,10年地方债ETF海富通
2025-05-16,116.411,116.356,116.411,116.276,92380.0,511270,sh,10年地方债ETF海富通
2025-05-19,116.416,116.418,116.418,116.32,117196.0,511270,sh,10年地方债ETF海富通
2025-05-20,116.468,116.447,116.494,116.414,81130.0,511270,sh,10年地方债ETF海富通
2025-05-21,116.56,116.502,116.56,116.444,12771.0,511270,sh,10年地方债ETF海富通
2025-05-22,116.519,116.497,116.563,116.48,14198.0,511270,sh,10年地方债ETF海富通
2025-05-23,116.527,116.607,116.608,116.455,16621.0,511270,sh,10年地方债ETF海富通
2025-05-26,116.625,116.568,116.685,116.535,54590.0,511270,sh,10年地方债ETF海富通
2025-05-27,116.566,116.515,116.61,116.476,109102.0,511270,sh,10年地方债ETF海富通
2025-05-28,116.515,116.52,116.525,116.474,16535.0,511270,sh,10年地方债ETF海富通
2025-05-29,116.495,116.331,116.495,116.323,17659.0,511270,sh,10年地方债ETF海富通
2025-05-30,116.555,116.493,116.555,116.362,126195.0,511270,sh,10年地方债ETF海富通
2025-06-03,116.526,116.517,116.564,116.494,122554.0,511270,sh,10年地方债ETF海富通
2025-06-04,116.59,116.647,116.651,116.523,99733.0,511270,sh,10年地方债ETF海富通
2025-06-05,116.646,116.598,116.66,116.555,75943.0,511270,sh,10年地方债ETF海富通
2025-06-06,116.686,116.731,116.744,116.573,148489.0,511270,sh,10年地方债ETF海富通
2025-06-09,116.748,116.737,116.772,116.689,119713.0,511270,sh,10年地方债ETF海富通
2025-06-10,116.752,116.803,116.819,116.71,71037.0,511270,sh,10年地方债ETF海富通
2025-06-11,116.843,116.883,116.913,116.84,152914.0,511270,sh,10年地方债ETF海富通
2025-06-12,116.857,116.895,116.916,116.857,201653.0,511270,sh,10年地方债ETF海富通
2025-06-13,116.94,116.964,117.007,116.908,23465.0,511270,sh,10年地方债ETF海富通
2025-06-16,117.0,116.989,117.034,116.975,73035.0,511270,sh,10年地方债ETF海富通
2025-06-17,116.999,117.089,117.125,116.999,72553.0,511270,sh,10年地方债ETF海富通
2025-06-18,117.094,117.113,117.137,117.049,40961.0,511270,sh,10年地方债ETF海富通
2025-06-19,117.178,117.207,117.224,117.143,35052.0,511270,sh,10年地方债ETF海富通
2025-06-20,117.246,117.402,117.414,117.246,33897.0,511270,sh,10年地方债ETF海富通
2025-06-23,117.42,117.39,117.451,117.356,17638.0,511270,sh,10年地方债ETF海富通
2025-06-24,117.409,117.213,117.414,117.164,18978.0,511270,sh,10年地方债ETF海富通
2025-06-25,117.252,117.18,117.32,117.135,209008.0,511270,sh,10年地方债ETF海富通
2025-06-26,117.254,117.243,117.269,117.189,197954.0,511270,sh,10年地方债ETF海富通
2025-06-27,117.234,117.28,117.293,117.216,129800.0,511270,sh,10年地方债ETF海富通
2025-06-30,117.285,117.207,117.301,117.182,92558.0,511270,sh,10年地方债ETF海富通
2025-07-01,117.234,117.295,117.295,117.234,171251.0,511270,sh,10年地方债ETF海富通
2025-07-02,117.305,117.4,117.404,117.305,177314.0,511270,sh,10年地方债ETF海富通
2025-07-03,117.4,117.453,117.465,117.373,110073.0,511270,sh,10年地方债ETF海富通
2025-07-04,117.451,117.52,117.55,117.451,73906.0,511270,sh,10年地方债ETF海富通
2025-07-07,117.55,117.59,117.59,117.509,136793.0,511270,sh,10年地方债ETF海富通
2025-07-08,117.625,117.512,117.626,117.496,126600.0,511270,sh,10年地方债ETF海富通
2025-07-09,117.514,117.561,117.566,117.506,12526.0,511270,sh,10年地方债ETF海富通
2025-07-10,117.562,117.433,117.581,117.362,19549.0,511270,sh,10年地方债ETF海富通
2025-07-11,117.464,117.442,117.465,117.357,22311.0,511270,sh,10年地方债ETF海富通
2025-07-14,117.443,117.385,117.455,117.327,30422.0,511270,sh,10年地方债ETF海富通
2025-07-15,117.445,117.498,117.535,117.393,217032.0,511270,sh,10年地方债ETF海富通
2025-07-16,117.555,117.513,117.555,117.495,108855.0,511270,sh,10年地方债ETF海富通
2025-07-17,117.558,117.541,117.558,117.513,211886.0,511270,sh,10年地方债ETF海富通
2025-07-18,117.582,117.56,117.583,117.52,251125.0,511270,sh,10年地方债ETF海富通
2025-07-21,117.554,117.487,117.554,117.48,133079.0,511270,sh,10年地方债ETF海富通
2025-07-22,117.511,117.339,117.533,117.332,126509.0,511270,sh,10年地方债ETF海富通
2025-07-23,117.255,117.297,117.335,117.056,24463.0,511270,sh,10年地方债ETF海富通
2025-07-24,117.257,116.981,117.28,116.972,174306.0,511270,sh,10年地方债ETF海富通
2025-07-25,117.017,116.991,117.131,116.955,15628.0,511270,sh,10年地方债ETF海富通
2025-07-28,117.175,117.184,117.276,116.998,57970.0,511270,sh,10年地方债ETF海富通
2025-07-29,117.086,116.801,117.277,116.783,43530.0,511270,sh,10年地方债ETF海富通
2025-07-30,116.95,117.113,117.115,116.836,111156.0,511270,sh,10年地方债ETF海富通
2025-07-31,117.113,117.198,117.203,117.086,112446.0,511270,sh,10年地方债ETF海富通
2025-08-01,117.108,117.156,117.242,117.08,119871.0,511270,sh,10年地方债ETF海富通
2025-08-04,117.262,117.167,117.357,117.129,42698.0,511270,sh,10年地方债ETF海富通
2025-08-05,117.166,117.188,117.225,117.088,60907.0,511270,sh,10年地方债ETF海富通
2025-08-06,117.204,117.258,117.261,117.188,180571.0,511270,sh,10年地方债ETF海富通
2025-08-07,117.335,117.325,117.344,117.258,265073.0,511270,sh,10年地方债ETF海富通
2025-08-08,117.323,117.312,117.369,117.286,219137.0,511270,sh,10年地方债ETF海富通
2025-08-11,117.317,117.162,117.317,117.135,252623.0,511270,sh,10年地方债ETF海富通
2025-08-12,117.154,117.087,117.154,117.054,128931.0,511270,sh,10年地方债ETF海富通
2025-08-13,117.025,117.088,117.101,117.01,177895.0,511270,sh,10年地方债ETF海富通
2025-08-14,117.12,116.983,117.157,116.911,176894.0,511270,sh,10年地方债ETF海富通
2025-08-15,117.115,117.003,117.115,116.99,145960.0,511270,sh,10年地方债ETF海富通
2025-08-18,116.842,116.569,116.866,116.526,64812.0,511270,sh,10年地方债ETF海富通
2025-08-19,116.755,116.672,116.756,116.576,61743.0,511270,sh,10年地方债ETF海富通
2025-08-20,116.738,116.51,116.774,116.503,118370.0,511270,sh,10年地方债ETF海富通
2025-08-21,116.499,116.525,116.556,116.408,93444.0,511270,sh,10年地方债ETF海富通
2025-08-22,116.476,116.27,116.476,116.255,198649.0,511270,sh,10年地方债ETF海富通
2025-08-25,116.263,116.424,116.464,116.162,107027.0,511270,sh,10年地方债ETF海富通
2025-08-26,116.431,116.402,116.471,116.361,205077.0,511270,sh,10年地方债ETF海富通
2025-08-27,116.43,116.471,116.483,116.369,184006.0,511270,sh,10年地方债ETF海富通
2025-08-28,116.474,116.379,116.553,116.379,156742.0,511270,sh,10年地方债ETF海富通
2025-08-29,116.423,116.448,116.523,116.403,101719.0,511270,sh,10年地方债ETF海富通
2025-09-01,116.395,116.482,116.482,116.361,59666.0,511270,sh,10年地方债ETF海富通
2025-09-02,116.509,116.48,116.51,116.417,286771.0,511270,sh,10年地方债ETF海富通
2025-09-03,116.559,116.588,116.618,116.543,204469.0,511270,sh,10年地方债ETF海富通
2025-09-04,116.588,116.695,116.732,116.588,243465.0,511270,sh,10年地方债ETF海富通
2025-09-05,116.684,116.465,116.685,116.455,219408.0,511270,sh,10年地方债ETF海富通
2025-09-08,116.316,116.398,116.455,116.316,288785.0,511270,sh,10年地方债ETF海富通
2025-09-09,116.482,116.36,116.488,116.337,96379.0,511270,sh,10年地方债ETF海富通
2025-09-10,116.369,116.2,116.441,116.167,164508.0,511270,sh,10年地方债ETF海富通
2025-09-11,116.313,116.26,116.333,116.094,234225.0,511270,sh,10年地方债ETF海富通
2025-09-12,116.198,116.172,116.225,116.135,128063.0,511270,sh,10年地方债ETF海富通
2025-09-15,116.223,116.196,116.245,116.173,241349.0,511270,sh,10年地方债ETF海富通
2025-09-16,116.125,116.183,116.194,115.905,109436.0,511270,sh,10年地方债ETF海富通
2025-09-17,116.16,116.18,116.194,116.056,84436.0,511270,sh,10年地方债ETF海富通
2025-09-18,116.103,115.996,116.195,115.964,79123.0,511270,sh,10年地方债ETF海富通
2025-09-19,116.199,115.833,116.199,115.815,92377.0,511270,sh,10年地方债ETF海富通
2025-09-22,116.005,116.119,116.141,115.985,52229.0,511270,sh,10年地方债ETF海富通
2025-09-23,116.195,115.965,116.195,115.957,240493.0,511270,sh,10年地方债ETF海富通
2025-09-24,116.203,115.99,116.266,115.96,48055.0,511270,sh,10年地方债ETF海富通
2025-09-25,116.114,115.89,116.114,115.786,46170.0,511270,sh,10年地方债ETF海富通
2025-09-26,115.984,115.942,116.025,115.928,52835.0,511270,sh,10年地方债ETF海富通
2025-09-29,115.988,115.838,116.042,115.815,98625.0,511270,sh,10年地方债ETF海富通
2025-09-30,115.91,116.074,116.174,115.856,94932.0,511270,sh,10年地方债ETF海富通
2025-10-09,116.141,116.155,116.236,115.991,152458.0,511270,sh,10年地方债ETF海富通
2025-10-10,116.321,116.165,116.321,116.146,38062.0,511270,sh,10年地方债ETF海富通
2025-10-13,116.335,116.25,116.339,116.169,246695.0,511270,sh,10年地方债ETF海富通
2025-10-14,116.354,116.511,116.514,116.173,236569.0,511270,sh,10年地方债ETF海富通
2025-10-15,116.47,116.417,116.505,116.359,98920.0,511270,sh,10年地方债ETF海富通
2025-10-16,116.47,116.571,116.601,116.47,179599.0,511270,sh,10年地方债ETF海富通
2025-10-17,116.647,116.71,116.715,116.612,208868.0,511270,sh,10年地方债ETF海富通
2025-10-20,116.578,116.579,116.67,116.57,206208.0,511270,sh,10年地方债ETF海富通
2025-10-21,116.577,116.583,116.583,116.539,126820.0,511270,sh,10年地方债ETF海富通
2025-10-22,116.58,116.576,116.642,116.536,174022.0,511270,sh,10年地方债ETF海富通
2025-10-23,116.632,116.524,116.653,116.52,220301.0,511270,sh,10年地方债ETF海富通
2025-10-24,116.556,116.54,116.556,116.498,247240.0,511270,sh,10年地方债ETF海富通
2025-10-27,116.48,116.594,116.619,116.383,93004.0,511270,sh,10年地方债ETF海富通
2025-10-28,116.84,116.767,116.84,116.604,239675.0,511270,sh,10年地方债ETF海富通
2025-10-29,116.748,116.764,116.838,116.694,209513.0,511270,sh,10年地方债ETF海富通
2025-10-30,116.783,116.925,116.925,116.783,30310.0,511270,sh,10年地方债ETF海富通
2025-10-31,116.902,116.988,117.007,116.872,212093.0,511270,sh,10年地方债ETF海富通
2025-11-03,116.89,116.98,117.074,116.89,127373.0,511270,sh,10年地方债ETF海富通
2025-11-04,116.981,116.982,117.007,116.96,88558.0,511270,sh,10年地方债ETF海富通
2025-11-05,117.073,117.036,117.082,117.013,132707.0,511270,sh,10年地方债ETF海富通
2025-11-06,116.982,117.036,117.064,116.98,71714.0,511270,sh,10年地方债ETF海富通
2025-11-07,117.071,117.085,117.155,117.071,140809.0,511270,sh,10年地方债ETF海富通
2025-11-10,117.089,117.12,117.124,117.056,116321.0,511270,sh,10年地方债ETF海富通
2025-11-11,117.121,117.203,117.204,117.12,111525.0,511270,sh,10年地方债ETF海富通
2025-11-12,117.195,117.263,117.265,117.195,52204.0,511270,sh,10年地方债ETF海富通
2025-11-13,117.235,117.229,117.243,117.191,107003.0,511270,sh,10年地方债ETF海富通
2025-11-14,117.223,117.219,117.296,117.167,56697.0,511270,sh,10年地方债ETF海富通
2025-11-17,117.253,117.335,117.336,117.237,166201.0,511270,sh,10年地方债ETF海富通
2025-11-18,117.285,117.377,117.379,117.282,140259.0,511270,sh,10年地方债ETF海富通
2025-11-19,117.372,117.356,117.372,117.291,203451.0,511270,sh,10年地方债ETF海富通
2025-11-20,117.352,117.396,117.436,117.339,190027.0,511270,sh,10年地方债ETF海富通
2025-11-21,117.491,117.42,117.491,117.302,89693.0,511270,sh,10年地方债ETF海富通
2025-11-24,117.347,117.457,117.474,117.347,190880.0,511270,sh,10年地方债ETF海富通
2025-11-25,117.457,117.383,117.457,117.364,216344.0,511270,sh,10年地方债ETF海富通
2025-11-26,117.379,117.163,117.441,117.15,34524.0,511270,sh,10年地方债ETF海富通
2025-11-27,117.211,117.157,117.225,116.972,105214.0,511270,sh,10年地方债ETF海富通
2025-11-28,117.219,117.227,117.255,117.106,129959.0,511270,sh,10年地方债ETF海富通
2025-12-01,117.219,117.225,117.245,117.128,76271.0,511270,sh,10年地方债ETF海富通
2025-12-02,117.22,117.113,117.23,117.103,131784.0,511270,sh,10年地方债ETF海富通
2025-12-03,117.147,117.174,117.225,117.114,133420.0,511270,sh,10年地方债ETF海富通
2025-12-04,117.099,116.942,117.099,116.906,126333.0,511270,sh,10年地方债ETF海富通
2025-12-05,116.979,117.06,117.077,116.896,127995.0,511270,sh,10年地方债ETF海富通
2025-12-08,116.896,116.872,116.964,116.83,185288.0,511270,sh,10年地方债ETF海富通
2025-12-09,117.006,116.884,117.006,116.86,151042.0,511270,sh,10年地方债ETF海富通
2025-12-10,116.875,116.944,116.969,116.822,191664.0,511270,sh,10年地方债ETF海富通
2025-12-11,116.963,117.064,117.068,116.943,160066.0,511270,sh,10年地方债ETF海富通
2025-12-12,117.116,116.955,117.165,116.926,117319.0,511270,sh,10年地方债ETF海富通
2025-12-15,116.982,116.856,116.983,116.843,14053.0,511270,sh,10年地方债ETF海富通
2025-12-16,116.906,116.87,116.955,116.806,129004.0,511270,sh,10年地方债ETF海富通
2025-12-17,116.917,116.918,117.012,116.865,85936.0,511270,sh,10年地方债ETF海富通
2025-12-18,116.844,116.855,116.913,116.836,16237.0,511270,sh,10年地方债ETF海富通
2025-12-19,116.932,116.837,116.932,116.766,181936.0,511270,sh,10年地方债ETF海富通
2025-12-22,116.914,116.668,116.916,116.589,97356.0,511270,sh,10年地方债ETF海富通
2025-12-23,116.815,116.788,116.836,116.638,28613.0,511270,sh,10年地方债ETF海富通
2025-12-24,116.885,116.744,116.885,116.586,27177.0,511270,sh,10年地方债ETF海富通
2025-12-25,116.796,116.709,116.835,116.662,81394.0,511270,sh,10年地方债ETF海富通
2025-12-26,116.82,116.962,117.0,116.712,106577.0,511270,sh,10年地方债ETF海富通
2025-12-29,117.028,116.955,117.054,116.796,15627.0,511270,sh,10年地方债ETF海富通
2025-12-30,116.98,117.0,117.037,116.929,22095.0,511270,sh,10年地方债ETF海富通
2025-12-31,117.129,116.901,117.129,116.86,59475.0,511270,sh,10年地方债ETF海富通
2026-01-05,116.971,116.845,117.057,116.823,19298.0,511270,sh,10年地方债ETF海富通
2026-01-06,116.83,116.616,116.832,116.575,30373.0,511270,sh,10年地方债ETF海富通
2026-01-07,116.63,116.528,116.63,116.49,69837.0,511270,sh,10年地方债ETF海富通
2026-01-08,116.599,116.707,116.756,116.555,184661.0,511270,sh,10年地方债ETF海富通
2026-01-09,116.768,116.737,116.79,116.694,18973.0,511270,sh,10年地方债ETF海富通
2026-01-12,116.737,116.74,116.838,116.642,11977.0,511270,sh,10年地方债ETF海富通
2026-01-13,116.813,116.931,116.988,116.746,7488.0,511270,sh,10年地方债ETF海富通
2026-01-14,117.017,117.098,117.106,116.86,12935.0,511270,sh,10年地方债ETF海富通
2026-01-15,117.198,117.198,117.255,117.098,52895.0,511270,sh,10年地方债ETF海富通
2026-01-16,117.219,117.286,117.289,117.172,250790.0,511270,sh,10年地方债ETF海富通
2026-01-19,117.366,117.4,117.45,117.361,260993.0,511270,sh,10年地方债ETF海富通
2026-01-20,117.326,117.58,117.58,117.326,34311.0,511270,sh,10年地方债ETF海富通
2026-01-21,117.574,117.568,117.576,117.456,152458.0,511270,sh,10年地方债ETF海富通
2026-01-22,117.645,117.519,117.645,117.492,76614.0,511270,sh,10年地方债ETF海富通
2026-01-23,117.628,117.416,117.628,117.383,198733.0,511270,sh,10年地方债ETF海富通
2026-01-26,117.416,117.398,117.479,117.341,17099.0,511270,sh,10年地方债ETF海富通
2026-01-27,117.458,117.587,117.616,117.4,11247.0,511270,sh,10年地方债ETF海富通
2026-01-28,117.662,117.638,117.701,117.516,23227.0,511270,sh,10年地方债ETF海富通
2026-01-29,117.647,117.685,117.725,117.545,262576.0,511270,sh,10年地方债ETF海富通
2026-01-30,117.692,117.675,117.775,117.646,149307.0,511270,sh,10年地方债ETF海富通
2026-02-02,117.81,117.642,117.81,117.602,160559.0,511270,sh,10年地方债ETF海富通
2026-02-03,117.679,117.672,117.697,117.543,243694.0,511270,sh,10年地方债ETF海富通
2026-02-04,117.649,117.601,117.749,117.58,184734.0,511270,sh,10年地方债ETF海富通
2026-02-05,117.624,117.673,117.685,117.537,146589.0,511270,sh,10年地方债ETF海富通
2026-02-06,117.754,117.771,117.773,117.652,169426.0,511270,sh,10年地方债ETF海富通
2026-02-09,117.676,117.729,117.749,117.676,5107.0,511270,sh,10年地方债ETF海富通
2026-02-10,117.652,117.729,117.78,117.652,205548.0,511270,sh,10年地方债ETF海富通
2026-02-11,117.806,117.82,117.823,117.731,9714.0,511270,sh,10年地方债ETF海富通
2026-02-12,117.845,117.879,117.88,117.727,76384.0,511270,sh,10年地方债ETF海富通
2026-02-13,117.97,117.934,117.971,117.763,50543.0,511270,sh,10年地方债ETF海富通
2026-02-24,117.973,118.033,118.062,117.973,4081.0,511270,sh,10年地方债ETF海富通
2026-02-25,118.034,117.9,118.132,117.883,141088.0,511270,sh,10年地方债ETF海富通
2026-02-26,117.925,117.753,117.963,117.71,146350.0,511270,sh,10年地方债ETF海富通
2026-02-27,117.858,117.845,117.858,117.749,49909.0,511270,sh,10年地方债ETF海富通
2026-03-02,117.819,117.977,117.99,117.819,16790.0,511270,sh,10年地方债ETF海富通
2026-03-03,117.965,118.005,118.032,117.901,227099.0,511270,sh,10年地方债ETF海富通
2026-03-04,118.013,118.055,118.08,117.973,246745.0,511270,sh,10年地方债ETF海富通
2026-03-05,118.055,118.02,118.067,117.984,28323.0,511270,sh,10年地方债ETF海富通
2026-03-06,118.064,118.018,118.064,117.948,185437.0,511270,sh,10年地方债ETF海富通
2026-03-09,118.017,117.83,118.023,117.83,48856.0,511270,sh,10年地方债ETF海富通
2026-03-10,117.932,117.827,117.932,117.735,95125.0,511270,sh,10年地方债ETF海富通
2026-03-11,117.83,117.84,117.874,117.786,88073.0,511270,sh,10年地方债ETF海富通
2026-03-12,117.887,117.929,117.933,117.806,120869.0,511270,sh,10年地方债ETF海富通
2026-03-13,117.935,117.899,117.935,117.847,90970.0,511270,sh,10年地方债ETF海富通
2026-03-16,117.909,117.829,117.984,117.78,27460.0,511270,sh,10年地方债ETF海富通
2026-03-17,117.945,117.88,117.945,117.802,84313.0,511270,sh,10年地方债ETF海富通
2026-03-18,117.93,117.985,118.0,117.805,88282.0,511270,sh,10年地方债ETF海富通
2026-03-19,117.992,118.144,118.164,117.987,114352.0,511270,sh,10年地方债ETF海富通
2026-03-20,118.185,118.092,118.185,118.0,124611.0,511270,sh,10年地方债ETF海富通
2026-03-23,118.092,117.901,118.113,117.818,19957.0,511270,sh,10年地方债ETF海富通
2026-03-24,117.96,118.055,118.078,117.867,164896.0,511270,sh,10年地方债ETF海富通
2026-03-25,118.12,118.115,118.129,117.929,250890.0,511270,sh,10年地方债ETF海富通
2026-03-26,118.159,118.19,118.213,118.125,246354.0,511270,sh,10年地方债ETF海富通
2026-03-27,118.257,118.3,118.32,118.232,164500.0,511270,sh,10年地方债ETF海富通
2026-03-30,118.33,118.408,118.409,118.33,65401.0,511270,sh,10年地方债ETF海富通
2026-03-31,118.408,118.384,118.408,118.151,97441.0,511270,sh,10年地方债ETF海富通
2026-04-01,118.382,118.312,118.401,118.259,183247.0,511270,sh,10年地方债ETF海富通
2026-04-02,118.339,118.494,118.51,118.292,102751.0,511270,sh,10年地方债ETF海富通
2026-04-03,118.424,118.562,118.579,118.424,73202.0,511270,sh,10年地方债ETF海富通
2026-04-07,118.533,118.574,118.584,118.523,74810.0,511270,sh,10年地方债ETF海富通
2026-04-08,118.475,118.569,118.605,118.475,30981.0,511270,sh,10年地方债ETF海富通
2026-04-09,118.575,118.627,118.63,118.575,72275.0,511270,sh,10年地方债ETF海富通
2026-04-10,118.652,118.754,118.783,118.62,171732.0,511270,sh,10年地方债ETF海富通
2026-04-13,118.724,118.787,118.85,118.724,178581.0,511270,sh,10年地方债ETF海富通
2026-04-14,118.766,118.916,118.968,118.708,275879.0,511270,sh,10年地方债ETF海富通
2026-04-15,118.806,118.989,118.989,118.768,184310.0,511270,sh,10年地方债ETF海富通
2026-04-16,118.932,118.965,119.002,118.905,85737.0,511270,sh,10年地方债ETF海富通
2026-04-17,118.965,119.16,119.185,118.965,287167.0,511270,sh,10年地方债ETF海富通
2026-04-20,119.161,119.248,119.254,119.13,116239.0,511270,sh,10年地方债ETF海富通
2026-04-21,119.207,119.399,119.418,119.207,274500.0,511270,sh,10年地方债ETF海富通
2026-04-22,119.336,119.398,119.44,119.336,92211.0,511270,sh,10年地方债ETF海富通
2026-04-23,119.312,119.281,119.394,119.243,108848.0,511270,sh,10年地方债ETF海富通
2026-04-24,119.309,119.251,119.392,119.24,287448.0,511270,sh,10年地方债ETF海富通
2026-04-27,119.186,118.97,119.31,118.96,39364.0,511270,sh,10年地方债ETF海富通
2026-04-28,119.079,119.105,119.12,119.0,70609.0,511270,sh,10年地方债ETF海富通
2026-04-29,119.123,119.155,119.158,119.051,161176.0,511270,sh,10年地方债ETF海富通
2026-04-30,119.104,119.107,119.191,119.089,97987.0,511270,sh,10年地方债ETF海富通
2026-05-06,119.106,118.908,119.12,118.875,335604.0,511270,sh,10年地方债ETF海富通
2026-05-07,119.096,118.839,119.096,118.777,201943.0,511270,sh,10年地方债ETF海富通
2026-05-08,118.899,118.976,119.011,118.842,78264.0,511270,sh,10年地方债ETF海富通
2026-05-11,119.085,119.077,119.085,118.886,37564.0,511270,sh,10年地方债ETF海富通
2026-05-12,119.169,119.261,119.28,119.084,37748.0,511270,sh,10年地方债ETF海富通
2026-05-13,119.319,119.405,119.422,119.263,251668.0,511270,sh,10年地方债ETF海富通
2026-05-14,119.4,119.378,119.421,119.323,61967.0,511270,sh,10年地方债ETF海富通
2026-05-15,119.37,119.416,119.492,119.35,92802.0,511270,sh,10年地方债ETF海富通
2026-05-18,119.471,119.508,119.511,119.27,270988.0,511270,sh,10年地方债ETF海富通
2026-05-19,119.57,119.602,119.627,119.45,228071.0,511270,sh,10年地方债ETF海富通
2026-05-20,119.596,119.64,119.655,119.588,205868.0,511270,sh,10年地方债ETF海富通
2026-05-21,119.709,119.591,119.709,119.534,161002.0,511270,sh,10年地方债ETF海富通
2026-05-22,119.639,119.67,119.677,119.547,218173.0,511270,sh,10年地方债ETF海富通
2026-05-25,119.72,119.76,119.773,119.651,195497.0,511270,sh,10年地方债ETF海富通
2026-05-26,119.739,119.88,119.899,119.739,424933.0,511270,sh,10年地方债ETF海富通
2026-05-27,119.879,119.984,119.986,119.879,272891.0,511270,sh,10年地方债ETF海富通
2026-05-28,119.984,120.113,120.139,119.976,48218.0,511270,sh,10年地方债ETF海富通
2026-05-29,120.057,120.195,120.207,120.006,28433.0,511270,sh,10年地方债ETF海富通
2026-06-01,120.217,120.285,120.3,120.17,105093.0,511270,sh,10年地方债ETF海富通
2026-06-02,120.257,120.362,120.364,120.205,131001.0,511270,sh,10年地方债ETF海富通
2026-06-03,120.315,120.268,120.348,120.181,375936.0,511270,sh,10年地方债ETF海富通
2026-06-04,120.268,120.419,120.43,120.22,80583.0,511270,sh,10年地方债ETF海富通
2026-06-05,120.368,120.387,120.426,120.279,57605.0,511270,sh,10年地方债ETF海富通
2026-06-08,120.292,120.23,120.299,120.13,39528.0,511270,sh,10年地方债ETF海富通
2026-06-09,120.23,120.174,120.253,120.17,260451.0,511270,sh,10年地方债ETF海富通
2026-06-10,120.199,119.968,120.264,119.951,224710.0,511270,sh,10年地方债ETF海富通
2026-06-11,120.065,119.833,120.065,119.801,64898.0,511270,sh,10年地方债ETF海富通
2026-06-12,119.888,120.004,120.022,119.817,368085.0,511270,sh,10年地方债ETF海富通
2026-06-15,119.961,120.102,120.112,119.961,57292.0,511270,sh,10年地方债ETF海富通
2026-06-16,120.088,120.151,120.155,120.011,167389.0,511270,sh,10年地方债ETF海富通
2026-06-17,120.098,120.163,120.191,120.017,82530.0,511270,sh,10年地方债ETF海富通
2026-06-18,120.136,120.165,120.193,120.053,69752.0,511270,sh,10年地方债ETF海富通
2026-06-22,120.08,120.136,120.178,120.024,214822.0,511270,sh,10年地方债ETF海富通
2026-06-23,120.093,120.047,120.189,120.045,76315.0,511270,sh,10年地方债ETF海富通
2026-06-24,120.047,120.158,120.167,120.047,93147.0,511270,sh,10年地方债ETF海富通
2026-06-25,120.178,120.167,120.249,120.13,61746.0,511270,sh,10年地方债ETF海富通
2026-06-26,120.148,120.141,120.189,120.093,178167.0,511270,sh,10年地方债ETF海富通
2026-06-29,120.18,120.208,120.23,120.163,109608.0,511270,sh,10年地方债ETF海富通
2026-06-30,120.208,120.146,120.208,120.09,65623.0,511270,sh,10年地方债ETF海富通
2026-07-01,120.136,119.903,120.137,119.823,128979.0,511270,sh,10年地方债ETF海富通
2026-07-02,120.0,120.06,120.077,119.851,97788.0,511270,sh,10年地方债ETF海富通
2026-07-03,120.062,120.093,120.163,120.036,108367.0,511270,sh,10年地方债ETF海富通
