date,open,close,high,low,volume,code,market,name
2020-01-02,3.394,3.412,3.436,3.39,711037.0,510310,sh,沪深300ETF易方达
2020-01-03,3.418,3.408,3.428,3.4,510689.0,510310,sh,沪深300ETF易方达
2020-01-06,3.406,3.392,3.432,3.366,682111.0,510310,sh,沪深300ETF易方达
2020-01-07,3.396,3.416,3.422,3.396,661551.0,510310,sh,沪深300ETF易方达
2020-01-08,3.414,3.386,3.414,3.372,899086.0,510310,sh,沪深300ETF易方达
2020-01-09,3.41,3.422,3.43,3.408,698143.0,510310,sh,沪深300ETF易方达
2020-01-10,3.432,3.426,3.44,3.412,621986.0,510310,sh,沪深300ETF易方达
2020-01-13,3.426,3.464,3.466,3.41,541117.0,510310,sh,沪深300ETF易方达
2020-01-14,3.476,3.45,3.48,3.446,797582.0,510310,sh,沪深300ETF易方达
2020-01-15,3.448,3.422,3.454,3.414,526872.0,510310,sh,沪深300ETF易方达
2020-01-16,3.426,3.416,3.432,3.404,771203.0,510310,sh,沪深300ETF易方达
2020-01-17,3.418,3.418,3.442,3.408,461526.0,510310,sh,沪深300ETF易方达
2020-01-20,3.42,3.446,3.45,3.414,957226.0,510310,sh,沪深300ETF易方达
2020-01-21,3.44,3.384,3.44,3.378,691539.0,510310,sh,沪深300ETF易方达
2020-01-22,3.372,3.396,3.41,3.32,662684.0,510310,sh,沪深300ETF易方达
2020-01-23,3.374,3.298,3.376,3.258,789090.0,510310,sh,沪深300ETF易方达
2020-02-03,3.0,2.95,3.1,2.944,1326193.0,510310,sh,沪深300ETF易方达
2020-02-04,2.94,3.086,3.092,2.94,865621.0,510310,sh,沪深300ETF易方达
2020-02-05,3.084,3.124,3.16,3.084,695254.0,510310,sh,沪深300ETF易方达
2020-02-06,3.128,3.194,3.214,3.108,636605.0,510310,sh,沪深300ETF易方达
2020-02-07,3.184,3.196,3.196,3.15,531681.0,510310,sh,沪深300ETF易方达
2020-02-10,3.18,3.2,3.21,3.16,521014.0,510310,sh,沪深300ETF易方达
2020-02-11,3.2,3.24,3.256,3.2,513639.0,510310,sh,沪深300ETF易方达
2020-02-12,3.226,3.268,3.272,3.226,431559.0,510310,sh,沪深300ETF易方达
2020-02-13,3.262,3.254,3.28,3.24,521087.0,510310,sh,沪深300ETF易方达
2020-02-14,3.232,3.268,3.288,3.232,488549.0,510310,sh,沪深300ETF易方达
2020-02-17,3.27,3.346,3.352,3.27,565985.0,510310,sh,沪深300ETF易方达
2020-02-18,3.342,3.33,3.346,3.304,558077.0,510310,sh,沪深300ETF易方达
2020-02-19,3.326,3.326,3.354,3.318,579187.0,510310,sh,沪深300ETF易方达
2020-02-20,3.332,3.41,3.42,3.33,855694.0,510310,sh,沪深300ETF易方达
2020-02-21,3.41,3.422,3.45,3.398,740567.0,510310,sh,沪深300ETF易方达
2020-02-24,3.41,3.388,3.42,3.364,987717.0,510310,sh,沪深300ETF易方达
2020-02-25,3.34,3.386,3.394,3.304,861566.0,510310,sh,沪深300ETF易方达
2020-02-26,3.336,3.352,3.398,3.332,1152856.0,510310,sh,沪深300ETF易方达
2020-02-27,3.352,3.354,3.38,3.346,776569.0,510310,sh,沪深300ETF易方达
2020-02-28,3.3,3.248,3.322,3.226,991652.0,510310,sh,沪深300ETF易方达
2020-03-02,3.254,3.356,3.374,3.254,620693.0,510310,sh,沪深300ETF易方达
2020-03-03,3.39,3.36,3.418,3.344,756681.0,510310,sh,沪深300ETF易方达
2020-03-04,3.36,3.38,3.382,3.334,622787.0,510310,sh,沪深300ETF易方达
2020-03-05,3.414,3.462,3.474,3.394,825184.0,510310,sh,沪深300ETF易方达
2020-03-06,3.454,3.408,3.454,3.404,548222.0,510310,sh,沪深300ETF易方达
2020-03-09,3.37,3.292,3.37,3.282,800423.0,510310,sh,沪深300ETF易方达
2020-03-10,3.282,3.362,3.366,3.25,1053616.0,510310,sh,沪深300ETF易方达
2020-03-11,3.362,3.31,3.364,3.308,840565.0,510310,sh,沪深300ETF易方达
2020-03-12,3.264,3.252,3.28,3.226,801772.0,510310,sh,沪深300ETF易方达
2020-03-13,3.144,3.21,3.238,3.074,1135374.0,510310,sh,沪深300ETF易方达
2020-03-16,3.22,3.046,3.23,3.044,1080306.0,510310,sh,沪深300ETF易方达
2020-03-17,3.06,3.026,3.14,2.956,1185747.0,510310,sh,沪深300ETF易方达
2020-03-18,3.048,2.966,3.088,2.962,1251612.0,510310,sh,沪深300ETF易方达
2020-03-19,2.984,2.932,2.984,2.846,1208431.0,510310,sh,沪深300ETF易方达
2020-03-20,2.954,2.992,2.992,2.922,805792.0,510310,sh,沪深300ETF易方达
2020-03-23,2.94,2.878,2.942,2.868,965831.0,510310,sh,沪深300ETF易方达
2020-03-24,2.93,2.946,2.958,2.884,1054617.0,510310,sh,沪深300ETF易方达
2020-03-25,3.022,3.036,3.048,3.004,981637.0,510310,sh,沪深300ETF易方达
2020-03-26,3.02,3.016,3.052,2.996,732626.0,510310,sh,沪深300ETF易方达
2020-03-27,3.052,3.032,3.078,3.03,703741.0,510310,sh,沪深300ETF易方达
2020-03-30,2.994,3.0,3.016,2.966,702545.0,510310,sh,沪深300ETF易方达
2020-03-31,3.028,3.002,3.038,2.996,783659.0,510310,sh,沪深300ETF易方达
2020-04-01,2.998,2.998,3.048,2.992,724538.0,510310,sh,沪深300ETF易方达
2020-04-02,2.99,3.056,3.058,2.98,733628.0,510310,sh,沪深300ETF易方达
2020-04-03,3.05,3.032,3.052,3.02,889946.0,510310,sh,沪深300ETF易方达
2020-04-07,3.08,3.1,3.112,3.076,1012907.0,510310,sh,沪深300ETF易方达
2020-04-08,3.096,3.09,3.102,3.078,678714.0,510310,sh,沪深300ETF易方达
2020-04-09,3.1,3.1,3.11,3.094,893339.0,510310,sh,沪深300ETF易方达
2020-04-10,3.104,3.086,3.128,3.07,887892.0,510310,sh,沪深300ETF易方达
2020-04-13,3.08,3.066,3.082,3.058,620505.0,510310,sh,沪深300ETF易方达
2020-04-14,3.08,3.128,3.128,3.078,981224.0,510310,sh,沪深300ETF易方达
2020-04-15,3.13,3.11,3.132,3.106,716031.0,510310,sh,沪深300ETF易方达
2020-04-16,3.1,3.11,3.118,3.09,883789.0,510310,sh,沪深300ETF易方达
2020-04-17,3.12,3.146,3.162,3.12,1271093.0,510310,sh,沪深300ETF易方达
2020-04-20,3.146,3.152,3.154,3.116,877270.0,510310,sh,沪深300ETF易方达
2020-04-21,3.132,3.116,3.146,3.09,923545.0,510310,sh,沪深300ETF易方达
2020-04-22,3.102,3.148,3.148,3.092,998532.0,510310,sh,沪深300ETF易方达
2020-04-23,3.152,3.14,3.158,3.13,943145.0,510310,sh,沪深300ETF易方达
2020-04-24,3.138,3.108,3.138,3.1,1006305.0,510310,sh,沪深300ETF易方达
2020-04-27,3.11,3.132,3.15,3.108,1452649.0,510310,sh,沪深300ETF易方达
2020-04-28,3.126,3.152,3.162,3.082,1543009.0,510310,sh,沪深300ETF易方达
2020-04-29,3.128,3.166,3.18,3.128,1346140.0,510310,sh,沪深300ETF易方达
2020-04-30,3.176,3.218,3.222,3.174,1486875.0,510310,sh,沪深300ETF易方达
2020-05-06,3.178,3.23,3.238,3.16,2019198.0,510310,sh,沪深300ETF易方达
2020-05-07,3.228,3.222,3.234,3.214,1579034.0,510310,sh,沪深300ETF易方达
2020-05-08,3.232,3.258,3.274,3.232,1459090.0,510310,sh,沪深300ETF易方达
2020-05-11,3.26,3.252,3.29,3.242,912283.0,510310,sh,沪深300ETF易方达
2020-05-12,3.252,3.252,3.266,3.23,1409479.0,510310,sh,沪深300ETF易方达
2020-05-13,3.238,3.262,3.266,3.232,1953412.0,510310,sh,沪深300ETF易方达
2020-05-14,3.248,3.232,3.25,3.226,1570776.0,510310,sh,沪深300ETF易方达
2020-05-15,3.24,3.21,3.246,3.208,1331853.0,510310,sh,沪深300ETF易方达
2020-05-18,3.21,3.222,3.244,3.202,1103467.0,510310,sh,沪深300ETF易方达
2020-05-19,3.254,3.252,3.266,3.24,946616.0,510310,sh,沪深300ETF易方达
2020-05-20,3.252,3.232,3.252,3.228,1093665.0,510310,sh,沪深300ETF易方达
2020-05-21,3.24,3.212,3.246,3.21,1117083.0,510310,sh,沪深300ETF易方达
2020-05-22,3.212,3.14,3.22,3.136,1159892.0,510310,sh,沪深300ETF易方达
2020-05-25,3.144,3.138,3.146,3.122,1078499.0,510310,sh,沪深300ETF易方达
2020-05-26,3.15,3.184,3.184,3.144,1414370.0,510310,sh,沪深300ETF易方达
2020-05-27,3.18,3.168,3.18,3.154,996341.0,510310,sh,沪深300ETF易方达
2020-05-28,3.164,3.17,3.2,3.136,1027787.0,510310,sh,沪深300ETF易方达
2020-05-29,3.152,3.176,3.184,3.144,995916.0,510310,sh,沪深300ETF易方达
2020-06-01,3.194,3.27,3.278,3.194,1307094.0,510310,sh,沪深300ETF易方达
2020-06-02,3.272,3.284,3.292,3.262,1076013.0,510310,sh,沪深300ETF易方达
2020-06-03,3.3,3.284,3.32,3.282,944395.0,510310,sh,沪深300ETF易方达
2020-06-04,3.284,3.284,3.3,3.272,947234.0,510310,sh,沪深300ETF易方达
2020-06-05,3.292,3.308,3.31,3.274,904829.0,510310,sh,沪深300ETF易方达
2020-06-08,3.314,3.322,3.346,3.314,866394.0,510310,sh,沪深300ETF易方达
2020-06-09,3.322,3.338,3.348,3.316,1120150.0,510310,sh,沪深300ETF易方达
2020-06-10,3.34,3.342,3.344,3.326,933618.0,510310,sh,沪深300ETF易方达
2020-06-11,3.342,3.304,3.35,3.29,1289463.0,510310,sh,沪深300ETF易方达
2020-06-12,3.274,3.312,3.326,3.252,1356566.0,510310,sh,沪深300ETF易方达
2020-06-15,3.298,3.27,3.31,3.266,1103341.0,510310,sh,沪深300ETF易方达
2020-06-16,3.284,3.318,3.32,3.284,1232574.0,510310,sh,沪深300ETF易方达
2020-06-17,3.318,3.322,3.324,3.3,938507.0,510310,sh,沪深300ETF易方达
2020-06-18,3.32,3.354,3.356,3.308,909402.0,510310,sh,沪深300ETF易方达
2020-06-19,3.356,3.39,3.412,3.35,1185646.0,510310,sh,沪深300ETF易方达
2020-06-22,3.42,3.398,3.426,3.39,1255645.0,510310,sh,沪深300ETF易方达
2020-06-23,3.398,3.424,3.424,3.382,1265991.0,510310,sh,沪深300ETF易方达
2020-06-24,3.424,3.448,3.45,3.424,1006930.0,510310,sh,沪深300ETF易方达
2020-06-29,3.442,3.42,3.446,3.4,1087075.0,510310,sh,沪深300ETF易方达
2020-06-30,3.434,3.468,3.48,3.434,1364633.0,510310,sh,沪深300ETF易方达
2020-07-01,3.48,3.544,3.55,3.466,1573711.0,510310,sh,沪深300ETF易方达
2020-07-02,3.552,3.626,3.636,3.54,1711856.0,510310,sh,沪深300ETF易方达
2020-07-03,3.636,3.706,3.712,3.634,1657705.0,510310,sh,沪深300ETF易方达
2020-07-06,3.74,4.003,4.021,3.74,2055804.0,510310,sh,沪深300ETF易方达
2020-07-07,4.063,3.965,4.101,3.951,2178929.0,510310,sh,沪深300ETF易方达
2020-07-08,3.965,4.011,4.049,3.937,1663615.0,510310,sh,沪深300ETF易方达
2020-07-09,4.013,4.089,4.099,3.997,1720850.0,510310,sh,沪深300ETF易方达
2020-07-10,4.075,4.009,4.075,3.985,1438852.0,510310,sh,沪深300ETF易方达
2020-07-13,4.003,4.095,4.131,4.001,1614912.0,510310,sh,沪深300ETF易方达
2020-07-14,4.093,4.059,4.109,4.001,1848015.0,510310,sh,沪深300ETF易方达
2020-07-15,4.077,4.013,4.101,3.993,1413511.0,510310,sh,沪深300ETF易方达
2020-07-16,4.009,3.82,4.043,3.806,1849980.0,510310,sh,沪深300ETF易方达
2020-07-17,3.812,3.832,3.885,3.786,1621044.0,510310,sh,沪深300ETF易方达
2020-07-20,3.848,3.959,3.961,3.834,1305121.0,510310,sh,沪深300ETF易方达
2020-07-21,3.987,3.975,3.989,3.945,1393111.0,510310,sh,沪深300ETF易方达
2020-07-22,3.963,3.995,4.069,3.961,1412012.0,510310,sh,沪深300ETF易方达
2020-07-23,3.975,3.991,4.015,3.903,1366760.0,510310,sh,沪深300ETF易方达
2020-07-24,3.977,3.824,3.977,3.79,1504211.0,510310,sh,沪深300ETF易方达
2020-07-27,3.824,3.832,3.86,3.788,1011338.0,510310,sh,沪深300ETF易方达
2020-07-28,3.858,3.862,3.881,3.834,1132512.0,510310,sh,沪深300ETF易方达
2020-07-29,3.846,3.977,3.979,3.846,1713677.0,510310,sh,沪深300ETF易方达
2020-07-30,3.975,3.947,3.989,3.941,948618.0,510310,sh,沪深300ETF易方达
2020-07-31,3.945,3.977,4.031,3.911,1710140.0,510310,sh,沪深300ETF易方达
2020-08-03,3.997,4.053,4.053,3.997,1730101.0,510310,sh,沪深300ETF易方达
2020-08-04,4.061,4.049,4.081,4.031,1361172.0,510310,sh,沪深300ETF易方达
2020-08-05,4.039,4.051,4.067,3.993,1183326.0,510310,sh,沪深300ETF易方达
2020-08-06,4.049,4.043,4.071,3.973,1647259.0,510310,sh,沪深300ETF易方达
2020-08-07,4.021,4.003,4.033,3.931,1620193.0,510310,sh,沪深300ETF易方达
2020-08-10,3.985,4.017,4.043,3.935,1121050.0,510310,sh,沪深300ETF易方达
2020-08-11,4.019,3.971,4.073,3.963,1259380.0,510310,sh,沪深300ETF易方达
2020-08-12,3.965,3.939,3.977,3.871,1197752.0,510310,sh,沪深300ETF易方达
2020-08-13,3.939,3.927,3.961,3.921,982318.0,510310,sh,沪深300ETF易方达
2020-08-14,3.923,4.007,4.009,3.915,1323855.0,510310,sh,沪深300ETF易方达
2020-08-17,4.013,4.099,4.121,4.013,1378134.0,510310,sh,沪深300ETF易方达
2020-08-18,4.109,4.093,4.109,4.069,1057577.0,510310,sh,沪深300ETF易方达
2020-08-19,4.097,4.029,4.097,4.027,1179932.0,510310,sh,沪深300ETF易方达
2020-08-20,4.015,3.977,4.017,3.961,1021540.0,510310,sh,沪深300ETF易方达
2020-08-21,3.991,4.017,4.037,3.979,1277046.0,510310,sh,沪深300ETF易方达
2020-08-24,4.031,4.041,4.057,4.009,1140216.0,510310,sh,沪深300ETF易方达
2020-08-25,4.059,4.053,4.095,4.033,891628.0,510310,sh,沪深300ETF易方达
2020-08-26,4.043,4.001,4.075,3.985,1165794.0,510310,sh,沪深300ETF易方达
2020-08-27,4.001,4.029,4.031,3.979,839408.0,510310,sh,沪深300ETF易方达
2020-08-28,4.015,4.135,4.143,4.015,1810803.0,510310,sh,沪深300ETF易方达
2020-08-31,4.149,4.109,4.183,4.097,1422248.0,510310,sh,沪深300ETF易方达
2020-09-01,4.113,4.127,4.127,4.081,913757.0,510310,sh,沪深300ETF易方达
2020-09-02,4.125,4.121,4.143,4.083,1312350.0,510310,sh,沪深300ETF易方达
2020-09-03,4.113,4.107,4.157,4.089,1039371.0,510310,sh,沪深300ETF易方达
2020-09-04,4.071,4.069,4.077,4.023,1244606.0,510310,sh,沪深300ETF易方达
2020-09-07,4.057,3.981,4.081,3.957,978647.0,510310,sh,沪深300ETF易方达
2020-09-08,4.001,3.993,4.007,3.947,1192516.0,510310,sh,沪深300ETF易方达
2020-09-09,3.951,3.901,3.955,3.869,1275171.0,510310,sh,沪深300ETF易方达
2020-09-10,3.923,3.895,3.949,3.883,975553.0,510310,sh,沪深300ETF易方达
2020-09-11,3.895,3.935,3.939,3.879,1028459.0,510310,sh,沪深300ETF易方达
2020-09-14,3.937,3.953,3.965,3.929,832507.0,510310,sh,沪深300ETF易方达
2020-09-15,3.951,3.985,3.991,3.941,796016.0,510310,sh,沪深300ETF易方达
2020-09-16,3.993,3.965,3.993,3.945,735875.0,510310,sh,沪深300ETF易方达
2020-09-17,3.953,3.941,3.971,3.915,829251.0,510310,sh,沪深300ETF易方达
2020-09-18,3.941,4.043,4.043,3.941,1042391.0,510310,sh,沪深300ETF易方达
2020-09-21,4.045,3.995,4.057,3.991,883683.0,510310,sh,沪深300ETF易方达
2020-09-22,3.969,3.945,4.009,3.925,1174357.0,510310,sh,沪深300ETF易方达
2020-09-23,3.947,3.957,3.971,3.931,930114.0,510310,sh,沪深300ETF易方达
2020-09-24,3.929,3.885,3.939,3.879,945543.0,510310,sh,沪深300ETF易方达
2020-09-25,3.889,3.893,3.917,3.875,764718.0,510310,sh,沪深300ETF易方达
2020-09-28,3.891,3.901,3.929,3.885,610041.0,510310,sh,沪深300ETF易方达
2020-09-29,3.911,3.909,3.937,3.903,817747.0,510310,sh,沪深300ETF易方达
2020-09-30,3.919,3.895,3.943,3.875,995807.0,510310,sh,沪深300ETF易方达
2020-10-09,3.927,3.985,4.005,3.927,730362.0,510310,sh,沪深300ETF易方达
2020-10-12,3.997,4.115,4.117,3.987,780458.0,510310,sh,沪深300ETF易方达
2020-10-13,4.125,4.131,4.139,4.089,1024142.0,510310,sh,沪深300ETF易方达
2020-10-14,4.121,4.105,4.121,4.093,688653.0,510310,sh,沪深300ETF易方达
2020-10-15,4.101,4.099,4.129,4.089,714226.0,510310,sh,沪深300ETF易方达
2020-10-16,4.095,4.093,4.121,4.059,716866.0,510310,sh,沪深300ETF易方达
2020-10-19,4.107,4.057,4.149,4.047,965559.0,510310,sh,沪深300ETF易方达
2020-10-20,4.047,4.087,4.091,4.043,810600.0,510310,sh,沪深300ETF易方达
2020-10-21,4.089,4.095,4.099,4.057,918908.0,510310,sh,沪深300ETF易方达
2020-10-22,4.081,4.079,4.093,4.029,804857.0,510310,sh,沪深300ETF易方达
2020-10-23,4.075,4.035,4.101,4.025,1049585.0,510310,sh,沪深300ETF易方达
2020-10-26,4.021,3.993,4.021,3.953,978193.0,510310,sh,沪深300ETF易方达
2020-10-27,3.977,4.013,4.017,3.977,910471.0,510310,sh,沪深300ETF易方达
2020-10-28,4.013,4.043,4.055,3.995,679981.0,510310,sh,沪深300ETF易方达
2020-10-29,4.009,4.085,4.099,3.997,832266.0,510310,sh,沪深300ETF易方达
2020-10-30,4.079,4.005,4.083,3.997,1072211.0,510310,sh,沪深300ETF易方达
2020-11-02,4.005,4.027,4.047,4.005,892639.0,510310,sh,沪深300ETF易方达
2020-11-03,4.041,4.079,4.095,4.041,1026827.0,510310,sh,沪深300ETF易方达
2020-11-04,4.079,4.107,4.127,4.071,984117.0,510310,sh,沪深300ETF易方达
2020-11-05,4.133,4.177,4.181,4.131,978910.0,510310,sh,沪深300ETF易方达
2020-11-06,4.185,4.179,4.191,4.141,1038252.0,510310,sh,沪深300ETF易方达
2020-11-09,4.195,4.263,4.289,4.195,1014468.0,510310,sh,沪深300ETF易方达
2020-11-10,4.297,4.239,4.299,4.215,1199922.0,510310,sh,沪深300ETF易方达
2020-11-11,4.227,4.195,4.243,4.191,1181130.0,510310,sh,沪深300ETF易方达
2020-11-12,4.197,4.197,4.217,4.179,1616027.0,510310,sh,沪深300ETF易方达
2020-11-13,4.183,4.153,4.183,4.121,1231134.0,510310,sh,沪深300ETF易方达
2020-11-16,4.195,4.199,4.201,4.143,904120.0,510310,sh,沪深300ETF易方达
2020-11-17,4.205,4.187,4.205,4.163,1035861.0,510310,sh,沪深300ETF易方达
2020-11-18,4.185,4.181,4.207,4.163,933593.0,510310,sh,沪深300ETF易方达
2020-11-19,4.179,4.219,4.231,4.165,932437.0,510310,sh,沪深300ETF易方达
2020-11-20,4.221,4.233,4.239,4.209,727800.0,510310,sh,沪深300ETF易方达
2020-11-23,4.239,4.283,4.311,4.225,1283530.0,510310,sh,沪深300ETF易方达
2020-11-24,4.279,4.259,4.289,4.251,742698.0,510310,sh,沪深300ETF易方达
2020-11-25,4.277,4.209,4.289,4.207,913473.0,510310,sh,沪深300ETF易方达
2020-11-26,4.211,4.207,4.219,4.167,912088.0,510310,sh,沪深300ETF易方达
2020-11-27,4.211,4.275,4.279,4.205,917349.0,510310,sh,沪深300ETF易方达
2020-11-30,4.283,4.253,4.337,4.251,991229.0,510310,sh,沪深300ETF易方达
2020-12-01,4.261,4.351,4.355,4.255,1165924.0,510310,sh,沪深300ETF易方达
2020-12-02,4.355,4.347,4.371,4.321,1130677.0,510310,sh,沪深300ETF易方达
2020-12-03,4.349,4.341,4.355,4.319,670658.0,510310,sh,沪深300ETF易方达
2020-12-04,4.343,4.351,4.355,4.297,666233.0,510310,sh,沪深300ETF易方达
2020-12-07,4.351,4.309,4.353,4.295,696043.0,510310,sh,沪深300ETF易方达
2020-12-08,4.309,4.297,4.329,4.289,696395.0,510310,sh,沪深300ETF易方达
2020-12-09,4.299,4.243,4.317,4.235,786175.0,510310,sh,沪深300ETF易方达
2020-12-10,4.239,4.235,4.253,4.219,795810.0,510310,sh,沪深300ETF易方达
2020-12-11,4.241,4.183,4.251,4.153,959578.0,510310,sh,沪深300ETF易方达
2020-12-14,4.185,4.219,4.223,4.177,783602.0,510310,sh,沪深300ETF易方达
2020-12-15,4.219,4.231,4.239,4.195,679598.0,510310,sh,沪深300ETF易方达
2020-12-16,4.233,4.239,4.251,4.225,598887.0,510310,sh,沪深300ETF易方达
2020-12-17,4.237,4.307,4.307,4.233,824260.0,510310,sh,沪深300ETF易方达
2020-12-18,4.309,4.287,4.311,4.259,684747.0,510310,sh,沪深300ETF易方达
2020-12-21,4.281,4.319,4.331,4.255,680400.0,510310,sh,沪深300ETF易方达
2020-12-22,4.317,4.249,4.327,4.247,920744.0,510310,sh,沪深300ETF易方达
2020-12-23,4.249,4.287,4.309,4.249,753928.0,510310,sh,沪深300ETF易方达
2020-12-24,4.287,4.287,4.309,4.271,725005.0,510310,sh,沪深300ETF易方达
2020-12-25,4.285,4.325,4.327,4.263,709792.0,510310,sh,沪深300ETF易方达
2020-12-28,4.325,4.343,4.367,4.315,793588.0,510310,sh,沪深300ETF易方达
2020-12-29,4.343,4.327,4.365,4.321,824115.0,510310,sh,沪深300ETF易方达
2020-12-30,4.317,4.383,4.383,4.315,831692.0,510310,sh,沪深300ETF易方达
2020-12-31,4.393,4.477,4.481,4.393,703268.0,510310,sh,沪深300ETF易方达
2021-01-04,4.487,4.525,4.543,4.453,1349399.0,510310,sh,沪深300ETF易方达
2021-01-05,4.519,4.609,4.619,4.489,1364021.0,510310,sh,沪深300ETF易方达
2021-01-06,4.621,4.657,4.681,4.601,1125798.0,510310,sh,沪深300ETF易方达
2021-01-07,4.665,4.757,4.761,4.649,955362.0,510310,sh,沪深300ETF易方达
2021-01-08,4.761,4.739,4.787,4.689,1083076.0,510310,sh,沪深300ETF易方达
2021-01-11,4.739,4.681,4.781,4.657,966930.0,510310,sh,沪深300ETF易方达
2021-01-12,4.667,4.827,4.831,4.667,1202946.0,510310,sh,沪深300ETF易方达
2021-01-13,4.857,4.805,4.861,4.775,931067.0,510310,sh,沪深300ETF易方达
2021-01-14,4.805,4.713,4.805,4.707,927106.0,510310,sh,沪深300ETF易方达
2021-01-15,4.713,4.701,4.739,4.639,1056850.0,510310,sh,沪深300ETF易方达
2021-01-18,4.685,4.751,4.775,4.657,935991.0,510310,sh,沪深300ETF易方达
2021-01-19,4.755,4.681,4.763,4.667,813193.0,510310,sh,沪深300ETF易方达
2021-01-20,4.681,4.709,4.729,4.673,690091.0,510310,sh,沪深300ETF易方达
2021-01-21,4.733,4.795,4.817,4.725,793181.0,510310,sh,沪深300ETF易方达
2021-01-22,4.797,4.793,4.807,4.743,752128.0,510310,sh,沪深300ETF易方达
2021-01-25,4.791,4.847,4.871,4.765,647607.0,510310,sh,沪深300ETF易方达
2021-01-26,4.841,4.755,4.841,4.743,606675.0,510310,sh,沪深300ETF易方达
2021-01-27,4.753,4.761,4.779,4.699,896822.0,510310,sh,沪深300ETF易方达
2021-01-28,4.695,4.629,4.707,4.619,1072563.0,510310,sh,沪深300ETF易方达
2021-01-29,4.643,4.609,4.671,4.557,1227206.0,510310,sh,沪深300ETF易方达
2021-02-01,4.615,4.657,4.661,4.599,1058825.0,510310,sh,沪深300ETF易方达
2021-02-02,4.675,4.731,4.731,4.659,734823.0,510310,sh,沪深300ETF易方达
2021-02-03,4.733,4.727,4.761,4.713,890034.0,510310,sh,沪深300ETF易方达
2021-02-04,4.711,4.717,4.743,4.665,983108.0,510310,sh,沪深300ETF易方达
2021-02-05,4.717,4.725,4.781,4.717,702572.0,510310,sh,沪深300ETF易方达
2021-02-08,4.731,4.783,4.805,4.717,937499.0,510310,sh,沪深300ETF易方达
2021-02-09,4.791,4.907,4.913,4.787,711419.0,510310,sh,沪深300ETF易方达
2021-02-10,4.919,5.019,5.043,4.915,833200.0,510310,sh,沪深300ETF易方达
2021-02-18,5.121,4.987,5.131,4.961,1174698.0,510310,sh,沪深300ETF易方达
2021-02-19,4.947,4.979,4.997,4.895,1308397.0,510310,sh,沪深300ETF易方达
2021-02-22,4.983,4.825,4.985,4.823,1085483.0,510310,sh,沪深300ETF易方达
2021-02-23,4.811,4.811,4.865,4.783,718542.0,510310,sh,沪深300ETF易方达
2021-02-24,4.839,4.673,4.839,4.627,1180456.0,510310,sh,沪深300ETF易方达
2021-02-25,4.713,4.719,4.759,4.687,1145861.0,510310,sh,沪深300ETF易方达
2021-02-26,4.641,4.591,4.667,4.577,1207564.0,510310,sh,沪深300ETF易方达
2021-03-01,4.617,4.661,4.665,4.605,788199.0,510310,sh,沪深300ETF易方达
2021-03-02,4.681,4.605,4.693,4.569,604050.0,510310,sh,沪深300ETF易方达
2021-03-03,4.597,4.695,4.697,4.579,616114.0,510310,sh,沪深300ETF易方达
2021-03-04,4.653,4.555,4.653,4.523,752152.0,510310,sh,沪深300ETF易方达
2021-03-05,4.511,4.527,4.569,4.451,945564.0,510310,sh,沪深300ETF易方达
2021-03-08,4.553,4.359,4.585,4.353,971913.0,510310,sh,沪深300ETF易方达
2021-03-09,4.359,4.263,4.375,4.217,1333223.0,510310,sh,沪深300ETF易方达
2021-03-10,4.341,4.281,4.341,4.267,1339986.0,510310,sh,沪深300ETF易方达
2021-03-11,4.295,4.399,4.407,4.295,1001845.0,510310,sh,沪深300ETF易方达
2021-03-12,4.405,4.411,4.417,4.359,713133.0,510310,sh,沪深300ETF易方达
2021-03-15,4.399,4.323,4.405,4.283,546743.0,510310,sh,沪深300ETF易方达
2021-03-16,4.323,4.349,4.365,4.295,533529.0,510310,sh,沪深300ETF易方达
2021-03-17,4.329,4.369,4.397,4.297,605106.0,510310,sh,沪深300ETF易方达
2021-03-18,4.375,4.409,4.429,4.375,612423.0,510310,sh,沪深300ETF易方达
2021-03-19,4.361,4.291,4.361,4.261,619564.0,510310,sh,沪深300ETF易方达
2021-03-22,4.293,4.329,4.349,4.275,430373.0,510310,sh,沪深300ETF易方达
2021-03-23,4.343,4.293,4.347,4.255,630992.0,510310,sh,沪深300ETF易方达
2021-03-24,4.279,4.229,4.315,4.213,926504.0,510310,sh,沪深300ETF易方达
2021-03-25,4.211,4.225,4.245,4.187,520913.0,510310,sh,沪深300ETF易方达
2021-03-26,4.241,4.315,4.337,4.239,688896.0,510310,sh,沪深300ETF易方达
2021-03-29,4.313,4.321,4.361,4.287,773162.0,510310,sh,沪深300ETF易方达
2021-03-30,4.317,4.363,4.377,4.313,505339.0,510310,sh,沪深300ETF易方达
2021-03-31,4.375,4.329,4.375,4.297,627947.0,510310,sh,沪深300ETF易方达
2021-04-01,4.333,4.391,4.399,4.333,379925.0,510310,sh,沪深300ETF易方达
2021-04-02,4.401,4.431,4.437,4.389,420417.0,510310,sh,沪深300ETF易方达
2021-04-06,4.441,4.403,4.453,4.395,370919.0,510310,sh,沪深300ETF易方达
2021-04-07,4.417,4.379,4.417,4.351,383434.0,510310,sh,沪深300ETF易方达
2021-04-08,4.371,4.389,4.405,4.339,370365.0,510310,sh,沪深300ETF易方达
2021-04-09,4.385,4.325,4.385,4.313,497616.0,510310,sh,沪深300ETF易方达
2021-04-12,4.315,4.245,4.333,4.231,804017.0,510310,sh,沪深300ETF易方达
2021-04-13,4.235,4.239,4.281,4.225,831972.0,510310,sh,沪深300ETF易方达
2021-04-14,4.247,4.265,4.275,4.237,802914.0,510310,sh,沪深300ETF易方达
2021-04-15,4.259,4.243,4.259,4.191,664663.0,510310,sh,沪深300ETF易方达
2021-04-16,4.259,4.261,4.269,4.213,961137.0,510310,sh,沪深300ETF易方达
2021-04-19,4.261,4.373,4.377,4.229,907752.0,510310,sh,沪深300ETF易方达
2021-04-20,4.355,4.365,4.395,4.343,910502.0,510310,sh,沪深300ETF易方达
2021-04-21,4.347,4.369,4.385,4.329,650821.0,510310,sh,沪深300ETF易方达
2021-04-22,4.379,4.367,4.397,4.349,674176.0,510310,sh,沪深300ETF易方达
2021-04-23,4.367,4.417,4.427,4.361,508310.0,510310,sh,沪深300ETF易方达
2021-04-26,4.415,4.353,4.465,4.351,787142.0,510310,sh,沪深300ETF易方达
2021-04-27,4.351,4.373,4.377,4.339,560197.0,510310,sh,沪深300ETF易方达
2021-04-28,4.347,4.405,4.409,4.337,530338.0,510310,sh,沪深300ETF易方达
2021-04-29,4.407,4.443,4.461,4.399,1321068.0,510310,sh,沪深300ETF易方达
2021-04-30,4.441,4.413,4.445,4.379,829354.0,510310,sh,沪深300ETF易方达
2021-05-06,4.405,4.347,4.419,4.327,573809.0,510310,sh,沪深300ETF易方达
2021-05-07,4.353,4.295,4.381,4.291,1272358.0,510310,sh,沪深300ETF易方达
2021-05-10,4.295,4.291,4.313,4.249,685321.0,510310,sh,沪深300ETF易方达
2021-05-11,4.271,4.315,4.331,4.229,804705.0,510310,sh,沪深300ETF易方达
2021-05-12,4.305,4.341,4.347,4.287,547076.0,510310,sh,沪深300ETF易方达
2021-05-13,4.307,4.291,4.315,4.269,592725.0,510310,sh,沪深300ETF易方达
2021-05-14,4.309,4.405,4.407,4.285,901887.0,510310,sh,沪深300ETF易方达
2021-05-17,4.401,4.461,4.487,4.401,787431.0,510310,sh,沪深300ETF易方达
2021-05-18,4.463,4.461,4.485,4.441,643936.0,510310,sh,沪深300ETF易方达
2021-05-19,4.465,4.451,4.471,4.431,704640.0,510310,sh,沪深300ETF易方达
2021-05-20,4.437,4.467,4.479,4.429,733316.0,510310,sh,沪深300ETF易方达
2021-05-21,4.469,4.419,4.501,4.401,995067.0,510310,sh,沪深300ETF易方达
2021-05-24,4.421,4.437,4.441,4.379,550377.0,510310,sh,沪深300ETF易方达
2021-05-25,4.437,4.589,4.601,4.437,1415905.0,510310,sh,沪深300ETF易方达
2021-05-26,4.601,4.589,4.613,4.579,686872.0,510310,sh,沪深300ETF易方达
2021-05-27,4.587,4.605,4.649,4.557,778444.0,510310,sh,沪深300ETF易方达
2021-05-28,4.597,4.593,4.629,4.561,739062.0,510310,sh,沪深300ETF易方达
2021-05-31,4.589,4.599,4.601,4.555,570808.0,510310,sh,沪深300ETF易方达
2021-06-01,4.585,4.607,4.611,4.539,821454.0,510310,sh,沪深300ETF易方达
2021-06-02,4.607,4.571,4.617,4.545,764891.0,510310,sh,沪深300ETF易方达
2021-06-03,4.567,4.531,4.587,4.529,559972.0,510310,sh,沪深300ETF易方达
2021-06-04,4.515,4.561,4.617,4.507,680716.0,510310,sh,沪深300ETF易方达
2021-06-07,4.563,4.557,4.571,4.523,858078.0,510310,sh,沪深300ETF易方达
2021-06-08,4.557,4.523,4.605,4.493,854305.0,510310,sh,沪深300ETF易方达
2021-06-09,4.523,4.525,4.537,4.505,559434.0,510310,sh,沪深300ETF易方达
2021-06-10,4.525,4.557,4.583,4.519,796664.0,510310,sh,沪深300ETF易方达
2021-06-11,4.557,4.511,4.573,4.509,651946.0,510310,sh,沪深300ETF易方达
2021-06-15,4.515,4.459,4.519,4.435,737353.0,510310,sh,沪深300ETF易方达
2021-06-16,4.459,4.397,4.461,4.381,939503.0,510310,sh,沪深300ETF易方达
2021-06-17,4.397,4.405,4.425,4.387,557914.0,510310,sh,沪深300ETF易方达
2021-06-18,4.405,4.409,4.437,4.375,525094.0,510310,sh,沪深300ETF易方达
2021-06-21,4.401,4.403,4.437,4.371,742451.0,510310,sh,沪深300ETF易方达
2021-06-22,4.415,4.431,4.435,4.393,847147.0,510310,sh,沪深300ETF易方达
2021-06-23,4.435,4.457,4.481,4.421,540226.0,510310,sh,沪深300ETF易方达
2021-06-24,4.457,4.469,4.471,4.437,459206.0,510310,sh,沪深300ETF易方达
2021-06-25,4.469,4.545,4.559,4.469,773549.0,510310,sh,沪深300ETF易方达
2021-06-28,4.545,4.547,4.565,4.529,575386.0,510310,sh,沪深300ETF易方达
2021-06-29,4.557,4.503,4.557,4.497,523517.0,510310,sh,沪深300ETF易方达
2021-06-30,4.497,4.533,4.541,4.495,581678.0,510310,sh,沪深300ETF易方达
2021-07-01,4.551,4.517,4.555,4.497,782588.0,510310,sh,沪深300ETF易方达
2021-07-02,4.509,4.405,4.509,4.401,568914.0,510310,sh,沪深300ETF易方达
2021-07-05,4.407,4.413,4.421,4.381,437828.0,510310,sh,沪深300ETF易方达
2021-07-06,4.413,4.413,4.421,4.363,591518.0,510310,sh,沪深300ETF易方达
2021-07-07,4.397,4.461,4.479,4.387,591048.0,510310,sh,沪深300ETF易方达
2021-07-08,4.481,4.421,4.485,4.409,654508.0,510310,sh,沪深300ETF易方达
2021-07-09,4.417,4.401,4.419,4.351,799059.0,510310,sh,沪深300ETF易方达
2021-07-12,4.421,4.461,4.487,4.409,636782.0,510310,sh,沪深300ETF易方达
2021-07-13,4.459,4.475,4.493,4.451,537315.0,510310,sh,沪深300ETF易方达
2021-07-14,4.463,4.423,4.463,4.415,796817.0,510310,sh,沪深300ETF易方达
2021-07-15,4.413,4.485,4.493,4.411,716879.0,510310,sh,沪深300ETF易方达
2021-07-16,4.481,4.449,4.485,4.439,675729.0,510310,sh,沪深300ETF易方达
2021-07-19,4.441,4.461,4.473,4.395,574863.0,510310,sh,沪深300ETF易方达
2021-07-20,4.437,4.447,4.461,4.413,924574.0,510310,sh,沪深300ETF易方达
2021-07-21,4.453,4.483,4.503,4.453,1243457.0,510310,sh,沪深300ETF易方达
2021-07-22,4.487,4.489,4.509,4.481,714823.0,510310,sh,沪深300ETF易方达
2021-07-23,4.485,4.443,4.487,4.433,582040.0,510310,sh,沪深300ETF易方达
2021-07-26,4.427,4.293,4.427,4.231,1158997.0,510310,sh,沪深300ETF易方达
2021-07-27,4.289,4.135,4.299,4.129,1031891.0,510310,sh,沪深300ETF易方达
2021-07-28,4.129,4.137,4.161,4.061,924117.0,510310,sh,沪深300ETF易方达
2021-07-29,4.189,4.211,4.227,4.173,1059391.0,510310,sh,沪深300ETF易方达
2021-07-30,4.201,4.181,4.201,4.137,472617.0,510310,sh,沪深300ETF易方达
2021-08-02,4.141,4.287,4.297,4.141,787864.0,510310,sh,沪深300ETF易方达
2021-08-03,4.277,4.295,4.315,4.255,630173.0,510310,sh,沪深300ETF易方达
2021-08-04,4.293,4.327,4.341,4.283,572304.0,510310,sh,沪深300ETF易方达
2021-08-05,4.313,4.303,4.355,4.281,516320.0,510310,sh,沪深300ETF易方达
2021-08-06,4.305,4.291,4.321,4.269,301944.0,510310,sh,沪深300ETF易方达
2021-08-09,4.277,4.341,4.365,4.259,577877.0,510310,sh,沪深300ETF易方达
2021-08-10,4.341,4.399,4.401,4.307,804914.0,510310,sh,沪深300ETF易方达
2021-08-11,4.399,4.375,4.417,4.369,620300.0,510310,sh,沪深300ETF易方达
2021-08-12,4.375,4.341,4.381,4.335,528728.0,510310,sh,沪深300ETF易方达
2021-08-13,4.335,4.321,4.365,4.291,555006.0,510310,sh,沪深300ETF易方达
2021-08-16,4.329,4.317,4.345,4.305,630940.0,510310,sh,沪深300ETF易方达
2021-08-17,4.317,4.215,4.343,4.205,779132.0,510310,sh,沪深300ETF易方达
2021-08-18,4.215,4.263,4.289,4.205,685482.0,510310,sh,沪深300ETF易方达
2021-08-19,4.259,4.233,4.263,4.213,819248.0,510310,sh,沪深300ETF易方达
2021-08-20,4.231,4.155,4.231,4.113,866844.0,510310,sh,沪深300ETF易方达
2021-08-23,4.157,4.211,4.227,4.155,667830.0,510310,sh,沪深300ETF易方达
2021-08-24,4.231,4.267,4.283,4.221,694427.0,510310,sh,沪深300ETF易方达
2021-08-25,4.273,4.273,4.281,4.249,661442.0,510310,sh,沪深300ETF易方达
2021-08-26,4.273,4.203,4.273,4.193,531298.0,510310,sh,沪深300ETF易方达
2021-08-27,4.199,4.217,4.253,4.197,745190.0,510310,sh,沪深300ETF易方达
2021-08-30,4.217,4.197,4.231,4.175,709089.0,510310,sh,沪深300ETF易方达
2021-08-31,4.191,4.195,4.213,4.131,502988.0,510310,sh,沪深300ETF易方达
2021-09-01,4.203,4.261,4.293,4.159,992369.0,510310,sh,沪深300ETF易方达
2021-09-02,4.263,4.253,4.275,4.231,615786.0,510310,sh,沪深300ETF易方达
2021-09-03,4.259,4.233,4.279,4.221,665755.0,510310,sh,沪深300ETF易方达
2021-09-06,4.225,4.309,4.321,4.225,1049069.0,510310,sh,沪深300ETF易方达
2021-09-07,4.319,4.365,4.387,4.293,921583.0,510310,sh,沪深300ETF易方达
2021-09-08,4.365,4.345,4.391,4.331,770398.0,510310,sh,沪深300ETF易方达
2021-09-09,4.341,4.341,4.345,4.309,512507.0,510310,sh,沪深300ETF易方达
2021-09-10,4.341,4.389,4.423,4.337,658180.0,510310,sh,沪深300ETF易方达
2021-09-13,4.387,4.367,4.409,4.341,787100.0,510310,sh,沪深300ETF易方达
2021-09-14,4.363,4.303,4.381,4.283,465692.0,510310,sh,沪深300ETF易方达
2021-09-15,4.303,4.255,4.303,4.231,430632.0,510310,sh,沪深300ETF易方达
2021-09-16,4.257,4.205,4.269,4.197,748111.0,510310,sh,沪深300ETF易方达
2021-09-17,4.207,4.241,4.247,4.185,725757.0,510310,sh,沪深300ETF易方达
2021-09-22,4.201,4.211,4.227,4.175,837913.0,510310,sh,沪深300ETF易方达
2021-09-23,4.217,4.237,4.269,4.217,618668.0,510310,sh,沪深300ETF易方达
2021-09-24,4.239,4.245,4.285,4.233,703752.0,510310,sh,沪深300ETF易方达
2021-09-27,4.247,4.275,4.309,4.237,771524.0,510310,sh,沪深300ETF易方达
2021-09-28,4.279,4.269,4.293,4.241,545445.0,510310,sh,沪深300ETF易方达
2021-09-29,4.255,4.233,4.261,4.197,1112720.0,510310,sh,沪深300ETF易方达
2021-09-30,4.235,4.249,4.265,4.235,1021834.0,510310,sh,沪深300ETF易方达
2021-10-08,4.281,4.311,4.323,4.281,593713.0,510310,sh,沪深300ETF易方达
2021-10-11,4.313,4.317,4.365,4.311,491573.0,510310,sh,沪深300ETF易方达
2021-10-12,4.299,4.263,4.311,4.231,579715.0,510310,sh,沪深300ETF易方达
2021-10-13,4.265,4.317,4.333,4.259,526411.0,510310,sh,沪深300ETF易方达
2021-10-14,4.305,4.297,4.339,4.287,398211.0,510310,sh,沪深300ETF易方达
2021-10-15,4.297,4.319,4.327,4.275,522844.0,510310,sh,沪深300ETF易方达
2021-10-18,4.325,4.261,4.325,4.233,657087.0,510310,sh,沪深300ETF易方达
2021-10-19,4.263,4.305,4.313,4.259,412202.0,510310,sh,沪深300ETF易方达
2021-10-20,4.311,4.295,4.333,4.283,357611.0,510310,sh,沪深300ETF易方达
2021-10-21,4.297,4.315,4.337,4.277,468195.0,510310,sh,沪深300ETF易方达
2021-10-22,4.319,4.341,4.377,4.319,580491.0,510310,sh,沪深300ETF易方达
2021-10-25,4.323,4.361,4.367,4.323,470932.0,510310,sh,沪深300ETF易方达
2021-10-26,4.371,4.347,4.393,4.335,650034.0,510310,sh,沪深300ETF易方达
2021-10-27,4.345,4.289,4.345,4.273,461597.0,510310,sh,沪深300ETF易方达
2021-10-28,4.285,4.265,4.291,4.245,760850.0,510310,sh,沪深300ETF易方达
2021-10-29,4.279,4.295,4.297,4.253,518268.0,510310,sh,沪深300ETF易方达
2021-11-01,4.277,4.281,4.303,4.257,375058.0,510310,sh,沪深300ETF易方达
2021-11-02,4.281,4.233,4.307,4.201,720924.0,510310,sh,沪深300ETF易方达
2021-11-03,4.233,4.217,4.255,4.205,367238.0,510310,sh,沪深300ETF易方达
2021-11-04,4.229,4.259,4.267,4.229,494041.0,510310,sh,沪深300ETF易方达
2021-11-05,4.257,4.245,4.283,4.243,480254.0,510310,sh,沪深300ETF易方达
2021-11-08,4.245,4.243,4.265,4.225,518666.0,510310,sh,沪深300ETF易方达
2021-11-09,4.253,4.245,4.271,4.217,857614.0,510310,sh,沪深300ETF易方达
2021-11-10,4.243,4.217,4.243,4.155,1188217.0,510310,sh,沪深300ETF易方达
2021-11-11,4.205,4.285,4.291,4.201,433386.0,510310,sh,沪深300ETF易方达
2021-11-12,4.287,4.285,4.303,4.271,626563.0,510310,sh,沪深300ETF易方达
2021-11-15,4.287,4.277,4.305,4.257,647523.0,510310,sh,沪深300ETF易方达
2021-11-16,4.283,4.277,4.309,4.269,777651.0,510310,sh,沪深300ETF易方达
2021-11-17,4.273,4.273,4.287,4.259,450572.0,510310,sh,沪深300ETF易方达
2021-11-18,4.271,4.239,4.271,4.225,729623.0,510310,sh,沪深300ETF易方达
2021-11-19,4.233,4.281,4.289,4.223,626126.0,510310,sh,沪深300ETF易方达
2021-11-22,4.287,4.301,4.307,4.279,509140.0,510310,sh,沪深300ETF易方达
2021-11-23,4.297,4.297,4.315,4.287,296409.0,510310,sh,沪深300ETF易方达
2021-11-24,4.297,4.307,4.329,4.291,245719.0,510310,sh,沪深300ETF易方达
2021-11-25,4.313,4.293,4.313,4.287,483322.0,510310,sh,沪深300ETF易方达
2021-11-26,4.281,4.261,4.283,4.251,660273.0,510310,sh,沪深300ETF易方达
2021-11-29,4.255,4.249,4.257,4.227,382975.0,510310,sh,沪深300ETF易方达
2021-11-30,4.253,4.237,4.269,4.213,375316.0,510310,sh,沪深300ETF易方达
2021-12-01,4.229,4.245,4.251,4.229,257858.0,510310,sh,沪深300ETF易方达
2021-12-02,4.243,4.255,4.265,4.225,263195.0,510310,sh,沪深300ETF易方达
2021-12-03,4.249,4.295,4.295,4.247,401377.0,510310,sh,沪深300ETF易方达
2021-12-06,4.295,4.291,4.331,4.287,803538.0,510310,sh,沪深300ETF易方达
2021-12-07,4.305,4.315,4.321,4.293,584672.0,510310,sh,沪深300ETF易方达
2021-12-08,4.317,4.383,4.389,4.307,642803.0,510310,sh,沪深300ETF易方达
2021-12-09,4.389,4.461,4.507,4.385,783373.0,510310,sh,沪深300ETF易方达
2021-12-10,4.457,4.447,4.457,4.433,604453.0,510310,sh,沪深300ETF易方达
2021-12-13,4.455,4.463,4.527,4.455,692482.0,510310,sh,沪深300ETF易方达
2021-12-14,4.447,4.437,4.465,4.427,703472.0,510310,sh,沪深300ETF易方达
2021-12-15,4.439,4.393,4.445,4.389,474933.0,510310,sh,沪深300ETF易方达
2021-12-16,4.409,4.417,4.419,4.379,474643.0,510310,sh,沪深300ETF易方达
2021-12-17,4.415,4.351,4.415,4.347,660359.0,510310,sh,沪深300ETF易方达
2021-12-20,4.351,4.283,4.369,4.275,927160.0,510310,sh,沪深300ETF易方达
2021-12-21,4.279,4.301,4.311,4.273,520673.0,510310,sh,沪深300ETF易方达
2021-12-22,4.311,4.303,4.325,4.293,534864.0,510310,sh,沪深300ETF易方达
2021-12-23,4.309,4.337,4.345,4.295,957045.0,510310,sh,沪深300ETF易方达
2021-12-24,4.341,4.327,4.351,4.301,776291.0,510310,sh,沪深300ETF易方达
2021-12-27,4.315,4.321,4.337,4.295,1213230.0,510310,sh,沪深300ETF易方达
2021-12-28,4.321,4.345,4.357,4.313,2176442.0,510310,sh,沪深300ETF易方达
2021-12-29,4.345,4.281,4.349,4.277,568993.0,510310,sh,沪深300ETF易方达
2021-12-30,4.279,4.315,4.329,4.277,767888.0,510310,sh,沪深300ETF易方达
2021-12-31,4.321,4.325,4.341,4.311,513606.0,510310,sh,沪深300ETF易方达
2022-01-04,4.333,4.311,4.341,4.269,578674.0,510310,sh,沪深300ETF易方达
2022-01-05,4.305,4.267,4.311,4.253,510943.0,510310,sh,沪深300ETF易方达
2022-01-06,4.261,4.217,4.261,4.191,523758.0,510310,sh,沪深300ETF易方达
2022-01-07,4.227,4.225,4.253,4.221,477080.0,510310,sh,沪深300ETF易方达
2022-01-10,4.225,4.235,4.247,4.189,603643.0,510310,sh,沪深300ETF易方达
2022-01-11,4.231,4.199,4.245,4.195,764512.0,510310,sh,沪深300ETF易方达
2022-01-12,4.215,4.243,4.257,4.215,425259.0,510310,sh,沪深300ETF易方达
2022-01-13,4.245,4.169,4.255,4.167,605486.0,510310,sh,沪深300ETF易方达
2022-01-14,4.165,4.131,4.171,4.127,514639.0,510310,sh,沪深300ETF易方达
2022-01-17,4.121,4.167,4.183,4.121,479320.0,510310,sh,沪深300ETF易方达
2022-01-18,4.171,4.209,4.225,4.151,590728.0,510310,sh,沪深300ETF易方达
2022-01-19,4.209,4.189,4.233,4.167,506009.0,510310,sh,沪深300ETF易方达
2022-01-20,4.187,4.221,4.247,4.183,966559.0,510310,sh,沪深300ETF易方达
2022-01-21,4.213,4.193,4.219,4.173,812028.0,510310,sh,沪深300ETF易方达
2022-01-24,4.181,4.193,4.205,4.157,447377.0,510310,sh,沪深300ETF易方达
2022-01-25,4.179,4.099,4.185,4.095,860535.0,510310,sh,沪深300ETF易方达
2022-01-26,4.101,4.121,4.127,4.067,676329.0,510310,sh,沪深300ETF易方达
2022-01-27,4.119,4.049,4.119,4.039,888116.0,510310,sh,沪深300ETF易方达
2022-01-28,4.059,3.995,4.077,3.987,1103481.0,510310,sh,沪深300ETF易方达
2022-02-07,4.041,4.043,4.083,4.027,606734.0,510310,sh,沪深300ETF易方达
2022-02-08,4.045,4.025,4.045,3.945,714049.0,510310,sh,沪深300ETF易方达
2022-02-09,4.025,4.061,4.069,4.013,589194.0,510310,sh,沪深300ETF易方达
2022-02-10,4.063,4.061,4.067,4.031,676002.0,510310,sh,沪深300ETF易方达
2022-02-11,4.041,4.025,4.075,4.019,897651.0,510310,sh,沪深300ETF易方达
2022-02-14,4.009,3.975,4.017,3.957,552640.0,510310,sh,沪深300ETF易方达
2022-02-15,3.973,4.011,4.017,3.969,465274.0,510310,sh,沪深300ETF易方达
2022-02-16,4.017,4.029,4.055,4.017,440534.0,510310,sh,沪深300ETF易方达
2022-02-17,4.023,4.035,4.065,4.019,1252544.0,510310,sh,沪深300ETF易方达
2022-02-18,4.029,4.061,4.065,4.015,436856.0,510310,sh,沪深300ETF易方达
2022-02-21,4.057,4.047,4.061,4.031,473487.0,510310,sh,沪深300ETF易方达
2022-02-22,4.029,3.995,4.035,3.975,623650.0,510310,sh,沪深300ETF易方达
2022-02-23,3.991,4.035,4.039,3.991,497667.0,510310,sh,沪深300ETF易方达
2022-02-24,4.021,3.957,4.025,3.923,947560.0,510310,sh,沪深300ETF易方达
2022-02-25,3.973,3.989,4.033,3.973,559417.0,510310,sh,沪深300ETF易方达
2022-02-28,3.981,3.997,3.999,3.953,661868.0,510310,sh,沪深300ETF易方达
2022-03-01,4.005,4.031,4.037,3.999,643125.0,510310,sh,沪深300ETF易方达
2022-03-02,4.015,3.999,4.017,3.979,426353.0,510310,sh,沪深300ETF易方达
2022-03-03,4.011,3.973,4.023,3.965,331517.0,510310,sh,沪深300ETF易方达
2022-03-04,3.965,3.925,3.965,3.911,609520.0,510310,sh,沪深300ETF易方达
2022-03-07,3.909,3.786,3.909,3.774,638636.0,510310,sh,沪深300ETF易方达
2022-03-08,3.786,3.704,3.814,3.694,805073.0,510310,sh,沪深300ETF易方达
2022-03-09,3.704,3.682,3.74,3.532,1283649.0,510310,sh,沪深300ETF易方达
2022-03-10,3.74,3.728,3.768,3.724,1064096.0,510310,sh,沪深300ETF易方达
2022-03-11,3.67,3.75,3.758,3.622,1026585.0,510310,sh,沪深300ETF易方达
2022-03-14,3.708,3.632,3.718,3.626,1430656.0,510310,sh,沪深300ETF易方达
2022-03-15,3.572,3.454,3.622,3.44,1266198.0,510310,sh,沪深300ETF易方达
2022-03-16,3.522,3.614,3.626,3.402,1957265.0,510310,sh,沪深300ETF易方达
2022-03-17,3.65,3.68,3.738,3.634,1397289.0,510310,sh,沪深300ETF易方达
2022-03-18,3.67,3.708,3.72,3.642,606004.0,510310,sh,沪深300ETF易方达
2022-03-21,3.72,3.698,3.728,3.67,981902.0,510310,sh,沪深300ETF易方达
2022-03-22,3.688,3.7,3.732,3.682,406104.0,510310,sh,沪深300ETF易方达
2022-03-23,3.714,3.716,3.73,3.684,351070.0,510310,sh,沪深300ETF易方达
2022-03-24,3.692,3.7,3.718,3.664,396789.0,510310,sh,沪深300ETF易方达
2022-03-25,3.7,3.628,3.704,3.626,514966.0,510310,sh,沪深300ETF易方达
2022-03-28,3.606,3.602,3.63,3.544,557624.0,510310,sh,沪深300ETF易方达
2022-03-29,3.608,3.582,3.628,3.578,468655.0,510310,sh,沪深300ETF易方达
2022-03-30,3.602,3.694,3.698,3.602,580853.0,510310,sh,沪深300ETF易方达
2022-03-31,3.684,3.664,3.694,3.662,581909.0,510310,sh,沪深300ETF易方达
2022-04-01,3.648,3.716,3.734,3.634,819525.0,510310,sh,沪深300ETF易方达
2022-04-06,3.7,3.706,3.716,3.678,878247.0,510310,sh,沪深300ETF易方达
2022-04-07,3.694,3.654,3.716,3.648,708429.0,510310,sh,沪深300ETF易方达
2022-04-08,3.654,3.68,3.684,3.632,424818.0,510310,sh,沪深300ETF易方达
2022-04-11,3.67,3.564,3.67,3.55,1101288.0,510310,sh,沪深300ETF易方达
2022-04-12,3.556,3.626,3.632,3.54,624462.0,510310,sh,沪深300ETF易方达
2022-04-13,3.616,3.596,3.642,3.59,865729.0,510310,sh,沪深300ETF易方达
2022-04-14,3.614,3.638,3.664,3.61,670731.0,510310,sh,沪深300ETF易方达
2022-04-15,3.62,3.634,3.658,3.608,429399.0,510310,sh,沪深300ETF易方达
2022-04-18,3.622,3.618,3.622,3.574,766565.0,510310,sh,沪深300ETF易方达
2022-04-19,3.618,3.594,3.638,3.568,452206.0,510310,sh,沪深300ETF易方达
2022-04-20,3.596,3.54,3.6,3.52,831056.0,510310,sh,沪深300ETF易方达
2022-04-21,3.5,3.462,3.544,3.448,1219428.0,510310,sh,沪深300ETF易方达
2022-04-22,3.444,3.478,3.504,3.424,648003.0,510310,sh,沪深300ETF易方达
2022-04-25,3.44,3.304,3.44,3.294,1736098.0,510310,sh,沪深300ETF易方达
2022-04-26,3.302,3.264,3.348,3.254,1205932.0,510310,sh,沪深300ETF易方达
2022-04-27,3.254,3.364,3.364,3.244,1015809.0,510310,sh,沪深300ETF易方达
2022-04-28,3.336,3.39,3.406,3.336,1120846.0,510310,sh,沪深300ETF易方达
2022-04-29,3.404,3.48,3.488,3.37,1153075.0,510310,sh,沪深300ETF易方达
2022-05-05,3.476,3.472,3.496,3.458,619262.0,510310,sh,沪深300ETF易方达
2022-05-06,3.43,3.382,3.43,3.376,619563.0,510310,sh,沪深300ETF易方达
2022-05-09,3.372,3.35,3.382,3.326,913045.0,510310,sh,沪深300ETF易方达
2022-05-10,3.306,3.394,3.406,3.288,745947.0,510310,sh,沪深300ETF易方达
2022-05-11,3.392,3.44,3.492,3.39,960485.0,510310,sh,沪深300ETF易方达
2022-05-12,3.426,3.426,3.452,3.406,631115.0,510310,sh,沪深300ETF易方达
2022-05-13,3.444,3.452,3.468,3.424,563506.0,510310,sh,沪深300ETF易方达
2022-05-16,3.468,3.424,3.482,3.414,599079.0,510310,sh,沪深300ETF易方达
2022-05-17,3.424,3.468,3.47,3.424,492892.0,510310,sh,沪深300ETF易方达
2022-05-18,3.474,3.456,3.484,3.43,669431.0,510310,sh,沪深300ETF易方达
2022-05-19,3.424,3.46,3.466,3.412,792114.0,510310,sh,沪深300ETF易方达
2022-05-20,3.468,3.54,3.54,3.464,1026089.0,510310,sh,沪深300ETF易方达
2022-05-23,3.534,3.51,3.538,3.488,578166.0,510310,sh,沪深300ETF易方达
2022-05-24,3.512,3.442,3.516,3.434,762913.0,510310,sh,沪深300ETF易方达
2022-05-25,3.426,3.452,3.452,3.422,567563.0,510310,sh,沪深300ETF易方达
2022-05-26,3.458,3.464,3.49,3.408,560267.0,510310,sh,沪深300ETF易方达
2022-05-27,3.48,3.472,3.52,3.456,814698.0,510310,sh,沪深300ETF易方达
2022-05-30,3.482,3.492,3.51,3.478,700763.0,510310,sh,沪深300ETF易方达
2022-05-31,3.492,3.55,3.564,3.488,760930.0,510310,sh,沪深300ETF易方达
2022-06-01,3.55,3.552,3.56,3.528,628706.0,510310,sh,沪深300ETF易方达
2022-06-02,3.544,3.564,3.57,3.526,989758.0,510310,sh,沪深300ETF易方达
2022-06-06,3.564,3.628,3.632,3.528,713962.0,510310,sh,沪深300ETF易方达
2022-06-07,3.616,3.636,3.66,3.614,692405.0,510310,sh,沪深300ETF易方达
2022-06-08,3.638,3.674,3.686,3.626,735121.0,510310,sh,沪深300ETF易方达
2022-06-09,3.672,3.644,3.688,3.63,744227.0,510310,sh,沪深300ETF易方达
2022-06-10,3.62,3.702,3.716,3.62,619625.0,510310,sh,沪深300ETF易方达
2022-06-13,3.682,3.656,3.684,3.63,692311.0,510310,sh,沪深300ETF易方达
2022-06-14,3.62,3.694,3.696,3.576,901751.0,510310,sh,沪深300ETF易方达
2022-06-15,3.69,3.736,3.808,3.68,853580.0,510310,sh,沪深300ETF易方达
2022-06-16,3.738,3.716,3.766,3.706,764373.0,510310,sh,沪深300ETF易方达
2022-06-17,3.702,3.766,3.782,3.676,681961.0,510310,sh,沪深300ETF易方达
2022-06-20,3.754,3.792,3.832,3.754,1153813.0,510310,sh,沪深300ETF易方达
2022-06-21,3.788,3.79,3.826,3.756,1049068.0,510310,sh,沪深300ETF易方达
2022-06-22,3.792,3.744,3.792,3.74,707241.0,510310,sh,沪深300ETF易方达
2022-06-23,3.74,3.81,3.816,3.74,726450.0,510310,sh,沪深300ETF易方达
2022-06-24,3.812,3.856,3.871,3.812,583492.0,510310,sh,沪深300ETF易方达
2022-06-27,3.86,3.905,3.937,3.86,733965.0,510310,sh,沪深300ETF易方达
2022-06-28,3.905,3.949,3.967,3.879,1379387.0,510310,sh,沪深300ETF易方达
2022-06-29,3.941,3.903,3.967,3.889,1298545.0,510310,sh,沪深300ETF易方达
2022-06-30,3.903,3.945,3.981,3.893,711828.0,510310,sh,沪深300ETF易方达
2022-07-01,3.945,3.933,3.963,3.917,558192.0,510310,sh,沪深300ETF易方达
2022-07-04,3.911,3.955,3.959,3.895,724718.0,510310,sh,沪深300ETF易方达
2022-07-05,3.961,3.953,4.001,3.909,655268.0,510310,sh,沪深300ETF易方达
2022-07-06,3.943,3.893,3.949,3.875,669940.0,510310,sh,沪深300ETF易方达
2022-07-07,3.887,3.913,3.929,3.871,516595.0,510310,sh,沪深300ETF易方达
2022-07-08,3.921,3.903,3.953,3.901,732308.0,510310,sh,沪深300ETF易方达
2022-07-11,3.901,3.838,3.901,3.82,1202629.0,510310,sh,沪深300ETF易方达
2022-07-12,3.836,3.802,3.854,3.794,636389.0,510310,sh,沪深300ETF易方达
2022-07-13,3.802,3.81,3.826,3.78,555589.0,510310,sh,沪深300ETF易方达
2022-07-14,3.808,3.812,3.838,3.79,562238.0,510310,sh,沪深300ETF易方达
2022-07-15,3.812,3.75,3.848,3.744,647311.0,510310,sh,沪深300ETF易方达
2022-07-18,3.756,3.796,3.812,3.73,641703.0,510310,sh,沪深300ETF易方达
2022-07-19,3.798,3.776,3.798,3.742,464234.0,510310,sh,沪深300ETF易方达
2022-07-20,3.792,3.784,3.808,3.772,591743.0,510310,sh,沪深300ETF易方达
2022-07-21,3.784,3.744,3.792,3.74,547736.0,510310,sh,沪深300ETF易方达
2022-07-22,3.75,3.744,3.786,3.718,618893.0,510310,sh,沪深300ETF易方达
2022-07-25,3.744,3.726,3.744,3.712,544882.0,510310,sh,沪深300ETF易方达
2022-07-26,3.726,3.756,3.772,3.724,502969.0,510310,sh,沪深300ETF易方达
2022-07-27,3.752,3.736,3.754,3.726,475268.0,510310,sh,沪深300ETF易方达
2022-07-28,3.746,3.74,3.786,3.734,707557.0,510310,sh,沪深300ETF易方达
2022-07-29,3.74,3.686,3.76,3.678,820287.0,510310,sh,沪深300ETF易方达
2022-08-01,3.68,3.698,3.708,3.644,594579.0,510310,sh,沪深300ETF易方达
2022-08-02,3.652,3.64,3.678,3.598,1620855.0,510310,sh,沪深300ETF易方达
2022-08-03,3.638,3.59,3.672,3.582,845787.0,510310,sh,沪深300ETF易方达
2022-08-04,3.602,3.618,3.626,3.592,482085.0,510310,sh,沪深300ETF易方达
2022-08-05,3.626,3.68,3.686,3.622,716046.0,510310,sh,沪深300ETF易方达
2022-08-08,3.674,3.67,3.68,3.656,336767.0,510310,sh,沪深300ETF易方达
2022-08-09,3.67,3.676,3.682,3.656,445728.0,510310,sh,沪深300ETF易方达
2022-08-10,3.674,3.636,3.68,3.618,499811.0,510310,sh,沪深300ETF易方达
2022-08-11,3.65,3.714,3.72,3.642,407646.0,510310,sh,沪深300ETF易方达
2022-08-12,3.714,3.714,3.726,3.7,394375.0,510310,sh,沪深300ETF易方达
2022-08-15,3.7,3.704,3.742,3.7,329818.0,510310,sh,沪深300ETF易方达
2022-08-16,3.708,3.698,3.73,3.688,450545.0,510310,sh,沪深300ETF易方达
2022-08-17,3.7,3.734,3.744,3.674,420715.0,510310,sh,沪深300ETF易方达
2022-08-18,3.73,3.706,3.734,3.694,440561.0,510310,sh,沪深300ETF易方达
2022-08-19,3.702,3.682,3.712,3.676,396007.0,510310,sh,沪深300ETF易方达
2022-08-22,3.678,3.698,3.712,3.664,421951.0,510310,sh,沪深300ETF易方达
2022-08-23,3.696,3.682,3.712,3.668,448273.0,510310,sh,沪深300ETF易方达
2022-08-24,3.684,3.618,3.7,3.604,655286.0,510310,sh,沪深300ETF易方达
2022-08-25,3.62,3.646,3.652,3.592,581742.0,510310,sh,沪深300ETF易方达
2022-08-26,3.646,3.642,3.664,3.634,402064.0,510310,sh,沪深300ETF易方达
2022-08-29,3.614,3.62,3.628,3.596,451644.0,510310,sh,沪深300ETF易方达
2022-08-30,3.618,3.608,3.62,3.576,570730.0,510310,sh,沪深300ETF易方达
2022-08-31,3.6,3.608,3.646,3.584,658245.0,510310,sh,沪深300ETF易方达
2022-09-01,3.606,3.584,3.624,3.578,634076.0,510310,sh,沪深300ETF易方达
2022-09-02,3.598,3.562,3.624,3.54,714684.0,510310,sh,沪深300ETF易方达
2022-09-05,3.56,3.554,3.56,3.518,446707.0,510310,sh,沪深300ETF易方达
2022-09-06,3.562,3.586,3.588,3.548,588159.0,510310,sh,沪深300ETF易方达
2022-09-07,3.58,3.588,3.6,3.57,543618.0,510310,sh,沪深300ETF易方达
2022-09-08,3.59,3.574,3.598,3.572,598033.0,510310,sh,沪深300ETF易方达
2022-09-09,3.576,3.63,3.634,3.576,646443.0,510310,sh,沪深300ETF易方达
2022-09-13,3.632,3.64,3.658,3.632,568986.0,510310,sh,沪深300ETF易方达
2022-09-14,3.612,3.598,3.624,3.586,463777.0,510310,sh,沪深300ETF易方达
2022-09-15,3.612,3.564,3.614,3.54,719814.0,510310,sh,沪深300ETF易方达
2022-09-16,3.544,3.482,3.558,3.478,1126578.0,510310,sh,沪深300ETF易方达
2022-09-19,3.482,3.47,3.492,3.454,600525.0,510310,sh,沪深300ETF易方达
2022-09-20,3.484,3.472,3.496,3.462,524450.0,510310,sh,沪深300ETF易方达
2022-09-21,3.468,3.444,3.47,3.428,603243.0,510310,sh,沪深300ETF易方达
2022-09-22,3.43,3.418,3.444,3.404,571031.0,510310,sh,沪深300ETF易方达
2022-09-23,3.418,3.406,3.432,3.38,866265.0,510310,sh,沪深300ETF易方达
2022-09-26,3.39,3.384,3.438,3.378,790793.0,510310,sh,沪深300ETF易方达
2022-09-27,3.39,3.43,3.438,3.378,664391.0,510310,sh,沪深300ETF易方达
2022-09-28,3.422,3.382,3.422,3.378,644711.0,510310,sh,沪深300ETF易方达
2022-09-29,3.398,3.38,3.418,3.36,814570.0,510310,sh,沪深300ETF易方达
2022-09-30,3.374,3.364,3.398,3.352,716150.0,510310,sh,沪深300ETF易方达
2022-10-10,3.364,3.286,3.366,3.272,937471.0,510310,sh,沪深300ETF易方达
2022-10-11,3.286,3.282,3.296,3.262,578897.0,510310,sh,沪深300ETF易方达
2022-10-12,3.282,3.332,3.332,3.218,885283.0,510310,sh,沪深300ETF易方达
2022-10-13,3.316,3.304,3.334,3.296,1482417.0,510310,sh,沪深300ETF易方达
2022-10-14,3.34,3.382,3.402,3.332,627165.0,510310,sh,沪深300ETF易方达
2022-10-17,3.378,3.386,3.39,3.356,506492.0,510310,sh,沪深300ETF易方达
2022-10-18,3.4,3.384,3.41,3.374,525441.0,510310,sh,沪深300ETF易方达
2022-10-19,3.382,3.326,3.386,3.324,553185.0,510310,sh,沪深300ETF易方达
2022-10-20,3.32,3.314,3.36,3.284,527664.0,510310,sh,沪深300ETF易方达
2022-10-21,3.316,3.304,3.328,3.286,471897.0,510310,sh,沪深300ETF易方达
2022-10-24,3.306,3.208,3.324,3.184,1166084.0,510310,sh,沪深300ETF易方达
2022-10-25,3.206,3.188,3.234,3.162,761641.0,510310,sh,沪深300ETF易方达
2022-10-26,3.198,3.21,3.26,3.192,729106.0,510310,sh,沪深300ETF易方达
2022-10-27,3.228,3.198,3.248,3.194,721487.0,510310,sh,沪深300ETF易方达
2022-10-28,3.198,3.114,3.2,3.104,1046129.0,510310,sh,沪深300ETF易方达
2022-10-31,3.112,3.076,3.118,3.058,1521600.0,510310,sh,沪深300ETF易方达
2022-11-01,3.082,3.194,3.196,3.082,916684.0,510310,sh,沪深300ETF易方达
2022-11-02,3.192,3.23,3.256,3.176,892810.0,510310,sh,沪深300ETF易方达
2022-11-03,3.2,3.204,3.224,3.188,587890.0,510310,sh,沪深300ETF易方达
2022-11-04,3.202,3.32,3.332,3.202,1090524.0,510310,sh,沪深300ETF易方达
2022-11-07,3.28,3.322,3.34,3.28,846488.0,510310,sh,沪深300ETF易方达
2022-11-08,3.322,3.304,3.33,3.282,473923.0,510310,sh,沪深300ETF易方达
2022-11-09,3.306,3.266,3.314,3.262,535718.0,510310,sh,沪深300ETF易方达
2022-11-10,3.24,3.248,3.26,3.226,605737.0,510310,sh,沪深300ETF易方达
2022-11-11,3.34,3.34,3.38,3.302,862565.0,510310,sh,沪深300ETF易方达
2022-11-14,3.36,3.34,3.402,3.33,1520191.0,510310,sh,沪深300ETF易方达
2022-11-15,3.336,3.41,3.418,3.326,692403.0,510310,sh,沪深300ETF易方达
2022-11-16,3.412,3.38,3.422,3.376,664278.0,510310,sh,沪深300ETF易方达
2022-11-17,3.378,3.37,3.378,3.328,666522.0,510310,sh,沪深300ETF易方达
2022-11-18,3.372,3.358,3.39,3.35,602438.0,510310,sh,沪深300ETF易方达
2022-11-21,3.334,3.324,3.334,3.29,594234.0,510310,sh,沪深300ETF易方达
2022-11-22,3.322,3.326,3.36,3.3,534258.0,510310,sh,沪深300ETF易方达
2022-11-23,3.324,3.328,3.348,3.31,627817.0,510310,sh,沪深300ETF易方达
2022-11-24,3.34,3.312,3.36,3.306,599079.0,510310,sh,沪深300ETF易方达
2022-11-25,3.31,3.33,3.346,3.302,599221.0,510310,sh,沪深300ETF易方达
2022-11-28,3.286,3.292,3.298,3.23,746154.0,510310,sh,沪深300ETF易方达
2022-11-29,3.3,3.396,3.402,3.3,881547.0,510310,sh,沪深300ETF易方达
2022-11-30,3.396,3.394,3.416,3.384,757564.0,510310,sh,沪深300ETF易方达
2022-12-01,3.442,3.44,3.488,3.438,845950.0,510310,sh,沪深300ETF易方达
2022-12-02,3.438,3.418,3.45,3.416,484360.0,510310,sh,沪深300ETF易方达
2022-12-05,3.46,3.486,3.488,3.442,769706.0,510310,sh,沪深300ETF易方达
2022-12-06,3.464,3.506,3.528,3.464,772527.0,510310,sh,沪深300ETF易方达
2022-12-07,3.502,3.496,3.542,3.484,589649.0,510310,sh,沪深300ETF易方达
2022-12-08,3.496,3.504,3.512,3.486,543284.0,510310,sh,沪深300ETF易方达
2022-12-09,3.46,3.534,3.544,3.46,712511.0,510310,sh,沪深300ETF易方达
2022-12-12,3.526,3.496,3.526,3.49,505010.0,510310,sh,沪深300ETF易方达
2022-12-13,3.496,3.488,3.504,3.482,530141.0,510310,sh,沪深300ETF易方达
2022-12-14,3.498,3.5,3.512,3.48,887129.0,510310,sh,沪深300ETF易方达
2022-12-15,3.5,3.494,3.508,3.472,494506.0,510310,sh,沪深300ETF易方达
2022-12-16,3.486,3.496,3.506,3.474,487439.0,510310,sh,沪深300ETF易方达
2022-12-19,3.502,3.446,3.512,3.43,612743.0,510310,sh,沪深300ETF易方达
2022-12-20,3.426,3.392,3.446,3.366,1093479.0,510310,sh,沪深300ETF易方达
2022-12-21,3.39,3.386,3.406,3.376,1439475.0,510310,sh,沪深300ETF易方达
2022-12-22,3.398,3.388,3.428,3.374,1190705.0,510310,sh,沪深300ETF易方达
2022-12-23,3.38,3.378,3.402,3.364,1162514.0,510310,sh,沪深300ETF易方达
2022-12-26,3.38,3.4,3.41,3.38,1493655.0,510310,sh,沪深300ETF易方达
2022-12-27,3.42,3.438,3.444,3.412,570556.0,510310,sh,沪深300ETF易方达
2022-12-28,3.432,3.428,3.438,3.41,629687.0,510310,sh,沪深300ETF易方达
2022-12-29,3.41,3.41,3.426,3.394,2336929.0,510310,sh,沪深300ETF易方达
2022-12-30,3.42,3.43,3.444,3.42,2165826.0,510310,sh,沪深300ETF易方达
2023-01-03,3.43,3.44,3.448,3.384,1792672.0,510310,sh,沪深300ETF易方达
2023-01-04,3.438,3.442,3.452,3.422,2601542.0,510310,sh,沪深300ETF易方达
2023-01-05,3.456,3.512,3.518,3.45,1472107.0,510310,sh,沪深300ETF易方达
2023-01-06,3.504,3.528,3.542,3.504,1473836.0,510310,sh,沪深300ETF易方达
2023-01-09,3.536,3.554,3.568,3.532,2857085.0,510310,sh,沪深300ETF易方达
2023-01-10,3.554,3.556,3.572,3.544,2147085.0,510310,sh,沪深300ETF易方达
2023-01-11,3.558,3.558,3.584,3.55,1143173.0,510310,sh,沪深300ETF易方达
2023-01-12,3.556,3.562,3.574,3.548,558128.0,510310,sh,沪深300ETF易方达
2023-01-13,3.568,3.62,3.62,3.568,1131937.0,510310,sh,沪深300ETF易方达
2023-01-16,3.622,3.676,3.72,3.622,1368115.0,510310,sh,沪深300ETF易方达
2023-01-17,3.68,3.672,3.69,3.662,702910.0,510310,sh,沪深300ETF易方达
2023-01-18,3.674,3.666,3.688,3.662,1389674.0,510310,sh,沪深300ETF易方达
2023-01-19,3.662,3.692,3.7,3.642,1229441.0,510310,sh,沪深300ETF易方达
2023-01-20,3.7,3.72,3.726,3.696,1236760.0,510310,sh,沪深300ETF易方达
2023-01-30,3.79,3.734,3.798,3.728,1315600.0,510310,sh,沪深300ETF易方达
2023-01-31,3.73,3.69,3.75,3.688,724436.0,510310,sh,沪深300ETF易方达
2023-02-01,3.696,3.728,3.73,3.674,1290338.0,510310,sh,沪深300ETF易方达
2023-02-02,3.738,3.718,3.738,3.704,1345607.0,510310,sh,沪深300ETF易方达
2023-02-03,3.708,3.676,3.708,3.64,1504213.0,510310,sh,沪深300ETF易方达
2023-02-06,3.64,3.62,3.644,3.604,1141454.0,510310,sh,沪深300ETF易方达
2023-02-07,3.626,3.634,3.644,3.614,1762405.0,510310,sh,沪深300ETF易方达
2023-02-08,3.636,3.612,3.652,3.61,856891.0,510310,sh,沪深300ETF易方达
2023-02-09,3.61,3.662,3.668,3.596,1366708.0,510310,sh,沪深300ETF易方达
2023-02-10,3.664,3.646,3.664,3.63,1241897.0,510310,sh,沪深300ETF易方达
2023-02-13,3.642,3.68,3.682,3.626,798263.0,510310,sh,沪深300ETF易方达
2023-02-14,3.68,3.686,3.688,3.662,422593.0,510310,sh,沪深300ETF易方达
2023-02-15,3.682,3.666,3.696,3.654,727606.0,510310,sh,沪深300ETF易方达
2023-02-16,3.662,3.636,3.708,3.61,1014480.0,510310,sh,沪深300ETF易方达
2023-02-17,3.632,3.578,3.644,3.572,862237.0,510310,sh,沪深300ETF易方达
2023-02-20,3.58,3.676,3.678,3.576,1054161.0,510310,sh,沪深300ETF易方达
2023-02-21,3.678,3.682,3.692,3.656,829093.0,510310,sh,沪深300ETF易方达
2023-02-22,3.66,3.646,3.676,3.638,612444.0,510310,sh,沪深300ETF易方达
2023-02-23,3.648,3.65,3.668,3.628,1050425.0,510310,sh,沪深300ETF易方达
2023-02-24,3.648,3.61,3.648,3.59,1211212.0,510310,sh,沪深300ETF易方达
2023-02-27,3.582,3.59,3.612,3.578,1110671.0,510310,sh,沪深300ETF易方达
2023-02-28,3.6,3.618,3.62,3.572,990333.0,510310,sh,沪深300ETF易方达
2023-03-01,3.616,3.666,3.678,3.606,1449274.0,510310,sh,沪深300ETF易方达
2023-03-02,3.666,3.662,3.678,3.654,1468822.0,510310,sh,沪深300ETF易方达
2023-03-03,3.666,3.668,3.678,3.642,834498.0,510310,sh,沪深300ETF易方达
2023-03-06,3.668,3.644,3.67,3.626,1094773.0,510310,sh,沪深300ETF易方达
2023-03-07,3.642,3.594,3.662,3.59,924482.0,510310,sh,沪深300ETF易方达
2023-03-08,3.588,3.578,3.588,3.56,1063337.0,510310,sh,沪深300ETF易方达
2023-03-09,3.584,3.568,3.584,3.542,770860.0,510310,sh,沪深300ETF易方达
2023-03-10,3.542,3.518,3.556,3.516,945811.0,510310,sh,沪深300ETF易方达
2023-03-13,3.52,3.552,3.558,3.518,658091.0,510310,sh,沪深300ETF易方达
2023-03-14,3.552,3.532,3.552,3.498,818365.0,510310,sh,沪深300ETF易方达
2023-03-15,3.546,3.532,3.566,3.53,712215.0,510310,sh,沪深300ETF易方达
2023-03-16,3.502,3.488,3.528,3.482,955925.0,510310,sh,沪深300ETF易方达
2023-03-17,3.51,3.512,3.554,3.49,1573426.0,510310,sh,沪深300ETF易方达
2023-03-20,3.512,3.488,3.526,3.48,727973.0,510310,sh,沪深300ETF易方达
2023-03-21,3.494,3.526,3.53,3.494,764104.0,510310,sh,沪深300ETF易方达
2023-03-22,3.532,3.542,3.558,3.53,725673.0,510310,sh,沪深300ETF易方达
2023-03-23,3.524,3.582,3.582,3.524,712417.0,510310,sh,沪深300ETF易方达
2023-03-24,3.582,3.574,3.582,3.562,849954.0,510310,sh,沪深300ETF易方达
2023-03-27,3.572,3.556,3.572,3.536,610836.0,510310,sh,沪深300ETF易方达
2023-03-28,3.556,3.548,3.566,3.542,727334.0,510310,sh,沪深300ETF易方达
2023-03-29,3.552,3.548,3.568,3.542,841369.0,510310,sh,沪深300ETF易方达
2023-03-30,3.55,3.584,3.586,3.53,1160668.0,510310,sh,沪深300ETF易方达
2023-03-31,3.586,3.596,3.606,3.584,765363.0,510310,sh,沪深300ETF易方达
2023-04-03,3.596,3.624,3.634,3.596,1005252.0,510310,sh,沪深300ETF易方达
2023-04-04,3.634,3.642,3.644,3.618,967707.0,510310,sh,沪深300ETF易方达
2023-04-06,3.64,3.636,3.64,3.62,744020.0,510310,sh,沪深300ETF易方达
2023-04-07,3.636,3.66,3.7,3.634,837200.0,510310,sh,沪深300ETF易方达
2023-04-10,3.668,3.646,3.672,3.644,1103314.0,510310,sh,沪深300ETF易方达
2023-04-11,3.65,3.64,3.658,3.624,649246.0,510310,sh,沪深300ETF易方达
2023-04-12,3.636,3.64,3.644,3.628,1364039.0,510310,sh,沪深300ETF易方达
2023-04-13,3.632,3.614,3.632,3.606,600899.0,510310,sh,沪深300ETF易方达
2023-04-14,3.628,3.634,3.638,3.618,559990.0,510310,sh,沪深300ETF易方达
2023-04-17,3.634,3.686,3.688,3.63,715481.0,510310,sh,沪深300ETF易方达
2023-04-18,3.688,3.696,3.704,3.682,603443.0,510310,sh,沪深300ETF易方达
2023-04-19,3.698,3.662,3.698,3.66,636823.0,510310,sh,沪深300ETF易方达
2023-04-20,3.662,3.646,3.664,3.632,1661046.0,510310,sh,沪深300ETF易方达
2023-04-21,3.644,3.576,3.652,3.574,1444979.0,510310,sh,沪深300ETF易方达
2023-04-24,3.576,3.532,3.58,3.518,1367591.0,510310,sh,沪深300ETF易方达
2023-04-25,3.536,3.516,3.544,3.48,1229286.0,510310,sh,沪深300ETF易方达
2023-04-26,3.516,3.51,3.524,3.49,1051011.0,510310,sh,沪深300ETF易方达
2023-04-27,3.51,3.54,3.552,3.498,875051.0,510310,sh,沪深300ETF易方达
2023-04-28,3.54,3.574,3.576,3.54,1079359.0,510310,sh,沪深300ETF易方达
2023-05-04,3.552,3.574,3.578,3.544,617272.0,510310,sh,沪深300ETF易方达
2023-05-05,3.576,3.562,3.588,3.54,632687.0,510310,sh,沪深300ETF易方达
2023-05-08,3.566,3.6,3.61,3.562,852973.0,510310,sh,沪深300ETF易方达
2023-05-09,3.6,3.572,3.632,3.57,823781.0,510310,sh,沪深300ETF易方达
2023-05-10,3.566,3.544,3.572,3.536,825773.0,510310,sh,沪深300ETF易方达
2023-05-11,3.55,3.538,3.562,3.534,491743.0,510310,sh,沪深300ETF易方达
2023-05-12,3.536,3.486,3.548,3.484,1876976.0,510310,sh,沪深300ETF易方达
2023-05-15,3.49,3.548,3.548,3.48,936637.0,510310,sh,沪深300ETF易方达
2023-05-16,3.554,3.53,3.554,3.52,1852488.0,510310,sh,沪深300ETF易方达
2023-05-17,3.526,3.512,3.536,3.5,863122.0,510310,sh,沪深300ETF易方达
2023-05-18,3.516,3.51,3.536,3.494,824955.0,510310,sh,沪深300ETF易方达
2023-05-19,3.506,3.504,3.52,3.484,955936.0,510310,sh,沪深300ETF易方达
2023-05-22,3.506,3.524,3.542,3.488,1150062.0,510310,sh,沪深300ETF易方达
2023-05-23,3.524,3.47,3.528,3.466,1424923.0,510310,sh,沪深300ETF易方达
2023-05-24,3.466,3.42,3.468,3.418,1285024.0,510310,sh,沪深300ETF易方达
2023-05-25,3.416,3.408,3.422,3.378,1113591.0,510310,sh,沪深300ETF易方达
2023-05-26,3.408,3.414,3.422,3.378,1159884.0,510310,sh,沪深300ETF易方达
2023-05-29,3.43,3.396,3.432,3.38,1470171.0,510310,sh,沪深300ETF易方达
2023-05-30,3.394,3.4,3.406,3.354,1471617.0,510310,sh,沪深300ETF易方达
2023-05-31,3.396,3.368,3.396,3.348,1317299.0,510310,sh,沪深300ETF易方达
2023-06-01,3.368,3.372,3.402,3.356,1346886.0,510310,sh,沪深300ETF易方达
2023-06-02,3.39,3.424,3.432,3.386,1683809.0,510310,sh,沪深300ETF易方达
2023-06-05,3.426,3.408,3.426,3.396,636658.0,510310,sh,沪深300ETF易方达
2023-06-06,3.412,3.376,3.434,3.372,998574.0,510310,sh,沪深300ETF易方达
2023-06-07,3.384,3.362,3.392,3.35,2410210.0,510310,sh,沪深300ETF易方达
2023-06-08,3.362,3.388,3.406,3.35,1710951.0,510310,sh,沪深300ETF易方达
2023-06-09,3.392,3.404,3.408,3.384,2147085.0,510310,sh,沪深300ETF易方达
2023-06-12,3.404,3.412,3.43,3.39,1193269.0,510310,sh,沪深300ETF易方达
2023-06-13,3.406,3.436,3.442,3.404,881253.0,510310,sh,沪深300ETF易方达
2023-06-14,3.432,3.442,3.466,3.432,1057725.0,510310,sh,沪深300ETF易方达
2023-06-15,3.452,3.5,3.502,3.448,1113267.0,510310,sh,沪深300ETF易方达
2023-06-16,3.512,3.536,3.544,3.498,1376309.0,510310,sh,沪深300ETF易方达
2023-06-19,3.54,3.508,3.54,3.5,833458.0,510310,sh,沪深300ETF易方达
2023-06-20,3.506,3.5,3.518,3.496,891960.0,510310,sh,沪深300ETF易方达
2023-06-21,3.494,3.452,3.5,3.45,1201597.0,510310,sh,沪深300ETF易方达
2023-06-26,3.44,3.406,3.44,3.394,2530706.0,510310,sh,沪深300ETF易方达
2023-06-27,3.406,3.434,3.44,3.4,938246.0,510310,sh,沪深300ETF易方达
2023-06-28,3.434,3.44,3.442,3.402,1041049.0,510310,sh,沪深300ETF易方达
2023-06-29,3.434,3.422,3.438,3.41,642059.0,510310,sh,沪深300ETF易方达
2023-06-30,3.418,3.446,3.458,3.416,845352.0,510310,sh,沪深300ETF易方达
2023-07-03,3.454,3.486,3.496,3.454,1008377.0,510310,sh,沪深300ETF易方达
2023-07-04,3.476,3.492,3.498,3.476,357123.0,510310,sh,沪深300ETF易方达
2023-07-05,3.492,3.472,3.496,3.466,2273969.0,510310,sh,沪深300ETF易方达
2023-07-06,3.46,3.442,3.482,3.436,839238.0,510310,sh,沪深300ETF易方达
2023-07-07,3.434,3.432,3.45,3.422,1410797.0,510310,sh,沪深300ETF易方达
2023-07-10,3.446,3.446,3.47,3.434,1140692.0,510310,sh,沪深300ETF易方达
2023-07-11,3.45,3.47,3.476,3.45,1126262.0,510310,sh,沪深300ETF易方达
2023-07-12,3.476,3.454,3.482,3.444,632625.0,510310,sh,沪深300ETF易方达
2023-07-13,3.468,3.512,3.516,3.468,2593874.0,510310,sh,沪深300ETF易方达
2023-07-14,3.52,3.512,3.526,3.508,1611366.0,510310,sh,沪深300ETF易方达
2023-07-17,3.504,3.486,3.504,3.472,2274426.0,510310,sh,沪深300ETF易方达
2023-07-18,3.486,3.482,3.492,3.468,742590.0,510310,sh,沪深300ETF易方达
2023-07-19,3.48,3.478,3.486,3.458,2579611.0,510310,sh,沪深300ETF易方达
2023-07-20,3.48,3.45,3.5,3.444,1526584.0,510310,sh,沪深300ETF易方达
2023-07-21,3.45,3.45,3.478,3.438,1750487.0,510310,sh,沪深300ETF易方达
2023-07-24,3.448,3.434,3.46,3.428,1164610.0,510310,sh,沪深300ETF易方达
2023-07-25,3.48,3.542,3.542,3.48,2474899.0,510310,sh,沪深300ETF易方达
2023-07-26,3.538,3.538,3.54,3.52,2333037.0,510310,sh,沪深300ETF易方达
2023-07-27,3.54,3.532,3.558,3.52,2251489.0,510310,sh,沪深300ETF易方达
2023-07-28,3.516,3.622,3.628,3.512,3298657.0,510310,sh,沪深300ETF易方达
2023-07-31,3.644,3.638,3.692,3.628,4458921.0,510310,sh,沪深300ETF易方达
2023-08-01,3.63,3.622,3.658,3.61,3901322.0,510310,sh,沪深300ETF易方达
2023-08-02,3.616,3.594,3.636,3.584,3484360.0,510310,sh,沪深300ETF易方达
2023-08-03,3.588,3.628,3.628,3.588,1413019.0,510310,sh,沪深300ETF易方达
2023-08-04,3.654,3.646,3.684,3.634,2944750.0,510310,sh,沪深300ETF易方达
2023-08-07,3.632,3.614,3.632,3.604,1891204.0,510310,sh,沪深300ETF易方达
2023-08-08,3.6,3.602,3.63,3.59,3311488.0,510310,sh,沪深300ETF易方达
2023-08-09,3.598,3.594,3.61,3.59,1319758.0,510310,sh,沪深300ETF易方达
2023-08-10,3.596,3.6,3.606,3.57,2290906.0,510310,sh,沪深300ETF易方达
2023-08-11,3.608,3.508,3.608,3.508,5411046.0,510310,sh,沪深300ETF易方达
2023-08-14,3.47,3.484,3.494,3.446,4937904.0,510310,sh,沪深300ETF易方达
2023-08-15,3.486,3.482,3.498,3.446,2372209.0,510310,sh,沪深300ETF易方达
2023-08-16,3.474,3.454,3.484,3.452,2928786.0,510310,sh,沪深300ETF易方达
2023-08-17,3.44,3.466,3.472,3.42,2960878.0,510310,sh,沪深300ETF易方达
2023-08-18,3.462,3.416,3.476,3.414,1868151.0,510310,sh,沪深300ETF易方达
2023-08-21,3.41,3.364,3.418,3.364,2001627.0,510310,sh,沪深300ETF易方达
2023-08-22,3.376,3.39,3.404,3.342,3043383.0,510310,sh,沪深300ETF易方达
2023-08-23,3.38,3.346,3.388,3.334,3136495.0,510310,sh,沪深300ETF易方达
2023-08-24,3.352,3.36,3.386,3.34,2727898.0,510310,sh,沪深300ETF易方达
2023-08-25,3.346,3.352,3.374,3.336,2778863.0,510310,sh,沪深300ETF易方达
2023-08-28,3.596,3.4,3.6,3.38,7143794.0,510310,sh,沪深300ETF易方达
2023-08-29,3.392,3.424,3.452,3.382,4839350.0,510310,sh,沪深300ETF易方达
2023-08-30,3.434,3.426,3.45,3.418,2848968.0,510310,sh,沪深300ETF易方达
2023-08-31,3.426,3.406,3.432,3.398,2831428.0,510310,sh,沪深300ETF易方达
2023-09-01,3.42,3.428,3.448,3.418,3309082.0,510310,sh,沪深300ETF易方达
2023-09-04,3.45,3.482,3.49,3.438,2430496.0,510310,sh,沪深300ETF易方达
2023-09-05,3.478,3.456,3.478,3.448,1843520.0,510310,sh,沪深300ETF易方达
2023-09-06,3.446,3.448,3.456,3.43,1378240.0,510310,sh,沪深300ETF易方达
2023-09-07,3.442,3.396,3.442,3.392,2423856.0,510310,sh,沪深300ETF易方达
2023-09-08,3.386,3.378,3.392,3.362,4026862.0,510310,sh,沪深300ETF易方达
2023-09-11,3.376,3.402,3.426,3.372,2917444.0,510310,sh,沪深300ETF易方达
2023-09-12,3.4,3.4,3.414,3.39,1344341.0,510310,sh,沪深300ETF易方达
2023-09-13,3.4,3.374,3.408,3.356,1909392.0,510310,sh,沪深300ETF易方达
2023-09-14,3.374,3.374,3.386,3.356,1613864.0,510310,sh,沪深300ETF易方达
2023-09-15,3.384,3.356,3.388,3.342,2443053.0,510310,sh,沪深300ETF易方达
2023-09-18,3.354,3.37,3.38,3.332,2667567.0,510310,sh,沪深300ETF易方达
2023-09-19,3.368,3.362,3.368,3.342,2055396.0,510310,sh,沪深300ETF易方达
2023-09-20,3.356,3.348,3.362,3.348,1612159.0,510310,sh,沪深300ETF易方达
2023-09-21,3.342,3.314,3.352,3.312,2212801.0,510310,sh,沪深300ETF易方达
2023-09-22,3.3,3.384,3.386,3.3,3046541.0,510310,sh,沪深300ETF易方达
2023-09-25,3.376,3.356,3.378,3.352,1419207.0,510310,sh,沪深300ETF易方达
2023-09-26,3.354,3.338,3.364,3.334,1715422.0,510310,sh,沪深300ETF易方达
2023-09-27,3.336,3.348,3.372,3.334,1803387.0,510310,sh,沪深300ETF易方达
2023-09-28,3.354,3.334,3.362,3.326,2885054.0,510310,sh,沪深300ETF易方达
2023-10-09,3.328,3.324,3.336,3.284,1768419.0,510310,sh,沪深300ETF易方达
2023-10-10,3.332,3.3,3.346,3.296,1572032.0,510310,sh,沪深300ETF易方达
2023-10-11,3.316,3.308,3.332,3.3,1541732.0,510310,sh,沪深300ETF易方达
2023-10-12,3.34,3.344,3.354,3.324,1930013.0,510310,sh,沪深300ETF易方达
2023-10-13,3.32,3.306,3.324,3.298,1771652.0,510310,sh,沪深300ETF易方达
2023-10-16,3.306,3.268,3.31,3.26,1967158.0,510310,sh,沪深300ETF易方达
2023-10-17,3.274,3.28,3.286,3.262,1573341.0,510310,sh,沪深300ETF易方达
2023-10-18,3.278,3.248,3.278,3.248,2194273.0,510310,sh,沪深300ETF易方达
2023-10-19,3.238,3.186,3.242,3.18,3217657.0,510310,sh,沪深300ETF易方达
2023-10-20,3.18,3.162,3.182,3.15,3154211.0,510310,sh,沪深300ETF易方达
2023-10-23,3.156,3.162,3.176,3.096,6753001.0,510310,sh,沪深300ETF易方达
2023-10-24,3.15,3.134,3.15,3.102,14140976.0,510310,sh,沪深300ETF易方达
2023-10-25,3.172,3.154,3.184,3.15,11446442.0,510310,sh,沪深300ETF易方达
2023-10-26,3.132,3.166,3.166,3.13,10164247.0,510310,sh,沪深300ETF易方达
2023-10-27,3.152,3.214,3.226,3.146,7160678.0,510310,sh,沪深300ETF易方达
2023-10-30,3.198,3.232,3.244,3.198,9353570.0,510310,sh,沪深300ETF易方达
2023-10-31,3.23,3.226,3.232,3.202,4418823.0,510310,sh,沪深300ETF易方达
2023-11-01,3.244,3.22,3.252,3.21,3082918.0,510310,sh,沪深300ETF易方达
2023-11-02,3.226,3.206,3.246,3.204,5419352.0,510310,sh,沪深300ETF易方达
2023-11-03,3.208,3.232,3.244,3.208,4292514.0,510310,sh,沪深300ETF易方达
2023-11-06,3.252,3.276,3.282,3.248,5962468.0,510310,sh,沪深300ETF易方达
2023-11-07,3.272,3.266,3.278,3.252,2529433.0,510310,sh,沪深300ETF易方达
2023-11-08,3.262,3.256,3.272,3.234,3270900.0,510310,sh,沪深300ETF易方达
2023-11-09,3.25,3.262,3.27,3.244,2748307.0,510310,sh,沪深300ETF易方达
2023-11-10,3.248,3.232,3.248,3.22,2883578.0,510310,sh,沪深300ETF易方达
2023-11-13,3.234,3.228,3.244,3.21,2536664.0,510310,sh,沪深300ETF易方达
2023-11-14,3.23,3.23,3.248,3.214,2251840.0,510310,sh,沪深300ETF易方达
2023-11-15,3.26,3.258,3.268,3.242,3086290.0,510310,sh,沪深300ETF易方达
2023-11-16,3.254,3.22,3.254,3.218,3245826.0,510310,sh,沪深300ETF易方达
2023-11-17,3.214,3.214,3.218,3.196,6855111.0,510310,sh,沪深300ETF易方达
2023-11-20,3.214,3.226,3.236,3.19,2719354.0,510310,sh,沪深300ETF易方达
2023-11-21,3.236,3.23,3.264,3.22,3824545.0,510310,sh,沪深300ETF易方达
2023-11-22,3.222,3.194,3.224,3.192,3670272.0,510310,sh,沪深300ETF易方达
2023-11-23,3.19,3.21,3.212,3.176,3842639.0,510310,sh,沪深300ETF易方达
2023-11-24,3.204,3.188,3.204,3.18,3418154.0,510310,sh,沪深300ETF易方达
2023-11-27,3.18,3.166,3.184,3.14,3707319.0,510310,sh,沪深300ETF易方达
2023-11-28,3.162,3.168,3.172,3.15,3539587.0,510310,sh,沪深300ETF易方达
2023-11-29,3.17,3.144,3.172,3.13,4310181.0,510310,sh,沪深300ETF易方达
2023-11-30,3.142,3.146,3.158,3.132,3801071.0,510310,sh,沪深300ETF易方达
2023-12-01,3.148,3.134,3.148,3.104,13840300.0,510310,sh,沪深300ETF易方达
2023-12-04,3.134,3.108,3.14,3.106,3671114.0,510310,sh,沪深300ETF易方达
2023-12-05,3.104,3.048,3.104,3.044,5801547.0,510310,sh,沪深300ETF易方达
2023-12-06,3.042,3.052,3.07,3.034,6551013.0,510310,sh,沪深300ETF易方达
2023-12-07,3.048,3.046,3.058,3.022,4132686.0,510310,sh,沪深300ETF易方达
2023-12-08,3.046,3.052,3.064,3.038,2802415.0,510310,sh,沪深300ETF易方达
2023-12-11,3.04,3.074,3.084,3.006,4851527.0,510310,sh,沪深300ETF易方达
2023-12-12,3.062,3.082,3.084,3.062,2783537.0,510310,sh,沪深300ETF易方达
2023-12-13,3.078,3.026,3.078,3.022,3247473.0,510310,sh,沪深300ETF易方达
2023-12-14,3.042,3.008,3.056,3.002,4210130.0,510310,sh,沪深300ETF易方达
2023-12-15,3.018,3.002,3.044,2.992,4071236.0,510310,sh,沪深300ETF易方达
2023-12-18,2.994,2.99,3.01,2.97,3541472.0,510310,sh,沪深300ETF易方达
2023-12-19,2.99,2.992,3.004,2.97,7791172.0,510310,sh,沪深300ETF易方达
2023-12-20,2.994,2.96,3.0,2.958,5290600.0,510310,sh,沪深300ETF易方达
2023-12-21,2.95,2.99,3.002,2.946,5147615.0,510310,sh,沪深300ETF易方达
2023-12-22,2.988,2.998,3.02,2.972,14600067.0,510310,sh,沪深300ETF易方达
2023-12-25,2.998,3.006,3.012,2.992,6971384.0,510310,sh,沪深300ETF易方达
2023-12-26,3.008,2.986,3.008,2.976,11876632.0,510310,sh,沪深300ETF易方达
2023-12-27,2.988,2.996,3.002,2.972,4938689.0,510310,sh,沪深300ETF易方达
2023-12-28,2.994,3.076,3.084,2.99,7945063.0,510310,sh,沪深300ETF易方达
2023-12-29,3.076,3.086,3.092,3.07,13716263.0,510310,sh,沪深300ETF易方达
2024-01-02,3.09,3.04,3.09,3.04,5082316.0,510310,sh,沪深300ETF易方达
2024-01-03,3.038,3.034,3.05,3.02,6642590.0,510310,sh,沪深300ETF易方达
2024-01-04,3.032,3.006,3.034,2.98,14979796.0,510310,sh,沪深300ETF易方达
2024-01-05,2.998,2.988,3.03,2.97,4606813.0,510310,sh,沪深300ETF易方达
2024-01-08,2.982,2.944,2.994,2.94,9282225.0,510310,sh,沪深300ETF易方达
2024-01-09,2.946,2.956,2.966,2.934,13918658.0,510310,sh,沪深300ETF易方达
2024-01-10,2.946,2.936,2.974,2.93,3255508.0,510310,sh,沪深300ETF易方达
2024-01-11,2.936,2.954,2.974,2.928,3027023.0,510310,sh,沪深300ETF易方达
2024-01-12,2.946,2.942,2.972,2.94,3168582.0,510310,sh,沪深300ETF易方达
2024-01-15,2.93,2.94,2.97,2.922,3535960.0,510310,sh,沪深300ETF易方达
2024-01-16,2.938,2.96,2.962,2.92,29422248.0,510310,sh,沪深300ETF易方达
2024-01-17,2.952,2.882,2.954,2.88,28741959.0,510310,sh,沪深300ETF易方达
2024-01-18,2.878,2.936,2.944,2.832,35951847.0,510310,sh,沪深300ETF易方达
2024-01-19,2.918,2.934,2.95,2.91,35967052.0,510310,sh,沪深300ETF易方达
2024-01-22,2.93,2.872,2.944,2.858,57983486.0,510310,sh,沪深300ETF易方达
2024-01-23,2.866,2.892,2.91,2.85,6166777.0,510310,sh,沪深300ETF易方达
2024-01-24,2.908,2.948,2.95,2.85,26060741.0,510310,sh,沪深300ETF易方达
2024-01-25,2.936,3.0,3.004,2.93,10270141.0,510310,sh,沪深300ETF易方达
2024-01-26,2.992,2.992,3.01,2.976,28038430.0,510310,sh,沪深300ETF易方达
2024-01-29,2.996,2.962,3.01,2.96,6072924.0,510310,sh,沪深300ETF易方达
2024-01-30,2.946,2.904,2.962,2.902,20117660.0,510310,sh,沪深300ETF易方达
2024-01-31,2.894,2.886,2.914,2.86,26448111.0,510310,sh,沪深300ETF易方达
2024-02-01,2.866,2.88,2.914,2.854,7403871.0,510310,sh,沪深300ETF易方达
2024-02-02,2.884,2.852,2.898,2.768,25015764.0,510310,sh,沪深300ETF易方达
2024-02-05,2.82,2.86,2.908,2.778,37633763.0,510310,sh,沪深300ETF易方达
2024-02-06,2.84,2.968,2.978,2.84,13812205.0,510310,sh,沪深300ETF易方达
2024-02-07,2.97,3.0,3.006,2.952,54305550.0,510310,sh,沪深300ETF易方达
2024-02-08,3.016,3.022,3.03,2.998,19884503.0,510310,sh,沪深300ETF易方达
2024-02-19,3.038,3.05,3.058,3.018,18462827.0,510310,sh,沪深300ETF易方达
2024-02-20,3.046,3.062,3.072,3.036,10516620.0,510310,sh,沪深300ETF易方达
2024-02-21,3.048,3.106,3.156,3.042,9186824.0,510310,sh,沪深300ETF易方达
2024-02-22,3.104,3.136,3.138,3.102,5219468.0,510310,sh,沪深300ETF易方达
2024-02-23,3.136,3.138,3.158,3.124,3974898.0,510310,sh,沪深300ETF易方达
2024-02-26,3.138,3.104,3.142,3.096,8353704.0,510310,sh,沪深300ETF易方达
2024-02-27,3.09,3.144,3.146,3.09,5931837.0,510310,sh,沪深300ETF易方达
2024-02-28,3.146,3.104,3.174,3.104,20091854.0,510310,sh,沪深300ETF易方达
2024-02-29,3.1,3.162,3.168,3.096,13398690.0,510310,sh,沪深300ETF易方达
2024-03-01,3.164,3.19,3.2,3.154,10370862.0,510310,sh,沪深300ETF易方达
2024-03-04,3.184,3.192,3.196,3.168,5486507.0,510310,sh,沪深300ETF易方达
2024-03-05,3.174,3.214,3.226,3.17,53847559.0,510310,sh,沪深300ETF易方达
2024-03-06,3.208,3.202,3.23,3.198,16202295.0,510310,sh,沪深300ETF易方达
2024-03-07,3.202,3.186,3.22,3.174,9660078.0,510310,sh,沪深300ETF易方达
2024-03-08,3.184,3.194,3.2,3.162,7710941.0,510310,sh,沪深300ETF易方达
2024-03-11,3.192,3.24,3.242,3.19,12398904.0,510310,sh,沪深300ETF易方达
2024-03-12,3.238,3.248,3.256,3.226,8856450.0,510310,sh,沪深300ETF易方达
2024-03-13,3.246,3.224,3.246,3.214,4667440.0,510310,sh,沪深300ETF易方达
2024-03-14,3.22,3.214,3.246,3.196,8633659.0,510310,sh,沪深300ETF易方达
2024-03-15,3.204,3.22,3.226,3.182,7060033.0,510310,sh,沪深300ETF易方达
2024-03-18,3.224,3.254,3.256,3.22,10683599.0,510310,sh,沪深300ETF易方达
2024-03-19,3.25,3.23,3.26,3.228,5019648.0,510310,sh,沪深300ETF易方达
2024-03-20,3.224,3.23,3.242,3.22,5825358.0,510310,sh,沪深300ETF易方达
2024-03-21,3.24,3.23,3.252,3.224,3227193.0,510310,sh,沪深300ETF易方达
2024-03-22,3.228,3.196,3.228,3.172,16912064.0,510310,sh,沪深300ETF易方达
2024-03-25,3.186,3.186,3.216,3.178,6988200.0,510310,sh,沪深300ETF易方达
2024-03-26,3.184,3.192,3.202,3.172,9228476.0,510310,sh,沪深300ETF易方达
2024-03-27,3.188,3.156,3.196,3.154,8921190.0,510310,sh,沪深300ETF易方达
2024-03-28,3.154,3.172,3.204,3.144,5498852.0,510310,sh,沪深300ETF易方达
2024-03-29,3.17,3.186,3.192,3.166,5842060.0,510310,sh,沪深300ETF易方达
2024-04-01,3.198,3.244,3.254,3.198,5303088.0,510310,sh,沪深300ETF易方达
2024-04-02,3.242,3.232,3.246,3.22,3985039.0,510310,sh,沪深300ETF易方达
2024-04-03,3.23,3.218,3.232,3.208,3210202.0,510310,sh,沪深300ETF易方达
2024-04-08,3.21,3.188,3.216,3.184,3260666.0,510310,sh,沪深300ETF易方达
2024-04-09,3.188,3.184,3.196,3.172,2351110.0,510310,sh,沪深300ETF易方达
2024-04-10,3.184,3.16,3.184,3.142,3308848.0,510310,sh,沪深300ETF易方达
2024-04-11,3.144,3.156,3.174,3.138,2695388.0,510310,sh,沪深300ETF易方达
2024-04-12,3.152,3.126,3.166,3.12,3595210.0,510310,sh,沪深300ETF易方达
2024-04-15,3.122,3.202,3.206,3.122,3964056.0,510310,sh,沪深300ETF易方达
2024-04-16,3.19,3.166,3.196,3.154,3410687.0,510310,sh,沪深300ETF易方达
2024-04-17,3.164,3.214,3.218,3.152,3159232.0,510310,sh,沪深300ETF易方达
2024-04-18,3.206,3.216,3.254,3.202,3249332.0,510310,sh,沪深300ETF易方达
2024-04-19,3.208,3.194,3.214,3.18,5912945.0,510310,sh,沪深300ETF易方达
2024-04-22,3.196,3.186,3.214,3.178,2762627.0,510310,sh,沪深300ETF易方达
2024-04-23,3.19,3.16,3.19,3.156,6071497.0,510310,sh,沪深300ETF易方达
2024-04-24,3.164,3.174,3.18,3.15,2861217.0,510310,sh,沪深300ETF易方达
2024-04-25,3.166,3.182,3.198,3.156,3108844.0,510310,sh,沪深300ETF易方达
2024-04-26,3.184,3.232,3.244,3.184,4569160.0,510310,sh,沪深300ETF易方达
2024-04-29,3.244,3.276,3.298,3.232,5879514.0,510310,sh,沪深300ETF易方达
2024-04-30,3.276,3.26,3.282,3.258,2854552.0,510310,sh,沪深300ETF易方达
2024-05-06,3.302,3.308,3.324,3.296,3797455.0,510310,sh,沪深300ETF易方达
2024-05-07,3.304,3.31,3.316,3.298,1990593.0,510310,sh,沪深300ETF易方达
2024-05-08,3.304,3.282,3.304,3.278,2423383.0,510310,sh,沪深300ETF易方达
2024-05-09,3.28,3.314,3.32,3.28,2873034.0,510310,sh,沪深300ETF易方达
2024-05-10,3.32,3.318,3.328,3.29,4312295.0,510310,sh,沪深300ETF易方达
2024-05-13,3.296,3.314,3.324,3.28,4211546.0,510310,sh,沪深300ETF易方达
2024-05-14,3.314,3.306,3.328,3.298,3698622.0,510310,sh,沪深300ETF易方达
2024-05-15,3.308,3.284,3.31,3.278,2898685.0,510310,sh,沪深300ETF易方达
2024-05-16,3.288,3.296,3.312,3.28,2493358.0,510310,sh,沪深300ETF易方达
2024-05-17,3.29,3.336,3.34,3.282,2999946.0,510310,sh,沪深300ETF易方达
2024-05-20,3.334,3.344,3.358,3.33,2993526.0,510310,sh,沪深300ETF易方达
2024-05-21,3.336,3.33,3.342,3.318,3624264.0,510310,sh,沪深300ETF易方达
2024-05-22,3.33,3.34,3.348,3.322,2560880.0,510310,sh,沪深300ETF易方达
2024-05-23,3.334,3.302,3.334,3.292,2808626.0,510310,sh,沪深300ETF易方达
2024-05-24,3.294,3.262,3.31,3.258,4147491.0,510310,sh,沪深300ETF易方达
2024-05-27,3.264,3.292,3.294,3.262,3847587.0,510310,sh,沪深300ETF易方达
2024-05-28,3.292,3.27,3.294,3.262,3226961.0,510310,sh,沪深300ETF易方达
2024-05-29,3.27,3.27,3.294,3.262,2981116.0,510310,sh,沪深300ETF易方达
2024-05-30,3.264,3.258,3.286,3.248,3522806.0,510310,sh,沪深300ETF易方达
2024-05-31,3.262,3.244,3.276,3.242,5036658.0,510310,sh,沪深300ETF易方达
2024-06-03,3.24,3.248,3.26,3.226,3984093.0,510310,sh,沪深300ETF易方达
2024-06-04,3.246,3.274,3.284,3.24,3331417.0,510310,sh,沪深300ETF易方达
2024-06-05,3.27,3.258,3.284,3.258,3062743.0,510310,sh,沪深300ETF易方达
2024-06-06,3.26,3.26,3.29,3.244,3060766.0,510310,sh,沪深300ETF易方达
2024-06-07,3.26,3.24,3.272,3.218,2722538.0,510310,sh,沪深300ETF易方达
2024-06-11,3.232,3.212,3.232,3.196,3601368.0,510310,sh,沪深300ETF易方达
2024-06-12,3.206,3.21,3.218,3.198,2332962.0,510310,sh,沪深300ETF易方达
2024-06-13,3.214,3.198,3.22,3.19,1541194.0,510310,sh,沪深300ETF易方达
2024-06-14,3.194,3.214,3.224,3.18,3403281.0,510310,sh,沪深300ETF易方达
2024-06-17,3.202,3.206,3.214,3.198,1453346.0,510310,sh,沪深300ETF易方达
2024-06-18,3.21,3.214,3.226,3.204,2030443.0,510310,sh,沪深300ETF易方达
2024-06-19,3.216,3.206,3.224,3.202,2384959.0,510310,sh,沪深300ETF易方达
2024-06-20,3.204,3.184,3.214,3.18,1787759.0,510310,sh,沪深300ETF易方达
2024-06-21,3.186,3.18,3.188,3.156,15180379.0,510310,sh,沪深300ETF易方达
2024-06-24,3.162,3.16,3.188,3.156,13180650.0,510310,sh,沪深300ETF易方达
2024-06-25,3.16,3.14,3.168,3.122,10464333.0,510310,sh,沪深300ETF易方达
2024-06-26,3.13,3.162,3.17,3.128,3544796.0,510310,sh,沪深300ETF易方达
2024-06-27,3.156,3.142,3.16,3.136,10056280.0,510310,sh,沪深300ETF易方达
2024-06-28,3.132,3.15,3.176,3.132,6874609.0,510310,sh,沪深300ETF易方达
2024-07-01,3.148,3.162,3.17,3.132,3151885.0,510310,sh,沪深300ETF易方达
2024-07-02,3.158,3.16,3.174,3.152,3571735.0,510310,sh,沪深300ETF易方达
2024-07-03,3.158,3.154,3.164,3.144,6501208.0,510310,sh,沪深300ETF易方达
2024-07-04,3.156,3.138,3.172,3.136,13492698.0,510310,sh,沪深300ETF易方达
2024-07-05,3.136,3.124,3.142,3.092,14613370.0,510310,sh,沪深300ETF易方达
2024-07-08,3.114,3.1,3.122,3.09,8530814.0,510310,sh,沪深300ETF易方达
2024-07-09,3.096,3.134,3.146,3.082,4710642.0,510310,sh,沪深300ETF易方达
2024-07-10,3.128,3.126,3.144,3.124,3912817.0,510310,sh,沪深300ETF易方达
2024-07-11,3.154,3.172,3.182,3.142,5199168.0,510310,sh,沪深300ETF易方达
2024-07-12,3.172,3.182,3.19,3.168,4279557.0,510310,sh,沪深300ETF易方达
2024-07-15,3.176,3.186,3.194,3.174,8728471.0,510310,sh,沪深300ETF易方达
2024-07-16,3.18,3.212,3.218,3.178,20319689.0,510310,sh,沪深300ETF易方达
2024-07-17,3.21,3.22,3.232,3.2,34320055.0,510310,sh,沪深300ETF易方达
2024-07-18,3.21,3.24,3.242,3.196,22839718.0,510310,sh,沪深300ETF易方达
2024-07-19,3.228,3.256,3.268,3.216,42952417.0,510310,sh,沪深300ETF易方达
2024-07-22,3.256,3.232,3.26,3.214,9520450.0,510310,sh,沪深300ETF易方达
2024-07-23,3.228,3.164,3.232,3.162,5038483.0,510310,sh,沪深300ETF易方达
2024-07-24,3.158,3.144,3.174,3.128,11942191.0,510310,sh,沪深300ETF易方达
2024-07-25,3.128,3.12,3.14,3.106,13153752.0,510310,sh,沪深300ETF易方达
2024-07-26,3.124,3.14,3.148,3.118,12570506.0,510310,sh,沪深300ETF易方达
2024-07-29,3.136,3.118,3.138,3.116,3543076.0,510310,sh,沪深300ETF易方达
2024-07-30,3.11,3.098,3.112,3.082,14687554.0,510310,sh,沪深300ETF易方达
2024-07-31,3.094,3.172,3.176,3.092,8455141.0,510310,sh,沪深300ETF易方达
2024-08-01,3.172,3.148,3.18,3.144,3115466.0,510310,sh,沪深300ETF易方达
2024-08-02,3.128,3.112,3.148,3.106,8023401.0,510310,sh,沪深300ETF易方达
2024-08-05,3.096,3.074,3.14,3.072,16667758.0,510310,sh,沪深300ETF易方达
2024-08-06,3.092,3.072,3.108,3.048,11086135.0,510310,sh,沪深300ETF易方达
2024-08-07,3.066,3.07,3.092,3.058,3355906.0,510310,sh,沪深300ETF易方达
2024-08-08,3.064,3.072,3.096,3.05,2768846.0,510310,sh,沪深300ETF易方达
2024-08-09,3.082,3.06,3.096,3.06,3033135.0,510310,sh,沪深300ETF易方达
2024-08-12,3.058,3.058,3.07,3.05,2488970.0,510310,sh,沪深300ETF易方达
2024-08-13,3.058,3.062,3.064,3.04,5267483.0,510310,sh,沪深300ETF易方达
2024-08-14,3.06,3.038,3.062,3.036,2816817.0,510310,sh,沪深300ETF易方达
2024-08-15,3.036,3.074,3.088,3.032,18789294.0,510310,sh,沪深300ETF易方达
2024-08-16,3.07,3.078,3.09,3.066,23203835.0,510310,sh,沪深300ETF易方达
2024-08-19,3.076,3.086,3.11,3.074,3397753.0,510310,sh,沪深300ETF易方达
2024-08-20,3.09,3.068,3.094,3.054,17125266.0,510310,sh,沪深300ETF易方达
2024-08-21,3.06,3.054,3.072,3.042,12825056.0,510310,sh,沪深300ETF易方达
2024-08-22,3.054,3.046,3.064,3.038,19191544.0,510310,sh,沪深300ETF易方达
2024-08-23,3.044,3.06,3.072,3.042,3540578.0,510310,sh,沪深300ETF易方达
2024-08-26,3.062,3.06,3.072,3.046,20222207.0,510310,sh,沪深300ETF易方达
2024-08-27,3.056,3.046,3.056,3.036,11334793.0,510310,sh,沪深300ETF易方达
2024-08-28,3.038,3.024,3.044,3.012,20899457.0,510310,sh,沪深300ETF易方达
2024-08-29,3.016,3.014,3.03,3.008,12434076.0,510310,sh,沪深300ETF易方达
2024-08-30,3.012,3.062,3.092,3.012,12494883.0,510310,sh,沪深300ETF易方达
2024-09-02,3.054,3.002,3.054,3.0,5892844.0,510310,sh,沪深300ETF易方达
2024-09-03,3.0,3.008,3.02,2.998,14326083.0,510310,sh,沪深300ETF易方达
2024-09-04,2.994,2.99,3.012,2.988,4701952.0,510310,sh,沪深300ETF易方达
2024-09-05,2.994,2.994,3.006,2.986,26031128.0,510310,sh,沪深300ETF易方达
2024-09-06,3.0,2.97,3.012,2.966,6759205.0,510310,sh,沪深300ETF易方达
2024-09-09,2.958,2.93,2.962,2.916,9173706.0,510310,sh,沪深300ETF易方达
2024-09-10,2.93,2.932,2.944,2.906,7775679.0,510310,sh,沪深300ETF易方达
2024-09-11,2.922,2.924,2.936,2.91,4464715.0,510310,sh,沪深300ETF易方达
2024-09-12,2.926,2.914,2.942,2.91,3444024.0,510310,sh,沪深300ETF易方达
2024-09-13,2.914,2.898,2.928,2.896,3693805.0,510310,sh,沪深300ETF易方达
2024-09-18,2.898,2.908,2.92,2.884,13948017.0,510310,sh,沪深300ETF易方达
2024-09-19,2.912,2.934,2.956,2.888,8396508.0,510310,sh,沪深300ETF易方达
2024-09-20,2.932,2.938,2.95,2.91,36240262.0,510310,sh,沪深300ETF易方达
2024-09-23,2.938,2.952,2.971,2.933,2706707.0,510310,sh,沪深300ETF易方达
2024-09-24,2.988,3.093,3.095,2.962,10274018.0,510310,sh,沪深300ETF易方达
2024-09-25,3.149,3.141,3.206,3.134,10690922.0,510310,sh,沪深300ETF易方达
2024-09-26,3.131,3.303,3.307,3.131,11492600.0,510310,sh,沪深300ETF易方达
2024-09-27,3.361,3.447,3.544,3.339,4199349.0,510310,sh,沪深300ETF易方达
2024-09-30,3.639,3.818,3.818,3.539,16696898.0,510310,sh,沪深300ETF易方达
2024-10-08,4.226,4.022,4.226,3.854,16473009.0,510310,sh,沪深300ETF易方达
2024-10-09,3.929,3.673,3.936,3.658,12769149.0,510310,sh,沪深300ETF易方达
2024-10-10,3.704,3.743,3.848,3.656,8399437.0,510310,sh,沪深300ETF易方达
2024-10-11,3.732,3.636,3.732,3.585,8080324.0,510310,sh,沪深300ETF易方达
2024-10-14,3.643,3.7,3.719,3.604,8207113.0,510310,sh,沪深300ETF易方达
2024-10-15,3.675,3.594,3.705,3.592,6971851.0,510310,sh,沪深300ETF易方达
2024-10-16,3.567,3.567,3.621,3.545,5278890.0,510310,sh,沪深300ETF易方达
2024-10-17,3.584,3.525,3.622,3.524,7451730.0,510310,sh,沪深300ETF易方达
2024-10-18,3.522,3.675,3.787,3.509,8924927.0,510310,sh,沪深300ETF易方达
2024-10-21,3.709,3.678,3.716,3.639,5315130.0,510310,sh,沪深300ETF易方达
2024-10-22,3.664,3.697,3.703,3.659,3710896.0,510310,sh,沪深300ETF易方达
2024-10-23,3.694,3.712,3.752,3.679,5044069.0,510310,sh,沪深300ETF易方达
2024-10-24,3.698,3.668,3.698,3.652,6258658.0,510310,sh,沪深300ETF易方达
2024-10-25,3.668,3.697,3.731,3.663,5688016.0,510310,sh,沪深300ETF易方达
2024-10-28,3.699,3.702,3.703,3.658,3533103.0,510310,sh,沪深300ETF易方达
2024-10-29,3.711,3.671,3.736,3.661,5053891.0,510310,sh,沪深300ETF易方达
2024-10-30,3.656,3.633,3.67,3.606,5725115.0,510310,sh,沪深300ETF易方达
2024-10-31,3.624,3.631,3.664,3.598,14208561.0,510310,sh,沪深300ETF易方达
2024-11-01,3.63,3.639,3.675,3.621,8406182.0,510310,sh,沪深300ETF易方达
2024-11-04,3.639,3.689,3.692,3.631,5181853.0,510310,sh,沪深300ETF易方达
2024-11-05,3.679,3.79,3.792,3.669,6922998.0,510310,sh,沪深300ETF易方达
2024-11-06,3.792,3.766,3.834,3.742,6517685.0,510310,sh,沪深300ETF易方达
2024-11-07,3.744,3.897,3.898,3.732,8278086.0,510310,sh,沪深300ETF易方达
2024-11-08,3.916,3.843,3.935,3.832,7932289.0,510310,sh,沪深300ETF易方达
2024-11-11,3.811,3.866,3.872,3.786,4732416.0,510310,sh,沪深300ETF易方达
2024-11-12,3.865,3.823,3.92,3.799,7525216.0,510310,sh,沪深300ETF易方达
2024-11-13,3.801,3.848,3.858,3.799,3759971.0,510310,sh,沪深300ETF易方达
2024-11-14,3.844,3.778,3.855,3.774,3754971.0,510310,sh,沪深300ETF易方达
2024-11-15,3.77,3.715,3.789,3.712,3988522.0,510310,sh,沪深300ETF易方达
2024-11-18,3.729,3.696,3.773,3.674,4300682.0,510310,sh,沪深300ETF易方达
2024-11-19,3.7,3.716,3.718,3.639,4994941.0,510310,sh,沪深300ETF易方达
2024-11-20,3.704,3.725,3.742,3.696,2715654.0,510310,sh,沪深300ETF易方达
2024-11-21,3.717,3.731,3.74,3.708,2931983.0,510310,sh,沪深300ETF易方达
2024-11-22,3.725,3.616,3.732,3.609,2986049.0,510310,sh,沪深300ETF易方达
2024-11-25,3.616,3.594,3.632,3.557,3753652.0,510310,sh,沪深300ETF易方达
2024-11-26,3.581,3.584,3.62,3.576,2650487.0,510310,sh,沪深300ETF易方达
2024-11-27,3.581,3.648,3.652,3.563,2950100.0,510310,sh,沪深300ETF易方达
2024-11-28,3.644,3.619,3.65,3.609,2976392.0,510310,sh,沪深300ETF易方达
2024-11-29,3.617,3.659,3.704,3.615,3340966.0,510310,sh,沪深300ETF易方达
2024-12-02,3.659,3.689,3.701,3.649,2147106.0,510310,sh,沪深300ETF易方达
2024-12-03,3.689,3.692,3.709,3.664,3580943.0,510310,sh,沪深300ETF易方达
2024-12-04,3.688,3.675,3.7,3.664,2618052.0,510310,sh,沪深300ETF易方达
2024-12-05,3.668,3.666,3.68,3.653,3359061.0,510310,sh,沪深300ETF易方达
2024-12-06,3.665,3.714,3.741,3.665,6889931.0,510310,sh,沪深300ETF易方达
2024-12-09,3.709,3.712,3.739,3.689,4678914.0,510310,sh,沪深300ETF易方达
2024-12-10,3.869,3.741,3.869,3.731,6643558.0,510310,sh,沪深300ETF易方达
2024-12-11,3.737,3.732,3.751,3.72,3871068.0,510310,sh,沪深300ETF易方达
2024-12-12,3.736,3.77,3.778,3.724,3134407.0,510310,sh,沪深300ETF易方达
2024-12-13,3.748,3.68,3.748,3.673,6485894.0,510310,sh,沪深300ETF易方达
2024-12-16,3.678,3.657,3.681,3.646,2118907.0,510310,sh,沪深300ETF易方达
2024-12-17,3.647,3.666,3.702,3.647,3663066.0,510310,sh,沪深300ETF易方达
2024-12-18,3.682,3.684,3.7,3.677,2364695.0,510310,sh,沪深300ETF易方达
2024-12-19,3.661,3.691,3.699,3.642,2544892.0,510310,sh,沪深300ETF易方达
2024-12-20,3.689,3.678,3.704,3.672,4008499.0,510310,sh,沪深300ETF易方达
2024-12-23,3.677,3.684,3.715,3.675,4287125.0,510310,sh,沪深300ETF易方达
2024-12-24,3.682,3.728,3.735,3.682,4668209.0,510310,sh,沪深300ETF易方达
2024-12-25,3.73,3.729,3.751,3.713,3683827.0,510310,sh,沪深300ETF易方达
2024-12-26,3.728,3.732,3.736,3.714,5694002.0,510310,sh,沪深300ETF易方达
2024-12-27,3.732,3.726,3.754,3.718,4903735.0,510310,sh,沪深300ETF易方达
2024-12-30,3.725,3.743,3.751,3.725,5688341.0,510310,sh,沪深300ETF易方达
2024-12-31,3.746,3.682,3.752,3.678,6333588.0,510310,sh,沪深300ETF易方达
2025-01-02,3.681,3.572,3.685,3.549,5904672.0,510310,sh,沪深300ETF易方达
2025-01-03,3.571,3.536,3.587,3.521,4671549.0,510310,sh,沪深300ETF易方达
2025-01-06,3.529,3.519,3.541,3.493,3677486.0,510310,sh,沪深300ETF易方达
2025-01-07,3.518,3.545,3.547,3.507,2064402.0,510310,sh,沪深300ETF易方达
2025-01-08,3.537,3.539,3.565,3.484,4185535.0,510310,sh,沪深300ETF易方达
2025-01-09,3.534,3.532,3.546,3.523,2353447.0,510310,sh,沪深300ETF易方达
2025-01-10,3.531,3.493,3.541,3.491,2472788.0,510310,sh,沪深300ETF易方达
2025-01-13,3.479,3.478,3.494,3.462,2145600.0,510310,sh,沪深300ETF易方达
2025-01-14,3.479,3.572,3.582,3.477,5273890.0,510310,sh,沪深300ETF易方达
2025-01-15,3.57,3.549,3.57,3.542,1491643.0,510310,sh,沪深300ETF易方达
2025-01-16,3.566,3.551,3.597,3.527,3383430.0,510310,sh,沪深300ETF易方达
2025-01-17,3.545,3.563,3.587,3.534,2008126.0,510310,sh,沪深300ETF易方达
2025-01-20,3.585,3.582,3.613,3.574,2347129.0,510310,sh,沪深300ETF易方达
2025-01-21,3.601,3.585,3.607,3.568,2183025.0,510310,sh,沪深300ETF易方达
2025-01-22,3.579,3.553,3.581,3.534,2756542.0,510310,sh,沪深300ETF易方达
2025-01-23,3.58,3.562,3.622,3.554,2984095.0,510310,sh,沪深300ETF易方达
2025-01-24,3.555,3.591,3.607,3.554,3711662.0,510310,sh,沪深300ETF易方达
2025-01-27,3.6,3.575,3.607,3.574,4292317.0,510310,sh,沪深300ETF易方达
2025-02-05,3.594,3.551,3.601,3.54,2675900.0,510310,sh,沪深300ETF易方达
2025-02-06,3.548,3.596,3.603,3.546,2544859.0,510310,sh,沪深300ETF易方达
2025-02-07,3.596,3.65,3.675,3.589,5474239.0,510310,sh,沪深300ETF易方达
2025-02-10,3.649,3.654,3.662,3.636,4279807.0,510310,sh,沪深300ETF易方达
2025-02-11,3.658,3.638,3.66,3.626,3677966.0,510310,sh,沪深300ETF易方达
2025-02-12,3.637,3.674,3.68,3.622,2841055.0,510310,sh,沪深300ETF易方达
2025-02-13,3.671,3.666,3.694,3.66,4126834.0,510310,sh,沪深300ETF易方达
2025-02-14,3.659,3.696,3.701,3.659,3506846.0,510310,sh,沪深300ETF易方达
2025-02-17,3.709,3.705,3.711,3.674,5059699.0,510310,sh,沪深300ETF易方达
2025-02-18,3.7,3.673,3.718,3.657,2808010.0,510310,sh,沪深300ETF易方达
2025-02-19,3.673,3.694,3.701,3.662,2579075.0,510310,sh,沪深300ETF易方达
2025-02-20,3.692,3.682,3.693,3.669,2900428.0,510310,sh,沪深300ETF易方达
2025-02-21,3.691,3.733,3.739,3.68,3692716.0,510310,sh,沪深300ETF易方达
2025-02-24,3.728,3.721,3.746,3.701,4600848.0,510310,sh,沪深300ETF易方达
2025-02-25,3.696,3.682,3.71,3.668,4343291.0,510310,sh,沪深300ETF易方达
2025-02-26,3.687,3.712,3.714,3.679,4080040.0,510310,sh,沪深300ETF易方达
2025-02-27,3.712,3.726,3.727,3.686,5664868.0,510310,sh,沪深300ETF易方达
2025-02-28,3.711,3.655,3.724,3.643,5206869.0,510310,sh,沪深300ETF易方达
2025-03-03,3.656,3.644,3.688,3.626,4652186.0,510310,sh,沪深300ETF易方达
2025-03-04,3.623,3.638,3.646,3.614,2547403.0,510310,sh,沪深300ETF易方达
2025-03-05,3.64,3.657,3.66,3.63,5726947.0,510310,sh,沪深300ETF易方达
2025-03-06,3.672,3.709,3.721,3.672,3678325.0,510310,sh,沪深300ETF易方达
2025-03-07,3.7,3.698,3.721,3.69,4119183.0,510310,sh,沪深300ETF易方达
2025-03-10,3.697,3.683,3.702,3.659,5590915.0,510310,sh,沪深300ETF易方达
2025-03-11,3.658,3.693,3.695,3.649,7173570.0,510310,sh,沪深300ETF易方达
2025-03-12,3.693,3.684,3.709,3.674,2284338.0,510310,sh,沪深300ETF易方达
2025-03-13,3.681,3.666,3.693,3.651,2228350.0,510310,sh,沪深300ETF易方达
2025-03-14,3.668,3.762,3.77,3.668,4916116.0,510310,sh,沪深300ETF易方达
2025-03-17,3.782,3.75,3.782,3.744,4181266.0,510310,sh,沪深300ETF易方达
2025-03-18,3.762,3.76,3.772,3.749,4282384.0,510310,sh,沪深300ETF易方达
2025-03-19,3.758,3.768,3.779,3.742,3028202.0,510310,sh,沪深300ETF易方达
2025-03-20,3.763,3.733,3.765,3.725,2626079.0,510310,sh,沪深300ETF易方达
2025-03-21,3.727,3.668,3.737,3.66,3446127.0,510310,sh,沪深300ETF易方达
2025-03-24,3.671,3.69,3.693,3.661,2432881.0,510310,sh,沪深300ETF易方达
2025-03-25,3.689,3.69,3.698,3.677,2107754.0,510310,sh,沪深300ETF易方达
2025-03-26,3.689,3.674,3.7,3.672,1517804.0,510310,sh,沪深300ETF易方达
2025-03-27,3.671,3.688,3.711,3.658,2771168.0,510310,sh,沪深300ETF易方达
2025-03-28,3.685,3.67,3.69,3.661,2385052.0,510310,sh,沪深300ETF易方达
2025-03-31,3.667,3.646,3.684,3.629,2285704.0,510310,sh,沪深300ETF易方达
2025-04-01,3.649,3.643,3.663,3.638,1915736.0,510310,sh,沪深300ETF易方达
2025-04-02,3.643,3.64,3.658,3.634,1267482.0,510310,sh,沪深300ETF易方达
2025-04-03,3.606,3.62,3.642,3.599,4036599.0,510310,sh,沪深300ETF易方达
2025-04-07,3.429,3.322,3.514,3.275,30298823.0,510310,sh,沪深300ETF易方达
2025-04-08,3.343,3.401,3.411,3.337,40373493.0,510310,sh,沪深300ETF易方达
2025-04-09,3.372,3.44,3.448,3.35,6663176.0,510310,sh,沪深300ETF易方达
2025-04-10,3.488,3.495,3.515,3.469,3680696.0,510310,sh,沪深300ETF易方达
2025-04-11,3.474,3.509,3.518,3.465,3843886.0,510310,sh,沪深300ETF易方达
2025-04-14,3.52,3.517,3.532,3.51,4056757.0,510310,sh,沪深300ETF易方达
2025-04-15,3.513,3.516,3.525,3.494,5668528.0,510310,sh,沪深300ETF易方达
2025-04-16,3.507,3.527,3.536,3.481,14079683.0,510310,sh,沪深300ETF易方达
2025-04-17,3.508,3.531,3.538,3.508,5339117.0,510310,sh,沪深300ETF易方达
2025-04-18,3.521,3.535,3.544,3.514,6302775.0,510310,sh,沪深300ETF易方达
2025-04-21,3.529,3.541,3.549,3.525,3329957.0,510310,sh,沪深300ETF易方达
2025-04-22,3.538,3.544,3.559,3.538,1895088.0,510310,sh,沪深300ETF易方达
2025-04-23,3.557,3.55,3.568,3.541,1415169.0,510310,sh,沪深300ETF易方达
2025-04-24,3.549,3.549,3.569,3.536,1404648.0,510310,sh,沪深300ETF易方达
2025-04-25,3.55,3.548,3.564,3.54,2099878.0,510310,sh,沪深300ETF易方达
2025-04-28,3.546,3.543,3.552,3.532,1941298.0,510310,sh,沪深300ETF易方达
2025-04-29,3.539,3.534,3.547,3.528,1700962.0,510310,sh,沪深300ETF易方达
2025-04-30,3.536,3.531,3.552,3.529,1454962.0,510310,sh,沪深300ETF易方达
2025-05-06,3.553,3.569,3.572,3.544,2342846.0,510310,sh,沪深300ETF易方达
2025-05-07,3.613,3.592,3.631,3.575,2687931.0,510310,sh,沪深300ETF易方达
2025-05-08,3.588,3.613,3.629,3.584,2069412.0,510310,sh,沪深300ETF易方达
2025-05-09,3.613,3.609,3.613,3.596,2197892.0,510310,sh,沪深300ETF易方达
2025-05-12,3.626,3.651,3.654,3.621,1864661.0,510310,sh,沪深300ETF易方达
2025-05-13,3.674,3.657,3.676,3.649,2373469.0,510310,sh,沪深300ETF易方达
2025-05-14,3.656,3.703,3.723,3.653,3546397.0,510310,sh,沪深300ETF易方达
2025-05-15,3.695,3.671,3.699,3.665,2190205.0,510310,sh,沪深300ETF易方达
2025-05-16,3.665,3.651,3.669,3.638,2173144.0,510310,sh,沪深300ETF易方达
2025-05-19,3.649,3.645,3.649,3.628,1337635.0,510310,sh,沪深300ETF易方达
2025-05-20,3.643,3.664,3.677,3.642,1604147.0,510310,sh,沪深300ETF易方达
2025-05-21,3.664,3.682,3.693,3.663,1655404.0,510310,sh,沪深300ETF易方达
2025-05-22,3.676,3.678,3.687,3.664,1725346.0,510310,sh,沪深300ETF易方达
2025-05-23,3.676,3.65,3.698,3.647,2441391.0,510310,sh,沪深300ETF易方达
2025-05-26,3.648,3.631,3.654,3.618,1244337.0,510310,sh,沪深300ETF易方达
2025-05-27,3.631,3.609,3.633,3.602,933798.0,510310,sh,沪深300ETF易方达
2025-05-28,3.616,3.606,3.619,3.602,1001811.0,510310,sh,沪深300ETF易方达
2025-05-29,3.612,3.627,3.642,3.603,2512086.0,510310,sh,沪深300ETF易方达
2025-05-30,3.623,3.621,3.626,3.596,2033902.0,510310,sh,沪深300ETF易方达
2025-06-03,3.61,3.62,3.635,3.603,1314456.0,510310,sh,沪深300ETF易方达
2025-06-04,3.626,3.636,3.648,3.623,1851611.0,510310,sh,沪深300ETF易方达
2025-06-05,3.641,3.646,3.656,3.629,1951641.0,510310,sh,沪深300ETF易方达
2025-06-06,3.649,3.648,3.661,3.64,1489409.0,510310,sh,沪深300ETF易方达
2025-06-09,3.648,3.656,3.671,3.647,1851106.0,510310,sh,沪深300ETF易方达
2025-06-10,3.656,3.635,3.666,3.622,2600416.0,510310,sh,沪深300ETF易方达
2025-06-11,3.636,3.664,3.685,3.636,2499004.0,510310,sh,沪深300ETF易方达
2025-06-12,3.664,3.667,3.674,3.643,2620225.0,510310,sh,沪深300ETF易方达
2025-06-13,3.658,3.644,3.663,3.629,2693320.0,510310,sh,沪深300ETF易方达
2025-06-16,3.639,3.652,3.656,3.633,1310689.0,510310,sh,沪深300ETF易方达
2025-06-17,3.653,3.65,3.658,3.636,1465131.0,510310,sh,沪深300ETF易方达
2025-06-18,3.647,3.654,3.659,3.632,1590511.0,510310,sh,沪深300ETF易方达
2025-06-19,3.648,3.624,3.649,3.614,2197212.0,510310,sh,沪深300ETF易方达
2025-06-20,3.618,3.628,3.638,3.618,1177295.0,510310,sh,沪深300ETF易方达
2025-06-23,3.619,3.643,3.652,3.613,1870906.0,510310,sh,沪深300ETF易方达
2025-06-24,3.647,3.685,3.7,3.647,3091271.0,510310,sh,沪深300ETF易方达
2025-06-25,3.691,3.748,3.752,3.685,3479519.0,510310,sh,沪深300ETF易方达
2025-06-26,3.747,3.735,3.752,3.734,4134117.0,510310,sh,沪深300ETF易方达
2025-06-27,3.736,3.711,3.761,3.707,4004740.0,510310,sh,沪深300ETF易方达
2025-06-30,3.711,3.732,3.734,3.705,4219207.0,510310,sh,沪深300ETF易方达
2025-07-01,3.731,3.737,3.742,3.719,977131.0,510310,sh,沪深300ETF易方达
2025-07-02,3.733,3.743,3.747,3.725,1673232.0,510310,sh,沪深300ETF易方达
2025-07-03,3.74,3.764,3.768,3.739,1127749.0,510310,sh,沪深300ETF易方达
2025-07-04,3.754,3.78,3.812,3.753,2508567.0,510310,sh,沪深300ETF易方达
2025-07-07,3.777,3.762,3.778,3.753,2220320.0,510310,sh,沪深300ETF易方达
2025-07-08,3.758,3.795,3.803,3.755,1966268.0,510310,sh,沪深300ETF易方达
2025-07-09,3.794,3.793,3.817,3.788,2336383.0,510310,sh,沪深300ETF易方达
2025-07-10,3.793,3.811,3.836,3.792,2670015.0,510310,sh,沪深300ETF易方达
2025-07-11,3.812,3.827,3.876,3.812,3144251.0,510310,sh,沪深300ETF易方达
2025-07-14,3.825,3.824,3.84,3.819,2325160.0,510310,sh,沪深300ETF易方达
2025-07-15,3.828,3.825,3.85,3.801,2306304.0,510310,sh,沪深300ETF易方达
2025-07-16,3.825,3.815,3.839,3.802,1207505.0,510310,sh,沪深300ETF易方达
2025-07-17,3.816,3.847,3.848,3.815,1911331.0,510310,sh,沪深300ETF易方达
2025-07-18,3.853,3.877,3.882,3.852,2483386.0,510310,sh,沪深300ETF易方达
2025-07-21,3.88,3.904,3.908,3.88,2704614.0,510310,sh,沪深300ETF易方达
2025-07-22,3.904,3.945,3.946,3.888,2343923.0,510310,sh,沪深300ETF易方达
2025-07-23,3.95,3.942,3.978,3.933,2352822.0,510310,sh,沪深300ETF易方达
2025-07-24,3.937,3.967,3.972,3.934,1935043.0,510310,sh,沪深300ETF易方达
2025-07-25,3.966,3.947,3.967,3.935,2530072.0,510310,sh,沪深300ETF易方达
2025-07-28,3.946,3.958,3.966,3.93,2683703.0,510310,sh,沪深300ETF易方达
2025-07-29,3.948,3.978,3.978,3.937,2485224.0,510310,sh,沪深300ETF易方达
2025-07-30,3.975,3.974,4.008,3.949,2257860.0,510310,sh,沪深300ETF易方达
2025-07-31,3.96,3.901,3.965,3.885,2884641.0,510310,sh,沪深300ETF易方达
2025-08-01,3.894,3.884,3.909,3.863,1339631.0,510310,sh,沪深300ETF易方达
2025-08-04,3.875,3.896,3.899,3.863,768580.0,510310,sh,沪深300ETF易方达
2025-08-05,3.902,3.928,3.929,3.897,1349172.0,510310,sh,沪深300ETF易方达
2025-08-06,3.928,3.937,3.942,3.92,1689041.0,510310,sh,沪深300ETF易方达
2025-08-07,3.938,3.937,3.952,3.915,1656066.0,510310,sh,沪深300ETF易方达
2025-08-08,3.93,3.927,3.944,3.919,1414491.0,510310,sh,沪深300ETF易方达
2025-08-11,3.929,3.956,3.961,3.927,1832367.0,510310,sh,沪深300ETF易方达
2025-08-12,3.949,3.972,3.981,3.943,1676016.0,510310,sh,沪深300ETF易方达
2025-08-13,3.975,4.005,4.014,3.971,2473590.0,510310,sh,沪深300ETF易方达
2025-08-14,4.005,4.002,4.045,3.99,1967157.0,510310,sh,沪深300ETF易方达
2025-08-15,3.99,4.034,4.044,3.983,2026345.0,510310,sh,沪深300ETF易方达
2025-08-18,4.036,4.065,4.098,4.025,2358889.0,510310,sh,沪深300ETF易方达
2025-08-19,4.069,4.044,4.085,4.036,2060193.0,510310,sh,沪深300ETF易方达
2025-08-20,4.033,4.101,4.102,4.012,2677782.0,510310,sh,沪深300ETF易方达
2025-08-21,4.104,4.114,4.131,4.097,2571885.0,510310,sh,沪深300ETF易方达
2025-08-22,4.114,4.213,4.215,4.112,2316659.0,510310,sh,沪深300ETF易方达
2025-08-25,4.236,4.296,4.302,4.232,3630673.0,510310,sh,沪深300ETF易方达
2025-08-26,4.288,4.274,4.303,4.258,2585167.0,510310,sh,沪深300ETF易方达
2025-08-27,4.274,4.211,4.317,4.207,2613903.0,510310,sh,沪深300ETF易方达
2025-08-28,4.202,4.287,4.289,4.185,4364540.0,510310,sh,沪深300ETF易方达
2025-08-29,4.285,4.331,4.343,4.272,2794462.0,510310,sh,沪深300ETF易方达
2025-09-01,4.331,4.348,4.352,4.309,2153101.0,510310,sh,沪深300ETF易方达
2025-09-02,4.348,4.317,4.369,4.282,1839037.0,510310,sh,沪深300ETF易方达
2025-09-03,4.318,4.277,4.333,4.255,1884846.0,510310,sh,沪深300ETF易方达
2025-09-04,4.279,4.189,4.286,4.147,2789723.0,510310,sh,沪深300ETF易方达
2025-09-05,4.184,4.287,4.296,4.175,2023538.0,510310,sh,沪深300ETF易方达
2025-09-08,4.287,4.289,4.304,4.257,1724607.0,510310,sh,沪深300ETF易方达
2025-09-09,4.281,4.261,4.294,4.236,2287982.0,510310,sh,沪深300ETF易方达
2025-09-10,4.254,4.27,4.294,4.241,1360540.0,510310,sh,沪深300ETF易方达
2025-09-11,4.256,4.387,4.391,4.249,2105015.0,510310,sh,沪深300ETF易方达
2025-09-12,4.391,4.348,4.391,4.343,1593541.0,510310,sh,沪深300ETF易方达
2025-09-15,4.348,4.356,4.389,4.345,2125705.0,510310,sh,沪深300ETF易方达
2025-09-16,4.357,4.349,4.38,4.32,1320820.0,510310,sh,沪深300ETF易方达
2025-09-17,4.348,4.379,4.386,4.328,1504631.0,510310,sh,沪深300ETF易方达
2025-09-18,4.378,4.331,4.403,4.282,2535544.0,510310,sh,沪深300ETF易方达
2025-09-19,4.324,4.336,4.36,4.316,1683513.0,510310,sh,沪深300ETF易方达
2025-09-22,4.326,4.349,4.35,4.313,2635226.0,510310,sh,沪深300ETF易方达
2025-09-23,4.366,4.349,4.384,4.29,2081925.0,510310,sh,沪深300ETF易方达
2025-09-24,4.329,4.388,4.391,4.327,1970636.0,510310,sh,沪深300ETF易方达
2025-09-25,4.388,4.418,4.442,4.383,1978626.0,510310,sh,沪深300ETF易方达
2025-09-26,4.401,4.377,4.424,4.376,1262811.0,510310,sh,沪深300ETF易方达
2025-09-29,4.373,4.452,4.478,4.368,2940103.0,510310,sh,沪深300ETF易方达
2025-09-30,4.454,4.466,4.474,4.444,1528481.0,510310,sh,沪深300ETF易方达
2025-10-09,4.473,4.535,4.556,4.473,1687346.0,510310,sh,沪深300ETF易方达
2025-10-10,4.526,4.446,4.526,4.431,2154632.0,510310,sh,沪深300ETF易方达
2025-10-13,4.29,4.419,4.433,4.29,4395613.0,510310,sh,沪深300ETF易方达
2025-10-14,4.446,4.373,4.468,4.351,2185894.0,510310,sh,沪深300ETF易方达
2025-10-15,4.37,4.434,4.442,4.359,1673160.0,510310,sh,沪深300ETF易方达
2025-10-16,4.416,4.447,4.473,4.416,1781987.0,510310,sh,沪深300ETF易方达
2025-10-17,4.444,4.36,4.45,4.342,1977904.0,510310,sh,沪深300ETF易方达
2025-10-20,4.383,4.367,4.405,4.351,1365283.0,510310,sh,沪深300ETF易方达
2025-10-21,4.381,4.439,4.447,4.38,2392701.0,510310,sh,沪深300ETF易方达
2025-10-22,4.422,4.42,4.433,4.395,1545730.0,510310,sh,沪深300ETF易方达
2025-10-23,4.403,4.438,4.444,4.371,1699702.0,510310,sh,沪深300ETF易方达
2025-10-24,4.452,4.493,4.494,4.448,1618759.0,510310,sh,沪深300ETF易方达
2025-10-27,4.525,4.547,4.551,4.513,1540223.0,510310,sh,沪深300ETF易方达
2025-10-28,4.535,4.524,4.57,4.515,1117993.0,510310,sh,沪深300ETF易方达
2025-10-29,4.53,4.584,4.584,4.53,1669423.0,510310,sh,沪深300ETF易方达
2025-10-30,4.584,4.545,4.594,4.54,1437288.0,510310,sh,沪深300ETF易方达
2025-10-31,4.544,4.482,4.551,4.481,2113007.0,510310,sh,沪深300ETF易方达
2025-11-03,4.471,4.488,4.491,4.432,1659746.0,510310,sh,沪深300ETF易方达
2025-11-04,4.486,4.455,4.498,4.433,3189250.0,510310,sh,沪深300ETF易方达
2025-11-05,4.41,4.462,4.477,4.398,2039442.0,510310,sh,沪深300ETF易方达
2025-11-06,4.468,4.528,4.537,4.466,1470074.0,510310,sh,沪深300ETF易方达
2025-11-07,4.507,4.518,4.535,4.498,1213800.0,510310,sh,沪深300ETF易方达
2025-11-10,4.519,4.53,4.536,4.489,1012632.0,510310,sh,沪深300ETF易方达
2025-11-11,4.535,4.487,4.546,4.482,1524167.0,510310,sh,沪深300ETF易方达
2025-11-12,4.486,4.49,4.507,4.454,1578519.0,510310,sh,沪深300ETF易方达
2025-11-13,4.483,4.536,4.538,4.478,2190955.0,510310,sh,沪深300ETF易方达
2025-11-14,4.512,4.464,4.519,4.462,1928020.0,510310,sh,沪深300ETF易方达
2025-11-17,4.456,4.437,4.462,4.417,1888038.0,510310,sh,沪深300ETF易方达
2025-11-18,4.426,4.41,4.445,4.394,1644122.0,510310,sh,沪深300ETF易方达
2025-11-19,4.41,4.429,4.445,4.408,1397883.0,510310,sh,沪深300ETF易方达
2025-11-20,4.447,4.405,4.455,4.401,1605063.0,510310,sh,沪深300ETF易方达
2025-11-21,4.374,4.299,4.382,4.295,3345242.0,510310,sh,沪深300ETF易方达
2025-11-24,4.304,4.294,4.317,4.266,4327603.0,510310,sh,沪深300ETF易方达
2025-11-25,4.31,4.329,4.355,4.309,2018099.0,510310,sh,沪深300ETF易方达
2025-11-26,4.332,4.36,4.376,4.325,1965103.0,510310,sh,沪深300ETF易方达
2025-11-27,4.361,4.351,4.403,4.348,1427169.0,510310,sh,沪深300ETF易方达
2025-11-28,4.352,4.366,4.372,4.333,809361.0,510310,sh,沪深300ETF易方达
2025-12-01,4.372,4.415,4.416,4.369,962827.0,510310,sh,沪深300ETF易方达
2025-12-02,4.412,4.395,4.414,4.379,988298.0,510310,sh,沪深300ETF易方达
2025-12-03,4.395,4.375,4.413,4.361,1057726.0,510310,sh,沪深300ETF易方达
2025-12-04,4.374,4.387,4.4,4.358,1394404.0,510310,sh,沪深300ETF易方达
2025-12-05,4.387,4.424,4.437,4.375,1738123.0,510310,sh,沪深300ETF易方达
2025-12-08,4.439,4.459,4.481,4.437,2538185.0,510310,sh,沪深300ETF易方达
2025-12-09,4.457,4.435,4.467,4.421,1860583.0,510310,sh,沪深300ETF易方达
2025-12-10,4.431,4.428,4.439,4.387,1356993.0,510310,sh,沪深300ETF易方达
2025-12-11,4.435,4.398,4.449,4.391,989558.0,510310,sh,沪深300ETF易方达
2025-12-12,4.4,4.421,4.429,4.378,1498869.0,510310,sh,沪深300ETF易方达
2025-12-15,4.4,4.395,4.44,4.394,1864114.0,510310,sh,沪深300ETF易方达
2025-12-16,4.39,4.349,4.395,4.331,2627357.0,510310,sh,沪深300ETF易方达
2025-12-17,4.353,4.424,4.44,4.344,2603143.0,510310,sh,沪深300ETF易方达
2025-12-18,4.412,4.395,4.419,4.389,1609865.0,510310,sh,沪深300ETF易方达
2025-12-19,4.401,4.416,4.44,4.393,1981862.0,510310,sh,沪深300ETF易方达
2025-12-22,4.427,4.458,4.46,4.427,2738531.0,510310,sh,沪深300ETF易方达
2025-12-23,4.458,4.464,4.489,4.452,2654526.0,510310,sh,沪深300ETF易方达
2025-12-24,4.461,4.484,4.489,4.45,1841638.0,510310,sh,沪深300ETF易方达
2025-12-25,4.476,4.488,4.5,4.468,2187747.0,510310,sh,沪深300ETF易方达
2025-12-26,4.489,4.507,4.525,4.48,2466691.0,510310,sh,沪深300ETF易方达
2025-12-29,4.507,4.485,4.515,4.475,3637477.0,510310,sh,沪深300ETF易方达
2025-12-30,4.469,4.496,4.515,4.465,2438952.0,510310,sh,沪深300ETF易方达
2025-12-31,4.496,4.479,4.513,4.466,2581857.0,510310,sh,沪深300ETF易方达
2026-01-05,4.509,4.565,4.57,4.504,2470868.0,510310,sh,沪深300ETF易方达
2026-01-06,4.569,4.639,4.64,4.565,2526101.0,510310,sh,沪深300ETF易方达
2026-01-07,4.642,4.62,4.645,4.595,1938798.0,510310,sh,沪深300ETF易方达
2026-01-08,4.609,4.582,4.612,4.562,2285403.0,510310,sh,沪深300ETF易方达
2026-01-09,4.579,4.605,4.621,4.566,1974315.0,510310,sh,沪深300ETF易方达
2026-01-12,4.609,4.633,4.645,4.58,2786395.0,510310,sh,沪深300ETF易方达
2026-01-13,4.64,4.61,4.683,4.596,2019464.0,510310,sh,沪深300ETF易方达
2026-01-14,4.609,4.586,4.665,4.559,4463632.0,510310,sh,沪深300ETF易方达
2026-01-15,4.569,4.596,4.613,4.563,15841256.0,510310,sh,沪深300ETF易方达
2026-01-16,4.619,4.586,4.638,4.56,18733379.0,510310,sh,沪深300ETF易方达
2026-01-19,4.578,4.581,4.613,4.562,14194485.0,510310,sh,沪深300ETF易方达
2026-01-20,4.586,4.569,4.594,4.534,15937235.0,510310,sh,沪深300ETF易方达
2026-01-21,4.548,4.572,4.607,4.548,32559376.0,510310,sh,沪深300ETF易方达
2026-01-22,4.58,4.569,4.604,4.547,35732039.0,510310,sh,沪深300ETF易方达
2026-01-23,4.57,4.548,4.586,4.494,69584879.0,510310,sh,沪深300ETF易方达
2026-01-26,4.551,4.558,4.604,4.539,49739651.0,510310,sh,沪深300ETF易方达
2026-01-27,4.554,4.554,4.585,4.524,29734109.0,510310,sh,沪深300ETF易方达
2026-01-28,4.567,4.567,4.587,4.549,70023825.0,510310,sh,沪深300ETF易方达
2026-01-29,4.569,4.611,4.622,4.548,23716302.0,510310,sh,沪深300ETF易方达
2026-01-30,4.574,4.554,4.601,4.488,4691328.0,510310,sh,沪深300ETF易方达
2026-02-02,4.516,4.455,4.564,4.439,7072412.0,510310,sh,沪深300ETF易方达
2026-02-03,4.479,4.512,4.515,4.43,2633049.0,510310,sh,沪深300ETF易方达
2026-02-04,4.5,4.553,4.556,4.491,1965016.0,510310,sh,沪深300ETF易方达
2026-02-05,4.526,4.523,4.541,4.491,1933978.0,510310,sh,沪深300ETF易方达
2026-02-06,4.485,4.496,4.536,4.458,3014531.0,510310,sh,沪深300ETF易方达
2026-02-09,4.533,4.571,4.575,4.533,1159291.0,510310,sh,沪深300ETF易方达
2026-02-10,4.573,4.579,4.583,4.566,1379716.0,510310,sh,沪深300ETF易方达
2026-02-11,4.569,4.569,4.578,4.559,843787.0,510310,sh,沪深300ETF易方达
2026-02-12,4.573,4.572,4.581,4.561,1155049.0,510310,sh,沪深300ETF易方达
2026-02-13,4.554,4.522,4.558,4.515,2567411.0,510310,sh,沪深300ETF易方达
2026-02-24,4.57,4.562,4.578,4.552,1108320.0,510310,sh,沪深300ETF易方达
2026-02-25,4.563,4.589,4.622,4.563,1925093.0,510310,sh,沪深300ETF易方达
2026-02-26,4.598,4.581,4.598,4.559,2350743.0,510310,sh,沪深300ETF易方达
2026-02-27,4.557,4.571,4.58,4.545,2088708.0,510310,sh,沪深300ETF易方达
2026-03-02,4.542,4.584,4.589,4.523,2300529.0,510310,sh,沪深300ETF易方达
2026-03-03,4.584,4.527,4.597,4.512,2575926.0,510310,sh,沪深300ETF易方达
2026-03-04,4.491,4.46,4.497,4.438,1440630.0,510310,sh,沪深300ETF易方达
2026-03-05,4.5,4.503,4.527,4.486,1288274.0,510310,sh,沪深300ETF易方达
2026-03-06,4.484,4.518,4.529,4.474,874154.0,510310,sh,沪深300ETF易方达
2026-03-09,4.467,4.475,4.487,4.412,1379816.0,510310,sh,沪深300ETF易方达
2026-03-10,4.494,4.53,4.538,4.494,1491966.0,510310,sh,沪深300ETF易方达
2026-03-11,4.531,4.558,4.566,4.529,1062076.0,510310,sh,沪深300ETF易方达
2026-03-12,4.549,4.543,4.557,4.51,883339.0,510310,sh,沪深300ETF易方达
2026-03-13,4.519,4.53,4.564,4.516,462811.0,510310,sh,沪深300ETF易方达
2026-03-16,4.528,4.526,4.534,4.484,847893.0,510310,sh,沪深300ETF易方达
2026-03-17,4.526,4.499,4.578,4.491,1799822.0,510310,sh,沪深300ETF易方达
2026-03-18,4.501,4.512,4.518,4.465,1672288.0,510310,sh,沪深300ETF易方达
2026-03-19,4.469,4.448,4.492,4.43,2146921.0,510310,sh,沪深300ETF易方达
2026-03-20,4.45,4.432,4.485,4.425,1050897.0,510310,sh,沪深300ETF易方达
2026-03-23,4.395,4.288,4.395,4.266,3218576.0,510310,sh,沪深300ETF易方达
2026-03-24,4.342,4.332,4.342,4.262,1645173.0,510310,sh,沪深300ETF易方达
2026-03-25,4.36,4.395,4.404,4.358,1536090.0,510310,sh,沪深300ETF易方达
2026-03-26,4.39,4.343,4.4,4.332,1273537.0,510310,sh,沪深300ETF易方达
2026-03-27,4.31,4.363,4.383,4.3,1585297.0,510310,sh,沪深300ETF易方达
2026-03-30,4.316,4.357,4.359,4.31,1073881.0,510310,sh,沪深300ETF易方达
2026-03-31,4.353,4.318,4.382,4.316,1617819.0,510310,sh,沪深300ETF易方达
2026-04-01,4.37,4.386,4.394,4.355,1333527.0,510310,sh,沪深300ETF易方达
2026-04-02,4.379,4.342,4.379,4.325,1106768.0,510310,sh,沪深300ETF易方达
2026-04-03,4.343,4.309,4.357,4.3,676793.0,510310,sh,沪深300ETF易方达
2026-04-07,4.31,4.303,4.325,4.285,1092884.0,510310,sh,沪深300ETF易方达
2026-04-08,4.365,4.455,4.457,4.365,3084470.0,510310,sh,沪深300ETF易方达
2026-04-09,4.426,4.423,4.436,4.41,1282458.0,510310,sh,沪深300ETF易方达
2026-04-10,4.44,4.49,4.514,4.44,2669113.0,510310,sh,沪深300ETF易方达
2026-04-13,4.473,4.505,4.51,4.47,1041286.0,510310,sh,沪深300ETF易方达
2026-04-14,4.525,4.56,4.561,4.515,1354887.0,510310,sh,沪深300ETF易方达
2026-04-15,4.579,4.541,4.59,4.534,1332797.0,510310,sh,沪深300ETF易方达
2026-04-16,4.546,4.591,4.593,4.546,1743001.0,510310,sh,沪深300ETF易方达
2026-04-17,4.586,4.586,4.596,4.57,1500313.0,510310,sh,沪深300ETF易方达
2026-04-20,4.583,4.612,4.622,4.572,1376906.0,510310,sh,沪深300ETF易方达
2026-04-21,4.606,4.622,4.631,4.577,1852583.0,510310,sh,沪深300ETF易方达
2026-04-22,4.61,4.658,4.665,4.604,1935007.0,510310,sh,沪深300ETF易方达
2026-04-23,4.66,4.647,4.678,4.616,3118040.0,510310,sh,沪深300ETF易方达
2026-04-24,4.629,4.627,4.644,4.596,1429489.0,510310,sh,沪深300ETF易方达
2026-04-27,4.628,4.625,4.653,4.619,2968781.0,510310,sh,沪深300ETF易方达
2026-04-28,4.61,4.616,4.636,4.602,2803130.0,510310,sh,沪深300ETF易方达
2026-04-29,4.607,4.665,4.671,4.603,4348931.0,510310,sh,沪深300ETF易方达
2026-04-30,4.667,4.67,4.685,4.652,5504528.0,510310,sh,沪深300ETF易方达
2026-05-06,4.7,4.731,4.753,4.696,7866968.0,510310,sh,沪深300ETF易方达
2026-05-07,4.745,4.755,4.757,4.721,5636196.0,510310,sh,沪深300ETF易方达
2026-05-08,4.739,4.729,4.744,4.705,6137492.0,510310,sh,沪深300ETF易方达
2026-05-11,4.744,4.809,4.82,4.741,10220831.0,510310,sh,沪深300ETF易方达
2026-05-12,4.815,4.804,4.824,4.783,7933421.0,510310,sh,沪深300ETF易方达
2026-05-13,4.785,4.857,4.86,4.778,7581801.0,510310,sh,沪深300ETF易方达
2026-05-14,4.88,4.782,4.88,4.774,5550889.0,510310,sh,沪深300ETF易方达
2026-05-15,4.778,4.722,4.793,4.698,2533110.0,510310,sh,沪深300ETF易方达
2026-05-18,4.712,4.697,4.728,4.666,2744177.0,510310,sh,沪深300ETF易方达
2026-05-19,4.696,4.717,4.718,4.636,4844389.0,510310,sh,沪深300ETF易方达
2026-05-20,4.698,4.713,4.727,4.685,3346154.0,510310,sh,沪深300ETF易方达
2026-05-21,4.743,4.654,4.796,4.644,6618139.0,510310,sh,沪深300ETF易方达
2026-05-22,4.682,4.71,4.712,4.654,6162236.0,510310,sh,沪深300ETF易方达
2026-05-25,4.725,4.784,4.787,4.717,11450963.0,510310,sh,沪深300ETF易方达
2026-05-26,4.758,4.814,4.815,4.754,7878508.0,510310,sh,沪深300ETF易方达
2026-05-27,4.8,4.768,4.831,4.755,3838069.0,510310,sh,沪深300ETF易方达
2026-05-28,4.759,4.776,4.788,4.706,1122936.0,510310,sh,沪深300ETF易方达
2026-05-29,4.785,4.777,4.817,4.747,3947227.0,510310,sh,沪深300ETF易方达
2026-06-01,4.771,4.713,4.783,4.703,1242467.0,510310,sh,沪深300ETF易方达
2026-06-02,4.713,4.776,4.798,4.7,1656548.0,510310,sh,沪深300ETF易方达
2026-06-03,4.785,4.807,4.855,4.769,2057722.0,510310,sh,沪深300ETF易方达
2026-06-04,4.765,4.774,4.802,4.752,2861024.0,510310,sh,沪深300ETF易方达
2026-06-05,4.754,4.687,4.795,4.67,2456383.0,510310,sh,沪深300ETF易方达
2026-06-08,4.617,4.593,4.656,4.555,3961703.0,510310,sh,沪深300ETF易方达
2026-06-09,4.607,4.67,4.671,4.588,930252.0,510310,sh,沪深300ETF易方达
2026-06-10,4.62,4.632,4.659,4.6,993733.0,510310,sh,沪深300ETF易方达
2026-06-11,4.613,4.599,4.64,4.567,811645.0,510310,sh,沪深300ETF易方达
2026-06-12,4.647,4.666,4.691,4.636,3135860.0,510310,sh,沪深300ETF易方达
2026-06-15,4.716,4.763,4.766,4.687,10611766.0,510310,sh,沪深300ETF易方达
2026-06-16,4.765,4.758,4.779,4.74,10878695.0,510310,sh,沪深300ETF易方达
2026-06-17,4.743,4.806,4.808,4.742,11842808.0,510310,sh,沪深300ETF易方达
2026-06-18,4.792,4.828,4.847,4.79,7569684.0,510310,sh,沪深300ETF易方达
2026-06-22,4.823,4.933,4.934,4.8,11645155.0,510310,sh,沪深300ETF易方达
2026-06-23,4.925,4.796,4.94,4.763,15391271.0,510310,sh,沪深300ETF易方达
2026-06-24,4.789,4.817,4.825,4.765,14194043.0,510310,sh,沪深300ETF易方达
2026-06-25,4.818,4.894,4.898,4.815,19920861.0,510310,sh,沪深300ETF易方达
2026-06-26,4.865,4.764,4.866,4.732,1768123.0,510310,sh,沪深300ETF易方达
2026-06-29,4.749,4.811,4.815,4.72,8639727.0,510310,sh,沪深300ETF易方达
2026-06-30,4.798,4.88,4.89,4.791,17078302.0,510310,sh,沪深300ETF易方达
2026-07-01,4.868,4.841,4.902,4.81,4385222.0,510310,sh,沪深300ETF易方达
2026-07-02,4.8,4.695,4.806,4.689,8665738.0,510310,sh,沪深300ETF易方达
2026-07-03,4.691,4.731,4.778,4.687,18130628.0,510310,sh,沪深300ETF易方达
