date,open,close,high,low,volume,code,market,name
2020-01-02,99.98,99.975,99.981,99.97,1330935.0,511990,sh,华宝添益ETF
2020-01-03,99.982,99.996,100.0,99.98,1027435.0,511990,sh,华宝添益ETF
2020-01-06,99.984,99.997,100.003,99.984,918283.0,511990,sh,华宝添益ETF
2020-01-07,99.99,99.998,100.003,99.989,884173.0,511990,sh,华宝添益ETF
2020-01-08,99.992,100.003,100.006,99.991,814226.0,511990,sh,华宝添益ETF
2020-01-09,99.994,100.008,100.018,99.993,692028.0,511990,sh,华宝添益ETF
2020-01-10,100.001,100.024,100.028,100.001,620224.0,511990,sh,华宝添益ETF
2020-01-13,99.999,99.995,100.004,99.9,741470.0,511990,sh,华宝添益ETF
2020-01-14,99.992,99.998,99.999,99.984,878979.0,511990,sh,华宝添益ETF
2020-01-15,99.993,100.003,100.011,99.993,815155.0,511990,sh,华宝添益ETF
2020-01-16,99.998,100.026,100.6,99.995,684970.0,511990,sh,华宝添益ETF
2020-01-17,100.006,100.053,100.06,100.006,714178.0,511990,sh,华宝添益ETF
2020-01-20,100.004,100.006,100.031,99.998,899483.0,511990,sh,华宝添益ETF
2020-01-21,100.005,100.026,100.03,99.997,693818.0,511990,sh,华宝添益ETF
2020-01-22,100.005,100.06,100.063,100.004,741067.0,511990,sh,华宝添益ETF
2020-01-23,100.06,100.146,100.152,100.056,672680.0,511990,sh,华宝添益ETF
2020-02-03,99.956,99.99,99.996,99.936,1630175.0,511990,sh,华宝添益ETF
2020-02-04,99.972,100.005,100.012,99.968,943139.0,511990,sh,华宝添益ETF
2020-02-05,99.999,100.068,100.075,99.997,645061.0,511990,sh,华宝添益ETF
2020-02-06,100.017,100.037,100.054,100.017,628147.0,511990,sh,华宝添益ETF
2020-02-07,100.031,100.038,100.045,100.031,569305.0,511990,sh,华宝添益ETF
2020-02-10,100.02,100.012,100.025,100.007,765027.0,511990,sh,华宝添益ETF
2020-02-11,100.005,100.012,100.014,100.002,580780.0,511990,sh,华宝添益ETF
2020-02-12,100.008,100.008,100.01,100.003,767206.0,511990,sh,华宝添益ETF
2020-02-13,100.003,100.006,100.008,100.002,572433.0,511990,sh,华宝添益ETF
2020-02-14,100.008,100.014,100.016,100.003,722052.0,511990,sh,华宝添益ETF
2020-02-17,100.0,99.987,100.003,99.982,908985.0,511990,sh,华宝添益ETF
2020-02-18,99.986,99.997,99.999,99.983,841058.0,511990,sh,华宝添益ETF
2020-02-19,99.995,100.002,100.003,99.993,663050.0,511990,sh,华宝添益ETF
2020-02-20,99.999,99.999,100.005,99.992,770603.0,511990,sh,华宝添益ETF
2020-02-21,100.0,100.002,100.008,99.995,850402.0,511990,sh,华宝添益ETF
2020-02-24,99.99,99.999,99.999,99.987,797026.0,511990,sh,华宝添益ETF
2020-02-25,99.988,99.994,99.996,99.986,794531.0,511990,sh,华宝添益ETF
2020-02-26,99.991,100.003,100.006,99.989,877264.0,511990,sh,华宝添益ETF
2020-02-27,99.998,100.007,100.008,99.996,812194.0,511990,sh,华宝添益ETF
2020-02-28,100.0,100.016,100.02,99.998,1065585.0,511990,sh,华宝添益ETF
2020-03-02,99.999,100.004,100.006,99.997,923734.0,511990,sh,华宝添益ETF
2020-03-03,99.995,100.009,100.012,99.991,1007780.0,511990,sh,华宝添益ETF
2020-03-04,100.005,100.017,100.021,100.001,769035.0,511990,sh,华宝添益ETF
2020-03-05,100.002,100.017,100.04,100.002,1038870.0,511990,sh,华宝添益ETF
2020-03-06,100.014,100.028,100.033,100.013,776439.0,511990,sh,华宝添益ETF
2020-03-09,100.01,100.008,100.036,99.999,986103.0,511990,sh,华宝添益ETF
2020-03-10,100.003,100.008,100.01,99.989,1050431.0,511990,sh,华宝添益ETF
2020-03-11,99.996,100.011,100.015,99.996,826835.0,511990,sh,华宝添益ETF
2020-03-12,100.005,100.012,100.023,100.005,1058888.0,511990,sh,华宝添益ETF
2020-03-13,100.0,100.007,100.01,99.982,1276403.0,511990,sh,华宝添益ETF
2020-03-16,99.995,100.008,100.013,99.995,1046014.0,511990,sh,华宝添益ETF
2020-03-17,100.0,100.008,100.009,99.989,965151.0,511990,sh,华宝添益ETF
2020-03-18,100.001,100.015,100.016,100.001,1073708.0,511990,sh,华宝添益ETF
2020-03-19,100.007,100.022,100.025,100.006,843639.0,511990,sh,华宝添益ETF
2020-03-20,100.008,100.039,100.043,100.008,745991.0,511990,sh,华宝添益ETF
2020-03-23,100.01,100.021,100.033,100.01,1044447.0,511990,sh,华宝添益ETF
2020-03-24,100.008,100.019,100.022,100.005,1108040.0,511990,sh,华宝添益ETF
2020-03-25,100.002,100.008,100.011,99.999,1000374.0,511990,sh,华宝添益ETF
2020-03-26,100.006,100.009,100.011,100.004,726524.0,511990,sh,华宝添益ETF
2020-03-27,100.006,100.014,100.016,100.004,1044878.0,511990,sh,华宝添益ETF
2020-03-30,100.004,99.996,100.009,99.99,1063535.0,511990,sh,华宝添益ETF
2020-03-31,99.998,100.007,100.008,99.989,810887.0,511990,sh,华宝添益ETF
2020-04-01,100.005,100.008,100.011,100.004,926906.0,511990,sh,华宝添益ETF
2020-04-02,100.008,100.002,100.011,99.999,908532.0,511990,sh,华宝添益ETF
2020-04-03,100.01,100.019,100.027,100.01,820508.0,511990,sh,华宝添益ETF
2020-04-07,99.998,100.004,100.006,99.998,1314317.0,511990,sh,华宝添益ETF
2020-04-08,100.004,100.004,100.006,100.0,856170.0,511990,sh,华宝添益ETF
2020-04-09,100.003,100.005,100.007,100.002,901849.0,511990,sh,华宝添益ETF
2020-04-10,100.012,100.014,100.017,100.01,1026491.0,511990,sh,华宝添益ETF
2020-04-13,100.006,100.008,100.011,100.005,908665.0,511990,sh,华宝添益ETF
2020-04-14,100.006,100.013,100.016,100.006,778333.0,511990,sh,华宝添益ETF
2020-04-15,100.008,100.004,100.009,100.002,1094677.0,511990,sh,华宝添益ETF
2020-04-16,100.003,100.003,100.005,100.001,734482.0,511990,sh,华宝添益ETF
2020-04-17,100.002,99.999,100.004,99.97,1196237.0,511990,sh,华宝添益ETF
2020-04-20,99.994,99.996,99.997,99.992,902662.0,511990,sh,华宝添益ETF
2020-04-21,99.993,100.002,100.003,99.992,952438.0,511990,sh,华宝添益ETF
2020-04-22,99.999,100.002,100.003,99.998,772223.0,511990,sh,华宝添益ETF
2020-04-23,99.999,100.001,100.004,99.998,839372.0,511990,sh,华宝添益ETF
2020-04-24,100.005,100.01,100.014,100.004,982720.0,511990,sh,华宝添益ETF
2020-04-27,100.002,99.999,100.003,99.996,984855.0,511990,sh,华宝添益ETF
2020-04-28,99.999,100.001,100.002,99.997,704589.0,511990,sh,华宝添益ETF
2020-04-29,100.0,99.991,100.001,99.985,1052675.0,511990,sh,华宝添益ETF
2020-04-30,100.005,99.997,100.06,99.978,1400447.0,511990,sh,华宝添益ETF
2020-05-06,99.979,99.988,99.992,99.975,1117338.0,511990,sh,华宝添益ETF
2020-05-07,99.982,99.994,99.996,99.98,842852.0,511990,sh,华宝添益ETF
2020-05-08,99.999,99.996,100.003,99.994,1154746.0,511990,sh,华宝添益ETF
2020-05-11,99.99,99.995,99.997,99.989,1034703.0,511990,sh,华宝添益ETF
2020-05-12,99.995,99.999,100.0,99.994,830543.0,511990,sh,华宝添益ETF
2020-05-13,100.0,100.002,100.004,99.998,714943.0,511990,sh,华宝添益ETF
2020-05-14,100.0,100.003,100.003,100.0,635950.0,511990,sh,华宝添益ETF
2020-05-15,100.001,100.012,100.013,100.001,854799.0,511990,sh,华宝添益ETF
2020-05-18,100.0,100.0,100.004,99.995,834977.0,511990,sh,华宝添益ETF
2020-05-19,99.995,100.0,100.001,99.993,771311.0,511990,sh,华宝添益ETF
2020-05-20,99.999,100.003,100.004,99.997,627348.0,511990,sh,华宝添益ETF
2020-05-21,100.0,100.004,100.006,99.999,668249.0,511990,sh,华宝添益ETF
2020-05-22,100.005,100.01,100.014,100.004,649362.0,511990,sh,华宝添益ETF
2020-05-25,99.997,100.003,100.006,99.997,768831.0,511990,sh,华宝添益ETF
2020-05-26,99.999,99.996,100.0,99.996,874679.0,511990,sh,华宝添益ETF
2020-05-27,99.997,99.997,100.0,99.993,758129.0,511990,sh,华宝添益ETF
2020-05-28,99.995,99.991,99.995,99.98,1165621.0,511990,sh,华宝添益ETF
2020-05-29,99.995,100.001,100.005,99.993,975976.0,511990,sh,华宝添益ETF
2020-06-01,99.993,99.986,99.995,99.983,1127396.0,511990,sh,华宝添益ETF
2020-06-02,99.984,99.988,99.99,99.982,946447.0,511990,sh,华宝添益ETF
2020-06-03,99.988,99.989,99.992,99.984,1003435.0,511990,sh,华宝添益ETF
2020-06-04,99.987,99.99,99.994,99.986,891054.0,511990,sh,华宝添益ETF
2020-06-05,99.999,100.004,100.008,99.999,1011262.0,511990,sh,华宝添益ETF
2020-06-08,99.993,100.002,100.005,99.991,933332.0,511990,sh,华宝添益ETF
2020-06-09,100.0,99.998,100.002,99.997,777166.0,511990,sh,华宝添益ETF
2020-06-10,99.998,99.996,100.001,99.995,871975.0,511990,sh,华宝添益ETF
2020-06-11,99.997,99.998,100.001,99.991,1057897.0,511990,sh,华宝添益ETF
2020-06-12,100.0,99.997,100.003,99.993,1436699.0,511990,sh,华宝添益ETF
2020-06-15,99.993,100.006,100.007,99.993,1122246.0,511990,sh,华宝添益ETF
2020-06-16,99.997,99.996,99.999,99.994,1083411.0,511990,sh,华宝添益ETF
2020-06-17,99.994,99.998,99.999,99.993,1016468.0,511990,sh,华宝添益ETF
2020-06-18,99.997,99.998,99.999,99.992,949857.0,511990,sh,华宝添益ETF
2020-06-19,100.001,99.991,100.002,99.988,1127937.0,511990,sh,华宝添益ETF
2020-06-22,99.981,99.982,99.991,99.976,1187726.0,511990,sh,华宝添益ETF
2020-06-23,99.981,99.979,99.985,99.968,1059200.0,511990,sh,华宝添益ETF
2020-06-24,99.994,100.002,100.005,99.987,1601644.0,511990,sh,华宝添益ETF
2020-06-29,99.983,99.975,99.987,99.961,1104625.0,511990,sh,华宝添益ETF
2020-06-30,99.97,99.974,99.976,99.943,1183114.0,511990,sh,华宝添益ETF
2020-07-01,99.974,99.976,99.982,99.964,1499149.0,511990,sh,华宝添益ETF
2020-07-02,99.966,99.97,99.979,99.955,1349867.0,511990,sh,华宝添益ETF
2020-07-03,99.961,99.986,99.994,99.935,1508510.0,511990,sh,华宝添益ETF
2020-07-06,99.95,99.952,99.963,99.935,1591282.0,511990,sh,华宝添益ETF
2020-07-07,99.921,99.979,99.987,99.92,1452206.0,511990,sh,华宝添益ETF
2020-07-08,99.965,100.013,100.018,99.96,1170351.0,511990,sh,华宝添益ETF
2020-07-09,99.993,100.004,100.014,99.984,1209018.0,511990,sh,华宝添益ETF
2020-07-10,100.0,100.031,100.053,99.999,1203886.0,511990,sh,华宝添益ETF
2020-07-13,99.993,100.01,100.016,99.99,1177478.0,511990,sh,华宝添益ETF
2020-07-14,99.998,100.065,100.069,99.998,1073579.0,511990,sh,华宝添益ETF
2020-07-15,100.008,100.042,100.051,100.008,829645.0,511990,sh,华宝添益ETF
2020-07-16,100.014,100.046,100.056,99.993,1284152.0,511990,sh,华宝添益ETF
2020-07-17,100.01,100.018,100.045,100.01,1044592.0,511990,sh,华宝添益ETF
2020-07-20,100.009,100.017,100.023,100.005,1148785.0,511990,sh,华宝添益ETF
2020-07-21,100.005,100.019,100.021,100.005,1162857.0,511990,sh,华宝添益ETF
2020-07-22,100.01,100.011,100.015,100.0,1328921.0,511990,sh,华宝添益ETF
2020-07-23,100.006,100.011,100.013,100.004,1115734.0,511990,sh,华宝添益ETF
2020-07-24,100.012,100.026,100.035,100.008,1694275.0,511990,sh,华宝添益ETF
2020-07-27,100.002,100.013,100.021,100.002,1191941.0,511990,sh,华宝添益ETF
2020-07-28,100.006,100.011,100.015,100.006,899180.0,511990,sh,华宝添益ETF
2020-07-29,100.009,99.988,100.014,99.979,1438278.0,511990,sh,华宝添益ETF
2020-07-30,99.983,100.004,100.007,99.974,1338767.0,511990,sh,华宝添益ETF
2020-07-31,100.007,100.011,100.015,99.983,1515056.0,511990,sh,华宝添益ETF
2020-08-03,99.995,99.996,99.999,99.991,1170098.0,511990,sh,华宝添益ETF
2020-08-04,99.992,100.0,100.007,99.992,1211670.0,511990,sh,华宝添益ETF
2020-08-05,100.0,100.004,100.005,99.996,1023626.0,511990,sh,华宝添益ETF
2020-08-06,100.001,100.007,100.01,99.999,1068055.0,511990,sh,华宝添益ETF
2020-08-07,100.01,100.012,100.019,100.007,1295746.0,511990,sh,华宝添益ETF
2020-08-10,100.003,100.008,100.011,99.998,1003733.0,511990,sh,华宝添益ETF
2020-08-11,100.004,100.017,100.019,100.002,829286.0,511990,sh,华宝添益ETF
2020-08-12,100.005,100.012,100.019,100.004,1181391.0,511990,sh,华宝添益ETF
2020-08-13,100.01,100.024,100.025,100.007,1054068.0,511990,sh,华宝添益ETF
2020-08-14,100.016,100.005,100.018,99.999,1160060.0,511990,sh,华宝添益ETF
2020-08-17,99.992,99.994,99.998,99.986,1497666.0,511990,sh,华宝添益ETF
2020-08-18,99.995,99.998,99.999,99.987,1141885.0,511990,sh,华宝添益ETF
2020-08-19,99.997,100.005,100.011,99.994,1256030.0,511990,sh,华宝添益ETF
2020-08-20,100.001,100.01,100.011,99.999,1026331.0,511990,sh,华宝添益ETF
2020-08-21,100.011,100.018,100.026,100.006,1355966.0,511990,sh,华宝添益ETF
2020-08-24,100.003,100.004,100.01,100.0,1116813.0,511990,sh,华宝添益ETF
2020-08-25,100.002,100.005,100.01,100.0,1226155.0,511990,sh,华宝添益ETF
2020-08-26,100.003,100.011,100.014,100.001,1166177.0,511990,sh,华宝添益ETF
2020-08-27,100.007,100.012,100.02,100.006,1309121.0,511990,sh,华宝添益ETF
2020-08-28,100.012,100.008,100.018,99.997,1241602.0,511990,sh,华宝添益ETF
2020-08-31,99.986,100.0,100.005,99.974,1341605.0,511990,sh,华宝添益ETF
2020-09-01,99.998,100.009,100.01,99.996,1181913.0,511990,sh,华宝添益ETF
2020-09-02,100.003,100.011,100.013,100.002,1226525.0,511990,sh,华宝添益ETF
2020-09-03,100.009,100.007,100.013,100.004,1201788.0,511990,sh,华宝添益ETF
2020-09-04,100.011,100.013,100.017,100.002,1199008.0,511990,sh,华宝添益ETF
2020-09-07,100.001,100.008,100.012,100.001,1087900.0,511990,sh,华宝添益ETF
2020-09-08,100.007,100.012,100.015,100.0,985155.0,511990,sh,华宝添益ETF
2020-09-09,100.008,100.006,100.016,100.003,1033721.0,511990,sh,华宝添益ETF
2020-09-10,100.006,100.011,100.014,100.001,1212763.0,511990,sh,华宝添益ETF
2020-09-11,100.013,100.013,100.018,100.007,1040037.0,511990,sh,华宝添益ETF
2020-09-14,100.003,100.01,100.012,100.001,1302018.0,511990,sh,华宝添益ETF
2020-09-15,100.008,100.008,100.012,100.006,1073859.0,511990,sh,华宝添益ETF
2020-09-16,100.008,100.005,100.011,100.004,995631.0,511990,sh,华宝添益ETF
2020-09-17,100.007,100.004,100.008,100.001,936941.0,511990,sh,华宝添益ETF
2020-09-18,100.008,100.0,100.011,99.995,1471368.0,511990,sh,华宝添益ETF
2020-09-21,99.995,100.003,100.004,99.991,1030305.0,511990,sh,华宝添益ETF
2020-09-22,100.002,100.011,100.015,99.993,1474116.0,511990,sh,华宝添益ETF
2020-09-23,100.008,100.008,100.01,100.002,1409231.0,511990,sh,华宝添益ETF
2020-09-24,100.002,100.006,100.009,99.997,1385998.0,511990,sh,华宝添益ETF
2020-09-25,100.009,100.005,100.011,100.003,1256611.0,511990,sh,华宝添益ETF
2020-09-28,99.993,100.006,100.01,99.987,1545674.0,511990,sh,华宝添益ETF
2020-09-29,99.999,100.009,100.014,99.997,1641496.0,511990,sh,华宝添益ETF
2020-09-30,100.031,100.045,100.059,100.031,1670358.0,511990,sh,华宝添益ETF
2020-10-09,99.999,100.006,100.008,99.99,1572343.0,511990,sh,华宝添益ETF
2020-10-12,99.997,99.991,100.002,99.987,1835755.0,511990,sh,华宝添益ETF
2020-10-13,99.994,99.994,100.001,99.991,1419964.0,511990,sh,华宝添益ETF
2020-10-14,99.997,100.002,100.008,99.994,1231031.0,511990,sh,华宝添益ETF
2020-10-15,99.999,100.001,100.003,99.995,1305479.0,511990,sh,华宝添益ETF
2020-10-16,100.006,100.012,100.015,100.006,1202316.0,511990,sh,华宝添益ETF
2020-10-19,100.001,100.012,100.014,99.999,1227343.0,511990,sh,华宝添益ETF
2020-10-20,100.008,100.004,100.013,100.003,1050299.0,511990,sh,华宝添益ETF
2020-10-21,100.003,100.006,100.007,100.002,1002781.0,511990,sh,华宝添益ETF
2020-10-22,100.004,100.004,100.007,100.002,1023119.0,511990,sh,华宝添益ETF
2020-10-23,100.008,100.0,100.014,99.997,1194362.0,511990,sh,华宝添益ETF
2020-10-26,100.0,99.994,100.001,99.988,1269801.0,511990,sh,华宝添益ETF
2020-10-27,99.992,99.992,99.995,99.983,1207563.0,511990,sh,华宝添益ETF
2020-10-28,99.991,99.993,99.994,99.985,1058157.0,511990,sh,华宝添益ETF
2020-10-29,99.985,99.997,100.0,99.979,1304797.0,511990,sh,华宝添益ETF
2020-10-30,100.003,100.017,100.024,99.997,1475000.0,511990,sh,华宝添益ETF
2020-11-02,100.0,100.003,100.008,99.998,1912552.0,511990,sh,华宝添益ETF
2020-11-03,100.001,100.002,100.003,99.994,1352463.0,511990,sh,华宝添益ETF
2020-11-04,100.0,100.012,100.014,99.997,1830089.0,511990,sh,华宝添益ETF
2020-11-05,100.001,100.008,100.012,99.991,1446654.0,511990,sh,华宝添益ETF
2020-11-06,100.01,100.023,100.025,100.007,1177053.0,511990,sh,华宝添益ETF
2020-11-09,100.0,99.999,100.004,99.994,2038259.0,511990,sh,华宝添益ETF
2020-11-10,99.997,100.013,100.014,99.995,1608883.0,511990,sh,华宝添益ETF
2020-11-11,100.006,100.019,100.024,100.006,1412692.0,511990,sh,华宝添益ETF
2020-11-12,100.012,100.019,100.025,100.007,1223224.0,511990,sh,华宝添益ETF
2020-11-13,100.015,100.021,100.026,100.015,1270335.0,511990,sh,华宝添益ETF
2020-11-16,100.006,100.013,100.021,100.006,1618427.0,511990,sh,华宝添益ETF
2020-11-17,100.011,100.018,100.039,100.011,1381275.0,511990,sh,华宝添益ETF
2020-11-18,100.021,100.003,100.022,100.0,1492137.0,511990,sh,华宝添益ETF
2020-11-19,100.006,100.005,100.01,100.002,1106516.0,511990,sh,华宝添益ETF
2020-11-20,100.011,100.006,100.015,100.003,1068147.0,511990,sh,华宝添益ETF
2020-11-23,99.998,99.999,100.002,99.996,1279015.0,511990,sh,华宝添益ETF
2020-11-24,99.998,99.996,99.999,99.995,1111167.0,511990,sh,华宝添益ETF
2020-11-25,99.994,100.006,100.01,99.994,1170779.0,511990,sh,华宝添益ETF
2020-11-26,100.001,100.002,100.005,99.994,1267428.0,511990,sh,华宝添益ETF
2020-11-27,100.006,100.01,100.016,100.001,1253837.0,511990,sh,华宝添益ETF
2020-11-30,99.998,100.001,100.003,99.989,1543177.0,511990,sh,华宝添益ETF
2020-12-01,100.0,99.998,100.0,99.996,1315403.0,511990,sh,华宝添益ETF
2020-12-02,99.995,100.004,100.007,99.988,1462683.0,511990,sh,华宝添益ETF
2020-12-03,99.996,100.002,100.007,99.996,1402249.0,511990,sh,华宝添益ETF
2020-12-04,100.007,100.017,100.02,100.006,1521070.0,511990,sh,华宝添益ETF
2020-12-07,100.004,100.007,100.01,100.0,1429434.0,511990,sh,华宝添益ETF
2020-12-08,100.005,100.004,100.008,100.002,1451208.0,511990,sh,华宝添益ETF
2020-12-09,100.001,100.003,100.006,99.998,1466703.0,511990,sh,华宝添益ETF
2020-12-10,100.005,99.999,100.008,99.997,1547855.0,511990,sh,华宝添益ETF
2020-12-11,100.01,100.012,100.014,100.005,1541221.0,511990,sh,华宝添益ETF
2020-12-14,100.0,100.005,100.008,99.999,1511536.0,511990,sh,华宝添益ETF
2020-12-15,100.001,100.006,100.008,99.998,1553569.0,511990,sh,华宝添益ETF
2020-12-16,100.003,100.001,100.006,99.997,1527888.0,511990,sh,华宝添益ETF
2020-12-17,99.997,99.963,100.0,99.957,2030946.0,511990,sh,华宝添益ETF
2020-12-18,99.979,99.983,99.99,99.941,2083014.0,511990,sh,华宝添益ETF
2020-12-21,99.981,99.966,99.983,99.949,1757088.0,511990,sh,华宝添益ETF
2020-12-22,99.97,99.999,100.006,99.955,1576019.0,511990,sh,华宝添益ETF
2020-12-23,99.99,99.988,99.996,99.983,1881978.0,511990,sh,华宝添益ETF
2020-12-24,99.987,100.002,100.012,99.983,1639660.0,511990,sh,华宝添益ETF
2020-12-25,100.002,100.002,100.006,99.982,1714390.0,511990,sh,华宝添益ETF
2020-12-28,99.989,99.993,100.0,99.97,1484769.0,511990,sh,华宝添益ETF
2020-12-29,99.972,99.98,99.992,99.97,1941987.0,511990,sh,华宝添益ETF
2020-12-30,99.972,99.999,100.01,99.972,1423722.0,511990,sh,华宝添益ETF
2020-12-31,100.0,100.014,100.02,99.997,1927196.0,511990,sh,华宝添益ETF
2021-01-04,99.986,99.997,99.999,99.986,1651998.0,511990,sh,华宝添益ETF
2021-01-05,99.995,100.008,100.01,99.989,1867890.0,511990,sh,华宝添益ETF
2021-01-06,100.002,100.006,100.022,99.996,1576753.0,511990,sh,华宝添益ETF
2021-01-07,100.005,100.005,100.019,100.001,1630903.0,511990,sh,华宝添益ETF
2021-01-08,100.01,100.014,100.015,100.001,1660378.0,511990,sh,华宝添益ETF
2021-01-11,100.001,100.008,100.013,99.998,1838365.0,511990,sh,华宝添益ETF
2021-01-12,100.004,100.009,100.012,100.002,1543982.0,511990,sh,华宝添益ETF
2021-01-13,100.004,100.007,100.008,100.0,1523076.0,511990,sh,华宝添益ETF
2021-01-14,100.002,99.996,100.004,99.994,1862808.0,511990,sh,华宝添益ETF
2021-01-15,99.994,100.018,100.018,99.994,1445217.0,511990,sh,华宝添益ETF
2021-01-18,100.0,100.006,100.007,99.999,1659665.0,511990,sh,华宝添益ETF
2021-01-19,100.002,100.001,100.005,99.995,1365482.0,511990,sh,华宝添益ETF
2021-01-20,100.002,100.007,100.009,99.998,1216007.0,511990,sh,华宝添益ETF
2021-01-21,100.002,100.004,100.005,99.994,1267229.0,511990,sh,华宝添益ETF
2021-01-22,100.006,100.015,100.019,100.005,1247641.0,511990,sh,华宝添益ETF
2021-01-25,100.003,100.0,100.004,99.998,1285048.0,511990,sh,华宝添益ETF
2021-01-26,100.0,100.0,100.002,99.986,1255187.0,511990,sh,华宝添益ETF
2021-01-27,99.997,99.999,100.003,99.981,1379721.0,511990,sh,华宝添益ETF
2021-01-28,99.99,99.993,99.999,99.98,1199951.0,511990,sh,华宝添益ETF
2021-01-29,100.0,100.005,100.006,99.977,1438144.0,511990,sh,华宝添益ETF
2021-02-01,99.993,99.997,99.999,99.98,1953500.0,511990,sh,华宝添益ETF
2021-02-02,99.991,100.003,100.006,99.989,1505192.0,511990,sh,华宝添益ETF
2021-02-03,100.001,100.003,100.013,99.998,1745417.0,511990,sh,华宝添益ETF
2021-02-04,100.004,100.014,100.017,100.0,1646806.0,511990,sh,华宝添益ETF
2021-02-05,100.012,100.037,100.047,100.0,1230588.0,511990,sh,华宝添益ETF
2021-02-08,100.011,100.02,100.029,100.006,1261627.0,511990,sh,华宝添益ETF
2021-02-09,100.006,100.036,100.049,100.002,1727789.0,511990,sh,华宝添益ETF
2021-02-10,100.043,100.072,100.096,100.038,1567578.0,511990,sh,华宝添益ETF
2021-02-18,99.997,100.02,100.036,99.996,1809595.0,511990,sh,华宝添益ETF
2021-02-19,100.01,100.026,100.03,100.009,1391654.0,511990,sh,华宝添益ETF
2021-02-22,100.003,100.004,100.01,100.001,1627641.0,511990,sh,华宝添益ETF
2021-02-23,100.002,100.006,100.01,99.999,1596784.0,511990,sh,华宝添益ETF
2021-02-24,100.004,100.005,100.01,100.004,1531760.0,511990,sh,华宝添益ETF
2021-02-25,100.005,100.013,100.023,100.001,1396513.0,511990,sh,华宝添益ETF
2021-02-26,100.015,100.014,100.025,99.976,1699086.0,511990,sh,华宝添益ETF
2021-03-01,100.002,100.009,100.012,99.998,1683604.0,511990,sh,华宝添益ETF
2021-03-02,100.004,100.013,100.019,100.003,1423833.0,511990,sh,华宝添益ETF
2021-03-03,100.011,100.021,100.027,100.007,1500416.0,511990,sh,华宝添益ETF
2021-03-04,100.015,100.014,100.03,100.007,1493141.0,511990,sh,华宝添益ETF
2021-03-05,100.015,100.017,100.019,100.001,1431805.0,511990,sh,华宝添益ETF
2021-03-08,99.999,100.005,100.009,99.998,1432076.0,511990,sh,华宝添益ETF
2021-03-09,100.0,99.999,100.003,99.977,1679022.0,511990,sh,华宝添益ETF
2021-03-10,99.998,100.006,100.007,99.99,1346469.0,511990,sh,华宝添益ETF
2021-03-11,100.001,100.006,100.007,100.0,1555665.0,511990,sh,华宝添益ETF
2021-03-12,100.01,100.019,100.021,100.007,1190875.0,511990,sh,华宝添益ETF
2021-03-15,100.002,100.005,100.008,100.001,1540421.0,511990,sh,华宝添益ETF
2021-03-16,100.005,100.007,100.009,100.004,1435644.0,511990,sh,华宝添益ETF
2021-03-17,100.007,100.007,100.008,99.998,1434103.0,511990,sh,华宝添益ETF
2021-03-18,100.003,100.006,100.011,100.0,1398975.0,511990,sh,华宝添益ETF
2021-03-19,100.008,100.019,100.021,100.007,1240357.0,511990,sh,华宝添益ETF
2021-03-22,100.007,100.005,100.008,100.003,1647059.0,511990,sh,华宝添益ETF
2021-03-23,100.004,100.006,100.008,100.001,1363514.0,511990,sh,华宝添益ETF
2021-03-24,100.003,100.007,100.008,100.0,1587352.0,511990,sh,华宝添益ETF
2021-03-25,100.003,99.999,100.005,99.997,1362859.0,511990,sh,华宝添益ETF
2021-03-26,100.005,100.0,100.008,99.993,1716401.0,511990,sh,华宝添益ETF
2021-03-29,99.995,100.003,100.005,99.987,2172866.0,511990,sh,华宝添益ETF
2021-03-30,99.995,99.991,99.999,99.982,1479024.0,511990,sh,华宝添益ETF
2021-03-31,99.99,100.005,100.009,99.9,1488827.0,511990,sh,华宝添益ETF
2021-04-01,100.0,100.013,100.02,100.0,1464667.0,511990,sh,华宝添益ETF
2021-04-02,100.017,100.019,100.028,100.011,1629344.0,511990,sh,华宝添益ETF
2021-04-06,100.004,100.006,100.009,99.998,1244542.0,511990,sh,华宝添益ETF
2021-04-07,100.002,100.014,100.016,100.002,1687419.0,511990,sh,华宝添益ETF
2021-04-08,100.008,100.005,100.011,100.003,1421627.0,511990,sh,华宝添益ETF
2021-04-09,100.009,100.019,100.021,100.009,1818691.0,511990,sh,华宝添益ETF
2021-04-12,100.006,100.006,100.019,100.004,1697678.0,511990,sh,华宝添益ETF
2021-04-13,100.008,100.008,100.011,100.006,1518693.0,511990,sh,华宝添益ETF
2021-04-14,100.007,100.005,100.009,100.002,1711682.0,511990,sh,华宝添益ETF
2021-04-15,100.005,100.009,100.012,100.005,1429595.0,511990,sh,华宝添益ETF
2021-04-16,100.013,100.013,100.02,100.011,1160538.0,511990,sh,华宝添益ETF
2021-04-19,100.004,100.0,100.006,99.996,1370607.0,511990,sh,华宝添益ETF
2021-04-20,100.0,100.006,100.008,99.997,1162157.0,511990,sh,华宝添益ETF
2021-04-21,100.002,100.003,100.007,100.001,1492740.0,511990,sh,华宝添益ETF
2021-04-22,100.0,100.006,100.008,99.999,899362.0,511990,sh,华宝添益ETF
2021-04-23,100.014,100.005,100.016,100.001,1168805.0,511990,sh,华宝添益ETF
2021-04-26,99.998,99.997,99.999,99.989,1959733.0,511990,sh,华宝添益ETF
2021-04-27,99.995,99.996,99.997,99.991,1331454.0,511990,sh,华宝添益ETF
2021-04-28,99.993,99.995,100.004,99.992,1631656.0,511990,sh,华宝添益ETF
2021-04-29,99.995,100.009,100.019,99.994,1726432.0,511990,sh,华宝添益ETF
2021-04-30,100.024,100.032,100.04,100.023,1347308.0,511990,sh,华宝添益ETF
2021-05-06,100.001,100.002,100.005,99.993,1559603.0,511990,sh,华宝添益ETF
2021-05-07,100.008,100.015,100.022,100.006,1343327.0,511990,sh,华宝添益ETF
2021-05-10,100.0,100.004,100.006,99.999,1716531.0,511990,sh,华宝添益ETF
2021-05-11,100.003,100.006,100.007,100.001,1441836.0,511990,sh,华宝添益ETF
2021-05-12,100.002,100.003,100.006,100.001,1513786.0,511990,sh,华宝添益ETF
2021-05-13,100.003,100.005,100.007,100.002,1746580.0,511990,sh,华宝添益ETF
2021-05-14,100.01,99.986,100.013,99.98,1663961.0,511990,sh,华宝添益ETF
2021-05-17,99.998,99.993,99.998,99.973,1703053.0,511990,sh,华宝添益ETF
2021-05-18,99.986,100.002,100.004,99.986,1365447.0,511990,sh,华宝添益ETF
2021-05-19,100.006,100.002,100.006,99.998,1600228.0,511990,sh,华宝添益ETF
2021-05-20,99.999,99.997,100.002,99.984,1883807.0,511990,sh,华宝添益ETF
2021-05-21,99.997,99.998,100.008,99.993,1510845.0,511990,sh,华宝添益ETF
2021-05-24,99.991,100.001,100.005,99.988,1620754.0,511990,sh,华宝添益ETF
2021-05-25,99.998,99.98,99.999,99.954,1644014.0,511990,sh,华宝添益ETF
2021-05-26,99.976,99.993,99.995,99.959,1204698.0,511990,sh,华宝添益ETF
2021-05-27,99.992,99.991,99.993,99.98,1558691.0,511990,sh,华宝添益ETF
2021-05-28,99.997,100.001,100.008,99.991,1390926.0,511990,sh,华宝添益ETF
2021-05-31,99.987,99.982,99.991,99.978,1245441.0,511990,sh,华宝添益ETF
2021-06-01,99.987,99.99,99.995,99.981,1457560.0,511990,sh,华宝添益ETF
2021-06-02,99.99,99.994,99.996,99.981,1534829.0,511990,sh,华宝添益ETF
2021-06-03,99.993,99.996,99.998,99.986,2130643.0,511990,sh,华宝添益ETF
2021-06-04,99.999,100.008,100.01,99.996,2473231.0,511990,sh,华宝添益ETF
2021-06-07,99.993,100.003,100.006,99.991,1422546.0,511990,sh,华宝添益ETF
2021-06-08,99.999,99.999,100.001,99.994,1912976.0,511990,sh,华宝添益ETF
2021-06-09,99.996,99.989,99.997,99.979,2196853.0,511990,sh,华宝添益ETF
2021-06-10,99.99,99.981,99.991,99.976,1737922.0,511990,sh,华宝添益ETF
2021-06-11,99.997,100.002,100.005,99.995,1795554.0,511990,sh,华宝添益ETF
2021-06-15,99.987,99.991,99.996,99.987,1947178.0,511990,sh,华宝添益ETF
2021-06-16,99.99,99.991,99.994,99.988,1775614.0,511990,sh,华宝添益ETF
2021-06-17,99.988,99.999,100.003,99.987,2125506.0,511990,sh,华宝添益ETF
2021-06-18,100.003,100.011,100.012,99.995,2162112.0,511990,sh,华宝添益ETF
2021-06-21,99.995,99.996,99.999,99.991,2028534.0,511990,sh,华宝添益ETF
2021-06-22,99.993,99.996,99.997,99.99,2223375.0,511990,sh,华宝添益ETF
2021-06-23,99.99,99.989,99.993,99.985,1892124.0,511990,sh,华宝添益ETF
2021-06-24,99.989,99.994,99.995,99.987,2338373.0,511990,sh,华宝添益ETF
2021-06-25,99.998,99.996,100.004,99.982,2004555.0,511990,sh,华宝添益ETF
2021-06-28,99.986,99.982,99.989,99.977,2748235.0,511990,sh,华宝添益ETF
2021-06-29,99.977,99.993,100.001,99.977,2320448.0,511990,sh,华宝添益ETF
2021-06-30,99.994,99.993,99.998,99.983,1876938.0,511990,sh,华宝添益ETF
2021-07-01,99.994,100.006,100.03,99.99,1911166.0,511990,sh,华宝添益ETF
2021-07-02,100.008,100.01,100.021,100.004,1250335.0,511990,sh,华宝添益ETF
2021-07-05,99.999,100.015,100.023,99.999,1485754.0,511990,sh,华宝添益ETF
2021-07-06,100.003,100.004,100.009,99.998,1359831.0,511990,sh,华宝添益ETF
2021-07-07,100.004,100.006,100.007,100.001,1429068.0,511990,sh,华宝添益ETF
2021-07-08,100.001,100.013,100.016,100.001,1344483.0,511990,sh,华宝添益ETF
2021-07-09,100.012,100.015,100.017,100.009,1191768.0,511990,sh,华宝添益ETF
2021-07-12,100.0,100.001,100.002,99.991,1456357.0,511990,sh,华宝添益ETF
2021-07-13,99.999,100.004,100.005,99.997,1371703.0,511990,sh,华宝添益ETF
2021-07-14,100.001,100.004,100.01,100.0,1761704.0,511990,sh,华宝添益ETF
2021-07-15,100.002,99.999,100.006,99.997,1502994.0,511990,sh,华宝添益ETF
2021-07-16,100.002,100.016,100.02,100.002,1335269.0,511990,sh,华宝添益ETF
2021-07-19,100.0,100.003,100.008,100.0,1541376.0,511990,sh,华宝添益ETF
2021-07-20,100.001,100.0,100.003,99.998,1269971.0,511990,sh,华宝添益ETF
2021-07-21,99.996,100.001,100.006,99.996,1342962.0,511990,sh,华宝添益ETF
2021-07-22,100.002,99.999,100.005,99.996,1557996.0,511990,sh,华宝添益ETF
2021-07-23,100.006,99.998,100.008,99.996,1750016.0,511990,sh,华宝添益ETF
2021-07-26,99.99,99.99,99.996,99.984,2046514.0,511990,sh,华宝添益ETF
2021-07-27,99.991,99.989,99.995,99.986,1866683.0,511990,sh,华宝添益ETF
2021-07-28,99.988,99.982,99.989,99.953,2660526.0,511990,sh,华宝添益ETF
2021-07-29,99.974,99.998,100.001,99.971,2767273.0,511990,sh,华宝添益ETF
2021-07-30,100.001,100.016,100.1,99.998,2059390.0,511990,sh,华宝添益ETF
2021-08-02,100.001,100.001,100.005,99.992,2017854.0,511990,sh,华宝添益ETF
2021-08-03,99.996,100.002,100.004,99.994,1842487.0,511990,sh,华宝添益ETF
2021-08-04,100.0,99.999,100.003,99.997,1352163.0,511990,sh,华宝添益ETF
2021-08-05,99.999,100.005,100.006,99.997,1397747.0,511990,sh,华宝添益ETF
2021-08-06,100.006,100.017,100.022,100.005,1506482.0,511990,sh,华宝添益ETF
2021-08-09,100.002,100.011,100.013,100.0,1859394.0,511990,sh,华宝添益ETF
2021-08-10,100.004,100.013,100.013,100.002,1483506.0,511990,sh,华宝添益ETF
2021-08-11,100.004,100.012,100.013,100.002,1629492.0,511990,sh,华宝添益ETF
2021-08-12,100.007,100.015,100.016,100.004,1823673.0,511990,sh,华宝添益ETF
2021-08-13,100.012,100.013,100.018,100.008,1214712.0,511990,sh,华宝添益ETF
2021-08-16,100.001,100.001,100.005,99.998,1899269.0,511990,sh,华宝添益ETF
2021-08-17,100.0,100.003,100.004,99.998,1437280.0,511990,sh,华宝添益ETF
2021-08-18,99.995,99.998,100.002,99.995,1294779.0,511990,sh,华宝添益ETF
2021-08-19,100.0,100.0,100.002,99.997,1140097.0,511990,sh,华宝添益ETF
2021-08-20,100.006,100.01,100.018,100.005,1363718.0,511990,sh,华宝添益ETF
2021-08-23,99.999,99.989,100.0,99.985,2046735.0,511990,sh,华宝添益ETF
2021-08-24,99.991,99.985,99.991,99.976,2049304.0,511990,sh,华宝添益ETF
2021-08-25,99.98,99.998,100.002,99.98,1494455.0,511990,sh,华宝添益ETF
2021-08-26,99.996,99.996,99.999,99.982,1631296.0,511990,sh,华宝添益ETF
2021-08-27,100.002,99.996,100.007,99.985,1663756.0,511990,sh,华宝添益ETF
2021-08-30,99.987,99.978,99.99,99.97,2119343.0,511990,sh,华宝添益ETF
2021-08-31,99.983,99.993,99.995,99.981,2097256.0,511990,sh,华宝添益ETF
2021-09-01,99.997,99.998,99.999,99.989,2028613.0,511990,sh,华宝添益ETF
2021-09-02,99.992,100.004,100.007,99.991,2083230.0,511990,sh,华宝添益ETF
2021-09-03,100.005,100.016,100.017,99.998,2219256.0,511990,sh,华宝添益ETF
2021-09-06,100.0,100.001,100.004,99.998,1449945.0,511990,sh,华宝添益ETF
2021-09-07,100.0,100.001,100.007,99.999,1537148.0,511990,sh,华宝添益ETF
2021-09-08,100.0,100.001,100.003,99.997,1205247.0,511990,sh,华宝添益ETF
2021-09-09,99.999,100.005,100.007,99.996,1277546.0,511990,sh,华宝添益ETF
2021-09-10,100.006,100.008,100.011,100.006,1267979.0,511990,sh,华宝添益ETF
2021-09-13,99.997,100.002,100.003,99.995,1470383.0,511990,sh,华宝添益ETF
2021-09-14,99.999,100.006,100.007,99.997,1534895.0,511990,sh,华宝添益ETF
2021-09-15,100.002,100.002,100.005,100.0,1556158.0,511990,sh,华宝添益ETF
2021-09-16,99.997,100.003,100.009,99.996,1671328.0,511990,sh,华宝添益ETF
2021-09-17,100.022,100.022,100.025,100.005,2299405.0,511990,sh,华宝添益ETF
2021-09-22,99.995,99.992,99.998,99.991,2403333.0,511990,sh,华宝添益ETF
2021-09-23,99.99,99.99,99.995,99.989,2965394.0,511990,sh,华宝添益ETF
2021-09-24,99.995,100.001,100.006,99.995,2345658.0,511990,sh,华宝添益ETF
2021-09-27,99.991,99.984,99.999,99.975,2453238.0,511990,sh,华宝添益ETF
2021-09-28,99.951,99.989,99.996,99.951,2689235.0,511990,sh,华宝添益ETF
2021-09-29,99.988,99.971,99.991,99.95,3172772.0,511990,sh,华宝添益ETF
2021-09-30,100.03,100.045,100.051,100.024,2546217.0,511990,sh,华宝添益ETF
2021-10-08,100.003,100.003,100.009,99.99,2552264.0,511990,sh,华宝添益ETF
2021-10-11,99.994,100.007,100.008,99.993,2027551.0,511990,sh,华宝添益ETF
2021-10-12,100.0,100.007,100.008,100.0,1584591.0,511990,sh,华宝添益ETF
2021-10-13,100.005,100.009,100.015,100.002,2200886.0,511990,sh,华宝添益ETF
2021-10-14,100.007,100.01,100.012,100.004,1629216.0,511990,sh,华宝添益ETF
2021-10-15,100.011,100.015,100.017,100.011,1254390.0,511990,sh,华宝添益ETF
2021-10-18,100.004,100.006,100.007,99.995,1728495.0,511990,sh,华宝添益ETF
2021-10-19,100.0,99.983,100.002,99.978,2207084.0,511990,sh,华宝添益ETF
2021-10-20,99.991,99.997,99.998,99.981,2266759.0,511990,sh,华宝添益ETF
2021-10-21,99.995,100.001,100.002,99.993,2052643.0,511990,sh,华宝添益ETF
2021-10-22,100.005,100.002,100.008,100.0,2548299.0,511990,sh,华宝添益ETF
2021-10-25,99.993,100.001,100.002,99.992,1756850.0,511990,sh,华宝添益ETF
2021-10-26,99.998,100.006,100.012,99.997,1924503.0,511990,sh,华宝添益ETF
2021-10-27,99.999,100.012,100.012,99.999,1508558.0,511990,sh,华宝添益ETF
2021-10-28,100.002,99.986,100.004,99.985,1981696.0,511990,sh,华宝添益ETF
2021-10-29,100.002,100.003,100.011,100.0,1785013.0,511990,sh,华宝添益ETF
2021-11-01,99.99,99.992,99.997,99.989,2471007.0,511990,sh,华宝添益ETF
2021-11-02,99.993,99.989,99.995,99.986,2130582.0,511990,sh,华宝添益ETF
2021-11-03,99.99,99.996,99.996,99.989,1861574.0,511990,sh,华宝添益ETF
2021-11-04,99.996,99.994,100.0,99.991,1479299.0,511990,sh,华宝添益ETF
2021-11-05,100.006,99.999,100.007,99.992,1784076.0,511990,sh,华宝添益ETF
2021-11-08,99.995,99.995,99.996,99.988,2072388.0,511990,sh,华宝添益ETF
2021-11-09,99.993,99.996,99.998,99.989,1588158.0,511990,sh,华宝添益ETF
2021-11-10,99.994,100.003,100.005,99.993,1530688.0,511990,sh,华宝添益ETF
2021-11-11,99.998,99.995,100.003,99.991,1947780.0,511990,sh,华宝添益ETF
2021-11-12,100.002,99.997,100.004,99.993,1561028.0,511990,sh,华宝添益ETF
2021-11-15,99.99,99.996,99.997,99.988,1297820.0,511990,sh,华宝添益ETF
2021-11-16,99.994,100.002,100.002,99.993,1281961.0,511990,sh,华宝添益ETF
2021-11-17,99.999,99.995,100.001,99.993,1532792.0,511990,sh,华宝添益ETF
2021-11-18,99.991,99.999,99.999,99.991,1631879.0,511990,sh,华宝添益ETF
2021-11-19,100.005,99.999,100.006,99.996,1584285.0,511990,sh,华宝添益ETF
2021-11-22,99.991,99.993,99.995,99.991,1525804.0,511990,sh,华宝添益ETF
2021-11-23,99.993,99.995,99.996,99.989,1946464.0,511990,sh,华宝添益ETF
2021-11-24,99.991,99.989,99.994,99.988,1990155.0,511990,sh,华宝添益ETF
2021-11-25,99.992,99.992,99.995,99.988,1553900.0,511990,sh,华宝添益ETF
2021-11-26,99.998,99.998,100.0,99.995,1749340.0,511990,sh,华宝添益ETF
2021-11-29,99.99,99.975,99.99,99.957,2597714.0,511990,sh,华宝添益ETF
2021-11-30,99.975,99.988,99.998,99.958,1834278.0,511990,sh,华宝添益ETF
2021-12-01,99.981,99.993,99.994,99.981,2014766.0,511990,sh,华宝添益ETF
2021-12-02,99.986,99.994,99.995,99.985,2043437.0,511990,sh,华宝添益ETF
2021-12-03,100.001,99.996,100.002,99.995,2104264.0,511990,sh,华宝添益ETF
2021-12-06,99.99,99.995,99.996,99.989,1777162.0,511990,sh,华宝添益ETF
2021-12-07,99.994,99.993,99.996,99.992,2101854.0,511990,sh,华宝添益ETF
2021-12-08,99.994,99.991,99.995,99.99,1358111.0,511990,sh,华宝添益ETF
2021-12-09,99.99,99.986,99.992,99.975,1816422.0,511990,sh,华宝添益ETF
2021-12-10,99.993,99.997,99.999,99.986,2289570.0,511990,sh,华宝添益ETF
2021-12-13,99.985,99.993,99.995,99.985,2641152.0,511990,sh,华宝添益ETF
2021-12-14,99.992,99.993,99.995,99.989,1560929.0,511990,sh,华宝添益ETF
2021-12-15,99.993,99.997,99.999,99.991,1566898.0,511990,sh,华宝添益ETF
2021-12-16,99.994,99.994,99.995,99.99,2289045.0,511990,sh,华宝添益ETF
2021-12-17,100.0,100.003,100.004,99.996,1964790.0,511990,sh,华宝添益ETF
2021-12-20,99.992,99.992,99.993,99.988,1809941.0,511990,sh,华宝添益ETF
2021-12-21,99.991,99.995,99.996,99.985,2005274.0,511990,sh,华宝添益ETF
2021-12-22,99.979,99.995,99.997,99.979,2806939.0,511990,sh,华宝添益ETF
2021-12-23,99.99,99.991,99.995,99.985,2545836.0,511990,sh,华宝添益ETF
2021-12-24,99.996,99.994,99.998,99.991,1917578.0,511990,sh,华宝添益ETF
2021-12-27,99.99,99.983,99.991,99.981,2966544.0,511990,sh,华宝添益ETF
2021-12-28,99.982,99.992,99.998,99.981,2150710.0,511990,sh,华宝添益ETF
2021-12-29,99.988,99.996,100.001,99.985,1662441.0,511990,sh,华宝添益ETF
2021-12-30,99.987,99.997,99.999,99.978,2021536.0,511990,sh,华宝添益ETF
2021-12-31,100.008,100.032,100.038,99.998,2429051.0,511990,sh,华宝添益ETF
2022-01-04,99.991,100.0,100.005,99.986,2473519.0,511990,sh,华宝添益ETF
2022-01-05,99.994,100.005,100.023,99.992,1401330.0,511990,sh,华宝添益ETF
2022-01-06,100.004,100.0,100.004,99.97,1746936.0,511990,sh,华宝添益ETF
2022-01-07,100.002,100.011,100.022,100.001,1742903.0,511990,sh,华宝添益ETF
2022-01-10,99.999,100.002,100.004,99.997,1312229.0,511990,sh,华宝添益ETF
2022-01-11,100.0,100.005,100.01,99.999,1207088.0,511990,sh,华宝添益ETF
2022-01-12,100.004,100.004,100.007,99.999,1398409.0,511990,sh,华宝添益ETF
2022-01-13,100.0,100.004,100.019,99.999,1335224.0,511990,sh,华宝添益ETF
2022-01-14,100.006,100.009,100.012,100.005,1461235.0,511990,sh,华宝添益ETF
2022-01-17,99.998,99.992,100.0,99.988,1543605.0,511990,sh,华宝添益ETF
2022-01-18,99.997,100.004,100.011,99.994,1752465.0,511990,sh,华宝添益ETF
2022-01-19,100.0,100.0,100.005,99.99,2032232.0,511990,sh,华宝添益ETF
2022-01-20,99.998,99.994,100.001,99.988,1568949.0,511990,sh,华宝添益ETF
2022-01-21,100.003,100.002,100.009,99.998,1562358.0,511990,sh,华宝添益ETF
2022-01-24,99.996,99.992,99.998,99.991,1331003.0,511990,sh,华宝添益ETF
2022-01-25,99.993,100.003,100.006,99.989,1643967.0,511990,sh,华宝添益ETF
2022-01-26,99.994,100.004,100.007,99.994,1500358.0,511990,sh,华宝添益ETF
2022-01-27,99.997,100.02,100.029,99.997,1210515.0,511990,sh,华宝添益ETF
2022-01-28,100.05,100.106,100.12,100.049,1854060.0,511990,sh,华宝添益ETF
2022-02-07,100.004,100.011,100.015,99.996,2053500.0,511990,sh,华宝添益ETF
2022-02-08,100.006,100.009,100.012,100.001,1531960.0,511990,sh,华宝添益ETF
2022-02-09,100.006,100.005,100.007,100.001,1512239.0,511990,sh,华宝添益ETF
2022-02-10,100.001,100.005,100.008,100.001,1365134.0,511990,sh,华宝添益ETF
2022-02-11,100.005,100.02,100.03,100.005,1303290.0,511990,sh,华宝添益ETF
2022-02-14,100.005,100.006,100.007,100.002,1083880.0,511990,sh,华宝添益ETF
2022-02-15,100.001,100.004,100.006,100.001,1041898.0,511990,sh,华宝添益ETF
2022-02-16,100.001,100.005,100.005,100.0,1220270.0,511990,sh,华宝添益ETF
2022-02-17,100.002,100.005,100.01,99.998,1346908.0,511990,sh,华宝添益ETF
2022-02-18,100.009,100.011,100.018,100.009,1469303.0,511990,sh,华宝添益ETF
2022-02-21,99.988,100.0,100.001,99.988,1217085.0,511990,sh,华宝添益ETF
2022-02-22,99.999,100.004,100.006,99.998,953576.0,511990,sh,华宝添益ETF
2022-02-23,100.001,99.986,100.002,99.983,1223110.0,511990,sh,华宝添益ETF
2022-02-24,99.995,99.994,99.998,99.991,1258507.0,511990,sh,华宝添益ETF
2022-02-25,100.001,99.996,100.015,99.99,1981253.0,511990,sh,华宝添益ETF
2022-02-28,99.985,99.99,99.993,99.985,1823285.0,511990,sh,华宝添益ETF
2022-03-01,99.995,99.992,99.996,99.99,1439881.0,511990,sh,华宝添益ETF
2022-03-02,99.995,99.995,99.997,99.991,1242644.0,511990,sh,华宝添益ETF
2022-03-03,99.995,100.0,100.002,99.991,1434041.0,511990,sh,华宝添益ETF
2022-03-04,100.005,100.011,100.015,100.004,1144896.0,511990,sh,华宝添益ETF
2022-03-07,99.999,100.005,100.006,99.999,1028438.0,511990,sh,华宝添益ETF
2022-03-08,100.0,100.006,100.009,100.0,1575071.0,511990,sh,华宝添益ETF
2022-03-09,100.001,100.002,100.004,99.999,1549373.0,511990,sh,华宝添益ETF
2022-03-10,99.992,100.006,100.007,99.992,1744275.0,511990,sh,华宝添益ETF
2022-03-11,100.009,100.01,100.015,100.006,1389128.0,511990,sh,华宝添益ETF
2022-03-14,100.001,100.004,100.006,100.0,1111569.0,511990,sh,华宝添益ETF
2022-03-15,100.003,99.998,100.05,99.993,1313845.0,511990,sh,华宝添益ETF
2022-03-16,99.996,99.99,99.999,99.971,1877428.0,511990,sh,华宝添益ETF
2022-03-17,99.984,99.994,99.999,99.972,2072589.0,511990,sh,华宝添益ETF
2022-03-18,99.998,99.993,100.007,99.919,1919857.0,511990,sh,华宝添益ETF
2022-03-21,99.995,100.0,100.003,99.993,1706449.0,511990,sh,华宝添益ETF
2022-03-22,99.999,99.998,100.002,99.997,1126515.0,511990,sh,华宝添益ETF
2022-03-23,99.995,99.99,99.998,99.987,1710525.0,511990,sh,华宝添益ETF
2022-03-24,99.994,99.994,99.997,99.991,1377452.0,511990,sh,华宝添益ETF
2022-03-25,100.003,100.0,100.003,99.997,1457781.0,511990,sh,华宝添益ETF
2022-03-28,99.993,99.983,99.994,99.979,1768449.0,511990,sh,华宝添益ETF
2022-03-29,99.984,99.986,99.988,99.981,1654081.0,511990,sh,华宝添益ETF
2022-03-30,99.986,99.963,99.986,99.957,1613810.0,511990,sh,华宝添益ETF
2022-03-31,99.974,99.99,100.0,99.969,1371994.0,511990,sh,华宝添益ETF
2022-04-01,100.02,100.012,100.021,100.009,1653529.0,511990,sh,华宝添益ETF
2022-04-06,99.994,99.998,100.0,99.994,1255117.0,511990,sh,华宝添益ETF
2022-04-07,99.996,100.004,100.006,99.994,1191969.0,511990,sh,华宝添益ETF
2022-04-08,100.005,100.016,100.017,100.004,1384619.0,511990,sh,华宝添益ETF
2022-04-11,100.002,100.005,100.01,99.998,1303717.0,511990,sh,华宝添益ETF
2022-04-12,100.0,99.999,100.004,99.993,2175409.0,511990,sh,华宝添益ETF
2022-04-13,99.999,100.005,100.006,99.997,1229116.0,511990,sh,华宝添益ETF
2022-04-14,100.0,100.006,100.008,99.996,1865782.0,511990,sh,华宝添益ETF
2022-04-15,100.008,100.015,100.019,100.006,1265938.0,511990,sh,华宝添益ETF
2022-04-18,100.002,99.998,100.005,99.997,1275487.0,511990,sh,华宝添益ETF
2022-04-19,99.994,100.002,100.004,99.993,1262191.0,511990,sh,华宝添益ETF
2022-04-20,100.0,100.001,100.003,99.999,1003019.0,511990,sh,华宝添益ETF
2022-04-21,100.0,99.999,100.002,99.997,1180414.0,511990,sh,华宝添益ETF
2022-04-22,99.998,100.003,100.004,99.997,1664858.0,511990,sh,华宝添益ETF
2022-04-25,99.993,99.994,99.996,99.98,1646403.0,511990,sh,华宝添益ETF
2022-04-26,99.987,99.997,99.997,99.98,1543916.0,511990,sh,华宝添益ETF
2022-04-27,99.991,99.999,100.002,99.987,1780015.0,511990,sh,华宝添益ETF
2022-04-28,99.997,100.004,100.007,99.993,2130289.0,511990,sh,华宝添益ETF
2022-04-29,100.013,100.014,100.025,100.0,3184788.0,511990,sh,华宝添益ETF
2022-05-05,99.99,99.985,99.993,99.984,2356646.0,511990,sh,华宝添益ETF
2022-05-06,99.995,99.999,100.002,99.992,1626419.0,511990,sh,华宝添益ETF
2022-05-09,99.995,99.997,99.998,99.991,1402232.0,511990,sh,华宝添益ETF
2022-05-10,99.995,99.998,100.0,99.994,1747002.0,511990,sh,华宝添益ETF
2022-05-11,99.997,99.997,99.999,99.992,1634481.0,511990,sh,华宝添益ETF
2022-05-12,99.995,99.998,100.0,99.994,1104877.0,511990,sh,华宝添益ETF
2022-05-13,100.005,100.008,100.01,100.002,1974153.0,511990,sh,华宝添益ETF
2022-05-16,99.995,100.005,100.005,99.995,1245653.0,511990,sh,华宝添益ETF
2022-05-17,99.998,99.997,100.001,99.994,1049880.0,511990,sh,华宝添益ETF
2022-05-18,99.996,99.996,99.998,99.993,1098695.0,511990,sh,华宝添益ETF
2022-05-19,99.991,99.991,99.995,99.989,1519345.0,511990,sh,华宝添益ETF
2022-05-20,100.002,99.993,100.002,99.99,1883592.0,511990,sh,华宝添益ETF
2022-05-23,99.988,99.996,99.998,99.988,1350186.0,511990,sh,华宝添益ETF
2022-05-24,99.995,100.003,100.006,99.993,955027.0,511990,sh,华宝添益ETF
2022-05-25,99.998,99.997,100.001,99.993,1467325.0,511990,sh,华宝添益ETF
2022-05-26,99.993,100.001,100.002,99.993,1450318.0,511990,sh,华宝添益ETF
2022-05-27,100.002,100.006,100.007,99.992,1982464.0,511990,sh,华宝添益ETF
2022-05-30,99.997,99.991,99.997,99.989,1417037.0,511990,sh,华宝添益ETF
2022-05-31,99.991,99.923,99.993,99.681,1468047.0,511990,sh,华宝添益ETF
2022-06-01,99.983,99.991,99.993,99.98,2021234.0,511990,sh,华宝添益ETF
2022-06-02,99.998,99.993,100.003,99.987,1695179.0,511990,sh,华宝添益ETF
2022-06-06,99.985,99.987,99.991,99.969,1769475.0,511990,sh,华宝添益ETF
2022-06-07,99.982,99.995,99.997,99.975,1647300.0,511990,sh,华宝添益ETF
2022-06-08,99.994,99.992,99.996,99.987,1335963.0,511990,sh,华宝添益ETF
2022-06-09,99.992,99.994,99.997,99.99,1452080.0,511990,sh,华宝添益ETF
2022-06-10,100.0,99.973,100.001,99.968,2154712.0,511990,sh,华宝添益ETF
2022-06-13,99.98,99.991,99.996,99.973,1623275.0,511990,sh,华宝添益ETF
2022-06-14,99.991,99.991,99.994,99.988,1442296.0,511990,sh,华宝添益ETF
2022-06-15,99.989,99.983,99.992,99.98,1881434.0,511990,sh,华宝添益ETF
2022-06-16,99.984,99.986,99.993,99.975,1732018.0,511990,sh,华宝添益ETF
2022-06-17,99.99,99.997,99.997,99.986,1501906.0,511990,sh,华宝添益ETF
2022-06-20,99.982,99.993,99.996,99.981,1508243.0,511990,sh,华宝添益ETF
2022-06-21,99.991,99.99,99.993,99.989,1184335.0,511990,sh,华宝添益ETF
2022-06-22,99.991,100.001,100.003,99.989,1695040.0,511990,sh,华宝添益ETF
2022-06-23,99.992,99.982,99.998,99.97,2105535.0,511990,sh,华宝添益ETF
2022-06-24,99.987,99.988,99.995,99.982,1686772.0,511990,sh,华宝添益ETF
2022-06-27,99.984,99.983,99.985,99.947,1948992.0,511990,sh,华宝添益ETF
2022-06-28,99.98,99.986,99.99,99.978,1598133.0,511990,sh,华宝添益ETF
2022-06-29,99.981,99.988,99.991,99.976,1965186.0,511990,sh,华宝添益ETF
2022-06-30,99.975,99.999,100.002,99.907,2887885.0,511990,sh,华宝添益ETF
2022-07-01,99.995,100.005,100.009,99.994,2376965.0,511990,sh,华宝添益ETF
2022-07-04,99.994,99.999,100.0,99.992,1660453.0,511990,sh,华宝添益ETF
2022-07-05,99.997,100.002,100.005,99.994,1936363.0,511990,sh,华宝添益ETF
2022-07-06,99.999,100.003,100.005,99.998,1345547.0,511990,sh,华宝添益ETF
2022-07-07,100.0,99.998,100.001,99.992,1608227.0,511990,sh,华宝添益ETF
2022-07-08,100.002,100.008,100.012,100.001,1633479.0,511990,sh,华宝添益ETF
2022-07-11,99.998,100.001,100.004,99.996,1384408.0,511990,sh,华宝添益ETF
2022-07-12,100.0,100.003,100.007,100.0,1292637.0,511990,sh,华宝添益ETF
2022-07-13,100.0,100.003,100.003,99.997,1744957.0,511990,sh,华宝添益ETF
2022-07-14,100.001,99.999,100.004,99.996,1519987.0,511990,sh,华宝添益ETF
2022-07-15,100.003,100.014,100.015,100.002,1491364.0,511990,sh,华宝添益ETF
2022-07-18,100.0,99.999,100.003,99.996,2038099.0,511990,sh,华宝添益ETF
2022-07-19,99.998,100.0,100.004,99.997,1169471.0,511990,sh,华宝添益ETF
2022-07-20,99.999,99.997,100.0,99.995,1280066.0,511990,sh,华宝添益ETF
2022-07-21,99.998,99.999,100.0,99.996,1081462.0,511990,sh,华宝添益ETF
2022-07-22,100.003,100.006,100.006,100.001,1538056.0,511990,sh,华宝添益ETF
2022-07-25,99.999,100.003,100.004,99.997,1257730.0,511990,sh,华宝添益ETF
2022-07-26,100.0,99.997,100.001,99.995,1060818.0,511990,sh,华宝添益ETF
2022-07-27,99.995,99.998,99.999,99.994,962976.0,511990,sh,华宝添益ETF
2022-07-28,99.996,99.996,99.997,99.981,1764105.0,511990,sh,华宝添益ETF
2022-07-29,100.002,100.006,100.009,100.002,1284966.0,511990,sh,华宝添益ETF
2022-08-01,99.999,99.998,100.002,99.996,1393521.0,511990,sh,华宝添益ETF
2022-08-02,99.998,99.997,100.0,99.994,1664578.0,511990,sh,华宝添益ETF
2022-08-03,99.995,100.0,100.002,99.98,2146515.0,511990,sh,华宝添益ETF
2022-08-04,99.996,100.004,100.004,99.993,1403038.0,511990,sh,华宝添益ETF
2022-08-05,100.005,100.008,100.009,100.003,789947.0,511990,sh,华宝添益ETF
2022-08-08,99.998,99.999,100.0,99.996,892204.0,511990,sh,华宝添益ETF
2022-08-09,99.999,100.006,100.018,99.997,1009429.0,511990,sh,华宝添益ETF
2022-08-10,100.001,100.002,100.005,100.0,924621.0,511990,sh,华宝添益ETF
2022-08-11,100.0,99.997,100.003,99.99,1783308.0,511990,sh,华宝添益ETF
2022-08-12,100.003,100.007,100.007,100.0,1364830.0,511990,sh,华宝添益ETF
2022-08-15,99.997,99.995,99.999,99.992,1688466.0,511990,sh,华宝添益ETF
2022-08-16,99.995,99.995,99.996,99.99,1949980.0,511990,sh,华宝添益ETF
2022-08-17,99.993,99.993,99.995,99.99,1085642.0,511990,sh,华宝添益ETF
2022-08-18,99.99,99.997,99.998,99.986,1267751.0,511990,sh,华宝添益ETF
2022-08-19,100.003,100.005,100.009,100.001,1621355.0,511990,sh,华宝添益ETF
2022-08-22,99.998,99.995,99.998,99.992,1711233.0,511990,sh,华宝添益ETF
2022-08-23,99.994,99.997,99.998,99.991,1586691.0,511990,sh,华宝添益ETF
2022-08-24,99.994,100.005,100.01,99.994,1872476.0,511990,sh,华宝添益ETF
2022-08-25,100.0,99.996,100.002,99.995,1620135.0,511990,sh,华宝添益ETF
2022-08-26,99.996,99.999,100.002,99.996,1848424.0,511990,sh,华宝添益ETF
2022-08-29,99.994,99.989,99.996,99.982,1877415.0,511990,sh,华宝添益ETF
2022-08-30,99.988,99.999,100.0,99.987,2063803.0,511990,sh,华宝添益ETF
2022-08-31,99.995,100.0,100.002,99.995,1452182.0,511990,sh,华宝添益ETF
2022-09-01,99.997,99.997,100.0,99.995,1627535.0,511990,sh,华宝添益ETF
2022-09-02,100.004,100.005,100.009,100.002,1287170.0,511990,sh,华宝添益ETF
2022-09-05,99.996,100.002,100.003,99.996,1221842.0,511990,sh,华宝添益ETF
2022-09-06,99.999,99.995,100.0,99.995,2306163.0,511990,sh,华宝添益ETF
2022-09-07,99.997,99.994,99.998,99.992,1060886.0,511990,sh,华宝添益ETF
2022-09-08,99.993,99.995,99.997,99.992,1871514.0,511990,sh,华宝添益ETF
2022-09-09,100.006,99.992,100.008,99.982,1885022.0,511990,sh,华宝添益ETF
2022-09-13,99.987,99.985,99.991,99.981,1801578.0,511990,sh,华宝添益ETF
2022-09-14,99.984,99.988,99.989,99.982,2023697.0,511990,sh,华宝添益ETF
2022-09-15,99.983,99.996,99.999,99.983,1708436.0,511990,sh,华宝添益ETF
2022-09-16,100.0,100.001,100.003,99.996,2103862.0,511990,sh,华宝添益ETF
2022-09-19,99.993,99.993,99.994,99.984,1667840.0,511990,sh,华宝添益ETF
2022-09-20,99.99,99.988,99.997,99.982,1937019.0,511990,sh,华宝添益ETF
2022-09-21,99.989,99.993,99.995,99.985,1591503.0,511990,sh,华宝添益ETF
2022-09-22,99.994,99.996,99.998,99.991,1369010.0,511990,sh,华宝添益ETF
2022-09-23,100.0,99.99,100.003,99.8,1910933.0,511990,sh,华宝添益ETF
2022-09-26,99.988,99.981,99.99,99.979,2319735.0,511990,sh,华宝添益ETF
2022-09-27,99.982,99.983,99.985,99.972,1599542.0,511990,sh,华宝添益ETF
2022-09-28,99.984,100.0,100.006,99.981,1545500.0,511990,sh,华宝添益ETF
2022-09-29,99.983,99.988,100.008,99.97,2452554.0,511990,sh,华宝添益ETF
2022-09-30,100.05,100.077,100.093,100.034,1515943.0,511990,sh,华宝添益ETF
2022-10-10,99.995,100.015,100.02,99.994,1724712.0,511990,sh,华宝添益ETF
2022-10-11,100.001,99.999,100.005,99.998,1921903.0,511990,sh,华宝添益ETF
2022-10-12,100.0,100.003,100.009,99.999,2012147.0,511990,sh,华宝添益ETF
2022-10-13,100.0,100.007,100.007,99.999,1937535.0,511990,sh,华宝添益ETF
2022-10-14,100.007,100.006,100.009,100.001,2255252.0,511990,sh,华宝添益ETF
2022-10-17,99.997,100.001,100.004,99.995,1428320.0,511990,sh,华宝添益ETF
2022-10-18,99.997,100.001,100.003,99.997,1497891.0,511990,sh,华宝添益ETF
2022-10-19,100.0,100.004,100.005,99.999,1899658.0,511990,sh,华宝添益ETF
2022-10-20,100.0,100.004,100.005,99.999,1699031.0,511990,sh,华宝添益ETF
2022-10-21,100.004,100.007,100.009,100.003,1516029.0,511990,sh,华宝添益ETF
2022-10-24,99.999,100.003,100.005,99.99,1896947.0,511990,sh,华宝添益ETF
2022-10-25,99.992,99.992,99.998,99.985,1621119.0,511990,sh,华宝添益ETF
2022-10-26,99.993,99.991,99.995,99.97,2879568.0,511990,sh,华宝添益ETF
2022-10-27,99.988,99.995,99.995,99.975,2145377.0,511990,sh,华宝添益ETF
2022-10-28,99.996,100.007,100.01,99.994,2000525.0,511990,sh,华宝添益ETF
2022-10-31,99.999,99.993,99.999,99.989,1402128.0,511990,sh,华宝添益ETF
2022-11-01,99.994,99.982,99.994,99.975,2094805.0,511990,sh,华宝添益ETF
2022-11-02,99.982,99.994,99.995,99.982,2057288.0,511990,sh,华宝添益ETF
2022-11-03,99.991,99.996,99.999,99.99,2358626.0,511990,sh,华宝添益ETF
2022-11-04,100.002,99.996,100.003,99.992,2238048.0,511990,sh,华宝添益ETF
2022-11-07,99.988,99.987,99.994,99.979,2362243.0,511990,sh,华宝添益ETF
2022-11-08,99.987,99.997,100.0,99.986,1904459.0,511990,sh,华宝添益ETF
2022-11-09,99.992,99.996,100.001,99.992,1320339.0,511990,sh,华宝添益ETF
2022-11-10,99.996,100.003,100.005,99.992,2047849.0,511990,sh,华宝添益ETF
2022-11-11,99.995,99.995,99.998,99.986,2243691.0,511990,sh,华宝添益ETF
2022-11-14,99.982,99.977,99.985,99.975,1955938.0,511990,sh,华宝添益ETF
2022-11-15,99.977,99.968,99.986,99.964,1707423.0,511990,sh,华宝添益ETF
2022-11-16,99.97,99.997,99.998,99.97,2247413.0,511990,sh,华宝添益ETF
2022-11-17,99.991,99.988,99.997,99.986,2046142.0,511990,sh,华宝添益ETF
2022-11-18,99.993,100.002,100.007,99.993,1763386.0,511990,sh,华宝添益ETF
2022-11-21,99.994,99.992,99.998,99.988,1685668.0,511990,sh,华宝添益ETF
2022-11-22,99.991,100.004,100.006,99.991,1406052.0,511990,sh,华宝添益ETF
2022-11-23,99.996,99.993,99.999,99.989,1916594.0,511990,sh,华宝添益ETF
2022-11-24,99.994,99.993,99.997,99.986,1481471.0,511990,sh,华宝添益ETF
2022-11-25,99.997,100.001,100.006,99.997,1630302.0,511990,sh,华宝添益ETF
2022-11-28,99.993,99.989,99.999,99.986,2693589.0,511990,sh,华宝添益ETF
2022-11-29,99.988,99.974,99.989,99.967,3055347.0,511990,sh,华宝添益ETF
2022-11-30,99.979,99.993,99.998,99.976,2578233.0,511990,sh,华宝添益ETF
2022-12-01,99.985,99.986,99.989,99.977,2329153.0,511990,sh,华宝添益ETF
2022-12-02,99.995,99.997,100.003,99.994,1880298.0,511990,sh,华宝添益ETF
2022-12-05,99.985,99.993,99.997,99.983,1728138.0,511990,sh,华宝添益ETF
2022-12-06,99.993,99.991,99.997,99.99,1236902.0,511990,sh,华宝添益ETF
2022-12-07,99.993,99.992,99.994,99.989,1545259.0,511990,sh,华宝添益ETF
2022-12-08,99.99,99.994,99.997,99.988,1322172.0,511990,sh,华宝添益ETF
2022-12-09,99.999,99.998,100.003,99.997,1613552.0,511990,sh,华宝添益ETF
2022-12-12,99.993,99.993,99.997,99.991,1147056.0,511990,sh,华宝添益ETF
2022-12-13,99.989,99.995,99.996,99.989,968105.0,511990,sh,华宝添益ETF
2022-12-14,99.992,99.989,99.997,99.986,1261776.0,511990,sh,华宝添益ETF
2022-12-15,99.992,99.99,99.995,99.987,1144074.0,511990,sh,华宝添益ETF
2022-12-16,100.0,99.996,100.005,99.994,1802027.0,511990,sh,华宝添益ETF
2022-12-19,99.994,99.992,99.999,99.987,1759230.0,511990,sh,华宝添益ETF
2022-12-20,99.994,99.992,99.995,99.989,1835874.0,511990,sh,华宝添益ETF
2022-12-21,99.993,99.999,100.004,99.99,1566567.0,511990,sh,华宝添益ETF
2022-12-22,99.994,99.978,99.998,99.964,1850412.0,511990,sh,华宝添益ETF
2022-12-23,99.996,99.99,100.0,99.984,1651686.0,511990,sh,华宝添益ETF
2022-12-26,99.986,99.978,99.988,99.97,1725519.0,511990,sh,华宝添益ETF
2022-12-27,99.976,99.987,99.989,99.966,1704123.0,511990,sh,华宝添益ETF
2022-12-28,99.983,99.985,99.986,99.974,1253209.0,511990,sh,华宝添益ETF
2022-12-29,99.97,99.972,99.981,99.964,1244999.0,511990,sh,华宝添益ETF
2022-12-30,100.002,100.014,100.02,99.998,2213603.0,511990,sh,华宝添益ETF
2023-01-03,99.995,99.997,99.999,99.991,1524312.0,511990,sh,华宝添益ETF
2023-01-04,99.995,99.996,99.997,99.99,1625084.0,511990,sh,华宝添益ETF
2023-01-05,99.993,99.987,99.994,99.985,1497553.0,511990,sh,华宝添益ETF
2023-01-06,99.994,100.001,100.005,99.992,1679393.0,511990,sh,华宝添益ETF
2023-01-09,99.993,99.998,99.999,99.986,1538499.0,511990,sh,华宝添益ETF
2023-01-10,99.995,100.0,100.001,99.994,1590119.0,511990,sh,华宝添益ETF
2023-01-11,99.995,99.999,100.0,99.994,1469403.0,511990,sh,华宝添益ETF
2023-01-12,99.997,99.996,99.999,99.991,1488447.0,511990,sh,华宝添益ETF
2023-01-13,100.001,99.998,100.005,99.995,1456897.0,511990,sh,华宝添益ETF
2023-01-16,99.99,99.981,99.992,99.979,1498109.0,511990,sh,华宝添益ETF
2023-01-17,99.981,99.984,99.989,99.971,1159627.0,511990,sh,华宝添益ETF
2023-01-18,99.985,99.996,99.998,99.985,1210232.0,511990,sh,华宝添益ETF
2023-01-19,100.0,99.993,100.004,99.99,1706745.0,511990,sh,华宝添益ETF
2023-01-20,100.046,100.048,100.057,100.044,2773373.0,511990,sh,华宝添益ETF
2023-01-30,99.991,100.009,100.046,99.975,2170008.0,511990,sh,华宝添益ETF
2023-01-31,99.999,99.994,100.0,99.988,1193309.0,511990,sh,华宝添益ETF
2023-02-01,99.991,100.003,100.01,99.991,1006601.0,511990,sh,华宝添益ETF
2023-02-02,99.994,100.01,100.012,99.993,1412071.0,511990,sh,华宝添益ETF
2023-02-03,100.001,100.017,100.023,100.001,1565610.0,511990,sh,华宝添益ETF
2023-02-06,100.001,100.01,100.09,100.001,941624.0,511990,sh,华宝添益ETF
2023-02-07,100.004,99.999,100.01,99.992,1403925.0,511990,sh,华宝添益ETF
2023-02-08,99.998,100.001,100.006,99.995,1037020.0,511990,sh,华宝添益ETF
2023-02-09,99.999,99.985,100.001,99.977,1889926.0,511990,sh,华宝添益ETF
2023-02-10,100.001,100.012,100.013,99.999,1997279.0,511990,sh,华宝添益ETF
2023-02-13,99.997,99.995,99.999,99.991,1283058.0,511990,sh,华宝添益ETF
2023-02-14,99.991,99.993,99.994,99.99,1094133.0,511990,sh,华宝添益ETF
2023-02-15,99.992,99.993,99.999,99.992,1065616.0,511990,sh,华宝添益ETF
2023-02-16,99.994,99.996,100.0,99.986,1694076.0,511990,sh,华宝添益ETF
2023-02-17,100.003,100.006,100.009,99.999,1483571.0,511990,sh,华宝添益ETF
2023-02-20,99.997,99.996,100.005,99.993,1516415.0,511990,sh,华宝添益ETF
2023-02-21,99.996,100.004,100.005,99.992,1186635.0,511990,sh,华宝添益ETF
2023-02-22,99.998,100.0,100.004,99.995,758632.0,511990,sh,华宝添益ETF
2023-02-23,99.997,99.997,100.0,99.995,954086.0,511990,sh,华宝添益ETF
2023-02-24,100.004,100.01,100.013,100.002,1188548.0,511990,sh,华宝添益ETF
2023-02-27,99.997,99.992,100.0,99.99,1063801.0,511990,sh,华宝添益ETF
2023-02-28,99.991,99.982,99.994,99.974,1011048.0,511990,sh,华宝添益ETF
2023-03-01,99.994,99.993,99.997,99.991,1059622.0,511990,sh,华宝添益ETF
2023-03-02,99.992,99.999,100.005,99.99,1322289.0,511990,sh,华宝添益ETF
2023-03-03,100.003,100.0,100.006,99.994,1644048.0,511990,sh,华宝添益ETF
2023-03-06,99.994,99.996,99.997,99.988,1398091.0,511990,sh,华宝添益ETF
2023-03-07,99.995,100.003,100.006,99.994,1289094.0,511990,sh,华宝添益ETF
2023-03-08,99.999,99.997,100.0,99.994,1314570.0,511990,sh,华宝添益ETF
2023-03-09,99.997,100.005,100.01,99.997,1156242.0,511990,sh,华宝添益ETF
2023-03-10,100.006,100.018,100.018,100.005,1532924.0,511990,sh,华宝添益ETF
2023-03-13,100.001,99.996,100.004,99.994,1303100.0,511990,sh,华宝添益ETF
2023-03-14,99.995,99.995,99.997,99.993,1040748.0,511990,sh,华宝添益ETF
2023-03-15,99.992,99.994,99.996,99.982,1423037.0,511990,sh,华宝添益ETF
2023-03-16,99.993,99.997,99.999,99.991,1088711.0,511990,sh,华宝添益ETF
2023-03-17,100.003,100.0,100.006,99.996,1690519.0,511990,sh,华宝添益ETF
2023-03-20,99.992,99.996,99.998,99.988,1399102.0,511990,sh,华宝添益ETF
2023-03-21,99.995,99.997,99.998,99.993,1054580.0,511990,sh,华宝添益ETF
2023-03-22,99.995,99.996,99.999,99.993,1099594.0,511990,sh,华宝添益ETF
2023-03-23,99.994,99.998,100.0,99.994,1335919.0,511990,sh,华宝添益ETF
2023-03-24,100.004,100.002,100.008,100.001,1243942.0,511990,sh,华宝添益ETF
2023-03-27,99.993,99.99,99.994,99.987,1309207.0,511990,sh,华宝添益ETF
2023-03-28,99.989,99.992,99.994,99.988,1129205.0,511990,sh,华宝添益ETF
2023-03-29,99.99,99.987,99.991,99.985,1187831.0,511990,sh,华宝添益ETF
2023-03-30,99.983,99.976,99.985,99.97,1148412.0,511990,sh,华宝添益ETF
2023-03-31,99.995,99.97,99.998,99.965,1251502.0,511990,sh,华宝添益ETF
2023-04-03,99.991,99.992,99.997,99.99,1634441.0,511990,sh,华宝添益ETF
2023-04-04,99.995,100.004,100.006,99.995,1557122.0,511990,sh,华宝添益ETF
2023-04-06,99.998,99.997,100.0,99.993,1424713.0,511990,sh,华宝添益ETF
2023-04-07,100.005,100.002,100.006,100.001,1526363.0,511990,sh,华宝添益ETF
2023-04-10,99.994,99.995,99.997,99.992,1505539.0,511990,sh,华宝添益ETF
2023-04-11,99.994,99.995,99.996,99.993,1055522.0,511990,sh,华宝添益ETF
2023-04-12,99.994,100.0,100.004,99.993,1408066.0,511990,sh,华宝添益ETF
2023-04-13,99.996,100.005,100.006,99.996,909402.0,511990,sh,华宝添益ETF
2023-04-14,100.004,100.004,100.011,100.001,1231297.0,511990,sh,华宝添益ETF
2023-04-17,99.996,99.996,99.999,99.995,1271016.0,511990,sh,华宝添益ETF
2023-04-18,99.996,100.004,100.004,99.995,1221333.0,511990,sh,华宝添益ETF
2023-04-19,99.998,100.0,100.001,99.997,1217293.0,511990,sh,华宝添益ETF
2023-04-20,99.997,100.001,100.02,99.996,1113069.0,511990,sh,华宝添益ETF
2023-04-21,100.005,100.01,100.015,100.004,1173653.0,511990,sh,华宝添益ETF
2023-04-24,99.998,99.999,100.001,99.996,1337173.0,511990,sh,华宝添益ETF
2023-04-25,99.996,100.0,100.003,99.995,1315764.0,511990,sh,华宝添益ETF
2023-04-26,99.996,99.989,99.997,99.977,1704771.0,511990,sh,华宝添益ETF
2023-04-27,99.984,100.01,100.014,99.982,1304941.0,511990,sh,华宝添益ETF
2023-04-28,100.019,100.015,100.026,100.013,1995995.0,511990,sh,华宝添益ETF
2023-05-04,99.994,100.005,100.008,99.992,1537530.0,511990,sh,华宝添益ETF
2023-05-05,100.004,100.025,100.031,100.004,1139608.0,511990,sh,华宝添益ETF
2023-05-08,100.002,100.003,100.015,100.0,1180345.0,511990,sh,华宝添益ETF
2023-05-09,100.001,100.004,100.008,100.0,1259787.0,511990,sh,华宝添益ETF
2023-05-10,100.003,99.998,100.008,99.997,1960174.0,511990,sh,华宝添益ETF
2023-05-11,99.996,100.009,100.01,99.996,1643865.0,511990,sh,华宝添益ETF
2023-05-12,100.008,100.014,100.016,99.999,1496341.0,511990,sh,华宝添益ETF
2023-05-15,100.001,100.005,100.012,100.001,747687.0,511990,sh,华宝添益ETF
2023-05-16,100.003,100.003,100.009,100.002,830624.0,511990,sh,华宝添益ETF
2023-05-17,100.004,100.0,100.006,99.998,1355527.0,511990,sh,华宝添益ETF
2023-05-18,100.001,100.005,100.006,99.999,1138465.0,511990,sh,华宝添益ETF
2023-05-19,100.006,100.013,100.016,100.005,775401.0,511990,sh,华宝添益ETF
2023-05-22,100.002,100.004,100.007,100.001,1094938.0,511990,sh,华宝添益ETF
2023-05-23,100.002,100.002,100.004,99.994,1032903.0,511990,sh,华宝添益ETF
2023-05-24,100.0,99.999,100.003,99.996,1231299.0,511990,sh,华宝添益ETF
2023-05-25,99.995,100.002,100.005,99.989,1257555.0,511990,sh,华宝添益ETF
2023-05-26,100.004,100.003,100.008,100.001,1304179.0,511990,sh,华宝添益ETF
2023-05-29,99.995,100.001,100.002,99.995,1302361.0,511990,sh,华宝添益ETF
2023-05-30,99.998,99.99,100.001,99.988,1189046.0,511990,sh,华宝添益ETF
2023-05-31,99.995,99.996,100.0,99.993,1459241.0,511990,sh,华宝添益ETF
2023-06-01,99.997,99.998,100.003,99.994,1367667.0,511990,sh,华宝添益ETF
2023-06-02,100.006,100.007,100.014,100.005,1277002.0,511990,sh,华宝添益ETF
2023-06-05,99.999,100.001,100.002,99.998,913259.0,511990,sh,华宝添益ETF
2023-06-06,99.999,100.004,100.007,99.999,834198.0,511990,sh,华宝添益ETF
2023-06-07,100.001,100.005,100.006,99.997,1274369.0,511990,sh,华宝添益ETF
2023-06-08,100.0,100.005,100.008,99.999,1135632.0,511990,sh,华宝添益ETF
2023-06-09,100.007,99.989,100.011,99.978,1444895.0,511990,sh,华宝添益ETF
2023-06-12,99.991,100.002,100.003,99.99,1387626.0,511990,sh,华宝添益ETF
2023-06-13,100.0,99.995,100.002,99.993,1405742.0,511990,sh,华宝添益ETF
2023-06-14,99.993,99.994,99.999,99.985,1539680.0,511990,sh,华宝添益ETF
2023-06-15,99.994,99.985,99.996,99.972,1554125.0,511990,sh,华宝添益ETF
2023-06-16,99.996,99.996,100.0,99.989,1517635.0,511990,sh,华宝添益ETF
2023-06-19,99.99,99.995,99.997,99.988,1239969.0,511990,sh,华宝添益ETF
2023-06-20,99.992,99.994,99.996,99.985,1410329.0,511990,sh,华宝添益ETF
2023-06-21,100.011,100.019,100.02,100.009,1591797.0,511990,sh,华宝添益ETF
2023-06-26,99.993,99.989,99.995,99.987,1353305.0,511990,sh,华宝添益ETF
2023-06-27,99.988,99.989,99.991,99.984,1240428.0,511990,sh,华宝添益ETF
2023-06-28,99.987,99.977,99.988,99.976,1387869.0,511990,sh,华宝添益ETF
2023-06-29,99.975,99.974,99.976,99.961,1307445.0,511990,sh,华宝添益ETF
2023-06-30,99.995,99.996,100.0,99.989,1602316.0,511990,sh,华宝添益ETF
2023-07-03,99.993,100.0,100.003,99.992,1545118.0,511990,sh,华宝添益ETF
2023-07-04,99.999,100.001,100.003,99.998,871502.0,511990,sh,华宝添益ETF
2023-07-05,99.999,100.006,100.008,99.998,764471.0,511990,sh,华宝添益ETF
2023-07-06,100.001,100.014,100.016,100.001,738325.0,511990,sh,华宝添益ETF
2023-07-07,100.011,100.015,100.018,100.011,1040851.0,511990,sh,华宝添益ETF
2023-07-10,100.003,100.006,100.009,100.0,1038338.0,511990,sh,华宝添益ETF
2023-07-11,100.003,100.0,100.004,99.998,1233042.0,511990,sh,华宝添益ETF
2023-07-12,99.999,99.999,100.002,99.996,1074093.0,511990,sh,华宝添益ETF
2023-07-13,99.998,99.994,99.999,99.99,1861481.0,511990,sh,华宝添益ETF
2023-07-14,100.001,100.007,100.009,100.001,1313538.0,511990,sh,华宝添益ETF
2023-07-17,99.991,100.008,100.009,99.988,2654140.0,511990,sh,华宝添益ETF
2023-07-18,100.002,100.008,100.011,100.002,1278244.0,511990,sh,华宝添益ETF
2023-07-19,100.004,100.003,100.01,100.0,927310.0,511990,sh,华宝添益ETF
2023-07-20,100.001,99.999,100.003,99.998,946855.0,511990,sh,华宝添益ETF
2023-07-21,100.005,100.003,100.007,100.002,1237602.0,511990,sh,华宝添益ETF
2023-07-24,99.997,100.0,100.001,99.996,837347.0,511990,sh,华宝添益ETF
2023-07-25,99.996,99.999,100.0,99.99,2183418.0,511990,sh,华宝添益ETF
2023-07-26,99.997,100.003,100.01,99.991,1401176.0,511990,sh,华宝添益ETF
2023-07-27,100.0,99.997,100.001,99.994,1770179.0,511990,sh,华宝添益ETF
2023-07-28,100.005,99.988,100.006,99.982,1867824.0,511990,sh,华宝添益ETF
2023-07-31,99.975,99.98,99.984,99.97,1930670.0,511990,sh,华宝添益ETF
2023-08-01,99.988,99.995,99.998,99.986,1702033.0,511990,sh,华宝添益ETF
2023-08-02,99.995,99.999,100.003,99.993,1038121.0,511990,sh,华宝添益ETF
2023-08-03,99.996,99.999,100.0,99.994,1032911.0,511990,sh,华宝添益ETF
2023-08-04,100.0,100.004,100.006,99.998,1233413.0,511990,sh,华宝添益ETF
2023-08-07,99.998,99.999,100.003,99.997,1007626.0,511990,sh,华宝添益ETF
2023-08-08,99.998,100.002,100.003,99.998,895630.0,511990,sh,华宝添益ETF
2023-08-09,99.999,100.001,100.003,99.997,756985.0,511990,sh,华宝添益ETF
2023-08-10,99.999,100.002,100.005,99.997,1023843.0,511990,sh,华宝添益ETF
2023-08-11,100.005,100.011,100.018,100.005,916292.0,511990,sh,华宝添益ETF
2023-08-14,99.999,100.003,100.007,99.999,843132.0,511990,sh,华宝添益ETF
2023-08-15,100.002,100.005,100.009,100.001,984346.0,511990,sh,华宝添益ETF
2023-08-16,100.003,100.013,100.015,100.002,683779.0,511990,sh,华宝添益ETF
2023-08-17,100.005,100.0,100.008,99.995,1383474.0,511990,sh,华宝添益ETF
2023-08-18,100.006,100.015,100.016,100.006,720189.0,511990,sh,华宝添益ETF
2023-08-21,100.005,100.004,100.01,100.001,869601.0,511990,sh,华宝添益ETF
2023-08-22,100.005,99.996,100.011,99.995,1199179.0,511990,sh,华宝添益ETF
2023-08-23,99.999,100.007,100.01,99.996,1066804.0,511990,sh,华宝添益ETF
2023-08-24,100.001,100.001,100.005,99.996,1406009.0,511990,sh,华宝添益ETF
2023-08-25,100.006,100.005,100.012,100.004,1344258.0,511990,sh,华宝添益ETF
2023-08-28,99.94,99.993,99.999,99.94,1460243.0,511990,sh,华宝添益ETF
2023-08-29,99.994,99.985,99.996,99.977,1974625.0,511990,sh,华宝添益ETF
2023-08-30,99.982,99.99,99.997,99.973,1370683.0,511990,sh,华宝添益ETF
2023-08-31,99.99,100.007,100.01,99.989,1034627.0,511990,sh,华宝添益ETF
2023-09-01,100.007,100.039,100.091,100.006,1112603.0,511990,sh,华宝添益ETF
2023-09-04,100.003,100.006,100.016,100.003,1008095.0,511990,sh,华宝添益ETF
2023-09-05,100.003,100.009,100.013,100.003,1003547.0,511990,sh,华宝添益ETF
2023-09-06,100.006,100.002,100.01,100.001,1001066.0,511990,sh,华宝添益ETF
2023-09-07,100.001,100.012,100.016,100.001,617993.0,511990,sh,华宝添益ETF
2023-09-08,100.008,100.009,100.012,100.004,1630064.0,511990,sh,华宝添益ETF
2023-09-11,100.004,100.005,100.005,99.999,1003124.0,511990,sh,华宝添益ETF
2023-09-12,100.004,100.002,100.005,100.001,984963.0,511990,sh,华宝添益ETF
2023-09-13,100.002,100.001,100.008,100.0,947489.0,511990,sh,华宝添益ETF
2023-09-14,100.004,99.997,100.01,99.991,1109653.0,511990,sh,华宝添益ETF
2023-09-15,100.007,100.005,100.013,100.002,894090.0,511990,sh,华宝添益ETF
2023-09-18,100.002,99.997,100.003,99.996,866129.0,511990,sh,华宝添益ETF
2023-09-19,99.998,99.995,99.999,99.994,912855.0,511990,sh,华宝添益ETF
2023-09-20,99.995,99.996,99.996,99.991,860566.0,511990,sh,华宝添益ETF
2023-09-21,99.993,99.991,99.996,99.985,808332.0,511990,sh,华宝添益ETF
2023-09-22,100.002,99.988,100.003,99.983,1440083.0,511990,sh,华宝添益ETF
2023-09-25,99.982,99.993,99.994,99.982,1507559.0,511990,sh,华宝添益ETF
2023-09-26,99.99,99.989,99.993,99.985,1287821.0,511990,sh,华宝添益ETF
2023-09-27,99.986,100.002,100.008,99.941,1637821.0,511990,sh,华宝添益ETF
2023-09-28,100.05,100.053,100.07,100.048,1069448.0,511990,sh,华宝添益ETF
2023-10-09,100.001,100.01,100.027,99.998,1331504.0,511990,sh,华宝添益ETF
2023-10-10,100.0,100.01,100.015,100.0,1354462.0,511990,sh,华宝添益ETF
2023-10-11,100.006,100.001,100.01,99.997,1550927.0,511990,sh,华宝添益ETF
2023-10-12,99.997,99.999,100.0,99.991,1153171.0,511990,sh,华宝添益ETF
2023-10-13,100.008,100.01,100.021,100.006,1068022.0,511990,sh,华宝添益ETF
2023-10-16,100.004,100.011,100.017,100.002,839033.0,511990,sh,华宝添益ETF
2023-10-17,100.006,100.007,100.013,100.004,541296.0,511990,sh,华宝添益ETF
2023-10-18,100.006,100.012,100.025,100.006,1217735.0,511990,sh,华宝添益ETF
2023-10-19,100.009,100.021,100.025,99.991,1530232.0,511990,sh,华宝添益ETF
2023-10-20,100.012,100.017,100.02,100.007,1340540.0,511990,sh,华宝添益ETF
2023-10-23,100.005,100.013,100.017,100.002,1209645.0,511990,sh,华宝添益ETF
2023-10-24,100.003,100.004,100.008,99.996,1589181.0,511990,sh,华宝添益ETF
2023-10-25,99.998,100.004,100.007,99.994,1395211.0,511990,sh,华宝添益ETF
2023-10-26,99.998,99.996,100.001,99.995,1273708.0,511990,sh,华宝添益ETF
2023-10-27,100.005,99.994,100.009,99.988,1430503.0,511990,sh,华宝添益ETF
2023-10-30,99.99,99.99,99.992,99.986,1228392.0,511990,sh,华宝添益ETF
2023-10-31,99.99,99.996,99.997,99.99,763598.0,511990,sh,华宝添益ETF
2023-11-01,99.996,100.005,100.007,99.994,1343807.0,511990,sh,华宝添益ETF
2023-11-02,99.997,100.004,100.006,99.997,1120036.0,511990,sh,华宝添益ETF
2023-11-03,100.008,100.001,100.01,99.996,1973990.0,511990,sh,华宝添益ETF
2023-11-06,99.993,99.989,99.995,99.983,1689778.0,511990,sh,华宝添益ETF
2023-11-07,99.989,99.998,99.999,99.985,1110368.0,511990,sh,华宝添益ETF
2023-11-08,99.999,100.001,100.003,99.997,1047904.0,511990,sh,华宝添益ETF
2023-11-09,100.0,99.999,100.001,99.998,954122.0,511990,sh,华宝添益ETF
2023-11-10,100.005,100.006,100.008,100.004,805200.0,511990,sh,华宝添益ETF
2023-11-13,99.999,99.998,100.0,99.997,795074.0,511990,sh,华宝添益ETF
2023-11-14,99.999,99.991,100.0,99.9,1080620.0,511990,sh,华宝添益ETF
2023-11-15,99.988,99.993,99.994,99.987,982427.0,511990,sh,华宝添益ETF
2023-11-16,99.99,100.0,100.001,99.99,798401.0,511990,sh,华宝添益ETF
2023-11-17,100.007,100.013,100.018,100.006,1217094.0,511990,sh,华宝添益ETF
2023-11-20,99.999,100.003,100.011,99.999,1310395.0,511990,sh,华宝添益ETF
2023-11-21,100.0,100.003,100.007,99.997,1146506.0,511990,sh,华宝添益ETF
2023-11-22,100.003,100.005,100.009,99.998,1222678.0,511990,sh,华宝添益ETF
2023-11-23,100.0,99.995,100.002,99.99,1161653.0,511990,sh,华宝添益ETF
2023-11-24,100.004,100.015,100.018,100.003,1652766.0,511990,sh,华宝添益ETF
2023-11-27,100.0,100.004,100.008,99.997,1094426.0,511990,sh,华宝添益ETF
2023-11-28,100.002,99.997,100.005,99.996,1194292.0,511990,sh,华宝添益ETF
2023-11-29,99.997,99.992,99.997,99.989,1262312.0,511990,sh,华宝添益ETF
2023-11-30,99.99,99.992,99.994,99.985,1254002.0,511990,sh,华宝添益ETF
2023-12-01,100.003,100.009,100.017,100.003,1778530.0,511990,sh,华宝添益ETF
2023-12-04,100.003,100.006,100.008,100.001,1369137.0,511990,sh,华宝添益ETF
2023-12-05,100.001,100.005,100.007,100.001,1534229.0,511990,sh,华宝添益ETF
2023-12-06,100.0,99.999,100.002,99.994,1895154.0,511990,sh,华宝添益ETF
2023-12-07,99.997,100.002,100.005,99.996,1854232.0,511990,sh,华宝添益ETF
2023-12-08,100.007,99.995,100.008,99.985,2272245.0,511990,sh,华宝添益ETF
2023-12-11,99.993,99.994,99.998,99.985,2021509.0,511990,sh,华宝添益ETF
2023-12-12,99.992,100.001,100.003,99.991,1828182.0,511990,sh,华宝添益ETF
2023-12-13,99.999,100.001,100.002,99.995,1604385.0,511990,sh,华宝添益ETF
2023-12-14,99.999,100.004,100.006,99.998,1841116.0,511990,sh,华宝添益ETF
2023-12-15,100.005,100.009,100.011,100.0,2810322.0,511990,sh,华宝添益ETF
2023-12-18,99.999,99.996,100.0,99.994,1978722.0,511990,sh,华宝添益ETF
2023-12-19,99.992,99.997,99.999,99.991,2273523.0,511990,sh,华宝添益ETF
2023-12-20,99.997,99.999,100.003,99.994,2630257.0,511990,sh,华宝添益ETF
2023-12-21,99.998,99.987,99.998,99.983,2728761.0,511990,sh,华宝添益ETF
2023-12-22,100.0,99.998,100.011,99.994,2919406.0,511990,sh,华宝添益ETF
2023-12-25,99.993,99.988,99.994,99.985,2210982.0,511990,sh,华宝添益ETF
2023-12-26,99.984,99.987,99.99,99.981,1713002.0,511990,sh,华宝添益ETF
2023-12-27,99.976,99.981,99.985,99.974,1516380.0,511990,sh,华宝添益ETF
2023-12-28,99.978,99.971,99.983,99.938,2807243.0,511990,sh,华宝添益ETF
2023-12-29,100.005,100.008,100.013,100.005,1827961.0,511990,sh,华宝添益ETF
2024-01-02,99.996,100.002,100.006,99.994,1724924.0,511990,sh,华宝添益ETF
2024-01-03,100.0,100.001,100.003,99.998,1292759.0,511990,sh,华宝添益ETF
2024-01-04,99.999,100.009,100.011,99.998,682113.0,511990,sh,华宝添益ETF
2024-01-05,100.009,100.013,100.015,100.009,880065.0,511990,sh,华宝添益ETF
2024-01-08,100.0,100.006,100.01,99.997,1531404.0,511990,sh,华宝添益ETF
2024-01-09,100.0,100.005,100.008,99.997,1201470.0,511990,sh,华宝添益ETF
2024-01-10,100.0,100.007,100.009,100.0,1298733.0,511990,sh,华宝添益ETF
2024-01-11,100.002,99.998,100.003,99.989,1797370.0,511990,sh,华宝添益ETF
2024-01-12,100.007,100.015,100.018,100.006,1315278.0,511990,sh,华宝添益ETF
2024-01-15,100.003,100.005,100.008,100.002,1065408.0,511990,sh,华宝添益ETF
2024-01-16,100.004,100.004,100.007,100.001,1372795.0,511990,sh,华宝添益ETF
2024-01-17,100.002,100.005,100.008,100.001,1107232.0,511990,sh,华宝添益ETF
2024-01-18,100.002,100.007,100.01,99.989,1376263.0,511990,sh,华宝添益ETF
2024-01-19,100.008,100.017,100.018,100.008,1574606.0,511990,sh,华宝添益ETF
2024-01-22,100.006,100.006,100.012,100.005,1029303.0,511990,sh,华宝添益ETF
2024-01-23,100.003,99.999,100.005,99.996,1824534.0,511990,sh,华宝添益ETF
2024-01-24,99.998,100.005,100.005,99.995,1826767.0,511990,sh,华宝添益ETF
2024-01-25,99.998,99.991,99.999,99.975,1934346.0,511990,sh,华宝添益ETF
2024-01-26,100.004,100.005,100.007,99.997,2273446.0,511990,sh,华宝添益ETF
2024-01-29,99.998,100.006,100.007,99.995,1599395.0,511990,sh,华宝添益ETF
2024-01-30,100.0,100.005,100.007,99.999,1086010.0,511990,sh,华宝添益ETF
2024-01-31,100.001,100.003,100.005,100.0,1406312.0,511990,sh,华宝添益ETF
2024-02-01,100.002,100.006,100.006,99.993,2093705.0,511990,sh,华宝添益ETF
2024-02-02,100.007,100.009,100.014,100.003,1567006.0,511990,sh,华宝添益ETF
2024-02-05,100.0,100.011,100.028,100.0,1672469.0,511990,sh,华宝添益ETF
2024-02-06,100.003,100.004,100.006,99.999,1633097.0,511990,sh,华宝添益ETF
2024-02-07,99.995,100.014,100.03,99.984,1928268.0,511990,sh,华宝添益ETF
2024-02-08,100.041,100.085,100.09,100.013,3045603.0,511990,sh,华宝添益ETF
2024-02-19,100.0,100.001,100.005,99.992,2341250.0,511990,sh,华宝添益ETF
2024-02-20,99.998,100.005,100.007,99.998,1172405.0,511990,sh,华宝添益ETF
2024-02-21,100.003,99.995,100.006,99.991,2412858.0,511990,sh,华宝添益ETF
2024-02-22,99.996,99.997,100.0,99.993,1391395.0,511990,sh,华宝添益ETF
2024-02-23,100.003,100.005,100.007,100.002,1098872.0,511990,sh,华宝添益ETF
2024-02-26,99.997,99.998,100.0,99.995,1019614.0,511990,sh,华宝添益ETF
2024-02-27,99.998,99.996,99.999,99.994,1181037.0,511990,sh,华宝添益ETF
2024-02-28,99.992,99.989,99.994,99.986,1204844.0,511990,sh,华宝添益ETF
2024-02-29,99.981,99.976,99.99,99.97,2413713.0,511990,sh,华宝添益ETF
2024-03-01,100.0,100.001,100.009,99.999,2101150.0,511990,sh,华宝添益ETF
2024-03-04,99.997,99.999,100.0,99.996,1188361.0,511990,sh,华宝添益ETF
2024-03-05,99.999,100.003,100.005,99.998,874090.0,511990,sh,华宝添益ETF
2024-03-06,100.001,99.999,100.003,99.998,923261.0,511990,sh,华宝添益ETF
2024-03-07,100.0,100.004,100.005,99.997,927950.0,511990,sh,华宝添益ETF
2024-03-08,100.008,100.003,100.01,100.001,989062.0,511990,sh,华宝添益ETF
2024-03-11,99.999,99.996,100.0,99.996,1929989.0,511990,sh,华宝添益ETF
2024-03-12,99.997,99.993,99.998,99.991,1220408.0,511990,sh,华宝添益ETF
2024-03-13,99.991,99.993,99.993,99.985,1812703.0,511990,sh,华宝添益ETF
2024-03-14,99.988,99.997,99.998,99.978,2258218.0,511990,sh,华宝添益ETF
2024-03-15,100.006,100.008,100.009,100.004,1140633.0,511990,sh,华宝添益ETF
2024-03-18,99.998,99.996,100.0,99.995,1476135.0,511990,sh,华宝添益ETF
2024-03-19,99.996,99.997,100.0,99.995,950100.0,511990,sh,华宝添益ETF
2024-03-20,99.996,99.994,99.997,99.993,1036523.0,511990,sh,华宝添益ETF
2024-03-21,99.996,100.008,100.029,99.994,1393173.0,511990,sh,华宝添益ETF
2024-03-22,100.009,100.009,100.011,100.006,1353075.0,511990,sh,华宝添益ETF
2024-03-25,99.999,99.999,100.003,99.997,1130159.0,511990,sh,华宝添益ETF
2024-03-26,99.999,99.996,100.0,99.994,1338345.0,511990,sh,华宝添益ETF
2024-03-27,99.995,99.99,99.996,99.987,1195983.0,511990,sh,华宝添益ETF
2024-03-28,99.986,99.965,100.001,99.959,1641279.0,511990,sh,华宝添益ETF
2024-03-29,100.004,100.014,100.025,100.001,1759529.0,511990,sh,华宝添益ETF
2024-04-01,99.999,100.009,100.012,99.998,1593423.0,511990,sh,华宝添益ETF
2024-04-02,100.004,100.018,100.021,100.003,1038823.0,511990,sh,华宝添益ETF
2024-04-03,100.031,100.043,100.048,100.028,1045548.0,511990,sh,华宝添益ETF
2024-04-08,100.006,100.005,100.017,100.002,1593542.0,511990,sh,华宝添益ETF
2024-04-09,100.003,100.001,100.005,99.996,2201987.0,511990,sh,华宝添益ETF
2024-04-10,100.001,100.002,100.005,99.999,1609227.0,511990,sh,华宝添益ETF
2024-04-11,100.003,99.998,100.004,99.996,1380480.0,511990,sh,华宝添益ETF
2024-04-12,100.008,100.008,100.012,100.007,1141179.0,511990,sh,华宝添益ETF
2024-04-15,100.002,100.001,100.003,100.0,873981.0,511990,sh,华宝添益ETF
2024-04-16,100.002,100.002,100.003,99.998,1087104.0,511990,sh,华宝添益ETF
2024-04-17,99.999,99.997,100.001,99.994,2089001.0,511990,sh,华宝添益ETF
2024-04-18,99.996,99.997,99.999,99.996,1008337.0,511990,sh,华宝添益ETF
2024-04-19,100.008,100.007,100.01,100.006,1270015.0,511990,sh,华宝添益ETF
2024-04-22,100.0,99.999,100.001,99.997,1578527.0,511990,sh,华宝添益ETF
2024-04-23,99.999,99.999,100.0,99.997,1392337.0,511990,sh,华宝添益ETF
2024-04-24,99.998,99.997,99.999,99.996,1710512.0,511990,sh,华宝添益ETF
2024-04-25,99.997,99.999,100.001,99.995,2211199.0,511990,sh,华宝添益ETF
2024-04-26,100.007,99.994,100.008,99.989,2145250.0,511990,sh,华宝添益ETF
2024-04-29,99.99,99.993,99.996,99.982,1904721.0,511990,sh,华宝添益ETF
2024-04-30,100.015,100.018,100.026,100.014,1976340.0,511990,sh,华宝添益ETF
2024-05-06,99.997,99.999,100.002,99.996,1291289.0,511990,sh,华宝添益ETF
2024-05-07,100.0,100.002,100.002,99.999,947617.0,511990,sh,华宝添益ETF
2024-05-08,100.002,100.005,100.006,100.001,773418.0,511990,sh,华宝添益ETF
2024-05-09,100.002,99.996,100.003,99.994,1061930.0,511990,sh,华宝添益ETF
2024-05-10,100.006,100.013,100.017,100.003,1334057.0,511990,sh,华宝添益ETF
2024-05-13,100.002,99.998,100.004,99.997,853732.0,511990,sh,华宝添益ETF
2024-05-14,99.999,100.0,100.001,99.998,589943.0,511990,sh,华宝添益ETF
2024-05-15,100.0,99.999,100.002,99.997,934401.0,511990,sh,华宝添益ETF
2024-05-16,99.998,99.999,100.0,99.997,662424.0,511990,sh,华宝添益ETF
2024-05-17,100.007,100.002,100.009,100.0,859546.0,511990,sh,华宝添益ETF
2024-05-20,99.993,99.994,99.997,99.992,1184350.0,511990,sh,华宝添益ETF
2024-05-21,99.994,99.997,99.999,99.993,914721.0,511990,sh,华宝添益ETF
2024-05-22,99.997,100.0,100.003,99.997,801285.0,511990,sh,华宝添益ETF
2024-05-23,99.999,100.011,100.013,99.999,1328264.0,511990,sh,华宝添益ETF
2024-05-24,100.012,100.015,100.02,100.01,981110.0,511990,sh,华宝添益ETF
2024-05-27,100.003,100.007,100.01,100.002,929566.0,511990,sh,华宝添益ETF
2024-05-28,100.004,100.004,100.006,100.001,684555.0,511990,sh,华宝添益ETF
2024-05-29,100.003,100.002,100.005,100.001,699545.0,511990,sh,华宝添益ETF
2024-05-30,100.0,100.008,100.009,99.998,827901.0,511990,sh,华宝添益ETF
2024-05-31,100.01,100.006,100.011,100.002,685335.0,511990,sh,华宝添益ETF
2024-06-03,100.0,100.005,100.006,99.999,821699.0,511990,sh,华宝添益ETF
2024-06-04,100.003,100.001,100.008,100.0,833801.0,511990,sh,华宝添益ETF
2024-06-05,100.002,100.004,100.005,100.002,760352.0,511990,sh,华宝添益ETF
2024-06-06,100.003,100.005,100.007,100.001,1064645.0,511990,sh,华宝添益ETF
2024-06-07,100.011,100.012,100.016,100.011,1126534.0,511990,sh,华宝添益ETF
2024-06-11,100.002,100.004,100.005,100.001,886955.0,511990,sh,华宝添益ETF
2024-06-12,100.002,100.003,100.004,100.002,636314.0,511990,sh,华宝添益ETF
2024-06-13,100.002,100.003,100.004,100.0,800081.0,511990,sh,华宝添益ETF
2024-06-14,100.007,100.001,100.009,100.0,1090379.0,511990,sh,华宝添益ETF
2024-06-17,99.998,100.001,100.005,99.998,1287729.0,511990,sh,华宝添益ETF
2024-06-18,100.001,100.001,100.003,99.999,1023138.0,511990,sh,华宝添益ETF
2024-06-19,100.001,100.004,100.008,100.0,845070.0,511990,sh,华宝添益ETF
2024-06-20,100.002,100.005,100.007,100.001,769098.0,511990,sh,华宝添益ETF
2024-06-21,100.006,100.008,100.008,100.003,722573.0,511990,sh,华宝添益ETF
2024-06-24,100.001,100.006,100.009,99.999,1198112.0,511990,sh,华宝添益ETF
2024-06-25,100.001,100.0,100.007,99.996,1227375.0,511990,sh,华宝添益ETF
2024-06-26,99.999,99.997,100.005,99.996,1711554.0,511990,sh,华宝添益ETF
2024-06-27,99.996,100.005,100.012,99.991,1609645.0,511990,sh,华宝添益ETF
2024-06-28,100.008,100.009,100.01,100.003,1842487.0,511990,sh,华宝添益ETF
2024-07-01,100.002,100.009,100.01,100.001,1142297.0,511990,sh,华宝添益ETF
2024-07-02,100.003,100.006,100.008,100.002,1283983.0,511990,sh,华宝添益ETF
2024-07-03,100.007,100.005,100.008,100.003,840603.0,511990,sh,华宝添益ETF
2024-07-04,100.004,100.011,100.013,100.003,875951.0,511990,sh,华宝添益ETF
2024-07-05,100.01,100.011,100.014,100.009,1042138.0,511990,sh,华宝添益ETF
2024-07-08,100.005,100.011,100.013,100.004,1327661.0,511990,sh,华宝添益ETF
2024-07-09,100.006,100.0,100.007,99.999,1265304.0,511990,sh,华宝添益ETF
2024-07-10,100.002,100.002,100.004,99.999,1657870.0,511990,sh,华宝添益ETF
2024-07-11,100.0,100.004,100.005,99.997,2112476.0,511990,sh,华宝添益ETF
2024-07-12,100.007,100.009,100.012,100.006,847647.0,511990,sh,华宝添益ETF
2024-07-15,100.004,100.008,100.01,99.977,1369381.0,511990,sh,华宝添益ETF
2024-07-16,100.005,100.004,100.011,100.002,1218075.0,511990,sh,华宝添益ETF
2024-07-17,100.006,100.004,100.006,100.002,1267466.0,511990,sh,华宝添益ETF
2024-07-18,100.004,100.004,100.005,100.002,766851.0,511990,sh,华宝添益ETF
2024-07-19,100.008,100.007,100.01,100.005,963773.0,511990,sh,华宝添益ETF
2024-07-22,100.004,99.999,100.004,99.997,870838.0,511990,sh,华宝添益ETF
2024-07-23,100.002,100.002,100.004,100.0,1235042.0,511990,sh,华宝添益ETF
2024-07-24,100.004,100.004,100.006,100.002,682486.0,511990,sh,华宝添益ETF
2024-07-25,100.003,100.004,100.006,100.001,1298287.0,511990,sh,华宝添益ETF
2024-07-26,100.008,100.01,100.011,100.007,701444.0,511990,sh,华宝添益ETF
2024-07-29,100.003,100.0,100.005,99.999,788203.0,511990,sh,华宝添益ETF
2024-07-30,100.002,100.006,100.027,100.0,920431.0,511990,sh,华宝添益ETF
2024-07-31,100.006,99.995,100.006,99.991,2321515.0,511990,sh,华宝添益ETF
2024-08-01,99.998,100.003,100.006,99.991,1675079.0,511990,sh,华宝添益ETF
2024-08-02,100.012,100.01,100.012,100.008,696133.0,511990,sh,华宝添益ETF
2024-08-05,100.003,100.005,100.008,100.001,858685.0,511990,sh,华宝添益ETF
2024-08-06,100.003,100.003,100.007,100.0,1002697.0,511990,sh,华宝添益ETF
2024-08-07,100.003,100.005,100.006,100.002,1465183.0,511990,sh,华宝添益ETF
2024-08-08,100.004,100.006,100.01,100.003,875734.0,511990,sh,华宝添益ETF
2024-08-09,100.009,100.011,100.014,100.008,661202.0,511990,sh,华宝添益ETF
2024-08-12,100.004,100.005,100.007,100.003,679354.0,511990,sh,华宝添益ETF
2024-08-13,100.004,100.006,100.011,100.003,761557.0,511990,sh,华宝添益ETF
2024-08-14,100.004,100.004,100.006,100.003,695118.0,511990,sh,华宝添益ETF
2024-08-15,100.004,99.999,100.008,99.998,1314243.0,511990,sh,华宝添益ETF
2024-08-16,100.008,100.01,100.011,100.006,692984.0,511990,sh,华宝添益ETF
2024-08-19,100.004,99.997,100.004,99.996,1303593.0,511990,sh,华宝添益ETF
2024-08-20,99.998,99.999,100.001,99.998,1023466.0,511990,sh,华宝添益ETF
2024-08-21,99.999,100.0,100.001,99.998,499449.0,511990,sh,华宝添益ETF
2024-08-22,100.001,100.002,100.006,100.0,702231.0,511990,sh,华宝添益ETF
2024-08-23,100.009,100.005,100.01,100.004,799129.0,511990,sh,华宝添益ETF
2024-08-26,100.001,99.998,100.001,99.998,542642.0,511990,sh,华宝添益ETF
2024-08-27,100.0,99.998,100.001,99.998,560496.0,511990,sh,华宝添益ETF
2024-08-28,100.0,100.0,100.005,99.999,915273.0,511990,sh,华宝添益ETF
2024-08-29,100.0,99.993,100.002,99.992,644016.0,511990,sh,华宝添益ETF
2024-08-30,100.005,99.993,100.006,99.988,1608185.0,511990,sh,华宝添益ETF
2024-09-02,99.993,100.003,100.005,99.993,1717780.0,511990,sh,华宝添益ETF
2024-09-03,100.001,99.996,100.002,99.995,1139247.0,511990,sh,华宝添益ETF
2024-09-04,99.997,99.998,99.999,99.996,591521.0,511990,sh,华宝添益ETF
2024-09-05,100.0,99.999,100.005,99.999,1194431.0,511990,sh,华宝添益ETF
2024-09-06,100.007,100.013,100.014,100.005,958772.0,511990,sh,华宝添益ETF
2024-09-09,100.005,100.001,100.005,99.999,1047565.0,511990,sh,华宝添益ETF
2024-09-10,100.001,99.997,100.002,99.995,1249701.0,511990,sh,华宝添益ETF
2024-09-11,99.998,99.998,100.001,99.997,909522.0,511990,sh,华宝添益ETF
2024-09-12,99.999,99.995,100.0,99.993,1204227.0,511990,sh,华宝添益ETF
2024-09-13,100.012,100.017,100.018,100.01,990389.0,511990,sh,华宝添益ETF
2024-09-18,99.999,99.996,100.001,99.99,1072878.0,511990,sh,华宝添益ETF
2024-09-19,99.995,99.991,99.998,99.98,970923.0,511990,sh,华宝添益ETF
2024-09-20,100.004,100.006,100.007,100.002,1066168.0,511990,sh,华宝添益ETF
2024-09-23,100.0,99.996,100.001,99.995,953571.0,511990,sh,华宝添益ETF
2024-09-24,99.996,99.977,99.997,99.975,1952940.0,511990,sh,华宝添益ETF
2024-09-25,99.97,99.98,99.99,99.95,2198254.0,511990,sh,华宝添益ETF
2024-09-26,99.982,99.938,99.987,99.924,1990677.0,511990,sh,华宝添益ETF
2024-09-27,99.926,99.967,99.974,99.903,1030916.0,511990,sh,华宝添益ETF
2024-09-30,99.92,99.97,99.993,99.72,2713597.0,511990,sh,华宝添益ETF
2024-10-08,99.723,99.983,99.99,99.722,2467555.0,511990,sh,华宝添益ETF
2024-10-09,99.99,100.006,100.028,99.986,1926250.0,511990,sh,华宝添益ETF
2024-10-10,99.994,100.109,100.19,99.994,2151828.0,511990,sh,华宝添益ETF
2024-10-11,100.111,100.081,100.111,100.017,792291.0,511990,sh,华宝添益ETF
2024-10-14,100.012,100.044,100.055,100.008,1020848.0,511990,sh,华宝添益ETF
2024-10-15,100.005,100.025,100.04,100.005,1789256.0,511990,sh,华宝添益ETF
2024-10-16,100.014,100.002,100.014,100.001,1384934.0,511990,sh,华宝添益ETF
2024-10-17,99.996,100.004,100.007,99.996,802381.0,511990,sh,华宝添益ETF
2024-10-18,100.005,99.992,100.009,99.955,1590284.0,511990,sh,华宝添益ETF
2024-10-21,99.967,100.007,100.009,99.967,1153582.0,511990,sh,华宝添益ETF
2024-10-22,100.001,99.998,100.003,99.994,1072841.0,511990,sh,华宝添益ETF
2024-10-23,99.998,99.998,99.999,99.991,946785.0,511990,sh,华宝添益ETF
2024-10-24,100.0,100.006,100.008,99.998,1322602.0,511990,sh,华宝添益ETF
2024-10-25,100.008,100.006,100.011,100.003,1044262.0,511990,sh,华宝添益ETF
2024-10-28,99.998,99.999,100.001,99.997,969961.0,511990,sh,华宝添益ETF
2024-10-29,99.996,100.0,100.0,99.994,936561.0,511990,sh,华宝添益ETF
2024-10-30,100.0,100.004,100.02,99.995,612528.0,511990,sh,华宝添益ETF
2024-10-31,100.006,100.005,100.008,99.998,1049247.0,511990,sh,华宝添益ETF
2024-11-01,100.01,100.015,100.018,100.006,924843.0,511990,sh,华宝添益ETF
2024-11-04,100.003,100.009,100.014,100.0,802147.0,511990,sh,华宝添益ETF
2024-11-05,100.006,99.998,100.007,99.995,1298614.0,511990,sh,华宝添益ETF
2024-11-06,99.998,100.004,100.008,99.997,1135794.0,511990,sh,华宝添益ETF
2024-11-07,100.002,99.992,100.004,99.986,1062893.0,511990,sh,华宝添益ETF
2024-11-08,99.99,100.01,100.014,99.984,1460998.0,511990,sh,华宝添益ETF
2024-11-11,100.0,100.009,100.01,99.999,525995.0,511990,sh,华宝添益ETF
2024-11-12,100.002,100.006,100.009,100.002,774508.0,511990,sh,华宝添益ETF
2024-11-13,100.005,100.001,100.006,99.999,987264.0,511990,sh,华宝添益ETF
2024-11-14,100.003,100.005,100.006,100.002,607193.0,511990,sh,华宝添益ETF
2024-11-15,100.007,100.005,100.01,100.003,931426.0,511990,sh,华宝添益ETF
2024-11-18,99.998,100.002,100.002,99.998,890973.0,511990,sh,华宝添益ETF
2024-11-19,99.998,100.0,100.001,99.995,621623.0,511990,sh,华宝添益ETF
2024-11-20,100.001,100.005,100.01,100.001,766412.0,511990,sh,华宝添益ETF
2024-11-21,100.003,100.009,100.011,100.003,579653.0,511990,sh,华宝添益ETF
2024-11-22,100.01,100.018,100.02,100.01,1093321.0,511990,sh,华宝添益ETF
2024-11-25,100.004,100.003,100.005,99.997,1903952.0,511990,sh,华宝添益ETF
2024-11-26,100.0,100.002,100.004,99.998,989652.0,511990,sh,华宝添益ETF
2024-11-27,100.002,99.999,100.004,99.997,722031.0,511990,sh,华宝添益ETF
2024-11-28,100.002,100.007,100.008,100.001,1152946.0,511990,sh,华宝添益ETF
2024-11-29,100.009,100.0,100.011,99.997,2078657.0,511990,sh,华宝添益ETF
2024-12-02,99.999,100.003,100.004,99.998,1308933.0,511990,sh,华宝添益ETF
2024-12-03,100.003,100.001,100.005,99.999,855137.0,511990,sh,华宝添益ETF
2024-12-04,100.002,100.005,100.006,100.002,639016.0,511990,sh,华宝添益ETF
2024-12-05,100.004,100.006,100.006,100.002,463746.0,511990,sh,华宝添益ETF
2024-12-06,100.008,100.006,100.014,100.001,873852.0,511990,sh,华宝添益ETF
2024-12-09,100.0,100.003,100.005,100.0,743714.0,511990,sh,华宝添益ETF
2024-12-10,99.992,99.998,100.0,99.97,2370912.0,511990,sh,华宝添益ETF
2024-12-11,99.996,99.996,99.998,99.994,846963.0,511990,sh,华宝添益ETF
2024-12-12,100.0,100.001,100.004,99.999,1322742.0,511990,sh,华宝添益ETF
2024-12-13,100.01,100.014,100.016,100.006,944506.0,511990,sh,华宝添益ETF
2024-12-16,100.002,100.01,100.019,100.002,843875.0,511990,sh,华宝添益ETF
2024-12-17,100.006,100.004,100.008,100.0,893996.0,511990,sh,华宝添益ETF
2024-12-18,100.004,100.001,100.004,99.997,1104776.0,511990,sh,华宝添益ETF
2024-12-19,100.004,99.997,100.005,99.996,1314093.0,511990,sh,华宝添益ETF
2024-12-20,100.006,100.009,100.01,100.005,1027548.0,511990,sh,华宝添益ETF
2024-12-23,100.001,100.0,100.005,99.999,954090.0,511990,sh,华宝添益ETF
2024-12-24,100.0,99.999,100.002,99.989,2147787.0,511990,sh,华宝添益ETF
2024-12-25,99.996,99.995,99.999,99.992,594681.0,511990,sh,华宝添益ETF
2024-12-26,100.0,99.994,100.001,99.992,980703.0,511990,sh,华宝添益ETF
2024-12-27,100.002,100.004,100.006,99.999,1535679.0,511990,sh,华宝添益ETF
2024-12-30,99.997,99.995,100.0,99.993,1385220.0,511990,sh,华宝添益ETF
2024-12-31,100.003,100.008,100.009,99.999,1467867.0,511990,sh,华宝添益ETF
2025-01-02,100.0,100.009,100.016,99.991,2207925.0,511990,sh,华宝添益ETF
2025-01-03,100.007,100.011,100.013,100.006,623752.0,511990,sh,华宝添益ETF
2025-01-06,100.002,100.0,100.003,99.997,1348597.0,511990,sh,华宝添益ETF
2025-01-07,99.999,100.004,100.005,99.998,1023875.0,511990,sh,华宝添益ETF
2025-01-08,100.001,100.008,100.02,99.999,1163388.0,511990,sh,华宝添益ETF
2025-01-09,100.004,100.005,100.007,100.002,891448.0,511990,sh,华宝添益ETF
2025-01-10,100.009,100.009,100.011,100.008,710224.0,511990,sh,华宝添益ETF
2025-01-13,100.003,99.996,100.003,99.993,1109039.0,511990,sh,华宝添益ETF
2025-01-14,99.997,99.989,99.998,99.984,1517580.0,511990,sh,华宝添益ETF
2025-01-15,99.993,100.005,100.006,99.99,1083217.0,511990,sh,华宝添益ETF
2025-01-16,99.998,100.002,100.005,99.988,991719.0,511990,sh,华宝添益ETF
2025-01-17,100.0,99.999,100.003,99.998,644516.0,511990,sh,华宝添益ETF
2025-01-20,99.99,99.982,99.992,99.976,1186445.0,511990,sh,华宝添益ETF
2025-01-21,99.991,99.998,99.998,99.99,1288032.0,511990,sh,华宝添益ETF
2025-01-22,99.998,99.998,100.002,99.996,1031604.0,511990,sh,华宝添益ETF
2025-01-23,99.997,99.996,99.998,99.987,1231472.0,511990,sh,华宝添益ETF
2025-01-24,99.997,99.994,99.999,99.941,2560964.0,511990,sh,华宝添益ETF
2025-01-27,100.04,100.045,100.064,100.034,1592340.0,511990,sh,华宝添益ETF
2025-02-05,99.999,100.009,100.01,99.996,1416721.0,511990,sh,华宝添益ETF
2025-02-06,100.002,99.998,100.005,99.994,1489837.0,511990,sh,华宝添益ETF
2025-02-07,100.006,100.002,100.007,100.0,1129902.0,511990,sh,华宝添益ETF
2025-02-10,99.997,99.999,99.999,99.995,909128.0,511990,sh,华宝添益ETF
2025-02-11,99.997,100.002,100.003,99.997,709811.0,511990,sh,华宝添益ETF
2025-02-12,100.0,99.994,100.003,99.989,872150.0,511990,sh,华宝添益ETF
2025-02-13,99.998,100.001,100.002,99.998,991306.0,511990,sh,华宝添益ETF
2025-02-14,100.006,100.006,100.012,100.005,1162401.0,511990,sh,华宝添益ETF
2025-02-17,99.998,100.008,100.009,99.998,1281699.0,511990,sh,华宝添益ETF
2025-02-18,100.002,100.0,100.004,99.999,1187198.0,511990,sh,华宝添益ETF
2025-02-19,100.0,99.997,100.001,99.994,1961101.0,511990,sh,华宝添益ETF
2025-02-20,99.997,99.998,100.002,99.995,1023604.0,511990,sh,华宝添益ETF
2025-02-21,100.005,99.995,100.006,99.99,1345404.0,511990,sh,华宝添益ETF
2025-02-24,99.995,100.001,100.002,99.995,1441065.0,511990,sh,华宝添益ETF
2025-02-25,100.0,100.004,100.006,99.999,886687.0,511990,sh,华宝添益ETF
2025-02-26,100.001,99.997,100.002,99.995,905285.0,511990,sh,华宝添益ETF
2025-02-27,99.997,100.002,100.003,99.996,634193.0,511990,sh,华宝添益ETF
2025-02-28,100.005,100.007,100.009,100.001,720936.0,511990,sh,华宝添益ETF
2025-03-03,100.0,100.005,100.007,99.999,1025182.0,511990,sh,华宝添益ETF
2025-03-04,100.002,100.009,100.016,100.001,687819.0,511990,sh,华宝添益ETF
2025-03-05,100.002,100.012,100.015,100.001,740688.0,511990,sh,华宝添益ETF
2025-03-06,100.003,100.002,100.005,99.998,1087595.0,511990,sh,华宝添益ETF
2025-03-07,100.007,100.009,100.015,100.003,859566.0,511990,sh,华宝添益ETF
2025-03-10,100.002,100.005,100.006,99.999,776489.0,511990,sh,华宝添益ETF
2025-03-11,100.003,100.002,100.005,100.0,949016.0,511990,sh,华宝添益ETF
2025-03-12,100.001,100.004,100.005,100.0,626954.0,511990,sh,华宝添益ETF
2025-03-13,100.003,100.01,100.015,100.001,702221.0,511990,sh,华宝添益ETF
2025-03-14,100.008,99.997,100.011,99.996,2018996.0,511990,sh,华宝添益ETF
2025-03-17,99.995,100.001,100.002,99.99,1155870.0,511990,sh,华宝添益ETF
2025-03-18,99.996,99.986,99.997,99.982,1078110.0,511990,sh,华宝添益ETF
2025-03-19,99.988,99.993,99.994,99.988,454962.0,511990,sh,华宝添益ETF
2025-03-20,100.0,100.003,100.005,99.997,1369923.0,511990,sh,华宝添益ETF
2025-03-21,100.007,100.008,100.015,100.005,1266051.0,511990,sh,华宝添益ETF
2025-03-24,100.001,100.001,100.005,99.998,915871.0,511990,sh,华宝添益ETF
2025-03-25,100.002,100.004,100.008,99.999,1151464.0,511990,sh,华宝添益ETF
2025-03-26,100.002,100.003,100.007,100.001,1183415.0,511990,sh,华宝添益ETF
2025-03-27,100.003,100.002,100.004,99.996,1056902.0,511990,sh,华宝添益ETF
2025-03-28,100.005,100.008,100.009,100.003,817947.0,511990,sh,华宝添益ETF
2025-03-31,100.001,100.005,100.008,99.995,946640.0,511990,sh,华宝添益ETF
2025-04-01,100.002,100.004,100.006,100.0,879872.0,511990,sh,华宝添益ETF
2025-04-02,100.003,100.01,100.01,100.001,812557.0,511990,sh,华宝添益ETF
2025-04-03,100.011,100.016,100.019,100.009,918851.0,511990,sh,华宝添益ETF
2025-04-07,100.0,100.004,109.002,99.995,1233537.0,511990,sh,华宝添益ETF
2025-04-08,99.998,100.01,101.78,99.997,880884.0,511990,sh,华宝添益ETF
2025-04-09,100.003,100.003,100.04,100.001,993779.0,511990,sh,华宝添益ETF
2025-04-10,100.0,100.01,100.038,99.0,951579.0,511990,sh,华宝添益ETF
2025-04-11,100.008,100.011,100.025,100.005,1140521.0,511990,sh,华宝添益ETF
2025-04-14,100.003,100.009,100.017,100.001,899700.0,511990,sh,华宝添益ETF
2025-04-15,100.005,100.006,100.01,100.004,942891.0,511990,sh,华宝添益ETF
2025-04-16,100.006,100.012,100.014,100.005,806106.0,511990,sh,华宝添益ETF
2025-04-17,100.007,100.003,100.008,100.001,968191.0,511990,sh,华宝添益ETF
2025-04-18,100.008,100.012,100.014,100.007,1063431.0,511990,sh,华宝添益ETF
2025-04-21,100.004,100.002,100.006,100.0,844636.0,511990,sh,华宝添益ETF
2025-04-22,100.002,100.003,100.005,100.001,776741.0,511990,sh,华宝添益ETF
2025-04-23,100.001,99.998,100.003,99.995,1179867.0,511990,sh,华宝添益ETF
2025-04-24,100.0,100.001,100.002,99.998,865880.0,511990,sh,华宝添益ETF
2025-04-25,100.006,100.002,100.007,100.0,1258422.0,511990,sh,华宝添益ETF
2025-04-28,99.993,99.995,99.996,99.991,1196642.0,511990,sh,华宝添益ETF
2025-04-29,99.993,99.996,99.997,99.993,696444.0,511990,sh,华宝添益ETF
2025-04-30,100.018,100.014,100.018,100.013,1223246.0,511990,sh,华宝添益ETF
2025-05-06,100.0,99.998,100.001,99.997,937520.0,511990,sh,华宝添益ETF
2025-05-07,99.996,99.999,99.999,99.994,778589.0,511990,sh,华宝添益ETF
2025-05-08,99.999,99.998,100.0,99.997,683991.0,511990,sh,华宝添益ETF
2025-05-09,100.006,100.005,100.007,100.004,1068445.0,511990,sh,华宝添益ETF
2025-05-12,99.998,99.999,99.999,99.997,746775.0,511990,sh,华宝添益ETF
2025-05-13,99.997,100.0,100.001,99.996,682997.0,511990,sh,华宝添益ETF
2025-05-14,99.999,99.998,100.001,99.997,838332.0,511990,sh,华宝添益ETF
2025-05-15,99.998,99.999,100.0,99.998,649753.0,511990,sh,华宝添益ETF
2025-05-16,100.006,100.003,100.006,100.002,703045.0,511990,sh,华宝添益ETF
2025-05-19,99.999,100.0,100.001,99.998,769713.0,511990,sh,华宝添益ETF
2025-05-20,100.0,100.0,100.002,99.999,519866.0,511990,sh,华宝添益ETF
2025-05-21,100.0,100.001,100.002,99.999,595621.0,511990,sh,华宝添益ETF
2025-05-22,100.001,100.004,100.004,100.001,747099.0,511990,sh,华宝添益ETF
2025-05-23,100.006,100.011,100.013,100.005,597713.0,511990,sh,华宝添益ETF
2025-05-26,100.0,99.999,100.002,99.996,687743.0,511990,sh,华宝添益ETF
2025-05-27,99.997,99.999,100.0,99.995,631740.0,511990,sh,华宝添益ETF
2025-05-28,99.995,100.003,100.004,99.994,419836.0,511990,sh,华宝添益ETF
2025-05-29,100.002,99.999,100.002,99.993,1629422.0,511990,sh,华宝添益ETF
2025-05-30,100.007,100.013,100.014,100.006,1289143.0,511990,sh,华宝添益ETF
2025-06-03,100.001,100.0,100.002,99.999,874637.0,511990,sh,华宝添益ETF
2025-06-04,100.0,100.0,100.001,99.998,556191.0,511990,sh,华宝添益ETF
2025-06-05,100.0,100.0,100.001,99.998,702700.0,511990,sh,华宝添益ETF
2025-06-06,100.006,100.007,100.008,100.005,633860.0,511990,sh,华宝添益ETF
2025-06-09,100.0,99.999,100.0,99.998,574282.0,511990,sh,华宝添益ETF
2025-06-10,99.999,100.001,100.002,99.998,491729.0,511990,sh,华宝添益ETF
2025-06-11,99.999,99.999,100.0,99.996,704838.0,511990,sh,华宝添益ETF
2025-06-12,99.998,100.001,100.002,99.997,512477.0,511990,sh,华宝添益ETF
2025-06-13,100.006,100.008,100.01,100.005,1192528.0,511990,sh,华宝添益ETF
2025-06-16,99.999,100.0,100.002,99.998,976188.0,511990,sh,华宝添益ETF
2025-06-17,99.997,100.004,100.01,99.997,635020.0,511990,sh,华宝添益ETF
2025-06-18,99.998,100.006,100.009,99.998,501391.0,511990,sh,华宝添益ETF
2025-06-19,100.006,100.011,100.013,100.003,720273.0,511990,sh,华宝添益ETF
2025-06-20,100.007,100.008,100.012,100.007,656724.0,511990,sh,华宝添益ETF
2025-06-23,100.001,99.999,100.002,99.996,1010425.0,511990,sh,华宝添益ETF
2025-06-24,99.998,99.995,100.0,99.989,1145251.0,511990,sh,华宝添益ETF
2025-06-25,99.993,99.991,99.996,99.989,970081.0,511990,sh,华宝添益ETF
2025-06-26,99.991,100.0,100.001,99.991,1174943.0,511990,sh,华宝添益ETF
2025-06-27,100.002,100.003,100.006,100.001,1465261.0,511990,sh,华宝添益ETF
2025-06-30,99.998,100.006,100.01,99.997,1230385.0,511990,sh,华宝添益ETF
2025-07-01,100.001,100.0,100.004,99.999,1424961.0,511990,sh,华宝添益ETF
2025-07-02,100.001,100.002,100.004,100.0,772449.0,511990,sh,华宝添益ETF
2025-07-03,100.001,100.003,100.005,100.001,680248.0,511990,sh,华宝添益ETF
2025-07-04,100.008,100.008,100.009,100.006,1067413.0,511990,sh,华宝添益ETF
2025-07-07,100.001,100.005,100.006,100.001,840467.0,511990,sh,华宝添益ETF
2025-07-08,100.001,99.997,100.003,99.995,884031.0,511990,sh,华宝添益ETF
2025-07-09,99.996,99.997,100.0,99.996,527196.0,511990,sh,华宝添益ETF
2025-07-10,100.0,100.003,100.004,99.999,962731.0,511990,sh,华宝添益ETF
2025-07-11,100.007,99.999,100.008,99.998,1125297.0,511990,sh,华宝添益ETF
2025-07-14,99.997,99.997,99.997,99.994,813719.0,511990,sh,华宝添益ETF
2025-07-15,99.996,100.003,100.004,99.996,656748.0,511990,sh,华宝添益ETF
2025-07-16,100.0,100.002,100.003,99.999,536945.0,511990,sh,华宝添益ETF
2025-07-17,100.001,100.001,100.003,99.999,1195505.0,511990,sh,华宝添益ETF
2025-07-18,100.006,100.003,100.007,100.001,1516067.0,511990,sh,华宝添益ETF
2025-07-21,99.997,99.997,99.998,99.995,1311223.0,511990,sh,华宝添益ETF
2025-07-22,99.995,99.993,99.997,99.991,955671.0,511990,sh,华宝添益ETF
2025-07-23,99.988,99.995,99.995,99.988,758125.0,511990,sh,华宝添益ETF
2025-07-24,100.0,99.996,100.001,99.994,1382218.0,511990,sh,华宝添益ETF
2025-07-25,100.001,100.004,100.006,100.001,1680816.0,511990,sh,华宝添益ETF
2025-07-28,99.997,100.0,100.001,99.996,1416864.0,511990,sh,华宝添益ETF
2025-07-29,99.998,99.997,99.999,99.994,839427.0,511990,sh,华宝添益ETF
2025-07-30,99.995,100.0,100.002,99.995,949531.0,511990,sh,华宝添益ETF
2025-07-31,100.0,100.013,100.016,99.999,1247573.0,511990,sh,华宝添益ETF
2025-08-01,100.006,100.011,100.013,100.006,1218704.0,511990,sh,华宝添益ETF
2025-08-04,100.001,99.997,100.002,99.995,950129.0,511990,sh,华宝添益ETF
2025-08-05,99.996,99.999,100.0,99.995,1234084.0,511990,sh,华宝添益ETF
2025-08-06,99.996,99.997,99.999,99.994,973928.0,511990,sh,华宝添益ETF
2025-08-07,100.001,100.007,100.009,100.0,1797969.0,511990,sh,华宝添益ETF
2025-08-08,100.006,100.006,100.008,100.004,1233075.0,511990,sh,华宝添益ETF
2025-08-11,99.996,99.991,99.998,99.989,1288745.0,511990,sh,华宝添益ETF
2025-08-12,99.99,99.996,99.996,99.99,916217.0,511990,sh,华宝添益ETF
2025-08-13,99.996,99.994,99.998,99.992,974723.0,511990,sh,华宝添益ETF
2025-08-14,99.991,99.995,99.996,99.986,1375739.0,511990,sh,华宝添益ETF
2025-08-15,100.006,99.996,100.006,99.995,1854567.0,511990,sh,华宝添益ETF
2025-08-18,99.991,99.989,99.995,99.981,1601493.0,511990,sh,华宝添益ETF
2025-08-19,99.988,99.991,99.993,99.982,1353276.0,511990,sh,华宝添益ETF
2025-08-20,99.987,99.996,99.998,99.986,1544623.0,511990,sh,华宝添益ETF
2025-08-21,99.998,100.007,100.008,99.997,1980559.0,511990,sh,华宝添益ETF
2025-08-22,100.005,99.999,100.008,99.997,1474679.0,511990,sh,华宝添益ETF
2025-08-25,99.994,99.998,99.998,99.989,2174054.0,511990,sh,华宝添益ETF
2025-08-26,99.994,99.999,100.001,99.993,834242.0,511990,sh,华宝添益ETF
2025-08-27,99.994,100.003,100.005,99.994,958456.0,511990,sh,华宝添益ETF
2025-08-28,100.001,100.008,100.01,100.001,1224358.0,511990,sh,华宝添益ETF
2025-08-29,100.006,100.034,100.044,100.005,1101584.0,511990,sh,华宝添益ETF
2025-09-01,100.004,100.018,100.034,100.003,1209015.0,511990,sh,华宝添益ETF
2025-09-02,100.008,100.017,100.019,100.006,1475676.0,511990,sh,华宝添益ETF
2025-09-03,100.007,100.018,100.022,100.007,1007375.0,511990,sh,华宝添益ETF
2025-09-04,100.016,100.008,100.016,100.004,1040257.0,511990,sh,华宝添益ETF
2025-09-05,100.007,100.0,100.011,99.993,1229042.0,511990,sh,华宝添益ETF
2025-09-08,99.995,100.002,100.003,99.995,1351578.0,511990,sh,华宝添益ETF
2025-09-09,99.997,100.0,100.001,99.995,1142453.0,511990,sh,华宝添益ETF
2025-09-10,99.995,100.004,100.005,99.995,854793.0,511990,sh,华宝添益ETF
2025-09-11,100.002,99.998,100.006,99.996,1079428.0,511990,sh,华宝添益ETF
2025-09-12,100.003,100.002,100.005,100.001,1535226.0,511990,sh,华宝添益ETF
2025-09-15,99.996,100.002,100.004,99.995,1395701.0,511990,sh,华宝添益ETF
2025-09-16,99.997,99.995,99.997,99.993,1103853.0,511990,sh,华宝添益ETF
2025-09-17,99.992,99.996,99.997,99.987,1223147.0,511990,sh,华宝添益ETF
2025-09-18,100.001,100.003,100.004,99.998,1873384.0,511990,sh,华宝添益ETF
2025-09-19,100.004,100.006,100.008,100.002,1347458.0,511990,sh,华宝添益ETF
2025-09-22,99.996,99.999,100.0,99.994,1190241.0,511990,sh,华宝添益ETF
2025-09-23,99.995,100.004,100.005,99.994,1140395.0,511990,sh,华宝添益ETF
2025-09-24,99.999,99.995,100.0,99.99,1209525.0,511990,sh,华宝添益ETF
2025-09-25,99.993,99.989,99.995,99.88,823480.0,511990,sh,华宝添益ETF
2025-09-26,100.004,100.004,100.006,100.001,1445049.0,511990,sh,华宝添益ETF
2025-09-29,99.998,99.999,100.003,99.988,1627559.0,511990,sh,华宝添益ETF
2025-09-30,100.024,100.042,100.045,100.023,1900324.0,511990,sh,华宝添益ETF
2025-10-09,99.999,99.995,99.999,99.991,2458812.0,511990,sh,华宝添益ETF
2025-10-10,100.003,100.014,100.016,100.002,1814746.0,511990,sh,华宝添益ETF
2025-10-13,99.998,100.003,100.005,99.996,1615858.0,511990,sh,华宝添益ETF
2025-10-14,99.999,100.004,100.005,99.996,1498956.0,511990,sh,华宝添益ETF
2025-10-15,99.996,99.998,99.999,99.995,1318802.0,511990,sh,华宝添益ETF
2025-10-16,99.994,100.004,100.005,99.994,1482775.0,511990,sh,华宝添益ETF
2025-10-17,100.007,100.014,100.019,100.007,1698882.0,511990,sh,华宝添益ETF
2025-10-20,100.003,100.003,100.007,99.999,3106464.0,511990,sh,华宝添益ETF
2025-10-21,100.001,100.003,100.005,99.988,2172033.0,511990,sh,华宝添益ETF
2025-10-22,99.996,100.004,100.005,99.996,1409505.0,511990,sh,华宝添益ETF
2025-10-23,100.0,99.998,100.005,99.997,1471276.0,511990,sh,华宝添益ETF
2025-10-24,100.007,100.005,100.009,100.003,1664446.0,511990,sh,华宝添益ETF
2025-10-27,99.998,99.996,99.999,99.994,1976839.0,511990,sh,华宝添益ETF
2025-10-28,99.995,99.995,99.996,99.991,1421418.0,511990,sh,华宝添益ETF
2025-10-29,99.994,99.993,99.995,99.991,1116465.0,511990,sh,华宝添益ETF
2025-10-30,99.998,100.008,100.009,99.996,1977254.0,511990,sh,华宝添益ETF
2025-10-31,100.006,99.999,100.007,99.998,2146348.0,511990,sh,华宝添益ETF
2025-11-03,99.993,99.997,99.998,99.992,1649672.0,511990,sh,华宝添益ETF
2025-11-04,99.993,100.007,100.008,99.993,1586216.0,511990,sh,华宝添益ETF
2025-11-05,100.001,100.004,100.006,99.999,1294942.0,511990,sh,华宝添益ETF
2025-11-06,100.0,100.004,100.005,99.998,850135.0,511990,sh,华宝添益ETF
2025-11-07,100.006,100.006,100.009,100.004,1252532.0,511990,sh,华宝添益ETF
2025-11-10,99.996,99.998,100.0,99.996,1228778.0,511990,sh,华宝添益ETF
2025-11-11,99.994,99.997,99.998,99.994,1426218.0,511990,sh,华宝添益ETF
2025-11-12,99.995,99.997,99.998,99.994,910296.0,511990,sh,华宝添益ETF
2025-11-13,100.001,100.0,100.003,99.998,1581536.0,511990,sh,华宝添益ETF
2025-11-14,100.006,100.005,100.007,100.003,1181709.0,511990,sh,华宝添益ETF
2025-11-17,99.998,100.0,100.0,99.997,740524.0,511990,sh,华宝添益ETF
2025-11-18,99.995,99.998,100.002,99.995,910289.0,511990,sh,华宝添益ETF
2025-11-19,99.997,99.999,100.0,99.997,662984.0,511990,sh,华宝添益ETF
2025-11-20,100.001,100.002,100.004,100.001,975943.0,511990,sh,华宝添益ETF
2025-11-21,100.006,100.001,100.007,100.0,1302627.0,511990,sh,华宝添益ETF
2025-11-24,99.999,99.998,100.002,99.996,1088284.0,511990,sh,华宝添益ETF
2025-11-25,99.998,100.004,100.005,99.997,922062.0,511990,sh,华宝添益ETF
2025-11-26,100.001,100.003,100.004,99.999,886100.0,511990,sh,华宝添益ETF
2025-11-27,100.001,99.999,100.002,99.998,702570.0,511990,sh,华宝添益ETF
2025-11-28,100.005,100.002,100.005,99.999,1187299.0,511990,sh,华宝添益ETF
2025-12-01,99.998,99.999,100.0,99.997,912077.0,511990,sh,华宝添益ETF
2025-12-02,99.999,100.001,100.002,99.998,743498.0,511990,sh,华宝添益ETF
2025-12-03,100.0,99.998,100.001,99.998,571163.0,511990,sh,华宝添益ETF
2025-12-04,100.0,99.998,100.0,99.997,689058.0,511990,sh,华宝添益ETF
2025-12-05,100.004,100.0,100.004,99.996,1201160.0,511990,sh,华宝添益ETF
2025-12-08,99.997,99.997,99.998,99.996,893279.0,511990,sh,华宝添益ETF
2025-12-09,99.998,100.0,100.0,99.997,822685.0,511990,sh,华宝添益ETF
2025-12-10,99.999,100.004,100.005,99.998,830226.0,511990,sh,华宝添益ETF
2025-12-11,100.001,100.004,100.006,99.999,928942.0,511990,sh,华宝添益ETF
2025-12-12,100.005,99.999,100.006,99.997,997480.0,511990,sh,华宝添益ETF
2025-12-15,99.997,99.997,99.997,99.993,964475.0,511990,sh,华宝添益ETF
2025-12-16,99.994,100.0,100.002,99.993,1239625.0,511990,sh,华宝添益ETF
2025-12-17,99.996,99.994,99.999,99.987,937053.0,511990,sh,华宝添益ETF
2025-12-18,99.998,100.0,100.0,99.996,1000113.0,511990,sh,华宝添益ETF
2025-12-19,100.003,99.999,100.003,99.996,1431296.0,511990,sh,华宝添益ETF
2025-12-22,99.992,99.994,99.995,99.99,877291.0,511990,sh,华宝添益ETF
2025-12-23,99.992,99.995,99.998,99.99,1061241.0,511990,sh,华宝添益ETF
2025-12-24,99.993,99.998,99.999,99.992,879670.0,511990,sh,华宝添益ETF
2025-12-25,99.999,99.994,100.0,99.993,1127028.0,511990,sh,华宝添益ETF
2025-12-26,100.001,99.999,100.002,99.997,1234617.0,511990,sh,华宝添益ETF
2025-12-29,99.993,99.997,99.999,99.991,1155075.0,511990,sh,华宝添益ETF
2025-12-30,99.995,100.002,100.007,99.984,1562693.0,511990,sh,华宝添益ETF
2025-12-31,100.01,100.022,100.023,100.009,1276416.0,511990,sh,华宝添益ETF
2026-01-05,99.998,99.994,99.998,99.992,2094681.0,511990,sh,华宝添益ETF
2026-01-06,99.991,99.987,99.995,99.978,2036723.0,511990,sh,华宝添益ETF
2026-01-07,99.985,99.998,99.999,99.981,1325826.0,511990,sh,华宝添益ETF
2026-01-08,99.999,99.999,100.005,99.996,1286624.0,511990,sh,华宝添益ETF
2026-01-09,100.0,99.997,100.003,99.995,1687616.0,511990,sh,华宝添益ETF
2026-01-12,99.986,99.991,99.992,99.986,1107652.0,511990,sh,华宝添益ETF
2026-01-13,99.988,99.996,99.998,99.988,1237725.0,511990,sh,华宝添益ETF
2026-01-14,99.995,99.997,99.998,99.985,2473884.0,511990,sh,华宝添益ETF
2026-01-15,99.996,100.002,100.005,99.994,1295741.0,511990,sh,华宝添益ETF
2026-01-16,100.001,100.009,100.01,100.001,1746473.0,511990,sh,华宝添益ETF
2026-01-19,99.998,100.0,100.001,99.994,1348448.0,511990,sh,华宝添益ETF
2026-01-20,99.996,100.003,100.005,99.995,1140956.0,511990,sh,华宝添益ETF
2026-01-21,99.997,99.994,100.001,99.991,1489491.0,511990,sh,华宝添益ETF
2026-01-22,99.993,99.995,99.998,99.991,888354.0,511990,sh,华宝添益ETF
2026-01-23,100.004,100.002,100.007,100.001,1580892.0,511990,sh,华宝添益ETF
2026-01-26,99.998,100.003,100.004,99.996,1279072.0,511990,sh,华宝添益ETF
2026-01-27,100.0,99.999,100.003,99.998,1036972.0,511990,sh,华宝添益ETF
2026-01-28,99.999,99.999,100.0,99.997,960875.0,511990,sh,华宝添益ETF
2026-01-29,99.999,99.992,99.999,99.99,1541433.0,511990,sh,华宝添益ETF
2026-01-30,99.999,100.001,100.003,99.996,1706952.0,511990,sh,华宝添益ETF
2026-02-02,99.993,100.004,100.006,99.985,2135078.0,511990,sh,华宝添益ETF
2026-02-03,99.995,99.996,99.998,99.991,1531382.0,511990,sh,华宝添益ETF
2026-02-04,99.995,100.004,100.005,99.994,1209711.0,511990,sh,华宝添益ETF
2026-02-05,99.998,100.004,100.005,99.998,792548.0,511990,sh,华宝添益ETF
2026-02-06,100.006,100.005,100.008,100.002,1257831.0,511990,sh,华宝添益ETF
2026-02-09,99.995,99.995,99.998,99.993,1449647.0,511990,sh,华宝添益ETF
2026-02-10,99.994,100.0,100.002,99.992,1057219.0,511990,sh,华宝添益ETF
2026-02-11,99.995,100.001,100.005,99.995,964137.0,511990,sh,华宝添益ETF
2026-02-12,99.998,100.019,100.031,99.998,708856.0,511990,sh,华宝添益ETF
2026-02-13,100.036,100.045,100.052,100.036,852887.0,511990,sh,华宝添益ETF
2026-02-24,99.996,100.001,100.003,99.995,1216233.0,511990,sh,华宝添益ETF
2026-02-25,99.997,99.999,99.999,99.995,1058992.0,511990,sh,华宝添益ETF
2026-02-26,99.997,99.997,99.999,99.994,957012.0,511990,sh,华宝添益ETF
2026-02-27,100.001,100.0,100.003,99.999,862269.0,511990,sh,华宝添益ETF
2026-03-02,99.998,100.003,100.004,99.997,1028078.0,511990,sh,华宝添益ETF
2026-03-03,100.001,100.004,100.006,100.0,931290.0,511990,sh,华宝添益ETF
2026-03-04,100.004,100.002,100.004,99.999,1239262.0,511990,sh,华宝添益ETF
2026-03-05,100.0,100.004,100.006,100.0,1151166.0,511990,sh,华宝添益ETF
2026-03-06,100.003,100.004,100.006,100.0,1197826.0,511990,sh,华宝添益ETF
2026-03-09,99.994,99.997,99.998,99.992,1067571.0,511990,sh,华宝添益ETF
2026-03-10,99.996,99.995,99.997,99.993,1241166.0,511990,sh,华宝添益ETF
2026-03-11,99.995,100.0,100.0,99.994,809002.0,511990,sh,华宝添益ETF
2026-03-12,99.996,100.0,100.0,99.996,700340.0,511990,sh,华宝添益ETF
2026-03-13,100.003,100.005,100.007,100.002,987879.0,511990,sh,华宝添益ETF
2026-03-16,99.997,99.997,100.0,99.996,1016165.0,511990,sh,华宝添益ETF
2026-03-17,99.996,100.0,100.001,99.996,681030.0,511990,sh,华宝添益ETF
2026-03-18,99.999,99.999,100.001,99.996,1156225.0,511990,sh,华宝添益ETF
2026-03-19,99.998,100.004,100.006,99.998,778696.0,511990,sh,华宝添益ETF
2026-03-20,100.004,100.004,100.007,100.002,1221089.0,511990,sh,华宝添益ETF
2026-03-23,99.997,99.997,100.001,99.994,1468705.0,511990,sh,华宝添益ETF
2026-03-24,99.995,99.999,100.0,99.995,1206500.0,511990,sh,华宝添益ETF
2026-03-25,99.997,99.998,99.999,99.992,1467364.0,511990,sh,华宝添益ETF
2026-03-26,99.994,99.999,100.0,99.994,924921.0,511990,sh,华宝添益ETF
2026-03-27,100.004,99.996,100.005,99.991,1373195.0,511990,sh,华宝添益ETF
2026-03-30,99.994,99.993,99.996,99.991,1146994.0,511990,sh,华宝添益ETF
2026-03-31,99.993,99.997,99.998,99.99,1453439.0,511990,sh,华宝添益ETF
2026-04-01,99.994,99.998,99.999,99.993,1508877.0,511990,sh,华宝添益ETF
2026-04-02,99.997,100.005,100.006,99.997,1030392.0,511990,sh,华宝添益ETF
2026-04-03,100.008,100.012,100.015,100.008,1512069.0,511990,sh,华宝添益ETF
2026-04-07,99.999,100.0,100.002,99.997,921918.0,511990,sh,华宝添益ETF
2026-04-08,99.994,99.994,99.996,99.986,1463982.0,511990,sh,华宝添益ETF
2026-04-09,99.995,100.003,100.006,99.995,1131058.0,511990,sh,华宝添益ETF
2026-04-10,100.002,100.006,100.007,100.001,682325.0,511990,sh,华宝添益ETF
2026-04-13,99.998,100.003,100.006,99.995,718676.0,511990,sh,华宝添益ETF
2026-04-14,99.997,100.001,100.002,99.996,952948.0,511990,sh,华宝添益ETF
2026-04-15,99.997,99.997,100.0,99.996,983490.0,511990,sh,华宝添益ETF
2026-04-16,99.996,99.995,99.998,99.993,1155437.0,511990,sh,华宝添益ETF
2026-04-17,100.003,100.0,100.004,99.999,1376282.0,511990,sh,华宝添益ETF
2026-04-20,99.996,99.997,99.998,99.995,1061734.0,511990,sh,华宝添益ETF
2026-04-21,99.996,99.997,99.999,99.996,451080.0,511990,sh,华宝添益ETF
2026-04-22,99.997,99.993,99.999,99.992,953920.0,511990,sh,华宝添益ETF
2026-04-23,99.994,99.997,99.999,99.993,878689.0,511990,sh,华宝添益ETF
2026-04-24,100.003,99.999,100.004,99.997,1611667.0,511990,sh,华宝添益ETF
2026-04-27,99.995,99.994,99.996,99.992,1024914.0,511990,sh,华宝添益ETF
2026-04-28,99.994,99.999,100.0,99.993,966230.0,511990,sh,华宝添益ETF
2026-04-29,100.0,100.012,100.018,100.0,1375003.0,511990,sh,华宝添益ETF
2026-04-30,100.012,100.016,100.02,100.012,1356280.0,511990,sh,华宝添益ETF
2026-05-06,99.995,99.996,99.997,99.953,2352862.0,511990,sh,华宝添益ETF
2026-05-07,99.994,99.998,99.999,99.993,954816.0,511990,sh,华宝添益ETF
2026-05-08,100.004,100.004,100.005,100.0,1625615.0,511990,sh,华宝添益ETF
2026-05-11,99.998,100.002,100.003,99.996,1254511.0,511990,sh,华宝添益ETF
2026-05-12,99.999,100.003,100.003,99.998,1026727.0,511990,sh,华宝添益ETF
2026-05-13,99.998,99.997,100.0,99.996,876458.0,511990,sh,华宝添益ETF
2026-05-14,99.995,99.999,100.001,99.995,595788.0,511990,sh,华宝添益ETF
2026-05-15,100.003,100.006,100.008,100.002,1367597.0,511990,sh,华宝添益ETF
2026-05-18,99.997,100.006,100.009,99.996,738910.0,511990,sh,华宝添益ETF
2026-05-19,99.998,100.005,100.023,99.997,714208.0,511990,sh,华宝添益ETF
2026-05-20,100.0,100.005,100.006,99.999,721781.0,511990,sh,华宝添益ETF
2026-05-21,100.0,100.002,100.003,99.998,704335.0,511990,sh,华宝添益ETF
2026-05-22,100.003,100.014,100.019,100.0,1550748.0,511990,sh,华宝添益ETF
2026-05-25,99.999,100.004,100.019,99.997,1104169.0,511990,sh,华宝添益ETF
2026-05-26,99.999,100.001,100.003,99.998,920826.0,511990,sh,华宝添益ETF
2026-05-27,99.999,100.0,100.001,99.997,838146.0,511990,sh,华宝添益ETF
2026-05-28,100.0,99.998,100.0,99.996,816637.0,511990,sh,华宝添益ETF
2026-05-29,100.003,100.003,100.005,100.002,1169822.0,511990,sh,华宝添益ETF
2026-06-01,99.997,99.996,99.998,99.99,1103161.0,511990,sh,华宝添益ETF
2026-06-02,99.996,99.999,100.0,99.995,798864.0,511990,sh,华宝添益ETF
2026-06-03,99.997,100.0,100.001,99.995,1063188.0,511990,sh,华宝添益ETF
2026-06-04,99.998,100.001,100.003,99.998,655769.0,511990,sh,华宝添益ETF
2026-06-05,100.005,100.007,100.01,100.004,923748.0,511990,sh,华宝添益ETF
2026-06-08,100.002,100.002,100.002,99.998,1055738.0,511990,sh,华宝添益ETF
2026-06-09,100.0,100.003,100.003,99.999,733059.0,511990,sh,华宝添益ETF
2026-06-10,100.001,100.002,100.003,100.0,787770.0,511990,sh,华宝添益ETF
2026-06-11,100.001,100.002,100.002,99.998,936862.0,511990,sh,华宝添益ETF
2026-06-12,100.003,100.003,100.004,100.0,1244555.0,511990,sh,华宝添益ETF
2026-06-15,99.997,99.994,99.998,99.986,1684730.0,511990,sh,华宝添益ETF
2026-06-16,99.993,99.996,99.997,99.99,1047712.0,511990,sh,华宝添益ETF
2026-06-17,99.996,99.996,100.0,99.994,956013.0,511990,sh,华宝添益ETF
2026-06-18,100.002,100.0,100.004,99.998,977670.0,511990,sh,华宝添益ETF
2026-06-22,99.993,99.994,99.997,99.992,866095.0,511990,sh,华宝添益ETF
2026-06-23,99.994,100.0,100.0,99.993,870394.0,511990,sh,华宝添益ETF
2026-06-24,99.999,99.996,100.0,99.994,1005897.0,511990,sh,华宝添益ETF
2026-06-25,99.99,99.994,99.996,99.99,873664.0,511990,sh,华宝添益ETF
2026-06-26,100.001,100.002,100.003,99.999,1334934.0,511990,sh,华宝添益ETF
2026-06-29,99.993,99.99,99.995,99.986,1374117.0,511990,sh,华宝添益ETF
2026-06-30,99.991,99.991,99.993,99.98,1382635.0,511990,sh,华宝添益ETF
2026-07-01,99.991,99.998,99.999,99.988,1574901.0,511990,sh,华宝添益ETF
2026-07-02,99.994,100.006,100.008,99.994,889857.0,511990,sh,华宝添益ETF
2026-07-03,100.003,100.008,100.009,100.001,1166517.0,511990,sh,华宝添益ETF
