date,open,close,high,low,volume,code,market,name
2020-01-02,0.889,0.89,0.895,0.88,399256.0,512160,sh,MSCI中国A股ETF南方
2020-01-03,0.9,0.884,0.9,0.883,324555.0,512160,sh,MSCI中国A股ETF南方
2020-01-06,0.875,0.884,0.896,0.875,361718.0,512160,sh,MSCI中国A股ETF南方
2020-01-07,0.885,0.893,0.893,0.885,352652.0,512160,sh,MSCI中国A股ETF南方
2020-01-08,0.893,0.882,0.893,0.878,328516.0,512160,sh,MSCI中国A股ETF南方
2020-01-09,0.885,0.893,0.894,0.885,332991.0,512160,sh,MSCI中国A股ETF南方
2020-01-10,0.893,0.897,0.899,0.89,386522.0,512160,sh,MSCI中国A股ETF南方
2020-01-13,0.897,0.907,0.908,0.891,362194.0,512160,sh,MSCI中国A股ETF南方
2020-01-14,0.908,0.905,0.914,0.904,456829.0,512160,sh,MSCI中国A股ETF南方
2020-01-15,0.905,0.896,0.906,0.892,461710.0,512160,sh,MSCI中国A股ETF南方
2020-01-16,0.897,0.897,0.9,0.893,256328.0,512160,sh,MSCI中国A股ETF南方
2020-01-17,0.897,0.898,0.905,0.895,286144.0,512160,sh,MSCI中国A股ETF南方
2020-01-20,0.897,0.906,0.907,0.895,315124.0,512160,sh,MSCI中国A股ETF南方
2020-01-21,0.902,0.891,0.903,0.888,446336.0,512160,sh,MSCI中国A股ETF南方
2020-01-22,0.881,0.898,0.9,0.87,386989.0,512160,sh,MSCI中国A股ETF南方
2020-01-23,0.886,0.869,0.891,0.854,340440.0,512160,sh,MSCI中国A股ETF南方
2020-02-03,0.76,0.753,0.81,0.753,287466.0,512160,sh,MSCI中国A股ETF南方
2020-02-04,0.77,0.802,0.805,0.753,224013.0,512160,sh,MSCI中国A股ETF南方
2020-02-05,0.802,0.819,0.827,0.797,181952.0,512160,sh,MSCI中国A股ETF南方
2020-02-06,0.819,0.838,0.843,0.81,231656.0,512160,sh,MSCI中国A股ETF南方
2020-02-07,0.837,0.84,0.842,0.827,103101.0,512160,sh,MSCI中国A股ETF南方
2020-02-10,0.84,0.847,0.85,0.833,182879.0,512160,sh,MSCI中国A股ETF南方
2020-02-11,0.85,0.854,0.86,0.847,209166.0,512160,sh,MSCI中国A股ETF南方
2020-02-12,0.85,0.866,0.867,0.85,235752.0,512160,sh,MSCI中国A股ETF南方
2020-02-13,0.868,0.861,0.872,0.859,211338.0,512160,sh,MSCI中国A股ETF南方
2020-02-14,0.855,0.872,0.877,0.855,282784.0,512160,sh,MSCI中国A股ETF南方
2020-02-17,0.877,0.899,0.9,0.874,219321.0,512160,sh,MSCI中国A股ETF南方
2020-02-18,0.9,0.895,0.9,0.886,228575.0,512160,sh,MSCI中国A股ETF南方
2020-02-19,0.891,0.893,0.903,0.891,318239.0,512160,sh,MSCI中国A股ETF南方
2020-02-20,0.891,0.917,0.924,0.89,454713.0,512160,sh,MSCI中国A股ETF南方
2020-02-21,0.916,0.926,0.934,0.916,376852.0,512160,sh,MSCI中国A股ETF南方
2020-02-24,0.926,0.923,0.929,0.912,180941.0,512160,sh,MSCI中国A股ETF南方
2020-02-25,0.91,0.923,0.925,0.891,258139.0,512160,sh,MSCI中国A股ETF南方
2020-02-26,0.92,0.909,0.923,0.9,337648.0,512160,sh,MSCI中国A股ETF南方
2020-02-27,0.914,0.907,0.915,0.903,255641.0,512160,sh,MSCI中国A股ETF南方
2020-02-28,0.9,0.861,0.9,0.859,364658.0,512160,sh,MSCI中国A股ETF南方
2020-03-02,0.865,0.9,0.91,0.865,290055.0,512160,sh,MSCI中国A股ETF南方
2020-03-03,0.909,0.908,0.928,0.902,277823.0,512160,sh,MSCI中国A股ETF南方
2020-03-04,0.908,0.913,0.913,0.898,215178.0,512160,sh,MSCI中国A股ETF南方
2020-03-05,0.916,0.94,0.943,0.916,216174.0,512160,sh,MSCI中国A股ETF南方
2020-03-06,0.934,0.922,0.934,0.919,286064.0,512160,sh,MSCI中国A股ETF南方
2020-03-09,0.898,0.884,0.901,0.878,189703.0,512160,sh,MSCI中国A股ETF南方
2020-03-10,0.864,0.901,0.906,0.864,286996.0,512160,sh,MSCI中国A股ETF南方
2020-03-11,0.901,0.891,0.907,0.89,278473.0,512160,sh,MSCI中国A股ETF南方
2020-03-12,0.89,0.869,0.89,0.859,173759.0,512160,sh,MSCI中国A股ETF南方
2020-03-13,0.832,0.855,0.864,0.787,346679.0,512160,sh,MSCI中国A股ETF南方
2020-03-16,0.852,0.807,0.852,0.797,388876.0,512160,sh,MSCI中国A股ETF南方
2020-03-17,0.82,0.795,0.829,0.769,557960.0,512160,sh,MSCI中国A股ETF南方
2020-03-18,0.795,0.781,0.816,0.774,474394.0,512160,sh,MSCI中国A股ETF南方
2020-03-19,0.781,0.765,0.782,0.738,454546.0,512160,sh,MSCI中国A股ETF南方
2020-03-20,0.768,0.785,0.787,0.765,205969.0,512160,sh,MSCI中国A股ETF南方
2020-03-23,0.76,0.752,0.766,0.738,252296.0,512160,sh,MSCI中国A股ETF南方
2020-03-24,0.768,0.772,0.775,0.75,242387.0,512160,sh,MSCI中国A股ETF南方
2020-03-25,0.796,0.8,0.806,0.782,290220.0,512160,sh,MSCI中国A股ETF南方
2020-03-26,0.798,0.797,0.807,0.789,121087.0,512160,sh,MSCI中国A股ETF南方
2020-03-27,0.81,0.799,0.815,0.799,167409.0,512160,sh,MSCI中国A股ETF南方
2020-03-30,0.798,0.79,0.798,0.78,108400.0,512160,sh,MSCI中国A股ETF南方
2020-03-31,0.801,0.791,0.801,0.789,207886.0,512160,sh,MSCI中国A股ETF南方
2020-04-01,0.791,0.788,0.807,0.787,106316.0,512160,sh,MSCI中国A股ETF南方
2020-04-02,0.788,0.809,0.81,0.786,134218.0,512160,sh,MSCI中国A股ETF南方
2020-04-03,0.803,0.804,0.811,0.799,91685.0,512160,sh,MSCI中国A股ETF南方
2020-04-07,0.816,0.828,0.831,0.816,144195.0,512160,sh,MSCI中国A股ETF南方
2020-04-08,0.827,0.824,0.828,0.822,71178.0,512160,sh,MSCI中国A股ETF南方
2020-04-09,0.835,0.829,0.835,0.828,84294.0,512160,sh,MSCI中国A股ETF南方
2020-04-10,0.828,0.822,0.837,0.817,229344.0,512160,sh,MSCI中国A股ETF南方
2020-04-13,0.815,0.812,0.818,0.811,65915.0,512160,sh,MSCI中国A股ETF南方
2020-04-14,0.82,0.835,0.835,0.817,229452.0,512160,sh,MSCI中国A股ETF南方
2020-04-15,0.84,0.829,0.84,0.829,136803.0,512160,sh,MSCI中国A股ETF南方
2020-04-16,0.829,0.831,0.835,0.824,213905.0,512160,sh,MSCI中国A股ETF南方
2020-04-17,0.84,0.841,0.849,0.839,443843.0,512160,sh,MSCI中国A股ETF南方
2020-04-20,0.841,0.85,0.85,0.841,280703.0,512160,sh,MSCI中国A股ETF南方
2020-04-21,0.85,0.839,0.85,0.83,73624.0,512160,sh,MSCI中国A股ETF南方
2020-04-22,0.831,0.85,0.85,0.831,74335.0,512160,sh,MSCI中国A股ETF南方
2020-04-23,0.847,0.845,0.854,0.844,33245.0,512160,sh,MSCI中国A股ETF南方
2020-04-24,0.842,0.838,0.846,0.835,173669.0,512160,sh,MSCI中国A股ETF南方
2020-04-27,0.841,0.845,0.85,0.836,182816.0,512160,sh,MSCI中国A股ETF南方
2020-04-28,0.853,0.85,0.854,0.828,147133.0,512160,sh,MSCI中国A股ETF南方
2020-04-29,0.846,0.855,0.86,0.846,126161.0,512160,sh,MSCI中国A股ETF南方
2020-04-30,0.86,0.87,0.873,0.86,106282.0,512160,sh,MSCI中国A股ETF南方
2020-05-06,0.86,0.878,0.88,0.858,156889.0,512160,sh,MSCI中国A股ETF南方
2020-05-07,0.876,0.877,0.881,0.874,104174.0,512160,sh,MSCI中国A股ETF南方
2020-05-08,0.883,0.89,0.895,0.883,161123.0,512160,sh,MSCI中国A股ETF南方
2020-05-11,0.89,0.886,0.899,0.882,143448.0,512160,sh,MSCI中国A股ETF南方
2020-05-12,0.886,0.887,0.889,0.877,142970.0,512160,sh,MSCI中国A股ETF南方
2020-05-13,0.881,0.89,0.893,0.88,104330.0,512160,sh,MSCI中国A股ETF南方
2020-05-14,0.884,0.88,0.886,0.878,119636.0,512160,sh,MSCI中国A股ETF南方
2020-05-15,0.88,0.877,0.885,0.875,109501.0,512160,sh,MSCI中国A股ETF南方
2020-05-18,0.878,0.879,0.887,0.873,103716.0,512160,sh,MSCI中国A股ETF南方
2020-05-19,0.891,0.89,0.892,0.886,75049.0,512160,sh,MSCI中国A股ETF南方
2020-05-20,0.887,0.883,0.89,0.88,73269.0,512160,sh,MSCI中国A股ETF南方
2020-05-21,0.884,0.876,0.887,0.876,119772.0,512160,sh,MSCI中国A股ETF南方
2020-05-22,0.876,0.851,0.876,0.849,129985.0,512160,sh,MSCI中国A股ETF南方
2020-05-25,0.861,0.853,0.861,0.846,88155.0,512160,sh,MSCI中国A股ETF南方
2020-05-26,0.854,0.868,0.868,0.854,245289.0,512160,sh,MSCI中国A股ETF南方
2020-05-27,0.868,0.862,0.868,0.858,103173.0,512160,sh,MSCI中国A股ETF南方
2020-05-28,0.865,0.862,0.87,0.849,210519.0,512160,sh,MSCI中国A股ETF南方
2020-05-29,0.863,0.865,0.869,0.856,203322.0,512160,sh,MSCI中国A股ETF南方
2020-06-01,0.866,0.897,0.898,0.866,146515.0,512160,sh,MSCI中国A股ETF南方
2020-06-02,0.897,0.901,0.903,0.895,121107.0,512160,sh,MSCI中国A股ETF南方
2020-06-03,0.902,0.9,0.909,0.899,202291.0,512160,sh,MSCI中国A股ETF南方
2020-06-04,0.903,0.899,0.903,0.895,209381.0,512160,sh,MSCI中国A股ETF南方
2020-06-05,0.9,0.906,0.907,0.896,146589.0,512160,sh,MSCI中国A股ETF南方
2020-06-08,0.91,0.906,0.918,0.906,114593.0,512160,sh,MSCI中国A股ETF南方
2020-06-09,0.899,0.915,0.919,0.898,166842.0,512160,sh,MSCI中国A股ETF南方
2020-06-10,0.915,0.917,0.919,0.912,172245.0,512160,sh,MSCI中国A股ETF南方
2020-06-11,0.917,0.908,0.923,0.903,67838.0,512160,sh,MSCI中国A股ETF南方
2020-06-12,0.9,0.909,0.914,0.89,153221.0,512160,sh,MSCI中国A股ETF南方
2020-06-15,0.9,0.898,0.912,0.897,200473.0,512160,sh,MSCI中国A股ETF南方
2020-06-16,0.899,0.917,0.923,0.899,63377.0,512160,sh,MSCI中国A股ETF南方
2020-06-17,0.918,0.919,0.92,0.911,28444.0,512160,sh,MSCI中国A股ETF南方
2020-06-18,0.917,0.926,0.928,0.915,182341.0,512160,sh,MSCI中国A股ETF南方
2020-06-19,0.93,0.942,0.947,0.929,186834.0,512160,sh,MSCI中国A股ETF南方
2020-06-22,0.942,0.947,0.955,0.942,200776.0,512160,sh,MSCI中国A股ETF南方
2020-06-23,0.945,0.958,0.958,0.944,111094.0,512160,sh,MSCI中国A股ETF南方
2020-06-24,0.958,0.966,0.967,0.958,170351.0,512160,sh,MSCI中国A股ETF南方
2020-06-29,0.965,0.958,0.965,0.953,131933.0,512160,sh,MSCI中国A股ETF南方
2020-06-30,0.958,0.978,0.981,0.958,108373.0,512160,sh,MSCI中国A股ETF南方
2020-07-01,0.978,0.999,0.999,0.978,198641.0,512160,sh,MSCI中国A股ETF南方
2020-07-02,0.999,1.026,1.026,0.999,162207.0,512160,sh,MSCI中国A股ETF南方
2020-07-03,1.027,1.051,1.051,1.026,142675.0,512160,sh,MSCI中国A股ETF南方
2020-07-06,1.075,1.136,1.137,1.058,319082.0,512160,sh,MSCI中国A股ETF南方
2020-07-07,1.166,1.137,1.197,1.124,158732.0,512160,sh,MSCI中国A股ETF南方
2020-07-08,1.137,1.156,1.165,1.124,76421.0,512160,sh,MSCI中国A股ETF南方
2020-07-09,1.157,1.184,1.187,1.14,137557.0,512160,sh,MSCI中国A股ETF南方
2020-07-10,1.183,1.169,1.187,1.163,252482.0,512160,sh,MSCI中国A股ETF南方
2020-07-13,1.169,1.207,1.216,1.168,409693.0,512160,sh,MSCI中国A股ETF南方
2020-07-14,1.21,1.197,1.211,1.169,425803.0,512160,sh,MSCI中国A股ETF南方
2020-07-15,1.197,1.18,1.208,1.172,383488.0,512160,sh,MSCI中国A股ETF南方
2020-07-16,1.18,1.122,1.201,1.121,404313.0,512160,sh,MSCI中国A股ETF南方
2020-07-17,1.121,1.139,1.17,1.119,283890.0,512160,sh,MSCI中国A股ETF南方
2020-07-20,1.145,1.178,1.178,1.13,273962.0,512160,sh,MSCI中国A股ETF南方
2020-07-21,1.179,1.182,1.189,1.172,197331.0,512160,sh,MSCI中国A股ETF南方
2020-07-22,1.183,1.188,1.216,1.152,391287.0,512160,sh,MSCI中国A股ETF南方
2020-07-23,1.184,1.194,1.198,1.159,255738.0,512160,sh,MSCI中国A股ETF南方
2020-07-24,1.187,1.129,1.191,1.116,362445.0,512160,sh,MSCI中国A股ETF南方
2020-07-27,1.13,1.129,1.141,1.117,315334.0,512160,sh,MSCI中国A股ETF南方
2020-07-28,1.129,1.147,1.151,1.129,408083.0,512160,sh,MSCI中国A股ETF南方
2020-07-29,1.147,1.186,1.189,1.141,484772.0,512160,sh,MSCI中国A股ETF南方
2020-07-30,1.186,1.178,1.188,1.173,224881.0,512160,sh,MSCI中国A股ETF南方
2020-07-31,1.178,1.187,1.201,1.165,278599.0,512160,sh,MSCI中国A股ETF南方
2020-08-03,1.189,1.214,1.214,1.189,273682.0,512160,sh,MSCI中国A股ETF南方
2020-08-04,1.211,1.212,1.222,1.205,376350.0,512160,sh,MSCI中国A股ETF南方
2020-08-05,1.212,1.217,1.218,1.194,286898.0,512160,sh,MSCI中国A股ETF南方
2020-08-06,1.217,1.212,1.221,1.191,345756.0,512160,sh,MSCI中国A股ETF南方
2020-08-07,1.205,1.198,1.211,1.174,254856.0,512160,sh,MSCI中国A股ETF南方
2020-08-10,1.189,1.201,1.211,1.18,259305.0,512160,sh,MSCI中国A股ETF南方
2020-08-11,1.2,1.193,1.224,1.189,321790.0,512160,sh,MSCI中国A股ETF南方
2020-08-12,1.18,1.178,1.191,1.151,263223.0,512160,sh,MSCI中国A股ETF南方
2020-08-13,1.178,1.177,1.185,1.171,302184.0,512160,sh,MSCI中国A股ETF南方
2020-08-14,1.176,1.199,1.199,1.173,230502.0,512160,sh,MSCI中国A股ETF南方
2020-08-17,1.232,1.23,1.234,1.201,291820.0,512160,sh,MSCI中国A股ETF南方
2020-08-18,1.223,1.232,1.237,1.223,285370.0,512160,sh,MSCI中国A股ETF南方
2020-08-19,1.232,1.214,1.239,1.213,510121.0,512160,sh,MSCI中国A股ETF南方
2020-08-20,1.206,1.197,1.21,1.191,239134.0,512160,sh,MSCI中国A股ETF南方
2020-08-21,1.21,1.213,1.235,1.201,395320.0,512160,sh,MSCI中国A股ETF南方
2020-08-24,1.223,1.228,1.231,1.212,291735.0,512160,sh,MSCI中国A股ETF南方
2020-08-25,1.228,1.233,1.246,1.222,203620.0,512160,sh,MSCI中国A股ETF南方
2020-08-26,1.227,1.217,1.265,1.211,231440.0,512160,sh,MSCI中国A股ETF南方
2020-08-27,1.219,1.227,1.235,1.209,199340.0,512160,sh,MSCI中国A股ETF南方
2020-08-28,1.227,1.269,1.27,1.222,314719.0,512160,sh,MSCI中国A股ETF南方
2020-08-31,1.283,1.256,1.284,1.254,333308.0,512160,sh,MSCI中国A股ETF南方
2020-09-01,1.26,1.267,1.267,1.248,260712.0,512160,sh,MSCI中国A股ETF南方
2020-09-02,1.267,1.267,1.274,1.251,462075.0,512160,sh,MSCI中国A股ETF南方
2020-09-03,1.26,1.259,1.276,1.252,291382.0,512160,sh,MSCI中国A股ETF南方
2020-09-04,1.239,1.243,1.245,1.227,205400.0,512160,sh,MSCI中国A股ETF南方
2020-09-07,1.231,1.208,1.249,1.201,306910.0,512160,sh,MSCI中国A股ETF南方
2020-09-08,1.202,1.212,1.216,1.193,232365.0,512160,sh,MSCI中国A股ETF南方
2020-09-09,1.195,1.175,1.2,1.164,281536.0,512160,sh,MSCI中国A股ETF南方
2020-09-10,1.19,1.173,1.198,1.168,264449.0,512160,sh,MSCI中国A股ETF南方
2020-09-11,1.172,1.187,1.188,1.168,189462.0,512160,sh,MSCI中国A股ETF南方
2020-09-14,1.188,1.195,1.2,1.187,144191.0,512160,sh,MSCI中国A股ETF南方
2020-09-15,1.195,1.206,1.207,1.189,119212.0,512160,sh,MSCI中国A股ETF南方
2020-09-16,1.205,1.197,1.208,1.19,175512.0,512160,sh,MSCI中国A股ETF南方
2020-09-17,1.196,1.191,1.202,1.179,262910.0,512160,sh,MSCI中国A股ETF南方
2020-09-18,1.196,1.222,1.223,1.191,132879.0,512160,sh,MSCI中国A股ETF南方
2020-09-21,1.235,1.208,1.239,1.207,126265.0,512160,sh,MSCI中国A股ETF南方
2020-09-22,1.2,1.194,1.216,1.189,181968.0,512160,sh,MSCI中国A股ETF南方
2020-09-23,1.2,1.199,1.203,1.19,280950.0,512160,sh,MSCI中国A股ETF南方
2020-09-24,1.198,1.172,1.198,1.172,157143.0,512160,sh,MSCI中国A股ETF南方
2020-09-25,1.173,1.173,1.184,1.169,217621.0,512160,sh,MSCI中国A股ETF南方
2020-09-28,1.178,1.175,1.185,1.173,184824.0,512160,sh,MSCI中国A股ETF南方
2020-09-29,1.175,1.18,1.188,1.175,130137.0,512160,sh,MSCI中国A股ETF南方
2020-09-30,1.181,1.18,1.194,1.172,134516.0,512160,sh,MSCI中国A股ETF南方
2020-10-09,1.195,1.211,1.217,1.195,169357.0,512160,sh,MSCI中国A股ETF南方
2020-10-12,1.213,1.257,1.258,1.213,182262.0,512160,sh,MSCI中国A股ETF南方
2020-10-13,1.259,1.262,1.264,1.248,191558.0,512160,sh,MSCI中国A股ETF南方
2020-10-14,1.262,1.253,1.262,1.248,256730.0,512160,sh,MSCI中国A股ETF南方
2020-10-15,1.254,1.248,1.257,1.247,133372.0,512160,sh,MSCI中国A股ETF南方
2020-10-16,1.246,1.245,1.391,1.236,257144.0,512160,sh,MSCI中国A股ETF南方
2020-10-19,1.248,1.231,1.26,1.227,318795.0,512160,sh,MSCI中国A股ETF南方
2020-10-20,1.23,1.244,1.255,1.225,180302.0,512160,sh,MSCI中国A股ETF南方
2020-10-21,1.244,1.238,1.245,1.23,125823.0,512160,sh,MSCI中国A股ETF南方
2020-10-22,1.238,1.233,1.238,1.218,95142.0,512160,sh,MSCI中国A股ETF南方
2020-10-23,1.231,1.217,1.241,1.212,132986.0,512160,sh,MSCI中国A股ETF南方
2020-10-26,1.217,1.205,1.217,1.186,123985.0,512160,sh,MSCI中国A股ETF南方
2020-10-27,1.205,1.21,1.212,1.199,126752.0,512160,sh,MSCI中国A股ETF南方
2020-10-28,1.21,1.223,1.229,1.206,184241.0,512160,sh,MSCI中国A股ETF南方
2020-10-29,1.219,1.234,1.244,1.205,175216.0,512160,sh,MSCI中国A股ETF南方
2020-10-30,1.234,1.209,1.244,1.206,208643.0,512160,sh,MSCI中国A股ETF南方
2020-11-02,1.209,1.218,1.225,1.209,209661.0,512160,sh,MSCI中国A股ETF南方
2020-11-03,1.22,1.234,1.242,1.22,226485.0,512160,sh,MSCI中国A股ETF南方
2020-11-04,1.236,1.244,1.248,1.231,222898.0,512160,sh,MSCI中国A股ETF南方
2020-11-05,1.258,1.267,1.268,1.25,194464.0,512160,sh,MSCI中国A股ETF南方
2020-11-06,1.268,1.261,1.274,1.25,161880.0,512160,sh,MSCI中国A股ETF南方
2020-11-09,1.266,1.291,1.298,1.266,193050.0,512160,sh,MSCI中国A股ETF南方
2020-11-10,1.295,1.284,1.299,1.276,196442.0,512160,sh,MSCI中国A股ETF南方
2020-11-11,1.278,1.269,1.287,1.267,172069.0,512160,sh,MSCI中国A股ETF南方
2020-11-12,1.269,1.265,1.274,1.262,240806.0,512160,sh,MSCI中国A股ETF南方
2020-11-13,1.263,1.256,1.263,1.245,233745.0,512160,sh,MSCI中国A股ETF南方
2020-11-16,1.258,1.271,1.271,1.252,170061.0,512160,sh,MSCI中国A股ETF南方
2020-11-17,1.271,1.262,1.271,1.253,156704.0,512160,sh,MSCI中国A股ETF南方
2020-11-18,1.257,1.26,1.267,1.254,123700.0,512160,sh,MSCI中国A股ETF南方
2020-11-19,1.26,1.27,1.274,1.252,141071.0,512160,sh,MSCI中国A股ETF南方
2020-11-20,1.273,1.278,1.28,1.27,182137.0,512160,sh,MSCI中国A股ETF南方
2020-11-23,1.282,1.294,1.304,1.277,198236.0,512160,sh,MSCI中国A股ETF南方
2020-11-24,1.296,1.288,1.302,1.284,159395.0,512160,sh,MSCI中国A股ETF南方
2020-11-25,1.305,1.266,1.31,1.265,162562.0,512160,sh,MSCI中国A股ETF南方
2020-11-26,1.264,1.268,1.27,1.252,146948.0,512160,sh,MSCI中国A股ETF南方
2020-11-27,1.274,1.285,1.285,1.266,203354.0,512160,sh,MSCI中国A股ETF南方
2020-11-30,1.286,1.276,1.303,1.276,191871.0,512160,sh,MSCI中国A股ETF南方
2020-12-01,1.275,1.306,1.309,1.27,168013.0,512160,sh,MSCI中国A股ETF南方
2020-12-02,1.306,1.305,1.312,1.299,174035.0,512160,sh,MSCI中国A股ETF南方
2020-12-03,1.3,1.308,1.311,1.3,161724.0,512160,sh,MSCI中国A股ETF南方
2020-12-04,1.306,1.316,1.318,1.299,239331.0,512160,sh,MSCI中国A股ETF南方
2020-12-07,1.313,1.308,1.32,1.304,228437.0,512160,sh,MSCI中国A股ETF南方
2020-12-08,1.301,1.306,1.315,1.301,105995.0,512160,sh,MSCI中国A股ETF南方
2020-12-09,1.314,1.288,1.314,1.287,123499.0,512160,sh,MSCI中国A股ETF南方
2020-12-10,1.288,1.288,1.296,1.28,143605.0,512160,sh,MSCI中国A股ETF南方
2020-12-11,1.284,1.277,1.292,1.264,124345.0,512160,sh,MSCI中国A股ETF南方
2020-12-14,1.272,1.286,1.289,1.272,116689.0,512160,sh,MSCI中国A股ETF南方
2020-12-15,1.29,1.295,1.296,1.282,108613.0,512160,sh,MSCI中国A股ETF南方
2020-12-16,1.293,1.297,1.301,1.293,84142.0,512160,sh,MSCI中国A股ETF南方
2020-12-17,1.299,1.317,1.319,1.294,179887.0,512160,sh,MSCI中国A股ETF南方
2020-12-18,1.31,1.313,1.32,1.306,176199.0,512160,sh,MSCI中国A股ETF南方
2020-12-21,1.315,1.331,1.334,1.305,126763.0,512160,sh,MSCI中国A股ETF南方
2020-12-22,1.332,1.304,1.335,1.304,123233.0,512160,sh,MSCI中国A股ETF南方
2020-12-23,1.307,1.319,1.326,1.306,188947.0,512160,sh,MSCI中国A股ETF南方
2020-12-24,1.319,1.311,1.325,1.308,114969.0,512160,sh,MSCI中国A股ETF南方
2020-12-25,1.309,1.326,1.327,1.303,149336.0,512160,sh,MSCI中国A股ETF南方
2020-12-28,1.325,1.331,1.337,1.323,135471.0,512160,sh,MSCI中国A股ETF南方
2020-12-29,1.333,1.325,1.335,1.32,99211.0,512160,sh,MSCI中国A股ETF南方
2020-12-30,1.324,1.349,1.35,1.324,225023.0,512160,sh,MSCI中国A股ETF南方
2020-12-31,1.349,1.379,1.381,1.349,179177.0,512160,sh,MSCI中国A股ETF南方
2021-01-04,1.379,1.407,1.414,1.374,223663.0,512160,sh,MSCI中国A股ETF南方
2021-01-05,1.407,1.435,1.435,1.395,143726.0,512160,sh,MSCI中国A股ETF南方
2021-01-06,1.436,1.452,1.458,1.426,172341.0,512160,sh,MSCI中国A股ETF南方
2021-01-07,1.45,1.482,1.482,1.448,151969.0,512160,sh,MSCI中国A股ETF南方
2021-01-08,1.482,1.474,1.498,1.457,177631.0,512160,sh,MSCI中国A股ETF南方
2021-01-11,1.474,1.456,1.489,1.446,201735.0,512160,sh,MSCI中国A股ETF南方
2021-01-12,1.454,1.498,1.498,1.443,336956.0,512160,sh,MSCI中国A股ETF南方
2021-01-13,1.498,1.485,1.51,1.475,233456.0,512160,sh,MSCI中国A股ETF南方
2021-01-14,1.481,1.454,1.482,1.45,166153.0,512160,sh,MSCI中国A股ETF南方
2021-01-15,1.454,1.451,1.464,1.426,287733.0,512160,sh,MSCI中国A股ETF南方
2021-01-18,1.447,1.473,1.477,1.433,244637.0,512160,sh,MSCI中国A股ETF南方
2021-01-19,1.472,1.442,1.473,1.436,130021.0,512160,sh,MSCI中国A股ETF南方
2021-01-20,1.438,1.461,1.463,1.438,125877.0,512160,sh,MSCI中国A股ETF南方
2021-01-21,1.462,1.493,1.5,1.461,240238.0,512160,sh,MSCI中国A股ETF南方
2021-01-22,1.486,1.494,1.497,1.476,126707.0,512160,sh,MSCI中国A股ETF南方
2021-01-25,1.495,1.513,1.525,1.49,154933.0,512160,sh,MSCI中国A股ETF南方
2021-01-26,1.51,1.478,1.51,1.476,126391.0,512160,sh,MSCI中国A股ETF南方
2021-01-27,1.485,1.481,1.487,1.456,171918.0,512160,sh,MSCI中国A股ETF南方
2021-01-28,1.46,1.434,1.471,1.431,129645.0,512160,sh,MSCI中国A股ETF南方
2021-01-29,1.436,1.432,1.454,1.406,211655.0,512160,sh,MSCI中国A股ETF南方
2021-02-01,1.427,1.45,1.45,1.425,185470.0,512160,sh,MSCI中国A股ETF南方
2021-02-02,1.449,1.475,1.476,1.442,166530.0,512160,sh,MSCI中国A股ETF南方
2021-02-03,1.482,1.476,1.49,1.47,149587.0,512160,sh,MSCI中国A股ETF南方
2021-02-04,1.461,1.472,1.483,1.452,130346.0,512160,sh,MSCI中国A股ETF南方
2021-02-05,1.474,1.474,1.497,1.47,199971.0,512160,sh,MSCI中国A股ETF南方
2021-02-08,1.483,1.502,1.504,1.472,192572.0,512160,sh,MSCI中国A股ETF南方
2021-02-09,1.504,1.54,1.541,1.501,167263.0,512160,sh,MSCI中国A股ETF南方
2021-02-10,1.546,1.581,1.583,1.542,215656.0,512160,sh,MSCI中国A股ETF南方
2021-02-18,1.599,1.572,1.707,1.56,352413.0,512160,sh,MSCI中国A股ETF南方
2021-02-19,1.57,1.567,1.57,1.528,150715.0,512160,sh,MSCI中国A股ETF南方
2021-02-22,1.56,1.51,1.568,1.508,215210.0,512160,sh,MSCI中国A股ETF南方
2021-02-23,1.506,1.501,1.521,1.493,183228.0,512160,sh,MSCI中国A股ETF南方
2021-02-24,1.502,1.454,1.504,1.434,332145.0,512160,sh,MSCI中国A股ETF南方
2021-02-25,1.465,1.456,1.474,1.45,265724.0,512160,sh,MSCI中国A股ETF南方
2021-02-26,1.436,1.414,1.444,1.407,369233.0,512160,sh,MSCI中国A股ETF南方
2021-03-01,1.414,1.442,1.442,1.414,306039.0,512160,sh,MSCI中国A股ETF南方
2021-03-02,1.454,1.42,1.454,1.405,260087.0,512160,sh,MSCI中国A股ETF南方
2021-03-03,1.416,1.451,1.451,1.412,188970.0,512160,sh,MSCI中国A股ETF南方
2021-03-04,1.435,1.397,1.435,1.389,258191.0,512160,sh,MSCI中国A股ETF南方
2021-03-05,1.376,1.391,1.406,1.362,218902.0,512160,sh,MSCI中国A股ETF南方
2021-03-08,1.396,1.331,1.41,1.33,207036.0,512160,sh,MSCI中国A股ETF南方
2021-03-09,1.322,1.295,1.338,1.277,222744.0,512160,sh,MSCI中国A股ETF南方
2021-03-10,1.306,1.306,1.322,1.299,238360.0,512160,sh,MSCI中国A股ETF南方
2021-03-11,1.308,1.343,1.348,1.308,219153.0,512160,sh,MSCI中国A股ETF南方
2021-03-12,1.343,1.353,1.359,1.333,203178.0,512160,sh,MSCI中国A股ETF南方
2021-03-15,1.359,1.321,1.359,1.303,167867.0,512160,sh,MSCI中国A股ETF南方
2021-03-16,1.316,1.328,1.331,1.309,117332.0,512160,sh,MSCI中国A股ETF南方
2021-03-17,1.318,1.338,1.345,1.308,168265.0,512160,sh,MSCI中国A股ETF南方
2021-03-18,1.34,1.354,1.361,1.34,147495.0,512160,sh,MSCI中国A股ETF南方
2021-03-19,1.34,1.318,1.34,1.306,153269.0,512160,sh,MSCI中国A股ETF南方
2021-03-22,1.325,1.329,1.334,1.311,113827.0,512160,sh,MSCI中国A股ETF南方
2021-03-23,1.327,1.313,1.33,1.302,118190.0,512160,sh,MSCI中国A股ETF南方
2021-03-24,1.313,1.288,1.317,1.285,130439.0,512160,sh,MSCI中国A股ETF南方
2021-03-25,1.288,1.289,1.297,1.275,125534.0,512160,sh,MSCI中国A股ETF南方
2021-03-26,1.291,1.324,1.329,1.291,131244.0,512160,sh,MSCI中国A股ETF南方
2021-03-29,1.356,1.328,1.356,1.315,137959.0,512160,sh,MSCI中国A股ETF南方
2021-03-30,1.322,1.344,1.347,1.322,60575.0,512160,sh,MSCI中国A股ETF南方
2021-03-31,1.347,1.331,1.347,1.321,105451.0,512160,sh,MSCI中国A股ETF南方
2021-04-01,1.331,1.352,1.354,1.331,138634.0,512160,sh,MSCI中国A股ETF南方
2021-04-02,1.353,1.37,1.372,1.353,95250.0,512160,sh,MSCI中国A股ETF南方
2021-04-06,1.372,1.362,1.377,1.358,92428.0,512160,sh,MSCI中国A股ETF南方
2021-04-07,1.357,1.35,1.361,1.338,75493.0,512160,sh,MSCI中国A股ETF南方
2021-04-08,1.35,1.356,1.361,1.336,94785.0,512160,sh,MSCI中国A股ETF南方
2021-04-09,1.357,1.332,1.357,1.329,113186.0,512160,sh,MSCI中国A股ETF南方
2021-04-12,1.331,1.308,1.338,1.302,111980.0,512160,sh,MSCI中国A股ETF南方
2021-04-13,1.308,1.305,1.322,1.301,86833.0,512160,sh,MSCI中国A股ETF南方
2021-04-14,1.307,1.322,1.324,1.307,88581.0,512160,sh,MSCI中国A股ETF南方
2021-04-15,1.321,1.31,1.324,1.293,94188.0,512160,sh,MSCI中国A股ETF南方
2021-04-16,1.311,1.315,1.319,1.3,96749.0,512160,sh,MSCI中国A股ETF南方
2021-04-19,1.315,1.354,1.355,1.306,124494.0,512160,sh,MSCI中国A股ETF南方
2021-04-20,1.355,1.354,1.367,1.347,184307.0,512160,sh,MSCI中国A股ETF南方
2021-04-21,1.35,1.362,1.365,1.344,125379.0,512160,sh,MSCI中国A股ETF南方
2021-04-22,1.361,1.36,1.367,1.353,124811.0,512160,sh,MSCI中国A股ETF南方
2021-04-23,1.36,1.375,1.379,1.36,88279.0,512160,sh,MSCI中国A股ETF南方
2021-04-26,1.38,1.356,1.394,1.356,103171.0,512160,sh,MSCI中国A股ETF南方
2021-04-27,1.355,1.365,1.366,1.35,78568.0,512160,sh,MSCI中国A股ETF南方
2021-04-28,1.366,1.378,1.378,1.357,61879.0,512160,sh,MSCI中国A股ETF南方
2021-04-29,1.375,1.391,1.393,1.375,140511.0,512160,sh,MSCI中国A股ETF南方
2021-04-30,1.388,1.382,1.392,1.372,117191.0,512160,sh,MSCI中国A股ETF南方
2021-05-06,1.383,1.363,1.385,1.354,68767.0,512160,sh,MSCI中国A股ETF南方
2021-05-07,1.366,1.342,1.373,1.339,91329.0,512160,sh,MSCI中国A股ETF南方
2021-05-10,1.339,1.34,1.348,1.327,74841.0,512160,sh,MSCI中国A股ETF南方
2021-05-11,1.326,1.347,1.351,1.316,113522.0,512160,sh,MSCI中国A股ETF南方
2021-05-12,1.344,1.358,1.359,1.341,82707.0,512160,sh,MSCI中国A股ETF南方
2021-05-13,1.35,1.342,1.357,1.336,60356.0,512160,sh,MSCI中国A股ETF南方
2021-05-14,1.342,1.377,1.379,1.338,110409.0,512160,sh,MSCI中国A股ETF南方
2021-05-17,1.378,1.404,1.41,1.373,112502.0,512160,sh,MSCI中国A股ETF南方
2021-05-18,1.4,1.405,1.41,1.396,82061.0,512160,sh,MSCI中国A股ETF南方
2021-05-19,1.404,1.403,1.409,1.395,79288.0,512160,sh,MSCI中国A股ETF南方
2021-05-20,1.402,1.405,1.41,1.395,186381.0,512160,sh,MSCI中国A股ETF南方
2021-05-21,1.405,1.392,1.416,1.388,158347.0,512160,sh,MSCI中国A股ETF南方
2021-05-24,1.39,1.399,1.399,1.379,86547.0,512160,sh,MSCI中国A股ETF南方
2021-05-25,1.399,1.45,1.455,1.399,199745.0,512160,sh,MSCI中国A股ETF南方
2021-05-26,1.45,1.45,1.458,1.447,263618.0,512160,sh,MSCI中国A股ETF南方
2021-05-27,1.444,1.46,1.472,1.441,167974.0,512160,sh,MSCI中国A股ETF南方
2021-05-28,1.461,1.458,1.471,1.447,178411.0,512160,sh,MSCI中国A股ETF南方
2021-05-31,1.467,1.462,1.467,1.445,165609.0,512160,sh,MSCI中国A股ETF南方
2021-06-01,1.457,1.47,1.47,1.444,153375.0,512160,sh,MSCI中国A股ETF南方
2021-06-02,1.466,1.454,1.472,1.448,121429.0,512160,sh,MSCI中国A股ETF南方
2021-06-03,1.45,1.446,1.464,1.445,153525.0,512160,sh,MSCI中国A股ETF南方
2021-06-04,1.442,1.456,1.473,1.432,150824.0,512160,sh,MSCI中国A股ETF南方
2021-06-07,1.458,1.456,1.458,1.446,45179.0,512160,sh,MSCI中国A股ETF南方
2021-06-08,1.457,1.443,1.473,1.433,104719.0,512160,sh,MSCI中国A股ETF南方
2021-06-09,1.445,1.445,1.45,1.438,59757.0,512160,sh,MSCI中国A股ETF南方
2021-06-10,1.447,1.461,1.469,1.445,97759.0,512160,sh,MSCI中国A股ETF南方
2021-06-11,1.462,1.451,1.462,1.444,78973.0,512160,sh,MSCI中国A股ETF南方
2021-06-15,1.447,1.43,1.45,1.42,152616.0,512160,sh,MSCI中国A股ETF南方
2021-06-16,1.438,1.4,1.438,1.398,118740.0,512160,sh,MSCI中国A股ETF南方
2021-06-17,1.409,1.41,1.417,1.402,118137.0,512160,sh,MSCI中国A股ETF南方
2021-06-18,1.41,1.416,1.423,1.402,138405.0,512160,sh,MSCI中国A股ETF南方
2021-06-21,1.415,1.415,1.425,1.402,102030.0,512160,sh,MSCI中国A股ETF南方
2021-06-22,1.416,1.428,1.429,1.415,193329.0,512160,sh,MSCI中国A股ETF南方
2021-06-23,1.434,1.44,1.445,1.427,167970.0,512160,sh,MSCI中国A股ETF南方
2021-06-24,1.44,1.441,1.444,1.43,194922.0,512160,sh,MSCI中国A股ETF南方
2021-06-25,1.441,1.468,1.472,1.441,201729.0,512160,sh,MSCI中国A股ETF南方
2021-06-28,1.468,1.473,1.475,1.465,163838.0,512160,sh,MSCI中国A股ETF南方
2021-06-29,1.474,1.458,1.477,1.457,176809.0,512160,sh,MSCI中国A股ETF南方
2021-06-30,1.46,1.473,1.475,1.459,142953.0,512160,sh,MSCI中国A股ETF南方
2021-07-01,1.48,1.471,1.483,1.463,110576.0,512160,sh,MSCI中国A股ETF南方
2021-07-02,1.464,1.428,1.468,1.426,176275.0,512160,sh,MSCI中国A股ETF南方
2021-07-05,1.428,1.433,1.435,1.421,151600.0,512160,sh,MSCI中国A股ETF南方
2021-07-06,1.428,1.433,1.437,1.413,192929.0,512160,sh,MSCI中国A股ETF南方
2021-07-07,1.432,1.453,1.455,1.422,152277.0,512160,sh,MSCI中国A股ETF南方
2021-07-08,1.454,1.439,1.458,1.435,172271.0,512160,sh,MSCI中国A股ETF南方
2021-07-09,1.431,1.435,1.438,1.411,129370.0,512160,sh,MSCI中国A股ETF南方
2021-07-12,1.439,1.461,1.469,1.439,117045.0,512160,sh,MSCI中国A股ETF南方
2021-07-13,1.463,1.466,1.471,1.456,115608.0,512160,sh,MSCI中国A股ETF南方
2021-07-14,1.462,1.45,1.462,1.445,133621.0,512160,sh,MSCI中国A股ETF南方
2021-07-15,1.447,1.47,1.473,1.443,181964.0,512160,sh,MSCI中国A股ETF南方
2021-07-16,1.463,1.449,1.471,1.448,187054.0,512160,sh,MSCI中国A股ETF南方
2021-07-19,1.445,1.456,1.456,1.435,161725.0,512160,sh,MSCI中国A股ETF南方
2021-07-20,1.448,1.45,1.454,1.44,176354.0,512160,sh,MSCI中国A股ETF南方
2021-07-21,1.452,1.469,1.473,1.452,224693.0,512160,sh,MSCI中国A股ETF南方
2021-07-22,1.469,1.471,1.477,1.467,172531.0,512160,sh,MSCI中国A股ETF南方
2021-07-23,1.467,1.459,1.472,1.452,152497.0,512160,sh,MSCI中国A股ETF南方
2021-07-26,1.458,1.405,1.458,1.38,224313.0,512160,sh,MSCI中国A股ETF南方
2021-07-27,1.392,1.346,1.413,1.344,221169.0,512160,sh,MSCI中国A股ETF南方
2021-07-28,1.341,1.345,1.358,1.315,294440.0,512160,sh,MSCI中国A股ETF南方
2021-07-29,1.36,1.38,1.384,1.36,280682.0,512160,sh,MSCI中国A股ETF南方
2021-07-30,1.38,1.369,1.38,1.355,192959.0,512160,sh,MSCI中国A股ETF南方
2021-08-02,1.364,1.409,1.411,1.355,195002.0,512160,sh,MSCI中国A股ETF南方
2021-08-03,1.409,1.405,1.414,1.394,205575.0,512160,sh,MSCI中国A股ETF南方
2021-08-04,1.402,1.42,1.423,1.398,212176.0,512160,sh,MSCI中国A股ETF南方
2021-08-05,1.41,1.416,1.43,1.407,141214.0,512160,sh,MSCI中国A股ETF南方
2021-08-06,1.42,1.41,1.42,1.4,155717.0,512160,sh,MSCI中国A股ETF南方
2021-08-09,1.405,1.422,1.43,1.393,181253.0,512160,sh,MSCI中国A股ETF南方
2021-08-10,1.424,1.446,1.447,1.412,194532.0,512160,sh,MSCI中国A股ETF南方
2021-08-11,1.447,1.44,1.45,1.437,155864.0,512160,sh,MSCI中国A股ETF南方
2021-08-12,1.439,1.43,1.441,1.423,89992.0,512160,sh,MSCI中国A股ETF南方
2021-08-13,1.425,1.424,1.441,1.415,138563.0,512160,sh,MSCI中国A股ETF南方
2021-08-16,1.423,1.416,1.428,1.415,142067.0,512160,sh,MSCI中国A股ETF南方
2021-08-17,1.415,1.381,1.426,1.377,142957.0,512160,sh,MSCI中国A股ETF南方
2021-08-18,1.372,1.399,1.405,1.372,149167.0,512160,sh,MSCI中国A股ETF南方
2021-08-19,1.399,1.392,1.399,1.382,165661.0,512160,sh,MSCI中国A股ETF南方
2021-08-20,1.393,1.363,1.393,1.344,153665.0,512160,sh,MSCI中国A股ETF南方
2021-08-23,1.367,1.386,1.39,1.364,150773.0,512160,sh,MSCI中国A股ETF南方
2021-08-24,1.391,1.408,1.416,1.39,174629.0,512160,sh,MSCI中国A股ETF南方
2021-08-25,1.408,1.418,1.418,1.401,183183.0,512160,sh,MSCI中国A股ETF南方
2021-08-26,1.418,1.396,1.421,1.393,156725.0,512160,sh,MSCI中国A股ETF南方
2021-08-27,1.391,1.398,1.408,1.388,169343.0,512160,sh,MSCI中国A股ETF南方
2021-08-30,1.398,1.391,1.402,1.385,181449.0,512160,sh,MSCI中国A股ETF南方
2021-08-31,1.386,1.39,1.395,1.37,151292.0,512160,sh,MSCI中国A股ETF南方
2021-09-01,1.391,1.407,1.42,1.378,214683.0,512160,sh,MSCI中国A股ETF南方
2021-09-02,1.407,1.41,1.413,1.404,185259.0,512160,sh,MSCI中国A股ETF南方
2021-09-03,1.41,1.4,1.415,1.396,257471.0,512160,sh,MSCI中国A股ETF南方
2021-09-06,1.4,1.435,1.436,1.4,255091.0,512160,sh,MSCI中国A股ETF南方
2021-09-07,1.433,1.457,1.463,1.426,286806.0,512160,sh,MSCI中国A股ETF南方
2021-09-08,1.466,1.446,1.466,1.44,242102.0,512160,sh,MSCI中国A股ETF南方
2021-09-09,1.446,1.45,1.451,1.436,232493.0,512160,sh,MSCI中国A股ETF南方
2021-09-10,1.445,1.464,1.473,1.443,262579.0,512160,sh,MSCI中国A股ETF南方
2021-09-13,1.465,1.453,1.468,1.442,272756.0,512160,sh,MSCI中国A股ETF南方
2021-09-14,1.454,1.437,1.465,1.433,220275.0,512160,sh,MSCI中国A股ETF南方
2021-09-15,1.434,1.426,1.437,1.42,187239.0,512160,sh,MSCI中国A股ETF南方
2021-09-16,1.428,1.398,1.431,1.398,250012.0,512160,sh,MSCI中国A股ETF南方
2021-09-17,1.398,1.417,1.418,1.381,242955.0,512160,sh,MSCI中国A股ETF南方
2021-09-22,1.392,1.409,1.41,1.381,182003.0,512160,sh,MSCI中国A股ETF南方
2021-09-23,1.414,1.415,1.425,1.41,193255.0,512160,sh,MSCI中国A股ETF南方
2021-09-24,1.415,1.414,1.432,1.411,191886.0,512160,sh,MSCI中国A股ETF南方
2021-09-27,1.413,1.422,1.439,1.411,234938.0,512160,sh,MSCI中国A股ETF南方
2021-09-28,1.422,1.421,1.429,1.411,212701.0,512160,sh,MSCI中国A股ETF南方
2021-09-29,1.416,1.41,1.416,1.392,332369.0,512160,sh,MSCI中国A股ETF南方
2021-09-30,1.407,1.416,1.42,1.405,252841.0,512160,sh,MSCI中国A股ETF南方
2021-10-08,1.425,1.434,1.438,1.425,255364.0,512160,sh,MSCI中国A股ETF南方
2021-10-11,1.434,1.428,1.446,1.428,242648.0,512160,sh,MSCI中国A股ETF南方
2021-10-12,1.424,1.409,1.424,1.395,223127.0,512160,sh,MSCI中国A股ETF南方
2021-10-13,1.405,1.43,1.435,1.396,244269.0,512160,sh,MSCI中国A股ETF南方
2021-10-14,1.43,1.423,1.437,1.422,245635.0,512160,sh,MSCI中国A股ETF南方
2021-10-15,1.42,1.437,1.437,1.419,219499.0,512160,sh,MSCI中国A股ETF南方
2021-10-18,1.438,1.423,1.438,1.41,273673.0,512160,sh,MSCI中国A股ETF南方
2021-10-19,1.423,1.438,1.44,1.423,202716.0,512160,sh,MSCI中国A股ETF南方
2021-10-20,1.438,1.437,1.444,1.431,170601.0,512160,sh,MSCI中国A股ETF南方
2021-10-21,1.437,1.44,1.449,1.429,218581.0,512160,sh,MSCI中国A股ETF南方
2021-10-22,1.444,1.445,1.458,1.44,234229.0,512160,sh,MSCI中国A股ETF南方
2021-10-25,1.458,1.457,1.46,1.442,212971.0,512160,sh,MSCI中国A股ETF南方
2021-10-26,1.459,1.45,1.467,1.449,207269.0,512160,sh,MSCI中国A股ETF南方
2021-10-27,1.45,1.431,1.45,1.429,184767.0,512160,sh,MSCI中国A股ETF南方
2021-10-28,1.436,1.424,1.436,1.413,192379.0,512160,sh,MSCI中国A股ETF南方
2021-10-29,1.42,1.44,1.44,1.416,218316.0,512160,sh,MSCI中国A股ETF南方
2021-11-01,1.439,1.431,1.44,1.421,174787.0,512160,sh,MSCI中国A股ETF南方
2021-11-02,1.431,1.417,1.441,1.401,244532.0,512160,sh,MSCI中国A股ETF南方
2021-11-03,1.414,1.413,1.424,1.407,179312.0,512160,sh,MSCI中国A股ETF南方
2021-11-04,1.41,1.429,1.43,1.41,172082.0,512160,sh,MSCI中国A股ETF南方
2021-11-05,1.43,1.42,1.435,1.41,167635.0,512160,sh,MSCI中国A股ETF南方
2021-11-08,1.412,1.419,1.428,1.412,155310.0,512160,sh,MSCI中国A股ETF南方
2021-11-09,1.422,1.421,1.428,1.412,171666.0,512160,sh,MSCI中国A股ETF南方
2021-11-10,1.422,1.411,1.422,1.387,242123.0,512160,sh,MSCI中国A股ETF南方
2021-11-11,1.411,1.433,1.435,1.409,173676.0,512160,sh,MSCI中国A股ETF南方
2021-11-12,1.433,1.431,1.439,1.427,182006.0,512160,sh,MSCI中国A股ETF南方
2021-11-15,1.43,1.426,1.436,1.419,196570.0,512160,sh,MSCI中国A股ETF南方
2021-11-16,1.425,1.426,1.437,1.424,203278.0,512160,sh,MSCI中国A股ETF南方
2021-11-17,1.427,1.427,1.43,1.421,209170.0,512160,sh,MSCI中国A股ETF南方
2021-11-18,1.426,1.415,1.426,1.409,202718.0,512160,sh,MSCI中国A股ETF南方
2021-11-19,1.416,1.437,1.438,1.416,174493.0,512160,sh,MSCI中国A股ETF南方
2021-11-22,1.437,1.451,1.452,1.437,183223.0,512160,sh,MSCI中国A股ETF南方
2021-11-23,1.451,1.449,1.455,1.446,118062.0,512160,sh,MSCI中国A股ETF南方
2021-11-24,1.448,1.451,1.453,1.443,258076.0,512160,sh,MSCI中国A股ETF南方
2021-11-25,1.45,1.444,1.452,1.442,233861.0,512160,sh,MSCI中国A股ETF南方
2021-11-26,1.444,1.438,1.444,1.43,279757.0,512160,sh,MSCI中国A股ETF南方
2021-11-29,1.428,1.434,1.439,1.42,287920.0,512160,sh,MSCI中国A股ETF南方
2021-11-30,1.434,1.429,1.441,1.422,318972.0,512160,sh,MSCI中国A股ETF南方
2021-12-01,1.429,1.434,1.436,1.426,247513.0,512160,sh,MSCI中国A股ETF南方
2021-12-02,1.432,1.433,1.442,1.429,199851.0,512160,sh,MSCI中国A股ETF南方
2021-12-03,1.434,1.451,1.451,1.433,219599.0,512160,sh,MSCI中国A股ETF南方
2021-12-06,1.452,1.442,1.461,1.44,249473.0,512160,sh,MSCI中国A股ETF南方
2021-12-07,1.45,1.443,1.453,1.437,265571.0,512160,sh,MSCI中国A股ETF南方
2021-12-08,1.443,1.474,1.474,1.44,261557.0,512160,sh,MSCI中国A股ETF南方
2021-12-09,1.476,1.494,1.502,1.468,226637.0,512160,sh,MSCI中国A股ETF南方
2021-12-10,1.495,1.486,1.495,1.479,217982.0,512160,sh,MSCI中国A股ETF南方
2021-12-13,1.491,1.498,1.517,1.491,237899.0,512160,sh,MSCI中国A股ETF南方
2021-12-14,1.491,1.485,1.492,1.481,277161.0,512160,sh,MSCI中国A股ETF南方
2021-12-15,1.484,1.474,1.49,1.472,260946.0,512160,sh,MSCI中国A股ETF南方
2021-12-16,1.475,1.481,1.481,1.468,208972.0,512160,sh,MSCI中国A股ETF南方
2021-12-17,1.481,1.463,1.485,1.459,259710.0,512160,sh,MSCI中国A股ETF南方
2021-12-20,1.463,1.439,1.468,1.43,276853.0,512160,sh,MSCI中国A股ETF南方
2021-12-21,1.435,1.442,1.443,1.429,259124.0,512160,sh,MSCI中国A股ETF南方
2021-12-22,1.443,1.447,1.453,1.443,212722.0,512160,sh,MSCI中国A股ETF南方
2021-12-23,1.447,1.457,1.458,1.445,206699.0,512160,sh,MSCI中国A股ETF南方
2021-12-24,1.461,1.45,1.463,1.441,223366.0,512160,sh,MSCI中国A股ETF南方
2021-12-27,1.45,1.449,1.453,1.438,236794.0,512160,sh,MSCI中国A股ETF南方
2021-12-28,1.444,1.455,1.457,1.443,253274.0,512160,sh,MSCI中国A股ETF南方
2021-12-29,1.458,1.43,1.458,1.43,252417.0,512160,sh,MSCI中国A股ETF南方
2021-12-30,1.43,1.446,1.451,1.43,241781.0,512160,sh,MSCI中国A股ETF南方
2021-12-31,1.444,1.447,1.456,1.444,208176.0,512160,sh,MSCI中国A股ETF南方
2022-01-04,1.447,1.444,1.458,1.429,281396.0,512160,sh,MSCI中国A股ETF南方
2022-01-05,1.436,1.423,1.438,1.416,273966.0,512160,sh,MSCI中国A股ETF南方
2022-01-06,1.412,1.409,1.417,1.393,285772.0,512160,sh,MSCI中国A股ETF南方
2022-01-07,1.409,1.404,1.418,1.4,273675.0,512160,sh,MSCI中国A股ETF南方
2022-01-10,1.4,1.407,1.411,1.389,256045.0,512160,sh,MSCI中国A股ETF南方
2022-01-11,1.41,1.395,1.412,1.392,239137.0,512160,sh,MSCI中国A股ETF南方
2022-01-12,1.399,1.413,1.414,1.399,227439.0,512160,sh,MSCI中国A股ETF南方
2022-01-13,1.413,1.387,1.413,1.386,242247.0,512160,sh,MSCI中国A股ETF南方
2022-01-14,1.386,1.373,1.386,1.371,273803.0,512160,sh,MSCI中国A股ETF南方
2022-01-17,1.364,1.386,1.389,1.364,216889.0,512160,sh,MSCI中国A股ETF南方
2022-01-18,1.382,1.399,1.404,1.38,217150.0,512160,sh,MSCI中国A股ETF南方
2022-01-19,1.404,1.393,1.406,1.381,265793.0,512160,sh,MSCI中国A股ETF南方
2022-01-20,1.394,1.401,1.406,1.388,310412.0,512160,sh,MSCI中国A股ETF南方
2022-01-21,1.403,1.383,1.403,1.378,243199.0,512160,sh,MSCI中国A股ETF南方
2022-01-24,1.371,1.385,1.391,1.371,182360.0,512160,sh,MSCI中国A股ETF南方
2022-01-25,1.385,1.347,1.385,1.345,209985.0,512160,sh,MSCI中国A股ETF南方
2022-01-26,1.352,1.359,1.36,1.338,218745.0,512160,sh,MSCI中国A股ETF南方
2022-01-27,1.359,1.334,1.359,1.325,260346.0,512160,sh,MSCI中国A股ETF南方
2022-01-28,1.334,1.304,1.34,1.302,280133.0,512160,sh,MSCI中国A股ETF南方
2022-02-07,1.308,1.331,1.342,1.308,210368.0,512160,sh,MSCI中国A股ETF南方
2022-02-08,1.323,1.323,1.323,1.291,233804.0,512160,sh,MSCI中国A股ETF南方
2022-02-09,1.318,1.338,1.34,1.315,259186.0,512160,sh,MSCI中国A股ETF南方
2022-02-10,1.347,1.334,1.347,1.325,188747.0,512160,sh,MSCI中国A股ETF南方
2022-02-11,1.33,1.32,1.342,1.318,223789.0,512160,sh,MSCI中国A股ETF南方
2022-02-14,1.317,1.303,1.319,1.296,189473.0,512160,sh,MSCI中国A股ETF南方
2022-02-15,1.302,1.32,1.321,1.302,224122.0,512160,sh,MSCI中国A股ETF南方
2022-02-16,1.32,1.327,1.336,1.32,191291.0,512160,sh,MSCI中国A股ETF南方
2022-02-17,1.327,1.335,1.34,1.325,210794.0,512160,sh,MSCI中国A股ETF南方
2022-02-18,1.335,1.343,1.345,1.321,194157.0,512160,sh,MSCI中国A股ETF南方
2022-02-21,1.334,1.338,1.341,1.331,201327.0,512160,sh,MSCI中国A股ETF南方
2022-02-22,1.34,1.317,1.34,1.309,230950.0,512160,sh,MSCI中国A股ETF南方
2022-02-23,1.321,1.336,1.337,1.321,205129.0,512160,sh,MSCI中国A股ETF南方
2022-02-24,1.334,1.311,1.335,1.293,266466.0,512160,sh,MSCI中国A股ETF南方
2022-02-25,1.33,1.321,1.335,1.317,237015.0,512160,sh,MSCI中国A股ETF南方
2022-02-28,1.322,1.325,1.325,1.309,229934.0,512160,sh,MSCI中国A股ETF南方
2022-03-01,1.325,1.339,1.343,1.325,252136.0,512160,sh,MSCI中国A股ETF南方
2022-03-02,1.334,1.327,1.334,1.32,150628.0,512160,sh,MSCI中国A股ETF南方
2022-03-03,1.33,1.316,1.33,1.313,204282.0,512160,sh,MSCI中国A股ETF南方
2022-03-04,1.293,1.297,1.312,1.293,165365.0,512160,sh,MSCI中国A股ETF南方
2022-03-07,1.29,1.25,1.295,1.24,189681.0,512160,sh,MSCI中国A股ETF南方
2022-03-08,1.254,1.218,1.278,1.211,205015.0,512160,sh,MSCI中国A股ETF南方
2022-03-09,1.212,1.195,1.229,1.145,201001.0,512160,sh,MSCI中国A股ETF南方
2022-03-10,1.215,1.225,1.238,1.211,208783.0,512160,sh,MSCI中国A股ETF南方
2022-03-11,1.221,1.235,1.235,1.171,240239.0,512160,sh,MSCI中国A股ETF南方
2022-03-14,1.195,1.189,1.235,1.186,233653.0,512160,sh,MSCI中国A股ETF南方
2022-03-15,1.19,1.116,1.19,1.113,209320.0,512160,sh,MSCI中国A股ETF南方
2022-03-16,1.136,1.173,1.178,1.098,200877.0,512160,sh,MSCI中国A股ETF南方
2022-03-17,1.188,1.201,1.223,1.187,207020.0,512160,sh,MSCI中国A股ETF南方
2022-03-18,1.201,1.214,1.217,1.188,188237.0,512160,sh,MSCI中国A股ETF南方
2022-03-21,1.211,1.211,1.22,1.198,185317.0,512160,sh,MSCI中国A股ETF南方
2022-03-22,1.209,1.209,1.22,1.205,176260.0,512160,sh,MSCI中国A股ETF南方
2022-03-23,1.209,1.217,1.22,1.208,175187.0,512160,sh,MSCI中国A股ETF南方
2022-03-24,1.212,1.209,1.216,1.198,149043.0,512160,sh,MSCI中国A股ETF南方
2022-03-25,1.204,1.182,1.211,1.182,160715.0,512160,sh,MSCI中国A股ETF南方
2022-03-28,1.182,1.172,1.183,1.153,163365.0,512160,sh,MSCI中国A股ETF南方
2022-03-29,1.179,1.168,1.183,1.166,189064.0,512160,sh,MSCI中国A股ETF南方
2022-03-30,1.171,1.206,1.207,1.17,118062.0,512160,sh,MSCI中国A股ETF南方
2022-03-31,1.204,1.196,1.205,1.193,150931.0,512160,sh,MSCI中国A股ETF南方
2022-04-01,1.191,1.213,1.219,1.183,126331.0,512160,sh,MSCI中国A股ETF南方
2022-04-06,1.21,1.207,1.211,1.196,130465.0,512160,sh,MSCI中国A股ETF南方
2022-04-07,1.202,1.192,1.212,1.187,211313.0,512160,sh,MSCI中国A股ETF南方
2022-04-08,1.187,1.194,1.198,1.176,201929.0,512160,sh,MSCI中国A股ETF南方
2022-04-11,1.181,1.151,1.181,1.145,220532.0,512160,sh,MSCI中国A股ETF南方
2022-04-12,1.147,1.176,1.178,1.144,207164.0,512160,sh,MSCI中国A股ETF南方
2022-04-13,1.176,1.162,1.18,1.149,177544.0,512160,sh,MSCI中国A股ETF南方
2022-04-14,1.171,1.18,1.188,1.166,177109.0,512160,sh,MSCI中国A股ETF南方
2022-04-15,1.18,1.178,1.185,1.167,166577.0,512160,sh,MSCI中国A股ETF南方
2022-04-18,1.173,1.169,1.173,1.155,206517.0,512160,sh,MSCI中国A股ETF南方
2022-04-19,1.174,1.163,1.178,1.153,205291.0,512160,sh,MSCI中国A股ETF南方
2022-04-20,1.159,1.139,1.159,1.134,173288.0,512160,sh,MSCI中国A股ETF南方
2022-04-21,1.134,1.11,1.16,1.103,213820.0,512160,sh,MSCI中国A股ETF南方
2022-04-22,1.105,1.11,1.122,1.095,227323.0,512160,sh,MSCI中国A股ETF南方
2022-04-25,1.105,1.05,1.105,1.043,243913.0,512160,sh,MSCI中国A股ETF南方
2022-04-26,1.055,1.03,1.059,1.026,234377.0,512160,sh,MSCI中国A股ETF南方
2022-04-27,1.025,1.07,1.07,1.021,247989.0,512160,sh,MSCI中国A股ETF南方
2022-04-28,1.065,1.076,1.085,1.062,195224.0,512160,sh,MSCI中国A股ETF南方
2022-04-29,1.08,1.11,1.113,0.989,169636.0,512160,sh,MSCI中国A股ETF南方
2022-05-05,1.11,1.112,1.124,1.104,169341.0,512160,sh,MSCI中国A股ETF南方
2022-05-06,1.107,1.079,1.107,1.074,149741.0,512160,sh,MSCI中国A股ETF南方
2022-05-09,1.074,1.068,1.08,1.062,153318.0,512160,sh,MSCI中国A股ETF南方
2022-05-10,1.063,1.083,1.087,1.047,189571.0,512160,sh,MSCI中国A股ETF南方
2022-05-11,1.085,1.104,1.123,1.084,178710.0,512160,sh,MSCI中国A股ETF南方
2022-05-12,1.1,1.1,1.11,1.093,175830.0,512160,sh,MSCI中国A股ETF南方
2022-05-13,1.101,1.113,1.118,1.101,143909.0,512160,sh,MSCI中国A股ETF南方
2022-05-16,1.118,1.104,1.123,1.102,166931.0,512160,sh,MSCI中国A股ETF南方
2022-05-17,1.104,1.119,1.119,1.104,162745.0,512160,sh,MSCI中国A股ETF南方
2022-05-18,1.125,1.118,1.125,1.107,166138.0,512160,sh,MSCI中国A股ETF南方
2022-05-19,1.11,1.122,1.122,1.1,101105.0,512160,sh,MSCI中国A股ETF南方
2022-05-20,1.121,1.149,1.149,1.121,149066.0,512160,sh,MSCI中国A股ETF南方
2022-05-23,1.145,1.14,1.148,1.134,151477.0,512160,sh,MSCI中国A股ETF南方
2022-05-24,1.137,1.111,1.142,1.11,149306.0,512160,sh,MSCI中国A股ETF南方
2022-05-25,1.114,1.116,1.124,1.106,162558.0,512160,sh,MSCI中国A股ETF南方
2022-05-26,1.111,1.123,1.129,1.102,175742.0,512160,sh,MSCI中国A股ETF南方
2022-05-27,1.125,1.124,1.144,1.119,157469.0,512160,sh,MSCI中国A股ETF南方
2022-05-30,1.124,1.134,1.138,1.124,163121.0,512160,sh,MSCI中国A股ETF南方
2022-05-31,1.135,1.156,1.16,1.132,131726.0,512160,sh,MSCI中国A股ETF南方
2022-06-01,1.156,1.154,1.16,1.148,134513.0,512160,sh,MSCI中国A股ETF南方
2022-06-02,1.14,1.16,1.165,1.09,121844.0,512160,sh,MSCI中国A股ETF南方
2022-06-06,1.16,1.188,1.189,1.157,126075.0,512160,sh,MSCI中国A股ETF南方
2022-06-07,1.183,1.195,1.2,1.183,119918.0,512160,sh,MSCI中国A股ETF南方
2022-06-08,1.193,1.209,1.212,1.189,145277.0,512160,sh,MSCI中国A股ETF南方
2022-06-09,1.214,1.196,1.214,1.191,115684.0,512160,sh,MSCI中国A股ETF南方
2022-06-10,1.188,1.219,1.222,1.186,116043.0,512160,sh,MSCI中国A股ETF南方
2022-06-13,1.196,1.204,1.211,1.193,120784.0,512160,sh,MSCI中国A股ETF南方
2022-06-14,1.199,1.218,1.218,1.175,139621.0,512160,sh,MSCI中国A股ETF南方
2022-06-15,1.223,1.231,1.259,1.219,135454.0,512160,sh,MSCI中国A股ETF南方
2022-06-16,1.238,1.222,1.24,1.218,116408.0,512160,sh,MSCI中国A股ETF南方
2022-06-17,1.217,1.246,1.247,1.216,140001.0,512160,sh,MSCI中国A股ETF南方
2022-06-20,1.239,1.25,1.262,1.239,133460.0,512160,sh,MSCI中国A股ETF南方
2022-06-21,1.245,1.246,1.258,1.234,158957.0,512160,sh,MSCI中国A股ETF南方
2022-06-22,1.247,1.23,1.249,1.228,128631.0,512160,sh,MSCI中国A股ETF南方
2022-06-23,1.222,1.254,1.255,1.222,131366.0,512160,sh,MSCI中国A股ETF南方
2022-06-24,1.249,1.272,1.276,1.249,151556.0,512160,sh,MSCI中国A股ETF南方
2022-06-27,1.272,1.291,1.303,1.272,503412.0,512160,sh,MSCI中国A股ETF南方
2022-06-28,1.285,1.305,1.308,1.279,147340.0,512160,sh,MSCI中国A股ETF南方
2022-06-29,1.299,1.281,1.31,1.28,142969.0,512160,sh,MSCI中国A股ETF南方
2022-06-30,1.281,1.304,1.316,1.281,158800.0,512160,sh,MSCI中国A股ETF南方
2022-07-01,1.306,1.301,1.31,1.295,103509.0,512160,sh,MSCI中国A股ETF南方
2022-07-04,1.296,1.311,1.312,1.289,114466.0,512160,sh,MSCI中国A股ETF南方
2022-07-05,1.315,1.311,1.325,1.293,102222.0,512160,sh,MSCI中国A股ETF南方
2022-07-06,1.311,1.289,1.311,1.276,113807.0,512160,sh,MSCI中国A股ETF南方
2022-07-07,1.28,1.297,1.3,1.277,105911.0,512160,sh,MSCI中国A股ETF南方
2022-07-08,1.304,1.293,1.309,1.293,124574.0,512160,sh,MSCI中国A股ETF南方
2022-07-11,1.292,1.268,1.292,1.259,124120.0,512160,sh,MSCI中国A股ETF南方
2022-07-12,1.267,1.254,1.273,1.249,108559.0,512160,sh,MSCI中国A股ETF南方
2022-07-13,1.257,1.258,1.263,1.244,89089.0,512160,sh,MSCI中国A股ETF南方
2022-07-14,1.251,1.26,1.268,1.248,97129.0,512160,sh,MSCI中国A股ETF南方
2022-07-15,1.261,1.24,1.273,1.24,139954.0,512160,sh,MSCI中国A股ETF南方
2022-07-18,1.245,1.257,1.26,1.23,194004.0,512160,sh,MSCI中国A股ETF南方
2022-07-19,1.252,1.253,1.255,1.239,142101.0,512160,sh,MSCI中国A股ETF南方
2022-07-20,1.253,1.258,1.263,1.253,137860.0,512160,sh,MSCI中国A股ETF南方
2022-07-21,1.258,1.244,1.259,1.243,129391.0,512160,sh,MSCI中国A股ETF南方
2022-07-22,1.248,1.242,1.256,1.228,145391.0,512160,sh,MSCI中国A股ETF南方
2022-07-25,1.238,1.231,1.24,1.227,148255.0,512160,sh,MSCI中国A股ETF南方
2022-07-26,1.234,1.241,1.248,1.231,118101.0,512160,sh,MSCI中国A股ETF南方
2022-07-27,1.24,1.236,1.241,1.232,113655.0,512160,sh,MSCI中国A股ETF南方
2022-07-28,1.242,1.237,1.253,1.236,120835.0,512160,sh,MSCI中国A股ETF南方
2022-07-29,1.236,1.219,1.244,1.213,115327.0,512160,sh,MSCI中国A股ETF南方
2022-08-01,1.214,1.225,1.227,1.204,87965.0,512160,sh,MSCI中国A股ETF南方
2022-08-02,1.22,1.196,1.22,1.183,153665.0,512160,sh,MSCI中国A股ETF南方
2022-08-03,1.195,1.181,1.215,1.181,129143.0,512160,sh,MSCI中国A股ETF南方
2022-08-04,1.183,1.193,1.195,1.181,118555.0,512160,sh,MSCI中国A股ETF南方
2022-08-05,1.196,1.214,1.216,1.194,106077.0,512160,sh,MSCI中国A股ETF南方
2022-08-08,1.224,1.217,1.224,1.208,83079.0,512160,sh,MSCI中国A股ETF南方
2022-08-09,1.212,1.219,1.22,1.211,107562.0,512160,sh,MSCI中国A股ETF南方
2022-08-10,1.218,1.205,1.221,1.2,97566.0,512160,sh,MSCI中国A股ETF南方
2022-08-11,1.207,1.234,1.235,1.207,106510.0,512160,sh,MSCI中国A股ETF南方
2022-08-12,1.229,1.233,1.238,1.222,138730.0,512160,sh,MSCI中国A股ETF南方
2022-08-15,1.233,1.233,1.243,1.23,80002.0,512160,sh,MSCI中国A股ETF南方
2022-08-16,1.237,1.232,1.243,1.23,106547.0,512160,sh,MSCI中国A股ETF南方
2022-08-17,1.234,1.245,1.247,1.224,88465.0,512160,sh,MSCI中国A股ETF南方
2022-08-18,1.245,1.232,1.245,1.23,77786.0,512160,sh,MSCI中国A股ETF南方
2022-08-19,1.232,1.224,1.235,1.223,74546.0,512160,sh,MSCI中国A股ETF南方
2022-08-22,1.222,1.236,1.236,1.219,84148.0,512160,sh,MSCI中国A股ETF南方
2022-08-23,1.237,1.23,1.238,1.225,90175.0,512160,sh,MSCI中国A股ETF南方
2022-08-24,1.231,1.202,1.233,1.2,116796.0,512160,sh,MSCI中国A股ETF南方
2022-08-25,1.204,1.214,1.216,1.194,133087.0,512160,sh,MSCI中国A股ETF南方
2022-08-26,1.215,1.211,1.222,1.211,103412.0,512160,sh,MSCI中国A股ETF南方
2022-08-29,1.215,1.204,1.215,1.196,101729.0,512160,sh,MSCI中国A股ETF南方
2022-08-30,1.204,1.199,1.204,1.188,89967.0,512160,sh,MSCI中国A股ETF南方
2022-08-31,1.197,1.196,1.21,1.188,176283.0,512160,sh,MSCI中国A股ETF南方
2022-09-01,1.196,1.182,1.197,1.18,92445.0,512160,sh,MSCI中国A股ETF南方
2022-09-02,1.181,1.176,1.185,1.17,99294.0,512160,sh,MSCI中国A股ETF南方
2022-09-05,1.172,1.175,1.175,1.16,122964.0,512160,sh,MSCI中国A股ETF南方
2022-09-06,1.177,1.19,1.191,1.174,134373.0,512160,sh,MSCI中国A股ETF南方
2022-09-07,1.186,1.193,1.196,1.184,95340.0,512160,sh,MSCI中国A股ETF南方
2022-09-08,1.193,1.186,1.195,1.186,79110.0,512160,sh,MSCI中国A股ETF南方
2022-09-09,1.191,1.207,1.208,1.191,86281.0,512160,sh,MSCI中国A股ETF南方
2022-09-13,1.205,1.209,1.218,1.205,85163.0,512160,sh,MSCI中国A股ETF南方
2022-09-14,1.209,1.193,1.209,1.189,65366.0,512160,sh,MSCI中国A股ETF南方
2022-09-15,1.193,1.175,1.203,1.168,116151.0,512160,sh,MSCI中国A股ETF南方
2022-09-16,1.171,1.143,1.171,1.141,103712.0,512160,sh,MSCI中国A股ETF南方
2022-09-19,1.142,1.137,1.157,1.135,122786.0,512160,sh,MSCI中国A股ETF南方
2022-09-20,1.144,1.142,1.151,1.138,63619.0,512160,sh,MSCI中国A股ETF南方
2022-09-21,1.132,1.134,1.141,1.126,113375.0,512160,sh,MSCI中国A股ETF南方
2022-09-22,1.121,1.123,1.132,1.119,92726.0,512160,sh,MSCI中国A股ETF南方
2022-09-23,1.125,1.117,1.129,1.108,46288.0,512160,sh,MSCI中国A股ETF南方
2022-09-26,1.112,1.112,1.131,1.108,107752.0,512160,sh,MSCI中国A股ETF南方
2022-09-27,1.122,1.13,1.134,1.11,86923.0,512160,sh,MSCI中国A股ETF南方
2022-09-28,1.125,1.11,1.126,1.11,113845.0,512160,sh,MSCI中国A股ETF南方
2022-09-29,1.119,1.107,1.125,1.102,72941.0,512160,sh,MSCI中国A股ETF南方
2022-09-30,1.096,1.1,1.117,1.096,79601.0,512160,sh,MSCI中国A股ETF南方
2022-10-10,1.095,1.071,1.097,1.068,101137.0,512160,sh,MSCI中国A股ETF南方
2022-10-11,1.094,1.071,1.094,1.066,213442.0,512160,sh,MSCI中国A股ETF南方
2022-10-12,1.07,1.092,1.093,1.046,140142.0,512160,sh,MSCI中国A股ETF南方
2022-10-13,1.082,1.084,1.095,1.081,97045.0,512160,sh,MSCI中国A股ETF南方
2022-10-14,1.097,1.121,1.124,1.095,104025.0,512160,sh,MSCI中国A股ETF南方
2022-10-17,1.121,1.118,1.121,1.104,55498.0,512160,sh,MSCI中国A股ETF南方
2022-10-18,1.122,1.118,1.126,1.113,94190.0,512160,sh,MSCI中国A股ETF南方
2022-10-19,1.113,1.097,1.119,1.096,53371.0,512160,sh,MSCI中国A股ETF南方
2022-10-20,1.092,1.09,1.107,1.08,130058.0,512160,sh,MSCI中国A股ETF南方
2022-10-21,1.094,1.088,1.095,1.081,44242.0,512160,sh,MSCI中国A股ETF南方
2022-10-24,1.084,1.05,1.087,1.045,43203.0,512160,sh,MSCI中国A股ETF南方
2022-10-25,1.045,1.047,1.062,1.036,45671.0,512160,sh,MSCI中国A股ETF南方
2022-10-26,1.05,1.056,1.069,1.05,120405.0,512160,sh,MSCI中国A股ETF南方
2022-10-27,1.062,1.048,1.067,1.046,162411.0,512160,sh,MSCI中国A股ETF南方
2022-10-28,1.047,1.015,1.047,1.01,69978.0,512160,sh,MSCI中国A股ETF南方
2022-10-31,1.01,1.002,1.018,0.995,49412.0,512160,sh,MSCI中国A股ETF南方
2022-11-01,1.005,1.047,1.048,1.005,126289.0,512160,sh,MSCI中国A股ETF南方
2022-11-02,1.042,1.064,1.074,1.04,161383.0,512160,sh,MSCI中国A股ETF南方
2022-11-03,1.059,1.054,1.062,1.047,82496.0,512160,sh,MSCI中国A股ETF南方
2022-11-04,1.063,1.1,1.106,1.063,113799.0,512160,sh,MSCI中国A股ETF南方
2022-11-07,1.095,1.102,1.108,1.091,99776.0,512160,sh,MSCI中国A股ETF南方
2022-11-08,1.1,1.091,1.104,1.083,55604.0,512160,sh,MSCI中国A股ETF南方
2022-11-09,1.092,1.08,1.096,1.079,64095.0,512160,sh,MSCI中国A股ETF南方
2022-11-10,1.072,1.074,1.078,1.067,71124.0,512160,sh,MSCI中国A股ETF南方
2022-11-11,1.08,1.107,1.122,1.08,84932.0,512160,sh,MSCI中国A股ETF南方
2022-11-14,1.107,1.103,1.123,1.099,111471.0,512160,sh,MSCI中国A股ETF南方
2022-11-15,1.1,1.13,1.132,1.099,72003.0,512160,sh,MSCI中国A股ETF南方
2022-11-16,1.13,1.12,1.133,1.117,72745.0,512160,sh,MSCI中国A股ETF南方
2022-11-17,1.112,1.113,1.114,1.098,64429.0,512160,sh,MSCI中国A股ETF南方
2022-11-18,1.115,1.109,1.12,1.107,104972.0,512160,sh,MSCI中国A股ETF南方
2022-11-21,1.097,1.098,1.098,1.085,85756.0,512160,sh,MSCI中国A股ETF南方
2022-11-22,1.1,1.097,1.111,1.091,108582.0,512160,sh,MSCI中国A股ETF南方
2022-11-23,1.092,1.097,1.102,1.089,126388.0,512160,sh,MSCI中国A股ETF南方
2022-11-24,1.096,1.093,1.104,1.091,60828.0,512160,sh,MSCI中国A股ETF南方
2022-11-25,1.093,1.097,1.102,1.087,85625.0,512160,sh,MSCI中国A股ETF南方
2022-11-28,1.085,1.084,1.085,1.062,38829.0,512160,sh,MSCI中国A股ETF南方
2022-11-29,1.085,1.122,1.124,1.085,98160.0,512160,sh,MSCI中国A股ETF南方
2022-11-30,1.118,1.121,1.125,1.116,33954.0,512160,sh,MSCI中国A股ETF南方
2022-12-01,1.126,1.137,1.154,1.126,56561.0,512160,sh,MSCI中国A股ETF南方
2022-12-02,1.136,1.13,1.139,1.129,57962.0,512160,sh,MSCI中国A股ETF南方
2022-12-05,1.14,1.151,1.153,1.138,68242.0,512160,sh,MSCI中国A股ETF南方
2022-12-06,1.145,1.155,1.163,1.145,81339.0,512160,sh,MSCI中国A股ETF南方
2022-12-07,1.154,1.154,1.169,1.148,98892.0,512160,sh,MSCI中国A股ETF南方
2022-12-08,1.151,1.154,1.158,1.148,91357.0,512160,sh,MSCI中国A股ETF南方
2022-12-09,1.154,1.164,1.167,1.149,75088.0,512160,sh,MSCI中国A股ETF南方
2022-12-12,1.158,1.149,1.159,1.149,60448.0,512160,sh,MSCI中国A股ETF南方
2022-12-13,1.147,1.145,1.152,1.145,83721.0,512160,sh,MSCI中国A股ETF南方
2022-12-14,1.15,1.15,1.156,1.145,82374.0,512160,sh,MSCI中国A股ETF南方
2022-12-15,1.152,1.147,1.152,1.14,84215.0,512160,sh,MSCI中国A股ETF南方
2022-12-16,1.145,1.143,1.148,1.139,81104.0,512160,sh,MSCI中国A股ETF南方
2022-12-19,1.144,1.123,1.149,1.118,49318.0,512160,sh,MSCI中国A股ETF南方
2022-12-20,1.118,1.102,1.119,1.096,62438.0,512160,sh,MSCI中国A股ETF南方
2022-12-21,1.106,1.102,1.11,1.099,57104.0,512160,sh,MSCI中国A股ETF南方
2022-12-22,1.109,1.101,1.118,1.097,55894.0,512160,sh,MSCI中国A股ETF南方
2022-12-23,1.101,1.099,1.104,1.091,40229.0,512160,sh,MSCI中国A股ETF南方
2022-12-26,1.1,1.104,1.11,1.1,83445.0,512160,sh,MSCI中国A股ETF南方
2022-12-27,1.135,1.121,1.135,1.111,73345.0,512160,sh,MSCI中国A股ETF南方
2022-12-28,1.117,1.117,1.121,1.111,59663.0,512160,sh,MSCI中国A股ETF南方
2022-12-29,1.115,1.111,1.115,1.106,64819.0,512160,sh,MSCI中国A股ETF南方
2022-12-30,1.121,1.117,1.121,1.115,100498.0,512160,sh,MSCI中国A股ETF南方
2023-01-03,1.111,1.124,1.127,1.104,68932.0,512160,sh,MSCI中国A股ETF南方
2023-01-04,1.121,1.124,1.129,1.119,91678.0,512160,sh,MSCI中国A股ETF南方
2023-01-05,1.128,1.149,1.152,1.128,98623.0,512160,sh,MSCI中国A股ETF南方
2023-01-06,1.152,1.155,1.161,1.15,73608.0,512160,sh,MSCI中国A股ETF南方
2023-01-09,1.162,1.169,1.172,1.161,126804.0,512160,sh,MSCI中国A股ETF南方
2023-01-10,1.166,1.169,1.172,1.164,87980.0,512160,sh,MSCI中国A股ETF南方
2023-01-11,1.169,1.167,1.178,1.166,88102.0,512160,sh,MSCI中国A股ETF南方
2023-01-12,1.169,1.166,1.172,1.163,54344.0,512160,sh,MSCI中国A股ETF南方
2023-01-13,1.17,1.186,1.187,1.17,92561.0,512160,sh,MSCI中国A股ETF南方
2023-01-16,1.185,1.204,1.22,1.185,62514.0,512160,sh,MSCI中国A股ETF南方
2023-01-17,1.208,1.204,1.22,1.2,72910.0,512160,sh,MSCI中国A股ETF南方
2023-01-18,1.208,1.206,1.21,1.204,129238.0,512160,sh,MSCI中国A股ETF南方
2023-01-19,1.202,1.208,1.212,1.197,396350.0,512160,sh,MSCI中国A股ETF南方
2023-01-20,1.212,1.216,1.22,1.212,118204.0,512160,sh,MSCI中国A股ETF南方
2023-01-30,1.24,1.224,1.244,1.222,59298.0,512160,sh,MSCI中国A股ETF南方
2023-01-31,1.223,1.214,1.227,1.21,125431.0,512160,sh,MSCI中国A股ETF南方
2023-02-01,1.216,1.224,1.224,1.206,149602.0,512160,sh,MSCI中国A股ETF南方
2023-02-02,1.226,1.22,1.227,1.212,59962.0,512160,sh,MSCI中国A股ETF南方
2023-02-03,1.22,1.212,1.22,1.2,70677.0,512160,sh,MSCI中国A股ETF南方
2023-02-06,1.2,1.195,1.2,1.19,70747.0,512160,sh,MSCI中国A股ETF南方
2023-02-07,1.196,1.198,1.201,1.192,119434.0,512160,sh,MSCI中国A股ETF南方
2023-02-08,1.2,1.194,1.2,1.192,106828.0,512160,sh,MSCI中国A股ETF南方
2023-02-09,1.192,1.208,1.209,1.192,84702.0,512160,sh,MSCI中国A股ETF南方
2023-02-10,1.21,1.202,1.21,1.199,36079.0,512160,sh,MSCI中国A股ETF南方
2023-02-13,1.202,1.213,1.215,1.2,136279.0,512160,sh,MSCI中国A股ETF南方
2023-02-14,1.214,1.216,1.217,1.21,112181.0,512160,sh,MSCI中国A股ETF南方
2023-02-15,1.218,1.209,1.218,1.206,67101.0,512160,sh,MSCI中国A股ETF南方
2023-02-16,1.208,1.2,1.223,1.195,146226.0,512160,sh,MSCI中国A股ETF南方
2023-02-17,1.198,1.183,1.203,1.182,84257.0,512160,sh,MSCI中国A股ETF南方
2023-02-20,1.182,1.211,1.211,1.182,130536.0,512160,sh,MSCI中国A股ETF南方
2023-02-21,1.214,1.214,1.216,1.205,143288.0,512160,sh,MSCI中国A股ETF南方
2023-02-22,1.206,1.203,1.212,1.202,149080.0,512160,sh,MSCI中国A股ETF南方
2023-02-23,1.203,1.203,1.21,1.198,113576.0,512160,sh,MSCI中国A股ETF南方
2023-02-24,1.198,1.192,1.199,1.186,126194.0,512160,sh,MSCI中国A股ETF南方
2023-02-27,1.195,1.19,1.195,1.185,48960.0,512160,sh,MSCI中国A股ETF南方
2023-02-28,1.185,1.198,1.198,1.183,137842.0,512160,sh,MSCI中国A股ETF南方
2023-03-01,1.191,1.209,1.211,1.191,126594.0,512160,sh,MSCI中国A股ETF南方
2023-03-02,1.207,1.206,1.21,1.204,53374.0,512160,sh,MSCI中国A股ETF南方
2023-03-03,1.209,1.208,1.209,1.198,100395.0,512160,sh,MSCI中国A股ETF南方
2023-03-06,1.206,1.201,1.206,1.194,76680.0,512160,sh,MSCI中国A股ETF南方
2023-03-07,1.201,1.186,1.205,1.184,87407.0,512160,sh,MSCI中国A股ETF南方
2023-03-08,1.181,1.181,1.181,1.175,34971.0,512160,sh,MSCI中国A股ETF南方
2023-03-09,1.179,1.177,1.182,1.171,95099.0,512160,sh,MSCI中国A股ETF南方
2023-03-10,1.172,1.163,1.174,1.161,49309.0,512160,sh,MSCI中国A股ETF南方
2023-03-13,1.163,1.173,1.173,1.162,83860.0,512160,sh,MSCI中国A股ETF南方
2023-03-14,1.17,1.165,1.17,1.155,104412.0,512160,sh,MSCI中国A股ETF南方
2023-03-15,1.173,1.168,1.174,1.166,80054.0,512160,sh,MSCI中国A股ETF南方
2023-03-16,1.168,1.151,1.168,1.15,100411.0,512160,sh,MSCI中国A股ETF南方
2023-03-17,1.153,1.156,1.168,1.151,100256.0,512160,sh,MSCI中国A股ETF南方
2023-03-20,1.16,1.149,1.16,1.147,74666.0,512160,sh,MSCI中国A股ETF南方
2023-03-21,1.149,1.161,1.161,1.149,67297.0,512160,sh,MSCI中国A股ETF南方
2023-03-22,1.161,1.166,1.17,1.161,71075.0,512160,sh,MSCI中国A股ETF南方
2023-03-23,1.166,1.173,1.174,1.161,83394.0,512160,sh,MSCI中国A股ETF南方
2023-03-24,1.178,1.171,1.178,1.168,140226.0,512160,sh,MSCI中国A股ETF南方
2023-03-27,1.171,1.17,1.171,1.162,53971.0,512160,sh,MSCI中国A股ETF南方
2023-03-28,1.174,1.167,1.174,1.166,40808.0,512160,sh,MSCI中国A股ETF南方
2023-03-29,1.167,1.168,1.178,1.167,433718.0,512160,sh,MSCI中国A股ETF南方
2023-03-30,1.17,1.179,1.179,1.163,96532.0,512160,sh,MSCI中国A股ETF南方
2023-03-31,1.18,1.18,1.185,1.178,20841.0,512160,sh,MSCI中国A股ETF南方
2023-04-03,1.184,1.188,1.19,1.181,27785.0,512160,sh,MSCI中国A股ETF南方
2023-04-04,1.188,1.191,1.193,1.186,74495.0,512160,sh,MSCI中国A股ETF南方
2023-04-06,1.185,1.189,1.19,1.184,46326.0,512160,sh,MSCI中国A股ETF南方
2023-04-07,1.19,1.196,1.199,1.189,55183.0,512160,sh,MSCI中国A股ETF南方
2023-04-10,1.199,1.193,1.199,1.191,56704.0,512160,sh,MSCI中国A股ETF南方
2023-04-11,1.192,1.19,1.195,1.187,86049.0,512160,sh,MSCI中国A股ETF南方
2023-04-12,1.19,1.188,1.19,1.187,66336.0,512160,sh,MSCI中国A股ETF南方
2023-04-13,1.183,1.183,1.187,1.181,24937.0,512160,sh,MSCI中国A股ETF南方
2023-04-14,1.188,1.187,1.189,1.185,61637.0,512160,sh,MSCI中国A股ETF南方
2023-04-17,1.19,1.204,1.204,1.19,73083.0,512160,sh,MSCI中国A股ETF南方
2023-04-18,1.203,1.207,1.209,1.203,54812.0,512160,sh,MSCI中国A股ETF南方
2023-04-19,1.203,1.197,1.204,1.195,73598.0,512160,sh,MSCI中国A股ETF南方
2023-04-20,1.198,1.188,1.198,1.186,52981.0,512160,sh,MSCI中国A股ETF南方
2023-04-21,1.192,1.169,1.192,1.167,60544.0,512160,sh,MSCI中国A股ETF南方
2023-04-24,1.168,1.154,1.168,1.151,68163.0,512160,sh,MSCI中国A股ETF南方
2023-04-25,1.152,1.149,1.156,1.138,113212.0,512160,sh,MSCI中国A股ETF南方
2023-04-26,1.144,1.149,1.153,1.142,97088.0,512160,sh,MSCI中国A股ETF南方
2023-04-27,1.141,1.158,1.161,1.141,94768.0,512160,sh,MSCI中国A股ETF南方
2023-04-28,1.162,1.169,1.169,1.162,54408.0,512160,sh,MSCI中国A股ETF南方
2023-05-04,1.162,1.168,1.169,1.16,42940.0,512160,sh,MSCI中国A股ETF南方
2023-05-05,1.169,1.165,1.17,1.158,67474.0,512160,sh,MSCI中国A股ETF南方
2023-05-08,1.166,1.172,1.174,1.164,103286.0,512160,sh,MSCI中国A股ETF南方
2023-05-09,1.176,1.166,1.182,1.166,83996.0,512160,sh,MSCI中国A股ETF南方
2023-05-10,1.16,1.157,1.161,1.154,59774.0,512160,sh,MSCI中国A股ETF南方
2023-05-11,1.158,1.156,1.162,1.155,9982.0,512160,sh,MSCI中国A股ETF南方
2023-05-12,1.156,1.142,1.158,1.142,45019.0,512160,sh,MSCI中国A股ETF南方
2023-05-15,1.142,1.158,1.158,1.138,40275.0,512160,sh,MSCI中国A股ETF南方
2023-05-16,1.164,1.154,1.164,1.15,20544.0,512160,sh,MSCI中国A股ETF南方
2023-05-17,1.15,1.147,1.154,1.144,105113.0,512160,sh,MSCI中国A股ETF南方
2023-05-18,1.151,1.146,1.154,1.142,154643.0,512160,sh,MSCI中国A股ETF南方
2023-05-19,1.144,1.143,1.149,1.139,47818.0,512160,sh,MSCI中国A股ETF南方
2023-05-22,1.144,1.152,1.155,1.142,124518.0,512160,sh,MSCI中国A股ETF南方
2023-05-23,1.152,1.138,1.152,1.138,39292.0,512160,sh,MSCI中国A股ETF南方
2023-05-24,1.131,1.123,1.135,1.123,65042.0,512160,sh,MSCI中国A股ETF南方
2023-05-25,1.121,1.122,1.124,1.111,108620.0,512160,sh,MSCI中国A股ETF南方
2023-05-26,1.12,1.122,1.124,1.112,39646.0,512160,sh,MSCI中国A股ETF南方
2023-05-29,1.124,1.118,1.125,1.114,66891.0,512160,sh,MSCI中国A股ETF南方
2023-05-30,1.116,1.117,1.121,1.104,71741.0,512160,sh,MSCI中国A股ETF南方
2023-05-31,1.117,1.108,1.117,1.102,33878.0,512160,sh,MSCI中国A股ETF南方
2023-06-01,1.105,1.108,1.117,1.104,83471.0,512160,sh,MSCI中国A股ETF南方
2023-06-02,1.108,1.124,1.126,1.108,83662.0,512160,sh,MSCI中国A股ETF南方
2023-06-05,1.132,1.12,1.132,1.116,80838.0,512160,sh,MSCI中国A股ETF南方
2023-06-06,1.115,1.108,1.125,1.106,92194.0,512160,sh,MSCI中国A股ETF南方
2023-06-07,1.108,1.104,1.111,1.1,82407.0,512160,sh,MSCI中国A股ETF南方
2023-06-08,1.101,1.11,1.113,1.099,54214.0,512160,sh,MSCI中国A股ETF南方
2023-06-09,1.109,1.114,1.115,1.108,30650.0,512160,sh,MSCI中国A股ETF南方
2023-06-12,1.114,1.118,1.122,1.111,57790.0,512160,sh,MSCI中国A股ETF南方
2023-06-13,1.118,1.123,1.124,1.117,37776.0,512160,sh,MSCI中国A股ETF南方
2023-06-14,1.127,1.124,1.132,1.124,61573.0,512160,sh,MSCI中国A股ETF南方
2023-06-15,1.124,1.142,1.142,1.124,36021.0,512160,sh,MSCI中国A股ETF南方
2023-06-16,1.145,1.153,1.154,1.144,40366.0,512160,sh,MSCI中国A股ETF南方
2023-06-19,1.153,1.145,1.153,1.142,49696.0,512160,sh,MSCI中国A股ETF南方
2023-06-20,1.145,1.14,1.147,1.14,49308.0,512160,sh,MSCI中国A股ETF南方
2023-06-21,1.141,1.127,1.141,1.127,61730.0,512160,sh,MSCI中国A股ETF南方
2023-06-26,1.122,1.111,1.122,1.108,67857.0,512160,sh,MSCI中国A股ETF南方
2023-06-27,1.111,1.12,1.12,1.11,45053.0,512160,sh,MSCI中国A股ETF南方
2023-06-28,1.118,1.121,1.121,1.112,53846.0,512160,sh,MSCI中国A股ETF南方
2023-06-29,1.12,1.117,1.122,1.113,22129.0,512160,sh,MSCI中国A股ETF南方
2023-06-30,1.117,1.125,1.128,1.115,42260.0,512160,sh,MSCI中国A股ETF南方
2023-07-03,1.13,1.138,1.139,1.127,37889.0,512160,sh,MSCI中国A股ETF南方
2023-07-04,1.14,1.138,1.14,1.134,40993.0,512160,sh,MSCI中国A股ETF南方
2023-07-05,1.137,1.132,1.139,1.13,45689.0,512160,sh,MSCI中国A股ETF南方
2023-07-06,1.13,1.124,1.134,1.122,55816.0,512160,sh,MSCI中国A股ETF南方
2023-07-07,1.113,1.122,1.126,1.113,24154.0,512160,sh,MSCI中国A股ETF南方
2023-07-10,1.127,1.127,1.132,1.122,33073.0,512160,sh,MSCI中国A股ETF南方
2023-07-11,1.13,1.133,1.133,1.126,34073.0,512160,sh,MSCI中国A股ETF南方
2023-07-12,1.133,1.127,1.135,1.122,55930.0,512160,sh,MSCI中国A股ETF南方
2023-07-13,1.127,1.143,1.144,1.127,50177.0,512160,sh,MSCI中国A股ETF南方
2023-07-14,1.145,1.143,1.148,1.143,43740.0,512160,sh,MSCI中国A股ETF南方
2023-07-17,1.145,1.137,1.145,1.132,40215.0,512160,sh,MSCI中国A股ETF南方
2023-07-18,1.137,1.135,1.139,1.131,15498.0,512160,sh,MSCI中国A股ETF南方
2023-07-19,1.134,1.134,1.137,1.128,40572.0,512160,sh,MSCI中国A股ETF南方
2023-07-20,1.134,1.126,1.141,1.125,23555.0,512160,sh,MSCI中国A股ETF南方
2023-07-21,1.129,1.128,1.134,1.122,49537.0,512160,sh,MSCI中国A股ETF南方
2023-07-24,1.128,1.123,1.129,1.121,17749.0,512160,sh,MSCI中国A股ETF南方
2023-07-25,1.14,1.152,1.152,1.139,80101.0,512160,sh,MSCI中国A股ETF南方
2023-07-26,1.149,1.15,1.152,1.146,33087.0,512160,sh,MSCI中国A股ETF南方
2023-07-27,1.15,1.148,1.157,1.146,49236.0,512160,sh,MSCI中国A股ETF南方
2023-07-28,1.144,1.174,1.175,1.144,43625.0,512160,sh,MSCI中国A股ETF南方
2023-07-31,1.173,1.18,1.193,1.173,81805.0,512160,sh,MSCI中国A股ETF南方
2023-08-01,1.176,1.176,1.185,1.172,38902.0,512160,sh,MSCI中国A股ETF南方
2023-08-02,1.172,1.168,1.178,1.164,30720.0,512160,sh,MSCI中国A股ETF南方
2023-08-03,1.168,1.176,1.177,1.165,28397.0,512160,sh,MSCI中国A股ETF南方
2023-08-04,1.181,1.18,1.192,1.179,78630.0,512160,sh,MSCI中国A股ETF南方
2023-08-07,1.175,1.172,1.175,1.17,66113.0,512160,sh,MSCI中国A股ETF南方
2023-08-08,1.172,1.17,1.175,1.166,60314.0,512160,sh,MSCI中国A股ETF南方
2023-08-09,1.168,1.168,1.17,1.165,122059.0,512160,sh,MSCI中国A股ETF南方
2023-08-10,1.166,1.171,1.171,1.163,49402.0,512160,sh,MSCI中国A股ETF南方
2023-08-11,1.165,1.148,1.17,1.145,67386.0,512160,sh,MSCI中国A股ETF南方
2023-08-14,1.147,1.138,1.147,1.125,44401.0,512160,sh,MSCI中国A股ETF南方
2023-08-15,1.139,1.135,1.139,1.126,37812.0,512160,sh,MSCI中国A股ETF南方
2023-08-16,1.136,1.129,1.138,1.129,22246.0,512160,sh,MSCI中国A股ETF南方
2023-08-17,1.125,1.133,1.133,1.117,48297.0,512160,sh,MSCI中国A股ETF南方
2023-08-18,1.133,1.119,1.133,1.118,30554.0,512160,sh,MSCI中国A股ETF南方
2023-08-21,1.12,1.104,1.12,1.103,26703.0,512160,sh,MSCI中国A股ETF南方
2023-08-22,1.105,1.111,1.112,1.094,47750.0,512160,sh,MSCI中国A股ETF南方
2023-08-23,1.104,1.093,1.107,1.091,40883.0,512160,sh,MSCI中国A股ETF南方
2023-08-24,1.095,1.101,1.107,1.093,26616.0,512160,sh,MSCI中国A股ETF南方
2023-08-25,1.095,1.094,1.1,1.092,52755.0,512160,sh,MSCI中国A股ETF南方
2023-08-28,1.138,1.108,1.151,1.103,72773.0,512160,sh,MSCI中国A股ETF南方
2023-08-29,1.103,1.118,1.122,1.103,45266.0,512160,sh,MSCI中国A股ETF南方
2023-08-30,1.121,1.118,1.124,1.113,31318.0,512160,sh,MSCI中国A股ETF南方
2023-08-31,1.118,1.111,1.118,1.109,16922.0,512160,sh,MSCI中国A股ETF南方
2023-09-01,1.117,1.12,1.122,1.114,43230.0,512160,sh,MSCI中国A股ETF南方
2023-09-04,1.122,1.134,1.135,1.121,50987.0,512160,sh,MSCI中国A股ETF南方
2023-09-05,1.132,1.127,1.132,1.124,16967.0,512160,sh,MSCI中国A股ETF南方
2023-09-06,1.121,1.124,1.124,1.118,13372.0,512160,sh,MSCI中国A股ETF南方
2023-09-07,1.119,1.11,1.12,1.108,38671.0,512160,sh,MSCI中国A股ETF南方
2023-09-08,1.109,1.105,1.109,1.1,39148.0,512160,sh,MSCI中国A股ETF南方
2023-09-11,1.105,1.115,1.118,1.103,70401.0,512160,sh,MSCI中国A股ETF南方
2023-09-12,1.116,1.113,1.116,1.112,19077.0,512160,sh,MSCI中国A股ETF南方
2023-09-13,1.119,1.106,1.119,1.101,46190.0,512160,sh,MSCI中国A股ETF南方
2023-09-14,1.108,1.104,1.108,1.1,31518.0,512160,sh,MSCI中国A股ETF南方
2023-09-15,1.104,1.1,1.108,1.096,78497.0,512160,sh,MSCI中国A股ETF南方
2023-09-18,1.095,1.106,1.106,1.094,75438.0,512160,sh,MSCI中国A股ETF南方
2023-09-19,1.101,1.102,1.103,1.097,51070.0,512160,sh,MSCI中国A股ETF南方
2023-09-20,1.098,1.098,1.1,1.097,64766.0,512160,sh,MSCI中国A股ETF南方
2023-09-21,1.103,1.088,1.105,1.087,70274.0,512160,sh,MSCI中国A股ETF南方
2023-09-22,1.087,1.105,1.106,1.084,56197.0,512160,sh,MSCI中国A股ETF南方
2023-09-25,1.106,1.1,1.106,1.099,73544.0,512160,sh,MSCI中国A股ETF南方
2023-09-26,1.098,1.093,1.1,1.092,48073.0,512160,sh,MSCI中国A股ETF南方
2023-09-27,1.095,1.097,1.103,1.093,75631.0,512160,sh,MSCI中国A股ETF南方
2023-09-28,1.1,1.094,1.107,1.093,87053.0,512160,sh,MSCI中国A股ETF南方
2023-10-09,1.091,1.091,1.092,1.08,84432.0,512160,sh,MSCI中国A股ETF南方
2023-10-10,1.089,1.085,1.095,1.084,16200.0,512160,sh,MSCI中国A股ETF南方
2023-10-11,1.087,1.085,1.091,1.083,28998.0,512160,sh,MSCI中国A股ETF南方
2023-10-12,1.094,1.095,1.097,1.09,26926.0,512160,sh,MSCI中国A股ETF南方
2023-10-13,1.095,1.085,1.095,1.081,13300.0,512160,sh,MSCI中国A股ETF南方
2023-10-16,1.085,1.073,1.085,1.071,13031.0,512160,sh,MSCI中国A股ETF南方
2023-10-17,1.073,1.076,1.077,1.072,18653.0,512160,sh,MSCI中国A股ETF南方
2023-10-18,1.073,1.068,1.073,1.068,11398.0,512160,sh,MSCI中国A股ETF南方
2023-10-19,1.06,1.045,1.062,1.044,29550.0,512160,sh,MSCI中国A股ETF南方
2023-10-20,1.044,1.039,1.047,1.039,42619.0,512160,sh,MSCI中国A股ETF南方
2023-10-23,1.043,1.028,1.045,1.021,14313.0,512160,sh,MSCI中国A股ETF南方
2023-10-24,1.027,1.03,1.032,1.022,25235.0,512160,sh,MSCI中国A股ETF南方
2023-10-25,1.034,1.039,1.045,1.034,15422.0,512160,sh,MSCI中国A股ETF南方
2023-10-26,1.034,1.041,1.041,1.03,12893.0,512160,sh,MSCI中国A股ETF南方
2023-10-27,1.041,1.055,1.059,1.041,18308.0,512160,sh,MSCI中国A股ETF南方
2023-10-30,1.055,1.062,1.063,1.055,24384.0,512160,sh,MSCI中国A股ETF南方
2023-10-31,1.062,1.06,1.062,1.055,22376.0,512160,sh,MSCI中国A股ETF南方
2023-11-01,1.065,1.062,1.07,1.06,16516.0,512160,sh,MSCI中国A股ETF南方
2023-11-02,1.065,1.055,1.069,1.055,32862.0,512160,sh,MSCI中国A股ETF南方
2023-11-03,1.059,1.063,1.066,1.057,7250.0,512160,sh,MSCI中国A股ETF南方
2023-11-06,1.068,1.078,1.078,1.068,17653.0,512160,sh,MSCI中国A股ETF南方
2023-11-07,1.073,1.075,1.077,1.07,32841.0,512160,sh,MSCI中国A股ETF南方
2023-11-08,1.073,1.074,1.077,1.066,27087.0,512160,sh,MSCI中国A股ETF南方
2023-11-09,1.075,1.074,1.077,1.071,35608.0,512160,sh,MSCI中国A股ETF南方
2023-11-10,1.066,1.067,1.068,1.063,13511.0,512160,sh,MSCI中国A股ETF南方
2023-11-13,1.067,1.066,1.067,1.059,27785.0,512160,sh,MSCI中国A股ETF南方
2023-11-14,1.061,1.069,1.071,1.061,47647.0,512160,sh,MSCI中国A股ETF南方
2023-11-15,1.074,1.075,1.078,1.072,45711.0,512160,sh,MSCI中国A股ETF南方
2023-11-16,1.073,1.066,1.074,1.065,28487.0,512160,sh,MSCI中国A股ETF南方
2023-11-17,1.064,1.065,1.065,1.058,16335.0,512160,sh,MSCI中国A股ETF南方
2023-11-20,1.062,1.068,1.07,1.058,71227.0,512160,sh,MSCI中国A股ETF南方
2023-11-21,1.075,1.071,1.078,1.068,34144.0,512160,sh,MSCI中国A股ETF南方
2023-11-22,1.066,1.059,1.068,1.058,36551.0,512160,sh,MSCI中国A股ETF南方
2023-11-23,1.059,1.063,1.064,1.054,42442.0,512160,sh,MSCI中国A股ETF南方
2023-11-24,1.059,1.058,1.061,1.054,60330.0,512160,sh,MSCI中国A股ETF南方
2023-11-27,1.05,1.051,1.052,1.044,82935.0,512160,sh,MSCI中国A股ETF南方
2023-11-28,1.046,1.052,1.052,1.046,22752.0,512160,sh,MSCI中国A股ETF南方
2023-11-29,1.059,1.045,1.059,1.042,35304.0,512160,sh,MSCI中国A股ETF南方
2023-11-30,1.044,1.047,1.048,1.041,55365.0,512160,sh,MSCI中国A股ETF南方
2023-12-01,1.041,1.043,1.045,1.035,65444.0,512160,sh,MSCI中国A股ETF南方
2023-12-04,1.043,1.039,1.046,1.038,84876.0,512160,sh,MSCI中国A股ETF南方
2023-12-05,1.031,1.019,1.034,1.019,34916.0,512160,sh,MSCI中国A股ETF南方
2023-12-06,1.025,1.021,1.025,1.016,64381.0,512160,sh,MSCI中国A股ETF南方
2023-12-07,1.018,1.02,1.023,1.013,70132.0,512160,sh,MSCI中国A股ETF南方
2023-12-08,1.02,1.022,1.026,1.018,19861.0,512160,sh,MSCI中国A股ETF南方
2023-12-11,1.012,1.03,1.032,1.009,57854.0,512160,sh,MSCI中国A股ETF南方
2023-12-12,1.045,1.033,1.045,1.026,52754.0,512160,sh,MSCI中国A股ETF南方
2023-12-13,1.027,1.017,1.03,1.016,69178.0,512160,sh,MSCI中国A股ETF南方
2023-12-14,1.023,1.012,1.024,1.01,57972.0,512160,sh,MSCI中国A股ETF南方
2023-12-15,1.016,1.006,1.02,1.006,47355.0,512160,sh,MSCI中国A股ETF南方
2023-12-18,1.005,1.004,1.011,1.002,11621.0,512160,sh,MSCI中国A股ETF南方
2023-12-19,1.001,1.003,1.006,0.997,32710.0,512160,sh,MSCI中国A股ETF南方
2023-12-20,1.003,0.994,1.006,0.993,26181.0,512160,sh,MSCI中国A股ETF南方
2023-12-21,0.993,1.002,1.005,0.99,52869.0,512160,sh,MSCI中国A股ETF南方
2023-12-22,1.002,1.004,1.011,0.998,53935.0,512160,sh,MSCI中国A股ETF南方
2023-12-25,1.004,1.006,1.006,1.001,31907.0,512160,sh,MSCI中国A股ETF南方
2023-12-26,1.002,0.999,1.003,0.996,16425.0,512160,sh,MSCI中国A股ETF南方
2023-12-27,0.998,1.001,1.002,0.993,24641.0,512160,sh,MSCI中国A股ETF南方
2023-12-28,1.005,1.022,1.024,1.005,40026.0,512160,sh,MSCI中国A股ETF南方
2023-12-29,1.024,1.027,1.028,1.022,14618.0,512160,sh,MSCI中国A股ETF南方
2024-01-02,1.035,1.018,1.035,1.017,18852.0,512160,sh,MSCI中国A股ETF南方
2024-01-03,1.017,1.015,1.018,1.011,35143.0,512160,sh,MSCI中国A股ETF南方
2024-01-04,1.014,1.007,1.014,1.0,12450.0,512160,sh,MSCI中国A股ETF南方
2024-01-05,1.005,1.0,1.012,0.995,40053.0,512160,sh,MSCI中国A股ETF南方
2024-01-08,0.996,0.987,0.997,0.985,30113.0,512160,sh,MSCI中国A股ETF南方
2024-01-09,0.981,0.987,0.996,0.981,33451.0,512160,sh,MSCI中国A股ETF南方
2024-01-10,0.982,0.981,0.991,0.98,33737.0,512160,sh,MSCI中国A股ETF南方
2024-01-11,0.981,0.988,0.992,0.98,42310.0,512160,sh,MSCI中国A股ETF南方
2024-01-12,0.988,0.987,0.994,0.985,49679.0,512160,sh,MSCI中国A股ETF南方
2024-01-15,0.98,0.984,0.992,0.98,18543.0,512160,sh,MSCI中国A股ETF南方
2024-01-16,0.981,0.989,0.989,0.978,32791.0,512160,sh,MSCI中国A股ETF南方
2024-01-17,0.989,0.969,0.989,0.968,23492.0,512160,sh,MSCI中国A股ETF南方
2024-01-18,0.972,0.975,0.979,0.949,66733.0,512160,sh,MSCI中国A股ETF南方
2024-01-19,0.972,0.976,0.98,0.969,25554.0,512160,sh,MSCI中国A股ETF南方
2024-01-22,0.971,0.965,0.974,0.948,38947.0,512160,sh,MSCI中国A股ETF南方
2024-01-23,0.96,0.961,0.963,0.946,36808.0,512160,sh,MSCI中国A股ETF南方
2024-01-24,0.964,0.972,0.974,0.949,44870.0,512160,sh,MSCI中国A股ETF南方
2024-01-25,0.974,0.992,0.993,0.972,34721.0,512160,sh,MSCI中国A股ETF南方
2024-01-26,0.992,0.992,0.996,0.987,37031.0,512160,sh,MSCI中国A股ETF南方
2024-01-29,1.001,0.981,1.001,0.981,27124.0,512160,sh,MSCI中国A股ETF南方
2024-01-30,0.975,0.962,0.977,0.961,38642.0,512160,sh,MSCI中国A股ETF南方
2024-01-31,0.96,0.953,0.961,0.948,44786.0,512160,sh,MSCI中国A股ETF南方
2024-02-01,0.956,0.95,0.959,0.942,31933.0,512160,sh,MSCI中国A股ETF南方
2024-02-02,0.951,0.938,0.953,0.916,40458.0,512160,sh,MSCI中国A股ETF南方
2024-02-05,0.938,0.942,0.95,0.913,51834.0,512160,sh,MSCI中国A股ETF南方
2024-02-06,0.935,0.974,0.977,0.919,45158.0,512160,sh,MSCI中国A股ETF南方
2024-02-07,0.977,0.994,0.994,0.972,72845.0,512160,sh,MSCI中国A股ETF南方
2024-02-08,0.994,1.0,1.008,0.994,62845.0,512160,sh,MSCI中国A股ETF南方
2024-02-19,1.01,1.011,1.012,1.002,25225.0,512160,sh,MSCI中国A股ETF南方
2024-02-20,1.011,1.014,1.015,1.006,75974.0,512160,sh,MSCI中国A股ETF南方
2024-02-21,1.011,1.024,1.039,1.011,97442.0,512160,sh,MSCI中国A股ETF南方
2024-02-22,1.024,1.035,1.035,1.01,98922.0,512160,sh,MSCI中国A股ETF南方
2024-02-23,1.03,1.035,1.038,1.03,82181.0,512160,sh,MSCI中国A股ETF南方
2024-02-26,1.035,1.027,1.035,1.024,77853.0,512160,sh,MSCI中国A股ETF南方
2024-02-27,1.027,1.039,1.04,1.024,64671.0,512160,sh,MSCI中国A股ETF南方
2024-02-28,1.039,1.028,1.048,1.027,112925.0,512160,sh,MSCI中国A股ETF南方
2024-02-29,1.023,1.047,1.048,1.018,121155.0,512160,sh,MSCI中国A股ETF南方
2024-03-01,1.046,1.052,1.055,1.045,95463.0,512160,sh,MSCI中国A股ETF南方
2024-03-04,1.054,1.055,1.055,1.047,68704.0,512160,sh,MSCI中国A股ETF南方
2024-03-05,1.054,1.06,1.061,1.054,97511.0,512160,sh,MSCI中国A股ETF南方
2024-03-06,1.05,1.058,1.064,1.05,63527.0,512160,sh,MSCI中国A股ETF南方
2024-03-07,1.058,1.05,1.062,1.05,73995.0,512160,sh,MSCI中国A股ETF南方
2024-03-08,1.05,1.055,1.057,1.046,51555.0,512160,sh,MSCI中国A股ETF南方
2024-03-11,1.057,1.071,1.071,1.056,63808.0,512160,sh,MSCI中国A股ETF南方
2024-03-12,1.071,1.072,1.076,1.067,57240.0,512160,sh,MSCI中国A股ETF南方
2024-03-13,1.071,1.066,1.071,1.064,70318.0,512160,sh,MSCI中国A股ETF南方
2024-03-14,1.068,1.065,1.073,1.059,88970.0,512160,sh,MSCI中国A股ETF南方
2024-03-15,1.064,1.068,1.069,1.056,72998.0,512160,sh,MSCI中国A股ETF南方
2024-03-18,1.07,1.078,1.078,1.07,53525.0,512160,sh,MSCI中国A股ETF南方
2024-03-19,1.078,1.07,1.078,1.07,74133.0,512160,sh,MSCI中国A股ETF南方
2024-03-20,1.071,1.071,1.075,1.069,57128.0,512160,sh,MSCI中国A股ETF南方
2024-03-21,1.076,1.071,1.076,1.071,81819.0,512160,sh,MSCI中国A股ETF南方
2024-03-22,1.068,1.063,1.068,1.056,102539.0,512160,sh,MSCI中国A股ETF南方
2024-03-25,1.063,1.055,1.065,1.055,102761.0,512160,sh,MSCI中国A股ETF南方
2024-03-26,1.057,1.06,1.06,1.052,52026.0,512160,sh,MSCI中国A股ETF南方
2024-03-27,1.054,1.044,1.054,1.042,106211.0,512160,sh,MSCI中国A股ETF南方
2024-03-28,1.042,1.05,1.057,1.041,105516.0,512160,sh,MSCI中国A股ETF南方
2024-03-29,1.054,1.057,1.058,1.05,89413.0,512160,sh,MSCI中国A股ETF南方
2024-04-01,1.06,1.072,1.075,1.06,55087.0,512160,sh,MSCI中国A股ETF南方
2024-04-02,1.073,1.07,1.074,1.066,72470.0,512160,sh,MSCI中国A股ETF南方
2024-04-03,1.069,1.066,1.069,1.066,59995.0,512160,sh,MSCI中国A股ETF南方
2024-04-08,1.059,1.056,1.066,1.056,79704.0,512160,sh,MSCI中国A股ETF南方
2024-04-09,1.057,1.055,1.057,1.052,72034.0,512160,sh,MSCI中国A股ETF南方
2024-04-10,1.055,1.048,1.055,1.044,66531.0,512160,sh,MSCI中国A股ETF南方
2024-04-11,1.045,1.049,1.054,1.043,76864.0,512160,sh,MSCI中国A股ETF南方
2024-04-12,1.053,1.044,1.053,1.042,63479.0,512160,sh,MSCI中国A股ETF南方
2024-04-15,1.045,1.062,1.065,1.045,66062.0,512160,sh,MSCI中国A股ETF南方
2024-04-16,1.062,1.051,1.062,1.05,86889.0,512160,sh,MSCI中国A股ETF南方
2024-04-17,1.051,1.068,1.068,1.051,95671.0,512160,sh,MSCI中国A股ETF南方
2024-04-18,1.068,1.069,1.077,1.063,59421.0,512160,sh,MSCI中国A股ETF南方
2024-04-19,1.069,1.062,1.069,1.057,120550.0,512160,sh,MSCI中国A股ETF南方
2024-04-22,1.061,1.056,1.065,1.056,80841.0,512160,sh,MSCI中国A股ETF南方
2024-04-23,1.055,1.05,1.055,1.046,80628.0,512160,sh,MSCI中国A股ETF南方
2024-04-24,1.048,1.053,1.054,1.047,50489.0,512160,sh,MSCI中国A股ETF南方
2024-04-25,1.052,1.055,1.06,1.05,77442.0,512160,sh,MSCI中国A股ETF南方
2024-04-26,1.06,1.074,1.074,1.06,52775.0,512160,sh,MSCI中国A股ETF南方
2024-04-29,1.074,1.084,1.09,1.072,59255.0,512160,sh,MSCI中国A股ETF南方
2024-04-30,1.086,1.081,1.089,1.08,55277.0,512160,sh,MSCI中国A股ETF南方
2024-05-06,1.087,1.097,1.1,1.087,74318.0,512160,sh,MSCI中国A股ETF南方
2024-05-07,1.096,1.096,1.1,1.095,45448.0,512160,sh,MSCI中国A股ETF南方
2024-05-08,1.092,1.088,1.094,1.087,68150.0,512160,sh,MSCI中国A股ETF南方
2024-05-09,1.09,1.097,1.099,1.09,90909.0,512160,sh,MSCI中国A股ETF南方
2024-05-10,1.098,1.099,1.1,1.092,50873.0,512160,sh,MSCI中国A股ETF南方
2024-05-13,1.099,1.098,1.099,1.09,56485.0,512160,sh,MSCI中国A股ETF南方
2024-05-14,1.1,1.096,1.1,1.094,68280.0,512160,sh,MSCI中国A股ETF南方
2024-05-15,1.097,1.09,1.097,1.088,87172.0,512160,sh,MSCI中国A股ETF南方
2024-05-16,1.088,1.089,1.095,1.088,78179.0,512160,sh,MSCI中国A股ETF南方
2024-05-17,1.089,1.102,1.102,1.087,100977.0,512160,sh,MSCI中国A股ETF南方
2024-05-20,1.106,1.107,1.108,1.102,81295.0,512160,sh,MSCI中国A股ETF南方
2024-05-21,1.107,1.1,1.107,1.098,58093.0,512160,sh,MSCI中国A股ETF南方
2024-05-22,1.101,1.102,1.105,1.099,53214.0,512160,sh,MSCI中国A股ETF南方
2024-05-23,1.098,1.089,1.098,1.089,57848.0,512160,sh,MSCI中国A股ETF南方
2024-05-24,1.087,1.08,1.093,1.077,79659.0,512160,sh,MSCI中国A股ETF南方
2024-05-27,1.081,1.089,1.089,1.079,57399.0,512160,sh,MSCI中国A股ETF南方
2024-05-28,1.086,1.081,1.087,1.08,24425.0,512160,sh,MSCI中国A股ETF南方
2024-05-29,1.084,1.083,1.089,1.081,56335.0,512160,sh,MSCI中国A股ETF南方
2024-05-30,1.081,1.076,1.085,1.075,43544.0,512160,sh,MSCI中国A股ETF南方
2024-05-31,1.079,1.075,1.082,1.074,38136.0,512160,sh,MSCI中国A股ETF南方
2024-06-03,1.075,1.076,1.078,1.069,64339.0,512160,sh,MSCI中国A股ETF南方
2024-06-04,1.073,1.083,1.086,1.073,33847.0,512160,sh,MSCI中国A股ETF南方
2024-06-05,1.083,1.077,1.086,1.077,20334.0,512160,sh,MSCI中国A股ETF南方
2024-06-06,1.081,1.078,1.086,1.073,41267.0,512160,sh,MSCI中国A股ETF南方
2024-06-07,1.078,1.073,1.08,1.066,27073.0,512160,sh,MSCI中国A股ETF南方
2024-06-11,1.071,1.062,1.071,1.058,37268.0,512160,sh,MSCI中国A股ETF南方
2024-06-12,1.063,1.064,1.067,1.062,18678.0,512160,sh,MSCI中国A股ETF南方
2024-06-13,1.066,1.06,1.068,1.06,20635.0,512160,sh,MSCI中国A股ETF南方
2024-06-14,1.06,1.066,1.068,1.057,11101.0,512160,sh,MSCI中国A股ETF南方
2024-06-17,1.06,1.065,1.066,1.06,18932.0,512160,sh,MSCI中国A股ETF南方
2024-06-18,1.067,1.067,1.069,1.065,11247.0,512160,sh,MSCI中国A股ETF南方
2024-06-19,1.067,1.062,1.07,1.062,27658.0,512160,sh,MSCI中国A股ETF南方
2024-06-20,1.065,1.055,1.065,1.055,29038.0,512160,sh,MSCI中国A股ETF南方
2024-06-21,1.055,1.057,1.058,1.05,23962.0,512160,sh,MSCI中国A股ETF南方
2024-06-24,1.046,1.047,1.058,1.046,27333.0,512160,sh,MSCI中国A股ETF南方
2024-06-25,1.047,1.044,1.05,1.039,28989.0,512160,sh,MSCI中国A股ETF南方
2024-06-26,1.043,1.048,1.049,1.037,27410.0,512160,sh,MSCI中国A股ETF南方
2024-06-27,1.046,1.041,1.046,1.038,33145.0,512160,sh,MSCI中国A股ETF南方
2024-06-28,1.04,1.042,1.049,1.038,21973.0,512160,sh,MSCI中国A股ETF南方
2024-07-01,1.04,1.049,1.05,1.04,22660.0,512160,sh,MSCI中国A股ETF南方
2024-07-02,1.049,1.046,1.052,1.046,25175.0,512160,sh,MSCI中国A股ETF南方
2024-07-03,1.043,1.043,1.045,1.042,22751.0,512160,sh,MSCI中国A股ETF南方
2024-07-04,1.046,1.038,1.048,1.037,18689.0,512160,sh,MSCI中国A股ETF南方
2024-07-05,1.038,1.034,1.038,1.024,38583.0,512160,sh,MSCI中国A股ETF南方
2024-07-08,1.03,1.024,1.032,1.024,20366.0,512160,sh,MSCI中国A股ETF南方
2024-07-09,1.024,1.038,1.04,1.021,29222.0,512160,sh,MSCI中国A股ETF南方
2024-07-10,1.036,1.035,1.04,1.033,23764.0,512160,sh,MSCI中国A股ETF南方
2024-07-11,1.04,1.049,1.049,1.039,34061.0,512160,sh,MSCI中国A股ETF南方
2024-07-12,1.049,1.05,1.05,1.047,19041.0,512160,sh,MSCI中国A股ETF南方
2024-07-15,1.05,1.05,1.051,1.046,16609.0,512160,sh,MSCI中国A股ETF南方
2024-07-16,1.049,1.056,1.056,1.048,36199.0,512160,sh,MSCI中国A股ETF南方
2024-07-17,1.055,1.058,1.062,1.052,39548.0,512160,sh,MSCI中国A股ETF南方
2024-07-18,1.058,1.06,1.062,1.05,51855.0,512160,sh,MSCI中国A股ETF南方
2024-07-19,1.06,1.068,1.068,1.056,55974.0,512160,sh,MSCI中国A股ETF南方
2024-07-22,1.068,1.06,1.068,1.054,49071.0,512160,sh,MSCI中国A股ETF南方
2024-07-23,1.057,1.036,1.057,1.035,31719.0,512160,sh,MSCI中国A股ETF南方
2024-07-24,1.034,1.031,1.039,1.028,40947.0,512160,sh,MSCI中国A股ETF南方
2024-07-25,1.028,1.024,1.028,1.02,32590.0,512160,sh,MSCI中国A股ETF南方
2024-07-26,1.025,1.03,1.032,1.024,44996.0,512160,sh,MSCI中国A股ETF南方
2024-07-29,1.026,1.025,1.029,1.024,21446.0,512160,sh,MSCI中国A股ETF南方
2024-07-30,1.019,1.018,1.019,1.012,38492.0,512160,sh,MSCI中国A股ETF南方
2024-07-31,1.017,1.046,1.048,1.016,66526.0,512160,sh,MSCI中国A股ETF南方
2024-08-01,1.046,1.036,1.046,1.034,30337.0,512160,sh,MSCI中国A股ETF南方
2024-08-02,1.028,1.025,1.035,1.023,22663.0,512160,sh,MSCI中国A股ETF南方
2024-08-05,1.023,1.015,1.03,1.013,53350.0,512160,sh,MSCI中国A股ETF南方
2024-08-06,1.02,1.014,1.021,1.006,30695.0,512160,sh,MSCI中国A股ETF南方
2024-08-07,1.011,1.012,1.019,1.01,42860.0,512160,sh,MSCI中国A股ETF南方
2024-08-08,1.011,1.013,1.018,1.009,38792.0,512160,sh,MSCI中国A股ETF南方
2024-08-09,1.004,1.012,1.028,0.995,32547.0,512160,sh,MSCI中国A股ETF南方
2024-08-12,1.007,1.01,1.014,1.007,13695.0,512160,sh,MSCI中国A股ETF南方
2024-08-13,1.011,1.013,1.013,1.004,13796.0,512160,sh,MSCI中国A股ETF南方
2024-08-14,1.009,1.003,1.009,1.003,32135.0,512160,sh,MSCI中国A股ETF南方
2024-08-15,1.005,1.013,1.016,1.004,55009.0,512160,sh,MSCI中国A股ETF南方
2024-08-16,1.012,1.012,1.016,1.011,48491.0,512160,sh,MSCI中国A股ETF南方
2024-08-19,1.016,1.019,1.024,1.016,17320.0,512160,sh,MSCI中国A股ETF南方
2024-08-20,1.015,1.01,1.015,1.006,41023.0,512160,sh,MSCI中国A股ETF南方
2024-08-21,1.008,1.005,1.009,1.002,17426.0,512160,sh,MSCI中国A股ETF南方
2024-08-22,1.006,1.004,1.008,1.0,28801.0,512160,sh,MSCI中国A股ETF南方
2024-08-23,1.002,1.008,1.008,1.002,17555.0,512160,sh,MSCI中国A股ETF南方
2024-08-26,1.007,1.006,1.007,1.002,8662.0,512160,sh,MSCI中国A股ETF南方
2024-08-27,1.002,1.001,1.002,0.998,12505.0,512160,sh,MSCI中国A股ETF南方
2024-08-28,0.998,0.995,0.998,0.991,29236.0,512160,sh,MSCI中国A股ETF南方
2024-08-29,0.988,0.991,0.995,0.988,23993.0,512160,sh,MSCI中国A股ETF南方
2024-08-30,0.993,1.006,1.015,0.992,34138.0,512160,sh,MSCI中国A股ETF南方
2024-09-02,1.006,0.989,1.006,0.989,32236.0,512160,sh,MSCI中国A股ETF南方
2024-09-03,0.989,0.994,0.994,0.989,21067.0,512160,sh,MSCI中国A股ETF南方
2024-09-04,0.989,0.986,0.994,0.986,12549.0,512160,sh,MSCI中国A股ETF南方
2024-09-05,0.989,0.988,0.992,0.986,27479.0,512160,sh,MSCI中国A股ETF南方
2024-09-06,0.983,0.981,0.992,0.979,31799.0,512160,sh,MSCI中国A股ETF南方
2024-09-09,0.976,0.969,0.978,0.966,39077.0,512160,sh,MSCI中国A股ETF南方
2024-09-10,0.968,0.97,0.972,0.962,18557.0,512160,sh,MSCI中国A股ETF南方
2024-09-11,0.966,0.967,0.968,0.963,40435.0,512160,sh,MSCI中国A股ETF南方
2024-09-12,0.97,0.963,0.971,0.963,29800.0,512160,sh,MSCI中国A股ETF南方
2024-09-13,0.962,0.957,0.967,0.957,15132.0,512160,sh,MSCI中国A股ETF南方
2024-09-18,0.957,0.96,0.962,0.954,7974.0,512160,sh,MSCI中国A股ETF南方
2024-09-19,0.965,0.97,0.975,0.956,26351.0,512160,sh,MSCI中国A股ETF南方
2024-09-20,0.97,0.97,0.97,0.962,21911.0,512160,sh,MSCI中国A股ETF南方
2024-09-23,0.974,0.974,0.977,0.973,10055.0,512160,sh,MSCI中国A股ETF南方
2024-09-24,0.975,1.015,1.018,0.975,72867.0,512160,sh,MSCI中国A股ETF南方
2024-09-25,1.02,1.03,1.05,1.02,34961.0,512160,sh,MSCI中国A股ETF南方
2024-09-26,1.025,1.072,1.077,1.025,46127.0,512160,sh,MSCI中国A股ETF南方
2024-09-27,1.077,1.105,1.108,1.077,14000.0,512160,sh,MSCI中国A股ETF南方
2024-09-30,1.193,1.216,1.216,1.125,90649.0,512160,sh,MSCI中国A股ETF南方
2024-10-08,1.328,1.301,1.338,1.26,52594.0,512160,sh,MSCI中国A股ETF南方
2024-10-09,1.24,1.204,1.275,1.19,79130.0,512160,sh,MSCI中国A股ETF南方
2024-10-10,1.18,1.211,1.252,1.18,87290.0,512160,sh,MSCI中国A股ETF南方
2024-10-11,1.211,1.169,1.211,1.16,69777.0,512160,sh,MSCI中国A股ETF南方
2024-10-14,1.174,1.191,1.196,1.166,85263.0,512160,sh,MSCI中国A股ETF南方
2024-10-15,1.19,1.164,1.194,1.162,24460.0,512160,sh,MSCI中国A股ETF南方
2024-10-16,1.147,1.156,1.17,1.147,29894.0,512160,sh,MSCI中国A股ETF南方
2024-10-17,1.16,1.144,1.17,1.143,9258.0,512160,sh,MSCI中国A股ETF南方
2024-10-18,1.144,1.192,1.208,1.142,100359.0,512160,sh,MSCI中国A股ETF南方
2024-10-21,1.2,1.189,1.2,1.178,50805.0,512160,sh,MSCI中国A股ETF南方
2024-10-22,1.187,1.195,1.199,1.187,49439.0,512160,sh,MSCI中国A股ETF南方
2024-10-23,1.196,1.2,1.212,1.192,26264.0,512160,sh,MSCI中国A股ETF南方
2024-10-24,1.196,1.191,1.2,1.186,38067.0,512160,sh,MSCI中国A股ETF南方
2024-10-25,1.19,1.196,1.206,1.189,57299.0,512160,sh,MSCI中国A股ETF南方
2024-10-28,1.196,1.202,1.203,1.189,69906.0,512160,sh,MSCI中国A股ETF南方
2024-10-29,1.203,1.191,1.21,1.19,53971.0,512160,sh,MSCI中国A股ETF南方
2024-10-30,1.191,1.184,1.194,1.177,55997.0,512160,sh,MSCI中国A股ETF南方
2024-10-31,1.184,1.184,1.194,1.178,60378.0,512160,sh,MSCI中国A股ETF南方
2024-11-01,1.186,1.19,1.199,1.182,43682.0,512160,sh,MSCI中国A股ETF南方
2024-11-04,1.191,1.2,1.201,1.186,32506.0,512160,sh,MSCI中国A股ETF南方
2024-11-05,1.194,1.23,1.232,1.194,65694.0,512160,sh,MSCI中国A股ETF南方
2024-11-06,1.231,1.23,1.246,1.22,104001.0,512160,sh,MSCI中国A股ETF南方
2024-11-07,1.223,1.26,1.263,1.223,58004.0,512160,sh,MSCI中国A股ETF南方
2024-11-08,1.264,1.25,1.278,1.247,56880.0,512160,sh,MSCI中国A股ETF南方
2024-11-11,1.25,1.254,1.255,1.233,81633.0,512160,sh,MSCI中国A股ETF南方
2024-11-12,1.256,1.247,1.272,1.237,36393.0,512160,sh,MSCI中国A股ETF南方
2024-11-13,1.241,1.25,1.252,1.239,14754.0,512160,sh,MSCI中国A股ETF南方
2024-11-14,1.244,1.228,1.252,1.228,14969.0,512160,sh,MSCI中国A股ETF南方
2024-11-15,1.223,1.21,1.275,1.204,23947.0,512160,sh,MSCI中国A股ETF南方
2024-11-18,1.216,1.198,1.223,1.195,19093.0,512160,sh,MSCI中国A股ETF南方
2024-11-19,1.204,1.207,1.208,1.185,11199.0,512160,sh,MSCI中国A股ETF南方
2024-11-20,1.207,1.214,1.216,1.205,42798.0,512160,sh,MSCI中国A股ETF南方
2024-11-21,1.212,1.214,1.216,1.209,7950.0,512160,sh,MSCI中国A股ETF南方
2024-11-22,1.212,1.178,1.212,1.177,16613.0,512160,sh,MSCI中国A股ETF南方
2024-11-25,1.181,1.172,1.184,1.166,45794.0,512160,sh,MSCI中国A股ETF南方
2024-11-26,1.172,1.168,1.179,1.168,15690.0,512160,sh,MSCI中国A股ETF南方
2024-11-27,1.166,1.19,1.19,1.163,26682.0,512160,sh,MSCI中国A股ETF南方
2024-11-28,1.188,1.18,1.189,1.178,24324.0,512160,sh,MSCI中国A股ETF南方
2024-11-29,1.185,1.192,1.204,1.182,59099.0,512160,sh,MSCI中国A股ETF南方
2024-12-02,1.188,1.207,1.208,1.148,26835.0,512160,sh,MSCI中国A股ETF南方
2024-12-03,1.204,1.21,1.212,1.201,17209.0,512160,sh,MSCI中国A股ETF南方
2024-12-04,1.203,1.199,1.207,1.198,12618.0,512160,sh,MSCI中国A股ETF南方
2024-12-05,1.194,1.202,1.204,1.194,24752.0,512160,sh,MSCI中国A股ETF南方
2024-12-06,1.206,1.219,1.224,1.203,31960.0,512160,sh,MSCI中国A股ETF南方
2024-12-09,1.21,1.216,1.223,1.21,44252.0,512160,sh,MSCI中国A股ETF南方
2024-12-10,1.242,1.222,1.25,1.222,51292.0,512160,sh,MSCI中国A股ETF南方
2024-12-11,1.224,1.224,1.227,1.22,27371.0,512160,sh,MSCI中国A股ETF南方
2024-12-12,1.223,1.237,1.237,1.222,30316.0,512160,sh,MSCI中国A股ETF南方
2024-12-13,1.226,1.208,1.226,1.208,35946.0,512160,sh,MSCI中国A股ETF南方
2024-12-16,1.208,1.204,1.212,1.2,58433.0,512160,sh,MSCI中国A股ETF南方
2024-12-17,1.198,1.206,1.214,1.198,70897.0,512160,sh,MSCI中国A股ETF南方
2024-12-18,1.206,1.208,1.213,1.206,67230.0,512160,sh,MSCI中国A股ETF南方
2024-12-19,1.202,1.211,1.212,1.198,73751.0,512160,sh,MSCI中国A股ETF南方
2024-12-20,1.207,1.203,1.213,1.203,46198.0,512160,sh,MSCI中国A股ETF南方
2024-12-23,1.21,1.204,1.215,1.204,52841.0,512160,sh,MSCI中国A股ETF南方
2024-12-24,1.207,1.221,1.221,1.205,25060.0,512160,sh,MSCI中国A股ETF南方
2024-12-25,1.221,1.219,1.226,1.216,43825.0,512160,sh,MSCI中国A股ETF南方
2024-12-26,1.218,1.221,1.221,1.218,1542.0,512160,sh,MSCI中国A股ETF南方
2024-12-27,1.216,1.217,1.227,1.216,28929.0,512160,sh,MSCI中国A股ETF南方
2024-12-30,1.221,1.225,1.226,1.221,17285.0,512160,sh,MSCI中国A股ETF南方
2024-12-31,1.223,1.204,1.226,1.204,64735.0,512160,sh,MSCI中国A股ETF南方
2025-01-02,1.202,1.168,1.202,1.163,78603.0,512160,sh,MSCI中国A股ETF南方
2025-01-03,1.168,1.156,1.172,1.154,33635.0,512160,sh,MSCI中国A股ETF南方
2025-01-06,1.157,1.153,1.158,1.147,46275.0,512160,sh,MSCI中国A股ETF南方
2025-01-07,1.154,1.16,1.16,1.149,27438.0,512160,sh,MSCI中国A股ETF南方
2025-01-08,1.152,1.16,1.166,1.142,55521.0,512160,sh,MSCI中国A股ETF南方
2025-01-09,1.161,1.156,1.161,1.155,21816.0,512160,sh,MSCI中国A股ETF南方
2025-01-10,1.156,1.142,1.156,1.142,22454.0,512160,sh,MSCI中国A股ETF南方
2025-01-13,1.141,1.139,1.147,1.136,21174.0,512160,sh,MSCI中国A股ETF南方
2025-01-14,1.141,1.17,1.172,1.141,41848.0,512160,sh,MSCI中国A股ETF南方
2025-01-15,1.168,1.161,1.169,1.161,33726.0,512160,sh,MSCI中国A股ETF南方
2025-01-16,1.169,1.166,1.175,1.157,55353.0,512160,sh,MSCI中国A股ETF南方
2025-01-17,1.165,1.166,1.172,1.164,12788.0,512160,sh,MSCI中国A股ETF南方
2025-01-20,1.178,1.175,1.181,1.171,35930.0,512160,sh,MSCI中国A股ETF南方
2025-01-21,1.175,1.173,1.179,1.17,47803.0,512160,sh,MSCI中国A股ETF南方
2025-01-22,1.171,1.166,1.171,1.16,27754.0,512160,sh,MSCI中国A股ETF南方
2025-01-23,1.175,1.169,1.186,1.168,98254.0,512160,sh,MSCI中国A股ETF南方
2025-01-24,1.17,1.177,1.181,1.168,50874.0,512160,sh,MSCI中国A股ETF南方
2025-01-27,1.179,1.174,1.182,1.174,39425.0,512160,sh,MSCI中国A股ETF南方
2025-02-05,1.173,1.163,1.174,1.163,45925.0,512160,sh,MSCI中国A股ETF南方
2025-02-06,1.167,1.181,1.181,1.165,61580.0,512160,sh,MSCI中国A股ETF南方
2025-02-07,1.181,1.197,1.205,1.179,63244.0,512160,sh,MSCI中国A股ETF南方
2025-02-10,1.198,1.2,1.2,1.193,71793.0,512160,sh,MSCI中国A股ETF南方
2025-02-11,1.198,1.194,1.198,1.191,42313.0,512160,sh,MSCI中国A股ETF南方
2025-02-12,1.197,1.206,1.206,1.191,55468.0,512160,sh,MSCI中国A股ETF南方
2025-02-13,1.206,1.205,1.213,1.202,51058.0,512160,sh,MSCI中国A股ETF南方
2025-02-14,1.211,1.211,1.212,1.202,46522.0,512160,sh,MSCI中国A股ETF南方
2025-02-17,1.214,1.213,1.215,1.205,65603.0,512160,sh,MSCI中国A股ETF南方
2025-02-18,1.211,1.2,1.218,1.2,41759.0,512160,sh,MSCI中国A股ETF南方
2025-02-19,1.198,1.208,1.209,1.198,21523.0,512160,sh,MSCI中国A股ETF南方
2025-02-20,1.208,1.209,1.21,1.204,49233.0,512160,sh,MSCI中国A股ETF南方
2025-02-21,1.214,1.221,1.222,1.207,71198.0,512160,sh,MSCI中国A股ETF南方
2025-02-24,1.221,1.219,1.227,1.214,64142.0,512160,sh,MSCI中国A股ETF南方
2025-02-25,1.206,1.21,1.222,1.206,98804.0,512160,sh,MSCI中国A股ETF南方
2025-02-26,1.21,1.218,1.219,1.209,87354.0,512160,sh,MSCI中国A股ETF南方
2025-02-27,1.219,1.224,1.224,1.212,58873.0,512160,sh,MSCI中国A股ETF南方
2025-02-28,1.224,1.201,1.224,1.198,87716.0,512160,sh,MSCI中国A股ETF南方
2025-03-03,1.202,1.197,1.21,1.194,15154.0,512160,sh,MSCI中国A股ETF南方
2025-03-04,1.193,1.198,1.198,1.188,12807.0,512160,sh,MSCI中国A股ETF南方
2025-03-05,1.195,1.2,1.202,1.193,39398.0,512160,sh,MSCI中国A股ETF南方
2025-03-06,1.204,1.217,1.218,1.204,78922.0,512160,sh,MSCI中国A股ETF南方
2025-03-07,1.216,1.213,1.22,1.211,72195.0,512160,sh,MSCI中国A股ETF南方
2025-03-10,1.211,1.213,1.216,1.205,88936.0,512160,sh,MSCI中国A股ETF南方
2025-03-11,1.202,1.215,1.215,1.202,71311.0,512160,sh,MSCI中国A股ETF南方
2025-03-12,1.215,1.21,1.218,1.209,35500.0,512160,sh,MSCI中国A股ETF南方
2025-03-13,1.212,1.207,1.214,1.203,43466.0,512160,sh,MSCI中国A股ETF南方
2025-03-14,1.216,1.236,1.238,1.208,59272.0,512160,sh,MSCI中国A股ETF南方
2025-03-17,1.233,1.234,1.241,1.232,36429.0,512160,sh,MSCI中国A股ETF南方
2025-03-18,1.234,1.237,1.238,1.233,72554.0,512160,sh,MSCI中国A股ETF南方
2025-03-19,1.238,1.236,1.24,1.231,48718.0,512160,sh,MSCI中国A股ETF南方
2025-03-20,1.227,1.225,1.237,1.224,30614.0,512160,sh,MSCI中国A股ETF南方
2025-03-21,1.225,1.206,1.229,1.205,30059.0,512160,sh,MSCI中国A股ETF南方
2025-03-24,1.21,1.214,1.214,1.205,22045.0,512160,sh,MSCI中国A股ETF南方
2025-03-25,1.215,1.213,1.215,1.21,28618.0,512160,sh,MSCI中国A股ETF南方
2025-03-26,1.211,1.21,1.215,1.208,14480.0,512160,sh,MSCI中国A股ETF南方
2025-03-27,1.206,1.213,1.217,1.205,14145.0,512160,sh,MSCI中国A股ETF南方
2025-03-28,1.213,1.206,1.213,1.205,12874.0,512160,sh,MSCI中国A股ETF南方
2025-03-31,1.205,1.196,1.209,1.193,10571.0,512160,sh,MSCI中国A股ETF南方
2025-04-01,1.198,1.198,1.202,1.197,11724.0,512160,sh,MSCI中国A股ETF南方
2025-04-02,1.199,1.197,1.202,1.196,10915.0,512160,sh,MSCI中国A股ETF南方
2025-04-03,1.192,1.191,1.197,1.188,9144.0,512160,sh,MSCI中国A股ETF南方
2025-04-07,1.119,1.106,1.18,1.084,56756.0,512160,sh,MSCI中国A股ETF南方
2025-04-08,1.138,1.121,1.138,1.102,35000.0,512160,sh,MSCI中国A股ETF南方
2025-04-09,1.11,1.131,1.133,1.105,37652.0,512160,sh,MSCI中国A股ETF南方
2025-04-10,1.132,1.15,1.157,1.132,30529.0,512160,sh,MSCI中国A股ETF南方
2025-04-11,1.15,1.153,1.158,1.143,29592.0,512160,sh,MSCI中国A股ETF南方
2025-04-14,1.157,1.159,1.164,1.157,29415.0,512160,sh,MSCI中国A股ETF南方
2025-04-15,1.155,1.159,1.159,1.155,12033.0,512160,sh,MSCI中国A股ETF南方
2025-04-16,1.154,1.162,1.162,1.147,28477.0,512160,sh,MSCI中国A股ETF南方
2025-04-17,1.157,1.161,1.165,1.157,28529.0,512160,sh,MSCI中国A股ETF南方
2025-04-18,1.161,1.163,1.164,1.158,14702.0,512160,sh,MSCI中国A股ETF南方
2025-04-21,1.163,1.169,1.169,1.163,14736.0,512160,sh,MSCI中国A股ETF南方
2025-04-22,1.164,1.17,1.172,1.164,7655.0,512160,sh,MSCI中国A股ETF南方
2025-04-23,1.175,1.168,1.175,1.168,31403.0,512160,sh,MSCI中国A股ETF南方
2025-04-24,1.17,1.166,1.175,1.166,14338.0,512160,sh,MSCI中国A股ETF南方
2025-04-25,1.171,1.17,1.181,1.166,9265.0,512160,sh,MSCI中国A股ETF南方
2025-04-28,1.167,1.17,1.17,1.167,32282.0,512160,sh,MSCI中国A股ETF南方
2025-04-29,1.165,1.165,1.167,1.163,7203.0,512160,sh,MSCI中国A股ETF南方
2025-04-30,1.164,1.162,1.165,1.162,9407.0,512160,sh,MSCI中国A股ETF南方
2025-05-06,1.167,1.175,1.176,1.167,29426.0,512160,sh,MSCI中国A股ETF南方
2025-05-07,1.181,1.18,1.192,1.179,23606.0,512160,sh,MSCI中国A股ETF南方
2025-05-08,1.183,1.19,1.192,1.183,31891.0,512160,sh,MSCI中国A股ETF南方
2025-05-09,1.19,1.188,1.19,1.185,27280.0,512160,sh,MSCI中国A股ETF南方
2025-05-12,1.199,1.198,1.2,1.194,19596.0,512160,sh,MSCI中国A股ETF南方
2025-05-13,1.203,1.2,1.203,1.2,24459.0,512160,sh,MSCI中国A股ETF南方
2025-05-14,1.202,1.213,1.219,1.2,12619.0,512160,sh,MSCI中国A股ETF南方
2025-05-15,1.215,1.206,1.215,1.206,12072.0,512160,sh,MSCI中国A股ETF南方
2025-05-16,1.201,1.201,1.201,1.194,6353.0,512160,sh,MSCI中国A股ETF南方
2025-05-19,1.201,1.195,1.201,1.193,9892.0,512160,sh,MSCI中国A股ETF南方
2025-05-20,1.199,1.202,1.205,1.198,16030.0,512160,sh,MSCI中国A股ETF南方
2025-05-21,1.204,1.207,1.211,1.204,22602.0,512160,sh,MSCI中国A股ETF南方
2025-05-22,1.205,1.206,1.209,1.203,20408.0,512160,sh,MSCI中国A股ETF南方
2025-05-23,1.207,1.196,1.211,1.196,15489.0,512160,sh,MSCI中国A股ETF南方
2025-05-26,1.196,1.192,1.198,1.188,23059.0,512160,sh,MSCI中国A股ETF南方
2025-05-27,1.191,1.185,1.195,1.184,35798.0,512160,sh,MSCI中国A股ETF南方
2025-05-28,1.185,1.185,1.188,1.184,18695.0,512160,sh,MSCI中国A股ETF南方
2025-05-29,1.185,1.194,1.194,1.185,14056.0,512160,sh,MSCI中国A股ETF南方
2025-05-30,1.188,1.189,1.189,1.183,9345.0,512160,sh,MSCI中国A股ETF南方
2025-06-03,1.183,1.19,1.19,1.183,25397.0,512160,sh,MSCI中国A股ETF南方
2025-06-04,1.194,1.192,1.195,1.192,9895.0,512160,sh,MSCI中国A股ETF南方
2025-06-05,1.193,1.196,1.199,1.193,11050.0,512160,sh,MSCI中国A股ETF南方
2025-06-06,1.198,1.196,1.201,1.196,9019.0,512160,sh,MSCI中国A股ETF南方
2025-06-09,1.198,1.2,1.203,1.198,20294.0,512160,sh,MSCI中国A股ETF南方
2025-06-10,1.2,1.194,1.204,1.19,8237.0,512160,sh,MSCI中国A股ETF南方
2025-06-11,1.195,1.203,1.207,1.195,52033.0,512160,sh,MSCI中国A股ETF南方
2025-06-12,1.201,1.205,1.207,1.197,34034.0,512160,sh,MSCI中国A股ETF南方
2025-06-13,1.202,1.195,1.202,1.194,15022.0,512160,sh,MSCI中国A股ETF南方
2025-06-16,1.196,1.199,1.2,1.195,21131.0,512160,sh,MSCI中国A股ETF南方
2025-06-17,1.199,1.197,1.201,1.197,19057.0,512160,sh,MSCI中国A股ETF南方
2025-06-18,1.199,1.202,1.202,1.194,16384.0,512160,sh,MSCI中国A股ETF南方
2025-06-19,1.197,1.19,1.197,1.187,23476.0,512160,sh,MSCI中国A股ETF南方
2025-06-20,1.196,1.192,1.196,1.189,19003.0,512160,sh,MSCI中国A股ETF南方
2025-06-23,1.19,1.197,1.198,1.186,26494.0,512160,sh,MSCI中国A股ETF南方
2025-06-24,1.191,1.208,1.212,1.191,39267.0,512160,sh,MSCI中国A股ETF南方
2025-06-25,1.185,1.225,1.226,1.185,51349.0,512160,sh,MSCI中国A股ETF南方
2025-06-26,1.225,1.223,1.229,1.223,50032.0,512160,sh,MSCI中国A股ETF南方
2025-06-27,1.223,1.217,1.231,1.217,47347.0,512160,sh,MSCI中国A股ETF南方
2025-06-30,1.221,1.222,1.222,1.215,38298.0,512160,sh,MSCI中国A股ETF南方
2025-07-01,1.22,1.226,1.226,1.22,36572.0,512160,sh,MSCI中国A股ETF南方
2025-07-02,1.224,1.226,1.227,1.222,49990.0,512160,sh,MSCI中国A股ETF南方
2025-07-03,1.226,1.232,1.234,1.224,39736.0,512160,sh,MSCI中国A股ETF南方
2025-07-04,1.232,1.237,1.245,1.231,83243.0,512160,sh,MSCI中国A股ETF南方
2025-07-07,1.235,1.23,1.235,1.23,66926.0,512160,sh,MSCI中国A股ETF南方
2025-07-08,1.236,1.244,1.245,1.236,68892.0,512160,sh,MSCI中国A股ETF南方
2025-07-09,1.244,1.243,1.251,1.243,18313.0,512160,sh,MSCI中国A股ETF南方
2025-07-10,1.243,1.248,1.255,1.243,56380.0,512160,sh,MSCI中国A股ETF南方
2025-07-11,1.254,1.25,1.265,1.25,38222.0,512160,sh,MSCI中国A股ETF南方
2025-07-14,1.252,1.251,1.257,1.251,36186.0,512160,sh,MSCI中国A股ETF南方
2025-07-15,1.254,1.251,1.261,1.245,29308.0,512160,sh,MSCI中国A股ETF南方
2025-07-16,1.255,1.248,1.255,1.245,21835.0,512160,sh,MSCI中国A股ETF南方
2025-07-17,1.254,1.259,1.259,1.249,20895.0,512160,sh,MSCI中国A股ETF南方
2025-07-18,1.259,1.267,1.27,1.259,36931.0,512160,sh,MSCI中国A股ETF南方
2025-07-21,1.268,1.279,1.279,1.268,71068.0,512160,sh,MSCI中国A股ETF南方
2025-07-22,1.279,1.289,1.289,1.273,53380.0,512160,sh,MSCI中国A股ETF南方
2025-07-23,1.291,1.289,1.301,1.288,58167.0,512160,sh,MSCI中国A股ETF南方
2025-07-24,1.291,1.3,1.3,1.291,46699.0,512160,sh,MSCI中国A股ETF南方
2025-07-25,1.296,1.294,1.299,1.292,31315.0,512160,sh,MSCI中国A股ETF南方
2025-07-28,1.294,1.299,1.301,1.288,23936.0,512160,sh,MSCI中国A股ETF南方
2025-07-29,1.3,1.302,1.31,1.22,46466.0,512160,sh,MSCI中国A股ETF南方
2025-07-30,1.3,1.302,1.313,1.296,43073.0,512160,sh,MSCI中国A股ETF南方
2025-07-31,1.298,1.278,1.298,1.278,32405.0,512160,sh,MSCI中国A股ETF南方
2025-08-01,1.282,1.277,1.284,1.27,47073.0,512160,sh,MSCI中国A股ETF南方
2025-08-04,1.265,1.278,1.283,1.265,64874.0,512160,sh,MSCI中国A股ETF南方
2025-08-05,1.282,1.29,1.29,1.282,15462.0,512160,sh,MSCI中国A股ETF南方
2025-08-06,1.296,1.294,1.296,1.289,5914.0,512160,sh,MSCI中国A股ETF南方
2025-08-07,1.298,1.297,1.3,1.29,31609.0,512160,sh,MSCI中国A股ETF南方
2025-08-08,1.294,1.294,1.3,1.293,23916.0,512160,sh,MSCI中国A股ETF南方
2025-08-11,1.295,1.3,1.302,1.294,22785.0,512160,sh,MSCI中国A股ETF南方
2025-08-12,1.3,1.307,1.31,1.3,31782.0,512160,sh,MSCI中国A股ETF南方
2025-08-13,1.312,1.316,1.323,1.31,36345.0,512160,sh,MSCI中国A股ETF南方
2025-08-14,1.32,1.317,1.329,1.313,66913.0,512160,sh,MSCI中国A股ETF南方
2025-08-15,1.317,1.328,1.33,1.312,43914.0,512160,sh,MSCI中国A股ETF南方
2025-08-18,1.328,1.338,1.347,1.328,50906.0,512160,sh,MSCI中国A股ETF南方
2025-08-19,1.344,1.337,1.347,1.335,36313.0,512160,sh,MSCI中国A股ETF南方
2025-08-20,1.331,1.35,1.352,1.331,43636.0,512160,sh,MSCI中国A股ETF南方
2025-08-21,1.359,1.353,1.365,1.353,54956.0,512160,sh,MSCI中国A股ETF南方
2025-08-22,1.353,1.381,1.381,1.353,17954.0,512160,sh,MSCI中国A股ETF南方
2025-08-25,1.381,1.416,1.416,1.381,35595.0,512160,sh,MSCI中国A股ETF南方
2025-08-26,1.413,1.405,1.416,1.401,24376.0,512160,sh,MSCI中国A股ETF南方
2025-08-27,1.407,1.388,1.414,1.388,76190.0,512160,sh,MSCI中国A股ETF南方
2025-08-28,1.386,1.407,1.408,1.38,73763.0,512160,sh,MSCI中国A股ETF南方
2025-08-29,1.407,1.422,1.424,1.407,10155.0,512160,sh,MSCI中国A股ETF南方
2025-09-01,1.421,1.425,1.428,1.418,21013.0,512160,sh,MSCI中国A股ETF南方
2025-09-02,1.427,1.41,1.433,1.403,14139.0,512160,sh,MSCI中国A股ETF南方
2025-09-03,1.416,1.397,1.419,1.394,20766.0,512160,sh,MSCI中国A股ETF南方
2025-09-04,1.404,1.377,1.405,1.362,33613.0,512160,sh,MSCI中国A股ETF南方
2025-09-05,1.377,1.405,1.406,1.368,29962.0,512160,sh,MSCI中国A股ETF南方
2025-09-08,1.407,1.407,1.413,1.397,27873.0,512160,sh,MSCI中国A股ETF南方
2025-09-09,1.404,1.4,1.413,1.393,4575.0,512160,sh,MSCI中国A股ETF南方
2025-09-10,1.397,1.405,1.41,1.395,10820.0,512160,sh,MSCI中国A股ETF南方
2025-09-11,1.405,1.438,1.44,1.402,37199.0,512160,sh,MSCI中国A股ETF南方
2025-09-12,1.44,1.43,1.444,1.43,52857.0,512160,sh,MSCI中国A股ETF南方
2025-09-15,1.43,1.435,1.445,1.43,38273.0,512160,sh,MSCI中国A股ETF南方
2025-09-16,1.435,1.43,1.437,1.422,32016.0,512160,sh,MSCI中国A股ETF南方
2025-09-17,1.43,1.441,1.441,1.43,33071.0,512160,sh,MSCI中国A股ETF南方
2025-09-18,1.435,1.428,1.447,1.412,50829.0,512160,sh,MSCI中国A股ETF南方
2025-09-19,1.425,1.427,1.429,1.421,27663.0,512160,sh,MSCI中国A股ETF南方
2025-09-22,1.428,1.426,1.429,1.418,30110.0,512160,sh,MSCI中国A股ETF南方
2025-09-23,1.433,1.426,1.438,1.41,30181.0,512160,sh,MSCI中国A股ETF南方
2025-09-24,1.42,1.438,1.44,1.418,72040.0,512160,sh,MSCI中国A股ETF南方
2025-09-25,1.438,1.452,1.454,1.438,88924.0,512160,sh,MSCI中国A股ETF南方
2025-09-26,1.452,1.438,1.452,1.437,3181.0,512160,sh,MSCI中国A股ETF南方
2025-09-29,1.437,1.456,1.464,1.437,35228.0,512160,sh,MSCI中国A股ETF南方
2025-09-30,1.452,1.46,1.464,1.452,48160.0,512160,sh,MSCI中国A股ETF南方
2025-10-09,1.458,1.482,1.486,1.458,24279.0,512160,sh,MSCI中国A股ETF南方
2025-10-10,1.48,1.455,1.48,1.454,26975.0,512160,sh,MSCI中国A股ETF南方
2025-10-13,1.43,1.448,1.454,1.422,4230.0,512160,sh,MSCI中国A股ETF南方
2025-10-14,1.46,1.434,1.463,1.433,13223.0,512160,sh,MSCI中国A股ETF南方
2025-10-15,1.434,1.455,1.455,1.407,6567.0,512160,sh,MSCI中国A股ETF南方
2025-10-16,1.452,1.454,1.463,1.451,8077.0,512160,sh,MSCI中国A股ETF南方
2025-10-17,1.454,1.424,1.454,1.424,9894.0,512160,sh,MSCI中国A股ETF南方
2025-10-20,1.424,1.431,1.439,1.424,7230.0,512160,sh,MSCI中国A股ETF南方
2025-10-21,1.432,1.45,1.454,1.432,12685.0,512160,sh,MSCI中国A股ETF南方
2025-10-22,1.448,1.447,1.452,1.442,23987.0,512160,sh,MSCI中国A股ETF南方
2025-10-23,1.445,1.449,1.453,1.433,29639.0,512160,sh,MSCI中国A股ETF南方
2025-10-24,1.46,1.47,1.47,1.457,74079.0,512160,sh,MSCI中国A股ETF南方
2025-10-27,1.472,1.492,1.492,1.472,10064.0,512160,sh,MSCI中国A股ETF南方
2025-10-28,1.485,1.482,1.493,1.48,18930.0,512160,sh,MSCI中国A股ETF南方
2025-10-29,1.485,1.502,1.502,1.485,16596.0,512160,sh,MSCI中国A股ETF南方
2025-10-30,1.499,1.49,1.503,1.488,7781.0,512160,sh,MSCI中国A股ETF南方
2025-10-31,1.486,1.468,1.486,1.468,14452.0,512160,sh,MSCI中国A股ETF南方
2025-11-03,1.468,1.473,1.473,1.456,26171.0,512160,sh,MSCI中国A股ETF南方
2025-11-04,1.479,1.458,1.48,1.453,35580.0,512160,sh,MSCI中国A股ETF南方
2025-11-05,1.451,1.46,1.467,1.442,19509.0,512160,sh,MSCI中国A股ETF南方
2025-11-06,1.465,1.48,1.484,1.465,55646.0,512160,sh,MSCI中国A股ETF南方
2025-11-07,1.48,1.482,1.487,1.478,14295.0,512160,sh,MSCI中国A股ETF南方
2025-11-10,1.481,1.486,1.486,1.473,8515.0,512160,sh,MSCI中国A股ETF南方
2025-11-11,1.488,1.474,1.489,1.471,16049.0,512160,sh,MSCI中国A股ETF南方
2025-11-12,1.467,1.472,1.476,1.462,7886.0,512160,sh,MSCI中国A股ETF南方
2025-11-13,1.474,1.484,1.485,1.466,45882.0,512160,sh,MSCI中国A股ETF南方
2025-11-14,1.485,1.465,1.485,1.465,5196.0,512160,sh,MSCI中国A股ETF南方
2025-11-17,1.463,1.452,1.463,1.45,11770.0,512160,sh,MSCI中国A股ETF南方
2025-11-18,1.458,1.448,1.458,1.442,4099.0,512160,sh,MSCI中国A股ETF南方
2025-11-19,1.447,1.451,1.455,1.442,32145.0,512160,sh,MSCI中国A股ETF南方
2025-11-20,1.456,1.442,1.462,1.442,11748.0,512160,sh,MSCI中国A股ETF南方
2025-11-21,1.442,1.406,1.442,1.405,21060.0,512160,sh,MSCI中国A股ETF南方
2025-11-24,1.411,1.405,1.411,1.397,18600.0,512160,sh,MSCI中国A股ETF南方
2025-11-25,1.406,1.417,1.426,1.406,14764.0,512160,sh,MSCI中国A股ETF南方
2025-11-26,1.416,1.425,1.433,1.416,33493.0,512160,sh,MSCI中国A股ETF南方
2025-11-27,1.427,1.422,1.439,1.422,32610.0,512160,sh,MSCI中国A股ETF南方
2025-11-28,1.424,1.43,1.432,1.42,34270.0,512160,sh,MSCI中国A股ETF南方
2025-12-01,1.432,1.446,1.447,1.432,35606.0,512160,sh,MSCI中国A股ETF南方
2025-12-02,1.441,1.437,1.444,1.436,12185.0,512160,sh,MSCI中国A股ETF南方
2025-12-03,1.439,1.429,1.442,1.428,36119.0,512160,sh,MSCI中国A股ETF南方
2025-12-04,1.431,1.432,1.435,1.428,24219.0,512160,sh,MSCI中国A股ETF南方
2025-12-05,1.434,1.447,1.448,1.431,58429.0,512160,sh,MSCI中国A股ETF南方
2025-12-08,1.449,1.456,1.467,1.449,97107.0,512160,sh,MSCI中国A股ETF南方
2025-12-09,1.454,1.453,1.461,1.448,57515.0,512160,sh,MSCI中国A股ETF南方
2025-12-10,1.447,1.452,1.454,1.435,34642.0,512160,sh,MSCI中国A股ETF南方
2025-12-11,1.452,1.438,1.454,1.437,14284.0,512160,sh,MSCI中国A股ETF南方
2025-12-12,1.44,1.45,1.45,1.434,61163.0,512160,sh,MSCI中国A股ETF南方
2025-12-15,1.441,1.437,1.45,1.437,32867.0,512160,sh,MSCI中国A股ETF南方
2025-12-16,1.436,1.422,1.437,1.419,30640.0,512160,sh,MSCI中国A股ETF南方
2025-12-17,1.424,1.448,1.453,1.424,23919.0,512160,sh,MSCI中国A股ETF南方
2025-12-18,1.442,1.442,1.447,1.439,62356.0,512160,sh,MSCI中国A股ETF南方
2025-12-19,1.449,1.45,1.454,1.442,17410.0,512160,sh,MSCI中国A股ETF南方
2025-12-22,1.45,1.463,1.465,1.45,19775.0,512160,sh,MSCI中国A股ETF南方
2025-12-23,1.464,1.465,1.473,1.463,39500.0,512160,sh,MSCI中国A股ETF南方
2025-12-24,1.467,1.473,1.475,1.463,42973.0,512160,sh,MSCI中国A股ETF南方
2025-12-25,1.474,1.48,1.48,1.47,21853.0,512160,sh,MSCI中国A股ETF南方
2025-12-26,1.478,1.484,1.488,1.475,8657.0,512160,sh,MSCI中国A股ETF南方
2025-12-29,1.48,1.476,1.486,1.474,22563.0,512160,sh,MSCI中国A股ETF南方
2025-12-30,1.476,1.482,1.484,1.474,43518.0,512160,sh,MSCI中国A股ETF南方
2025-12-31,1.48,1.475,1.48,1.472,13324.0,512160,sh,MSCI中国A股ETF南方
2026-01-05,1.475,1.5,1.5,1.475,30028.0,512160,sh,MSCI中国A股ETF南方
2026-01-06,1.505,1.523,1.524,1.505,42741.0,512160,sh,MSCI中国A股ETF南方
2026-01-07,1.523,1.525,1.531,1.518,21147.0,512160,sh,MSCI中国A股ETF南方
2026-01-08,1.525,1.516,1.525,1.508,14222.0,512160,sh,MSCI中国A股ETF南方
2026-01-09,1.52,1.523,1.527,1.51,16215.0,512160,sh,MSCI中国A股ETF南方
2026-01-12,1.527,1.529,1.546,1.515,24711.0,512160,sh,MSCI中国A股ETF南方
2026-01-13,1.536,1.521,1.552,1.521,2555.0,512160,sh,MSCI中国A股ETF南方
2026-01-14,1.533,1.522,1.541,1.503,4820.0,512160,sh,MSCI中国A股ETF南方
2026-01-15,1.525,1.52,1.528,1.518,8104.0,512160,sh,MSCI中国A股ETF南方
2026-01-16,1.532,1.521,1.534,1.514,2146.0,512160,sh,MSCI中国A股ETF南方
2026-01-19,1.516,1.522,1.529,1.516,19289.0,512160,sh,MSCI中国A股ETF南方
2026-01-20,1.522,1.514,1.526,1.506,13942.0,512160,sh,MSCI中国A股ETF南方
2026-01-21,1.514,1.516,1.527,1.514,21685.0,512160,sh,MSCI中国A股ETF南方
2026-01-22,1.524,1.52,1.528,1.512,25263.0,512160,sh,MSCI中国A股ETF南方
2026-01-23,1.52,1.515,1.524,1.513,19601.0,512160,sh,MSCI中国A股ETF南方
2026-01-26,1.515,1.52,1.532,1.513,3522.0,512160,sh,MSCI中国A股ETF南方
2026-01-27,1.52,1.522,1.524,1.51,19144.0,512160,sh,MSCI中国A股ETF南方
2026-01-28,1.523,1.522,1.532,1.516,53030.0,512160,sh,MSCI中国A股ETF南方
2026-01-29,1.522,1.54,1.54,1.52,7213.0,512160,sh,MSCI中国A股ETF南方
2026-01-30,1.532,1.521,1.532,1.495,11872.0,512160,sh,MSCI中国A股ETF南方
2026-02-02,1.519,1.476,1.52,1.476,41091.0,512160,sh,MSCI中国A股ETF南方
2026-02-03,1.479,1.496,1.506,1.47,18719.0,512160,sh,MSCI中国A股ETF南方
2026-02-04,1.492,1.51,1.511,1.492,7473.0,512160,sh,MSCI中国A股ETF南方
2026-02-05,1.506,1.505,1.506,1.491,53408.0,512160,sh,MSCI中国A股ETF南方
2026-02-06,1.496,1.496,1.507,1.482,16694.0,512160,sh,MSCI中国A股ETF南方
2026-02-09,1.503,1.522,1.522,1.503,3630.0,512160,sh,MSCI中国A股ETF南方
2026-02-10,1.521,1.525,1.525,1.517,68084.0,512160,sh,MSCI中国A股ETF南方
2026-02-11,1.525,1.526,1.526,1.523,11184.0,512160,sh,MSCI中国A股ETF南方
2026-02-12,1.526,1.526,1.528,1.525,13901.0,512160,sh,MSCI中国A股ETF南方
2026-02-13,1.526,1.509,1.526,1.507,8889.0,512160,sh,MSCI中国A股ETF南方
2026-02-24,1.517,1.522,1.528,1.517,13259.0,512160,sh,MSCI中国A股ETF南方
2026-02-25,1.526,1.53,1.541,1.526,8512.0,512160,sh,MSCI中国A股ETF南方
2026-02-26,1.53,1.533,1.535,1.527,17604.0,512160,sh,MSCI中国A股ETF南方
2026-02-27,1.526,1.532,1.532,1.524,10826.0,512160,sh,MSCI中国A股ETF南方
2026-03-02,1.529,1.538,1.538,1.52,14174.0,512160,sh,MSCI中国A股ETF南方
2026-03-03,1.539,1.51,1.541,1.51,24913.0,512160,sh,MSCI中国A股ETF南方
2026-03-04,1.502,1.492,1.504,1.483,45150.0,512160,sh,MSCI中国A股ETF南方
2026-03-05,1.489,1.507,1.515,1.489,15503.0,512160,sh,MSCI中国A股ETF南方
2026-03-06,1.502,1.51,1.516,1.497,34477.0,512160,sh,MSCI中国A股ETF南方
2026-03-09,1.5,1.498,1.503,1.476,11476.0,512160,sh,MSCI中国A股ETF南方
2026-03-10,1.506,1.519,1.519,1.506,8748.0,512160,sh,MSCI中国A股ETF南方
2026-03-11,1.52,1.526,1.528,1.52,13866.0,512160,sh,MSCI中国A股ETF南方
2026-03-12,1.525,1.523,1.526,1.511,7843.0,512160,sh,MSCI中国A股ETF南方
2026-03-13,1.522,1.51,1.524,1.51,7374.0,512160,sh,MSCI中国A股ETF南方
2026-03-16,1.505,1.507,1.509,1.492,12643.0,512160,sh,MSCI中国A股ETF南方
2026-03-17,1.514,1.497,1.522,1.497,6187.0,512160,sh,MSCI中国A股ETF南方
2026-03-18,1.497,1.503,1.503,1.486,7079.0,512160,sh,MSCI中国A股ETF南方
2026-03-19,1.494,1.476,1.494,1.476,4215.0,512160,sh,MSCI中国A股ETF南方
2026-03-20,1.488,1.468,1.491,1.468,8584.0,512160,sh,MSCI中国A股ETF南方
2026-03-23,1.468,1.412,1.468,1.408,5404.0,512160,sh,MSCI中国A股ETF南方
2026-03-24,1.431,1.433,1.434,1.407,14010.0,512160,sh,MSCI中国A股ETF南方
2026-03-25,1.446,1.457,1.458,1.444,3202.0,512160,sh,MSCI中国A股ETF南方
2026-03-26,1.457,1.442,1.459,1.438,7807.0,512160,sh,MSCI中国A股ETF南方
2026-03-27,1.428,1.447,1.453,1.428,3771.0,512160,sh,MSCI中国A股ETF南方
2026-03-30,1.439,1.446,1.447,1.432,7818.0,512160,sh,MSCI中国A股ETF南方
2026-03-31,1.445,1.435,1.455,1.435,6339.0,512160,sh,MSCI中国A股ETF南方
2026-04-01,1.442,1.455,1.457,1.442,9005.0,512160,sh,MSCI中国A股ETF南方
2026-04-02,1.456,1.439,1.456,1.435,10554.0,512160,sh,MSCI中国A股ETF南方
2026-04-03,1.438,1.426,1.438,1.426,4440.0,512160,sh,MSCI中国A股ETF南方
2026-04-07,1.433,1.427,1.433,1.421,35797.0,512160,sh,MSCI中国A股ETF南方
2026-04-08,1.434,1.478,1.478,1.434,29836.0,512160,sh,MSCI中国A股ETF南方
2026-04-09,1.466,1.47,1.474,1.466,5993.0,512160,sh,MSCI中国A股ETF南方
2026-04-10,1.48,1.489,1.495,1.48,3685.0,512160,sh,MSCI中国A股ETF南方
2026-04-13,1.491,1.496,1.496,1.485,12247.0,512160,sh,MSCI中国A股ETF南方
2026-04-14,1.5,1.509,1.509,1.497,30481.0,512160,sh,MSCI中国A股ETF南方
2026-04-15,1.514,1.504,1.52,1.504,2016.0,512160,sh,MSCI中国A股ETF南方
2026-04-16,1.512,1.525,1.525,1.512,3306.0,512160,sh,MSCI中国A股ETF南方
2026-04-17,1.526,1.525,1.527,1.521,2843.0,512160,sh,MSCI中国A股ETF南方
2026-04-20,1.528,1.532,1.535,1.528,5138.0,512160,sh,MSCI中国A股ETF南方
2026-04-21,1.528,1.532,1.535,1.521,12302.0,512160,sh,MSCI中国A股ETF南方
2026-04-22,1.533,1.548,1.548,1.533,15978.0,512160,sh,MSCI中国A股ETF南方
2026-04-23,1.553,1.542,1.553,1.533,15741.0,512160,sh,MSCI中国A股ETF南方
2026-04-24,1.535,1.541,1.546,1.527,80537.0,512160,sh,MSCI中国A股ETF南方
2026-04-27,1.539,1.538,1.547,1.538,29373.0,512160,sh,MSCI中国A股ETF南方
2026-04-28,1.536,1.534,1.542,1.532,21488.0,512160,sh,MSCI中国A股ETF南方
2026-04-29,1.537,1.552,1.556,1.536,43623.0,512160,sh,MSCI中国A股ETF南方
2026-04-30,1.555,1.552,1.556,1.547,23224.0,512160,sh,MSCI中国A股ETF南方
2026-05-06,1.54,1.58,1.586,1.54,27425.0,512160,sh,MSCI中国A股ETF南方
2026-05-07,1.584,1.589,1.591,1.581,28628.0,512160,sh,MSCI中国A股ETF南方
2026-05-08,1.586,1.587,1.59,1.579,12119.0,512160,sh,MSCI中国A股ETF南方
2026-05-11,1.589,1.609,1.613,1.589,81339.0,512160,sh,MSCI中国A股ETF南方
2026-05-12,1.614,1.61,1.615,1.6,13128.0,512160,sh,MSCI中国A股ETF南方
2026-05-13,1.609,1.624,1.627,1.604,13783.0,512160,sh,MSCI中国A股ETF南方
2026-05-14,1.625,1.597,1.634,1.597,6233.0,512160,sh,MSCI中国A股ETF南方
2026-05-15,1.59,1.578,1.598,1.57,10044.0,512160,sh,MSCI中国A股ETF南方
2026-05-18,1.578,1.571,1.578,1.563,18478.0,512160,sh,MSCI中国A股ETF南方
2026-05-19,1.565,1.578,1.578,1.553,9978.0,512160,sh,MSCI中国A股ETF南方
2026-05-20,1.57,1.576,1.577,1.57,559.0,512160,sh,MSCI中国A股ETF南方
2026-05-21,1.585,1.556,1.607,1.556,18852.0,512160,sh,MSCI中国A股ETF南方
2026-05-22,1.556,1.575,1.576,1.553,14616.0,512160,sh,MSCI中国A股ETF南方
2026-05-25,1.582,1.594,1.595,1.582,25902.0,512160,sh,MSCI中国A股ETF南方
2026-05-26,1.584,1.607,1.607,1.584,6791.0,512160,sh,MSCI中国A股ETF南方
2026-05-27,1.609,1.593,1.612,1.588,30781.0,512160,sh,MSCI中国A股ETF南方
2026-05-28,1.583,1.595,1.596,1.574,5318.0,512160,sh,MSCI中国A股ETF南方
2026-05-29,1.601,1.582,1.605,1.582,36509.0,512160,sh,MSCI中国A股ETF南方
2026-06-01,1.585,1.57,1.593,1.568,7058.0,512160,sh,MSCI中国A股ETF南方
2026-06-02,1.571,1.59,1.592,1.56,10104.0,512160,sh,MSCI中国A股ETF南方
2026-06-03,1.587,1.595,1.61,1.584,63278.0,512160,sh,MSCI中国A股ETF南方
2026-06-04,1.595,1.58,1.595,1.574,5547.0,512160,sh,MSCI中国A股ETF南方
2026-06-05,1.571,1.558,1.591,1.553,14858.0,512160,sh,MSCI中国A股ETF南方
2026-06-08,1.541,1.52,1.543,1.51,12286.0,512160,sh,MSCI中国A股ETF南方
2026-06-09,1.54,1.551,1.552,1.522,3160.0,512160,sh,MSCI中国A股ETF南方
2026-06-10,1.54,1.539,1.55,1.528,11976.0,512160,sh,MSCI中国A股ETF南方
2026-06-11,1.53,1.53,1.533,1.522,5446.0,512160,sh,MSCI中国A股ETF南方
2026-06-12,1.542,1.554,1.566,1.534,6262.0,512160,sh,MSCI中国A股ETF南方
2026-06-15,1.56,1.587,1.587,1.56,21621.0,512160,sh,MSCI中国A股ETF南方
2026-06-16,1.589,1.588,1.596,1.585,12062.0,512160,sh,MSCI中国A股ETF南方
2026-06-17,1.593,1.603,1.604,1.588,13320.0,512160,sh,MSCI中国A股ETF南方
2026-06-18,1.587,1.613,1.619,1.586,34916.0,512160,sh,MSCI中国A股ETF南方
2026-06-22,1.61,1.65,1.65,1.608,13258.0,512160,sh,MSCI中国A股ETF南方
2026-06-23,1.646,1.606,1.652,1.592,9682.0,512160,sh,MSCI中国A股ETF南方
2026-06-24,1.609,1.616,1.62,1.6,42847.0,512160,sh,MSCI中国A股ETF南方
2026-06-25,1.625,1.634,1.642,1.625,7091.0,512160,sh,MSCI中国A股ETF南方
2026-06-26,1.628,1.595,1.632,1.592,22340.0,512160,sh,MSCI中国A股ETF南方
2026-06-29,1.598,1.61,1.612,1.584,10890.0,512160,sh,MSCI中国A股ETF南方
2026-06-30,1.612,1.63,1.632,1.612,5545.0,512160,sh,MSCI中国A股ETF南方
2026-07-01,1.633,1.631,1.647,1.622,21149.0,512160,sh,MSCI中国A股ETF南方
2026-07-02,1.608,1.58,1.608,1.579,23745.0,512160,sh,MSCI中国A股ETF南方
2026-07-03,1.58,1.593,1.602,1.58,6912.0,512160,sh,MSCI中国A股ETF南方
