date,open,close,high,low,volume,code,market,name
2020-01-02,0.712,0.721,0.729,0.712,124256.0,515300,sh,300红利低波ETF嘉实
2020-01-03,0.721,0.723,0.726,0.721,101768.0,515300,sh,300红利低波ETF嘉实
2020-01-06,0.722,0.721,0.727,0.717,78177.0,515300,sh,300红利低波ETF嘉实
2020-01-07,0.722,0.725,0.727,0.722,80091.0,515300,sh,300红利低波ETF嘉实
2020-01-08,0.722,0.713,0.722,0.712,73733.0,515300,sh,300红利低波ETF嘉实
2020-01-09,0.719,0.717,0.72,0.714,45680.0,515300,sh,300红利低波ETF嘉实
2020-01-10,0.717,0.717,0.719,0.713,54525.0,515300,sh,300红利低波ETF嘉实
2020-01-13,0.713,0.717,0.717,0.709,81830.0,515300,sh,300红利低波ETF嘉实
2020-01-14,0.716,0.717,0.722,0.716,86714.0,515300,sh,300红利低波ETF嘉实
2020-01-15,0.717,0.708,0.718,0.707,46516.0,515300,sh,300红利低波ETF嘉实
2020-01-16,0.708,0.701,0.709,0.7,56882.0,515300,sh,300红利低波ETF嘉实
2020-01-17,0.701,0.699,0.706,0.697,41881.0,515300,sh,300红利低波ETF嘉实
2020-01-20,0.709,0.704,0.709,0.699,36843.0,515300,sh,300红利低波ETF嘉实
2020-01-21,0.7,0.69,0.7,0.688,69817.0,515300,sh,300红利低波ETF嘉实
2020-01-22,0.689,0.689,0.691,0.678,77355.0,515300,sh,300红利低波ETF嘉实
2020-01-23,0.681,0.671,0.682,0.666,85809.0,515300,sh,300红利低波ETF嘉实
2020-02-03,0.57,0.57,0.602,0.57,51167.0,515300,sh,300红利低波ETF嘉实
2020-02-04,0.57,0.612,0.612,0.57,35525.0,515300,sh,300红利低波ETF嘉实
2020-02-05,0.612,0.612,0.623,0.602,41508.0,515300,sh,300红利低波ETF嘉实
2020-02-06,0.614,0.621,0.625,0.611,40579.0,515300,sh,300红利低波ETF嘉实
2020-02-07,0.619,0.623,0.623,0.612,22440.0,515300,sh,300红利低波ETF嘉实
2020-02-10,0.623,0.626,0.627,0.616,21865.0,515300,sh,300红利低波ETF嘉实
2020-02-11,0.626,0.632,0.638,0.626,35459.0,515300,sh,300红利低波ETF嘉实
2020-02-12,0.632,0.637,0.639,0.631,41233.0,515300,sh,300红利低波ETF嘉实
2020-02-13,0.638,0.634,0.643,0.633,40241.0,515300,sh,300红利低波ETF嘉实
2020-02-14,0.635,0.64,0.641,0.635,20100.0,515300,sh,300红利低波ETF嘉实
2020-02-17,0.639,0.656,0.656,0.639,75005.0,515300,sh,300红利低波ETF嘉实
2020-02-18,0.651,0.649,0.655,0.647,72356.0,515300,sh,300红利低波ETF嘉实
2020-02-19,0.648,0.646,0.653,0.646,73087.0,515300,sh,300红利低波ETF嘉实
2020-02-20,0.651,0.658,0.659,0.644,60664.0,515300,sh,300红利低波ETF嘉实
2020-02-21,0.655,0.656,0.662,0.654,81368.0,515300,sh,300红利低波ETF嘉实
2020-02-24,0.656,0.649,0.658,0.648,38840.0,515300,sh,300红利低波ETF嘉实
2020-02-25,0.626,0.634,0.64,0.626,30936.0,515300,sh,300红利低波ETF嘉实
2020-02-26,0.627,0.647,0.654,0.627,77410.0,515300,sh,300红利低波ETF嘉实
2020-02-27,0.647,0.65,0.656,0.647,89628.0,515300,sh,300红利低波ETF嘉实
2020-02-28,0.65,0.632,0.65,0.629,87579.0,515300,sh,300红利低波ETF嘉实
2020-03-02,0.639,0.663,0.666,0.639,58907.0,515300,sh,300红利低波ETF嘉实
2020-03-03,0.671,0.663,0.674,0.661,59862.0,515300,sh,300红利低波ETF嘉实
2020-03-04,0.662,0.668,0.671,0.66,60622.0,515300,sh,300红利低波ETF嘉实
2020-03-05,0.668,0.683,0.686,0.668,79700.0,515300,sh,300红利低波ETF嘉实
2020-03-06,0.673,0.667,0.676,0.667,25319.0,515300,sh,300红利低波ETF嘉实
2020-03-09,0.658,0.647,0.658,0.644,40085.0,515300,sh,300红利低波ETF嘉实
2020-03-10,0.636,0.657,0.66,0.636,34243.0,515300,sh,300红利低波ETF嘉实
2020-03-11,0.658,0.65,0.659,0.65,36046.0,515300,sh,300红利低波ETF嘉实
2020-03-12,0.643,0.637,0.644,0.635,50573.0,515300,sh,300红利低波ETF嘉实
2020-03-13,0.627,0.63,0.634,0.606,43322.0,515300,sh,300红利低波ETF嘉实
2020-03-16,0.63,0.611,0.632,0.61,33768.0,515300,sh,300红利低波ETF嘉实
2020-03-17,0.6,0.608,0.622,0.599,38097.0,515300,sh,300红利低波ETF嘉实
2020-03-18,0.614,0.597,0.619,0.597,14411.0,515300,sh,300红利低波ETF嘉实
2020-03-19,0.598,0.582,0.598,0.57,44382.0,515300,sh,300红利低波ETF嘉实
2020-03-20,0.591,0.6,0.6,0.584,41137.0,515300,sh,300红利低波ETF嘉实
2020-03-23,0.595,0.575,0.595,0.573,34399.0,515300,sh,300红利低波ETF嘉实
2020-03-24,0.584,0.592,0.594,0.58,10930.0,515300,sh,300红利低波ETF嘉实
2020-03-25,0.592,0.602,0.605,0.592,49373.0,515300,sh,300红利低波ETF嘉实
2020-03-26,0.597,0.596,0.604,0.595,31520.0,515300,sh,300红利低波ETF嘉实
2020-03-27,0.596,0.607,0.616,0.596,16149.0,515300,sh,300红利低波ETF嘉实
2020-03-30,0.598,0.605,0.605,0.598,10843.0,515300,sh,300红利低波ETF嘉实
2020-03-31,0.609,0.599,0.609,0.599,38011.0,515300,sh,300红利低波ETF嘉实
2020-04-01,0.599,0.592,0.604,0.592,26509.0,515300,sh,300红利低波ETF嘉实
2020-04-02,0.592,0.6,0.601,0.588,37493.0,515300,sh,300红利低波ETF嘉实
2020-04-03,0.599,0.594,0.599,0.591,22326.0,515300,sh,300红利低波ETF嘉实
2020-04-07,0.596,0.605,0.609,0.596,21138.0,515300,sh,300红利低波ETF嘉实
2020-04-08,0.599,0.604,0.604,0.598,36888.0,515300,sh,300红利低波ETF嘉实
2020-04-09,0.606,0.603,0.607,0.602,34900.0,515300,sh,300红利低波ETF嘉实
2020-04-10,0.599,0.598,0.604,0.595,26970.0,515300,sh,300红利低波ETF嘉实
2020-04-13,0.599,0.594,0.599,0.593,50212.0,515300,sh,300红利低波ETF嘉实
2020-04-14,0.597,0.601,0.601,0.597,26650.0,515300,sh,300红利低波ETF嘉实
2020-04-15,0.601,0.599,0.602,0.599,15538.0,515300,sh,300红利低波ETF嘉实
2020-04-16,0.597,0.6,0.602,0.597,32054.0,515300,sh,300红利低波ETF嘉实
2020-04-17,0.607,0.605,0.61,0.602,56710.0,515300,sh,300红利低波ETF嘉实
2020-04-20,0.603,0.604,0.605,0.602,42781.0,515300,sh,300红利低波ETF嘉实
2020-04-21,0.601,0.597,0.601,0.592,55554.0,515300,sh,300红利低波ETF嘉实
2020-04-22,0.591,0.595,0.596,0.591,28156.0,515300,sh,300红利低波ETF嘉实
2020-04-23,0.597,0.594,0.597,0.594,12381.0,515300,sh,300红利低波ETF嘉实
2020-04-24,0.591,0.589,0.592,0.588,57126.0,515300,sh,300红利低波ETF嘉实
2020-04-27,0.591,0.595,0.6,0.591,35255.0,515300,sh,300红利低波ETF嘉实
2020-04-28,0.595,0.59,0.595,0.581,35467.0,515300,sh,300红利低波ETF嘉实
2020-04-29,0.594,0.604,0.604,0.594,29455.0,515300,sh,300红利低波ETF嘉实
2020-04-30,0.608,0.614,0.614,0.608,25264.0,515300,sh,300红利低波ETF嘉实
2020-05-06,0.613,0.611,0.613,0.604,40030.0,515300,sh,300红利低波ETF嘉实
2020-05-07,0.609,0.606,0.609,0.603,38935.0,515300,sh,300红利低波ETF嘉实
2020-05-08,0.607,0.609,0.611,0.606,8884.0,515300,sh,300红利低波ETF嘉实
2020-05-11,0.609,0.612,0.617,0.609,52721.0,515300,sh,300红利低波ETF嘉实
2020-05-12,0.612,0.607,0.613,0.607,45221.0,515300,sh,300红利低波ETF嘉实
2020-05-13,0.604,0.608,0.608,0.603,51559.0,515300,sh,300红利低波ETF嘉实
2020-05-14,0.606,0.598,0.606,0.598,34444.0,515300,sh,300红利低波ETF嘉实
2020-05-15,0.598,0.598,0.603,0.597,45811.0,515300,sh,300红利低波ETF嘉实
2020-05-18,0.597,0.599,0.604,0.597,57029.0,515300,sh,300红利低波ETF嘉实
2020-05-19,0.602,0.604,0.608,0.602,14212.0,515300,sh,300红利低波ETF嘉实
2020-05-20,0.604,0.603,0.604,0.599,45974.0,515300,sh,300红利低波ETF嘉实
2020-05-21,0.603,0.598,0.603,0.597,45284.0,515300,sh,300红利低波ETF嘉实
2020-05-22,0.596,0.585,0.596,0.584,38089.0,515300,sh,300红利低波ETF嘉实
2020-05-25,0.585,0.587,0.587,0.581,66483.0,515300,sh,300红利低波ETF嘉实
2020-05-26,0.589,0.589,0.59,0.586,50867.0,515300,sh,300红利低波ETF嘉实
2020-05-27,0.588,0.591,0.594,0.588,109093.0,515300,sh,300红利低波ETF嘉实
2020-05-28,0.594,0.596,0.602,0.592,68868.0,515300,sh,300红利低波ETF嘉实
2020-05-29,0.592,0.59,0.593,0.589,56099.0,515300,sh,300红利低波ETF嘉实
2020-06-01,0.594,0.601,0.602,0.594,39903.0,515300,sh,300红利低波ETF嘉实
2020-06-02,0.6,0.606,0.607,0.6,44743.0,515300,sh,300红利低波ETF嘉实
2020-06-03,0.61,0.608,0.616,0.607,29088.0,515300,sh,300红利低波ETF嘉实
2020-06-04,0.609,0.603,0.609,0.602,53115.0,515300,sh,300红利低波ETF嘉实
2020-06-05,0.6,0.602,0.602,0.598,49440.0,515300,sh,300红利低波ETF嘉实
2020-06-08,0.604,0.606,0.607,0.604,122696.0,515300,sh,300红利低波ETF嘉实
2020-06-09,0.607,0.61,0.61,0.605,106053.0,515300,sh,300红利低波ETF嘉实
2020-06-10,0.61,0.607,0.61,0.605,65862.0,515300,sh,300红利低波ETF嘉实
2020-06-11,0.604,0.6,0.606,0.6,67328.0,515300,sh,300红利低波ETF嘉实
2020-06-12,0.598,0.598,0.599,0.591,54996.0,515300,sh,300红利低波ETF嘉实
2020-06-15,0.598,0.587,0.598,0.587,61056.0,515300,sh,300红利低波ETF嘉实
2020-06-16,0.587,0.596,0.597,0.587,60741.0,515300,sh,300红利低波ETF嘉实
2020-06-17,0.596,0.6,0.6,0.595,113070.0,515300,sh,300红利低波ETF嘉实
2020-06-18,0.595,0.604,0.606,0.595,57656.0,515300,sh,300红利低波ETF嘉实
2020-06-19,0.612,0.607,0.612,0.603,61310.0,515300,sh,300红利低波ETF嘉实
2020-06-22,0.604,0.604,0.61,0.604,77453.0,515300,sh,300红利低波ETF嘉实
2020-06-23,0.602,0.602,0.605,0.601,48405.0,515300,sh,300红利低波ETF嘉实
2020-06-24,0.603,0.609,0.61,0.603,39007.0,515300,sh,300红利低波ETF嘉实
2020-06-29,0.608,0.603,0.61,0.602,63184.0,515300,sh,300红利低波ETF嘉实
2020-06-30,0.603,0.606,0.61,0.603,111830.0,515300,sh,300红利低波ETF嘉实
2020-07-01,0.607,0.625,0.625,0.607,87856.0,515300,sh,300红利低波ETF嘉实
2020-07-02,0.625,0.648,0.649,0.625,63748.0,515300,sh,300红利低波ETF嘉实
2020-07-03,0.648,0.666,0.671,0.648,101031.0,515300,sh,300红利低波ETF嘉实
2020-07-06,0.666,0.741,0.744,0.666,151974.0,515300,sh,300红利低波ETF嘉实
2020-07-07,0.741,0.73,0.774,0.73,100570.0,515300,sh,300红利低波ETF嘉实
2020-07-08,0.759,0.739,0.759,0.721,175086.0,515300,sh,300红利低波ETF嘉实
2020-07-09,0.738,0.744,0.744,0.728,90814.0,515300,sh,300红利低波ETF嘉实
2020-07-10,0.743,0.719,0.743,0.717,46785.0,515300,sh,300红利低波ETF嘉实
2020-07-13,0.719,0.735,0.741,0.718,87992.0,515300,sh,300红利低波ETF嘉实
2020-07-14,0.735,0.726,0.739,0.717,69552.0,515300,sh,300红利低波ETF嘉实
2020-07-15,0.726,0.711,0.73,0.707,126502.0,515300,sh,300红利低波ETF嘉实
2020-07-16,0.714,0.704,0.732,0.704,76432.0,515300,sh,300红利低波ETF嘉实
2020-07-17,0.701,0.704,0.713,0.698,23923.0,515300,sh,300红利低波ETF嘉实
2020-07-20,0.704,0.738,0.739,0.704,74316.0,515300,sh,300红利低波ETF嘉实
2020-07-21,0.739,0.734,0.739,0.729,81038.0,515300,sh,300红利低波ETF嘉实
2020-07-22,0.733,0.732,0.744,0.728,77186.0,515300,sh,300红利低波ETF嘉实
2020-07-23,0.731,0.724,0.731,0.71,64100.0,515300,sh,300红利低波ETF嘉实
2020-07-24,0.725,0.699,0.726,0.695,62009.0,515300,sh,300红利低波ETF嘉实
2020-07-27,0.7,0.699,0.705,0.695,72211.0,515300,sh,300红利低波ETF嘉实
2020-07-28,0.7,0.701,0.706,0.7,66779.0,515300,sh,300红利低波ETF嘉实
2020-07-29,0.7,0.714,0.714,0.696,31763.0,515300,sh,300红利低波ETF嘉实
2020-07-30,0.724,0.71,0.725,0.709,30395.0,515300,sh,300红利低波ETF嘉实
2020-07-31,0.709,0.708,0.721,0.702,44012.0,515300,sh,300红利低波ETF嘉实
2020-08-03,0.706,0.722,0.722,0.706,58537.0,515300,sh,300红利低波ETF嘉实
2020-08-04,0.722,0.735,0.74,0.719,139418.0,515300,sh,300红利低波ETF嘉实
2020-08-05,0.735,0.723,0.735,0.718,69361.0,515300,sh,300红利低波ETF嘉实
2020-08-06,0.723,0.724,0.728,0.716,64636.0,515300,sh,300红利低波ETF嘉实
2020-08-07,0.719,0.72,0.725,0.712,61531.0,515300,sh,300红利低波ETF嘉实
2020-08-10,0.72,0.732,0.734,0.714,61455.0,515300,sh,300红利低波ETF嘉实
2020-08-11,0.733,0.729,0.745,0.729,53944.0,515300,sh,300红利低波ETF嘉实
2020-08-12,0.732,0.734,0.734,0.723,65876.0,515300,sh,300红利低波ETF嘉实
2020-08-13,0.726,0.737,0.739,0.726,48327.0,515300,sh,300红利低波ETF嘉实
2020-08-14,0.737,0.746,0.748,0.734,52888.0,515300,sh,300红利低波ETF嘉实
2020-08-17,0.747,0.767,0.775,0.747,82276.0,515300,sh,300红利低波ETF嘉实
2020-08-18,0.767,0.761,0.768,0.759,49858.0,515300,sh,300红利低波ETF嘉实
2020-08-19,0.762,0.765,0.772,0.76,76551.0,515300,sh,300红利低波ETF嘉实
2020-08-20,0.765,0.751,0.765,0.75,38200.0,515300,sh,300红利低波ETF嘉实
2020-08-21,0.734,0.756,0.76,0.734,32569.0,515300,sh,300红利低波ETF嘉实
2020-08-24,0.756,0.753,0.759,0.751,52242.0,515300,sh,300红利低波ETF嘉实
2020-08-25,0.753,0.746,0.753,0.745,32907.0,515300,sh,300红利低波ETF嘉实
2020-08-26,0.746,0.739,0.748,0.737,40680.0,515300,sh,300红利低波ETF嘉实
2020-08-27,0.738,0.739,0.739,0.735,28270.0,515300,sh,300红利低波ETF嘉实
2020-08-28,0.736,0.753,0.754,0.736,21455.0,515300,sh,300红利低波ETF嘉实
2020-08-31,0.753,0.754,0.765,0.753,17596.0,515300,sh,300红利低波ETF嘉实
2020-09-01,0.752,0.756,0.756,0.752,38889.0,515300,sh,300红利低波ETF嘉实
2020-09-02,0.76,0.751,0.76,0.744,34593.0,515300,sh,300红利低波ETF嘉实
2020-09-03,0.752,0.751,0.758,0.75,30533.0,515300,sh,300红利低波ETF嘉实
2020-09-04,0.751,0.746,0.751,0.739,23067.0,515300,sh,300红利低波ETF嘉实
2020-09-07,0.745,0.737,0.75,0.736,15420.0,515300,sh,300红利低波ETF嘉实
2020-09-08,0.738,0.75,0.751,0.738,68321.0,515300,sh,300红利低波ETF嘉实
2020-09-09,0.75,0.744,0.751,0.741,36327.0,515300,sh,300红利低波ETF嘉实
2020-09-10,0.749,0.739,0.75,0.738,20656.0,515300,sh,300红利低波ETF嘉实
2020-09-11,0.738,0.736,0.738,0.73,15817.0,515300,sh,300红利低波ETF嘉实
2020-09-14,0.737,0.737,0.737,0.734,33545.0,515300,sh,300红利低波ETF嘉实
2020-09-15,0.738,0.739,0.741,0.734,67075.0,515300,sh,300红利低波ETF嘉实
2020-09-16,0.738,0.743,0.748,0.737,48768.0,515300,sh,300红利低波ETF嘉实
2020-09-17,0.743,0.74,0.744,0.737,41861.0,515300,sh,300红利低波ETF嘉实
2020-09-18,0.741,0.761,0.761,0.741,42014.0,515300,sh,300红利低波ETF嘉实
2020-09-21,0.762,0.752,0.763,0.751,15058.0,515300,sh,300红利低波ETF嘉实
2020-09-22,0.749,0.739,0.751,0.736,24610.0,515300,sh,300红利低波ETF嘉实
2020-09-23,0.741,0.735,0.741,0.735,46449.0,515300,sh,300红利低波ETF嘉实
2020-09-24,0.736,0.72,0.736,0.718,19439.0,515300,sh,300红利低波ETF嘉实
2020-09-25,0.722,0.716,0.722,0.714,32972.0,515300,sh,300红利低波ETF嘉实
2020-09-28,0.718,0.719,0.722,0.716,17195.0,515300,sh,300红利低波ETF嘉实
2020-09-29,0.719,0.716,0.722,0.715,35776.0,515300,sh,300红利低波ETF嘉实
2020-09-30,0.716,0.71,0.718,0.706,36153.0,515300,sh,300红利低波ETF嘉实
2020-10-09,0.714,0.718,0.722,0.714,5825.0,515300,sh,300红利低波ETF嘉实
2020-10-12,0.719,0.734,0.737,0.719,14396.0,515300,sh,300红利低波ETF嘉实
2020-10-13,0.736,0.732,0.736,0.729,10620.0,515300,sh,300红利低波ETF嘉实
2020-10-14,0.732,0.726,0.732,0.724,6126.0,515300,sh,300红利低波ETF嘉实
2020-10-15,0.726,0.732,0.736,0.726,12887.0,515300,sh,300红利低波ETF嘉实
2020-10-16,0.738,0.74,0.744,0.736,6501.0,515300,sh,300红利低波ETF嘉实
2020-10-19,0.744,0.737,0.756,0.736,21218.0,515300,sh,300红利低波ETF嘉实
2020-10-20,0.737,0.733,0.737,0.727,1077.0,515300,sh,300红利低波ETF嘉实
2020-10-21,0.733,0.741,0.741,0.73,49354.0,515300,sh,300红利低波ETF嘉实
2020-10-22,0.744,0.738,0.744,0.734,2854.0,515300,sh,300红利低波ETF嘉实
2020-10-23,0.738,0.74,0.747,0.738,2782.0,515300,sh,300红利低波ETF嘉实
2020-10-26,0.74,0.731,0.74,0.73,1869.0,515300,sh,300红利低波ETF嘉实
2020-10-27,0.73,0.727,0.73,0.725,37590.0,515300,sh,300红利低波ETF嘉实
2020-10-28,0.726,0.724,0.726,0.719,768.0,515300,sh,300红利低波ETF嘉实
2020-10-29,0.723,0.723,0.723,0.713,5925.0,515300,sh,300红利低波ETF嘉实
2020-10-30,0.722,0.716,0.73,0.714,31661.0,515300,sh,300红利低波ETF嘉实
2020-11-02,0.717,0.719,0.723,0.717,28268.0,515300,sh,300红利低波ETF嘉实
2020-11-03,0.727,0.731,0.734,0.727,17388.0,515300,sh,300红利低波ETF嘉实
2020-11-04,0.731,0.736,0.736,0.73,14207.0,515300,sh,300红利低波ETF嘉实
2020-11-05,0.744,0.746,0.746,0.74,30450.0,515300,sh,300红利低波ETF嘉实
2020-11-06,0.746,0.751,0.752,0.746,52076.0,515300,sh,300红利低波ETF嘉实
2020-11-09,0.756,0.762,0.764,0.756,39078.0,515300,sh,300红利低波ETF嘉实
2020-11-10,0.763,0.76,0.771,0.758,64407.0,515300,sh,300红利低波ETF嘉实
2020-11-11,0.759,0.768,0.774,0.759,14715.0,515300,sh,300红利低波ETF嘉实
2020-11-12,0.763,0.761,0.766,0.76,2943.0,515300,sh,300红利低波ETF嘉实
2020-11-13,0.744,0.749,0.752,0.744,18027.0,515300,sh,300红利低波ETF嘉实
2020-11-16,0.753,0.76,0.76,0.751,12551.0,515300,sh,300红利低波ETF嘉实
2020-11-17,0.764,0.764,0.767,0.76,35578.0,515300,sh,300红利低波ETF嘉实
2020-11-18,0.764,0.772,0.778,0.764,23931.0,515300,sh,300红利低波ETF嘉实
2020-11-19,0.775,0.775,0.776,0.77,13447.0,515300,sh,300红利低波ETF嘉实
2020-11-20,0.774,0.776,0.776,0.768,27670.0,515300,sh,300红利低波ETF嘉实
2020-11-23,0.776,0.792,0.796,0.775,30026.0,515300,sh,300红利低波ETF嘉实
2020-11-24,0.793,0.789,0.793,0.787,27976.0,515300,sh,300红利低波ETF嘉实
2020-11-25,0.79,0.783,0.798,0.783,33497.0,515300,sh,300红利低波ETF嘉实
2020-11-26,0.784,0.789,0.79,0.777,12128.0,515300,sh,300红利低波ETF嘉实
2020-11-27,0.788,0.804,0.804,0.788,35169.0,515300,sh,300红利低波ETF嘉实
2020-11-30,0.804,0.804,0.833,0.802,11623.0,515300,sh,300红利低波ETF嘉实
2020-12-01,0.789,0.814,0.815,0.789,11563.0,515300,sh,300红利低波ETF嘉实
2020-12-02,0.814,0.812,0.819,0.807,37607.0,515300,sh,300红利低波ETF嘉实
2020-12-03,0.814,0.805,0.814,0.799,1509.0,515300,sh,300红利低波ETF嘉实
2020-12-04,0.804,0.793,0.804,0.787,8453.0,515300,sh,300红利低波ETF嘉实
2020-12-07,0.793,0.776,0.793,0.776,23732.0,515300,sh,300红利低波ETF嘉实
2020-12-08,0.776,0.77,0.78,0.768,37956.0,515300,sh,300红利低波ETF嘉实
2020-12-09,0.77,0.764,0.776,0.764,33566.0,515300,sh,300红利低波ETF嘉实
2020-12-10,0.765,0.761,0.765,0.759,8751.0,515300,sh,300红利低波ETF嘉实
2020-12-11,0.764,0.754,0.764,0.748,3572.0,515300,sh,300红利低波ETF嘉实
2020-12-14,0.754,0.751,0.754,0.746,51474.0,515300,sh,300红利低波ETF嘉实
2020-12-15,0.75,0.745,0.75,0.739,49768.0,515300,sh,300红利低波ETF嘉实
2020-12-16,0.747,0.745,0.749,0.743,7770.0,515300,sh,300红利低波ETF嘉实
2020-12-17,0.745,0.754,0.755,0.74,5178.0,515300,sh,300红利低波ETF嘉实
2020-12-18,0.754,0.756,0.762,0.754,27853.0,515300,sh,300红利低波ETF嘉实
2020-12-21,0.754,0.751,0.756,0.749,47747.0,515300,sh,300红利低波ETF嘉实
2020-12-22,0.75,0.733,0.75,0.733,23091.0,515300,sh,300红利低波ETF嘉实
2020-12-23,0.733,0.734,0.736,0.73,22668.0,515300,sh,300红利低波ETF嘉实
2020-12-24,0.734,0.731,0.739,0.73,28576.0,515300,sh,300红利低波ETF嘉实
2020-12-25,0.73,0.742,0.743,0.729,25664.0,515300,sh,300红利低波ETF嘉实
2020-12-28,0.741,0.738,0.742,0.736,13692.0,515300,sh,300红利低波ETF嘉实
2020-12-29,0.739,0.736,0.755,0.735,5235.0,515300,sh,300红利低波ETF嘉实
2020-12-30,0.737,0.737,0.739,0.734,2316.0,515300,sh,300红利低波ETF嘉实
2020-12-31,0.738,0.747,0.748,0.738,33478.0,515300,sh,300红利低波ETF嘉实
2021-01-04,0.747,0.746,0.747,0.735,8631.0,515300,sh,300红利低波ETF嘉实
2021-01-05,0.745,0.741,0.745,0.729,36802.0,515300,sh,300红利低波ETF嘉实
2021-01-06,0.741,0.754,0.754,0.741,42454.0,515300,sh,300红利低波ETF嘉实
2021-01-07,0.755,0.759,0.761,0.749,18771.0,515300,sh,300红利低波ETF嘉实
2021-01-08,0.758,0.764,0.766,0.758,31689.0,515300,sh,300红利低波ETF嘉实
2021-01-11,0.765,0.752,0.769,0.752,45402.0,515300,sh,300红利低波ETF嘉实
2021-01-12,0.752,0.763,0.764,0.751,27331.0,515300,sh,300红利低波ETF嘉实
2021-01-13,0.763,0.779,0.783,0.759,20081.0,515300,sh,300红利低波ETF嘉实
2021-01-14,0.779,0.788,0.8,0.775,16473.0,515300,sh,300红利低波ETF嘉实
2021-01-15,0.789,0.788,0.8,0.786,25683.0,515300,sh,300红利低波ETF嘉实
2021-01-18,0.788,0.79,0.791,0.781,26148.0,515300,sh,300红利低波ETF嘉实
2021-01-19,0.787,0.789,0.796,0.781,23250.0,515300,sh,300红利低波ETF嘉实
2021-01-20,0.788,0.78,0.789,0.779,13590.0,515300,sh,300红利低波ETF嘉实
2021-01-21,0.78,0.783,0.786,0.777,28544.0,515300,sh,300红利低波ETF嘉实
2021-01-22,0.784,0.766,0.784,0.763,15128.0,515300,sh,300红利低波ETF嘉实
2021-01-25,0.767,0.758,0.767,0.754,23681.0,515300,sh,300红利低波ETF嘉实
2021-01-26,0.761,0.757,0.765,0.756,28074.0,515300,sh,300红利低波ETF嘉实
2021-01-27,0.756,0.765,0.769,0.756,25359.0,515300,sh,300红利低波ETF嘉实
2021-01-28,0.765,0.749,0.765,0.748,13593.0,515300,sh,300红利低波ETF嘉实
2021-01-29,0.749,0.746,0.755,0.741,19503.0,515300,sh,300红利低波ETF嘉实
2021-02-01,0.747,0.754,0.754,0.741,25179.0,515300,sh,300红利低波ETF嘉实
2021-02-02,0.754,0.753,0.759,0.75,33091.0,515300,sh,300红利低波ETF嘉实
2021-02-03,0.753,0.749,0.753,0.746,17916.0,515300,sh,300红利低波ETF嘉实
2021-02-04,0.749,0.744,0.749,0.738,5330.0,515300,sh,300红利低波ETF嘉实
2021-02-05,0.745,0.762,0.767,0.745,12304.0,515300,sh,300红利低波ETF嘉实
2021-02-08,0.763,0.766,0.769,0.758,2554.0,515300,sh,300红利低波ETF嘉实
2021-02-09,0.766,0.774,0.774,0.762,34323.0,515300,sh,300红利低波ETF嘉实
2021-02-10,0.781,0.78,0.782,0.773,10538.0,515300,sh,300红利低波ETF嘉实
2021-02-18,0.781,0.797,0.803,0.781,20705.0,515300,sh,300红利低波ETF嘉实
2021-02-19,0.797,0.811,0.811,0.793,21617.0,515300,sh,300红利低波ETF嘉实
2021-02-22,0.81,0.816,0.828,0.81,26269.0,515300,sh,300红利低波ETF嘉实
2021-02-23,0.816,0.81,0.822,0.81,13963.0,515300,sh,300红利低波ETF嘉实
2021-02-24,0.813,0.798,0.814,0.791,24654.0,515300,sh,300红利低波ETF嘉实
2021-02-25,0.799,0.82,0.824,0.799,36467.0,515300,sh,300红利低波ETF嘉实
2021-02-26,0.82,0.793,0.82,0.792,26832.0,515300,sh,300红利低波ETF嘉实
2021-03-01,0.794,0.798,0.798,0.792,19879.0,515300,sh,300红利低波ETF嘉实
2021-03-02,0.799,0.788,0.802,0.781,15142.0,515300,sh,300红利低波ETF嘉实
2021-03-03,0.788,0.814,0.814,0.788,16867.0,515300,sh,300红利低波ETF嘉实
2021-03-04,0.812,0.81,0.816,0.806,50368.0,515300,sh,300红利低波ETF嘉实
2021-03-05,0.81,0.806,0.81,0.794,25759.0,515300,sh,300红利低波ETF嘉实
2021-03-08,0.807,0.806,0.821,0.806,24794.0,515300,sh,300红利低波ETF嘉实
2021-03-09,0.806,0.797,0.809,0.792,4063.0,515300,sh,300红利低波ETF嘉实
2021-03-10,0.797,0.791,0.8,0.791,6154.0,515300,sh,300红利低波ETF嘉实
2021-03-11,0.792,0.812,0.812,0.792,17710.0,515300,sh,300红利低波ETF嘉实
2021-03-12,0.812,0.83,0.834,0.809,25487.0,515300,sh,300红利低波ETF嘉实
2021-03-15,0.831,0.836,0.84,0.829,37309.0,515300,sh,300红利低波ETF嘉实
2021-03-16,0.838,0.839,0.844,0.829,117372.0,515300,sh,300红利低波ETF嘉实
2021-03-17,0.84,0.826,0.84,0.82,69685.0,515300,sh,300红利低波ETF嘉实
2021-03-18,0.825,0.827,0.83,0.822,24856.0,515300,sh,300红利低波ETF嘉实
2021-03-19,0.827,0.808,0.827,0.804,5660.0,515300,sh,300红利低波ETF嘉实
2021-03-22,0.809,0.827,0.827,0.809,5054.0,515300,sh,300红利低波ETF嘉实
2021-03-23,0.827,0.813,0.827,0.81,3147.0,515300,sh,300红利低波ETF嘉实
2021-03-24,0.812,0.803,0.813,0.8,1386.0,515300,sh,300红利低波ETF嘉实
2021-03-25,0.804,0.797,0.804,0.795,9359.0,515300,sh,300红利低波ETF嘉实
2021-03-26,0.8,0.806,0.807,0.8,21686.0,515300,sh,300红利低波ETF嘉实
2021-03-29,0.812,0.815,0.816,0.812,1200.0,515300,sh,300红利低波ETF嘉实
2021-03-30,0.815,0.819,0.819,0.811,352.0,515300,sh,300红利低波ETF嘉实
2021-03-31,0.818,0.829,0.829,0.818,5921.0,515300,sh,300红利低波ETF嘉实
2021-04-01,0.829,0.826,0.829,0.821,1140.0,515300,sh,300红利低波ETF嘉实
2021-04-02,0.824,0.816,0.824,0.816,7338.0,515300,sh,300红利低波ETF嘉实
2021-04-06,0.817,0.814,0.817,0.813,5734.0,515300,sh,300红利低波ETF嘉实
2021-04-07,0.815,0.818,0.82,0.812,1955.0,515300,sh,300红利低波ETF嘉实
2021-04-08,0.82,0.813,0.82,0.812,3137.0,515300,sh,300红利低波ETF嘉实
2021-04-09,0.814,0.81,0.814,0.808,2017.0,515300,sh,300红利低波ETF嘉实
2021-04-12,0.81,0.811,0.817,0.809,5403.0,515300,sh,300红利低波ETF嘉实
2021-04-13,0.816,0.802,0.816,0.8,9114.0,515300,sh,300红利低波ETF嘉实
2021-04-14,0.802,0.801,0.804,0.797,10719.0,515300,sh,300红利低波ETF嘉实
2021-04-15,0.799,0.795,0.799,0.791,16600.0,515300,sh,300红利低波ETF嘉实
2021-04-16,0.796,0.801,0.801,0.796,1559.0,515300,sh,300红利低波ETF嘉实
2021-04-19,0.801,0.807,0.808,0.799,15497.0,515300,sh,300红利低波ETF嘉实
2021-04-20,0.803,0.802,0.806,0.802,1573.0,515300,sh,300红利低波ETF嘉实
2021-04-21,0.803,0.802,0.803,0.798,6499.0,515300,sh,300红利低波ETF嘉实
2021-04-22,0.802,0.797,0.803,0.795,17616.0,515300,sh,300红利低波ETF嘉实
2021-04-23,0.798,0.793,0.798,0.788,8292.0,515300,sh,300红利低波ETF嘉实
2021-04-26,0.795,0.785,0.798,0.783,12403.0,515300,sh,300红利低波ETF嘉实
2021-04-27,0.784,0.779,0.786,0.777,12051.0,515300,sh,300红利低波ETF嘉实
2021-04-28,0.78,0.784,0.784,0.779,5021.0,515300,sh,300红利低波ETF嘉实
2021-04-29,0.784,0.798,0.798,0.784,23002.0,515300,sh,300红利低波ETF嘉实
2021-04-30,0.797,0.781,0.797,0.777,1069.0,515300,sh,300红利低波ETF嘉实
2021-05-06,0.783,0.789,0.794,0.783,29057.0,515300,sh,300红利低波ETF嘉实
2021-05-07,0.784,0.796,0.803,0.779,6980.0,515300,sh,300红利低波ETF嘉实
2021-05-10,0.795,0.8,0.8,0.792,25429.0,515300,sh,300红利低波ETF嘉实
2021-05-11,0.802,0.803,0.803,0.792,9351.0,515300,sh,300红利低波ETF嘉实
2021-05-12,0.803,0.805,0.807,0.799,1882.0,515300,sh,300红利低波ETF嘉实
2021-05-13,0.8,0.799,0.803,0.796,10218.0,515300,sh,300红利低波ETF嘉实
2021-05-14,0.798,0.805,0.806,0.795,11787.0,515300,sh,300红利低波ETF嘉实
2021-05-17,0.804,0.808,0.812,0.804,19126.0,515300,sh,300红利低波ETF嘉实
2021-05-18,0.811,0.812,0.812,0.807,25687.0,515300,sh,300红利低波ETF嘉实
2021-05-19,0.812,0.801,0.812,0.798,10131.0,515300,sh,300红利低波ETF嘉实
2021-05-20,0.793,0.8,0.8,0.793,1368.0,515300,sh,300红利低波ETF嘉实
2021-05-21,0.8,0.797,0.8,0.795,38829.0,515300,sh,300红利低波ETF嘉实
2021-05-24,0.797,0.794,0.8,0.792,21579.0,515300,sh,300红利低波ETF嘉实
2021-05-25,0.794,0.813,0.814,0.792,11175.0,515300,sh,300红利低波ETF嘉实
2021-05-26,0.814,0.821,0.825,0.812,16205.0,515300,sh,300红利低波ETF嘉实
2021-05-27,0.819,0.823,0.825,0.819,10872.0,515300,sh,300红利低波ETF嘉实
2021-05-28,0.823,0.82,0.826,0.816,2012.0,515300,sh,300红利低波ETF嘉实
2021-05-31,0.813,0.815,0.815,0.809,29212.0,515300,sh,300红利低波ETF嘉实
2021-06-01,0.815,0.812,0.815,0.805,12684.0,515300,sh,300红利低波ETF嘉实
2021-06-02,0.813,0.812,0.813,0.808,2385.0,515300,sh,300红利低波ETF嘉实
2021-06-03,0.812,0.815,0.819,0.812,4638.0,515300,sh,300红利低波ETF嘉实
2021-06-04,0.811,0.81,0.819,0.809,26070.0,515300,sh,300红利低波ETF嘉实
2021-06-07,0.811,0.81,0.811,0.808,5624.0,515300,sh,300红利低波ETF嘉实
2021-06-08,0.81,0.809,0.81,0.806,1436.0,515300,sh,300红利低波ETF嘉实
2021-06-09,0.809,0.812,0.813,0.809,22720.0,515300,sh,300红利低波ETF嘉实
2021-06-10,0.813,0.81,0.819,0.81,12989.0,515300,sh,300红利低波ETF嘉实
2021-06-11,0.812,0.808,0.814,0.806,9662.0,515300,sh,300红利低波ETF嘉实
2021-06-15,0.809,0.793,0.809,0.792,1048.0,515300,sh,300红利低波ETF嘉实
2021-06-16,0.795,0.799,0.802,0.793,24778.0,515300,sh,300红利低波ETF嘉实
2021-06-17,0.797,0.792,0.799,0.792,1024.0,515300,sh,300红利低波ETF嘉实
2021-06-18,0.792,0.783,0.792,0.783,754.0,515300,sh,300红利低波ETF嘉实
2021-06-21,0.783,0.779,0.783,0.776,4840.0,515300,sh,300红利低波ETF嘉实
2021-06-22,0.783,0.786,0.788,0.783,649.0,515300,sh,300红利低波ETF嘉实
2021-06-23,0.784,0.785,0.787,0.783,1438.0,515300,sh,300红利低波ETF嘉实
2021-06-24,0.788,0.791,0.793,0.785,996.0,515300,sh,300红利低波ETF嘉实
2021-06-25,0.796,0.798,0.8,0.794,1090.0,515300,sh,300红利低波ETF嘉实
2021-06-28,0.798,0.799,0.801,0.796,12995.0,515300,sh,300红利低波ETF嘉实
2021-06-29,0.799,0.792,0.799,0.791,9456.0,515300,sh,300红利低波ETF嘉实
2021-06-30,0.794,0.794,0.795,0.79,9838.0,515300,sh,300红利低波ETF嘉实
2021-07-01,0.794,0.799,0.804,0.794,19611.0,515300,sh,300红利低波ETF嘉实
2021-07-02,0.8,0.789,0.8,0.789,9027.0,515300,sh,300红利低波ETF嘉实
2021-07-05,0.785,0.787,0.787,0.782,5083.0,515300,sh,300红利低波ETF嘉实
2021-07-06,0.785,0.795,0.795,0.785,16211.0,515300,sh,300红利低波ETF嘉实
2021-07-07,0.795,0.791,0.795,0.789,7970.0,515300,sh,300红利低波ETF嘉实
2021-07-08,0.791,0.779,0.792,0.778,879.0,515300,sh,300红利低波ETF嘉实
2021-07-09,0.779,0.775,0.78,0.771,15157.0,515300,sh,300红利低波ETF嘉实
2021-07-12,0.777,0.772,0.78,0.77,14860.0,515300,sh,300红利低波ETF嘉实
2021-07-13,0.772,0.774,0.779,0.768,24577.0,515300,sh,300红利低波ETF嘉实
2021-07-14,0.769,0.762,0.77,0.761,12271.0,515300,sh,300红利低波ETF嘉实
2021-07-15,0.759,0.77,0.77,0.759,1568.0,515300,sh,300红利低波ETF嘉实
2021-07-16,0.77,0.766,0.77,0.766,3748.0,515300,sh,300红利低波ETF嘉实
2021-07-19,0.765,0.764,0.765,0.754,1333.0,515300,sh,300红利低波ETF嘉实
2021-07-20,0.764,0.76,0.764,0.754,639.0,515300,sh,300红利低波ETF嘉实
2021-07-21,0.76,0.755,0.763,0.754,1651.0,515300,sh,300红利低波ETF嘉实
2021-07-22,0.754,0.762,0.764,0.754,1360.0,515300,sh,300红利低波ETF嘉实
2021-07-23,0.762,0.76,0.762,0.755,35696.0,515300,sh,300红利低波ETF嘉实
2021-07-26,0.761,0.743,0.761,0.74,18280.0,515300,sh,300红利低波ETF嘉实
2021-07-27,0.743,0.723,0.743,0.722,6306.0,515300,sh,300红利低波ETF嘉实
2021-07-28,0.724,0.723,0.725,0.717,4738.0,515300,sh,300红利低波ETF嘉实
2021-07-29,0.725,0.719,0.726,0.718,3936.0,515300,sh,300红利低波ETF嘉实
2021-07-30,0.717,0.719,0.723,0.712,841.0,515300,sh,300红利低波ETF嘉实
2021-08-02,0.719,0.736,0.742,0.717,7747.0,515300,sh,300红利低波ETF嘉实
2021-08-03,0.742,0.74,0.742,0.733,4389.0,515300,sh,300红利低波ETF嘉实
2021-08-04,0.736,0.738,0.738,0.734,20566.0,515300,sh,300红利低波ETF嘉实
2021-08-05,0.737,0.735,0.741,0.735,8774.0,515300,sh,300红利低波ETF嘉实
2021-08-06,0.733,0.731,0.733,0.728,801.0,515300,sh,300红利低波ETF嘉实
2021-08-09,0.733,0.75,0.755,0.733,1120.0,515300,sh,300红利低波ETF嘉实
2021-08-10,0.75,0.756,0.756,0.743,519.0,515300,sh,300红利低波ETF嘉实
2021-08-11,0.759,0.764,0.771,0.759,1281.0,515300,sh,300红利低波ETF嘉实
2021-08-12,0.761,0.759,0.762,0.758,12948.0,515300,sh,300红利低波ETF嘉实
2021-08-13,0.754,0.754,0.758,0.752,852.0,515300,sh,300红利低波ETF嘉实
2021-08-16,0.755,0.762,0.764,0.755,444.0,515300,sh,300红利低波ETF嘉实
2021-08-17,0.763,0.756,0.772,0.756,9343.0,515300,sh,300红利低波ETF嘉实
2021-08-18,0.757,0.777,0.778,0.757,18627.0,515300,sh,300红利低波ETF嘉实
2021-08-19,0.777,0.765,0.777,0.762,24067.0,515300,sh,300红利低波ETF嘉实
2021-08-20,0.765,0.761,0.765,0.757,2270.0,515300,sh,300红利低波ETF嘉实
2021-08-23,0.76,0.766,0.767,0.76,2624.0,515300,sh,300红利低波ETF嘉实
2021-08-24,0.767,0.772,0.773,0.762,13653.0,515300,sh,300红利低波ETF嘉实
2021-08-25,0.766,0.768,0.77,0.765,4273.0,515300,sh,300红利低波ETF嘉实
2021-08-26,0.768,0.764,0.768,0.762,10105.0,515300,sh,300红利低波ETF嘉实
2021-08-27,0.764,0.766,0.769,0.761,1175.0,515300,sh,300红利低波ETF嘉实
2021-08-30,0.76,0.757,0.76,0.754,1551.0,515300,sh,300红利低波ETF嘉实
2021-08-31,0.764,0.774,0.774,0.756,976.0,515300,sh,300红利低波ETF嘉实
2021-09-01,0.774,0.805,0.812,0.774,42672.0,515300,sh,300红利低波ETF嘉实
2021-09-02,0.805,0.822,0.822,0.805,12199.0,515300,sh,300红利低波ETF嘉实
2021-09-03,0.824,0.822,0.832,0.819,6025.0,515300,sh,300红利低波ETF嘉实
2021-09-06,0.826,0.838,0.845,0.826,41195.0,515300,sh,300红利低波ETF嘉实
2021-09-07,0.838,0.854,0.854,0.827,10401.0,515300,sh,300红利低波ETF嘉实
2021-09-08,0.854,0.867,0.868,0.854,12426.0,515300,sh,300红利低波ETF嘉实
2021-09-09,0.868,0.877,0.877,0.856,15138.0,515300,sh,300红利低波ETF嘉实
2021-09-10,0.87,0.874,0.896,0.87,12703.0,515300,sh,300红利低波ETF嘉实
2021-09-13,0.87,0.885,0.886,0.869,3874.0,515300,sh,300红利低波ETF嘉实
2021-09-14,0.878,0.855,0.878,0.851,9894.0,515300,sh,300红利低波ETF嘉实
2021-09-15,0.85,0.847,0.857,0.843,7374.0,515300,sh,300红利低波ETF嘉实
2021-09-16,0.852,0.837,0.852,0.836,14677.0,515300,sh,300红利低波ETF嘉实
2021-09-17,0.842,0.843,0.847,0.833,7769.0,515300,sh,300红利低波ETF嘉实
2021-09-22,0.836,0.868,0.869,0.836,35532.0,515300,sh,300红利低波ETF嘉实
2021-09-23,0.868,0.881,0.892,0.868,6728.0,515300,sh,300红利低波ETF嘉实
2021-09-24,0.879,0.86,0.882,0.858,5788.0,515300,sh,300红利低波ETF嘉实
2021-09-27,0.86,0.842,0.864,0.838,6239.0,515300,sh,300红利低波ETF嘉实
2021-09-28,0.837,0.866,0.866,0.837,8103.0,515300,sh,300红利低波ETF嘉实
2021-09-29,0.861,0.853,0.861,0.844,6949.0,515300,sh,300红利低波ETF嘉实
2021-09-30,0.851,0.853,0.853,0.836,4545.0,515300,sh,300红利低波ETF嘉实
2021-10-08,0.851,0.855,0.901,0.849,898.0,515300,sh,300红利低波ETF嘉实
2021-10-11,0.86,0.852,0.861,0.852,18656.0,515300,sh,300红利低波ETF嘉实
2021-10-12,0.852,0.834,0.852,0.829,9579.0,515300,sh,300红利低波ETF嘉实
2021-10-13,0.834,0.827,0.834,0.814,11827.0,515300,sh,300红利低波ETF嘉实
2021-10-14,0.825,0.819,0.825,0.819,484.0,515300,sh,300红利低波ETF嘉实
2021-10-15,0.818,0.822,0.822,0.818,10877.0,515300,sh,300红利低波ETF嘉实
2021-10-18,0.825,0.829,0.829,0.821,9674.0,515300,sh,300红利低波ETF嘉实
2021-10-19,0.824,0.831,0.836,0.824,11849.0,515300,sh,300红利低波ETF嘉实
2021-10-20,0.836,0.832,0.836,0.828,4488.0,515300,sh,300红利低波ETF嘉实
2021-10-21,0.831,0.837,0.841,0.831,9088.0,515300,sh,300红利低波ETF嘉实
2021-10-22,0.842,0.829,0.842,0.829,6694.0,515300,sh,300红利低波ETF嘉实
2021-10-25,0.828,0.838,0.838,0.825,12388.0,515300,sh,300红利低波ETF嘉实
2021-10-26,0.84,0.836,0.844,0.836,2647.0,515300,sh,300红利低波ETF嘉实
2021-10-27,0.836,0.824,0.836,0.824,4127.0,515300,sh,300红利低波ETF嘉实
2021-10-28,0.824,0.814,0.824,0.814,6444.0,515300,sh,300红利低波ETF嘉实
2021-10-29,0.809,0.814,0.815,0.804,1170.0,515300,sh,300红利低波ETF嘉实
2021-11-01,0.814,0.817,0.818,0.814,4433.0,515300,sh,300红利低波ETF嘉实
2021-11-02,0.817,0.796,0.817,0.789,12895.0,515300,sh,300红利低波ETF嘉实
2021-11-03,0.803,0.804,0.805,0.8,8568.0,515300,sh,300红利低波ETF嘉实
2021-11-04,0.803,0.8,0.803,0.796,7849.0,515300,sh,300红利低波ETF嘉实
2021-11-05,0.795,0.785,0.795,0.784,4207.0,515300,sh,300红利低波ETF嘉实
2021-11-08,0.782,0.782,0.787,0.782,2965.0,515300,sh,300红利低波ETF嘉实
2021-11-09,0.786,0.782,0.786,0.779,1628.0,515300,sh,300红利低波ETF嘉实
2021-11-10,0.774,0.777,0.778,0.767,5500.0,515300,sh,300红利低波ETF嘉实
2021-11-11,0.782,0.798,0.798,0.782,6779.0,515300,sh,300红利低波ETF嘉实
2021-11-12,0.798,0.794,0.798,0.79,3176.0,515300,sh,300红利低波ETF嘉实
2021-11-15,0.794,0.793,0.794,0.788,5657.0,515300,sh,300红利低波ETF嘉实
2021-11-16,0.793,0.792,0.797,0.792,14727.0,515300,sh,300红利低波ETF嘉实
2021-11-17,0.79,0.787,0.792,0.787,4716.0,515300,sh,300红利低波ETF嘉实
2021-11-18,0.787,0.787,0.79,0.785,4210.0,515300,sh,300红利低波ETF嘉实
2021-11-19,0.782,0.798,0.798,0.782,11024.0,515300,sh,300红利低波ETF嘉实
2021-11-22,0.797,0.793,0.797,0.791,2647.0,515300,sh,300红利低波ETF嘉实
2021-11-23,0.793,0.8,0.801,0.793,4945.0,515300,sh,300红利低波ETF嘉实
2021-11-24,0.8,0.798,0.8,0.795,2433.0,515300,sh,300红利低波ETF嘉实
2021-11-25,0.8,0.801,0.802,0.799,4208.0,515300,sh,300红利低波ETF嘉实
2021-11-26,0.794,0.788,0.794,0.788,284.0,515300,sh,300红利低波ETF嘉实
2021-11-29,0.787,0.785,0.787,0.782,2744.0,515300,sh,300红利低波ETF嘉实
2021-11-30,0.789,0.787,0.789,0.784,4192.0,515300,sh,300红利低波ETF嘉实
2021-12-01,0.787,0.796,0.798,0.787,543.0,515300,sh,300红利低波ETF嘉实
2021-12-02,0.799,0.807,0.807,0.799,12619.0,515300,sh,300红利低波ETF嘉实
2021-12-03,0.802,0.824,0.824,0.802,24446.0,515300,sh,300红利低波ETF嘉实
2021-12-06,0.821,0.824,0.835,0.821,15972.0,515300,sh,300红利低波ETF嘉实
2021-12-07,0.824,0.835,0.835,0.824,18643.0,515300,sh,300红利低波ETF嘉实
2021-12-08,0.837,0.836,0.837,0.829,17692.0,515300,sh,300红利低波ETF嘉实
2021-12-09,0.837,0.845,0.849,0.837,9185.0,515300,sh,300红利低波ETF嘉实
2021-12-10,0.847,0.834,0.847,0.834,17050.0,515300,sh,300红利低波ETF嘉实
2021-12-13,0.802,0.841,0.85,0.802,9487.0,515300,sh,300红利低波ETF嘉实
2021-12-14,0.835,0.829,0.835,0.827,5826.0,515300,sh,300红利低波ETF嘉实
2021-12-15,0.826,0.83,0.832,0.826,11063.0,515300,sh,300红利低波ETF嘉实
2021-12-16,0.83,0.837,0.837,0.828,35008.0,515300,sh,300红利低波ETF嘉实
2021-12-17,0.839,0.835,0.839,0.835,4869.0,515300,sh,300红利低波ETF嘉实
2021-12-20,0.835,0.835,0.838,0.833,14996.0,515300,sh,300红利低波ETF嘉实
2021-12-21,0.835,0.849,0.849,0.835,8594.0,515300,sh,300红利低波ETF嘉实
2021-12-22,0.849,0.843,0.849,0.841,11602.0,515300,sh,300红利低波ETF嘉实
2021-12-23,0.843,0.846,0.846,0.843,4861.0,515300,sh,300红利低波ETF嘉实
2021-12-24,0.847,0.845,0.847,0.842,6070.0,515300,sh,300红利低波ETF嘉实
2021-12-27,0.848,0.848,0.849,0.845,2994.0,515300,sh,300红利低波ETF嘉实
2021-12-28,0.848,0.847,0.848,0.844,2967.0,515300,sh,300红利低波ETF嘉实
2021-12-29,0.846,0.842,0.846,0.842,341.0,515300,sh,300红利低波ETF嘉实
2021-12-30,0.844,0.844,0.847,0.844,1085.0,515300,sh,300红利低波ETF嘉实
2021-12-31,0.849,0.852,0.852,0.849,597.0,515300,sh,300红利低波ETF嘉实
2022-01-04,0.852,0.859,0.862,0.852,19574.0,515300,sh,300红利低波ETF嘉实
2022-01-05,0.862,0.864,0.872,0.861,2541.0,515300,sh,300红利低波ETF嘉实
2022-01-06,0.862,0.861,0.866,0.861,21936.0,515300,sh,300红利低波ETF嘉实
2022-01-07,0.856,0.878,0.883,0.856,2524.0,515300,sh,300红利低波ETF嘉实
2022-01-10,0.882,0.885,0.888,0.879,11546.0,515300,sh,300红利低波ETF嘉实
2022-01-11,0.883,0.885,0.897,0.883,3076.0,515300,sh,300红利低波ETF嘉实
2022-01-12,0.885,0.88,0.885,0.871,2054.0,515300,sh,300红利低波ETF嘉实
2022-01-13,0.889,0.878,0.89,0.875,21399.0,515300,sh,300红利低波ETF嘉实
2022-01-14,0.878,0.854,0.878,0.854,4667.0,515300,sh,300红利低波ETF嘉实
2022-01-17,0.854,0.853,0.858,0.852,28767.0,515300,sh,300红利低波ETF嘉实
2022-01-18,0.856,0.874,0.875,0.855,19149.0,515300,sh,300红利低波ETF嘉实
2022-01-19,0.879,0.875,0.879,0.875,4232.0,515300,sh,300红利低波ETF嘉实
2022-01-20,0.886,0.888,0.893,0.884,7027.0,515300,sh,300红利低波ETF嘉实
2022-01-21,0.88,0.874,0.88,0.874,4753.0,515300,sh,300红利低波ETF嘉实
2022-01-24,0.877,0.878,0.884,0.873,7361.0,515300,sh,300红利低波ETF嘉实
2022-01-25,0.864,0.858,0.87,0.858,403.0,515300,sh,300红利低波ETF嘉实
2022-01-26,0.858,0.863,0.863,0.853,5423.0,515300,sh,300红利低波ETF嘉实
2022-01-27,0.858,0.854,0.86,0.854,328.0,515300,sh,300红利低波ETF嘉实
2022-01-28,0.854,0.843,0.854,0.843,5169.0,515300,sh,300红利低波ETF嘉实
2022-02-07,0.843,0.875,0.875,0.843,1323.0,515300,sh,300红利低波ETF嘉实
2022-02-08,0.871,0.894,0.894,0.871,1300.0,515300,sh,300红利低波ETF嘉实
2022-02-09,0.895,0.894,0.901,0.89,2316.0,515300,sh,300红利低波ETF嘉实
2022-02-10,0.894,0.904,0.905,0.894,2124.0,515300,sh,300红利低波ETF嘉实
2022-02-11,0.903,0.91,0.921,0.903,35431.0,515300,sh,300红利低波ETF嘉实
2022-02-14,0.91,0.885,0.91,0.883,4750.0,515300,sh,300红利低波ETF嘉实
2022-02-15,0.883,0.878,0.885,0.873,3114.0,515300,sh,300红利低波ETF嘉实
2022-02-16,0.885,0.886,0.889,0.88,947.0,515300,sh,300红利低波ETF嘉实
2022-02-17,0.89,0.879,0.89,0.879,3781.0,515300,sh,300红利低波ETF嘉实
2022-02-18,0.88,0.892,0.894,0.879,1191.0,515300,sh,300红利低波ETF嘉实
2022-02-21,0.893,0.888,0.893,0.882,1755.0,515300,sh,300红利低波ETF嘉实
2022-02-22,0.88,0.879,0.882,0.872,728.0,515300,sh,300红利低波ETF嘉实
2022-02-23,0.874,0.874,0.877,0.868,2845.0,515300,sh,300红利低波ETF嘉实
2022-02-24,0.874,0.85,0.874,0.849,4945.0,515300,sh,300红利低波ETF嘉实
2022-02-25,0.858,0.849,0.858,0.845,1041.0,515300,sh,300红利低波ETF嘉实
2022-02-28,0.849,0.849,0.849,0.841,649.0,515300,sh,300红利低波ETF嘉实
2022-03-01,0.849,0.857,0.86,0.848,627.0,515300,sh,300红利低波ETF嘉实
2022-03-02,0.86,0.86,0.86,0.856,367.0,515300,sh,300红利低波ETF嘉实
2022-03-03,0.868,0.873,0.873,0.868,1360.0,515300,sh,300红利低波ETF嘉实
2022-03-04,0.873,0.863,0.873,0.858,2125.0,515300,sh,300红利低波ETF嘉实
2022-03-07,0.865,0.852,0.865,0.852,1916.0,515300,sh,300红利低波ETF嘉实
2022-03-08,0.849,0.826,0.849,0.826,2012.0,515300,sh,300红利低波ETF嘉实
2022-03-09,0.834,0.81,0.834,0.785,1749.0,515300,sh,300红利低波ETF嘉实
2022-03-10,0.814,0.812,0.824,0.811,21990.0,515300,sh,300红利低波ETF嘉实
2022-03-11,0.807,0.817,0.817,0.75,4184.0,515300,sh,300红利低波ETF嘉实
2022-03-14,0.818,0.804,0.818,0.803,212.0,515300,sh,300红利低波ETF嘉实
2022-03-15,0.804,0.751,0.804,0.751,8690.0,515300,sh,300红利低波ETF嘉实
2022-03-16,0.759,0.779,0.781,0.74,9612.0,515300,sh,300红利低波ETF嘉实
2022-03-17,0.789,0.788,0.795,0.783,13636.0,515300,sh,300红利低波ETF嘉实
2022-03-18,0.791,0.814,0.815,0.791,31181.0,515300,sh,300红利低波ETF嘉实
2022-03-21,0.812,0.807,0.812,0.803,1301.0,515300,sh,300红利低波ETF嘉实
2022-03-22,0.812,0.821,0.824,0.812,1278.0,515300,sh,300红利低波ETF嘉实
2022-03-23,0.821,0.823,0.823,0.812,1002.0,515300,sh,300红利低波ETF嘉实
2022-03-24,0.827,0.824,0.83,0.822,717.0,515300,sh,300红利低波ETF嘉实
2022-03-25,0.824,0.821,0.824,0.818,2257.0,515300,sh,300红利低波ETF嘉实
2022-03-28,0.812,0.832,0.833,0.809,9724.0,515300,sh,300红利低波ETF嘉实
2022-03-29,0.832,0.832,0.834,0.831,194.0,515300,sh,300红利低波ETF嘉实
2022-03-30,0.838,0.85,0.852,0.834,528.0,515300,sh,300红利低波ETF嘉实
2022-03-31,0.855,0.859,0.864,0.855,463.0,515300,sh,300红利低波ETF嘉实
2022-04-01,0.859,0.871,0.871,0.857,420.0,515300,sh,300红利低波ETF嘉实
2022-04-06,0.872,0.888,0.892,0.872,1470.0,515300,sh,300红利低波ETF嘉实
2022-04-07,0.888,0.873,0.888,0.873,1730.0,515300,sh,300红利低波ETF嘉实
2022-04-08,0.873,0.882,0.888,0.869,911.0,515300,sh,300红利低波ETF嘉实
2022-04-11,0.876,0.871,0.878,0.871,1133.0,515300,sh,300红利低波ETF嘉实
2022-04-12,0.866,0.875,0.882,0.863,150.0,515300,sh,300红利低波ETF嘉实
2022-04-13,0.868,0.869,0.879,0.868,351.0,515300,sh,300红利低波ETF嘉实
2022-04-14,0.872,0.875,0.879,0.87,455.0,515300,sh,300红利低波ETF嘉实
2022-04-15,0.876,0.878,0.885,0.875,1161.0,515300,sh,300红利低波ETF嘉实
2022-04-18,0.867,0.858,0.868,0.858,1395.0,515300,sh,300红利低波ETF嘉实
2022-04-19,0.86,0.864,0.867,0.859,120.0,515300,sh,300红利低波ETF嘉实
2022-04-20,0.865,0.847,0.865,0.847,395.0,515300,sh,300红利低波ETF嘉实
2022-04-21,0.849,0.835,0.853,0.835,3159.0,515300,sh,300红利低波ETF嘉实
2022-04-22,0.834,0.856,0.856,0.834,950.0,515300,sh,300红利低波ETF嘉实
2022-04-25,0.88,0.824,0.892,0.824,3217.0,515300,sh,300红利低波ETF嘉实
2022-04-26,0.819,0.816,0.832,0.81,15336.0,515300,sh,300红利低波ETF嘉实
2022-04-27,0.818,0.818,0.818,0.808,3924.0,515300,sh,300红利低波ETF嘉实
2022-04-28,0.793,0.823,0.827,0.793,2129.0,515300,sh,300红利低波ETF嘉实
2022-04-29,0.824,0.835,0.842,0.822,6408.0,515300,sh,300红利低波ETF嘉实
2022-05-05,0.835,0.836,0.844,0.83,9227.0,515300,sh,300红利低波ETF嘉实
2022-05-06,0.819,0.809,0.822,0.808,3870.0,515300,sh,300红利低波ETF嘉实
2022-05-09,0.815,0.811,0.815,0.807,5595.0,515300,sh,300红利低波ETF嘉实
2022-05-10,0.797,0.817,0.817,0.797,1894.0,515300,sh,300红利低波ETF嘉实
2022-05-11,0.817,0.812,0.819,0.812,8719.0,515300,sh,300红利低波ETF嘉实
2022-05-12,0.808,0.809,0.814,0.803,9442.0,515300,sh,300红利低波ETF嘉实
2022-05-13,0.819,0.822,0.823,0.817,6747.0,515300,sh,300红利低波ETF嘉实
2022-05-16,0.815,0.817,0.82,0.81,771.0,515300,sh,300红利低波ETF嘉实
2022-05-17,0.817,0.814,0.817,0.809,2482.0,515300,sh,300红利低波ETF嘉实
2022-05-18,0.813,0.814,0.814,0.799,556.0,515300,sh,300红利低波ETF嘉实
2022-05-19,0.818,0.809,0.818,0.801,1421.0,515300,sh,300红利低波ETF嘉实
2022-05-20,0.818,0.821,0.826,0.817,668.0,515300,sh,300红利低波ETF嘉实
2022-05-23,0.818,0.812,0.818,0.811,494.0,515300,sh,300红利低波ETF嘉实
2022-05-24,0.812,0.796,0.812,0.796,294.0,515300,sh,300红利低波ETF嘉实
2022-05-25,0.798,0.805,0.805,0.796,6391.0,515300,sh,300红利低波ETF嘉实
2022-05-26,0.809,0.814,0.817,0.808,2645.0,515300,sh,300红利低波ETF嘉实
2022-05-27,0.816,0.816,0.817,0.812,4086.0,515300,sh,300红利低波ETF嘉实
2022-05-30,0.815,0.809,0.815,0.807,3974.0,515300,sh,300红利低波ETF嘉实
2022-05-31,0.809,0.813,0.813,0.808,11494.0,515300,sh,300红利低波ETF嘉实
2022-06-01,0.809,0.809,0.811,0.804,9978.0,515300,sh,300红利低波ETF嘉实
2022-06-02,0.802,0.806,0.806,0.802,6561.0,515300,sh,300红利低波ETF嘉实
2022-06-06,0.806,0.802,0.806,0.794,322.0,515300,sh,300红利低波ETF嘉实
2022-06-07,0.803,0.806,0.809,0.802,1271.0,515300,sh,300红利低波ETF嘉实
2022-06-08,0.806,0.811,0.811,0.803,2825.0,515300,sh,300红利低波ETF嘉实
2022-06-09,0.812,0.817,0.822,0.812,8017.0,515300,sh,300红利低波ETF嘉实
2022-06-10,0.814,0.824,0.826,0.812,497.0,515300,sh,300红利低波ETF嘉实
2022-06-13,0.818,0.806,0.842,0.806,884.0,515300,sh,300红利低波ETF嘉实
2022-06-14,0.809,0.832,0.833,0.804,1407.0,515300,sh,300红利低波ETF嘉实
2022-06-15,0.832,0.853,0.869,0.832,16957.0,515300,sh,300红利低波ETF嘉实
2022-06-16,0.844,0.834,0.846,0.833,12826.0,515300,sh,300红利低波ETF嘉实
2022-06-17,0.834,0.836,0.838,0.826,8835.0,515300,sh,300红利低波ETF嘉实
2022-06-20,0.838,0.833,0.838,0.831,12996.0,515300,sh,300红利低波ETF嘉实
2022-06-21,0.838,0.839,0.843,0.834,2385.0,515300,sh,300红利低波ETF嘉实
2022-06-22,0.834,0.828,0.838,0.828,7763.0,515300,sh,300红利低波ETF嘉实
2022-06-23,0.83,0.839,0.84,0.83,456.0,515300,sh,300红利低波ETF嘉实
2022-06-24,0.839,0.839,0.841,0.835,27087.0,515300,sh,300红利低波ETF嘉实
2022-06-27,0.844,0.842,0.846,0.839,10009.0,515300,sh,300红利低波ETF嘉实
2022-06-28,0.838,0.846,0.846,0.837,23729.0,515300,sh,300红利低波ETF嘉实
2022-06-29,0.843,0.842,0.851,0.842,17505.0,515300,sh,300红利低波ETF嘉实
2022-06-30,0.839,0.843,0.849,0.839,3453.0,515300,sh,300红利低波ETF嘉实
2022-07-01,0.842,0.843,0.844,0.841,781.0,515300,sh,300红利低波ETF嘉实
2022-07-04,0.837,0.843,0.843,0.837,1511.0,515300,sh,300红利低波ETF嘉实
2022-07-05,0.846,0.841,0.847,0.839,5548.0,515300,sh,300红利低波ETF嘉实
2022-07-06,0.835,0.829,0.835,0.826,24093.0,515300,sh,300红利低波ETF嘉实
2022-07-07,0.829,0.828,0.832,0.828,16906.0,515300,sh,300红利低波ETF嘉实
2022-07-08,0.831,0.833,0.836,0.83,19330.0,515300,sh,300红利低波ETF嘉实
2022-07-11,0.833,0.833,0.834,0.83,4206.0,515300,sh,300红利低波ETF嘉实
2022-07-12,0.835,0.835,0.84,0.835,8069.0,515300,sh,300红利低波ETF嘉实
2022-07-13,0.832,0.828,0.833,0.825,13368.0,515300,sh,300红利低波ETF嘉实
2022-07-14,0.814,0.813,0.816,0.81,10685.0,515300,sh,300红利低波ETF嘉实
2022-07-15,0.814,0.797,0.814,0.797,15483.0,515300,sh,300红利低波ETF嘉实
2022-07-18,0.804,0.812,0.812,0.804,10834.0,515300,sh,300红利低波ETF嘉实
2022-07-19,0.815,0.816,0.818,0.811,8080.0,515300,sh,300红利低波ETF嘉实
2022-07-20,0.821,0.821,0.822,0.82,4194.0,515300,sh,300红利低波ETF嘉实
2022-07-21,0.815,0.811,0.815,0.811,50.0,515300,sh,300红利低波ETF嘉实
2022-07-22,0.816,0.815,0.816,0.808,50.0,515300,sh,300红利低波ETF嘉实
2022-07-25,0.813,0.816,0.816,0.813,157.0,515300,sh,300红利低波ETF嘉实
2022-07-26,0.818,0.819,0.821,0.818,42.0,515300,sh,300红利低波ETF嘉实
2022-07-27,0.817,0.815,0.817,0.815,13.0,515300,sh,300红利低波ETF嘉实
2022-07-28,0.818,0.815,0.821,0.815,8037.0,515300,sh,300红利低波ETF嘉实
2022-07-29,0.814,0.808,0.819,0.807,445.0,515300,sh,300红利低波ETF嘉实
2022-08-01,0.804,0.804,0.807,0.802,223.0,515300,sh,300红利低波ETF嘉实
2022-08-02,0.79,0.783,0.79,0.777,12577.0,515300,sh,300红利低波ETF嘉实
2022-08-03,0.781,0.777,0.785,0.777,1819.0,515300,sh,300红利低波ETF嘉实
2022-08-04,0.778,0.784,0.786,0.778,1323.0,515300,sh,300红利低波ETF嘉实
2022-08-05,0.787,0.797,0.797,0.787,220.0,515300,sh,300红利低波ETF嘉实
2022-08-08,0.797,0.796,0.802,0.795,1595.0,515300,sh,300红利低波ETF嘉实
2022-08-09,0.796,0.796,0.797,0.796,1068.0,515300,sh,300红利低波ETF嘉实
2022-08-10,0.794,0.79,0.797,0.789,2290.0,515300,sh,300红利低波ETF嘉实
2022-08-11,0.795,0.807,0.809,0.795,8498.0,515300,sh,300红利低波ETF嘉实
2022-08-12,0.806,0.81,0.812,0.806,11682.0,515300,sh,300红利低波ETF嘉实
2022-08-15,0.809,0.804,0.809,0.803,10043.0,515300,sh,300红利低波ETF嘉实
2022-08-16,0.806,0.801,0.806,0.801,189.0,515300,sh,300红利低波ETF嘉实
2022-08-17,0.799,0.81,0.811,0.798,9725.0,515300,sh,300红利低波ETF嘉实
2022-08-18,0.806,0.8,0.806,0.8,1092.0,515300,sh,300红利低波ETF嘉实
2022-08-19,0.803,0.802,0.807,0.802,2168.0,515300,sh,300红利低波ETF嘉实
2022-08-22,0.802,0.803,0.806,0.802,2721.0,515300,sh,300红利低波ETF嘉实
2022-08-23,0.8,0.801,0.804,0.799,3094.0,515300,sh,300红利低波ETF嘉实
2022-08-24,0.806,0.795,0.806,0.795,7023.0,515300,sh,300红利低波ETF嘉实
2022-08-25,0.799,0.807,0.807,0.798,3274.0,515300,sh,300红利低波ETF嘉实
2022-08-26,0.804,0.806,0.807,0.804,10042.0,515300,sh,300红利低波ETF嘉实
2022-08-29,0.803,0.803,0.803,0.798,15100.0,515300,sh,300红利低波ETF嘉实
2022-08-30,0.804,0.806,0.806,0.804,3776.0,515300,sh,300红利低波ETF嘉实
2022-08-31,0.808,0.816,0.82,0.808,18252.0,515300,sh,300红利低波ETF嘉实
2022-09-01,0.816,0.816,0.819,0.816,3112.0,515300,sh,300红利低波ETF嘉实
2022-09-02,0.817,0.812,0.817,0.81,953.0,515300,sh,300红利低波ETF嘉实
2022-09-05,0.809,0.818,0.818,0.809,13373.0,515300,sh,300红利低波ETF嘉实
2022-09-06,0.818,0.825,0.826,0.818,7514.0,515300,sh,300红利低波ETF嘉实
2022-09-07,0.819,0.82,0.822,0.818,9340.0,515300,sh,300红利低波ETF嘉实
2022-09-08,0.819,0.821,0.824,0.819,5160.0,515300,sh,300红利低波ETF嘉实
2022-09-09,0.829,0.833,0.835,0.828,29103.0,515300,sh,300红利低波ETF嘉实
2022-09-13,0.832,0.833,0.84,0.831,18088.0,515300,sh,300红利低波ETF嘉实
2022-09-14,0.827,0.826,0.83,0.826,1711.0,515300,sh,300红利低波ETF嘉实
2022-09-15,0.834,0.827,0.834,0.826,10833.0,515300,sh,300红利低波ETF嘉实
2022-09-16,0.827,0.805,0.827,0.804,22217.0,515300,sh,300红利低波ETF嘉实
2022-09-19,0.803,0.803,0.806,0.8,20404.0,515300,sh,300红利低波ETF嘉实
2022-09-20,0.804,0.799,0.804,0.799,8407.0,515300,sh,300红利低波ETF嘉实
2022-09-21,0.792,0.8,0.804,0.791,6212.0,515300,sh,300红利低波ETF嘉实
2022-09-22,0.794,0.795,0.798,0.793,17574.0,515300,sh,300红利低波ETF嘉实
2022-09-23,0.804,0.802,0.807,0.798,23766.0,515300,sh,300红利低波ETF嘉实
2022-09-26,0.8,0.783,0.8,0.783,30662.0,515300,sh,300红利低波ETF嘉实
2022-09-27,0.785,0.788,0.788,0.779,6918.0,515300,sh,300红利低波ETF嘉实
2022-09-28,0.783,0.783,0.789,0.783,453.0,515300,sh,300红利低波ETF嘉实
2022-09-29,0.789,0.776,0.789,0.771,24601.0,515300,sh,300红利低波ETF嘉实
2022-09-30,0.776,0.782,0.785,0.776,8252.0,515300,sh,300红利低波ETF嘉实
2022-10-10,0.781,0.777,0.786,0.775,23490.0,515300,sh,300红利低波ETF嘉实
2022-10-11,0.779,0.775,0.78,0.773,15442.0,515300,sh,300红利低波ETF嘉实
2022-10-12,0.773,0.786,0.786,0.772,22778.0,515300,sh,300红利低波ETF嘉实
2022-10-13,0.78,0.781,0.783,0.778,7441.0,515300,sh,300红利低波ETF嘉实
2022-10-14,0.792,0.788,0.792,0.786,7954.0,515300,sh,300红利低波ETF嘉实
2022-10-17,0.788,0.791,0.791,0.785,13301.0,515300,sh,300红利低波ETF嘉实
2022-10-18,0.791,0.787,0.791,0.785,11045.0,515300,sh,300红利低波ETF嘉实
2022-10-19,0.787,0.778,0.787,0.777,7251.0,515300,sh,300红利低波ETF嘉实
2022-10-20,0.775,0.777,0.777,0.774,32061.0,515300,sh,300红利低波ETF嘉实
2022-10-21,0.78,0.773,0.781,0.773,16022.0,515300,sh,300红利低波ETF嘉实
2022-10-24,0.773,0.755,0.779,0.754,21478.0,515300,sh,300红利低波ETF嘉实
2022-10-25,0.755,0.75,0.76,0.749,22882.0,515300,sh,300红利低波ETF嘉实
2022-10-26,0.757,0.75,0.759,0.749,23272.0,515300,sh,300红利低波ETF嘉实
2022-10-27,0.753,0.752,0.754,0.751,18516.0,515300,sh,300红利低波ETF嘉实
2022-10-28,0.747,0.737,0.75,0.737,24201.0,515300,sh,300红利低波ETF嘉实
2022-10-31,0.733,0.727,0.736,0.725,29808.0,515300,sh,300红利低波ETF嘉实
2022-11-01,0.73,0.743,0.743,0.73,17133.0,515300,sh,300红利低波ETF嘉实
2022-11-02,0.741,0.747,0.747,0.741,12644.0,515300,sh,300红利低波ETF嘉实
2022-11-03,0.741,0.739,0.742,0.737,21163.0,515300,sh,300红利低波ETF嘉实
2022-11-04,0.745,0.758,0.759,0.745,25608.0,515300,sh,300红利低波ETF嘉实
2022-11-07,0.759,0.759,0.76,0.755,30271.0,515300,sh,300红利低波ETF嘉实
2022-11-08,0.759,0.754,0.759,0.753,19762.0,515300,sh,300红利低波ETF嘉实
2022-11-09,0.755,0.756,0.76,0.755,9614.0,515300,sh,300红利低波ETF嘉实
2022-11-10,0.753,0.758,0.758,0.753,30970.0,515300,sh,300红利低波ETF嘉实
2022-11-11,0.771,0.778,0.784,0.767,32008.0,515300,sh,300红利低波ETF嘉实
2022-11-14,0.792,0.788,0.798,0.788,33718.0,515300,sh,300红利低波ETF嘉实
2022-11-15,0.787,0.798,0.8,0.787,24994.0,515300,sh,300红利低波ETF嘉实
2022-11-16,0.795,0.792,0.796,0.792,23000.0,515300,sh,300红利低波ETF嘉实
2022-11-17,0.792,0.793,0.793,0.787,18232.0,515300,sh,300红利低波ETF嘉实
2022-11-18,0.794,0.792,0.795,0.789,23140.0,515300,sh,300红利低波ETF嘉实
2022-11-21,0.778,0.783,0.783,0.778,4132.0,515300,sh,300红利低波ETF嘉实
2022-11-22,0.787,0.806,0.811,0.786,54702.0,515300,sh,300红利低波ETF嘉实
2022-11-23,0.81,0.812,0.82,0.81,18352.0,515300,sh,300红利低波ETF嘉实
2022-11-24,0.81,0.812,0.815,0.805,39084.0,515300,sh,300红利低波ETF嘉实
2022-11-25,0.811,0.828,0.83,0.811,26533.0,515300,sh,300红利低波ETF嘉实
2022-11-28,0.808,0.813,0.815,0.802,32077.0,515300,sh,300红利低波ETF嘉实
2022-11-29,0.822,0.84,0.844,0.821,16571.0,515300,sh,300红利低波ETF嘉实
2022-11-30,0.841,0.841,0.848,0.84,14020.0,515300,sh,300红利低波ETF嘉实
2022-12-01,0.85,0.84,0.854,0.84,26674.0,515300,sh,300红利低波ETF嘉实
2022-12-02,0.84,0.836,0.84,0.832,24230.0,515300,sh,300红利低波ETF嘉实
2022-12-05,0.837,0.87,0.871,0.837,16187.0,515300,sh,300红利低波ETF嘉实
2022-12-06,0.871,0.866,0.874,0.864,23622.0,515300,sh,300红利低波ETF嘉实
2022-12-07,0.866,0.862,0.869,0.859,29987.0,515300,sh,300红利低波ETF嘉实
2022-12-08,0.864,0.866,0.867,0.861,35910.0,515300,sh,300红利低波ETF嘉实
2022-12-09,0.868,0.866,0.871,0.858,26539.0,515300,sh,300红利低波ETF嘉实
2022-12-12,0.863,0.853,0.863,0.853,19247.0,515300,sh,300红利低波ETF嘉实
2022-12-13,0.855,0.861,0.861,0.855,9525.0,515300,sh,300红利低波ETF嘉实
2022-12-14,0.854,0.853,0.859,0.851,18359.0,515300,sh,300红利低波ETF嘉实
2022-12-15,0.851,0.848,0.852,0.847,24045.0,515300,sh,300红利低波ETF嘉实
2022-12-16,0.85,0.857,0.859,0.849,25835.0,515300,sh,300红利低波ETF嘉实
2022-12-19,0.86,0.833,0.86,0.832,15723.0,515300,sh,300红利低波ETF嘉实
2022-12-20,0.828,0.822,0.836,0.819,21624.0,515300,sh,300红利低波ETF嘉实
2022-12-21,0.825,0.822,0.829,0.822,13060.0,515300,sh,300红利低波ETF嘉实
2022-12-22,0.826,0.824,0.835,0.821,21986.0,515300,sh,300红利低波ETF嘉实
2022-12-23,0.821,0.822,0.826,0.819,24745.0,515300,sh,300红利低波ETF嘉实
2022-12-26,0.82,0.816,0.821,0.816,19529.0,515300,sh,300红利低波ETF嘉实
2022-12-27,0.808,0.831,0.831,0.808,21009.0,515300,sh,300红利低波ETF嘉实
2022-12-28,0.827,0.831,0.835,0.827,41804.0,515300,sh,300红利低波ETF嘉实
2022-12-29,0.825,0.824,0.826,0.82,28524.0,515300,sh,300红利低波ETF嘉实
2022-12-30,0.831,0.835,0.838,0.83,44019.0,515300,sh,300红利低波ETF嘉实
2023-01-03,0.825,0.837,0.837,0.825,36283.0,515300,sh,300红利低波ETF嘉实
2023-01-04,0.841,0.849,0.849,0.841,15732.0,515300,sh,300红利低波ETF嘉实
2023-01-05,0.856,0.854,0.856,0.85,32447.0,515300,sh,300红利低波ETF嘉实
2023-01-06,0.851,0.85,0.852,0.848,21778.0,515300,sh,300红利低波ETF嘉实
2023-01-09,0.852,0.855,0.855,0.849,27092.0,515300,sh,300红利低波ETF嘉实
2023-01-10,0.851,0.846,0.853,0.846,36496.0,515300,sh,300红利低波ETF嘉实
2023-01-11,0.846,0.85,0.853,0.846,26376.0,515300,sh,300红利低波ETF嘉实
2023-01-12,0.849,0.85,0.85,0.846,23100.0,515300,sh,300红利低波ETF嘉实
2023-01-13,0.855,0.862,0.862,0.854,11343.0,515300,sh,300红利低波ETF嘉实
2023-01-16,0.864,0.87,0.875,0.863,39832.0,515300,sh,300红利低波ETF嘉实
2023-01-17,0.866,0.866,0.867,0.862,33192.0,515300,sh,300红利低波ETF嘉实
2023-01-18,0.867,0.867,0.868,0.865,23080.0,515300,sh,300红利低波ETF嘉实
2023-01-19,0.863,0.871,0.871,0.863,33804.0,515300,sh,300红利低波ETF嘉实
2023-01-20,0.871,0.877,0.879,0.871,19759.0,515300,sh,300红利低波ETF嘉实
2023-01-30,0.879,0.876,0.889,0.875,18131.0,515300,sh,300红利低波ETF嘉实
2023-01-31,0.879,0.871,0.879,0.869,25703.0,515300,sh,300红利低波ETF嘉实
2023-02-01,0.866,0.874,0.875,0.866,26055.0,515300,sh,300红利低波ETF嘉实
2023-02-02,0.874,0.872,0.876,0.869,16688.0,515300,sh,300红利低波ETF嘉实
2023-02-03,0.867,0.864,0.867,0.857,41072.0,515300,sh,300红利低波ETF嘉实
2023-02-06,0.858,0.854,0.858,0.851,29549.0,515300,sh,300红利低波ETF嘉实
2023-02-07,0.852,0.856,0.859,0.851,38125.0,515300,sh,300红利低波ETF嘉实
2023-02-08,0.856,0.854,0.86,0.853,38223.0,515300,sh,300红利低波ETF嘉实
2023-02-09,0.86,0.862,0.862,0.857,29282.0,515300,sh,300红利低波ETF嘉实
2023-02-10,0.862,0.866,0.866,0.862,18095.0,515300,sh,300红利低波ETF嘉实
2023-02-13,0.864,0.872,0.873,0.864,41518.0,515300,sh,300红利低波ETF嘉实
2023-02-14,0.871,0.873,0.873,0.869,10167.0,515300,sh,300红利低波ETF嘉实
2023-02-15,0.87,0.869,0.872,0.867,23224.0,515300,sh,300红利低波ETF嘉实
2023-02-16,0.866,0.866,0.878,0.861,32178.0,515300,sh,300红利低波ETF嘉实
2023-02-17,0.867,0.86,0.869,0.858,65670.0,515300,sh,300红利低波ETF嘉实
2023-02-20,0.862,0.884,0.884,0.862,25701.0,515300,sh,300红利低波ETF嘉实
2023-02-21,0.887,0.89,0.891,0.886,12945.0,515300,sh,300红利低波ETF嘉实
2023-02-22,0.885,0.886,0.889,0.883,12851.0,515300,sh,300红利低波ETF嘉实
2023-02-23,0.888,0.883,0.888,0.883,33206.0,515300,sh,300红利低波ETF嘉实
2023-02-24,0.882,0.879,0.883,0.875,38508.0,515300,sh,300红利低波ETF嘉实
2023-02-27,0.876,0.872,0.876,0.87,24540.0,515300,sh,300红利低波ETF嘉实
2023-02-28,0.877,0.884,0.884,0.876,18637.0,515300,sh,300红利低波ETF嘉实
2023-03-01,0.882,0.897,0.899,0.882,19311.0,515300,sh,300红利低波ETF嘉实
2023-03-02,0.896,0.908,0.91,0.895,15284.0,515300,sh,300红利低波ETF嘉实
2023-03-03,0.909,0.927,0.927,0.909,29966.0,515300,sh,300红利低波ETF嘉实
2023-03-06,0.929,0.919,0.929,0.916,20650.0,515300,sh,300红利低波ETF嘉实
2023-03-07,0.92,0.913,0.938,0.913,25651.0,515300,sh,300红利低波ETF嘉实
2023-03-08,0.912,0.914,0.914,0.906,58751.0,515300,sh,300红利低波ETF嘉实
2023-03-09,0.919,0.911,0.919,0.908,57046.0,515300,sh,300红利低波ETF嘉实
2023-03-10,0.904,0.892,0.906,0.892,39300.0,515300,sh,300红利低波ETF嘉实
2023-03-13,0.898,0.91,0.91,0.896,42613.0,515300,sh,300红利低波ETF嘉实
2023-03-14,0.903,0.903,0.908,0.896,39395.0,515300,sh,300红利低波ETF嘉实
2023-03-15,0.907,0.914,0.916,0.906,43089.0,515300,sh,300红利低波ETF嘉实
2023-03-16,0.915,0.914,0.924,0.911,33477.0,515300,sh,300红利低波ETF嘉实
2023-03-17,0.921,0.929,0.938,0.921,35493.0,515300,sh,300红利低波ETF嘉实
2023-03-20,0.929,0.924,0.947,0.923,42560.0,515300,sh,300红利低波ETF嘉实
2023-03-21,0.919,0.919,0.933,0.917,23837.0,515300,sh,300红利低波ETF嘉实
2023-03-22,0.929,0.93,0.93,0.92,49095.0,515300,sh,300红利低波ETF嘉实
2023-03-23,0.93,0.942,0.942,0.929,33180.0,515300,sh,300红利低波ETF嘉实
2023-03-24,0.933,0.93,0.935,0.926,21447.0,515300,sh,300红利低波ETF嘉实
2023-03-27,0.923,0.917,0.927,0.909,29121.0,515300,sh,300红利低波ETF嘉实
2023-03-28,0.918,0.917,0.922,0.916,16356.0,515300,sh,300红利低波ETF嘉实
2023-03-29,0.917,0.915,0.917,0.912,23952.0,515300,sh,300红利低波ETF嘉实
2023-03-30,0.926,0.924,0.926,0.91,25002.0,515300,sh,300红利低波ETF嘉实
2023-03-31,0.925,0.924,0.926,0.923,25549.0,515300,sh,300红利低波ETF嘉实
2023-04-03,0.931,0.933,0.934,0.925,27174.0,515300,sh,300红利低波ETF嘉实
2023-04-04,0.932,0.947,0.947,0.932,24090.0,515300,sh,300红利低波ETF嘉实
2023-04-06,0.949,0.951,0.951,0.943,31583.0,515300,sh,300红利低波ETF嘉实
2023-04-07,0.949,0.946,0.949,0.946,23594.0,515300,sh,300红利低波ETF嘉实
2023-04-10,0.948,0.946,0.951,0.946,50738.0,515300,sh,300红利低波ETF嘉实
2023-04-11,0.949,0.95,0.951,0.946,25637.0,515300,sh,300红利低波ETF嘉实
2023-04-12,0.955,0.964,0.966,0.955,27773.0,515300,sh,300红利低波ETF嘉实
2023-04-13,0.963,0.96,0.967,0.96,9285.0,515300,sh,300红利低波ETF嘉实
2023-04-14,0.967,0.967,0.969,0.963,14857.0,515300,sh,300红利低波ETF嘉实
2023-04-17,0.967,0.993,0.993,0.967,25332.0,515300,sh,300红利低波ETF嘉实
2023-04-18,0.992,1.006,1.007,0.992,17918.0,515300,sh,300红利低波ETF嘉实
2023-04-19,1.007,0.994,1.007,0.994,54676.0,515300,sh,300红利低波ETF嘉实
2023-04-20,0.993,1.008,1.009,0.992,24747.0,515300,sh,300红利低波ETF嘉实
2023-04-21,1.004,0.987,1.016,0.987,17635.0,515300,sh,300红利低波ETF嘉实
2023-04-24,0.995,0.982,0.997,0.981,22062.0,515300,sh,300红利低波ETF嘉实
2023-04-25,0.991,0.998,0.999,0.984,27066.0,515300,sh,300红利低波ETF嘉实
2023-04-26,0.999,0.982,0.999,0.97,29524.0,515300,sh,300红利低波ETF嘉实
2023-04-27,0.977,0.996,0.998,0.977,24899.0,515300,sh,300红利低波ETF嘉实
2023-04-28,0.995,1.011,1.014,0.995,10230.0,515300,sh,300红利低波ETF嘉实
2023-05-04,1.009,1.047,1.05,0.997,19896.0,515300,sh,300红利低波ETF嘉实
2023-05-05,1.035,1.055,1.072,1.035,35666.0,515300,sh,300红利低波ETF嘉实
2023-05-08,1.065,1.109,1.118,1.055,51256.0,515300,sh,300红利低波ETF嘉实
2023-05-09,1.114,1.095,1.135,1.091,44064.0,515300,sh,300红利低波ETF嘉实
2023-05-10,1.093,1.052,1.093,1.045,55757.0,515300,sh,300红利低波ETF嘉实
2023-05-11,1.049,1.045,1.065,1.043,54622.0,515300,sh,300红利低波ETF嘉实
2023-05-12,1.044,1.029,1.053,1.029,54837.0,515300,sh,300红利低波ETF嘉实
2023-05-15,1.03,1.046,1.046,1.002,63344.0,515300,sh,300红利低波ETF嘉实
2023-05-16,1.046,1.038,1.058,1.033,46630.0,515300,sh,300红利低波ETF嘉实
2023-05-17,1.034,1.032,1.041,1.024,43034.0,515300,sh,300红利低波ETF嘉实
2023-05-18,1.04,1.049,1.059,1.036,26760.0,515300,sh,300红利低波ETF嘉实
2023-05-19,1.041,1.029,1.046,1.027,56801.0,515300,sh,300红利低波ETF嘉实
2023-05-22,1.029,1.031,1.041,1.025,46514.0,515300,sh,300红利低波ETF嘉实
2023-05-23,1.031,1.007,1.033,1.005,44862.0,515300,sh,300红利低波ETF嘉实
2023-05-24,1.008,0.973,1.008,0.973,59382.0,515300,sh,300红利低波ETF嘉实
2023-05-25,0.974,0.979,0.979,0.965,15182.0,515300,sh,300红利低波ETF嘉实
2023-05-26,0.979,0.991,0.993,0.972,77429.0,515300,sh,300红利低波ETF嘉实
2023-05-29,0.999,1.005,1.009,0.994,63270.0,515300,sh,300红利低波ETF嘉实
2023-05-30,1.004,1.004,1.012,0.992,49032.0,515300,sh,300红利低波ETF嘉实
2023-05-31,1.004,0.997,1.01,0.993,67336.0,515300,sh,300红利低波ETF嘉实
2023-06-01,1.009,0.994,1.009,0.989,21916.0,515300,sh,300红利低波ETF嘉实
2023-06-02,0.998,1.001,1.002,0.994,20999.0,515300,sh,300红利低波ETF嘉实
2023-06-05,0.997,1.012,1.015,0.997,32819.0,515300,sh,300红利低波ETF嘉实
2023-06-06,1.008,1.003,1.027,1.001,30077.0,515300,sh,300红利低波ETF嘉实
2023-06-07,1.013,1.012,1.017,1.005,44293.0,515300,sh,300红利低波ETF嘉实
2023-06-08,1.015,1.031,1.032,1.003,31936.0,515300,sh,300红利低波ETF嘉实
2023-06-09,1.031,1.035,1.039,1.023,88477.0,515300,sh,300红利低波ETF嘉实
2023-06-12,1.035,1.014,1.035,1.012,48576.0,515300,sh,300红利低波ETF嘉实
2023-06-13,1.011,1.013,1.016,1.007,50218.0,515300,sh,300红利低波ETF嘉实
2023-06-14,1.012,1.0,1.021,1.0,13553.0,515300,sh,300红利低波ETF嘉实
2023-06-15,1.0,1.005,1.009,0.998,22910.0,515300,sh,300红利低波ETF嘉实
2023-06-16,1.01,1.007,1.013,1.005,43061.0,515300,sh,300红利低波ETF嘉实
2023-06-19,1.003,0.995,1.003,0.994,23377.0,515300,sh,300红利低波ETF嘉实
2023-06-20,0.992,0.987,0.996,0.987,60966.0,515300,sh,300红利低波ETF嘉实
2023-06-21,0.984,0.985,1.0,0.983,69956.0,515300,sh,300红利低波ETF嘉实
2023-06-26,0.984,0.968,0.984,0.964,64154.0,515300,sh,300红利低波ETF嘉实
2023-06-27,0.954,0.985,0.988,0.954,142798.0,515300,sh,300红利低波ETF嘉实
2023-06-28,0.985,0.991,0.992,0.984,48093.0,515300,sh,300红利低波ETF嘉实
2023-06-29,0.996,0.991,0.997,0.986,45522.0,515300,sh,300红利低波ETF嘉实
2023-06-30,0.994,0.997,1.0,0.988,63415.0,515300,sh,300红利低波ETF嘉实
2023-07-03,0.997,1.012,1.014,0.997,54991.0,515300,sh,300红利低波ETF嘉实
2023-07-04,1.012,1.002,1.012,1.0,67706.0,515300,sh,300红利低波ETF嘉实
2023-07-05,1.007,1.0,1.015,0.997,53639.0,515300,sh,300红利低波ETF嘉实
2023-07-06,1.0,0.995,1.003,0.992,68804.0,515300,sh,300红利低波ETF嘉实
2023-07-07,0.996,1.0,1.005,0.995,37362.0,515300,sh,300红利低波ETF嘉实
2023-07-10,1.008,0.999,1.008,0.997,44963.0,515300,sh,300红利低波ETF嘉实
2023-07-11,0.999,1.008,1.012,0.999,20430.0,515300,sh,300红利低波ETF嘉实
2023-07-12,1.006,1.004,1.013,1.003,43786.0,515300,sh,300红利低波ETF嘉实
2023-07-13,1.013,1.022,1.024,1.008,56017.0,515300,sh,300红利低波ETF嘉实
2023-07-14,1.014,1.025,1.031,1.012,37955.0,515300,sh,300红利低波ETF嘉实
2023-07-17,1.023,1.025,1.03,1.017,139576.0,515300,sh,300红利低波ETF嘉实
2023-07-18,1.032,1.022,1.042,1.013,56460.0,515300,sh,300红利低波ETF嘉实
2023-07-19,1.031,1.028,1.035,1.018,56195.0,515300,sh,300红利低波ETF嘉实
2023-07-20,1.031,1.021,1.032,1.02,55117.0,515300,sh,300红利低波ETF嘉实
2023-07-21,1.025,1.023,1.026,1.018,58325.0,515300,sh,300红利低波ETF嘉实
2023-07-24,1.023,1.023,1.027,1.017,39368.0,515300,sh,300红利低波ETF嘉实
2023-07-25,1.036,1.044,1.045,1.034,50230.0,515300,sh,300红利低波ETF嘉实
2023-07-26,1.043,1.047,1.052,1.037,162678.0,515300,sh,300红利低波ETF嘉实
2023-07-27,1.047,1.046,1.059,1.04,90387.0,515300,sh,300红利低波ETF嘉实
2023-07-28,1.058,1.081,1.083,1.041,125229.0,515300,sh,300红利低波ETF嘉实
2023-07-31,1.092,1.09,1.192,1.082,118280.0,515300,sh,300红利低波ETF嘉实
2023-08-01,1.091,1.089,1.094,1.082,124106.0,515300,sh,300红利低波ETF嘉实
2023-08-02,1.079,1.068,1.085,1.066,105337.0,515300,sh,300红利低波ETF嘉实
2023-08-03,1.074,1.085,1.086,1.065,80088.0,515300,sh,300红利低波ETF嘉实
2023-08-04,1.102,1.088,1.104,1.088,52352.0,515300,sh,300红利低波ETF嘉实
2023-08-07,1.082,1.081,1.083,1.073,226534.0,515300,sh,300红利低波ETF嘉实
2023-08-08,1.095,1.081,1.096,1.072,212016.0,515300,sh,300红利低波ETF嘉实
2023-08-09,1.078,1.077,1.08,1.075,94793.0,515300,sh,300红利低波ETF嘉实
2023-08-10,1.078,1.081,1.082,1.072,141898.0,515300,sh,300红利低波ETF嘉实
2023-08-11,1.08,1.059,1.08,1.054,105524.0,515300,sh,300红利低波ETF嘉实
2023-08-14,1.059,1.047,1.059,1.035,98526.0,515300,sh,300红利低波ETF嘉实
2023-08-15,1.046,1.062,1.063,1.046,257281.0,515300,sh,300红利低波ETF嘉实
2023-08-16,1.062,1.059,1.066,1.051,57467.0,515300,sh,300红利低波ETF嘉实
2023-08-17,1.054,1.053,1.059,1.043,93595.0,515300,sh,300红利低波ETF嘉实
2023-08-18,1.059,1.053,1.066,1.052,75798.0,515300,sh,300红利低波ETF嘉实
2023-08-21,1.066,1.031,1.067,1.03,122228.0,515300,sh,300红利低波ETF嘉实
2023-08-22,1.037,1.045,1.046,1.033,80916.0,515300,sh,300红利低波ETF嘉实
2023-08-23,1.044,1.043,1.053,1.042,214935.0,515300,sh,300红利低波ETF嘉实
2023-08-24,1.045,1.032,1.045,1.03,114974.0,515300,sh,300红利低波ETF嘉实
2023-08-25,1.031,1.043,1.048,1.031,61805.0,515300,sh,300红利低波ETF嘉实
2023-08-28,1.085,1.059,1.102,1.054,69877.0,515300,sh,300红利低波ETF嘉实
2023-08-29,1.067,1.046,1.067,1.039,249593.0,515300,sh,300红利低波ETF嘉实
2023-08-30,1.046,1.035,1.046,1.031,213585.0,515300,sh,300红利低波ETF嘉实
2023-08-31,1.032,1.027,1.04,1.027,72403.0,515300,sh,300红利低波ETF嘉实
2023-09-01,1.032,1.035,1.037,1.03,36238.0,515300,sh,300红利低波ETF嘉实
2023-09-04,1.039,1.052,1.054,1.039,69962.0,515300,sh,300红利低波ETF嘉实
2023-09-05,1.052,1.044,1.054,1.041,76627.0,515300,sh,300红利低波ETF嘉实
2023-09-06,1.04,1.042,1.042,1.034,76522.0,515300,sh,300红利低波ETF嘉实
2023-09-07,1.042,1.035,1.045,1.035,78183.0,515300,sh,300红利低波ETF嘉实
2023-09-08,1.035,1.03,1.035,1.026,87647.0,515300,sh,300红利低波ETF嘉实
2023-09-11,1.03,1.042,1.045,1.023,77308.0,515300,sh,300红利低波ETF嘉实
2023-09-12,1.042,1.041,1.042,1.033,54149.0,515300,sh,300红利低波ETF嘉实
2023-09-13,1.04,1.04,1.045,1.034,77436.0,515300,sh,300红利低波ETF嘉实
2023-09-14,1.04,1.051,1.053,1.04,75423.0,515300,sh,300红利低波ETF嘉实
2023-09-15,1.054,1.044,1.059,1.039,75755.0,515300,sh,300红利低波ETF嘉实
2023-09-18,1.037,1.044,1.044,1.034,97505.0,515300,sh,300红利低波ETF嘉实
2023-09-19,1.043,1.05,1.053,1.041,62133.0,515300,sh,300红利低波ETF嘉实
2023-09-20,1.045,1.056,1.062,1.045,152716.0,515300,sh,300红利低波ETF嘉实
2023-09-21,1.058,1.057,1.06,1.045,87912.0,515300,sh,300红利低波ETF嘉实
2023-09-22,1.052,1.058,1.058,1.043,80759.0,515300,sh,300红利低波ETF嘉实
2023-09-25,1.057,1.059,1.062,1.054,70591.0,515300,sh,300红利低波ETF嘉实
2023-09-26,1.059,1.054,1.059,1.052,79390.0,515300,sh,300红利低波ETF嘉实
2023-09-27,1.054,1.048,1.054,1.045,84059.0,515300,sh,300红利低波ETF嘉实
2023-09-28,1.042,1.045,1.051,1.042,81257.0,515300,sh,300红利低波ETF嘉实
2023-10-09,1.042,1.046,1.046,1.029,77649.0,515300,sh,300红利低波ETF嘉实
2023-10-10,1.046,1.033,1.046,1.031,89679.0,515300,sh,300红利低波ETF嘉实
2023-10-11,1.033,1.03,1.038,1.027,63185.0,515300,sh,300红利低波ETF嘉实
2023-10-12,1.042,1.048,1.048,1.035,72626.0,515300,sh,300红利低波ETF嘉实
2023-10-13,1.045,1.05,1.052,1.039,95904.0,515300,sh,300红利低波ETF嘉实
2023-10-16,1.051,1.047,1.051,1.042,106639.0,515300,sh,300红利低波ETF嘉实
2023-10-17,1.049,1.055,1.055,1.046,96681.0,515300,sh,300红利低波ETF嘉实
2023-10-18,1.053,1.05,1.059,1.048,93996.0,515300,sh,300红利低波ETF嘉实
2023-10-19,1.047,1.023,1.047,1.021,111095.0,515300,sh,300红利低波ETF嘉实
2023-10-20,1.013,1.013,1.022,1.012,90962.0,515300,sh,300红利低波ETF嘉实
2023-10-23,1.013,1.003,1.014,0.996,108534.0,515300,sh,300红利低波ETF嘉实
2023-10-24,1.002,1.005,1.005,0.995,97418.0,515300,sh,300红利低波ETF嘉实
2023-10-25,1.008,1.01,1.013,1.003,113140.0,515300,sh,300红利低波ETF嘉实
2023-10-26,1.005,1.023,1.023,1.005,108497.0,515300,sh,300红利低波ETF嘉实
2023-10-27,1.023,1.024,1.027,1.017,199004.0,515300,sh,300红利低波ETF嘉实
2023-10-30,1.019,1.014,1.022,1.006,147222.0,515300,sh,300红利低波ETF嘉实
2023-10-31,1.007,1.015,1.017,1.006,93084.0,515300,sh,300红利低波ETF嘉实
2023-11-01,1.01,1.018,1.019,1.008,94800.0,515300,sh,300红利低波ETF嘉实
2023-11-02,1.02,1.024,1.029,1.02,96058.0,515300,sh,300红利低波ETF嘉实
2023-11-03,1.024,1.018,1.025,1.017,129508.0,515300,sh,300红利低波ETF嘉实
2023-11-06,1.018,1.018,1.023,1.016,125642.0,515300,sh,300红利低波ETF嘉实
2023-11-07,1.017,1.02,1.022,1.014,151905.0,515300,sh,300红利低波ETF嘉实
2023-11-08,1.016,1.014,1.02,1.008,122316.0,515300,sh,300红利低波ETF嘉实
2023-11-09,1.014,1.021,1.022,1.012,120021.0,515300,sh,300红利低波ETF嘉实
2023-11-10,1.021,1.016,1.021,1.012,127618.0,515300,sh,300红利低波ETF嘉实
2023-11-13,1.017,1.012,1.017,1.005,98120.0,515300,sh,300红利低波ETF嘉实
2023-11-14,1.016,1.015,1.019,1.012,134023.0,515300,sh,300红利低波ETF嘉实
2023-11-15,1.015,1.02,1.022,1.015,87724.0,515300,sh,300红利低波ETF嘉实
2023-11-16,1.021,1.019,1.022,1.017,872505.0,515300,sh,300红利低波ETF嘉实
2023-11-17,1.019,1.013,1.019,1.009,134953.0,515300,sh,300红利低波ETF嘉实
2023-11-20,1.013,1.016,1.017,1.009,128941.0,515300,sh,300红利低波ETF嘉实
2023-11-21,1.016,1.02,1.025,1.016,153418.0,515300,sh,300红利低波ETF嘉实
2023-11-22,1.018,1.016,1.022,1.015,131568.0,515300,sh,300红利低波ETF嘉实
2023-11-23,1.016,1.017,1.017,1.011,89930.0,515300,sh,300红利低波ETF嘉实
2023-11-24,1.016,1.018,1.02,1.015,119993.0,515300,sh,300红利低波ETF嘉实
2023-11-27,1.021,1.011,1.021,1.003,117449.0,515300,sh,300红利低波ETF嘉实
2023-11-28,1.006,1.011,1.011,1.006,97394.0,515300,sh,300红利低波ETF嘉实
2023-11-29,1.01,1.001,1.01,0.998,207630.0,515300,sh,300红利低波ETF嘉实
2023-11-30,0.997,1.01,1.012,0.997,112893.0,515300,sh,300红利低波ETF嘉实
2023-12-01,1.01,1.012,1.014,1.005,126599.0,515300,sh,300红利低波ETF嘉实
2023-12-04,1.012,1.011,1.016,1.011,111775.0,515300,sh,300红利低波ETF嘉实
2023-12-05,1.006,0.995,1.01,0.995,116952.0,515300,sh,300红利低波ETF嘉实
2023-12-06,0.991,0.988,0.995,0.982,112550.0,515300,sh,300红利低波ETF嘉实
2023-12-07,0.989,0.992,0.994,0.982,122041.0,515300,sh,300红利低波ETF嘉实
2023-12-08,0.993,0.995,1.003,0.991,358991.0,515300,sh,300红利低波ETF嘉实
2023-12-11,0.993,0.996,1.003,0.972,217287.0,515300,sh,300红利低波ETF嘉实
2023-12-12,0.992,1.003,1.004,0.992,75020.0,515300,sh,300红利低波ETF嘉实
2023-12-13,1.004,0.997,1.004,0.995,121447.0,515300,sh,300红利低波ETF嘉实
2023-12-14,0.994,0.99,0.996,0.99,107252.0,515300,sh,300红利低波ETF嘉实
2023-12-15,0.993,0.981,0.994,0.981,58457.0,515300,sh,300红利低波ETF嘉实
2023-12-18,0.984,0.983,0.987,0.976,115050.0,515300,sh,300红利低波ETF嘉实
2023-12-19,0.993,0.98,0.993,0.975,104541.0,515300,sh,300红利低波ETF嘉实
2023-12-20,0.98,0.976,0.986,0.975,124752.0,515300,sh,300红利低波ETF嘉实
2023-12-21,0.976,0.976,0.978,0.967,69822.0,515300,sh,300红利低波ETF嘉实
2023-12-22,0.975,0.984,0.987,0.975,253671.0,515300,sh,300红利低波ETF嘉实
2023-12-25,0.984,0.988,0.988,0.981,126853.0,515300,sh,300红利低波ETF嘉实
2023-12-26,0.988,0.985,0.99,0.983,68541.0,515300,sh,300红利低波ETF嘉实
2023-12-27,0.985,0.995,0.995,0.981,91695.0,515300,sh,300红利低波ETF嘉实
2023-12-28,0.995,0.998,1.0,0.992,126987.0,515300,sh,300红利低波ETF嘉实
2023-12-29,0.998,0.997,1.001,0.994,96326.0,515300,sh,300红利低波ETF嘉实
2024-01-02,0.998,1.003,1.006,0.996,84629.0,515300,sh,300红利低波ETF嘉实
2024-01-03,1.003,1.01,1.01,1.0,126050.0,515300,sh,300红利低波ETF嘉实
2024-01-04,1.008,1.009,1.014,1.0,342866.0,515300,sh,300红利低波ETF嘉实
2024-01-05,1.006,1.012,1.023,1.006,117571.0,515300,sh,300红利低波ETF嘉实
2024-01-08,1.009,1.002,1.014,1.002,106452.0,515300,sh,300红利低波ETF嘉实
2024-01-09,1.002,1.007,1.009,0.995,125870.0,515300,sh,300红利低波ETF嘉实
2024-01-10,1.014,1.003,1.014,1.003,124697.0,515300,sh,300红利低波ETF嘉实
2024-01-11,0.996,0.997,1.004,0.996,61611.0,515300,sh,300红利低波ETF嘉实
2024-01-12,0.997,1.005,1.008,0.997,147962.0,515300,sh,300红利低波ETF嘉实
2024-01-15,1.005,1.01,1.012,1.0,73771.0,515300,sh,300红利低波ETF嘉实
2024-01-16,1.007,1.021,1.021,1.006,110110.0,515300,sh,300红利低波ETF嘉实
2024-01-17,1.024,1.011,1.024,1.007,121542.0,515300,sh,300红利低波ETF嘉实
2024-01-18,1.004,1.003,1.006,0.973,147531.0,515300,sh,300红利低波ETF嘉实
2024-01-19,1.0,1.003,1.008,0.997,145598.0,515300,sh,300红利低波ETF嘉实
2024-01-22,1.004,0.987,1.007,0.979,139222.0,515300,sh,300红利低波ETF嘉实
2024-01-23,0.982,0.992,0.995,0.971,134562.0,515300,sh,300红利低波ETF嘉实
2024-01-24,0.994,1.018,1.02,0.992,106460.0,515300,sh,300红利低波ETF嘉实
2024-01-25,1.019,1.038,1.039,1.016,106109.0,515300,sh,300红利低波ETF嘉实
2024-01-26,1.038,1.052,1.053,1.034,94006.0,515300,sh,300红利低波ETF嘉实
2024-01-29,1.05,1.067,1.072,1.05,107895.0,515300,sh,300红利低波ETF嘉实
2024-01-30,1.067,1.049,1.068,1.047,296730.0,515300,sh,300红利低波ETF嘉实
2024-01-31,1.047,1.052,1.057,1.039,191656.0,515300,sh,300红利低波ETF嘉实
2024-02-01,1.05,1.046,1.05,1.036,221785.0,515300,sh,300红利低波ETF嘉实
2024-02-02,1.046,1.045,1.053,1.02,101556.0,515300,sh,300红利低波ETF嘉实
2024-02-05,1.042,1.06,1.061,1.027,236437.0,515300,sh,300红利低波ETF嘉实
2024-02-06,1.064,1.076,1.078,1.05,182368.0,515300,sh,300红利低波ETF嘉实
2024-02-07,1.076,1.074,1.076,1.057,119037.0,515300,sh,300红利低波ETF嘉实
2024-02-08,1.074,1.067,1.074,1.049,118692.0,515300,sh,300红利低波ETF嘉实
2024-02-19,1.087,1.095,1.095,1.061,138903.0,515300,sh,300红利低波ETF嘉实
2024-02-20,1.093,1.108,1.109,1.087,1980860.0,515300,sh,300红利低波ETF嘉实
2024-02-21,1.108,1.114,1.128,1.103,83376.0,515300,sh,300红利低波ETF嘉实
2024-02-22,1.11,1.126,1.126,1.11,118249.0,515300,sh,300红利低波ETF嘉实
2024-02-23,1.13,1.127,1.137,1.123,127979.0,515300,sh,300红利低波ETF嘉实
2024-02-26,1.128,1.102,1.128,1.099,107084.0,515300,sh,300红利低波ETF嘉实
2024-02-27,1.1,1.105,1.11,1.094,114806.0,515300,sh,300红利低波ETF嘉实
2024-02-28,1.099,1.101,1.113,1.096,474749.0,515300,sh,300红利低波ETF嘉实
2024-02-29,1.101,1.108,1.11,1.096,94435.0,515300,sh,300红利低波ETF嘉实
2024-03-01,1.108,1.112,1.115,1.107,135915.0,515300,sh,300红利低波ETF嘉实
2024-03-04,1.109,1.115,1.12,1.108,495433.0,515300,sh,300红利低波ETF嘉实
2024-03-05,1.116,1.139,1.139,1.114,200618.0,515300,sh,300红利低波ETF嘉实
2024-03-06,1.145,1.131,1.145,1.131,240150.0,515300,sh,300红利低波ETF嘉实
2024-03-07,1.136,1.136,1.142,1.13,93860.0,515300,sh,300红利低波ETF嘉实
2024-03-08,1.136,1.139,1.14,1.129,74956.0,515300,sh,300红利低波ETF嘉实
2024-03-11,1.136,1.132,1.142,1.123,1672921.0,515300,sh,300红利低波ETF嘉实
2024-03-12,1.129,1.109,1.132,1.106,968646.0,515300,sh,300红利低波ETF嘉实
2024-03-13,1.106,1.105,1.108,1.097,84535.0,515300,sh,300红利低波ETF嘉实
2024-03-14,1.108,1.103,1.112,1.1,86764.0,515300,sh,300红利低波ETF嘉实
2024-03-15,1.104,1.111,1.111,1.101,106206.0,515300,sh,300红利低波ETF嘉实
2024-03-18,1.111,1.115,1.119,1.108,93412.0,515300,sh,300红利低波ETF嘉实
2024-03-19,1.116,1.105,1.116,1.103,76031.0,515300,sh,300红利低波ETF嘉实
2024-03-20,1.105,1.109,1.114,1.099,70994.0,515300,sh,300红利低波ETF嘉实
2024-03-21,1.109,1.11,1.115,1.106,375191.0,515300,sh,300红利低波ETF嘉实
2024-03-22,1.11,1.108,1.112,1.096,297410.0,515300,sh,300红利低波ETF嘉实
2024-03-25,1.109,1.109,1.117,1.103,78955.0,515300,sh,300红利低波ETF嘉实
2024-03-26,1.111,1.116,1.117,1.106,76774.0,515300,sh,300红利低波ETF嘉实
2024-03-27,1.117,1.111,1.122,1.111,61791.0,515300,sh,300红利低波ETF嘉实
2024-03-28,1.11,1.108,1.113,1.097,79119.0,515300,sh,300红利低波ETF嘉实
2024-03-29,1.109,1.117,1.117,1.109,64424.0,515300,sh,300红利低波ETF嘉实
2024-04-01,1.118,1.131,1.131,1.118,70455.0,515300,sh,300红利低波ETF嘉实
2024-04-02,1.129,1.133,1.138,1.128,62170.0,515300,sh,300红利低波ETF嘉实
2024-04-03,1.131,1.136,1.137,1.122,97921.0,515300,sh,300红利低波ETF嘉实
2024-04-08,1.135,1.148,1.151,1.128,99242.0,515300,sh,300红利低波ETF嘉实
2024-04-09,1.149,1.138,1.149,1.128,87010.0,515300,sh,300红利低波ETF嘉实
2024-04-10,1.134,1.134,1.143,1.13,67080.0,515300,sh,300红利低波ETF嘉实
2024-04-11,1.135,1.14,1.141,1.125,80641.0,515300,sh,300红利低波ETF嘉实
2024-04-12,1.14,1.13,1.14,1.126,81819.0,515300,sh,300红利低波ETF嘉实
2024-04-15,1.132,1.155,1.157,1.128,181865.0,515300,sh,300红利低波ETF嘉实
2024-04-16,1.154,1.153,1.163,1.141,82100.0,515300,sh,300红利低波ETF嘉实
2024-04-17,1.153,1.171,1.172,1.14,81260.0,515300,sh,300红利低波ETF嘉实
2024-04-18,1.157,1.177,1.188,1.157,1773257.0,515300,sh,300红利低波ETF嘉实
2024-04-19,1.179,1.181,1.186,1.172,214938.0,515300,sh,300红利低波ETF嘉实
2024-04-22,1.182,1.164,1.191,1.163,191727.0,515300,sh,300红利低波ETF嘉实
2024-04-23,1.158,1.15,1.165,1.148,257756.0,515300,sh,300红利低波ETF嘉实
2024-04-24,1.15,1.157,1.158,1.146,97143.0,515300,sh,300红利低波ETF嘉实
2024-04-25,1.153,1.161,1.161,1.153,167437.0,515300,sh,300红利低波ETF嘉实
2024-04-26,1.165,1.161,1.168,1.15,779115.0,515300,sh,300红利低波ETF嘉实
2024-04-29,1.156,1.158,1.163,1.148,197867.0,515300,sh,300红利低波ETF嘉实
2024-04-30,1.157,1.17,1.175,1.157,121804.0,515300,sh,300红利低波ETF嘉实
2024-05-06,1.177,1.171,1.177,1.166,96182.0,515300,sh,300红利低波ETF嘉实
2024-05-07,1.161,1.166,1.174,1.161,110079.0,515300,sh,300红利低波ETF嘉实
2024-05-08,1.166,1.168,1.17,1.162,274349.0,515300,sh,300红利低波ETF嘉实
2024-05-09,1.168,1.169,1.173,1.162,127770.0,515300,sh,300红利低波ETF嘉实
2024-05-10,1.168,1.18,1.18,1.168,130330.0,515300,sh,300红利低波ETF嘉实
2024-05-13,1.175,1.189,1.191,1.172,98875.0,515300,sh,300红利低波ETF嘉实
2024-05-14,1.189,1.184,1.19,1.18,93983.0,515300,sh,300红利低波ETF嘉实
2024-05-15,1.184,1.176,1.186,1.174,60053.0,515300,sh,300红利低波ETF嘉实
2024-05-16,1.176,1.175,1.182,1.172,81392.0,515300,sh,300红利低波ETF嘉实
2024-05-17,1.175,1.187,1.188,1.17,75084.0,515300,sh,300红利低波ETF嘉实
2024-05-20,1.187,1.188,1.195,1.184,89312.0,515300,sh,300红利低波ETF嘉实
2024-05-21,1.183,1.192,1.195,1.183,151039.0,515300,sh,300红利低波ETF嘉实
2024-05-22,1.192,1.194,1.201,1.19,99222.0,515300,sh,300红利低波ETF嘉实
2024-05-23,1.195,1.182,1.195,1.179,81424.0,515300,sh,300红利低波ETF嘉实
2024-05-24,1.176,1.182,1.193,1.176,118204.0,515300,sh,300红利低波ETF嘉实
2024-05-27,1.183,1.202,1.202,1.183,81419.0,515300,sh,300红利低波ETF嘉实
2024-05-28,1.202,1.199,1.206,1.196,54326.0,515300,sh,300红利低波ETF嘉实
2024-05-29,1.199,1.199,1.205,1.196,1364509.0,515300,sh,300红利低波ETF嘉实
2024-05-30,1.195,1.19,1.207,1.187,950267.0,515300,sh,300红利低波ETF嘉实
2024-05-31,1.189,1.189,1.195,1.188,892088.0,515300,sh,300红利低波ETF嘉实
2024-06-03,1.189,1.188,1.193,1.181,391997.0,515300,sh,300红利低波ETF嘉实
2024-06-04,1.186,1.195,1.197,1.185,800739.0,515300,sh,300红利低波ETF嘉实
2024-06-05,1.195,1.187,1.198,1.185,668026.0,515300,sh,300红利低波ETF嘉实
2024-06-06,1.189,1.189,1.202,1.187,534892.0,515300,sh,300红利低波ETF嘉实
2024-06-07,1.19,1.2,1.201,1.19,516502.0,515300,sh,300红利低波ETF嘉实
2024-06-11,1.199,1.18,1.202,1.176,207082.0,515300,sh,300红利低波ETF嘉实
2024-06-12,1.183,1.188,1.188,1.173,250719.0,515300,sh,300红利低波ETF嘉实
2024-06-13,1.188,1.18,1.191,1.177,1596128.0,515300,sh,300红利低波ETF嘉实
2024-06-14,1.18,1.182,1.184,1.173,86395.0,515300,sh,300红利低波ETF嘉实
2024-06-17,1.182,1.167,1.182,1.162,67814.0,515300,sh,300红利低波ETF嘉实
2024-06-18,1.162,1.17,1.173,1.159,164454.0,515300,sh,300红利低波ETF嘉实
2024-06-19,1.17,1.17,1.175,1.166,84106.0,515300,sh,300红利低波ETF嘉实
2024-06-20,1.168,1.166,1.173,1.165,90743.0,515300,sh,300红利低波ETF嘉实
2024-06-21,1.175,1.173,1.175,1.162,102670.0,515300,sh,300红利低波ETF嘉实
2024-06-24,1.172,1.169,1.175,1.162,242906.0,515300,sh,300红利低波ETF嘉实
2024-06-25,1.169,1.172,1.177,1.166,124705.0,515300,sh,300红利低波ETF嘉实
2024-06-26,1.174,1.171,1.175,1.164,158355.0,515300,sh,300红利低波ETF嘉实
2024-06-27,1.173,1.173,1.178,1.168,246526.0,515300,sh,300红利低波ETF嘉实
2024-06-28,1.174,1.184,1.186,1.168,322826.0,515300,sh,300红利低波ETF嘉实
2024-07-01,1.184,1.198,1.199,1.18,241649.0,515300,sh,300红利低波ETF嘉实
2024-07-02,1.198,1.2,1.201,1.191,165487.0,515300,sh,300红利低波ETF嘉实
2024-07-03,1.2,1.194,1.201,1.187,301560.0,515300,sh,300红利低波ETF嘉实
2024-07-04,1.195,1.196,1.199,1.19,144711.0,515300,sh,300红利低波ETF嘉实
2024-07-05,1.196,1.187,1.196,1.172,387292.0,515300,sh,300红利低波ETF嘉实
2024-07-08,1.185,1.189,1.194,1.178,315980.0,515300,sh,300红利低波ETF嘉实
2024-07-09,1.186,1.198,1.201,1.182,232416.0,515300,sh,300红利低波ETF嘉实
2024-07-10,1.199,1.191,1.2,1.188,128942.0,515300,sh,300红利低波ETF嘉实
2024-07-11,1.189,1.201,1.203,1.189,153134.0,515300,sh,300红利低波ETF嘉实
2024-07-12,1.203,1.205,1.207,1.199,131661.0,515300,sh,300红利低波ETF嘉实
2024-07-15,1.205,1.213,1.215,1.197,200993.0,515300,sh,300红利低波ETF嘉实
2024-07-16,1.214,1.216,1.216,1.207,271066.0,515300,sh,300红利低波ETF嘉实
2024-07-17,1.213,1.217,1.22,1.209,220784.0,515300,sh,300红利低波ETF嘉实
2024-07-18,1.216,1.226,1.226,1.206,194719.0,515300,sh,300红利低波ETF嘉实
2024-07-19,1.227,1.229,1.232,1.216,358171.0,515300,sh,300红利低波ETF嘉实
2024-07-22,1.229,1.219,1.229,1.207,550344.0,515300,sh,300红利低波ETF嘉实
2024-07-23,1.215,1.205,1.218,1.204,467509.0,515300,sh,300红利低波ETF嘉实
2024-07-24,1.202,1.206,1.21,1.2,321237.0,515300,sh,300红利低波ETF嘉实
2024-07-25,1.205,1.196,1.205,1.19,412433.0,515300,sh,300红利低波ETF嘉实
2024-07-26,1.196,1.193,1.201,1.185,285688.0,515300,sh,300红利低波ETF嘉实
2024-07-29,1.191,1.194,1.198,1.186,172838.0,515300,sh,300红利低波ETF嘉实
2024-07-30,1.194,1.181,1.194,1.176,190048.0,515300,sh,300红利低波ETF嘉实
2024-07-31,1.181,1.189,1.189,1.175,163362.0,515300,sh,300红利低波ETF嘉实
2024-08-01,1.189,1.186,1.194,1.186,112836.0,515300,sh,300红利低波ETF嘉实
2024-08-02,1.18,1.179,1.185,1.176,295283.0,515300,sh,300红利低波ETF嘉实
2024-08-05,1.175,1.163,1.18,1.161,128738.0,515300,sh,300红利低波ETF嘉实
2024-08-06,1.159,1.16,1.172,1.148,758033.0,515300,sh,300红利低波ETF嘉实
2024-08-07,1.158,1.165,1.175,1.155,1077814.0,515300,sh,300红利低波ETF嘉实
2024-08-08,1.165,1.172,1.176,1.165,361436.0,515300,sh,300红利低波ETF嘉实
2024-08-09,1.173,1.168,1.175,1.165,534472.0,515300,sh,300红利低波ETF嘉实
2024-08-12,1.165,1.165,1.17,1.162,60816.0,515300,sh,300红利低波ETF嘉实
2024-08-13,1.166,1.164,1.169,1.157,671981.0,515300,sh,300红利低波ETF嘉实
2024-08-14,1.163,1.158,1.163,1.157,290335.0,515300,sh,300红利低波ETF嘉实
2024-08-15,1.157,1.175,1.177,1.155,65410.0,515300,sh,300红利低波ETF嘉实
2024-08-16,1.172,1.178,1.179,1.172,298892.0,515300,sh,300红利低波ETF嘉实
2024-08-19,1.178,1.191,1.191,1.178,239944.0,515300,sh,300红利低波ETF嘉实
2024-08-20,1.191,1.183,1.191,1.177,336847.0,515300,sh,300红利低波ETF嘉实
2024-08-21,1.176,1.175,1.18,1.168,152939.0,515300,sh,300红利低波ETF嘉实
2024-08-22,1.175,1.18,1.182,1.174,173902.0,515300,sh,300红利低波ETF嘉实
2024-08-23,1.175,1.187,1.191,1.175,86244.0,515300,sh,300红利低波ETF嘉实
2024-08-26,1.185,1.187,1.188,1.175,134817.0,515300,sh,300红利低波ETF嘉实
2024-08-27,1.182,1.181,1.184,1.176,269593.0,515300,sh,300红利低波ETF嘉实
2024-08-28,1.179,1.174,1.183,1.169,89251.0,515300,sh,300红利低波ETF嘉实
2024-08-29,1.171,1.152,1.171,1.151,313218.0,515300,sh,300红利低波ETF嘉实
2024-08-30,1.152,1.146,1.156,1.138,387337.0,515300,sh,300红利低波ETF嘉实
2024-09-02,1.144,1.146,1.152,1.139,95651.0,515300,sh,300红利低波ETF嘉实
2024-09-03,1.146,1.137,1.147,1.132,102969.0,515300,sh,300红利低波ETF嘉实
2024-09-04,1.132,1.129,1.137,1.129,108312.0,515300,sh,300红利低波ETF嘉实
2024-09-05,1.129,1.129,1.134,1.124,265110.0,515300,sh,300红利低波ETF嘉实
2024-09-06,1.132,1.124,1.141,1.123,216623.0,515300,sh,300红利低波ETF嘉实
2024-09-09,1.123,1.11,1.123,1.105,191903.0,515300,sh,300红利低波ETF嘉实
2024-09-10,1.109,1.109,1.112,1.1,321206.0,515300,sh,300红利低波ETF嘉实
2024-09-11,1.104,1.089,1.104,1.083,513669.0,515300,sh,300红利低波ETF嘉实
2024-09-12,1.089,1.091,1.095,1.085,224647.0,515300,sh,300红利低波ETF嘉实
2024-09-13,1.09,1.09,1.101,1.089,103620.0,515300,sh,300红利低波ETF嘉实
2024-09-18,1.09,1.106,1.108,1.09,306941.0,515300,sh,300红利低波ETF嘉实
2024-09-19,1.113,1.113,1.113,1.096,157511.0,515300,sh,300红利低波ETF嘉实
2024-09-20,1.121,1.119,1.121,1.105,117904.0,515300,sh,300红利低波ETF嘉实
2024-09-23,1.116,1.127,1.131,1.116,279579.0,515300,sh,300红利低波ETF嘉实
2024-09-24,1.134,1.172,1.172,1.13,297065.0,515300,sh,300红利低波ETF嘉实
2024-09-25,1.194,1.185,1.209,1.182,169719.0,515300,sh,300红利低波ETF嘉实
2024-09-26,1.184,1.224,1.227,1.182,646172.0,515300,sh,300红利低波ETF嘉实
2024-09-27,1.235,1.243,1.254,1.235,140667.0,515300,sh,300红利低波ETF嘉实
2024-09-30,1.259,1.334,1.338,1.253,616969.0,515300,sh,300红利低波ETF嘉实
2024-10-08,1.478,1.342,1.481,1.313,428539.0,515300,sh,300红利低波ETF嘉实
2024-10-09,1.336,1.255,1.336,1.249,992700.0,515300,sh,300红利低波ETF嘉实
2024-10-10,1.257,1.295,1.324,1.257,204749.0,515300,sh,300红利低波ETF嘉实
2024-10-11,1.299,1.274,1.308,1.259,181410.0,515300,sh,300红利低波ETF嘉实
2024-10-14,1.281,1.298,1.309,1.281,162367.0,515300,sh,300红利低波ETF嘉实
2024-10-15,1.287,1.268,1.303,1.267,695714.0,515300,sh,300红利低波ETF嘉实
2024-10-16,1.263,1.274,1.282,1.257,809936.0,515300,sh,300红利低波ETF嘉实
2024-10-17,1.264,1.256,1.287,1.255,437234.0,515300,sh,300红利低波ETF嘉实
2024-10-18,1.256,1.282,1.298,1.244,612159.0,515300,sh,300红利低波ETF嘉实
2024-10-21,1.297,1.264,1.297,1.255,269138.0,515300,sh,300红利低波ETF嘉实
2024-10-22,1.251,1.272,1.276,1.251,239466.0,515300,sh,300红利低波ETF嘉实
2024-10-23,1.276,1.278,1.283,1.273,81989.0,515300,sh,300红利低波ETF嘉实
2024-10-24,1.278,1.267,1.278,1.265,233861.0,515300,sh,300红利低波ETF嘉实
2024-10-25,1.263,1.265,1.271,1.259,155801.0,515300,sh,300红利低波ETF嘉实
2024-10-28,1.26,1.263,1.263,1.254,168308.0,515300,sh,300红利低波ETF嘉实
2024-10-29,1.262,1.255,1.27,1.253,214143.0,515300,sh,300红利低波ETF嘉实
2024-10-30,1.257,1.248,1.259,1.239,373896.0,515300,sh,300红利低波ETF嘉实
2024-10-31,1.247,1.243,1.249,1.232,407021.0,515300,sh,300红利低波ETF嘉实
2024-11-01,1.242,1.252,1.258,1.238,418550.0,515300,sh,300红利低波ETF嘉实
2024-11-04,1.259,1.26,1.26,1.244,106555.0,515300,sh,300红利低波ETF嘉实
2024-11-05,1.257,1.273,1.274,1.252,248675.0,515300,sh,300红利低波ETF嘉实
2024-11-06,1.273,1.264,1.276,1.26,340110.0,515300,sh,300红利低波ETF嘉实
2024-11-07,1.261,1.295,1.295,1.254,307054.0,515300,sh,300红利低波ETF嘉实
2024-11-08,1.297,1.284,1.302,1.276,609676.0,515300,sh,300红利低波ETF嘉实
2024-11-11,1.283,1.272,1.283,1.257,352263.0,515300,sh,300红利低波ETF嘉实
2024-11-12,1.272,1.267,1.29,1.261,143294.0,515300,sh,300红利低波ETF嘉实
2024-11-13,1.267,1.281,1.283,1.262,591637.0,515300,sh,300红利低波ETF嘉实
2024-11-14,1.281,1.272,1.283,1.268,207305.0,515300,sh,300红利低波ETF嘉实
2024-11-15,1.272,1.264,1.28,1.263,279462.0,515300,sh,300红利低波ETF嘉实
2024-11-18,1.269,1.279,1.299,1.269,431094.0,515300,sh,300红利低波ETF嘉实
2024-11-19,1.278,1.27,1.281,1.258,388742.0,515300,sh,300红利低波ETF嘉实
2024-11-20,1.27,1.275,1.276,1.265,466244.0,515300,sh,300红利低波ETF嘉实
2024-11-21,1.275,1.278,1.278,1.27,332426.0,515300,sh,300红利低波ETF嘉实
2024-11-22,1.277,1.246,1.279,1.243,208488.0,515300,sh,300红利低波ETF嘉实
2024-11-25,1.241,1.246,1.26,1.239,591173.0,515300,sh,300红利低波ETF嘉实
2024-11-26,1.245,1.246,1.253,1.237,405826.0,515300,sh,300红利低波ETF嘉实
2024-11-27,1.244,1.259,1.261,1.24,259871.0,515300,sh,300红利低波ETF嘉实
2024-11-28,1.264,1.254,1.264,1.249,326014.0,515300,sh,300红利低波ETF嘉实
2024-11-29,1.254,1.257,1.267,1.254,345576.0,515300,sh,300红利低波ETF嘉实
2024-12-02,1.256,1.261,1.263,1.249,137932.0,515300,sh,300红利低波ETF嘉实
2024-12-03,1.266,1.276,1.277,1.259,329944.0,515300,sh,300红利低波ETF嘉实
2024-12-04,1.277,1.277,1.282,1.268,227955.0,515300,sh,300红利低波ETF嘉实
2024-12-05,1.28,1.272,1.28,1.27,303914.0,515300,sh,300红利低波ETF嘉实
2024-12-06,1.277,1.282,1.286,1.274,977811.0,515300,sh,300红利低波ETF嘉实
2024-12-09,1.284,1.286,1.293,1.277,292793.0,515300,sh,300红利低波ETF嘉实
2024-12-10,1.305,1.29,1.313,1.288,459549.0,515300,sh,300红利低波ETF嘉实
2024-12-11,1.286,1.292,1.297,1.286,317662.0,515300,sh,300红利低波ETF嘉实
2024-12-12,1.289,1.303,1.303,1.287,433417.0,515300,sh,300红利低波ETF嘉实
2024-12-13,1.298,1.293,1.298,1.285,221893.0,515300,sh,300红利低波ETF嘉实
2024-12-16,1.291,1.294,1.3,1.287,744878.0,515300,sh,300红利低波ETF嘉实
2024-12-17,1.295,1.293,1.303,1.29,686299.0,515300,sh,300红利低波ETF嘉实
2024-12-18,1.298,1.303,1.312,1.297,375178.0,515300,sh,300红利低波ETF嘉实
2024-12-19,1.302,1.295,1.304,1.292,426259.0,515300,sh,300红利低波ETF嘉实
2024-12-20,1.294,1.288,1.299,1.285,416515.0,515300,sh,300红利低波ETF嘉实
2024-12-23,1.288,1.301,1.31,1.287,771344.0,515300,sh,300红利低波ETF嘉实
2024-12-24,1.3,1.316,1.317,1.298,603247.0,515300,sh,300红利低波ETF嘉实
2024-12-25,1.316,1.331,1.332,1.315,402296.0,515300,sh,300红利低波ETF嘉实
2024-12-26,1.334,1.32,1.335,1.312,706290.0,515300,sh,300红利低波ETF嘉实
2024-12-27,1.32,1.32,1.323,1.304,719454.0,515300,sh,300红利低波ETF嘉实
2024-12-30,1.319,1.333,1.336,1.318,432471.0,515300,sh,300红利低波ETF嘉实
2024-12-31,1.334,1.327,1.342,1.326,1073939.0,515300,sh,300红利低波ETF嘉实
2025-01-02,1.329,1.297,1.334,1.29,614935.0,515300,sh,300红利低波ETF嘉实
2025-01-03,1.296,1.284,1.302,1.28,616117.0,515300,sh,300红利低波ETF嘉实
2025-01-06,1.279,1.285,1.288,1.268,849175.0,515300,sh,300红利低波ETF嘉实
2025-01-07,1.285,1.284,1.285,1.272,308007.0,515300,sh,300红利低波ETF嘉实
2025-01-08,1.284,1.292,1.299,1.278,681776.0,515300,sh,300红利低波ETF嘉实
2025-01-09,1.288,1.278,1.29,1.276,896678.0,515300,sh,300红利低波ETF嘉实
2025-01-10,1.274,1.261,1.282,1.26,814258.0,515300,sh,300红利低波ETF嘉实
2025-01-13,1.26,1.244,1.262,1.239,579472.0,515300,sh,300红利低波ETF嘉实
2025-01-14,1.247,1.262,1.264,1.245,367208.0,515300,sh,300红利低波ETF嘉实
2025-01-15,1.263,1.266,1.278,1.258,459534.0,515300,sh,300红利低波ETF嘉实
2025-01-16,1.268,1.271,1.276,1.264,570548.0,515300,sh,300红利低波ETF嘉实
2025-01-17,1.271,1.268,1.276,1.26,597125.0,515300,sh,300红利低波ETF嘉实
2025-01-20,1.268,1.263,1.275,1.26,1183215.0,515300,sh,300红利低波ETF嘉实
2025-01-21,1.263,1.255,1.265,1.252,416933.0,515300,sh,300红利低波ETF嘉实
2025-01-22,1.255,1.243,1.255,1.24,662560.0,515300,sh,300红利低波ETF嘉实
2025-01-23,1.249,1.258,1.263,1.249,1387030.0,515300,sh,300红利低波ETF嘉实
2025-01-24,1.26,1.266,1.271,1.251,1412789.0,515300,sh,300红利低波ETF嘉实
2025-01-27,1.272,1.286,1.289,1.269,512730.0,515300,sh,300红利低波ETF嘉实
2025-02-05,1.289,1.262,1.291,1.259,641453.0,515300,sh,300红利低波ETF嘉实
2025-02-06,1.257,1.262,1.267,1.253,845297.0,515300,sh,300红利低波ETF嘉实
2025-02-07,1.263,1.272,1.274,1.256,933595.0,515300,sh,300红利低波ETF嘉实
2025-02-10,1.273,1.274,1.279,1.269,463611.0,515300,sh,300红利低波ETF嘉实
2025-02-11,1.274,1.277,1.278,1.27,739693.0,515300,sh,300红利低波ETF嘉实
2025-02-12,1.277,1.277,1.278,1.269,598455.0,515300,sh,300红利低波ETF嘉实
2025-02-13,1.277,1.278,1.284,1.275,469333.0,515300,sh,300红利低波ETF嘉实
2025-02-14,1.278,1.285,1.285,1.273,633053.0,515300,sh,300红利低波ETF嘉实
2025-02-17,1.285,1.285,1.287,1.277,648031.0,515300,sh,300红利低波ETF嘉实
2025-02-18,1.28,1.287,1.296,1.28,1100141.0,515300,sh,300红利低波ETF嘉实
2025-02-19,1.285,1.282,1.286,1.278,611483.0,515300,sh,300红利低波ETF嘉实
2025-02-20,1.282,1.275,1.282,1.273,818484.0,515300,sh,300红利低波ETF嘉实
2025-02-21,1.278,1.274,1.278,1.268,862611.0,515300,sh,300红利低波ETF嘉实
2025-02-24,1.274,1.267,1.275,1.265,484658.0,515300,sh,300红利低波ETF嘉实
2025-02-25,1.265,1.252,1.265,1.25,702534.0,515300,sh,300红利低波ETF嘉实
2025-02-26,1.253,1.261,1.263,1.252,426727.0,515300,sh,300红利低波ETF嘉实
2025-02-27,1.26,1.272,1.273,1.26,676350.0,515300,sh,300红利低波ETF嘉实
2025-02-28,1.272,1.264,1.278,1.262,786121.0,515300,sh,300红利低波ETF嘉实
2025-03-03,1.263,1.262,1.269,1.258,817567.0,515300,sh,300红利低波ETF嘉实
2025-03-04,1.26,1.262,1.266,1.258,506328.0,515300,sh,300红利低波ETF嘉实
2025-03-05,1.261,1.273,1.274,1.259,442381.0,515300,sh,300红利低波ETF嘉实
2025-03-06,1.273,1.273,1.274,1.261,1255143.0,515300,sh,300红利低波ETF嘉实
2025-03-07,1.27,1.271,1.275,1.268,818912.0,515300,sh,300红利低波ETF嘉实
2025-03-10,1.271,1.266,1.271,1.261,741543.0,515300,sh,300红利低波ETF嘉实
2025-03-11,1.268,1.267,1.268,1.257,842415.0,515300,sh,300红利低波ETF嘉实
2025-03-12,1.264,1.262,1.268,1.261,491405.0,515300,sh,300红利低波ETF嘉实
2025-03-13,1.264,1.265,1.269,1.261,494114.0,515300,sh,300红利低波ETF嘉实
2025-03-14,1.265,1.28,1.281,1.265,560712.0,515300,sh,300红利低波ETF嘉实
2025-03-17,1.28,1.282,1.283,1.279,529012.0,515300,sh,300红利低波ETF嘉实
2025-03-18,1.287,1.281,1.287,1.275,582022.0,515300,sh,300红利低波ETF嘉实
2025-03-19,1.278,1.28,1.282,1.274,609204.0,515300,sh,300红利低波ETF嘉实
2025-03-20,1.281,1.273,1.282,1.271,616864.0,515300,sh,300红利低波ETF嘉实
2025-03-21,1.273,1.272,1.282,1.267,810938.0,515300,sh,300红利低波ETF嘉实
2025-03-24,1.271,1.278,1.278,1.27,535814.0,515300,sh,300红利低波ETF嘉实
2025-03-25,1.278,1.284,1.284,1.276,702999.0,515300,sh,300红利低波ETF嘉实
2025-03-26,1.28,1.281,1.283,1.275,603049.0,515300,sh,300红利低波ETF嘉实
2025-03-27,1.279,1.286,1.29,1.279,674733.0,515300,sh,300红利低波ETF嘉实
2025-03-28,1.286,1.285,1.288,1.28,624183.0,515300,sh,300红利低波ETF嘉实
2025-03-31,1.285,1.288,1.297,1.284,613765.0,515300,sh,300红利低波ETF嘉实
2025-04-01,1.288,1.289,1.289,1.283,596547.0,515300,sh,300红利低波ETF嘉实
2025-04-02,1.288,1.29,1.293,1.286,892870.0,515300,sh,300红利低波ETF嘉实
2025-04-03,1.289,1.296,1.297,1.281,912119.0,515300,sh,300红利低波ETF嘉实
2025-04-07,1.27,1.244,1.27,1.202,1253772.0,515300,sh,300红利低波ETF嘉实
2025-04-08,1.264,1.267,1.268,1.234,1522715.0,515300,sh,300红利低波ETF嘉实
2025-04-09,1.257,1.266,1.27,1.246,668212.0,515300,sh,300红利低波ETF嘉实
2025-04-10,1.267,1.271,1.274,1.26,799009.0,515300,sh,300红利低波ETF嘉实
2025-04-11,1.268,1.268,1.27,1.261,624572.0,515300,sh,300红利低波ETF嘉实
2025-04-14,1.268,1.271,1.272,1.265,575209.0,515300,sh,300红利低波ETF嘉实
2025-04-15,1.27,1.282,1.283,1.269,543728.0,515300,sh,300红利低波ETF嘉实
2025-04-16,1.28,1.292,1.296,1.277,628846.0,515300,sh,300红利低波ETF嘉实
2025-04-17,1.292,1.291,1.292,1.284,780032.0,515300,sh,300红利低波ETF嘉实
2025-04-18,1.291,1.296,1.298,1.287,666505.0,515300,sh,300红利低波ETF嘉实
2025-04-21,1.296,1.285,1.298,1.285,542023.0,515300,sh,300红利低波ETF嘉实
2025-04-22,1.281,1.291,1.294,1.281,514187.0,515300,sh,300红利低波ETF嘉实
2025-04-23,1.291,1.283,1.292,1.282,542675.0,515300,sh,300红利低波ETF嘉实
2025-04-24,1.284,1.292,1.294,1.283,495510.0,515300,sh,300红利低波ETF嘉实
2025-04-25,1.292,1.29,1.296,1.286,461345.0,515300,sh,300红利低波ETF嘉实
2025-04-28,1.29,1.299,1.303,1.288,522841.0,515300,sh,300红利低波ETF嘉实
2025-04-29,1.299,1.295,1.299,1.292,402066.0,515300,sh,300红利低波ETF嘉实
2025-04-30,1.296,1.283,1.296,1.281,675674.0,515300,sh,300红利低波ETF嘉实
2025-05-06,1.282,1.285,1.285,1.276,660318.0,515300,sh,300红利低波ETF嘉实
2025-05-07,1.289,1.294,1.296,1.286,800358.0,515300,sh,300红利低波ETF嘉实
2025-05-08,1.293,1.299,1.302,1.29,1068317.0,515300,sh,300红利低波ETF嘉实
2025-05-09,1.299,1.307,1.31,1.299,770636.0,515300,sh,300红利低波ETF嘉实
2025-05-12,1.307,1.31,1.315,1.304,828499.0,515300,sh,300红利低波ETF嘉实
2025-05-13,1.31,1.32,1.32,1.308,674675.0,515300,sh,300红利低波ETF嘉实
2025-05-14,1.32,1.328,1.329,1.314,777332.0,515300,sh,300红利低波ETF嘉实
2025-05-15,1.329,1.327,1.334,1.324,797538.0,515300,sh,300红利低波ETF嘉实
2025-05-16,1.326,1.319,1.327,1.31,708829.0,515300,sh,300红利低波ETF嘉实
2025-05-19,1.32,1.32,1.323,1.317,824114.0,515300,sh,300红利低波ETF嘉实
2025-05-20,1.32,1.327,1.33,1.32,743725.0,515300,sh,300红利低波ETF嘉实
2025-05-21,1.327,1.333,1.339,1.327,836195.0,515300,sh,300红利低波ETF嘉实
2025-05-22,1.33,1.341,1.341,1.329,718752.0,515300,sh,300红利低波ETF嘉实
2025-05-23,1.339,1.33,1.347,1.329,805378.0,515300,sh,300红利低波ETF嘉实
2025-05-26,1.33,1.32,1.332,1.317,686758.0,515300,sh,300红利低波ETF嘉实
2025-05-27,1.323,1.322,1.329,1.32,524859.0,515300,sh,300红利低波ETF嘉实
2025-05-28,1.328,1.324,1.328,1.32,625799.0,515300,sh,300红利低波ETF嘉实
2025-05-29,1.32,1.323,1.325,1.32,1818959.0,515300,sh,300红利低波ETF嘉实
2025-05-30,1.322,1.33,1.332,1.32,897070.0,515300,sh,300红利低波ETF嘉实
2025-06-03,1.324,1.326,1.329,1.318,659208.0,515300,sh,300红利低波ETF嘉实
2025-06-04,1.326,1.325,1.329,1.323,874788.0,515300,sh,300红利低波ETF嘉实
2025-06-05,1.325,1.32,1.33,1.319,1971053.0,515300,sh,300红利低波ETF嘉实
2025-06-06,1.322,1.324,1.325,1.32,572862.0,515300,sh,300红利低波ETF嘉实
2025-06-09,1.323,1.324,1.326,1.318,712880.0,515300,sh,300红利低波ETF嘉实
2025-06-10,1.324,1.323,1.333,1.318,801747.0,515300,sh,300红利低波ETF嘉实
2025-06-11,1.323,1.329,1.33,1.322,679749.0,515300,sh,300红利低波ETF嘉实
2025-06-12,1.328,1.329,1.33,1.321,681474.0,515300,sh,300红利低波ETF嘉实
2025-06-13,1.329,1.324,1.331,1.319,4100906.0,515300,sh,300红利低波ETF嘉实
2025-06-16,1.32,1.324,1.326,1.318,1085108.0,515300,sh,300红利低波ETF嘉实
2025-06-17,1.325,1.325,1.328,1.32,861624.0,515300,sh,300红利低波ETF嘉实
2025-06-18,1.324,1.33,1.331,1.322,774901.0,515300,sh,300红利低波ETF嘉实
2025-06-19,1.328,1.327,1.33,1.32,775154.0,515300,sh,300红利低波ETF嘉实
2025-06-20,1.324,1.333,1.335,1.324,691132.0,515300,sh,300红利低波ETF嘉实
2025-06-23,1.332,1.335,1.338,1.32,754683.0,515300,sh,300红利低波ETF嘉实
2025-06-24,1.332,1.341,1.342,1.331,802513.0,515300,sh,300红利低波ETF嘉实
2025-06-25,1.34,1.347,1.349,1.333,916774.0,515300,sh,300红利低波ETF嘉实
2025-06-26,1.345,1.351,1.352,1.343,861743.0,515300,sh,300红利低波ETF嘉实
2025-06-27,1.35,1.332,1.353,1.329,1029984.0,515300,sh,300红利低波ETF嘉实
2025-06-30,1.332,1.332,1.334,1.325,741104.0,515300,sh,300红利低波ETF嘉实
2025-07-01,1.333,1.342,1.342,1.331,739550.0,515300,sh,300红利低波ETF嘉实
2025-07-02,1.342,1.35,1.352,1.342,765336.0,515300,sh,300红利低波ETF嘉实
2025-07-03,1.35,1.348,1.351,1.343,920145.0,515300,sh,300红利低波ETF嘉实
2025-07-04,1.348,1.361,1.367,1.347,853362.0,515300,sh,300红利低波ETF嘉实
2025-07-07,1.362,1.365,1.365,1.356,780545.0,515300,sh,300红利低波ETF嘉实
2025-07-08,1.363,1.359,1.366,1.354,992284.0,515300,sh,300红利低波ETF嘉实
2025-07-09,1.36,1.365,1.37,1.358,1999952.0,515300,sh,300红利低波ETF嘉实
2025-07-10,1.364,1.371,1.377,1.364,889179.0,515300,sh,300红利低波ETF嘉实
2025-07-11,1.371,1.362,1.38,1.362,980601.0,515300,sh,300红利低波ETF嘉实
2025-07-14,1.362,1.371,1.378,1.362,802431.0,515300,sh,300红利低波ETF嘉实
2025-07-15,1.373,1.362,1.373,1.357,1214535.0,515300,sh,300红利低波ETF嘉实
2025-07-16,1.36,1.357,1.364,1.351,1002424.0,515300,sh,300红利低波ETF嘉实
2025-07-17,1.356,1.355,1.36,1.351,771598.0,515300,sh,300红利低波ETF嘉实
2025-07-18,1.357,1.363,1.363,1.354,719271.0,515300,sh,300红利低波ETF嘉实
2025-07-21,1.364,1.369,1.37,1.362,773219.0,515300,sh,300红利低波ETF嘉实
2025-07-22,1.37,1.38,1.38,1.363,906934.0,515300,sh,300红利低波ETF嘉实
2025-07-23,1.381,1.375,1.387,1.372,1111875.0,515300,sh,300红利低波ETF嘉实
2025-07-24,1.376,1.367,1.378,1.364,1254415.0,515300,sh,300红利低波ETF嘉实
2025-07-25,1.367,1.355,1.369,1.354,915358.0,515300,sh,300红利低波ETF嘉实
2025-07-28,1.352,1.352,1.358,1.348,895828.0,515300,sh,300红利低波ETF嘉实
2025-07-29,1.348,1.345,1.352,1.341,1224331.0,515300,sh,300红利低波ETF嘉实
2025-07-30,1.344,1.354,1.361,1.343,997073.0,515300,sh,300红利低波ETF嘉实
2025-07-31,1.353,1.336,1.353,1.33,1113699.0,515300,sh,300红利低波ETF嘉实
2025-08-01,1.333,1.333,1.339,1.328,752898.0,515300,sh,300红利低波ETF嘉实
2025-08-04,1.328,1.338,1.339,1.328,981043.0,515300,sh,300红利低波ETF嘉实
2025-08-05,1.339,1.349,1.352,1.335,1071482.0,515300,sh,300红利低波ETF嘉实
2025-08-06,1.349,1.349,1.353,1.345,728375.0,515300,sh,300红利低波ETF嘉实
2025-08-07,1.349,1.353,1.353,1.344,930973.0,515300,sh,300红利低波ETF嘉实
2025-08-08,1.352,1.357,1.359,1.35,700261.0,515300,sh,300红利低波ETF嘉实
2025-08-11,1.357,1.347,1.357,1.345,1817927.0,515300,sh,300红利低波ETF嘉实
2025-08-12,1.347,1.35,1.355,1.345,903810.0,515300,sh,300红利低波ETF嘉实
2025-08-13,1.349,1.343,1.352,1.34,951172.0,515300,sh,300红利低波ETF嘉实
2025-08-14,1.344,1.34,1.349,1.339,1279780.0,515300,sh,300红利低波ETF嘉实
2025-08-15,1.338,1.334,1.339,1.325,1705372.0,515300,sh,300红利低波ETF嘉实
2025-08-18,1.334,1.335,1.339,1.329,654079.0,515300,sh,300红利低波ETF嘉实
2025-08-19,1.336,1.329,1.337,1.325,1718415.0,515300,sh,300红利低波ETF嘉实
2025-08-20,1.329,1.34,1.341,1.324,1125032.0,515300,sh,300红利低波ETF嘉实
2025-08-21,1.341,1.349,1.35,1.337,815482.0,515300,sh,300红利低波ETF嘉实
2025-08-22,1.346,1.345,1.349,1.335,1124035.0,515300,sh,300红利低波ETF嘉实
2025-08-25,1.346,1.359,1.36,1.344,1028637.0,515300,sh,300红利低波ETF嘉实
2025-08-26,1.356,1.354,1.358,1.352,1008108.0,515300,sh,300红利低波ETF嘉实
2025-08-27,1.354,1.333,1.354,1.331,956773.0,515300,sh,300红利低波ETF嘉实
2025-08-28,1.333,1.332,1.337,1.321,932412.0,515300,sh,300红利低波ETF嘉实
2025-08-29,1.329,1.326,1.346,1.325,927398.0,515300,sh,300红利低波ETF嘉实
2025-09-01,1.326,1.32,1.334,1.316,1079573.0,515300,sh,300红利低波ETF嘉实
2025-09-02,1.32,1.332,1.334,1.316,1186922.0,515300,sh,300红利低波ETF嘉实
2025-09-03,1.332,1.323,1.337,1.319,949660.0,515300,sh,300红利低波ETF嘉实
2025-09-04,1.32,1.324,1.328,1.308,876266.0,515300,sh,300红利低波ETF嘉实
2025-09-05,1.323,1.321,1.323,1.315,489795.0,515300,sh,300红利低波ETF嘉实
2025-09-08,1.322,1.324,1.329,1.318,564605.0,515300,sh,300红利低波ETF嘉实
2025-09-09,1.326,1.328,1.329,1.322,735552.0,515300,sh,300红利低波ETF嘉实
2025-09-10,1.328,1.325,1.329,1.32,658031.0,515300,sh,300红利低波ETF嘉实
2025-09-11,1.325,1.331,1.332,1.318,1242320.0,515300,sh,300红利低波ETF嘉实
2025-09-12,1.326,1.317,1.332,1.314,1302592.0,515300,sh,300红利低波ETF嘉实
2025-09-15,1.32,1.31,1.32,1.308,1059325.0,515300,sh,300红利低波ETF嘉实
2025-09-16,1.308,1.302,1.315,1.299,1062910.0,515300,sh,300红利低波ETF嘉实
2025-09-17,1.304,1.304,1.307,1.298,786831.0,515300,sh,300红利低波ETF嘉实
2025-09-18,1.313,1.286,1.313,1.279,1145874.0,515300,sh,300红利低波ETF嘉实
2025-09-19,1.284,1.287,1.289,1.275,1148777.0,515300,sh,300红利低波ETF嘉实
2025-09-22,1.287,1.276,1.287,1.272,670662.0,515300,sh,300红利低波ETF嘉实
2025-09-23,1.276,1.284,1.287,1.267,970681.0,515300,sh,300红利低波ETF嘉实
2025-09-24,1.281,1.286,1.292,1.28,949713.0,515300,sh,300红利低波ETF嘉实
2025-09-25,1.285,1.276,1.285,1.273,739360.0,515300,sh,300红利低波ETF嘉实
2025-09-26,1.273,1.282,1.284,1.269,839353.0,515300,sh,300红利低波ETF嘉实
2025-09-29,1.283,1.279,1.287,1.271,1130697.0,515300,sh,300红利低波ETF嘉实
2025-09-30,1.273,1.275,1.278,1.271,663125.0,515300,sh,300红利低波ETF嘉实
2025-10-09,1.275,1.284,1.285,1.269,1154821.0,515300,sh,300红利低波ETF嘉实
2025-10-10,1.28,1.289,1.297,1.28,1254948.0,515300,sh,300红利低波ETF嘉实
2025-10-13,1.281,1.294,1.296,1.272,904111.0,515300,sh,300红利低波ETF嘉实
2025-10-14,1.294,1.308,1.31,1.286,1154498.0,515300,sh,300红利低波ETF嘉实
2025-10-15,1.308,1.313,1.314,1.305,932100.0,515300,sh,300红利低波ETF嘉实
2025-10-16,1.311,1.32,1.323,1.31,1918642.0,515300,sh,300红利低波ETF嘉实
2025-10-17,1.32,1.312,1.33,1.311,1358569.0,515300,sh,300红利低波ETF嘉实
2025-10-20,1.314,1.315,1.318,1.301,1389072.0,515300,sh,300红利低波ETF嘉实
2025-10-21,1.311,1.313,1.319,1.309,1311228.0,515300,sh,300红利低波ETF嘉实
2025-10-22,1.312,1.321,1.323,1.311,1100724.0,515300,sh,300红利低波ETF嘉实
2025-10-23,1.32,1.329,1.331,1.32,733195.0,515300,sh,300红利低波ETF嘉实
2025-10-24,1.329,1.325,1.331,1.324,806707.0,515300,sh,300红利低波ETF嘉实
2025-10-27,1.325,1.333,1.336,1.317,869246.0,515300,sh,300红利低波ETF嘉实
2025-10-28,1.329,1.325,1.335,1.321,830989.0,515300,sh,300红利低波ETF嘉实
2025-10-29,1.324,1.316,1.324,1.311,1661212.0,515300,sh,300红利低波ETF嘉实
2025-10-30,1.315,1.321,1.33,1.315,896410.0,515300,sh,300红利低波ETF嘉实
2025-10-31,1.321,1.314,1.321,1.309,832166.0,515300,sh,300红利低波ETF嘉实
2025-11-03,1.315,1.323,1.323,1.311,806540.0,515300,sh,300红利低波ETF嘉实
2025-11-04,1.322,1.328,1.334,1.32,954554.0,515300,sh,300红利低波ETF嘉实
2025-11-05,1.328,1.328,1.332,1.321,760838.0,515300,sh,300红利低波ETF嘉实
2025-11-06,1.33,1.331,1.337,1.323,875558.0,515300,sh,300红利低波ETF嘉实
2025-11-07,1.33,1.335,1.339,1.33,976838.0,515300,sh,300红利低波ETF嘉实
2025-11-10,1.334,1.343,1.344,1.33,1200026.0,515300,sh,300红利低波ETF嘉实
2025-11-11,1.345,1.344,1.345,1.338,1139822.0,515300,sh,300红利低波ETF嘉实
2025-11-12,1.343,1.349,1.355,1.343,864260.0,515300,sh,300红利低波ETF嘉实
2025-11-13,1.349,1.343,1.351,1.333,957155.0,515300,sh,300红利低波ETF嘉实
2025-11-14,1.343,1.342,1.351,1.339,1202369.0,515300,sh,300红利低波ETF嘉实
2025-11-17,1.337,1.331,1.34,1.326,1008067.0,515300,sh,300红利低波ETF嘉实
2025-11-18,1.332,1.322,1.332,1.321,776579.0,515300,sh,300红利低波ETF嘉实
2025-11-19,1.322,1.33,1.334,1.322,730156.0,515300,sh,300红利低波ETF嘉实
2025-11-20,1.331,1.337,1.349,1.327,1711484.0,515300,sh,300红利低波ETF嘉实
2025-11-21,1.335,1.324,1.338,1.323,986030.0,515300,sh,300红利低波ETF嘉实
2025-11-24,1.327,1.32,1.329,1.317,1257111.0,515300,sh,300红利低波ETF嘉实
2025-11-25,1.321,1.323,1.324,1.313,874565.0,515300,sh,300红利低波ETF嘉实
2025-11-26,1.323,1.318,1.329,1.316,815347.0,515300,sh,300红利低波ETF嘉实
2025-11-27,1.316,1.321,1.326,1.312,714757.0,515300,sh,300红利低波ETF嘉实
2025-11-28,1.323,1.317,1.323,1.314,692676.0,515300,sh,300红利低波ETF嘉实
2025-12-01,1.317,1.322,1.323,1.313,876073.0,515300,sh,300红利低波ETF嘉实
2025-12-02,1.322,1.328,1.328,1.322,775295.0,515300,sh,300红利低波ETF嘉实
2025-12-03,1.327,1.328,1.334,1.324,805966.0,515300,sh,300红利低波ETF嘉实
2025-12-04,1.33,1.321,1.33,1.319,781800.0,515300,sh,300红利低波ETF嘉实
2025-12-05,1.32,1.317,1.324,1.312,852428.0,515300,sh,300红利低波ETF嘉实
2025-12-08,1.316,1.31,1.319,1.309,914889.0,515300,sh,300红利低波ETF嘉实
2025-12-09,1.308,1.301,1.311,1.299,959736.0,515300,sh,300红利低波ETF嘉实
2025-12-10,1.301,1.297,1.301,1.29,798723.0,515300,sh,300红利低波ETF嘉实
2025-12-11,1.298,1.296,1.301,1.293,688898.0,515300,sh,300红利低波ETF嘉实
2025-12-12,1.299,1.293,1.299,1.289,848719.0,515300,sh,300红利低波ETF嘉实
2025-12-15,1.293,1.297,1.301,1.289,642218.0,515300,sh,300红利低波ETF嘉实
2025-12-16,1.297,1.292,1.299,1.287,939590.0,515300,sh,300红利低波ETF嘉实
2025-12-17,1.292,1.294,1.299,1.284,841443.0,515300,sh,300红利低波ETF嘉实
2025-12-18,1.294,1.307,1.308,1.292,866929.0,515300,sh,300红利低波ETF嘉实
2025-12-19,1.303,1.303,1.306,1.299,1143286.0,515300,sh,300红利低波ETF嘉实
2025-12-22,1.302,1.297,1.303,1.295,692543.0,515300,sh,300红利低波ETF嘉实
2025-12-23,1.295,1.298,1.304,1.295,855208.0,515300,sh,300红利低波ETF嘉实
2025-12-24,1.297,1.296,1.299,1.291,745543.0,515300,sh,300红利低波ETF嘉实
2025-12-25,1.291,1.299,1.301,1.291,817948.0,515300,sh,300红利低波ETF嘉实
2025-12-26,1.3,1.296,1.3,1.294,751576.0,515300,sh,300红利低波ETF嘉实
2025-12-29,1.295,1.299,1.304,1.292,889962.0,515300,sh,300红利低波ETF嘉实
2025-12-30,1.296,1.299,1.299,1.291,692686.0,515300,sh,300红利低波ETF嘉实
2025-12-31,1.297,1.297,1.301,1.295,1123096.0,515300,sh,300红利低波ETF嘉实
2026-01-05,1.297,1.296,1.3,1.291,1402022.0,515300,sh,300红利低波ETF嘉实
2026-01-06,1.296,1.304,1.304,1.291,1672782.0,515300,sh,300红利低波ETF嘉实
2026-01-07,1.303,1.298,1.304,1.295,927005.0,515300,sh,300红利低波ETF嘉实
2026-01-08,1.298,1.294,1.299,1.29,938362.0,515300,sh,300红利低波ETF嘉实
2026-01-09,1.294,1.293,1.299,1.29,1000347.0,515300,sh,300红利低波ETF嘉实
2026-01-12,1.293,1.293,1.294,1.288,387085.0,515300,sh,300红利低波ETF嘉实
2026-01-13,1.293,1.297,1.302,1.292,601771.0,515300,sh,300红利低波ETF嘉实
2026-01-14,1.297,1.284,1.298,1.283,1563822.0,515300,sh,300红利低波ETF嘉实
2026-01-15,1.283,1.279,1.287,1.277,976324.0,515300,sh,300红利低波ETF嘉实
2026-01-16,1.279,1.269,1.282,1.262,975851.0,515300,sh,300红利低波ETF嘉实
2026-01-19,1.268,1.268,1.271,1.263,715442.0,515300,sh,300红利低波ETF嘉实
2026-01-20,1.269,1.289,1.294,1.266,1445473.0,515300,sh,300红利低波ETF嘉实
2026-01-21,1.288,1.275,1.288,1.272,1141503.0,515300,sh,300红利低波ETF嘉实
2026-01-22,1.275,1.279,1.289,1.274,926854.0,515300,sh,300红利低波ETF嘉实
2026-01-23,1.281,1.264,1.281,1.263,1306940.0,515300,sh,300红利低波ETF嘉实
2026-01-26,1.264,1.284,1.289,1.262,1111295.0,515300,sh,300红利低波ETF嘉实
2026-01-27,1.283,1.277,1.287,1.272,941161.0,515300,sh,300红利低波ETF嘉实
2026-01-28,1.277,1.28,1.29,1.272,1215813.0,515300,sh,300红利低波ETF嘉实
2026-01-29,1.278,1.297,1.299,1.271,1014386.0,515300,sh,300红利低波ETF嘉实
2026-01-30,1.297,1.288,1.305,1.285,1241916.0,515300,sh,300红利低波ETF嘉实
2026-02-02,1.288,1.276,1.294,1.274,1113068.0,515300,sh,300红利低波ETF嘉实
2026-02-03,1.277,1.274,1.278,1.266,771280.0,515300,sh,300红利低波ETF嘉实
2026-02-04,1.275,1.295,1.297,1.274,880000.0,515300,sh,300红利低波ETF嘉实
2026-02-05,1.297,1.304,1.306,1.292,960387.0,515300,sh,300红利低波ETF嘉实
2026-02-06,1.303,1.3,1.305,1.293,1050033.0,515300,sh,300红利低波ETF嘉实
2026-02-09,1.298,1.306,1.307,1.298,984233.0,515300,sh,300红利低波ETF嘉实
2026-02-10,1.306,1.308,1.31,1.304,615882.0,515300,sh,300红利低波ETF嘉实
2026-02-11,1.309,1.314,1.315,1.303,1097346.0,515300,sh,300红利低波ETF嘉实
2026-02-12,1.313,1.306,1.313,1.303,571840.0,515300,sh,300红利低波ETF嘉实
2026-02-13,1.306,1.291,1.306,1.289,774784.0,515300,sh,300红利低波ETF嘉实
2026-02-24,1.295,1.309,1.31,1.295,630644.0,515300,sh,300红利低波ETF嘉实
2026-02-25,1.31,1.304,1.32,1.303,866932.0,515300,sh,300红利低波ETF嘉实
2026-02-26,1.304,1.301,1.309,1.297,609906.0,515300,sh,300红利低波ETF嘉实
2026-02-27,1.299,1.307,1.309,1.299,705025.0,515300,sh,300红利低波ETF嘉实
2026-03-02,1.31,1.334,1.341,1.308,1765283.0,515300,sh,300红利低波ETF嘉实
2026-03-03,1.333,1.357,1.369,1.331,2035834.0,515300,sh,300红利低波ETF嘉实
2026-03-04,1.357,1.338,1.357,1.32,1660842.0,515300,sh,300红利低波ETF嘉实
2026-03-05,1.334,1.34,1.347,1.327,1579151.0,515300,sh,300红利低波ETF嘉实
2026-03-06,1.338,1.344,1.345,1.333,773470.0,515300,sh,300红利低波ETF嘉实
2026-03-09,1.352,1.352,1.37,1.351,5510189.0,515300,sh,300红利低波ETF嘉实
2026-03-10,1.336,1.344,1.348,1.331,801777.0,515300,sh,300红利低波ETF嘉实
2026-03-11,1.345,1.364,1.364,1.334,833995.0,515300,sh,300红利低波ETF嘉实
2026-03-12,1.363,1.375,1.376,1.361,958015.0,515300,sh,300红利低波ETF嘉实
2026-03-13,1.375,1.37,1.378,1.366,903918.0,515300,sh,300红利低波ETF嘉实
2026-03-16,1.369,1.365,1.375,1.362,935473.0,515300,sh,300红利低波ETF嘉实
2026-03-17,1.365,1.364,1.371,1.361,799915.0,515300,sh,300红利低波ETF嘉实
2026-03-18,1.364,1.355,1.364,1.346,2961783.0,515300,sh,300红利低波ETF嘉实
2026-03-19,1.359,1.359,1.367,1.356,4084169.0,515300,sh,300红利低波ETF嘉实
2026-03-20,1.356,1.351,1.362,1.35,892934.0,515300,sh,300红利低波ETF嘉实
2026-03-23,1.35,1.322,1.35,1.316,1231616.0,515300,sh,300红利低波ETF嘉实
2026-03-24,1.325,1.332,1.333,1.317,975525.0,515300,sh,300红利低波ETF嘉实
2026-03-25,1.333,1.339,1.34,1.319,1056294.0,515300,sh,300红利低波ETF嘉实
2026-03-26,1.335,1.339,1.347,1.334,957903.0,515300,sh,300红利低波ETF嘉实
2026-03-27,1.334,1.337,1.344,1.331,847314.0,515300,sh,300红利低波ETF嘉实
2026-03-30,1.337,1.342,1.344,1.331,682719.0,515300,sh,300红利低波ETF嘉实
2026-03-31,1.342,1.339,1.354,1.337,1481535.0,515300,sh,300红利低波ETF嘉实
2026-04-01,1.34,1.333,1.344,1.33,1666809.0,515300,sh,300红利低波ETF嘉实
2026-04-02,1.337,1.341,1.342,1.333,993758.0,515300,sh,300红利低波ETF嘉实
2026-04-03,1.338,1.325,1.34,1.321,589015.0,515300,sh,300红利低波ETF嘉实
2026-04-07,1.327,1.324,1.327,1.317,923169.0,515300,sh,300红利低波ETF嘉实
2026-04-08,1.324,1.323,1.324,1.31,1780689.0,515300,sh,300红利低波ETF嘉实
2026-04-09,1.319,1.316,1.323,1.314,765079.0,515300,sh,300红利低波ETF嘉实
2026-04-10,1.316,1.314,1.316,1.312,631156.0,515300,sh,300红利低波ETF嘉实
2026-04-13,1.313,1.312,1.314,1.306,699834.0,515300,sh,300红利低波ETF嘉实
2026-04-14,1.311,1.316,1.316,1.309,662870.0,515300,sh,300红利低波ETF嘉实
2026-04-15,1.316,1.319,1.32,1.31,507967.0,515300,sh,300红利低波ETF嘉实
2026-04-16,1.318,1.318,1.321,1.314,525928.0,515300,sh,300红利低波ETF嘉实
2026-04-17,1.317,1.309,1.317,1.307,723301.0,515300,sh,300红利低波ETF嘉实
2026-04-20,1.308,1.313,1.313,1.307,442251.0,515300,sh,300红利低波ETF嘉实
2026-04-21,1.312,1.323,1.325,1.312,1009985.0,515300,sh,300红利低波ETF嘉实
2026-04-22,1.324,1.317,1.324,1.315,473898.0,515300,sh,300红利低波ETF嘉实
2026-04-23,1.317,1.327,1.327,1.315,758263.0,515300,sh,300红利低波ETF嘉实
2026-04-24,1.327,1.326,1.329,1.321,658310.0,515300,sh,300红利低波ETF嘉实
2026-04-27,1.323,1.319,1.328,1.318,628305.0,515300,sh,300红利低波ETF嘉实
2026-04-28,1.318,1.332,1.334,1.317,668840.0,515300,sh,300红利低波ETF嘉实
2026-04-29,1.332,1.335,1.339,1.329,706684.0,515300,sh,300红利低波ETF嘉实
2026-04-30,1.336,1.333,1.339,1.33,642424.0,515300,sh,300红利低波ETF嘉实
2026-05-06,1.332,1.323,1.332,1.313,791790.0,515300,sh,300红利低波ETF嘉实
2026-05-07,1.322,1.311,1.322,1.308,811310.0,515300,sh,300红利低波ETF嘉实
2026-05-08,1.313,1.309,1.315,1.307,566643.0,515300,sh,300红利低波ETF嘉实
2026-05-11,1.309,1.313,1.315,1.304,618469.0,515300,sh,300红利低波ETF嘉实
2026-05-12,1.313,1.314,1.319,1.311,636565.0,515300,sh,300红利低波ETF嘉实
2026-05-13,1.312,1.311,1.316,1.306,1630384.0,515300,sh,300红利低波ETF嘉实
2026-05-14,1.309,1.307,1.315,1.307,859147.0,515300,sh,300红利低波ETF嘉实
2026-05-15,1.311,1.306,1.312,1.3,769999.0,515300,sh,300红利低波ETF嘉实
2026-05-18,1.306,1.299,1.307,1.295,597553.0,515300,sh,300红利低波ETF嘉实
2026-05-19,1.298,1.308,1.31,1.298,792616.0,515300,sh,300红利低波ETF嘉实
2026-05-20,1.308,1.298,1.308,1.297,781541.0,515300,sh,300红利低波ETF嘉实
2026-05-21,1.297,1.288,1.298,1.286,824197.0,515300,sh,300红利低波ETF嘉实
2026-05-22,1.288,1.28,1.288,1.275,765080.0,515300,sh,300红利低波ETF嘉实
2026-05-25,1.281,1.276,1.288,1.274,873952.0,515300,sh,300红利低波ETF嘉实
2026-05-26,1.272,1.277,1.279,1.272,731846.0,515300,sh,300红利低波ETF嘉实
2026-05-27,1.275,1.273,1.277,1.263,1071874.0,515300,sh,300红利低波ETF嘉实
2026-05-28,1.272,1.267,1.277,1.265,785266.0,515300,sh,300红利低波ETF嘉实
2026-05-29,1.267,1.288,1.29,1.262,931076.0,515300,sh,300红利低波ETF嘉实
2026-06-01,1.288,1.301,1.301,1.281,847867.0,515300,sh,300红利低波ETF嘉实
2026-06-02,1.301,1.299,1.313,1.294,757441.0,515300,sh,300红利低波ETF嘉实
2026-06-03,1.3,1.297,1.3,1.283,773819.0,515300,sh,300红利低波ETF嘉实
2026-06-04,1.29,1.282,1.295,1.279,766146.0,515300,sh,300红利低波ETF嘉实
2026-06-05,1.281,1.283,1.297,1.28,745131.0,515300,sh,300红利低波ETF嘉实
2026-06-08,1.279,1.287,1.29,1.276,806379.0,515300,sh,300红利低波ETF嘉实
2026-06-09,1.282,1.279,1.287,1.275,627477.0,515300,sh,300红利低波ETF嘉实
2026-06-10,1.281,1.285,1.287,1.273,737470.0,515300,sh,300红利低波ETF嘉实
2026-06-11,1.284,1.283,1.288,1.278,776319.0,515300,sh,300红利低波ETF嘉实
2026-06-12,1.279,1.292,1.292,1.273,774851.0,515300,sh,300红利低波ETF嘉实
2026-06-15,1.291,1.28,1.292,1.274,624200.0,515300,sh,300红利低波ETF嘉实
2026-06-16,1.279,1.263,1.28,1.261,841727.0,515300,sh,300红利低波ETF嘉实
2026-06-17,1.264,1.253,1.265,1.248,787710.0,515300,sh,300红利低波ETF嘉实
2026-06-18,1.252,1.228,1.253,1.226,1822270.0,515300,sh,300红利低波ETF嘉实
2026-06-22,1.227,1.237,1.239,1.212,1231285.0,515300,sh,300红利低波ETF嘉实
2026-06-23,1.235,1.234,1.253,1.231,744405.0,515300,sh,300红利低波ETF嘉实
2026-06-24,1.236,1.21,1.236,1.21,756306.0,515300,sh,300红利低波ETF嘉实
2026-06-25,1.213,1.204,1.217,1.2,632090.0,515300,sh,300红利低波ETF嘉实
2026-06-26,1.203,1.192,1.208,1.191,940750.0,515300,sh,300红利低波ETF嘉实
2026-06-29,1.195,1.207,1.21,1.174,758704.0,515300,sh,300红利低波ETF嘉实
2026-06-30,1.207,1.186,1.207,1.182,663692.0,515300,sh,300红利低波ETF嘉实
2026-07-01,1.185,1.198,1.204,1.181,697616.0,515300,sh,300红利低波ETF嘉实
2026-07-02,1.201,1.213,1.217,1.198,882353.0,515300,sh,300红利低波ETF嘉实
2026-07-03,1.213,1.217,1.224,1.205,745714.0,515300,sh,300红利低波ETF嘉实
