date,open,close,high,low,volume,code,market,name
2020-01-02,2.768,2.778,2.797,2.767,5154329.0,510050,sh,上证50ETF华夏
2020-01-03,2.785,2.765,2.787,2.761,3359493.0,510050,sh,上证50ETF华夏
2020-01-06,2.75,2.747,2.779,2.726,5843985.0,510050,sh,上证50ETF华夏
2020-01-07,2.753,2.759,2.771,2.748,3964978.0,510050,sh,上证50ETF华夏
2020-01-08,2.747,2.73,2.75,2.721,4421800.0,510050,sh,上证50ETF华夏
2020-01-09,2.748,2.754,2.76,2.743,3100534.0,510050,sh,上证50ETF华夏
2020-01-10,2.764,2.758,2.768,2.749,2455257.0,510050,sh,上证50ETF华夏
2020-01-13,2.76,2.777,2.778,2.742,3616240.0,510050,sh,上证50ETF华夏
2020-01-14,2.782,2.773,2.797,2.766,3768132.0,510050,sh,上证50ETF华夏
2020-01-15,2.77,2.743,2.776,2.742,4097596.0,510050,sh,上证50ETF华夏
2020-01-16,2.752,2.733,2.755,2.724,3868719.0,510050,sh,上证50ETF华夏
2020-01-17,2.738,2.739,2.76,2.73,5698299.0,510050,sh,上证50ETF华夏
2020-01-20,2.753,2.755,2.757,2.742,4597681.0,510050,sh,上证50ETF华夏
2020-01-21,2.737,2.704,2.74,2.701,5742114.0,510050,sh,上证50ETF华夏
2020-01-22,2.697,2.703,2.71,2.653,7377273.0,510050,sh,上证50ETF华夏
2020-01-23,2.679,2.622,2.685,2.601,7676312.0,510050,sh,上证50ETF华夏
2020-02-03,2.392,2.404,2.451,2.364,15627325.0,510050,sh,上证50ETF华夏
2020-02-04,2.412,2.482,2.484,2.407,8178730.0,510050,sh,上证50ETF华夏
2020-02-05,2.487,2.498,2.52,2.467,6744510.0,510050,sh,上证50ETF华夏
2020-02-06,2.51,2.539,2.557,2.497,4796258.0,510050,sh,上证50ETF华夏
2020-02-07,2.523,2.538,2.539,2.508,3829747.0,510050,sh,上证50ETF华夏
2020-02-10,2.514,2.536,2.541,2.507,4670017.0,510050,sh,上证50ETF华夏
2020-02-11,2.545,2.567,2.58,2.54,3629418.0,510050,sh,上证50ETF华夏
2020-02-12,2.564,2.58,2.584,2.549,2661449.0,510050,sh,上证50ETF华夏
2020-02-13,2.58,2.566,2.595,2.559,2443407.0,510050,sh,上证50ETF华夏
2020-02-14,2.558,2.582,2.587,2.558,3298031.0,510050,sh,上证50ETF华夏
2020-02-17,2.585,2.636,2.638,2.583,4378669.0,510050,sh,上证50ETF华夏
2020-02-18,2.628,2.61,2.63,2.6,3601766.0,510050,sh,上证50ETF华夏
2020-02-19,2.606,2.61,2.628,2.602,3565495.0,510050,sh,上证50ETF华夏
2020-02-20,2.615,2.664,2.667,2.603,6843243.0,510050,sh,上证50ETF华夏
2020-02-21,2.652,2.655,2.68,2.646,3668062.0,510050,sh,上证50ETF华夏
2020-02-24,2.638,2.621,2.643,2.606,4382139.0,510050,sh,上证50ETF华夏
2020-02-25,2.592,2.596,2.602,2.559,6583575.0,510050,sh,上证50ETF华夏
2020-02-26,2.565,2.591,2.616,2.558,7132264.0,510050,sh,上证50ETF华夏
2020-02-27,2.591,2.595,2.611,2.589,3810776.0,510050,sh,上证50ETF华夏
2020-02-28,2.547,2.511,2.573,2.503,6958786.0,510050,sh,上证50ETF华夏
2020-03-02,2.526,2.596,2.612,2.526,5700194.0,510050,sh,上证50ETF华夏
2020-03-03,2.627,2.604,2.638,2.597,5648109.0,510050,sh,上证50ETF华夏
2020-03-04,2.602,2.636,2.637,2.6,3945323.0,510050,sh,上证50ETF华夏
2020-03-05,2.652,2.701,2.711,2.643,7928070.0,510050,sh,上证50ETF华夏
2020-03-06,2.675,2.648,2.686,2.647,4933352.0,510050,sh,上证50ETF华夏
2020-03-09,2.601,2.558,2.604,2.553,7865402.0,510050,sh,上证50ETF华夏
2020-03-10,2.557,2.608,2.623,2.538,9551269.0,510050,sh,上证50ETF华夏
2020-03-11,2.608,2.571,2.613,2.57,5469558.0,510050,sh,上证50ETF华夏
2020-03-12,2.542,2.533,2.553,2.513,6014655.0,510050,sh,上证50ETF华夏
2020-03-13,2.421,2.493,2.515,2.398,8597762.0,510050,sh,上证50ETF华夏
2020-03-16,2.482,2.384,2.482,2.378,7285986.0,510050,sh,上证50ETF华夏
2020-03-17,2.397,2.372,2.426,2.32,8883950.0,510050,sh,上证50ETF华夏
2020-03-18,2.384,2.315,2.41,2.312,7663966.0,510050,sh,上证50ETF华夏
2020-03-19,2.306,2.261,2.335,2.202,11665556.0,510050,sh,上证50ETF华夏
2020-03-20,2.281,2.321,2.326,2.269,10753990.0,510050,sh,上证50ETF华夏
2020-03-23,2.238,2.25,2.277,2.233,7636468.0,510050,sh,上证50ETF华夏
2020-03-24,2.297,2.324,2.328,2.279,10163562.0,510050,sh,上证50ETF华夏
2020-03-25,2.384,2.384,2.395,2.365,11965469.0,510050,sh,上证50ETF华夏
2020-03-26,2.364,2.374,2.403,2.359,4460332.0,510050,sh,上证50ETF华夏
2020-03-27,2.406,2.389,2.422,2.387,5194138.0,510050,sh,上证50ETF华夏
2020-03-30,2.356,2.377,2.382,2.349,4587443.0,510050,sh,上证50ETF华夏
2020-03-31,2.397,2.372,2.404,2.367,4571934.0,510050,sh,上证50ETF华夏
2020-04-01,2.368,2.368,2.407,2.363,4784450.0,510050,sh,上证50ETF华夏
2020-04-02,2.353,2.403,2.405,2.349,3645416.0,510050,sh,上证50ETF华夏
2020-04-03,2.395,2.391,2.405,2.382,3308723.0,510050,sh,上证50ETF华夏
2020-04-07,2.437,2.44,2.447,2.428,4249028.0,510050,sh,上证50ETF华夏
2020-04-08,2.427,2.427,2.438,2.42,2619263.0,510050,sh,上证50ETF华夏
2020-04-09,2.437,2.436,2.443,2.432,2510024.0,510050,sh,上证50ETF华夏
2020-04-10,2.436,2.435,2.47,2.428,4257052.0,510050,sh,上证50ETF华夏
2020-04-13,2.428,2.423,2.432,2.416,2683957.0,510050,sh,上证50ETF华夏
2020-04-14,2.44,2.468,2.468,2.431,3425699.0,510050,sh,上证50ETF华夏
2020-04-15,2.463,2.448,2.472,2.447,3031442.0,510050,sh,上证50ETF华夏
2020-04-16,2.439,2.45,2.454,2.437,2345026.0,510050,sh,上证50ETF华夏
2020-04-17,2.472,2.49,2.508,2.464,5300096.0,510050,sh,上证50ETF华夏
2020-04-20,2.494,2.5,2.504,2.481,2891719.0,510050,sh,上证50ETF华夏
2020-04-21,2.494,2.468,2.495,2.453,2966626.0,510050,sh,上证50ETF华夏
2020-04-22,2.46,2.487,2.488,2.452,3434283.0,510050,sh,上证50ETF华夏
2020-04-23,2.492,2.484,2.504,2.479,2661707.0,510050,sh,上证50ETF华夏
2020-04-24,2.472,2.462,2.473,2.456,2567856.0,510050,sh,上证50ETF华夏
2020-04-27,2.465,2.487,2.501,2.465,4702763.0,510050,sh,上证50ETF华夏
2020-04-28,2.494,2.507,2.514,2.465,3156900.0,510050,sh,上证50ETF华夏
2020-04-29,2.501,2.526,2.534,2.498,3204384.0,510050,sh,上证50ETF华夏
2020-04-30,2.535,2.549,2.567,2.53,2623122.0,510050,sh,上证50ETF华夏
2020-05-06,2.517,2.545,2.55,2.508,3094268.0,510050,sh,上证50ETF华夏
2020-05-07,2.542,2.54,2.547,2.53,2174516.0,510050,sh,上证50ETF华夏
2020-05-08,2.555,2.56,2.573,2.548,2590227.0,510050,sh,上证50ETF华夏
2020-05-11,2.562,2.56,2.587,2.553,3178491.0,510050,sh,上证50ETF华夏
2020-05-12,2.557,2.557,2.569,2.547,2760440.0,510050,sh,上证50ETF华夏
2020-05-13,2.549,2.557,2.56,2.536,1293508.0,510050,sh,上证50ETF华夏
2020-05-14,2.547,2.528,2.547,2.525,2381014.0,510050,sh,上证50ETF华夏
2020-05-15,2.532,2.509,2.541,2.507,3609347.0,510050,sh,上证50ETF华夏
2020-05-18,2.507,2.53,2.539,2.507,3245524.0,510050,sh,上证50ETF华夏
2020-05-19,2.552,2.549,2.562,2.544,2615125.0,510050,sh,上证50ETF华夏
2020-05-20,2.549,2.546,2.556,2.54,2649678.0,510050,sh,上证50ETF华夏
2020-05-21,2.551,2.535,2.557,2.533,2664747.0,510050,sh,上证50ETF华夏
2020-05-22,2.527,2.465,2.529,2.463,5263931.0,510050,sh,上证50ETF华夏
2020-05-25,2.467,2.477,2.479,2.453,2751893.0,510050,sh,上证50ETF华夏
2020-05-26,2.49,2.499,2.5,2.484,4514929.0,510050,sh,上证50ETF华夏
2020-05-27,2.5,2.489,2.505,2.481,2447970.0,510050,sh,上证50ETF华夏
2020-05-28,2.487,2.498,2.523,2.474,3448193.0,510050,sh,上证50ETF华夏
2020-05-29,2.477,2.499,2.506,2.477,2499406.0,510050,sh,上证50ETF华夏
2020-06-01,2.527,2.561,2.566,2.525,3600437.0,510050,sh,上证50ETF华夏
2020-06-02,2.556,2.576,2.585,2.554,2591344.0,510050,sh,上证50ETF华夏
2020-06-03,2.592,2.581,2.616,2.58,3965363.0,510050,sh,上证50ETF华夏
2020-06-04,2.594,2.575,2.595,2.57,1903741.0,510050,sh,上证50ETF华夏
2020-06-05,2.577,2.589,2.592,2.564,1625445.0,510050,sh,上证50ETF华夏
2020-06-08,2.594,2.602,2.617,2.594,2661521.0,510050,sh,上证50ETF华夏
2020-06-09,2.605,2.62,2.623,2.599,2348825.0,510050,sh,上证50ETF华夏
2020-06-10,2.62,2.605,2.62,2.601,1458401.0,510050,sh,上证50ETF华夏
2020-06-11,2.597,2.575,2.607,2.567,2271380.0,510050,sh,上证50ETF华夏
2020-06-12,2.544,2.588,2.59,2.538,2073558.0,510050,sh,上证50ETF华夏
2020-06-15,2.565,2.544,2.573,2.538,2175223.0,510050,sh,上证50ETF华夏
2020-06-16,2.564,2.574,2.576,2.559,2322299.0,510050,sh,上证50ETF华夏
2020-06-17,2.573,2.578,2.579,2.56,2193334.0,510050,sh,上证50ETF华夏
2020-06-18,2.569,2.592,2.593,2.557,3308401.0,510050,sh,上证50ETF华夏
2020-06-19,2.589,2.624,2.635,2.587,3432001.0,510050,sh,上证50ETF华夏
2020-06-22,2.624,2.621,2.647,2.611,2950887.0,510050,sh,上证50ETF华夏
2020-06-23,2.613,2.627,2.629,2.6,2152153.0,510050,sh,上证50ETF华夏
2020-06-24,2.635,2.655,2.659,2.628,3295400.0,510050,sh,上证50ETF华夏
2020-06-29,2.646,2.634,2.653,2.617,3767727.0,510050,sh,上证50ETF华夏
2020-06-30,2.642,2.653,2.665,2.641,4288447.0,510050,sh,上证50ETF华夏
2020-07-01,2.66,2.724,2.725,2.653,4644233.0,510050,sh,上证50ETF华夏
2020-07-02,2.716,2.8,2.811,2.716,6876463.0,510050,sh,上证50ETF华夏
2020-07-03,2.813,2.884,2.887,2.813,7871747.0,510050,sh,上证50ETF华夏
2020-07-06,2.927,3.166,3.178,2.927,23390531.0,510050,sh,上证50ETF华夏
2020-07-07,3.223,3.099,3.236,3.097,18197282.0,510050,sh,上证50ETF华夏
2020-07-08,3.094,3.144,3.186,3.088,9885358.0,510050,sh,上证50ETF华夏
2020-07-09,3.143,3.156,3.169,3.117,7593484.0,510050,sh,上证50ETF华夏
2020-07-10,3.122,3.07,3.137,3.057,7842484.0,510050,sh,上证50ETF华夏
2020-07-13,3.062,3.113,3.155,3.051,8411746.0,510050,sh,上证50ETF华夏
2020-07-14,3.105,3.077,3.126,3.038,7472006.0,510050,sh,上证50ETF华夏
2020-07-15,3.1,3.047,3.114,3.039,6739059.0,510050,sh,上证50ETF华夏
2020-07-16,3.053,2.903,3.067,2.897,12694687.0,510050,sh,上证50ETF华夏
2020-07-17,2.917,2.926,2.963,2.892,6933967.0,510050,sh,上证50ETF华夏
2020-07-20,2.957,3.028,3.037,2.931,7563956.0,510050,sh,上证50ETF华夏
2020-07-21,3.038,3.026,3.043,3.009,7052254.0,510050,sh,上证50ETF华夏
2020-07-22,3.024,3.031,3.104,3.012,9219312.0,510050,sh,上证50ETF华夏
2020-07-23,3.004,3.028,3.05,2.965,6347686.0,510050,sh,上证50ETF华夏
2020-07-24,3.015,2.897,3.016,2.878,7695369.0,510050,sh,上证50ETF华夏
2020-07-27,2.915,2.908,2.942,2.883,4216718.0,510050,sh,上证50ETF华夏
2020-07-28,2.935,2.928,2.949,2.911,4208788.0,510050,sh,上证50ETF华夏
2020-07-29,2.925,2.988,2.995,2.913,4833085.0,510050,sh,上证50ETF华夏
2020-07-30,2.994,2.974,3.009,2.973,3622184.0,510050,sh,上证50ETF华夏
2020-07-31,2.975,2.992,3.034,2.941,8726229.0,510050,sh,上证50ETF华夏
2020-08-03,3.01,3.025,3.036,2.996,4360640.0,510050,sh,上证50ETF华夏
2020-08-04,3.034,3.056,3.077,3.025,8436093.0,510050,sh,上证50ETF华夏
2020-08-05,3.046,3.033,3.046,2.997,6562667.0,510050,sh,上证50ETF华夏
2020-08-06,3.042,3.035,3.06,2.984,6136403.0,510050,sh,上证50ETF华夏
2020-08-07,3.017,3.005,3.035,2.962,4505419.0,510050,sh,上证50ETF华夏
2020-08-10,2.993,3.03,3.055,2.972,4561279.0,510050,sh,上证50ETF华夏
2020-08-11,3.028,3.004,3.08,2.998,7647643.0,510050,sh,上证50ETF华夏
2020-08-12,3.0,2.994,3.014,2.942,6780604.0,510050,sh,上证50ETF华夏
2020-08-13,3.001,2.983,3.006,2.973,3652431.0,510050,sh,上证50ETF华夏
2020-08-14,2.982,3.04,3.043,2.974,4830476.0,510050,sh,上证50ETF华夏
2020-08-17,3.049,3.115,3.148,3.045,9985613.0,510050,sh,上证50ETF华夏
2020-08-18,3.118,3.11,3.124,3.091,6166006.0,510050,sh,上证50ETF华夏
2020-08-19,3.109,3.048,3.113,3.046,6255113.0,510050,sh,上证50ETF华夏
2020-08-20,3.027,3.009,3.031,2.992,4645923.0,510050,sh,上证50ETF华夏
2020-08-21,3.03,3.033,3.049,3.005,4017356.0,510050,sh,上证50ETF华夏
2020-08-24,3.046,3.043,3.07,3.035,6758766.0,510050,sh,上证50ETF华夏
2020-08-25,3.054,3.056,3.082,3.043,4199785.0,510050,sh,上证50ETF华夏
2020-08-26,3.052,3.02,3.072,3.01,4217441.0,510050,sh,上证50ETF华夏
2020-08-27,3.024,3.039,3.04,3.001,2243945.0,510050,sh,上证50ETF华夏
2020-08-28,3.034,3.121,3.125,3.028,5176502.0,510050,sh,上证50ETF华夏
2020-08-31,3.132,3.092,3.159,3.086,5224509.0,510050,sh,上证50ETF华夏
2020-09-01,3.082,3.101,3.102,3.076,3134691.0,510050,sh,上证50ETF华夏
2020-09-02,3.111,3.092,3.119,3.06,5577170.0,510050,sh,上证50ETF华夏
2020-09-03,3.091,3.084,3.123,3.068,2937892.0,510050,sh,上证50ETF华夏
2020-09-04,3.044,3.053,3.062,3.03,3062897.0,510050,sh,上证50ETF华夏
2020-09-07,3.046,2.998,3.072,2.99,3417793.0,510050,sh,上证50ETF华夏
2020-09-08,3.013,3.033,3.041,2.997,4017689.0,510050,sh,上证50ETF华夏
2020-09-09,3.0,2.982,3.014,2.955,4345712.0,510050,sh,上证50ETF华夏
2020-09-10,3.003,2.993,3.017,2.986,4083386.0,510050,sh,上证50ETF华夏
2020-09-11,2.981,3.01,3.017,2.977,2699128.0,510050,sh,上证50ETF华夏
2020-09-14,3.024,3.038,3.042,3.02,2803365.0,510050,sh,上证50ETF华夏
2020-09-15,3.039,3.064,3.068,3.023,3398045.0,510050,sh,上证50ETF华夏
2020-09-16,3.06,3.043,3.069,3.034,2500424.0,510050,sh,上证50ETF华夏
2020-09-17,3.038,3.011,3.038,3.004,2546803.0,510050,sh,上证50ETF华夏
2020-09-18,3.013,3.103,3.106,3.011,7194799.0,510050,sh,上证50ETF华夏
2020-09-21,3.108,3.059,3.116,3.057,4823922.0,510050,sh,上证50ETF华夏
2020-09-22,3.039,3.019,3.067,3.006,5400558.0,510050,sh,上证50ETF华夏
2020-09-23,3.019,3.022,3.031,3.002,4096352.0,510050,sh,上证50ETF华夏
2020-09-24,3.002,2.968,3.011,2.965,2947134.0,510050,sh,上证50ETF华夏
2020-09-25,2.978,2.979,2.993,2.964,3203182.0,510050,sh,上证50ETF华夏
2020-09-28,2.988,2.999,3.016,2.986,2285238.0,510050,sh,上证50ETF华夏
2020-09-29,3.017,2.992,3.02,2.991,2870126.0,510050,sh,上证50ETF华夏
2020-09-30,3.007,2.978,3.018,2.962,3880257.0,510050,sh,上证50ETF华夏
2020-10-09,3.024,3.034,3.047,3.022,4696781.0,510050,sh,上证50ETF华夏
2020-10-12,3.047,3.139,3.141,3.047,5449691.0,510050,sh,上证50ETF华夏
2020-10-13,3.125,3.134,3.142,3.113,2719943.0,510050,sh,上证50ETF华夏
2020-10-14,3.128,3.121,3.128,3.109,2284716.0,510050,sh,上证50ETF华夏
2020-10-15,3.116,3.122,3.146,3.111,4949409.0,510050,sh,上证50ETF华夏
2020-10-16,3.122,3.129,3.152,3.105,3936866.0,510050,sh,上证50ETF华夏
2020-10-19,3.15,3.106,3.183,3.094,5359320.0,510050,sh,上证50ETF华夏
2020-10-20,3.095,3.109,3.111,3.091,4263964.0,510050,sh,上证50ETF华夏
2020-10-21,3.116,3.13,3.131,3.1,4332577.0,510050,sh,上证50ETF华夏
2020-10-22,3.12,3.117,3.13,3.077,4383331.0,510050,sh,上证50ETF华夏
2020-10-23,3.117,3.105,3.146,3.099,5342279.0,510050,sh,上证50ETF华夏
2020-10-26,3.077,3.051,3.082,3.037,5355543.0,510050,sh,上证50ETF华夏
2020-10-27,3.046,3.043,3.051,3.028,3377189.0,510050,sh,上证50ETF华夏
2020-10-28,3.043,3.061,3.069,3.033,6329509.0,510050,sh,上证50ETF华夏
2020-10-29,3.032,3.08,3.1,3.026,4713226.0,510050,sh,上证50ETF华夏
2020-10-30,3.072,3.026,3.08,3.018,3857781.0,510050,sh,上证50ETF华夏
2020-11-02,3.03,3.014,3.048,2.999,3944026.0,510050,sh,上证50ETF华夏
2020-11-03,3.028,3.052,3.072,3.027,3894588.0,510050,sh,上证50ETF华夏
2020-11-04,3.057,3.077,3.092,3.046,3767623.0,510050,sh,上证50ETF华夏
2020-11-05,3.115,3.115,3.137,3.092,5484980.0,510050,sh,上证50ETF华夏
2020-11-06,3.125,3.105,3.126,3.084,3842345.0,510050,sh,上证50ETF华夏
2020-11-09,3.132,3.165,3.179,3.132,4699124.0,510050,sh,上证50ETF华夏
2020-11-10,3.188,3.163,3.189,3.148,4290955.0,510050,sh,上证50ETF华夏
2020-11-11,3.159,3.161,3.182,3.157,2617442.0,510050,sh,上证50ETF华夏
2020-11-12,3.162,3.144,3.17,3.133,2964678.0,510050,sh,上证50ETF华夏
2020-11-13,3.128,3.085,3.128,3.068,5438522.0,510050,sh,上证50ETF华夏
2020-11-16,3.107,3.126,3.128,3.092,3862604.0,510050,sh,上证50ETF华夏
2020-11-17,3.122,3.127,3.133,3.11,3236188.0,510050,sh,上证50ETF华夏
2020-11-18,3.127,3.132,3.155,3.117,6266481.0,510050,sh,上证50ETF华夏
2020-11-19,3.121,3.157,3.165,3.117,4119329.0,510050,sh,上证50ETF华夏
2020-11-20,3.159,3.162,3.165,3.142,3522044.0,510050,sh,上证50ETF华夏
2020-11-23,3.169,3.218,3.237,3.168,7562164.0,510050,sh,上证50ETF华夏
2020-11-24,3.218,3.19,3.226,3.188,7239994.0,510050,sh,上证50ETF华夏
2020-11-25,3.202,3.165,3.222,3.164,5957756.0,510050,sh,上证50ETF华夏
2020-11-26,3.165,3.194,3.196,3.162,3071636.0,510050,sh,上证50ETF华夏
2020-11-27,3.195,3.254,3.258,3.192,8436767.0,510050,sh,上证50ETF华夏
2020-11-30,3.264,3.221,3.323,3.22,14674649.0,510050,sh,上证50ETF华夏
2020-12-01,3.224,3.305,3.311,3.224,8116321.0,510050,sh,上证50ETF华夏
2020-12-02,3.306,3.293,3.321,3.273,5415498.0,510050,sh,上证50ETF华夏
2020-12-03,3.292,3.286,3.3,3.269,5452708.0,510050,sh,上证50ETF华夏
2020-12-04,3.283,3.291,3.297,3.249,4427164.0,510050,sh,上证50ETF华夏
2020-12-07,3.292,3.259,3.297,3.24,4863094.0,510050,sh,上证50ETF华夏
2020-12-08,3.328,3.247,3.328,3.236,4369838.0,510050,sh,上证50ETF华夏
2020-12-09,3.255,3.218,3.268,3.213,5122861.0,510050,sh,上证50ETF华夏
2020-12-10,3.209,3.204,3.225,3.187,4583334.0,510050,sh,上证50ETF华夏
2020-12-11,3.217,3.177,3.226,3.151,5406707.0,510050,sh,上证50ETF华夏
2020-12-14,3.183,3.209,3.214,3.178,3034085.0,510050,sh,上证50ETF华夏
2020-12-15,3.206,3.212,3.219,3.185,3004024.0,510050,sh,上证50ETF华夏
2020-12-16,3.217,3.23,3.235,3.211,3823266.0,510050,sh,上证50ETF华夏
2020-12-17,3.235,3.285,3.288,3.23,6318998.0,510050,sh,上证50ETF华夏
2020-12-18,3.275,3.253,3.284,3.235,7269892.0,510050,sh,上证50ETF华夏
2020-12-21,3.254,3.261,3.276,3.22,5387367.0,510050,sh,上证50ETF华夏
2020-12-22,3.256,3.212,3.265,3.206,8216575.0,510050,sh,上证50ETF华夏
2020-12-23,3.216,3.239,3.258,3.216,7784277.0,510050,sh,上证50ETF华夏
2020-12-24,3.243,3.233,3.26,3.218,3420272.0,510050,sh,上证50ETF华夏
2020-12-25,3.22,3.257,3.26,3.209,5077381.0,510050,sh,上证50ETF华夏
2020-12-28,3.255,3.267,3.287,3.243,4370314.0,510050,sh,上证50ETF华夏
2020-12-29,3.275,3.26,3.285,3.254,2881878.0,510050,sh,上证50ETF华夏
2020-12-30,3.257,3.311,3.314,3.252,5351685.0,510050,sh,上证50ETF华夏
2020-12-31,3.319,3.382,3.391,3.319,6681955.0,510050,sh,上证50ETF华夏
2021-01-04,3.384,3.38,3.403,3.346,5707598.0,510050,sh,上证50ETF华夏
2021-01-05,3.373,3.419,3.423,3.356,8449437.0,510050,sh,上证50ETF华夏
2021-01-06,3.421,3.474,3.476,3.409,6515232.0,510050,sh,上证50ETF华夏
2021-01-07,3.485,3.551,3.555,3.47,5888201.0,510050,sh,上证50ETF华夏
2021-01-08,3.558,3.53,3.577,3.493,8143312.0,510050,sh,上证50ETF华夏
2021-01-11,3.528,3.513,3.589,3.498,6193083.0,510050,sh,上证50ETF华夏
2021-01-12,3.507,3.647,3.652,3.503,7146980.0,510050,sh,上证50ETF华夏
2021-01-13,3.658,3.61,3.672,3.583,6485911.0,510050,sh,上证50ETF华夏
2021-01-14,3.604,3.55,3.605,3.539,5627248.0,510050,sh,上证50ETF华夏
2021-01-15,3.563,3.553,3.605,3.523,6997194.0,510050,sh,上证50ETF华夏
2021-01-18,3.541,3.585,3.614,3.536,5510651.0,510050,sh,上证50ETF华夏
2021-01-19,3.594,3.545,3.599,3.528,4324575.0,510050,sh,上证50ETF华夏
2021-01-20,3.545,3.548,3.575,3.522,4850053.0,510050,sh,上证50ETF华夏
2021-01-21,3.565,3.588,3.616,3.549,5326731.0,510050,sh,上证50ETF华夏
2021-01-22,3.584,3.581,3.599,3.558,4624178.0,510050,sh,上证50ETF华夏
2021-01-25,3.578,3.638,3.642,3.561,10488274.0,510050,sh,上证50ETF华夏
2021-01-26,3.62,3.548,3.622,3.545,6646731.0,510050,sh,上证50ETF华夏
2021-01-27,3.548,3.554,3.569,3.529,7666242.0,510050,sh,上证50ETF华夏
2021-01-28,3.51,3.479,3.516,3.46,7312267.0,510050,sh,上证50ETF华夏
2021-01-29,3.495,3.452,3.503,3.409,6573387.0,510050,sh,上证50ETF华夏
2021-02-01,3.455,3.479,3.481,3.44,5094767.0,510050,sh,上证50ETF华夏
2021-02-02,3.489,3.5,3.504,3.471,6414960.0,510050,sh,上证50ETF华夏
2021-02-03,3.5,3.512,3.53,3.479,3808282.0,510050,sh,上证50ETF华夏
2021-02-04,3.494,3.535,3.556,3.494,4979277.0,510050,sh,上证50ETF华夏
2021-02-05,3.552,3.582,3.612,3.547,3567667.0,510050,sh,上证50ETF华夏
2021-02-08,3.596,3.623,3.632,3.568,4587740.0,510050,sh,上证50ETF华夏
2021-02-09,3.635,3.687,3.688,3.605,3470316.0,510050,sh,上证50ETF华夏
2021-02-10,3.698,3.76,3.778,3.693,3821689.0,510050,sh,上证50ETF华夏
2021-02-18,3.838,3.755,3.847,3.729,5796035.0,510050,sh,上证50ETF华夏
2021-02-19,3.74,3.746,3.756,3.695,7424466.0,510050,sh,上证50ETF华夏
2021-02-22,3.75,3.621,3.753,3.614,8536319.0,510050,sh,上证50ETF华夏
2021-02-23,3.597,3.634,3.675,3.593,5945696.0,510050,sh,上证50ETF华夏
2021-02-24,3.635,3.536,3.644,3.5,8597551.0,510050,sh,上证50ETF华夏
2021-02-25,3.572,3.591,3.61,3.552,5403721.0,510050,sh,上证50ETF华夏
2021-02-26,3.525,3.491,3.556,3.489,7698324.0,510050,sh,上证50ETF华夏
2021-03-01,3.525,3.521,3.528,3.485,4006001.0,510050,sh,上证50ETF华夏
2021-03-02,3.543,3.455,3.544,3.42,6433687.0,510050,sh,上证50ETF华夏
2021-03-03,3.448,3.552,3.554,3.446,5171484.0,510050,sh,上证50ETF华夏
2021-03-04,3.513,3.446,3.52,3.425,7159517.0,510050,sh,上证50ETF华夏
2021-03-05,3.398,3.426,3.46,3.364,6257017.0,510050,sh,上证50ETF华夏
2021-03-08,3.446,3.309,3.465,3.304,7918259.0,510050,sh,上证50ETF华夏
2021-03-09,3.309,3.253,3.333,3.231,11187524.0,510050,sh,上证50ETF华夏
2021-03-10,3.295,3.271,3.31,3.262,4454560.0,510050,sh,上证50ETF华夏
2021-03-11,3.287,3.362,3.365,3.286,5001663.0,510050,sh,上证50ETF华夏
2021-03-12,3.379,3.365,3.38,3.331,7292955.0,510050,sh,上证50ETF华夏
2021-03-15,3.349,3.306,3.364,3.274,3968066.0,510050,sh,上证50ETF华夏
2021-03-16,3.314,3.33,3.344,3.291,4202981.0,510050,sh,上证50ETF华夏
2021-03-17,3.324,3.324,3.352,3.282,3481777.0,510050,sh,上证50ETF华夏
2021-03-18,3.328,3.339,3.351,3.323,3219355.0,510050,sh,上证50ETF华夏
2021-03-19,3.299,3.244,3.308,3.23,7532107.0,510050,sh,上证50ETF华夏
2021-03-22,3.239,3.271,3.298,3.239,4118975.0,510050,sh,上证50ETF华夏
2021-03-23,3.272,3.252,3.283,3.215,4841983.0,510050,sh,上证50ETF华夏
2021-03-24,3.236,3.202,3.266,3.189,6435809.0,510050,sh,上证50ETF华夏
2021-03-25,3.189,3.2,3.216,3.177,3139494.0,510050,sh,上证50ETF华夏
2021-03-26,3.213,3.262,3.273,3.213,4668440.0,510050,sh,上证50ETF华夏
2021-03-29,3.273,3.269,3.294,3.247,4673773.0,510050,sh,上证50ETF华夏
2021-03-30,3.27,3.309,3.314,3.268,2955229.0,510050,sh,上证50ETF华夏
2021-03-31,3.307,3.275,3.307,3.25,1551816.0,510050,sh,上证50ETF华夏
2021-04-01,3.286,3.315,3.323,3.28,2788295.0,510050,sh,上证50ETF华夏
2021-04-02,3.33,3.349,3.351,3.314,2686632.0,510050,sh,上证50ETF华夏
2021-04-06,3.352,3.326,3.355,3.314,2483615.0,510050,sh,上证50ETF华夏
2021-04-07,3.328,3.29,3.33,3.274,1573202.0,510050,sh,上证50ETF华夏
2021-04-08,3.282,3.306,3.318,3.263,2201077.0,510050,sh,上证50ETF华夏
2021-04-09,3.296,3.254,3.296,3.241,2229002.0,510050,sh,上证50ETF华夏
2021-04-12,3.243,3.216,3.257,3.202,7420601.0,510050,sh,上证50ETF华夏
2021-04-13,3.21,3.198,3.238,3.184,6497564.0,510050,sh,上证50ETF华夏
2021-04-14,3.2,3.204,3.221,3.177,6393460.0,510050,sh,上证50ETF华夏
2021-04-15,3.196,3.167,3.196,3.134,3856935.0,510050,sh,上证50ETF华夏
2021-04-16,3.171,3.182,3.193,3.144,4576248.0,510050,sh,上证50ETF华夏
2021-04-19,3.178,3.248,3.252,3.161,5628666.0,510050,sh,上证50ETF华夏
2021-04-20,3.23,3.24,3.264,3.221,3975612.0,510050,sh,上证50ETF华夏
2021-04-21,3.221,3.246,3.256,3.221,5760989.0,510050,sh,上证50ETF华夏
2021-04-22,3.256,3.229,3.268,3.216,4743191.0,510050,sh,上证50ETF华夏
2021-04-23,3.221,3.262,3.27,3.221,5280406.0,510050,sh,上证50ETF华夏
2021-04-26,3.272,3.206,3.291,3.199,7306014.0,510050,sh,上证50ETF华夏
2021-04-27,3.204,3.214,3.223,3.192,4757119.0,510050,sh,上证50ETF华夏
2021-04-28,3.198,3.215,3.218,3.181,6837571.0,510050,sh,上证50ETF华夏
2021-04-29,3.224,3.261,3.263,3.211,5186874.0,510050,sh,上证50ETF华夏
2021-04-30,3.258,3.23,3.265,3.208,7126829.0,510050,sh,上证50ETF华夏
2021-05-06,3.21,3.192,3.256,3.18,6658387.0,510050,sh,上证50ETF华夏
2021-05-07,3.203,3.147,3.208,3.138,4522384.0,510050,sh,上证50ETF华夏
2021-05-10,3.165,3.147,3.165,3.11,4780906.0,510050,sh,上证50ETF华夏
2021-05-11,3.119,3.177,3.186,3.115,4896054.0,510050,sh,上证50ETF华夏
2021-05-12,3.168,3.19,3.198,3.16,3181942.0,510050,sh,上证50ETF华夏
2021-05-13,3.164,3.155,3.178,3.134,4846685.0,510050,sh,上证50ETF华夏
2021-05-14,3.165,3.246,3.248,3.15,6030581.0,510050,sh,上证50ETF华夏
2021-05-17,3.248,3.278,3.3,3.243,5660637.0,510050,sh,上证50ETF华夏
2021-05-18,3.286,3.276,3.291,3.26,2521705.0,510050,sh,上证50ETF华夏
2021-05-19,3.266,3.252,3.268,3.242,4830062.0,510050,sh,上证50ETF华夏
2021-05-20,3.251,3.264,3.274,3.233,3019163.0,510050,sh,上证50ETF华夏
2021-05-21,3.271,3.223,3.288,3.212,5344154.0,510050,sh,上证50ETF华夏
2021-05-24,3.222,3.237,3.238,3.196,3253458.0,510050,sh,上证50ETF华夏
2021-05-25,3.241,3.383,3.388,3.241,12063078.0,510050,sh,上证50ETF华夏
2021-05-26,3.396,3.396,3.421,3.383,6844583.0,510050,sh,上证50ETF华夏
2021-05-27,3.392,3.406,3.455,3.367,5694289.0,510050,sh,上证50ETF华夏
2021-05-28,3.405,3.399,3.433,3.366,4919406.0,510050,sh,上证50ETF华夏
2021-05-31,3.394,3.387,3.394,3.352,5449671.0,510050,sh,上证50ETF华夏
2021-06-01,3.381,3.388,3.392,3.344,4678284.0,510050,sh,上证50ETF华夏
2021-06-02,3.395,3.361,3.403,3.342,4764274.0,510050,sh,上证50ETF华夏
2021-06-03,3.356,3.332,3.379,3.326,3714268.0,510050,sh,上证50ETF华夏
2021-06-04,3.319,3.349,3.398,3.313,7254103.0,510050,sh,上证50ETF华夏
2021-06-07,3.352,3.341,3.354,3.318,3147772.0,510050,sh,上证50ETF华夏
2021-06-08,3.339,3.32,3.378,3.298,7481746.0,510050,sh,上证50ETF华夏
2021-06-09,3.318,3.33,3.338,3.31,4359964.0,510050,sh,上证50ETF华夏
2021-06-10,3.33,3.349,3.378,3.325,4947300.0,510050,sh,上证50ETF华夏
2021-06-11,3.357,3.319,3.361,3.314,4873567.0,510050,sh,上证50ETF华夏
2021-06-15,3.322,3.27,3.325,3.254,4386086.0,510050,sh,上证50ETF华夏
2021-06-16,3.269,3.234,3.274,3.222,5696719.0,510050,sh,上证50ETF华夏
2021-06-17,3.231,3.227,3.249,3.214,3756375.0,510050,sh,上证50ETF华夏
2021-06-18,3.228,3.203,3.24,3.179,6476357.0,510050,sh,上证50ETF华夏
2021-06-21,3.192,3.183,3.207,3.16,5877131.0,510050,sh,上证50ETF华夏
2021-06-22,3.192,3.212,3.217,3.184,6999304.0,510050,sh,上证50ETF华夏
2021-06-23,3.218,3.217,3.244,3.206,9861379.0,510050,sh,上证50ETF华夏
2021-06-24,3.221,3.236,3.237,3.206,3926033.0,510050,sh,上证50ETF华夏
2021-06-25,3.237,3.289,3.304,3.237,6163500.0,510050,sh,上证50ETF华夏
2021-06-28,3.295,3.275,3.298,3.258,4792933.0,510050,sh,上证50ETF华夏
2021-06-29,3.274,3.245,3.274,3.233,3783342.0,510050,sh,上证50ETF华夏
2021-06-30,3.246,3.263,3.268,3.244,5351239.0,510050,sh,上证50ETF华夏
2021-07-01,3.274,3.296,3.297,3.239,9123834.0,510050,sh,上证50ETF华夏
2021-07-02,3.265,3.171,3.278,3.165,6095497.0,510050,sh,上证50ETF华夏
2021-07-05,3.167,3.168,3.183,3.141,4262802.0,510050,sh,上证50ETF华夏
2021-07-06,3.168,3.179,3.18,3.138,6623367.0,510050,sh,上证50ETF华夏
2021-07-07,3.163,3.19,3.204,3.155,4999011.0,510050,sh,上证50ETF华夏
2021-07-08,3.193,3.143,3.201,3.131,5741556.0,510050,sh,上证50ETF华夏
2021-07-09,3.132,3.13,3.145,3.097,5418213.0,510050,sh,上证50ETF华夏
2021-07-12,3.15,3.158,3.185,3.13,4998143.0,510050,sh,上证50ETF华夏
2021-07-13,3.162,3.169,3.192,3.155,3746908.0,510050,sh,上证50ETF华夏
2021-07-14,3.168,3.116,3.168,3.104,6082605.0,510050,sh,上证50ETF华夏
2021-07-15,3.116,3.188,3.192,3.112,6771683.0,510050,sh,上证50ETF华夏
2021-07-16,3.186,3.151,3.193,3.145,5995457.0,510050,sh,上证50ETF华夏
2021-07-19,3.138,3.164,3.172,3.1,8230500.0,510050,sh,上证50ETF华夏
2021-07-20,3.14,3.156,3.163,3.138,4165823.0,510050,sh,上证50ETF华夏
2021-07-21,3.163,3.169,3.196,3.154,6145453.0,510050,sh,上证50ETF华夏
2021-07-22,3.173,3.173,3.195,3.165,4738041.0,510050,sh,上证50ETF华夏
2021-07-23,3.173,3.136,3.175,3.133,4865659.0,510050,sh,上证50ETF华夏
2021-07-26,3.119,3.007,3.122,2.973,10778223.0,510050,sh,上证50ETF华夏
2021-07-27,3.007,2.904,3.021,2.893,9163955.0,510050,sh,上证50ETF华夏
2021-07-28,2.9,2.931,2.948,2.874,13753784.0,510050,sh,上证50ETF华夏
2021-07-29,2.977,2.96,2.98,2.937,10272351.0,510050,sh,上证50ETF华夏
2021-07-30,2.938,2.911,2.938,2.894,5258982.0,510050,sh,上证50ETF华夏
2021-08-02,2.898,2.99,2.998,2.868,11704019.0,510050,sh,上证50ETF华夏
2021-08-03,2.976,3.002,3.016,2.961,5563126.0,510050,sh,上证50ETF华夏
2021-08-04,2.995,3.012,3.022,2.989,5784079.0,510050,sh,上证50ETF华夏
2021-08-05,2.995,3.006,3.047,2.982,2869718.0,510050,sh,上证50ETF华夏
2021-08-06,2.998,2.98,2.999,2.966,2753680.0,510050,sh,上证50ETF华夏
2021-08-09,2.958,3.016,3.038,2.951,3864420.0,510050,sh,上证50ETF华夏
2021-08-10,3.009,3.07,3.075,2.977,4239448.0,510050,sh,上证50ETF华夏
2021-08-11,3.061,3.043,3.081,3.043,3279591.0,510050,sh,上证50ETF华夏
2021-08-12,3.037,3.009,3.045,3.006,2303367.0,510050,sh,上证50ETF华夏
2021-08-13,2.998,3.002,3.028,2.983,2916916.0,510050,sh,上证50ETF华夏
2021-08-16,3.003,3.01,3.033,2.988,3349983.0,510050,sh,上证50ETF华夏
2021-08-17,3.008,2.93,3.028,2.925,6649099.0,510050,sh,上证50ETF华夏
2021-08-18,2.93,2.972,2.992,2.922,6467781.0,510050,sh,上证50ETF华夏
2021-08-19,2.968,2.926,2.968,2.912,5841188.0,510050,sh,上证50ETF华夏
2021-08-20,2.907,2.856,2.912,2.829,14932458.0,510050,sh,上证50ETF华夏
2021-08-23,2.87,2.884,2.897,2.857,10476526.0,510050,sh,上证50ETF华夏
2021-08-24,2.894,2.933,2.949,2.892,9800871.0,510050,sh,上证50ETF华夏
2021-08-25,2.939,2.945,2.959,2.922,8397187.0,510050,sh,上证50ETF华夏
2021-08-26,2.945,2.876,2.947,2.874,4294177.0,510050,sh,上证50ETF华夏
2021-08-27,2.873,2.907,2.935,2.873,5823994.0,510050,sh,上证50ETF华夏
2021-08-30,2.923,2.897,2.928,2.874,3875927.0,510050,sh,上证50ETF华夏
2021-08-31,2.884,2.886,2.912,2.84,7111205.0,510050,sh,上证50ETF华夏
2021-09-01,2.877,2.955,2.974,2.852,11547774.0,510050,sh,上证50ETF华夏
2021-09-02,2.959,2.952,2.979,2.935,6500143.0,510050,sh,上证50ETF华夏
2021-09-03,2.957,2.96,2.993,2.925,7923823.0,510050,sh,上证50ETF华夏
2021-09-06,2.961,2.995,3.018,2.954,7513479.0,510050,sh,上证50ETF华夏
2021-09-07,2.997,3.032,3.048,2.975,5601951.0,510050,sh,上证50ETF华夏
2021-09-08,3.031,2.997,3.043,2.989,4996303.0,510050,sh,上证50ETF华夏
2021-09-09,2.983,2.988,2.996,2.97,3858459.0,510050,sh,上证50ETF华夏
2021-09-10,2.984,3.04,3.054,2.982,6362379.0,510050,sh,上证50ETF华夏
2021-09-13,3.029,3.029,3.059,3.007,3896884.0,510050,sh,上证50ETF华夏
2021-09-14,3.026,2.976,3.046,2.965,5913182.0,510050,sh,上证50ETF华夏
2021-09-15,2.973,2.934,2.974,2.914,6611020.0,510050,sh,上证50ETF华夏
2021-09-16,2.932,2.915,2.945,2.896,7943086.0,510050,sh,上证50ETF华夏
2021-09-17,2.915,2.947,2.948,2.892,8161527.0,510050,sh,上证50ETF华夏
2021-09-22,2.896,2.906,2.916,2.884,9519875.0,510050,sh,上证50ETF华夏
2021-09-23,2.926,2.912,2.948,2.9,5466898.0,510050,sh,上证50ETF华夏
2021-09-24,2.908,2.934,2.956,2.907,6658228.0,510050,sh,上证50ETF华夏
2021-09-27,2.948,2.995,3.001,2.946,12530361.0,510050,sh,上证50ETF华夏
2021-09-28,2.991,2.995,3.013,2.963,5073992.0,510050,sh,上证50ETF华夏
2021-09-29,2.973,2.996,3.008,2.943,7670535.0,510050,sh,上证50ETF华夏
2021-09-30,2.996,2.979,2.998,2.97,5210971.0,510050,sh,上证50ETF华夏
2021-10-08,3.01,3.043,3.048,3.006,7346013.0,510050,sh,上证50ETF华夏
2021-10-11,3.057,3.06,3.101,3.054,8819092.0,510050,sh,上证50ETF华夏
2021-10-12,3.048,3.043,3.07,3.019,7035999.0,510050,sh,上证50ETF华夏
2021-10-13,3.04,3.075,3.091,3.028,7005946.0,510050,sh,上证50ETF华夏
2021-10-14,3.07,3.054,3.09,3.047,6328674.0,510050,sh,上证50ETF华夏
2021-10-15,3.05,3.08,3.088,3.038,5404179.0,510050,sh,上证50ETF华夏
2021-10-18,3.082,3.016,3.082,2.998,11655450.0,510050,sh,上证50ETF华夏
2021-10-19,3.011,3.039,3.048,3.011,8207056.0,510050,sh,上证50ETF华夏
2021-10-20,3.048,3.041,3.068,3.026,3418181.0,510050,sh,上证50ETF华夏
2021-10-21,3.048,3.062,3.081,3.038,4259644.0,510050,sh,上证50ETF华夏
2021-10-22,3.071,3.1,3.122,3.07,5547887.0,510050,sh,上证50ETF华夏
2021-10-25,3.085,3.098,3.105,3.077,5182925.0,510050,sh,上证50ETF华夏
2021-10-26,3.104,3.077,3.119,3.068,6561115.0,510050,sh,上证50ETF华夏
2021-10-27,3.065,3.035,3.065,3.025,6986262.0,510050,sh,上证50ETF华夏
2021-10-28,3.028,3.034,3.042,3.013,5816316.0,510050,sh,上证50ETF华夏
2021-10-29,3.037,3.052,3.053,3.029,6162197.0,510050,sh,上证50ETF华夏
2021-11-01,3.032,3.037,3.052,3.016,7367837.0,510050,sh,上证50ETF华夏
2021-11-02,3.037,2.998,3.056,2.976,7570410.0,510050,sh,上证50ETF华夏
2021-11-03,2.998,2.967,3.007,2.96,4594099.0,510050,sh,上证50ETF华夏
2021-11-04,2.98,2.993,3.0,2.975,5195861.0,510050,sh,上证50ETF华夏
2021-11-05,2.986,2.991,3.015,2.976,4460833.0,510050,sh,上证50ETF华夏
2021-11-08,2.988,2.979,3.005,2.97,5804083.0,510050,sh,上证50ETF华夏
2021-11-09,2.994,2.972,3.003,2.959,4889214.0,510050,sh,上证50ETF华夏
2021-11-10,2.971,2.954,2.971,2.909,6387808.0,510050,sh,上证50ETF华夏
2021-11-11,2.948,3.023,3.025,2.948,5664819.0,510050,sh,上证50ETF华夏
2021-11-12,3.028,3.01,3.032,3.004,6323865.0,510050,sh,上证50ETF华夏
2021-11-15,3.016,3.012,3.033,2.998,5215510.0,510050,sh,上证50ETF华夏
2021-11-16,3.014,3.012,3.031,2.995,5581139.0,510050,sh,上证50ETF华夏
2021-11-17,3.004,2.992,3.015,2.986,6808522.0,510050,sh,上证50ETF华夏
2021-11-18,2.985,2.959,2.986,2.951,5282352.0,510050,sh,上证50ETF华夏
2021-11-19,2.955,2.998,3.008,2.953,6281706.0,510050,sh,上证50ETF华夏
2021-11-22,3.004,2.996,3.013,2.993,5176126.0,510050,sh,上证50ETF华夏
2021-11-23,2.991,3.009,3.021,2.988,7160765.0,510050,sh,上证50ETF华夏
2021-11-24,3.009,3.021,3.037,2.999,5692304.0,510050,sh,上证50ETF华夏
2021-11-25,3.025,3.002,3.027,2.998,3645998.0,510050,sh,上证50ETF华夏
2021-11-26,2.995,2.971,2.997,2.966,5314869.0,510050,sh,上证50ETF华夏
2021-11-29,2.964,2.971,2.976,2.949,5194489.0,510050,sh,上证50ETF华夏
2021-11-30,2.974,2.953,2.984,2.938,3981696.0,510050,sh,上证50ETF华夏
2021-12-01,2.953,2.965,2.971,2.952,3066781.0,510050,sh,上证50ETF华夏
2021-12-02,2.961,2.977,2.987,2.95,3474921.0,510050,sh,上证50ETF华夏
2021-12-03,2.981,3.004,3.005,2.975,5020281.0,510050,sh,上证50ETF华夏
2021-12-06,3.009,3.014,3.04,3.009,6139751.0,510050,sh,上证50ETF华夏
2021-12-07,3.033,3.04,3.05,3.023,5499133.0,510050,sh,上证50ETF华夏
2021-12-08,3.048,3.09,3.095,3.031,5948250.0,510050,sh,上证50ETF华夏
2021-12-09,3.097,3.141,3.182,3.094,14026512.0,510050,sh,上证50ETF华夏
2021-12-10,3.129,3.138,3.142,3.122,9110159.0,510050,sh,上证50ETF华夏
2021-12-13,3.164,3.143,3.208,3.141,8111711.0,510050,sh,上证50ETF华夏
2021-12-14,3.13,3.126,3.149,3.117,8132457.0,510050,sh,上证50ETF华夏
2021-12-15,3.121,3.093,3.135,3.092,4197778.0,510050,sh,上证50ETF华夏
2021-12-16,3.093,3.104,3.106,3.081,6516535.0,510050,sh,上证50ETF华夏
2021-12-17,3.101,3.054,3.106,3.052,8302089.0,510050,sh,上证50ETF华夏
2021-12-20,3.043,3.032,3.069,3.022,8456816.0,510050,sh,上证50ETF华夏
2021-12-21,3.028,3.047,3.052,3.028,5295563.0,510050,sh,上证50ETF华夏
2021-12-22,3.051,3.033,3.061,3.03,8855835.0,510050,sh,上证50ETF华夏
2021-12-23,3.04,3.064,3.066,3.023,5418192.0,510050,sh,上证50ETF华夏
2021-12-24,3.064,3.062,3.078,3.05,6470591.0,510050,sh,上证50ETF华夏
2021-12-27,3.061,3.057,3.071,3.04,9130879.0,510050,sh,上证50ETF华夏
2021-12-28,3.06,3.075,3.083,3.055,8957357.0,510050,sh,上证50ETF华夏
2021-12-29,3.076,3.014,3.081,3.012,6936835.0,510050,sh,上证50ETF华夏
2021-12-30,3.014,3.036,3.051,3.01,4602357.0,510050,sh,上证50ETF华夏
2021-12-31,3.044,3.045,3.058,3.037,4782451.0,510050,sh,上证50ETF华夏
2022-01-04,3.059,3.036,3.059,2.994,5552644.0,510050,sh,上证50ETF华夏
2022-01-05,3.031,3.03,3.066,3.015,6293084.0,510050,sh,上证50ETF华夏
2022-01-06,3.018,2.982,3.027,2.969,7819094.0,510050,sh,上证50ETF华夏
2022-01-07,2.988,2.996,3.012,2.988,5467260.0,510050,sh,上证50ETF华夏
2022-01-10,2.997,3.005,3.012,2.974,4806253.0,510050,sh,上证50ETF华夏
2022-01-11,3.005,2.985,3.022,2.981,5504840.0,510050,sh,上证50ETF华夏
2022-01-12,2.995,3.009,3.019,2.987,5313753.0,510050,sh,上证50ETF华夏
2022-01-13,3.015,2.955,3.023,2.953,7917416.0,510050,sh,上证50ETF华夏
2022-01-14,2.949,2.909,2.951,2.908,7288700.0,510050,sh,上证50ETF华夏
2022-01-17,2.907,2.92,2.932,2.906,5644914.0,510050,sh,上证50ETF华夏
2022-01-18,2.92,2.958,2.971,2.909,11338388.0,510050,sh,上证50ETF华夏
2022-01-19,2.965,2.958,2.975,2.945,4869957.0,510050,sh,上证50ETF华夏
2022-01-20,2.957,3.003,3.026,2.957,7415491.0,510050,sh,上证50ETF华夏
2022-01-21,3.0,2.995,3.009,2.978,6242966.0,510050,sh,上证50ETF华夏
2022-01-24,2.981,2.984,2.992,2.954,6965073.0,510050,sh,上证50ETF华夏
2022-01-25,2.968,2.918,2.97,2.914,7431757.0,510050,sh,上证50ETF华夏
2022-01-26,2.925,2.933,2.941,2.902,8433656.0,510050,sh,上证50ETF华夏
2022-01-27,2.934,2.896,2.934,2.887,9698176.0,510050,sh,上证50ETF华夏
2022-01-28,2.906,2.825,2.914,2.818,11994193.0,510050,sh,上证50ETF华夏
2022-02-07,2.871,2.884,2.9,2.863,7404357.0,510050,sh,上证50ETF华夏
2022-02-08,2.886,2.887,2.892,2.829,6533423.0,510050,sh,上证50ETF华夏
2022-02-09,2.889,2.909,2.918,2.879,8159284.0,510050,sh,上证50ETF华夏
2022-02-10,2.911,2.917,2.918,2.895,5020394.0,510050,sh,上证50ETF华夏
2022-02-11,2.908,2.912,2.944,2.901,5477671.0,510050,sh,上证50ETF华夏
2022-02-14,2.904,2.877,2.907,2.866,5255438.0,510050,sh,上证50ETF华夏
2022-02-15,2.874,2.889,2.899,2.869,4198539.0,510050,sh,上证50ETF华夏
2022-02-16,2.903,2.905,2.919,2.898,4279681.0,510050,sh,上证50ETF华夏
2022-02-17,2.901,2.908,2.929,2.901,4117646.0,510050,sh,上证50ETF华夏
2022-02-18,2.899,2.933,2.936,2.891,3962131.0,510050,sh,上证50ETF华夏
2022-02-21,2.928,2.919,2.929,2.898,5170776.0,510050,sh,上证50ETF华夏
2022-02-22,2.889,2.87,2.891,2.852,6400698.0,510050,sh,上证50ETF华夏
2022-02-23,2.878,2.889,2.89,2.861,5288408.0,510050,sh,上证50ETF华夏
2022-02-24,2.873,2.832,2.873,2.811,6452423.0,510050,sh,上证50ETF华夏
2022-02-25,2.844,2.845,2.877,2.836,6904135.0,510050,sh,上证50ETF华夏
2022-02-28,2.842,2.85,2.853,2.82,3183379.0,510050,sh,上证50ETF华夏
2022-03-01,2.862,2.894,2.901,2.862,5458821.0,510050,sh,上证50ETF华夏
2022-03-02,2.881,2.877,2.884,2.869,3233351.0,510050,sh,上证50ETF华夏
2022-03-03,2.89,2.867,2.898,2.858,3603684.0,510050,sh,上证50ETF华夏
2022-03-04,2.839,2.835,2.849,2.82,5981769.0,510050,sh,上证50ETF华夏
2022-03-07,2.815,2.744,2.817,2.735,7475232.0,510050,sh,上证50ETF华夏
2022-03-08,2.754,2.704,2.774,2.688,12366473.0,510050,sh,上证50ETF华夏
2022-03-09,2.718,2.676,2.734,2.579,12421484.0,510050,sh,上证50ETF华夏
2022-03-10,2.731,2.702,2.737,2.698,10781328.0,510050,sh,上证50ETF华夏
2022-03-11,2.67,2.711,2.718,2.621,10361809.0,510050,sh,上证50ETF华夏
2022-03-14,2.669,2.621,2.69,2.619,9301741.0,510050,sh,上证50ETF华夏
2022-03-15,2.589,2.476,2.602,2.472,15065340.0,510050,sh,上证50ETF华夏
2022-03-16,2.509,2.599,2.611,2.462,16251020.0,510050,sh,上证50ETF华夏
2022-03-17,2.655,2.646,2.688,2.63,10791913.0,510050,sh,上证50ETF华夏
2022-03-18,2.635,2.68,2.699,2.625,8830876.0,510050,sh,上证50ETF华夏
2022-03-21,2.687,2.663,2.688,2.638,8743420.0,510050,sh,上证50ETF华夏
2022-03-22,2.654,2.671,2.695,2.652,4903377.0,510050,sh,上证50ETF华夏
2022-03-23,2.681,2.688,2.698,2.662,6275030.0,510050,sh,上证50ETF华夏
2022-03-24,2.669,2.673,2.691,2.658,2915790.0,510050,sh,上证50ETF华夏
2022-03-25,2.669,2.627,2.685,2.625,4257995.0,510050,sh,上证50ETF华夏
2022-03-28,2.603,2.625,2.64,2.57,6760074.0,510050,sh,上证50ETF华夏
2022-03-29,2.631,2.612,2.645,2.609,3495069.0,510050,sh,上证50ETF华夏
2022-03-30,2.631,2.687,2.688,2.631,7433086.0,510050,sh,上证50ETF华夏
2022-03-31,2.679,2.67,2.685,2.666,5492683.0,510050,sh,上证50ETF华夏
2022-04-01,2.652,2.712,2.728,2.647,7765688.0,510050,sh,上证50ETF华夏
2022-04-06,2.693,2.7,2.71,2.678,8255950.0,510050,sh,上证50ETF华夏
2022-04-07,2.688,2.673,2.719,2.668,5322914.0,510050,sh,上证50ETF华夏
2022-04-08,2.674,2.698,2.704,2.662,5358440.0,510050,sh,上证50ETF华夏
2022-04-11,2.686,2.621,2.686,2.612,7152072.0,510050,sh,上证50ETF华夏
2022-04-12,2.621,2.665,2.667,2.601,8341405.0,510050,sh,上证50ETF华夏
2022-04-13,2.65,2.655,2.684,2.645,5107813.0,510050,sh,上证50ETF华夏
2022-04-14,2.679,2.7,2.717,2.67,7633662.0,510050,sh,上证50ETF华夏
2022-04-15,2.684,2.703,2.717,2.679,8478055.0,510050,sh,上证50ETF华夏
2022-04-18,2.678,2.66,2.679,2.645,6604405.0,510050,sh,上证50ETF华夏
2022-04-19,2.657,2.633,2.671,2.612,6117139.0,510050,sh,上证50ETF华夏
2022-04-20,2.635,2.605,2.638,2.599,5419703.0,510050,sh,上证50ETF华夏
2022-04-21,2.593,2.569,2.618,2.552,8308242.0,510050,sh,上证50ETF华夏
2022-04-22,2.547,2.584,2.597,2.54,6094221.0,510050,sh,上证50ETF华夏
2022-04-25,2.529,2.451,2.547,2.449,12434371.0,510050,sh,上证50ETF华夏
2022-04-26,2.449,2.453,2.502,2.439,12322149.0,510050,sh,上证50ETF华夏
2022-04-27,2.451,2.503,2.507,2.447,13866748.0,510050,sh,上证50ETF华夏
2022-04-28,2.495,2.538,2.543,2.492,10805321.0,510050,sh,上证50ETF华夏
2022-04-29,2.55,2.582,2.596,2.514,8757637.0,510050,sh,上证50ETF华夏
2022-05-05,2.582,2.57,2.601,2.57,7757036.0,510050,sh,上证50ETF华夏
2022-05-06,2.532,2.492,2.537,2.486,9768213.0,510050,sh,上证50ETF华夏
2022-05-09,2.476,2.466,2.488,2.45,6909343.0,510050,sh,上证50ETF华夏
2022-05-10,2.438,2.49,2.509,2.417,8519659.0,510050,sh,上证50ETF华夏
2022-05-11,2.484,2.511,2.54,2.484,9274502.0,510050,sh,上证50ETF华夏
2022-05-12,2.499,2.491,2.511,2.485,5188620.0,510050,sh,上证50ETF华夏
2022-05-13,2.509,2.518,2.532,2.5,3986973.0,510050,sh,上证50ETF华夏
2022-05-16,2.534,2.491,2.536,2.48,5922819.0,510050,sh,上证50ETF华夏
2022-05-17,2.5,2.526,2.527,2.497,4675288.0,510050,sh,上证50ETF华夏
2022-05-18,2.536,2.517,2.536,2.491,5689127.0,510050,sh,上证50ETF华夏
2022-05-19,2.488,2.515,2.523,2.485,4461152.0,510050,sh,上证50ETF华夏
2022-05-20,2.531,2.582,2.584,2.529,8922726.0,510050,sh,上证50ETF华夏
2022-05-23,2.587,2.552,2.587,2.54,7093710.0,510050,sh,上证50ETF华夏
2022-05-24,2.553,2.509,2.558,2.505,7121113.0,510050,sh,上证50ETF华夏
2022-05-25,2.51,2.514,2.523,2.5,6089973.0,510050,sh,上证50ETF华夏
2022-05-26,2.519,2.514,2.542,2.487,5458059.0,510050,sh,上证50ETF华夏
2022-05-27,2.536,2.533,2.562,2.524,5396187.0,510050,sh,上证50ETF华夏
2022-05-30,2.554,2.547,2.562,2.539,6310445.0,510050,sh,上证50ETF华夏
2022-05-31,2.547,2.581,2.59,2.541,5362546.0,510050,sh,上证50ETF华夏
2022-06-01,2.584,2.571,2.584,2.555,5126843.0,510050,sh,上证50ETF华夏
2022-06-02,2.556,2.566,2.568,2.548,3672027.0,510050,sh,上证50ETF华夏
2022-06-06,2.567,2.599,2.599,2.535,5443270.0,510050,sh,上证50ETF华夏
2022-06-07,2.597,2.618,2.64,2.589,5776689.0,510050,sh,上证50ETF华夏
2022-06-08,2.626,2.652,2.664,2.623,5626272.0,510050,sh,上证50ETF华夏
2022-06-09,2.649,2.642,2.669,2.634,5398185.0,510050,sh,上证50ETF华夏
2022-06-10,2.624,2.675,2.684,2.618,4702392.0,510050,sh,上证50ETF华夏
2022-06-13,2.643,2.624,2.649,2.605,5931108.0,510050,sh,上证50ETF华夏
2022-06-14,2.598,2.663,2.665,2.588,7755881.0,510050,sh,上证50ETF华夏
2022-06-15,2.661,2.702,2.752,2.66,12271224.0,510050,sh,上证50ETF华夏
2022-06-16,2.711,2.675,2.718,2.669,4639964.0,510050,sh,上证50ETF华夏
2022-06-17,2.662,2.718,2.725,2.66,7152977.0,510050,sh,上证50ETF华夏
2022-06-20,2.722,2.712,2.743,2.691,6990889.0,510050,sh,上证50ETF华夏
2022-06-21,2.713,2.718,2.74,2.695,5710038.0,510050,sh,上证50ETF华夏
2022-06-22,2.721,2.687,2.724,2.685,3973503.0,510050,sh,上证50ETF华夏
2022-06-23,2.69,2.728,2.734,2.689,4486795.0,510050,sh,上证50ETF华夏
2022-06-24,2.741,2.767,2.779,2.735,5401597.0,510050,sh,上证50ETF华夏
2022-06-27,2.78,2.805,2.829,2.78,7580648.0,510050,sh,上证50ETF华夏
2022-06-28,2.806,2.832,2.89,2.787,4321871.0,510050,sh,上证50ETF华夏
2022-06-29,2.818,2.807,2.844,2.797,4558015.0,510050,sh,上证50ETF华夏
2022-06-30,2.806,2.858,2.889,2.806,5664875.0,510050,sh,上证50ETF华夏
2022-07-01,2.867,2.847,2.873,2.834,4184348.0,510050,sh,上证50ETF华夏
2022-07-04,2.834,2.852,2.854,2.81,3057820.0,510050,sh,上证50ETF华夏
2022-07-05,2.865,2.852,2.885,2.816,5602186.0,510050,sh,上证50ETF华夏
2022-07-06,2.844,2.8,2.846,2.783,4426048.0,510050,sh,上证50ETF华夏
2022-07-07,2.791,2.791,2.809,2.772,3829754.0,510050,sh,上证50ETF华夏
2022-07-08,2.811,2.795,2.828,2.793,2920431.0,510050,sh,上证50ETF华夏
2022-07-11,2.779,2.75,2.78,2.739,4341076.0,510050,sh,上证50ETF华夏
2022-07-12,2.745,2.733,2.764,2.723,4125209.0,510050,sh,上证50ETF华夏
2022-07-13,2.733,2.724,2.742,2.713,2916523.0,510050,sh,上证50ETF华夏
2022-07-14,2.72,2.704,2.727,2.691,4185122.0,510050,sh,上证50ETF华夏
2022-07-15,2.7,2.661,2.738,2.66,8027839.0,510050,sh,上证50ETF华夏
2022-07-18,2.667,2.7,2.708,2.653,4859841.0,510050,sh,上证50ETF华夏
2022-07-19,2.695,2.688,2.699,2.66,4961419.0,510050,sh,上证50ETF华夏
2022-07-20,2.704,2.697,2.711,2.689,4356377.0,510050,sh,上证50ETF华夏
2022-07-21,2.688,2.663,2.695,2.661,4332892.0,510050,sh,上证50ETF华夏
2022-07-22,2.67,2.676,2.701,2.654,6894781.0,510050,sh,上证50ETF华夏
2022-07-25,2.672,2.667,2.676,2.657,3948924.0,510050,sh,上证50ETF华夏
2022-07-26,2.671,2.68,2.693,2.671,3970741.0,510050,sh,上证50ETF华夏
2022-07-27,2.673,2.656,2.676,2.651,6246511.0,510050,sh,上证50ETF华夏
2022-07-28,2.668,2.655,2.694,2.653,8118063.0,510050,sh,上证50ETF华夏
2022-07-29,2.66,2.617,2.682,2.611,6098265.0,510050,sh,上证50ETF华夏
2022-08-01,2.61,2.607,2.621,2.591,4256154.0,510050,sh,上证50ETF华夏
2022-08-02,2.585,2.559,2.585,2.534,5940224.0,510050,sh,上证50ETF华夏
2022-08-03,2.565,2.539,2.582,2.533,5733683.0,510050,sh,上证50ETF华夏
2022-08-04,2.553,2.566,2.574,2.545,8675552.0,510050,sh,上证50ETF华夏
2022-08-05,2.577,2.604,2.609,2.564,6175030.0,510050,sh,上证50ETF华夏
2022-08-08,2.594,2.589,2.603,2.578,4133079.0,510050,sh,上证50ETF华夏
2022-08-09,2.588,2.59,2.596,2.58,3291964.0,510050,sh,上证50ETF华夏
2022-08-10,2.586,2.557,2.596,2.547,4344090.0,510050,sh,上证50ETF华夏
2022-08-11,2.57,2.615,2.618,2.563,6835070.0,510050,sh,上证50ETF华夏
2022-08-12,2.611,2.625,2.632,2.605,4601065.0,510050,sh,上证50ETF华夏
2022-08-15,2.613,2.609,2.642,2.607,2984686.0,510050,sh,上证50ETF华夏
2022-08-16,2.613,2.596,2.624,2.591,3147018.0,510050,sh,上证50ETF华夏
2022-08-17,2.596,2.612,2.621,2.577,3779948.0,510050,sh,上证50ETF华夏
2022-08-18,2.609,2.586,2.612,2.578,3829147.0,510050,sh,上证50ETF华夏
2022-08-19,2.581,2.581,2.601,2.577,3939699.0,510050,sh,上证50ETF华夏
2022-08-22,2.573,2.582,2.597,2.567,6197564.0,510050,sh,上证50ETF华夏
2022-08-23,2.583,2.563,2.589,2.555,5022697.0,510050,sh,上证50ETF华夏
2022-08-24,2.568,2.535,2.581,2.532,7685177.0,510050,sh,上证50ETF华夏
2022-08-25,2.542,2.582,2.588,2.536,7955267.0,510050,sh,上证50ETF华夏
2022-08-26,2.584,2.583,2.595,2.577,4635611.0,510050,sh,上证50ETF华夏
2022-08-29,2.558,2.561,2.57,2.549,3635049.0,510050,sh,上证50ETF华夏
2022-08-30,2.564,2.557,2.57,2.534,3630781.0,510050,sh,上证50ETF华夏
2022-08-31,2.545,2.59,2.612,2.543,7917504.0,510050,sh,上证50ETF华夏
2022-09-01,2.583,2.564,2.591,2.559,5907740.0,510050,sh,上证50ETF华夏
2022-09-02,2.568,2.541,2.572,2.526,8083528.0,510050,sh,上证50ETF华夏
2022-09-05,2.532,2.53,2.536,2.505,5031000.0,510050,sh,上证50ETF华夏
2022-09-06,2.534,2.553,2.556,2.532,5909974.0,510050,sh,上证50ETF华夏
2022-09-07,2.541,2.543,2.55,2.534,4643492.0,510050,sh,上证50ETF华夏
2022-09-08,2.546,2.537,2.556,2.536,4341481.0,510050,sh,上证50ETF华夏
2022-09-09,2.544,2.589,2.595,2.543,6878768.0,510050,sh,上证50ETF华夏
2022-09-13,2.598,2.597,2.613,2.582,6487625.0,510050,sh,上证50ETF华夏
2022-09-14,2.572,2.577,2.593,2.569,9081889.0,510050,sh,上证50ETF华夏
2022-09-15,2.583,2.573,2.599,2.56,12024532.0,510050,sh,上证50ETF华夏
2022-09-16,2.563,2.513,2.57,2.511,15936291.0,510050,sh,上证50ETF华夏
2022-09-19,2.506,2.508,2.524,2.499,8049654.0,510050,sh,上证50ETF华夏
2022-09-20,2.519,2.503,2.522,2.495,6232720.0,510050,sh,上证50ETF华夏
2022-09-21,2.494,2.48,2.502,2.47,5623311.0,510050,sh,上证50ETF华夏
2022-09-22,2.468,2.459,2.478,2.453,6582474.0,510050,sh,上证50ETF华夏
2022-09-23,2.455,2.461,2.48,2.448,6224873.0,510050,sh,上证50ETF华夏
2022-09-26,2.448,2.443,2.479,2.44,7749392.0,510050,sh,上证50ETF华夏
2022-09-27,2.446,2.47,2.474,2.437,7418856.0,510050,sh,上证50ETF华夏
2022-09-28,2.458,2.44,2.465,2.437,7378432.0,510050,sh,上证50ETF华夏
2022-09-29,2.457,2.44,2.472,2.425,7329518.0,510050,sh,上证50ETF华夏
2022-09-30,2.443,2.439,2.463,2.436,7514908.0,510050,sh,上证50ETF华夏
2022-10-10,2.439,2.375,2.442,2.369,7781606.0,510050,sh,上证50ETF华夏
2022-10-11,2.377,2.367,2.382,2.361,5033068.0,510050,sh,上证50ETF华夏
2022-10-12,2.369,2.383,2.387,2.307,8093946.0,510050,sh,上证50ETF华夏
2022-10-13,2.365,2.353,2.371,2.344,6414022.0,510050,sh,上证50ETF华夏
2022-10-14,2.375,2.414,2.426,2.371,10523433.0,510050,sh,上证50ETF华夏
2022-10-17,2.404,2.412,2.415,2.391,5228933.0,510050,sh,上证50ETF华夏
2022-10-18,2.425,2.397,2.43,2.393,4904993.0,510050,sh,上证50ETF华夏
2022-10-19,2.395,2.346,2.403,2.345,6385676.0,510050,sh,上证50ETF华夏
2022-10-20,2.331,2.333,2.367,2.323,7296327.0,510050,sh,上证50ETF华夏
2022-10-21,2.339,2.316,2.345,2.302,6320970.0,510050,sh,上证50ETF华夏
2022-10-24,2.309,2.228,2.326,2.213,17748113.0,510050,sh,上证50ETF华夏
2022-10-25,2.216,2.22,2.26,2.206,10930381.0,510050,sh,上证50ETF华夏
2022-10-26,2.22,2.228,2.268,2.219,13450190.0,510050,sh,上证50ETF华夏
2022-10-27,2.24,2.208,2.263,2.207,10885377.0,510050,sh,上证50ETF华夏
2022-10-28,2.192,2.154,2.208,2.149,11179536.0,510050,sh,上证50ETF华夏
2022-10-31,2.133,2.122,2.154,2.11,12195804.0,510050,sh,上证50ETF华夏
2022-11-01,2.131,2.225,2.227,2.131,13770242.0,510050,sh,上证50ETF华夏
2022-11-02,2.211,2.245,2.265,2.204,15672545.0,510050,sh,上证50ETF华夏
2022-11-03,2.227,2.214,2.236,2.201,9722300.0,510050,sh,上证50ETF华夏
2022-11-04,2.211,2.295,2.308,2.211,13133777.0,510050,sh,上证50ETF华夏
2022-11-07,2.278,2.304,2.32,2.275,11106737.0,510050,sh,上证50ETF华夏
2022-11-08,2.305,2.286,2.313,2.271,6605712.0,510050,sh,上证50ETF华夏
2022-11-09,2.286,2.267,2.3,2.261,6643329.0,510050,sh,上证50ETF华夏
2022-11-10,2.253,2.271,2.282,2.242,11678145.0,510050,sh,上证50ETF华夏
2022-11-11,2.339,2.344,2.378,2.31,16973693.0,510050,sh,上证50ETF华夏
2022-11-14,2.389,2.365,2.407,2.359,15486306.0,510050,sh,上证50ETF华夏
2022-11-15,2.356,2.414,2.424,2.353,12226143.0,510050,sh,上证50ETF华夏
2022-11-16,2.409,2.404,2.426,2.397,7806404.0,510050,sh,上证50ETF华夏
2022-11-17,2.393,2.389,2.399,2.36,10278700.0,510050,sh,上证50ETF华夏
2022-11-18,2.394,2.379,2.403,2.371,7524799.0,510050,sh,上证50ETF华夏
2022-11-21,2.357,2.346,2.359,2.315,8268059.0,510050,sh,上证50ETF华夏
2022-11-22,2.344,2.359,2.388,2.335,9408623.0,510050,sh,上证50ETF华夏
2022-11-23,2.355,2.364,2.384,2.349,9330573.0,510050,sh,上证50ETF华夏
2022-11-24,2.377,2.347,2.392,2.342,7119700.0,510050,sh,上证50ETF华夏
2022-11-25,2.344,2.374,2.384,2.341,6312891.0,510050,sh,上证50ETF华夏
2022-11-28,2.326,2.329,2.337,2.287,10288461.0,510050,sh,上证50ETF华夏
2022-11-29,2.355,2.437,2.439,2.355,14043227.0,510050,sh,上证50ETF华夏
2022-11-30,2.427,2.434,2.452,2.423,7005994.0,510050,sh,上证50ETF华夏
2022-12-01,2.486,2.458,2.511,2.457,7735662.0,510050,sh,上证50ETF华夏
2022-12-02,2.456,2.443,2.462,2.439,8205385.0,510050,sh,上证50ETF华夏
2022-12-05,2.474,2.506,2.507,2.461,10830216.0,510050,sh,上证50ETF华夏
2022-12-06,2.499,2.514,2.533,2.488,8166305.0,510050,sh,上证50ETF华夏
2022-12-07,2.506,2.497,2.536,2.488,9127565.0,510050,sh,上证50ETF华夏
2022-12-08,2.494,2.503,2.511,2.49,4527157.0,510050,sh,上证50ETF华夏
2022-12-09,2.505,2.534,2.542,2.49,7896590.0,510050,sh,上证50ETF华夏
2022-12-12,2.515,2.502,2.527,2.497,4831705.0,510050,sh,上证50ETF华夏
2022-12-13,2.503,2.505,2.518,2.498,3551560.0,510050,sh,上证50ETF华夏
2022-12-14,2.505,2.522,2.531,2.494,7044531.0,510050,sh,上证50ETF华夏
2022-12-15,2.52,2.508,2.533,2.494,5400836.0,510050,sh,上证50ETF华夏
2022-12-16,2.499,2.519,2.524,2.496,5504957.0,510050,sh,上证50ETF华夏
2022-12-19,2.523,2.479,2.531,2.469,7931807.0,510050,sh,上证50ETF华夏
2022-12-20,2.47,2.433,2.474,2.411,8140172.0,510050,sh,上证50ETF华夏
2022-12-21,2.434,2.438,2.448,2.433,5486897.0,510050,sh,上证50ETF华夏
2022-12-22,2.458,2.455,2.477,2.44,5840745.0,510050,sh,上证50ETF华夏
2022-12-23,2.44,2.448,2.463,2.431,7678328.0,510050,sh,上证50ETF华夏
2022-12-26,2.449,2.438,2.459,2.434,4623437.0,510050,sh,上证50ETF华夏
2022-12-27,2.465,2.468,2.476,2.452,7312860.0,510050,sh,上证50ETF华夏
2022-12-28,2.464,2.475,2.482,2.455,7116068.0,510050,sh,上证50ETF华夏
2022-12-29,2.46,2.461,2.465,2.439,6529419.0,510050,sh,上证50ETF华夏
2022-12-30,2.472,2.475,2.486,2.469,5732132.0,510050,sh,上证50ETF华夏
2023-01-03,2.466,2.477,2.485,2.441,6994091.0,510050,sh,上证50ETF华夏
2023-01-04,2.478,2.486,2.494,2.472,6811505.0,510050,sh,上证50ETF华夏
2023-01-05,2.506,2.536,2.541,2.502,7673493.0,510050,sh,上证50ETF华夏
2023-01-06,2.538,2.551,2.557,2.535,5207344.0,510050,sh,上证50ETF华夏
2023-01-09,2.56,2.576,2.584,2.557,5767041.0,510050,sh,上证50ETF华夏
2023-01-10,2.576,2.568,2.584,2.566,3703964.0,510050,sh,上证50ETF华夏
2023-01-11,2.572,2.574,2.596,2.568,5501241.0,510050,sh,上证50ETF华夏
2023-01-12,2.583,2.58,2.587,2.568,3760025.0,510050,sh,上证50ETF华夏
2023-01-13,2.588,2.625,2.626,2.584,6211516.0,510050,sh,上证50ETF华夏
2023-01-16,2.627,2.673,2.707,2.626,14942685.0,510050,sh,上证50ETF华夏
2023-01-17,2.671,2.664,2.676,2.65,7745356.0,510050,sh,上证50ETF华夏
2023-01-18,2.665,2.645,2.676,2.642,4374145.0,510050,sh,上证50ETF华夏
2023-01-19,2.637,2.655,2.657,2.62,10608961.0,510050,sh,上证50ETF华夏
2023-01-20,2.664,2.674,2.684,2.657,5153371.0,510050,sh,上证50ETF华夏
2023-01-30,2.726,2.675,2.731,2.669,7222290.0,510050,sh,上证50ETF华夏
2023-01-31,2.676,2.645,2.691,2.64,10023087.0,510050,sh,上证50ETF华夏
2023-02-01,2.652,2.656,2.657,2.613,8801468.0,510050,sh,上证50ETF华夏
2023-02-02,2.665,2.65,2.666,2.631,6050659.0,510050,sh,上证50ETF华夏
2023-02-03,2.632,2.609,2.641,2.586,7186050.0,510050,sh,上证50ETF华夏
2023-02-06,2.582,2.565,2.583,2.55,8026408.0,510050,sh,上证50ETF华夏
2023-02-07,2.574,2.573,2.585,2.563,5385890.0,510050,sh,上证50ETF华夏
2023-02-08,2.576,2.566,2.595,2.562,4116146.0,510050,sh,上证50ETF华夏
2023-02-09,2.562,2.595,2.602,2.56,7419446.0,510050,sh,上证50ETF华夏
2023-02-10,2.588,2.583,2.591,2.572,4470684.0,510050,sh,上证50ETF华夏
2023-02-13,2.572,2.601,2.605,2.564,6914539.0,510050,sh,上证50ETF华夏
2023-02-14,2.602,2.612,2.613,2.593,3698114.0,510050,sh,上证50ETF华夏
2023-02-15,2.611,2.586,2.617,2.581,4629191.0,510050,sh,上证50ETF华夏
2023-02-16,2.59,2.576,2.623,2.557,9284073.0,510050,sh,上证50ETF华夏
2023-02-17,2.571,2.547,2.593,2.544,8286179.0,510050,sh,上证50ETF华夏
2023-02-20,2.555,2.624,2.627,2.548,16163012.0,510050,sh,上证50ETF华夏
2023-02-21,2.623,2.638,2.642,2.614,12571254.0,510050,sh,上证50ETF华夏
2023-02-22,2.624,2.601,2.631,2.598,9068767.0,510050,sh,上证50ETF华夏
2023-02-23,2.604,2.6,2.623,2.588,5492708.0,510050,sh,上证50ETF华夏
2023-02-24,2.599,2.562,2.599,2.553,5845899.0,510050,sh,上证50ETF华夏
2023-02-27,2.549,2.559,2.571,2.545,3753529.0,510050,sh,上证50ETF华夏
2023-02-28,2.565,2.572,2.575,2.534,5747270.0,510050,sh,上证50ETF华夏
2023-03-01,2.57,2.603,2.618,2.563,10752492.0,510050,sh,上证50ETF华夏
2023-03-02,2.598,2.602,2.616,2.593,4911639.0,510050,sh,上证50ETF华夏
2023-03-03,2.611,2.605,2.618,2.589,5105758.0,510050,sh,上证50ETF华夏
2023-03-06,2.605,2.575,2.606,2.566,6715824.0,510050,sh,上证50ETF华夏
2023-03-07,2.57,2.544,2.593,2.541,8496081.0,510050,sh,上证50ETF华夏
2023-03-08,2.534,2.523,2.536,2.511,6506472.0,510050,sh,上证50ETF华夏
2023-03-09,2.524,2.504,2.527,2.49,9251809.0,510050,sh,上证50ETF华夏
2023-03-10,2.487,2.468,2.5,2.466,7825452.0,510050,sh,上证50ETF华夏
2023-03-13,2.466,2.495,2.505,2.466,5792902.0,510050,sh,上证50ETF华夏
2023-03-14,2.492,2.477,2.492,2.459,6653105.0,510050,sh,上证50ETF华夏
2023-03-15,2.496,2.478,2.505,2.477,6798532.0,510050,sh,上证50ETF华夏
2023-03-16,2.463,2.453,2.481,2.451,6448527.0,510050,sh,上证50ETF华夏
2023-03-17,2.472,2.463,2.506,2.449,11076690.0,510050,sh,上证50ETF华夏
2023-03-20,2.466,2.446,2.477,2.444,5590149.0,510050,sh,上证50ETF华夏
2023-03-21,2.456,2.473,2.478,2.454,8774690.0,510050,sh,上证50ETF华夏
2023-03-22,2.48,2.482,2.497,2.473,7796569.0,510050,sh,上证50ETF华夏
2023-03-23,2.473,2.499,2.5,2.473,4218210.0,510050,sh,上证50ETF华夏
2023-03-24,2.495,2.486,2.497,2.479,4224136.0,510050,sh,上证50ETF华夏
2023-03-27,2.481,2.469,2.488,2.459,4972088.0,510050,sh,上证50ETF华夏
2023-03-28,2.475,2.47,2.483,2.463,4814232.0,510050,sh,上证50ETF华夏
2023-03-29,2.486,2.466,2.49,2.462,4370344.0,510050,sh,上证50ETF华夏
2023-03-30,2.466,2.498,2.499,2.459,5811136.0,510050,sh,上证50ETF华夏
2023-03-31,2.501,2.495,2.514,2.489,5827104.0,510050,sh,上证50ETF华夏
2023-04-03,2.495,2.498,2.506,2.484,5775600.0,510050,sh,上证50ETF华夏
2023-04-04,2.501,2.508,2.509,2.489,5277525.0,510050,sh,上证50ETF华夏
2023-04-06,2.497,2.496,2.505,2.488,5102223.0,510050,sh,上证50ETF华夏
2023-04-07,2.496,2.515,2.525,2.495,4394099.0,510050,sh,上证50ETF华夏
2023-04-10,2.52,2.516,2.523,2.503,4274875.0,510050,sh,上证50ETF华夏
2023-04-11,2.518,2.51,2.525,2.5,5134756.0,510050,sh,上证50ETF华夏
2023-04-12,2.512,2.495,2.514,2.493,3529873.0,510050,sh,上证50ETF华夏
2023-04-13,2.489,2.499,2.506,2.482,4260967.0,510050,sh,上证50ETF华夏
2023-04-14,2.506,2.51,2.522,2.5,3758752.0,510050,sh,上证50ETF华夏
2023-04-17,2.51,2.564,2.565,2.506,8260096.0,510050,sh,上证50ETF华夏
2023-04-18,2.561,2.574,2.582,2.557,6840900.0,510050,sh,上证50ETF华夏
2023-04-19,2.575,2.55,2.579,2.547,7059403.0,510050,sh,上证50ETF华夏
2023-04-20,2.55,2.532,2.552,2.525,9927785.0,510050,sh,上证50ETF华夏
2023-04-21,2.534,2.485,2.535,2.481,6940428.0,510050,sh,上证50ETF华夏
2023-04-24,2.484,2.449,2.488,2.439,6537842.0,510050,sh,上证50ETF华夏
2023-04-25,2.452,2.448,2.458,2.427,6843514.0,510050,sh,上证50ETF华夏
2023-04-26,2.448,2.445,2.456,2.437,9901829.0,510050,sh,上证50ETF华夏
2023-04-27,2.445,2.482,2.49,2.443,6106726.0,510050,sh,上证50ETF华夏
2023-04-28,2.482,2.506,2.513,2.482,5385948.0,510050,sh,上证50ETF华夏
2023-05-04,2.496,2.521,2.524,2.483,8033274.0,510050,sh,上证50ETF华夏
2023-05-05,2.525,2.513,2.533,2.501,4276098.0,510050,sh,上证50ETF华夏
2023-05-08,2.516,2.55,2.556,2.513,7718973.0,510050,sh,上证50ETF华夏
2023-05-09,2.554,2.532,2.578,2.531,9460392.0,510050,sh,上证50ETF华夏
2023-05-10,2.528,2.5,2.538,2.499,12671442.0,510050,sh,上证50ETF华夏
2023-05-11,2.509,2.494,2.516,2.49,3414709.0,510050,sh,上证50ETF华夏
2023-05-12,2.491,2.457,2.499,2.456,8381463.0,510050,sh,上证50ETF华夏
2023-05-15,2.456,2.506,2.507,2.449,7365413.0,510050,sh,上证50ETF华夏
2023-05-16,2.508,2.5,2.514,2.49,4139537.0,510050,sh,上证50ETF华夏
2023-05-17,2.497,2.475,2.503,2.469,6463838.0,510050,sh,上证50ETF华夏
2023-05-18,2.481,2.471,2.494,2.461,5001811.0,510050,sh,上证50ETF华夏
2023-05-19,2.463,2.46,2.48,2.44,4895589.0,510050,sh,上证50ETF华夏
2023-05-22,2.458,2.485,2.499,2.456,6057546.0,510050,sh,上证50ETF华夏
2023-05-23,2.489,2.443,2.491,2.442,5679884.0,510050,sh,上证50ETF华夏
2023-05-24,2.439,2.403,2.442,2.402,10255726.0,510050,sh,上证50ETF华夏
2023-05-25,2.399,2.391,2.402,2.37,5672705.0,510050,sh,上证50ETF华夏
2023-05-26,2.389,2.389,2.4,2.363,4895198.0,510050,sh,上证50ETF华夏
2023-05-29,2.396,2.378,2.401,2.367,4874390.0,510050,sh,上证50ETF华夏
2023-05-30,2.377,2.367,2.386,2.337,7733127.0,510050,sh,上证50ETF华夏
2023-05-31,2.354,2.326,2.356,2.32,8220069.0,510050,sh,上证50ETF华夏
2023-06-01,2.321,2.331,2.357,2.321,7441608.0,510050,sh,上证50ETF华夏
2023-06-02,2.346,2.374,2.381,2.344,6348895.0,510050,sh,上证50ETF华夏
2023-06-05,2.368,2.362,2.375,2.353,3673219.0,510050,sh,上证50ETF华夏
2023-06-06,2.361,2.349,2.395,2.347,6088878.0,510050,sh,上证50ETF华夏
2023-06-07,2.359,2.348,2.371,2.337,4196962.0,510050,sh,上证50ETF华夏
2023-06-08,2.344,2.373,2.384,2.337,6065365.0,510050,sh,上证50ETF华夏
2023-06-09,2.376,2.381,2.387,2.371,6736898.0,510050,sh,上证50ETF华夏
2023-06-12,2.38,2.381,2.394,2.362,6983175.0,510050,sh,上证50ETF华夏
2023-06-13,2.377,2.39,2.393,2.367,3495467.0,510050,sh,上证50ETF华夏
2023-06-14,2.391,2.389,2.412,2.388,6419380.0,510050,sh,上证50ETF华夏
2023-06-15,2.396,2.428,2.429,2.395,4757356.0,510050,sh,上证50ETF华夏
2023-06-16,2.43,2.451,2.457,2.429,5528363.0,510050,sh,上证50ETF华夏
2023-06-19,2.448,2.419,2.448,2.415,3904649.0,510050,sh,上证50ETF华夏
2023-06-20,2.415,2.407,2.424,2.402,3313576.0,510050,sh,上证50ETF华夏
2023-06-21,2.401,2.38,2.41,2.378,5095436.0,510050,sh,上证50ETF华夏
2023-06-26,2.366,2.352,2.367,2.345,8211922.0,510050,sh,上证50ETF华夏
2023-06-27,2.352,2.367,2.374,2.343,6029772.0,510050,sh,上证50ETF华夏
2023-06-28,2.361,2.376,2.377,2.353,7991543.0,510050,sh,上证50ETF华夏
2023-06-29,2.372,2.361,2.378,2.355,3358439.0,510050,sh,上证50ETF华夏
2023-06-30,2.36,2.368,2.383,2.355,4238520.0,510050,sh,上证50ETF华夏
2023-07-03,2.374,2.406,2.41,2.371,5354347.0,510050,sh,上证50ETF华夏
2023-07-04,2.406,2.41,2.411,2.399,2348901.0,510050,sh,上证50ETF华夏
2023-07-05,2.406,2.395,2.412,2.39,2908181.0,510050,sh,上证50ETF华夏
2023-07-06,2.388,2.376,2.401,2.371,2755416.0,510050,sh,上证50ETF华夏
2023-07-07,2.37,2.365,2.375,2.358,3569697.0,510050,sh,上证50ETF华夏
2023-07-10,2.377,2.378,2.397,2.37,3498717.0,510050,sh,上证50ETF华夏
2023-07-11,2.389,2.395,2.399,2.381,3773715.0,510050,sh,上证50ETF华夏
2023-07-12,2.398,2.394,2.408,2.388,3521039.0,510050,sh,上证50ETF华夏
2023-07-13,2.408,2.435,2.435,2.406,5388172.0,510050,sh,上证50ETF华夏
2023-07-14,2.44,2.435,2.444,2.43,3647546.0,510050,sh,上证50ETF华夏
2023-07-17,2.429,2.41,2.429,2.401,5906522.0,510050,sh,上证50ETF华夏
2023-07-18,2.413,2.407,2.417,2.398,2838368.0,510050,sh,上证50ETF华夏
2023-07-19,2.401,2.416,2.417,2.4,3540793.0,510050,sh,上证50ETF华夏
2023-07-20,2.419,2.402,2.435,2.399,4706573.0,510050,sh,上证50ETF华夏
2023-07-21,2.404,2.412,2.427,2.396,7338594.0,510050,sh,上证50ETF华夏
2023-07-24,2.394,2.399,2.41,2.389,3874085.0,510050,sh,上证50ETF华夏
2023-07-25,2.435,2.481,2.481,2.435,15317271.0,510050,sh,上证50ETF华夏
2023-07-26,2.476,2.478,2.482,2.468,4870458.0,510050,sh,上证50ETF华夏
2023-07-27,2.482,2.479,2.497,2.468,7878832.0,510050,sh,上证50ETF华夏
2023-07-28,2.463,2.553,2.562,2.463,11175666.0,510050,sh,上证50ETF华夏
2023-07-31,2.572,2.557,2.609,2.549,9765852.0,510050,sh,上证50ETF华夏
2023-08-01,2.553,2.549,2.576,2.542,7118587.0,510050,sh,上证50ETF华夏
2023-08-02,2.544,2.524,2.557,2.516,8588072.0,510050,sh,上证50ETF华夏
2023-08-03,2.522,2.549,2.551,2.516,8015844.0,510050,sh,上证50ETF华夏
2023-08-04,2.574,2.551,2.59,2.549,9632960.0,510050,sh,上证50ETF华夏
2023-08-07,2.537,2.54,2.543,2.527,9506790.0,510050,sh,上证50ETF华夏
2023-08-08,2.531,2.535,2.552,2.516,8158148.0,510050,sh,上证50ETF华夏
2023-08-09,2.526,2.535,2.544,2.524,9569187.0,510050,sh,上证50ETF华夏
2023-08-10,2.53,2.532,2.538,2.512,6707250.0,510050,sh,上证50ETF华夏
2023-08-11,2.532,2.468,2.534,2.466,13165393.0,510050,sh,上证50ETF华夏
2023-08-14,2.441,2.448,2.454,2.427,7019116.0,510050,sh,上证50ETF华夏
2023-08-15,2.446,2.449,2.458,2.423,7496054.0,510050,sh,上证50ETF华夏
2023-08-16,2.434,2.43,2.452,2.429,6914164.0,510050,sh,上证50ETF华夏
2023-08-17,2.42,2.436,2.444,2.409,8036682.0,510050,sh,上证50ETF华夏
2023-08-18,2.436,2.406,2.447,2.405,10098946.0,510050,sh,上证50ETF华夏
2023-08-21,2.403,2.373,2.41,2.373,7743154.0,510050,sh,上证50ETF华夏
2023-08-22,2.381,2.393,2.405,2.362,9507972.0,510050,sh,上证50ETF华夏
2023-08-23,2.385,2.361,2.395,2.355,9881186.0,510050,sh,上证50ETF华夏
2023-08-24,2.365,2.379,2.398,2.364,6658206.0,510050,sh,上证50ETF华夏
2023-08-25,2.371,2.389,2.406,2.368,7899690.0,510050,sh,上证50ETF华夏
2023-08-28,2.532,2.422,2.536,2.409,18693566.0,510050,sh,上证50ETF华夏
2023-08-29,2.416,2.432,2.452,2.413,10784132.0,510050,sh,上证50ETF华夏
2023-08-30,2.436,2.425,2.443,2.421,6663610.0,510050,sh,上证50ETF华夏
2023-08-31,2.426,2.416,2.435,2.408,5513696.0,510050,sh,上证50ETF华夏
2023-09-01,2.427,2.436,2.45,2.426,8072719.0,510050,sh,上证50ETF华夏
2023-09-04,2.459,2.484,2.488,2.45,9662526.0,510050,sh,上证50ETF华夏
2023-09-05,2.475,2.467,2.476,2.462,4896198.0,510050,sh,上证50ETF华夏
2023-09-06,2.457,2.463,2.468,2.449,4522422.0,510050,sh,上证50ETF华夏
2023-09-07,2.457,2.437,2.459,2.432,4488510.0,510050,sh,上证50ETF华夏
2023-09-08,2.429,2.422,2.435,2.415,5168458.0,510050,sh,上证50ETF华夏
2023-09-11,2.422,2.439,2.455,2.42,4845495.0,510050,sh,上证50ETF华夏
2023-09-12,2.436,2.435,2.441,2.43,3086228.0,510050,sh,上证50ETF华夏
2023-09-13,2.434,2.427,2.446,2.41,6615026.0,510050,sh,上证50ETF华夏
2023-09-14,2.43,2.434,2.443,2.42,5656313.0,510050,sh,上证50ETF华夏
2023-09-15,2.441,2.422,2.451,2.412,11259270.0,510050,sh,上证50ETF华夏
2023-09-18,2.417,2.436,2.437,2.406,5115627.0,510050,sh,上证50ETF华夏
2023-09-19,2.434,2.435,2.439,2.42,4086633.0,510050,sh,上证50ETF华夏
2023-09-20,2.432,2.423,2.434,2.422,5407676.0,510050,sh,上证50ETF华夏
2023-09-21,2.416,2.398,2.425,2.397,6361265.0,510050,sh,上证50ETF华夏
2023-09-22,2.396,2.46,2.461,2.392,12486141.0,510050,sh,上证50ETF华夏
2023-09-25,2.453,2.435,2.454,2.431,6306563.0,510050,sh,上证50ETF华夏
2023-09-26,2.433,2.418,2.439,2.416,5389943.0,510050,sh,上证50ETF华夏
2023-09-27,2.417,2.43,2.442,2.417,7877179.0,510050,sh,上证50ETF华夏
2023-09-28,2.435,2.409,2.438,2.406,9018754.0,510050,sh,上证50ETF华夏
2023-10-09,2.404,2.401,2.407,2.377,7094741.0,510050,sh,上证50ETF华夏
2023-10-10,2.411,2.385,2.421,2.383,6393301.0,510050,sh,上证50ETF华夏
2023-10-11,2.399,2.393,2.406,2.388,4995536.0,510050,sh,上证50ETF华夏
2023-10-12,2.418,2.417,2.429,2.406,6471168.0,510050,sh,上证50ETF华夏
2023-10-13,2.399,2.392,2.401,2.386,6273821.0,510050,sh,上证50ETF华夏
2023-10-16,2.394,2.369,2.396,2.362,5455743.0,510050,sh,上证50ETF华夏
2023-10-17,2.374,2.379,2.382,2.364,5123652.0,510050,sh,上证50ETF华夏
2023-10-18,2.376,2.369,2.382,2.365,6448572.0,510050,sh,上证50ETF华夏
2023-10-19,2.356,2.3,2.356,2.297,15488621.0,510050,sh,上证50ETF华夏
2023-10-20,2.29,2.286,2.3,2.277,9673340.0,510050,sh,上证50ETF华夏
2023-10-23,2.281,2.267,2.288,2.247,11724096.0,510050,sh,上证50ETF华夏
2023-10-24,2.273,2.275,2.282,2.253,8044666.0,510050,sh,上证50ETF华夏
2023-10-25,2.301,2.287,2.312,2.283,11670341.0,510050,sh,上证50ETF华夏
2023-10-26,2.278,2.296,2.299,2.276,5877751.0,510050,sh,上证50ETF华夏
2023-10-27,2.289,2.32,2.33,2.283,6742575.0,510050,sh,上证50ETF华夏
2023-10-30,2.311,2.318,2.325,2.306,5615286.0,510050,sh,上证50ETF华夏
2023-10-31,2.313,2.314,2.318,2.302,6983907.0,510050,sh,上证50ETF华夏
2023-11-01,2.354,2.323,2.356,2.317,10050692.0,510050,sh,上证50ETF华夏
2023-11-02,2.329,2.319,2.343,2.318,4396058.0,510050,sh,上证50ETF华夏
2023-11-03,2.323,2.339,2.346,2.321,4454147.0,510050,sh,上证50ETF华夏
2023-11-06,2.354,2.359,2.364,2.347,5701929.0,510050,sh,上证50ETF华夏
2023-11-07,2.354,2.348,2.355,2.34,5112930.0,510050,sh,上证50ETF华夏
2023-11-08,2.341,2.34,2.353,2.327,4980410.0,510050,sh,上证50ETF华夏
2023-11-09,2.333,2.34,2.348,2.331,5394368.0,510050,sh,上证50ETF华夏
2023-11-10,2.331,2.316,2.333,2.311,5938621.0,510050,sh,上证50ETF华夏
2023-11-13,2.32,2.31,2.323,2.297,4960145.0,510050,sh,上证50ETF华夏
2023-11-14,2.314,2.308,2.322,2.298,5508289.0,510050,sh,上证50ETF华夏
2023-11-15,2.326,2.329,2.335,2.32,7149495.0,510050,sh,上证50ETF华夏
2023-11-16,2.327,2.304,2.327,2.302,7976905.0,510050,sh,上证50ETF华夏
2023-11-17,2.299,2.3,2.304,2.279,28054255.0,510050,sh,上证50ETF华夏
2023-11-20,2.298,2.306,2.315,2.284,7063421.0,510050,sh,上证50ETF华夏
2023-11-21,2.313,2.318,2.335,2.311,8004787.0,510050,sh,上证50ETF华夏
2023-11-22,2.311,2.297,2.316,2.296,6009052.0,510050,sh,上证50ETF华夏
2023-11-23,2.296,2.306,2.31,2.286,5408029.0,510050,sh,上证50ETF华夏
2023-11-24,2.301,2.293,2.304,2.289,6429471.0,510050,sh,上证50ETF华夏
2023-11-27,2.291,2.272,2.292,2.256,6475224.0,510050,sh,上证50ETF华夏
2023-11-28,2.268,2.271,2.274,2.26,5105589.0,510050,sh,上证50ETF华夏
2023-11-29,2.272,2.26,2.276,2.249,14102669.0,510050,sh,上证50ETF华夏
2023-11-30,2.258,2.266,2.271,2.255,5498243.0,510050,sh,上证50ETF华夏
2023-12-01,2.265,2.25,2.265,2.231,16372300.0,510050,sh,上证50ETF华夏
2023-12-04,2.253,2.232,2.253,2.231,6021258.0,510050,sh,上证50ETF华夏
2023-12-05,2.227,2.184,2.228,2.182,9668267.0,510050,sh,上证50ETF华夏
2023-12-06,2.18,2.182,2.197,2.171,7242915.0,510050,sh,上证50ETF华夏
2023-12-07,2.178,2.172,2.182,2.157,8458436.0,510050,sh,上证50ETF华夏
2023-12-08,2.173,2.179,2.188,2.168,5784336.0,510050,sh,上证50ETF华夏
2023-12-11,2.165,2.189,2.199,2.142,13889477.0,510050,sh,上证50ETF华夏
2023-12-12,2.183,2.202,2.205,2.179,12710683.0,510050,sh,上证50ETF华夏
2023-12-13,2.195,2.156,2.196,2.155,9165594.0,510050,sh,上证50ETF华夏
2023-12-14,2.169,2.145,2.177,2.143,7997255.0,510050,sh,上证50ETF华夏
2023-12-15,2.156,2.146,2.18,2.139,11945294.0,510050,sh,上证50ETF华夏
2023-12-18,2.135,2.148,2.157,2.123,7464831.0,510050,sh,上证50ETF华夏
2023-12-19,2.145,2.151,2.162,2.135,7834450.0,510050,sh,上证50ETF华夏
2023-12-20,2.156,2.138,2.16,2.136,7118853.0,510050,sh,上证50ETF华夏
2023-12-21,2.128,2.164,2.17,2.128,14034940.0,510050,sh,上证50ETF华夏
2023-12-22,2.162,2.172,2.186,2.152,17711173.0,510050,sh,上证50ETF华夏
2023-12-25,2.171,2.173,2.179,2.165,8254433.0,510050,sh,上证50ETF华夏
2023-12-26,2.173,2.164,2.174,2.156,10013610.0,510050,sh,上证50ETF华夏
2023-12-27,2.164,2.167,2.173,2.15,11402150.0,510050,sh,上证50ETF华夏
2023-12-28,2.165,2.219,2.225,2.163,13067198.0,510050,sh,上证50ETF华夏
2023-12-29,2.215,2.22,2.23,2.21,9174642.0,510050,sh,上证50ETF华夏
2024-01-02,2.221,2.192,2.221,2.191,7873101.0,510050,sh,上证50ETF华夏
2024-01-03,2.189,2.197,2.201,2.185,6276761.0,510050,sh,上证50ETF华夏
2024-01-04,2.196,2.179,2.197,2.16,9061636.0,510050,sh,上证50ETF华夏
2024-01-05,2.173,2.168,2.197,2.155,10194159.0,510050,sh,上证50ETF华夏
2024-01-08,2.165,2.143,2.174,2.139,8887650.0,510050,sh,上证50ETF华夏
2024-01-09,2.146,2.145,2.151,2.134,8539230.0,510050,sh,上证50ETF华夏
2024-01-10,2.14,2.135,2.158,2.131,8002375.0,510050,sh,上证50ETF华夏
2024-01-11,2.134,2.14,2.152,2.126,7518734.0,510050,sh,上证50ETF华夏
2024-01-12,2.133,2.137,2.152,2.129,5938060.0,510050,sh,上证50ETF华夏
2024-01-15,2.128,2.137,2.158,2.125,5665875.0,510050,sh,上证50ETF华夏
2024-01-16,2.133,2.149,2.15,2.122,11365268.0,510050,sh,上证50ETF华夏
2024-01-17,2.14,2.099,2.142,2.097,12722519.0,510050,sh,上证50ETF华夏
2024-01-18,2.09,2.139,2.143,2.061,48256572.0,510050,sh,上证50ETF华夏
2024-01-19,2.124,2.147,2.152,2.115,37844813.0,510050,sh,上证50ETF华夏
2024-01-22,2.139,2.126,2.157,2.103,28731502.0,510050,sh,上证50ETF华夏
2024-01-23,2.12,2.123,2.139,2.101,14307000.0,510050,sh,上证50ETF华夏
2024-01-24,2.134,2.16,2.165,2.109,16299793.0,510050,sh,上证50ETF华夏
2024-01-25,2.161,2.212,2.217,2.156,15457903.0,510050,sh,上证50ETF华夏
2024-01-26,2.205,2.215,2.224,2.197,24310874.0,510050,sh,上证50ETF华夏
2024-01-29,2.215,2.207,2.228,2.204,11633523.0,510050,sh,上证50ETF华夏
2024-01-30,2.195,2.171,2.203,2.169,12781779.0,510050,sh,上证50ETF华夏
2024-01-31,2.163,2.157,2.174,2.141,19494492.0,510050,sh,上证50ETF华夏
2024-02-01,2.146,2.148,2.17,2.138,20151254.0,510050,sh,上证50ETF华夏
2024-02-02,2.149,2.133,2.164,2.078,21091627.0,510050,sh,上证50ETF华夏
2024-02-05,2.118,2.154,2.168,2.099,16359863.0,510050,sh,上证50ETF华夏
2024-02-06,2.146,2.216,2.224,2.144,23857265.0,510050,sh,上证50ETF华夏
2024-02-07,2.22,2.245,2.246,2.203,29994877.0,510050,sh,上证50ETF华夏
2024-02-08,2.254,2.25,2.26,2.231,32903829.0,510050,sh,上证50ETF华夏
2024-02-19,2.263,2.268,2.269,2.247,17493531.0,510050,sh,上证50ETF华夏
2024-02-20,2.264,2.267,2.271,2.252,9881649.0,510050,sh,上证50ETF华夏
2024-02-21,2.26,2.309,2.34,2.256,19576886.0,510050,sh,上证50ETF华夏
2024-02-22,2.305,2.331,2.334,2.303,8735502.0,510050,sh,上证50ETF华夏
2024-02-23,2.331,2.332,2.348,2.324,10611448.0,510050,sh,上证50ETF华夏
2024-02-26,2.329,2.291,2.33,2.286,19025108.0,510050,sh,上证50ETF华夏
2024-02-27,2.283,2.303,2.304,2.281,12488100.0,510050,sh,上证50ETF华夏
2024-02-28,2.303,2.289,2.319,2.287,17928480.0,510050,sh,上证50ETF华夏
2024-02-29,2.282,2.309,2.313,2.282,12861036.0,510050,sh,上证50ETF华夏
2024-03-01,2.305,2.313,2.321,2.296,11914239.0,510050,sh,上证50ETF华夏
2024-03-04,2.309,2.316,2.323,2.303,12735646.0,510050,sh,上证50ETF华夏
2024-03-05,2.307,2.346,2.352,2.304,24326536.0,510050,sh,上证50ETF华夏
2024-03-06,2.343,2.333,2.35,2.332,15001291.0,510050,sh,上证50ETF华夏
2024-03-07,2.331,2.325,2.346,2.316,9681971.0,510050,sh,上证50ETF华夏
2024-03-08,2.325,2.325,2.334,2.308,8131796.0,510050,sh,上证50ETF华夏
2024-03-11,2.325,2.344,2.345,2.316,10377410.0,510050,sh,上证50ETF华夏
2024-03-12,2.344,2.35,2.359,2.337,16067259.0,510050,sh,上证50ETF华夏
2024-03-13,2.346,2.33,2.347,2.318,10131920.0,510050,sh,上证50ETF华夏
2024-03-14,2.329,2.324,2.346,2.314,8526481.0,510050,sh,上证50ETF华夏
2024-03-15,2.316,2.326,2.331,2.307,10234260.0,510050,sh,上证50ETF华夏
2024-03-18,2.324,2.336,2.34,2.319,8959254.0,510050,sh,上证50ETF华夏
2024-03-19,2.331,2.319,2.341,2.314,9932093.0,510050,sh,上证50ETF华夏
2024-03-20,2.312,2.325,2.332,2.307,8084708.0,510050,sh,上证50ETF华夏
2024-03-21,2.33,2.325,2.342,2.324,6084785.0,510050,sh,上证50ETF华夏
2024-03-22,2.32,2.303,2.322,2.285,14666309.0,510050,sh,上证50ETF华夏
2024-03-25,2.298,2.302,2.318,2.293,7060301.0,510050,sh,上证50ETF华夏
2024-03-26,2.304,2.311,2.315,2.298,7279260.0,510050,sh,上证50ETF华夏
2024-03-27,2.306,2.298,2.321,2.297,8445248.0,510050,sh,上证50ETF华夏
2024-03-28,2.296,2.303,2.324,2.285,11681462.0,510050,sh,上证50ETF华夏
2024-03-29,2.3,2.314,2.318,2.299,6343347.0,510050,sh,上证50ETF华夏
2024-04-01,2.32,2.34,2.35,2.32,9645423.0,510050,sh,上证50ETF华夏
2024-04-02,2.341,2.336,2.346,2.328,6630532.0,510050,sh,上证50ETF华夏
2024-04-03,2.337,2.328,2.339,2.322,5966107.0,510050,sh,上证50ETF华夏
2024-04-08,2.321,2.315,2.33,2.305,9452898.0,510050,sh,上证50ETF华夏
2024-04-09,2.314,2.302,2.318,2.298,6621908.0,510050,sh,上证50ETF华夏
2024-04-10,2.304,2.296,2.31,2.286,8470106.0,510050,sh,上证50ETF华夏
2024-04-11,2.288,2.294,2.302,2.277,6501972.0,510050,sh,上证50ETF华夏
2024-04-12,2.293,2.273,2.299,2.266,7555349.0,510050,sh,上证50ETF华夏
2024-04-15,2.271,2.323,2.325,2.27,14488230.0,510050,sh,上证50ETF华夏
2024-04-16,2.318,2.313,2.329,2.295,10738001.0,510050,sh,上证50ETF华夏
2024-04-17,2.309,2.338,2.34,2.296,10021600.0,510050,sh,上证50ETF华夏
2024-04-18,2.331,2.345,2.369,2.329,11747951.0,510050,sh,上证50ETF华夏
2024-04-19,2.335,2.329,2.345,2.322,8419503.0,510050,sh,上证50ETF华夏
2024-04-22,2.33,2.325,2.351,2.321,8092445.0,510050,sh,上证50ETF华夏
2024-04-23,2.322,2.312,2.327,2.31,5461993.0,510050,sh,上证50ETF华夏
2024-04-24,2.319,2.322,2.327,2.305,6679206.0,510050,sh,上证50ETF华夏
2024-04-25,2.318,2.331,2.337,2.31,5467004.0,510050,sh,上证50ETF华夏
2024-04-26,2.333,2.361,2.369,2.333,10252533.0,510050,sh,上证50ETF华夏
2024-04-29,2.359,2.376,2.395,2.354,12745864.0,510050,sh,上证50ETF华夏
2024-04-30,2.373,2.365,2.384,2.363,6102266.0,510050,sh,上证50ETF华夏
2024-05-06,2.393,2.395,2.406,2.385,10292529.0,510050,sh,上证50ETF华夏
2024-05-07,2.394,2.4,2.403,2.389,5575827.0,510050,sh,上证50ETF华夏
2024-05-08,2.396,2.385,2.397,2.383,5025894.0,510050,sh,上证50ETF华夏
2024-05-09,2.384,2.401,2.406,2.384,4806423.0,510050,sh,上证50ETF华夏
2024-05-10,2.407,2.408,2.415,2.39,9575303.0,510050,sh,上证50ETF华夏
2024-05-13,2.4,2.405,2.412,2.385,8365878.0,510050,sh,上证50ETF华夏
2024-05-14,2.404,2.396,2.409,2.39,5615916.0,510050,sh,上证50ETF华夏
2024-05-15,2.394,2.378,2.4,2.373,6855137.0,510050,sh,上证50ETF华夏
2024-05-16,2.382,2.388,2.397,2.374,7740598.0,510050,sh,上证50ETF华夏
2024-05-17,2.388,2.426,2.428,2.386,9433886.0,510050,sh,上证50ETF华夏
2024-05-20,2.427,2.432,2.445,2.422,6527969.0,510050,sh,上证50ETF华夏
2024-05-21,2.427,2.427,2.431,2.416,4955627.0,510050,sh,上证50ETF华夏
2024-05-22,2.423,2.428,2.434,2.419,5769511.0,510050,sh,上证50ETF华夏
2024-05-23,2.42,2.402,2.422,2.395,10148166.0,510050,sh,上证50ETF华夏
2024-05-24,2.394,2.373,2.404,2.371,9265578.0,510050,sh,上证50ETF华夏
2024-05-27,2.377,2.396,2.398,2.377,8532848.0,510050,sh,上证50ETF华夏
2024-05-28,2.396,2.389,2.404,2.385,4946235.0,510050,sh,上证50ETF华夏
2024-05-29,2.387,2.39,2.41,2.386,5478518.0,510050,sh,上证50ETF华夏
2024-05-30,2.387,2.373,2.4,2.367,6922247.0,510050,sh,上证50ETF华夏
2024-05-31,2.377,2.364,2.387,2.362,5260071.0,510050,sh,上证50ETF华夏
2024-06-03,2.361,2.367,2.374,2.353,6104775.0,510050,sh,上证50ETF华夏
2024-06-04,2.365,2.381,2.388,2.362,6874873.0,510050,sh,上证50ETF华夏
2024-06-05,2.38,2.37,2.384,2.369,6055816.0,510050,sh,上证50ETF华夏
2024-06-06,2.375,2.371,2.393,2.363,7178145.0,510050,sh,上证50ETF华夏
2024-06-07,2.377,2.36,2.381,2.348,7205760.0,510050,sh,上证50ETF华夏
2024-06-11,2.353,2.33,2.355,2.321,9922437.0,510050,sh,上证50ETF华夏
2024-06-12,2.326,2.327,2.332,2.318,6958130.0,510050,sh,上证50ETF华夏
2024-06-13,2.331,2.317,2.331,2.31,7129564.0,510050,sh,上证50ETF华夏
2024-06-14,2.313,2.334,2.339,2.306,8970682.0,510050,sh,上证50ETF华夏
2024-06-17,2.318,2.319,2.326,2.315,9911370.0,510050,sh,上证50ETF华夏
2024-06-18,2.318,2.319,2.33,2.313,6218496.0,510050,sh,上证50ETF华夏
2024-06-19,2.32,2.323,2.327,2.313,5918251.0,510050,sh,上证50ETF华夏
2024-06-20,2.32,2.316,2.331,2.313,7609007.0,510050,sh,上证50ETF华夏
2024-06-21,2.314,2.311,2.32,2.293,16365973.0,510050,sh,上证50ETF华夏
2024-06-24,2.295,2.311,2.327,2.292,12784610.0,510050,sh,上证50ETF华夏
2024-06-25,2.311,2.302,2.317,2.289,10331747.0,510050,sh,上证50ETF华夏
2024-06-26,2.297,2.306,2.313,2.291,8626790.0,510050,sh,上证50ETF华夏
2024-06-27,2.301,2.299,2.304,2.286,9311183.0,510050,sh,上证50ETF华夏
2024-06-28,2.293,2.306,2.318,2.291,7429559.0,510050,sh,上证50ETF华夏
2024-07-01,2.305,2.315,2.32,2.297,6621932.0,510050,sh,上证50ETF华夏
2024-07-02,2.312,2.327,2.333,2.311,9290694.0,510050,sh,上证50ETF华夏
2024-07-03,2.328,2.327,2.331,2.318,3773520.0,510050,sh,上证50ETF华夏
2024-07-04,2.329,2.319,2.34,2.318,6321292.0,510050,sh,上证50ETF华夏
2024-07-05,2.319,2.299,2.324,2.278,11938359.0,510050,sh,上证50ETF华夏
2024-07-08,2.291,2.287,2.302,2.281,6944250.0,510050,sh,上证50ETF华夏
2024-07-09,2.286,2.309,2.318,2.27,10059165.0,510050,sh,上证50ETF华夏
2024-07-10,2.305,2.305,2.316,2.303,5067294.0,510050,sh,上证50ETF华夏
2024-07-11,2.318,2.331,2.334,2.31,6476890.0,510050,sh,上证50ETF华夏
2024-07-12,2.333,2.346,2.349,2.332,10995092.0,510050,sh,上证50ETF华夏
2024-07-15,2.343,2.356,2.359,2.34,11447504.0,510050,sh,上证50ETF华夏
2024-07-16,2.354,2.365,2.369,2.346,12088254.0,510050,sh,上证50ETF华夏
2024-07-17,2.363,2.375,2.382,2.361,11333481.0,510050,sh,上证50ETF华夏
2024-07-18,2.37,2.387,2.391,2.364,13175566.0,510050,sh,上证50ETF华夏
2024-07-19,2.38,2.404,2.413,2.366,29955500.0,510050,sh,上证50ETF华夏
2024-07-22,2.402,2.38,2.403,2.364,10696968.0,510050,sh,上证50ETF华夏
2024-07-23,2.374,2.348,2.381,2.344,7002163.0,510050,sh,上证50ETF华夏
2024-07-24,2.341,2.339,2.354,2.328,9856988.0,510050,sh,上证50ETF华夏
2024-07-25,2.33,2.315,2.336,2.303,13277874.0,510050,sh,上证50ETF华夏
2024-07-26,2.316,2.309,2.32,2.294,13986516.0,510050,sh,上证50ETF华夏
2024-07-29,2.306,2.3,2.311,2.296,5652227.0,510050,sh,上证50ETF华夏
2024-07-30,2.295,2.287,2.297,2.273,15775588.0,510050,sh,上证50ETF华夏
2024-07-31,2.286,2.328,2.332,2.285,10156080.0,510050,sh,上证50ETF华夏
2024-08-01,2.325,2.313,2.33,2.31,6009496.0,510050,sh,上证50ETF华夏
2024-08-02,2.302,2.298,2.312,2.29,9324298.0,510050,sh,上证50ETF华夏
2024-08-05,2.29,2.282,2.316,2.278,22994509.0,510050,sh,上证50ETF华夏
2024-08-06,2.292,2.266,2.3,2.245,13266939.0,510050,sh,上证50ETF华夏
2024-08-07,2.261,2.264,2.28,2.258,7888451.0,510050,sh,上证50ETF华夏
2024-08-08,2.263,2.271,2.286,2.256,5420832.0,510050,sh,上证50ETF华夏
2024-08-09,2.282,2.268,2.29,2.267,7108425.0,510050,sh,上证50ETF华夏
2024-08-12,2.268,2.269,2.276,2.263,3785181.0,510050,sh,上证50ETF华夏
2024-08-13,2.268,2.268,2.272,2.255,4829871.0,510050,sh,上证50ETF华夏
2024-08-14,2.269,2.255,2.269,2.254,5535233.0,510050,sh,上证50ETF华夏
2024-08-15,2.251,2.287,2.297,2.247,11877681.0,510050,sh,上证50ETF华夏
2024-08-16,2.286,2.299,2.303,2.282,12210098.0,510050,sh,上证50ETF华夏
2024-08-19,2.299,2.31,2.323,2.299,4569783.0,510050,sh,上证50ETF华夏
2024-08-20,2.314,2.303,2.314,2.291,10826380.0,510050,sh,上证50ETF华夏
2024-08-21,2.297,2.291,2.301,2.277,8675947.0,510050,sh,上证50ETF华夏
2024-08-22,2.293,2.295,2.299,2.284,9491853.0,510050,sh,上证50ETF华夏
2024-08-23,2.295,2.31,2.314,2.293,5248149.0,510050,sh,上证50ETF华夏
2024-08-26,2.312,2.307,2.318,2.296,4942720.0,510050,sh,上证50ETF华夏
2024-08-27,2.306,2.309,2.314,2.299,7653493.0,510050,sh,上证50ETF华夏
2024-08-28,2.305,2.292,2.308,2.282,10675309.0,510050,sh,上证50ETF华夏
2024-08-29,2.286,2.272,2.29,2.27,4836324.0,510050,sh,上证50ETF华夏
2024-08-30,2.267,2.294,2.312,2.266,10847342.0,510050,sh,上证50ETF华夏
2024-09-02,2.281,2.255,2.284,2.252,7392893.0,510050,sh,上证50ETF华夏
2024-09-03,2.254,2.244,2.257,2.24,9377083.0,510050,sh,上证50ETF华夏
2024-09-04,2.233,2.224,2.244,2.22,7137825.0,510050,sh,上证50ETF华夏
2024-09-05,2.225,2.227,2.236,2.22,6894338.0,510050,sh,上证50ETF华夏
2024-09-06,2.229,2.216,2.244,2.214,8562679.0,510050,sh,上证50ETF华夏
2024-09-09,2.208,2.185,2.211,2.177,10023801.0,510050,sh,上证50ETF华夏
2024-09-10,2.184,2.186,2.193,2.173,8205770.0,510050,sh,上证50ETF华夏
2024-09-11,2.181,2.172,2.183,2.165,9266640.0,510050,sh,上证50ETF华夏
2024-09-12,2.173,2.162,2.181,2.16,6991983.0,510050,sh,上证50ETF华夏
2024-09-13,2.162,2.157,2.177,2.156,7015425.0,510050,sh,上证50ETF华夏
2024-09-18,2.157,2.17,2.179,2.155,9862960.0,510050,sh,上证50ETF华夏
2024-09-19,2.173,2.184,2.195,2.15,10390874.0,510050,sh,上证50ETF华夏
2024-09-20,2.18,2.188,2.195,2.164,18929667.0,510050,sh,上证50ETF华夏
2024-09-23,2.186,2.195,2.208,2.184,6102424.0,510050,sh,上证50ETF华夏
2024-09-24,2.221,2.315,2.315,2.21,19945356.0,510050,sh,上证50ETF华夏
2024-09-25,2.35,2.345,2.389,2.339,16106077.0,510050,sh,上证50ETF华夏
2024-09-26,2.342,2.483,2.485,2.342,23766597.0,510050,sh,上证50ETF华夏
2024-09-27,2.526,2.589,2.683,2.473,15153691.0,510050,sh,上证50ETF华夏
2024-09-30,2.666,2.774,2.809,2.587,35718685.0,510050,sh,上证50ETF华夏
2024-10-08,3.065,2.843,3.065,2.774,37580843.0,510050,sh,上证50ETF华夏
2024-10-09,2.776,2.628,2.805,2.623,22327071.0,510050,sh,上证50ETF华夏
2024-10-10,2.651,2.717,2.785,2.644,22507431.0,510050,sh,上证50ETF华夏
2024-10-11,2.706,2.659,2.713,2.62,19952232.0,510050,sh,上证50ETF华夏
2024-10-14,2.67,2.692,2.71,2.643,18874594.0,510050,sh,上证50ETF华夏
2024-10-15,2.679,2.623,2.698,2.621,15630305.0,510050,sh,上证50ETF华夏
2024-10-16,2.604,2.619,2.648,2.598,11896819.0,510050,sh,上证50ETF华夏
2024-10-17,2.635,2.577,2.649,2.576,15459338.0,510050,sh,上证50ETF华夏
2024-10-18,2.58,2.66,2.727,2.555,20674267.0,510050,sh,上证50ETF华夏
2024-10-21,2.662,2.655,2.676,2.632,13690328.0,510050,sh,上证50ETF华夏
2024-10-22,2.654,2.666,2.682,2.647,12676923.0,510050,sh,上证50ETF华夏
2024-10-23,2.666,2.682,2.705,2.656,14522924.0,510050,sh,上证50ETF华夏
2024-10-24,2.669,2.654,2.674,2.642,10727306.0,510050,sh,上证50ETF华夏
2024-10-25,2.654,2.658,2.681,2.643,9443247.0,510050,sh,上证50ETF华夏
2024-10-28,2.657,2.66,2.661,2.629,8204625.0,510050,sh,上证50ETF华夏
2024-10-29,2.663,2.644,2.689,2.637,11055290.0,510050,sh,上证50ETF华夏
2024-10-30,2.634,2.608,2.649,2.596,10150427.0,510050,sh,上证50ETF华夏
2024-10-31,2.608,2.606,2.628,2.586,10689799.0,510050,sh,上证50ETF华夏
2024-11-01,2.6,2.627,2.648,2.6,13807559.0,510050,sh,上证50ETF华夏
2024-11-04,2.63,2.65,2.652,2.606,7106926.0,510050,sh,上证50ETF华夏
2024-11-05,2.643,2.706,2.707,2.633,15474295.0,510050,sh,上证50ETF华夏
2024-11-06,2.705,2.683,2.722,2.665,13287261.0,510050,sh,上证50ETF华夏
2024-11-07,2.662,2.79,2.793,2.661,19703699.0,510050,sh,上证50ETF华夏
2024-11-08,2.801,2.747,2.815,2.733,18561411.0,510050,sh,上证50ETF华夏
2024-11-11,2.721,2.729,2.733,2.686,12060510.0,510050,sh,上证50ETF华夏
2024-11-12,2.723,2.687,2.759,2.674,13409688.0,510050,sh,上证50ETF华夏
2024-11-13,2.674,2.703,2.714,2.672,11543369.0,510050,sh,上证50ETF华夏
2024-11-14,2.694,2.679,2.721,2.673,12772062.0,510050,sh,上证50ETF华夏
2024-11-15,2.673,2.643,2.686,2.642,13944189.0,510050,sh,上证50ETF华夏
2024-11-18,2.654,2.655,2.7,2.641,11996198.0,510050,sh,上证50ETF华夏
2024-11-19,2.651,2.643,2.658,2.608,9194689.0,510050,sh,上证50ETF华夏
2024-11-20,2.637,2.649,2.659,2.629,8549799.0,510050,sh,上证50ETF华夏
2024-11-21,2.645,2.656,2.66,2.637,7389827.0,510050,sh,上证50ETF华夏
2024-11-22,2.652,2.575,2.657,2.569,13130656.0,510050,sh,上证50ETF华夏
2024-11-25,2.577,2.552,2.592,2.537,13224316.0,510050,sh,上证50ETF华夏
2024-11-26,2.542,2.562,2.579,2.541,8399711.0,510050,sh,上证50ETF华夏
2024-11-27,2.562,2.594,2.596,2.552,11047126.0,510050,sh,上证50ETF华夏
2024-11-28,2.596,2.581,2.601,2.566,9132828.0,510050,sh,上证50ETF华夏
2024-11-29,2.582,2.597,2.632,2.581,11626312.0,510050,sh,上证50ETF华夏
2024-12-02,2.598,2.608,2.617,2.583,7992803.0,510050,sh,上证50ETF华夏
2024-12-03,2.608,2.622,2.63,2.595,8012046.0,510050,sh,上证50ETF华夏
2024-12-04,2.619,2.619,2.632,2.607,9249462.0,510050,sh,上证50ETF华夏
2024-12-05,2.61,2.607,2.62,2.599,4138205.0,510050,sh,上证50ETF华夏
2024-12-06,2.608,2.636,2.656,2.601,9679321.0,510050,sh,上证50ETF华夏
2024-12-09,2.633,2.639,2.66,2.627,6695835.0,510050,sh,上证50ETF华夏
2024-12-10,2.719,2.664,2.73,2.655,12984448.0,510050,sh,上证50ETF华夏
2024-12-11,2.657,2.646,2.667,2.642,6737849.0,510050,sh,上证50ETF华夏
2024-12-12,2.648,2.677,2.678,2.64,8735536.0,510050,sh,上证50ETF华夏
2024-12-13,2.661,2.61,2.662,2.602,17176953.0,510050,sh,上证50ETF华夏
2024-12-16,2.61,2.606,2.614,2.6,8353765.0,510050,sh,上证50ETF华夏
2024-12-17,2.602,2.62,2.642,2.602,10871029.0,510050,sh,上证50ETF华夏
2024-12-18,2.629,2.639,2.648,2.629,8432093.0,510050,sh,上证50ETF华夏
2024-12-19,2.62,2.629,2.639,2.607,5620155.0,510050,sh,上证50ETF华夏
2024-12-20,2.625,2.621,2.642,2.615,9487539.0,510050,sh,上证50ETF华夏
2024-12-23,2.621,2.644,2.661,2.621,14460434.0,510050,sh,上证50ETF华夏
2024-12-24,2.648,2.673,2.679,2.637,8582619.0,510050,sh,上证50ETF华夏
2024-12-25,2.68,2.684,2.698,2.673,10273263.0,510050,sh,上证50ETF华夏
2024-12-26,2.683,2.677,2.685,2.668,6313202.0,510050,sh,上证50ETF华夏
2024-12-27,2.674,2.674,2.689,2.66,6117459.0,510050,sh,上证50ETF华夏
2024-12-30,2.674,2.693,2.698,2.674,7772449.0,510050,sh,上证50ETF华夏
2024-12-31,2.692,2.658,2.699,2.656,15603911.0,510050,sh,上证50ETF华夏
2025-01-02,2.653,2.587,2.658,2.565,12402833.0,510050,sh,上证50ETF华夏
2025-01-03,2.583,2.561,2.592,2.549,9348973.0,510050,sh,上证50ETF华夏
2025-01-06,2.561,2.55,2.566,2.527,10737270.0,510050,sh,上证50ETF华夏
2025-01-07,2.549,2.565,2.568,2.54,6570023.0,510050,sh,上证50ETF华夏
2025-01-08,2.562,2.571,2.587,2.539,12182753.0,510050,sh,上证50ETF华夏
2025-01-09,2.569,2.558,2.571,2.547,7736789.0,510050,sh,上证50ETF华夏
2025-01-10,2.556,2.535,2.571,2.533,9300707.0,510050,sh,上证50ETF华夏
2025-01-13,2.523,2.527,2.536,2.506,7230674.0,510050,sh,上证50ETF华夏
2025-01-14,2.531,2.572,2.582,2.524,11877053.0,510050,sh,上证50ETF华夏
2025-01-15,2.566,2.566,2.58,2.56,6509676.0,510050,sh,上证50ETF华夏
2025-01-16,2.572,2.557,2.591,2.545,8949630.0,510050,sh,上证50ETF华夏
2025-01-17,2.55,2.557,2.571,2.536,6186776.0,510050,sh,上证50ETF华夏
2025-01-20,2.57,2.563,2.585,2.557,6491374.0,510050,sh,上证50ETF华夏
2025-01-21,2.572,2.56,2.574,2.552,4747302.0,510050,sh,上证50ETF华夏
2025-01-22,2.559,2.527,2.56,2.517,11475867.0,510050,sh,上证50ETF华夏
2025-01-23,2.543,2.543,2.584,2.538,13289416.0,510050,sh,上证50ETF华夏
2025-01-24,2.542,2.558,2.574,2.538,9747169.0,510050,sh,上证50ETF华夏
2025-01-27,2.562,2.563,2.575,2.558,11620837.0,510050,sh,上证50ETF华夏
2025-02-05,2.575,2.539,2.578,2.533,11290191.0,510050,sh,上证50ETF华夏
2025-02-06,2.539,2.558,2.565,2.532,8921698.0,510050,sh,上证50ETF华夏
2025-02-07,2.556,2.588,2.605,2.547,13450502.0,510050,sh,上证50ETF华夏
2025-02-10,2.588,2.598,2.607,2.584,6044639.0,510050,sh,上证50ETF华夏
2025-02-11,2.603,2.591,2.604,2.584,7720638.0,510050,sh,上证50ETF华夏
2025-02-12,2.59,2.618,2.624,2.585,7175887.0,510050,sh,上证50ETF华夏
2025-02-13,2.616,2.622,2.644,2.612,9275064.0,510050,sh,上证50ETF华夏
2025-02-14,2.618,2.639,2.643,2.613,9345724.0,510050,sh,上证50ETF华夏
2025-02-17,2.645,2.643,2.652,2.624,10702113.0,510050,sh,上证50ETF华夏
2025-02-18,2.64,2.633,2.658,2.622,10415171.0,510050,sh,上证50ETF华夏
2025-02-19,2.627,2.642,2.654,2.62,6717841.0,510050,sh,上证50ETF华夏
2025-02-20,2.639,2.628,2.639,2.619,5718533.0,510050,sh,上证50ETF华夏
2025-02-21,2.636,2.664,2.668,2.627,9607078.0,510050,sh,上证50ETF华夏
2025-02-24,2.66,2.651,2.67,2.638,10676691.0,510050,sh,上证50ETF华夏
2025-02-25,2.638,2.623,2.642,2.614,7562659.0,510050,sh,上证50ETF华夏
2025-02-26,2.627,2.646,2.648,2.623,6829191.0,510050,sh,上证50ETF华夏
2025-02-27,2.645,2.66,2.662,2.634,7267979.0,510050,sh,上证50ETF华夏
2025-02-28,2.652,2.625,2.67,2.619,9990513.0,510050,sh,上证50ETF华夏
2025-03-03,2.624,2.606,2.635,2.597,7660951.0,510050,sh,上证50ETF华夏
2025-03-04,2.595,2.598,2.606,2.585,5336225.0,510050,sh,上证50ETF华夏
2025-03-05,2.599,2.617,2.622,2.595,7279974.0,510050,sh,上证50ETF华夏
2025-03-06,2.629,2.66,2.67,2.628,11925746.0,510050,sh,上证50ETF华夏
2025-03-07,2.658,2.659,2.674,2.653,7012406.0,510050,sh,上证50ETF华夏
2025-03-10,2.659,2.647,2.661,2.629,12763713.0,510050,sh,上证50ETF华夏
2025-03-11,2.63,2.659,2.66,2.625,6161943.0,510050,sh,上证50ETF华夏
2025-03-12,2.659,2.65,2.666,2.644,5463028.0,510050,sh,上证50ETF华夏
2025-03-13,2.649,2.643,2.662,2.632,5724652.0,510050,sh,上证50ETF华夏
2025-03-14,2.648,2.723,2.729,2.648,15514683.0,510050,sh,上证50ETF华夏
2025-03-17,2.732,2.718,2.738,2.713,6493563.0,510050,sh,上证50ETF华夏
2025-03-18,2.727,2.72,2.733,2.717,4533660.0,510050,sh,上证50ETF华夏
2025-03-19,2.717,2.729,2.739,2.714,6219571.0,510050,sh,上证50ETF华夏
2025-03-20,2.73,2.699,2.731,2.692,7753116.0,510050,sh,上证50ETF华夏
2025-03-21,2.692,2.654,2.702,2.646,10133600.0,510050,sh,上证50ETF华夏
2025-03-24,2.653,2.672,2.675,2.652,6366811.0,510050,sh,上证50ETF华夏
2025-03-25,2.675,2.672,2.678,2.665,5959960.0,510050,sh,上证50ETF华夏
2025-03-26,2.671,2.656,2.677,2.653,7912873.0,510050,sh,上证50ETF华夏
2025-03-27,2.655,2.67,2.685,2.652,6780263.0,510050,sh,上证50ETF华夏
2025-03-28,2.669,2.658,2.673,2.65,5455546.0,510050,sh,上证50ETF华夏
2025-03-31,2.653,2.645,2.672,2.636,8421435.0,510050,sh,上证50ETF华夏
2025-04-01,2.646,2.641,2.655,2.638,4572423.0,510050,sh,上证50ETF华夏
2025-04-02,2.638,2.636,2.649,2.631,3759598.0,510050,sh,上证50ETF华夏
2025-04-03,2.616,2.64,2.651,2.613,6896073.0,510050,sh,上证50ETF华夏
2025-04-07,2.54,2.491,2.58,2.41,37040801.0,510050,sh,上证50ETF华夏
2025-04-08,2.491,2.548,2.549,2.484,35563153.0,510050,sh,上证50ETF华夏
2025-04-09,2.53,2.568,2.573,2.514,15037226.0,510050,sh,上证50ETF华夏
2025-04-10,2.595,2.592,2.599,2.568,8769246.0,510050,sh,上证50ETF华夏
2025-04-11,2.581,2.597,2.6,2.572,11058711.0,510050,sh,上证50ETF华夏
2025-04-14,2.599,2.605,2.613,2.589,4601982.0,510050,sh,上证50ETF华夏
2025-04-15,2.601,2.611,2.616,2.591,10207057.0,510050,sh,上证50ETF华夏
2025-04-16,2.61,2.635,2.641,2.593,23126580.0,510050,sh,上证50ETF华夏
2025-04-17,2.622,2.638,2.666,2.619,11663309.0,510050,sh,上证50ETF华夏
2025-04-18,2.63,2.64,2.647,2.625,13018067.0,510050,sh,上证50ETF华夏
2025-04-21,2.635,2.631,2.652,2.631,6303513.0,510050,sh,上证50ETF华夏
2025-04-22,2.63,2.636,2.647,2.629,6106662.0,510050,sh,上证50ETF华夏
2025-04-23,2.643,2.628,2.646,2.624,4951600.0,510050,sh,上证50ETF华夏
2025-04-24,2.628,2.635,2.646,2.627,5941611.0,510050,sh,上证50ETF华夏
2025-04-25,2.637,2.63,2.644,2.622,6653659.0,510050,sh,上证50ETF华夏
2025-04-28,2.625,2.631,2.638,2.614,5199593.0,510050,sh,上证50ETF华夏
2025-04-29,2.63,2.626,2.635,2.62,3846837.0,510050,sh,上证50ETF华夏
2025-04-30,2.626,2.613,2.633,2.612,5568278.0,510050,sh,上证50ETF华夏
2025-05-06,2.629,2.627,2.63,2.614,5058295.0,510050,sh,上证50ETF华夏
2025-05-07,2.659,2.651,2.665,2.635,12209317.0,510050,sh,上证50ETF华夏
2025-05-08,2.644,2.662,2.677,2.641,7976006.0,510050,sh,上证50ETF华夏
2025-05-09,2.658,2.664,2.67,2.657,5120432.0,510050,sh,上证50ETF华夏
2025-05-12,2.67,2.683,2.694,2.664,7264181.0,510050,sh,上证50ETF华夏
2025-05-13,2.694,2.689,2.694,2.682,5758009.0,510050,sh,上证50ETF华夏
2025-05-14,2.691,2.737,2.752,2.689,12546489.0,510050,sh,上证50ETF华夏
2025-05-15,2.733,2.723,2.741,2.718,8112795.0,510050,sh,上证50ETF华夏
2025-05-16,2.718,2.698,2.724,2.687,6900619.0,510050,sh,上证50ETF华夏
2025-05-19,2.69,2.689,2.698,2.682,4655272.0,510050,sh,上证50ETF华夏
2025-05-20,2.69,2.7,2.713,2.689,3666608.0,510050,sh,上证50ETF华夏
2025-05-21,2.7,2.713,2.724,2.7,4281720.0,510050,sh,上证50ETF华夏
2025-05-22,2.708,2.716,2.722,2.701,2470538.0,510050,sh,上证50ETF华夏
2025-05-23,2.714,2.695,2.727,2.693,5058543.0,510050,sh,上证50ETF华夏
2025-05-26,2.69,2.684,2.705,2.676,4736762.0,510050,sh,上证50ETF华夏
2025-05-27,2.683,2.67,2.691,2.667,4171257.0,510050,sh,上证50ETF华夏
2025-05-28,2.67,2.667,2.674,2.663,3341957.0,510050,sh,上证50ETF华夏
2025-05-29,2.668,2.674,2.689,2.661,8820875.0,510050,sh,上证50ETF华夏
2025-05-30,2.673,2.669,2.678,2.65,8849951.0,510050,sh,上证50ETF华夏
2025-06-03,2.66,2.668,2.681,2.654,5012603.0,510050,sh,上证50ETF华夏
2025-06-04,2.671,2.675,2.684,2.668,3180233.0,510050,sh,上证50ETF华夏
2025-06-05,2.68,2.674,2.681,2.665,4164795.0,510050,sh,上证50ETF华夏
2025-06-06,2.678,2.676,2.688,2.671,5067367.0,510050,sh,上证50ETF华夏
2025-06-09,2.678,2.676,2.687,2.667,7097882.0,510050,sh,上证50ETF华夏
2025-06-10,2.678,2.662,2.687,2.655,9179435.0,510050,sh,上证50ETF华夏
2025-06-11,2.662,2.682,2.696,2.661,5850728.0,510050,sh,上证50ETF华夏
2025-06-12,2.678,2.68,2.686,2.661,3926503.0,510050,sh,上证50ETF华夏
2025-06-13,2.675,2.666,2.68,2.656,6512013.0,510050,sh,上证50ETF华夏
2025-06-16,2.657,2.673,2.677,2.655,5788284.0,510050,sh,上证50ETF华夏
2025-06-17,2.672,2.673,2.676,2.66,5712680.0,510050,sh,上证50ETF华夏
2025-06-18,2.672,2.67,2.68,2.659,4276770.0,510050,sh,上证50ETF华夏
2025-06-19,2.666,2.653,2.668,2.647,8062187.0,510050,sh,上证50ETF华夏
2025-06-20,2.655,2.669,2.675,2.654,7882260.0,510050,sh,上证50ETF华夏
2025-06-23,2.663,2.682,2.691,2.653,7550156.0,510050,sh,上证50ETF华夏
2025-06-24,2.682,2.712,2.73,2.681,9588477.0,510050,sh,上证50ETF华夏
2025-06-25,2.714,2.752,2.754,2.708,9741270.0,510050,sh,上证50ETF华夏
2025-06-26,2.75,2.746,2.754,2.742,5915427.0,510050,sh,上证50ETF华夏
2025-06-27,2.749,2.715,2.759,2.712,7351361.0,510050,sh,上证50ETF华夏
2025-06-30,2.715,2.727,2.729,2.707,7893734.0,510050,sh,上证50ETF华夏
2025-07-01,2.726,2.73,2.735,2.72,4388174.0,510050,sh,上证50ETF华夏
2025-07-02,2.731,2.736,2.743,2.724,4130994.0,510050,sh,上证50ETF华夏
2025-07-03,2.738,2.74,2.743,2.728,2259457.0,510050,sh,上证50ETF华夏
2025-07-04,2.738,2.756,2.778,2.729,5631235.0,510050,sh,上证50ETF华夏
2025-07-07,2.751,2.748,2.753,2.74,2882050.0,510050,sh,上证50ETF华夏
2025-07-08,2.747,2.765,2.77,2.747,4582411.0,510050,sh,上证50ETF华夏
2025-07-09,2.767,2.762,2.777,2.757,4053707.0,510050,sh,上证50ETF华夏
2025-07-10,2.759,2.778,2.799,2.758,5590829.0,510050,sh,上证50ETF华夏
2025-07-11,2.78,2.791,2.838,2.778,12511232.0,510050,sh,上证50ETF华夏
2025-07-14,2.79,2.789,2.804,2.787,5217903.0,510050,sh,上证50ETF华夏
2025-07-15,2.789,2.775,2.796,2.759,6323674.0,510050,sh,上证50ETF华夏
2025-07-16,2.775,2.77,2.786,2.759,4466359.0,510050,sh,上证50ETF华夏
2025-07-17,2.769,2.779,2.78,2.765,3816978.0,510050,sh,上证50ETF华夏
2025-07-18,2.784,2.804,2.809,2.782,6767310.0,510050,sh,上证50ETF华夏
2025-07-21,2.807,2.81,2.816,2.8,5735454.0,510050,sh,上证50ETF华夏
2025-07-22,2.812,2.834,2.836,2.799,6589763.0,510050,sh,上证50ETF华夏
2025-07-23,2.835,2.841,2.866,2.834,7262294.0,510050,sh,上证50ETF华夏
2025-07-24,2.841,2.853,2.862,2.833,5381465.0,510050,sh,上证50ETF华夏
2025-07-25,2.853,2.836,2.853,2.827,5725561.0,510050,sh,上证50ETF华夏
2025-07-28,2.837,2.849,2.853,2.828,6102850.0,510050,sh,上证50ETF华夏
2025-07-29,2.845,2.854,2.858,2.836,5208200.0,510050,sh,上证50ETF华夏
2025-07-30,2.85,2.863,2.888,2.843,8261651.0,510050,sh,上证50ETF华夏
2025-07-31,2.854,2.819,2.854,2.808,9464200.0,510050,sh,上证50ETF华夏
2025-08-01,2.813,2.796,2.822,2.789,8235140.0,510050,sh,上证50ETF华夏
2025-08-04,2.788,2.81,2.811,2.787,4798952.0,510050,sh,上证50ETF华夏
2025-08-05,2.81,2.832,2.836,2.808,7243018.0,510050,sh,上证50ETF华夏
2025-08-06,2.83,2.838,2.843,2.827,3287829.0,510050,sh,上证50ETF华夏
2025-08-07,2.84,2.841,2.851,2.828,4043735.0,510050,sh,上证50ETF华夏
2025-08-08,2.836,2.83,2.843,2.825,2938309.0,510050,sh,上证50ETF华夏
2025-08-11,2.832,2.832,2.844,2.825,6412172.0,510050,sh,上证50ETF华夏
2025-08-12,2.833,2.852,2.86,2.833,6136004.0,510050,sh,上证50ETF华夏
2025-08-13,2.852,2.86,2.874,2.85,7414554.0,510050,sh,上证50ETF华夏
2025-08-14,2.863,2.874,2.902,2.862,9297514.0,510050,sh,上证50ETF华夏
2025-08-15,2.868,2.885,2.897,2.858,13530609.0,510050,sh,上证50ETF华夏
2025-08-18,2.89,2.891,2.912,2.876,10996324.0,510050,sh,上证50ETF华夏
2025-08-19,2.889,2.857,2.905,2.855,8026990.0,510050,sh,上证50ETF华夏
2025-08-20,2.854,2.895,2.896,2.841,10037507.0,510050,sh,上证50ETF华夏
2025-08-21,2.899,2.91,2.919,2.896,8740236.0,510050,sh,上证50ETF华夏
2025-08-22,2.912,2.986,2.987,2.912,12658649.0,510050,sh,上证50ETF华夏
2025-08-25,2.999,3.044,3.048,2.994,11883797.0,510050,sh,上证50ETF华夏
2025-08-26,3.041,3.021,3.041,3.014,7274856.0,510050,sh,上证50ETF华夏
2025-08-27,3.023,2.971,3.036,2.967,9928063.0,510050,sh,上证50ETF华夏
2025-08-28,2.966,3.015,3.017,2.955,11513666.0,510050,sh,上证50ETF华夏
2025-08-29,3.005,3.032,3.042,3.001,12427409.0,510050,sh,上证50ETF华夏
2025-09-01,3.035,3.033,3.042,3.016,9471059.0,510050,sh,上证50ETF华夏
2025-09-02,3.035,3.048,3.061,3.02,7797980.0,510050,sh,上证50ETF华夏
2025-09-03,3.048,3.007,3.057,2.984,11190358.0,510050,sh,上证50ETF华夏
2025-09-04,3.003,2.954,3.006,2.923,14957114.0,510050,sh,上证50ETF华夏
2025-09-05,2.953,2.992,3.0,2.947,6499236.0,510050,sh,上证50ETF华夏
2025-09-08,2.99,2.987,3.003,2.971,5352385.0,510050,sh,上证50ETF华夏
2025-09-09,2.98,2.979,3.0,2.964,8518875.0,510050,sh,上证50ETF华夏
2025-09-10,2.976,2.992,3.008,2.974,4603634.0,510050,sh,上证50ETF华夏
2025-09-11,2.98,3.042,3.044,2.966,13086003.0,510050,sh,上证50ETF华夏
2025-09-12,3.044,3.024,3.056,3.017,6949719.0,510050,sh,上证50ETF华夏
2025-09-15,3.029,3.017,3.038,3.009,5423224.0,510050,sh,上证50ETF华夏
2025-09-16,3.02,3.002,3.028,2.995,6450472.0,510050,sh,上证50ETF华夏
2025-09-17,2.998,3.008,3.014,2.987,5797480.0,510050,sh,上证50ETF华夏
2025-09-18,3.012,2.968,3.028,2.94,13048575.0,510050,sh,上证50ETF华夏
2025-09-19,2.96,2.965,2.985,2.958,6556660.0,510050,sh,上证50ETF华夏
2025-09-22,2.964,2.974,2.981,2.952,6331045.0,510050,sh,上证50ETF华夏
2025-09-23,2.972,2.974,2.99,2.943,11085926.0,510050,sh,上证50ETF华夏
2025-09-24,2.964,2.992,2.997,2.962,8089784.0,510050,sh,上证50ETF华夏
2025-09-25,2.994,3.007,3.017,2.992,5579762.0,510050,sh,上证50ETF华夏
2025-09-26,2.997,2.997,3.016,2.992,4655693.0,510050,sh,上证50ETF华夏
2025-09-29,2.992,3.029,3.058,2.974,12640895.0,510050,sh,上证50ETF华夏
2025-09-30,3.037,3.046,3.048,3.032,5536347.0,510050,sh,上证50ETF华夏
2025-10-09,3.057,3.081,3.089,3.041,6753908.0,510050,sh,上证50ETF华夏
2025-10-10,3.065,3.032,3.069,3.022,9312346.0,510050,sh,上证50ETF华夏
2025-10-13,2.971,3.021,3.028,2.971,5377148.0,510050,sh,上证50ETF华夏
2025-10-14,3.035,3.02,3.052,3.006,11351224.0,510050,sh,上证50ETF华夏
2025-10-15,3.022,3.058,3.063,3.014,8039212.0,510050,sh,上证50ETF华夏
2025-10-16,3.054,3.079,3.088,3.05,8492969.0,510050,sh,上证50ETF华夏
2025-10-17,3.078,3.03,3.083,3.018,10476012.0,510050,sh,上证50ETF华夏
2025-10-20,3.041,3.031,3.054,3.023,9068140.0,510050,sh,上证50ETF华夏
2025-10-21,3.038,3.064,3.072,3.034,8524248.0,510050,sh,上证50ETF华夏
2025-10-22,3.047,3.068,3.073,3.042,7930701.0,510050,sh,上证50ETF华夏
2025-10-23,3.065,3.087,3.092,3.041,5765693.0,510050,sh,上证50ETF华夏
2025-10-24,3.095,3.112,3.119,3.091,6810618.0,510050,sh,上证50ETF华夏
2025-10-27,3.128,3.136,3.145,3.12,9466972.0,510050,sh,上证50ETF华夏
2025-10-28,3.132,3.116,3.143,3.11,7843015.0,510050,sh,上证50ETF华夏
2025-10-29,3.118,3.13,3.132,3.114,6303459.0,510050,sh,上证50ETF华夏
2025-10-30,3.125,3.113,3.143,3.108,9869086.0,510050,sh,上证50ETF华夏
2025-10-31,3.114,3.08,3.117,3.076,10606639.0,510050,sh,上证50ETF华夏
2025-11-03,3.073,3.081,3.084,3.052,10062007.0,510050,sh,上证50ETF华夏
2025-11-04,3.08,3.076,3.093,3.061,9918416.0,510050,sh,上证50ETF华夏
2025-11-05,3.053,3.07,3.084,3.045,5728688.0,510050,sh,上证50ETF华夏
2025-11-06,3.078,3.11,3.115,3.074,6410614.0,510050,sh,上证50ETF华夏
2025-11-07,3.103,3.106,3.116,3.101,4454563.0,510050,sh,上证50ETF华夏
2025-11-10,3.109,3.121,3.123,3.094,4411218.0,510050,sh,上证50ETF华夏
2025-11-11,3.125,3.1,3.128,3.089,5112493.0,510050,sh,上证50ETF华夏
2025-11-12,3.098,3.117,3.126,3.098,5535944.0,510050,sh,上证50ETF华夏
2025-11-13,3.111,3.141,3.145,3.11,5012237.0,510050,sh,上证50ETF华夏
2025-11-14,3.13,3.103,3.143,3.102,4273872.0,510050,sh,上证50ETF华夏
2025-11-17,3.102,3.079,3.103,3.066,7648816.0,510050,sh,上证50ETF华夏
2025-11-18,3.072,3.07,3.088,3.059,6626141.0,510050,sh,上证50ETF华夏
2025-11-19,3.066,3.085,3.098,3.066,7117605.0,510050,sh,上证50ETF华夏
2025-11-20,3.097,3.076,3.106,3.07,3863730.0,510050,sh,上证50ETF华夏
2025-11-21,3.057,3.021,3.093,3.015,7926387.0,510050,sh,上证50ETF华夏
2025-11-24,3.025,3.014,3.03,3.006,6183482.0,510050,sh,上证50ETF华夏
2025-11-25,3.024,3.03,3.038,3.016,5700565.0,510050,sh,上证50ETF华夏
2025-11-26,3.033,3.034,3.17,3.031,4655892.0,510050,sh,上证50ETF华夏
2025-11-27,3.038,3.032,3.054,3.029,6512394.0,510050,sh,上证50ETF华夏
2025-11-28,3.031,3.033,3.038,3.017,5891902.0,510050,sh,上证50ETF华夏
2025-12-01,3.037,3.057,3.058,3.034,7558124.0,510050,sh,上证50ETF华夏
2025-12-02,3.057,3.042,3.058,3.035,4791261.0,510050,sh,上证50ETF华夏
2025-12-03,3.04,3.028,3.048,3.02,4778345.0,510050,sh,上证50ETF华夏
2025-12-04,3.032,3.036,3.045,3.022,4306399.0,510050,sh,上证50ETF华夏
2025-12-05,3.036,3.065,3.078,3.033,6637137.0,510050,sh,上证50ETF华夏
2025-12-08,3.072,3.084,3.098,3.071,7894104.0,510050,sh,上证50ETF华夏
2025-12-09,3.08,3.062,3.082,3.055,5570294.0,510050,sh,上证50ETF华夏
2025-12-10,3.058,3.052,3.062,3.033,5522261.0,510050,sh,上证50ETF华夏
2025-12-11,3.057,3.04,3.062,3.029,4920669.0,510050,sh,上证50ETF华夏
2025-12-12,3.045,3.054,3.059,3.03,6310280.0,510050,sh,上证50ETF华夏
2025-12-15,3.046,3.053,3.083,3.042,5200073.0,510050,sh,上证50ETF华夏
2025-12-16,3.051,3.023,3.052,3.009,7878038.0,510050,sh,上证50ETF华夏
2025-12-17,3.025,3.058,3.074,3.014,8863131.0,510050,sh,上证50ETF华夏
2025-12-18,3.053,3.064,3.069,3.046,3775788.0,510050,sh,上证50ETF华夏
2025-12-19,3.065,3.078,3.09,3.058,8660722.0,510050,sh,上证50ETF华夏
2025-12-22,3.083,3.092,3.1,3.082,5439508.0,510050,sh,上证50ETF华夏
2025-12-23,3.096,3.098,3.113,3.089,7227072.0,510050,sh,上证50ETF华夏
2025-12-24,3.097,3.099,3.105,3.084,6620371.0,510050,sh,上证50ETF华夏
2025-12-25,3.096,3.107,3.113,3.09,4466238.0,510050,sh,上证50ETF华夏
2025-12-26,3.108,3.12,3.134,3.106,7161973.0,510050,sh,上证50ETF华夏
2025-12-29,3.12,3.109,3.13,3.101,4870165.0,510050,sh,上证50ETF华夏
2025-12-30,3.1,3.108,3.123,3.094,5242576.0,510050,sh,上证50ETF华夏
2025-12-31,3.11,3.105,3.124,3.097,9114747.0,510050,sh,上证50ETF华夏
2026-01-05,3.116,3.174,3.182,3.116,7992179.0,510050,sh,上证50ETF华夏
2026-01-06,3.18,3.235,3.236,3.177,6444102.0,510050,sh,上证50ETF华夏
2026-01-07,3.236,3.22,3.238,3.206,6129682.0,510050,sh,上证50ETF华夏
2026-01-08,3.212,3.198,3.218,3.182,5125429.0,510050,sh,上证50ETF华夏
2026-01-09,3.197,3.209,3.223,3.188,6013761.0,510050,sh,上证50ETF华夏
2026-01-12,3.215,3.218,3.225,3.2,5443025.0,510050,sh,上证50ETF华夏
2026-01-13,3.223,3.214,3.256,3.2,9151140.0,510050,sh,上证50ETF华夏
2026-01-14,3.216,3.187,3.249,3.179,11870164.0,510050,sh,上证50ETF华夏
2026-01-15,3.18,3.18,3.205,3.17,36385077.0,510050,sh,上证50ETF华夏
2026-01-16,3.193,3.16,3.207,3.142,34763667.0,510050,sh,上证50ETF华夏
2026-01-19,3.153,3.153,3.174,3.142,22693188.0,510050,sh,上证50ETF华夏
2026-01-20,3.152,3.15,3.167,3.135,24576446.0,510050,sh,上证50ETF华夏
2026-01-21,3.147,3.145,3.175,3.136,53658762.0,510050,sh,上证50ETF华夏
2026-01-22,3.153,3.131,3.166,3.124,28467854.0,510050,sh,上证50ETF华夏
2026-01-23,3.135,3.106,3.141,3.094,39699812.0,510050,sh,上证50ETF华夏
2026-01-26,3.115,3.129,3.166,3.111,53619427.0,510050,sh,上证50ETF华夏
2026-01-27,3.13,3.131,3.158,3.123,28902465.0,510050,sh,上证50ETF华夏
2026-01-28,3.141,3.138,3.152,3.123,68470665.0,510050,sh,上证50ETF华夏
2026-01-29,3.145,3.196,3.203,3.128,36935945.0,510050,sh,上证50ETF华夏
2026-01-30,3.175,3.147,3.186,3.116,11439162.0,510050,sh,上证50ETF华夏
2026-02-02,3.13,3.08,3.154,3.071,16930653.0,510050,sh,上证50ETF华夏
2026-02-03,3.098,3.108,3.111,3.063,9719698.0,510050,sh,上证50ETF华夏
2026-02-04,3.107,3.147,3.148,3.103,7163199.0,510050,sh,上证50ETF华夏
2026-02-05,3.129,3.137,3.145,3.106,7105427.0,510050,sh,上证50ETF华夏
2026-02-06,3.11,3.115,3.135,3.092,7068558.0,510050,sh,上证50ETF华夏
2026-02-09,3.14,3.161,3.162,3.135,6225056.0,510050,sh,上证50ETF华夏
2026-02-10,3.165,3.17,3.171,3.159,4426210.0,510050,sh,上证50ETF华夏
2026-02-11,3.165,3.17,3.174,3.156,3693565.0,510050,sh,上证50ETF华夏
2026-02-12,3.171,3.161,3.176,3.158,2559036.0,510050,sh,上证50ETF华夏
2026-02-13,3.149,3.114,3.15,3.111,9338776.0,510050,sh,上证50ETF华夏
2026-02-24,3.15,3.119,3.154,3.118,4165786.0,510050,sh,上证50ETF华夏
2026-02-25,3.121,3.134,3.162,3.121,8470643.0,510050,sh,上证50ETF华夏
2026-02-26,3.136,3.115,3.14,3.101,4776386.0,510050,sh,上证50ETF华夏
2026-02-27,3.108,3.123,3.128,3.104,5581606.0,510050,sh,上证50ETF华夏
2026-03-02,3.113,3.125,3.131,3.086,10925052.0,510050,sh,上证50ETF华夏
2026-03-03,3.122,3.096,3.137,3.089,8676074.0,510050,sh,上证50ETF华夏
2026-03-04,3.07,3.051,3.077,3.03,6620919.0,510050,sh,上证50ETF华夏
2026-03-05,3.066,3.066,3.078,3.054,5806391.0,510050,sh,上证50ETF华夏
2026-03-06,3.055,3.068,3.079,3.047,6014140.0,510050,sh,上证50ETF华夏
2026-03-09,3.04,3.041,3.05,3.005,8632089.0,510050,sh,上证50ETF华夏
2026-03-10,3.047,3.06,3.064,3.047,4393113.0,510050,sh,上证50ETF华夏
2026-03-11,3.06,3.062,3.066,3.048,3983936.0,510050,sh,上证50ETF华夏
2026-03-12,3.058,3.047,3.061,3.03,5331609.0,510050,sh,上证50ETF华夏
2026-03-13,3.038,3.035,3.055,3.027,4469639.0,510050,sh,上证50ETF华夏
2026-03-16,3.03,3.028,3.032,3.003,6431454.0,510050,sh,上证50ETF华夏
2026-03-17,3.03,3.039,3.072,3.028,7016996.0,510050,sh,上证50ETF华夏
2026-03-18,3.045,3.035,3.05,3.015,5913833.0,510050,sh,上证50ETF华夏
2026-03-19,3.01,2.993,3.018,2.983,7664708.0,510050,sh,上证50ETF华夏
2026-03-20,2.99,2.957,3.001,2.955,9070530.0,510050,sh,上证50ETF华夏
2026-03-23,2.924,2.868,2.931,2.851,13985705.0,510050,sh,上证50ETF华夏
2026-03-24,2.88,2.9,2.902,2.862,9756823.0,510050,sh,上证50ETF华夏
2026-03-25,2.911,2.93,2.935,2.91,11941220.0,510050,sh,上证50ETF华夏
2026-03-26,2.927,2.897,2.935,2.89,4154586.0,510050,sh,上证50ETF华夏
2026-03-27,2.877,2.909,2.919,2.876,6506352.0,510050,sh,上证50ETF华夏
2026-03-30,2.886,2.905,2.908,2.875,5452618.0,510050,sh,上证50ETF华夏
2026-03-31,2.912,2.902,2.939,2.9,6016877.0,510050,sh,上证50ETF华夏
2026-04-01,2.93,2.951,2.957,2.929,4575115.0,510050,sh,上证50ETF华夏
2026-04-02,2.945,2.926,2.947,2.911,4193380.0,510050,sh,上证50ETF华夏
2026-04-03,2.93,2.901,2.932,2.898,2830257.0,510050,sh,上证50ETF华夏
2026-04-07,2.901,2.9,2.915,2.895,4016673.0,510050,sh,上证50ETF华夏
2026-04-08,2.94,2.978,2.982,2.938,8465137.0,510050,sh,上证50ETF华夏
2026-04-09,2.964,2.958,2.964,2.95,3756177.0,510050,sh,上证50ETF华夏
2026-04-10,2.967,2.972,2.989,2.966,4850042.0,510050,sh,上证50ETF华夏
2026-04-13,2.966,2.972,2.975,2.956,2694993.0,510050,sh,上证50ETF华夏
2026-04-14,2.988,2.997,2.999,2.972,4224665.0,510050,sh,上证50ETF华夏
2026-04-15,3.008,3.008,3.027,3.005,3957364.0,510050,sh,上证50ETF华夏
2026-04-16,3.01,3.014,3.024,3.004,5217587.0,510050,sh,上证50ETF华夏
2026-04-17,2.999,2.982,3.004,2.98,8270499.0,510050,sh,上证50ETF华夏
2026-04-20,2.982,3.007,3.011,2.981,6487534.0,510050,sh,上证50ETF华夏
2026-04-21,3.006,3.006,3.01,2.992,6901859.0,510050,sh,上证50ETF华夏
2026-04-22,2.998,3.005,3.01,2.996,9780069.0,510050,sh,上证50ETF华夏
2026-04-23,3.006,3.001,3.014,2.984,13105053.0,510050,sh,上证50ETF华夏
2026-04-24,2.995,3.018,3.024,2.986,9899961.0,510050,sh,上证50ETF华夏
2026-04-27,3.015,3.013,3.031,3.007,10157245.0,510050,sh,上证50ETF华夏
2026-04-28,3.008,3.024,3.037,3.006,12383674.0,510050,sh,上证50ETF华夏
2026-04-29,3.019,3.041,3.046,3.014,12870056.0,510050,sh,上证50ETF华夏
2026-04-30,3.042,3.062,3.065,3.037,17512075.0,510050,sh,上证50ETF华夏
2026-05-06,3.079,3.1,3.116,3.077,18737284.0,510050,sh,上证50ETF华夏
2026-05-07,3.107,3.103,3.115,3.094,16135513.0,510050,sh,上证50ETF华夏
2026-05-08,3.092,3.075,3.093,3.061,18079093.0,510050,sh,上证50ETF华夏
2026-05-11,3.09,3.116,3.123,3.081,17761779.0,510050,sh,上证50ETF华夏
2026-05-12,3.116,3.119,3.131,3.108,11788729.0,510050,sh,上证50ETF华夏
2026-05-13,3.107,3.123,3.127,3.093,13770469.0,510050,sh,上证50ETF华夏
2026-05-14,3.131,3.074,3.133,3.072,10422841.0,510050,sh,上证50ETF华夏
2026-05-15,3.065,3.035,3.076,3.018,11090662.0,510050,sh,上证50ETF华夏
2026-05-18,3.02,3.008,3.03,2.992,8709846.0,510050,sh,上证50ETF华夏
2026-05-19,3.005,3.026,3.028,2.99,16453482.0,510050,sh,上证50ETF华夏
2026-05-20,3.012,3.029,3.037,3.01,12820188.0,510050,sh,上证50ETF华夏
2026-05-21,3.043,2.994,3.072,2.992,9552675.0,510050,sh,上证50ETF华夏
2026-05-22,3.005,2.995,3.01,2.982,12521537.0,510050,sh,上证50ETF华夏
2026-05-25,3.003,3.039,3.041,3.0,13538492.0,510050,sh,上证50ETF华夏
2026-05-26,3.033,3.046,3.049,3.019,8749755.0,510050,sh,上证50ETF华夏
2026-05-27,3.042,3.008,3.051,2.993,9816737.0,510050,sh,上证50ETF华夏
2026-05-28,3.0,2.985,3.003,2.966,4935068.0,510050,sh,上证50ETF华夏
2026-05-29,2.988,2.997,3.013,2.984,6306753.0,510050,sh,上证50ETF华夏
2026-06-01,2.999,2.968,2.999,2.961,7982425.0,510050,sh,上证50ETF华夏
2026-06-02,2.97,2.993,3.008,2.966,7719412.0,510050,sh,上证50ETF华夏
2026-06-03,2.992,2.996,3.014,2.981,9154496.0,510050,sh,上证50ETF华夏
2026-06-04,2.98,2.964,2.993,2.957,6368816.0,510050,sh,上证50ETF华夏
2026-06-05,2.958,2.94,2.985,2.934,6817209.0,510050,sh,上证50ETF华夏
2026-06-08,2.909,2.901,2.923,2.881,7951719.0,510050,sh,上证50ETF华夏
2026-06-09,2.904,2.917,2.918,2.888,8253141.0,510050,sh,上证50ETF华夏
2026-06-10,2.904,2.931,2.941,2.904,3569803.0,510050,sh,上证50ETF华夏
2026-06-11,2.927,2.928,2.935,2.91,4614147.0,510050,sh,上证50ETF华夏
2026-06-12,2.945,2.982,2.993,2.936,13228899.0,510050,sh,上证50ETF华夏
2026-06-15,3.002,3.024,3.035,2.999,15562193.0,510050,sh,上证50ETF华夏
2026-06-16,3.022,2.993,3.022,2.984,6528255.0,510050,sh,上证50ETF华夏
2026-06-17,2.988,3.015,3.016,2.983,11308652.0,510050,sh,上证50ETF华夏
2026-06-18,3.005,3.017,3.036,3.003,8261911.0,510050,sh,上证50ETF华夏
2026-06-22,3.014,3.097,3.098,2.998,14175084.0,510050,sh,上证50ETF华夏
2026-06-23,3.089,3.005,3.103,2.992,10473136.0,510050,sh,上证50ETF华夏
2026-06-24,2.998,3.024,3.027,2.998,12936197.0,510050,sh,上证50ETF华夏
2026-06-25,3.023,3.059,3.073,3.018,6576048.0,510050,sh,上证50ETF华夏
2026-06-26,3.041,3.0,3.055,2.977,7121559.0,510050,sh,上证50ETF华夏
2026-06-29,2.995,3.083,3.083,2.993,6504278.0,510050,sh,上证50ETF华夏
2026-06-30,3.07,3.083,3.087,3.054,4254838.0,510050,sh,上证50ETF华夏
2026-07-01,3.074,3.074,3.109,3.056,5737066.0,510050,sh,上证50ETF华夏
2026-07-02,3.038,3.003,3.053,2.994,6241756.0,510050,sh,上证50ETF华夏
2026-07-03,3.003,3.023,3.048,3.003,5363395.0,510050,sh,上证50ETF华夏
