date,open,close,high,low,volume,code,market,name
2020-01-02,99.985,100.031,100.038,99.98,111744.0,511660,sh,货币ETF建信
2020-01-03,100.0,100.006,100.013,99.994,63198.0,511660,sh,货币ETF建信
2020-01-06,99.991,99.999,99.999,99.989,87557.0,511660,sh,货币ETF建信
2020-01-07,99.993,99.999,100.001,99.992,82111.0,511660,sh,货币ETF建信
2020-01-08,99.998,100.001,100.002,99.992,69786.0,511660,sh,货币ETF建信
2020-01-09,99.994,100.009,100.011,99.994,53998.0,511660,sh,货币ETF建信
2020-01-10,100.007,100.018,100.021,100.003,71917.0,511660,sh,货币ETF建信
2020-01-13,99.997,99.997,100.002,99.996,58369.0,511660,sh,货币ETF建信
2020-01-14,99.995,99.996,99.998,99.9,75429.0,511660,sh,货币ETF建信
2020-01-15,99.994,99.994,99.999,99.993,103093.0,511660,sh,货币ETF建信
2020-01-16,99.994,99.993,99.998,99.991,109198.0,511660,sh,货币ETF建信
2020-01-17,100.001,100.008,100.013,100.0,124812.0,511660,sh,货币ETF建信
2020-01-20,99.995,99.996,100.001,99.995,99400.0,511660,sh,货币ETF建信
2020-01-21,99.994,100.001,100.002,99.994,85784.0,511660,sh,货币ETF建信
2020-01-22,99.994,100.003,100.015,99.994,78886.0,511660,sh,货币ETF建信
2020-01-23,100.045,100.086,100.098,100.045,80644.0,511660,sh,货币ETF建信
2020-02-03,100.0,99.996,100.001,99.9,198022.0,511660,sh,货币ETF建信
2020-02-04,99.98,100.001,100.003,99.968,175735.0,511660,sh,货币ETF建信
2020-02-05,99.995,100.012,100.014,99.993,96661.0,511660,sh,货币ETF建信
2020-02-06,100.009,100.015,100.017,99.999,82564.0,511660,sh,货币ETF建信
2020-02-07,100.018,100.034,100.036,100.017,46611.0,511660,sh,货币ETF建信
2020-02-10,100.009,100.014,100.017,100.0,80752.0,511660,sh,货币ETF建信
2020-02-11,100.007,100.017,100.025,100.002,83604.0,511660,sh,货币ETF建信
2020-02-12,100.009,100.012,100.017,100.002,80625.0,511660,sh,货币ETF建信
2020-02-13,100.002,100.009,100.011,100.002,71885.0,511660,sh,货币ETF建信
2020-02-14,100.013,100.015,100.017,100.005,52812.0,511660,sh,货币ETF建信
2020-02-17,100.002,100.0,100.005,99.998,53074.0,511660,sh,货币ETF建信
2020-02-18,99.997,100.003,100.004,99.985,57532.0,511660,sh,货币ETF建信
2020-02-19,99.997,100.003,100.004,99.995,59831.0,511660,sh,货币ETF建信
2020-02-20,100.0,100.001,100.005,99.997,65475.0,511660,sh,货币ETF建信
2020-02-21,100.003,100.013,100.016,100.001,56912.0,511660,sh,货币ETF建信
2020-02-24,100.0,99.999,100.0,99.9,78247.0,511660,sh,货币ETF建信
2020-02-25,99.99,100.003,100.005,99.988,83541.0,511660,sh,货币ETF建信
2020-02-26,99.992,100.004,100.009,99.992,56624.0,511660,sh,货币ETF建信
2020-02-27,100.0,100.006,100.007,99.998,78333.0,511660,sh,货币ETF建信
2020-02-28,100.001,100.017,100.021,100.0,93546.0,511660,sh,货币ETF建信
2020-03-02,100.0,100.008,100.009,99.998,82137.0,511660,sh,货币ETF建信
2020-03-03,100.001,100.011,100.019,99.998,75147.0,511660,sh,货币ETF建信
2020-03-04,100.003,100.018,100.022,100.003,46887.0,511660,sh,货币ETF建信
2020-03-05,100.006,100.024,100.035,100.005,53652.0,511660,sh,货币ETF建信
2020-03-06,100.02,100.038,100.051,100.019,43730.0,511660,sh,货币ETF建信
2020-03-09,100.015,100.036,100.044,100.011,57110.0,511660,sh,货币ETF建信
2020-03-10,100.01,100.012,100.019,99.988,86422.0,511660,sh,货币ETF建信
2020-03-11,100.001,100.032,100.035,100.001,67188.0,511660,sh,货币ETF建信
2020-03-12,100.019,100.028,100.03,100.015,65514.0,511660,sh,货币ETF建信
2020-03-13,100.009,100.016,100.018,99.995,84141.0,511660,sh,货币ETF建信
2020-03-16,100.003,100.012,100.014,99.99,90100.0,511660,sh,货币ETF建信
2020-03-17,100.002,100.011,100.013,99.997,144205.0,511660,sh,货币ETF建信
2020-03-18,100.0,100.01,100.014,100.0,109937.0,511660,sh,货币ETF建信
2020-03-19,100.009,100.014,100.017,100.005,98653.0,511660,sh,货币ETF建信
2020-03-20,100.01,100.031,100.032,100.005,90624.0,511660,sh,货币ETF建信
2020-03-23,100.014,100.018,100.028,100.01,94346.0,511660,sh,货币ETF建信
2020-03-24,100.007,100.011,100.015,100.005,102000.0,511660,sh,货币ETF建信
2020-03-25,100.001,100.003,100.006,99.996,145316.0,511660,sh,货币ETF建信
2020-03-26,100.003,100.003,100.008,100.001,94974.0,511660,sh,货币ETF建信
2020-03-27,100.007,100.012,100.018,100.004,82117.0,511660,sh,货币ETF建信
2020-03-30,100.0,99.997,100.006,99.991,121946.0,511660,sh,货币ETF建信
2020-03-31,100.0,100.003,100.004,99.987,67302.0,511660,sh,货币ETF建信
2020-04-01,100.004,100.01,100.014,100.001,85478.0,511660,sh,货币ETF建信
2020-04-02,100.008,100.004,100.012,100.001,72122.0,511660,sh,货币ETF建信
2020-04-03,100.009,100.022,100.026,100.009,68987.0,511660,sh,货币ETF建信
2020-04-07,100.0,100.005,100.009,99.997,93651.0,511660,sh,货币ETF建信
2020-04-08,100.005,100.005,100.008,100.002,66012.0,511660,sh,货币ETF建信
2020-04-09,100.003,100.007,100.008,100.003,67489.0,511660,sh,货币ETF建信
2020-04-10,100.012,100.016,100.017,100.011,66909.0,511660,sh,货币ETF建信
2020-04-13,100.006,100.008,100.012,100.005,87856.0,511660,sh,货币ETF建信
2020-04-14,100.007,100.01,100.01,100.006,80312.0,511660,sh,货币ETF建信
2020-04-15,100.008,100.001,100.008,99.999,111888.0,511660,sh,货币ETF建信
2020-04-16,100.0,100.001,100.002,99.998,89814.0,511660,sh,货币ETF建信
2020-04-17,100.0,100.002,100.008,99.996,112498.0,511660,sh,货币ETF建信
2020-04-20,99.995,100.0,100.001,99.993,68939.0,511660,sh,货币ETF建信
2020-04-21,99.997,100.001,100.002,99.996,64490.0,511660,sh,货币ETF建信
2020-04-22,99.998,100.002,100.002,99.997,74203.0,511660,sh,货币ETF建信
2020-04-23,99.999,100.002,100.002,99.998,96461.0,511660,sh,货币ETF建信
2020-04-24,100.004,100.007,100.011,100.004,89127.0,511660,sh,货币ETF建信
2020-04-27,100.0,99.999,100.001,99.996,95132.0,511660,sh,货币ETF建信
2020-04-28,99.998,100.0,100.0,99.996,81640.0,511660,sh,货币ETF建信
2020-04-29,99.997,99.992,99.999,99.987,101191.0,511660,sh,货币ETF建信
2020-04-30,100.008,100.005,100.01,99.992,142490.0,511660,sh,货币ETF建信
2020-05-06,99.96,99.99,99.994,99.96,101485.0,511660,sh,货币ETF建信
2020-05-07,99.985,99.991,99.998,99.982,98277.0,511660,sh,货币ETF建信
2020-05-08,99.998,100.001,100.003,99.99,78282.0,511660,sh,货币ETF建信
2020-05-11,99.991,99.998,99.999,99.991,62143.0,511660,sh,货币ETF建信
2020-05-12,99.995,100.001,100.002,99.995,72109.0,511660,sh,货币ETF建信
2020-05-13,100.0,100.002,100.004,99.998,82634.0,511660,sh,货币ETF建信
2020-05-14,100.0,100.004,100.006,99.999,70828.0,511660,sh,货币ETF建信
2020-05-15,100.005,100.01,100.011,100.003,69785.0,511660,sh,货币ETF建信
2020-05-18,100.0,100.0,100.002,99.998,62352.0,511660,sh,货币ETF建信
2020-05-19,99.995,100.003,100.005,99.993,84820.0,511660,sh,货币ETF建信
2020-05-20,100.002,100.003,100.005,99.999,64699.0,511660,sh,货币ETF建信
2020-05-21,100.0,100.003,100.004,100.0,55104.0,511660,sh,货币ETF建信
2020-05-22,100.005,100.01,100.012,100.005,67391.0,511660,sh,货币ETF建信
2020-05-25,99.997,100.001,100.001,99.996,63480.0,511660,sh,货币ETF建信
2020-05-26,99.998,99.999,100.0,99.997,59622.0,511660,sh,货币ETF建信
2020-05-27,99.998,99.995,99.999,99.993,71208.0,511660,sh,货币ETF建信
2020-05-28,99.995,99.99,99.996,99.981,146766.0,511660,sh,货币ETF建信
2020-05-29,99.992,100.004,100.006,99.992,73245.0,511660,sh,货币ETF建信
2020-06-01,99.993,99.991,99.996,99.985,96013.0,511660,sh,货币ETF建信
2020-06-02,99.988,99.994,100.0,99.985,64101.0,511660,sh,货币ETF建信
2020-06-03,99.992,99.996,99.997,99.987,61681.0,511660,sh,货币ETF建信
2020-06-04,99.992,99.996,99.998,99.99,50121.0,511660,sh,货币ETF建信
2020-06-05,100.0,100.005,100.006,100.0,102134.0,511660,sh,货币ETF建信
2020-06-08,99.996,100.001,100.002,99.99,77069.0,511660,sh,货币ETF建信
2020-06-09,100.0,100.0,100.003,99.997,83153.0,511660,sh,货币ETF建信
2020-06-10,99.998,99.998,100.0,99.995,67402.0,511660,sh,货币ETF建信
2020-06-11,99.996,100.001,100.001,99.995,64489.0,511660,sh,货币ETF建信
2020-06-12,100.002,100.001,100.004,99.998,70239.0,511660,sh,货币ETF建信
2020-06-15,99.995,100.001,100.002,99.995,88701.0,511660,sh,货币ETF建信
2020-06-16,99.998,100.0,100.0,99.995,81606.0,511660,sh,货币ETF建信
2020-06-17,99.996,99.999,99.999,99.995,77670.0,511660,sh,货币ETF建信
2020-06-18,99.997,99.999,100.0,99.995,77299.0,511660,sh,货币ETF建信
2020-06-19,100.002,99.983,100.004,99.977,172041.0,511660,sh,货币ETF建信
2020-06-22,99.978,99.984,99.995,99.978,139021.0,511660,sh,货币ETF建信
2020-06-23,99.981,99.98,99.986,99.972,83804.0,511660,sh,货币ETF建信
2020-06-24,99.998,100.005,100.006,99.992,102865.0,511660,sh,货币ETF建信
2020-06-29,99.989,99.978,99.99,99.969,125976.0,511660,sh,货币ETF建信
2020-06-30,99.97,99.972,99.975,99.947,99048.0,511660,sh,货币ETF建信
2020-07-01,99.972,99.99,100.001,99.969,156281.0,511660,sh,货币ETF建信
2020-07-02,99.979,99.975,100.001,99.967,113094.0,511660,sh,货币ETF建信
2020-07-03,99.975,99.984,99.991,99.903,148367.0,511660,sh,货币ETF建信
2020-07-06,99.961,99.95,99.972,99.938,233143.0,511660,sh,货币ETF建信
2020-07-07,99.943,99.98,99.989,99.93,164612.0,511660,sh,货币ETF建信
2020-07-08,99.96,99.994,99.998,99.96,146939.0,511660,sh,货币ETF建信
2020-07-09,99.994,99.995,99.997,99.98,110537.0,511660,sh,货币ETF建信
2020-07-10,99.996,100.005,100.007,99.995,127946.0,511660,sh,货币ETF建信
2020-07-13,99.993,99.994,99.995,99.99,99127.0,511660,sh,货币ETF建信
2020-07-14,99.995,100.007,100.012,99.993,120391.0,511660,sh,货币ETF建信
2020-07-15,100.002,100.018,100.02,99.999,88602.0,511660,sh,货币ETF建信
2020-07-16,100.01,100.007,100.024,99.992,112918.0,511660,sh,货币ETF建信
2020-07-17,100.006,100.02,100.027,99.999,129128.0,511660,sh,货币ETF建信
2020-07-20,100.002,100.021,100.023,100.001,97241.0,511660,sh,货币ETF建信
2020-07-21,100.019,100.016,100.019,100.006,78036.0,511660,sh,货币ETF建信
2020-07-22,100.014,100.01,100.016,100.0,117639.0,511660,sh,货币ETF建信
2020-07-23,100.007,100.014,100.015,100.003,87063.0,511660,sh,货币ETF建信
2020-07-24,100.014,100.029,100.03,100.007,89384.0,511660,sh,货币ETF建信
2020-07-27,100.02,100.017,100.02,100.0,118554.0,511660,sh,货币ETF建信
2020-07-28,100.008,100.012,100.016,100.006,53962.0,511660,sh,货币ETF建信
2020-07-29,100.008,99.998,100.011,99.981,56630.0,511660,sh,货币ETF建信
2020-07-30,99.996,100.003,100.005,99.98,62729.0,511660,sh,货币ETF建信
2020-07-31,100.006,100.008,100.009,99.994,121105.0,511660,sh,货币ETF建信
2020-08-03,99.989,99.998,100.0,99.989,74498.0,511660,sh,货币ETF建信
2020-08-04,99.995,100.002,100.005,99.992,85342.0,511660,sh,货币ETF建信
2020-08-05,99.998,100.004,100.006,99.996,78632.0,511660,sh,货币ETF建信
2020-08-06,100.0,100.007,100.011,100.0,49345.0,511660,sh,货币ETF建信
2020-08-07,100.007,100.014,100.017,100.007,79836.0,511660,sh,货币ETF建信
2020-08-10,100.003,100.008,100.01,99.997,64326.0,511660,sh,货币ETF建信
2020-08-11,100.007,100.014,100.018,100.001,68677.0,511660,sh,货币ETF建信
2020-08-12,100.014,100.016,100.018,100.005,71846.0,511660,sh,货币ETF建信
2020-08-13,100.009,100.019,100.02,100.009,60890.0,511660,sh,货币ETF建信
2020-08-14,100.017,100.019,100.023,100.012,41130.0,511660,sh,货币ETF建信
2020-08-17,100.001,100.0,100.001,99.994,72444.0,511660,sh,货币ETF建信
2020-08-18,99.995,100.004,100.006,99.995,49886.0,511660,sh,货币ETF建信
2020-08-19,100.001,100.019,100.021,99.998,35320.0,511660,sh,货币ETF建信
2020-08-20,100.019,100.014,100.023,100.008,51853.0,511660,sh,货币ETF建信
2020-08-21,100.013,100.023,100.026,100.007,70563.0,511660,sh,货币ETF建信
2020-08-24,100.006,100.009,100.011,100.003,51317.0,511660,sh,货币ETF建信
2020-08-25,100.009,100.004,100.009,100.0,74525.0,511660,sh,货币ETF建信
2020-08-26,100.005,100.009,100.011,100.001,52193.0,511660,sh,货币ETF建信
2020-08-27,100.008,100.018,100.02,100.006,74565.0,511660,sh,货币ETF建信
2020-08-28,100.015,99.998,100.015,99.995,93636.0,511660,sh,货币ETF建信
2020-08-31,99.991,99.992,99.996,99.971,138637.0,511660,sh,货币ETF建信
2020-09-01,99.995,100.0,100.001,99.995,76077.0,511660,sh,货币ETF建信
2020-09-02,99.999,100.006,100.007,99.996,75701.0,511660,sh,货币ETF建信
2020-09-03,100.006,100.005,100.009,100.002,65554.0,511660,sh,货币ETF建信
2020-09-04,100.008,100.009,100.011,100.003,90098.0,511660,sh,货币ETF建信
2020-09-07,99.999,100.003,100.006,99.996,86994.0,511660,sh,货币ETF建信
2020-09-08,100.002,100.005,100.005,100.0,78905.0,511660,sh,货币ETF建信
2020-09-09,100.005,100.005,100.006,100.001,70349.0,511660,sh,货币ETF建信
2020-09-10,100.001,100.01,100.011,99.999,95417.0,511660,sh,货币ETF建信
2020-09-11,100.009,100.01,100.013,100.005,104246.0,511660,sh,货币ETF建信
2020-09-14,100.001,100.006,100.008,99.999,67247.0,511660,sh,货币ETF建信
2020-09-15,100.003,100.008,100.008,100.003,61170.0,511660,sh,货币ETF建信
2020-09-16,100.008,100.007,100.012,100.004,68236.0,511660,sh,货币ETF建信
2020-09-17,100.007,100.002,100.007,99.999,109772.0,511660,sh,货币ETF建信
2020-09-18,100.01,100.0,100.011,99.995,153228.0,511660,sh,货币ETF建信
2020-09-21,99.995,99.997,100.0,99.99,81368.0,511660,sh,货币ETF建信
2020-09-22,99.998,100.003,100.005,99.994,96253.0,511660,sh,货币ETF建信
2020-09-23,100.003,99.999,100.003,99.997,115774.0,511660,sh,货币ETF建信
2020-09-24,99.999,100.005,100.005,99.995,106871.0,511660,sh,货币ETF建信
2020-09-25,100.012,100.01,100.018,100.002,71140.0,511660,sh,货币ETF建信
2020-09-28,100.001,100.009,100.01,99.995,71777.0,511660,sh,货币ETF建信
2020-09-29,100.008,100.021,100.333,99.997,68563.0,511660,sh,货币ETF建信
2020-09-30,100.055,100.206,100.209,100.055,145120.0,511660,sh,货币ETF建信
2020-10-09,100.18,100.006,100.18,99.995,97178.0,511660,sh,货币ETF建信
2020-10-12,99.996,99.99,100.0,99.895,170426.0,511660,sh,货币ETF建信
2020-10-13,99.992,99.997,100.0,99.989,83014.0,511660,sh,货币ETF建信
2020-10-14,99.998,100.001,100.004,99.993,90641.0,511660,sh,货币ETF建信
2020-10-15,100.0,100.0,100.003,99.995,110350.0,511660,sh,货币ETF建信
2020-10-16,100.004,100.011,100.012,100.003,130917.0,511660,sh,货币ETF建信
2020-10-19,99.998,100.001,100.005,99.997,80609.0,511660,sh,货币ETF建信
2020-10-20,100.003,100.002,100.005,99.999,69199.0,511660,sh,货币ETF建信
2020-10-21,100.001,100.004,100.005,99.999,66809.0,511660,sh,货币ETF建信
2020-10-22,100.002,100.001,100.003,99.995,96576.0,511660,sh,货币ETF建信
2020-10-23,100.006,100.001,100.01,100.0,106389.0,511660,sh,货币ETF建信
2020-10-26,99.997,99.995,99.999,99.98,83073.0,511660,sh,货币ETF建信
2020-10-27,99.995,99.989,99.995,99.986,73575.0,511660,sh,货币ETF建信
2020-10-28,99.989,99.988,99.99,99.983,97577.0,511660,sh,货币ETF建信
2020-10-29,99.988,99.993,99.994,99.98,100694.0,511660,sh,货币ETF建信
2020-10-30,100.001,100.008,100.009,99.991,116057.0,511660,sh,货币ETF建信
2020-11-02,99.999,100.001,100.004,99.995,75431.0,511660,sh,货币ETF建信
2020-11-03,99.999,99.994,99.999,99.99,128669.0,511660,sh,货币ETF建信
2020-11-04,99.994,100.005,100.006,99.992,91477.0,511660,sh,货币ETF建信
2020-11-05,99.997,100.011,100.017,99.994,113824.0,511660,sh,货币ETF建信
2020-11-06,100.011,100.021,100.023,100.006,71037.0,511660,sh,货币ETF建信
2020-11-09,100.0,100.001,100.003,99.994,136140.0,511660,sh,货币ETF建信
2020-11-10,99.998,100.006,100.009,99.994,124004.0,511660,sh,货币ETF建信
2020-11-11,100.002,100.013,100.015,100.001,110354.0,511660,sh,货币ETF建信
2020-11-12,100.012,100.005,100.015,100.003,108657.0,511660,sh,货币ETF建信
2020-11-13,100.01,100.024,100.025,100.009,121730.0,511660,sh,货币ETF建信
2020-11-16,100.01,100.015,100.019,100.006,88354.0,511660,sh,货币ETF建信
2020-11-17,100.01,100.011,100.017,100.008,67010.0,511660,sh,货币ETF建信
2020-11-18,100.013,100.008,100.014,100.005,69734.0,511660,sh,货币ETF建信
2020-11-19,100.002,100.003,100.008,100.001,72969.0,511660,sh,货币ETF建信
2020-11-20,100.009,100.009,100.016,99.999,64727.0,511660,sh,货币ETF建信
2020-11-23,99.999,100.004,100.007,99.996,65607.0,511660,sh,货币ETF建信
2020-11-24,100.002,99.997,100.002,99.993,75557.0,511660,sh,货币ETF建信
2020-11-25,99.998,100.008,100.009,99.993,60656.0,511660,sh,货币ETF建信
2020-11-26,100.006,100.005,100.01,100.0,57988.0,511660,sh,货币ETF建信
2020-11-27,100.014,100.013,100.015,100.007,75728.0,511660,sh,货币ETF建信
2020-11-30,99.999,99.997,100.001,99.986,140295.0,511660,sh,货币ETF建信
2020-12-01,99.997,100.0,100.001,99.996,90505.0,511660,sh,货币ETF建信
2020-12-02,99.998,99.999,100.001,99.992,79812.0,511660,sh,货币ETF建信
2020-12-03,99.997,100.0,100.001,99.989,88757.0,511660,sh,货币ETF建信
2020-12-04,100.006,100.014,100.015,100.006,100154.0,511660,sh,货币ETF建信
2020-12-07,100.0,100.005,100.007,99.999,76244.0,511660,sh,货币ETF建信
2020-12-08,100.003,100.006,100.008,100.002,67671.0,511660,sh,货币ETF建信
2020-12-09,100.003,100.006,100.008,100.001,62785.0,511660,sh,货币ETF建信
2020-12-10,100.004,100.011,100.015,100.002,61380.0,511660,sh,货币ETF建信
2020-12-11,100.021,100.037,100.04,100.007,57656.0,511660,sh,货币ETF建信
2020-12-14,100.01,100.01,100.01,100.0,60574.0,511660,sh,货币ETF建信
2020-12-15,100.005,100.005,100.007,99.999,109441.0,511660,sh,货币ETF建信
2020-12-16,100.002,100.003,100.004,100.0,75607.0,511660,sh,货币ETF建信
2020-12-17,100.002,99.998,100.004,99.983,108286.0,511660,sh,货币ETF建信
2020-12-18,100.006,100.011,100.013,99.993,90462.0,511660,sh,货币ETF建信
2020-12-21,99.999,100.001,100.006,99.985,80582.0,511660,sh,货币ETF建信
2020-12-22,100.001,100.001,100.008,99.991,79270.0,511660,sh,货币ETF建信
2020-12-23,99.999,99.997,100.004,99.986,148585.0,511660,sh,货币ETF建信
2020-12-24,99.989,100.002,100.004,99.975,140018.0,511660,sh,货币ETF建信
2020-12-25,100.004,100.0,100.009,99.994,136036.0,511660,sh,货币ETF建信
2020-12-28,99.989,99.994,99.998,99.971,109277.0,511660,sh,货币ETF建信
2020-12-29,99.991,99.981,99.991,99.969,116928.0,511660,sh,货币ETF建信
2020-12-30,99.975,99.978,99.987,99.972,103224.0,511660,sh,货币ETF建信
2020-12-31,100.011,100.016,100.018,99.999,186585.0,511660,sh,货币ETF建信
2021-01-04,99.992,99.994,100.0,99.987,186513.0,511660,sh,货币ETF建信
2021-01-05,99.993,100.002,100.005,99.99,193907.0,511660,sh,货币ETF建信
2021-01-06,99.998,100.006,100.007,99.996,193675.0,511660,sh,货币ETF建信
2021-01-07,100.0,100.007,100.009,100.0,146880.0,511660,sh,货币ETF建信
2021-01-08,100.009,100.017,100.019,100.004,148608.0,511660,sh,货币ETF建信
2021-01-11,100.003,100.006,100.01,99.996,165999.0,511660,sh,货币ETF建信
2021-01-12,100.002,100.007,100.009,100.001,109266.0,511660,sh,货币ETF建信
2021-01-13,100.002,100.007,100.008,100.001,125539.0,511660,sh,货币ETF建信
2021-01-14,99.999,99.999,100.004,99.996,151987.0,511660,sh,货币ETF建信
2021-01-15,99.999,100.014,100.015,99.997,134153.0,511660,sh,货币ETF建信
2021-01-18,99.998,100.007,100.009,99.998,167439.0,511660,sh,货币ETF建信
2021-01-19,100.01,100.002,100.01,99.998,78972.0,511660,sh,货币ETF建信
2021-01-20,100.002,100.007,100.012,99.997,163454.0,511660,sh,货币ETF建信
2021-01-21,100.004,100.008,100.012,99.997,155011.0,511660,sh,货币ETF建信
2021-01-22,100.009,100.018,100.019,100.006,131810.0,511660,sh,货币ETF建信
2021-01-25,100.005,100.034,100.229,99.999,130875.0,511660,sh,货币ETF建信
2021-01-26,100.03,100.0,100.03,99.99,103115.0,511660,sh,货币ETF建信
2021-01-27,99.998,99.992,100.0,99.983,162429.0,511660,sh,货币ETF建信
2021-01-28,99.991,99.983,99.991,99.96,106221.0,511660,sh,货币ETF建信
2021-01-29,100.001,100.006,100.008,99.983,157194.0,511660,sh,货币ETF建信
2021-02-01,99.998,99.995,99.998,99.982,152467.0,511660,sh,货币ETF建信
2021-02-02,99.999,100.004,100.006,99.993,98012.0,511660,sh,货币ETF建信
2021-02-03,100.0,100.008,100.008,99.996,109773.0,511660,sh,货币ETF建信
2021-02-04,100.007,100.006,100.009,100.0,118500.0,511660,sh,货币ETF建信
2021-02-05,100.012,100.027,100.028,100.006,161418.0,511660,sh,货币ETF建信
2021-02-08,100.013,100.005,100.018,100.001,165015.0,511660,sh,货币ETF建信
2021-02-09,100.003,100.069,100.105,100.002,153419.0,511660,sh,货币ETF建信
2021-02-10,100.069,100.15,100.18,100.055,235457.0,511660,sh,货币ETF建信
2021-02-18,100.01,100.008,100.012,99.995,271543.0,511660,sh,货币ETF建信
2021-02-19,100.007,100.021,100.024,100.007,180538.0,511660,sh,货币ETF建信
2021-02-22,100.001,100.005,100.007,100.0,187597.0,511660,sh,货币ETF建信
2021-02-23,100.001,100.005,100.009,99.998,116556.0,511660,sh,货币ETF建信
2021-02-24,100.002,100.005,100.008,100.002,143670.0,511660,sh,货币ETF建信
2021-02-25,100.003,100.006,100.009,100.0,153758.0,511660,sh,货币ETF建信
2021-02-26,100.011,100.017,100.021,100.007,209194.0,511660,sh,货币ETF建信
2021-03-01,100.004,100.006,100.007,100.0,151807.0,511660,sh,货币ETF建信
2021-03-02,100.005,100.008,100.012,100.001,221783.0,511660,sh,货币ETF建信
2021-03-03,100.006,100.021,100.03,100.005,163478.0,511660,sh,货币ETF建信
2021-03-04,100.017,100.006,100.017,100.003,221583.0,511660,sh,货币ETF建信
2021-03-05,100.014,100.018,100.022,100.01,129218.0,511660,sh,货币ETF建信
2021-03-08,100.003,100.006,100.009,100.001,164449.0,511660,sh,货币ETF建信
2021-03-09,100.004,100.0,100.005,99.987,229079.0,511660,sh,货币ETF建信
2021-03-10,99.999,100.007,100.008,99.989,189447.0,511660,sh,货币ETF建信
2021-03-11,100.001,100.007,100.009,100.0,163996.0,511660,sh,货币ETF建信
2021-03-12,100.01,100.02,100.021,100.01,262945.0,511660,sh,货币ETF建信
2021-03-15,100.001,100.006,100.009,100.001,144781.0,511660,sh,货币ETF建信
2021-03-16,100.004,100.005,100.006,100.001,200849.0,511660,sh,货币ETF建信
2021-03-17,100.004,100.006,100.007,99.999,174137.0,511660,sh,货币ETF建信
2021-03-18,100.003,100.003,100.007,100.0,147558.0,511660,sh,货币ETF建信
2021-03-19,100.008,100.013,100.018,100.008,175217.0,511660,sh,货币ETF建信
2021-03-22,100.002,100.007,100.011,100.002,194271.0,511660,sh,货币ETF建信
2021-03-23,100.006,100.006,100.007,100.002,155607.0,511660,sh,货币ETF建信
2021-03-24,100.005,100.005,100.007,100.001,139153.0,511660,sh,货币ETF建信
2021-03-25,100.003,99.999,100.004,99.994,162511.0,511660,sh,货币ETF建信
2021-03-26,100.007,100.003,100.009,99.994,183913.0,511660,sh,货币ETF建信
2021-03-29,99.994,99.994,99.997,99.985,258498.0,511660,sh,货币ETF建信
2021-03-30,99.992,99.98,99.995,99.976,226243.0,511660,sh,货币ETF建信
2021-03-31,99.983,100.001,100.002,99.982,230840.0,511660,sh,货币ETF建信
2021-04-01,99.998,100.004,100.005,99.997,201397.0,511660,sh,货币ETF建信
2021-04-02,100.016,100.025,100.027,100.01,204278.0,511660,sh,货币ETF建信
2021-04-06,100.003,100.01,100.015,99.999,168221.0,511660,sh,货币ETF建信
2021-04-07,100.003,100.011,100.015,100.002,109232.0,511660,sh,货币ETF建信
2021-04-08,100.006,100.007,100.01,100.002,140269.0,511660,sh,货币ETF建信
2021-04-09,100.011,100.02,100.022,100.009,183334.0,511660,sh,货币ETF建信
2021-04-12,100.007,100.007,100.016,100.005,191412.0,511660,sh,货币ETF建信
2021-04-13,100.006,100.009,100.009,100.003,163364.0,511660,sh,货币ETF建信
2021-04-14,100.007,100.003,100.007,100.0,209098.0,511660,sh,货币ETF建信
2021-04-15,100.003,100.003,100.005,100.0,154975.0,511660,sh,货币ETF建信
2021-04-16,100.011,100.016,100.022,100.01,182675.0,511660,sh,货币ETF建信
2021-04-19,100.005,100.002,100.007,99.997,91707.0,511660,sh,货币ETF建信
2021-04-20,100.0,100.002,100.005,99.997,104270.0,511660,sh,货币ETF建信
2021-04-21,100.001,100.006,100.007,99.997,169723.0,511660,sh,货币ETF建信
2021-04-22,100.006,100.006,100.007,99.999,136072.0,511660,sh,货币ETF建信
2021-04-23,100.011,100.009,100.017,100.007,152472.0,511660,sh,货币ETF建信
2021-04-26,100.0,100.004,100.007,99.994,123713.0,511660,sh,货币ETF建信
2021-04-27,99.998,99.998,100.0,99.992,118234.0,511660,sh,货币ETF建信
2021-04-28,99.995,99.999,100.003,99.993,117994.0,511660,sh,货币ETF建信
2021-04-29,99.995,100.003,100.007,99.992,226814.0,511660,sh,货币ETF建信
2021-04-30,100.025,100.039,100.042,100.024,169356.0,511660,sh,货币ETF建信
2021-05-06,100.003,100.002,100.004,99.995,142423.0,511660,sh,货币ETF建信
2021-05-07,100.008,100.014,100.015,100.008,145546.0,511660,sh,货币ETF建信
2021-05-10,100.0,100.002,100.004,99.999,176124.0,511660,sh,货币ETF建信
2021-05-11,100.002,100.005,100.006,100.0,182348.0,511660,sh,货币ETF建信
2021-05-12,100.002,100.001,100.004,99.998,166945.0,511660,sh,货币ETF建信
2021-05-13,100.001,99.999,100.002,99.997,133414.0,511660,sh,货币ETF建信
2021-05-14,100.008,99.992,100.012,99.9,195204.0,511660,sh,货币ETF建信
2021-05-17,99.994,99.989,99.996,99.973,250897.0,511660,sh,货币ETF建信
2021-05-18,99.988,99.997,99.998,99.982,146608.0,511660,sh,货币ETF建信
2021-05-19,99.999,99.999,100.0,99.996,147155.0,511660,sh,货币ETF建信
2021-05-20,99.996,99.987,99.998,99.985,145339.0,511660,sh,货币ETF建信
2021-05-21,99.992,100.001,100.004,99.992,182721.0,511660,sh,货币ETF建信
2021-05-24,99.991,99.997,99.999,99.986,178370.0,511660,sh,货币ETF建信
2021-05-25,99.995,99.98,99.996,99.97,193931.0,511660,sh,货币ETF建信
2021-05-26,99.978,99.994,99.998,99.97,115804.0,511660,sh,货币ETF建信
2021-05-27,99.992,99.99,99.992,99.981,140272.0,511660,sh,货币ETF建信
2021-05-28,99.997,100.001,100.002,99.994,196049.0,511660,sh,货币ETF建信
2021-05-31,99.985,99.982,99.989,99.979,224328.0,511660,sh,货币ETF建信
2021-06-01,99.987,99.992,99.994,99.982,222003.0,511660,sh,货币ETF建信
2021-06-02,99.988,99.998,99.999,99.985,161806.0,511660,sh,货币ETF建信
2021-06-03,99.997,99.999,99.999,99.988,159326.0,511660,sh,货币ETF建信
2021-06-04,100.001,100.009,100.009,100.0,166104.0,511660,sh,货币ETF建信
2021-06-07,99.996,100.001,100.002,99.99,190578.0,511660,sh,货币ETF建信
2021-06-08,99.998,99.999,100.0,99.994,156585.0,511660,sh,货币ETF建信
2021-06-09,99.996,99.998,100.0,99.99,168929.0,511660,sh,货币ETF建信
2021-06-10,99.991,99.991,100.007,99.99,157700.0,511660,sh,货币ETF建信
2021-06-11,100.0,100.007,100.011,100.0,164376.0,511660,sh,货币ETF建信
2021-06-15,99.988,99.996,100.0,99.981,238250.0,511660,sh,货币ETF建信
2021-06-16,99.992,99.991,99.996,99.99,130063.0,511660,sh,货币ETF建信
2021-06-17,99.99,100.005,100.006,99.989,175311.0,511660,sh,货币ETF建信
2021-06-18,100.006,100.016,100.018,99.999,146635.0,511660,sh,货币ETF建信
2021-06-21,99.999,100.0,100.001,99.992,153582.0,511660,sh,货币ETF建信
2021-06-22,99.996,99.994,99.996,99.991,160000.0,511660,sh,货币ETF建信
2021-06-23,99.991,99.99,99.993,99.988,133611.0,511660,sh,货币ETF建信
2021-06-24,99.99,99.99,99.993,99.986,206308.0,511660,sh,货币ETF建信
2021-06-25,100.001,99.999,100.001,99.991,170663.0,511660,sh,货币ETF建信
2021-06-28,99.987,99.984,99.992,99.982,230717.0,511660,sh,货币ETF建信
2021-06-29,99.98,99.992,99.992,99.98,131608.0,511660,sh,货币ETF建信
2021-06-30,99.991,99.992,99.994,99.986,126211.0,511660,sh,货币ETF建信
2021-07-01,99.992,100.0,100.002,99.991,176228.0,511660,sh,货币ETF建信
2021-07-02,100.007,100.008,100.014,100.005,211306.0,511660,sh,货币ETF建信
2021-07-05,99.998,100.002,100.005,99.997,246889.0,511660,sh,货币ETF建信
2021-07-06,100.001,100.003,100.004,99.998,156172.0,511660,sh,货币ETF建信
2021-07-07,100.003,100.001,100.003,99.999,202170.0,511660,sh,货币ETF建信
2021-07-08,99.998,100.001,100.005,99.997,217464.0,511660,sh,货币ETF建信
2021-07-09,100.008,100.009,100.011,100.006,176663.0,511660,sh,货币ETF建信
2021-07-12,99.998,99.999,100.001,99.994,225816.0,511660,sh,货币ETF建信
2021-07-13,99.998,100.002,100.005,99.997,134034.0,511660,sh,货币ETF建信
2021-07-14,99.999,100.005,100.006,99.998,145065.0,511660,sh,货币ETF建信
2021-07-15,100.0,99.999,100.003,99.998,206719.0,511660,sh,货币ETF建信
2021-07-16,100.005,100.012,100.012,100.004,193847.0,511660,sh,货币ETF建信
2021-07-19,99.999,99.998,100.001,99.998,202011.0,511660,sh,货币ETF建信
2021-07-20,99.999,99.996,99.999,99.995,183542.0,511660,sh,货币ETF建信
2021-07-21,99.993,99.999,100.0,99.992,196060.0,511660,sh,货币ETF建信
2021-07-22,99.996,99.996,99.999,99.994,186986.0,511660,sh,货币ETF建信
2021-07-23,100.005,100.003,100.007,99.999,216872.0,511660,sh,货币ETF建信
2021-07-26,99.996,99.995,99.997,99.988,123675.0,511660,sh,货币ETF建信
2021-07-27,99.994,99.991,99.996,99.987,272388.0,511660,sh,货币ETF建信
2021-07-28,99.986,99.988,99.99,99.944,329810.0,511660,sh,货币ETF建信
2021-07-29,99.975,99.995,99.996,99.971,259972.0,511660,sh,货币ETF建信
2021-07-30,100.002,100.017,100.02,99.997,365927.0,511660,sh,货币ETF建信
2021-08-02,100.0,100.003,100.004,99.993,279940.0,511660,sh,货币ETF建信
2021-08-03,99.998,100.003,100.007,99.996,197154.0,511660,sh,货币ETF建信
2021-08-04,99.999,100.0,100.002,99.997,191636.0,511660,sh,货币ETF建信
2021-08-05,99.999,100.002,100.002,99.995,270497.0,511660,sh,货币ETF建信
2021-08-06,100.006,100.016,100.018,100.005,167473.0,511660,sh,货币ETF建信
2021-08-09,100.001,100.006,100.009,99.999,174930.0,511660,sh,货币ETF建信
2021-08-10,100.0,100.007,100.007,100.0,141483.0,511660,sh,货币ETF建信
2021-08-11,100.003,100.006,100.008,100.002,147785.0,511660,sh,货币ETF建信
2021-08-12,100.003,100.007,100.008,100.003,144067.0,511660,sh,货币ETF建信
2021-08-13,100.012,100.014,100.015,100.009,139773.0,511660,sh,货币ETF建信
2021-08-16,100.0,100.001,100.004,99.999,144045.0,511660,sh,货币ETF建信
2021-08-17,100.0,100.002,100.004,99.998,149219.0,511660,sh,货币ETF建信
2021-08-18,99.998,99.997,100.0,99.994,181056.0,511660,sh,货币ETF建信
2021-08-19,99.997,99.998,99.999,99.994,232592.0,511660,sh,货币ETF建信
2021-08-20,100.005,100.003,100.01,100.002,209757.0,511660,sh,货币ETF建信
2021-08-23,99.996,99.992,99.999,99.989,246212.0,511660,sh,货币ETF建信
2021-08-24,99.991,99.99,99.994,99.985,163226.0,511660,sh,货币ETF建信
2021-08-25,99.985,99.999,100.001,99.985,144642.0,511660,sh,货币ETF建信
2021-08-26,99.996,100.0,100.001,99.987,216586.0,511660,sh,货币ETF建信
2021-08-27,100.006,100.0,100.009,99.998,165633.0,511660,sh,货币ETF建信
2021-08-30,99.991,99.983,99.991,99.98,208363.0,511660,sh,货币ETF建信
2021-08-31,99.984,99.996,100.0,99.981,229634.0,511660,sh,货币ETF建信
2021-09-01,99.996,99.997,99.999,99.992,187434.0,511660,sh,货币ETF建信
2021-09-02,99.993,100.002,100.002,99.992,180604.0,511660,sh,货币ETF建信
2021-09-03,100.004,100.01,100.011,99.999,223436.0,511660,sh,货币ETF建信
2021-09-06,100.002,100.0,100.003,99.997,150759.0,511660,sh,货币ETF建信
2021-09-07,99.999,100.003,100.005,99.997,157262.0,511660,sh,货币ETF建信
2021-09-08,99.999,100.001,100.005,99.997,134169.0,511660,sh,货币ETF建信
2021-09-09,99.998,100.002,100.003,99.996,117573.0,511660,sh,货币ETF建信
2021-09-10,100.005,100.009,100.01,100.005,132268.0,511660,sh,货币ETF建信
2021-09-13,99.997,100.0,100.001,99.995,218502.0,511660,sh,货币ETF建信
2021-09-14,99.998,99.999,100.002,99.997,187225.0,511660,sh,货币ETF建信
2021-09-15,100.0,99.998,100.002,99.997,127637.0,511660,sh,货币ETF建信
2021-09-16,99.999,99.999,99.999,99.992,223130.0,511660,sh,货币ETF建信
2021-09-17,100.016,100.021,100.023,100.005,362271.0,511660,sh,货币ETF建信
2021-09-22,99.995,99.994,99.998,99.991,183770.0,511660,sh,货币ETF建信
2021-09-23,99.993,99.992,99.998,99.968,258474.0,511660,sh,货币ETF建信
2021-09-24,100.0,100.002,100.003,99.996,246125.0,511660,sh,货币ETF建信
2021-09-27,99.99,99.986,99.993,99.982,292130.0,511660,sh,货币ETF建信
2021-09-28,99.983,99.998,100.0,99.968,311905.0,511660,sh,货币ETF建信
2021-09-29,99.993,99.993,99.994,99.98,234556.0,511660,sh,货币ETF建信
2021-09-30,100.031,100.057,100.064,100.029,270416.0,511660,sh,货币ETF建信
2021-10-08,100.005,100.006,100.01,99.999,184661.0,511660,sh,货币ETF建信
2021-10-11,99.993,100.004,100.006,99.993,222123.0,511660,sh,货币ETF建信
2021-10-12,100.0,100.004,100.007,99.999,137279.0,511660,sh,货币ETF建信
2021-10-13,100.004,100.006,100.007,100.001,125311.0,511660,sh,货币ETF建信
2021-10-14,100.004,100.007,100.009,100.0,155050.0,511660,sh,货币ETF建信
2021-10-15,100.009,100.014,100.015,100.008,213457.0,511660,sh,货币ETF建信
2021-10-18,100.001,100.001,100.003,99.996,182487.0,511660,sh,货币ETF建信
2021-10-19,100.0,99.989,100.0,99.987,236215.0,511660,sh,货币ETF建信
2021-10-20,99.991,99.999,100.005,99.987,202402.0,511660,sh,货币ETF建信
2021-10-21,99.998,100.003,100.004,99.994,145401.0,511660,sh,货币ETF建信
2021-10-22,100.007,100.005,100.01,100.002,191033.0,511660,sh,货币ETF建信
2021-10-25,99.995,100.002,100.002,99.992,153684.0,511660,sh,货币ETF建信
2021-10-26,99.997,100.001,100.002,99.997,141305.0,511660,sh,货币ETF建信
2021-10-27,100.0,100.003,100.005,99.996,179873.0,511660,sh,货币ETF建信
2021-10-28,100.0,99.992,100.001,99.99,163086.0,511660,sh,货币ETF建信
2021-10-29,100.001,100.007,100.008,100.0,216982.0,511660,sh,货币ETF建信
2021-11-01,99.995,99.998,99.998,99.992,144358.0,511660,sh,货币ETF建信
2021-11-02,99.996,100.0,100.001,99.99,181687.0,511660,sh,货币ETF建信
2021-11-03,99.999,99.997,99.999,99.988,181219.0,511660,sh,货币ETF建信
2021-11-04,99.996,99.995,100.0,99.991,334258.0,511660,sh,货币ETF建信
2021-11-05,100.005,100.001,100.006,99.994,209611.0,511660,sh,货币ETF建信
2021-11-08,99.995,99.993,99.997,99.988,192449.0,511660,sh,货币ETF建信
2021-11-09,99.992,99.997,99.998,99.99,140014.0,511660,sh,货币ETF建信
2021-11-10,99.996,100.0,100.001,99.993,205066.0,511660,sh,货币ETF建信
2021-11-11,99.997,99.996,100.0,99.994,155823.0,511660,sh,货币ETF建信
2021-11-12,100.002,100.0,100.003,99.998,130614.0,511660,sh,货币ETF建信
2021-11-15,99.991,99.995,99.995,99.99,158276.0,511660,sh,货币ETF建信
2021-11-16,99.995,99.996,99.997,99.993,186953.0,511660,sh,货币ETF建信
2021-11-17,99.995,99.994,99.996,99.994,121587.0,511660,sh,货币ETF建信
2021-11-18,99.992,99.996,99.998,99.992,150377.0,511660,sh,货币ETF建信
2021-11-19,100.004,100.002,100.005,99.999,157126.0,511660,sh,货币ETF建信
2021-11-22,99.992,99.993,99.995,99.991,192314.0,511660,sh,货币ETF建信
2021-11-23,99.993,99.993,99.995,99.99,203516.0,511660,sh,货币ETF建信
2021-11-24,99.992,99.994,99.998,99.991,169461.0,511660,sh,货币ETF建信
2021-11-25,99.994,99.996,99.998,99.992,134919.0,511660,sh,货币ETF建信
2021-11-26,100.003,100.001,100.003,99.999,106431.0,511660,sh,货币ETF建信
2021-11-29,99.99,99.986,99.992,99.97,169241.0,511660,sh,货币ETF建信
2021-11-30,99.98,99.991,99.996,99.98,138874.0,511660,sh,货币ETF建信
2021-12-01,99.989,99.996,99.997,99.988,95186.0,511660,sh,货币ETF建信
2021-12-02,99.992,99.997,99.998,99.991,122399.0,511660,sh,货币ETF建信
2021-12-03,100.002,100.002,100.01,100.001,106413.0,511660,sh,货币ETF建信
2021-12-06,99.999,100.0,100.001,99.991,97842.0,511660,sh,货币ETF建信
2021-12-07,99.999,100.002,100.003,99.993,130415.0,511660,sh,货币ETF建信
2021-12-08,99.998,99.995,99.999,99.993,138276.0,511660,sh,货币ETF建信
2021-12-09,99.994,99.994,99.997,99.982,194604.0,511660,sh,货币ETF建信
2021-12-10,100.001,100.003,100.006,99.994,163874.0,511660,sh,货币ETF建信
2021-12-13,99.99,99.997,99.999,99.989,154133.0,511660,sh,货币ETF建信
2021-12-14,99.994,99.994,99.998,99.992,166231.0,511660,sh,货币ETF建信
2021-12-15,99.996,99.999,100.001,99.993,152438.0,511660,sh,货币ETF建信
2021-12-16,99.998,99.993,99.998,99.991,146838.0,511660,sh,货币ETF建信
2021-12-17,100.002,100.004,100.004,99.998,180750.0,511660,sh,货币ETF建信
2021-12-20,99.993,99.992,99.994,99.99,156285.0,511660,sh,货币ETF建信
2021-12-21,99.991,99.993,99.995,99.988,160915.0,511660,sh,货币ETF建信
2021-12-22,99.99,99.997,99.998,99.986,151065.0,511660,sh,货币ETF建信
2021-12-23,99.993,99.99,99.993,99.985,216367.0,511660,sh,货币ETF建信
2021-12-24,99.995,99.999,100.0,99.992,162085.0,511660,sh,货币ETF建信
2021-12-27,99.991,99.989,99.992,99.986,207358.0,511660,sh,货币ETF建信
2021-12-28,99.988,99.994,99.995,99.984,180170.0,511660,sh,货币ETF建信
2021-12-29,99.992,99.993,99.998,99.986,183250.0,511660,sh,货币ETF建信
2021-12-30,99.992,99.995,99.997,99.981,174422.0,511660,sh,货币ETF建信
2021-12-31,100.014,100.023,100.028,100.006,158924.0,511660,sh,货币ETF建信
2022-01-04,99.997,99.998,100.0,99.99,287178.0,511660,sh,货币ETF建信
2022-01-05,99.997,100.003,100.003,99.993,194618.0,511660,sh,货币ETF建信
2022-01-06,100.0,100.003,100.003,99.995,131070.0,511660,sh,货币ETF建信
2022-01-07,100.003,100.016,100.021,100.003,99477.0,511660,sh,货币ETF建信
2022-01-10,100.0,100.003,100.004,99.998,156129.0,511660,sh,货币ETF建信
2022-01-11,100.0,100.002,100.005,99.998,153553.0,511660,sh,货币ETF建信
2022-01-12,100.001,99.999,100.003,99.997,122162.0,511660,sh,货币ETF建信
2022-01-13,99.998,100.0,100.004,99.997,173775.0,511660,sh,货币ETF建信
2022-01-14,100.008,100.006,100.01,100.004,177815.0,511660,sh,货币ETF建信
2022-01-17,98.0,99.996,99.999,98.0,164262.0,511660,sh,货币ETF建信
2022-01-18,99.998,100.001,100.002,99.995,177138.0,511660,sh,货币ETF建信
2022-01-19,100.001,100.001,100.002,99.996,170195.0,511660,sh,货币ETF建信
2022-01-20,99.997,99.997,99.999,99.995,117303.0,511660,sh,货币ETF建信
2022-01-21,100.001,100.003,100.005,99.999,180587.0,511660,sh,货币ETF建信
2022-01-24,99.995,99.992,99.995,99.99,226924.0,511660,sh,货币ETF建信
2022-01-25,99.992,99.996,99.997,99.989,195014.0,511660,sh,货币ETF建信
2022-01-26,99.992,99.999,100.0,99.992,169990.0,511660,sh,货币ETF建信
2022-01-27,99.999,99.999,101.499,99.993,296459.0,511660,sh,货币ETF建信
2022-01-28,100.046,100.077,100.082,100.046,257846.0,511660,sh,货币ETF建信
2022-02-07,100.0,100.005,100.012,99.996,237117.0,511660,sh,货币ETF建信
2022-02-08,100.002,100.005,100.006,100.001,132720.0,511660,sh,货币ETF建信
2022-02-09,100.005,100.006,100.006,100.0,162175.0,511660,sh,货币ETF建信
2022-02-10,100.002,100.006,100.007,100.0,190779.0,511660,sh,货币ETF建信
2022-02-11,100.007,100.011,100.018,100.005,130629.0,511660,sh,货币ETF建信
2022-02-14,100.001,100.007,100.008,99.997,192958.0,511660,sh,货币ETF建信
2022-02-15,100.001,100.003,100.005,100.001,122294.0,511660,sh,货币ETF建信
2022-02-16,100.002,100.006,100.008,99.998,142892.0,511660,sh,货币ETF建信
2022-02-17,100.007,100.007,100.007,100.0,131970.0,511660,sh,货币ETF建信
2022-02-18,100.009,100.011,100.016,100.009,133515.0,511660,sh,货币ETF建信
2022-02-21,100.0,100.004,100.005,99.997,128746.0,511660,sh,货币ETF建信
2022-02-22,100.001,99.997,100.001,99.995,131340.0,511660,sh,货币ETF建信
2022-02-23,99.998,99.997,100.0,99.994,115194.0,511660,sh,货币ETF建信
2022-02-24,99.996,99.992,99.999,99.991,152291.0,511660,sh,货币ETF建信
2022-02-25,100.0,100.001,100.003,99.992,207315.0,511660,sh,货币ETF建信
2022-02-28,99.99,99.99,99.994,99.985,171019.0,511660,sh,货币ETF建信
2022-03-01,99.992,99.997,99.998,99.992,134860.0,511660,sh,货币ETF建信
2022-03-02,99.995,99.997,99.999,99.993,146802.0,511660,sh,货币ETF建信
2022-03-03,99.995,100.002,100.003,99.993,163946.0,511660,sh,货币ETF建信
2022-03-04,100.009,100.01,100.011,100.004,115354.0,511660,sh,货币ETF建信
2022-03-07,99.998,100.001,100.002,99.998,118602.0,511660,sh,货币ETF建信
2022-03-08,99.999,100.001,100.002,99.997,187328.0,511660,sh,货币ETF建信
2022-03-09,100.0,100.001,100.001,99.998,181519.0,511660,sh,货币ETF建信
2022-03-10,99.992,99.998,99.999,99.992,161933.0,511660,sh,货币ETF建信
2022-03-11,100.007,100.011,100.012,100.006,186060.0,511660,sh,货币ETF建信
2022-03-14,99.999,100.003,100.005,99.998,163194.0,511660,sh,货币ETF建信
2022-03-15,100.0,99.995,100.002,99.994,162099.0,511660,sh,货币ETF建信
2022-03-16,99.995,99.992,99.997,99.983,242985.0,511660,sh,货币ETF建信
2022-03-17,99.987,99.993,99.995,99.978,238842.0,511660,sh,货币ETF建信
2022-03-18,99.997,100.0,100.005,99.994,190802.0,511660,sh,货币ETF建信
2022-03-21,99.993,99.999,100.001,99.992,150175.0,511660,sh,货币ETF建信
2022-03-22,99.998,99.995,100.0,99.994,135647.0,511660,sh,货币ETF建信
2022-03-23,99.994,99.992,99.997,99.991,162816.0,511660,sh,货币ETF建信
2022-03-24,99.993,99.993,99.996,99.992,142086.0,511660,sh,货币ETF建信
2022-03-25,100.003,100.002,100.004,99.999,112359.0,511660,sh,货币ETF建信
2022-03-28,99.991,99.985,99.994,99.984,226786.0,511660,sh,货币ETF建信
2022-03-29,99.987,99.991,99.992,99.984,150347.0,511660,sh,货币ETF建信
2022-03-30,99.991,99.964,99.991,99.959,255838.0,511660,sh,货币ETF建信
2022-03-31,99.975,99.992,99.997,99.975,166583.0,511660,sh,货币ETF建信
2022-04-01,100.02,100.022,100.028,100.015,170816.0,511660,sh,货币ETF建信
2022-04-06,99.996,100.001,100.005,99.995,159175.0,511660,sh,货币ETF建信
2022-04-07,99.997,100.005,100.008,99.996,119486.0,511660,sh,货币ETF建信
2022-04-08,100.005,100.013,100.014,100.005,161485.0,511660,sh,货币ETF建信
2022-04-11,100.001,100.003,100.004,99.999,160336.0,511660,sh,货币ETF建信
2022-04-12,100.002,100.003,100.003,99.999,156937.0,511660,sh,货币ETF建信
2022-04-13,99.999,100.003,100.003,99.999,156035.0,511660,sh,货币ETF建信
2022-04-14,100.0,100.003,100.004,99.998,160075.0,511660,sh,货币ETF建信
2022-04-15,100.009,100.011,100.015,100.005,165706.0,511660,sh,货币ETF建信
2022-04-18,100.0,100.002,100.003,99.999,109124.0,511660,sh,货币ETF建信
2022-04-19,99.999,100.004,100.004,99.996,131136.0,511660,sh,货币ETF建信
2022-04-20,100.003,100.001,100.003,99.999,129991.0,511660,sh,货币ETF建信
2022-04-21,100.0,100.001,100.006,99.995,151070.0,511660,sh,货币ETF建信
2022-04-22,100.005,100.005,100.007,99.999,191653.0,511660,sh,货币ETF建信
2022-04-25,99.999,99.992,99.999,99.988,232074.0,511660,sh,货币ETF建信
2022-04-26,99.99,99.994,99.995,99.982,258516.0,511660,sh,货币ETF建信
2022-04-27,99.99,99.994,99.995,99.986,243362.0,511660,sh,货币ETF建信
2022-04-28,99.991,100.003,100.005,99.991,221219.0,511660,sh,货币ETF建信
2022-04-29,100.013,100.019,100.025,100.012,183841.0,511660,sh,货币ETF建信
2022-05-05,99.993,99.994,99.997,99.992,159167.0,511660,sh,货币ETF建信
2022-05-06,100.001,100.003,100.004,99.995,174228.0,511660,sh,货币ETF建信
2022-05-09,99.995,100.001,100.002,99.993,107098.0,511660,sh,货币ETF建信
2022-05-10,99.999,100.0,100.001,99.997,124609.0,511660,sh,货币ETF建信
2022-05-11,99.998,99.998,99.999,99.994,141079.0,511660,sh,货币ETF建信
2022-05-12,99.996,99.999,100.0,99.995,103925.0,511660,sh,货币ETF建信
2022-05-13,100.006,100.007,100.007,100.001,182735.0,511660,sh,货币ETF建信
2022-05-16,99.996,100.001,100.002,99.995,161895.0,511660,sh,货币ETF建信
2022-05-17,99.999,99.998,100.0,99.997,158479.0,511660,sh,货币ETF建信
2022-05-18,99.997,99.997,99.998,99.995,139366.0,511660,sh,货币ETF建信
2022-05-19,99.995,99.995,100.0,99.993,178725.0,511660,sh,货币ETF建信
2022-05-20,100.003,99.997,100.005,99.995,149865.0,511660,sh,货币ETF建信
2022-05-23,99.99,99.993,99.994,99.989,167387.0,511660,sh,货币ETF建信
2022-05-24,99.992,99.997,99.998,99.991,202217.0,511660,sh,货币ETF建信
2022-05-25,99.996,99.997,99.998,99.994,126511.0,511660,sh,货币ETF建信
2022-05-26,99.995,99.997,99.999,99.995,180124.0,511660,sh,货币ETF建信
2022-05-27,100.001,100.004,100.004,99.995,229300.0,511660,sh,货币ETF建信
2022-05-30,99.994,99.992,99.995,99.991,156531.0,511660,sh,货币ETF建信
2022-05-31,99.99,99.987,99.993,99.982,117878.0,511660,sh,货币ETF建信
2022-06-01,99.992,99.992,99.993,99.982,184513.0,511660,sh,货币ETF建信
2022-06-02,100.003,99.996,100.007,99.995,164277.0,511660,sh,货币ETF建信
2022-06-06,99.99,99.989,99.992,99.978,198785.0,511660,sh,货币ETF建信
2022-06-07,99.99,99.995,99.996,99.981,203087.0,511660,sh,货币ETF建信
2022-06-08,99.994,99.996,99.997,99.992,122172.0,511660,sh,货币ETF建信
2022-06-09,99.999,99.998,99.999,99.993,120230.0,511660,sh,货币ETF建信
2022-06-10,100.004,99.989,100.004,99.978,120303.0,511660,sh,货币ETF建信
2022-06-13,99.982,99.995,99.996,99.982,135495.0,511660,sh,货币ETF建信
2022-06-14,99.994,99.995,99.997,99.992,106128.0,511660,sh,货币ETF建信
2022-06-15,99.994,99.995,99.996,99.989,156266.0,511660,sh,货币ETF建信
2022-06-16,99.994,99.992,99.995,99.984,174282.0,511660,sh,货币ETF建信
2022-06-17,99.996,99.999,100.0,99.994,108167.0,511660,sh,货币ETF建信
2022-06-20,99.985,99.996,99.997,99.984,159555.0,511660,sh,货币ETF建信
2022-06-21,99.993,99.996,99.997,99.991,179093.0,511660,sh,货币ETF建信
2022-06-22,99.994,100.003,100.004,99.993,112593.0,511660,sh,货币ETF建信
2022-06-23,99.996,99.988,99.998,99.985,123300.0,511660,sh,货币ETF建信
2022-06-24,99.992,99.993,99.995,99.988,169931.0,511660,sh,货币ETF建信
2022-06-27,99.988,99.984,99.989,99.969,274175.0,511660,sh,货币ETF建信
2022-06-28,99.981,99.988,99.989,99.979,232231.0,511660,sh,货币ETF建信
2022-06-29,99.985,99.987,99.988,99.976,241582.0,511660,sh,货币ETF建信
2022-06-30,99.98,99.993,99.995,99.943,276113.0,511660,sh,货币ETF建信
2022-07-01,99.995,100.005,100.006,99.995,251804.0,511660,sh,货币ETF建信
2022-07-04,99.994,100.001,100.002,99.994,150200.0,511660,sh,货币ETF建信
2022-07-05,99.999,100.003,100.005,99.994,140749.0,511660,sh,货币ETF建信
2022-07-06,99.998,100.004,100.005,99.998,89817.0,511660,sh,货币ETF建信
2022-07-07,100.003,99.999,100.003,99.996,151673.0,511660,sh,货币ETF建信
2022-07-08,100.003,100.009,100.012,100.001,164520.0,511660,sh,货币ETF建信
2022-07-11,99.998,100.003,100.005,99.997,96131.0,511660,sh,货币ETF建信
2022-07-12,100.002,100.004,100.005,100.0,101078.0,511660,sh,货币ETF建信
2022-07-13,100.001,100.001,100.003,99.999,111663.0,511660,sh,货币ETF建信
2022-07-14,100.0,99.999,100.001,99.996,133453.0,511660,sh,货币ETF建信
2022-07-15,100.006,100.012,100.013,100.002,164640.0,511660,sh,货币ETF建信
2022-07-18,100.0,100.002,100.004,100.0,104743.0,511660,sh,货币ETF建信
2022-07-19,100.0,100.001,100.003,99.997,94504.0,511660,sh,货币ETF建信
2022-07-20,99.999,99.997,100.0,99.997,106904.0,511660,sh,货币ETF建信
2022-07-21,99.997,99.999,100.0,99.997,72225.0,511660,sh,货币ETF建信
2022-07-22,100.004,100.008,100.009,100.003,98428.0,511660,sh,货币ETF建信
2022-07-25,99.998,100.003,100.005,99.997,74742.0,511660,sh,货币ETF建信
2022-07-26,100.002,100.0,100.002,99.999,94546.0,511660,sh,货币ETF建信
2022-07-27,99.997,100.001,100.001,99.997,69227.0,511660,sh,货币ETF建信
2022-07-28,99.999,99.999,100.0,99.99,137879.0,511660,sh,货币ETF建信
2022-07-29,100.004,100.009,100.01,100.002,108169.0,511660,sh,货币ETF建信
2022-08-01,100.0,100.0,100.002,99.998,89144.0,511660,sh,货币ETF建信
2022-08-02,100.0,99.998,100.001,99.996,119614.0,511660,sh,货币ETF建信
2022-08-03,99.996,99.999,100.0,99.986,118477.0,511660,sh,货币ETF建信
2022-08-04,99.995,100.003,100.003,99.994,132059.0,511660,sh,货币ETF建信
2022-08-05,100.005,100.009,100.012,100.004,97766.0,511660,sh,货币ETF建信
2022-08-08,99.998,100.003,100.004,99.997,67901.0,511660,sh,货币ETF建信
2022-08-09,100.0,100.003,100.003,99.998,120003.0,511660,sh,货币ETF建信
2022-08-10,100.0,100.003,100.004,100.0,66938.0,511660,sh,货币ETF建信
2022-08-11,100.0,99.999,100.001,99.995,165576.0,511660,sh,货币ETF建信
2022-08-12,100.006,100.008,100.009,100.001,132769.0,511660,sh,货币ETF建信
2022-08-15,99.998,99.998,99.999,99.994,131407.0,511660,sh,货币ETF建信
2022-08-16,99.996,99.995,99.997,99.993,190769.0,511660,sh,货币ETF建信
2022-08-17,99.993,99.997,99.998,99.993,95716.0,511660,sh,货币ETF建信
2022-08-18,99.997,99.997,99.998,99.991,95964.0,511660,sh,货币ETF建信
2022-08-19,100.005,100.006,100.01,100.001,128553.0,511660,sh,货币ETF建信
2022-08-22,99.997,99.999,100.001,99.996,91946.0,511660,sh,货币ETF建信
2022-08-23,99.998,100.002,100.002,99.995,84384.0,511660,sh,货币ETF建信
2022-08-24,100.0,100.005,100.007,99.997,115836.0,511660,sh,货币ETF建信
2022-08-25,100.002,100.003,100.005,99.998,119152.0,511660,sh,货币ETF建信
2022-08-26,100.007,100.004,100.008,100.002,82059.0,511660,sh,货币ETF建信
2022-08-29,99.999,99.999,100.0,99.995,67169.0,511660,sh,货币ETF建信
2022-08-30,99.996,99.999,100.0,99.992,128813.0,511660,sh,货币ETF建信
2022-08-31,99.997,99.997,99.999,99.995,116677.0,511660,sh,货币ETF建信
2022-09-01,99.997,99.996,99.999,99.995,91776.0,511660,sh,货币ETF建信
2022-09-02,100.004,100.005,100.007,100.002,137034.0,511660,sh,货币ETF建信
2022-09-05,99.997,100.0,100.001,99.993,111997.0,511660,sh,货币ETF建信
2022-09-06,99.998,99.998,99.999,99.997,121215.0,511660,sh,货币ETF建信
2022-09-07,99.997,99.996,99.998,99.995,85827.0,511660,sh,货币ETF建信
2022-09-08,99.995,99.994,99.997,99.991,132911.0,511660,sh,货币ETF建信
2022-09-09,100.006,99.997,100.007,99.996,194449.0,511660,sh,货币ETF建信
2022-09-13,99.99,99.992,99.994,99.983,127230.0,511660,sh,货币ETF建信
2022-09-14,99.989,99.994,99.996,99.986,105141.0,511660,sh,货币ETF建信
2022-09-15,99.993,99.998,99.999,99.99,135444.0,511660,sh,货币ETF建信
2022-09-16,100.001,100.004,100.006,100.001,112199.0,511660,sh,货币ETF建信
2022-09-19,99.996,99.994,99.996,99.99,124101.0,511660,sh,货币ETF建信
2022-09-20,99.994,99.998,100.0,99.987,149495.0,511660,sh,货币ETF建信
2022-09-21,99.995,99.996,99.999,99.99,85398.0,511660,sh,货币ETF建信
2022-09-22,99.996,100.0,100.001,99.994,90403.0,511660,sh,货币ETF建信
2022-09-23,100.004,99.999,100.005,99.998,131056.0,511660,sh,货币ETF建信
2022-09-26,99.991,99.984,99.991,99.981,163058.0,511660,sh,货币ETF建信
2022-09-27,99.985,99.981,99.985,99.97,207767.0,511660,sh,货币ETF建信
2022-09-28,99.982,99.996,99.998,99.98,186202.0,511660,sh,货币ETF建信
2022-09-29,99.988,99.978,99.988,99.972,206051.0,511660,sh,货币ETF建信
2022-09-30,100.042,100.05,100.054,100.033,238101.0,511660,sh,货币ETF建信
2022-10-10,99.998,100.001,100.006,99.995,172717.0,511660,sh,货币ETF建信
2022-10-11,100.0,100.002,100.006,99.998,133340.0,511660,sh,货币ETF建信
2022-10-12,100.001,100.006,100.007,99.999,120244.0,511660,sh,货币ETF建信
2022-10-13,100.006,100.006,100.007,99.998,131490.0,511660,sh,货币ETF建信
2022-10-14,100.008,100.007,100.012,100.003,158143.0,511660,sh,货币ETF建信
2022-10-17,99.998,100.001,100.002,99.997,103866.0,511660,sh,货币ETF建信
2022-10-18,99.999,100.001,100.002,99.998,108327.0,511660,sh,货币ETF建信
2022-10-19,100.0,100.001,100.002,99.999,109630.0,511660,sh,货币ETF建信
2022-10-20,100.0,100.002,100.003,99.999,107798.0,511660,sh,货币ETF建信
2022-10-21,100.006,100.009,100.01,100.004,114112.0,511660,sh,货币ETF建信
2022-10-24,100.0,100.001,100.003,99.996,116427.0,511660,sh,货币ETF建信
2022-10-25,99.998,99.995,100.0,99.992,195113.0,511660,sh,货币ETF建信
2022-10-26,99.992,99.993,99.996,99.981,154910.0,511660,sh,货币ETF建信
2022-10-27,99.99,99.992,99.993,99.98,130600.0,511660,sh,货币ETF建信
2022-10-28,100.0,100.006,100.008,99.995,224750.0,511660,sh,货币ETF建信
2022-10-31,99.998,99.998,99.999,99.993,133426.0,511660,sh,货币ETF建信
2022-11-01,99.996,99.987,99.997,99.985,144103.0,511660,sh,货币ETF建信
2022-11-02,99.989,99.993,99.994,99.985,159174.0,511660,sh,货币ETF建信
2022-11-03,99.99,99.995,99.996,99.99,148577.0,511660,sh,货币ETF建信
2022-11-04,100.002,100.001,100.003,99.997,167978.0,511660,sh,货币ETF建信
2022-11-07,99.99,99.991,99.993,99.982,158873.0,511660,sh,货币ETF建信
2022-11-08,99.988,99.996,99.996,99.982,223386.0,511660,sh,货币ETF建信
2022-11-09,99.993,99.996,100.0,99.993,155288.0,511660,sh,货币ETF建信
2022-11-10,99.996,99.997,99.999,99.99,153444.0,511660,sh,货币ETF建信
2022-11-11,99.997,99.998,100.001,99.986,199254.0,511660,sh,货币ETF建信
2022-11-14,99.99,99.98,99.99,99.975,119731.0,511660,sh,货币ETF建信
2022-11-15,99.982,99.973,99.983,99.971,156282.0,511660,sh,货币ETF建信
2022-11-16,99.972,99.99,99.992,99.97,194077.0,511660,sh,货币ETF建信
2022-11-17,99.989,99.99,99.992,99.987,169544.0,511660,sh,货币ETF建信
2022-11-18,99.994,100.002,100.004,99.994,138557.0,511660,sh,货币ETF建信
2022-11-21,99.994,99.996,99.997,99.993,129233.0,511660,sh,货币ETF建信
2022-11-22,99.994,99.997,100.0,99.991,158216.0,511660,sh,货币ETF建信
2022-11-23,99.995,99.996,99.998,99.993,141515.0,511660,sh,货币ETF建信
2022-11-24,99.996,99.991,99.996,99.95,218303.0,511660,sh,货币ETF建信
2022-11-25,99.998,100.001,100.002,99.995,168310.0,511660,sh,货币ETF建信
2022-11-28,99.992,99.993,99.997,99.991,180342.0,511660,sh,货币ETF建信
2022-11-29,99.99,99.983,99.99,99.973,230307.0,511660,sh,货币ETF建信
2022-11-30,99.984,99.993,99.996,99.982,173235.0,511660,sh,货币ETF建信
2022-12-01,99.986,99.994,99.996,99.983,195167.0,511660,sh,货币ETF建信
2022-12-02,99.999,100.002,100.003,99.998,211972.0,511660,sh,货币ETF建信
2022-12-05,99.99,99.995,99.996,99.986,160964.0,511660,sh,货币ETF建信
2022-12-06,99.992,99.994,99.995,99.991,199859.0,511660,sh,货币ETF建信
2022-12-07,99.993,99.996,99.997,99.992,121148.0,511660,sh,货币ETF建信
2022-12-08,99.994,99.999,100.0,99.99,155052.0,511660,sh,货币ETF建信
2022-12-09,100.001,100.003,100.005,99.999,162109.0,511660,sh,货币ETF建信
2022-12-12,99.994,99.997,99.998,99.994,124013.0,511660,sh,货币ETF建信
2022-12-13,99.994,99.996,99.998,99.99,241124.0,511660,sh,货币ETF建信
2022-12-14,99.994,99.997,99.998,99.992,103936.0,511660,sh,货币ETF建信
2022-12-15,99.997,99.997,100.002,99.995,106679.0,511660,sh,货币ETF建信
2022-12-16,100.002,100.007,100.009,100.0,123278.0,511660,sh,货币ETF建信
2022-12-19,99.995,100.0,100.002,99.995,118242.0,511660,sh,货币ETF建信
2022-12-20,100.0,99.997,100.002,99.994,134085.0,511660,sh,货币ETF建信
2022-12-21,99.995,99.998,100.001,99.992,148498.0,511660,sh,货币ETF建信
2022-12-22,99.998,99.986,99.998,99.985,196687.0,511660,sh,货币ETF建信
2022-12-23,99.999,99.996,100.001,99.991,309459.0,511660,sh,货币ETF建信
2022-12-26,99.99,99.98,99.991,99.973,163452.0,511660,sh,货币ETF建信
2022-12-27,99.98,99.992,99.995,99.963,204884.0,511660,sh,货币ETF建信
2022-12-28,99.981,99.987,99.989,99.978,149260.0,511660,sh,货币ETF建信
2022-12-29,99.972,99.971,99.98,99.96,175294.0,511660,sh,货币ETF建信
2022-12-30,100.004,100.015,100.017,100.0,148738.0,511660,sh,货币ETF建信
2023-01-03,99.999,99.997,100.0,99.994,151872.0,511660,sh,货币ETF建信
2023-01-04,99.996,100.011,100.05,99.995,100210.0,511660,sh,货币ETF建信
2023-01-05,99.996,99.999,100.005,99.993,154661.0,511660,sh,货币ETF建信
2023-01-06,100.002,100.003,100.009,100.001,91981.0,511660,sh,货币ETF建信
2023-01-09,99.996,99.999,100.002,99.995,140231.0,511660,sh,货币ETF建信
2023-01-10,100.0,100.001,100.002,99.994,129065.0,511660,sh,货币ETF建信
2023-01-11,100.0,99.997,100.0,99.995,155346.0,511660,sh,货币ETF建信
2023-01-12,99.997,99.997,99.999,99.993,146025.0,511660,sh,货币ETF建信
2023-01-13,100.004,100.001,100.006,100.001,148207.0,511660,sh,货币ETF建信
2023-01-16,99.995,99.986,99.997,99.985,202178.0,511660,sh,货币ETF建信
2023-01-17,99.986,99.985,99.989,99.972,155832.0,511660,sh,货币ETF建信
2023-01-18,99.984,100.0,100.003,99.98,270256.0,511660,sh,货币ETF建信
2023-01-19,100.0,99.999,100.0,99.991,193905.0,511660,sh,货币ETF建信
2023-01-20,100.04,100.061,100.064,100.04,217399.0,511660,sh,货币ETF建信
2023-01-30,100.0,100.003,100.009,99.978,222733.0,511660,sh,货币ETF建信
2023-01-31,99.996,100.005,100.007,99.996,130566.0,511660,sh,货币ETF建信
2023-02-01,100.0,100.0,100.001,99.994,167202.0,511660,sh,货币ETF建信
2023-02-02,99.998,100.007,100.008,99.995,147113.0,511660,sh,货币ETF建信
2023-02-03,100.006,100.013,100.014,100.006,137337.0,511660,sh,货币ETF建信
2023-02-06,100.004,100.006,100.006,100.0,102153.0,511660,sh,货币ETF建信
2023-02-07,100.004,99.999,100.004,99.996,165645.0,511660,sh,货币ETF建信
2023-02-08,99.999,100.001,100.002,99.996,107333.0,511660,sh,货币ETF建信
2023-02-09,99.999,99.99,100.0,99.987,308285.0,511660,sh,货币ETF建信
2023-02-10,100.003,100.005,100.007,100.001,199182.0,511660,sh,货币ETF建信
2023-02-13,99.996,99.998,99.999,99.994,142516.0,511660,sh,货币ETF建信
2023-02-14,99.994,99.997,99.998,99.989,126894.0,511660,sh,货币ETF建信
2023-02-15,99.996,99.999,100.001,99.996,103718.0,511660,sh,货币ETF建信
2023-02-16,99.999,99.997,99.999,99.989,184402.0,511660,sh,货币ETF建信
2023-02-17,100.004,100.005,100.006,100.002,143817.0,511660,sh,货币ETF建信
2023-02-20,99.997,99.997,100.001,99.994,168622.0,511660,sh,货币ETF建信
2023-02-21,99.996,99.999,100.0,99.992,156759.0,511660,sh,货币ETF建信
2023-02-22,99.997,99.999,100.0,99.995,96263.0,511660,sh,货币ETF建信
2023-02-23,99.998,99.996,99.998,99.99,128765.0,511660,sh,货币ETF建信
2023-02-24,100.004,100.006,100.008,100.003,110607.0,511660,sh,货币ETF建信
2023-02-27,99.998,99.994,99.999,99.991,151483.0,511660,sh,货币ETF建信
2023-02-28,99.994,99.989,99.995,99.988,98439.0,511660,sh,货币ETF建信
2023-03-01,99.995,99.993,99.998,99.993,194822.0,511660,sh,货币ETF建信
2023-03-02,99.993,99.997,99.999,99.989,134155.0,511660,sh,货币ETF建信
2023-03-03,100.004,100.002,100.005,99.999,204304.0,511660,sh,货币ETF建信
2023-03-06,99.995,99.996,99.998,99.993,122589.0,511660,sh,货币ETF建信
2023-03-07,99.996,100.0,100.001,99.994,108215.0,511660,sh,货币ETF建信
2023-03-08,99.998,99.997,99.999,99.996,127124.0,511660,sh,货币ETF建信
2023-03-09,99.997,100.003,100.004,99.995,182099.0,511660,sh,货币ETF建信
2023-03-10,100.006,100.009,100.01,100.005,134041.0,511660,sh,货币ETF建信
2023-03-13,99.997,100.0,100.0,99.996,151040.0,511660,sh,货币ETF建信
2023-03-14,99.997,99.996,99.998,99.993,77788.0,511660,sh,货币ETF建信
2023-03-15,99.995,99.997,99.997,99.99,106369.0,511660,sh,货币ETF建信
2023-03-16,99.996,99.994,99.996,99.987,179489.0,511660,sh,货币ETF建信
2023-03-17,100.003,100.003,100.005,100.0,146653.0,511660,sh,货币ETF建信
2023-03-20,99.994,99.996,99.997,99.993,160594.0,511660,sh,货币ETF建信
2023-03-21,99.994,99.998,99.998,99.993,107399.0,511660,sh,货币ETF建信
2023-03-22,99.996,99.997,99.999,99.995,124320.0,511660,sh,货币ETF建信
2023-03-23,99.996,100.0,100.0,99.993,113628.0,511660,sh,货币ETF建信
2023-03-24,100.005,100.005,100.007,100.004,102221.0,511660,sh,货币ETF建信
2023-03-27,99.994,99.994,99.995,99.991,193508.0,511660,sh,货币ETF建信
2023-03-28,99.993,99.994,99.995,99.99,135754.0,511660,sh,货币ETF建信
2023-03-29,99.99,99.988,99.994,99.985,154403.0,511660,sh,货币ETF建信
2023-03-30,99.987,99.977,99.988,99.971,164767.0,511660,sh,货币ETF建信
2023-03-31,99.996,99.978,100.0,99.97,239531.0,511660,sh,货币ETF建信
2023-04-03,99.99,99.995,99.997,99.99,2459130.0,511660,sh,货币ETF建信
2023-04-04,99.995,100.003,100.004,99.995,202219.0,511660,sh,货币ETF建信
2023-04-06,99.999,100.001,100.002,99.996,194051.0,511660,sh,货币ETF建信
2023-04-07,100.009,100.01,100.014,100.005,164766.0,511660,sh,货币ETF建信
2023-04-10,99.996,99.998,100.002,99.996,155904.0,511660,sh,货币ETF建信
2023-04-11,99.997,100.002,100.009,99.997,113228.0,511660,sh,货币ETF建信
2023-04-12,99.998,100.001,100.002,99.997,116690.0,511660,sh,货币ETF建信
2023-04-13,99.997,100.005,100.006,99.997,133142.0,511660,sh,货币ETF建信
2023-04-14,100.007,100.011,100.011,100.005,105275.0,511660,sh,货币ETF建信
2023-04-17,100.0,100.002,100.007,99.998,88936.0,511660,sh,货币ETF建信
2023-04-18,99.998,100.005,100.006,99.997,125783.0,511660,sh,货币ETF建信
2023-04-19,100.0,100.003,100.005,100.0,102182.0,511660,sh,货币ETF建信
2023-04-20,99.998,100.002,100.003,99.997,131945.0,511660,sh,货币ETF建信
2023-04-21,100.006,100.006,100.01,100.005,98646.0,511660,sh,货币ETF建信
2023-04-24,99.998,99.998,99.999,99.996,166684.0,511660,sh,货币ETF建信
2023-04-25,99.996,99.997,99.999,99.994,158458.0,511660,sh,货币ETF建信
2023-04-26,99.995,99.992,99.996,99.985,124635.0,511660,sh,货币ETF建信
2023-04-27,99.987,100.005,100.008,99.985,176061.0,511660,sh,货币ETF建信
2023-04-28,100.025,100.025,100.031,100.021,137304.0,511660,sh,货币ETF建信
2023-05-04,99.999,100.003,100.005,99.996,103752.0,511660,sh,货币ETF建信
2023-05-05,100.006,100.018,100.019,100.003,115042.0,511660,sh,货币ETF建信
2023-05-08,100.0,100.003,100.005,99.999,73734.0,511660,sh,货币ETF建信
2023-05-09,100.0,100.002,100.004,100.0,93952.0,511660,sh,货币ETF建信
2023-05-10,100.001,100.001,100.002,99.999,146407.0,511660,sh,货币ETF建信
2023-05-11,100.0,100.005,100.006,99.998,135279.0,511660,sh,货币ETF建信
2023-05-12,100.008,100.007,100.011,100.006,115828.0,511660,sh,货币ETF建信
2023-05-15,100.0,100.0,100.003,99.999,107749.0,511660,sh,货币ETF建信
2023-05-16,100.0,100.0,100.001,99.999,86714.0,511660,sh,货币ETF建信
2023-05-17,100.0,100.0,100.002,99.998,118961.0,511660,sh,货币ETF建信
2023-05-18,99.999,99.998,100.0,99.994,121158.0,511660,sh,货币ETF建信
2023-05-19,100.006,100.009,100.01,100.005,160255.0,511660,sh,货币ETF建信
2023-05-22,99.997,100.0,100.001,99.997,101949.0,511660,sh,货币ETF建信
2023-05-23,99.999,100.0,100.001,99.996,96657.0,511660,sh,货币ETF建信
2023-05-24,99.999,99.998,100.0,99.996,132102.0,511660,sh,货币ETF建信
2023-05-25,99.997,99.997,99.999,99.993,160437.0,511660,sh,货币ETF建信
2023-05-26,100.005,100.006,100.008,100.004,124526.0,511660,sh,货币ETF建信
2023-05-29,99.996,99.999,100.0,99.996,84594.0,511660,sh,货币ETF建信
2023-05-30,99.997,99.999,99.999,99.996,81273.0,511660,sh,货币ETF建信
2023-05-31,99.997,99.999,100.0,99.996,129572.0,511660,sh,货币ETF建信
2023-06-01,99.998,99.999,99.999,99.996,90943.0,511660,sh,货币ETF建信
2023-06-02,100.008,100.007,100.008,100.005,139385.0,511660,sh,货币ETF建信
2023-06-05,99.997,99.999,100.0,99.997,140346.0,511660,sh,货币ETF建信
2023-06-06,99.998,100.002,100.002,99.998,51317.0,511660,sh,货币ETF建信
2023-06-07,99.999,100.0,100.001,99.998,102127.0,511660,sh,货币ETF建信
2023-06-08,99.998,99.999,100.0,99.997,122155.0,511660,sh,货币ETF建信
2023-06-09,100.006,99.995,100.013,99.991,159231.0,511660,sh,货币ETF建信
2023-06-12,99.994,99.999,99.999,99.993,127914.0,511660,sh,货币ETF建信
2023-06-13,99.998,99.999,100.0,99.996,165619.0,511660,sh,货币ETF建信
2023-06-14,99.997,99.999,100.001,99.995,116599.0,511660,sh,货币ETF建信
2023-06-15,99.997,99.998,99.999,99.986,165169.0,511660,sh,货币ETF建信
2023-06-16,100.0,99.998,100.004,99.995,143235.0,511660,sh,货币ETF建信
2023-06-19,99.99,99.995,99.998,99.989,228281.0,511660,sh,货币ETF建信
2023-06-20,99.992,99.996,99.999,99.988,162986.0,511660,sh,货币ETF建信
2023-06-21,100.015,100.018,100.019,100.012,118660.0,511660,sh,货币ETF建信
2023-06-26,99.992,99.99,99.996,99.98,115027.0,511660,sh,货币ETF建信
2023-06-27,99.99,99.989,99.992,99.985,133161.0,511660,sh,货币ETF建信
2023-06-28,99.987,99.967,99.989,99.96,118082.0,511660,sh,货币ETF建信
2023-06-29,99.978,99.974,99.978,99.952,187584.0,511660,sh,货币ETF建信
2023-06-30,100.0,99.999,100.001,99.991,192465.0,511660,sh,货币ETF建信
2023-07-03,99.995,99.998,99.999,99.993,157553.0,511660,sh,货币ETF建信
2023-07-04,99.999,99.999,100.0,99.997,106332.0,511660,sh,货币ETF建信
2023-07-05,99.999,100.001,100.002,99.998,121202.0,511660,sh,货币ETF建信
2023-07-06,100.0,100.004,100.005,99.998,127094.0,511660,sh,货币ETF建信
2023-07-07,100.01,100.016,100.019,100.009,106620.0,511660,sh,货币ETF建信
2023-07-10,100.0,100.002,100.006,100.0,84035.0,511660,sh,货币ETF建信
2023-07-11,100.0,100.0,100.001,99.998,78008.0,511660,sh,货币ETF建信
2023-07-12,99.999,99.999,100.001,99.998,80869.0,511660,sh,货币ETF建信
2023-07-13,99.999,99.998,99.999,99.994,83944.0,511660,sh,货币ETF建信
2023-07-14,100.005,100.008,100.01,100.003,96491.0,511660,sh,货币ETF建信
2023-07-17,99.997,100.007,100.01,99.995,112495.0,511660,sh,货币ETF建信
2023-07-18,100.001,100.004,100.005,100.001,86033.0,511660,sh,货币ETF建信
2023-07-19,100.002,100.001,100.003,99.999,86041.0,511660,sh,货币ETF建信
2023-07-20,100.0,99.999,100.0,99.995,105033.0,511660,sh,货币ETF建信
2023-07-21,100.006,100.006,100.008,100.004,125060.0,511660,sh,货币ETF建信
2023-07-24,99.997,100.0,100.004,99.996,91402.0,511660,sh,货币ETF建信
2023-07-25,99.997,99.996,99.998,99.99,167239.0,511660,sh,货币ETF建信
2023-07-26,99.995,100.0,100.0,99.993,171729.0,511660,sh,货币ETF建信
2023-07-27,99.997,99.998,99.999,99.994,144252.0,511660,sh,货币ETF建信
2023-07-28,100.005,99.993,100.007,99.985,178923.0,511660,sh,货币ETF建信
2023-07-31,99.988,99.982,99.988,99.97,177777.0,511660,sh,货币ETF建信
2023-08-01,99.988,99.998,99.999,99.988,142627.0,511660,sh,货币ETF建信
2023-08-02,99.997,100.002,100.002,99.995,95781.0,511660,sh,货币ETF建信
2023-08-03,99.998,100.003,100.01,99.996,128729.0,511660,sh,货币ETF建信
2023-08-04,100.001,100.007,100.009,100.001,93845.0,511660,sh,货币ETF建信
2023-08-07,99.999,100.0,100.002,99.997,79747.0,511660,sh,货币ETF建信
2023-08-08,100.0,100.001,100.001,99.999,42171.0,511660,sh,货币ETF建信
2023-08-09,99.999,100.0,100.001,99.998,66710.0,511660,sh,货币ETF建信
2023-08-10,99.999,100.0,100.001,99.998,119900.0,511660,sh,货币ETF建信
2023-08-11,100.006,100.011,100.012,100.005,137018.0,511660,sh,货币ETF建信
2023-08-14,100.0,100.001,100.002,99.999,99529.0,511660,sh,货币ETF建信
2023-08-15,100.0,100.002,100.002,99.999,88186.0,511660,sh,货币ETF建信
2023-08-16,100.001,100.003,100.004,99.999,93543.0,511660,sh,货币ETF建信
2023-08-17,100.0,99.998,100.002,99.995,155251.0,511660,sh,货币ETF建信
2023-08-18,100.006,100.007,100.008,100.005,180475.0,511660,sh,货币ETF建信
2023-08-21,99.999,100.002,100.003,99.998,115604.0,511660,sh,货币ETF建信
2023-08-22,100.0,99.998,100.002,99.996,109819.0,511660,sh,货币ETF建信
2023-08-23,99.997,100.001,100.002,99.996,89235.0,511660,sh,货币ETF建信
2023-08-24,99.998,100.003,100.003,99.997,123987.0,511660,sh,货币ETF建信
2023-08-25,100.007,100.007,100.009,100.006,100010.0,511660,sh,货币ETF建信
2023-08-28,99.962,99.994,99.997,99.869,257804.0,511660,sh,货币ETF建信
2023-08-29,99.994,99.986,99.997,99.979,170621.0,511660,sh,货币ETF建信
2023-08-30,99.981,99.992,99.993,99.977,134111.0,511660,sh,货币ETF建信
2023-08-31,99.989,100.0,100.001,99.989,103705.0,511660,sh,货币ETF建信
2023-09-01,100.006,100.015,100.017,100.006,139835.0,511660,sh,货币ETF建信
2023-09-04,99.999,100.004,100.008,99.998,80718.0,511660,sh,货币ETF建信
2023-09-05,100.0,100.002,100.007,99.999,71034.0,511660,sh,货币ETF建信
2023-09-06,100.002,100.0,100.003,99.998,112820.0,511660,sh,货币ETF建信
2023-09-07,99.999,100.002,100.004,99.998,79984.0,511660,sh,货币ETF建信
2023-09-08,100.006,100.008,100.009,100.004,180252.0,511660,sh,货币ETF建信
2023-09-11,100.001,100.002,100.003,99.998,95179.0,511660,sh,货币ETF建信
2023-09-12,100.0,100.0,100.002,99.998,105122.0,511660,sh,货币ETF建信
2023-09-13,99.999,99.998,100.001,99.998,128162.0,511660,sh,货币ETF建信
2023-09-14,99.999,99.995,100.0,99.993,139735.0,511660,sh,货币ETF建信
2023-09-15,100.005,100.007,100.009,100.004,119072.0,511660,sh,货币ETF建信
2023-09-18,99.999,99.999,100.0,99.997,144053.0,511660,sh,货币ETF建信
2023-09-19,99.997,99.998,99.999,99.995,151419.0,511660,sh,货币ETF建信
2023-09-20,99.995,99.998,99.999,99.994,105533.0,511660,sh,货币ETF建信
2023-09-21,99.995,99.994,99.998,99.992,55087.0,511660,sh,货币ETF建信
2023-09-22,100.002,99.993,100.003,99.989,120881.0,511660,sh,货币ETF建信
2023-09-25,99.987,99.994,99.995,99.98,191590.0,511660,sh,货币ETF建信
2023-09-26,99.991,99.986,99.992,99.982,158307.0,511660,sh,货币ETF建信
2023-09-27,99.976,99.985,99.987,99.945,162716.0,511660,sh,货币ETF建信
2023-09-28,100.045,100.055,100.059,100.045,136359.0,511660,sh,货币ETF建信
2023-10-09,99.998,100.006,100.009,99.998,140293.0,511660,sh,货币ETF建信
2023-10-10,100.001,100.012,100.012,100.0,104480.0,511660,sh,货币ETF建信
2023-10-11,100.006,100.003,100.006,100.0,104587.0,511660,sh,货币ETF建信
2023-10-12,99.999,100.0,100.003,99.999,88481.0,511660,sh,货币ETF建信
2023-10-13,100.007,100.013,100.013,100.006,131944.0,511660,sh,货币ETF建信
2023-10-16,100.002,100.007,100.007,100.001,74471.0,511660,sh,货币ETF建信
2023-10-17,100.004,100.003,100.005,100.0,99876.0,511660,sh,货币ETF建信
2023-10-18,100.002,100.002,100.005,100.0,95702.0,511660,sh,货币ETF建信
2023-10-19,100.001,100.007,100.008,99.995,202743.0,511660,sh,货币ETF建信
2023-10-20,100.008,100.007,100.009,100.003,135560.0,511660,sh,货币ETF建信
2023-10-23,99.998,100.004,100.005,99.998,116155.0,511660,sh,货币ETF建信
2023-10-24,99.999,100.0,100.002,99.997,95163.0,511660,sh,货币ETF建信
2023-10-25,99.996,100.0,100.001,99.995,97582.0,511660,sh,货币ETF建信
2023-10-26,99.997,99.998,100.0,99.996,72471.0,511660,sh,货币ETF建信
2023-10-27,100.003,100.001,100.007,99.998,126413.0,511660,sh,货币ETF建信
2023-10-30,99.995,99.992,99.995,99.989,94926.0,511660,sh,货币ETF建信
2023-10-31,99.991,100.0,100.001,99.989,115284.0,511660,sh,货币ETF建信
2023-11-01,99.998,100.006,100.008,99.996,84221.0,511660,sh,货币ETF建信
2023-11-02,100.0,100.008,100.01,99.998,58017.0,511660,sh,货币ETF建信
2023-11-03,100.005,100.006,100.011,100.002,106506.0,511660,sh,货币ETF建信
2023-11-06,99.996,99.996,100.0,99.992,143281.0,511660,sh,货币ETF建信
2023-11-07,99.993,100.0,100.0,99.992,97612.0,511660,sh,货币ETF建信
2023-11-08,100.0,100.001,100.002,99.997,97717.0,511660,sh,货币ETF建信
2023-11-09,99.999,100.002,100.003,99.998,66265.0,511660,sh,货币ETF建信
2023-11-10,100.008,100.012,100.013,100.006,63866.0,511660,sh,货币ETF建信
2023-11-13,100.0,100.004,100.005,99.999,89594.0,511660,sh,货币ETF建信
2023-11-14,100.003,99.998,100.003,99.997,75401.0,511660,sh,货币ETF建信
2023-11-15,99.992,99.994,99.996,99.986,130287.0,511660,sh,货币ETF建信
2023-11-16,99.991,100.0,100.002,99.991,117016.0,511660,sh,货币ETF建信
2023-11-17,100.007,100.012,100.013,100.005,123437.0,511660,sh,货币ETF建信
2023-11-20,100.0,100.003,100.003,99.999,116393.0,511660,sh,货币ETF建信
2023-11-21,100.0,100.0,100.001,99.998,95035.0,511660,sh,货币ETF建信
2023-11-22,99.998,100.001,100.001,99.998,83505.0,511660,sh,货币ETF建信
2023-11-23,99.996,99.998,99.999,99.994,165285.0,511660,sh,货币ETF建信
2023-11-24,100.003,100.01,100.011,100.003,152102.0,511660,sh,货币ETF建信
2023-11-27,100.0,100.002,100.004,99.996,127382.0,511660,sh,货币ETF建信
2023-11-28,100.001,100.001,100.004,99.997,107251.0,511660,sh,货币ETF建信
2023-11-29,99.997,99.99,99.999,99.988,116937.0,511660,sh,货币ETF建信
2023-11-30,99.99,99.992,99.992,99.985,136510.0,511660,sh,货币ETF建信
2023-12-01,100.004,100.009,100.009,100.003,162053.0,511660,sh,货币ETF建信
2023-12-04,100.0,100.001,100.002,99.999,157721.0,511660,sh,货币ETF建信
2023-12-05,99.999,100.004,100.005,99.999,130433.0,511660,sh,货币ETF建信
2023-12-06,100.0,99.999,100.001,99.997,186585.0,511660,sh,货币ETF建信
2023-12-07,99.997,100.0,100.001,99.995,203513.0,511660,sh,货币ETF建信
2023-12-08,100.006,99.999,100.008,99.992,164087.0,511660,sh,货币ETF建信
2023-12-11,99.993,99.995,99.995,99.988,164229.0,511660,sh,货币ETF建信
2023-12-12,99.992,100.0,100.001,99.99,169026.0,511660,sh,货币ETF建信
2023-12-13,99.997,99.999,100.0,99.996,150723.0,511660,sh,货币ETF建信
2023-12-14,99.997,100.003,100.004,99.997,150427.0,511660,sh,货币ETF建信
2023-12-15,100.005,100.008,100.009,100.004,178258.0,511660,sh,货币ETF建信
2023-12-18,99.999,99.997,100.0,99.996,135385.0,511660,sh,货币ETF建信
2023-12-19,99.996,99.997,100.0,99.991,190948.0,511660,sh,货币ETF建信
2023-12-20,99.998,100.0,100.002,99.997,88415.0,511660,sh,货币ETF建信
2023-12-21,99.997,99.992,99.999,99.99,140470.0,511660,sh,货币ETF建信
2023-12-22,100.0,100.0,100.009,99.999,197704.0,511660,sh,货币ETF建信
2023-12-25,99.995,99.992,99.995,99.987,159433.0,511660,sh,货币ETF建信
2023-12-26,99.99,99.988,99.99,99.98,142066.0,511660,sh,货币ETF建信
2023-12-27,99.985,99.992,99.993,99.975,132025.0,511660,sh,货币ETF建信
2023-12-28,99.99,99.99,99.993,99.964,168926.0,511660,sh,货币ETF建信
2023-12-29,100.007,100.009,100.013,100.007,158223.0,511660,sh,货币ETF建信
2024-01-02,99.996,100.003,100.004,99.995,135636.0,511660,sh,货币ETF建信
2024-01-03,99.999,100.003,100.004,99.999,83078.0,511660,sh,货币ETF建信
2024-01-04,100.0,100.006,100.007,99.996,76714.0,511660,sh,货币ETF建信
2024-01-05,100.008,100.023,100.025,100.008,84642.0,511660,sh,货币ETF建信
2024-01-08,100.0,100.004,100.005,99.999,107262.0,511660,sh,货币ETF建信
2024-01-09,100.001,100.004,100.005,100.0,54750.0,511660,sh,货币ETF建信
2024-01-10,100.002,100.007,100.008,100.001,70893.0,511660,sh,货币ETF建信
2024-01-11,100.003,100.007,100.008,99.999,88849.0,511660,sh,货币ETF建信
2024-01-12,100.009,100.014,100.017,100.009,75486.0,511660,sh,货币ETF建信
2024-01-15,100.001,100.006,100.007,100.001,65478.0,511660,sh,货币ETF建信
2024-01-16,100.003,100.002,100.004,100.0,84920.0,511660,sh,货币ETF建信
2024-01-17,100.001,100.006,100.008,100.0,85757.0,511660,sh,货币ETF建信
2024-01-18,100.003,100.009,100.011,99.996,97535.0,511660,sh,货币ETF建信
2024-01-19,100.01,100.02,100.022,100.01,44141.0,511660,sh,货币ETF建信
2024-01-22,100.012,100.008,100.012,100.004,55443.0,511660,sh,货币ETF建信
2024-01-23,100.002,100.001,100.006,99.996,105117.0,511660,sh,货币ETF建信
2024-01-24,100.0,100.003,100.004,99.999,114786.0,511660,sh,货币ETF建信
2024-01-25,99.999,99.992,100.001,99.986,176747.0,511660,sh,货币ETF建信
2024-01-26,100.005,100.009,100.012,100.001,150383.0,511660,sh,货币ETF建信
2024-01-29,100.005,100.007,100.008,99.995,48004.0,511660,sh,货币ETF建信
2024-01-30,100.007,100.005,100.007,100.001,74170.0,511660,sh,货币ETF建信
2024-01-31,100.002,100.004,100.005,100.001,122645.0,511660,sh,货币ETF建信
2024-02-01,100.003,100.007,100.008,99.995,144379.0,511660,sh,货币ETF建信
2024-02-02,100.008,100.01,100.015,100.004,97359.0,511660,sh,货币ETF建信
2024-02-05,100.002,100.007,100.01,100.001,82033.0,511660,sh,货币ETF建信
2024-02-06,100.004,100.002,100.004,99.998,131860.0,511660,sh,货币ETF建信
2024-02-07,99.998,100.007,100.008,99.987,185694.0,511660,sh,货币ETF建信
2024-02-08,100.042,100.056,100.057,100.018,350133.0,511660,sh,货币ETF建信
2024-02-19,99.997,100.001,100.002,99.996,231612.0,511660,sh,货币ETF建信
2024-02-20,99.998,100.001,100.002,99.997,109046.0,511660,sh,货币ETF建信
2024-02-21,100.0,99.998,100.002,99.994,138093.0,511660,sh,货币ETF建信
2024-02-22,99.999,99.998,100.0,99.993,116158.0,511660,sh,货币ETF建信
2024-02-23,100.004,100.007,100.008,100.004,82371.0,511660,sh,货币ETF建信
2024-02-26,99.998,99.998,100.0,99.996,86223.0,511660,sh,货币ETF建信
2024-02-27,99.998,99.998,99.999,99.994,118452.0,511660,sh,货币ETF建信
2024-02-28,99.995,99.989,99.995,99.987,83568.0,511660,sh,货币ETF建信
2024-02-29,99.98,99.985,99.991,99.975,107698.0,511660,sh,货币ETF建信
2024-03-01,100.0,100.003,100.007,99.999,131268.0,511660,sh,货币ETF建信
2024-03-04,99.997,99.999,100.0,99.996,82699.0,511660,sh,货币ETF建信
2024-03-05,99.999,100.002,100.003,99.998,111517.0,511660,sh,货币ETF建信
2024-03-06,100.0,100.0,100.003,99.999,82946.0,511660,sh,货币ETF建信
2024-03-07,100.0,100.0,100.0,99.997,78393.0,511660,sh,货币ETF建信
2024-03-08,100.007,100.007,100.009,100.005,94293.0,511660,sh,货币ETF建信
2024-03-11,99.998,99.999,100.0,99.997,63137.0,511660,sh,货币ETF建信
2024-03-12,99.998,99.994,99.999,99.992,143428.0,511660,sh,货币ETF建信
2024-03-13,99.993,99.989,99.993,99.984,161044.0,511660,sh,货币ETF建信
2024-03-14,99.989,99.995,99.997,99.979,132689.0,511660,sh,货币ETF建信
2024-03-15,100.005,100.009,100.01,100.005,102730.0,511660,sh,货币ETF建信
2024-03-18,99.999,100.002,100.004,99.998,61451.0,511660,sh,货币ETF建信
2024-03-19,99.999,100.0,100.001,99.996,72290.0,511660,sh,货币ETF建信
2024-03-20,99.997,100.001,100.002,99.997,90060.0,511660,sh,货币ETF建信
2024-03-21,99.998,100.005,100.006,99.995,97323.0,511660,sh,货币ETF建信
2024-03-22,100.008,100.011,100.012,100.007,62626.0,511660,sh,货币ETF建信
2024-03-25,100.0,100.002,100.003,99.999,50985.0,511660,sh,货币ETF建信
2024-03-26,99.999,99.999,100.002,99.997,84457.0,511660,sh,货币ETF建信
2024-03-27,99.999,99.991,99.999,99.989,86429.0,511660,sh,货币ETF建信
2024-03-28,99.991,99.965,99.991,99.96,159071.0,511660,sh,货币ETF建信
2024-03-29,100.007,100.012,100.014,99.999,151138.0,511660,sh,货币ETF建信
2024-04-01,100.0,100.0,100.002,99.998,151208.0,511660,sh,货币ETF建信
2024-04-02,99.998,100.013,100.013,99.998,126706.0,511660,sh,货币ETF建信
2024-04-03,100.026,100.028,100.03,100.025,84495.0,511660,sh,货币ETF建信
2024-04-08,100.002,100.007,100.007,100.001,78177.0,511660,sh,货币ETF建信
2024-04-09,100.005,100.006,100.007,99.998,68028.0,511660,sh,货币ETF建信
2024-04-10,100.003,100.007,100.009,100.001,75263.0,511660,sh,货币ETF建信
2024-04-11,100.004,100.004,100.007,100.0,128408.0,511660,sh,货币ETF建信
2024-04-12,100.008,100.011,100.012,100.007,70419.0,511660,sh,货币ETF建信
2024-04-15,100.003,100.005,100.006,100.0,85875.0,511660,sh,货币ETF建信
2024-04-16,100.003,100.001,100.003,99.999,83800.0,511660,sh,货币ETF建信
2024-04-17,99.999,99.997,100.001,99.993,164273.0,511660,sh,货币ETF建信
2024-04-18,99.998,99.997,100.001,99.996,103882.0,511660,sh,货币ETF建信
2024-04-19,100.007,100.008,100.01,100.007,67397.0,511660,sh,货币ETF建信
2024-04-22,99.999,100.001,100.001,99.998,47222.0,511660,sh,货币ETF建信
2024-04-23,100.0,99.999,100.0,99.997,69362.0,511660,sh,货币ETF建信
2024-04-24,99.999,100.0,100.002,99.998,77289.0,511660,sh,货币ETF建信
2024-04-25,100.0,100.0,100.001,99.994,114988.0,511660,sh,货币ETF建信
2024-04-26,100.007,99.997,100.008,99.992,184062.0,511660,sh,货币ETF建信
2024-04-29,99.99,99.993,99.994,99.968,138687.0,511660,sh,货币ETF建信
2024-04-30,100.015,100.022,100.025,100.015,151783.0,511660,sh,货币ETF建信
2024-05-06,99.996,99.999,100.0,99.996,216967.0,511660,sh,货币ETF建信
2024-05-07,99.999,100.001,100.003,99.998,99160.0,511660,sh,货币ETF建信
2024-05-08,100.0,100.002,100.003,100.0,81213.0,511660,sh,货币ETF建信
2024-05-09,100.001,99.997,100.002,99.996,143678.0,511660,sh,货币ETF建信
2024-05-10,100.007,100.01,100.011,100.005,151277.0,511660,sh,货币ETF建信
2024-05-13,99.999,100.0,100.001,99.999,87024.0,511660,sh,货币ETF建信
2024-05-14,99.999,100.0,100.0,99.998,83766.0,511660,sh,货币ETF建信
2024-05-15,100.0,99.999,100.0,99.998,72482.0,511660,sh,货币ETF建信
2024-05-16,99.998,99.998,99.999,99.995,114738.0,511660,sh,货币ETF建信
2024-05-17,100.007,100.004,100.008,100.003,143250.0,511660,sh,货币ETF建信
2024-05-20,99.996,99.999,100.0,99.994,124946.0,511660,sh,货币ETF建信
2024-05-21,99.997,100.001,100.002,99.995,104638.0,511660,sh,货币ETF建信
2024-05-22,99.998,100.007,100.007,99.998,68550.0,511660,sh,货币ETF建信
2024-05-23,100.004,100.007,100.01,100.001,100078.0,511660,sh,货币ETF建信
2024-05-24,100.011,100.01,100.015,100.009,59467.0,511660,sh,货币ETF建信
2024-05-27,100.001,100.002,100.005,100.0,82652.0,511660,sh,货币ETF建信
2024-05-28,100.002,100.008,100.009,100.001,52984.0,511660,sh,货币ETF建信
2024-05-29,100.005,100.002,100.007,100.001,51237.0,511660,sh,货币ETF建信
2024-05-30,100.0,100.009,100.032,100.0,106882.0,511660,sh,货币ETF建信
2024-05-31,100.01,100.009,100.017,100.005,74232.0,511660,sh,货币ETF建信
2024-06-03,100.003,100.012,100.013,100.001,56473.0,511660,sh,货币ETF建信
2024-06-04,100.009,100.003,100.01,100.002,62164.0,511660,sh,货币ETF建信
2024-06-05,100.002,100.009,100.011,100.002,47945.0,511660,sh,货币ETF建信
2024-06-06,100.006,100.005,100.007,100.001,72019.0,511660,sh,货币ETF建信
2024-06-07,100.012,100.015,100.017,100.012,80042.0,511660,sh,货币ETF建信
2024-06-11,100.002,100.003,100.004,100.0,98044.0,511660,sh,货币ETF建信
2024-06-12,100.002,100.002,100.004,100.001,58888.0,511660,sh,货币ETF建信
2024-06-13,100.001,100.004,100.005,100.0,102717.0,511660,sh,货币ETF建信
2024-06-14,100.007,100.002,100.009,100.001,136255.0,511660,sh,货币ETF建信
2024-06-17,99.999,100.002,100.004,99.998,110367.0,511660,sh,货币ETF建信
2024-06-18,100.0,100.002,100.003,99.999,166099.0,511660,sh,货币ETF建信
2024-06-19,100.0,99.999,100.003,99.998,85950.0,511660,sh,货币ETF建信
2024-06-20,100.0,100.003,100.005,99.999,91502.0,511660,sh,货币ETF建信
2024-06-21,100.006,100.008,100.009,100.005,101300.0,511660,sh,货币ETF建信
2024-06-24,100.0,100.01,100.01,99.999,100614.0,511660,sh,货币ETF建信
2024-06-25,100.002,100.0,100.002,99.997,87253.0,511660,sh,货币ETF建信
2024-06-26,100.0,100.0,100.002,99.998,97152.0,511660,sh,货币ETF建信
2024-06-27,99.995,99.999,100.001,99.992,145325.0,511660,sh,货币ETF建信
2024-06-28,100.007,100.005,100.008,100.002,147001.0,511660,sh,货币ETF建信
2024-07-01,100.0,100.002,100.004,99.999,106884.0,511660,sh,货币ETF建信
2024-07-02,100.001,100.005,100.005,100.001,66636.0,511660,sh,货币ETF建信
2024-07-03,100.003,100.004,100.006,100.002,75857.0,511660,sh,货币ETF建信
2024-07-04,100.003,100.007,100.008,100.002,53418.0,511660,sh,货币ETF建信
2024-07-05,100.009,100.013,100.014,100.009,92276.0,511660,sh,货币ETF建信
2024-07-08,100.01,100.005,100.011,100.003,51277.0,511660,sh,货币ETF建信
2024-07-09,100.004,100.002,100.004,100.0,70883.0,511660,sh,货币ETF建信
2024-07-10,100.003,100.003,100.004,100.0,41153.0,511660,sh,货币ETF建信
2024-07-11,99.999,99.998,100.002,99.996,161855.0,511660,sh,货币ETF建信
2024-07-12,100.006,100.009,100.01,100.006,94654.0,511660,sh,货币ETF建信
2024-07-15,100.003,100.003,100.004,100.001,63275.0,511660,sh,货币ETF建信
2024-07-16,100.003,100.002,100.003,100.001,58606.0,511660,sh,货币ETF建信
2024-07-17,100.002,100.003,100.004,100.002,135314.0,511660,sh,货币ETF建信
2024-07-18,100.002,100.004,100.004,100.002,47431.0,511660,sh,货币ETF建信
2024-07-19,100.008,100.01,100.01,100.008,118040.0,511660,sh,货币ETF建信
2024-07-22,100.006,100.002,100.006,100.002,55164.0,511660,sh,货币ETF建信
2024-07-23,100.003,100.003,100.004,99.999,92057.0,511660,sh,货币ETF建信
2024-07-24,100.003,100.003,100.004,100.002,91668.0,511660,sh,货币ETF建信
2024-07-25,100.001,99.997,100.004,99.996,158731.0,511660,sh,货币ETF建信
2024-07-26,100.007,100.008,100.008,100.006,86022.0,511660,sh,货币ETF建信
2024-07-29,100.0,100.001,100.002,99.999,44332.0,511660,sh,货币ETF建信
2024-07-30,100.001,100.002,100.002,100.0,82062.0,511660,sh,货币ETF建信
2024-07-31,100.001,99.997,100.002,99.995,107518.0,511660,sh,货币ETF建信
2024-08-01,99.999,100.002,100.002,99.996,64925.0,511660,sh,货币ETF建信
2024-08-02,100.008,100.011,100.012,100.008,77182.0,511660,sh,货币ETF建信
2024-08-05,100.004,100.004,100.004,100.001,54504.0,511660,sh,货币ETF建信
2024-08-06,100.002,100.001,100.003,100.001,54846.0,511660,sh,货币ETF建信
2024-08-07,100.002,100.002,100.002,100.001,42230.0,511660,sh,货币ETF建信
2024-08-08,100.002,100.003,100.004,100.0,82508.0,511660,sh,货币ETF建信
2024-08-09,100.009,100.011,100.011,100.008,64582.0,511660,sh,货币ETF建信
2024-08-12,100.001,100.003,100.003,100.001,42747.0,511660,sh,货币ETF建信
2024-08-13,100.002,100.001,100.002,99.999,70889.0,511660,sh,货币ETF建信
2024-08-14,100.0,100.002,100.003,100.0,25831.0,511660,sh,货币ETF建信
2024-08-15,100.002,99.998,100.003,99.995,156691.0,511660,sh,货币ETF建信
2024-08-16,100.008,100.009,100.009,100.007,81778.0,511660,sh,货币ETF建信
2024-08-19,100.001,100.0,100.002,99.999,68137.0,511660,sh,货币ETF建信
2024-08-20,99.998,100.002,100.005,99.998,46730.0,511660,sh,货币ETF建信
2024-08-21,100.001,100.0,100.002,99.999,30788.0,511660,sh,货币ETF建信
2024-08-22,100.001,100.002,100.003,99.999,77845.0,511660,sh,货币ETF建信
2024-08-23,100.008,100.005,100.009,100.004,55875.0,511660,sh,货币ETF建信
2024-08-26,100.0,100.0,100.001,99.998,70170.0,511660,sh,货币ETF建信
2024-08-27,100.0,100.001,100.002,100.0,32101.0,511660,sh,货币ETF建信
2024-08-28,100.0,100.001,100.003,100.0,43475.0,511660,sh,货币ETF建信
2024-08-29,100.0,99.994,100.001,99.991,155749.0,511660,sh,货币ETF建信
2024-08-30,100.006,99.997,100.007,99.995,89650.0,511660,sh,货币ETF建信
2024-09-02,99.994,100.002,100.003,99.992,104419.0,511660,sh,货币ETF建信
2024-09-03,100.0,99.998,100.0,99.997,76424.0,511660,sh,货币ETF建信
2024-09-04,99.997,100.002,100.003,99.997,51380.0,511660,sh,货币ETF建信
2024-09-05,100.001,100.001,100.002,99.999,85276.0,511660,sh,货币ETF建信
2024-09-06,100.007,100.01,100.01,100.007,74985.0,511660,sh,货币ETF建信
2024-09-09,100.0,100.001,100.003,99.999,54120.0,511660,sh,货币ETF建信
2024-09-10,100.0,100.001,100.01,99.997,79637.0,511660,sh,货币ETF建信
2024-09-11,100.0,100.0,100.001,99.997,58507.0,511660,sh,货币ETF建信
2024-09-12,100.0,99.997,100.0,99.996,68188.0,511660,sh,货币ETF建信
2024-09-13,100.012,100.014,100.016,100.011,98957.0,511660,sh,货币ETF建信
2024-09-18,99.999,99.997,100.0,99.995,83960.0,511660,sh,货币ETF建信
2024-09-19,99.997,99.997,99.998,99.987,81044.0,511660,sh,货币ETF建信
2024-09-20,100.006,100.007,100.008,100.005,73292.0,511660,sh,货币ETF建信
2024-09-23,100.0,100.0,100.001,99.997,63617.0,511660,sh,货币ETF建信
2024-09-24,100.0,99.979,100.0,99.975,218491.0,511660,sh,货币ETF建信
2024-09-25,99.96,99.98,99.987,99.949,277692.0,511660,sh,货币ETF建信
2024-09-26,99.981,99.978,99.986,99.961,144065.0,511660,sh,货币ETF建信
2024-09-27,99.95,99.959,99.964,99.903,86175.0,511660,sh,货币ETF建信
2024-09-30,99.93,100.0,100.008,99.2,220705.0,511660,sh,货币ETF建信
2024-10-08,99.78,99.977,99.984,99.68,363434.0,511660,sh,货币ETF建信
2024-10-09,99.986,99.997,99.999,99.985,210798.0,511660,sh,货币ETF建信
2024-10-10,99.993,100.012,100.017,99.993,152256.0,511660,sh,货币ETF建信
2024-10-11,100.012,100.033,100.048,100.01,87324.0,511660,sh,货币ETF建信
2024-10-14,100.025,100.037,100.04,100.001,92026.0,511660,sh,货币ETF建信
2024-10-15,100.012,100.033,100.04,100.012,48387.0,511660,sh,货币ETF建信
2024-10-16,100.028,100.027,100.033,100.002,55739.0,511660,sh,货币ETF建信
2024-10-17,100.017,100.009,100.017,100.003,86143.0,511660,sh,货币ETF建信
2024-10-18,100.006,100.004,100.013,99.967,134101.0,511660,sh,货币ETF建信
2024-10-21,99.98,100.004,100.005,99.978,106306.0,511660,sh,货币ETF建信
2024-10-22,100.001,99.999,100.002,99.997,82405.0,511660,sh,货币ETF建信
2024-10-23,99.998,99.999,100.0,99.996,59173.0,511660,sh,货币ETF建信
2024-10-24,100.0,100.006,100.006,99.997,96232.0,511660,sh,货币ETF建信
2024-10-25,100.008,100.009,100.011,100.006,57753.0,511660,sh,货币ETF建信
2024-10-28,99.997,99.999,100.001,99.996,64829.0,511660,sh,货币ETF建信
2024-10-29,99.998,100.0,100.0,99.996,72968.0,511660,sh,货币ETF建信
2024-10-30,99.999,100.001,100.002,99.997,35101.0,511660,sh,货币ETF建信
2024-10-31,100.001,100.005,100.006,100.0,74722.0,511660,sh,货币ETF建信
2024-11-01,100.008,100.012,100.013,100.007,81222.0,511660,sh,货币ETF建信
2024-11-04,100.001,100.005,100.005,100.001,59524.0,511660,sh,货币ETF建信
2024-11-05,100.002,99.999,100.003,99.997,97956.0,511660,sh,货币ETF建信
2024-11-06,99.997,100.003,100.004,99.997,93264.0,511660,sh,货币ETF建信
2024-11-07,100.001,99.997,100.002,99.992,83851.0,511660,sh,货币ETF建信
2024-11-08,99.993,100.003,100.005,99.989,171100.0,511660,sh,货币ETF建信
2024-11-11,99.998,100.002,100.003,99.996,83194.0,511660,sh,货币ETF建信
2024-11-12,100.001,100.004,100.004,99.999,117997.0,511660,sh,货币ETF建信
2024-11-13,100.002,100.001,100.004,99.999,99879.0,511660,sh,货币ETF建信
2024-11-14,100.001,100.003,100.004,100.0,78257.0,511660,sh,货币ETF建信
2024-11-15,100.006,100.007,100.009,100.005,105504.0,511660,sh,货币ETF建信
2024-11-18,99.999,100.002,100.003,99.995,96349.0,511660,sh,货币ETF建信
2024-11-19,100.0,99.998,100.001,99.995,95701.0,511660,sh,货币ETF建信
2024-11-20,100.0,100.004,100.005,99.999,73021.0,511660,sh,货币ETF建信
2024-11-21,100.001,100.009,100.014,100.001,123642.0,511660,sh,货币ETF建信
2024-11-22,100.009,100.019,100.019,100.009,82687.0,511660,sh,货币ETF建信
2024-11-25,100.001,100.005,100.009,100.001,79082.0,511660,sh,货币ETF建信
2024-11-26,100.001,100.002,100.004,99.998,104125.0,511660,sh,货币ETF建信
2024-11-27,100.001,100.0,100.002,99.998,68795.0,511660,sh,货币ETF建信
2024-11-28,100.0,100.005,100.005,100.0,81409.0,511660,sh,货币ETF建信
2024-11-29,100.007,100.002,100.01,99.999,149037.0,511660,sh,货币ETF建信
2024-12-02,99.999,100.0,100.001,99.998,102257.0,511660,sh,货币ETF建信
2024-12-03,100.0,100.001,100.002,100.0,99820.0,511660,sh,货币ETF建信
2024-12-04,100.001,100.003,100.006,100.0,98449.0,511660,sh,货币ETF建信
2024-12-05,100.003,100.004,100.004,100.0,124316.0,511660,sh,货币ETF建信
2024-12-06,100.008,100.005,100.01,100.003,146554.0,511660,sh,货币ETF建信
2024-12-09,99.999,100.005,100.006,99.999,138054.0,511660,sh,货币ETF建信
2024-12-10,99.997,99.997,99.998,99.982,150419.0,511660,sh,货币ETF建信
2024-12-11,99.996,99.997,100.0,99.994,78172.0,511660,sh,货币ETF建信
2024-12-12,100.0,100.002,100.002,99.998,185733.0,511660,sh,货币ETF建信
2024-12-13,100.008,100.009,100.01,100.006,157937.0,511660,sh,货币ETF建信
2024-12-16,100.0,100.001,100.003,99.999,121312.0,511660,sh,货币ETF建信
2024-12-17,100.001,99.999,100.001,99.997,198388.0,511660,sh,货币ETF建信
2024-12-18,99.999,99.998,99.999,99.995,143298.0,511660,sh,货币ETF建信
2024-12-19,100.0,100.0,100.002,99.999,185615.0,511660,sh,货币ETF建信
2024-12-20,100.007,100.008,100.009,100.005,182694.0,511660,sh,货币ETF建信
2024-12-23,99.999,99.999,100.0,99.998,139547.0,511660,sh,货币ETF建信
2024-12-24,99.998,99.996,99.999,99.991,205068.0,511660,sh,货币ETF建信
2024-12-25,99.993,99.996,99.997,99.992,90698.0,511660,sh,货币ETF建信
2024-12-26,99.999,99.997,100.001,99.994,146299.0,511660,sh,货币ETF建信
2024-12-27,100.003,100.005,100.006,100.0,137930.0,511660,sh,货币ETF建信
2024-12-30,99.998,99.995,99.998,99.991,140777.0,511660,sh,货币ETF建信
2024-12-31,100.002,100.006,100.006,100.0,131061.0,511660,sh,货币ETF建信
2025-01-02,99.999,100.007,100.007,99.996,146631.0,511660,sh,货币ETF建信
2025-01-03,100.007,100.011,100.013,100.006,112695.0,511660,sh,货币ETF建信
2025-01-06,100.0,100.0,100.003,99.998,90747.0,511660,sh,货币ETF建信
2025-01-07,100.0,100.002,100.002,99.998,93133.0,511660,sh,货币ETF建信
2025-01-08,100.0,100.01,100.01,100.0,88452.0,511660,sh,货币ETF建信
2025-01-09,100.005,100.009,100.012,100.004,58496.0,511660,sh,货币ETF建信
2025-01-10,100.01,100.015,100.017,100.009,64999.0,511660,sh,货币ETF建信
2025-01-13,100.005,100.009,100.009,100.002,36328.0,511660,sh,货币ETF建信
2025-01-14,100.002,99.99,100.005,99.985,184677.0,511660,sh,货币ETF建信
2025-01-15,99.996,100.003,100.004,99.991,99150.0,511660,sh,货币ETF建信
2025-01-16,99.998,100.001,100.001,99.99,72231.0,511660,sh,货币ETF建信
2025-01-17,100.004,99.999,100.005,99.997,59393.0,511660,sh,货币ETF建信
2025-01-20,99.993,99.987,99.993,99.982,91131.0,511660,sh,货币ETF建信
2025-01-21,99.991,99.998,99.999,99.991,94808.0,511660,sh,货币ETF建信
2025-01-22,99.998,100.001,100.002,99.996,142875.0,511660,sh,货币ETF建信
2025-01-23,99.997,99.996,100.0,99.99,87473.0,511660,sh,货币ETF建信
2025-01-24,100.0,99.998,100.001,99.969,125281.0,511660,sh,货币ETF建信
2025-01-27,100.036,100.038,100.048,100.033,127840.0,511660,sh,货币ETF建信
2025-02-05,99.999,100.003,100.005,99.997,125829.0,511660,sh,货币ETF建信
2025-02-06,100.0,99.999,100.003,99.996,83556.0,511660,sh,货币ETF建信
2025-02-07,100.006,100.003,100.007,100.002,114289.0,511660,sh,货币ETF建信
2025-02-10,99.997,99.999,100.001,99.99,110365.0,511660,sh,货币ETF建信
2025-02-11,99.998,100.002,100.003,99.996,100159.0,511660,sh,货币ETF建信
2025-02-12,100.0,100.0,100.002,99.998,69678.0,511660,sh,货币ETF建信
2025-02-13,100.0,100.001,100.002,99.998,57123.0,511660,sh,货币ETF建信
2025-02-14,100.006,100.005,100.008,100.004,109317.0,511660,sh,货币ETF建信
2025-02-17,99.998,100.004,100.005,99.998,103779.0,511660,sh,货币ETF建信
2025-02-18,100.001,100.003,100.005,99.999,73767.0,511660,sh,货币ETF建信
2025-02-19,100.002,99.999,100.002,99.994,107361.0,511660,sh,货币ETF建信
2025-02-20,99.999,99.997,100.0,99.995,113854.0,511660,sh,货币ETF建信
2025-02-21,100.005,99.996,100.005,99.996,129506.0,511660,sh,货币ETF建信
2025-02-24,99.995,100.003,100.003,99.993,123551.0,511660,sh,货币ETF建信
2025-02-25,100.0,100.0,100.002,99.998,100560.0,511660,sh,货币ETF建信
2025-02-26,100.0,99.999,100.0,99.995,115616.0,511660,sh,货币ETF建信
2025-02-27,99.998,100.001,100.003,99.994,107594.0,511660,sh,货币ETF建信
2025-02-28,100.005,100.006,100.006,100.004,100993.0,511660,sh,货币ETF建信
2025-03-03,99.999,100.002,100.004,99.998,81140.0,511660,sh,货币ETF建信
2025-03-04,100.001,100.004,100.005,99.999,123687.0,511660,sh,货币ETF建信
2025-03-05,100.002,100.007,100.009,100.001,95344.0,511660,sh,货币ETF建信
2025-03-06,100.003,99.998,100.004,99.0,181910.0,511660,sh,货币ETF建信
2025-03-07,100.006,100.007,100.008,100.004,131866.0,511660,sh,货币ETF建信
2025-03-10,100.001,100.004,100.004,100.0,72670.0,511660,sh,货币ETF建信
2025-03-11,100.002,100.002,100.004,100.001,74394.0,511660,sh,货币ETF建信
2025-03-12,100.001,100.002,100.002,100.0,71409.0,511660,sh,货币ETF建信
2025-03-13,100.001,100.003,100.005,100.0,84751.0,511660,sh,货币ETF建信
2025-03-14,100.007,99.997,100.008,99.995,257643.0,511660,sh,货币ETF建信
2025-03-17,99.992,99.997,99.997,99.991,136889.0,511660,sh,货币ETF建信
2025-03-18,99.995,99.987,99.995,99.984,128486.0,511660,sh,货币ETF建信
2025-03-19,99.989,99.992,99.994,99.986,93464.0,511660,sh,货币ETF建信
2025-03-20,99.999,100.004,100.004,99.998,111977.0,511660,sh,货币ETF建信
2025-03-21,100.007,100.012,100.013,100.006,92620.0,511660,sh,货币ETF建信
2025-03-24,100.002,100.006,100.015,100.001,106255.0,511660,sh,货币ETF建信
2025-03-25,100.006,100.004,100.006,99.999,81198.0,511660,sh,货币ETF建信
2025-03-26,100.002,100.005,100.006,100.001,43778.0,511660,sh,货币ETF建信
2025-03-27,100.003,100.005,100.006,99.998,102985.0,511660,sh,货币ETF建信
2025-03-28,100.006,100.004,100.007,100.003,77259.0,511660,sh,货币ETF建信
2025-03-31,100.0,100.004,100.005,99.998,85762.0,511660,sh,货币ETF建信
2025-04-01,100.001,100.012,100.016,100.0,78935.0,511660,sh,货币ETF建信
2025-04-02,100.006,100.017,100.018,100.003,37127.0,511660,sh,货币ETF建信
2025-04-03,100.019,100.026,100.03,100.015,53387.0,511660,sh,货币ETF建信
2025-04-07,100.0,100.003,100.005,99.998,110281.0,511660,sh,货币ETF建信
2025-04-08,99.998,100.003,100.004,99.997,96300.0,511660,sh,货币ETF建信
2025-04-09,100.001,100.003,100.005,100.001,58185.0,511660,sh,货币ETF建信
2025-04-10,100.0,100.01,100.012,99.999,84798.0,511660,sh,货币ETF建信
2025-04-11,100.009,100.011,100.014,100.007,57904.0,511660,sh,货币ETF建信
2025-04-14,100.002,100.008,100.008,100.001,53268.0,511660,sh,货币ETF建信
2025-04-15,100.003,100.005,100.007,100.003,78523.0,511660,sh,货币ETF建信
2025-04-16,100.004,100.009,100.01,100.004,52623.0,511660,sh,货币ETF建信
2025-04-17,100.009,100.008,100.009,100.003,65587.0,511660,sh,货币ETF建信
2025-04-18,100.011,100.012,100.016,100.01,49338.0,511660,sh,货币ETF建信
2025-04-21,100.005,100.006,100.007,100.004,48133.0,511660,sh,货币ETF建信
2025-04-22,100.004,100.004,100.008,100.003,41017.0,511660,sh,货币ETF建信
2025-04-23,100.003,100.003,100.004,99.999,67950.0,511660,sh,货币ETF建信
2025-04-24,100.001,100.005,100.007,100.0,58883.0,511660,sh,货币ETF建信
2025-04-25,100.011,100.007,100.015,100.005,61137.0,511660,sh,货币ETF建信
2025-04-28,99.998,99.998,99.999,99.992,113904.0,511660,sh,货币ETF建信
2025-04-29,99.998,99.997,99.999,99.992,55737.0,511660,sh,货币ETF建信
2025-04-30,100.018,100.017,100.02,100.016,123587.0,511660,sh,货币ETF建信
2025-05-06,100.0,99.998,100.002,99.997,83578.0,511660,sh,货币ETF建信
2025-05-07,99.997,100.0,100.002,99.996,107536.0,511660,sh,货币ETF建信
2025-05-08,100.0,100.0,100.002,99.998,85035.0,511660,sh,货币ETF建信
2025-05-09,100.007,100.006,100.008,100.004,116114.0,511660,sh,货币ETF建信
2025-05-12,99.999,99.999,100.0,99.998,60577.0,511660,sh,货币ETF建信
2025-05-13,99.998,100.001,100.001,99.998,64109.0,511660,sh,货币ETF建信
2025-05-14,100.0,99.999,100.002,99.999,61474.0,511660,sh,货币ETF建信
2025-05-15,100.0,100.005,100.006,99.999,87337.0,511660,sh,货币ETF建信
2025-05-16,100.007,100.01,100.013,100.006,71603.0,511660,sh,货币ETF建信
2025-05-19,100.0,100.001,100.002,99.999,73532.0,511660,sh,货币ETF建信
2025-05-20,100.001,100.002,100.004,100.0,67193.0,511660,sh,货币ETF建信
2025-05-21,100.001,100.0,100.003,100.0,47502.0,511660,sh,货币ETF建信
2025-05-22,100.001,100.004,100.005,100.001,71777.0,511660,sh,货币ETF建信
2025-05-23,100.007,100.01,100.012,100.007,59278.0,511660,sh,货币ETF建信
2025-05-26,100.002,99.997,100.003,99.996,76068.0,511660,sh,货币ETF建信
2025-05-27,99.997,99.995,99.997,99.992,131640.0,511660,sh,货币ETF建信
2025-05-28,99.995,99.998,99.998,99.994,46817.0,511660,sh,货币ETF建信
2025-05-29,100.001,99.999,100.002,99.994,105300.0,511660,sh,货币ETF建信
2025-05-30,100.009,100.014,100.014,100.008,67042.0,511660,sh,货币ETF建信
2025-06-03,100.001,100.002,100.006,100.001,51758.0,511660,sh,货币ETF建信
2025-06-04,100.002,100.0,100.003,100.0,43759.0,511660,sh,货币ETF建信
2025-06-05,100.0,100.0,100.001,99.999,58514.0,511660,sh,货币ETF建信
2025-06-06,100.007,100.006,100.008,100.006,61192.0,511660,sh,货币ETF建信
2025-06-09,100.0,99.999,100.001,99.998,87717.0,511660,sh,货币ETF建信
2025-06-10,99.999,99.999,100.0,99.998,80312.0,511660,sh,货币ETF建信
2025-06-11,99.999,99.999,100.0,99.998,51292.0,511660,sh,货币ETF建信
2025-06-12,99.999,99.999,100.001,99.998,48307.0,511660,sh,货币ETF建信
2025-06-13,100.007,100.007,100.009,100.006,96080.0,511660,sh,货币ETF建信
2025-06-16,99.998,99.995,100.0,99.994,120891.0,511660,sh,货币ETF建信
2025-06-17,99.995,99.995,99.996,99.992,144041.0,511660,sh,货币ETF建信
2025-06-18,99.997,99.998,99.998,99.996,73779.0,511660,sh,货币ETF建信
2025-06-19,100.001,100.004,100.007,100.0,138233.0,511660,sh,货币ETF建信
2025-06-20,100.007,100.006,100.009,100.006,148938.0,511660,sh,货币ETF建信
2025-06-23,99.999,99.999,100.0,99.997,118929.0,511660,sh,货币ETF建信
2025-06-24,99.999,99.996,99.999,99.994,87180.0,511660,sh,货币ETF建信
2025-06-25,99.995,99.995,99.997,99.993,91694.0,511660,sh,货币ETF建信
2025-06-26,99.993,99.996,99.997,99.991,94806.0,511660,sh,货币ETF建信
2025-06-27,100.004,99.999,100.005,99.997,99833.0,511660,sh,货币ETF建信
2025-06-30,99.998,100.0,100.002,99.996,93762.0,511660,sh,货币ETF建信
2025-07-01,100.0,100.001,100.002,100.0,82229.0,511660,sh,货币ETF建信
2025-07-02,100.001,100.001,100.003,100.0,66289.0,511660,sh,货币ETF建信
2025-07-03,100.0,100.004,100.005,100.0,55048.0,511660,sh,货币ETF建信
2025-07-04,100.007,100.006,100.009,100.006,68400.0,511660,sh,货币ETF建信
2025-07-07,100.0,100.0,100.001,99.999,81395.0,511660,sh,货币ETF建信
2025-07-08,100.0,99.998,100.001,99.997,79712.0,511660,sh,货币ETF建信
2025-07-09,99.997,100.0,100.0,99.995,71961.0,511660,sh,货币ETF建信
2025-07-10,100.0,100.002,100.002,99.999,73868.0,511660,sh,货币ETF建信
2025-07-11,100.007,100.001,100.008,99.999,122885.0,511660,sh,货币ETF建信
2025-07-14,99.997,99.998,99.999,99.996,68198.0,511660,sh,货币ETF建信
2025-07-15,99.998,100.001,100.002,99.997,79384.0,511660,sh,货币ETF建信
2025-07-16,99.999,100.001,100.004,99.998,75002.0,511660,sh,货币ETF建信
2025-07-17,100.001,100.002,100.005,100.0,87348.0,511660,sh,货币ETF建信
2025-07-18,100.006,100.006,100.007,100.004,88940.0,511660,sh,货币ETF建信
2025-07-21,99.998,99.999,100.001,99.995,98462.0,511660,sh,货币ETF建信
2025-07-22,99.996,99.995,99.997,99.992,121976.0,511660,sh,货币ETF建信
2025-07-23,99.994,99.997,100.0,99.991,100068.0,511660,sh,货币ETF建信
2025-07-24,100.0,100.0,100.002,100.0,54111.0,511660,sh,货币ETF建信
2025-07-25,100.005,100.007,100.007,100.003,94940.0,511660,sh,货币ETF建信
2025-07-28,99.999,100.005,100.008,99.997,62443.0,511660,sh,货币ETF建信
2025-07-29,99.999,99.999,100.001,99.996,203244.0,511660,sh,货币ETF建信
2025-07-30,99.997,100.0,100.0,99.995,151935.0,511660,sh,货币ETF建信
2025-07-31,100.002,100.008,100.01,100.0,214233.0,511660,sh,货币ETF建信
2025-08-01,100.008,100.013,100.013,100.007,244022.0,511660,sh,货币ETF建信
2025-08-04,100.001,100.0,100.004,99.999,161205.0,511660,sh,货币ETF建信
2025-08-05,99.997,99.999,99.999,99.996,324117.0,511660,sh,货币ETF建信
2025-08-06,99.999,99.999,100.0,99.996,232733.0,511660,sh,货币ETF建信
2025-08-07,100.003,100.005,100.015,100.001,372345.0,511660,sh,货币ETF建信
2025-08-08,100.007,100.006,100.009,100.006,253686.0,511660,sh,货币ETF建信
2025-08-11,99.997,99.991,99.998,99.991,255065.0,511660,sh,货币ETF建信
2025-08-12,99.992,99.997,99.998,99.99,127182.0,511660,sh,货币ETF建信
2025-08-13,99.999,99.998,99.999,99.996,268092.0,511660,sh,货币ETF建信
2025-08-14,99.997,99.998,99.999,99.99,201569.0,511660,sh,货币ETF建信
2025-08-15,100.006,100.008,100.008,100.005,358568.0,511660,sh,货币ETF建信
2025-08-18,99.996,100.001,100.002,99.996,275857.0,511660,sh,货币ETF建信
2025-08-19,99.996,99.995,99.997,99.989,104094.0,511660,sh,货币ETF建信
2025-08-20,99.996,99.999,100.0,99.985,181451.0,511660,sh,货币ETF建信
2025-08-21,99.999,100.006,100.006,99.998,235765.0,511660,sh,货币ETF建信
2025-08-22,100.006,100.005,100.009,100.004,244185.0,511660,sh,货币ETF建信
2025-08-25,99.997,99.999,100.001,99.994,368542.0,511660,sh,货币ETF建信
2025-08-26,99.997,99.999,100.0,99.991,264493.0,511660,sh,货币ETF建信
2025-08-27,99.998,100.004,100.005,99.996,244237.0,511660,sh,货币ETF建信
2025-08-28,100.009,100.007,100.009,100.0,241248.0,511660,sh,货币ETF建信
2025-08-29,100.006,100.014,100.02,100.006,306786.0,511660,sh,货币ETF建信
2025-09-01,100.002,100.015,100.02,100.002,227244.0,511660,sh,货币ETF建信
2025-09-02,100.01,100.021,100.022,100.006,136755.0,511660,sh,货币ETF建信
2025-09-03,100.014,100.028,100.032,100.007,72440.0,511660,sh,货币ETF建信
2025-09-04,100.018,100.022,100.024,100.007,109973.0,511660,sh,货币ETF建信
2025-09-05,100.019,100.012,100.019,100.005,298529.0,511660,sh,货币ETF建信
2025-09-08,100.0,100.0,100.003,99.999,403764.0,511660,sh,货币ETF建信
2025-09-09,99.999,99.998,100.001,99.997,212888.0,511660,sh,货币ETF建信
2025-09-10,99.998,100.001,100.002,99.997,192282.0,511660,sh,货币ETF建信
2025-09-11,100.001,100.001,100.007,99.997,229211.0,511660,sh,货币ETF建信
2025-09-12,100.004,100.002,100.006,100.001,228354.0,511660,sh,货币ETF建信
2025-09-15,99.996,100.002,100.004,99.995,258951.0,511660,sh,货币ETF建信
2025-09-16,99.997,99.999,100.002,99.995,242809.0,511660,sh,货币ETF建信
2025-09-17,100.0,99.999,100.002,99.997,183341.0,511660,sh,货币ETF建信
2025-09-18,100.003,100.007,100.01,100.0,204911.0,511660,sh,货币ETF建信
2025-09-19,100.007,100.014,100.017,100.006,180830.0,511660,sh,货币ETF建信
2025-09-22,100.009,100.008,100.01,99.999,225994.0,511660,sh,货币ETF建信
2025-09-23,100.001,100.026,100.1,100.001,143002.0,511660,sh,货币ETF建信
2025-09-24,100.021,100.002,100.021,99.998,205610.0,511660,sh,货币ETF建信
2025-09-25,100.0,100.002,100.005,99.993,110954.0,511660,sh,货币ETF建信
2025-09-26,100.006,100.004,100.013,100.002,255582.0,511660,sh,货币ETF建信
2025-09-29,100.0,99.999,100.001,99.991,176447.0,511660,sh,货币ETF建信
2025-09-30,100.022,100.03,100.034,100.022,272948.0,511660,sh,货币ETF建信
2025-10-09,99.998,99.996,100.001,99.993,161772.0,511660,sh,货币ETF建信
2025-10-10,100.005,100.012,100.013,100.002,269814.0,511660,sh,货币ETF建信
2025-10-13,100.004,100.001,100.004,99.995,167737.0,511660,sh,货币ETF建信
2025-10-14,99.998,100.009,100.01,99.998,155683.0,511660,sh,货币ETF建信
2025-10-15,100.003,99.999,100.003,99.996,153067.0,511660,sh,货币ETF建信
2025-10-16,99.997,100.004,100.013,99.994,200520.0,511660,sh,货币ETF建信
2025-10-17,100.008,100.021,100.03,100.007,161633.0,511660,sh,货币ETF建信
2025-10-20,100.015,100.017,100.032,99.999,160107.0,511660,sh,货币ETF建信
2025-10-21,100.012,100.005,100.012,100.003,87333.0,511660,sh,货币ETF建信
2025-10-22,99.998,100.006,100.009,99.998,154613.0,511660,sh,货币ETF建信
2025-10-23,100.004,100.009,100.012,100.002,129876.0,511660,sh,货币ETF建信
2025-10-24,100.009,100.005,100.04,100.002,214591.0,511660,sh,货币ETF建信
2025-10-27,99.999,100.0,100.0,99.996,163429.0,511660,sh,货币ETF建信
2025-10-28,99.996,99.995,99.998,99.992,99847.0,511660,sh,货币ETF建信
2025-10-29,99.996,99.997,100.0,99.993,116242.0,511660,sh,货币ETF建信
2025-10-30,99.999,100.012,100.015,99.999,150593.0,511660,sh,货币ETF建信
2025-10-31,100.01,100.011,100.014,100.007,258140.0,511660,sh,货币ETF建信
2025-11-03,100.006,100.0,100.006,99.997,182204.0,511660,sh,货币ETF建信
2025-11-04,99.999,100.005,100.006,99.997,107097.0,511660,sh,货币ETF建信
2025-11-05,100.007,100.003,100.007,99.998,118021.0,511660,sh,货币ETF建信
2025-11-06,100.0,100.003,100.005,100.0,138266.0,511660,sh,货币ETF建信
2025-11-07,100.007,100.008,100.01,100.007,109881.0,511660,sh,货币ETF建信
2025-11-10,100.002,100.001,100.002,99.999,90617.0,511660,sh,货币ETF建信
2025-11-11,99.995,99.998,99.999,99.994,144084.0,511660,sh,货币ETF建信
2025-11-12,99.998,99.999,100.0,99.996,144789.0,511660,sh,货币ETF建信
2025-11-13,100.001,100.002,100.004,100.001,100363.0,511660,sh,货币ETF建信
2025-11-14,100.007,100.008,100.009,100.007,96449.0,511660,sh,货币ETF建信
2025-11-17,100.001,100.0,100.002,99.998,122365.0,511660,sh,货币ETF建信
2025-11-18,99.998,99.999,100.001,99.996,137564.0,511660,sh,货币ETF建信
2025-11-19,99.999,100.001,100.003,99.998,131454.0,511660,sh,货币ETF建信
2025-11-20,100.002,100.008,100.008,100.002,61811.0,511660,sh,货币ETF建信
2025-11-21,100.008,100.005,100.011,100.005,82570.0,511660,sh,货币ETF建信
2025-11-24,100.001,100.001,100.004,99.999,114419.0,511660,sh,货币ETF建信
2025-11-25,100.0,100.002,100.004,99.999,80478.0,511660,sh,货币ETF建信
2025-11-26,100.002,100.004,100.006,100.0,85294.0,511660,sh,货币ETF建信
2025-11-27,100.003,100.0,100.004,100.0,203730.0,511660,sh,货币ETF建信
2025-11-28,100.007,100.003,100.008,100.002,116385.0,511660,sh,货币ETF建信
2025-12-01,99.999,100.0,100.001,99.998,149031.0,511660,sh,货币ETF建信
2025-12-02,100.0,100.002,100.002,99.999,127745.0,511660,sh,货币ETF建信
2025-12-03,100.001,99.999,100.002,99.997,77776.0,511660,sh,货币ETF建信
2025-12-04,100.0,100.001,100.001,99.998,60259.0,511660,sh,货币ETF建信
2025-12-05,100.006,100.002,100.006,99.998,90809.0,511660,sh,货币ETF建信
2025-12-08,99.998,99.999,100.0,99.997,184142.0,511660,sh,货币ETF建信
2025-12-09,100.0,100.0,100.001,99.998,75678.0,511660,sh,货币ETF建信
2025-12-10,100.0,100.004,100.004,99.999,90977.0,511660,sh,货币ETF建信
2025-12-11,100.001,100.006,100.006,100.0,58936.0,511660,sh,货币ETF建信
2025-12-12,100.005,100.003,100.006,100.001,127533.0,511660,sh,货币ETF建信
2025-12-15,99.999,99.998,99.999,99.995,83583.0,511660,sh,货币ETF建信
2025-12-16,99.995,99.999,100.0,99.993,100401.0,511660,sh,货币ETF建信
2025-12-17,99.997,99.996,100.0,99.991,77351.0,511660,sh,货币ETF建信
2025-12-18,99.998,100.0,100.001,99.997,73385.0,511660,sh,货币ETF建信
2025-12-19,100.004,100.001,100.004,99.998,87434.0,511660,sh,货币ETF建信
2025-12-22,99.994,99.993,99.995,99.992,62294.0,511660,sh,货币ETF建信
2025-12-23,99.992,99.995,99.998,99.989,112996.0,511660,sh,货币ETF建信
2025-12-24,99.994,99.997,99.998,99.991,47351.0,511660,sh,货币ETF建信
2025-12-25,99.999,99.998,100.0,99.996,75256.0,511660,sh,货币ETF建信
2025-12-26,100.002,100.005,100.005,100.001,59933.0,511660,sh,货币ETF建信
2025-12-29,99.999,99.997,99.999,99.993,59744.0,511660,sh,货币ETF建信
2025-12-30,99.997,100.001,100.005,99.987,92304.0,511660,sh,货币ETF建信
2025-12-31,100.01,100.015,100.017,100.01,94468.0,511660,sh,货币ETF建信
2026-01-05,99.999,99.997,99.999,99.995,185154.0,511660,sh,货币ETF建信
2026-01-06,99.992,99.988,99.994,99.985,154797.0,511660,sh,货币ETF建信
2026-01-07,99.99,99.997,99.997,99.983,143161.0,511660,sh,货币ETF建信
2026-01-08,100.0,100.004,100.013,99.997,177071.0,511660,sh,货币ETF建信
2026-01-09,100.003,100.002,100.007,100.001,60927.0,511660,sh,货币ETF建信
2026-01-12,99.994,99.996,99.998,99.987,61741.0,511660,sh,货币ETF建信
2026-01-13,99.995,100.0,100.002,99.99,66750.0,511660,sh,货币ETF建信
2026-01-14,100.0,100.0,100.0,99.995,90113.0,511660,sh,货币ETF建信
2026-01-15,99.997,100.007,100.012,99.997,48391.0,511660,sh,货币ETF建信
2026-01-16,100.005,100.006,100.01,100.003,113043.0,511660,sh,货币ETF建信
2026-01-19,99.999,99.997,99.999,99.996,68215.0,511660,sh,货币ETF建信
2026-01-20,99.996,100.0,100.002,99.996,196248.0,511660,sh,货币ETF建信
2026-01-21,99.998,99.998,99.999,99.996,173968.0,511660,sh,货币ETF建信
2026-01-22,99.996,100.0,100.003,99.995,161124.0,511660,sh,货币ETF建信
2026-01-23,100.005,100.007,100.009,100.005,134054.0,511660,sh,货币ETF建信
2026-01-26,100.002,100.003,100.005,99.998,82638.0,511660,sh,货币ETF建信
2026-01-27,100.001,100.008,100.012,100.0,75756.0,511660,sh,货币ETF建信
2026-01-28,100.003,100.005,100.012,100.0,80863.0,511660,sh,货币ETF建信
2026-01-29,100.002,100.002,100.004,99.999,104458.0,511660,sh,货币ETF建信
2026-01-30,100.006,100.008,100.009,100.002,75509.0,511660,sh,货币ETF建信
2026-02-02,99.999,100.002,100.003,99.991,172527.0,511660,sh,货币ETF建信
2026-02-03,100.0,99.999,100.0,99.996,149434.0,511660,sh,货币ETF建信
2026-02-04,99.999,100.002,100.003,99.996,141561.0,511660,sh,货币ETF建信
2026-02-05,100.0,100.016,100.022,100.0,118093.0,511660,sh,货币ETF建信
2026-02-06,100.017,100.007,100.017,100.007,135990.0,511660,sh,货币ETF建信
2026-02-09,100.0,100.001,100.002,99.996,174284.0,511660,sh,货币ETF建信
2026-02-10,99.998,100.001,100.002,99.998,61133.0,511660,sh,货币ETF建信
2026-02-11,100.0,100.0,100.001,99.998,100100.0,511660,sh,货币ETF建信
2026-02-12,99.999,100.007,100.009,99.999,116171.0,511660,sh,货币ETF建信
2026-02-13,100.031,100.044,100.049,100.03,154159.0,511660,sh,货币ETF建信
2026-02-24,100.0,100.0,100.004,99.997,160947.0,511660,sh,货币ETF建信
2026-02-25,100.0,99.999,100.0,99.997,125515.0,511660,sh,货币ETF建信
2026-02-26,99.999,99.998,100.0,99.996,111689.0,511660,sh,货币ETF建信
2026-02-27,100.004,100.001,100.006,100.0,45726.0,511660,sh,货币ETF建信
2026-03-02,99.998,100.002,100.003,99.995,178382.0,511660,sh,货币ETF建信
2026-03-03,100.001,100.003,100.004,100.0,116029.0,511660,sh,货币ETF建信
2026-03-04,100.001,100.002,100.002,100.0,84187.0,511660,sh,货币ETF建信
2026-03-05,99.999,100.002,100.002,99.999,78379.0,511660,sh,货币ETF建信
2026-03-06,100.006,100.004,100.007,100.002,82478.0,511660,sh,货币ETF建信
2026-03-09,99.997,99.998,99.999,99.994,102400.0,511660,sh,货币ETF建信
2026-03-10,99.998,99.997,99.998,99.986,92428.0,511660,sh,货币ETF建信
2026-03-11,99.997,99.999,100.0,99.996,66136.0,511660,sh,货币ETF建信
2026-03-12,99.998,100.001,100.003,99.995,127638.0,511660,sh,货币ETF建信
2026-03-13,100.005,100.009,100.013,100.005,140348.0,511660,sh,货币ETF建信
2026-03-16,100.003,100.0,100.003,99.998,97238.0,511660,sh,货币ETF建信
2026-03-17,100.0,100.0,100.002,99.999,67799.0,511660,sh,货币ETF建信
2026-03-18,100.0,99.999,100.001,99.998,169796.0,511660,sh,货币ETF建信
2026-03-19,99.999,100.017,100.028,99.999,103905.0,511660,sh,货币ETF建信
2026-03-20,100.015,100.01,100.015,100.006,134820.0,511660,sh,货币ETF建信
2026-03-23,100.0,99.997,100.0,99.995,123411.0,511660,sh,货币ETF建信
2026-03-24,99.997,99.997,99.999,99.993,234471.0,511660,sh,货币ETF建信
2026-03-25,99.997,99.998,99.999,99.996,115657.0,511660,sh,货币ETF建信
2026-03-26,99.997,100.006,100.01,99.996,145552.0,511660,sh,货币ETF建信
2026-03-27,100.006,100.003,100.009,99.999,109209.0,511660,sh,货币ETF建信
2026-03-30,99.999,99.997,99.999,99.995,97597.0,511660,sh,货币ETF建信
2026-03-31,99.996,99.998,100.0,99.993,134991.0,511660,sh,货币ETF建信
2026-04-01,99.996,100.002,100.002,99.994,168818.0,511660,sh,货币ETF建信
2026-04-02,100.0,100.003,100.004,99.993,213165.0,511660,sh,货币ETF建信
2026-04-03,100.008,100.015,100.015,100.007,169573.0,511660,sh,货币ETF建信
2026-04-07,100.007,100.0,100.007,99.998,85229.0,511660,sh,货币ETF建信
2026-04-08,99.996,99.997,99.998,99.991,149237.0,511660,sh,货币ETF建信
2026-04-09,99.996,100.001,100.002,99.996,83348.0,511660,sh,货币ETF建信
2026-04-10,100.002,100.004,100.005,100.001,109462.0,511660,sh,货币ETF建信
2026-04-13,99.999,100.001,100.002,99.997,95761.0,511660,sh,货币ETF建信
2026-04-14,99.999,100.0,100.002,99.999,77423.0,511660,sh,货币ETF建信
2026-04-15,99.999,100.0,100.001,99.998,117289.0,511660,sh,货币ETF建信
2026-04-16,99.999,99.996,100.0,99.992,115543.0,511660,sh,货币ETF建信
2026-04-17,100.003,100.004,100.006,100.003,87122.0,511660,sh,货币ETF建信
2026-04-20,99.999,99.997,100.0,99.997,66418.0,511660,sh,货币ETF建信
2026-04-21,99.997,100.0,100.0,99.995,65396.0,511660,sh,货币ETF建信
2026-04-22,99.998,99.999,100.0,99.998,176227.0,511660,sh,货币ETF建信
2026-04-23,99.997,100.004,100.004,99.994,69184.0,511660,sh,货币ETF建信
2026-04-24,100.006,100.006,100.006,100.003,84836.0,511660,sh,货币ETF建信
2026-04-27,100.001,99.997,100.002,99.997,88465.0,511660,sh,货币ETF建信
2026-04-28,99.998,99.999,100.0,99.993,134273.0,511660,sh,货币ETF建信
2026-04-29,100.0,100.014,100.018,99.999,159462.0,511660,sh,货币ETF建信
2026-04-30,100.016,100.026,100.027,100.015,109732.0,511660,sh,货币ETF建信
2026-05-06,99.997,99.998,99.998,99.99,198368.0,511660,sh,货币ETF建信
2026-05-07,99.998,99.999,99.999,99.995,121962.0,511660,sh,货币ETF建信
2026-05-08,100.006,100.006,100.008,100.004,126372.0,511660,sh,货币ETF建信
2026-05-11,100.0,100.004,100.1,99.999,152741.0,511660,sh,货币ETF建信
2026-05-12,100.001,100.006,100.007,99.999,133373.0,511660,sh,货币ETF建信
2026-05-13,100.001,99.999,100.004,99.998,154594.0,511660,sh,货币ETF建信
2026-05-14,99.998,100.008,100.01,99.996,118154.0,511660,sh,货币ETF建信
2026-05-15,100.009,100.007,100.011,100.004,138848.0,511660,sh,货币ETF建信
2026-05-18,99.999,99.999,100.001,99.998,204500.0,511660,sh,货币ETF建信
2026-05-19,99.999,100.007,100.01,99.998,79726.0,511660,sh,货币ETF建信
2026-05-20,100.0,100.011,100.016,100.0,48633.0,511660,sh,货币ETF建信
2026-05-21,100.006,100.011,100.032,100.001,48111.0,511660,sh,货币ETF建信
2026-05-22,100.007,100.008,100.017,100.006,74956.0,511660,sh,货币ETF建信
2026-05-25,100.002,100.009,100.01,99.911,83999.0,511660,sh,货币ETF建信
2026-05-26,100.004,100.012,100.022,100.001,34007.0,511660,sh,货币ETF建信
2026-05-27,100.006,102.155,110.013,100.003,51045.0,511660,sh,货币ETF建信
2026-05-28,100.05,100.008,100.05,100.002,59136.0,511660,sh,货币ETF建信
2026-05-29,100.012,100.013,100.022,100.008,48307.0,511660,sh,货币ETF建信
2026-06-01,100.01,100.002,100.01,99.998,64375.0,511660,sh,货币ETF建信
2026-06-02,100.001,100.004,100.005,99.999,39182.0,511660,sh,货币ETF建信
2026-06-03,100.002,99.999,100.006,99.998,68171.0,511660,sh,货币ETF建信
2026-06-04,100.0,100.002,100.004,99.994,44090.0,511660,sh,货币ETF建信
2026-06-05,100.008,100.01,100.014,100.006,58238.0,511660,sh,货币ETF建信
2026-06-08,100.001,100.004,100.007,100.0,39242.0,511660,sh,货币ETF建信
2026-06-09,100.002,100.002,100.006,100.001,45256.0,511660,sh,货币ETF建信
2026-06-10,100.004,100.002,100.008,100.001,47176.0,511660,sh,货币ETF建信
2026-06-11,100.003,100.005,100.01,100.003,35810.0,511660,sh,货币ETF建信
2026-06-12,100.007,100.002,100.01,100.0,62819.0,511660,sh,货币ETF建信
2026-06-15,100.0,99.996,100.001,99.992,76965.0,511660,sh,货币ETF建信
2026-06-16,99.998,99.998,99.999,99.995,46120.0,511660,sh,货币ETF建信
2026-06-17,99.998,100.004,100.004,99.997,65441.0,511660,sh,货币ETF建信
2026-06-18,100.004,100.005,100.018,100.004,48039.0,511660,sh,货币ETF建信
2026-06-22,99.998,99.997,100.0,99.995,49212.0,511660,sh,货币ETF建信
2026-06-23,99.998,100.001,100.003,99.993,72069.0,511660,sh,货币ETF建信
2026-06-24,99.999,99.998,100.001,99.996,83764.0,511660,sh,货币ETF建信
2026-06-25,99.997,99.996,99.997,99.992,59367.0,511660,sh,货币ETF建信
2026-06-26,100.002,100.003,100.005,100.0,85371.0,511660,sh,货币ETF建信
2026-06-29,99.997,99.989,99.997,99.988,83127.0,511660,sh,货币ETF建信
2026-06-30,99.993,99.993,99.994,99.985,95066.0,511660,sh,货币ETF建信
2026-07-01,99.993,99.999,99.999,99.991,127314.0,511660,sh,货币ETF建信
2026-07-02,99.996,100.002,100.005,99.995,50378.0,511660,sh,货币ETF建信
2026-07-03,100.004,100.004,100.007,100.003,82285.0,511660,sh,货币ETF建信
