date,open,close,high,low,volume,code,market,name
2020-01-02,1.985,2.009,2.018,1.985,214656.0,510880,sh,红利ETF华泰柏瑞
2020-01-03,2.009,2.002,2.014,1.993,183588.0,510880,sh,红利ETF华泰柏瑞
2020-01-06,1.998,1.996,2.02,1.991,154834.0,510880,sh,红利ETF华泰柏瑞
2020-01-07,1.994,2.016,2.017,1.994,110679.0,510880,sh,红利ETF华泰柏瑞
2020-01-08,2.014,1.996,2.014,1.989,336325.0,510880,sh,红利ETF华泰柏瑞
2020-01-09,2.005,2.019,2.021,2.005,308416.0,510880,sh,红利ETF华泰柏瑞
2020-01-10,2.021,2.01,2.026,1.998,271178.0,510880,sh,红利ETF华泰柏瑞
2020-01-13,2.011,2.021,2.023,1.998,153772.0,510880,sh,红利ETF华泰柏瑞
2020-01-14,2.029,2.036,2.041,2.026,336831.0,510880,sh,红利ETF华泰柏瑞
2020-01-15,2.034,2.026,2.037,2.01,278961.0,510880,sh,红利ETF华泰柏瑞
2020-01-16,2.026,2.022,2.029,2.014,134183.0,510880,sh,红利ETF华泰柏瑞
2020-01-17,2.019,2.003,2.035,1.999,500458.0,510880,sh,红利ETF华泰柏瑞
2020-01-20,2.003,2.003,2.008,1.989,178994.0,510880,sh,红利ETF华泰柏瑞
2020-01-21,2.003,1.952,2.019,1.95,377722.0,510880,sh,红利ETF华泰柏瑞
2020-01-22,1.951,1.948,1.961,1.913,280971.0,510880,sh,红利ETF华泰柏瑞
2020-01-23,1.939,1.886,1.949,1.868,522070.0,510880,sh,红利ETF华泰柏瑞
2020-02-03,1.675,1.637,1.675,1.629,1120352.0,510880,sh,红利ETF华泰柏瑞
2020-02-04,1.637,1.701,1.702,1.632,481791.0,510880,sh,红利ETF华泰柏瑞
2020-02-05,1.702,1.733,1.752,1.695,487158.0,510880,sh,红利ETF华泰柏瑞
2020-02-06,1.735,1.739,1.749,1.709,400172.0,510880,sh,红利ETF华泰柏瑞
2020-02-07,1.732,1.733,1.734,1.709,285103.0,510880,sh,红利ETF华泰柏瑞
2020-02-10,1.732,1.776,1.777,1.715,489618.0,510880,sh,红利ETF华泰柏瑞
2020-02-11,1.782,1.79,1.804,1.772,232761.0,510880,sh,红利ETF华泰柏瑞
2020-02-12,1.79,1.797,1.797,1.776,158418.0,510880,sh,红利ETF华泰柏瑞
2020-02-13,1.795,1.781,1.8,1.779,162421.0,510880,sh,红利ETF华泰柏瑞
2020-02-14,1.778,1.796,1.797,1.777,137725.0,510880,sh,红利ETF华泰柏瑞
2020-02-17,1.796,1.841,1.842,1.796,204545.0,510880,sh,红利ETF华泰柏瑞
2020-02-18,1.842,1.843,1.854,1.831,192767.0,510880,sh,红利ETF华泰柏瑞
2020-02-19,1.842,1.841,1.853,1.834,167299.0,510880,sh,红利ETF华泰柏瑞
2020-02-20,1.841,1.877,1.878,1.838,276213.0,510880,sh,红利ETF华泰柏瑞
2020-02-21,1.877,1.893,1.911,1.874,348616.0,510880,sh,红利ETF华泰柏瑞
2020-02-24,1.891,1.875,1.891,1.857,295508.0,510880,sh,红利ETF华泰柏瑞
2020-02-25,1.844,1.841,1.845,1.799,329863.0,510880,sh,红利ETF华泰柏瑞
2020-02-26,1.809,1.848,1.88,1.809,294975.0,510880,sh,红利ETF华泰柏瑞
2020-02-27,1.853,1.85,1.871,1.844,154485.0,510880,sh,红利ETF华泰柏瑞
2020-02-28,1.819,1.777,1.82,1.764,456321.0,510880,sh,红利ETF华泰柏瑞
2020-03-02,1.778,1.856,1.863,1.778,255541.0,510880,sh,红利ETF华泰柏瑞
2020-03-03,1.879,1.863,1.899,1.847,279566.0,510880,sh,红利ETF华泰柏瑞
2020-03-04,1.856,1.887,1.888,1.848,194485.0,510880,sh,红利ETF华泰柏瑞
2020-03-05,1.894,1.909,1.915,1.891,265979.0,510880,sh,红利ETF华泰柏瑞
2020-03-06,1.894,1.886,1.894,1.874,156505.0,510880,sh,红利ETF华泰柏瑞
2020-03-09,1.84,1.815,1.849,1.812,301881.0,510880,sh,红利ETF华泰柏瑞
2020-03-10,1.809,1.852,1.858,1.797,240926.0,510880,sh,红利ETF华泰柏瑞
2020-03-11,1.852,1.836,1.862,1.835,281189.0,510880,sh,红利ETF华泰柏瑞
2020-03-12,1.816,1.795,1.817,1.787,476573.0,510880,sh,红利ETF华泰柏瑞
2020-03-13,1.719,1.751,1.771,1.69,496347.0,510880,sh,红利ETF华泰柏瑞
2020-03-16,1.754,1.693,1.782,1.685,702459.0,510880,sh,红利ETF华泰柏瑞
2020-03-17,1.694,1.67,1.719,1.634,683883.0,510880,sh,红利ETF华泰柏瑞
2020-03-18,1.68,1.644,1.701,1.637,218632.0,510880,sh,红利ETF华泰柏瑞
2020-03-19,1.639,1.601,1.643,1.565,687023.0,510880,sh,红利ETF华泰柏瑞
2020-03-20,1.611,1.626,1.627,1.594,450742.0,510880,sh,红利ETF华泰柏瑞
2020-03-23,1.588,1.551,1.588,1.545,493284.0,510880,sh,红利ETF华泰柏瑞
2020-03-24,1.587,1.593,1.597,1.56,170012.0,510880,sh,红利ETF华泰柏瑞
2020-03-25,1.631,1.65,1.657,1.627,198265.0,510880,sh,红利ETF华泰柏瑞
2020-03-26,1.647,1.632,1.649,1.63,115162.0,510880,sh,红利ETF华泰柏瑞
2020-03-27,1.652,1.645,1.668,1.642,133884.0,510880,sh,红利ETF华泰柏瑞
2020-03-30,1.627,1.623,1.634,1.605,113491.0,510880,sh,红利ETF华泰柏瑞
2020-03-31,1.637,1.618,1.643,1.616,116258.0,510880,sh,红利ETF华泰柏瑞
2020-04-01,1.618,1.602,1.631,1.602,155149.0,510880,sh,红利ETF华泰柏瑞
2020-04-02,1.599,1.628,1.63,1.569,96692.0,510880,sh,红利ETF华泰柏瑞
2020-04-03,1.628,1.621,1.633,1.612,116079.0,510880,sh,红利ETF华泰柏瑞
2020-04-07,1.643,1.656,1.658,1.641,292994.0,510880,sh,红利ETF华泰柏瑞
2020-04-08,1.653,1.657,1.658,1.643,175401.0,510880,sh,红利ETF华泰柏瑞
2020-04-09,1.659,1.656,1.667,1.655,102791.0,510880,sh,红利ETF华泰柏瑞
2020-04-10,1.656,1.639,1.662,1.634,120596.0,510880,sh,红利ETF华泰柏瑞
2020-04-13,1.639,1.629,1.64,1.62,144830.0,510880,sh,红利ETF华泰柏瑞
2020-04-14,1.632,1.653,1.654,1.632,81026.0,510880,sh,红利ETF华泰柏瑞
2020-04-15,1.655,1.644,1.658,1.64,105419.0,510880,sh,红利ETF华泰柏瑞
2020-04-16,1.64,1.636,1.643,1.629,76197.0,510880,sh,红利ETF华泰柏瑞
2020-04-17,1.643,1.643,1.654,1.64,118839.0,510880,sh,红利ETF华泰柏瑞
2020-04-20,1.643,1.646,1.647,1.635,78540.0,510880,sh,红利ETF华泰柏瑞
2020-04-21,1.645,1.63,1.645,1.616,157343.0,510880,sh,红利ETF华泰柏瑞
2020-04-22,1.623,1.631,1.632,1.613,101326.0,510880,sh,红利ETF华泰柏瑞
2020-04-23,1.632,1.623,1.636,1.622,79945.0,510880,sh,红利ETF华泰柏瑞
2020-04-24,1.622,1.605,1.623,1.601,379802.0,510880,sh,红利ETF华泰柏瑞
2020-04-27,1.606,1.616,1.62,1.605,103563.0,510880,sh,红利ETF华泰柏瑞
2020-04-28,1.614,1.598,1.615,1.565,173821.0,510880,sh,红利ETF华泰柏瑞
2020-04-29,1.597,1.63,1.635,1.594,486443.0,510880,sh,红利ETF华泰柏瑞
2020-04-30,1.632,1.671,1.671,1.632,190406.0,510880,sh,红利ETF华泰柏瑞
2020-05-06,1.661,1.67,1.67,1.641,130092.0,510880,sh,红利ETF华泰柏瑞
2020-05-07,1.67,1.671,1.674,1.659,100758.0,510880,sh,红利ETF华泰柏瑞
2020-05-08,1.672,1.688,1.691,1.672,111285.0,510880,sh,红利ETF华泰柏瑞
2020-05-11,1.688,1.686,1.702,1.676,210412.0,510880,sh,红利ETF华泰柏瑞
2020-05-12,1.686,1.675,1.688,1.665,107201.0,510880,sh,红利ETF华泰柏瑞
2020-05-13,1.669,1.677,1.68,1.66,96379.0,510880,sh,红利ETF华泰柏瑞
2020-05-14,1.677,1.653,1.678,1.653,778617.0,510880,sh,红利ETF华泰柏瑞
2020-05-15,1.655,1.648,1.663,1.646,255053.0,510880,sh,红利ETF华泰柏瑞
2020-05-18,1.649,1.648,1.655,1.641,86526.0,510880,sh,红利ETF华泰柏瑞
2020-05-19,1.654,1.656,1.665,1.65,69504.0,510880,sh,红利ETF华泰柏瑞
2020-05-20,1.656,1.64,1.657,1.638,133205.0,510880,sh,红利ETF华泰柏瑞
2020-05-21,1.641,1.632,1.646,1.629,96651.0,510880,sh,红利ETF华泰柏瑞
2020-05-22,1.633,1.598,1.634,1.59,272802.0,510880,sh,红利ETF华泰柏瑞
2020-05-25,1.598,1.597,1.599,1.583,99890.0,510880,sh,红利ETF华泰柏瑞
2020-05-26,1.599,1.609,1.61,1.598,79411.0,510880,sh,红利ETF华泰柏瑞
2020-05-27,1.61,1.621,1.627,1.608,260094.0,510880,sh,红利ETF华泰柏瑞
2020-05-28,1.621,1.625,1.633,1.61,262774.0,510880,sh,红利ETF华泰柏瑞
2020-05-29,1.622,1.611,1.622,1.605,99771.0,510880,sh,红利ETF华泰柏瑞
2020-06-01,1.611,1.651,1.652,1.611,217460.0,510880,sh,红利ETF华泰柏瑞
2020-06-02,1.651,1.657,1.662,1.649,140631.0,510880,sh,红利ETF华泰柏瑞
2020-06-03,1.664,1.667,1.684,1.664,130508.0,510880,sh,红利ETF华泰柏瑞
2020-06-04,1.686,1.678,1.688,1.669,168854.0,510880,sh,红利ETF华泰柏瑞
2020-06-05,1.678,1.663,1.678,1.655,99750.0,510880,sh,红利ETF华泰柏瑞
2020-06-08,1.665,1.673,1.679,1.665,109816.0,510880,sh,红利ETF华泰柏瑞
2020-06-09,1.673,1.679,1.681,1.673,93540.0,510880,sh,红利ETF华泰柏瑞
2020-06-10,1.679,1.669,1.68,1.665,79055.0,510880,sh,红利ETF华泰柏瑞
2020-06-11,1.671,1.652,1.672,1.649,167358.0,510880,sh,红利ETF华泰柏瑞
2020-06-12,1.639,1.649,1.65,1.62,79783.0,510880,sh,红利ETF华泰柏瑞
2020-06-15,1.649,1.633,1.65,1.63,109703.0,510880,sh,红利ETF华泰柏瑞
2020-06-16,1.639,1.661,1.663,1.639,109083.0,510880,sh,红利ETF华泰柏瑞
2020-06-17,1.661,1.669,1.675,1.66,89273.0,510880,sh,红利ETF华泰柏瑞
2020-06-18,1.669,1.69,1.696,1.663,171064.0,510880,sh,红利ETF华泰柏瑞
2020-06-19,1.69,1.687,1.692,1.681,118868.0,510880,sh,红利ETF华泰柏瑞
2020-06-22,1.687,1.675,1.689,1.672,135251.0,510880,sh,红利ETF华泰柏瑞
2020-06-23,1.675,1.666,1.675,1.661,103423.0,510880,sh,红利ETF华泰柏瑞
2020-06-24,1.667,1.669,1.674,1.665,108564.0,510880,sh,红利ETF华泰柏瑞
2020-06-29,1.669,1.651,1.669,1.648,194484.0,510880,sh,红利ETF华泰柏瑞
2020-06-30,1.655,1.668,1.67,1.655,155705.0,510880,sh,红利ETF华泰柏瑞
2020-07-01,1.67,1.708,1.709,1.67,297376.0,510880,sh,红利ETF华泰柏瑞
2020-07-02,1.709,1.765,1.767,1.699,308116.0,510880,sh,红利ETF华泰柏瑞
2020-07-03,1.769,1.802,1.81,1.769,326708.0,510880,sh,红利ETF华泰柏瑞
2020-07-06,1.816,1.985,1.992,1.816,1247452.0,510880,sh,红利ETF华泰柏瑞
2020-07-07,2.002,1.942,2.072,1.929,984027.0,510880,sh,红利ETF华泰柏瑞
2020-07-08,1.943,1.982,1.985,1.914,471651.0,510880,sh,红利ETF华泰柏瑞
2020-07-09,1.979,1.994,2.001,1.945,427655.0,510880,sh,红利ETF华泰柏瑞
2020-07-10,1.994,1.932,1.994,1.919,370087.0,510880,sh,红利ETF华泰柏瑞
2020-07-13,1.931,1.985,1.993,1.924,387282.0,510880,sh,红利ETF华泰柏瑞
2020-07-14,1.987,1.969,2.012,1.931,309400.0,510880,sh,红利ETF华泰柏瑞
2020-07-15,1.979,1.929,1.985,1.904,346795.0,510880,sh,红利ETF华泰柏瑞
2020-07-16,1.929,1.857,1.951,1.855,585991.0,510880,sh,红利ETF华泰柏瑞
2020-07-17,1.858,1.859,1.889,1.839,293949.0,510880,sh,红利ETF华泰柏瑞
2020-07-20,1.863,1.96,1.963,1.863,388029.0,510880,sh,红利ETF华泰柏瑞
2020-07-21,1.964,1.953,1.975,1.944,235584.0,510880,sh,红利ETF华泰柏瑞
2020-07-22,1.953,1.954,1.986,1.95,281823.0,510880,sh,红利ETF华泰柏瑞
2020-07-23,1.951,1.921,1.951,1.881,239803.0,510880,sh,红利ETF华泰柏瑞
2020-07-24,1.921,1.844,1.922,1.827,302622.0,510880,sh,红利ETF华泰柏瑞
2020-07-27,1.844,1.831,1.859,1.816,176522.0,510880,sh,红利ETF华泰柏瑞
2020-07-28,1.833,1.85,1.862,1.833,137798.0,510880,sh,红利ETF华泰柏瑞
2020-07-29,1.841,1.881,1.886,1.832,188310.0,510880,sh,红利ETF华泰柏瑞
2020-07-30,1.893,1.883,1.904,1.882,143000.0,510880,sh,红利ETF华泰柏瑞
2020-07-31,1.884,1.902,1.919,1.879,168726.0,510880,sh,红利ETF华泰柏瑞
2020-08-03,1.921,1.963,1.965,1.921,389910.0,510880,sh,红利ETF华泰柏瑞
2020-08-04,1.977,1.964,1.984,1.949,340651.0,510880,sh,红利ETF华泰柏瑞
2020-08-05,1.964,1.949,1.964,1.927,119124.0,510880,sh,红利ETF华泰柏瑞
2020-08-06,1.95,1.962,1.966,1.933,220957.0,510880,sh,红利ETF华泰柏瑞
2020-08-07,1.962,1.957,1.962,1.929,264911.0,510880,sh,红利ETF华泰柏瑞
2020-08-10,1.959,1.989,1.996,1.959,512190.0,510880,sh,红利ETF华泰柏瑞
2020-08-11,1.989,1.976,2.017,1.969,387257.0,510880,sh,红利ETF华泰柏瑞
2020-08-12,1.976,1.956,1.976,1.922,287924.0,510880,sh,红利ETF华泰柏瑞
2020-08-13,1.961,1.98,1.987,1.959,292723.0,510880,sh,红利ETF华泰柏瑞
2020-08-14,1.982,1.994,1.996,1.949,194375.0,510880,sh,红利ETF华泰柏瑞
2020-08-17,1.999,2.056,2.069,1.999,424250.0,510880,sh,红利ETF华泰柏瑞
2020-08-18,2.057,2.059,2.067,2.051,244448.0,510880,sh,红利ETF华泰柏瑞
2020-08-19,2.062,2.051,2.079,2.044,258369.0,510880,sh,红利ETF华泰柏瑞
2020-08-20,2.051,2.036,2.054,2.029,180925.0,510880,sh,红利ETF华泰柏瑞
2020-08-21,2.037,2.033,2.048,2.02,219717.0,510880,sh,红利ETF华泰柏瑞
2020-08-24,2.041,2.037,2.047,2.031,185449.0,510880,sh,红利ETF华泰柏瑞
2020-08-25,2.048,2.024,2.055,2.017,237208.0,510880,sh,红利ETF华泰柏瑞
2020-08-26,2.024,1.984,2.026,1.976,291357.0,510880,sh,红利ETF华泰柏瑞
2020-08-27,1.986,1.985,1.992,1.964,146441.0,510880,sh,红利ETF华泰柏瑞
2020-08-28,1.985,2.018,2.021,1.981,163098.0,510880,sh,红利ETF华泰柏瑞
2020-08-31,2.026,2.008,2.036,2.007,232667.0,510880,sh,红利ETF华泰柏瑞
2020-09-01,2.008,2.006,2.01,1.985,148814.0,510880,sh,红利ETF华泰柏瑞
2020-09-02,2.009,2.006,2.018,1.994,125800.0,510880,sh,红利ETF华泰柏瑞
2020-09-03,2.006,2.001,2.023,1.994,155205.0,510880,sh,红利ETF华泰柏瑞
2020-09-04,2.0,1.981,2.0,1.956,235135.0,510880,sh,红利ETF华泰柏瑞
2020-09-07,1.984,1.968,2.005,1.964,239040.0,510880,sh,红利ETF华泰柏瑞
2020-09-08,1.971,1.98,1.985,1.959,185059.0,510880,sh,红利ETF华泰柏瑞
2020-09-09,1.968,1.958,1.976,1.944,224902.0,510880,sh,红利ETF华泰柏瑞
2020-09-10,1.962,1.94,1.975,1.937,222142.0,510880,sh,红利ETF华泰柏瑞
2020-09-11,1.941,1.937,1.942,1.916,215803.0,510880,sh,红利ETF华泰柏瑞
2020-09-14,1.94,1.939,1.946,1.929,181161.0,510880,sh,红利ETF华泰柏瑞
2020-09-15,1.941,1.947,1.947,1.935,134076.0,510880,sh,红利ETF华泰柏瑞
2020-09-16,1.947,1.955,1.965,1.941,132332.0,510880,sh,红利ETF华泰柏瑞
2020-09-17,1.955,1.958,1.968,1.944,151098.0,510880,sh,红利ETF华泰柏瑞
2020-09-18,1.959,1.992,1.993,1.953,168079.0,510880,sh,红利ETF华泰柏瑞
2020-09-21,1.994,1.98,1.997,1.977,199104.0,510880,sh,红利ETF华泰柏瑞
2020-09-22,1.978,1.948,1.978,1.942,228885.0,510880,sh,红利ETF华泰柏瑞
2020-09-23,1.949,1.947,1.957,1.94,134611.0,510880,sh,红利ETF华泰柏瑞
2020-09-24,1.947,1.908,1.948,1.904,444168.0,510880,sh,红利ETF华泰柏瑞
2020-09-25,1.911,1.902,1.919,1.887,289102.0,510880,sh,红利ETF华泰柏瑞
2020-09-28,1.903,1.904,1.91,1.896,187493.0,510880,sh,红利ETF华泰柏瑞
2020-09-29,1.906,1.904,1.918,1.899,186802.0,510880,sh,红利ETF华泰柏瑞
2020-09-30,1.904,1.897,1.914,1.885,413099.0,510880,sh,红利ETF华泰柏瑞
2020-10-09,1.914,1.934,1.943,1.914,409242.0,510880,sh,红利ETF华泰柏瑞
2020-10-12,1.936,1.979,1.98,1.936,460646.0,510880,sh,红利ETF华泰柏瑞
2020-10-13,1.981,1.974,1.985,1.96,349091.0,510880,sh,红利ETF华泰柏瑞
2020-10-14,1.975,1.962,1.977,1.959,269768.0,510880,sh,红利ETF华泰柏瑞
2020-10-15,1.962,1.954,1.964,1.951,271335.0,510880,sh,红利ETF华泰柏瑞
2020-10-16,1.954,1.957,1.964,1.95,237394.0,510880,sh,红利ETF华泰柏瑞
2020-10-19,1.96,1.946,1.984,1.943,369303.0,510880,sh,红利ETF华泰柏瑞
2020-10-20,1.946,1.942,1.946,1.926,326035.0,510880,sh,红利ETF华泰柏瑞
2020-10-21,1.942,1.938,1.945,1.926,237696.0,510880,sh,红利ETF华泰柏瑞
2020-10-22,1.938,1.926,1.94,1.922,217423.0,510880,sh,红利ETF华泰柏瑞
2020-10-23,1.927,1.918,1.935,1.915,314772.0,510880,sh,红利ETF华泰柏瑞
2020-10-26,1.917,1.902,1.918,1.896,456633.0,510880,sh,红利ETF华泰柏瑞
2020-10-27,1.9,1.894,1.901,1.886,303026.0,510880,sh,红利ETF华泰柏瑞
2020-10-28,1.894,1.898,1.901,1.879,265853.0,510880,sh,红利ETF华泰柏瑞
2020-10-29,1.89,1.922,1.928,1.881,255583.0,510880,sh,红利ETF华泰柏瑞
2020-10-30,1.922,1.906,1.939,1.903,458528.0,510880,sh,红利ETF华泰柏瑞
2020-11-02,1.907,1.917,1.922,1.907,279234.0,510880,sh,红利ETF华泰柏瑞
2020-11-03,1.919,1.935,1.937,1.919,240903.0,510880,sh,红利ETF华泰柏瑞
2020-11-04,1.938,1.96,1.962,1.938,358064.0,510880,sh,红利ETF华泰柏瑞
2020-11-05,1.975,2.006,2.009,1.975,735437.0,510880,sh,红利ETF华泰柏瑞
2020-11-06,2.006,2.029,2.03,2.001,459671.0,510880,sh,红利ETF华泰柏瑞
2020-11-09,2.044,2.08,2.084,2.044,451950.0,510880,sh,红利ETF华泰柏瑞
2020-11-10,2.089,2.069,2.097,2.063,382482.0,510880,sh,红利ETF华泰柏瑞
2020-11-11,2.068,2.084,2.097,2.06,294707.0,510880,sh,红利ETF华泰柏瑞
2020-11-12,2.084,2.097,2.099,2.074,242209.0,510880,sh,红利ETF华泰柏瑞
2020-11-13,2.097,2.077,2.097,2.059,360771.0,510880,sh,红利ETF华泰柏瑞
2020-11-16,2.087,2.134,2.136,2.087,383616.0,510880,sh,红利ETF华泰柏瑞
2020-11-17,2.135,2.145,2.159,2.135,456829.0,510880,sh,红利ETF华泰柏瑞
2020-11-18,2.145,2.159,2.162,2.14,359127.0,510880,sh,红利ETF华泰柏瑞
2020-11-19,2.159,2.14,2.161,2.13,431612.0,510880,sh,红利ETF华泰柏瑞
2020-11-20,2.14,2.155,2.155,2.127,272965.0,510880,sh,红利ETF华泰柏瑞
2020-11-23,2.158,2.199,2.214,2.157,429593.0,510880,sh,红利ETF华泰柏瑞
2020-11-24,2.205,2.194,2.209,2.18,441328.0,510880,sh,红利ETF华泰柏瑞
2020-11-25,2.196,2.162,2.208,2.159,575851.0,510880,sh,红利ETF华泰柏瑞
2020-11-26,2.162,2.154,2.163,2.138,310075.0,510880,sh,红利ETF华泰柏瑞
2020-11-27,2.154,2.175,2.179,2.141,328940.0,510880,sh,红利ETF华泰柏瑞
2020-11-30,2.177,2.148,2.199,2.143,516823.0,510880,sh,红利ETF华泰柏瑞
2020-12-01,2.148,2.154,2.159,2.124,398938.0,510880,sh,红利ETF华泰柏瑞
2020-12-02,2.155,2.156,2.164,2.14,219911.0,510880,sh,红利ETF华泰柏瑞
2020-12-03,2.154,2.131,2.154,2.125,482511.0,510880,sh,红利ETF华泰柏瑞
2020-12-04,2.131,2.12,2.132,2.098,520826.0,510880,sh,红利ETF华泰柏瑞
2020-12-07,2.121,2.076,2.126,2.076,753722.0,510880,sh,红利ETF华泰柏瑞
2020-12-08,2.077,2.069,2.089,2.064,442919.0,510880,sh,红利ETF华泰柏瑞
2020-12-09,2.07,2.031,2.072,2.029,661564.0,510880,sh,红利ETF华泰柏瑞
2020-12-10,2.031,2.048,2.051,2.03,422672.0,510880,sh,红利ETF华泰柏瑞
2020-12-11,2.049,2.041,2.059,2.019,556886.0,510880,sh,红利ETF华泰柏瑞
2020-12-14,2.042,2.003,2.045,1.991,948698.0,510880,sh,红利ETF华泰柏瑞
2020-12-15,2.004,1.99,2.006,1.97,1050063.0,510880,sh,红利ETF华泰柏瑞
2020-12-16,1.99,1.988,2.0,1.982,848000.0,510880,sh,红利ETF华泰柏瑞
2020-12-17,1.988,2.014,2.014,1.966,796289.0,510880,sh,红利ETF华泰柏瑞
2020-12-18,2.014,2.032,2.048,2.014,699453.0,510880,sh,红利ETF华泰柏瑞
2020-12-21,2.032,2.036,2.044,2.015,543806.0,510880,sh,红利ETF华泰柏瑞
2020-12-22,2.034,1.977,2.034,1.97,1394620.0,510880,sh,红利ETF华泰柏瑞
2020-12-23,1.979,1.98,1.99,1.969,665696.0,510880,sh,红利ETF华泰柏瑞
2020-12-24,1.981,1.97,1.99,1.96,887115.0,510880,sh,红利ETF华泰柏瑞
2020-12-25,1.969,1.98,1.992,1.956,438287.0,510880,sh,红利ETF华泰柏瑞
2020-12-28,1.98,1.967,1.984,1.959,727238.0,510880,sh,红利ETF华泰柏瑞
2020-12-29,1.968,1.942,1.975,1.94,1049827.0,510880,sh,红利ETF华泰柏瑞
2020-12-30,1.943,1.947,1.958,1.933,495610.0,510880,sh,红利ETF华泰柏瑞
2020-12-31,1.947,1.958,1.961,1.94,765641.0,510880,sh,红利ETF华泰柏瑞
2021-01-04,1.958,1.965,1.965,1.94,892045.0,510880,sh,红利ETF华泰柏瑞
2021-01-05,1.965,1.943,1.965,1.92,1922536.0,510880,sh,红利ETF华泰柏瑞
2021-01-06,1.943,1.94,1.949,1.928,815366.0,510880,sh,红利ETF华泰柏瑞
2021-01-07,1.94,1.93,1.945,1.919,1076189.0,510880,sh,红利ETF华泰柏瑞
2021-01-08,1.931,1.943,1.945,1.918,743487.0,510880,sh,红利ETF华泰柏瑞
2021-01-11,1.944,1.91,1.947,1.906,2324583.0,510880,sh,红利ETF华泰柏瑞
2021-01-12,1.911,1.931,1.933,1.91,1676104.0,510880,sh,红利ETF华泰柏瑞
2021-01-13,1.932,1.938,1.946,1.924,1280802.0,510880,sh,红利ETF华泰柏瑞
2021-01-14,1.938,1.936,1.947,1.924,1368541.0,510880,sh,红利ETF华泰柏瑞
2021-01-15,1.936,1.954,1.959,1.936,981523.0,510880,sh,红利ETF华泰柏瑞
2021-01-18,1.99,1.968,1.99,1.95,2547963.0,510880,sh,红利ETF华泰柏瑞
2021-01-19,1.969,1.971,1.986,1.951,1050082.0,510880,sh,红利ETF华泰柏瑞
2021-01-20,1.972,1.969,1.98,1.961,887877.0,510880,sh,红利ETF华泰柏瑞
2021-01-21,1.97,1.973,1.982,1.963,1263987.0,510880,sh,红利ETF华泰柏瑞
2021-01-22,1.975,1.949,1.976,1.943,1864284.0,510880,sh,红利ETF华泰柏瑞
2021-01-25,1.949,1.914,1.949,1.912,1699973.0,510880,sh,红利ETF华泰柏瑞
2021-01-26,1.914,1.903,1.922,1.901,885970.0,510880,sh,红利ETF华泰柏瑞
2021-01-27,1.903,1.902,1.918,1.9,689798.0,510880,sh,红利ETF华泰柏瑞
2021-01-28,1.901,1.87,1.901,1.868,843925.0,510880,sh,红利ETF华泰柏瑞
2021-01-29,1.871,1.854,1.882,1.84,889926.0,510880,sh,红利ETF华泰柏瑞
2021-02-01,1.855,1.871,1.874,1.839,704108.0,510880,sh,红利ETF华泰柏瑞
2021-02-02,1.871,1.877,1.879,1.87,529995.0,510880,sh,红利ETF华泰柏瑞
2021-02-03,1.877,1.857,1.879,1.852,592348.0,510880,sh,红利ETF华泰柏瑞
2021-02-04,1.856,1.84,1.857,1.83,965772.0,510880,sh,红利ETF华泰柏瑞
2021-02-05,1.84,1.859,1.865,1.831,544827.0,510880,sh,红利ETF华泰柏瑞
2021-02-08,1.859,1.872,1.881,1.853,609295.0,510880,sh,红利ETF华泰柏瑞
2021-02-09,1.872,1.888,1.888,1.863,533076.0,510880,sh,红利ETF华泰柏瑞
2021-02-10,1.889,1.907,1.909,1.889,886838.0,510880,sh,红利ETF华泰柏瑞
2021-02-18,1.93,1.97,1.974,1.93,1328895.0,510880,sh,红利ETF华泰柏瑞
2021-02-19,1.97,2.022,2.024,1.97,2562653.0,510880,sh,红利ETF华泰柏瑞
2021-02-22,2.024,2.066,2.101,2.024,3590926.0,510880,sh,红利ETF华泰柏瑞
2021-02-23,2.067,2.038,2.068,2.029,1405185.0,510880,sh,红利ETF华泰柏瑞
2021-02-24,2.038,2.007,2.043,1.99,1092277.0,510880,sh,红利ETF华泰柏瑞
2021-02-25,2.009,2.049,2.059,2.009,1276164.0,510880,sh,红利ETF华泰柏瑞
2021-02-26,2.043,1.997,2.043,1.991,1111385.0,510880,sh,红利ETF华泰柏瑞
2021-03-01,1.998,2.032,2.033,1.998,670531.0,510880,sh,红利ETF华泰柏瑞
2021-03-02,2.042,2.017,2.05,2.0,1080838.0,510880,sh,红利ETF华泰柏瑞
2021-03-03,2.018,2.082,2.084,2.017,1920248.0,510880,sh,红利ETF华泰柏瑞
2021-03-04,2.082,2.078,2.107,2.066,1916590.0,510880,sh,红利ETF华泰柏瑞
2021-03-05,2.06,2.05,2.062,2.028,741365.0,510880,sh,红利ETF华泰柏瑞
2021-03-08,2.058,2.039,2.084,2.033,909045.0,510880,sh,红利ETF华泰柏瑞
2021-03-09,2.04,2.028,2.068,1.99,1730802.0,510880,sh,红利ETF华泰柏瑞
2021-03-10,2.035,2.013,2.043,2.01,813625.0,510880,sh,红利ETF华泰柏瑞
2021-03-11,2.013,2.06,2.062,2.013,828497.0,510880,sh,红利ETF华泰柏瑞
2021-03-12,2.068,2.087,2.095,2.054,1180488.0,510880,sh,红利ETF华泰柏瑞
2021-03-15,2.087,2.112,2.122,2.086,1196983.0,510880,sh,红利ETF华泰柏瑞
2021-03-16,2.113,2.115,2.12,2.09,672045.0,510880,sh,红利ETF华泰柏瑞
2021-03-17,2.114,2.101,2.114,2.084,574043.0,510880,sh,红利ETF华泰柏瑞
2021-03-18,2.102,2.101,2.115,2.095,484440.0,510880,sh,红利ETF华泰柏瑞
2021-03-19,2.095,2.084,2.105,2.072,620213.0,510880,sh,红利ETF华泰柏瑞
2021-03-22,2.085,2.11,2.115,2.085,746335.0,510880,sh,红利ETF华泰柏瑞
2021-03-23,2.11,2.089,2.115,2.076,805479.0,510880,sh,红利ETF华泰柏瑞
2021-03-24,2.074,2.041,2.083,2.031,1207575.0,510880,sh,红利ETF华泰柏瑞
2021-03-25,2.041,2.043,2.062,2.04,598911.0,510880,sh,红利ETF华泰柏瑞
2021-03-26,2.045,2.075,2.077,2.045,575681.0,510880,sh,红利ETF华泰柏瑞
2021-03-29,2.088,2.111,2.116,2.078,1209328.0,510880,sh,红利ETF华泰柏瑞
2021-03-30,2.111,2.11,2.115,2.088,593144.0,510880,sh,红利ETF华泰柏瑞
2021-03-31,2.11,2.103,2.11,2.092,468457.0,510880,sh,红利ETF华泰柏瑞
2021-04-01,2.104,2.121,2.129,2.097,831957.0,510880,sh,红利ETF华泰柏瑞
2021-04-02,2.121,2.098,2.126,2.093,1018930.0,510880,sh,红利ETF华泰柏瑞
2021-04-06,2.1,2.105,2.112,2.1,548540.0,510880,sh,红利ETF华泰柏瑞
2021-04-07,2.105,2.125,2.127,2.092,862254.0,510880,sh,红利ETF华泰柏瑞
2021-04-08,2.125,2.126,2.139,2.119,714611.0,510880,sh,红利ETF华泰柏瑞
2021-04-09,2.127,2.13,2.134,2.114,710502.0,510880,sh,红利ETF华泰柏瑞
2021-04-12,2.131,2.137,2.146,2.124,836788.0,510880,sh,红利ETF华泰柏瑞
2021-04-13,2.135,2.105,2.136,2.104,1211855.0,510880,sh,红利ETF华泰柏瑞
2021-04-14,2.105,2.111,2.116,2.098,712055.0,510880,sh,红利ETF华泰柏瑞
2021-04-15,2.112,2.115,2.119,2.106,392059.0,510880,sh,红利ETF华泰柏瑞
2021-04-16,2.115,2.15,2.159,2.115,1428831.0,510880,sh,红利ETF华泰柏瑞
2021-04-19,2.15,2.162,2.169,2.141,674004.0,510880,sh,红利ETF华泰柏瑞
2021-04-20,2.159,2.154,2.162,2.151,615199.0,510880,sh,红利ETF华泰柏瑞
2021-04-21,2.15,2.145,2.152,2.132,587338.0,510880,sh,红利ETF华泰柏瑞
2021-04-22,2.145,2.153,2.171,2.145,570381.0,510880,sh,红利ETF华泰柏瑞
2021-04-23,2.149,2.148,2.151,2.136,830486.0,510880,sh,红利ETF华泰柏瑞
2021-04-26,2.152,2.14,2.164,2.133,948353.0,510880,sh,红利ETF华泰柏瑞
2021-04-27,2.137,2.127,2.138,2.11,1079650.0,510880,sh,红利ETF华泰柏瑞
2021-04-28,2.123,2.13,2.131,2.11,631820.0,510880,sh,红利ETF华泰柏瑞
2021-04-29,2.13,2.146,2.15,2.12,656543.0,510880,sh,红利ETF华泰柏瑞
2021-04-30,2.14,2.117,2.143,2.106,1714531.0,510880,sh,红利ETF华泰柏瑞
2021-05-06,2.118,2.158,2.165,2.118,1690672.0,510880,sh,红利ETF华泰柏瑞
2021-05-07,2.168,2.189,2.208,2.162,1229371.0,510880,sh,红利ETF华泰柏瑞
2021-05-10,2.201,2.23,2.233,2.195,1029249.0,510880,sh,红利ETF华泰柏瑞
2021-05-11,2.227,2.203,2.228,2.161,986274.0,510880,sh,红利ETF华泰柏瑞
2021-05-12,2.197,2.214,2.219,2.187,632863.0,510880,sh,红利ETF华泰柏瑞
2021-05-13,2.19,2.171,2.207,2.167,1151710.0,510880,sh,红利ETF华泰柏瑞
2021-05-14,2.171,2.177,2.185,2.167,643497.0,510880,sh,红利ETF华泰柏瑞
2021-05-17,2.177,2.172,2.191,2.17,790675.0,510880,sh,红利ETF华泰柏瑞
2021-05-18,2.172,2.184,2.188,2.168,457928.0,510880,sh,红利ETF华泰柏瑞
2021-05-19,2.183,2.159,2.183,2.155,1261973.0,510880,sh,红利ETF华泰柏瑞
2021-05-20,2.135,2.115,2.135,2.097,2675704.0,510880,sh,红利ETF华泰柏瑞
2021-05-21,2.115,2.12,2.134,2.114,657969.0,510880,sh,红利ETF华泰柏瑞
2021-05-24,2.12,2.118,2.13,2.112,737215.0,510880,sh,红利ETF华泰柏瑞
2021-05-25,2.118,2.145,2.152,2.108,1112785.0,510880,sh,红利ETF华泰柏瑞
2021-05-26,2.145,2.164,2.173,2.142,672561.0,510880,sh,红利ETF华泰柏瑞
2021-05-27,2.164,2.176,2.179,2.157,804683.0,510880,sh,红利ETF华泰柏瑞
2021-05-28,2.182,2.172,2.194,2.164,605787.0,510880,sh,红利ETF华泰柏瑞
2021-05-31,2.183,2.175,2.184,2.156,1057481.0,510880,sh,红利ETF华泰柏瑞
2021-06-01,2.175,2.197,2.198,2.158,973979.0,510880,sh,红利ETF华泰柏瑞
2021-06-02,2.197,2.192,2.198,2.183,698400.0,510880,sh,红利ETF华泰柏瑞
2021-06-03,2.192,2.206,2.228,2.192,1110569.0,510880,sh,红利ETF华泰柏瑞
2021-06-04,2.207,2.2,2.21,2.182,625149.0,510880,sh,红利ETF华泰柏瑞
2021-06-07,2.2,2.197,2.21,2.19,511458.0,510880,sh,红利ETF华泰柏瑞
2021-06-08,2.198,2.186,2.2,2.18,663845.0,510880,sh,红利ETF华泰柏瑞
2021-06-09,2.186,2.202,2.217,2.182,1044019.0,510880,sh,红利ETF华泰柏瑞
2021-06-10,2.202,2.213,2.23,2.2,818745.0,510880,sh,红利ETF华泰柏瑞
2021-06-11,2.222,2.217,2.23,2.212,643792.0,510880,sh,红利ETF华泰柏瑞
2021-06-15,2.227,2.201,2.23,2.192,952320.0,510880,sh,红利ETF华泰柏瑞
2021-06-16,2.201,2.192,2.217,2.186,742761.0,510880,sh,红利ETF华泰柏瑞
2021-06-17,2.192,2.184,2.202,2.178,597758.0,510880,sh,红利ETF华泰柏瑞
2021-06-18,2.184,2.184,2.188,2.178,552027.0,510880,sh,红利ETF华泰柏瑞
2021-06-21,2.183,2.172,2.183,2.17,627119.0,510880,sh,红利ETF华泰柏瑞
2021-06-22,2.172,2.197,2.201,2.172,555151.0,510880,sh,红利ETF华泰柏瑞
2021-06-23,2.198,2.233,2.238,2.197,1199351.0,510880,sh,红利ETF华泰柏瑞
2021-06-24,2.236,2.245,2.263,2.225,1024793.0,510880,sh,红利ETF华泰柏瑞
2021-06-25,2.246,2.255,2.263,2.238,706785.0,510880,sh,红利ETF华泰柏瑞
2021-06-28,2.255,2.219,2.255,2.216,886581.0,510880,sh,红利ETF华泰柏瑞
2021-06-29,2.219,2.198,2.219,2.196,678648.0,510880,sh,红利ETF华泰柏瑞
2021-06-30,2.198,2.212,2.219,2.194,461182.0,510880,sh,红利ETF华泰柏瑞
2021-07-01,2.215,2.213,2.231,2.206,476538.0,510880,sh,红利ETF华泰柏瑞
2021-07-02,2.213,2.189,2.216,2.188,993107.0,510880,sh,红利ETF华泰柏瑞
2021-07-05,2.19,2.196,2.202,2.18,843616.0,510880,sh,红利ETF华泰柏瑞
2021-07-06,2.196,2.203,2.203,2.19,439562.0,510880,sh,红利ETF华泰柏瑞
2021-07-07,2.2,2.206,2.21,2.188,591883.0,510880,sh,红利ETF华泰柏瑞
2021-07-08,2.206,2.163,2.206,2.16,1864367.0,510880,sh,红利ETF华泰柏瑞
2021-07-09,2.163,2.181,2.182,2.137,676439.0,510880,sh,红利ETF华泰柏瑞
2021-07-12,2.181,2.186,2.202,2.175,527063.0,510880,sh,红利ETF华泰柏瑞
2021-07-13,2.187,2.208,2.211,2.182,860568.0,510880,sh,红利ETF华泰柏瑞
2021-07-14,2.208,2.214,2.224,2.206,806611.0,510880,sh,红利ETF华泰柏瑞
2021-07-15,2.214,2.245,2.247,2.195,1281521.0,510880,sh,红利ETF华泰柏瑞
2021-07-16,2.245,2.257,2.273,2.238,1676228.0,510880,sh,红利ETF华泰柏瑞
2021-07-19,2.26,2.249,2.271,2.244,624875.0,510880,sh,红利ETF华泰柏瑞
2021-07-20,2.243,2.229,2.243,2.213,417752.0,510880,sh,红利ETF华泰柏瑞
2021-07-21,2.233,2.225,2.248,2.218,494007.0,510880,sh,红利ETF华泰柏瑞
2021-07-22,2.225,2.25,2.25,2.219,515361.0,510880,sh,红利ETF华泰柏瑞
2021-07-23,2.254,2.241,2.273,2.232,863821.0,510880,sh,红利ETF华泰柏瑞
2021-07-26,2.24,2.192,2.24,2.168,1733978.0,510880,sh,红利ETF华泰柏瑞
2021-07-27,2.192,2.133,2.212,2.127,1906764.0,510880,sh,红利ETF华泰柏瑞
2021-07-28,2.134,2.107,2.151,2.074,1604311.0,510880,sh,红利ETF华泰柏瑞
2021-07-29,2.118,2.129,2.138,2.105,1257468.0,510880,sh,红利ETF华泰柏瑞
2021-07-30,2.129,2.16,2.163,2.116,598080.0,510880,sh,红利ETF华泰柏瑞
2021-08-02,2.159,2.137,2.159,2.08,1334437.0,510880,sh,红利ETF华泰柏瑞
2021-08-03,2.125,2.098,2.13,2.093,1199598.0,510880,sh,红利ETF华泰柏瑞
2021-08-04,2.099,2.122,2.124,2.099,626151.0,510880,sh,红利ETF华泰柏瑞
2021-08-05,2.121,2.11,2.136,2.103,589701.0,510880,sh,红利ETF华泰柏瑞
2021-08-06,2.11,2.121,2.123,2.095,641208.0,510880,sh,红利ETF华泰柏瑞
2021-08-09,2.121,2.161,2.172,2.112,1332940.0,510880,sh,红利ETF华泰柏瑞
2021-08-10,2.161,2.16,2.163,2.141,439750.0,510880,sh,红利ETF华泰柏瑞
2021-08-11,2.169,2.218,2.221,2.168,1883647.0,510880,sh,红利ETF华泰柏瑞
2021-08-12,2.217,2.249,2.256,2.201,1947294.0,510880,sh,红利ETF华泰柏瑞
2021-08-13,2.247,2.244,2.251,2.229,955497.0,510880,sh,红利ETF华泰柏瑞
2021-08-16,2.244,2.252,2.269,2.241,1219674.0,510880,sh,红利ETF华泰柏瑞
2021-08-17,2.25,2.218,2.268,2.212,1027581.0,510880,sh,红利ETF华泰柏瑞
2021-08-18,2.218,2.236,2.24,2.217,644901.0,510880,sh,红利ETF华泰柏瑞
2021-08-19,2.229,2.226,2.233,2.209,433726.0,510880,sh,红利ETF华泰柏瑞
2021-08-20,2.224,2.241,2.243,2.209,785004.0,510880,sh,红利ETF华泰柏瑞
2021-08-23,2.254,2.254,2.27,2.249,927207.0,510880,sh,红利ETF华泰柏瑞
2021-08-24,2.263,2.278,2.287,2.26,1817253.0,510880,sh,红利ETF华泰柏瑞
2021-08-25,2.278,2.312,2.312,2.274,1147941.0,510880,sh,红利ETF华泰柏瑞
2021-08-26,2.311,2.353,2.368,2.305,1803665.0,510880,sh,红利ETF华泰柏瑞
2021-08-27,2.351,2.382,2.385,2.31,981590.0,510880,sh,红利ETF华泰柏瑞
2021-08-30,2.386,2.407,2.41,2.375,898550.0,510880,sh,红利ETF华泰柏瑞
2021-08-31,2.407,2.48,2.482,2.395,925050.0,510880,sh,红利ETF华泰柏瑞
2021-09-01,2.493,2.475,2.528,2.444,1460459.0,510880,sh,红利ETF华泰柏瑞
2021-09-02,2.474,2.554,2.556,2.47,929194.0,510880,sh,红利ETF华泰柏瑞
2021-09-03,2.554,2.531,2.556,2.523,975033.0,510880,sh,红利ETF华泰柏瑞
2021-09-06,2.541,2.559,2.576,2.534,825657.0,510880,sh,红利ETF华泰柏瑞
2021-09-07,2.565,2.64,2.651,2.564,1158684.0,510880,sh,红利ETF华泰柏瑞
2021-09-08,2.641,2.676,2.693,2.626,1037359.0,510880,sh,红利ETF华泰柏瑞
2021-09-09,2.678,2.777,2.782,2.66,1418019.0,510880,sh,红利ETF华泰柏瑞
2021-09-10,2.778,2.714,2.783,2.709,1969721.0,510880,sh,红利ETF华泰柏瑞
2021-09-13,2.714,2.786,2.808,2.709,1513006.0,510880,sh,红利ETF华泰柏瑞
2021-09-14,2.786,2.716,2.786,2.71,1354290.0,510880,sh,红利ETF华泰柏瑞
2021-09-15,2.715,2.693,2.734,2.67,1407104.0,510880,sh,红利ETF华泰柏瑞
2021-09-16,2.718,2.68,2.761,2.675,1067771.0,510880,sh,红利ETF华泰柏瑞
2021-09-17,2.675,2.591,2.707,2.535,1716143.0,510880,sh,红利ETF华泰柏瑞
2021-09-22,2.575,2.649,2.649,2.535,1332371.0,510880,sh,红利ETF华泰柏瑞
2021-09-23,2.691,2.64,2.715,2.617,766798.0,510880,sh,红利ETF华泰柏瑞
2021-09-24,2.625,2.526,2.627,2.52,1517003.0,510880,sh,红利ETF华泰柏瑞
2021-09-27,2.526,2.441,2.544,2.429,1986238.0,510880,sh,红利ETF华泰柏瑞
2021-09-28,2.441,2.519,2.524,2.44,957427.0,510880,sh,红利ETF华泰柏瑞
2021-09-29,2.518,2.435,2.519,2.417,980071.0,510880,sh,红利ETF华泰柏瑞
2021-09-30,2.434,2.45,2.453,2.401,875978.0,510880,sh,红利ETF华泰柏瑞
2021-10-08,2.477,2.44,2.493,2.415,779815.0,510880,sh,红利ETF华泰柏瑞
2021-10-11,2.442,2.483,2.485,2.431,879869.0,510880,sh,红利ETF华泰柏瑞
2021-10-12,2.483,2.443,2.523,2.404,1065657.0,510880,sh,红利ETF华泰柏瑞
2021-10-13,2.443,2.403,2.445,2.363,1043977.0,510880,sh,红利ETF华泰柏瑞
2021-10-14,2.389,2.386,2.407,2.361,538462.0,510880,sh,红利ETF华泰柏瑞
2021-10-15,2.386,2.408,2.416,2.366,603081.0,510880,sh,红利ETF华泰柏瑞
2021-10-18,2.408,2.457,2.46,2.394,679310.0,510880,sh,红利ETF华泰柏瑞
2021-10-19,2.457,2.469,2.484,2.43,560944.0,510880,sh,红利ETF华泰柏瑞
2021-10-20,2.448,2.395,2.448,2.388,1025622.0,510880,sh,红利ETF华泰柏瑞
2021-10-21,2.391,2.433,2.461,2.39,884460.0,510880,sh,红利ETF华泰柏瑞
2021-10-22,2.427,2.371,2.454,2.366,1698146.0,510880,sh,红利ETF华泰柏瑞
2021-10-25,2.373,2.37,2.38,2.34,804033.0,510880,sh,红利ETF华泰柏瑞
2021-10-26,2.37,2.344,2.373,2.336,1146377.0,510880,sh,红利ETF华泰柏瑞
2021-10-27,2.34,2.273,2.34,2.269,1305914.0,510880,sh,红利ETF华泰柏瑞
2021-10-28,2.26,2.196,2.261,2.188,1716292.0,510880,sh,红利ETF华泰柏瑞
2021-10-29,2.196,2.2,2.207,2.18,1158580.0,510880,sh,红利ETF华泰柏瑞
2021-11-01,2.198,2.209,2.217,2.178,788030.0,510880,sh,红利ETF华泰柏瑞
2021-11-02,2.21,2.158,2.217,2.128,2159141.0,510880,sh,红利ETF华泰柏瑞
2021-11-03,2.158,2.199,2.205,2.156,849073.0,510880,sh,红利ETF华泰柏瑞
2021-11-04,2.197,2.192,2.198,2.171,716392.0,510880,sh,红利ETF华泰柏瑞
2021-11-05,2.184,2.153,2.184,2.151,1052384.0,510880,sh,红利ETF华泰柏瑞
2021-11-08,2.153,2.15,2.167,2.145,797037.0,510880,sh,红利ETF华泰柏瑞
2021-11-09,2.15,2.136,2.153,2.126,1002447.0,510880,sh,红利ETF华泰柏瑞
2021-11-10,2.13,2.129,2.131,2.086,1240317.0,510880,sh,红利ETF华泰柏瑞
2021-11-11,2.13,2.176,2.18,2.13,1085394.0,510880,sh,红利ETF华泰柏瑞
2021-11-12,2.177,2.16,2.179,2.149,756905.0,510880,sh,红利ETF华泰柏瑞
2021-11-15,2.16,2.164,2.165,2.146,489632.0,510880,sh,红利ETF华泰柏瑞
2021-11-16,2.164,2.147,2.176,2.145,825319.0,510880,sh,红利ETF华泰柏瑞
2021-11-17,2.147,2.15,2.152,2.137,470322.0,510880,sh,红利ETF华泰柏瑞
2021-11-18,2.151,2.15,2.167,2.146,469834.0,510880,sh,红利ETF华泰柏瑞
2021-11-19,2.147,2.186,2.195,2.136,957278.0,510880,sh,红利ETF华泰柏瑞
2021-11-22,2.188,2.185,2.2,2.179,932854.0,510880,sh,红利ETF华泰柏瑞
2021-11-23,2.185,2.198,2.21,2.18,704615.0,510880,sh,红利ETF华泰柏瑞
2021-11-24,2.202,2.23,2.231,2.202,692753.0,510880,sh,红利ETF华泰柏瑞
2021-11-25,2.23,2.219,2.24,2.203,578730.0,510880,sh,红利ETF华泰柏瑞
2021-11-26,2.21,2.187,2.21,2.182,554985.0,510880,sh,红利ETF华泰柏瑞
2021-11-29,2.168,2.152,2.168,2.138,913890.0,510880,sh,红利ETF华泰柏瑞
2021-11-30,2.152,2.154,2.178,2.143,562664.0,510880,sh,红利ETF华泰柏瑞
2021-12-01,2.153,2.179,2.181,2.143,555689.0,510880,sh,红利ETF华泰柏瑞
2021-12-02,2.178,2.194,2.201,2.171,604607.0,510880,sh,红利ETF华泰柏瑞
2021-12-03,2.194,2.225,2.24,2.177,933619.0,510880,sh,红利ETF华泰柏瑞
2021-12-06,2.225,2.217,2.257,2.21,1359496.0,510880,sh,红利ETF华泰柏瑞
2021-12-07,2.237,2.247,2.248,2.215,672775.0,510880,sh,红利ETF华泰柏瑞
2021-12-08,2.247,2.247,2.248,2.227,581214.0,510880,sh,红利ETF华泰柏瑞
2021-12-09,2.247,2.258,2.266,2.237,717837.0,510880,sh,红利ETF华泰柏瑞
2021-12-10,2.25,2.238,2.25,2.23,858552.0,510880,sh,红利ETF华泰柏瑞
2021-12-13,2.238,2.229,2.244,2.225,590914.0,510880,sh,红利ETF华泰柏瑞
2021-12-14,2.225,2.191,2.225,2.191,927620.0,510880,sh,红利ETF华泰柏瑞
2021-12-15,2.188,2.203,2.212,2.181,498013.0,510880,sh,红利ETF华泰柏瑞
2021-12-16,2.206,2.245,2.246,2.205,938992.0,510880,sh,红利ETF华泰柏瑞
2021-12-17,2.249,2.229,2.258,2.224,695371.0,510880,sh,红利ETF华泰柏瑞
2021-12-20,2.228,2.203,2.242,2.199,679482.0,510880,sh,红利ETF华泰柏瑞
2021-12-21,2.202,2.242,2.245,2.2,778788.0,510880,sh,红利ETF华泰柏瑞
2021-12-22,2.242,2.237,2.245,2.227,407297.0,510880,sh,红利ETF华泰柏瑞
2021-12-23,2.236,2.246,2.25,2.229,547085.0,510880,sh,红利ETF华泰柏瑞
2021-12-24,2.246,2.235,2.247,2.226,446678.0,510880,sh,红利ETF华泰柏瑞
2021-12-27,2.234,2.242,2.258,2.23,505623.0,510880,sh,红利ETF华泰柏瑞
2021-12-28,2.242,2.225,2.245,2.214,673951.0,510880,sh,红利ETF华泰柏瑞
2021-12-29,2.224,2.215,2.227,2.212,467483.0,510880,sh,红利ETF华泰柏瑞
2021-12-30,2.215,2.212,2.218,2.208,394465.0,510880,sh,红利ETF华泰柏瑞
2021-12-31,2.212,2.236,2.239,2.211,558591.0,510880,sh,红利ETF华泰柏瑞
2022-01-04,2.252,2.278,2.282,2.251,1242697.0,510880,sh,红利ETF华泰柏瑞
2022-01-05,2.277,2.269,2.277,2.251,701525.0,510880,sh,红利ETF华泰柏瑞
2022-01-06,2.265,2.273,2.281,2.255,897727.0,510880,sh,红利ETF华泰柏瑞
2022-01-07,2.272,2.289,2.305,2.268,727560.0,510880,sh,红利ETF华泰柏瑞
2022-01-10,2.289,2.308,2.309,2.281,807304.0,510880,sh,红利ETF华泰柏瑞
2022-01-11,2.307,2.329,2.34,2.3,680464.0,510880,sh,红利ETF华泰柏瑞
2022-01-12,2.329,2.317,2.332,2.298,774546.0,510880,sh,红利ETF华泰柏瑞
2022-01-13,2.317,2.316,2.34,2.315,780524.0,510880,sh,红利ETF华泰柏瑞
2022-01-14,2.315,2.271,2.315,2.268,1094534.0,510880,sh,红利ETF华泰柏瑞
2022-01-17,2.271,2.274,2.295,2.264,822746.0,510880,sh,红利ETF华泰柏瑞
2022-01-18,2.274,2.304,2.312,2.268,527282.0,510880,sh,红利ETF华泰柏瑞
2022-01-19,2.304,2.321,2.339,2.304,1067506.0,510880,sh,红利ETF华泰柏瑞
2022-01-20,2.318,2.307,2.336,2.297,1183632.0,510880,sh,红利ETF华泰柏瑞
2022-01-21,2.307,2.304,2.312,2.287,694438.0,510880,sh,红利ETF华泰柏瑞
2022-01-24,2.302,2.29,2.303,2.271,592175.0,510880,sh,红利ETF华泰柏瑞
2022-01-25,2.287,2.211,2.287,2.21,1597719.0,510880,sh,红利ETF华泰柏瑞
2022-01-26,2.211,2.219,2.228,2.195,1240445.0,510880,sh,红利ETF华泰柏瑞
2022-01-27,2.219,2.201,2.232,2.2,919999.0,510880,sh,红利ETF华泰柏瑞
2022-01-28,2.202,2.193,2.213,2.171,1455888.0,510880,sh,红利ETF华泰柏瑞
2022-02-07,2.199,2.252,2.258,2.199,955122.0,510880,sh,红利ETF华泰柏瑞
2022-02-08,2.263,2.319,2.323,2.261,1225629.0,510880,sh,红利ETF华泰柏瑞
2022-02-09,2.319,2.325,2.344,2.318,1015882.0,510880,sh,红利ETF华泰柏瑞
2022-02-10,2.324,2.366,2.368,2.297,1437874.0,510880,sh,红利ETF华泰柏瑞
2022-02-11,2.365,2.369,2.401,2.355,1615328.0,510880,sh,红利ETF华泰柏瑞
2022-02-14,2.368,2.323,2.368,2.316,1156701.0,510880,sh,红利ETF华泰柏瑞
2022-02-15,2.322,2.304,2.323,2.294,861188.0,510880,sh,红利ETF华泰柏瑞
2022-02-16,2.304,2.333,2.338,2.304,759919.0,510880,sh,红利ETF华泰柏瑞
2022-02-17,2.332,2.319,2.332,2.307,971021.0,510880,sh,红利ETF华泰柏瑞
2022-02-18,2.315,2.372,2.374,2.307,1227240.0,510880,sh,红利ETF华泰柏瑞
2022-02-21,2.368,2.398,2.399,2.354,1155463.0,510880,sh,红利ETF华泰柏瑞
2022-02-22,2.381,2.387,2.39,2.356,935396.0,510880,sh,红利ETF华泰柏瑞
2022-02-23,2.384,2.356,2.384,2.337,831033.0,510880,sh,红利ETF华泰柏瑞
2022-02-24,2.352,2.331,2.356,2.302,1158642.0,510880,sh,红利ETF华泰柏瑞
2022-02-25,2.33,2.311,2.356,2.292,962049.0,510880,sh,红利ETF华泰柏瑞
2022-02-28,2.311,2.32,2.323,2.285,654959.0,510880,sh,红利ETF华泰柏瑞
2022-03-01,2.324,2.35,2.357,2.32,663202.0,510880,sh,红利ETF华泰柏瑞
2022-03-02,2.352,2.383,2.387,2.351,1400838.0,510880,sh,红利ETF华泰柏瑞
2022-03-03,2.385,2.418,2.425,2.385,1681635.0,510880,sh,红利ETF华泰柏瑞
2022-03-04,2.414,2.408,2.433,2.38,1115861.0,510880,sh,红利ETF华泰柏瑞
2022-03-07,2.421,2.388,2.434,2.375,1255670.0,510880,sh,红利ETF华泰柏瑞
2022-03-08,2.382,2.305,2.382,2.297,1341510.0,510880,sh,红利ETF华泰柏瑞
2022-03-09,2.306,2.248,2.331,2.191,2626871.0,510880,sh,红利ETF华泰柏瑞
2022-03-10,2.265,2.294,2.319,2.249,2074052.0,510880,sh,红利ETF华泰柏瑞
2022-03-11,2.288,2.314,2.318,2.237,839218.0,510880,sh,红利ETF华泰柏瑞
2022-03-14,2.308,2.275,2.343,2.272,1246834.0,510880,sh,红利ETF华泰柏瑞
2022-03-15,2.267,2.117,2.267,2.112,3420791.0,510880,sh,红利ETF华泰柏瑞
2022-03-16,2.12,2.176,2.184,2.046,2738197.0,510880,sh,红利ETF华泰柏瑞
2022-03-17,2.198,2.206,2.238,2.185,1370513.0,510880,sh,红利ETF华泰柏瑞
2022-03-18,2.206,2.276,2.282,2.198,1268437.0,510880,sh,红利ETF华泰柏瑞
2022-03-21,2.275,2.295,2.306,2.267,913094.0,510880,sh,红利ETF华泰柏瑞
2022-03-22,2.293,2.343,2.355,2.281,1346716.0,510880,sh,红利ETF华泰柏瑞
2022-03-23,2.341,2.339,2.353,2.308,1051964.0,510880,sh,红利ETF华泰柏瑞
2022-03-24,2.333,2.346,2.356,2.324,1025762.0,510880,sh,红利ETF华泰柏瑞
2022-03-25,2.345,2.347,2.375,2.335,1292778.0,510880,sh,红利ETF华泰柏瑞
2022-03-28,2.346,2.393,2.397,2.316,2305145.0,510880,sh,红利ETF华泰柏瑞
2022-03-29,2.39,2.411,2.413,2.372,1345784.0,510880,sh,红利ETF华泰柏瑞
2022-03-30,2.398,2.419,2.426,2.386,1076469.0,510880,sh,红利ETF华泰柏瑞
2022-03-31,2.418,2.458,2.484,2.418,2166701.0,510880,sh,红利ETF华泰柏瑞
2022-04-01,2.452,2.491,2.495,2.438,1209413.0,510880,sh,红利ETF华泰柏瑞
2022-04-06,2.489,2.536,2.542,2.477,1443128.0,510880,sh,红利ETF华泰柏瑞
2022-04-07,2.521,2.49,2.536,2.481,2087415.0,510880,sh,红利ETF华泰柏瑞
2022-04-08,2.486,2.525,2.526,2.456,1848475.0,510880,sh,红利ETF华泰柏瑞
2022-04-11,2.522,2.466,2.522,2.458,2533756.0,510880,sh,红利ETF华泰柏瑞
2022-04-12,2.463,2.456,2.49,2.431,1397579.0,510880,sh,红利ETF华泰柏瑞
2022-04-13,2.447,2.479,2.515,2.443,840998.0,510880,sh,红利ETF华泰柏瑞
2022-04-14,2.484,2.535,2.544,2.477,924358.0,510880,sh,红利ETF华泰柏瑞
2022-04-15,2.526,2.502,2.566,2.491,1124177.0,510880,sh,红利ETF华泰柏瑞
2022-04-18,2.486,2.438,2.49,2.427,1142622.0,510880,sh,红利ETF华泰柏瑞
2022-04-19,2.432,2.482,2.485,2.414,1050532.0,510880,sh,红利ETF华泰柏瑞
2022-04-20,2.466,2.395,2.472,2.378,1452606.0,510880,sh,红利ETF华泰柏瑞
2022-04-21,2.385,2.341,2.406,2.326,1654880.0,510880,sh,红利ETF华泰柏瑞
2022-04-22,2.332,2.371,2.377,2.304,1402015.0,510880,sh,红利ETF华泰柏瑞
2022-04-25,2.345,2.247,2.345,2.246,2237596.0,510880,sh,红利ETF华泰柏瑞
2022-04-26,2.247,2.208,2.274,2.199,2276881.0,510880,sh,红利ETF华泰柏瑞
2022-04-27,2.211,2.244,2.245,2.181,2200676.0,510880,sh,红利ETF华泰柏瑞
2022-04-28,2.242,2.29,2.295,2.234,1435094.0,510880,sh,红利ETF华泰柏瑞
2022-04-29,2.29,2.324,2.332,2.258,1483256.0,510880,sh,红利ETF华泰柏瑞
2022-05-05,2.323,2.313,2.332,2.293,926666.0,510880,sh,红利ETF华泰柏瑞
2022-05-06,2.275,2.238,2.281,2.229,1306035.0,510880,sh,红利ETF华泰柏瑞
2022-05-09,2.234,2.23,2.234,2.207,1202058.0,510880,sh,红利ETF华泰柏瑞
2022-05-10,2.23,2.233,2.234,2.172,1546432.0,510880,sh,红利ETF华泰柏瑞
2022-05-11,2.232,2.231,2.254,2.224,1047510.0,510880,sh,红利ETF华泰柏瑞
2022-05-12,2.231,2.219,2.241,2.196,1077044.0,510880,sh,红利ETF华泰柏瑞
2022-05-13,2.219,2.274,2.275,2.219,1298724.0,510880,sh,红利ETF华泰柏瑞
2022-05-16,2.302,2.318,2.325,2.275,1315313.0,510880,sh,红利ETF华泰柏瑞
2022-05-17,2.317,2.308,2.325,2.282,642637.0,510880,sh,红利ETF华泰柏瑞
2022-05-18,2.307,2.28,2.307,2.273,722576.0,510880,sh,红利ETF华泰柏瑞
2022-05-19,2.256,2.283,2.283,2.245,679046.0,510880,sh,红利ETF华泰柏瑞
2022-05-20,2.283,2.322,2.326,2.282,1040242.0,510880,sh,红利ETF华泰柏瑞
2022-05-23,2.329,2.326,2.344,2.318,659382.0,510880,sh,红利ETF华泰柏瑞
2022-05-24,2.326,2.282,2.333,2.28,772512.0,510880,sh,红利ETF华泰柏瑞
2022-05-25,2.279,2.311,2.313,2.268,743564.0,510880,sh,红利ETF华泰柏瑞
2022-05-26,2.313,2.351,2.356,2.305,1228364.0,510880,sh,红利ETF华泰柏瑞
2022-05-27,2.352,2.35,2.361,2.341,1109063.0,510880,sh,红利ETF华泰柏瑞
2022-05-30,2.35,2.336,2.361,2.324,706765.0,510880,sh,红利ETF华泰柏瑞
2022-05-31,2.334,2.34,2.343,2.321,643490.0,510880,sh,红利ETF华泰柏瑞
2022-06-01,2.336,2.349,2.351,2.323,699983.0,510880,sh,红利ETF华泰柏瑞
2022-06-02,2.348,2.331,2.348,2.315,689719.0,510880,sh,红利ETF华泰柏瑞
2022-06-06,2.329,2.33,2.332,2.305,1529238.0,510880,sh,红利ETF华泰柏瑞
2022-06-07,2.33,2.345,2.358,2.318,1060243.0,510880,sh,红利ETF华泰柏瑞
2022-06-08,2.35,2.383,2.384,2.334,1171818.0,510880,sh,红利ETF华泰柏瑞
2022-06-09,2.381,2.39,2.415,2.372,872806.0,510880,sh,红利ETF华泰柏瑞
2022-06-10,2.385,2.41,2.418,2.365,861912.0,510880,sh,红利ETF华泰柏瑞
2022-06-13,2.4,2.366,2.4,2.347,721993.0,510880,sh,红利ETF华泰柏瑞
2022-06-14,2.351,2.404,2.406,2.343,1571499.0,510880,sh,红利ETF华泰柏瑞
2022-06-15,2.401,2.407,2.447,2.389,1321361.0,510880,sh,红利ETF华泰柏瑞
2022-06-16,2.406,2.36,2.421,2.35,1069417.0,510880,sh,红利ETF华泰柏瑞
2022-06-17,2.346,2.353,2.36,2.331,1074420.0,510880,sh,红利ETF华泰柏瑞
2022-06-20,2.348,2.331,2.348,2.321,926790.0,510880,sh,红利ETF华泰柏瑞
2022-06-21,2.331,2.337,2.351,2.324,739908.0,510880,sh,红利ETF华泰柏瑞
2022-06-22,2.336,2.301,2.34,2.296,892693.0,510880,sh,红利ETF华泰柏瑞
2022-06-23,2.299,2.325,2.329,2.286,896028.0,510880,sh,红利ETF华泰柏瑞
2022-06-24,2.326,2.329,2.338,2.316,652722.0,510880,sh,红利ETF华泰柏瑞
2022-06-27,2.329,2.356,2.361,2.326,920136.0,510880,sh,红利ETF华泰柏瑞
2022-06-28,2.356,2.381,2.381,2.352,730164.0,510880,sh,红利ETF华泰柏瑞
2022-06-29,2.38,2.393,2.416,2.376,1138714.0,510880,sh,红利ETF华泰柏瑞
2022-06-30,2.393,2.41,2.418,2.384,809301.0,510880,sh,红利ETF华泰柏瑞
2022-07-01,2.408,2.415,2.422,2.382,1008546.0,510880,sh,红利ETF华泰柏瑞
2022-07-04,2.412,2.421,2.427,2.403,612567.0,510880,sh,红利ETF华泰柏瑞
2022-07-05,2.426,2.435,2.45,2.418,1224467.0,510880,sh,红利ETF华泰柏瑞
2022-07-06,2.42,2.369,2.421,2.351,1080130.0,510880,sh,红利ETF华泰柏瑞
2022-07-07,2.368,2.382,2.39,2.357,485136.0,510880,sh,红利ETF华泰柏瑞
2022-07-08,2.394,2.38,2.401,2.376,555124.0,510880,sh,红利ETF华泰柏瑞
2022-07-11,2.377,2.353,2.377,2.342,708148.0,510880,sh,红利ETF华泰柏瑞
2022-07-12,2.353,2.376,2.39,2.353,686498.0,510880,sh,红利ETF华泰柏瑞
2022-07-13,2.376,2.374,2.382,2.36,404523.0,510880,sh,红利ETF华泰柏瑞
2022-07-14,2.374,2.344,2.374,2.336,894426.0,510880,sh,红利ETF华泰柏瑞
2022-07-15,2.344,2.304,2.356,2.303,1011467.0,510880,sh,红利ETF华泰柏瑞
2022-07-18,2.305,2.363,2.363,2.305,1167972.0,510880,sh,红利ETF华泰柏瑞
2022-07-19,2.363,2.367,2.373,2.351,493102.0,510880,sh,红利ETF华泰柏瑞
2022-07-20,2.366,2.372,2.381,2.366,399507.0,510880,sh,红利ETF华泰柏瑞
2022-07-21,2.371,2.328,2.371,2.326,881328.0,510880,sh,红利ETF华泰柏瑞
2022-07-22,2.326,2.311,2.332,2.296,1243263.0,510880,sh,红利ETF华泰柏瑞
2022-07-25,2.313,2.32,2.331,2.311,537071.0,510880,sh,红利ETF华泰柏瑞
2022-07-26,2.32,2.358,2.367,2.308,1136167.0,510880,sh,红利ETF华泰柏瑞
2022-07-27,2.353,2.358,2.368,2.339,670722.0,510880,sh,红利ETF华泰柏瑞
2022-07-28,2.364,2.369,2.375,2.356,839517.0,510880,sh,红利ETF华泰柏瑞
2022-07-29,2.371,2.347,2.377,2.342,592592.0,510880,sh,红利ETF华泰柏瑞
2022-08-01,2.347,2.354,2.36,2.32,805697.0,510880,sh,红利ETF华泰柏瑞
2022-08-02,2.346,2.291,2.347,2.273,1774883.0,510880,sh,红利ETF华泰柏瑞
2022-08-03,2.289,2.263,2.321,2.258,1258226.0,510880,sh,红利ETF华泰柏瑞
2022-08-04,2.266,2.267,2.275,2.242,1307828.0,510880,sh,红利ETF华泰柏瑞
2022-08-05,2.267,2.271,2.275,2.246,1103469.0,510880,sh,红利ETF华泰柏瑞
2022-08-08,2.272,2.302,2.307,2.267,871181.0,510880,sh,红利ETF华泰柏瑞
2022-08-09,2.302,2.323,2.326,2.293,677843.0,510880,sh,红利ETF华泰柏瑞
2022-08-10,2.322,2.307,2.326,2.298,503481.0,510880,sh,红利ETF华泰柏瑞
2022-08-11,2.313,2.334,2.335,2.309,731091.0,510880,sh,红利ETF华泰柏瑞
2022-08-12,2.334,2.361,2.364,2.334,1107164.0,510880,sh,红利ETF华泰柏瑞
2022-08-15,2.359,2.375,2.39,2.356,968423.0,510880,sh,红利ETF华泰柏瑞
2022-08-16,2.375,2.385,2.392,2.368,1033862.0,510880,sh,红利ETF华泰柏瑞
2022-08-17,2.383,2.389,2.396,2.371,789885.0,510880,sh,红利ETF华泰柏瑞
2022-08-18,2.387,2.365,2.4,2.362,671697.0,510880,sh,红利ETF华泰柏瑞
2022-08-19,2.368,2.39,2.41,2.368,1319032.0,510880,sh,红利ETF华泰柏瑞
2022-08-22,2.391,2.416,2.42,2.388,850620.0,510880,sh,红利ETF华泰柏瑞
2022-08-23,2.415,2.426,2.439,2.394,898388.0,510880,sh,红利ETF华泰柏瑞
2022-08-24,2.427,2.382,2.434,2.38,815757.0,510880,sh,红利ETF华泰柏瑞
2022-08-25,2.389,2.447,2.449,2.389,1885118.0,510880,sh,红利ETF华泰柏瑞
2022-08-26,2.446,2.426,2.453,2.421,855335.0,510880,sh,红利ETF华泰柏瑞
2022-08-29,2.425,2.448,2.453,2.384,967073.0,510880,sh,红利ETF华泰柏瑞
2022-08-30,2.446,2.421,2.454,2.405,546857.0,510880,sh,红利ETF华泰柏瑞
2022-08-31,2.42,2.403,2.426,2.392,619834.0,510880,sh,红利ETF华泰柏瑞
2022-09-01,2.401,2.431,2.465,2.396,1504435.0,510880,sh,红利ETF华泰柏瑞
2022-09-02,2.431,2.425,2.437,2.415,488709.0,510880,sh,红利ETF华泰柏瑞
2022-09-05,2.436,2.479,2.481,2.425,1640818.0,510880,sh,红利ETF华泰柏瑞
2022-09-06,2.484,2.528,2.532,2.478,1215842.0,510880,sh,红利ETF华泰柏瑞
2022-09-07,2.527,2.52,2.532,2.503,721788.0,510880,sh,红利ETF华泰柏瑞
2022-09-08,2.518,2.511,2.53,2.489,573584.0,510880,sh,红利ETF华泰柏瑞
2022-09-09,2.513,2.554,2.558,2.513,923632.0,510880,sh,红利ETF华泰柏瑞
2022-09-13,2.553,2.531,2.558,2.523,589927.0,510880,sh,红利ETF华泰柏瑞
2022-09-14,2.515,2.505,2.538,2.501,584715.0,510880,sh,红利ETF华泰柏瑞
2022-09-15,2.519,2.517,2.552,2.481,1159229.0,510880,sh,红利ETF华泰柏瑞
2022-09-16,2.511,2.427,2.514,2.42,986927.0,510880,sh,红利ETF华泰柏瑞
2022-09-19,2.42,2.427,2.444,2.4,841042.0,510880,sh,红利ETF华泰柏瑞
2022-09-20,2.437,2.424,2.448,2.419,473975.0,510880,sh,红利ETF华泰柏瑞
2022-09-21,2.419,2.451,2.46,2.406,620241.0,510880,sh,红利ETF华泰柏瑞
2022-09-22,2.442,2.463,2.469,2.436,562687.0,510880,sh,红利ETF华泰柏瑞
2022-09-23,2.46,2.439,2.482,2.431,748479.0,510880,sh,红利ETF华泰柏瑞
2022-09-26,2.43,2.391,2.443,2.384,891148.0,510880,sh,红利ETF华泰柏瑞
2022-09-27,2.391,2.407,2.409,2.352,568009.0,510880,sh,红利ETF华泰柏瑞
2022-09-28,2.407,2.386,2.411,2.379,590470.0,510880,sh,红利ETF华泰柏瑞
2022-09-29,2.395,2.381,2.419,2.367,586342.0,510880,sh,红利ETF华泰柏瑞
2022-09-30,2.381,2.406,2.422,2.378,503431.0,510880,sh,红利ETF华泰柏瑞
2022-10-10,2.407,2.411,2.46,2.406,759051.0,510880,sh,红利ETF华泰柏瑞
2022-10-11,2.411,2.401,2.417,2.376,657685.0,510880,sh,红利ETF华泰柏瑞
2022-10-12,2.4,2.436,2.437,2.372,541098.0,510880,sh,红利ETF华泰柏瑞
2022-10-13,2.432,2.39,2.432,2.371,880156.0,510880,sh,红利ETF华泰柏瑞
2022-10-14,2.394,2.422,2.433,2.394,603770.0,510880,sh,红利ETF华泰柏瑞
2022-10-17,2.422,2.413,2.422,2.371,525176.0,510880,sh,红利ETF华泰柏瑞
2022-10-18,2.411,2.408,2.425,2.396,338602.0,510880,sh,红利ETF华泰柏瑞
2022-10-19,2.407,2.405,2.426,2.396,422672.0,510880,sh,红利ETF华泰柏瑞
2022-10-20,2.401,2.379,2.401,2.371,654097.0,510880,sh,红利ETF华泰柏瑞
2022-10-21,2.379,2.392,2.408,2.379,402983.0,510880,sh,红利ETF华泰柏瑞
2022-10-24,2.391,2.34,2.399,2.325,931078.0,510880,sh,红利ETF华泰柏瑞
2022-10-25,2.341,2.312,2.346,2.292,817895.0,510880,sh,红利ETF华泰柏瑞
2022-10-26,2.311,2.295,2.326,2.286,806502.0,510880,sh,红利ETF华泰柏瑞
2022-10-27,2.296,2.309,2.323,2.295,626592.0,510880,sh,红利ETF华泰柏瑞
2022-10-28,2.306,2.26,2.306,2.249,1061274.0,510880,sh,红利ETF华泰柏瑞
2022-10-31,2.26,2.193,2.261,2.184,1885467.0,510880,sh,红利ETF华泰柏瑞
2022-11-01,2.194,2.213,2.213,2.171,1613488.0,510880,sh,红利ETF华泰柏瑞
2022-11-02,2.213,2.246,2.252,2.197,831732.0,510880,sh,红利ETF华泰柏瑞
2022-11-03,2.235,2.227,2.241,2.217,567083.0,510880,sh,红利ETF华泰柏瑞
2022-11-04,2.227,2.275,2.29,2.227,722553.0,510880,sh,红利ETF华泰柏瑞
2022-11-07,2.275,2.3,2.311,2.269,607538.0,510880,sh,红利ETF华泰柏瑞
2022-11-08,2.3,2.3,2.308,2.29,461409.0,510880,sh,红利ETF华泰柏瑞
2022-11-09,2.3,2.298,2.326,2.297,688503.0,510880,sh,红利ETF华泰柏瑞
2022-11-10,2.293,2.305,2.316,2.262,716305.0,510880,sh,红利ETF华泰柏瑞
2022-11-11,2.344,2.367,2.384,2.333,1194560.0,510880,sh,红利ETF华泰柏瑞
2022-11-14,2.396,2.356,2.418,2.346,786238.0,510880,sh,红利ETF华泰柏瑞
2022-11-15,2.356,2.366,2.369,2.334,492170.0,510880,sh,红利ETF华泰柏瑞
2022-11-16,2.366,2.357,2.369,2.353,361663.0,510880,sh,红利ETF华泰柏瑞
2022-11-17,2.356,2.336,2.356,2.318,638277.0,510880,sh,红利ETF华泰柏瑞
2022-11-18,2.336,2.323,2.337,2.317,535417.0,510880,sh,红利ETF华泰柏瑞
2022-11-21,2.314,2.312,2.317,2.285,460316.0,510880,sh,红利ETF华泰柏瑞
2022-11-22,2.312,2.331,2.351,2.311,552430.0,510880,sh,红利ETF华泰柏瑞
2022-11-23,2.33,2.347,2.362,2.326,944300.0,510880,sh,红利ETF华泰柏瑞
2022-11-24,2.359,2.363,2.366,2.343,491450.0,510880,sh,红利ETF华泰柏瑞
2022-11-25,2.362,2.412,2.416,2.359,1328638.0,510880,sh,红利ETF华泰柏瑞
2022-11-28,2.392,2.394,2.402,2.364,625337.0,510880,sh,红利ETF华泰柏瑞
2022-11-29,2.431,2.48,2.482,2.416,2016040.0,510880,sh,红利ETF华泰柏瑞
2022-11-30,2.474,2.46,2.509,2.45,882839.0,510880,sh,红利ETF华泰柏瑞
2022-12-01,2.484,2.439,2.49,2.436,688166.0,510880,sh,红利ETF华泰柏瑞
2022-12-02,2.439,2.418,2.439,2.401,1036667.0,510880,sh,红利ETF华泰柏瑞
2022-12-05,2.429,2.471,2.48,2.429,869015.0,510880,sh,红利ETF华泰柏瑞
2022-12-06,2.468,2.459,2.469,2.445,677708.0,510880,sh,红利ETF华泰柏瑞
2022-12-07,2.452,2.444,2.464,2.431,466251.0,510880,sh,红利ETF华泰柏瑞
2022-12-08,2.443,2.459,2.468,2.435,496940.0,510880,sh,红利ETF华泰柏瑞
2022-12-09,2.457,2.466,2.471,2.446,542183.0,510880,sh,红利ETF华泰柏瑞
2022-12-12,2.454,2.404,2.457,2.403,821763.0,510880,sh,红利ETF华泰柏瑞
2022-12-13,2.404,2.418,2.428,2.399,348464.0,510880,sh,红利ETF华泰柏瑞
2022-12-14,2.418,2.412,2.42,2.406,344612.0,510880,sh,红利ETF华泰柏瑞
2022-12-15,2.41,2.377,2.411,2.369,739360.0,510880,sh,红利ETF华泰柏瑞
2022-12-16,2.372,2.399,2.414,2.366,587142.0,510880,sh,红利ETF华泰柏瑞
2022-12-19,2.399,2.36,2.41,2.344,727546.0,510880,sh,红利ETF华泰柏瑞
2022-12-20,2.36,2.326,2.361,2.311,802037.0,510880,sh,红利ETF华泰柏瑞
2022-12-21,2.328,2.329,2.345,2.316,748950.0,510880,sh,红利ETF华泰柏瑞
2022-12-22,2.336,2.307,2.352,2.298,774556.0,510880,sh,红利ETF华泰柏瑞
2022-12-23,2.306,2.297,2.315,2.289,671519.0,510880,sh,红利ETF华泰柏瑞
2022-12-26,2.297,2.29,2.302,2.288,655261.0,510880,sh,红利ETF华泰柏瑞
2022-12-27,2.292,2.318,2.323,2.292,666164.0,510880,sh,红利ETF华泰柏瑞
2022-12-28,2.318,2.324,2.329,2.3,445169.0,510880,sh,红利ETF华泰柏瑞
2022-12-29,2.322,2.295,2.322,2.287,744645.0,510880,sh,红利ETF华泰柏瑞
2022-12-30,2.296,2.309,2.311,2.292,553765.0,510880,sh,红利ETF华泰柏瑞
2023-01-03,2.31,2.322,2.329,2.3,485832.0,510880,sh,红利ETF华泰柏瑞
2023-01-04,2.322,2.343,2.351,2.315,536863.0,510880,sh,红利ETF华泰柏瑞
2023-01-05,2.346,2.348,2.354,2.338,501861.0,510880,sh,红利ETF华泰柏瑞
2023-01-06,2.348,2.343,2.35,2.338,512677.0,510880,sh,红利ETF华泰柏瑞
2023-01-09,2.347,2.345,2.353,2.336,518674.0,510880,sh,红利ETF华泰柏瑞
2023-01-10,2.346,2.329,2.35,2.324,852621.0,510880,sh,红利ETF华泰柏瑞
2023-01-11,2.329,2.351,2.357,2.327,649431.0,510880,sh,红利ETF华泰柏瑞
2023-01-12,2.351,2.338,2.352,2.328,905973.0,510880,sh,红利ETF华泰柏瑞
2023-01-13,2.339,2.353,2.356,2.339,667608.0,510880,sh,红利ETF华泰柏瑞
2023-01-16,2.404,2.372,2.404,2.354,1863794.0,510880,sh,红利ETF华泰柏瑞
2023-01-17,2.372,2.364,2.376,2.36,1064218.0,510880,sh,红利ETF华泰柏瑞
2023-01-18,2.364,2.367,2.375,2.364,752839.0,510880,sh,红利ETF华泰柏瑞
2023-01-19,2.368,2.373,2.374,2.359,909720.0,510880,sh,红利ETF华泰柏瑞
2023-01-20,2.374,2.401,2.402,2.374,887005.0,510880,sh,红利ETF华泰柏瑞
2023-01-30,2.417,2.385,2.433,2.384,1271491.0,510880,sh,红利ETF华泰柏瑞
2023-01-31,2.385,2.393,2.394,2.38,605273.0,510880,sh,红利ETF华泰柏瑞
2023-02-01,2.393,2.397,2.399,2.38,780937.0,510880,sh,红利ETF华泰柏瑞
2023-02-02,2.397,2.401,2.407,2.386,685800.0,510880,sh,红利ETF华泰柏瑞
2023-02-03,2.399,2.383,2.4,2.37,1396940.0,510880,sh,红利ETF华泰柏瑞
2023-02-06,2.376,2.368,2.376,2.361,862706.0,510880,sh,红利ETF华泰柏瑞
2023-02-07,2.368,2.379,2.386,2.368,587569.0,510880,sh,红利ETF华泰柏瑞
2023-02-08,2.381,2.372,2.386,2.37,595259.0,510880,sh,红利ETF华泰柏瑞
2023-02-09,2.37,2.381,2.384,2.365,566886.0,510880,sh,红利ETF华泰柏瑞
2023-02-10,2.382,2.384,2.389,2.376,690442.0,510880,sh,红利ETF华泰柏瑞
2023-02-13,2.384,2.389,2.39,2.371,696179.0,510880,sh,红利ETF华泰柏瑞
2023-02-14,2.388,2.406,2.407,2.388,965068.0,510880,sh,红利ETF华泰柏瑞
2023-02-15,2.406,2.393,2.407,2.389,590318.0,510880,sh,红利ETF华泰柏瑞
2023-02-16,2.393,2.378,2.411,2.364,1288829.0,510880,sh,红利ETF华泰柏瑞
2023-02-17,2.383,2.383,2.398,2.375,1148809.0,510880,sh,红利ETF华泰柏瑞
2023-02-20,2.383,2.427,2.428,2.383,1751809.0,510880,sh,红利ETF华泰柏瑞
2023-02-21,2.432,2.463,2.47,2.432,1300055.0,510880,sh,红利ETF华泰柏瑞
2023-02-22,2.463,2.467,2.473,2.444,801624.0,510880,sh,红利ETF华泰柏瑞
2023-02-23,2.478,2.478,2.494,2.466,962379.0,510880,sh,红利ETF华泰柏瑞
2023-02-24,2.477,2.47,2.48,2.453,739356.0,510880,sh,红利ETF华泰柏瑞
2023-02-27,2.464,2.475,2.491,2.464,730676.0,510880,sh,红利ETF华泰柏瑞
2023-02-28,2.475,2.482,2.482,2.461,519584.0,510880,sh,红利ETF华泰柏瑞
2023-03-01,2.483,2.499,2.5,2.482,1127627.0,510880,sh,红利ETF华泰柏瑞
2023-03-02,2.499,2.513,2.526,2.494,862288.0,510880,sh,红利ETF华泰柏瑞
2023-03-03,2.514,2.528,2.532,2.505,872135.0,510880,sh,红利ETF华泰柏瑞
2023-03-06,2.529,2.514,2.534,2.511,913068.0,510880,sh,红利ETF华泰柏瑞
2023-03-07,2.513,2.507,2.554,2.504,1116099.0,510880,sh,红利ETF华泰柏瑞
2023-03-08,2.504,2.505,2.506,2.485,772186.0,510880,sh,红利ETF华泰柏瑞
2023-03-09,2.506,2.501,2.523,2.499,572954.0,510880,sh,红利ETF华泰柏瑞
2023-03-10,2.498,2.461,2.498,2.454,973658.0,510880,sh,红利ETF华泰柏瑞
2023-03-13,2.457,2.494,2.494,2.454,726238.0,510880,sh,红利ETF华泰柏瑞
2023-03-14,2.494,2.479,2.507,2.467,715216.0,510880,sh,红利ETF华泰柏瑞
2023-03-15,2.483,2.503,2.509,2.47,881220.0,510880,sh,红利ETF华泰柏瑞
2023-03-16,2.494,2.482,2.508,2.478,720164.0,510880,sh,红利ETF华泰柏瑞
2023-03-17,2.485,2.501,2.514,2.485,776820.0,510880,sh,红利ETF华泰柏瑞
2023-03-20,2.501,2.488,2.525,2.486,953270.0,510880,sh,红利ETF华泰柏瑞
2023-03-21,2.49,2.48,2.498,2.471,636578.0,510880,sh,红利ETF华泰柏瑞
2023-03-22,2.484,2.494,2.505,2.477,545841.0,510880,sh,红利ETF华泰柏瑞
2023-03-23,2.493,2.496,2.499,2.48,420594.0,510880,sh,红利ETF华泰柏瑞
2023-03-24,2.499,2.478,2.501,2.474,620309.0,510880,sh,红利ETF华泰柏瑞
2023-03-27,2.478,2.457,2.478,2.444,972384.0,510880,sh,红利ETF华泰柏瑞
2023-03-28,2.459,2.462,2.47,2.45,455337.0,510880,sh,红利ETF华泰柏瑞
2023-03-29,2.464,2.46,2.474,2.455,342303.0,510880,sh,红利ETF华泰柏瑞
2023-03-30,2.459,2.471,2.472,2.442,678842.0,510880,sh,红利ETF华泰柏瑞
2023-03-31,2.473,2.478,2.489,2.468,551292.0,510880,sh,红利ETF华泰柏瑞
2023-04-03,2.478,2.499,2.502,2.478,756135.0,510880,sh,红利ETF华泰柏瑞
2023-04-04,2.497,2.512,2.519,2.491,1102917.0,510880,sh,红利ETF华泰柏瑞
2023-04-06,2.512,2.495,2.512,2.493,312259.0,510880,sh,红利ETF华泰柏瑞
2023-04-07,2.494,2.496,2.506,2.489,370529.0,510880,sh,红利ETF华泰柏瑞
2023-04-10,2.496,2.493,2.497,2.485,459228.0,510880,sh,红利ETF华泰柏瑞
2023-04-11,2.493,2.516,2.516,2.487,790545.0,510880,sh,红利ETF华泰柏瑞
2023-04-12,2.518,2.55,2.551,2.518,1287813.0,510880,sh,红利ETF华泰柏瑞
2023-04-13,2.548,2.557,2.57,2.545,1075160.0,510880,sh,红利ETF华泰柏瑞
2023-04-14,2.557,2.549,2.563,2.538,623914.0,510880,sh,红利ETF华泰柏瑞
2023-04-17,2.546,2.583,2.584,2.536,992643.0,510880,sh,红利ETF华泰柏瑞
2023-04-18,2.581,2.602,2.603,2.574,1191345.0,510880,sh,红利ETF华泰柏瑞
2023-04-19,2.6,2.597,2.609,2.59,1234940.0,510880,sh,红利ETF华泰柏瑞
2023-04-20,2.594,2.593,2.605,2.568,712193.0,510880,sh,红利ETF华泰柏瑞
2023-04-21,2.593,2.576,2.622,2.575,676848.0,510880,sh,红利ETF华泰柏瑞
2023-04-24,2.577,2.571,2.588,2.564,1750071.0,510880,sh,红利ETF华泰柏瑞
2023-04-25,2.572,2.593,2.597,2.554,1128146.0,510880,sh,红利ETF华泰柏瑞
2023-04-26,2.583,2.599,2.616,2.554,1221749.0,510880,sh,红利ETF华泰柏瑞
2023-04-27,2.598,2.607,2.621,2.583,1210867.0,510880,sh,红利ETF华泰柏瑞
2023-04-28,2.6,2.643,2.645,2.597,1601624.0,510880,sh,红利ETF华泰柏瑞
2023-05-04,2.636,2.714,2.719,2.626,1102254.0,510880,sh,红利ETF华泰柏瑞
2023-05-05,2.722,2.742,2.763,2.703,1037191.0,510880,sh,红利ETF华泰柏瑞
2023-05-08,2.739,2.833,2.847,2.732,1940770.0,510880,sh,红利ETF华泰柏瑞
2023-05-09,2.833,2.795,2.869,2.792,2060461.0,510880,sh,红利ETF华泰柏瑞
2023-05-10,2.784,2.727,2.796,2.716,1722596.0,510880,sh,红利ETF华泰柏瑞
2023-05-11,2.729,2.72,2.748,2.709,783375.0,510880,sh,红利ETF华泰柏瑞
2023-05-12,2.72,2.707,2.747,2.694,926689.0,510880,sh,红利ETF华泰柏瑞
2023-05-15,2.706,2.7,2.707,2.63,1223200.0,510880,sh,红利ETF华泰柏瑞
2023-05-16,2.697,2.68,2.722,2.675,794161.0,510880,sh,红利ETF华泰柏瑞
2023-05-17,2.68,2.667,2.689,2.655,722698.0,510880,sh,红利ETF华泰柏瑞
2023-05-18,2.669,2.695,2.713,2.668,654278.0,510880,sh,红利ETF华泰柏瑞
2023-05-19,2.682,2.652,2.682,2.648,2094556.0,510880,sh,红利ETF华泰柏瑞
2023-05-22,2.649,2.642,2.66,2.629,697594.0,510880,sh,红利ETF华泰柏瑞
2023-05-23,2.64,2.604,2.65,2.604,671807.0,510880,sh,红利ETF华泰柏瑞
2023-05-24,2.602,2.562,2.602,2.558,961954.0,510880,sh,红利ETF华泰柏瑞
2023-05-25,2.558,2.547,2.562,2.516,910527.0,510880,sh,红利ETF华泰柏瑞
2023-05-26,2.544,2.575,2.583,2.53,1057589.0,510880,sh,红利ETF华泰柏瑞
2023-05-29,2.583,2.606,2.628,2.565,1536139.0,510880,sh,红利ETF华泰柏瑞
2023-05-30,2.6,2.605,2.613,2.564,805466.0,510880,sh,红利ETF华泰柏瑞
2023-05-31,2.596,2.572,2.602,2.566,787210.0,510880,sh,红利ETF华泰柏瑞
2023-06-01,2.574,2.569,2.595,2.555,645278.0,510880,sh,红利ETF华泰柏瑞
2023-06-02,2.571,2.568,2.584,2.561,854959.0,510880,sh,红利ETF华泰柏瑞
2023-06-05,2.569,2.586,2.589,2.557,612976.0,510880,sh,红利ETF华泰柏瑞
2023-06-06,2.586,2.576,2.622,2.566,812045.0,510880,sh,红利ETF华泰柏瑞
2023-06-07,2.575,2.607,2.612,2.56,970895.0,510880,sh,红利ETF华泰柏瑞
2023-06-08,2.605,2.644,2.652,2.59,1003716.0,510880,sh,红利ETF华泰柏瑞
2023-06-09,2.642,2.625,2.643,2.616,601660.0,510880,sh,红利ETF华泰柏瑞
2023-06-12,2.625,2.594,2.625,2.59,762985.0,510880,sh,红利ETF华泰柏瑞
2023-06-13,2.588,2.587,2.601,2.582,494480.0,510880,sh,红利ETF华泰柏瑞
2023-06-14,2.587,2.569,2.609,2.568,781806.0,510880,sh,红利ETF华泰柏瑞
2023-06-15,2.572,2.578,2.581,2.564,587570.0,510880,sh,红利ETF华泰柏瑞
2023-06-16,2.578,2.573,2.585,2.572,878893.0,510880,sh,红利ETF华泰柏瑞
2023-06-19,2.573,2.536,2.574,2.534,1030814.0,510880,sh,红利ETF华泰柏瑞
2023-06-20,2.534,2.509,2.535,2.506,837875.0,510880,sh,红利ETF华泰柏瑞
2023-06-21,2.508,2.492,2.522,2.489,959552.0,510880,sh,红利ETF华泰柏瑞
2023-06-26,2.484,2.446,2.484,2.445,1856509.0,510880,sh,红利ETF华泰柏瑞
2023-06-27,2.446,2.499,2.504,2.446,1146555.0,510880,sh,红利ETF华泰柏瑞
2023-06-28,2.495,2.519,2.522,2.489,790247.0,510880,sh,红利ETF华泰柏瑞
2023-06-29,2.518,2.517,2.527,2.502,761334.0,510880,sh,红利ETF华泰柏瑞
2023-06-30,2.515,2.522,2.532,2.513,716084.0,510880,sh,红利ETF华泰柏瑞
2023-07-03,2.524,2.557,2.559,2.524,972362.0,510880,sh,红利ETF华泰柏瑞
2023-07-04,2.554,2.534,2.554,2.52,642263.0,510880,sh,红利ETF华泰柏瑞
2023-07-05,2.528,2.532,2.541,2.517,1092783.0,510880,sh,红利ETF华泰柏瑞
2023-07-06,2.532,2.525,2.541,2.518,556868.0,510880,sh,红利ETF华泰柏瑞
2023-07-07,2.52,2.543,2.545,2.516,593350.0,510880,sh,红利ETF华泰柏瑞
2023-07-10,2.544,2.55,2.556,2.538,479310.0,510880,sh,红利ETF华泰柏瑞
2023-07-11,2.552,2.548,2.557,2.534,401942.0,510880,sh,红利ETF华泰柏瑞
2023-07-12,2.55,2.53,2.553,2.524,513875.0,510880,sh,红利ETF华泰柏瑞
2023-07-13,2.534,2.561,2.565,2.532,669262.0,510880,sh,红利ETF华泰柏瑞
2023-07-14,2.563,2.576,2.586,2.562,732841.0,510880,sh,红利ETF华泰柏瑞
2023-07-17,2.567,2.559,2.567,2.544,460003.0,510880,sh,红利ETF华泰柏瑞
2023-07-18,2.558,2.552,2.565,2.544,373974.0,510880,sh,红利ETF华泰柏瑞
2023-07-19,2.549,2.571,2.572,2.549,473091.0,510880,sh,红利ETF华泰柏瑞
2023-07-20,2.571,2.562,2.58,2.556,415692.0,510880,sh,红利ETF华泰柏瑞
2023-07-21,2.558,2.562,2.568,2.551,377542.0,510880,sh,红利ETF华泰柏瑞
2023-07-24,2.554,2.56,2.572,2.545,574601.0,510880,sh,红利ETF华泰柏瑞
2023-07-25,2.577,2.602,2.603,2.577,1076292.0,510880,sh,红利ETF华泰柏瑞
2023-07-26,2.603,2.609,2.615,2.599,883122.0,510880,sh,红利ETF华泰柏瑞
2023-07-27,2.608,2.618,2.642,2.603,1020283.0,510880,sh,红利ETF华泰柏瑞
2023-07-28,2.612,2.67,2.677,2.611,1348148.0,510880,sh,红利ETF华泰柏瑞
2023-07-31,2.685,2.69,2.718,2.677,1151875.0,510880,sh,红利ETF华泰柏瑞
2023-08-01,2.689,2.694,2.709,2.68,1054226.0,510880,sh,红利ETF华泰柏瑞
2023-08-02,2.692,2.655,2.692,2.649,927511.0,510880,sh,红利ETF华泰柏瑞
2023-08-03,2.647,2.671,2.672,2.635,701564.0,510880,sh,红利ETF华泰柏瑞
2023-08-04,2.681,2.66,2.696,2.657,904780.0,510880,sh,红利ETF华泰柏瑞
2023-08-07,2.656,2.632,2.656,2.623,552956.0,510880,sh,红利ETF华泰柏瑞
2023-08-08,2.626,2.627,2.643,2.617,558145.0,510880,sh,红利ETF华泰柏瑞
2023-08-09,2.627,2.617,2.627,2.614,370086.0,510880,sh,红利ETF华泰柏瑞
2023-08-10,2.617,2.638,2.649,2.613,409195.0,510880,sh,红利ETF华泰柏瑞
2023-08-11,2.638,2.596,2.645,2.595,500889.0,510880,sh,红利ETF华泰柏瑞
2023-08-14,2.581,2.59,2.596,2.556,813552.0,510880,sh,红利ETF华泰柏瑞
2023-08-15,2.59,2.614,2.62,2.581,994551.0,510880,sh,红利ETF华泰柏瑞
2023-08-16,2.609,2.613,2.627,2.59,748720.0,510880,sh,红利ETF华泰柏瑞
2023-08-17,2.597,2.612,2.613,2.584,690161.0,510880,sh,红利ETF华泰柏瑞
2023-08-18,2.608,2.613,2.642,2.607,789580.0,510880,sh,红利ETF华泰柏瑞
2023-08-21,2.613,2.588,2.618,2.584,866619.0,510880,sh,红利ETF华泰柏瑞
2023-08-22,2.589,2.606,2.615,2.577,825060.0,510880,sh,红利ETF华泰柏瑞
2023-08-23,2.603,2.612,2.642,2.6,793974.0,510880,sh,红利ETF华泰柏瑞
2023-08-24,2.612,2.596,2.623,2.591,724400.0,510880,sh,红利ETF华泰柏瑞
2023-08-25,2.594,2.599,2.617,2.585,1068480.0,510880,sh,红利ETF华泰柏瑞
2023-08-28,2.734,2.641,2.752,2.631,1726732.0,510880,sh,红利ETF华泰柏瑞
2023-08-29,2.633,2.641,2.648,2.619,860036.0,510880,sh,红利ETF华泰柏瑞
2023-08-30,2.641,2.611,2.641,2.6,926290.0,510880,sh,红利ETF华泰柏瑞
2023-08-31,2.608,2.578,2.618,2.572,1023376.0,510880,sh,红利ETF华泰柏瑞
2023-09-01,2.579,2.606,2.612,2.579,667127.0,510880,sh,红利ETF华泰柏瑞
2023-09-04,2.616,2.652,2.659,2.616,1059034.0,510880,sh,红利ETF华泰柏瑞
2023-09-05,2.652,2.628,2.652,2.618,618360.0,510880,sh,红利ETF华泰柏瑞
2023-09-06,2.62,2.625,2.633,2.609,456884.0,510880,sh,红利ETF华泰柏瑞
2023-09-07,2.624,2.617,2.641,2.615,725476.0,510880,sh,红利ETF华泰柏瑞
2023-09-08,2.609,2.598,2.613,2.591,695400.0,510880,sh,红利ETF华泰柏瑞
2023-09-11,2.599,2.619,2.623,2.598,463782.0,510880,sh,红利ETF华泰柏瑞
2023-09-12,2.617,2.614,2.622,2.61,312388.0,510880,sh,红利ETF华泰柏瑞
2023-09-13,2.617,2.629,2.641,2.617,716524.0,510880,sh,红利ETF华泰柏瑞
2023-09-14,2.628,2.667,2.67,2.621,1194308.0,510880,sh,红利ETF华泰柏瑞
2023-09-15,2.669,2.669,2.694,2.656,1047897.0,510880,sh,红利ETF华泰柏瑞
2023-09-18,2.668,2.671,2.671,2.638,617683.0,510880,sh,红利ETF华泰柏瑞
2023-09-19,2.669,2.692,2.697,2.666,735354.0,510880,sh,红利ETF华泰柏瑞
2023-09-20,2.69,2.7,2.705,2.679,655175.0,510880,sh,红利ETF华泰柏瑞
2023-09-21,2.691,2.681,2.707,2.679,1047294.0,510880,sh,红利ETF华泰柏瑞
2023-09-22,2.667,2.695,2.696,2.666,1007621.0,510880,sh,红利ETF华泰柏瑞
2023-09-25,2.691,2.689,2.709,2.679,861186.0,510880,sh,红利ETF华泰柏瑞
2023-09-26,2.685,2.676,2.694,2.672,446007.0,510880,sh,红利ETF华泰柏瑞
2023-09-27,2.675,2.665,2.681,2.659,710823.0,510880,sh,红利ETF华泰柏瑞
2023-09-28,2.668,2.661,2.674,2.66,520790.0,510880,sh,红利ETF华泰柏瑞
2023-10-09,2.661,2.656,2.662,2.626,662659.0,510880,sh,红利ETF华泰柏瑞
2023-10-10,2.656,2.627,2.662,2.625,637081.0,510880,sh,红利ETF华泰柏瑞
2023-10-11,2.631,2.618,2.635,2.61,760371.0,510880,sh,红利ETF华泰柏瑞
2023-10-12,2.627,2.644,2.65,2.625,620371.0,510880,sh,红利ETF华泰柏瑞
2023-10-13,2.63,2.64,2.649,2.621,535202.0,510880,sh,红利ETF华泰柏瑞
2023-10-16,2.642,2.659,2.66,2.634,707510.0,510880,sh,红利ETF华泰柏瑞
2023-10-17,2.657,2.655,2.66,2.643,393282.0,510880,sh,红利ETF华泰柏瑞
2023-10-18,2.652,2.632,2.655,2.631,529825.0,510880,sh,红利ETF华泰柏瑞
2023-10-19,2.623,2.587,2.627,2.584,910391.0,510880,sh,红利ETF华泰柏瑞
2023-10-20,2.583,2.564,2.583,2.554,1070550.0,510880,sh,红利ETF华泰柏瑞
2023-10-23,2.563,2.534,2.567,2.519,805009.0,510880,sh,红利ETF华泰柏瑞
2023-10-24,2.552,2.555,2.556,2.534,693513.0,510880,sh,红利ETF华泰柏瑞
2023-10-25,2.571,2.578,2.587,2.565,835238.0,510880,sh,红利ETF华泰柏瑞
2023-10-26,2.571,2.588,2.591,2.559,524288.0,510880,sh,红利ETF华泰柏瑞
2023-10-27,2.588,2.599,2.611,2.582,808122.0,510880,sh,红利ETF华泰柏瑞
2023-10-30,2.593,2.558,2.594,2.554,1181718.0,510880,sh,红利ETF华泰柏瑞
2023-10-31,2.556,2.566,2.567,2.545,532119.0,510880,sh,红利ETF华泰柏瑞
2023-11-01,2.567,2.563,2.569,2.548,552552.0,510880,sh,红利ETF华泰柏瑞
2023-11-02,2.563,2.572,2.582,2.561,538307.0,510880,sh,红利ETF华泰柏瑞
2023-11-03,2.572,2.558,2.58,2.554,700467.0,510880,sh,红利ETF华泰柏瑞
2023-11-06,2.558,2.539,2.562,2.532,1725427.0,510880,sh,红利ETF华泰柏瑞
2023-11-07,2.536,2.541,2.544,2.524,586932.0,510880,sh,红利ETF华泰柏瑞
2023-11-08,2.537,2.54,2.547,2.529,504998.0,510880,sh,红利ETF华泰柏瑞
2023-11-09,2.54,2.565,2.567,2.537,902506.0,510880,sh,红利ETF华泰柏瑞
2023-11-10,2.555,2.557,2.563,2.541,507373.0,510880,sh,红利ETF华泰柏瑞
2023-11-13,2.561,2.562,2.567,2.539,444820.0,510880,sh,红利ETF华泰柏瑞
2023-11-14,2.562,2.552,2.565,2.544,449898.0,510880,sh,红利ETF华泰柏瑞
2023-11-15,2.564,2.561,2.568,2.554,436421.0,510880,sh,红利ETF华泰柏瑞
2023-11-16,2.561,2.563,2.569,2.552,548953.0,510880,sh,红利ETF华泰柏瑞
2023-11-17,2.558,2.553,2.561,2.543,425464.0,510880,sh,红利ETF华泰柏瑞
2023-11-20,2.554,2.557,2.562,2.546,469947.0,510880,sh,红利ETF华泰柏瑞
2023-11-21,2.56,2.573,2.591,2.559,744516.0,510880,sh,红利ETF华泰柏瑞
2023-11-22,2.567,2.565,2.584,2.565,624226.0,510880,sh,红利ETF华泰柏瑞
2023-11-23,2.565,2.585,2.589,2.562,789752.0,510880,sh,红利ETF华泰柏瑞
2023-11-24,2.582,2.593,2.599,2.582,540474.0,510880,sh,红利ETF华泰柏瑞
2023-11-27,2.586,2.584,2.59,2.571,607921.0,510880,sh,红利ETF华泰柏瑞
2023-11-28,2.58,2.578,2.58,2.562,478999.0,510880,sh,红利ETF华泰柏瑞
2023-11-29,2.578,2.565,2.583,2.56,534770.0,510880,sh,红利ETF华泰柏瑞
2023-11-30,2.561,2.574,2.575,2.559,452842.0,510880,sh,红利ETF华泰柏瑞
2023-12-01,2.574,2.586,2.589,2.571,608245.0,510880,sh,红利ETF华泰柏瑞
2023-12-04,2.586,2.592,2.598,2.58,667699.0,510880,sh,红利ETF华泰柏瑞
2023-12-05,2.588,2.556,2.588,2.554,796424.0,510880,sh,红利ETF华泰柏瑞
2023-12-06,2.557,2.553,2.558,2.525,681201.0,510880,sh,红利ETF华泰柏瑞
2023-12-07,2.55,2.554,2.562,2.537,447964.0,510880,sh,红利ETF华泰柏瑞
2023-12-08,2.554,2.555,2.566,2.539,454388.0,510880,sh,红利ETF华泰柏瑞
2023-12-11,2.547,2.581,2.584,2.505,1034987.0,510880,sh,红利ETF华泰柏瑞
2023-12-12,2.575,2.593,2.594,2.564,796823.0,510880,sh,红利ETF华泰柏瑞
2023-12-13,2.587,2.571,2.594,2.57,480402.0,510880,sh,红利ETF华泰柏瑞
2023-12-14,2.581,2.579,2.59,2.564,590059.0,510880,sh,红利ETF华泰柏瑞
2023-12-15,2.582,2.562,2.586,2.556,656317.0,510880,sh,红利ETF华泰柏瑞
2023-12-18,2.556,2.559,2.574,2.546,497289.0,510880,sh,红利ETF华泰柏瑞
2023-12-19,2.555,2.551,2.558,2.539,707956.0,510880,sh,红利ETF华泰柏瑞
2023-12-20,2.554,2.549,2.571,2.545,664411.0,510880,sh,红利ETF华泰柏瑞
2023-12-21,2.543,2.529,2.543,2.513,1107048.0,510880,sh,红利ETF华泰柏瑞
2023-12-22,2.53,2.525,2.543,2.517,787360.0,510880,sh,红利ETF华泰柏瑞
2023-12-25,2.521,2.523,2.524,2.502,683572.0,510880,sh,红利ETF华泰柏瑞
2023-12-26,2.522,2.506,2.541,2.503,816758.0,510880,sh,红利ETF华泰柏瑞
2023-12-27,2.504,2.518,2.519,2.491,828123.0,510880,sh,红利ETF华泰柏瑞
2023-12-28,2.518,2.5,2.522,2.492,1574403.0,510880,sh,红利ETF华泰柏瑞
2023-12-29,2.5,2.515,2.519,2.491,1082140.0,510880,sh,红利ETF华泰柏瑞
2024-01-02,2.515,2.554,2.567,2.514,1458170.0,510880,sh,红利ETF华泰柏瑞
2024-01-03,2.552,2.594,2.598,2.549,2441793.0,510880,sh,红利ETF华泰柏瑞
2024-01-04,2.592,2.618,2.624,2.587,2469680.0,510880,sh,红利ETF华泰柏瑞
2024-01-05,2.614,2.628,2.671,2.61,3212402.0,510880,sh,红利ETF华泰柏瑞
2024-01-08,2.624,2.599,2.626,2.597,1197284.0,510880,sh,红利ETF华泰柏瑞
2024-01-09,2.598,2.622,2.626,2.575,1073091.0,510880,sh,红利ETF华泰柏瑞
2024-01-10,2.61,2.607,2.629,2.603,855944.0,510880,sh,红利ETF华泰柏瑞
2024-01-11,2.604,2.579,2.604,2.575,1105492.0,510880,sh,红利ETF华泰柏瑞
2024-01-12,2.579,2.594,2.601,2.574,1127940.0,510880,sh,红利ETF华泰柏瑞
2024-01-15,2.584,2.608,2.609,2.574,534727.0,510880,sh,红利ETF华泰柏瑞
2024-01-16,2.606,2.618,2.62,2.593,1066104.0,510880,sh,红利ETF华泰柏瑞
2024-01-17,2.616,2.581,2.626,2.577,1028522.0,510880,sh,红利ETF华泰柏瑞
2024-01-18,2.577,2.556,2.577,2.484,2914139.0,510880,sh,红利ETF华泰柏瑞
2024-01-19,2.551,2.534,2.559,2.525,1330333.0,510880,sh,红利ETF华泰柏瑞
2024-01-22,2.534,2.465,2.536,2.426,3060738.0,510880,sh,红利ETF华泰柏瑞
2024-01-23,2.494,2.483,2.494,2.425,3024009.0,510880,sh,红利ETF华泰柏瑞
2024-01-24,2.488,2.551,2.56,2.481,1620342.0,510880,sh,红利ETF华泰柏瑞
2024-01-25,2.551,2.623,2.625,2.551,1825239.0,510880,sh,红利ETF华泰柏瑞
2024-01-26,2.62,2.664,2.67,2.616,2013140.0,510880,sh,红利ETF华泰柏瑞
2024-01-29,2.668,2.679,2.702,2.665,1811884.0,510880,sh,红利ETF华泰柏瑞
2024-01-30,2.665,2.645,2.693,2.64,2223674.0,510880,sh,红利ETF华泰柏瑞
2024-01-31,2.639,2.649,2.675,2.628,1390434.0,510880,sh,红利ETF华泰柏瑞
2024-02-01,2.638,2.619,2.641,2.609,1030716.0,510880,sh,红利ETF华泰柏瑞
2024-02-02,2.617,2.627,2.668,2.566,3107944.0,510880,sh,红利ETF华泰柏瑞
2024-02-05,2.611,2.633,2.655,2.576,1934368.0,510880,sh,红利ETF华泰柏瑞
2024-02-06,2.625,2.675,2.692,2.603,2209791.0,510880,sh,红利ETF华泰柏瑞
2024-02-07,2.674,2.719,2.721,2.646,2112419.0,510880,sh,红利ETF华泰柏瑞
2024-02-08,2.718,2.72,2.743,2.703,1574356.0,510880,sh,红利ETF华泰柏瑞
2024-02-19,2.722,2.79,2.794,2.698,2098519.0,510880,sh,红利ETF华泰柏瑞
2024-02-20,2.778,2.834,2.842,2.771,2077467.0,510880,sh,红利ETF华泰柏瑞
2024-02-21,2.826,2.827,2.869,2.817,2176413.0,510880,sh,红利ETF华泰柏瑞
2024-02-22,2.822,2.885,2.887,2.82,1750987.0,510880,sh,红利ETF华泰柏瑞
2024-02-23,2.883,2.867,2.902,2.856,1769150.0,510880,sh,红利ETF华泰柏瑞
2024-02-26,2.866,2.798,2.866,2.785,1951116.0,510880,sh,红利ETF华泰柏瑞
2024-02-27,2.786,2.815,2.824,2.776,978146.0,510880,sh,红利ETF华泰柏瑞
2024-02-28,2.815,2.809,2.84,2.791,1224267.0,510880,sh,红利ETF华泰柏瑞
2024-02-29,2.791,2.827,2.829,2.787,981822.0,510880,sh,红利ETF华泰柏瑞
2024-03-01,2.821,2.822,2.84,2.813,1373540.0,510880,sh,红利ETF华泰柏瑞
2024-03-04,2.823,2.849,2.851,2.808,1097616.0,510880,sh,红利ETF华泰柏瑞
2024-03-05,2.843,2.87,2.872,2.834,1003653.0,510880,sh,红利ETF华泰柏瑞
2024-03-06,2.866,2.868,2.896,2.863,850328.0,510880,sh,红利ETF华泰柏瑞
2024-03-07,2.868,2.887,2.908,2.866,1254121.0,510880,sh,红利ETF华泰柏瑞
2024-03-08,2.888,2.904,2.91,2.869,1344887.0,510880,sh,红利ETF华泰柏瑞
2024-03-11,2.902,2.872,2.905,2.848,1417938.0,510880,sh,红利ETF华泰柏瑞
2024-03-12,2.866,2.801,2.866,2.787,2029243.0,510880,sh,红利ETF华泰柏瑞
2024-03-13,2.792,2.783,2.793,2.756,1588092.0,510880,sh,红利ETF华泰柏瑞
2024-03-14,2.774,2.792,2.798,2.766,1012090.0,510880,sh,红利ETF华泰柏瑞
2024-03-15,2.785,2.786,2.791,2.759,1078649.0,510880,sh,红利ETF华泰柏瑞
2024-03-18,2.783,2.769,2.783,2.755,1580925.0,510880,sh,红利ETF华泰柏瑞
2024-03-19,2.769,2.767,2.791,2.762,812608.0,510880,sh,红利ETF华泰柏瑞
2024-03-20,2.766,2.773,2.782,2.746,1052492.0,510880,sh,红利ETF华泰柏瑞
2024-03-21,2.772,2.777,2.785,2.759,537298.0,510880,sh,红利ETF华泰柏瑞
2024-03-22,2.775,2.783,2.785,2.756,1214809.0,510880,sh,红利ETF华泰柏瑞
2024-03-25,2.778,2.793,2.824,2.762,1403594.0,510880,sh,红利ETF华泰柏瑞
2024-03-26,2.787,2.776,2.795,2.758,1041917.0,510880,sh,红利ETF华泰柏瑞
2024-03-27,2.772,2.775,2.799,2.767,1218956.0,510880,sh,红利ETF华泰柏瑞
2024-03-28,2.773,2.767,2.777,2.745,1272574.0,510880,sh,红利ETF华泰柏瑞
2024-03-29,2.764,2.787,2.79,2.755,1139152.0,510880,sh,红利ETF华泰柏瑞
2024-04-01,2.785,2.782,2.787,2.772,720143.0,510880,sh,红利ETF华泰柏瑞
2024-04-02,2.782,2.803,2.81,2.781,982495.0,510880,sh,红利ETF华泰柏瑞
2024-04-03,2.803,2.84,2.842,2.799,1326082.0,510880,sh,红利ETF华泰柏瑞
2024-04-08,2.836,2.85,2.876,2.818,1149649.0,510880,sh,红利ETF华泰柏瑞
2024-04-09,2.847,2.835,2.863,2.819,927347.0,510880,sh,红利ETF华泰柏瑞
2024-04-10,2.835,2.846,2.866,2.83,1325326.0,510880,sh,红利ETF华泰柏瑞
2024-04-11,2.838,2.886,2.901,2.833,1280325.0,510880,sh,红利ETF华泰柏瑞
2024-04-12,2.879,2.879,2.897,2.867,862566.0,510880,sh,红利ETF华泰柏瑞
2024-04-15,2.88,2.945,2.947,2.871,1426359.0,510880,sh,红利ETF华泰柏瑞
2024-04-16,2.944,2.959,2.985,2.918,1909405.0,510880,sh,红利ETF华泰柏瑞
2024-04-17,2.941,2.992,2.997,2.918,1720643.0,510880,sh,红利ETF华泰柏瑞
2024-04-18,2.991,3.001,3.035,2.985,1716005.0,510880,sh,红利ETF华泰柏瑞
2024-04-19,2.989,3.023,3.04,2.982,2142359.0,510880,sh,红利ETF华泰柏瑞
2024-04-22,3.021,2.936,3.033,2.935,2262596.0,510880,sh,红利ETF华泰柏瑞
2024-04-23,2.922,2.888,2.931,2.877,1701746.0,510880,sh,红利ETF华泰柏瑞
2024-04-24,2.888,2.889,2.894,2.855,1505201.0,510880,sh,红利ETF华泰柏瑞
2024-04-25,2.881,2.908,2.909,2.876,1004093.0,510880,sh,红利ETF华泰柏瑞
2024-04-26,2.902,2.879,2.919,2.858,1485486.0,510880,sh,红利ETF华泰柏瑞
2024-04-29,2.865,2.845,2.868,2.815,1893529.0,510880,sh,红利ETF华泰柏瑞
2024-04-30,2.839,2.858,2.876,2.837,1126821.0,510880,sh,红利ETF华泰柏瑞
2024-05-06,2.863,2.875,2.876,2.843,1324515.0,510880,sh,红利ETF华泰柏瑞
2024-05-07,2.871,2.875,2.88,2.858,839155.0,510880,sh,红利ETF华泰柏瑞
2024-05-08,2.873,2.897,2.907,2.869,1349129.0,510880,sh,红利ETF华泰柏瑞
2024-05-09,2.895,2.908,2.913,2.887,981658.0,510880,sh,红利ETF华泰柏瑞
2024-05-10,2.905,2.927,2.927,2.897,1069062.0,510880,sh,红利ETF华泰柏瑞
2024-05-13,2.922,2.931,2.935,2.888,1086766.0,510880,sh,红利ETF华泰柏瑞
2024-05-14,2.926,2.918,2.929,2.899,1144485.0,510880,sh,红利ETF华泰柏瑞
2024-05-15,2.914,2.917,2.936,2.901,919913.0,510880,sh,红利ETF华泰柏瑞
2024-05-16,2.916,2.924,2.938,2.914,1155895.0,510880,sh,红利ETF华泰柏瑞
2024-05-17,2.924,2.945,2.948,2.911,1069580.0,510880,sh,红利ETF华泰柏瑞
2024-05-20,2.943,2.984,2.992,2.943,1084265.0,510880,sh,红利ETF华泰柏瑞
2024-05-21,2.976,3.0,3.007,2.974,886762.0,510880,sh,红利ETF华泰柏瑞
2024-05-22,3.001,3.0,3.032,2.999,1302015.0,510880,sh,红利ETF华泰柏瑞
2024-05-23,2.99,2.958,2.995,2.951,1379718.0,510880,sh,红利ETF华泰柏瑞
2024-05-24,2.954,2.953,2.992,2.946,1163947.0,510880,sh,红利ETF华泰柏瑞
2024-05-27,2.955,3.01,3.01,2.955,1035116.0,510880,sh,红利ETF华泰柏瑞
2024-05-28,3.005,3.001,3.018,2.988,1195927.0,510880,sh,红利ETF华泰柏瑞
2024-05-29,2.995,3.004,3.031,2.989,1338303.0,510880,sh,红利ETF华泰柏瑞
2024-05-30,2.994,2.981,3.022,2.972,1197834.0,510880,sh,红利ETF华泰柏瑞
2024-05-31,2.98,2.988,3.003,2.98,633652.0,510880,sh,红利ETF华泰柏瑞
2024-06-03,2.983,2.957,2.984,2.941,1024577.0,510880,sh,红利ETF华泰柏瑞
2024-06-04,2.953,2.97,2.973,2.938,847252.0,510880,sh,红利ETF华泰柏瑞
2024-06-05,2.968,2.932,2.974,2.928,885432.0,510880,sh,红利ETF华泰柏瑞
2024-06-06,2.932,2.949,2.965,2.931,770106.0,510880,sh,红利ETF华泰柏瑞
2024-06-07,2.947,2.976,2.977,2.947,775250.0,510880,sh,红利ETF华泰柏瑞
2024-06-11,2.974,2.92,2.975,2.904,1182795.0,510880,sh,红利ETF华泰柏瑞
2024-06-12,2.914,2.961,2.965,2.899,1001026.0,510880,sh,红利ETF华泰柏瑞
2024-06-13,2.955,2.933,2.961,2.922,703739.0,510880,sh,红利ETF华泰柏瑞
2024-06-14,2.932,2.938,2.947,2.921,831187.0,510880,sh,红利ETF华泰柏瑞
2024-06-17,2.93,2.896,2.94,2.888,1189649.0,510880,sh,红利ETF华泰柏瑞
2024-06-18,2.896,2.903,2.908,2.873,762881.0,510880,sh,红利ETF华泰柏瑞
2024-06-19,2.902,2.903,2.916,2.895,645720.0,510880,sh,红利ETF华泰柏瑞
2024-06-20,2.901,2.909,2.917,2.896,637291.0,510880,sh,红利ETF华泰柏瑞
2024-06-21,2.907,2.914,2.919,2.897,740753.0,510880,sh,红利ETF华泰柏瑞
2024-06-24,2.906,2.872,2.906,2.858,934495.0,510880,sh,红利ETF华泰柏瑞
2024-06-25,2.871,2.885,2.897,2.87,723987.0,510880,sh,红利ETF华泰柏瑞
2024-06-26,2.884,2.893,2.896,2.867,675989.0,510880,sh,红利ETF华泰柏瑞
2024-06-27,2.893,2.893,2.906,2.88,836661.0,510880,sh,红利ETF华泰柏瑞
2024-06-28,2.891,2.916,2.924,2.884,797687.0,510880,sh,红利ETF华泰柏瑞
2024-07-01,2.91,2.984,2.987,2.907,1535858.0,510880,sh,红利ETF华泰柏瑞
2024-07-02,2.982,2.986,2.995,2.96,817392.0,510880,sh,红利ETF华泰柏瑞
2024-07-03,2.986,2.964,2.993,2.958,812253.0,510880,sh,红利ETF华泰柏瑞
2024-07-04,2.964,2.95,2.978,2.944,664020.0,510880,sh,红利ETF华泰柏瑞
2024-07-05,2.95,2.933,2.959,2.915,1157198.0,510880,sh,红利ETF华泰柏瑞
2024-07-08,2.932,2.922,2.942,2.915,822721.0,510880,sh,红利ETF华泰柏瑞
2024-07-09,2.921,2.948,2.95,2.898,969997.0,510880,sh,红利ETF华泰柏瑞
2024-07-10,2.942,2.882,2.943,2.878,1514260.0,510880,sh,红利ETF华泰柏瑞
2024-07-11,2.885,2.877,2.894,2.866,1405205.0,510880,sh,红利ETF华泰柏瑞
2024-07-12,2.877,2.873,2.895,2.866,869355.0,510880,sh,红利ETF华泰柏瑞
2024-07-15,2.867,2.91,2.913,2.853,1011072.0,510880,sh,红利ETF华泰柏瑞
2024-07-16,2.906,2.897,2.913,2.883,790068.0,510880,sh,红利ETF华泰柏瑞
2024-07-17,2.895,2.884,2.901,2.872,638204.0,510880,sh,红利ETF华泰柏瑞
2024-07-18,2.881,2.888,2.889,2.852,898818.0,510880,sh,红利ETF华泰柏瑞
2024-07-19,2.879,2.865,2.881,2.847,1136112.0,510880,sh,红利ETF华泰柏瑞
2024-07-22,2.858,2.833,2.858,2.806,1745594.0,510880,sh,红利ETF华泰柏瑞
2024-07-23,2.828,2.812,2.834,2.808,739471.0,510880,sh,红利ETF华泰柏瑞
2024-07-24,2.809,2.814,2.822,2.796,777901.0,510880,sh,红利ETF华泰柏瑞
2024-07-25,2.805,2.8,2.808,2.775,983009.0,510880,sh,红利ETF华泰柏瑞
2024-07-26,2.796,2.782,2.803,2.766,805864.0,510880,sh,红利ETF华泰柏瑞
2024-07-29,2.775,2.794,2.795,2.768,562129.0,510880,sh,红利ETF华泰柏瑞
2024-07-30,2.79,2.779,2.791,2.767,547353.0,510880,sh,红利ETF华泰柏瑞
2024-07-31,2.778,2.808,2.81,2.774,998664.0,510880,sh,红利ETF华泰柏瑞
2024-08-01,2.808,2.811,2.821,2.799,592196.0,510880,sh,红利ETF华泰柏瑞
2024-08-02,2.797,2.803,2.815,2.783,862146.0,510880,sh,红利ETF华泰柏瑞
2024-08-05,2.797,2.762,2.803,2.758,1128491.0,510880,sh,红利ETF华泰柏瑞
2024-08-06,2.763,2.751,2.781,2.728,1079816.0,510880,sh,红利ETF华泰柏瑞
2024-08-07,2.74,2.763,2.778,2.738,756568.0,510880,sh,红利ETF华泰柏瑞
2024-08-08,2.763,2.774,2.778,2.753,657904.0,510880,sh,红利ETF华泰柏瑞
2024-08-09,2.774,2.763,2.78,2.759,816467.0,510880,sh,红利ETF华泰柏瑞
2024-08-12,2.758,2.783,2.79,2.75,721918.0,510880,sh,红利ETF华泰柏瑞
2024-08-13,2.779,2.784,2.791,2.765,961066.0,510880,sh,红利ETF华泰柏瑞
2024-08-14,2.783,2.777,2.79,2.772,469715.0,510880,sh,红利ETF华泰柏瑞
2024-08-15,2.775,2.806,2.813,2.768,869418.0,510880,sh,红利ETF华泰柏瑞
2024-08-16,2.806,2.811,2.818,2.798,584371.0,510880,sh,红利ETF华泰柏瑞
2024-08-19,2.81,2.841,2.843,2.807,882449.0,510880,sh,红利ETF华泰柏瑞
2024-08-20,2.843,2.806,2.845,2.791,866623.0,510880,sh,红利ETF华泰柏瑞
2024-08-21,2.8,2.773,2.801,2.755,945657.0,510880,sh,红利ETF华泰柏瑞
2024-08-22,2.771,2.776,2.789,2.765,743968.0,510880,sh,红利ETF华泰柏瑞
2024-08-23,2.775,2.774,2.785,2.76,662428.0,510880,sh,红利ETF华泰柏瑞
2024-08-26,2.771,2.758,2.774,2.741,737557.0,510880,sh,红利ETF华泰柏瑞
2024-08-27,2.753,2.765,2.769,2.75,508127.0,510880,sh,红利ETF华泰柏瑞
2024-08-28,2.76,2.752,2.773,2.743,503051.0,510880,sh,红利ETF华泰柏瑞
2024-08-29,2.75,2.696,2.75,2.691,1228782.0,510880,sh,红利ETF华泰柏瑞
2024-08-30,2.694,2.705,2.727,2.671,1151160.0,510880,sh,红利ETF华泰柏瑞
2024-09-02,2.699,2.72,2.737,2.669,973419.0,510880,sh,红利ETF华泰柏瑞
2024-09-03,2.718,2.693,2.728,2.674,1126224.0,510880,sh,红利ETF华泰柏瑞
2024-09-04,2.685,2.692,2.699,2.667,642475.0,510880,sh,红利ETF华泰柏瑞
2024-09-05,2.689,2.694,2.703,2.681,518895.0,510880,sh,红利ETF华泰柏瑞
2024-09-06,2.695,2.67,2.706,2.668,659429.0,510880,sh,红利ETF华泰柏瑞
2024-09-09,2.661,2.615,2.663,2.606,1179836.0,510880,sh,红利ETF华泰柏瑞
2024-09-10,2.614,2.622,2.627,2.598,978891.0,510880,sh,红利ETF华泰柏瑞
2024-09-11,2.617,2.558,2.617,2.545,1480728.0,510880,sh,红利ETF华泰柏瑞
2024-09-12,2.555,2.568,2.579,2.545,1755122.0,510880,sh,红利ETF华泰柏瑞
2024-09-13,2.566,2.56,2.591,2.557,1329525.0,510880,sh,红利ETF华泰柏瑞
2024-09-18,2.559,2.593,2.597,2.557,989235.0,510880,sh,红利ETF华泰柏瑞
2024-09-19,2.594,2.588,2.601,2.564,986011.0,510880,sh,红利ETF华泰柏瑞
2024-09-20,2.587,2.589,2.594,2.571,617296.0,510880,sh,红利ETF华泰柏瑞
2024-09-23,2.585,2.62,2.627,2.58,902406.0,510880,sh,红利ETF华泰柏瑞
2024-09-24,2.647,2.754,2.755,2.635,2491896.0,510880,sh,红利ETF华泰柏瑞
2024-09-25,2.801,2.8,2.864,2.794,3477545.0,510880,sh,红利ETF华泰柏瑞
2024-09-26,2.794,2.904,2.909,2.789,2970679.0,510880,sh,红利ETF华泰柏瑞
2024-09-27,2.939,2.893,2.968,2.853,2413384.0,510880,sh,红利ETF华泰柏瑞
2024-09-30,2.97,3.114,3.148,2.947,5874140.0,510880,sh,红利ETF华泰柏瑞
2024-10-08,3.446,3.119,3.446,3.031,5076378.0,510880,sh,红利ETF华泰柏瑞
2024-10-09,3.085,2.863,3.085,2.861,2699415.0,510880,sh,红利ETF华泰柏瑞
2024-10-10,2.863,2.985,3.06,2.863,4032208.0,510880,sh,红利ETF华泰柏瑞
2024-10-11,2.987,2.941,3.015,2.91,2652616.0,510880,sh,红利ETF华泰柏瑞
2024-10-14,2.953,3.027,3.049,2.953,2313648.0,510880,sh,红利ETF华泰柏瑞
2024-10-15,3.015,2.946,3.023,2.944,1900074.0,510880,sh,红利ETF华泰柏瑞
2024-10-16,2.928,2.994,3.015,2.924,1708854.0,510880,sh,红利ETF华泰柏瑞
2024-10-17,2.993,2.946,3.017,2.943,1382739.0,510880,sh,红利ETF华泰柏瑞
2024-10-18,2.94,2.967,3.002,2.896,2385834.0,510880,sh,红利ETF华泰柏瑞
2024-10-21,2.97,2.947,2.975,2.926,2071388.0,510880,sh,红利ETF华泰柏瑞
2024-10-22,2.947,2.959,2.973,2.933,1150962.0,510880,sh,红利ETF华泰柏瑞
2024-10-23,2.959,2.96,2.97,2.947,1474760.0,510880,sh,红利ETF华泰柏瑞
2024-10-24,2.954,2.941,2.956,2.931,1535926.0,510880,sh,红利ETF华泰柏瑞
2024-10-25,2.941,2.939,2.949,2.929,1152928.0,510880,sh,红利ETF华泰柏瑞
2024-10-28,2.936,2.96,2.961,2.929,1638892.0,510880,sh,红利ETF华泰柏瑞
2024-10-29,2.958,2.915,2.965,2.907,1432611.0,510880,sh,红利ETF华泰柏瑞
2024-10-30,2.915,2.88,2.92,2.861,1460926.0,510880,sh,红利ETF华泰柏瑞
2024-10-31,2.879,2.861,2.879,2.832,1348018.0,510880,sh,红利ETF华泰柏瑞
2024-11-01,2.855,2.89,2.908,2.851,1955466.0,510880,sh,红利ETF华泰柏瑞
2024-11-04,2.895,2.904,2.907,2.858,909167.0,510880,sh,红利ETF华泰柏瑞
2024-11-05,2.903,2.933,2.933,2.894,1376283.0,510880,sh,红利ETF华泰柏瑞
2024-11-06,2.933,2.905,2.933,2.893,2021931.0,510880,sh,红利ETF华泰柏瑞
2024-11-07,2.896,2.974,2.975,2.892,1832475.0,510880,sh,红利ETF华泰柏瑞
2024-11-08,2.981,2.941,2.993,2.922,1711411.0,510880,sh,红利ETF华泰柏瑞
2024-11-11,2.935,2.908,2.935,2.887,1794435.0,510880,sh,红利ETF华泰柏瑞
2024-11-12,2.905,2.888,2.93,2.875,1862926.0,510880,sh,红利ETF华泰柏瑞
2024-11-13,2.885,2.908,2.911,2.877,1387584.0,510880,sh,红利ETF华泰柏瑞
2024-11-14,2.903,2.882,2.914,2.878,1336184.0,510880,sh,红利ETF华泰柏瑞
2024-11-15,2.875,2.885,2.91,2.87,2264362.0,510880,sh,红利ETF华泰柏瑞
2024-11-18,2.902,2.933,2.975,2.9,2720798.0,510880,sh,红利ETF华泰柏瑞
2024-11-19,2.933,2.924,2.944,2.895,2329066.0,510880,sh,红利ETF华泰柏瑞
2024-11-20,2.92,2.93,2.931,2.91,1108157.0,510880,sh,红利ETF华泰柏瑞
2024-11-21,2.925,2.933,2.937,2.92,912842.0,510880,sh,红利ETF华泰柏瑞
2024-11-22,2.933,2.857,2.946,2.852,1977811.0,510880,sh,红利ETF华泰柏瑞
2024-11-25,2.857,2.863,2.888,2.848,2022688.0,510880,sh,红利ETF华泰柏瑞
2024-11-26,2.857,2.874,2.885,2.85,889395.0,510880,sh,红利ETF华泰柏瑞
2024-11-27,2.874,2.904,2.906,2.84,2248762.0,510880,sh,红利ETF华泰柏瑞
2024-11-28,2.9,2.901,2.915,2.894,927653.0,510880,sh,红利ETF华泰柏瑞
2024-11-29,2.9,2.916,2.929,2.9,1239056.0,510880,sh,红利ETF华泰柏瑞
2024-12-02,2.924,2.924,2.928,2.898,1214091.0,510880,sh,红利ETF华泰柏瑞
2024-12-03,2.917,2.956,2.96,2.908,2434126.0,510880,sh,红利ETF华泰柏瑞
2024-12-04,2.953,2.981,2.995,2.935,2629125.0,510880,sh,红利ETF华泰柏瑞
2024-12-05,2.979,2.974,2.985,2.967,2497778.0,510880,sh,红利ETF华泰柏瑞
2024-12-06,2.974,3.017,3.028,2.974,3287146.0,510880,sh,红利ETF华泰柏瑞
2024-12-09,3.017,3.025,3.045,3.003,2508580.0,510880,sh,红利ETF华泰柏瑞
2024-12-10,3.065,3.021,3.086,3.015,4043951.0,510880,sh,红利ETF华泰柏瑞
2024-12-11,3.017,3.034,3.04,3.015,1296547.0,510880,sh,红利ETF华泰柏瑞
2024-12-12,3.036,3.04,3.043,3.024,1288900.0,510880,sh,红利ETF华泰柏瑞
2024-12-13,3.037,3.003,3.037,2.995,1915784.0,510880,sh,红利ETF华泰柏瑞
2024-12-16,3.0,3.032,3.053,2.996,1908725.0,510880,sh,红利ETF华泰柏瑞
2024-12-17,3.023,3.027,3.051,3.017,1760411.0,510880,sh,红利ETF华泰柏瑞
2024-12-18,3.034,3.047,3.065,3.032,1969120.0,510880,sh,红利ETF华泰柏瑞
2024-12-19,3.035,3.007,3.036,2.993,1811738.0,510880,sh,红利ETF华泰柏瑞
2024-12-20,2.999,2.979,3.013,2.977,1426202.0,510880,sh,红利ETF华泰柏瑞
2024-12-23,2.975,2.993,3.017,2.975,1617728.0,510880,sh,红利ETF华泰柏瑞
2024-12-24,2.993,3.026,3.031,2.988,1639458.0,510880,sh,红利ETF华泰柏瑞
2024-12-25,3.026,3.041,3.049,3.02,1695288.0,510880,sh,红利ETF华泰柏瑞
2024-12-26,3.042,3.031,3.044,3.019,1618611.0,510880,sh,红利ETF华泰柏瑞
2024-12-27,3.023,3.03,3.032,2.997,1510245.0,510880,sh,红利ETF华泰柏瑞
2024-12-30,3.029,3.077,3.08,3.025,2494389.0,510880,sh,红利ETF华泰柏瑞
2024-12-31,3.078,3.066,3.103,3.06,2426270.0,510880,sh,红利ETF华泰柏瑞
2025-01-02,3.066,2.994,3.083,2.97,2912808.0,510880,sh,红利ETF华泰柏瑞
2025-01-03,2.997,2.963,3.005,2.953,3120309.0,510880,sh,红利ETF华泰柏瑞
2025-01-06,2.958,2.963,2.964,2.925,1596461.0,510880,sh,红利ETF华泰柏瑞
2025-01-07,2.962,2.949,2.962,2.915,1643225.0,510880,sh,红利ETF华泰柏瑞
2025-01-08,2.94,2.943,2.958,2.909,1288300.0,510880,sh,红利ETF华泰柏瑞
2025-01-09,2.937,2.899,2.937,2.895,1913486.0,510880,sh,红利ETF华泰柏瑞
2025-01-10,2.9,2.866,2.908,2.865,2116176.0,510880,sh,红利ETF华泰柏瑞
2025-01-13,2.855,2.839,2.867,2.825,1367593.0,510880,sh,红利ETF华泰柏瑞
2025-01-14,2.84,2.889,2.894,2.838,2019537.0,510880,sh,红利ETF华泰柏瑞
2025-01-15,2.889,2.898,2.926,2.884,1436467.0,510880,sh,红利ETF华泰柏瑞
2025-01-16,2.903,2.928,2.934,2.903,1342170.0,510880,sh,红利ETF华泰柏瑞
2025-01-17,2.925,2.911,2.927,2.896,1330096.0,510880,sh,红利ETF华泰柏瑞
2025-01-20,2.911,2.9,2.921,2.895,1611917.0,510880,sh,红利ETF华泰柏瑞
2025-01-21,2.91,2.884,2.912,2.874,2176115.0,510880,sh,红利ETF华泰柏瑞
2025-01-22,2.884,2.86,2.884,2.853,1299265.0,510880,sh,红利ETF华泰柏瑞
2025-01-23,2.876,2.909,2.92,2.876,2079323.0,510880,sh,红利ETF华泰柏瑞
2025-01-24,2.902,2.924,2.934,2.888,1768204.0,510880,sh,红利ETF华泰柏瑞
2025-01-27,2.924,2.962,2.971,2.924,1405517.0,510880,sh,红利ETF华泰柏瑞
2025-02-05,2.963,2.9,2.968,2.893,2340959.0,510880,sh,红利ETF华泰柏瑞
2025-02-06,2.898,2.898,2.906,2.877,2522980.0,510880,sh,红利ETF华泰柏瑞
2025-02-07,2.898,2.911,2.918,2.88,2777155.0,510880,sh,红利ETF华泰柏瑞
2025-02-10,2.907,2.904,2.909,2.894,2187059.0,510880,sh,红利ETF华泰柏瑞
2025-02-11,2.904,2.917,2.918,2.902,1797734.0,510880,sh,红利ETF华泰柏瑞
2025-02-12,2.918,2.919,2.921,2.902,1813057.0,510880,sh,红利ETF华泰柏瑞
2025-02-13,2.917,2.922,2.931,2.914,2088613.0,510880,sh,红利ETF华泰柏瑞
2025-02-14,2.921,2.925,2.927,2.908,2255140.0,510880,sh,红利ETF华泰柏瑞
2025-02-17,2.925,2.912,2.928,2.899,1938822.0,510880,sh,红利ETF华泰柏瑞
2025-02-18,2.91,2.91,2.928,2.9,2491054.0,510880,sh,红利ETF华泰柏瑞
2025-02-19,2.905,2.892,2.907,2.887,2235873.0,510880,sh,红利ETF华泰柏瑞
2025-02-20,2.887,2.879,2.89,2.877,1967385.0,510880,sh,红利ETF华泰柏瑞
2025-02-21,2.88,2.857,2.884,2.852,3522056.0,510880,sh,红利ETF华泰柏瑞
2025-02-24,2.856,2.853,2.859,2.838,2354575.0,510880,sh,红利ETF华泰柏瑞
2025-02-25,2.848,2.832,2.857,2.829,2087774.0,510880,sh,红利ETF华泰柏瑞
2025-02-26,2.832,2.858,2.865,2.832,2076594.0,510880,sh,红利ETF华泰柏瑞
2025-02-27,2.859,2.885,2.885,2.853,1876808.0,510880,sh,红利ETF华泰柏瑞
2025-02-28,2.884,2.867,2.896,2.864,1639657.0,510880,sh,红利ETF华泰柏瑞
2025-03-03,2.867,2.854,2.876,2.853,2051023.0,510880,sh,红利ETF华泰柏瑞
2025-03-04,2.854,2.853,2.859,2.84,974080.0,510880,sh,红利ETF华泰柏瑞
2025-03-05,2.853,2.861,2.861,2.841,1132824.0,510880,sh,红利ETF华泰柏瑞
2025-03-06,2.861,2.855,2.864,2.842,1722878.0,510880,sh,红利ETF华泰柏瑞
2025-03-07,2.853,2.854,2.864,2.849,2246833.0,510880,sh,红利ETF华泰柏瑞
2025-03-10,2.852,2.858,2.859,2.842,1368229.0,510880,sh,红利ETF华泰柏瑞
2025-03-11,2.85,2.879,2.88,2.843,1884860.0,510880,sh,红利ETF华泰柏瑞
2025-03-12,2.879,2.875,2.883,2.868,1020184.0,510880,sh,红利ETF华泰柏瑞
2025-03-13,2.871,2.903,2.904,2.87,2057992.0,510880,sh,红利ETF华泰柏瑞
2025-03-14,2.9,2.925,2.934,2.898,2416241.0,510880,sh,红利ETF华泰柏瑞
2025-03-17,2.926,2.934,2.938,2.92,1363699.0,510880,sh,红利ETF华泰柏瑞
2025-03-18,2.934,2.922,2.936,2.911,1349807.0,510880,sh,红利ETF华泰柏瑞
2025-03-19,2.918,2.923,2.927,2.908,1007445.0,510880,sh,红利ETF华泰柏瑞
2025-03-20,2.923,2.918,2.934,2.915,1911142.0,510880,sh,红利ETF华泰柏瑞
2025-03-21,2.915,2.912,2.937,2.9,1745557.0,510880,sh,红利ETF华泰柏瑞
2025-03-24,2.911,2.935,2.937,2.911,1462197.0,510880,sh,红利ETF华泰柏瑞
2025-03-25,2.93,2.957,2.957,2.929,1690546.0,510880,sh,红利ETF华泰柏瑞
2025-03-26,2.953,2.958,2.96,2.941,1713990.0,510880,sh,红利ETF华泰柏瑞
2025-03-27,2.957,2.956,2.962,2.948,939027.0,510880,sh,红利ETF华泰柏瑞
2025-03-28,2.952,2.939,2.956,2.931,1571929.0,510880,sh,红利ETF华泰柏瑞
2025-03-31,2.936,2.93,2.952,2.924,1507175.0,510880,sh,红利ETF华泰柏瑞
2025-04-01,2.928,2.954,2.955,2.927,1136417.0,510880,sh,红利ETF华泰柏瑞
2025-04-02,2.954,2.969,2.973,2.949,1331272.0,510880,sh,红利ETF华泰柏瑞
2025-04-03,2.955,2.974,2.977,2.946,1451695.0,510880,sh,红利ETF华泰柏瑞
2025-04-07,2.907,2.795,2.91,2.732,4718645.0,510880,sh,红利ETF华泰柏瑞
2025-04-08,2.796,2.86,2.86,2.795,2981326.0,510880,sh,红利ETF华泰柏瑞
2025-04-09,2.84,2.864,2.869,2.802,2688583.0,510880,sh,红利ETF华泰柏瑞
2025-04-10,2.877,2.895,2.905,2.867,2917030.0,510880,sh,红利ETF华泰柏瑞
2025-04-11,2.887,2.88,2.888,2.87,1207799.0,510880,sh,红利ETF华泰柏瑞
2025-04-14,2.88,2.908,2.912,2.877,1231224.0,510880,sh,红利ETF华泰柏瑞
2025-04-15,2.908,2.923,2.924,2.901,1189906.0,510880,sh,红利ETF华泰柏瑞
2025-04-16,2.92,2.939,2.941,2.913,1474685.0,510880,sh,红利ETF华泰柏瑞
2025-04-17,2.935,2.932,2.935,2.918,810585.0,510880,sh,红利ETF华泰柏瑞
2025-04-18,2.924,2.934,2.937,2.923,831692.0,510880,sh,红利ETF华泰柏瑞
2025-04-21,2.932,2.924,2.951,2.922,978448.0,510880,sh,红利ETF华泰柏瑞
2025-04-22,2.921,2.934,2.939,2.92,1259329.0,510880,sh,红利ETF华泰柏瑞
2025-04-23,2.934,2.918,2.937,2.915,1060247.0,510880,sh,红利ETF华泰柏瑞
2025-04-24,2.917,2.931,2.938,2.912,958976.0,510880,sh,红利ETF华泰柏瑞
2025-04-25,2.929,2.928,2.936,2.921,701000.0,510880,sh,红利ETF华泰柏瑞
2025-04-28,2.927,2.931,2.934,2.917,1183115.0,510880,sh,红利ETF华泰柏瑞
2025-04-29,2.928,2.919,2.933,2.914,799785.0,510880,sh,红利ETF华泰柏瑞
2025-04-30,2.919,2.895,2.919,2.891,1172012.0,510880,sh,红利ETF华泰柏瑞
2025-05-06,2.897,2.887,2.9,2.877,1164457.0,510880,sh,红利ETF华泰柏瑞
2025-05-07,2.9,2.906,2.912,2.893,1687552.0,510880,sh,红利ETF华泰柏瑞
2025-05-08,2.906,2.91,2.916,2.897,899098.0,510880,sh,红利ETF华泰柏瑞
2025-05-09,2.908,2.927,2.931,2.907,1291853.0,510880,sh,红利ETF华泰柏瑞
2025-05-12,2.93,2.94,2.941,2.924,911842.0,510880,sh,红利ETF华泰柏瑞
2025-05-13,2.947,2.962,2.964,2.94,1982102.0,510880,sh,红利ETF华泰柏瑞
2025-05-14,2.958,2.99,2.991,2.952,1970155.0,510880,sh,红利ETF华泰柏瑞
2025-05-15,2.989,2.981,3.002,2.98,1414561.0,510880,sh,红利ETF华泰柏瑞
2025-05-16,2.975,2.963,2.98,2.947,867006.0,510880,sh,红利ETF华泰柏瑞
2025-05-19,2.963,2.974,2.978,2.961,867163.0,510880,sh,红利ETF华泰柏瑞
2025-05-20,2.975,2.978,2.984,2.969,915278.0,510880,sh,红利ETF华泰柏瑞
2025-05-21,2.978,3.007,3.015,2.977,1157079.0,510880,sh,红利ETF华泰柏瑞
2025-05-22,3.004,3.008,3.014,2.994,725603.0,510880,sh,红利ETF华泰柏瑞
2025-05-23,3.009,2.98,3.025,2.979,898870.0,510880,sh,红利ETF华泰柏瑞
2025-05-26,2.976,2.964,2.985,2.959,959427.0,510880,sh,红利ETF华泰柏瑞
2025-05-27,2.962,2.952,2.971,2.944,758188.0,510880,sh,红利ETF华泰柏瑞
2025-05-28,2.952,2.957,2.96,2.943,556996.0,510880,sh,红利ETF华泰柏瑞
2025-05-29,2.957,2.965,2.967,2.954,715069.0,510880,sh,红利ETF华泰柏瑞
2025-05-30,2.961,2.979,2.98,2.961,804824.0,510880,sh,红利ETF华泰柏瑞
2025-06-03,2.975,2.991,2.996,2.96,749225.0,510880,sh,红利ETF华泰柏瑞
2025-06-04,2.992,2.999,2.999,2.981,692411.0,510880,sh,红利ETF华泰柏瑞
2025-06-05,2.997,2.981,3.006,2.973,789064.0,510880,sh,红利ETF华泰柏瑞
2025-06-06,2.981,2.981,2.995,2.977,1110793.0,510880,sh,红利ETF华泰柏瑞
2025-06-09,2.981,2.985,2.986,2.967,754241.0,510880,sh,红利ETF华泰柏瑞
2025-06-10,2.982,2.99,3.005,2.975,1065857.0,510880,sh,红利ETF华泰柏瑞
2025-06-11,2.988,2.999,3.001,2.986,634946.0,510880,sh,红利ETF华泰柏瑞
2025-06-12,2.999,2.997,3.0,2.99,512471.0,510880,sh,红利ETF华泰柏瑞
2025-06-13,2.996,2.982,3.0,2.976,1250913.0,510880,sh,红利ETF华泰柏瑞
2025-06-16,2.978,2.988,2.989,2.974,600817.0,510880,sh,红利ETF华泰柏瑞
2025-06-17,2.988,2.991,2.995,2.983,603621.0,510880,sh,红利ETF华泰柏瑞
2025-06-18,2.989,2.995,2.997,2.979,698710.0,510880,sh,红利ETF华泰柏瑞
2025-06-19,2.994,2.981,2.994,2.975,735191.0,510880,sh,红利ETF华泰柏瑞
2025-06-20,2.981,2.997,3.002,2.981,915665.0,510880,sh,红利ETF华泰柏瑞
2025-06-23,2.993,3.01,3.016,2.975,1115885.0,510880,sh,红利ETF华泰柏瑞
2025-06-24,3.002,3.014,3.017,2.996,1020838.0,510880,sh,红利ETF华泰柏瑞
2025-06-25,3.015,3.03,3.035,3.004,1333556.0,510880,sh,红利ETF华泰柏瑞
2025-06-26,3.027,3.037,3.042,3.022,982767.0,510880,sh,红利ETF华泰柏瑞
2025-06-27,3.036,3.011,3.05,3.004,1278158.0,510880,sh,红利ETF华泰柏瑞
2025-06-30,3.005,3.009,3.012,2.997,1366038.0,510880,sh,红利ETF华泰柏瑞
2025-07-01,3.009,3.032,3.033,3.008,994951.0,510880,sh,红利ETF华泰柏瑞
2025-07-02,3.034,3.056,3.057,3.032,1178854.0,510880,sh,红利ETF华泰柏瑞
2025-07-03,3.054,3.055,3.064,3.045,1087846.0,510880,sh,红利ETF华泰柏瑞
2025-07-04,3.054,3.079,3.09,3.053,1677077.0,510880,sh,红利ETF华泰柏瑞
2025-07-07,3.076,3.092,3.092,3.064,958276.0,510880,sh,红利ETF华泰柏瑞
2025-07-08,3.089,3.086,3.099,3.075,717535.0,510880,sh,红利ETF华泰柏瑞
2025-07-09,3.085,3.102,3.109,3.083,780209.0,510880,sh,红利ETF华泰柏瑞
2025-07-10,3.101,3.128,3.134,3.1,755640.0,510880,sh,红利ETF华泰柏瑞
2025-07-11,3.127,3.107,3.144,3.107,1367765.0,510880,sh,红利ETF华泰柏瑞
2025-07-14,3.104,3.129,3.141,3.103,1085861.0,510880,sh,红利ETF华泰柏瑞
2025-07-15,3.125,3.09,3.129,3.083,1246225.0,510880,sh,红利ETF华泰柏瑞
2025-07-16,3.089,3.078,3.091,3.062,1657373.0,510880,sh,红利ETF华泰柏瑞
2025-07-17,3.076,3.069,3.082,3.061,1089411.0,510880,sh,红利ETF华泰柏瑞
2025-07-18,3.069,3.083,3.085,3.068,806143.0,510880,sh,红利ETF华泰柏瑞
2025-07-21,3.083,3.104,3.105,3.082,1005313.0,510880,sh,红利ETF华泰柏瑞
2025-07-22,3.104,3.157,3.162,3.081,1953370.0,510880,sh,红利ETF华泰柏瑞
2025-07-23,3.171,3.154,3.186,3.151,1544034.0,510880,sh,红利ETF华泰柏瑞
2025-07-24,3.151,3.164,3.165,3.132,1324573.0,510880,sh,红利ETF华泰柏瑞
2025-07-25,3.161,3.15,3.182,3.145,1168355.0,510880,sh,红利ETF华泰柏瑞
2025-07-28,3.139,3.117,3.139,3.107,1424407.0,510880,sh,红利ETF华泰柏瑞
2025-07-29,3.108,3.108,3.116,3.091,1179327.0,510880,sh,红利ETF华泰柏瑞
2025-07-30,3.107,3.119,3.139,3.106,1353640.0,510880,sh,红利ETF华泰柏瑞
2025-07-31,3.108,3.068,3.112,3.053,1990172.0,510880,sh,红利ETF华泰柏瑞
2025-08-01,3.067,3.065,3.079,3.053,880379.0,510880,sh,红利ETF华泰柏瑞
2025-08-04,3.052,3.079,3.081,3.051,884294.0,510880,sh,红利ETF华泰柏瑞
2025-08-05,3.08,3.111,3.113,3.075,870687.0,510880,sh,红利ETF华泰柏瑞
2025-08-06,3.112,3.124,3.127,3.109,1147258.0,510880,sh,红利ETF华泰柏瑞
2025-08-07,3.124,3.136,3.141,3.112,1470667.0,510880,sh,红利ETF华泰柏瑞
2025-08-08,3.132,3.135,3.145,3.127,988075.0,510880,sh,红利ETF华泰柏瑞
2025-08-11,3.134,3.117,3.14,3.114,1613798.0,510880,sh,红利ETF华泰柏瑞
2025-08-12,3.117,3.135,3.149,3.117,1049482.0,510880,sh,红利ETF华泰柏瑞
2025-08-13,3.135,3.115,3.139,3.112,1079083.0,510880,sh,红利ETF华泰柏瑞
2025-08-14,3.115,3.094,3.122,3.091,1092527.0,510880,sh,红利ETF华泰柏瑞
2025-08-15,3.09,3.088,3.09,3.066,1299361.0,510880,sh,红利ETF华泰柏瑞
2025-08-18,3.087,3.08,3.093,3.071,1349691.0,510880,sh,红利ETF华泰柏瑞
2025-08-19,3.078,3.074,3.08,3.069,1032323.0,510880,sh,红利ETF华泰柏瑞
2025-08-20,3.071,3.097,3.098,3.063,1129755.0,510880,sh,红利ETF华泰柏瑞
2025-08-21,3.097,3.113,3.115,3.088,1279082.0,510880,sh,红利ETF华泰柏瑞
2025-08-22,3.115,3.11,3.115,3.083,1692019.0,510880,sh,红利ETF华泰柏瑞
2025-08-25,3.111,3.13,3.131,3.1,1763786.0,510880,sh,红利ETF华泰柏瑞
2025-08-26,3.127,3.118,3.13,3.117,1070616.0,510880,sh,红利ETF华泰柏瑞
2025-08-27,3.115,3.065,3.116,3.062,1908969.0,510880,sh,红利ETF华泰柏瑞
2025-08-28,3.062,3.062,3.071,3.033,2241811.0,510880,sh,红利ETF华泰柏瑞
2025-08-29,3.058,3.046,3.084,3.043,1809807.0,510880,sh,红利ETF华泰柏瑞
2025-09-01,3.045,3.028,3.055,3.021,2129620.0,510880,sh,红利ETF华泰柏瑞
2025-09-02,3.028,3.043,3.044,3.022,1386062.0,510880,sh,红利ETF华泰柏瑞
2025-09-03,3.042,3.01,3.045,3.005,1751306.0,510880,sh,红利ETF华泰柏瑞
2025-09-04,3.006,3.029,3.032,2.979,2045584.0,510880,sh,红利ETF华泰柏瑞
2025-09-05,3.023,3.019,3.024,3.001,1351636.0,510880,sh,红利ETF华泰柏瑞
2025-09-08,3.017,3.025,3.028,3.009,1117115.0,510880,sh,红利ETF华泰柏瑞
2025-09-09,3.025,3.027,3.031,3.012,1026773.0,510880,sh,红利ETF华泰柏瑞
2025-09-10,3.024,3.026,3.029,3.013,865659.0,510880,sh,红利ETF华泰柏瑞
2025-09-11,3.024,3.031,3.031,3.007,1754925.0,510880,sh,红利ETF华泰柏瑞
2025-09-12,3.028,3.016,3.035,3.011,1360004.0,510880,sh,红利ETF华泰柏瑞
2025-09-15,3.013,2.999,3.013,2.992,1633607.0,510880,sh,红利ETF华泰柏瑞
2025-09-16,3.002,2.992,3.016,2.988,1152566.0,510880,sh,红利ETF华泰柏瑞
2025-09-17,2.991,3.006,3.01,2.982,1556716.0,510880,sh,红利ETF华泰柏瑞
2025-09-18,3.007,2.953,3.007,2.939,3433799.0,510880,sh,红利ETF华泰柏瑞
2025-09-19,2.953,2.97,2.971,2.934,2549076.0,510880,sh,红利ETF华泰柏瑞
2025-09-22,2.969,2.944,2.97,2.937,1405483.0,510880,sh,红利ETF华泰柏瑞
2025-09-23,2.944,2.962,2.964,2.927,2266503.0,510880,sh,红利ETF华泰柏瑞
2025-09-24,2.957,2.968,2.979,2.95,1472298.0,510880,sh,红利ETF华泰柏瑞
2025-09-25,2.963,2.954,2.965,2.94,1327719.0,510880,sh,红利ETF华泰柏瑞
2025-09-26,2.952,2.955,2.961,2.937,1374953.0,510880,sh,红利ETF华泰柏瑞
2025-09-29,2.948,2.95,2.962,2.929,2148054.0,510880,sh,红利ETF华泰柏瑞
2025-09-30,2.948,2.939,2.949,2.93,1154267.0,510880,sh,红利ETF华泰柏瑞
2025-10-09,2.939,2.96,2.96,2.925,1929474.0,510880,sh,红利ETF华泰柏瑞
2025-10-10,2.957,2.993,2.998,2.948,2659473.0,510880,sh,红利ETF华泰柏瑞
2025-10-13,2.982,2.997,3.002,2.951,2384906.0,510880,sh,红利ETF华泰柏瑞
2025-10-14,2.996,3.061,3.062,2.983,4742432.0,510880,sh,红利ETF华泰柏瑞
2025-10-15,3.06,3.064,3.072,3.044,2384312.0,510880,sh,红利ETF华泰柏瑞
2025-10-16,3.058,3.096,3.101,3.054,2420802.0,510880,sh,红利ETF华泰柏瑞
2025-10-17,3.096,3.086,3.125,3.081,2439190.0,510880,sh,红利ETF华泰柏瑞
2025-10-20,3.086,3.113,3.115,3.057,2526386.0,510880,sh,红利ETF华泰柏瑞
2025-10-21,3.1,3.105,3.11,3.085,1603584.0,510880,sh,红利ETF华泰柏瑞
2025-10-22,3.098,3.11,3.113,3.095,1177322.0,510880,sh,红利ETF华泰柏瑞
2025-10-23,3.105,3.135,3.14,3.105,2259497.0,510880,sh,红利ETF华泰柏瑞
2025-10-24,3.122,3.116,3.13,3.111,1955657.0,510880,sh,红利ETF华泰柏瑞
2025-10-27,3.11,3.129,3.143,3.092,1816023.0,510880,sh,红利ETF华泰柏瑞
2025-10-28,3.125,3.124,3.136,3.11,1229884.0,510880,sh,红利ETF华泰柏瑞
2025-10-29,3.122,3.106,3.122,3.087,1712947.0,510880,sh,红利ETF华泰柏瑞
2025-10-30,3.102,3.105,3.128,3.099,1148432.0,510880,sh,红利ETF华泰柏瑞
2025-10-31,3.104,3.097,3.105,3.082,1144085.0,510880,sh,红利ETF华泰柏瑞
2025-11-03,3.097,3.14,3.142,3.096,1916338.0,510880,sh,红利ETF华泰柏瑞
2025-11-04,3.14,3.17,3.184,3.137,2230019.0,510880,sh,红利ETF华泰柏瑞
2025-11-05,3.163,3.179,3.189,3.149,1289430.0,510880,sh,红利ETF华泰柏瑞
2025-11-06,3.172,3.183,3.192,3.159,943283.0,510880,sh,红利ETF华泰柏瑞
2025-11-07,3.183,3.188,3.207,3.182,758414.0,510880,sh,红利ETF华泰柏瑞
2025-11-10,3.185,3.213,3.215,3.174,950779.0,510880,sh,红利ETF华泰柏瑞
2025-11-11,3.211,3.204,3.211,3.184,919180.0,510880,sh,红利ETF华泰柏瑞
2025-11-12,3.202,3.217,3.232,3.202,1093402.0,510880,sh,红利ETF华泰柏瑞
2025-11-13,3.209,3.218,3.225,3.193,1030800.0,510880,sh,红利ETF华泰柏瑞
2025-11-14,3.213,3.205,3.238,3.203,992268.0,510880,sh,红利ETF华泰柏瑞
2025-11-17,3.205,3.186,3.205,3.168,1345215.0,510880,sh,红利ETF华泰柏瑞
2025-11-18,3.181,3.141,3.184,3.13,1786816.0,510880,sh,红利ETF华泰柏瑞
2025-11-19,3.14,3.157,3.165,3.139,1057952.0,510880,sh,红利ETF华泰柏瑞
2025-11-20,3.156,3.157,3.19,3.152,1026511.0,510880,sh,红利ETF华泰柏瑞
2025-11-21,3.147,3.112,3.157,3.107,2039587.0,510880,sh,红利ETF华泰柏瑞
2025-11-24,3.11,3.084,3.122,3.084,1711804.0,510880,sh,红利ETF华泰柏瑞
2025-11-25,3.083,3.1,3.103,3.077,1299588.0,510880,sh,红利ETF华泰柏瑞
2025-11-26,3.097,3.083,3.109,3.08,1472229.0,510880,sh,红利ETF华泰柏瑞
2025-11-27,3.083,3.087,3.096,3.065,1243189.0,510880,sh,红利ETF华泰柏瑞
2025-11-28,3.087,3.087,3.089,3.072,899713.0,510880,sh,红利ETF华泰柏瑞
2025-12-01,3.087,3.102,3.102,3.079,1145602.0,510880,sh,红利ETF华泰柏瑞
2025-12-02,3.101,3.106,3.107,3.093,983408.0,510880,sh,红利ETF华泰柏瑞
2025-12-03,3.103,3.098,3.121,3.093,946568.0,510880,sh,红利ETF华泰柏瑞
2025-12-04,3.095,3.085,3.105,3.081,850259.0,510880,sh,红利ETF华泰柏瑞
2025-12-05,3.084,3.083,3.087,3.063,1072889.0,510880,sh,红利ETF华泰柏瑞
2025-12-08,3.082,3.067,3.084,3.05,1959975.0,510880,sh,红利ETF华泰柏瑞
2025-12-09,3.06,3.041,3.061,3.038,1437445.0,510880,sh,红利ETF华泰柏瑞
2025-12-10,3.043,3.028,3.048,3.017,1508703.0,510880,sh,红利ETF华泰柏瑞
2025-12-11,3.028,3.012,3.031,3.002,1835372.0,510880,sh,红利ETF华泰柏瑞
2025-12-12,3.012,2.999,3.016,2.992,1801222.0,510880,sh,红利ETF华泰柏瑞
2025-12-15,3.0,3.025,3.032,2.99,1476489.0,510880,sh,红利ETF华泰柏瑞
2025-12-16,3.024,2.997,3.024,2.992,2185813.0,510880,sh,红利ETF华泰柏瑞
2025-12-17,2.993,3.0,3.011,2.981,1579985.0,510880,sh,红利ETF华泰柏瑞
2025-12-18,3.0,3.032,3.037,2.997,1622481.0,510880,sh,红利ETF华泰柏瑞
2025-12-19,3.032,3.031,3.04,3.016,1276725.0,510880,sh,红利ETF华泰柏瑞
2025-12-22,3.031,3.016,3.031,3.012,1504320.0,510880,sh,红利ETF华泰柏瑞
2025-12-23,3.015,3.017,3.03,3.012,1218230.0,510880,sh,红利ETF华泰柏瑞
2025-12-24,3.017,3.022,3.023,3.003,1271334.0,510880,sh,红利ETF华泰柏瑞
2025-12-25,3.022,3.031,3.034,3.02,1127728.0,510880,sh,红利ETF华泰柏瑞
2025-12-26,3.027,3.044,3.044,3.024,1214765.0,510880,sh,红利ETF华泰柏瑞
2025-12-29,3.044,3.042,3.057,3.029,1552065.0,510880,sh,红利ETF华泰柏瑞
2025-12-30,3.036,3.045,3.051,3.028,1374696.0,510880,sh,红利ETF华泰柏瑞
2025-12-31,3.045,3.04,3.051,3.032,1058800.0,510880,sh,红利ETF华泰柏瑞
2026-01-05,3.04,3.037,3.05,3.027,1607098.0,510880,sh,红利ETF华泰柏瑞
2026-01-06,3.037,3.075,3.076,3.029,2122084.0,510880,sh,红利ETF华泰柏瑞
2026-01-07,3.075,3.089,3.089,3.059,1453188.0,510880,sh,红利ETF华泰柏瑞
2026-01-08,3.087,3.078,3.088,3.07,1090211.0,510880,sh,红利ETF华泰柏瑞
2026-01-09,3.078,3.091,3.092,3.073,1217501.0,510880,sh,红利ETF华泰柏瑞
2026-01-12,3.09,3.088,3.094,3.071,1424054.0,510880,sh,红利ETF华泰柏瑞
2026-01-13,3.085,3.086,3.102,3.081,1411420.0,510880,sh,红利ETF华泰柏瑞
2026-01-14,3.085,3.056,3.093,3.054,1944569.0,510880,sh,红利ETF华泰柏瑞
2026-01-15,3.056,3.045,3.066,3.04,1533200.0,510880,sh,红利ETF华泰柏瑞
2026-01-16,3.046,3.02,3.057,3.012,2546637.0,510880,sh,红利ETF华泰柏瑞
2026-01-19,3.02,3.036,3.037,3.011,1692457.0,510880,sh,红利ETF华泰柏瑞
2026-01-20,3.037,3.074,3.075,3.032,1943691.0,510880,sh,红利ETF华泰柏瑞
2026-01-21,3.078,3.057,3.079,3.052,3018778.0,510880,sh,红利ETF华泰柏瑞
2026-01-22,3.059,3.077,3.08,3.055,1558018.0,510880,sh,红利ETF华泰柏瑞
2026-01-23,3.081,3.069,3.082,3.059,1611766.0,510880,sh,红利ETF华泰柏瑞
2026-01-26,3.069,3.106,3.109,3.064,2118313.0,510880,sh,红利ETF华泰柏瑞
2026-01-27,3.106,3.081,3.113,3.075,2602109.0,510880,sh,红利ETF华泰柏瑞
2026-01-28,3.082,3.132,3.148,3.072,3298950.0,510880,sh,红利ETF华泰柏瑞
2026-01-29,3.134,3.166,3.168,3.12,2256031.0,510880,sh,红利ETF华泰柏瑞
2026-01-30,3.165,3.144,3.196,3.124,2645934.0,510880,sh,红利ETF华泰柏瑞
2026-02-02,3.137,3.046,3.138,3.042,4010476.0,510880,sh,红利ETF华泰柏瑞
2026-02-03,3.049,3.051,3.064,3.028,2379582.0,510880,sh,红利ETF华泰柏瑞
2026-02-04,3.056,3.15,3.153,3.056,4374666.0,510880,sh,红利ETF华泰柏瑞
2026-02-05,3.132,3.136,3.143,3.112,1492115.0,510880,sh,红利ETF华泰柏瑞
2026-02-06,3.11,3.126,3.141,3.1,1513444.0,510880,sh,红利ETF华泰柏瑞
2026-02-09,3.126,3.144,3.146,3.125,931810.0,510880,sh,红利ETF华泰柏瑞
2026-02-10,3.144,3.156,3.16,3.132,1188537.0,510880,sh,红利ETF华泰柏瑞
2026-02-11,3.153,3.183,3.192,3.143,2247075.0,510880,sh,红利ETF华泰柏瑞
2026-02-12,3.185,3.18,3.198,3.169,1420123.0,510880,sh,红利ETF华泰柏瑞
2026-02-13,3.17,3.137,3.175,3.134,1489833.0,510880,sh,红利ETF华泰柏瑞
2026-02-24,3.152,3.19,3.196,3.152,2172995.0,510880,sh,红利ETF华泰柏瑞
2026-02-25,3.19,3.194,3.237,3.187,3638032.0,510880,sh,红利ETF华泰柏瑞
2026-02-26,3.197,3.195,3.211,3.178,1207771.0,510880,sh,红利ETF华泰柏瑞
2026-02-27,3.193,3.232,3.237,3.19,2063675.0,510880,sh,红利ETF华泰柏瑞
2026-03-02,3.275,3.303,3.306,3.235,3251904.0,510880,sh,红利ETF华泰柏瑞
2026-03-03,3.306,3.367,3.404,3.296,3741153.0,510880,sh,红利ETF华泰柏瑞
2026-03-04,3.341,3.304,3.341,3.251,1682921.0,510880,sh,红利ETF华泰柏瑞
2026-03-05,3.283,3.291,3.312,3.255,1385305.0,510880,sh,红利ETF华泰柏瑞
2026-03-06,3.282,3.285,3.29,3.253,1227179.0,510880,sh,红利ETF华泰柏瑞
2026-03-09,3.347,3.309,3.373,3.308,2021999.0,510880,sh,红利ETF华泰柏瑞
2026-03-10,3.256,3.27,3.283,3.24,1296122.0,510880,sh,红利ETF华泰柏瑞
2026-03-11,3.263,3.313,3.317,3.24,1340465.0,510880,sh,红利ETF华泰柏瑞
2026-03-12,3.325,3.381,3.392,3.313,2074272.0,510880,sh,红利ETF华泰柏瑞
2026-03-13,3.38,3.364,3.408,3.358,2042364.0,510880,sh,红利ETF华泰柏瑞
2026-03-16,3.365,3.335,3.381,3.33,1135786.0,510880,sh,红利ETF华泰柏瑞
2026-03-17,3.325,3.309,3.349,3.308,1120498.0,510880,sh,红利ETF华泰柏瑞
2026-03-18,3.308,3.296,3.319,3.261,1185168.0,510880,sh,红利ETF华泰柏瑞
2026-03-19,3.306,3.305,3.329,3.296,1345936.0,510880,sh,红利ETF华泰柏瑞
2026-03-20,3.275,3.296,3.329,3.273,1074156.0,510880,sh,红利ETF华泰柏瑞
2026-03-23,3.305,3.234,3.306,3.226,2022804.0,510880,sh,红利ETF华泰柏瑞
2026-03-24,3.23,3.269,3.27,3.227,1398703.0,510880,sh,红利ETF华泰柏瑞
2026-03-25,3.25,3.256,3.257,3.21,1575615.0,510880,sh,红利ETF华泰柏瑞
2026-03-26,3.251,3.268,3.288,3.248,1148295.0,510880,sh,红利ETF华泰柏瑞
2026-03-27,3.267,3.267,3.283,3.243,887788.0,510880,sh,红利ETF华泰柏瑞
2026-03-30,3.262,3.299,3.304,3.262,1081540.0,510880,sh,红利ETF华泰柏瑞
2026-03-31,3.293,3.251,3.314,3.248,1590399.0,510880,sh,红利ETF华泰柏瑞
2026-04-01,3.248,3.241,3.269,3.236,1322342.0,510880,sh,红利ETF华泰柏瑞
2026-04-02,3.24,3.258,3.27,3.238,1002087.0,510880,sh,红利ETF华泰柏瑞
2026-04-03,3.256,3.216,3.259,3.204,1523366.0,510880,sh,红利ETF华泰柏瑞
2026-04-07,3.217,3.228,3.232,3.196,1021184.0,510880,sh,红利ETF华泰柏瑞
2026-04-08,3.21,3.227,3.228,3.186,1714533.0,510880,sh,红利ETF华泰柏瑞
2026-04-09,3.222,3.212,3.232,3.202,792582.0,510880,sh,红利ETF华泰柏瑞
2026-04-10,3.211,3.218,3.231,3.205,839606.0,510880,sh,红利ETF华泰柏瑞
2026-04-13,3.225,3.223,3.233,3.202,1137072.0,510880,sh,红利ETF华泰柏瑞
2026-04-14,3.216,3.223,3.224,3.205,991290.0,510880,sh,红利ETF华泰柏瑞
2026-04-15,3.221,3.24,3.242,3.206,1155045.0,510880,sh,红利ETF华泰柏瑞
2026-04-16,3.23,3.244,3.251,3.23,942203.0,510880,sh,红利ETF华泰柏瑞
2026-04-17,3.24,3.218,3.244,3.216,1068333.0,510880,sh,红利ETF华泰柏瑞
2026-04-20,3.219,3.225,3.235,3.212,896280.0,510880,sh,红利ETF华泰柏瑞
2026-04-21,3.224,3.265,3.273,3.222,2186009.0,510880,sh,红利ETF华泰柏瑞
2026-04-22,3.268,3.269,3.281,3.259,1127009.0,510880,sh,红利ETF华泰柏瑞
2026-04-23,3.269,3.293,3.294,3.253,1213083.0,510880,sh,红利ETF华泰柏瑞
2026-04-24,3.277,3.28,3.292,3.266,1460046.0,510880,sh,红利ETF华泰柏瑞
2026-04-27,3.27,3.275,3.293,3.264,1008522.0,510880,sh,红利ETF华泰柏瑞
2026-04-28,3.27,3.325,3.326,3.265,1653365.0,510880,sh,红利ETF华泰柏瑞
2026-04-29,3.315,3.347,3.36,3.313,1395719.0,510880,sh,红利ETF华泰柏瑞
2026-04-30,3.34,3.341,3.357,3.324,1434351.0,510880,sh,红利ETF华泰柏瑞
2026-05-06,3.335,3.341,3.342,3.3,1451800.0,510880,sh,红利ETF华泰柏瑞
2026-05-07,3.327,3.272,3.327,3.268,2937811.0,510880,sh,红利ETF华泰柏瑞
2026-05-08,3.273,3.261,3.292,3.25,1593841.0,510880,sh,红利ETF华泰柏瑞
2026-05-11,3.261,3.263,3.276,3.253,1463540.0,510880,sh,红利ETF华泰柏瑞
2026-05-12,3.26,3.257,3.284,3.255,1171480.0,510880,sh,红利ETF华泰柏瑞
2026-05-13,3.258,3.244,3.271,3.23,1220950.0,510880,sh,红利ETF华泰柏瑞
2026-05-14,3.244,3.223,3.246,3.222,1022441.0,510880,sh,红利ETF华泰柏瑞
2026-05-15,3.224,3.223,3.244,3.21,1605664.0,510880,sh,红利ETF华泰柏瑞
2026-05-18,3.22,3.217,3.234,3.2,1885325.0,510880,sh,红利ETF华泰柏瑞
2026-05-19,3.217,3.222,3.228,3.208,961249.0,510880,sh,红利ETF华泰柏瑞
2026-05-20,3.222,3.215,3.23,3.208,1357173.0,510880,sh,红利ETF华泰柏瑞
2026-05-21,3.205,3.172,3.215,3.167,2302791.0,510880,sh,红利ETF华泰柏瑞
2026-05-22,3.173,3.156,3.175,3.138,1680864.0,510880,sh,红利ETF华泰柏瑞
2026-05-25,3.178,3.185,3.219,3.178,1972914.0,510880,sh,红利ETF华泰柏瑞
2026-05-26,3.178,3.186,3.192,3.163,1241574.0,510880,sh,红利ETF华泰柏瑞
2026-05-27,3.18,3.17,3.183,3.143,1784287.0,510880,sh,红利ETF华泰柏瑞
2026-05-28,3.163,3.17,3.193,3.157,1444370.0,510880,sh,红利ETF华泰柏瑞
2026-05-29,3.165,3.206,3.212,3.162,2132096.0,510880,sh,红利ETF华泰柏瑞
2026-06-01,3.212,3.307,3.315,3.206,3998342.0,510880,sh,红利ETF华泰柏瑞
2026-06-02,3.307,3.308,3.365,3.294,3254401.0,510880,sh,红利ETF华泰柏瑞
2026-06-03,3.29,3.324,3.339,3.264,2180349.0,510880,sh,红利ETF华泰柏瑞
2026-06-04,3.318,3.327,3.354,3.292,1691105.0,510880,sh,红利ETF华泰柏瑞
2026-06-05,3.314,3.321,3.355,3.311,2234907.0,510880,sh,红利ETF华泰柏瑞
2026-06-08,3.309,3.304,3.338,3.278,1744427.0,510880,sh,红利ETF华泰柏瑞
2026-06-09,3.28,3.291,3.3,3.266,1183731.0,510880,sh,红利ETF华泰柏瑞
2026-06-10,3.274,3.261,3.286,3.251,1227520.0,510880,sh,红利ETF华泰柏瑞
2026-06-11,3.268,3.26,3.283,3.248,909544.0,510880,sh,红利ETF华泰柏瑞
2026-06-12,3.246,3.303,3.309,3.238,1358116.0,510880,sh,红利ETF华泰柏瑞
2026-06-15,3.291,3.249,3.295,3.239,2165524.0,510880,sh,红利ETF华泰柏瑞
2026-06-16,3.239,3.196,3.239,3.19,2895238.0,510880,sh,红利ETF华泰柏瑞
2026-06-17,3.198,3.16,3.198,3.15,2767881.0,510880,sh,红利ETF华泰柏瑞
2026-06-18,3.16,3.098,3.161,3.091,4309489.0,510880,sh,红利ETF华泰柏瑞
2026-06-22,3.099,3.125,3.127,3.058,3540884.0,510880,sh,红利ETF华泰柏瑞
2026-06-23,3.12,3.104,3.157,3.1,2060253.0,510880,sh,红利ETF华泰柏瑞
2026-06-24,3.105,3.048,3.107,3.047,3413683.0,510880,sh,红利ETF华泰柏瑞
2026-06-25,3.042,3.006,3.049,3.0,3422199.0,510880,sh,红利ETF华泰柏瑞
2026-06-26,3.006,2.954,3.013,2.949,3676631.0,510880,sh,红利ETF华泰柏瑞
2026-06-29,2.954,2.972,2.98,2.896,3417911.0,510880,sh,红利ETF华泰柏瑞
2026-06-30,2.97,2.916,2.97,2.901,2834849.0,510880,sh,红利ETF华泰柏瑞
2026-07-01,2.902,2.963,2.977,2.902,2454405.0,510880,sh,红利ETF华泰柏瑞
2026-07-02,2.968,2.993,3.024,2.963,5059780.0,510880,sh,红利ETF华泰柏瑞
2026-07-03,3.0,3.024,3.043,3.0,2386434.0,510880,sh,红利ETF华泰柏瑞
