date,open,close,high,low,volume,code,market,name
2020-01-02,104.219,104.218,104.32,104.217,616.0,511260,sh,十年国债ETF国泰
2020-01-03,104.168,104.226,104.347,104.137,148.0,511260,sh,十年国债ETF国泰
2020-01-06,104.275,104.367,104.414,104.153,261.0,511260,sh,十年国债ETF国泰
2020-01-07,104.416,104.301,104.416,104.235,111.0,511260,sh,十年国债ETF国泰
2020-01-08,104.301,104.305,104.407,104.219,331.0,511260,sh,十年国债ETF国泰
2020-01-09,104.305,104.326,104.492,104.255,5661.0,511260,sh,十年国债ETF国泰
2020-01-10,104.376,104.741,104.743,104.324,23625.0,511260,sh,十年国债ETF国泰
2020-01-13,104.731,104.698,104.755,104.669,275.0,511260,sh,十年国债ETF国泰
2020-01-14,104.698,104.608,104.717,104.604,361.0,511260,sh,十年国债ETF国泰
2020-01-15,104.608,104.644,104.737,104.608,172.0,511260,sh,十年国债ETF国泰
2020-01-16,104.598,104.617,104.677,104.598,155.0,511260,sh,十年国债ETF国泰
2020-01-17,104.617,104.702,104.711,104.617,371.0,511260,sh,十年国债ETF国泰
2020-01-20,104.702,104.814,104.814,104.655,223.0,511260,sh,十年国债ETF国泰
2020-01-21,104.814,105.067,105.267,104.808,1238.0,511260,sh,十年国债ETF国泰
2020-01-22,105.117,105.197,105.607,104.907,364.0,511260,sh,十年国债ETF国泰
2020-01-23,105.247,105.53,105.627,105.247,530.0,511260,sh,十年国债ETF国泰
2020-02-03,105.87,106.802,107.368,105.867,496.0,511260,sh,十年国债ETF国泰
2020-02-04,106.597,106.712,106.861,106.587,204.0,511260,sh,十年国债ETF国泰
2020-02-05,106.707,106.74,106.746,106.556,138.0,511260,sh,十年国债ETF国泰
2020-02-06,106.555,106.742,106.844,106.555,176.0,511260,sh,十年国债ETF国泰
2020-02-07,106.737,106.897,106.982,106.737,258.0,511260,sh,十年国债ETF国泰
2020-02-10,106.897,107.089,107.112,106.897,518.0,511260,sh,十年国债ETF国泰
2020-02-11,107.117,107.171,109.446,107.04,1250.0,511260,sh,十年国债ETF国泰
2020-02-12,107.121,107.168,107.252,107.115,478.0,511260,sh,十年国债ETF国泰
2020-02-13,107.117,107.056,107.117,106.974,329.0,511260,sh,十年国债ETF国泰
2020-02-14,107.007,107.044,107.05,106.969,201.0,511260,sh,十年国债ETF国泰
2020-02-17,106.989,106.863,106.989,106.678,308.0,511260,sh,十年国债ETF国泰
2020-02-18,106.867,106.647,106.869,106.467,476.0,511260,sh,十年国债ETF国泰
2020-02-19,106.687,106.621,106.696,106.617,431.0,511260,sh,十年国债ETF国泰
2020-02-20,106.617,106.467,106.654,106.409,297.0,511260,sh,十年国债ETF国泰
2020-02-21,106.476,106.678,106.755,106.476,479.0,511260,sh,十年国债ETF国泰
2020-02-24,106.688,106.909,107.017,106.688,376.0,511260,sh,十年国债ETF国泰
2020-02-25,106.957,106.917,107.112,106.917,375.0,511260,sh,十年国债ETF国泰
2020-02-26,106.967,107.008,107.105,106.928,325.0,511260,sh,十年国债ETF国泰
2020-02-27,107.008,107.216,107.257,107.008,393.0,511260,sh,十年国债ETF国泰
2020-02-28,107.257,107.567,108.366,107.217,1005.0,511260,sh,十年国债ETF国泰
2020-03-02,107.617,107.577,107.766,107.567,575.0,511260,sh,十年国债ETF国泰
2020-03-03,107.576,107.568,107.577,107.288,510.0,511260,sh,十年国债ETF国泰
2020-03-04,107.583,107.768,107.79,107.583,822.0,511260,sh,十年国债ETF国泰
2020-03-05,107.781,107.987,108.065,107.781,600.0,511260,sh,十年国债ETF国泰
2020-03-06,107.967,108.412,108.427,107.967,451.0,511260,sh,十年国债ETF国泰
2020-03-09,108.468,109.815,110.377,108.468,3870.0,511260,sh,十年国债ETF国泰
2020-03-10,109.766,108.941,109.767,108.82,2559.0,511260,sh,十年国债ETF国泰
2020-03-11,108.967,108.953,108.967,108.667,1513.0,511260,sh,十年国债ETF国泰
2020-03-12,109.003,109.149,109.467,108.777,3295.0,511260,sh,十年国债ETF国泰
2020-03-13,109.157,108.245,109.467,107.972,2345.0,511260,sh,十年国债ETF国泰
2020-03-16,108.295,108.256,108.657,108.058,1491.0,511260,sh,十年国债ETF国泰
2020-03-17,108.206,107.84,108.256,107.167,986.0,511260,sh,十年国债ETF国泰
2020-03-18,107.677,107.902,107.966,107.547,1117.0,511260,sh,十年国债ETF国泰
2020-03-19,107.852,107.597,107.944,107.585,883.0,511260,sh,十年国债ETF国泰
2020-03-20,107.593,107.567,107.637,107.448,1665.0,511260,sh,十年国债ETF国泰
2020-03-23,107.877,108.157,108.267,107.877,1631.0,511260,sh,十年国债ETF国泰
2020-03-24,108.149,108.343,108.627,107.917,1636.0,511260,sh,十年国债ETF国泰
2020-03-25,108.337,108.352,108.437,108.089,1333.0,511260,sh,十年国债ETF国泰
2020-03-26,108.352,108.518,108.567,108.327,2982.0,511260,sh,十年国债ETF国泰
2020-03-27,108.467,108.544,108.867,108.382,3291.0,511260,sh,十年国债ETF国泰
2020-03-30,108.517,108.572,108.707,108.498,3126.0,511260,sh,十年国债ETF国泰
2020-03-31,108.472,108.682,108.682,108.467,2899.0,511260,sh,十年国债ETF国泰
2020-04-01,108.695,108.837,108.866,108.695,2908.0,511260,sh,十年国债ETF国泰
2020-04-02,108.677,108.8,108.997,108.677,2882.0,511260,sh,十年国债ETF国泰
2020-04-03,108.783,108.801,108.914,108.777,2438.0,511260,sh,十年国债ETF国泰
2020-04-07,108.851,109.261,109.329,108.828,2675.0,511260,sh,十年国债ETF国泰
2020-04-08,109.311,109.477,109.536,109.27,2923.0,511260,sh,十年国债ETF国泰
2020-04-09,109.549,109.36,109.559,109.267,3322.0,511260,sh,十年国债ETF国泰
2020-04-10,109.357,109.248,109.522,109.167,3203.0,511260,sh,十年国债ETF国泰
2020-04-13,109.247,109.334,109.355,109.084,3447.0,511260,sh,十年国债ETF国泰
2020-04-14,109.367,109.296,109.449,109.258,2862.0,511260,sh,十年国债ETF国泰
2020-04-15,109.367,109.439,109.451,109.367,2264.0,511260,sh,十年国债ETF国泰
2020-04-16,109.489,109.744,109.837,109.437,2421.0,511260,sh,十年国债ETF国泰
2020-04-17,109.744,109.645,110.002,109.575,2526.0,511260,sh,十年国债ETF国泰
2020-04-20,109.648,109.298,109.887,109.252,3919.0,511260,sh,十年国债ETF国泰
2020-04-21,109.327,109.297,109.345,109.212,1662.0,511260,sh,十年国债ETF国泰
2020-04-22,109.345,109.581,109.629,109.302,3557.0,511260,sh,十年国债ETF国泰
2020-04-23,109.527,110.127,110.223,109.467,3575.0,511260,sh,十年国债ETF国泰
2020-04-24,110.18,110.399,110.657,110.099,3937.0,511260,sh,十年国债ETF国泰
2020-04-27,110.267,110.371,110.572,110.067,4460.0,511260,sh,十年国债ETF国泰
2020-04-28,110.267,110.501,110.567,110.189,4798.0,511260,sh,十年国债ETF国泰
2020-04-29,110.467,110.616,110.767,110.435,3394.0,511260,sh,十年国债ETF国泰
2020-04-30,110.469,110.368,110.567,110.272,4498.0,511260,sh,十年国债ETF国泰
2020-05-06,110.418,110.156,110.418,110.097,4056.0,511260,sh,十年国债ETF国泰
2020-05-07,110.156,109.622,110.156,109.567,4300.0,511260,sh,十年国债ETF国泰
2020-05-08,109.856,109.339,109.856,109.067,7292.0,511260,sh,十年国债ETF国泰
2020-05-11,109.448,108.789,109.448,108.78,7424.0,511260,sh,十年国债ETF国泰
2020-05-12,108.788,109.102,109.116,108.788,6558.0,511260,sh,十年国债ETF国泰
2020-05-13,108.888,108.846,109.217,108.821,7505.0,511260,sh,十年国债ETF国泰
2020-05-14,108.852,108.795,108.915,108.422,8492.0,511260,sh,十年国债ETF国泰
2020-05-15,108.802,108.999,109.009,108.635,9347.0,511260,sh,十年国债ETF国泰
2020-05-18,108.809,108.504,108.964,108.483,6826.0,511260,sh,十年国债ETF国泰
2020-05-19,108.387,108.651,108.689,108.216,6701.0,511260,sh,十年国债ETF国泰
2020-05-20,108.566,108.856,108.859,108.562,6911.0,511260,sh,十年国债ETF国泰
2020-05-21,108.633,108.906,108.971,108.633,6041.0,511260,sh,十年国债ETF国泰
2020-05-22,109.022,109.431,109.433,108.952,8607.0,511260,sh,十年国债ETF国泰
2020-05-25,109.381,109.07,109.381,108.987,8066.0,511260,sh,十年国债ETF国泰
2020-05-26,109.118,108.653,109.198,108.515,6599.0,511260,sh,十年国债ETF国泰
2020-05-27,108.667,108.651,108.797,108.497,7698.0,511260,sh,十年国债ETF国泰
2020-05-28,108.632,108.976,109.033,108.629,8620.0,511260,sh,十年国债ETF国泰
2020-05-29,108.897,108.6,109.027,108.555,7540.0,511260,sh,十年国债ETF国泰
2020-06-01,108.65,108.268,108.65,108.227,7071.0,511260,sh,十年国债ETF国泰
2020-06-02,108.365,107.93,108.365,107.789,8588.0,511260,sh,十年国债ETF国泰
2020-06-03,107.88,107.739,107.88,107.463,6630.0,511260,sh,十年国债ETF国泰
2020-06-04,107.767,107.366,107.789,107.361,7576.0,511260,sh,十年国债ETF国泰
2020-06-05,107.417,107.27,107.507,107.196,7019.0,511260,sh,十年国债ETF国泰
2020-06-08,107.269,107.648,107.649,107.199,7628.0,511260,sh,十年国债ETF国泰
2020-06-09,107.697,107.628,107.819,107.619,7346.0,511260,sh,十年国债ETF国泰
2020-06-10,107.658,107.598,107.831,107.504,7057.0,511260,sh,十年国债ETF国泰
2020-06-11,107.672,108.09,108.116,107.672,9808.0,511260,sh,十年国债ETF国泰
2020-06-12,108.257,108.185,108.617,108.122,7115.0,511260,sh,十年国债ETF国泰
2020-06-15,108.327,108.486,108.514,108.147,6957.0,511260,sh,十年国债ETF国泰
2020-06-16,108.067,107.654,108.067,107.627,8620.0,511260,sh,十年国债ETF国泰
2020-06-17,107.704,107.561,107.704,107.323,6397.0,511260,sh,十年国债ETF国泰
2020-06-18,107.847,107.38,107.847,107.285,11495.0,511260,sh,十年国债ETF国泰
2020-06-19,107.41,107.407,107.475,107.297,10812.0,511260,sh,十年国债ETF国泰
2020-06-22,107.407,107.427,107.488,107.297,8663.0,511260,sh,十年国债ETF国泰
2020-06-23,107.358,106.877,107.437,106.767,6521.0,511260,sh,十年国债ETF国泰
2020-06-24,107.067,107.387,107.425,107.01,7831.0,511260,sh,十年国债ETF国泰
2020-06-29,107.366,107.433,107.462,107.272,5882.0,511260,sh,十年国债ETF国泰
2020-06-30,107.367,107.33,107.4,107.217,6541.0,511260,sh,十年国债ETF国泰
2020-07-01,107.367,107.433,107.467,107.337,4917.0,511260,sh,十年国债ETF国泰
2020-07-02,107.367,107.583,107.829,107.272,8040.0,511260,sh,十年国债ETF国泰
2020-07-03,107.368,107.467,107.548,107.241,6205.0,511260,sh,十年国债ETF国泰
2020-07-06,107.302,106.452,107.302,106.348,5995.0,511260,sh,十年国债ETF国泰
2020-07-07,106.297,105.983,106.297,105.908,5566.0,511260,sh,十年国债ETF国泰
2020-07-08,106.067,105.623,106.067,105.614,5178.0,511260,sh,十年国债ETF国泰
2020-07-09,105.622,105.434,105.623,105.028,10859.0,511260,sh,十年国债ETF国泰
2020-07-10,105.647,105.706,105.878,105.517,10943.0,511260,sh,十年国债ETF国泰
2020-07-13,105.667,105.518,105.679,105.371,8603.0,511260,sh,十年国债ETF国泰
2020-07-14,105.682,105.955,106.005,105.682,9012.0,511260,sh,十年国债ETF国泰
2020-07-15,105.948,106.35,106.366,105.667,8464.0,511260,sh,十年国债ETF国泰
2020-07-16,106.176,106.611,106.649,106.176,10255.0,511260,sh,十年国债ETF国泰
2020-07-17,106.615,106.312,106.637,106.229,8189.0,511260,sh,十年国债ETF国泰
2020-07-20,106.262,106.201,106.268,105.985,6754.0,511260,sh,十年国债ETF国泰
2020-07-21,106.711,106.26,106.711,106.137,8108.0,511260,sh,十年国债ETF国泰
2020-07-22,106.279,106.944,106.977,106.157,8002.0,511260,sh,十年国债ETF国泰
2020-07-23,106.867,107.075,107.157,106.817,9668.0,511260,sh,十年国债ETF国泰
2020-07-24,107.077,107.26,107.291,107.019,9134.0,511260,sh,十年国债ETF国泰
2020-07-27,107.117,107.312,107.341,107.071,6444.0,511260,sh,十年国债ETF国泰
2020-07-28,107.302,107.018,107.302,106.967,6828.0,511260,sh,十年国债ETF国泰
2020-07-29,107.217,106.85,107.217,106.757,6622.0,511260,sh,十年国债ETF国泰
2020-07-30,106.767,106.63,106.777,106.577,5668.0,511260,sh,十年国债ETF国泰
2020-07-31,106.637,106.228,106.637,106.203,7204.0,511260,sh,十年国债ETF国泰
2020-08-03,106.235,106.309,106.318,106.0,7118.0,511260,sh,十年国债ETF国泰
2020-08-04,106.307,106.33,106.419,106.227,5918.0,511260,sh,十年国债ETF国泰
2020-08-05,106.317,106.473,106.541,106.317,5740.0,511260,sh,十年国债ETF国泰
2020-08-06,106.272,106.513,106.541,106.272,6498.0,511260,sh,十年国债ETF国泰
2020-08-07,106.507,106.377,106.557,106.317,6549.0,511260,sh,十年国债ETF国泰
2020-08-10,106.387,106.483,106.487,106.317,6274.0,511260,sh,十年国债ETF国泰
2020-08-11,106.483,106.355,106.506,106.334,6740.0,511260,sh,十年国债ETF国泰
2020-08-12,106.382,106.181,106.656,106.082,6722.0,511260,sh,十年国债ETF国泰
2020-08-13,106.18,106.464,106.464,106.179,6902.0,511260,sh,十年国债ETF国泰
2020-08-14,106.464,106.503,106.635,106.439,4881.0,511260,sh,十年国债ETF国泰
2020-08-17,106.504,106.593,106.627,106.503,4165.0,511260,sh,十年国债ETF国泰
2020-08-18,106.591,106.625,106.659,106.583,3363.0,511260,sh,十年国债ETF国泰
2020-08-19,106.607,106.446,106.625,106.427,4913.0,511260,sh,十年国债ETF国泰
2020-08-20,106.417,106.189,106.482,106.177,7295.0,511260,sh,十年国债ETF国泰
2020-08-21,106.239,106.226,106.267,106.175,4795.0,511260,sh,十年国债ETF国泰
2020-08-24,106.236,106.208,106.304,106.009,5942.0,511260,sh,十年国债ETF国泰
2020-08-25,106.207,105.9,106.208,105.827,7628.0,511260,sh,十年国债ETF国泰
2020-08-26,105.91,105.756,105.983,105.715,5836.0,511260,sh,十年国债ETF国泰
2020-08-27,105.756,105.823,105.881,105.747,7104.0,511260,sh,十年国债ETF国泰
2020-08-28,105.873,105.512,105.873,105.485,6955.0,511260,sh,十年国债ETF国泰
2020-08-31,105.498,105.591,105.679,105.385,7638.0,511260,sh,十年国债ETF国泰
2020-09-01,105.667,105.984,106.058,105.567,6959.0,511260,sh,十年国债ETF国泰
2020-09-02,105.974,105.829,105.974,105.715,5936.0,511260,sh,十年国债ETF国泰
2020-09-03,105.829,106.133,106.14,105.59,8397.0,511260,sh,十年国债ETF国泰
2020-09-04,106.083,106.158,106.275,106.027,11500.0,511260,sh,十年国债ETF国泰
2020-09-07,106.206,105.915,106.227,105.838,11450.0,511260,sh,十年国债ETF国泰
2020-09-08,106.006,106.264,106.317,105.857,11032.0,511260,sh,十年国债ETF国泰
2020-09-09,106.039,106.55,106.554,106.039,12264.0,511260,sh,十年国债ETF国泰
2020-09-10,106.517,106.613,106.647,106.325,11195.0,511260,sh,十年国债ETF国泰
2020-09-11,106.636,106.05,106.636,106.044,11196.0,511260,sh,十年国债ETF国泰
2020-09-14,105.789,105.664,105.898,105.627,7131.0,511260,sh,十年国债ETF国泰
2020-09-15,105.647,106.079,106.084,105.6,10725.0,511260,sh,十年国债ETF国泰
2020-09-16,105.867,106.117,106.217,105.867,7603.0,511260,sh,十年国债ETF国泰
2020-09-17,105.969,106.062,106.245,105.969,13716.0,511260,sh,十年国债ETF国泰
2020-09-18,105.977,106.083,106.338,105.977,10892.0,511260,sh,十年国债ETF国泰
2020-09-21,106.033,106.585,106.596,106.033,9576.0,511260,sh,十年国债ETF国泰
2020-09-22,106.467,106.765,108.8,106.467,12916.0,511260,sh,十年国债ETF国泰
2020-09-23,106.667,106.52,106.765,106.425,13437.0,511260,sh,十年国债ETF国泰
2020-09-24,106.547,106.472,106.674,106.394,11139.0,511260,sh,十年国债ETF国泰
2020-09-25,106.477,106.32,106.478,106.288,12511.0,511260,sh,十年国债ETF国泰
2020-09-28,106.32,106.461,106.467,106.115,11252.0,511260,sh,十年国债ETF国泰
2020-09-29,106.433,106.27,106.461,106.207,11346.0,511260,sh,十年国债ETF国泰
2020-09-30,106.27,106.055,106.417,106.004,9897.0,511260,sh,十年国债ETF国泰
2020-10-09,105.897,105.907,105.952,105.808,11424.0,511260,sh,十年国债ETF国泰
2020-10-12,105.927,105.607,105.927,105.551,7217.0,511260,sh,十年国债ETF国泰
2020-10-13,105.606,105.654,105.747,105.567,9099.0,511260,sh,十年国债ETF国泰
2020-10-14,105.657,105.554,105.714,105.496,7556.0,511260,sh,十年国债ETF国泰
2020-10-15,105.56,105.47,105.633,105.404,5478.0,511260,sh,十年国债ETF国泰
2020-10-16,105.47,105.691,105.716,105.47,6712.0,511260,sh,十年国债ETF国泰
2020-10-19,105.666,105.929,105.948,105.498,7350.0,511260,sh,十年国债ETF国泰
2020-10-20,105.876,105.725,105.99,105.677,6200.0,511260,sh,十年国债ETF国泰
2020-10-21,105.726,105.754,105.849,105.622,8817.0,511260,sh,十年国债ETF国泰
2020-10-22,105.845,105.883,106.109,105.825,6015.0,511260,sh,十年国债ETF国泰
2020-10-23,105.849,105.823,105.895,105.774,4302.0,511260,sh,十年国债ETF国泰
2020-10-26,105.823,105.68,105.866,105.675,5054.0,511260,sh,十年国债ETF国泰
2020-10-27,105.68,105.943,105.971,105.667,6387.0,511260,sh,十年国债ETF国泰
2020-10-28,105.958,105.926,106.116,105.784,5593.0,511260,sh,十年国债ETF国泰
2020-10-29,105.927,105.988,106.243,105.927,6750.0,511260,sh,十年国债ETF国泰
2020-10-30,105.989,105.971,106.182,105.944,4771.0,511260,sh,十年国债ETF国泰
2020-11-02,105.972,106.199,106.875,105.938,6970.0,511260,sh,十年国债ETF国泰
2020-11-03,106.217,106.153,106.257,106.079,6924.0,511260,sh,十年国债ETF国泰
2020-11-04,106.146,106.151,106.267,106.061,7494.0,511260,sh,十年国债ETF国泰
2020-11-05,106.15,106.137,106.344,106.068,7256.0,511260,sh,十年国债ETF国泰
2020-11-06,106.138,106.126,106.384,106.063,5411.0,511260,sh,十年国债ETF国泰
2020-11-09,106.126,105.917,106.183,105.855,8988.0,511260,sh,十年国债ETF国泰
2020-11-10,105.867,105.881,105.992,105.817,6606.0,511260,sh,十年国债ETF国泰
2020-11-11,105.882,105.837,106.014,105.771,7074.0,511260,sh,十年国债ETF国泰
2020-11-12,105.837,105.885,105.991,105.767,7845.0,511260,sh,十年国债ETF国泰
2020-11-13,105.879,105.559,105.928,105.468,6528.0,511260,sh,十年国债ETF国泰
2020-11-16,105.559,105.667,105.806,105.457,4144.0,511260,sh,十年国债ETF国泰
2020-11-17,105.667,105.696,105.747,105.615,4620.0,511260,sh,十年国债ETF国泰
2020-11-18,105.719,105.489,105.754,105.427,6213.0,511260,sh,十年国债ETF国泰
2020-11-19,105.467,105.375,105.467,105.265,4981.0,511260,sh,十年国债ETF国泰
2020-11-20,105.315,105.315,105.37,105.187,6500.0,511260,sh,十年国债ETF国泰
2020-11-23,105.368,105.45,105.497,105.368,5723.0,511260,sh,十年国债ETF国泰
2020-11-24,105.429,105.408,105.477,105.38,7460.0,511260,sh,十年国债ETF国泰
2020-11-25,105.396,105.442,105.498,105.327,5640.0,511260,sh,十年国债ETF国泰
2020-11-26,105.445,105.431,105.528,105.427,7690.0,511260,sh,十年国债ETF国泰
2020-11-27,105.422,105.397,105.624,105.345,5121.0,511260,sh,十年国债ETF国泰
2020-11-30,105.4,105.549,105.557,105.399,5259.0,511260,sh,十年国债ETF国泰
2020-12-01,105.55,105.477,105.558,105.417,4329.0,511260,sh,十年国债ETF国泰
2020-12-02,105.477,105.418,105.477,105.391,4802.0,511260,sh,十年国债ETF国泰
2020-12-03,105.418,105.395,105.504,105.368,5273.0,511260,sh,十年国债ETF国泰
2020-12-04,105.396,105.767,105.967,105.396,7480.0,511260,sh,十年国债ETF国泰
2020-12-07,105.717,105.618,105.847,105.575,6484.0,511260,sh,十年国债ETF国泰
2020-12-08,105.647,105.956,105.956,105.647,9026.0,511260,sh,十年国债ETF国泰
2020-12-09,105.956,105.852,106.025,105.759,4346.0,511260,sh,十年国债ETF国泰
2020-12-10,105.852,105.823,105.867,105.749,6346.0,511260,sh,十年国债ETF国泰
2020-12-11,105.823,105.652,105.823,105.597,7425.0,511260,sh,十年国债ETF国泰
2020-12-14,105.676,105.497,105.71,105.468,5724.0,511260,sh,十年国债ETF国泰
2020-12-15,105.529,105.527,105.605,105.495,6479.0,511260,sh,十年国债ETF国泰
2020-12-16,105.546,105.532,105.562,105.497,5861.0,511260,sh,十年国债ETF国泰
2020-12-17,105.533,105.441,105.667,105.422,5017.0,511260,sh,十年国债ETF国泰
2020-12-18,105.447,105.442,105.511,105.409,3063.0,511260,sh,十年国债ETF国泰
2020-12-21,105.443,105.426,105.487,105.417,3867.0,511260,sh,十年国债ETF国泰
2020-12-22,105.466,105.633,105.717,105.407,5235.0,511260,sh,十年国债ETF国泰
2020-12-23,105.67,105.699,105.865,105.659,4985.0,511260,sh,十年国债ETF国泰
2020-12-24,105.699,105.708,105.855,105.672,4449.0,511260,sh,十年国债ETF国泰
2020-12-25,105.709,105.843,105.854,105.707,7030.0,511260,sh,十年国债ETF国泰
2020-12-28,105.856,105.867,106.014,105.855,6532.0,511260,sh,十年国债ETF国泰
2020-12-29,105.911,106.056,106.117,105.911,5846.0,511260,sh,十年国债ETF国泰
2020-12-30,106.057,106.116,106.197,105.935,4948.0,511260,sh,十年国债ETF国泰
2020-12-31,106.122,105.972,106.247,105.967,5080.0,511260,sh,十年国债ETF国泰
2021-01-04,105.972,105.905,106.105,105.805,9359.0,511260,sh,十年国债ETF国泰
2021-01-05,105.905,106.077,106.135,105.905,4222.0,511260,sh,十年国债ETF国泰
2021-01-06,106.078,106.307,106.342,106.058,5771.0,511260,sh,十年国债ETF国泰
2021-01-07,106.308,106.293,106.347,106.228,4336.0,511260,sh,十年国债ETF国泰
2021-01-08,106.385,106.313,106.597,106.217,6069.0,511260,sh,十年国债ETF国泰
2021-01-11,106.218,106.278,106.313,106.167,6622.0,511260,sh,十年国债ETF国泰
2021-01-12,106.282,106.337,106.366,106.215,4707.0,511260,sh,十年国债ETF国泰
2021-01-13,106.337,106.585,106.682,106.337,4513.0,511260,sh,十年国债ETF国泰
2021-01-14,106.587,106.736,106.825,106.587,4624.0,511260,sh,十年国债ETF国泰
2021-01-15,106.742,106.899,106.966,106.727,7743.0,511260,sh,十年国债ETF国泰
2021-01-18,106.922,106.644,106.922,106.61,7527.0,511260,sh,十年国债ETF国泰
2021-01-19,106.467,106.538,106.643,106.467,7325.0,511260,sh,十年国债ETF国泰
2021-01-20,106.552,106.753,106.766,106.552,5627.0,511260,sh,十年国债ETF国泰
2021-01-21,106.753,106.759,106.886,106.678,7263.0,511260,sh,十年国债ETF国泰
2021-01-22,106.767,106.985,107.053,106.766,4258.0,511260,sh,十年国债ETF国泰
2021-01-25,106.986,106.935,107.086,106.887,5755.0,511260,sh,十年国债ETF国泰
2021-01-26,106.867,106.487,107.047,106.458,4675.0,511260,sh,十年国债ETF国泰
2021-01-27,106.52,106.4,106.705,106.347,4343.0,511260,sh,十年国债ETF国泰
2021-01-28,106.422,106.363,106.549,106.242,3610.0,511260,sh,十年国债ETF国泰
2021-01-29,106.317,106.149,106.374,106.109,3888.0,511260,sh,十年国债ETF国泰
2021-02-01,106.247,106.482,106.516,106.189,6177.0,511260,sh,十年国债ETF国泰
2021-02-02,106.516,106.627,106.702,106.367,9561.0,511260,sh,十年国债ETF国泰
2021-02-03,106.639,106.539,106.686,106.498,8207.0,511260,sh,十年国债ETF国泰
2021-02-04,106.54,106.53,106.665,106.422,8873.0,511260,sh,十年国债ETF国泰
2021-02-05,106.518,106.216,106.602,106.097,7025.0,511260,sh,十年国债ETF国泰
2021-02-08,106.282,105.993,106.399,105.876,6922.0,511260,sh,十年国债ETF国泰
2021-02-09,106.026,106.075,106.163,105.954,8095.0,511260,sh,十年国债ETF国泰
2021-02-10,106.115,106.337,106.416,106.029,5145.0,511260,sh,十年国债ETF国泰
2021-02-18,106.267,106.24,106.349,106.148,5513.0,511260,sh,十年国债ETF国泰
2021-02-19,106.207,106.331,106.539,106.207,6836.0,511260,sh,十年国债ETF国泰
2021-02-22,106.297,106.227,106.31,105.932,8765.0,511260,sh,十年国债ETF国泰
2021-02-23,106.134,106.397,106.455,106.127,7080.0,511260,sh,十年国债ETF国泰
2021-02-24,106.439,106.437,106.577,106.364,6223.0,511260,sh,十年国债ETF国泰
2021-02-25,106.437,106.413,106.456,106.221,7988.0,511260,sh,十年国债ETF国泰
2021-02-26,106.467,106.312,106.507,106.148,8556.0,511260,sh,十年国债ETF国泰
2021-03-01,106.294,106.147,106.312,106.089,9026.0,511260,sh,十年国债ETF国泰
2021-03-02,106.102,106.482,106.542,105.996,9651.0,511260,sh,十年国债ETF国泰
2021-03-03,106.467,106.342,106.529,106.293,5303.0,511260,sh,十年国债ETF国泰
2021-03-04,106.358,106.333,106.465,106.267,7366.0,511260,sh,十年国债ETF国泰
2021-03-05,106.327,106.466,106.537,106.278,8102.0,511260,sh,十年国债ETF国泰
2021-03-08,106.418,106.595,106.606,106.377,6833.0,511260,sh,十年国债ETF国泰
2021-03-09,106.581,106.628,106.822,106.475,7945.0,511260,sh,十年国债ETF国泰
2021-03-10,106.598,106.729,106.817,106.501,5217.0,511260,sh,十年国债ETF国泰
2021-03-11,106.682,106.598,106.724,106.448,9423.0,511260,sh,十年国债ETF国泰
2021-03-12,106.628,106.564,106.666,106.538,7190.0,511260,sh,十年国债ETF国泰
2021-03-15,106.564,106.488,106.564,106.437,6637.0,511260,sh,十年国债ETF国泰
2021-03-16,106.488,106.421,106.537,106.399,8945.0,511260,sh,十年国债ETF国泰
2021-03-17,106.423,106.374,106.515,106.361,9467.0,511260,sh,十年国债ETF国泰
2021-03-18,106.374,106.197,106.374,106.137,15867.0,511260,sh,十年国债ETF国泰
2021-03-19,106.197,106.319,106.357,106.147,9450.0,511260,sh,十年国债ETF国泰
2021-03-22,106.327,106.411,106.475,106.327,9147.0,511260,sh,十年国债ETF国泰
2021-03-23,106.408,106.441,106.467,106.351,10295.0,511260,sh,十年国债ETF国泰
2021-03-24,106.467,106.569,106.636,106.467,9488.0,511260,sh,十年国债ETF国泰
2021-03-25,106.569,106.614,106.665,106.467,13988.0,511260,sh,十年国债ETF国泰
2021-03-26,106.624,106.529,106.66,106.525,18191.0,511260,sh,十年国债ETF国泰
2021-03-29,106.529,106.509,106.603,106.413,9520.0,511260,sh,十年国债ETF国泰
2021-03-30,106.495,106.596,106.711,106.495,15598.0,511260,sh,十年国债ETF国泰
2021-03-31,106.597,106.801,106.859,106.552,10440.0,511260,sh,十年国债ETF国泰
2021-04-01,106.867,106.682,106.867,106.641,8097.0,511260,sh,十年国债ETF国泰
2021-04-02,106.742,106.688,106.849,106.632,7956.0,511260,sh,十年国债ETF国泰
2021-04-06,106.608,106.66,106.732,106.587,11091.0,511260,sh,十年国债ETF国泰
2021-04-07,106.632,106.695,106.756,106.632,9088.0,511260,sh,十年国债ETF国泰
2021-04-08,106.697,106.591,106.742,106.559,7130.0,511260,sh,十年国债ETF国泰
2021-04-09,106.591,106.665,106.677,106.578,10432.0,511260,sh,十年国债ETF国泰
2021-04-12,106.667,106.888,106.897,106.627,7512.0,511260,sh,十年国债ETF国泰
2021-04-13,106.877,107.167,107.167,106.877,9963.0,511260,sh,十年国债ETF国泰
2021-04-14,107.167,107.237,107.311,107.085,8011.0,511260,sh,十年国债ETF国泰
2021-04-15,107.266,107.082,107.36,107.077,9929.0,511260,sh,十年国债ETF国泰
2021-04-16,107.082,107.44,107.672,106.982,12031.0,511260,sh,十年国债ETF国泰
2021-04-19,107.486,107.382,107.616,107.332,10490.0,511260,sh,十年国债ETF国泰
2021-04-20,107.383,107.466,107.566,107.353,9494.0,511260,sh,十年国债ETF国泰
2021-04-21,107.483,107.472,107.483,107.379,9203.0,511260,sh,十年国债ETF国泰
2021-04-22,107.483,107.405,107.52,107.327,8270.0,511260,sh,十年国债ETF国泰
2021-04-23,107.4,107.692,107.867,107.377,15984.0,511260,sh,十年国债ETF国泰
2021-04-26,107.677,107.565,107.825,107.377,12399.0,511260,sh,十年国债ETF国泰
2021-04-27,107.515,107.464,107.867,107.387,14472.0,511260,sh,十年国债ETF国泰
2021-04-28,107.447,107.171,107.596,107.127,12108.0,511260,sh,十年国债ETF国泰
2021-04-29,107.12,107.316,107.51,107.12,5890.0,511260,sh,十年国债ETF国泰
2021-04-30,107.316,107.527,107.616,107.23,6211.0,511260,sh,十年国债ETF国泰
2021-05-06,107.54,107.505,107.692,107.486,8280.0,511260,sh,十年国债ETF国泰
2021-05-07,107.506,107.483,107.669,107.4,8630.0,511260,sh,十年国债ETF国泰
2021-05-10,107.442,107.485,107.565,107.437,9700.0,511260,sh,十年国债ETF国泰
2021-05-11,107.535,107.709,107.767,107.437,15707.0,511260,sh,十年国债ETF国泰
2021-05-12,107.707,107.689,107.867,107.668,11945.0,511260,sh,十年国债ETF国泰
2021-05-13,107.687,107.613,107.687,107.499,12190.0,511260,sh,十年国债ETF国泰
2021-05-14,107.587,107.668,107.763,107.563,9971.0,511260,sh,十年国债ETF国泰
2021-05-17,107.618,107.639,107.829,107.494,10668.0,511260,sh,十年国债ETF国泰
2021-05-18,107.639,107.589,107.715,107.52,8749.0,511260,sh,十年国债ETF国泰
2021-05-19,107.589,107.835,107.866,107.589,8416.0,511260,sh,十年国债ETF国泰
2021-05-20,107.885,108.048,108.067,107.849,29087.0,511260,sh,十年国债ETF国泰
2021-05-21,108.098,108.367,108.465,108.047,10761.0,511260,sh,十年国债ETF国泰
2021-05-24,108.377,108.467,108.567,108.377,8408.0,511260,sh,十年国债ETF国泰
2021-05-25,108.467,108.408,108.487,108.301,8675.0,511260,sh,十年国债ETF国泰
2021-05-26,108.397,108.582,108.642,108.279,10650.0,511260,sh,十年国债ETF国泰
2021-05-27,108.564,108.338,108.626,108.322,9906.0,511260,sh,十年国债ETF国泰
2021-05-28,108.347,108.346,108.396,108.219,8854.0,511260,sh,十年国债ETF国泰
2021-05-31,108.338,108.259,108.366,107.967,13546.0,511260,sh,十年国债ETF国泰
2021-06-01,108.269,108.367,108.465,108.269,9118.0,511260,sh,十年国债ETF国泰
2021-06-02,108.38,108.525,108.567,108.377,9177.0,511260,sh,十年国债ETF国泰
2021-06-03,108.475,108.612,108.644,108.367,8006.0,511260,sh,十年国债ETF国泰
2021-06-04,108.609,108.419,108.609,108.297,19247.0,511260,sh,十年国债ETF国泰
2021-06-07,108.367,108.241,108.447,108.227,9540.0,511260,sh,十年国债ETF国泰
2021-06-08,108.262,108.233,108.345,108.222,6376.0,511260,sh,十年国债ETF国泰
2021-06-09,108.367,108.245,108.367,108.127,9998.0,511260,sh,十年国债ETF国泰
2021-06-10,108.245,108.249,108.425,108.239,12542.0,511260,sh,十年国债ETF国泰
2021-06-11,108.277,108.142,108.29,108.112,11537.0,511260,sh,十年国债ETF国泰
2021-06-15,108.167,107.954,108.167,107.827,11305.0,511260,sh,十年国债ETF国泰
2021-06-16,107.918,108.084,108.163,107.832,9018.0,511260,sh,十年国债ETF国泰
2021-06-17,108.038,107.925,108.117,107.898,9739.0,511260,sh,十年国债ETF国泰
2021-06-18,107.878,108.099,108.192,107.877,9463.0,511260,sh,十年国债ETF国泰
2021-06-21,108.116,108.225,108.267,108.101,8615.0,511260,sh,十年国债ETF国泰
2021-06-22,108.265,108.166,108.31,108.092,8993.0,511260,sh,十年国债ETF国泰
2021-06-23,108.168,108.14,108.247,108.098,7809.0,511260,sh,十年国债ETF国泰
2021-06-24,108.095,108.195,108.394,108.095,8621.0,511260,sh,十年国债ETF国泰
2021-06-25,108.241,108.31,108.416,108.167,13011.0,511260,sh,十年国债ETF国泰
2021-06-28,108.274,108.269,108.437,108.23,8490.0,511260,sh,十年国债ETF国泰
2021-06-29,108.241,108.414,108.466,108.145,11523.0,511260,sh,十年国债ETF国泰
2021-06-30,108.464,108.587,108.644,108.372,9953.0,511260,sh,十年国债ETF国泰
2021-07-01,108.572,108.678,108.812,108.541,14983.0,511260,sh,十年国债ETF国泰
2021-07-02,108.697,108.733,108.837,108.64,10938.0,511260,sh,十年国债ETF国泰
2021-07-05,108.692,108.728,108.927,108.614,9695.0,511260,sh,十年国债ETF国泰
2021-07-06,108.687,108.767,108.855,108.621,12984.0,511260,sh,十年国债ETF国泰
2021-07-07,108.767,108.897,108.967,108.767,11462.0,511260,sh,十年国债ETF国泰
2021-07-08,108.947,109.267,109.311,108.947,10838.0,511260,sh,十年国债ETF国泰
2021-07-09,109.316,109.473,109.606,109.316,16388.0,511260,sh,十年国债ETF国泰
2021-07-12,109.467,109.507,109.584,109.427,5742.0,511260,sh,十年国债ETF国泰
2021-07-13,109.557,109.999,110.027,109.495,12477.0,511260,sh,十年国债ETF国泰
2021-07-14,109.959,110.197,110.307,109.867,10900.0,511260,sh,十年国债ETF国泰
2021-07-15,110.247,109.753,110.247,109.742,16441.0,511260,sh,十年国债ETF国泰
2021-07-16,109.717,109.807,109.927,109.642,12010.0,511260,sh,十年国债ETF国泰
2021-07-19,109.807,109.762,109.857,109.689,10508.0,511260,sh,十年国债ETF国泰
2021-07-20,109.757,109.968,110.067,109.717,9575.0,511260,sh,十年国债ETF国泰
2021-07-21,110.018,110.047,110.067,109.918,8828.0,511260,sh,十年国债ETF国泰
2021-07-22,110.047,110.017,110.152,109.948,11453.0,511260,sh,十年国债ETF国泰
2021-07-23,109.967,110.07,110.133,109.967,10024.0,511260,sh,十年国债ETF国泰
2021-07-26,110.07,110.228,110.319,110.037,12636.0,511260,sh,十年国债ETF国泰
2021-07-27,110.179,110.284,110.386,110.132,11506.0,511260,sh,十年国债ETF国泰
2021-07-28,110.235,110.328,110.457,110.017,10729.0,511260,sh,十年国债ETF国泰
2021-07-29,110.278,110.231,110.278,110.162,12822.0,511260,sh,十年国债ETF国泰
2021-07-30,110.231,110.431,110.497,110.231,9344.0,511260,sh,十年国债ETF国泰
2021-08-02,110.498,110.718,111.132,110.498,12001.0,511260,sh,十年国债ETF国泰
2021-08-03,110.668,110.982,111.067,110.668,8629.0,511260,sh,十年国债ETF国泰
2021-08-04,110.932,110.809,111.107,110.77,8770.0,511260,sh,十年国债ETF国泰
2021-08-05,110.805,110.864,110.967,110.805,12519.0,511260,sh,十年国债ETF国泰
2021-08-06,110.839,110.88,110.914,110.818,7524.0,511260,sh,十年国债ETF国泰
2021-08-09,110.88,110.531,110.88,110.483,10740.0,511260,sh,十年国债ETF国泰
2021-08-10,110.482,110.417,110.482,110.317,9269.0,511260,sh,十年国债ETF国泰
2021-08-11,110.367,110.084,110.367,110.017,10082.0,511260,sh,十年国债ETF国泰
2021-08-12,110.037,110.256,110.308,110.037,13562.0,511260,sh,十年国债ETF国泰
2021-08-13,110.155,110.352,110.366,110.155,8153.0,511260,sh,十年国债ETF国泰
2021-08-16,110.364,110.346,110.418,110.302,9789.0,511260,sh,十年国债ETF国泰
2021-08-17,110.346,110.397,110.433,110.297,9060.0,511260,sh,十年国债ETF国泰
2021-08-18,110.407,110.651,110.699,110.304,9322.0,511260,sh,十年国债ETF国泰
2021-08-19,110.657,110.7,110.737,110.646,8696.0,511260,sh,十年国债ETF国泰
2021-08-20,110.701,110.672,110.745,110.65,9355.0,511260,sh,十年国债ETF国泰
2021-08-23,110.622,110.623,110.715,110.558,6660.0,511260,sh,十年国债ETF国泰
2021-08-24,110.574,110.749,110.817,110.569,6567.0,511260,sh,十年国债ETF国泰
2021-08-25,110.717,110.762,111.027,110.676,7846.0,511260,sh,十年国债ETF国泰
2021-08-26,110.757,110.371,110.757,110.267,8956.0,511260,sh,十年国债ETF国泰
2021-08-27,110.51,110.473,110.559,110.336,9114.0,511260,sh,十年国债ETF国泰
2021-08-30,110.424,110.497,110.522,110.423,6530.0,511260,sh,十年国债ETF国泰
2021-08-31,110.507,110.585,110.606,110.452,8302.0,511260,sh,十年国债ETF国泰
2021-09-01,110.539,110.871,110.916,110.539,10266.0,511260,sh,十年国债ETF国泰
2021-09-02,110.875,110.817,110.875,110.719,8180.0,511260,sh,十年国债ETF国泰
2021-09-03,110.817,110.867,110.907,110.737,7797.0,511260,sh,十年国债ETF国泰
2021-09-06,110.867,110.829,110.975,110.719,8292.0,511260,sh,十年国债ETF国泰
2021-09-07,110.788,110.767,110.856,110.767,8360.0,511260,sh,十年国债ETF国泰
2021-09-08,110.767,110.657,110.767,110.623,8435.0,511260,sh,十年国债ETF国泰
2021-09-09,110.616,110.614,110.699,110.574,5555.0,511260,sh,十年国债ETF国泰
2021-09-10,110.564,110.61,110.667,110.563,8966.0,511260,sh,十年国债ETF国泰
2021-09-13,110.607,110.459,110.66,110.429,8659.0,511260,sh,十年国债ETF国泰
2021-09-14,110.418,110.344,110.454,110.341,10922.0,511260,sh,十年国债ETF国泰
2021-09-15,110.343,110.219,110.477,110.169,9011.0,511260,sh,十年国债ETF国泰
2021-09-16,110.229,110.353,110.372,110.087,9649.0,511260,sh,十年国债ETF国泰
2021-09-17,110.282,110.506,110.617,110.282,7807.0,511260,sh,十年国债ETF国泰
2021-09-22,110.498,110.603,110.612,110.456,5097.0,511260,sh,十年国债ETF国泰
2021-09-23,110.603,110.605,110.663,110.57,6644.0,511260,sh,十年国债ETF国泰
2021-09-24,110.615,110.58,110.652,110.575,5459.0,511260,sh,十年国债ETF国泰
2021-09-27,110.576,110.648,110.712,110.53,8577.0,511260,sh,十年国债ETF国泰
2021-09-28,110.598,110.581,110.683,110.547,5242.0,511260,sh,十年国债ETF国泰
2021-09-29,110.581,110.795,110.866,110.531,5160.0,511260,sh,十年国债ETF国泰
2021-09-30,110.633,110.797,110.867,110.633,9199.0,511260,sh,十年国债ETF国泰
2021-10-08,110.79,110.569,110.79,110.567,5666.0,511260,sh,十年国债ETF国泰
2021-10-11,110.566,110.487,110.619,110.486,9929.0,511260,sh,十年国债ETF国泰
2021-10-12,110.527,110.262,110.527,110.152,8228.0,511260,sh,十年国债ETF国泰
2021-10-13,110.237,110.237,110.417,110.237,9089.0,511260,sh,十年国债ETF国泰
2021-10-14,110.214,110.299,110.455,110.212,10264.0,511260,sh,十年国债ETF国泰
2021-10-15,110.335,110.284,110.335,110.222,9213.0,511260,sh,十年国债ETF国泰
2021-10-18,110.284,109.876,110.284,109.867,8845.0,511260,sh,十年国债ETF国泰
2021-10-19,109.926,109.808,109.926,109.667,10519.0,511260,sh,十年国债ETF国泰
2021-10-20,109.858,109.911,109.967,109.772,9997.0,511260,sh,十年国债ETF国泰
2021-10-21,109.862,110.04,110.116,109.862,9151.0,511260,sh,十年国债ETF国泰
2021-10-22,109.967,110.09,110.217,109.967,6735.0,511260,sh,十年国债ETF国泰
2021-10-25,110.017,110.078,110.187,109.972,5709.0,511260,sh,十年国债ETF国泰
2021-10-26,110.078,110.183,110.185,110.078,9559.0,511260,sh,十年国债ETF国泰
2021-10-27,110.129,110.238,110.297,110.129,6835.0,511260,sh,十年国债ETF国泰
2021-10-28,110.188,110.26,110.284,110.188,15757.0,511260,sh,十年国债ETF国泰
2021-10-29,110.267,110.39,110.436,110.267,7554.0,511260,sh,十年国债ETF国泰
2021-11-01,110.396,110.539,110.552,110.396,8380.0,511260,sh,十年国债ETF国泰
2021-11-02,110.537,110.781,110.807,110.49,11776.0,511260,sh,十年国债ETF国泰
2021-11-03,110.782,110.972,111.127,110.732,9621.0,511260,sh,十年国债ETF国泰
2021-11-04,110.972,110.902,110.972,110.767,6574.0,511260,sh,十年国债ETF国泰
2021-11-05,110.907,110.976,111.117,110.907,7631.0,511260,sh,十年国债ETF国泰
2021-11-08,110.983,111.058,111.087,110.937,7263.0,511260,sh,十年国债ETF国泰
2021-11-09,111.017,110.981,111.02,110.84,6454.0,511260,sh,十年国债ETF国泰
2021-11-10,110.982,110.864,111.109,110.792,8220.0,511260,sh,十年国债ETF国泰
2021-11-11,110.857,110.661,110.955,110.446,9502.0,511260,sh,十年国债ETF国泰
2021-11-12,110.661,110.736,110.764,110.612,10223.0,511260,sh,十年国债ETF国泰
2021-11-15,110.711,110.92,111.052,110.615,5439.0,511260,sh,十年国债ETF国泰
2021-11-16,110.817,111.058,111.1,110.817,5897.0,511260,sh,十年国债ETF国泰
2021-11-17,111.058,110.933,111.075,110.868,7134.0,511260,sh,十年国债ETF国泰
2021-11-18,111.008,111.157,111.262,111.008,8379.0,511260,sh,十年国债ETF国泰
2021-11-19,111.124,111.011,111.302,110.975,8113.0,511260,sh,十年国债ETF国泰
2021-11-22,111.011,111.084,111.165,111.007,7288.0,511260,sh,十年国债ETF国泰
2021-11-23,111.116,111.091,111.116,110.914,6940.0,511260,sh,十年国债ETF国泰
2021-11-24,111.086,111.12,111.262,111.086,7358.0,511260,sh,十年国债ETF国泰
2021-11-25,111.125,111.197,111.203,111.125,6974.0,511260,sh,十年国债ETF国泰
2021-11-26,111.202,111.476,111.499,111.202,8368.0,511260,sh,十年国债ETF国泰
2021-11-29,111.472,111.42,111.472,111.402,7130.0,511260,sh,十年国债ETF国泰
2021-11-30,111.42,111.285,111.42,111.194,9168.0,511260,sh,十年国债ETF国泰
2021-12-01,111.287,111.187,111.288,111.178,6948.0,511260,sh,十年国债ETF国泰
2021-12-02,111.187,111.307,111.347,111.179,6940.0,511260,sh,十年国债ETF国泰
2021-12-03,111.272,111.261,111.357,111.217,7925.0,511260,sh,十年国债ETF国泰
2021-12-06,111.277,111.412,111.528,111.277,10148.0,511260,sh,十年国债ETF国泰
2021-12-07,111.427,111.299,111.478,111.298,9160.0,511260,sh,十年国债ETF国泰
2021-12-08,111.272,111.324,111.349,111.272,9236.0,511260,sh,十年国债ETF国泰
2021-12-09,111.317,111.183,111.317,111.167,8630.0,511260,sh,十年国债ETF国泰
2021-12-10,111.172,111.353,111.367,111.172,9267.0,511260,sh,十年国债ETF国泰
2021-12-13,111.362,111.187,111.403,111.176,8539.0,511260,sh,十年国债ETF国泰
2021-12-14,111.187,111.486,111.601,111.187,11046.0,511260,sh,十年国债ETF国泰
2021-12-15,111.486,111.414,111.486,111.241,11372.0,511260,sh,十年国债ETF国泰
2021-12-16,111.412,111.349,111.464,111.284,10394.0,511260,sh,十年国债ETF国泰
2021-12-17,111.352,111.467,111.582,111.244,10762.0,511260,sh,十年国债ETF国泰
2021-12-20,111.473,111.422,111.517,111.42,7571.0,511260,sh,十年国债ETF国泰
2021-12-21,111.417,111.421,111.431,111.372,7723.0,511260,sh,十年国债ETF国泰
2021-12-22,111.417,111.537,111.619,111.379,10140.0,511260,sh,十年国债ETF国泰
2021-12-23,111.537,111.756,111.761,111.537,13900.0,511260,sh,十年国债ETF国泰
2021-12-24,111.722,111.756,111.76,111.698,5938.0,511260,sh,十年国债ETF国泰
2021-12-27,111.768,111.938,112.017,111.757,13240.0,511260,sh,十年国债ETF国泰
2021-12-28,111.943,111.898,112.047,111.849,11924.0,511260,sh,十年国债ETF国泰
2021-12-29,111.893,111.882,111.946,111.508,10563.0,511260,sh,十年国债ETF国泰
2021-12-30,111.882,112.094,112.132,111.877,9656.0,511260,sh,十年国债ETF国泰
2021-12-31,112.087,112.062,112.157,112.044,8297.0,511260,sh,十年国债ETF国泰
2022-01-04,112.067,112.222,112.267,112.007,10059.0,511260,sh,十年国债ETF国泰
2022-01-05,112.222,112.187,112.225,112.177,8062.0,511260,sh,十年国债ETF国泰
2022-01-06,112.187,112.048,112.187,112.037,7169.0,511260,sh,十年国债ETF国泰
2022-01-07,112.047,112.07,112.398,111.998,13123.0,511260,sh,十年国债ETF国泰
2022-01-10,112.073,112.186,112.235,112.073,11243.0,511260,sh,十年国债ETF国泰
2022-01-11,112.191,112.165,112.296,112.152,8544.0,511260,sh,十年国债ETF国泰
2022-01-12,112.162,112.118,112.22,112.109,8678.0,511260,sh,十年国债ETF国泰
2022-01-13,112.12,112.248,112.26,112.12,9000.0,511260,sh,十年国债ETF国泰
2022-01-14,112.258,112.401,112.446,112.258,5859.0,511260,sh,十年国债ETF国泰
2022-01-17,112.298,112.428,112.597,112.297,8048.0,511260,sh,十年国债ETF国泰
2022-01-18,112.432,112.705,112.734,112.432,12570.0,511260,sh,十年国债ETF国泰
2022-01-19,112.782,113.012,113.873,112.782,10894.0,511260,sh,十年国债ETF国泰
2022-01-20,112.617,112.88,112.957,112.617,9760.0,511260,sh,十年国债ETF国泰
2022-01-21,112.93,113.173,113.217,112.917,11722.0,511260,sh,十年国债ETF国泰
2022-01-24,113.18,113.479,113.52,113.18,9028.0,511260,sh,十年国债ETF国泰
2022-01-25,113.267,113.457,113.567,113.267,11723.0,511260,sh,十年国债ETF国泰
2022-01-26,113.409,112.938,113.433,112.888,14806.0,511260,sh,十年国债ETF国泰
2022-01-27,112.989,112.861,113.153,112.758,9955.0,511260,sh,十年国债ETF国泰
2022-01-28,112.869,112.906,113.181,112.869,9387.0,511260,sh,十年国债ETF国泰
2022-02-07,112.958,112.904,112.958,112.707,11400.0,511260,sh,十年国债ETF国泰
2022-02-08,112.91,113.034,113.223,112.908,10521.0,511260,sh,十年国债ETF国泰
2022-02-09,113.029,113.04,113.154,112.93,10391.0,511260,sh,十年国债ETF国泰
2022-02-10,113.04,113.064,113.223,112.981,7501.0,511260,sh,十年国债ETF国泰
2022-02-11,113.062,112.628,113.062,112.614,13241.0,511260,sh,十年国债ETF国泰
2022-02-14,112.632,112.402,112.767,112.372,14994.0,511260,sh,十年国债ETF国泰
2022-02-15,112.363,112.492,112.567,112.316,11418.0,511260,sh,十年国债ETF国泰
2022-02-16,112.472,112.539,112.614,112.458,8841.0,511260,sh,十年国债ETF国泰
2022-02-17,112.566,112.618,112.714,112.566,9513.0,511260,sh,十年国债ETF国泰
2022-02-18,112.641,112.603,112.747,112.58,10414.0,511260,sh,十年国债ETF国泰
2022-02-21,112.603,112.387,112.608,112.386,7832.0,511260,sh,十年国债ETF国泰
2022-02-22,112.272,112.191,112.319,112.189,9011.0,511260,sh,十年国债ETF国泰
2022-02-23,112.2,112.391,112.395,112.198,10566.0,511260,sh,十年国债ETF国泰
2022-02-24,112.418,112.482,112.617,112.368,12828.0,511260,sh,十年国债ETF国泰
2022-02-25,112.435,112.554,112.554,112.432,8409.0,511260,sh,十年国债ETF国泰
2022-02-28,112.51,112.661,112.707,112.51,9306.0,511260,sh,十年国债ETF国泰
2022-03-01,112.659,112.389,112.659,112.368,5489.0,511260,sh,十年国债ETF国泰
2022-03-02,112.389,112.366,112.439,112.27,12363.0,511260,sh,十年国债ETF国泰
2022-03-03,112.351,112.134,112.4,112.083,9914.0,511260,sh,十年国债ETF国泰
2022-03-04,112.138,112.088,112.213,111.922,13510.0,511260,sh,十年国债ETF国泰
2022-03-07,112.084,112.251,112.278,111.997,11776.0,511260,sh,十年国债ETF国泰
2022-03-08,112.296,112.362,112.413,112.15,10343.0,511260,sh,十年国债ETF国泰
2022-03-09,112.411,111.992,112.411,111.933,10841.0,511260,sh,十年国债ETF国泰
2022-03-10,111.978,112.212,112.22,111.977,15642.0,511260,sh,十年国债ETF国泰
2022-03-11,112.097,112.485,112.498,112.097,10752.0,511260,sh,十年国债ETF国泰
2022-03-14,112.598,113.055,113.096,112.598,10761.0,511260,sh,十年国债ETF国泰
2022-03-15,113.005,112.716,113.105,112.668,10196.0,511260,sh,十年国债ETF国泰
2022-03-16,113.005,112.599,113.075,112.417,8953.0,511260,sh,十年国债ETF国泰
2022-03-17,112.591,112.517,112.6,112.472,8742.0,511260,sh,十年国债ETF国泰
2022-03-18,112.517,112.695,112.699,112.517,8590.0,511260,sh,十年国债ETF国泰
2022-03-21,112.682,112.552,112.682,112.268,8932.0,511260,sh,十年国债ETF国泰
2022-03-22,112.548,112.494,112.548,112.485,7683.0,511260,sh,十年国债ETF国泰
2022-03-23,112.487,112.534,112.542,112.375,10052.0,511260,sh,十年国债ETF国泰
2022-03-24,112.536,112.563,112.58,112.484,9319.0,511260,sh,十年国债ETF国泰
2022-03-25,112.562,112.753,112.767,112.542,7263.0,511260,sh,十年国债ETF国泰
2022-03-28,112.771,112.785,112.877,112.751,10273.0,511260,sh,十年国债ETF国泰
2022-03-29,112.817,112.827,112.858,112.792,8195.0,511260,sh,十年国债ETF国泰
2022-03-30,112.832,112.904,112.936,112.832,9555.0,511260,sh,十年国债ETF国泰
2022-03-31,112.911,112.749,112.954,112.709,10191.0,511260,sh,十年国债ETF国泰
2022-04-01,112.699,112.934,112.935,112.659,6859.0,511260,sh,十年国债ETF国泰
2022-04-06,112.932,113.041,113.122,112.839,10301.0,511260,sh,十年国债ETF国泰
2022-04-07,113.091,113.11,113.157,113.037,8958.0,511260,sh,十年国债ETF国泰
2022-04-08,113.122,113.347,113.387,113.122,9059.0,511260,sh,十年国债ETF国泰
2022-04-11,113.397,113.268,113.647,113.262,9506.0,511260,sh,十年国债ETF国泰
2022-04-12,113.268,113.33,113.438,113.267,8470.0,511260,sh,十年国债ETF国泰
2022-04-13,113.33,113.238,113.36,113.186,8176.0,511260,sh,十年国债ETF国泰
2022-04-14,113.264,113.377,113.427,113.218,8624.0,511260,sh,十年国债ETF国泰
2022-04-15,113.427,113.228,113.427,113.219,6348.0,511260,sh,十年国债ETF国泰
2022-04-18,113.212,113.044,113.217,112.974,5056.0,511260,sh,十年国债ETF国泰
2022-04-19,113.015,112.945,113.057,112.921,7848.0,511260,sh,十年国债ETF国泰
2022-04-20,112.935,112.775,112.937,112.751,11550.0,511260,sh,十年国债ETF国泰
2022-04-21,112.761,112.969,112.979,112.761,10369.0,511260,sh,十年国债ETF国泰
2022-04-22,112.967,112.949,113.207,112.92,7419.0,511260,sh,十年国债ETF国泰
2022-04-25,112.921,113.07,113.266,112.917,9214.0,511260,sh,十年国债ETF国泰
2022-04-26,113.057,113.172,113.247,113.056,9291.0,511260,sh,十年国债ETF国泰
2022-04-27,113.167,113.092,113.176,113.06,10685.0,511260,sh,十年国债ETF国泰
2022-04-28,113.142,112.945,113.142,112.917,9663.0,511260,sh,十年国债ETF国泰
2022-04-29,112.944,113.071,113.167,112.898,15231.0,511260,sh,十年国债ETF国泰
2022-05-05,113.071,113.041,113.117,112.962,10301.0,511260,sh,十年国债ETF国泰
2022-05-06,113.031,112.991,113.089,112.983,12548.0,511260,sh,十年国债ETF国泰
2022-05-09,112.987,113.118,113.152,112.983,12032.0,511260,sh,十年国债ETF国泰
2022-05-10,113.168,113.316,113.317,113.168,14398.0,511260,sh,十年国债ETF国泰
2022-05-11,113.317,113.201,113.366,113.178,12632.0,511260,sh,十年国债ETF国泰
2022-05-12,113.077,113.3,113.314,113.077,12285.0,511260,sh,十年国债ETF国泰
2022-05-13,113.351,113.342,113.406,113.296,11619.0,511260,sh,十年国债ETF国泰
2022-05-16,113.342,113.277,113.392,113.095,12062.0,511260,sh,十年国债ETF国泰
2022-05-17,113.323,113.314,113.323,113.268,11491.0,511260,sh,十年国债ETF国泰
2022-05-18,113.268,113.357,113.387,113.265,13632.0,511260,sh,十年国债ETF国泰
2022-05-19,113.396,113.339,113.457,113.317,9695.0,511260,sh,十年国债ETF国泰
2022-05-20,113.339,113.353,113.389,113.292,11828.0,511260,sh,十年国债ETF国泰
2022-05-23,113.379,113.482,113.495,113.379,11973.0,511260,sh,十年国债ETF国泰
2022-05-24,113.532,113.585,113.596,113.461,5986.0,511260,sh,十年国债ETF国泰
2022-05-25,113.537,113.722,113.767,113.537,12003.0,511260,sh,十年国债ETF国泰
2022-05-26,113.726,113.967,114.062,113.726,15839.0,511260,sh,十年国债ETF国泰
2022-05-27,113.917,113.987,114.147,113.917,14485.0,511260,sh,十年国债ETF国泰
2022-05-30,113.997,113.843,114.002,113.817,13741.0,511260,sh,十年国债ETF国泰
2022-05-31,113.821,113.65,113.865,113.617,14159.0,511260,sh,十年国债ETF国泰
2022-06-01,113.638,113.717,113.736,113.604,18435.0,511260,sh,十年国债ETF国泰
2022-06-02,113.717,113.622,113.767,113.592,15170.0,511260,sh,十年国债ETF国泰
2022-06-06,113.58,113.556,113.657,113.521,19746.0,511260,sh,十年国债ETF国泰
2022-06-07,113.517,113.563,113.566,113.507,23409.0,511260,sh,十年国债ETF国泰
2022-06-08,113.571,113.579,113.646,113.55,22664.0,511260,sh,十年国债ETF国泰
2022-06-09,113.583,113.757,113.765,113.579,22765.0,511260,sh,十年国债ETF国泰
2022-06-10,113.761,113.718,113.867,113.697,19335.0,511260,sh,十年国债ETF国泰
2022-06-13,113.715,113.794,113.867,113.519,23322.0,511260,sh,十年国债ETF国泰
2022-06-14,113.787,113.623,113.792,113.549,27772.0,511260,sh,十年国债ETF国泰
2022-06-15,113.591,113.629,113.667,113.519,21867.0,511260,sh,十年国债ETF国泰
2022-06-16,113.588,113.557,113.726,113.45,19002.0,511260,sh,十年国债ETF国泰
2022-06-17,113.551,113.597,113.644,113.472,25246.0,511260,sh,十年国债ETF国泰
2022-06-20,113.58,113.536,113.647,113.482,28869.0,511260,sh,十年国债ETF国泰
2022-06-21,113.497,113.555,113.584,113.488,28077.0,511260,sh,十年国债ETF国泰
2022-06-22,113.555,113.627,113.667,113.546,33997.0,511260,sh,十年国债ETF国泰
2022-06-23,113.639,113.605,113.667,113.577,32392.0,511260,sh,十年国债ETF国泰
2022-06-24,113.605,113.581,113.699,113.567,37150.0,511260,sh,十年国债ETF国泰
2022-06-27,113.531,113.291,113.531,113.259,38460.0,511260,sh,十年国债ETF国泰
2022-06-28,113.242,113.31,113.331,113.241,38201.0,511260,sh,十年国债ETF国泰
2022-06-29,113.3,113.284,113.417,113.26,33073.0,511260,sh,十年国债ETF国泰
2022-06-30,113.26,113.432,113.525,113.26,38706.0,511260,sh,十年国债ETF国泰
2022-07-01,113.433,113.467,113.517,113.388,36116.0,511260,sh,十年国债ETF国泰
2022-07-04,113.512,113.293,113.512,113.227,40171.0,511260,sh,十年国债ETF国泰
2022-07-05,113.243,113.293,113.343,113.243,39950.0,511260,sh,十年国债ETF国泰
2022-07-06,113.302,113.442,113.445,113.302,33303.0,511260,sh,十年国债ETF国泰
2022-07-07,113.445,113.566,113.566,113.337,27716.0,511260,sh,十年国债ETF国泰
2022-07-08,113.518,113.515,113.557,113.467,30260.0,511260,sh,十年国债ETF国泰
2022-07-11,113.516,113.639,113.666,113.505,39438.0,511260,sh,十年国债ETF国泰
2022-07-12,113.666,113.655,113.675,113.606,30670.0,511260,sh,十年国债ETF国泰
2022-07-13,113.655,113.774,113.856,113.655,41658.0,511260,sh,十年国债ETF国泰
2022-07-14,113.774,113.784,113.823,113.73,36511.0,511260,sh,十年国债ETF国泰
2022-07-15,113.788,113.936,113.97,113.788,31318.0,511260,sh,十年国债ETF国泰
2022-07-18,113.936,113.843,114.033,113.739,35291.0,511260,sh,十年国债ETF国泰
2022-07-19,113.849,113.779,113.849,113.726,33120.0,511260,sh,十年国债ETF国泰
2022-07-20,113.81,113.826,113.908,113.729,32567.0,511260,sh,十年国债ETF国泰
2022-07-21,113.844,113.961,117.367,113.844,31155.0,511260,sh,十年国债ETF国泰
2022-07-22,113.968,114.01,114.011,113.927,24311.0,511260,sh,十年国债ETF国泰
2022-07-25,114.015,114.053,114.19,113.914,47397.0,511260,sh,十年国债ETF国泰
2022-07-26,114.053,114.177,114.207,114.004,33581.0,511260,sh,十年国债ETF国泰
2022-07-27,114.177,114.244,114.341,114.136,36188.0,511260,sh,十年国债ETF国泰
2022-07-28,114.247,114.227,114.292,114.217,37991.0,511260,sh,十年国债ETF国泰
2022-07-29,114.244,114.641,114.644,114.187,36939.0,511260,sh,十年国债ETF国泰
2022-08-01,114.641,114.767,114.781,114.497,26339.0,511260,sh,十年国债ETF国泰
2022-08-02,114.718,114.902,115.037,114.718,36102.0,511260,sh,十年国债ETF国泰
2022-08-03,114.902,114.899,114.917,114.657,44626.0,511260,sh,十年国债ETF国泰
2022-08-04,114.868,115.059,115.131,114.868,34348.0,511260,sh,十年国债ETF国泰
2022-08-05,115.109,114.987,115.109,114.97,28174.0,511260,sh,十年国债ETF国泰
2022-08-08,114.938,114.859,114.986,114.667,30910.0,511260,sh,十年国债ETF国泰
2022-08-09,114.851,114.775,114.909,114.756,27600.0,511260,sh,十年国债ETF国泰
2022-08-10,114.775,114.971,115.079,114.765,37443.0,511260,sh,十年国债ETF国泰
2022-08-11,114.975,114.827,115.007,114.767,40386.0,511260,sh,十年国债ETF国泰
2022-08-12,114.825,114.74,114.909,114.717,38200.0,511260,sh,十年国债ETF国泰
2022-08-15,114.79,115.29,115.367,114.79,30333.0,511260,sh,十年国债ETF国泰
2022-08-16,115.307,115.479,115.847,115.307,45149.0,511260,sh,十年国债ETF国泰
2022-08-17,115.527,115.482,115.527,115.427,36386.0,511260,sh,十年国债ETF国泰
2022-08-18,115.517,115.66,115.661,115.445,47539.0,511260,sh,十年国债ETF国泰
2022-08-19,115.636,115.843,115.851,115.61,37593.0,511260,sh,十年国债ETF国泰
2022-08-22,115.849,115.739,115.926,115.707,34042.0,511260,sh,十年国债ETF国泰
2022-08-23,115.742,115.747,115.771,115.691,36144.0,511260,sh,十年国债ETF国泰
2022-08-24,115.757,115.751,115.79,115.697,33298.0,511260,sh,十年国债ETF国泰
2022-08-25,115.704,115.63,115.751,115.597,32246.0,511260,sh,十年国债ETF国泰
2022-08-26,115.607,115.498,115.667,115.49,28287.0,511260,sh,十年国债ETF国泰
2022-08-29,115.464,115.592,115.656,115.449,52256.0,511260,sh,十年国债ETF国泰
2022-08-30,115.607,115.747,115.827,115.607,36401.0,511260,sh,十年国债ETF国泰
2022-08-31,115.788,115.758,115.846,115.7,38283.0,511260,sh,十年国债ETF国泰
2022-09-01,115.758,115.851,115.947,115.544,51518.0,511260,sh,十年国债ETF国泰
2022-09-02,115.836,116.044,116.087,115.836,37030.0,511260,sh,十年国债ETF国泰
2022-09-05,115.901,115.967,116.662,115.901,28007.0,511260,sh,十年国债ETF国泰
2022-09-06,115.973,115.877,116.067,115.831,38988.0,511260,sh,十年国债ETF国泰
2022-09-07,115.867,115.868,115.885,115.831,31055.0,511260,sh,十年国债ETF国泰
2022-09-08,115.835,115.792,115.867,115.767,34584.0,511260,sh,十年国债ETF国泰
2022-09-09,115.807,115.821,115.863,115.768,18797.0,511260,sh,十年国债ETF国泰
2022-09-13,115.778,115.691,115.817,115.584,22755.0,511260,sh,十年国债ETF国泰
2022-09-14,115.664,115.557,115.664,115.527,36375.0,511260,sh,十年国债ETF国泰
2022-09-15,115.543,115.568,115.707,115.511,33444.0,511260,sh,十年国债ETF国泰
2022-09-16,115.615,115.342,115.616,115.28,31737.0,511260,sh,十年国债ETF国泰
2022-09-19,115.34,115.444,115.454,115.339,36573.0,511260,sh,十年国债ETF国泰
2022-09-20,115.444,115.715,115.717,115.444,29543.0,511260,sh,十年国债ETF国泰
2022-09-21,115.717,115.792,115.797,115.687,40415.0,511260,sh,十年国债ETF国泰
2022-09-22,115.772,115.777,115.815,115.717,41470.0,511260,sh,十年国债ETF国泰
2022-09-23,115.777,115.51,115.777,115.467,28036.0,511260,sh,十年国债ETF国泰
2022-09-26,115.715,114.936,115.715,114.877,44619.0,511260,sh,十年国债ETF国泰
2022-09-27,114.912,114.963,115.139,114.787,26190.0,511260,sh,十年国债ETF国泰
2022-09-28,114.922,114.994,115.079,114.922,36290.0,511260,sh,十年国债ETF国泰
2022-09-29,115.044,114.691,115.138,114.225,27989.0,511260,sh,十年国债ETF国泰
2022-09-30,114.641,114.768,114.846,114.568,32107.0,511260,sh,十年国债ETF国泰
2022-10-10,114.768,115.129,115.16,114.768,24574.0,511260,sh,十年国债ETF国泰
2022-10-11,115.13,115.213,115.292,115.13,20896.0,511260,sh,十年国债ETF国泰
2022-10-12,115.166,115.131,115.24,115.069,33026.0,511260,sh,十年国债ETF国泰
2022-10-13,115.181,115.19,115.235,115.092,26178.0,511260,sh,十年国债ETF国泰
2022-10-14,115.156,115.392,115.483,115.155,30274.0,511260,sh,十年国债ETF国泰
2022-10-17,115.364,115.408,115.537,115.306,29584.0,511260,sh,十年国债ETF国泰
2022-10-18,115.408,115.415,115.513,115.205,36748.0,511260,sh,十年国债ETF国泰
2022-10-19,115.458,115.51,115.511,115.405,32821.0,511260,sh,十年国债ETF国泰
2022-10-20,115.511,115.322,115.554,115.306,30378.0,511260,sh,十年国债ETF国泰
2022-10-21,115.372,115.443,115.578,115.345,38311.0,511260,sh,十年国债ETF国泰
2022-10-24,115.395,115.515,115.56,115.322,35326.0,511260,sh,十年国债ETF国泰
2022-10-25,115.5,115.486,115.547,115.409,30632.0,511260,sh,十年国债ETF国泰
2022-10-26,115.437,115.489,115.524,114.88,47894.0,511260,sh,十年国债ETF国泰
2022-10-27,115.498,115.737,115.764,115.498,32459.0,511260,sh,十年国债ETF国泰
2022-10-28,115.757,115.847,115.908,115.752,29467.0,511260,sh,十年国债ETF国泰
2022-10-31,115.87,116.125,116.141,115.87,50466.0,511260,sh,十年国债ETF国泰
2022-11-01,116.136,115.948,116.136,115.9,28758.0,511260,sh,十年国债ETF国泰
2022-11-02,115.902,115.658,116.007,115.628,24628.0,511260,sh,十年国债ETF国泰
2022-11-03,115.708,115.865,115.88,115.659,24557.0,511260,sh,十年国债ETF国泰
2022-11-04,115.865,115.688,115.912,115.513,36706.0,511260,sh,十年国债ETF国泰
2022-11-07,115.698,115.769,115.838,115.697,33360.0,511260,sh,十年国债ETF国泰
2022-11-08,115.719,115.835,115.867,115.719,33070.0,511260,sh,十年国债ETF国泰
2022-11-09,115.874,115.947,116.064,115.788,11697.0,511260,sh,十年国债ETF国泰
2022-11-10,115.898,115.916,115.976,115.79,28550.0,511260,sh,十年国债ETF国泰
2022-11-11,115.887,115.633,115.955,115.532,27221.0,511260,sh,十年国债ETF国泰
2022-11-14,115.583,114.996,115.583,114.967,20739.0,511260,sh,十年国债ETF国泰
2022-11-15,114.946,114.866,114.968,114.799,34623.0,511260,sh,十年国债ETF国泰
2022-11-16,114.828,114.515,114.997,114.496,36345.0,511260,sh,十年国债ETF国泰
2022-11-17,114.519,114.867,114.967,114.519,46584.0,511260,sh,十年国债ETF国泰
2022-11-18,114.867,114.833,115.113,114.789,41118.0,511260,sh,十年国债ETF国泰
2022-11-21,114.833,115.043,115.066,114.833,38756.0,511260,sh,十年国债ETF国泰
2022-11-22,115.067,114.873,115.117,114.767,33699.0,511260,sh,十年国债ETF国泰
2022-11-23,114.877,115.099,115.107,114.877,51087.0,511260,sh,十年国债ETF国泰
2022-11-24,115.165,115.397,115.505,115.165,52848.0,511260,sh,十年国债ETF国泰
2022-11-25,115.391,115.193,115.416,115.173,29116.0,511260,sh,十年国债ETF国泰
2022-11-28,115.347,114.887,115.347,114.871,37023.0,511260,sh,十年国债ETF国泰
2022-11-29,114.838,114.454,114.883,114.405,45453.0,511260,sh,十年国债ETF国泰
2022-11-30,114.487,114.604,114.656,114.487,37647.0,511260,sh,十年国债ETF国泰
2022-12-01,114.595,114.727,114.751,114.365,36485.0,511260,sh,十年国债ETF国泰
2022-12-02,114.723,114.824,114.857,114.723,46230.0,511260,sh,十年国债ETF国泰
2022-12-05,114.817,114.716,114.856,114.667,63499.0,511260,sh,十年国债ETF国泰
2022-12-06,114.687,114.456,114.696,114.376,48838.0,511260,sh,十年国债ETF国泰
2022-12-07,114.456,114.48,114.504,114.344,54268.0,511260,sh,十年国债ETF国泰
2022-12-08,114.538,114.768,114.785,114.538,57312.0,511260,sh,十年国债ETF国泰
2022-12-09,114.715,114.628,114.765,114.569,30804.0,511260,sh,十年国债ETF国泰
2022-12-12,114.638,114.648,114.725,114.638,43430.0,511260,sh,十年国债ETF国泰
2022-12-13,114.676,114.46,114.676,114.389,42347.0,511260,sh,十年国债ETF国泰
2022-12-14,114.488,114.755,114.807,114.488,31793.0,511260,sh,十年国债ETF国泰
2022-12-15,114.758,114.788,114.865,114.683,34509.0,511260,sh,十年国债ETF国泰
2022-12-16,114.738,114.804,114.901,114.701,33275.0,511260,sh,十年国债ETF国泰
2022-12-19,114.854,115.016,115.061,114.854,25157.0,511260,sh,十年国债ETF国泰
2022-12-20,114.967,114.947,115.066,114.857,41408.0,511260,sh,十年国债ETF国泰
2022-12-21,114.987,115.0,115.012,114.831,33971.0,511260,sh,十年国债ETF国泰
2022-12-22,115.002,115.004,115.038,114.953,23911.0,511260,sh,十年国债ETF国泰
2022-12-23,114.997,114.989,115.043,114.959,40208.0,511260,sh,十年国债ETF国泰
2022-12-26,114.999,114.904,115.089,114.849,31335.0,511260,sh,十年国债ETF国泰
2022-12-27,114.904,114.875,115.018,114.867,22866.0,511260,sh,十年国债ETF国泰
2022-12-28,114.925,114.899,114.937,114.877,18821.0,511260,sh,十年国债ETF国泰
2022-12-29,114.902,115.038,115.067,114.901,49390.0,511260,sh,十年国债ETF国泰
2022-12-30,115.087,115.2,115.261,115.047,18568.0,511260,sh,十年国债ETF国泰
2023-01-03,115.187,115.207,115.25,115.147,26486.0,511260,sh,十年国债ETF国泰
2023-01-04,115.21,115.306,115.367,115.21,30266.0,511260,sh,十年国债ETF国泰
2023-01-05,115.313,115.308,115.396,115.257,33427.0,511260,sh,十年国债ETF国泰
2023-01-06,115.311,115.158,115.311,115.119,48962.0,511260,sh,十年国债ETF国泰
2023-01-09,115.194,115.216,115.282,115.158,29737.0,511260,sh,十年国债ETF国泰
2023-01-10,115.202,115.123,115.216,115.123,41753.0,511260,sh,十年国债ETF国泰
2023-01-11,115.112,114.987,115.122,114.954,33780.0,511260,sh,十年国债ETF国泰
2023-01-12,115.022,115.019,115.067,114.987,47677.0,511260,sh,十年国债ETF国泰
2023-01-13,115.012,115.0,115.012,114.947,41485.0,511260,sh,十年国债ETF国泰
2023-01-16,114.953,114.78,114.953,114.778,12650.0,511260,sh,十年国债ETF国泰
2023-01-17,114.817,114.809,114.867,114.792,9728.0,511260,sh,十年国债ETF国泰
2023-01-18,114.845,114.733,114.926,114.717,41329.0,511260,sh,十年国债ETF国泰
2023-01-19,114.752,114.696,114.832,114.695,53794.0,511260,sh,十年国债ETF国泰
2023-01-20,114.758,114.836,114.846,114.758,24619.0,511260,sh,十年国债ETF国泰
2023-01-30,114.82,114.916,114.922,114.727,23776.0,511260,sh,十年国债ETF国泰
2023-01-31,114.966,114.994,115.009,114.889,46967.0,511260,sh,十年国债ETF国泰
2023-02-01,115.007,115.004,115.075,114.926,38932.0,511260,sh,十年国债ETF国泰
2023-02-02,115.003,115.068,115.096,114.983,28740.0,511260,sh,十年国债ETF国泰
2023-02-03,115.078,115.172,115.182,115.078,69852.0,511260,sh,十年国债ETF国泰
2023-02-06,115.222,115.177,115.222,115.164,32426.0,511260,sh,十年国债ETF国泰
2023-02-07,115.157,115.152,115.227,115.07,32732.0,511260,sh,十年国债ETF国泰
2023-02-08,115.159,115.095,115.217,115.067,42771.0,511260,sh,十年国债ETF国泰
2023-02-09,115.145,115.108,115.178,115.097,125553.0,511260,sh,十年国债ETF国泰
2023-02-10,115.147,115.195,115.225,115.147,26938.0,511260,sh,十年国债ETF国泰
2023-02-13,115.205,115.222,115.266,115.205,31260.0,511260,sh,十年国债ETF国泰
2023-02-14,115.223,115.242,115.272,115.187,26318.0,511260,sh,十年国债ETF国泰
2023-02-15,115.246,115.197,115.249,115.182,16570.0,511260,sh,十年国债ETF国泰
2023-02-16,115.202,115.208,115.295,115.067,60724.0,511260,sh,十年国债ETF国泰
2023-02-17,115.237,115.244,115.298,115.201,15456.0,511260,sh,十年国债ETF国泰
2023-02-20,115.249,115.216,115.282,115.208,29136.0,511260,sh,十年国债ETF国泰
2023-02-21,115.207,115.196,115.218,115.187,16480.0,511260,sh,十年国债ETF国泰
2023-02-22,115.196,115.22,115.262,115.196,28858.0,511260,sh,十年国债ETF国泰
2023-02-23,115.228,115.227,115.242,115.219,37264.0,511260,sh,十年国债ETF国泰
2023-02-24,115.247,115.211,115.247,115.209,27413.0,511260,sh,十年国债ETF国泰
2023-02-27,115.209,115.187,115.226,115.142,26066.0,511260,sh,十年国债ETF国泰
2023-02-28,115.21,115.17,115.21,115.157,33503.0,511260,sh,十年国债ETF国泰
2023-03-01,115.216,115.191,115.216,115.171,26557.0,511260,sh,十年国债ETF国泰
2023-03-02,115.191,115.162,115.222,115.076,29092.0,511260,sh,十年国债ETF国泰
2023-03-03,115.157,115.144,115.167,115.119,45820.0,511260,sh,十年国债ETF国泰
2023-03-06,115.177,115.303,115.347,115.177,24260.0,511260,sh,十年国债ETF国泰
2023-03-07,115.346,115.44,115.454,115.306,22226.0,511260,sh,十年国债ETF国泰
2023-03-08,115.487,115.565,115.566,115.442,24639.0,511260,sh,十年国债ETF国泰
2023-03-09,115.567,115.563,115.577,115.524,35823.0,511260,sh,十年国债ETF国泰
2023-03-10,115.567,115.607,115.647,115.513,18646.0,511260,sh,十年国债ETF国泰
2023-03-13,115.607,115.647,115.667,115.567,23750.0,511260,sh,十年国债ETF国泰
2023-03-14,115.62,115.686,115.722,115.616,19853.0,511260,sh,十年国债ETF国泰
2023-03-15,115.687,115.636,115.693,115.627,24094.0,511260,sh,十年国债ETF国泰
2023-03-16,115.643,115.753,115.777,115.643,24975.0,511260,sh,十年国债ETF国泰
2023-03-17,115.753,115.829,115.831,115.738,29322.0,511260,sh,十年国债ETF国泰
2023-03-20,115.828,115.866,115.897,115.817,17958.0,511260,sh,十年国债ETF国泰
2023-03-21,115.873,115.694,115.909,115.667,31656.0,511260,sh,十年国债ETF国泰
2023-03-22,115.65,115.744,115.744,115.586,33288.0,511260,sh,十年国债ETF国泰
2023-03-23,115.744,115.72,115.786,115.671,26263.0,511260,sh,十年国债ETF国泰
2023-03-24,115.72,115.682,115.751,115.668,33021.0,511260,sh,十年国债ETF国泰
2023-03-27,115.696,115.72,115.75,115.658,30443.0,511260,sh,十年国债ETF国泰
2023-03-28,115.721,115.712,115.757,115.681,30850.0,511260,sh,十年国债ETF国泰
2023-03-29,115.712,115.787,115.796,115.667,62080.0,511260,sh,十年国债ETF国泰
2023-03-30,115.773,115.665,115.89,115.639,23236.0,511260,sh,十年国债ETF国泰
2023-03-31,115.715,115.719,115.787,115.697,41514.0,511260,sh,十年国债ETF国泰
2023-04-03,115.767,115.741,115.768,115.729,41310.0,511260,sh,十年国债ETF国泰
2023-04-04,115.742,115.784,115.788,115.742,83945.0,511260,sh,十年国债ETF国泰
2023-04-06,115.787,115.805,115.851,115.787,72305.0,511260,sh,十年国债ETF国泰
2023-04-07,115.817,115.887,115.915,115.817,60654.0,511260,sh,十年国债ETF国泰
2023-04-10,115.889,115.957,115.957,115.889,81044.0,511260,sh,十年国债ETF国泰
2023-04-11,115.958,115.966,116.047,115.958,45804.0,511260,sh,十年国债ETF国泰
2023-04-12,116.008,116.091,116.112,115.979,66650.0,511260,sh,十年国债ETF国泰
2023-04-13,116.14,116.121,116.141,116.099,57227.0,511260,sh,十年国债ETF国泰
2023-04-14,116.136,116.061,116.136,116.002,54648.0,511260,sh,十年国债ETF国泰
2023-04-17,116.061,116.053,116.097,116.007,57118.0,511260,sh,十年国债ETF国泰
2023-04-18,116.048,116.081,116.084,116.003,35358.0,511260,sh,十年国债ETF国泰
2023-04-19,116.087,116.197,116.267,116.087,57137.0,511260,sh,十年国债ETF国泰
2023-04-20,116.192,116.106,116.287,116.067,42035.0,511260,sh,十年国债ETF国泰
2023-04-21,116.13,116.274,116.276,116.13,63657.0,511260,sh,十年国债ETF国泰
2023-04-24,116.289,116.377,116.405,116.289,45599.0,511260,sh,十年国债ETF国泰
2023-04-25,116.425,116.392,116.425,116.377,39333.0,511260,sh,十年国债ETF国泰
2023-04-26,116.393,116.44,116.442,116.353,91850.0,511260,sh,十年国债ETF国泰
2023-04-27,116.467,116.531,116.687,116.467,79322.0,511260,sh,十年国债ETF国泰
2023-04-28,116.581,116.616,116.762,116.546,63136.0,511260,sh,十年国债ETF国泰
2023-05-04,116.693,116.831,116.867,116.693,41463.0,511260,sh,十年国债ETF国泰
2023-05-05,116.876,117.032,117.032,116.876,58506.0,511260,sh,十年国债ETF国泰
2023-05-08,117.865,116.902,117.865,116.856,55394.0,511260,sh,十年国债ETF国泰
2023-05-09,116.896,117.016,117.033,116.852,40956.0,511260,sh,十年国债ETF国泰
2023-05-10,117.001,117.178,117.202,117.001,54385.0,511260,sh,十年国债ETF国泰
2023-05-11,117.279,117.354,117.415,117.277,29977.0,511260,sh,十年国债ETF国泰
2023-05-12,117.365,117.232,117.404,117.198,35941.0,511260,sh,十年国债ETF国泰
2023-05-15,117.237,117.227,117.347,117.222,43507.0,511260,sh,十年国债ETF国泰
2023-05-16,117.243,117.183,117.243,117.13,47358.0,511260,sh,十年国债ETF国泰
2023-05-17,117.227,117.172,117.287,117.169,48228.0,511260,sh,十年国债ETF国泰
2023-05-18,117.266,117.163,117.266,116.947,27972.0,511260,sh,十年国债ETF国泰
2023-05-19,117.178,117.294,117.297,117.177,33974.0,511260,sh,十年国债ETF国泰
2023-05-22,117.257,117.32,117.357,117.244,44920.0,511260,sh,十年国债ETF国泰
2023-05-23,117.327,117.575,117.597,117.327,59215.0,511260,sh,十年国债ETF国泰
2023-05-24,117.596,117.534,117.61,117.447,55428.0,511260,sh,十年国债ETF国泰
2023-05-25,117.533,117.431,117.533,117.392,46397.0,511260,sh,十年国债ETF国泰
2023-05-26,117.432,117.219,117.48,117.188,63929.0,511260,sh,十年国债ETF国泰
2023-05-29,117.225,117.326,117.327,117.191,42139.0,511260,sh,十年国债ETF国泰
2023-05-30,117.329,117.332,117.392,117.317,69094.0,511260,sh,十年国债ETF国泰
2023-05-31,117.336,117.371,117.387,117.336,35566.0,511260,sh,十年国债ETF国泰
2023-06-01,117.43,117.521,117.547,117.43,45998.0,511260,sh,十年国债ETF国泰
2023-06-02,117.567,117.446,117.568,117.433,39382.0,511260,sh,十年国债ETF国泰
2023-06-05,117.427,117.493,117.52,117.412,53131.0,511260,sh,十年国债ETF国泰
2023-06-06,117.518,117.627,117.627,117.518,46145.0,511260,sh,十年国债ETF国泰
2023-06-07,117.625,117.736,117.737,117.577,53962.0,511260,sh,十年国债ETF国泰
2023-06-08,117.734,117.711,117.756,117.668,47363.0,511260,sh,十年国债ETF国泰
2023-06-09,117.723,117.844,117.89,117.708,42128.0,511260,sh,十年国债ETF国泰
2023-06-12,117.837,117.925,117.947,117.837,44398.0,511260,sh,十年国债ETF国泰
2023-06-13,117.966,118.146,118.149,117.939,53574.0,511260,sh,十年国债ETF国泰
2023-06-14,118.266,118.465,118.477,118.149,54915.0,511260,sh,十年国债ETF国泰
2023-06-15,118.415,118.112,118.465,118.087,43652.0,511260,sh,十年国债ETF国泰
2023-06-16,117.867,117.661,117.985,117.587,51001.0,511260,sh,十年国债ETF国泰
2023-06-19,117.693,117.755,117.78,117.592,35417.0,511260,sh,十年国债ETF国泰
2023-06-20,117.737,117.733,117.766,117.638,13496.0,511260,sh,十年国债ETF国泰
2023-06-21,117.737,117.877,117.944,117.737,61584.0,511260,sh,十年国债ETF国泰
2023-06-26,117.877,118.036,118.077,117.877,44786.0,511260,sh,十年国债ETF国泰
2023-06-27,118.03,117.839,118.031,117.777,48967.0,511260,sh,十年国债ETF国泰
2023-06-28,117.839,117.856,117.925,117.833,51347.0,511260,sh,十年国债ETF国泰
2023-06-29,117.855,117.898,117.917,117.806,14362.0,511260,sh,十年国债ETF国泰
2023-06-30,117.923,118.129,118.135,117.917,27968.0,511260,sh,十年国债ETF国泰
2023-07-03,118.177,118.07,118.204,118.025,83528.0,511260,sh,十年国债ETF国泰
2023-07-04,118.067,118.084,118.167,118.02,42762.0,511260,sh,十年国债ETF国泰
2023-07-05,118.117,118.1,118.118,118.035,47124.0,511260,sh,十年国债ETF国泰
2023-07-06,118.104,118.143,118.176,118.104,41824.0,511260,sh,十年国债ETF国泰
2023-07-07,118.14,118.176,118.178,118.133,52519.0,511260,sh,十年国债ETF国泰
2023-07-10,118.174,118.198,118.208,118.132,38774.0,511260,sh,十年国债ETF国泰
2023-07-11,118.217,118.293,118.366,118.217,37391.0,511260,sh,十年国债ETF国泰
2023-07-12,118.307,118.314,118.342,118.266,30680.0,511260,sh,十年国债ETF国泰
2023-07-13,118.312,118.262,118.323,118.227,22918.0,511260,sh,十年国债ETF国泰
2023-07-14,118.263,118.213,118.263,118.194,26761.0,511260,sh,十年国债ETF国泰
2023-07-17,118.226,118.33,118.331,118.226,36282.0,511260,sh,十年国债ETF国泰
2023-07-18,118.347,118.505,118.517,118.343,17875.0,511260,sh,十年国债ETF国泰
2023-07-19,118.511,118.481,118.537,118.433,21550.0,511260,sh,十年国债ETF国泰
2023-07-20,118.484,118.49,118.502,118.412,40626.0,511260,sh,十年国债ETF国泰
2023-07-21,118.539,118.638,118.652,118.539,30756.0,511260,sh,十年国债ETF国泰
2023-07-24,118.651,118.721,118.74,118.65,30726.0,511260,sh,十年国债ETF国泰
2023-07-25,118.588,118.259,118.588,118.201,38412.0,511260,sh,十年国债ETF国泰
2023-07-26,118.259,118.377,118.392,118.237,30509.0,511260,sh,十年国债ETF国泰
2023-07-27,118.412,118.511,118.539,118.412,32295.0,511260,sh,十年国债ETF国泰
2023-07-28,118.547,118.47,118.592,118.406,33394.0,511260,sh,十年国债ETF国泰
2023-07-31,118.457,118.321,118.457,118.167,26995.0,511260,sh,十年国债ETF国泰
2023-08-01,118.373,118.412,118.468,118.342,34057.0,511260,sh,十年国债ETF国泰
2023-08-02,118.461,118.518,118.522,118.429,30283.0,511260,sh,十年国债ETF国泰
2023-08-03,118.524,118.581,118.609,118.523,51052.0,511260,sh,十年国债ETF国泰
2023-08-04,118.584,118.582,118.717,118.468,34556.0,511260,sh,十年国债ETF国泰
2023-08-07,118.617,118.625,118.659,118.59,26507.0,511260,sh,十年国债ETF国泰
2023-08-08,118.619,118.662,118.675,118.619,11776.0,511260,sh,十年国债ETF国泰
2023-08-09,118.705,118.702,118.706,118.671,25833.0,511260,sh,十年国债ETF国泰
2023-08-10,118.707,118.686,118.712,118.656,30896.0,511260,sh,十年国债ETF国泰
2023-08-11,118.687,118.703,118.708,118.664,30889.0,511260,sh,十年国债ETF国泰
2023-08-14,118.748,118.816,118.834,118.746,31843.0,511260,sh,十年国债ETF国泰
2023-08-15,118.832,119.146,119.167,118.832,24617.0,511260,sh,十年国债ETF国泰
2023-08-16,119.196,119.342,119.417,119.196,28746.0,511260,sh,十年国债ETF国泰
2023-08-17,119.35,119.332,119.44,119.254,33510.0,511260,sh,十年国债ETF国泰
2023-08-18,119.282,119.407,119.427,119.197,22747.0,511260,sh,十年国债ETF国泰
2023-08-21,119.457,119.686,119.712,119.438,26468.0,511260,sh,十年国债ETF国泰
2023-08-22,119.686,119.542,119.715,119.52,23708.0,511260,sh,十年国债ETF国泰
2023-08-23,119.536,119.53,119.646,119.497,33677.0,511260,sh,十年国债ETF国泰
2023-08-24,119.519,119.503,119.542,119.458,45245.0,511260,sh,十年国债ETF国泰
2023-08-25,119.519,119.446,119.559,119.427,27030.0,511260,sh,十年国债ETF国泰
2023-08-28,119.069,119.358,119.364,118.427,54680.0,511260,sh,十年国债ETF国泰
2023-08-29,119.358,119.138,119.359,119.083,27928.0,511260,sh,十年国债ETF国泰
2023-08-30,119.138,119.209,119.251,119.05,31539.0,511260,sh,十年国债ETF国泰
2023-08-31,119.247,119.294,119.306,119.235,27278.0,511260,sh,十年国债ETF国泰
2023-09-01,119.29,119.171,119.29,119.131,21597.0,511260,sh,十年国债ETF国泰
2023-09-04,118.968,118.809,119.037,118.787,27812.0,511260,sh,十年国债ETF国泰
2023-09-05,118.859,118.879,118.885,118.812,25201.0,511260,sh,十年国债ETF国泰
2023-09-06,118.917,118.736,118.936,118.732,23348.0,511260,sh,十年国债ETF国泰
2023-09-07,118.736,118.627,118.744,118.618,23193.0,511260,sh,十年国债ETF国泰
2023-09-08,118.667,118.715,118.758,118.618,30233.0,511260,sh,十年国债ETF国泰
2023-09-11,118.688,118.702,118.711,118.597,27190.0,511260,sh,十年国债ETF国泰
2023-09-12,118.778,118.733,118.787,118.697,28595.0,511260,sh,十年国债ETF国泰
2023-09-13,118.723,118.847,118.917,118.708,35203.0,511260,sh,十年国债ETF国泰
2023-09-14,118.837,118.976,118.987,118.818,24899.0,511260,sh,十年国债ETF国泰
2023-09-15,118.979,118.838,119.006,118.789,26330.0,511260,sh,十年国债ETF国泰
2023-09-18,118.789,118.657,118.817,118.608,29938.0,511260,sh,十年国债ETF国泰
2023-09-19,118.662,118.663,118.706,118.637,33647.0,511260,sh,十年国债ETF国泰
2023-09-20,118.667,118.633,118.701,118.612,24072.0,511260,sh,十年国债ETF国泰
2023-09-21,118.639,118.665,118.708,118.611,29910.0,511260,sh,十年国债ETF国泰
2023-09-22,118.714,118.502,118.717,118.498,30453.0,511260,sh,十年国债ETF国泰
2023-09-25,118.502,118.347,118.552,118.305,25859.0,511260,sh,十年国债ETF国泰
2023-09-26,118.347,118.256,118.347,118.087,11440.0,511260,sh,十年国债ETF国泰
2023-09-27,118.247,118.243,118.296,118.149,4942.0,511260,sh,十年国债ETF国泰
2023-09-28,118.367,118.556,118.602,118.362,25909.0,511260,sh,十年国债ETF国泰
2023-10-09,118.573,118.587,118.687,118.573,28892.0,511260,sh,十年国债ETF国泰
2023-10-10,118.596,118.605,118.677,118.576,23599.0,511260,sh,十年国债ETF国泰
2023-10-11,118.556,118.392,118.617,118.387,23768.0,511260,sh,十年国债ETF国泰
2023-10-12,118.267,118.419,118.455,118.219,20715.0,511260,sh,十年国债ETF国泰
2023-10-13,118.469,118.57,118.609,118.409,33328.0,511260,sh,十年国债ETF国泰
2023-10-16,118.647,118.67,118.715,118.617,42009.0,511260,sh,十年国债ETF国泰
2023-10-17,118.685,118.598,118.685,118.585,19321.0,511260,sh,十年国债ETF国泰
2023-10-18,118.617,118.571,118.647,118.57,23655.0,511260,sh,十年国债ETF国泰
2023-10-19,118.57,118.386,118.57,118.386,20207.0,511260,sh,十年国债ETF国泰
2023-10-20,118.388,118.568,118.63,118.388,19930.0,511260,sh,十年国债ETF国泰
2023-10-23,118.671,118.698,118.711,118.613,19886.0,511260,sh,十年国债ETF国泰
2023-10-24,118.631,118.548,118.632,118.528,20176.0,511260,sh,十年国债ETF国泰
2023-10-25,118.526,118.666,118.676,118.477,25837.0,511260,sh,十年国债ETF国泰
2023-10-26,118.695,118.698,118.755,118.677,17155.0,511260,sh,十年国债ETF国泰
2023-10-27,118.698,118.708,118.757,118.667,20552.0,511260,sh,十年国债ETF国泰
2023-10-30,118.709,118.757,118.784,118.689,24353.0,511260,sh,十年国债ETF国泰
2023-10-31,118.768,118.917,118.987,118.768,21035.0,511260,sh,十年国债ETF国泰
2023-11-01,118.927,119.043,119.047,118.927,30003.0,511260,sh,十年国债ETF国泰
2023-11-02,119.048,119.164,119.171,119.048,25452.0,511260,sh,十年国债ETF国泰
2023-11-03,119.167,119.152,119.261,119.07,24195.0,511260,sh,十年国债ETF国泰
2023-11-06,119.155,119.139,119.176,119.029,25895.0,511260,sh,十年国债ETF国泰
2023-11-07,119.166,119.203,119.285,119.142,20609.0,511260,sh,十年国债ETF国泰
2023-11-08,119.186,119.211,119.223,119.096,25132.0,511260,sh,十年国债ETF国泰
2023-11-09,119.206,119.218,119.247,119.174,22001.0,511260,sh,十年国债ETF国泰
2023-11-10,119.219,119.235,119.269,119.198,23828.0,511260,sh,十年国债ETF国泰
2023-11-13,119.232,119.29,119.293,119.206,19163.0,511260,sh,十年国债ETF国泰
2023-11-14,119.252,119.219,119.338,119.196,20097.0,511260,sh,十年国债ETF国泰
2023-11-15,119.19,119.183,119.266,119.167,19838.0,511260,sh,十年国债ETF国泰
2023-11-16,119.184,119.281,119.322,119.184,20823.0,511260,sh,十年国债ETF国泰
2023-11-17,119.317,119.331,119.35,119.267,23355.0,511260,sh,十年国债ETF国泰
2023-11-20,119.331,119.328,119.345,119.296,18564.0,511260,sh,十年国债ETF国泰
2023-11-21,119.328,119.355,119.37,119.27,23524.0,511260,sh,十年国债ETF国泰
2023-11-22,119.355,119.288,119.355,119.286,21617.0,511260,sh,十年国债ETF国泰
2023-11-23,119.27,119.121,119.27,119.117,23643.0,511260,sh,十年国债ETF国泰
2023-11-24,119.129,119.139,119.206,119.127,23967.0,511260,sh,十年国债ETF国泰
2023-11-27,119.11,119.101,119.163,119.067,24923.0,511260,sh,十年国债ETF国泰
2023-11-28,119.198,119.192,119.214,119.137,27881.0,511260,sh,十年国债ETF国泰
2023-11-29,119.192,119.155,119.235,119.154,21159.0,511260,sh,十年国债ETF国泰
2023-11-30,119.155,119.199,119.251,119.155,24626.0,511260,sh,十年国债ETF国泰
2023-12-01,119.203,119.309,119.357,119.203,26517.0,511260,sh,十年国债ETF国泰
2023-12-04,119.357,119.242,119.357,119.217,24435.0,511260,sh,十年国债ETF国泰
2023-12-05,119.24,119.247,119.258,119.204,23659.0,511260,sh,十年国债ETF国泰
2023-12-06,119.245,119.202,119.26,119.192,29455.0,511260,sh,十年国债ETF国泰
2023-12-07,119.244,119.248,119.286,119.178,29052.0,511260,sh,十年国债ETF国泰
2023-12-08,119.249,119.296,119.329,119.249,24331.0,511260,sh,十年国债ETF国泰
2023-12-11,119.355,119.524,119.555,119.355,33476.0,511260,sh,十年国债ETF国泰
2023-12-12,119.527,119.465,119.592,119.439,43419.0,511260,sh,十年国债ETF国泰
2023-12-13,119.515,119.617,119.793,119.515,29601.0,511260,sh,十年国债ETF国泰
2023-12-14,119.619,119.608,119.687,119.584,33554.0,511260,sh,十年国债ETF国泰
2023-12-15,119.608,119.687,119.69,119.569,25558.0,511260,sh,十年国债ETF国泰
2023-12-18,119.737,119.772,119.79,119.707,25041.0,511260,sh,十年国债ETF国泰
2023-12-19,119.748,119.784,119.806,119.703,24880.0,511260,sh,十年国债ETF国泰
2023-12-20,119.784,119.738,119.784,119.727,35459.0,511260,sh,十年国债ETF国泰
2023-12-21,119.727,119.793,119.878,119.67,14636.0,511260,sh,十年国债ETF国泰
2023-12-22,119.867,119.885,119.931,119.842,5367.0,511260,sh,十年国债ETF国泰
2023-12-25,119.918,119.987,120.007,119.86,32568.0,511260,sh,十年国债ETF国泰
2023-12-26,120.031,120.045,120.117,119.997,26889.0,511260,sh,十年国债ETF国泰
2023-12-27,120.095,120.143,120.188,120.089,29288.0,511260,sh,十年国债ETF国泰
2023-12-28,120.207,120.143,120.335,120.025,6374.0,511260,sh,十年国债ETF国泰
2023-12-29,120.191,120.369,120.382,120.191,34607.0,511260,sh,十年国债ETF国泰
2024-01-02,120.414,120.597,120.598,120.281,26744.0,511260,sh,十年国债ETF国泰
2024-01-03,120.582,120.278,120.616,120.268,39898.0,511260,sh,十年国债ETF国泰
2024-01-04,120.328,120.526,120.547,120.317,3071.0,511260,sh,十年国债ETF国泰
2024-01-05,120.528,120.884,120.886,120.428,3544.0,511260,sh,十年国债ETF国泰
2024-01-08,120.871,120.697,120.99,120.658,26185.0,511260,sh,十年国债ETF国泰
2024-01-09,120.682,120.849,120.867,120.656,8244.0,511260,sh,十年国债ETF国泰
2024-01-10,120.862,120.808,120.862,120.747,16762.0,511260,sh,十年国债ETF国泰
2024-01-11,120.751,120.729,120.794,120.651,39070.0,511260,sh,十年国债ETF国泰
2024-01-12,120.719,120.596,120.789,120.578,27545.0,511260,sh,十年国债ETF国泰
2024-01-15,120.577,120.615,120.62,120.54,41671.0,511260,sh,十年国债ETF国泰
2024-01-16,120.615,120.578,120.635,120.564,24578.0,511260,sh,十年国债ETF国泰
2024-01-17,120.577,120.725,120.726,120.558,51466.0,511260,sh,十年国债ETF国泰
2024-01-18,120.745,120.817,121.113,120.743,12777.0,511260,sh,十年国债ETF国泰
2024-01-19,120.807,120.883,120.922,120.769,17694.0,511260,sh,十年国债ETF国泰
2024-01-22,120.931,120.994,121.112,120.772,15594.0,511260,sh,十年国债ETF国泰
2024-01-23,121.003,120.933,121.023,120.867,17570.0,511260,sh,十年国债ETF国泰
2024-01-24,120.912,120.946,121.015,120.856,30138.0,511260,sh,十年国债ETF国泰
2024-01-25,120.912,120.956,120.977,120.823,21893.0,511260,sh,十年国债ETF国泰
2024-01-26,121.057,121.047,121.092,120.953,16171.0,511260,sh,十年国债ETF国泰
2024-01-29,121.029,121.117,121.167,121.009,55107.0,511260,sh,十年国债ETF国泰
2024-01-30,121.242,121.466,121.867,121.242,19103.0,511260,sh,十年国债ETF国泰
2024-01-31,121.758,121.671,121.767,121.522,31097.0,511260,sh,十年国债ETF国泰
2024-02-01,121.686,121.684,121.786,121.599,59843.0,511260,sh,十年国债ETF国泰
2024-02-02,121.684,121.657,121.684,121.6,38222.0,511260,sh,十年国债ETF国泰
2024-02-05,122.101,121.852,122.101,121.657,10326.0,511260,sh,十年国债ETF国泰
2024-02-06,121.827,121.524,121.833,121.461,9362.0,511260,sh,十年国债ETF国泰
2024-02-07,121.447,121.594,121.631,121.126,13351.0,511260,sh,十年国债ETF国泰
2024-02-08,121.875,121.767,121.875,121.574,32701.0,511260,sh,十年国债ETF国泰
2024-02-19,121.765,121.79,121.842,121.635,20791.0,511260,sh,十年国债ETF国泰
2024-02-20,121.788,121.876,121.947,121.744,25068.0,511260,sh,十年国债ETF国泰
2024-02-21,121.926,121.961,121.968,121.858,34278.0,511260,sh,十年国债ETF国泰
2024-02-22,121.967,121.938,121.976,121.901,26613.0,511260,sh,十年国债ETF国泰
2024-02-23,122.134,122.119,122.134,121.878,35797.0,511260,sh,十年国债ETF国泰
2024-02-26,122.121,122.22,122.249,122.091,23867.0,511260,sh,十年国债ETF国泰
2024-02-27,122.442,122.407,122.446,122.315,24239.0,511260,sh,十年国债ETF国泰
2024-02-28,122.303,122.569,122.767,122.293,23738.0,511260,sh,十年国债ETF国泰
2024-02-29,122.586,122.771,122.836,122.586,19547.0,511260,sh,十年国债ETF国泰
2024-03-01,122.557,122.305,122.816,122.267,11630.0,511260,sh,十年国债ETF国泰
2024-03-04,122.337,122.463,122.476,122.238,17737.0,511260,sh,十年国债ETF国泰
2024-03-05,122.47,122.49,122.529,122.448,30650.0,511260,sh,十年国债ETF国泰
2024-03-06,122.885,122.894,122.897,122.668,28567.0,511260,sh,十年国债ETF国泰
2024-03-07,123.173,123.028,123.231,122.768,22069.0,511260,sh,十年国债ETF国泰
2024-03-08,123.045,122.999,123.118,122.968,28678.0,511260,sh,十年国债ETF国泰
2024-03-11,122.998,122.872,123.041,122.867,5301.0,511260,sh,十年国债ETF国泰
2024-03-12,122.751,122.387,122.751,122.372,32802.0,511260,sh,十年国债ETF国泰
2024-03-13,122.37,122.337,122.37,121.921,17813.0,511260,sh,十年国债ETF国泰
2024-03-14,122.388,122.295,122.446,122.17,39707.0,511260,sh,十年国债ETF国泰
2024-03-15,122.389,122.441,122.486,122.317,33055.0,511260,sh,十年国债ETF国泰
2024-03-18,122.5,122.548,122.559,122.473,81571.0,511260,sh,十年国债ETF国泰
2024-03-19,122.696,122.832,122.843,122.619,7550.0,511260,sh,十年国债ETF国泰
2024-03-20,122.766,122.693,122.79,122.672,35052.0,511260,sh,十年国债ETF国泰
2024-03-21,122.667,122.693,122.74,122.467,31154.0,511260,sh,十年国债ETF国泰
2024-03-22,122.887,122.687,122.887,122.656,21007.0,511260,sh,十年国债ETF国泰
2024-03-25,122.644,122.512,122.657,122.446,22923.0,511260,sh,十年国债ETF国泰
2024-03-26,122.529,122.531,122.571,122.479,24401.0,511260,sh,十年国债ETF国泰
2024-03-27,122.553,122.617,122.637,122.498,8001.0,511260,sh,十年国债ETF国泰
2024-03-28,122.742,122.64,122.777,122.617,3176.0,511260,sh,十年国债ETF国泰
2024-03-29,122.65,122.781,122.801,122.582,27951.0,511260,sh,十年国债ETF国泰
2024-04-01,122.706,122.629,122.708,122.586,26603.0,511260,sh,十年国债ETF国泰
2024-04-02,122.685,122.683,122.708,122.629,43906.0,511260,sh,十年国债ETF国泰
2024-04-03,122.853,122.95,122.953,122.711,30964.0,511260,sh,十年国债ETF国泰
2024-04-08,122.968,123.002,123.032,122.838,38908.0,511260,sh,十年国债ETF国泰
2024-04-09,123.044,123.142,123.177,123.044,40459.0,511260,sh,十年国债ETF国泰
2024-04-10,123.104,123.045,123.109,122.92,20866.0,511260,sh,十年国债ETF国泰
2024-04-11,123.045,123.026,123.07,123.019,35363.0,511260,sh,十年国债ETF国泰
2024-04-12,123.13,123.261,123.292,123.13,25054.0,511260,sh,十年国债ETF国泰
2024-04-15,123.285,123.377,123.44,123.267,31018.0,511260,sh,十年国债ETF国泰
2024-04-16,123.377,123.388,123.39,123.312,25675.0,511260,sh,十年国债ETF国泰
2024-04-17,123.465,123.433,123.467,123.382,26192.0,511260,sh,十年国债ETF国泰
2024-04-18,123.448,123.652,123.662,123.447,26489.0,511260,sh,十年国债ETF国泰
2024-04-19,123.667,123.681,123.761,123.622,44915.0,511260,sh,十年国债ETF国泰
2024-04-22,123.698,123.769,123.772,123.656,21973.0,511260,sh,十年国债ETF国泰
2024-04-23,123.823,124.066,124.07,123.823,37475.0,511260,sh,十年国债ETF国泰
2024-04-24,123.789,123.494,124.066,123.424,30050.0,511260,sh,十年国债ETF国泰
2024-04-25,123.56,123.556,123.66,123.5,25800.0,511260,sh,十年国债ETF国泰
2024-04-26,123.621,123.26,123.655,123.255,27039.0,511260,sh,十年国债ETF国泰
2024-04-29,123.258,122.644,123.258,121.987,8307.0,511260,sh,十年国债ETF国泰
2024-04-30,122.757,123.111,123.116,122.757,14715.0,511260,sh,十年国债ETF国泰
2024-05-06,123.117,123.203,123.296,122.911,8936.0,511260,sh,十年国债ETF国泰
2024-05-07,123.363,123.522,123.572,123.207,24421.0,511260,sh,十年国债ETF国泰
2024-05-08,123.6,123.648,123.845,123.567,21601.0,511260,sh,十年国债ETF国泰
2024-05-09,123.53,123.467,123.556,123.442,21054.0,511260,sh,十年国债ETF国泰
2024-05-10,123.394,123.292,123.491,123.26,22347.0,511260,sh,十年国债ETF国泰
2024-05-13,123.416,123.557,123.557,123.392,31535.0,511260,sh,十年国债ETF国泰
2024-05-14,123.607,123.62,123.736,123.559,33087.0,511260,sh,十年国债ETF国泰
2024-05-15,123.621,123.531,123.696,123.512,30460.0,511260,sh,十年国债ETF国泰
2024-05-16,123.538,123.447,123.56,123.397,21328.0,511260,sh,十年国债ETF国泰
2024-05-17,123.256,123.277,123.359,123.247,22128.0,511260,sh,十年国债ETF国泰
2024-05-20,123.425,123.5,123.511,123.334,11518.0,511260,sh,十年国债ETF国泰
2024-05-21,123.5,123.418,123.542,123.407,19371.0,511260,sh,十年国债ETF国泰
2024-05-22,123.435,123.514,123.516,123.435,28988.0,511260,sh,十年国债ETF国泰
2024-05-23,123.598,123.658,123.662,123.519,31996.0,511260,sh,十年国债ETF国泰
2024-05-24,123.669,123.603,123.763,123.577,28699.0,511260,sh,十年国债ETF国泰
2024-05-27,123.598,123.581,123.598,123.519,30207.0,511260,sh,十年国债ETF国泰
2024-05-28,123.675,123.745,123.747,123.633,27076.0,511260,sh,十年国债ETF国泰
2024-05-29,123.855,123.851,123.867,123.778,19026.0,511260,sh,十年国债ETF国泰
2024-05-30,123.85,123.858,123.859,123.783,24045.0,511260,sh,十年国债ETF国泰
2024-05-31,123.634,123.665,123.687,123.558,34730.0,511260,sh,十年国债ETF国泰
2024-06-03,123.687,123.746,123.762,123.67,48184.0,511260,sh,十年国债ETF国泰
2024-06-04,123.805,123.755,123.837,123.699,32298.0,511260,sh,十年国债ETF国泰
2024-06-05,123.854,123.896,123.904,123.793,31084.0,511260,sh,十年国债ETF国泰
2024-06-06,123.979,123.933,124.021,123.898,24210.0,511260,sh,十年国债ETF国泰
2024-06-07,124.003,124.035,124.041,123.934,16311.0,511260,sh,十年国债ETF国泰
2024-06-11,124.035,124.053,124.094,124.026,25506.0,511260,sh,十年国债ETF国泰
2024-06-12,124.053,124.005,124.087,123.992,22737.0,511260,sh,十年国债ETF国泰
2024-06-13,124.089,124.101,124.102,124.013,26028.0,511260,sh,十年国债ETF国泰
2024-06-14,124.164,124.168,124.189,124.125,19031.0,511260,sh,十年国债ETF国泰
2024-06-17,124.229,124.239,124.252,124.19,31515.0,511260,sh,十年国债ETF国泰
2024-06-18,124.246,124.356,124.362,124.246,17863.0,511260,sh,十年国债ETF国泰
2024-06-19,124.332,124.379,124.412,124.267,22137.0,511260,sh,十年国债ETF国泰
2024-06-20,124.479,124.477,124.479,124.307,20361.0,511260,sh,十年国债ETF国泰
2024-06-21,124.47,124.376,124.47,124.315,30436.0,511260,sh,十年国债ETF国泰
2024-06-24,124.366,124.491,124.635,124.282,24360.0,511260,sh,十年国债ETF国泰
2024-06-25,124.52,124.631,124.655,124.52,28968.0,511260,sh,十年国债ETF国泰
2024-06-26,124.637,124.686,124.736,124.637,23774.0,511260,sh,十年国债ETF国泰
2024-06-27,124.676,124.851,124.867,124.676,20317.0,511260,sh,十年国债ETF国泰
2024-06-28,124.952,124.997,125.009,124.772,27041.0,511260,sh,十年国债ETF国泰
2024-07-01,125.018,124.587,125.237,124.437,12577.0,511260,sh,十年国债ETF国泰
2024-07-02,124.58,124.792,124.857,124.367,45472.0,511260,sh,十年国债ETF国泰
2024-07-03,124.808,124.903,124.944,124.772,28451.0,511260,sh,十年国债ETF国泰
2024-07-04,124.917,124.957,124.977,124.827,27107.0,511260,sh,十年国债ETF国泰
2024-07-05,124.945,124.717,124.945,124.637,28176.0,511260,sh,十年国债ETF国泰
2024-07-08,124.536,124.341,124.536,124.25,32732.0,511260,sh,十年国债ETF国泰
2024-07-09,124.561,124.659,124.66,124.561,33922.0,511260,sh,十年国债ETF国泰
2024-07-10,124.656,124.654,124.717,124.563,43918.0,511260,sh,十年国债ETF国泰
2024-07-11,124.695,124.739,124.768,124.632,28394.0,511260,sh,十年国债ETF国泰
2024-07-12,124.83,124.9,124.974,124.741,25584.0,511260,sh,十年国债ETF国泰
2024-07-15,124.905,125.007,125.047,124.903,25521.0,511260,sh,十年国债ETF国泰
2024-07-16,124.979,124.98,125.171,124.843,77992.0,511260,sh,十年国债ETF国泰
2024-07-17,125.012,125.122,125.13,125.012,29061.0,511260,sh,十年国债ETF国泰
2024-07-18,125.122,125.046,125.134,125.022,24851.0,511260,sh,十年国债ETF国泰
2024-07-19,125.095,125.076,125.146,125.025,49162.0,511260,sh,十年国债ETF国泰
2024-07-22,125.188,125.339,125.347,125.167,27592.0,511260,sh,十年国债ETF国泰
2024-07-23,125.402,125.573,125.596,125.401,23110.0,511260,sh,十年国债ETF国泰
2024-07-24,125.666,125.686,125.696,125.513,29242.0,511260,sh,十年国债ETF国泰
2024-07-25,125.674,125.703,125.846,125.655,28174.0,511260,sh,十年国债ETF国泰
2024-07-26,125.848,125.91,125.912,125.76,11567.0,511260,sh,十年国债ETF国泰
2024-07-29,125.912,126.006,126.027,125.912,28253.0,511260,sh,十年国债ETF国泰
2024-07-30,126.064,126.07,126.182,125.722,26475.0,511260,sh,十年国债ETF国泰
2024-07-31,126.157,126.223,126.352,126.086,31216.0,511260,sh,十年国债ETF国泰
2024-08-01,126.267,126.435,126.503,126.154,22079.0,511260,sh,十年国债ETF国泰
2024-08-02,126.545,126.452,126.608,126.283,21258.0,511260,sh,十年国债ETF国泰
2024-08-05,126.615,126.816,126.841,126.497,36361.0,511260,sh,十年国债ETF国泰
2024-08-06,126.27,126.381,126.53,126.227,31532.0,511260,sh,十年国债ETF国泰
2024-08-07,126.432,126.72,126.732,126.432,26106.0,511260,sh,十年国债ETF国泰
2024-08-08,126.519,126.292,126.635,126.208,46754.0,511260,sh,十年国债ETF国泰
2024-08-09,126.049,126.028,126.095,125.95,40108.0,511260,sh,十年国债ETF国泰
2024-08-12,125.583,125.179,125.857,125.178,26159.0,511260,sh,十年国债ETF国泰
2024-08-13,125.458,125.572,125.657,125.23,30951.0,511260,sh,十年国债ETF国泰
2024-08-14,125.834,125.996,126.131,125.787,53196.0,511260,sh,十年国债ETF国泰
2024-08-15,125.996,125.838,126.244,125.782,21927.0,511260,sh,十年国债ETF国泰
2024-08-16,125.945,125.955,126.027,125.817,40975.0,511260,sh,十年国债ETF国泰
2024-08-19,125.978,126.152,126.157,125.867,51633.0,511260,sh,十年国债ETF国泰
2024-08-20,126.154,126.099,126.163,126.055,71388.0,511260,sh,十年国债ETF国泰
2024-08-21,126.107,125.958,126.147,125.907,28779.0,511260,sh,十年国债ETF国泰
2024-08-22,126.125,126.223,126.245,126.023,40233.0,511260,sh,十年国债ETF国泰
2024-08-23,126.246,126.279,126.282,126.071,28889.0,511260,sh,十年国债ETF国泰
2024-08-26,126.28,126.288,126.351,126.175,42598.0,511260,sh,十年国债ETF国泰
2024-08-27,126.181,126.024,126.261,125.976,32678.0,511260,sh,十年国债ETF国泰
2024-08-28,126.036,126.18,126.239,125.912,37396.0,511260,sh,十年国债ETF国泰
2024-08-29,126.192,126.025,126.269,126.009,29312.0,511260,sh,十年国债ETF国泰
2024-08-30,126.074,126.009,126.108,125.84,31459.0,511260,sh,十年国债ETF国泰
2024-09-02,126.197,126.249,126.295,126.06,48114.0,511260,sh,十年国债ETF国泰
2024-09-03,126.311,126.414,126.447,126.218,59773.0,511260,sh,十年国债ETF国泰
2024-09-04,126.504,126.494,126.639,126.455,29475.0,511260,sh,十年国债ETF国泰
2024-09-05,126.629,126.637,126.697,126.568,33566.0,511260,sh,十年国债ETF国泰
2024-09-06,126.597,126.639,126.678,126.526,35350.0,511260,sh,十年国债ETF国泰
2024-09-09,126.638,126.739,126.749,126.583,28140.0,511260,sh,十年国债ETF国泰
2024-09-10,126.754,126.889,126.967,126.754,34180.0,511260,sh,十年国债ETF国泰
2024-09-11,126.898,127.066,127.104,126.898,13963.0,511260,sh,十年国债ETF国泰
2024-09-12,127.114,126.96,127.156,126.919,21514.0,511260,sh,十年国债ETF国泰
2024-09-13,127.184,127.214,127.232,127.073,18432.0,511260,sh,十年国债ETF国泰
2024-09-18,127.488,127.429,127.488,127.283,22781.0,511260,sh,十年国债ETF国泰
2024-09-19,127.648,127.351,127.664,127.329,65667.0,511260,sh,十年国债ETF国泰
2024-09-20,127.451,127.56,127.574,127.432,36692.0,511260,sh,十年国债ETF国泰
2024-09-23,127.597,127.625,127.682,127.547,33961.0,511260,sh,十年国债ETF国泰
2024-09-24,127.82,127.156,127.82,126.989,29416.0,511260,sh,十年国债ETF国泰
2024-09-25,127.136,127.573,127.576,126.497,26274.0,511260,sh,十年国债ETF国泰
2024-09-26,127.677,127.213,127.717,127.185,23759.0,511260,sh,十年国债ETF国泰
2024-09-27,126.617,126.13,126.817,125.568,18146.0,511260,sh,十年国债ETF国泰
2024-09-30,125.067,125.634,125.857,123.867,40203.0,511260,sh,十年国债ETF国泰
2024-10-08,124.541,125.808,126.062,124.541,26626.0,511260,sh,十年国债ETF国泰
2024-10-09,125.983,126.064,126.137,125.818,37073.0,511260,sh,十年国债ETF国泰
2024-10-10,126.064,126.632,126.635,125.868,26151.0,511260,sh,十年国债ETF国泰
2024-10-11,126.702,126.541,126.744,126.442,39984.0,511260,sh,十年国债ETF国泰
2024-10-14,126.655,126.551,126.667,126.517,35037.0,511260,sh,十年国债ETF国泰
2024-10-15,126.576,126.727,126.733,126.507,55008.0,511260,sh,十年国债ETF国泰
2024-10-16,126.757,126.724,126.864,126.639,44518.0,511260,sh,十年国债ETF国泰
2024-10-17,126.742,126.927,126.944,126.671,83681.0,511260,sh,十年国债ETF国泰
2024-10-18,127.17,126.868,127.17,126.695,54058.0,511260,sh,十年国债ETF国泰
2024-10-21,126.842,126.879,126.901,126.759,39488.0,511260,sh,十年国债ETF国泰
2024-10-22,126.88,126.796,126.934,126.772,24857.0,511260,sh,十年国债ETF国泰
2024-10-23,126.721,126.55,126.736,126.381,20561.0,511260,sh,十年国债ETF国泰
2024-10-24,126.618,126.507,126.695,126.487,32137.0,511260,sh,十年国债ETF国泰
2024-10-25,126.509,126.428,126.514,126.374,32472.0,511260,sh,十年国债ETF国泰
2024-10-28,126.522,126.373,126.522,126.348,35595.0,511260,sh,十年国债ETF国泰
2024-10-29,126.422,126.562,126.565,126.329,21021.0,511260,sh,十年国债ETF国泰
2024-10-30,126.567,126.553,126.607,126.493,33875.0,511260,sh,十年国债ETF国泰
2024-10-31,126.563,126.583,126.592,126.487,31118.0,511260,sh,十年国债ETF国泰
2024-11-01,126.617,126.786,126.82,126.617,17388.0,511260,sh,十年国债ETF国泰
2024-11-04,126.858,126.805,126.867,126.758,30556.0,511260,sh,十年国债ETF国泰
2024-11-05,126.867,126.861,126.872,126.766,29311.0,511260,sh,十年国债ETF国泰
2024-11-06,126.87,126.945,127.051,126.87,16731.0,511260,sh,十年国债ETF国泰
2024-11-07,126.996,126.973,127.049,126.945,28861.0,511260,sh,十年国债ETF国泰
2024-11-08,127.04,127.151,127.167,126.968,25656.0,511260,sh,十年国债ETF国泰
2024-11-11,127.197,127.191,127.233,127.17,19907.0,511260,sh,十年国债ETF国泰
2024-11-12,127.255,127.467,127.467,127.219,24675.0,511260,sh,十年国债ETF国泰
2024-11-13,127.463,127.455,127.544,127.397,40699.0,511260,sh,十年国债ETF国泰
2024-11-14,127.397,127.429,127.437,127.347,27058.0,511260,sh,十年国债ETF国泰
2024-11-15,127.452,127.492,127.537,127.397,32713.0,511260,sh,十年国债ETF国泰
2024-11-18,127.49,127.277,127.49,127.256,67204.0,511260,sh,十年国债ETF国泰
2024-11-19,127.267,127.334,127.392,127.157,15297.0,511260,sh,十年国债ETF国泰
2024-11-20,127.389,127.399,127.449,127.337,49107.0,511260,sh,十年国债ETF国泰
2024-11-21,127.406,127.55,127.557,127.385,28920.0,511260,sh,十年国债ETF国泰
2024-11-22,127.652,127.629,127.652,127.551,35871.0,511260,sh,十年国债ETF国泰
2024-11-25,127.594,127.793,127.818,127.586,36088.0,511260,sh,十年国债ETF国泰
2024-11-26,127.832,127.967,127.984,127.81,28986.0,511260,sh,十年国债ETF国泰
2024-11-27,127.934,127.842,128.021,127.834,24380.0,511260,sh,十年国债ETF国泰
2024-11-28,127.849,128.031,128.037,127.842,19711.0,511260,sh,十年国债ETF国泰
2024-11-29,128.127,128.176,128.229,127.97,38416.0,511260,sh,十年国债ETF国泰
2024-12-02,128.357,128.472,128.477,128.228,36576.0,511260,sh,十年国债ETF国泰
2024-12-03,128.544,128.583,128.617,128.494,47640.0,511260,sh,十年国债ETF国泰
2024-12-04,128.583,128.87,128.932,128.583,32013.0,511260,sh,十年国债ETF国泰
2024-12-05,128.82,128.998,129.037,128.683,27693.0,511260,sh,十年国债ETF国泰
2024-12-06,128.942,128.839,129.036,128.796,81177.0,511260,sh,十年国债ETF国泰
2024-12-09,128.871,129.005,129.01,128.861,34133.0,511260,sh,十年国债ETF国泰
2024-12-10,128.921,129.774,129.898,128.921,71178.0,511260,sh,十年国债ETF国泰
2024-12-11,129.707,129.995,130.014,129.534,44283.0,511260,sh,十年国债ETF国泰
2024-12-12,130.097,130.27,130.533,130.097,53296.0,511260,sh,十年国债ETF国泰
2024-12-13,130.633,130.744,130.799,130.39,43913.0,511260,sh,十年国债ETF国泰
2024-12-16,130.842,131.262,131.287,130.842,42033.0,511260,sh,十年国债ETF国泰
2024-12-17,131.017,130.974,131.077,130.867,70465.0,511260,sh,十年国债ETF国泰
2024-12-18,131.084,130.688,131.235,130.138,95790.0,511260,sh,十年国债ETF国泰
2024-12-19,130.705,130.554,130.818,130.467,64289.0,511260,sh,十年国债ETF国泰
2024-12-20,130.976,131.187,131.247,130.747,154044.0,511260,sh,十年国债ETF国泰
2024-12-23,131.644,131.366,131.663,131.217,68047.0,511260,sh,十年国债ETF国泰
2024-12-24,131.217,131.09,131.447,131.021,59421.0,511260,sh,十年国债ETF国泰
2024-12-25,131.131,130.94,131.17,130.745,35740.0,511260,sh,十年国债ETF国泰
2024-12-26,130.966,130.898,131.051,130.861,37457.0,511260,sh,十年国债ETF国泰
2024-12-27,131.122,131.373,131.392,131.121,41241.0,511260,sh,十年国债ETF国泰
2024-12-30,131.402,131.17,131.466,131.158,16411.0,511260,sh,十年国债ETF国泰
2024-12-31,131.496,131.421,131.529,131.322,32170.0,511260,sh,十年国债ETF国泰
2025-01-02,131.81,132.115,132.206,131.658,45282.0,511260,sh,十年国债ETF国泰
2025-01-03,132.482,132.436,132.589,132.074,41041.0,511260,sh,十年国债ETF国泰
2025-01-06,132.457,132.521,132.557,132.336,36826.0,511260,sh,十年国债ETF国泰
2025-01-07,132.447,132.344,132.49,132.315,21061.0,511260,sh,十年国债ETF国泰
2025-01-08,132.34,132.33,132.432,132.267,35549.0,511260,sh,十年国债ETF国泰
2025-01-09,132.398,132.147,132.408,132.137,28454.0,511260,sh,十年国债ETF国泰
2025-01-10,131.573,131.996,132.009,131.541,45175.0,511260,sh,十年国债ETF国泰
2025-01-13,131.951,131.924,132.017,131.766,33461.0,511260,sh,十年国债ETF国泰
2025-01-14,131.891,132.063,132.087,131.764,23873.0,511260,sh,十年国债ETF国泰
2025-01-15,132.209,132.31,132.373,132.177,19924.0,511260,sh,十年国债ETF国泰
2025-01-16,132.214,132.141,132.334,131.98,36462.0,511260,sh,十年国债ETF国泰
2025-01-17,132.208,132.053,132.266,132.013,121518.0,511260,sh,十年国债ETF国泰
2025-01-20,131.87,131.911,132.053,131.869,85856.0,511260,sh,十年国债ETF国泰
2025-01-21,131.897,132.026,132.096,131.877,20866.0,511260,sh,十年国债ETF国泰
2025-01-22,132.118,132.086,132.222,132.037,111348.0,511260,sh,十年国债ETF国泰
2025-01-23,132.079,132.018,132.079,131.932,148631.0,511260,sh,十年国债ETF国泰
2025-01-24,131.989,131.872,132.082,131.718,156958.0,511260,sh,十年国债ETF国泰
2025-01-27,132.007,132.381,132.402,131.997,60612.0,511260,sh,十年国债ETF国泰
2025-02-05,132.386,132.445,132.447,132.187,155981.0,511260,sh,十年国债ETF国泰
2025-02-06,132.497,132.526,132.57,132.399,110820.0,511260,sh,十年国债ETF国泰
2025-02-07,132.568,132.472,132.614,132.455,153623.0,511260,sh,十年国债ETF国泰
2025-02-10,132.403,132.341,132.405,132.307,167378.0,511260,sh,十年国债ETF国泰
2025-02-11,132.297,132.379,132.445,132.272,62959.0,511260,sh,十年国债ETF国泰
2025-02-12,132.425,132.377,132.43,132.337,68662.0,511260,sh,十年国债ETF国泰
2025-02-13,132.377,132.343,132.416,132.295,133195.0,511260,sh,十年国债ETF国泰
2025-02-14,132.312,132.129,132.314,132.057,166831.0,511260,sh,十年国债ETF国泰
2025-02-17,132.123,131.756,132.123,131.746,29251.0,511260,sh,十年国债ETF国泰
2025-02-18,131.733,131.628,131.81,131.267,176844.0,511260,sh,十年国债ETF国泰
2025-02-19,131.726,131.766,131.826,131.567,173722.0,511260,sh,十年国债ETF国泰
2025-02-20,131.773,131.631,131.792,131.431,151282.0,511260,sh,十年国债ETF国泰
2025-02-21,131.447,131.354,131.566,131.256,163368.0,511260,sh,十年国债ETF国泰
2025-02-24,131.173,130.757,131.262,130.638,172149.0,511260,sh,十年国债ETF国泰
2025-02-25,131.025,130.864,131.198,130.527,28427.0,511260,sh,十年国债ETF国泰
2025-02-26,130.982,131.213,131.324,130.982,175506.0,511260,sh,十年国债ETF国泰
2025-02-27,131.162,130.975,131.203,130.953,185219.0,511260,sh,十年国债ETF国泰
2025-02-28,130.967,131.182,131.967,130.817,23356.0,511260,sh,十年国债ETF国泰
2025-03-03,131.15,131.359,131.367,131.018,166323.0,511260,sh,十年国债ETF国泰
2025-03-04,131.462,131.312,131.62,131.237,22262.0,511260,sh,十年国债ETF国泰
2025-03-05,131.345,131.335,131.455,131.302,155145.0,511260,sh,十年国债ETF国泰
2025-03-06,131.237,130.996,131.246,130.944,168750.0,511260,sh,十年国债ETF国泰
2025-03-07,130.944,130.617,130.944,130.431,29238.0,511260,sh,十年国债ETF国泰
2025-03-10,130.409,130.322,130.656,130.267,37935.0,511260,sh,十年国债ETF国泰
2025-03-11,130.327,129.804,130.404,129.727,27253.0,511260,sh,十年国债ETF国泰
2025-03-12,129.667,130.313,130.367,129.388,172291.0,511260,sh,十年国债ETF国泰
2025-03-13,130.134,130.175,130.341,129.99,29679.0,511260,sh,十年国债ETF国泰
2025-03-14,130.022,129.968,130.149,129.747,37399.0,511260,sh,十年国债ETF国泰
2025-03-17,129.833,129.566,129.885,129.533,23726.0,511260,sh,十年国债ETF国泰
2025-03-18,129.517,129.549,129.712,129.448,28981.0,511260,sh,十年国债ETF国泰
2025-03-19,129.645,129.664,129.747,129.611,15617.0,511260,sh,十年国债ETF国泰
2025-03-20,129.867,130.218,130.299,129.867,31390.0,511260,sh,十年国债ETF国泰
2025-03-21,130.27,130.216,130.299,130.071,22759.0,511260,sh,十年国债ETF国泰
2025-03-24,130.135,130.069,130.17,129.956,107852.0,511260,sh,十年国债ETF国泰
2025-03-25,130.44,130.389,130.458,130.31,58093.0,511260,sh,十年国债ETF国泰
2025-03-26,130.288,130.499,130.519,130.136,18606.0,511260,sh,十年国债ETF国泰
2025-03-27,130.491,130.553,130.582,130.456,26822.0,511260,sh,十年国债ETF国泰
2025-03-28,130.443,130.374,130.552,130.367,24064.0,511260,sh,十年国债ETF国泰
2025-03-31,130.368,130.356,130.524,130.325,33028.0,511260,sh,十年国债ETF国泰
2025-04-01,130.418,130.376,130.503,130.278,36362.0,511260,sh,十年国债ETF国泰
2025-04-02,130.391,130.569,130.587,130.38,43622.0,511260,sh,十年国债ETF国泰
2025-04-03,131.166,131.385,131.413,130.861,33503.0,511260,sh,十年国债ETF国泰
2025-04-07,132.364,132.265,132.364,131.887,38428.0,511260,sh,十年国债ETF国泰
2025-04-08,131.992,131.86,132.08,131.785,54515.0,511260,sh,十年国债ETF国泰
2025-04-09,131.987,131.959,132.205,131.867,30589.0,511260,sh,十年国债ETF国泰
2025-04-10,131.867,131.974,132.007,131.569,74001.0,511260,sh,十年国债ETF国泰
2025-04-11,132.096,131.951,132.16,131.888,27658.0,511260,sh,十年国债ETF国泰
2025-04-14,131.864,131.951,131.955,131.719,165458.0,511260,sh,十年国债ETF国泰
2025-04-15,131.971,132.044,132.06,131.951,73978.0,511260,sh,十年国债ETF国泰
2025-04-16,132.084,132.226,132.267,132.084,162333.0,511260,sh,十年国债ETF国泰
2025-04-17,132.227,132.192,132.264,132.148,182426.0,511260,sh,十年国债ETF国泰
2025-04-18,132.181,132.115,132.246,132.047,162689.0,511260,sh,十年国债ETF国泰
2025-04-21,132.113,131.974,132.115,131.965,25386.0,511260,sh,十年国债ETF国泰
2025-04-22,132.005,132.106,132.107,132.005,40676.0,511260,sh,十年国债ETF国泰
2025-04-23,131.996,131.967,132.005,131.852,30394.0,511260,sh,十年国债ETF国泰
2025-04-24,132.038,131.885,132.052,131.87,93908.0,511260,sh,十年国债ETF国泰
2025-04-25,131.967,131.963,132.024,131.895,125705.0,511260,sh,十年国债ETF国泰
2025-04-28,132.009,132.053,132.085,131.984,40502.0,511260,sh,十年国债ETF国泰
2025-04-29,132.157,132.369,132.391,132.131,29479.0,511260,sh,十年国债ETF国泰
2025-04-30,132.307,132.413,132.443,132.264,25847.0,511260,sh,十年国债ETF国泰
2025-05-06,132.387,132.367,132.417,132.288,16319.0,511260,sh,十年国债ETF国泰
2025-05-07,132.429,132.253,132.429,132.158,141903.0,511260,sh,十年国债ETF国泰
2025-05-08,132.301,132.361,132.495,132.301,92664.0,511260,sh,十年国债ETF国泰
2025-05-09,132.417,132.459,132.487,132.397,169586.0,511260,sh,十年国债ETF国泰
2025-05-12,132.346,132.321,132.43,132.209,20109.0,511260,sh,十年国债ETF国泰
2025-05-13,132.059,132.151,132.166,131.867,26176.0,511260,sh,十年国债ETF国泰
2025-05-14,132.177,132.042,132.182,132.017,147480.0,511260,sh,十年国债ETF国泰
2025-05-15,132.05,132.016,132.095,131.99,24552.0,511260,sh,十年国债ETF国泰
2025-05-16,131.912,131.915,131.999,131.868,19687.0,511260,sh,十年国债ETF国泰
2025-05-19,131.935,131.991,132.005,131.915,113339.0,511260,sh,十年国债ETF国泰
2025-05-20,132.107,132.072,132.12,132.018,72267.0,511260,sh,十年国债ETF国泰
2025-05-21,132.075,132.116,132.121,132.05,25837.0,511260,sh,十年国债ETF国泰
2025-05-22,132.082,132.077,132.122,132.052,21383.0,511260,sh,十年国债ETF国泰
2025-05-23,132.027,132.07,132.077,131.941,23457.0,511260,sh,十年国债ETF国泰
2025-05-26,132.149,132.095,132.149,132.051,42036.0,511260,sh,十年国债ETF国泰
2025-05-27,132.084,132.053,132.107,132.036,28655.0,511260,sh,十年国债ETF国泰
2025-05-28,132.029,132.012,132.063,131.988,9807.0,511260,sh,十年国债ETF国泰
2025-05-29,131.938,131.875,132.029,131.839,39526.0,511260,sh,十年国债ETF国泰
2025-05-30,132.007,131.991,132.026,131.932,156779.0,511260,sh,十年国债ETF国泰
2025-06-03,132.056,132.013,132.056,131.952,104790.0,511260,sh,十年国债ETF国泰
2025-06-04,132.081,132.064,132.081,132.011,19519.0,511260,sh,十年国债ETF国泰
2025-06-05,132.065,132.097,132.133,132.01,107259.0,511260,sh,十年国债ETF国泰
2025-06-06,132.167,132.206,132.208,132.126,153549.0,511260,sh,十年国债ETF国泰
2025-06-09,132.322,132.364,132.407,132.214,292156.0,511260,sh,十年国债ETF国泰
2025-06-10,132.371,132.418,132.436,132.371,562360.0,511260,sh,十年国债ETF国泰
2025-06-11,132.468,132.529,132.547,132.434,365515.0,511260,sh,十年国债ETF国泰
2025-06-12,132.545,132.52,132.549,132.466,457896.0,511260,sh,十年国债ETF国泰
2025-06-13,132.52,132.514,132.567,132.457,338833.0,511260,sh,十年国债ETF国泰
2025-06-16,132.522,132.547,132.562,132.485,342682.0,511260,sh,十年国债ETF国泰
2025-06-17,132.555,132.678,132.687,132.505,559023.0,511260,sh,十年国债ETF国泰
2025-06-18,132.667,132.67,132.687,132.612,605922.0,511260,sh,十年国债ETF国泰
2025-06-19,132.743,132.696,132.743,132.657,688683.0,511260,sh,十年国债ETF国泰
2025-06-20,132.627,132.73,132.733,132.627,819505.0,511260,sh,十年国债ETF国泰
2025-06-23,132.73,132.699,132.77,132.697,406761.0,511260,sh,十年国债ETF国泰
2025-06-24,132.695,132.64,132.695,132.636,688229.0,511260,sh,十年国债ETF国泰
2025-06-25,132.567,132.517,132.684,132.509,562944.0,511260,sh,十年国债ETF国泰
2025-06-26,132.508,132.518,132.567,132.467,179274.0,511260,sh,十年国债ETF国泰
2025-06-27,132.541,132.651,132.657,132.53,600212.0,511260,sh,十年国债ETF国泰
2025-06-30,132.617,132.503,132.617,132.502,303264.0,511260,sh,十年国债ETF国泰
2025-07-01,132.536,132.595,132.595,132.526,380392.0,511260,sh,十年国债ETF国泰
2025-07-02,132.664,132.747,132.747,132.655,642623.0,511260,sh,十年国债ETF国泰
2025-07-03,132.747,132.771,132.786,132.701,608899.0,511260,sh,十年国债ETF国泰
2025-07-04,132.782,132.79,132.815,132.758,529157.0,511260,sh,十年国债ETF国泰
2025-07-07,132.77,132.805,132.811,132.77,561853.0,511260,sh,十年国债ETF国泰
2025-07-08,132.804,132.734,132.804,132.699,379431.0,511260,sh,十年国债ETF国泰
2025-07-09,132.707,132.699,132.816,132.667,304051.0,511260,sh,十年国债ETF国泰
2025-07-10,132.724,132.527,132.724,132.477,538806.0,511260,sh,十年国债ETF国泰
2025-07-11,132.522,132.475,132.549,132.358,233512.0,511260,sh,十年国债ETF国泰
2025-07-14,132.445,132.372,132.445,132.275,233196.0,511260,sh,十年国债ETF国泰
2025-07-15,132.465,132.604,132.617,132.422,398381.0,511260,sh,十年国债ETF国泰
2025-07-16,132.634,132.615,132.665,132.567,621008.0,511260,sh,十年国债ETF国泰
2025-07-17,132.615,132.614,132.645,132.547,455440.0,511260,sh,十年国债ETF国泰
2025-07-18,132.597,132.533,132.597,132.492,749791.0,511260,sh,十年国债ETF国泰
2025-07-21,132.517,132.407,132.517,132.323,454465.0,511260,sh,十年国债ETF国泰
2025-07-22,132.433,132.276,132.48,132.272,596709.0,511260,sh,十年国债ETF国泰
2025-07-23,132.169,132.211,132.275,131.968,311357.0,511260,sh,十年国债ETF国泰
2025-07-24,132.148,131.866,132.148,131.863,556043.0,511260,sh,十年国债ETF国泰
2025-07-25,131.838,131.691,131.938,131.688,237392.0,511260,sh,十年国债ETF国泰
2025-07-28,131.986,132.04,132.064,131.808,376467.0,511260,sh,十年国债ETF国泰
2025-07-29,131.927,131.724,132.035,131.717,549107.0,511260,sh,十年国债ETF国泰
2025-07-30,131.815,131.95,131.961,131.637,214600.0,511260,sh,十年国债ETF国泰
2025-07-31,132.06,132.213,132.225,132.007,399151.0,511260,sh,十年国债ETF国泰
2025-08-01,132.12,132.209,132.287,132.017,520269.0,511260,sh,十年国债ETF国泰
2025-08-04,132.297,132.212,132.397,132.197,485940.0,511260,sh,十年国债ETF国泰
2025-08-05,132.208,132.228,132.263,132.105,354105.0,511260,sh,十年国债ETF国泰
2025-08-06,132.232,132.306,132.327,132.207,489485.0,511260,sh,十年国债ETF国泰
2025-08-07,132.37,132.345,132.427,132.277,437989.0,511260,sh,十年国债ETF国泰
2025-08-08,132.437,132.398,132.437,132.324,658046.0,511260,sh,十年国债ETF国泰
2025-08-11,132.418,132.129,132.42,132.117,511344.0,511260,sh,十年国债ETF国泰
2025-08-12,132.072,132.021,132.196,131.939,190842.0,511260,sh,十年国债ETF国泰
2025-08-13,131.977,132.087,132.101,131.894,552991.0,511260,sh,十年国债ETF国泰
2025-08-14,132.117,131.939,132.117,131.86,192586.0,511260,sh,十年国债ETF国泰
2025-08-15,132.057,131.913,132.057,131.894,515098.0,511260,sh,十年国债ETF国泰
2025-08-18,131.789,131.43,131.857,131.378,211584.0,511260,sh,十年国债ETF国泰
2025-08-19,131.449,131.488,131.532,131.367,343474.0,511260,sh,十年国债ETF国泰
2025-08-20,131.615,131.356,131.671,131.31,783200.0,511260,sh,十年国债ETF国泰
2025-08-21,131.401,131.387,131.417,131.209,294586.0,511260,sh,十年国债ETF国泰
2025-08-22,131.44,131.336,131.577,131.297,90271.0,511260,sh,十年国债ETF国泰
2025-08-25,131.382,131.551,131.607,131.297,198559.0,511260,sh,十年国债ETF国泰
2025-08-26,131.683,131.642,131.703,131.547,169666.0,511260,sh,十年国债ETF国泰
2025-08-27,131.642,131.732,131.737,131.568,179199.0,511260,sh,十年国债ETF国泰
2025-08-28,131.732,131.435,131.732,131.427,247614.0,511260,sh,十年国债ETF国泰
2025-08-29,131.475,131.479,131.553,131.421,590411.0,511260,sh,十年国债ETF国泰
2025-09-01,131.477,131.586,131.599,131.429,383547.0,511260,sh,十年国债ETF国泰
2025-09-02,131.6,131.593,131.643,131.522,209460.0,511260,sh,十年国债ETF国泰
2025-09-03,131.657,131.707,131.747,131.597,409815.0,511260,sh,十年国债ETF国泰
2025-09-04,131.777,131.987,132.044,131.769,286688.0,511260,sh,十年国债ETF国泰
2025-09-05,131.937,131.598,131.937,131.557,240853.0,511260,sh,十年国债ETF国泰
2025-09-08,131.567,131.464,131.579,131.43,202174.0,511260,sh,十年国债ETF国泰
2025-09-09,131.497,131.398,131.518,131.378,242319.0,511260,sh,十年国债ETF国泰
2025-09-10,131.386,131.096,131.412,131.052,320109.0,511260,sh,十年国债ETF国泰
2025-09-11,131.187,131.168,131.261,130.987,172163.0,511260,sh,十年国债ETF国泰
2025-09-12,131.1,131.392,131.422,131.1,232527.0,511260,sh,十年国债ETF国泰
2025-09-15,131.468,131.49,131.517,131.4,347952.0,511260,sh,十年国债ETF国泰
2025-09-16,131.477,131.554,131.593,131.217,308135.0,511260,sh,十年国债ETF国泰
2025-09-17,131.642,131.733,131.755,131.533,362383.0,511260,sh,十年国债ETF国泰
2025-09-18,131.706,131.705,131.733,131.602,310865.0,511260,sh,十年国债ETF国泰
2025-09-19,131.729,131.518,131.793,131.414,215367.0,511260,sh,十年国债ETF国泰
2025-09-22,131.491,131.527,131.725,131.478,86876.0,511260,sh,十年国债ETF国泰
2025-09-23,131.517,131.352,131.534,131.258,311727.0,511260,sh,十年国债ETF国泰
2025-09-24,131.482,131.135,131.482,131.107,337717.0,511260,sh,十年国债ETF国泰
2025-09-25,131.136,131.093,131.136,130.867,133457.0,511260,sh,十年国债ETF国泰
2025-09-26,131.217,131.286,131.325,131.156,59440.0,511260,sh,十年国债ETF国泰
2025-09-29,131.316,131.221,131.363,131.123,243711.0,511260,sh,十年国债ETF国泰
2025-09-30,131.395,131.481,131.512,131.251,147995.0,511260,sh,十年国债ETF国泰
2025-10-09,131.557,131.611,131.664,131.429,326256.0,511260,sh,十年国债ETF国泰
2025-10-10,131.675,131.542,131.726,131.527,253625.0,511260,sh,十年国债ETF国泰
2025-10-13,131.743,131.674,131.807,131.558,291334.0,511260,sh,十年国债ETF国泰
2025-10-14,131.617,131.906,131.909,131.534,390591.0,511260,sh,十年国债ETF国泰
2025-10-15,131.917,131.836,131.917,131.784,331538.0,511260,sh,十年国债ETF国泰
2025-10-16,131.907,131.941,131.953,131.837,248718.0,511260,sh,十年国债ETF国泰
2025-10-17,131.996,132.153,132.154,131.981,256402.0,511260,sh,十年国债ETF国泰
2025-10-20,132.135,131.906,132.135,131.861,408612.0,511260,sh,十年国债ETF国泰
2025-10-21,131.827,131.898,131.924,131.816,401996.0,511260,sh,十年国债ETF国泰
2025-10-22,131.964,131.913,131.964,131.842,404081.0,511260,sh,十年国债ETF国泰
2025-10-23,131.988,131.813,131.988,131.805,337832.0,511260,sh,十年国债ETF国泰
2025-10-24,131.803,131.749,131.828,131.741,485577.0,511260,sh,十年国债ETF国泰
2025-10-27,131.707,131.899,131.916,131.647,672103.0,511260,sh,十年国债ETF国泰
2025-10-28,132.127,132.286,132.306,132.082,493251.0,511260,sh,十年国债ETF国泰
2025-10-29,132.285,132.286,132.344,132.183,694760.0,511260,sh,十年国债ETF国泰
2025-10-30,132.286,132.432,132.454,132.229,504358.0,511260,sh,十年国债ETF国泰
2025-10-31,132.476,132.514,132.555,132.436,347486.0,511260,sh,十年国债ETF国泰
2025-11-03,132.514,132.533,132.546,132.48,600315.0,511260,sh,十年国债ETF国泰
2025-11-04,132.587,132.581,132.587,132.508,542653.0,511260,sh,十年国债ETF国泰
2025-11-05,132.68,132.579,132.73,132.556,302820.0,511260,sh,十年国债ETF国泰
2025-11-06,132.57,132.439,132.586,132.399,561481.0,511260,sh,十年国债ETF国泰
2025-11-07,132.48,132.413,132.497,132.4,437542.0,511260,sh,十年国债ETF国泰
2025-11-10,132.377,132.36,132.426,132.326,603336.0,511260,sh,十年国债ETF国泰
2025-11-11,132.387,132.285,132.41,132.282,451815.0,511260,sh,十年国债ETF国泰
2025-11-12,132.327,132.388,132.396,132.29,601692.0,511260,sh,十年国债ETF国泰
2025-11-13,132.388,132.294,132.391,132.261,395819.0,511260,sh,十年国债ETF国泰
2025-11-14,132.317,132.368,132.372,132.307,295203.0,511260,sh,十年国债ETF国泰
2025-11-17,132.41,132.48,132.494,132.369,82844.0,511260,sh,十年国债ETF国泰
2025-11-18,132.543,132.51,132.546,132.449,441348.0,511260,sh,十年国债ETF国泰
2025-11-19,132.392,132.455,132.491,132.392,327844.0,511260,sh,十年国债ETF国泰
2025-11-20,132.413,132.491,132.513,132.413,390089.0,511260,sh,十年国债ETF国泰
2025-11-21,132.495,132.464,132.537,132.408,245943.0,511260,sh,十年国债ETF国泰
2025-11-24,132.454,132.478,132.501,132.394,157044.0,511260,sh,十年国债ETF国泰
2025-11-25,132.462,132.358,132.465,132.347,468376.0,511260,sh,十年国债ETF国泰
2025-11-26,132.362,132.052,132.364,132.049,173995.0,511260,sh,十年国债ETF国泰
2025-11-27,132.177,132.067,132.177,132.046,163665.0,511260,sh,十年国债ETF国泰
2025-11-28,132.098,132.088,132.124,132.014,319677.0,511260,sh,十年国债ETF国泰
2025-12-01,132.127,132.208,132.223,132.032,190596.0,511260,sh,十年国债ETF国泰
2025-12-02,132.226,132.131,132.226,132.112,434557.0,511260,sh,十年国债ETF国泰
2025-12-03,132.147,132.196,132.225,132.131,371634.0,511260,sh,十年国债ETF国泰
2025-12-04,132.027,131.775,132.077,131.768,68794.0,511260,sh,十年国债ETF国泰
2025-12-05,131.832,132.01,132.062,131.821,493386.0,511260,sh,十年国债ETF国泰
2025-12-08,132.027,132.004,132.087,131.911,494488.0,511260,sh,十年国债ETF国泰
2025-12-09,132.147,132.206,132.215,132.068,326353.0,511260,sh,十年国债ETF国泰
2025-12-10,132.123,132.199,132.286,132.123,343113.0,511260,sh,十年国债ETF国泰
2025-12-11,132.263,132.332,132.343,132.228,299099.0,511260,sh,十年国债ETF国泰
2025-12-12,132.425,132.239,132.425,132.171,197207.0,511260,sh,十年国债ETF国泰
2025-12-15,132.105,131.966,132.201,131.911,102888.0,511260,sh,十年国债ETF国泰
2025-12-16,131.961,131.986,132.058,131.94,363226.0,511260,sh,十年国债ETF国泰
2025-12-17,132.186,132.138,132.186,132.034,349912.0,511260,sh,十年国债ETF国泰
2025-12-18,132.077,132.168,132.238,131.876,467631.0,511260,sh,十年国债ETF国泰
2025-12-19,132.205,132.252,132.253,132.166,350459.0,511260,sh,十年国债ETF国泰
2025-12-22,132.298,132.12,132.3,132.063,185824.0,511260,sh,十年国债ETF国泰
2025-12-23,132.143,132.441,132.47,132.067,386210.0,511260,sh,十年国债ETF国泰
2025-12-24,132.329,132.361,132.427,132.329,472718.0,511260,sh,十年国债ETF国泰
2025-12-25,132.426,132.403,132.427,132.368,491143.0,511260,sh,十年国债ETF国泰
2025-12-26,132.41,132.335,132.448,132.303,457391.0,511260,sh,十年国债ETF国泰
2025-12-29,132.332,131.928,132.332,131.861,62189.0,511260,sh,十年国债ETF国泰
2025-12-30,131.982,131.873,132.007,131.81,402847.0,511260,sh,十年国债ETF国泰
2025-12-31,131.911,131.888,131.953,131.723,536951.0,511260,sh,十年国债ETF国泰
2026-01-05,131.966,131.803,131.969,131.784,524170.0,511260,sh,十年国债ETF国泰
2026-01-06,131.76,131.621,131.76,131.571,190074.0,511260,sh,十年国债ETF国泰
2026-01-07,131.598,131.588,131.698,131.488,386045.0,511260,sh,十年国债ETF国泰
2026-01-08,131.593,131.794,131.804,131.586,208953.0,511260,sh,十年国债ETF国泰
2026-01-09,131.858,131.92,131.97,131.748,57046.0,511260,sh,十年国债ETF国泰
2026-01-12,131.92,131.933,132.031,131.833,34103.0,511260,sh,十年国债ETF国泰
2026-01-13,131.88,132.046,132.07,131.88,31188.0,511260,sh,十年国债ETF国泰
2026-01-14,132.117,132.104,132.12,131.953,325177.0,511260,sh,十年国债ETF国泰
2026-01-15,132.167,132.207,132.353,132.11,156128.0,511260,sh,十年国债ETF国泰
2026-01-16,132.226,132.292,132.326,132.141,48058.0,511260,sh,十年国债ETF国泰
2026-01-19,132.385,132.326,132.388,132.263,331370.0,511260,sh,十年国债ETF国泰
2026-01-20,132.36,132.587,132.609,132.327,355575.0,511260,sh,十年国债ETF国泰
2026-01-21,132.492,132.71,132.734,132.492,242783.0,511260,sh,十年国债ETF国泰
2026-01-22,132.69,132.636,132.69,132.594,279631.0,511260,sh,十年国债ETF国泰
2026-01-23,132.591,132.637,132.717,132.582,535324.0,511260,sh,十年国债ETF国泰
2026-01-26,132.665,132.694,132.754,132.542,77686.0,511260,sh,十年国债ETF国泰
2026-01-27,132.682,132.645,132.74,132.577,526870.0,511260,sh,十年国债ETF国泰
2026-01-28,132.655,132.73,132.738,132.607,458023.0,511260,sh,十年国债ETF国泰
2026-01-29,132.83,132.79,132.936,132.77,432636.0,511260,sh,十年国债ETF国泰
2026-01-30,132.786,132.853,132.954,132.786,494424.0,511260,sh,十年国债ETF国泰
2026-02-02,132.856,132.86,132.956,132.812,416748.0,511260,sh,十年国债ETF国泰
2026-02-03,132.859,132.84,132.86,132.765,445546.0,511260,sh,十年国债ETF国泰
2026-02-04,132.853,132.792,132.87,132.356,564512.0,511260,sh,十年国债ETF国泰
2026-02-05,132.856,132.976,132.978,132.775,292821.0,511260,sh,十年国债ETF国泰
2026-02-06,133.072,133.087,133.104,133.003,401436.0,511260,sh,十年国债ETF国泰
2026-02-09,133.003,133.145,133.145,133.002,470738.0,511260,sh,十年国债ETF国泰
2026-02-10,133.141,133.176,133.193,133.113,554809.0,511260,sh,十年国债ETF国泰
2026-02-11,133.2,133.264,133.285,133.199,142699.0,511260,sh,十年国债ETF国泰
2026-02-12,133.318,133.368,133.386,133.26,20748.0,511260,sh,十年国债ETF国泰
2026-02-13,133.446,133.318,133.459,133.2,61125.0,511260,sh,十年国债ETF国泰
2026-02-24,133.311,133.307,133.358,133.282,255689.0,511260,sh,十年国债ETF国泰
2026-02-25,133.317,133.091,133.349,133.073,274135.0,511260,sh,十年国债ETF国泰
2026-02-26,133.09,132.911,133.09,132.873,79145.0,511260,sh,十年国债ETF国泰
2026-02-27,132.99,133.061,133.071,132.89,504737.0,511260,sh,十年国债ETF国泰
2026-03-02,133.075,133.229,133.239,133.075,176491.0,511260,sh,十年国债ETF国泰
2026-03-03,133.231,133.293,133.31,133.205,549088.0,511260,sh,十年国债ETF国泰
2026-03-04,133.295,133.304,133.317,133.23,187873.0,511260,sh,十年国债ETF国泰
2026-03-05,133.36,133.303,133.426,133.272,578321.0,511260,sh,十年国债ETF国泰
2026-03-06,133.331,133.347,133.364,133.3,541188.0,511260,sh,十年国债ETF国泰
2026-03-09,133.32,133.023,133.32,132.958,389008.0,511260,sh,十年国债ETF国泰
2026-03-10,133.093,133.056,133.12,132.947,653547.0,511260,sh,十年国债ETF国泰
2026-03-11,133.045,133.05,133.054,132.975,649015.0,511260,sh,十年国债ETF国泰
2026-03-12,133.05,133.109,133.121,133.006,647699.0,511260,sh,十年国债ETF国泰
2026-03-13,133.108,133.093,133.139,133.048,651179.0,511260,sh,十年国债ETF国泰
2026-03-16,133.01,132.842,133.024,132.814,225550.0,511260,sh,十年国债ETF国泰
2026-03-17,132.904,132.908,132.917,132.862,738423.0,511260,sh,十年国债ETF国泰
2026-03-18,132.947,133.096,133.102,132.891,47916.0,511260,sh,十年国债ETF国泰
2026-03-19,133.029,133.146,133.178,132.991,385365.0,511260,sh,十年国债ETF国泰
2026-03-20,133.134,133.0,133.143,132.979,225350.0,511260,sh,十年国债ETF国泰
2026-03-23,133.0,132.864,133.022,132.847,55259.0,511260,sh,十年国债ETF国泰
2026-03-24,132.959,132.971,132.987,132.856,582925.0,511260,sh,十年国债ETF国泰
2026-03-25,132.971,133.051,133.135,132.971,506535.0,511260,sh,十年国债ETF国泰
2026-03-26,133.054,133.146,133.16,133.054,333294.0,511260,sh,十年国债ETF国泰
2026-03-27,133.127,133.137,133.193,133.108,370282.0,511260,sh,十年国债ETF国泰
2026-03-30,133.227,133.296,133.298,133.151,122561.0,511260,sh,十年国债ETF国泰
2026-03-31,133.298,133.325,133.356,133.278,538081.0,511260,sh,十年国债ETF国泰
2026-04-01,133.321,133.17,133.321,133.147,364908.0,511260,sh,十年国债ETF国泰
2026-04-02,133.176,133.235,133.257,133.122,713797.0,511260,sh,十年国债ETF国泰
2026-04-03,133.23,133.241,133.301,133.217,197616.0,511260,sh,十年国债ETF国泰
2026-04-07,133.241,133.294,133.348,133.238,616109.0,511260,sh,十年国债ETF国泰
2026-04-08,133.222,133.282,133.299,133.181,204276.0,511260,sh,十年国债ETF国泰
2026-04-09,133.296,133.356,133.397,133.282,383277.0,511260,sh,十年国债ETF国泰
2026-04-10,133.359,133.372,133.4,133.303,418751.0,511260,sh,十年国债ETF国泰
2026-04-13,133.383,133.464,133.47,133.362,255090.0,511260,sh,十年国债ETF国泰
2026-04-14,133.464,133.677,133.75,133.464,454630.0,511260,sh,十年国债ETF国泰
2026-04-15,133.631,133.696,133.729,133.569,289180.0,511260,sh,十年国债ETF国泰
2026-04-16,133.196,133.713,133.808,133.196,452432.0,511260,sh,十年国债ETF国泰
2026-04-17,133.71,133.909,133.914,133.696,566136.0,511260,sh,十年国债ETF国泰
2026-04-20,133.943,133.92,134.043,133.913,210288.0,511260,sh,十年国债ETF国泰
2026-04-21,133.931,133.981,134.041,133.931,406313.0,511260,sh,十年国债ETF国泰
2026-04-22,134.099,134.152,134.202,134.058,542130.0,511260,sh,十年国债ETF国泰
2026-04-23,134.126,134.059,134.138,134.014,477190.0,511260,sh,十年国债ETF国泰
2026-04-24,134.013,133.952,134.12,133.933,299177.0,511260,sh,十年国债ETF国泰
2026-04-27,133.83,133.663,133.925,133.635,101116.0,511260,sh,十年国债ETF国泰
2026-04-28,133.771,133.855,133.887,133.724,113821.0,511260,sh,十年国债ETF国泰
2026-04-29,133.861,133.93,133.93,133.811,476695.0,511260,sh,十年国债ETF国泰
2026-04-30,133.956,133.931,133.999,133.86,274570.0,511260,sh,十年国债ETF国泰
2026-05-06,133.93,133.803,133.93,133.699,109064.0,511260,sh,十年国债ETF国泰
2026-05-07,133.834,133.819,133.873,133.774,328205.0,511260,sh,十年国债ETF国泰
2026-05-08,133.914,133.907,133.974,133.871,117634.0,511260,sh,十年国债ETF国泰
2026-05-11,133.9,133.96,133.968,133.793,137626.0,511260,sh,十年国债ETF国泰
2026-05-12,133.951,134.087,134.105,133.931,205573.0,511260,sh,十年国债ETF国泰
2026-05-13,134.065,134.141,134.171,134.047,53058.0,511260,sh,十年国债ETF国泰
2026-05-14,134.141,134.101,134.182,134.052,77345.0,511260,sh,十年国债ETF国泰
2026-05-15,134.101,134.145,134.182,134.1,231287.0,511260,sh,十年国债ETF国泰
2026-05-18,134.141,134.227,134.243,134.009,476651.0,511260,sh,十年国债ETF国泰
2026-05-19,134.274,134.377,134.411,134.231,574926.0,511260,sh,十年国债ETF国泰
2026-05-20,134.361,134.378,134.447,134.313,160848.0,511260,sh,十年国债ETF国泰
2026-05-21,134.381,134.253,134.446,134.215,204402.0,511260,sh,十年国债ETF国泰
2026-05-22,134.281,134.206,134.298,134.187,459617.0,511260,sh,十年国债ETF国泰
2026-05-25,134.251,134.26,134.265,134.184,269782.0,511260,sh,十年国债ETF国泰
2026-05-26,134.276,134.324,134.328,134.263,234497.0,511260,sh,十年国债ETF国泰
2026-05-27,134.401,134.516,134.524,134.383,416965.0,511260,sh,十年国债ETF国泰
2026-05-28,134.611,134.706,134.721,134.545,375300.0,511260,sh,十年国债ETF国泰
2026-05-29,134.654,134.739,134.782,134.613,96185.0,511260,sh,十年国债ETF国泰
2026-06-01,134.747,134.822,134.862,134.672,93115.0,511260,sh,十年国债ETF国泰
2026-06-02,134.792,134.871,134.887,134.782,103269.0,511260,sh,十年国债ETF国泰
2026-06-03,134.813,134.809,134.852,134.776,273288.0,511260,sh,十年国债ETF国泰
2026-06-04,134.809,134.864,134.886,134.682,397208.0,511260,sh,十年国债ETF国泰
2026-06-05,134.889,134.802,134.9,134.766,192955.0,511260,sh,十年国债ETF国泰
2026-06-08,134.792,134.63,134.8,134.571,217973.0,511260,sh,十年国债ETF国泰
2026-06-09,134.62,134.481,134.632,134.472,503967.0,511260,sh,十年国债ETF国泰
2026-06-10,134.539,134.384,134.579,134.376,500305.0,511260,sh,十年国债ETF国泰
2026-06-11,134.38,134.242,134.384,134.232,290604.0,511260,sh,十年国债ETF国泰
2026-06-12,134.297,134.313,134.337,134.212,534708.0,511260,sh,十年国债ETF国泰
2026-06-15,134.361,134.402,134.456,134.31,53920.0,511260,sh,十年国债ETF国泰
2026-06-16,134.43,134.569,134.572,134.403,234636.0,511260,sh,十年国债ETF国泰
2026-06-17,134.568,134.702,134.706,134.538,432164.0,511260,sh,十年国债ETF国泰
2026-06-18,134.702,134.715,134.745,134.663,457150.0,511260,sh,十年国债ETF国泰
2026-06-22,134.652,134.692,134.705,134.582,100651.0,511260,sh,十年国债ETF国泰
2026-06-23,134.677,134.518,134.697,134.516,342832.0,511260,sh,十年国债ETF国泰
2026-06-24,134.56,134.643,134.686,134.56,221470.0,511260,sh,十年国债ETF国泰
2026-06-25,134.7,134.743,134.85,134.662,72565.0,511260,sh,十年国债ETF国泰
2026-06-26,134.757,134.796,134.824,134.736,126224.0,511260,sh,十年国债ETF国泰
2026-06-29,134.886,134.97,134.977,134.886,120068.0,511260,sh,十年国债ETF国泰
2026-06-30,134.989,134.854,135.01,134.846,110394.0,511260,sh,十年国债ETF国泰
2026-07-01,134.849,134.661,134.849,134.65,353919.0,511260,sh,十年国债ETF国泰
2026-07-02,134.682,134.766,134.78,134.646,457291.0,511260,sh,十年国债ETF国泰
2026-07-03,134.749,134.731,134.778,134.698,201198.0,511260,sh,十年国债ETF国泰
