date,open,close,high,low,volume,code,market,name
2020-01-02,2.269,2.291,2.303,2.269,179182.0,510100,sh,上证50ETF易方达
2020-01-03,2.293,2.284,2.296,2.274,181509.0,510100,sh,上证50ETF易方达
2020-01-06,2.269,2.269,2.293,2.25,124086.0,510100,sh,上证50ETF易方达
2020-01-07,2.269,2.276,2.284,2.264,67370.0,510100,sh,上证50ETF易方达
2020-01-08,2.264,2.25,2.267,2.243,115322.0,510100,sh,上证50ETF易方达
2020-01-09,2.257,2.274,2.276,2.257,139232.0,510100,sh,上证50ETF易方达
2020-01-10,2.274,2.269,2.286,2.267,142518.0,510100,sh,上证50ETF易方达
2020-01-13,2.286,2.291,2.293,2.262,192462.0,510100,sh,上证50ETF易方达
2020-01-14,2.288,2.284,2.305,2.281,112796.0,510100,sh,上证50ETF易方达
2020-01-15,2.288,2.267,2.288,2.26,119570.0,510100,sh,上证50ETF易方达
2020-01-16,2.264,2.26,2.269,2.252,95683.0,510100,sh,上证50ETF易方达
2020-01-17,2.264,2.267,2.279,2.257,122663.0,510100,sh,上证50ETF易方达
2020-01-20,2.276,2.279,2.284,2.267,117498.0,510100,sh,上证50ETF易方达
2020-01-21,2.286,2.24,2.286,2.236,102705.0,510100,sh,上证50ETF易方达
2020-01-22,2.243,2.248,2.252,2.204,144608.0,510100,sh,上证50ETF易方达
2020-01-23,2.216,2.183,2.228,2.159,207348.0,510100,sh,上证50ETF易方达
2020-02-03,1.936,1.976,2.034,1.936,122492.0,510100,sh,上证50ETF易方达
2020-02-04,1.976,2.072,2.072,1.976,133687.0,510100,sh,上证50ETF易方达
2020-02-05,2.072,2.084,2.096,2.058,127242.0,510100,sh,上证50ETF易方达
2020-02-06,2.087,2.116,2.128,2.065,98402.0,510100,sh,上证50ETF易方达
2020-02-07,2.108,2.116,2.116,2.087,114238.0,510100,sh,上证50ETF易方达
2020-02-10,2.094,2.118,2.12,2.089,95170.0,510100,sh,上证50ETF易方达
2020-02-11,2.118,2.144,2.156,2.118,130487.0,510100,sh,上证50ETF易方达
2020-02-12,2.144,2.154,2.159,2.14,117152.0,510100,sh,上证50ETF易方达
2020-02-13,2.156,2.144,2.173,2.14,130631.0,510100,sh,上证50ETF易方达
2020-02-14,2.144,2.164,2.168,2.132,137954.0,510100,sh,上证50ETF易方达
2020-02-17,2.168,2.209,2.214,2.166,178974.0,510100,sh,上证50ETF易方达
2020-02-18,2.216,2.188,2.216,2.178,155395.0,510100,sh,上证50ETF易方达
2020-02-19,2.192,2.19,2.207,2.18,159587.0,510100,sh,上证50ETF易方达
2020-02-20,2.192,2.231,2.24,2.185,164201.0,510100,sh,上证50ETF易方达
2020-02-21,2.25,2.226,2.25,2.221,118229.0,510100,sh,上证50ETF易方达
2020-02-24,2.216,2.195,2.216,2.188,182173.0,510100,sh,上证50ETF易方达
2020-02-25,2.159,2.18,2.183,2.144,133879.0,510100,sh,上证50ETF易方达
2020-02-26,2.176,2.176,2.197,2.147,200745.0,510100,sh,上证50ETF易方达
2020-02-27,2.171,2.185,2.195,2.171,175211.0,510100,sh,上证50ETF易方达
2020-02-28,2.171,2.116,2.171,2.111,158102.0,510100,sh,上证50ETF易方达
2020-03-02,2.118,2.192,2.2,2.118,156699.0,510100,sh,上证50ETF易方达
2020-03-03,2.204,2.2,2.226,2.188,134840.0,510100,sh,上证50ETF易方达
2020-03-04,2.178,2.219,2.221,2.178,58575.0,510100,sh,上证50ETF易方达
2020-03-05,2.221,2.281,2.286,2.221,230735.0,510100,sh,上证50ETF易方达
2020-03-06,2.272,2.233,2.272,2.231,96665.0,510100,sh,上证50ETF易方达
2020-03-09,2.212,2.156,2.212,2.149,157283.0,510100,sh,上证50ETF易方达
2020-03-10,2.147,2.207,2.214,2.137,126876.0,510100,sh,上证50ETF易方达
2020-03-11,2.216,2.176,2.216,2.173,110868.0,510100,sh,上证50ETF易方达
2020-03-12,2.173,2.137,2.173,2.12,127867.0,510100,sh,上证50ETF易方达
2020-03-13,2.063,2.104,2.12,2.022,156452.0,510100,sh,上证50ETF易方达
2020-03-16,2.106,2.01,2.111,2.0,169765.0,510100,sh,上证50ETF易方达
2020-03-17,2.024,2.005,2.044,1.948,191828.0,510100,sh,上证50ETF易方达
2020-03-18,2.012,1.95,2.032,1.948,146534.0,510100,sh,上证50ETF易方达
2020-03-19,1.96,1.909,1.96,1.856,202686.0,510100,sh,上证50ETF易方达
2020-03-20,1.936,1.964,1.964,1.912,136949.0,510100,sh,上证50ETF易方达
2020-03-23,1.936,1.902,1.936,1.885,169583.0,510100,sh,上证50ETF易方达
2020-03-24,1.916,1.96,1.967,1.916,145714.0,510100,sh,上证50ETF易方达
2020-03-25,2.024,2.012,2.032,1.998,109523.0,510100,sh,上证50ETF易方达
2020-03-26,2.015,2.005,2.029,1.988,87161.0,510100,sh,上证50ETF易方达
2020-03-27,2.017,2.012,2.041,2.012,74453.0,510100,sh,上证50ETF易方达
2020-03-30,1.988,2.008,2.015,1.979,102446.0,510100,sh,上证50ETF易方达
2020-03-31,2.015,2.005,2.029,2.0,88014.0,510100,sh,上证50ETF易方达
2020-04-01,2.012,2.0,2.034,1.998,78737.0,510100,sh,上证50ETF易方达
2020-04-02,2.0,2.027,2.034,1.984,109015.0,510100,sh,上证50ETF易方达
2020-04-03,2.005,2.024,2.032,2.005,95570.0,510100,sh,上证50ETF易方达
2020-04-07,2.051,2.063,2.068,2.051,109455.0,510100,sh,上证50ETF易方达
2020-04-08,2.065,2.056,2.065,2.044,86667.0,510100,sh,上证50ETF易方达
2020-04-09,2.068,2.06,2.068,2.056,84974.0,510100,sh,上证50ETF易方达
2020-04-10,2.065,2.058,2.089,2.051,91111.0,510100,sh,上证50ETF易方达
2020-04-13,2.068,2.053,2.068,2.041,72468.0,510100,sh,上证50ETF易方达
2020-04-14,2.053,2.089,2.089,2.053,71126.0,510100,sh,上证50ETF易方达
2020-04-15,2.092,2.07,2.092,2.068,48437.0,510100,sh,上证50ETF易方达
2020-04-16,2.075,2.075,2.075,2.06,86735.0,510100,sh,上证50ETF易方达
2020-04-17,2.087,2.108,2.123,2.087,108705.0,510100,sh,上证50ETF易方达
2020-04-20,2.111,2.123,2.123,2.099,117664.0,510100,sh,上证50ETF易方达
2020-04-21,2.111,2.096,2.118,2.08,111950.0,510100,sh,上证50ETF易方达
2020-04-22,2.077,2.106,2.108,2.077,83344.0,510100,sh,上证50ETF易方达
2020-04-23,2.106,2.108,2.123,2.104,75027.0,510100,sh,上证50ETF易方达
2020-04-24,2.108,2.089,2.108,2.082,118414.0,510100,sh,上证50ETF易方达
2020-04-27,2.089,2.111,2.125,2.082,124011.0,510100,sh,上证50ETF易方达
2020-04-28,2.12,2.132,2.137,2.094,199650.0,510100,sh,上证50ETF易方达
2020-04-29,2.125,2.142,2.149,2.123,134398.0,510100,sh,上证50ETF易方达
2020-04-30,2.149,2.161,2.178,2.149,91272.0,510100,sh,上证50ETF易方达
2020-05-06,2.156,2.161,2.166,2.132,85074.0,510100,sh,上证50ETF易方达
2020-05-07,2.168,2.161,2.168,2.149,35880.0,510100,sh,上证50ETF易方达
2020-05-08,2.161,2.18,2.188,2.161,78801.0,510100,sh,上证50ETF易方达
2020-05-11,2.18,2.183,2.202,2.173,68618.0,510100,sh,上证50ETF易方达
2020-05-12,2.183,2.173,2.185,2.166,68635.0,510100,sh,上证50ETF易方达
2020-05-13,2.18,2.176,2.18,2.159,54877.0,510100,sh,上证50ETF易方达
2020-05-14,2.171,2.149,2.171,2.147,49986.0,510100,sh,上证50ETF易方达
2020-05-15,2.147,2.137,2.161,2.135,156323.0,510100,sh,上证50ETF易方达
2020-05-18,2.137,2.154,2.161,2.132,93231.0,510100,sh,上证50ETF易方达
2020-05-19,2.154,2.176,2.185,2.154,96635.0,510100,sh,上证50ETF易方达
2020-05-20,2.176,2.173,2.178,2.166,73057.0,510100,sh,上证50ETF易方达
2020-05-21,2.178,2.164,2.185,2.164,69864.0,510100,sh,上证50ETF易方达
2020-05-22,2.164,2.106,2.164,2.101,84986.0,510100,sh,上证50ETF易方达
2020-05-25,2.106,2.113,2.116,2.092,69956.0,510100,sh,上证50ETF易方达
2020-05-26,2.12,2.132,2.132,2.12,64435.0,510100,sh,上证50ETF易方达
2020-05-27,2.137,2.125,2.137,2.118,56607.0,510100,sh,上证50ETF易方达
2020-05-28,2.125,2.13,2.152,2.101,117142.0,510100,sh,上证50ETF易方达
2020-05-29,2.13,2.132,2.137,2.123,89826.0,510100,sh,上证50ETF易方达
2020-06-01,2.132,2.185,2.192,2.132,116269.0,510100,sh,上证50ETF易方达
2020-06-02,2.18,2.197,2.207,2.168,74830.0,510100,sh,上证50ETF易方达
2020-06-03,2.197,2.204,2.236,2.197,108287.0,510100,sh,上证50ETF易方达
2020-06-04,2.209,2.204,2.216,2.197,54984.0,510100,sh,上证50ETF易方达
2020-06-05,2.18,2.214,2.214,2.18,53980.0,510100,sh,上证50ETF易方达
2020-06-08,2.214,2.228,2.24,2.204,158439.0,510100,sh,上证50ETF易方达
2020-06-09,2.228,2.243,2.245,2.221,68102.0,510100,sh,上证50ETF易方达
2020-06-10,2.238,2.233,2.245,2.228,57329.0,510100,sh,上证50ETF易方达
2020-06-11,2.219,2.204,2.238,2.195,122343.0,510100,sh,上证50ETF易方达
2020-06-12,2.168,2.212,2.216,2.154,137945.0,510100,sh,上证50ETF易方达
2020-06-15,2.212,2.178,2.212,2.173,115193.0,510100,sh,上证50ETF易方达
2020-06-16,2.18,2.209,2.214,2.18,55571.0,510100,sh,上证50ETF易方达
2020-06-17,2.209,2.214,2.219,2.202,66481.0,510100,sh,上证50ETF易方达
2020-06-18,2.204,2.228,2.231,2.197,175455.0,510100,sh,上证50ETF易方达
2020-06-19,2.224,2.252,2.267,2.224,163876.0,510100,sh,上证50ETF易方达
2020-06-22,2.264,2.26,2.281,2.25,116437.0,510100,sh,上证50ETF易方达
2020-06-23,2.264,2.272,2.274,2.245,132788.0,510100,sh,上证50ETF易方达
2020-06-24,2.274,2.293,2.296,2.274,141903.0,510100,sh,上证50ETF易方达
2020-06-29,2.293,2.281,2.293,2.262,103731.0,510100,sh,上证50ETF易方达
2020-06-30,2.284,2.293,2.3,2.284,137863.0,510100,sh,上证50ETF易方达
2020-07-01,2.303,2.351,2.356,2.296,171626.0,510100,sh,上证50ETF易方达
2020-07-02,2.368,2.423,2.428,2.351,151593.0,510100,sh,上证50ETF易方达
2020-07-03,2.432,2.495,2.536,2.432,478831.0,510100,sh,上证50ETF易方达
2020-07-06,2.529,2.773,2.773,2.529,599375.0,510100,sh,上证50ETF易方达
2020-07-07,2.865,2.697,3.021,2.685,879711.0,510100,sh,上证50ETF易方达
2020-07-08,2.697,2.735,2.766,2.653,400662.0,510100,sh,上证50ETF易方达
2020-07-09,2.735,2.749,2.759,2.713,402315.0,510100,sh,上证50ETF易方达
2020-07-10,2.737,2.685,2.737,2.67,305624.0,510100,sh,上证50ETF易方达
2020-07-13,2.689,2.718,2.749,2.663,248514.0,510100,sh,上证50ETF易方达
2020-07-14,2.716,2.685,2.725,2.653,304377.0,510100,sh,上证50ETF易方达
2020-07-15,2.701,2.665,2.718,2.658,276602.0,510100,sh,上证50ETF易方达
2020-07-16,2.673,2.548,2.687,2.536,452432.0,510100,sh,上证50ETF易方达
2020-07-17,2.538,2.572,2.596,2.538,364716.0,510100,sh,上证50ETF易方达
2020-07-20,2.62,2.656,2.665,2.572,279219.0,510100,sh,上证50ETF易方达
2020-07-21,2.656,2.665,2.67,2.644,176147.0,510100,sh,上证50ETF易方达
2020-07-22,2.673,2.67,2.728,2.651,143882.0,510100,sh,上证50ETF易方达
2020-07-23,2.658,2.67,2.692,2.613,293975.0,510100,sh,上证50ETF易方达
2020-07-24,2.663,2.557,2.663,2.533,238488.0,510100,sh,上证50ETF易方达
2020-07-27,2.557,2.555,2.589,2.536,169285.0,510100,sh,上证50ETF易方达
2020-07-28,2.553,2.577,2.596,2.553,120966.0,510100,sh,上证50ETF易方达
2020-07-29,2.574,2.632,2.637,2.565,124540.0,510100,sh,上证50ETF易方达
2020-07-30,2.62,2.622,2.651,2.62,110367.0,510100,sh,上证50ETF易方达
2020-07-31,2.62,2.641,2.677,2.596,172153.0,510100,sh,上证50ETF易方达
2020-08-03,2.644,2.677,2.68,2.644,134406.0,510100,sh,上证50ETF易方达
2020-08-04,2.685,2.706,2.723,2.675,243476.0,510100,sh,上证50ETF易方达
2020-08-05,2.709,2.685,2.709,2.653,109834.0,510100,sh,上证50ETF易方达
2020-08-06,2.687,2.685,2.704,2.649,178904.0,510100,sh,上证50ETF易方达
2020-08-07,2.677,2.658,2.685,2.627,119262.0,510100,sh,上证50ETF易方达
2020-08-10,2.658,2.689,2.709,2.634,100898.0,510100,sh,上证50ETF易方达
2020-08-11,2.689,2.668,2.733,2.663,180754.0,510100,sh,上证50ETF易方达
2020-08-12,2.661,2.661,2.673,2.613,170388.0,510100,sh,上证50ETF易方达
2020-08-13,2.661,2.653,2.673,2.641,151119.0,510100,sh,上证50ETF易方达
2020-08-14,2.649,2.701,2.701,2.644,109252.0,510100,sh,上证50ETF易方达
2020-08-17,2.704,2.773,2.797,2.704,295520.0,510100,sh,上证50ETF易方达
2020-08-18,2.776,2.766,2.776,2.747,289286.0,510100,sh,上证50ETF易方达
2020-08-19,2.761,2.713,2.769,2.711,206795.0,510100,sh,上证50ETF易方达
2020-08-20,2.711,2.68,2.711,2.665,160402.0,510100,sh,上证50ETF易方达
2020-08-21,2.682,2.701,2.716,2.677,151560.0,510100,sh,上证50ETF易方达
2020-08-24,2.697,2.706,2.733,2.697,148489.0,510100,sh,上证50ETF易方达
2020-08-25,2.709,2.723,2.742,2.709,99374.0,510100,sh,上证50ETF易方达
2020-08-26,2.723,2.694,2.733,2.682,138567.0,510100,sh,上证50ETF易方达
2020-08-27,2.697,2.701,2.706,2.673,100255.0,510100,sh,上证50ETF易方达
2020-08-28,2.675,2.778,2.781,2.675,172187.0,510100,sh,上证50ETF易方达
2020-08-31,2.783,2.757,2.817,2.752,175339.0,510100,sh,上证50ETF易方达
2020-09-01,2.754,2.766,2.769,2.745,140972.0,510100,sh,上证50ETF易方达
2020-09-02,2.769,2.757,2.781,2.73,141445.0,510100,sh,上证50ETF易方达
2020-09-03,2.757,2.749,2.781,2.737,91632.0,510100,sh,上证50ETF易方达
2020-09-04,2.721,2.728,2.733,2.704,197312.0,510100,sh,上证50ETF易方达
2020-09-07,2.728,2.68,2.745,2.67,100960.0,510100,sh,上证50ETF易方达
2020-09-08,2.68,2.713,2.718,2.677,69612.0,510100,sh,上证50ETF易方达
2020-09-09,2.697,2.665,2.697,2.644,153046.0,510100,sh,上证50ETF易方达
2020-09-10,2.675,2.673,2.697,2.665,77902.0,510100,sh,上证50ETF易方达
2020-09-11,2.67,2.687,2.692,2.656,107416.0,510100,sh,上证50ETF易方达
2020-09-14,2.697,2.711,2.718,2.697,103807.0,510100,sh,上证50ETF易方达
2020-09-15,2.709,2.74,2.74,2.699,86281.0,510100,sh,上证50ETF易方达
2020-09-16,2.74,2.718,2.742,2.711,73315.0,510100,sh,上证50ETF易方达
2020-09-17,2.718,2.692,2.718,2.68,85526.0,510100,sh,上证50ETF易方达
2020-09-18,2.692,2.781,2.785,2.692,357638.0,510100,sh,上证50ETF易方达
2020-09-21,2.793,2.742,2.802,2.737,185506.0,510100,sh,上证50ETF易方达
2020-09-22,2.721,2.711,2.749,2.699,141940.0,510100,sh,上证50ETF易方达
2020-09-23,2.725,2.706,2.735,2.692,56630.0,510100,sh,上证50ETF易方达
2020-09-24,2.701,2.663,2.701,2.653,97132.0,510100,sh,上证50ETF易方达
2020-09-25,2.665,2.673,2.685,2.658,76175.0,510100,sh,上证50ETF易方达
2020-09-28,2.673,2.694,2.706,2.673,106473.0,510100,sh,上证50ETF易方达
2020-09-29,2.697,2.687,2.706,2.682,209199.0,510100,sh,上证50ETF易方达
2020-09-30,2.689,2.677,2.706,2.658,160588.0,510100,sh,上证50ETF易方达
2020-10-09,2.687,2.716,2.733,2.687,193826.0,510100,sh,上证50ETF易方达
2020-10-12,2.721,2.819,2.819,2.721,162909.0,510100,sh,上证50ETF易方达
2020-10-13,2.829,2.807,2.829,2.788,94987.0,510100,sh,上证50ETF易方达
2020-10-14,2.807,2.797,2.807,2.788,68783.0,510100,sh,上证50ETF易方达
2020-10-15,2.795,2.802,2.817,2.79,153719.0,510100,sh,上证50ETF易方达
2020-10-16,2.802,2.809,2.826,2.788,104083.0,510100,sh,上证50ETF易方达
2020-10-19,2.814,2.785,2.855,2.781,118207.0,510100,sh,上证50ETF易方达
2020-10-20,2.776,2.795,2.795,2.773,77384.0,510100,sh,上证50ETF易方达
2020-10-21,2.802,2.807,2.809,2.783,66459.0,510100,sh,上证50ETF易方达
2020-10-22,2.805,2.802,2.809,2.764,51635.0,510100,sh,上证50ETF易方达
2020-10-23,2.802,2.797,2.824,2.785,112662.0,510100,sh,上证50ETF易方达
2020-10-26,2.788,2.74,2.788,2.73,142655.0,510100,sh,上证50ETF易方达
2020-10-27,2.742,2.735,2.742,2.723,79274.0,510100,sh,上证50ETF易方达
2020-10-28,2.747,2.749,2.761,2.725,228649.0,510100,sh,上证50ETF易方达
2020-10-29,2.745,2.776,2.788,2.716,178882.0,510100,sh,上证50ETF易方达
2020-10-30,2.769,2.723,2.778,2.723,235428.0,510100,sh,上证50ETF易方达
2020-11-02,2.723,2.713,2.747,2.706,104221.0,510100,sh,上证50ETF易方达
2020-11-03,2.73,2.754,2.769,2.73,155990.0,510100,sh,上证50ETF易方达
2020-11-04,2.749,2.776,2.783,2.749,195379.0,510100,sh,上证50ETF易方达
2020-11-05,2.797,2.809,2.826,2.788,110273.0,510100,sh,上证50ETF易方达
2020-11-06,2.809,2.8,2.817,2.785,131367.0,510100,sh,上证50ETF易方达
2020-11-09,2.809,2.86,2.867,2.809,140202.0,510100,sh,上证50ETF易方达
2020-11-10,2.867,2.857,2.879,2.848,302131.0,510100,sh,上证50ETF易方达
2020-11-11,2.86,2.86,2.877,2.85,134741.0,510100,sh,上证50ETF易方达
2020-11-12,2.86,2.845,2.865,2.836,81696.0,510100,sh,上证50ETF易方达
2020-11-13,2.843,2.793,2.843,2.773,86249.0,510100,sh,上证50ETF易方达
2020-11-16,2.793,2.826,2.826,2.793,93382.0,510100,sh,上证50ETF易方达
2020-11-17,2.826,2.831,2.833,2.812,103188.0,510100,sh,上证50ETF易方达
2020-11-18,2.831,2.838,2.853,2.826,71164.0,510100,sh,上证50ETF易方达
2020-11-19,2.833,2.86,2.862,2.824,84491.0,510100,sh,上证50ETF易方达
2020-11-20,2.86,2.86,2.86,2.848,100144.0,510100,sh,上证50ETF易方达
2020-11-23,2.86,2.913,2.929,2.86,126259.0,510100,sh,上证50ETF易方达
2020-11-24,2.91,2.893,2.92,2.884,97702.0,510100,sh,上证50ETF易方达
2020-11-25,2.898,2.872,2.92,2.867,79811.0,510100,sh,上证50ETF易方达
2020-11-26,2.874,2.893,2.893,2.862,63229.0,510100,sh,上证50ETF易方达
2020-11-27,2.889,2.946,2.946,2.889,135806.0,510100,sh,上证50ETF易方达
2020-11-30,2.975,2.922,3.009,2.915,278220.0,510100,sh,上证50ETF易方达
2020-12-01,2.932,2.997,2.999,2.917,153169.0,510100,sh,上证50ETF易方达
2020-12-02,2.997,2.989,3.009,2.968,80379.0,510100,sh,上证50ETF易方达
2020-12-03,2.989,2.98,2.992,2.968,253114.0,510100,sh,上证50ETF易方达
2020-12-04,2.98,2.985,2.989,2.946,77886.0,510100,sh,上证50ETF易方达
2020-12-07,2.985,2.956,2.989,2.941,166650.0,510100,sh,上证50ETF易方达
2020-12-08,2.961,2.951,2.975,2.937,131869.0,510100,sh,上证50ETF易方达
2020-12-09,2.951,2.925,2.963,2.915,131420.0,510100,sh,上证50ETF易方达
2020-12-10,2.913,2.91,2.929,2.893,80562.0,510100,sh,上证50ETF易方达
2020-12-11,2.913,2.889,2.932,2.865,104993.0,510100,sh,上证50ETF易方达
2020-12-14,2.889,2.917,2.917,2.884,47556.0,510100,sh,上证50ETF易方达
2020-12-15,2.917,2.917,2.922,2.889,29299.0,510100,sh,上证50ETF易方达
2020-12-16,2.922,2.929,2.937,2.913,38251.0,510100,sh,上证50ETF易方达
2020-12-17,2.929,2.982,2.987,2.929,167435.0,510100,sh,上证50ETF易方达
2020-12-18,2.985,2.953,2.985,2.939,143868.0,510100,sh,上证50ETF易方达
2020-12-21,2.961,2.968,2.977,2.927,178497.0,510100,sh,上证50ETF易方达
2020-12-22,2.975,2.925,2.975,2.915,156063.0,510100,sh,上证50ETF易方达
2020-12-23,2.92,2.949,2.965,2.92,109826.0,510100,sh,上证50ETF易方达
2020-12-24,2.944,2.944,2.965,2.929,96224.0,510100,sh,上证50ETF易方达
2020-12-25,2.932,2.963,2.965,2.922,79806.0,510100,sh,上证50ETF易方达
2020-12-28,2.973,2.977,2.989,2.953,180648.0,510100,sh,上证50ETF易方达
2020-12-29,2.97,2.965,2.985,2.956,89113.0,510100,sh,上证50ETF易方达
2020-12-30,2.963,3.011,3.011,2.963,71910.0,510100,sh,上证50ETF易方达
2020-12-31,3.013,3.073,3.081,3.013,97711.0,510100,sh,上证50ETF易方达
2021-01-04,3.1,3.083,3.141,3.045,164724.0,510100,sh,上证50ETF易方达
2021-01-05,3.061,3.109,3.114,3.054,76694.0,510100,sh,上证50ETF易方达
2021-01-06,3.126,3.162,3.165,3.107,198886.0,510100,sh,上证50ETF易方达
2021-01-07,3.167,3.239,3.239,3.16,128226.0,510100,sh,上证50ETF易方达
2021-01-08,3.239,3.213,3.253,3.177,285058.0,510100,sh,上证50ETF易方达
2021-01-11,3.213,3.205,3.265,3.186,233524.0,510100,sh,上证50ETF易方达
2021-01-12,3.22,3.321,3.321,3.189,240517.0,510100,sh,上证50ETF易方达
2021-01-13,3.345,3.311,3.347,3.261,215111.0,510100,sh,上证50ETF易方达
2021-01-14,3.265,3.234,3.292,3.22,151217.0,510100,sh,上证50ETF易方达
2021-01-15,3.241,3.237,3.277,3.205,105474.0,510100,sh,上证50ETF易方达
2021-01-18,3.222,3.261,3.289,3.22,162195.0,510100,sh,上证50ETF易方达
2021-01-19,3.268,3.229,3.277,3.215,115496.0,510100,sh,上证50ETF易方达
2021-01-20,3.229,3.227,3.253,3.21,80902.0,510100,sh,上证50ETF易方达
2021-01-21,3.246,3.268,3.294,3.234,108391.0,510100,sh,上证50ETF易方达
2021-01-22,3.268,3.263,3.28,3.244,150459.0,510100,sh,上证50ETF易方达
2021-01-25,3.249,3.316,3.318,3.246,164186.0,510100,sh,上证50ETF易方达
2021-01-26,3.313,3.237,3.313,3.229,157921.0,510100,sh,上证50ETF易方达
2021-01-27,3.237,3.241,3.253,3.213,239394.0,510100,sh,上证50ETF易方达
2021-01-28,3.203,3.169,3.205,3.157,340236.0,510100,sh,上证50ETF易方达
2021-01-29,3.201,3.155,3.205,3.109,119044.0,510100,sh,上证50ETF易方达
2021-02-01,3.148,3.169,3.172,3.133,60766.0,510100,sh,上证50ETF易方达
2021-02-02,3.196,3.189,3.198,3.165,131901.0,510100,sh,上证50ETF易方达
2021-02-03,3.193,3.203,3.22,3.172,73065.0,510100,sh,上证50ETF易方达
2021-02-04,3.186,3.22,3.244,3.184,86747.0,510100,sh,上证50ETF易方达
2021-02-05,3.249,3.265,3.289,3.232,111078.0,510100,sh,上证50ETF易方达
2021-02-08,3.306,3.301,3.313,3.251,123294.0,510100,sh,上证50ETF易方达
2021-02-09,3.304,3.366,3.369,3.285,109570.0,510100,sh,上证50ETF易方达
2021-02-10,3.366,3.433,3.448,3.366,118903.0,510100,sh,上证50ETF易方达
2021-02-18,3.537,3.426,3.541,3.405,163110.0,510100,sh,上证50ETF易方达
2021-02-19,3.395,3.424,3.431,3.371,223385.0,510100,sh,上证50ETF易方达
2021-02-22,3.424,3.294,3.424,3.294,224020.0,510100,sh,上证50ETF易方达
2021-02-23,3.28,3.316,3.357,3.277,214107.0,510100,sh,上证50ETF易方达
2021-02-24,3.345,3.234,3.345,3.196,206763.0,510100,sh,上证50ETF易方达
2021-02-25,3.256,3.27,3.299,3.241,128867.0,510100,sh,上证50ETF易方达
2021-02-26,3.225,3.189,3.244,3.184,160786.0,510100,sh,上证50ETF易方达
2021-03-01,3.196,3.22,3.22,3.181,64951.0,510100,sh,上证50ETF易方达
2021-03-02,3.225,3.153,3.229,3.119,109402.0,510100,sh,上证50ETF易方达
2021-03-03,3.153,3.244,3.246,3.145,118672.0,510100,sh,上证50ETF易方达
2021-03-04,3.229,3.15,3.229,3.119,233731.0,510100,sh,上证50ETF易方达
2021-03-05,3.153,3.131,3.157,3.069,164939.0,510100,sh,上证50ETF易方达
2021-03-08,3.145,3.025,3.165,3.013,171204.0,510100,sh,上证50ETF易方达
2021-03-09,3.004,2.961,3.04,2.941,165942.0,510100,sh,上证50ETF易方达
2021-03-10,2.98,2.985,3.021,2.975,160362.0,510100,sh,上证50ETF易方达
2021-03-11,2.985,3.066,3.073,2.985,115937.0,510100,sh,上证50ETF易方达
2021-03-12,3.073,3.069,3.083,3.037,144964.0,510100,sh,上证50ETF易方达
2021-03-15,3.069,3.023,3.069,2.987,127512.0,510100,sh,上证50ETF易方达
2021-03-16,3.018,3.04,3.049,3.004,125337.0,510100,sh,上证50ETF易方达
2021-03-17,3.04,3.033,3.057,2.994,111934.0,510100,sh,上证50ETF易方达
2021-03-18,3.045,3.042,3.141,3.028,98803.0,510100,sh,上证50ETF易方达
2021-03-19,3.04,2.956,3.04,2.941,142828.0,510100,sh,上证50ETF易方达
2021-03-22,2.951,2.985,3.006,2.951,130853.0,510100,sh,上证50ETF易方达
2021-03-23,2.994,2.97,2.994,2.934,102034.0,510100,sh,上证50ETF易方达
2021-03-24,2.958,2.927,2.982,2.913,117323.0,510100,sh,上证50ETF易方达
2021-03-25,2.927,2.92,2.934,2.898,94264.0,510100,sh,上证50ETF易方达
2021-03-26,2.927,2.982,2.992,2.927,151439.0,510100,sh,上证50ETF易方达
2021-03-29,2.982,2.987,3.011,2.968,106627.0,510100,sh,上证50ETF易方达
2021-03-30,2.975,3.023,3.03,2.961,88255.0,510100,sh,上证50ETF易方达
2021-03-31,3.021,2.992,3.021,2.968,76462.0,510100,sh,上证50ETF易方达
2021-04-01,2.997,3.03,3.037,2.992,75035.0,510100,sh,上证50ETF易方达
2021-04-02,3.03,3.064,3.066,3.028,182289.0,510100,sh,上证50ETF易方达
2021-04-06,3.064,3.04,3.071,3.028,118162.0,510100,sh,上证50ETF易方达
2021-04-07,3.037,3.009,3.042,2.989,72994.0,510100,sh,上证50ETF易方达
2021-04-08,2.994,3.016,3.033,2.987,72374.0,510100,sh,上证50ETF易方达
2021-04-09,3.016,2.975,3.016,2.961,78765.0,510100,sh,上证50ETF易方达
2021-04-12,2.953,2.939,2.982,2.927,149685.0,510100,sh,上证50ETF易方达
2021-04-13,2.932,2.927,2.961,2.908,151062.0,510100,sh,上证50ETF易方达
2021-04-14,2.925,2.929,2.944,2.908,82594.0,510100,sh,上证50ETF易方达
2021-04-15,2.937,2.898,2.939,2.867,119273.0,510100,sh,上证50ETF易方达
2021-04-16,2.898,2.913,2.92,2.877,86390.0,510100,sh,上证50ETF易方达
2021-04-19,2.913,2.985,2.985,2.889,182537.0,510100,sh,上证50ETF易方达
2021-04-20,2.963,2.965,2.989,2.953,71975.0,510100,sh,上证50ETF易方达
2021-04-21,2.97,2.973,2.98,2.949,141939.0,510100,sh,上证50ETF易方达
2021-04-22,2.975,2.958,2.989,2.944,96997.0,510100,sh,上证50ETF易方达
2021-04-23,2.956,2.985,2.994,2.949,89155.0,510100,sh,上证50ETF易方达
2021-04-26,2.987,2.937,3.011,2.927,95300.0,510100,sh,上证50ETF易方达
2021-04-27,2.934,2.946,2.956,2.925,53884.0,510100,sh,上证50ETF易方达
2021-04-28,2.941,2.944,2.946,2.913,71939.0,510100,sh,上证50ETF易方达
2021-04-29,2.946,2.985,2.989,2.944,96537.0,510100,sh,上证50ETF易方达
2021-04-30,2.98,2.965,2.989,2.944,132873.0,510100,sh,上证50ETF易方达
2021-05-06,2.937,2.927,2.985,2.917,104337.0,510100,sh,上证50ETF易方达
2021-05-07,2.937,2.891,2.941,2.881,104289.0,510100,sh,上证50ETF易方达
2021-05-10,2.891,2.879,2.898,2.855,139619.0,510100,sh,上证50ETF易方达
2021-05-11,2.867,2.91,2.92,2.853,114357.0,510100,sh,上证50ETF易方达
2021-05-12,2.91,2.92,2.929,2.896,104996.0,510100,sh,上证50ETF易方达
2021-05-13,2.896,2.889,2.913,2.872,156443.0,510100,sh,上证50ETF易方达
2021-05-14,2.891,2.975,2.98,2.884,169737.0,510100,sh,上证50ETF易方达
2021-05-17,3.001,3.004,3.025,2.975,124338.0,510100,sh,上证50ETF易方达
2021-05-18,3.004,3.004,3.018,2.989,96542.0,510100,sh,上证50ETF易方达
2021-05-19,2.992,2.987,3.001,2.973,166037.0,510100,sh,上证50ETF易方达
2021-05-20,2.985,2.999,3.006,2.97,78727.0,510100,sh,上证50ETF易方达
2021-05-21,2.999,2.968,3.025,2.956,102051.0,510100,sh,上证50ETF易方达
2021-05-24,2.965,2.975,2.977,2.937,80195.0,510100,sh,上证50ETF易方达
2021-05-25,2.975,3.109,3.117,2.975,165374.0,510100,sh,上证50ETF易方达
2021-05-26,3.131,3.121,3.15,3.109,100238.0,510100,sh,上证50ETF易方达
2021-05-27,3.117,3.136,3.177,3.095,118425.0,510100,sh,上证50ETF易方达
2021-05-28,3.136,3.129,3.155,3.097,141548.0,510100,sh,上证50ETF易方达
2021-05-31,3.129,3.114,3.129,3.083,156464.0,510100,sh,上证50ETF易方达
2021-06-01,3.109,3.119,3.121,3.078,101506.0,510100,sh,上证50ETF易方达
2021-06-02,3.119,3.097,3.131,3.076,89259.0,510100,sh,上证50ETF易方达
2021-06-03,3.085,3.073,3.112,3.064,165456.0,510100,sh,上证50ETF易方达
2021-06-04,3.061,3.083,3.131,3.049,144457.0,510100,sh,上证50ETF易方达
2021-06-07,3.088,3.081,3.088,3.057,67423.0,510100,sh,上证50ETF易方达
2021-06-08,3.081,3.061,3.114,3.042,117657.0,510100,sh,上证50ETF易方达
2021-06-09,3.061,3.069,3.076,3.049,106821.0,510100,sh,上证50ETF易方达
2021-06-10,3.066,3.093,3.117,3.061,146350.0,510100,sh,上证50ETF易方达
2021-06-11,3.095,3.073,3.107,3.061,93095.0,510100,sh,上证50ETF易方达
2021-06-15,3.069,3.04,3.076,3.021,97723.0,510100,sh,上证50ETF易方达
2021-06-16,3.04,2.999,3.04,2.994,81056.0,510100,sh,上证50ETF易方达
2021-06-17,2.994,3.004,3.018,2.989,57176.0,510100,sh,上证50ETF易方达
2021-06-18,3.004,2.985,3.011,2.956,104833.0,510100,sh,上证50ETF易方达
2021-06-21,2.98,2.965,2.987,2.939,115142.0,510100,sh,上证50ETF易方达
2021-06-22,2.973,2.997,3.001,2.973,96270.0,510100,sh,上证50ETF易方达
2021-06-23,2.997,3.006,3.028,2.98,116693.0,510100,sh,上证50ETF易方达
2021-06-24,3.009,3.025,3.025,2.994,83869.0,510100,sh,上证50ETF易方达
2021-06-25,3.025,3.073,3.083,3.025,156609.0,510100,sh,上证50ETF易方达
2021-06-28,3.073,3.059,3.081,3.04,94023.0,510100,sh,上证50ETF易方达
2021-06-29,3.059,3.03,3.073,3.018,80250.0,510100,sh,上证50ETF易方达
2021-06-30,3.028,3.045,3.052,3.028,83154.0,510100,sh,上证50ETF易方达
2021-07-01,3.047,3.061,3.071,3.013,159278.0,510100,sh,上证50ETF易方达
2021-07-02,3.04,2.961,3.04,2.953,138903.0,510100,sh,上证50ETF易方达
2021-07-05,2.958,2.953,2.968,2.929,75779.0,510100,sh,上证50ETF易方达
2021-07-06,2.956,2.97,2.97,2.927,77514.0,510100,sh,上证50ETF易方达
2021-07-07,2.963,2.977,2.992,2.949,98427.0,510100,sh,上证50ETF易方达
2021-07-08,2.98,2.941,2.987,2.927,97452.0,510100,sh,上证50ETF易方达
2021-07-09,2.939,2.934,2.941,2.901,97755.0,510100,sh,上证50ETF易方达
2021-07-12,2.958,2.956,2.982,2.929,87456.0,510100,sh,上证50ETF易方达
2021-07-13,2.956,2.963,2.989,2.951,102049.0,510100,sh,上证50ETF易方达
2021-07-14,2.956,2.92,2.956,2.905,113126.0,510100,sh,上证50ETF易方达
2021-07-15,2.92,2.982,2.987,2.913,134552.0,510100,sh,上证50ETF易方达
2021-07-16,2.982,2.951,2.985,2.941,98502.0,510100,sh,上证50ETF易方达
2021-07-19,2.949,2.961,2.968,2.903,193535.0,510100,sh,上证50ETF易方达
2021-07-20,2.932,2.949,2.958,2.932,82433.0,510100,sh,上证50ETF易方达
2021-07-21,2.951,2.961,2.989,2.949,89475.0,510100,sh,上证50ETF易方达
2021-07-22,2.963,2.968,2.987,2.956,111638.0,510100,sh,上证50ETF易方达
2021-07-23,2.97,2.939,2.973,2.934,108781.0,510100,sh,上证50ETF易方达
2021-07-26,2.939,2.826,2.939,2.788,300498.0,510100,sh,上证50ETF易方达
2021-07-27,2.824,2.735,2.829,2.723,178885.0,510100,sh,上证50ETF易方达
2021-07-28,2.721,2.742,2.764,2.699,222020.0,510100,sh,上证50ETF易方达
2021-07-29,2.776,2.773,2.797,2.749,226049.0,510100,sh,上证50ETF易方达
2021-07-30,2.769,2.728,2.769,2.709,160107.0,510100,sh,上证50ETF易方达
2021-08-02,2.725,2.802,2.807,2.689,208329.0,510100,sh,上证50ETF易方达
2021-08-03,2.788,2.812,2.824,2.773,130206.0,510100,sh,上证50ETF易方达
2021-08-04,2.814,2.824,2.831,2.8,141337.0,510100,sh,上证50ETF易方达
2021-08-05,2.821,2.821,2.857,2.785,90325.0,510100,sh,上证50ETF易方达
2021-08-06,2.812,2.793,2.812,2.783,58464.0,510100,sh,上证50ETF易方达
2021-08-09,2.769,2.833,2.855,2.769,103254.0,510100,sh,上证50ETF易方达
2021-08-10,2.833,2.879,2.886,2.795,131556.0,510100,sh,上证50ETF易方达
2021-08-11,2.872,2.86,2.891,2.853,116136.0,510100,sh,上证50ETF易方达
2021-08-12,2.862,2.831,2.862,2.826,69278.0,510100,sh,上证50ETF易方达
2021-08-13,2.826,2.821,2.845,2.8,127944.0,510100,sh,上证50ETF易方达
2021-08-16,2.833,2.831,2.85,2.812,124104.0,510100,sh,上证50ETF易方达
2021-08-17,2.833,2.761,2.85,2.752,182772.0,510100,sh,上证50ETF易方达
2021-08-18,2.759,2.797,2.814,2.749,155687.0,510100,sh,上证50ETF易方达
2021-08-19,2.797,2.757,2.8,2.742,138286.0,510100,sh,上证50ETF易方达
2021-08-20,2.757,2.689,2.757,2.668,359537.0,510100,sh,上证50ETF易方达
2021-08-23,2.699,2.716,2.73,2.689,193512.0,510100,sh,上证50ETF易方达
2021-08-24,2.733,2.766,2.776,2.725,185859.0,510100,sh,上证50ETF易方达
2021-08-25,2.766,2.773,2.788,2.752,231480.0,510100,sh,上证50ETF易方达
2021-08-26,2.773,2.709,2.773,2.704,264535.0,510100,sh,上证50ETF易方达
2021-08-27,2.699,2.737,2.769,2.699,208292.0,510100,sh,上证50ETF易方达
2021-08-30,2.745,2.728,2.757,2.711,157885.0,510100,sh,上证50ETF易方达
2021-08-31,2.728,2.718,2.747,2.677,247594.0,510100,sh,上证50ETF易方达
2021-09-01,2.721,2.788,2.805,2.689,281575.0,510100,sh,上证50ETF易方达
2021-09-02,2.793,2.785,2.809,2.766,302384.0,510100,sh,上证50ETF易方达
2021-09-03,2.795,2.795,2.826,2.759,260027.0,510100,sh,上证50ETF易方达
2021-09-06,2.795,2.836,2.853,2.788,239458.0,510100,sh,上证50ETF易方达
2021-09-07,2.836,2.862,2.879,2.814,269330.0,510100,sh,上证50ETF易方达
2021-09-08,2.853,2.836,2.872,2.824,221663.0,510100,sh,上证50ETF易方达
2021-09-09,2.821,2.829,2.833,2.807,188588.0,510100,sh,上证50ETF易方达
2021-09-10,2.829,2.874,2.884,2.821,271898.0,510100,sh,上证50ETF易方达
2021-09-13,2.872,2.862,2.891,2.843,229141.0,510100,sh,上证50ETF易方达
2021-09-14,2.865,2.814,2.879,2.802,237958.0,510100,sh,上证50ETF易方达
2021-09-15,2.8,2.773,2.812,2.757,281644.0,510100,sh,上证50ETF易方达
2021-09-16,2.781,2.759,2.785,2.74,317698.0,510100,sh,上证50ETF易方达
2021-09-17,2.759,2.788,2.788,2.735,288716.0,510100,sh,上证50ETF易方达
2021-09-22,2.761,2.754,2.769,2.733,268182.0,510100,sh,上证50ETF易方达
2021-09-23,2.761,2.759,2.793,2.745,169942.0,510100,sh,上证50ETF易方达
2021-09-24,2.759,2.776,2.8,2.759,262794.0,510100,sh,上证50ETF易方达
2021-09-27,2.778,2.833,2.843,2.778,319952.0,510100,sh,上证50ETF易方达
2021-09-28,2.831,2.838,2.848,2.805,249500.0,510100,sh,上证50ETF易方达
2021-09-29,2.824,2.841,2.85,2.79,319961.0,510100,sh,上证50ETF易方达
2021-09-30,2.841,2.821,2.845,2.812,234099.0,510100,sh,上证50ETF易方达
2021-10-08,2.841,2.881,2.886,2.841,238671.0,510100,sh,上证50ETF易方达
2021-10-11,2.881,2.903,2.937,2.881,304848.0,510100,sh,上证50ETF易方达
2021-10-12,2.905,2.891,2.905,2.862,328889.0,510100,sh,上证50ETF易方达
2021-10-13,2.893,2.908,2.922,2.865,300264.0,510100,sh,上证50ETF易方达
2021-10-14,2.903,2.891,2.922,2.884,262829.0,510100,sh,上证50ETF易方达
2021-10-15,2.891,2.915,2.925,2.874,208958.0,510100,sh,上证50ETF易方达
2021-10-18,2.925,2.857,2.925,2.841,263930.0,510100,sh,上证50ETF易方达
2021-10-19,2.841,2.881,2.891,2.841,202011.0,510100,sh,上证50ETF易方达
2021-10-20,2.881,2.879,2.91,2.865,194759.0,510100,sh,上证50ETF易方达
2021-10-21,2.872,2.905,2.917,2.872,366319.0,510100,sh,上证50ETF易方达
2021-10-22,2.91,2.939,2.956,2.908,262633.0,510100,sh,上证50ETF易方达
2021-10-25,2.934,2.939,2.939,2.913,227144.0,510100,sh,上证50ETF易方达
2021-10-26,2.934,2.92,2.953,2.91,169911.0,510100,sh,上证50ETF易方达
2021-10-27,2.913,2.877,2.913,2.867,248468.0,510100,sh,上证50ETF易方达
2021-10-28,2.865,2.879,2.881,2.855,215385.0,510100,sh,上证50ETF易方达
2021-10-29,2.877,2.898,2.898,2.872,244008.0,510100,sh,上证50ETF易方达
2021-11-01,2.867,2.884,2.893,2.855,258972.0,510100,sh,上证50ETF易方达
2021-11-02,2.872,2.848,2.898,2.824,256912.0,510100,sh,上证50ETF易方达
2021-11-03,2.848,2.814,2.853,2.809,244701.0,510100,sh,上证50ETF易方达
2021-11-04,2.821,2.843,2.848,2.821,385991.0,510100,sh,上证50ETF易方达
2021-11-05,2.838,2.843,2.862,2.821,212620.0,510100,sh,上证50ETF易方达
2021-11-08,2.836,2.826,2.85,2.819,242574.0,510100,sh,上证50ETF易方达
2021-11-09,2.841,2.821,2.85,2.807,280312.0,510100,sh,上证50ETF易方达
2021-11-10,2.821,2.805,2.821,2.761,323276.0,510100,sh,上证50ETF易方达
2021-11-11,2.797,2.862,2.867,2.793,268224.0,510100,sh,上证50ETF易方达
2021-11-12,2.862,2.85,2.874,2.848,212940.0,510100,sh,上证50ETF易方达
2021-11-15,2.853,2.857,2.877,2.843,202506.0,510100,sh,上证50ETF易方达
2021-11-16,2.853,2.86,2.874,2.843,208664.0,510100,sh,上证50ETF易方达
2021-11-17,2.845,2.845,2.862,2.836,198706.0,510100,sh,上证50ETF易方达
2021-11-18,2.843,2.809,2.845,2.802,252308.0,510100,sh,上证50ETF易方达
2021-11-19,2.809,2.843,2.853,2.793,196985.0,510100,sh,上证50ETF易方达
2021-11-22,2.845,2.845,2.86,2.843,174473.0,510100,sh,上证50ETF易方达
2021-11-23,2.843,2.855,2.869,2.838,141133.0,510100,sh,上证50ETF易方达
2021-11-24,2.855,2.865,2.879,2.845,183926.0,510100,sh,上证50ETF易方达
2021-11-25,2.865,2.85,2.865,2.843,144509.0,510100,sh,上证50ETF易方达
2021-11-26,2.85,2.824,2.85,2.817,172087.0,510100,sh,上证50ETF易方达
2021-11-29,2.807,2.819,2.824,2.802,139709.0,510100,sh,上证50ETF易方达
2021-11-30,2.819,2.805,2.833,2.793,141279.0,510100,sh,上证50ETF易方达
2021-12-01,2.805,2.817,2.821,2.802,214056.0,510100,sh,上证50ETF易方达
2021-12-02,2.817,2.829,2.836,2.802,155893.0,510100,sh,上证50ETF易方达
2021-12-03,2.836,2.853,2.853,2.824,220387.0,510100,sh,上证50ETF易方达
2021-12-06,2.857,2.86,2.889,2.857,265223.0,510100,sh,上证50ETF易方达
2021-12-07,2.869,2.891,2.896,2.867,228906.0,510100,sh,上证50ETF易方达
2021-12-08,2.891,2.937,2.939,2.879,290743.0,510100,sh,上证50ETF易方达
2021-12-09,2.937,2.994,3.021,2.927,396886.0,510100,sh,上证50ETF易方达
2021-12-10,2.968,2.977,2.985,2.963,275278.0,510100,sh,上证50ETF易方达
2021-12-13,2.989,2.992,3.052,2.987,390509.0,510100,sh,上证50ETF易方达
2021-12-14,2.98,2.975,2.989,2.965,205050.0,510100,sh,上证50ETF易方达
2021-12-15,2.973,2.939,2.98,2.939,148213.0,510100,sh,上证50ETF易方达
2021-12-16,2.949,2.951,2.951,2.932,158607.0,510100,sh,上证50ETF易方达
2021-12-17,2.949,2.908,2.951,2.901,242102.0,510100,sh,上证50ETF易方达
2021-12-20,2.893,2.884,2.917,2.877,215629.0,510100,sh,上证50ETF易方达
2021-12-21,2.881,2.901,2.903,2.879,146182.0,510100,sh,上证50ETF易方达
2021-12-22,2.903,2.886,2.91,2.881,127728.0,510100,sh,上证50ETF易方达
2021-12-23,2.889,2.913,2.917,2.877,220001.0,510100,sh,上证50ETF易方达
2021-12-24,2.913,2.917,2.929,2.901,254245.0,510100,sh,上证50ETF易方达
2021-12-27,2.917,2.91,2.92,2.893,179901.0,510100,sh,上证50ETF易方达
2021-12-28,2.915,2.927,2.932,2.903,260440.0,510100,sh,上证50ETF易方达
2021-12-29,2.92,2.869,2.929,2.867,423733.0,510100,sh,上证50ETF易方达
2021-12-30,2.869,2.893,2.903,2.865,175908.0,510100,sh,上证50ETF易方达
2021-12-31,2.893,2.898,2.908,2.891,209063.0,510100,sh,上证50ETF易方达
2022-01-04,2.898,2.889,2.903,2.853,271917.0,510100,sh,上证50ETF易方达
2022-01-05,2.881,2.884,2.92,2.877,201111.0,510100,sh,上证50ETF易方达
2022-01-06,2.884,2.841,2.896,2.826,258074.0,510100,sh,上证50ETF易方达
2022-01-07,2.841,2.85,2.867,2.841,223278.0,510100,sh,上证50ETF易方达
2022-01-10,2.85,2.862,2.867,2.829,163145.0,510100,sh,上证50ETF易方达
2022-01-11,2.857,2.845,2.874,2.838,145611.0,510100,sh,上证50ETF易方达
2022-01-12,2.85,2.865,2.869,2.841,217104.0,510100,sh,上证50ETF易方达
2022-01-13,2.867,2.814,2.874,2.812,279748.0,510100,sh,上证50ETF易方达
2022-01-14,2.805,2.771,2.807,2.766,280358.0,510100,sh,上证50ETF易方达
2022-01-17,2.773,2.778,2.788,2.764,170970.0,510100,sh,上证50ETF易方达
2022-01-18,2.778,2.814,2.826,2.771,316088.0,510100,sh,上证50ETF易方达
2022-01-19,2.826,2.817,2.829,2.802,134345.0,510100,sh,上证50ETF易方达
2022-01-20,2.817,2.857,2.877,2.817,176657.0,510100,sh,上证50ETF易方达
2022-01-21,2.853,2.85,2.86,2.833,153422.0,510100,sh,上证50ETF易方达
2022-01-24,2.845,2.843,2.85,2.817,160965.0,510100,sh,上证50ETF易方达
2022-01-25,2.841,2.783,2.841,2.771,231401.0,510100,sh,上证50ETF易方达
2022-01-26,2.783,2.802,2.802,2.761,187740.0,510100,sh,上证50ETF易方达
2022-01-27,2.8,2.764,2.8,2.752,348083.0,510100,sh,上证50ETF易方达
2022-01-28,2.764,2.685,2.783,2.682,425320.0,510100,sh,上证50ETF易方达
2022-02-07,2.725,2.747,2.761,2.721,353354.0,510100,sh,上证50ETF易方达
2022-02-08,2.745,2.749,2.754,2.689,296625.0,510100,sh,上证50ETF易方达
2022-02-09,2.749,2.769,2.781,2.742,225857.0,510100,sh,上证50ETF易方达
2022-02-10,2.771,2.776,2.778,2.754,166302.0,510100,sh,上证50ETF易方达
2022-02-11,2.773,2.771,2.8,2.761,155896.0,510100,sh,上证50ETF易方达
2022-02-14,2.764,2.737,2.764,2.723,241390.0,510100,sh,上证50ETF易方达
2022-02-15,2.728,2.747,2.759,2.728,194107.0,510100,sh,上证50ETF易方达
2022-02-16,2.752,2.766,2.778,2.752,159558.0,510100,sh,上证50ETF易方达
2022-02-17,2.773,2.764,2.788,2.764,137043.0,510100,sh,上证50ETF易方达
2022-02-18,2.754,2.79,2.793,2.752,149475.0,510100,sh,上证50ETF易方达
2022-02-21,2.783,2.776,2.783,2.759,130734.0,510100,sh,上证50ETF易方达
2022-02-22,2.759,2.733,2.759,2.716,204492.0,510100,sh,上证50ETF易方达
2022-02-23,2.733,2.747,2.749,2.723,138610.0,510100,sh,上证50ETF易方达
2022-02-24,2.74,2.699,2.74,2.677,217702.0,510100,sh,上证50ETF易方达
2022-02-25,2.706,2.706,2.737,2.699,186573.0,510100,sh,上证50ETF易方达
2022-02-28,2.716,2.711,2.716,2.682,139799.0,510100,sh,上证50ETF易方达
2022-03-01,2.713,2.752,2.764,2.713,207305.0,510100,sh,上证50ETF易方达
2022-03-02,2.749,2.74,2.749,2.728,163456.0,510100,sh,上证50ETF易方达
2022-03-03,2.747,2.735,2.759,2.723,126587.0,510100,sh,上证50ETF易方达
2022-03-04,2.725,2.701,2.725,2.687,171424.0,510100,sh,上证50ETF易方达
2022-03-07,2.685,2.61,2.685,2.603,283910.0,510100,sh,上证50ETF易方达
2022-03-08,2.622,2.577,2.639,2.565,442804.0,510100,sh,上证50ETF易方达
2022-03-09,2.577,2.55,2.598,2.454,317538.0,510100,sh,上证50ETF易方达
2022-03-10,2.589,2.569,2.603,2.553,203456.0,510100,sh,上证50ETF易方达
2022-03-11,2.533,2.581,2.584,2.492,257938.0,510100,sh,上证50ETF易方达
2022-03-14,2.533,2.492,2.579,2.492,235476.0,510100,sh,上证50ETF易方达
2022-03-15,2.488,2.348,2.488,2.346,476635.0,510100,sh,上证50ETF易方达
2022-03-16,2.365,2.466,2.478,2.339,483474.0,510100,sh,上证50ETF易方达
2022-03-17,2.526,2.516,2.553,2.492,536505.0,510100,sh,上证50ETF易方达
2022-03-18,2.504,2.545,2.565,2.495,216483.0,510100,sh,上证50ETF易方达
2022-03-21,2.548,2.531,2.553,2.507,221913.0,510100,sh,上证50ETF易方达
2022-03-22,2.512,2.536,2.56,2.512,171360.0,510100,sh,上证50ETF易方达
2022-03-23,2.541,2.553,2.565,2.529,206286.0,510100,sh,上证50ETF易方达
2022-03-24,2.533,2.543,2.557,2.526,95198.0,510100,sh,上证50ETF易方达
2022-03-25,2.536,2.5,2.553,2.495,166775.0,510100,sh,上证50ETF易方达
2022-03-28,2.483,2.495,2.509,2.442,238042.0,510100,sh,上证50ETF易方达
2022-03-29,2.495,2.485,2.512,2.478,93380.0,510100,sh,上证50ETF易方达
2022-03-30,2.507,2.555,2.555,2.502,160996.0,510100,sh,上证50ETF易方达
2022-03-31,2.548,2.541,2.553,2.536,154226.0,510100,sh,上证50ETF易方达
2022-04-01,2.538,2.581,2.593,2.516,211239.0,510100,sh,上证50ETF易方达
2022-04-06,2.569,2.569,2.577,2.548,100119.0,510100,sh,上证50ETF易方达
2022-04-07,2.557,2.543,2.584,2.538,140306.0,510100,sh,上证50ETF易方达
2022-04-08,2.536,2.562,2.567,2.529,120505.0,510100,sh,上证50ETF易方达
2022-04-11,2.55,2.492,2.557,2.485,209283.0,510100,sh,上证50ETF易方达
2022-04-12,2.5,2.538,2.538,2.473,181383.0,510100,sh,上证50ETF易方达
2022-04-13,2.512,2.526,2.553,2.512,164410.0,510100,sh,上证50ETF易方达
2022-04-14,2.529,2.574,2.584,2.529,213828.0,510100,sh,上证50ETF易方达
2022-04-15,2.572,2.569,2.584,2.553,220777.0,510100,sh,上证50ETF易方达
2022-04-18,2.562,2.531,2.562,2.514,128185.0,510100,sh,上证50ETF易方达
2022-04-19,2.507,2.504,2.538,2.483,182547.0,510100,sh,上证50ETF易方达
2022-04-20,2.504,2.476,2.507,2.471,193493.0,510100,sh,上证50ETF易方达
2022-04-21,2.48,2.447,2.488,2.425,244723.0,510100,sh,上证50ETF易方达
2022-04-22,2.447,2.456,2.468,2.413,272135.0,510100,sh,上证50ETF易方达
2022-04-25,2.432,2.384,2.432,2.334,408565.0,510100,sh,上证50ETF易方达
2022-04-26,2.394,2.332,2.394,2.315,572985.0,510100,sh,上证50ETF易方达
2022-04-27,2.317,2.372,2.38,2.312,316515.0,510100,sh,上证50ETF易方达
2022-04-28,2.358,2.406,2.413,2.353,423090.0,510100,sh,上证50ETF易方达
2022-04-29,2.428,2.447,2.466,2.384,346890.0,510100,sh,上证50ETF易方达
2022-05-05,2.449,2.447,2.468,2.432,283215.0,510100,sh,上证50ETF易方达
2022-05-06,2.416,2.37,2.416,2.36,204038.0,510100,sh,上证50ETF易方达
2022-05-09,2.356,2.346,2.365,2.329,409618.0,510100,sh,上证50ETF易方达
2022-05-10,2.312,2.365,2.382,2.296,239738.0,510100,sh,上证50ETF易方达
2022-05-11,2.365,2.387,2.418,2.36,251664.0,510100,sh,上证50ETF易方达
2022-05-12,2.384,2.372,2.387,2.36,199668.0,510100,sh,上证50ETF易方达
2022-05-13,2.375,2.389,2.401,2.372,134642.0,510100,sh,上证50ETF易方达
2022-05-16,2.401,2.365,2.411,2.356,114570.0,510100,sh,上证50ETF易方达
2022-05-17,2.363,2.399,2.404,2.363,152318.0,510100,sh,上证50ETF易方达
2022-05-18,2.399,2.392,2.408,2.368,160983.0,510100,sh,上证50ETF易方达
2022-05-19,2.37,2.392,2.394,2.363,162670.0,510100,sh,上证50ETF易方达
2022-05-20,2.394,2.454,2.454,2.394,198595.0,510100,sh,上证50ETF易方达
2022-05-23,2.466,2.428,2.471,2.418,171633.0,510100,sh,上证50ETF易方达
2022-05-24,2.428,2.384,2.435,2.382,178924.0,510100,sh,上证50ETF易方达
2022-05-25,2.384,2.389,2.396,2.375,88137.0,510100,sh,上证50ETF易方达
2022-05-26,2.392,2.389,2.408,2.365,135072.0,510100,sh,上证50ETF易方达
2022-05-27,2.404,2.406,2.435,2.396,174813.0,510100,sh,上证50ETF易方达
2022-05-30,2.42,2.42,2.432,2.413,133580.0,510100,sh,上证50ETF易方达
2022-05-31,2.418,2.454,2.464,2.418,172938.0,510100,sh,上证50ETF易方达
2022-06-01,2.456,2.444,2.456,2.432,132459.0,510100,sh,上证50ETF易方达
2022-06-02,2.444,2.44,2.444,2.425,103176.0,510100,sh,上证50ETF易方达
2022-06-06,2.444,2.473,2.473,2.411,142153.0,510100,sh,上证50ETF易方达
2022-06-07,2.456,2.492,2.512,2.454,133719.0,510100,sh,上证50ETF易方达
2022-06-08,2.495,2.524,2.536,2.495,150859.0,510100,sh,上证50ETF易方达
2022-06-09,2.524,2.516,2.543,2.509,158332.0,510100,sh,上证50ETF易方达
2022-06-10,2.502,2.55,2.555,2.495,166052.0,510100,sh,上证50ETF易方达
2022-06-13,2.541,2.502,2.541,2.483,172880.0,510100,sh,上证50ETF易方达
2022-06-14,2.48,2.548,2.548,2.464,172577.0,510100,sh,上证50ETF易方达
2022-06-15,2.548,2.579,2.625,2.536,231430.0,510100,sh,上证50ETF易方达
2022-06-16,2.574,2.548,2.591,2.543,149718.0,510100,sh,上证50ETF易方达
2022-06-17,2.526,2.596,2.598,2.524,128773.0,510100,sh,上证50ETF易方达
2022-06-20,2.593,2.584,2.617,2.569,190005.0,510100,sh,上证50ETF易方达
2022-06-21,2.584,2.593,2.613,2.567,149810.0,510100,sh,上证50ETF易方达
2022-06-22,2.593,2.562,2.598,2.56,129232.0,510100,sh,上证50ETF易方达
2022-06-23,2.569,2.603,2.61,2.562,120372.0,510100,sh,上证50ETF易方达
2022-06-24,2.603,2.641,2.653,2.603,223321.0,510100,sh,上证50ETF易方达
2022-06-27,2.641,2.675,2.701,2.641,240138.0,510100,sh,上证50ETF易方达
2022-06-28,2.675,2.704,2.713,2.661,208899.0,510100,sh,上证50ETF易方达
2022-06-29,2.699,2.68,2.716,2.67,285613.0,510100,sh,上证50ETF易方达
2022-06-30,2.677,2.728,2.761,2.67,271372.0,510100,sh,上证50ETF易方达
2022-07-01,2.733,2.725,2.745,2.711,183948.0,510100,sh,上证50ETF易方达
2022-07-04,2.721,2.723,2.728,2.685,177746.0,510100,sh,上证50ETF易方达
2022-07-05,2.728,2.728,2.754,2.692,292058.0,510100,sh,上证50ETF易方达
2022-07-06,2.728,2.675,2.728,2.661,242764.0,510100,sh,上证50ETF易方达
2022-07-07,2.673,2.67,2.682,2.646,224769.0,510100,sh,上证50ETF易方达
2022-07-08,2.67,2.673,2.701,2.67,267557.0,510100,sh,上证50ETF易方达
2022-07-11,2.665,2.627,2.665,2.617,260569.0,510100,sh,上证50ETF易方达
2022-07-12,2.625,2.608,2.639,2.601,214723.0,510100,sh,上证50ETF易方达
2022-07-13,2.601,2.603,2.617,2.591,251950.0,510100,sh,上证50ETF易方达
2022-07-14,2.603,2.584,2.605,2.569,165938.0,510100,sh,上证50ETF易方达
2022-07-15,2.584,2.548,2.617,2.545,236033.0,510100,sh,上证50ETF易方达
2022-07-18,2.553,2.579,2.589,2.533,205615.0,510100,sh,上证50ETF易方达
2022-07-19,2.579,2.569,2.579,2.543,198044.0,510100,sh,上证50ETF易方达
2022-07-20,2.574,2.577,2.591,2.569,158880.0,510100,sh,上证50ETF易方达
2022-07-21,2.572,2.545,2.589,2.545,159391.0,510100,sh,上证50ETF易方达
2022-07-22,2.557,2.56,2.579,2.536,213426.0,510100,sh,上证50ETF易方达
2022-07-25,2.543,2.548,2.557,2.538,167328.0,510100,sh,上证50ETF易方达
2022-07-26,2.548,2.56,2.572,2.548,149370.0,510100,sh,上证50ETF易方达
2022-07-27,2.557,2.538,2.557,2.531,158218.0,510100,sh,上证50ETF易方达
2022-07-28,2.543,2.541,2.574,2.533,237279.0,510100,sh,上证50ETF易方达
2022-07-29,2.533,2.504,2.562,2.492,287657.0,510100,sh,上证50ETF易方达
2022-08-01,2.504,2.49,2.504,2.476,206986.0,510100,sh,上证50ETF易方达
2022-08-02,2.478,2.44,2.478,2.42,770956.0,510100,sh,上证50ETF易方达
2022-08-03,2.44,2.423,2.464,2.418,261629.0,510100,sh,上证50ETF易方达
2022-08-04,2.43,2.454,2.454,2.428,262584.0,510100,sh,上证50ETF易方达
2022-08-05,2.456,2.485,2.49,2.449,291355.0,510100,sh,上证50ETF易方达
2022-08-08,2.483,2.473,2.49,2.464,193525.0,510100,sh,上证50ETF易方达
2022-08-09,2.476,2.473,2.48,2.466,179340.0,510100,sh,上证50ETF易方达
2022-08-10,2.473,2.442,2.478,2.437,240692.0,510100,sh,上证50ETF易方达
2022-08-11,2.459,2.502,2.502,2.449,238448.0,510100,sh,上证50ETF易方达
2022-08-12,2.502,2.507,2.514,2.488,234937.0,510100,sh,上证50ETF易方达
2022-08-15,2.509,2.495,2.521,2.49,169253.0,510100,sh,上证50ETF易方达
2022-08-16,2.504,2.483,2.507,2.478,362979.0,510100,sh,上证50ETF易方达
2022-08-17,2.483,2.497,2.507,2.464,168486.0,510100,sh,上证50ETF易方达
2022-08-18,2.502,2.476,2.502,2.466,163170.0,510100,sh,上证50ETF易方达
2022-08-19,2.473,2.468,2.488,2.464,214518.0,510100,sh,上证50ETF易方达
2022-08-22,2.461,2.468,2.483,2.456,218371.0,510100,sh,上证50ETF易方达
2022-08-23,2.468,2.452,2.478,2.444,221044.0,510100,sh,上证50ETF易方达
2022-08-24,2.452,2.425,2.468,2.42,225034.0,510100,sh,上证50ETF易方达
2022-08-25,2.43,2.468,2.476,2.423,406192.0,510100,sh,上证50ETF易方达
2022-08-26,2.468,2.473,2.48,2.464,232777.0,510100,sh,上证50ETF易方达
2022-08-29,2.447,2.452,2.459,2.44,265355.0,510100,sh,上证50ETF易方达
2022-08-30,2.447,2.449,2.459,2.425,158654.0,510100,sh,上证50ETF易方达
2022-08-31,2.442,2.48,2.5,2.437,263438.0,510100,sh,上证50ETF易方达
2022-09-01,2.473,2.454,2.48,2.449,432217.0,510100,sh,上证50ETF易方达
2022-09-02,2.456,2.435,2.471,2.418,413557.0,510100,sh,上证50ETF易方达
2022-09-05,2.432,2.416,2.435,2.396,393221.0,510100,sh,上证50ETF易方达
2022-09-06,2.423,2.447,2.449,2.42,545283.0,510100,sh,上证50ETF易方达
2022-09-07,2.435,2.432,2.44,2.423,326838.0,510100,sh,上证50ETF易方达
2022-09-08,2.432,2.425,2.444,2.425,251756.0,510100,sh,上证50ETF易方达
2022-09-09,2.43,2.483,2.485,2.43,420125.0,510100,sh,上证50ETF易方达
2022-09-13,2.483,2.485,2.502,2.471,364906.0,510100,sh,上证50ETF易方达
2022-09-14,2.459,2.468,2.48,2.459,452076.0,510100,sh,上证50ETF易方达
2022-09-15,2.468,2.461,2.49,2.449,472419.0,510100,sh,上证50ETF易方达
2022-09-16,2.449,2.404,2.459,2.401,802263.0,510100,sh,上证50ETF易方达
2022-09-19,2.404,2.399,2.413,2.392,295175.0,510100,sh,上证50ETF易方达
2022-09-20,2.413,2.396,2.416,2.389,260285.0,510100,sh,上证50ETF易方达
2022-09-21,2.387,2.372,2.394,2.365,486695.0,510100,sh,上证50ETF易方达
2022-09-22,2.356,2.348,2.368,2.344,482275.0,510100,sh,上证50ETF易方达
2022-09-23,2.346,2.356,2.37,2.341,406249.0,510100,sh,上证50ETF易方达
2022-09-26,2.351,2.336,2.37,2.332,403496.0,510100,sh,上证50ETF易方达
2022-09-27,2.334,2.36,2.365,2.329,320239.0,510100,sh,上证50ETF易方达
2022-09-28,2.353,2.332,2.356,2.329,288374.0,510100,sh,上证50ETF易方达
2022-09-29,2.341,2.332,2.36,2.315,420818.0,510100,sh,上证50ETF易方达
2022-09-30,2.329,2.332,2.353,2.327,353721.0,510100,sh,上证50ETF易方达
2022-10-10,2.332,2.272,2.336,2.264,448029.0,510100,sh,上证50ETF易方达
2022-10-11,2.272,2.262,2.276,2.255,319711.0,510100,sh,上证50ETF易方达
2022-10-12,2.264,2.281,2.284,2.202,548349.0,510100,sh,上证50ETF易方达
2022-10-13,2.264,2.248,2.264,2.236,394131.0,510100,sh,上证50ETF易方达
2022-10-14,2.26,2.303,2.317,2.26,516632.0,510100,sh,上证50ETF易方达
2022-10-17,2.284,2.303,2.305,2.279,475655.0,510100,sh,上证50ETF易方达
2022-10-18,2.315,2.288,2.32,2.286,268464.0,510100,sh,上证50ETF易方达
2022-10-19,2.286,2.245,2.291,2.238,486694.0,510100,sh,上证50ETF易方达
2022-10-20,2.236,2.231,2.262,2.221,408501.0,510100,sh,上证50ETF易方达
2022-10-21,2.24,2.214,2.245,2.197,431853.0,510100,sh,上证50ETF易方达
2022-10-24,2.219,2.12,2.221,2.116,780447.0,510100,sh,上证50ETF易方达
2022-10-25,2.12,2.125,2.152,2.106,570367.0,510100,sh,上证50ETF易方达
2022-10-26,2.125,2.125,2.166,2.116,520807.0,510100,sh,上证50ETF易方达
2022-10-27,2.13,2.111,2.159,2.106,490418.0,510100,sh,上证50ETF易方达
2022-10-28,2.099,2.051,2.108,2.048,683994.0,510100,sh,上证50ETF易方达
2022-10-31,2.015,2.029,2.056,2.012,555542.0,510100,sh,上证50ETF易方达
2022-11-01,2.032,2.123,2.125,2.032,646970.0,510100,sh,上证50ETF易方达
2022-11-02,2.116,2.142,2.159,2.099,585900.0,510100,sh,上证50ETF易方达
2022-11-03,2.116,2.113,2.132,2.101,401399.0,510100,sh,上证50ETF易方达
2022-11-04,2.113,2.192,2.202,2.113,637268.0,510100,sh,上证50ETF易方达
2022-11-07,2.173,2.197,2.214,2.168,481518.0,510100,sh,上证50ETF易方达
2022-11-08,2.195,2.183,2.204,2.168,406841.0,510100,sh,上证50ETF易方达
2022-11-09,2.18,2.164,2.195,2.159,277402.0,510100,sh,上证50ETF易方达
2022-11-10,2.154,2.166,2.178,2.14,349486.0,510100,sh,上证50ETF易方达
2022-11-11,2.216,2.243,2.274,2.204,736663.0,510100,sh,上证50ETF易方达
2022-11-14,2.248,2.264,2.303,2.248,774812.0,510100,sh,上证50ETF易方达
2022-11-15,2.255,2.308,2.32,2.245,556125.0,510100,sh,上证50ETF易方达
2022-11-16,2.296,2.298,2.32,2.291,385723.0,510100,sh,上证50ETF易方达
2022-11-17,2.293,2.286,2.293,2.255,325871.0,510100,sh,上证50ETF易方达
2022-11-18,2.291,2.276,2.298,2.267,327706.0,510100,sh,上证50ETF易方达
2022-11-21,2.25,2.243,2.25,2.216,410199.0,510100,sh,上证50ETF易方达
2022-11-22,2.231,2.255,2.305,2.231,490180.0,510100,sh,上证50ETF易方达
2022-11-23,2.243,2.262,2.281,2.24,532777.0,510100,sh,上证50ETF易方达
2022-11-24,2.264,2.245,2.288,2.243,446845.0,510100,sh,上证50ETF易方达
2022-11-25,2.245,2.272,2.284,2.238,377539.0,510100,sh,上证50ETF易方达
2022-11-28,2.24,2.231,2.245,2.188,727099.0,510100,sh,上证50ETF易方达
2022-11-29,2.238,2.332,2.334,2.238,777931.0,510100,sh,上证50ETF易方达
2022-11-30,2.324,2.327,2.348,2.305,462957.0,510100,sh,上证50ETF易方达
2022-12-01,2.365,2.353,2.401,2.351,464095.0,510100,sh,上证50ETF易方达
2022-12-02,2.351,2.339,2.356,2.332,401070.0,510100,sh,上证50ETF易方达
2022-12-05,2.377,2.399,2.399,2.358,663238.0,510100,sh,上证50ETF易方达
2022-12-06,2.396,2.408,2.428,2.38,346858.0,510100,sh,上证50ETF易方达
2022-12-07,2.394,2.396,2.432,2.384,353300.0,510100,sh,上证50ETF易方达
2022-12-08,2.392,2.399,2.406,2.375,276093.0,510100,sh,上证50ETF易方达
2022-12-09,2.396,2.425,2.435,2.387,383830.0,510100,sh,上证50ETF易方达
2022-12-12,2.428,2.396,2.428,2.394,289785.0,510100,sh,上证50ETF易方达
2022-12-13,2.396,2.401,2.418,2.392,484647.0,510100,sh,上证50ETF易方达
2022-12-14,2.401,2.418,2.428,2.389,295599.0,510100,sh,上证50ETF易方达
2022-12-15,2.425,2.406,2.428,2.389,353486.0,510100,sh,上证50ETF易方达
2022-12-16,2.396,2.416,2.42,2.387,271070.0,510100,sh,上证50ETF易方达
2022-12-19,2.418,2.377,2.428,2.365,424436.0,510100,sh,上证50ETF易方达
2022-12-20,2.372,2.329,2.372,2.31,475356.0,510100,sh,上证50ETF易方达
2022-12-21,2.334,2.334,2.346,2.332,278242.0,510100,sh,上证50ETF易方达
2022-12-22,2.356,2.351,2.372,2.339,380835.0,510100,sh,上证50ETF易方达
2022-12-23,2.344,2.346,2.358,2.329,202159.0,510100,sh,上证50ETF易方达
2022-12-26,2.358,2.339,2.358,2.332,221509.0,510100,sh,上证50ETF易方达
2022-12-27,2.351,2.365,2.375,2.351,227660.0,510100,sh,上证50ETF易方达
2022-12-28,2.368,2.375,2.38,2.353,218836.0,510100,sh,上证50ETF易方达
2022-12-29,2.36,2.358,2.368,2.336,280932.0,510100,sh,上证50ETF易方达
2022-12-30,2.36,2.372,2.382,2.36,363678.0,510100,sh,上证50ETF易方达
2023-01-03,2.37,2.375,2.384,2.336,480487.0,510100,sh,上证50ETF易方达
2023-01-04,2.372,2.382,2.396,2.363,2284315.0,510100,sh,上证50ETF易方达
2023-01-05,2.399,2.437,2.44,2.399,288202.0,510100,sh,上证50ETF易方达
2023-01-06,2.432,2.449,2.454,2.432,469261.0,510100,sh,上证50ETF易方达
2023-01-09,2.452,2.476,2.48,2.452,378457.0,510100,sh,上证50ETF易方达
2023-01-10,2.478,2.464,2.483,2.464,275961.0,510100,sh,上证50ETF易方达
2023-01-11,2.464,2.473,2.495,2.464,700321.0,510100,sh,上证50ETF易方达
2023-01-12,2.473,2.476,2.488,2.466,198616.0,510100,sh,上证50ETF易方达
2023-01-13,2.478,2.524,2.524,2.478,795127.0,510100,sh,上证50ETF易方达
2023-01-16,2.524,2.572,2.603,2.524,517018.0,510100,sh,上证50ETF易方达
2023-01-17,2.567,2.565,2.574,2.55,249146.0,510100,sh,上证50ETF易方达
2023-01-18,2.562,2.541,2.574,2.538,337545.0,510100,sh,上证50ETF易方达
2023-01-19,2.541,2.555,2.555,2.516,493684.0,510100,sh,上证50ETF易方达
2023-01-20,2.555,2.572,2.581,2.555,293222.0,510100,sh,上证50ETF易方达
2023-01-30,2.608,2.574,2.625,2.567,487687.0,510100,sh,上证50ETF易方达
2023-01-31,2.574,2.545,2.589,2.538,418470.0,510100,sh,上证50ETF易方达
2023-02-01,2.545,2.557,2.56,2.512,841169.0,510100,sh,上证50ETF易方达
2023-02-02,2.574,2.548,2.574,2.531,1220474.0,510100,sh,上证50ETF易方达
2023-02-03,2.529,2.507,2.529,2.485,407223.0,510100,sh,上证50ETF易方达
2023-02-06,2.48,2.468,2.483,2.447,843158.0,510100,sh,上证50ETF易方达
2023-02-07,2.471,2.473,2.485,2.464,414843.0,510100,sh,上证50ETF易方达
2023-02-08,2.473,2.464,2.492,2.461,364466.0,510100,sh,上证50ETF易方达
2023-02-09,2.459,2.497,2.5,2.452,271324.0,510100,sh,上证50ETF易方达
2023-02-13,2.467,2.498,2.504,2.463,463374.0,510100,sh,上证50ETF易方达
2023-02-14,2.502,2.51,2.512,2.492,312307.0,510100,sh,上证50ETF易方达
2023-02-15,2.512,2.486,2.516,2.479,351415.0,510100,sh,上证50ETF易方达
2023-02-16,2.488,2.479,2.524,2.457,484314.0,510100,sh,上证50ETF易方达
2023-02-17,2.479,2.449,2.494,2.443,520879.0,510100,sh,上证50ETF易方达
2023-02-20,2.449,2.522,2.528,2.449,1154103.0,510100,sh,上证50ETF易方达
2023-02-21,2.526,2.538,2.542,2.514,951902.0,510100,sh,上证50ETF易方达
2023-02-22,2.522,2.504,2.532,2.498,873158.0,510100,sh,上证50ETF易方达
2023-02-23,2.504,2.504,2.524,2.49,590094.0,510100,sh,上证50ETF易方达
2023-02-24,2.504,2.465,2.504,2.455,502821.0,510100,sh,上证50ETF易方达
2023-02-27,2.455,2.459,2.473,2.445,481260.0,510100,sh,上证50ETF易方达
2023-02-28,2.467,2.473,2.477,2.433,587949.0,510100,sh,上证50ETF易方达
2023-03-01,2.469,2.506,2.52,2.463,992009.0,510100,sh,上证50ETF易方达
2023-03-02,2.506,2.502,2.516,2.494,659414.0,510100,sh,上证50ETF易方达
2023-03-03,2.502,2.508,2.52,2.488,529238.0,510100,sh,上证50ETF易方达
2023-03-06,2.508,2.475,2.508,2.467,644019.0,510100,sh,上证50ETF易方达
2023-03-07,2.477,2.455,2.494,2.443,1018384.0,510100,sh,上证50ETF易方达
2023-03-08,2.445,2.425,2.445,2.413,744539.0,510100,sh,上证50ETF易方达
2023-03-09,2.423,2.407,2.427,2.391,958073.0,510100,sh,上证50ETF易方达
2023-03-10,2.395,2.371,2.403,2.367,1191194.0,510100,sh,上证50ETF易方达
2023-03-13,2.367,2.397,2.405,2.367,628702.0,510100,sh,上证50ETF易方达
2023-03-14,2.395,2.381,2.395,2.361,679576.0,510100,sh,上证50ETF易方达
2023-03-15,2.397,2.381,2.407,2.377,406184.0,510100,sh,上证50ETF易方达
2023-03-16,2.363,2.355,2.383,2.353,651608.0,510100,sh,上证50ETF易方达
2023-03-17,2.375,2.369,2.409,2.355,1115285.0,510100,sh,上证50ETF易方达
2023-03-20,2.369,2.351,2.381,2.345,670791.0,510100,sh,上证50ETF易方达
2023-03-21,2.353,2.375,2.381,2.353,697506.0,510100,sh,上证50ETF易方达
2023-03-22,2.383,2.381,2.399,2.375,514907.0,510100,sh,上证50ETF易方达
2023-03-23,2.381,2.401,2.403,2.375,640107.0,510100,sh,上证50ETF易方达
2023-03-24,2.403,2.389,2.403,2.381,516894.0,510100,sh,上证50ETF易方达
2023-03-27,2.389,2.371,2.389,2.359,670040.0,510100,sh,上证50ETF易方达
2023-03-28,2.375,2.373,2.385,2.365,1022404.0,510100,sh,上证50ETF易方达
2023-03-29,2.381,2.367,2.391,2.365,1330304.0,510100,sh,上证50ETF易方达
2023-03-30,2.369,2.399,2.401,2.361,641137.0,510100,sh,上证50ETF易方达
2023-03-31,2.399,2.399,2.415,2.391,566411.0,510100,sh,上证50ETF易方达
2023-04-03,2.397,2.395,2.407,2.385,971643.0,510100,sh,上证50ETF易方达
2023-04-04,2.403,2.411,2.411,2.391,828320.0,510100,sh,上证50ETF易方达
2023-04-06,2.401,2.399,2.407,2.389,762937.0,510100,sh,上证50ETF易方达
2023-04-07,2.399,2.417,2.427,2.395,623315.0,510100,sh,上证50ETF易方达
2023-04-10,2.419,2.419,2.425,2.405,1017071.0,510100,sh,上证50ETF易方达
2023-04-11,2.421,2.415,2.429,2.403,685020.0,510100,sh,上证50ETF易方达
2023-04-12,2.415,2.401,2.417,2.397,510615.0,510100,sh,上证50ETF易方达
2023-04-13,2.395,2.401,2.409,2.385,499163.0,510100,sh,上证50ETF易方达
2023-04-14,2.407,2.409,2.423,2.401,514930.0,510100,sh,上证50ETF易方达
2023-04-17,2.423,2.463,2.467,2.407,1300054.0,510100,sh,上证50ETF易方达
2023-04-18,2.465,2.477,2.484,2.457,2148416.0,510100,sh,上证50ETF易方达
2023-04-19,2.477,2.453,2.477,2.451,863844.0,510100,sh,上证50ETF易方达
2023-04-20,2.447,2.437,2.455,2.427,529437.0,510100,sh,上证50ETF易方达
2023-04-21,2.435,2.385,2.437,2.383,882897.0,510100,sh,上证50ETF易方达
2023-04-24,2.383,2.351,2.389,2.343,1064268.0,510100,sh,上证50ETF易方达
2023-04-25,2.351,2.351,2.361,2.329,783943.0,510100,sh,上证50ETF易方达
2023-04-26,2.347,2.349,2.359,2.341,506192.0,510100,sh,上证50ETF易方达
2023-04-27,2.351,2.387,2.393,2.345,672107.0,510100,sh,上证50ETF易方达
2023-04-28,2.381,2.407,2.415,2.381,572862.0,510100,sh,上证50ETF易方达
2023-05-04,2.397,2.423,2.427,2.385,768771.0,510100,sh,上证50ETF易方达
2023-05-05,2.433,2.415,2.437,2.405,1317449.0,510100,sh,上证50ETF易方达
2023-05-08,2.417,2.451,2.457,2.417,633759.0,510100,sh,上证50ETF易方达
2023-05-09,2.455,2.435,2.479,2.433,973479.0,510100,sh,上证50ETF易方达
2023-05-10,2.433,2.405,2.441,2.403,640331.0,510100,sh,上证50ETF易方达
2023-05-11,2.407,2.399,2.419,2.395,410005.0,510100,sh,上证50ETF易方达
2023-05-12,2.389,2.365,2.403,2.363,519610.0,510100,sh,上证50ETF易方达
2023-05-15,2.363,2.411,2.411,2.353,689504.0,510100,sh,上证50ETF易方达
2023-05-16,2.413,2.405,2.415,2.395,554459.0,510100,sh,上证50ETF易方达
2023-05-17,2.399,2.383,2.407,2.375,363284.0,510100,sh,上证50ETF易方达
2023-05-18,2.389,2.379,2.397,2.365,458965.0,510100,sh,上证50ETF易方达
2023-05-19,2.375,2.369,2.385,2.347,823735.0,510100,sh,上证50ETF易方达
2023-05-22,2.369,2.391,2.405,2.363,907360.0,510100,sh,上证50ETF易方达
2023-05-23,2.391,2.351,2.395,2.347,683025.0,510100,sh,上证50ETF易方达
2023-05-24,2.345,2.315,2.347,2.307,786072.0,510100,sh,上证50ETF易方达
2023-05-25,2.311,2.3,2.311,2.274,1839431.0,510100,sh,上证50ETF易方达
2023-05-26,2.292,2.294,2.307,2.268,690645.0,510100,sh,上证50ETF易方达
2023-05-29,2.298,2.282,2.309,2.27,553171.0,510100,sh,上证50ETF易方达
2023-05-30,2.28,2.272,2.29,2.24,1465632.0,510100,sh,上证50ETF易方达
2023-05-31,2.264,2.232,2.266,2.224,871757.0,510100,sh,上证50ETF易方达
2023-06-01,2.232,2.236,2.262,2.226,840832.0,510100,sh,上证50ETF易方达
2023-06-02,2.254,2.28,2.286,2.248,982565.0,510100,sh,上证50ETF易方达
2023-06-05,2.28,2.266,2.28,2.258,646998.0,510100,sh,上证50ETF易方达
2023-06-06,2.266,2.254,2.3,2.25,762248.0,510100,sh,上证50ETF易方达
2023-06-07,2.26,2.252,2.274,2.244,1063406.0,510100,sh,上证50ETF易方达
2023-06-08,2.252,2.278,2.288,2.24,942766.0,510100,sh,上证50ETF易方达
2023-06-09,2.29,2.286,2.292,2.276,955474.0,510100,sh,上证50ETF易方达
2023-06-12,2.288,2.292,2.305,2.272,696978.0,510100,sh,上证50ETF易方达
2023-06-13,2.284,2.3,2.305,2.276,583195.0,510100,sh,上证50ETF易方达
2023-06-14,2.3,2.3,2.321,2.296,832942.0,510100,sh,上证50ETF易方达
2023-06-15,2.3,2.335,2.337,2.3,628404.0,510100,sh,上证50ETF易方达
2023-06-16,2.337,2.357,2.367,2.337,603979.0,510100,sh,上证50ETF易方达
2023-06-19,2.361,2.327,2.361,2.323,648604.0,510100,sh,上证50ETF易方达
2023-06-20,2.325,2.317,2.333,2.311,734268.0,510100,sh,上证50ETF易方达
2023-06-21,2.313,2.288,2.319,2.288,723048.0,510100,sh,上证50ETF易方达
2023-06-26,2.274,2.26,2.276,2.252,746616.0,510100,sh,上证50ETF易方达
2023-06-27,2.26,2.276,2.284,2.254,578288.0,510100,sh,上证50ETF易方达
2023-06-28,2.274,2.286,2.288,2.264,626393.0,510100,sh,上证50ETF易方达
2023-06-29,2.286,2.268,2.29,2.264,473100.0,510100,sh,上证50ETF易方达
2023-06-30,2.268,2.278,2.292,2.264,383989.0,510100,sh,上证50ETF易方达
2023-07-03,2.28,2.317,2.321,2.28,506598.0,510100,sh,上证50ETF易方达
2023-07-04,2.317,2.321,2.323,2.307,361650.0,510100,sh,上证50ETF易方达
2023-07-05,2.319,2.307,2.323,2.3,356896.0,510100,sh,上证50ETF易方达
2023-07-06,2.302,2.288,2.313,2.28,442445.0,510100,sh,上证50ETF易方达
2023-07-07,2.282,2.276,2.286,2.268,453285.0,510100,sh,上证50ETF易方达
2023-07-10,2.286,2.29,2.309,2.28,581688.0,510100,sh,上证50ETF易方达
2023-07-11,2.294,2.307,2.309,2.292,327270.0,510100,sh,上证50ETF易方达
2023-07-12,2.311,2.305,2.321,2.298,586899.0,510100,sh,上证50ETF易方达
2023-07-13,2.313,2.345,2.349,2.313,633968.0,510100,sh,上证50ETF易方达
2023-07-14,2.347,2.345,2.355,2.343,443131.0,510100,sh,上证50ETF易方达
2023-07-17,2.335,2.323,2.337,2.313,677492.0,510100,sh,上证50ETF易方达
2023-07-18,2.323,2.321,2.329,2.311,635387.0,510100,sh,上证50ETF易方达
2023-07-19,2.317,2.327,2.329,2.313,659320.0,510100,sh,上证50ETF易方达
2023-07-20,2.329,2.315,2.347,2.311,651866.0,510100,sh,上证50ETF易方达
2023-07-21,2.315,2.325,2.339,2.307,791066.0,510100,sh,上证50ETF易方达
2023-07-24,2.317,2.313,2.321,2.302,669882.0,510100,sh,上证50ETF易方达
2023-07-25,2.343,2.393,2.395,2.343,1371891.0,510100,sh,上证50ETF易方达
2023-07-26,2.383,2.389,2.395,2.379,628906.0,510100,sh,上证50ETF易方达
2023-07-27,2.395,2.391,2.409,2.381,720948.0,510100,sh,上证50ETF易方达
2023-07-28,2.377,2.465,2.475,2.375,1617413.0,510100,sh,上证50ETF易方达
2023-07-31,2.471,2.469,2.522,2.459,1396335.0,510100,sh,上证50ETF易方达
2023-08-01,2.459,2.459,2.488,2.453,1014678.0,510100,sh,上证50ETF易方达
2023-08-02,2.459,2.435,2.469,2.427,978736.0,510100,sh,上证50ETF易方达
2023-08-03,2.425,2.459,2.463,2.425,1002311.0,510100,sh,上证50ETF易方达
2023-08-04,2.481,2.465,2.5,2.461,1804340.0,510100,sh,上证50ETF易方达
2023-08-07,2.455,2.451,2.455,2.439,771625.0,510100,sh,上证50ETF易方达
2023-08-08,2.447,2.447,2.465,2.429,733757.0,510100,sh,上证50ETF易方达
2023-08-09,2.441,2.445,2.457,2.439,709768.0,510100,sh,上证50ETF易方达
2023-08-10,2.477,2.445,2.477,2.423,857670.0,510100,sh,上证50ETF易方达
2023-08-11,2.451,2.389,2.455,2.381,1260729.0,510100,sh,上证50ETF易方达
2023-08-14,2.363,2.363,2.367,2.339,941645.0,510100,sh,上证50ETF易方达
2023-08-15,2.357,2.361,2.373,2.335,705616.0,510100,sh,上证50ETF易方达
2023-08-16,2.355,2.343,2.363,2.343,532900.0,510100,sh,上证50ETF易方达
2023-08-17,2.335,2.351,2.355,2.321,1216217.0,510100,sh,上证50ETF易方达
2023-08-18,2.351,2.319,2.361,2.317,785806.0,510100,sh,上证50ETF易方达
2023-08-21,2.319,2.286,2.323,2.284,872313.0,510100,sh,上证50ETF易方达
2023-08-22,2.294,2.307,2.317,2.274,1207700.0,510100,sh,上证50ETF易方达
2023-08-23,2.292,2.274,2.309,2.268,1090712.0,510100,sh,上证50ETF易方达
2023-08-24,2.282,2.292,2.309,2.278,824815.0,510100,sh,上证50ETF易方达
2023-08-25,2.284,2.302,2.319,2.28,2141345.0,510100,sh,上证50ETF易方达
2023-08-28,2.443,2.339,2.465,2.321,1468873.0,510100,sh,上证50ETF易方达
2023-08-29,2.333,2.343,2.365,2.321,1230892.0,510100,sh,上证50ETF易方达
2023-08-30,2.347,2.335,2.355,2.333,1847613.0,510100,sh,上证50ETF易方达
2023-08-31,2.333,2.327,2.347,2.321,602647.0,510100,sh,上证50ETF易方达
2023-09-01,2.337,2.349,2.363,2.337,679054.0,510100,sh,上证50ETF易方达
2023-09-04,2.363,2.395,2.401,2.361,781786.0,510100,sh,上证50ETF易方达
2023-09-05,2.385,2.379,2.391,2.375,637519.0,510100,sh,上证50ETF易方达
2023-09-06,2.373,2.377,2.381,2.361,506833.0,510100,sh,上证50ETF易方达
2023-09-07,2.375,2.351,2.375,2.345,590304.0,510100,sh,上证50ETF易方达
2023-09-08,2.339,2.333,2.347,2.327,532723.0,510100,sh,上证50ETF易方达
2023-09-11,2.335,2.351,2.367,2.333,521355.0,510100,sh,上证50ETF易方达
2023-09-12,2.351,2.347,2.355,2.343,277528.0,510100,sh,上证50ETF易方达
2023-09-13,2.349,2.341,2.359,2.325,627258.0,510100,sh,上证50ETF易方达
2023-09-14,2.343,2.347,2.357,2.333,758424.0,510100,sh,上证50ETF易方达
2023-09-15,2.355,2.335,2.365,2.327,470929.0,510100,sh,上证50ETF易方达
2023-09-18,2.327,2.349,2.351,2.317,639424.0,510100,sh,上证50ETF易方达
2023-09-19,2.349,2.349,2.353,2.333,525207.0,510100,sh,上证50ETF易方达
2023-09-20,2.349,2.335,2.349,2.335,423993.0,510100,sh,上证50ETF易方达
2023-09-21,2.333,2.311,2.337,2.309,898914.0,510100,sh,上证50ETF易方达
2023-09-22,2.307,2.373,2.373,2.307,712573.0,510100,sh,上证50ETF易方达
2023-09-25,2.367,2.349,2.367,2.345,477957.0,510100,sh,上证50ETF易方达
2023-09-26,2.349,2.333,2.353,2.331,376574.0,510100,sh,上证50ETF易方达
2023-09-27,2.327,2.343,2.357,2.327,447675.0,510100,sh,上证50ETF易方达
2023-09-28,2.347,2.325,2.351,2.319,648027.0,510100,sh,上证50ETF易方达
2023-10-09,2.323,2.315,2.323,2.288,651310.0,510100,sh,上证50ETF易方达
2023-10-10,2.321,2.298,2.333,2.296,1135807.0,510100,sh,上证50ETF易方达
2023-10-11,2.309,2.309,2.321,2.302,1555398.0,510100,sh,上证50ETF易方达
2023-10-12,2.341,2.329,2.343,2.321,1956833.0,510100,sh,上证50ETF易方达
2023-10-13,2.315,2.307,2.317,2.3,1958346.0,510100,sh,上证50ETF易方达
2023-10-16,2.307,2.282,2.317,2.274,1073366.0,510100,sh,上证50ETF易方达
2023-10-17,2.286,2.292,2.296,2.278,336706.0,510100,sh,上证50ETF易方达
2023-10-18,2.288,2.28,2.296,2.278,487880.0,510100,sh,上证50ETF易方达
2023-10-19,2.274,2.218,2.274,2.212,699392.0,510100,sh,上证50ETF易方达
2023-10-20,2.204,2.2,2.214,2.188,1138831.0,510100,sh,上证50ETF易方达
2023-10-23,2.194,2.182,2.202,2.16,725050.0,510100,sh,上证50ETF易方达
2023-10-24,2.186,2.19,2.196,2.168,977342.0,510100,sh,上证50ETF易方达
2023-10-25,2.208,2.2,2.228,2.198,777332.0,510100,sh,上证50ETF易方达
2023-10-26,2.19,2.21,2.212,2.188,483896.0,510100,sh,上证50ETF易方达
2023-10-27,2.204,2.234,2.242,2.198,588832.0,510100,sh,上证50ETF易方达
2023-10-30,2.226,2.232,2.238,2.22,547636.0,510100,sh,上证50ETF易方达
2023-10-31,2.232,2.228,2.232,2.216,576364.0,510100,sh,上证50ETF易方达
2023-11-01,2.284,2.238,2.288,2.232,614504.0,510100,sh,上证50ETF易方达
2023-11-02,2.24,2.234,2.258,2.232,443818.0,510100,sh,上证50ETF易方达
2023-11-03,2.236,2.254,2.26,2.236,446307.0,510100,sh,上证50ETF易方达
2023-11-06,2.266,2.274,2.278,2.26,431861.0,510100,sh,上证50ETF易方达
2023-11-07,2.268,2.262,2.268,2.254,463704.0,510100,sh,上证50ETF易方达
2023-11-08,2.26,2.256,2.268,2.244,625151.0,510100,sh,上证50ETF易方达
2023-11-09,2.246,2.252,2.262,2.244,394025.0,510100,sh,上证50ETF易方达
2023-11-10,2.246,2.232,2.25,2.226,419739.0,510100,sh,上证50ETF易方达
2023-11-13,2.242,2.228,2.242,2.212,568831.0,510100,sh,上证50ETF易方达
2023-11-14,2.228,2.224,2.236,2.212,447309.0,510100,sh,上证50ETF易方达
2023-11-15,2.244,2.246,2.248,2.236,587478.0,510100,sh,上证50ETF易方达
2023-11-16,2.246,2.22,2.246,2.218,517621.0,510100,sh,上证50ETF易方达
2023-11-17,2.218,2.216,2.218,2.194,408995.0,510100,sh,上证50ETF易方达
2023-11-20,2.216,2.222,2.232,2.2,580316.0,510100,sh,上证50ETF易方达
2023-11-21,2.23,2.234,2.25,2.226,733640.0,510100,sh,上证50ETF易方达
2023-11-22,2.226,2.214,2.23,2.212,392846.0,510100,sh,上证50ETF易方达
2023-11-23,2.212,2.224,2.226,2.2,481815.0,510100,sh,上证50ETF易方达
2023-11-24,2.216,2.21,2.22,2.204,473440.0,510100,sh,上证50ETF易方达
2023-11-27,2.208,2.19,2.208,2.174,545289.0,510100,sh,上证50ETF易方达
2023-11-28,2.186,2.188,2.192,2.178,382203.0,510100,sh,上证50ETF易方达
2023-11-29,2.188,2.178,2.194,2.168,520109.0,510100,sh,上证50ETF易方达
2023-11-30,2.174,2.182,2.19,2.172,1988140.0,510100,sh,上证50ETF易方达
2023-12-01,2.182,2.166,2.182,2.148,1321967.0,510100,sh,上证50ETF易方达
2023-12-04,2.166,2.15,2.172,2.15,734292.0,510100,sh,上证50ETF易方达
2023-12-05,2.15,2.103,2.15,2.099,1002518.0,510100,sh,上证50ETF易方达
2023-12-06,2.097,2.099,2.115,2.093,1789335.0,510100,sh,上证50ETF易方达
2023-12-07,2.101,2.093,2.103,2.077,1030258.0,510100,sh,上证50ETF易方达
2023-12-08,2.093,2.097,2.107,2.087,599679.0,510100,sh,上证50ETF易方达
2023-12-11,2.085,2.109,2.119,2.063,1511406.0,510100,sh,上证50ETF易方达
2023-12-12,2.107,2.121,2.123,2.101,796691.0,510100,sh,上证50ETF易方达
2023-12-13,2.117,2.079,2.117,2.077,1376499.0,510100,sh,上证50ETF易方达
2023-12-14,2.089,2.065,2.101,2.065,1105991.0,510100,sh,上证50ETF易方达
2023-12-15,2.079,2.069,2.103,2.061,1447447.0,510100,sh,上证50ETF易方达
2023-12-18,2.065,2.071,2.079,2.045,1678728.0,510100,sh,上证50ETF易方达
2023-12-19,2.071,2.073,2.083,2.057,2226872.0,510100,sh,上证50ETF易方达
2023-12-20,2.081,2.059,2.083,2.057,1811296.0,510100,sh,上证50ETF易方达
2023-12-21,2.051,2.087,2.091,2.047,3458918.0,510100,sh,上证50ETF易方达
2023-12-22,2.087,2.097,2.107,2.075,2045175.0,510100,sh,上证50ETF易方达
2023-12-25,2.097,2.097,2.101,2.087,5074654.0,510100,sh,上证50ETF易方达
2023-12-26,2.099,2.087,2.099,2.079,2416295.0,510100,sh,上证50ETF易方达
2023-12-27,2.085,2.089,2.095,2.073,3242471.0,510100,sh,上证50ETF易方达
2023-12-28,2.089,2.142,2.146,2.089,3567601.0,510100,sh,上证50ETF易方达
2023-12-29,2.138,2.14,2.152,2.132,1520931.0,510100,sh,上证50ETF易方达
2024-01-02,2.14,2.111,2.14,2.111,3770345.0,510100,sh,上证50ETF易方达
2024-01-03,2.111,2.117,2.123,2.105,2195365.0,510100,sh,上证50ETF易方达
2024-01-04,2.117,2.099,2.117,2.079,2590577.0,510100,sh,上证50ETF易方达
2024-01-05,2.095,2.091,2.117,2.075,3996129.0,510100,sh,上证50ETF易方达
2024-01-08,2.087,2.063,2.095,2.061,2975295.0,510100,sh,上证50ETF易方达
2024-01-09,2.063,2.069,2.073,2.055,4479036.0,510100,sh,上证50ETF易方达
2024-01-10,2.065,2.055,2.081,2.053,2461493.0,510100,sh,上证50ETF易方达
2024-01-11,2.059,2.061,2.075,2.049,2406566.0,510100,sh,上证50ETF易方达
2024-01-12,2.057,2.057,2.073,2.051,1234446.0,510100,sh,上证50ETF易方达
2024-01-15,2.051,2.059,2.079,2.047,1945278.0,510100,sh,上证50ETF易方达
2024-01-16,2.055,2.069,2.071,2.043,2829681.0,510100,sh,上证50ETF易方达
2024-01-17,2.063,2.021,2.065,2.017,6340156.0,510100,sh,上证50ETF易方达
2024-01-18,2.005,2.059,2.063,1.983,6704213.0,510100,sh,上证50ETF易方达
2024-01-19,2.047,2.063,2.071,2.039,5566582.0,510100,sh,上证50ETF易方达
2024-01-22,2.063,2.045,2.077,2.021,4604489.0,510100,sh,上证50ETF易方达
2024-01-23,2.039,2.047,2.063,2.025,4569348.0,510100,sh,上证50ETF易方达
2024-01-24,2.055,2.083,2.087,2.031,2599250.0,510100,sh,上证50ETF易方达
2024-01-25,2.083,2.132,2.138,2.077,2240110.0,510100,sh,上证50ETF易方达
2024-01-26,2.121,2.134,2.144,2.117,2360816.0,510100,sh,上证50ETF易方达
2024-01-29,2.138,2.126,2.15,2.123,2125332.0,510100,sh,上证50ETF易方达
2024-01-30,2.119,2.093,2.123,2.091,2376826.0,510100,sh,上证50ETF易方达
2024-01-31,2.085,2.079,2.095,2.063,2947634.0,510100,sh,上证50ETF易方达
2024-02-01,2.065,2.069,2.093,2.059,4683519.0,510100,sh,上证50ETF易方达
2024-02-02,2.073,2.059,2.085,2.001,4436204.0,510100,sh,上证50ETF易方达
2024-02-05,2.045,2.075,2.091,2.023,4634673.0,510100,sh,上证50ETF易方达
2024-02-06,2.065,2.136,2.144,2.061,4518044.0,510100,sh,上证50ETF易方达
2024-02-07,2.138,2.162,2.166,2.123,5264740.0,510100,sh,上证50ETF易方达
2024-02-08,2.174,2.172,2.186,2.15,10979655.0,510100,sh,上证50ETF易方达
2024-02-19,2.174,2.184,2.194,2.164,1788646.0,510100,sh,上证50ETF易方达
2024-02-20,2.182,2.186,2.188,2.168,2180944.0,510100,sh,上证50ETF易方达
2024-02-21,2.17,2.226,2.26,2.17,3144686.0,510100,sh,上证50ETF易方达
2024-02-22,2.218,2.248,2.252,2.212,1591942.0,510100,sh,上证50ETF易方达
2024-02-23,2.248,2.248,2.264,2.24,1682024.0,510100,sh,上证50ETF易方达
2024-02-26,2.246,2.208,2.248,2.206,5374704.0,510100,sh,上证50ETF易方达
2024-02-27,2.206,2.222,2.224,2.202,2684904.0,510100,sh,上证50ETF易方达
2024-02-28,2.222,2.206,2.236,2.204,2617321.0,510100,sh,上证50ETF易方达
2024-02-29,2.202,2.226,2.23,2.198,1491198.0,510100,sh,上证50ETF易方达
2024-03-01,2.224,2.23,2.24,2.214,1532185.0,510100,sh,上证50ETF易方达
2024-03-04,2.224,2.234,2.242,2.222,1385806.0,510100,sh,上证50ETF易方达
2024-03-05,2.232,2.264,2.272,2.222,3380974.0,510100,sh,上证50ETF易方达
2024-03-06,2.264,2.252,2.268,2.25,1032837.0,510100,sh,上证50ETF易方达
2024-03-07,2.248,2.242,2.264,2.236,1385449.0,510100,sh,上证50ETF易方达
2024-03-08,2.246,2.244,2.252,2.226,2487068.0,510100,sh,上证50ETF易方达
2024-03-11,2.24,2.264,2.266,2.234,1623441.0,510100,sh,上证50ETF易方达
2024-03-12,2.264,2.268,2.276,2.254,1568435.0,510100,sh,上证50ETF易方达
2024-03-13,2.266,2.248,2.266,2.236,2234513.0,510100,sh,上证50ETF易方达
2024-03-14,2.242,2.242,2.264,2.232,1310143.0,510100,sh,上证50ETF易方达
2024-03-15,2.236,2.244,2.25,2.228,1257317.0,510100,sh,上证50ETF易方达
2024-03-18,2.246,2.254,2.258,2.236,1942544.0,510100,sh,上证50ETF易方达
2024-03-19,2.248,2.236,2.26,2.232,1388777.0,510100,sh,上证50ETF易方达
2024-03-20,2.23,2.242,2.25,2.226,1349002.0,510100,sh,上证50ETF易方达
2024-03-21,2.244,2.244,2.26,2.242,1112803.0,510100,sh,上证50ETF易方达
2024-03-22,2.244,2.222,2.244,2.204,3115035.0,510100,sh,上证50ETF易方达
2024-03-25,2.216,2.222,2.238,2.212,1053751.0,510100,sh,上证50ETF易方达
2024-03-26,2.222,2.232,2.236,2.218,1174762.0,510100,sh,上证50ETF易方达
2024-03-27,2.226,2.22,2.24,2.218,1633964.0,510100,sh,上证50ETF易方达
2024-03-28,2.218,2.224,2.244,2.204,1930808.0,510100,sh,上证50ETF易方达
2024-03-29,2.22,2.234,2.238,2.218,874708.0,510100,sh,上证50ETF易方达
2024-04-01,2.242,2.258,2.268,2.24,727437.0,510100,sh,上证50ETF易方达
2024-04-02,2.26,2.256,2.264,2.246,668187.0,510100,sh,上证50ETF易方达
2024-04-03,2.256,2.25,2.26,2.24,723542.0,510100,sh,上证50ETF易方达
2024-04-08,2.246,2.234,2.248,2.224,994148.0,510100,sh,上证50ETF易方达
2024-04-09,2.234,2.222,2.238,2.218,1175696.0,510100,sh,上证50ETF易方达
2024-04-10,2.228,2.216,2.23,2.206,904952.0,510100,sh,上证50ETF易方达
2024-04-11,2.212,2.216,2.222,2.196,860619.0,510100,sh,上证50ETF易方达
2024-04-12,2.216,2.192,2.218,2.186,1789057.0,510100,sh,上证50ETF易方达
2024-04-15,2.192,2.242,2.244,2.19,1842144.0,510100,sh,上证50ETF易方达
2024-04-16,2.238,2.232,2.248,2.216,1362569.0,510100,sh,上证50ETF易方达
2024-04-17,2.23,2.256,2.26,2.216,786712.0,510100,sh,上证50ETF易方达
2024-04-18,2.246,2.264,2.288,2.244,2037060.0,510100,sh,上证50ETF易方达
2024-04-19,2.252,2.248,2.264,2.242,1089204.0,510100,sh,上证50ETF易方达
2024-04-22,2.248,2.248,2.27,2.24,646438.0,510100,sh,上证50ETF易方达
2024-04-23,2.244,2.232,2.248,2.23,1201100.0,510100,sh,上证50ETF易方达
2024-04-24,2.242,2.242,2.248,2.226,525530.0,510100,sh,上证50ETF易方达
2024-04-25,2.236,2.25,2.258,2.23,514430.0,510100,sh,上证50ETF易方达
2024-04-26,2.254,2.28,2.288,2.254,1497115.0,510100,sh,上证50ETF易方达
2024-04-29,2.28,2.296,2.315,2.274,2804455.0,510100,sh,上证50ETF易方达
2024-04-30,2.294,2.284,2.302,2.282,943319.0,510100,sh,上证50ETF易方达
2024-05-06,2.317,2.315,2.327,2.302,1041750.0,510100,sh,上证50ETF易方达
2024-05-07,2.307,2.319,2.323,2.307,918857.0,510100,sh,上证50ETF易方达
2024-05-08,2.317,2.305,2.317,2.302,1148077.0,510100,sh,上证50ETF易方达
2024-05-09,2.302,2.319,2.325,2.3,1616988.0,510100,sh,上证50ETF易方达
2024-05-10,2.321,2.327,2.333,2.309,1963570.0,510100,sh,上证50ETF易方达
2024-05-13,2.319,2.323,2.331,2.302,1591318.0,510100,sh,上证50ETF易方达
2024-05-14,2.321,2.315,2.329,2.309,1550383.0,510100,sh,上证50ETF易方达
2024-05-15,2.315,2.298,2.319,2.292,1078498.0,510100,sh,上证50ETF易方达
2024-05-16,2.298,2.309,2.317,2.292,1021784.0,510100,sh,上证50ETF易方达
2024-05-17,2.307,2.347,2.349,2.305,1048232.0,510100,sh,上证50ETF易方达
2024-05-20,2.347,2.351,2.363,2.341,1101363.0,510100,sh,上证50ETF易方达
2024-05-21,2.345,2.345,2.351,2.335,974317.0,510100,sh,上证50ETF易方达
2024-05-22,2.349,2.347,2.353,2.337,706388.0,510100,sh,上证50ETF易方达
2024-05-23,2.339,2.323,2.339,2.315,1093394.0,510100,sh,上证50ETF易方达
2024-05-24,2.317,2.294,2.323,2.29,661062.0,510100,sh,上证50ETF易方达
2024-05-27,2.294,2.317,2.319,2.294,3066919.0,510100,sh,上证50ETF易方达
2024-05-28,2.315,2.311,2.323,2.305,692993.0,510100,sh,上证50ETF易方达
2024-05-29,2.311,2.311,2.331,2.305,660269.0,510100,sh,上证50ETF易方达
2024-05-30,2.302,2.294,2.321,2.286,792484.0,510100,sh,上证50ETF易方达
2024-05-31,2.302,2.286,2.309,2.282,780293.0,510100,sh,上证50ETF易方达
2024-06-03,2.286,2.286,2.294,2.272,535034.0,510100,sh,上证50ETF易方达
2024-06-04,2.286,2.302,2.309,2.282,724872.0,510100,sh,上证50ETF易方达
2024-06-05,2.305,2.292,2.305,2.288,445909.0,510100,sh,上证50ETF易方达
2024-06-06,2.292,2.292,2.313,2.282,611072.0,510100,sh,上证50ETF易方达
2024-06-07,2.292,2.28,2.302,2.268,725054.0,510100,sh,上证50ETF易方达
2024-06-11,2.278,2.25,2.278,2.242,1194027.0,510100,sh,上证50ETF易方达
2024-06-12,2.248,2.25,2.254,2.24,687151.0,510100,sh,上证50ETF易方达
2024-06-13,2.25,2.242,2.254,2.232,661310.0,510100,sh,上证50ETF易方达
2024-06-14,2.236,2.256,2.262,2.228,1005341.0,510100,sh,上证50ETF易方达
2024-06-17,2.244,2.236,2.246,2.232,1149733.0,510100,sh,上证50ETF易方达
2024-06-18,2.236,2.24,2.248,2.23,885297.0,510100,sh,上证50ETF易方达
2024-06-19,2.24,2.246,2.248,2.232,1377356.0,510100,sh,上证50ETF易方达
2024-06-20,2.242,2.24,2.252,2.236,561085.0,510100,sh,上证50ETF易方达
2024-06-21,2.236,2.236,2.244,2.218,611862.0,510100,sh,上证50ETF易方达
2024-06-24,2.228,2.236,2.252,2.216,737947.0,510100,sh,上证50ETF易方达
2024-06-25,2.232,2.228,2.242,2.216,921364.0,510100,sh,上证50ETF易方达
2024-06-26,2.22,2.232,2.24,2.216,603777.0,510100,sh,上证50ETF易方达
2024-06-27,2.228,2.226,2.232,2.21,497308.0,510100,sh,上证50ETF易方达
2024-06-28,2.224,2.23,2.242,2.218,809934.0,510100,sh,上证50ETF易方达
2024-07-01,2.228,2.24,2.244,2.222,452695.0,510100,sh,上证50ETF易方达
2024-07-02,2.24,2.254,2.26,2.234,1925374.0,510100,sh,上证50ETF易方达
2024-07-03,2.256,2.252,2.256,2.244,668945.0,510100,sh,上证50ETF易方达
2024-07-04,2.25,2.246,2.266,2.244,1339177.0,510100,sh,上证50ETF易方达
2024-07-05,2.242,2.224,2.25,2.206,1461158.0,510100,sh,上证50ETF易方达
2024-07-08,2.214,2.212,2.228,2.208,1507793.0,510100,sh,上证50ETF易方达
2024-07-09,2.212,2.236,2.242,2.196,782939.0,510100,sh,上证50ETF易方达
2024-07-10,2.226,2.232,2.242,2.226,490125.0,510100,sh,上证50ETF易方达
2024-07-11,2.244,2.256,2.26,2.236,754635.0,510100,sh,上证50ETF易方达
2024-07-12,2.256,2.27,2.274,2.256,747244.0,510100,sh,上证50ETF易方达
2024-07-15,2.268,2.28,2.282,2.262,597695.0,510100,sh,上证50ETF易方达
2024-07-16,2.272,2.288,2.292,2.27,612708.0,510100,sh,上证50ETF易方达
2024-07-17,2.288,2.3,2.307,2.286,485084.0,510100,sh,上证50ETF易方达
2024-07-18,2.298,2.311,2.313,2.288,1222437.0,510100,sh,上证50ETF易方达
2024-07-19,2.309,2.329,2.335,2.29,1045753.0,510100,sh,上证50ETF易方达
2024-07-22,2.327,2.305,2.329,2.288,1733077.0,510100,sh,上证50ETF易方达
2024-07-23,2.294,2.272,2.307,2.268,1430818.0,510100,sh,上证50ETF易方达
2024-07-24,2.268,2.264,2.278,2.254,608241.0,510100,sh,上证50ETF易方达
2024-07-25,2.252,2.24,2.262,2.228,798213.0,510100,sh,上证50ETF易方达
2024-07-26,2.238,2.232,2.248,2.22,751845.0,510100,sh,上证50ETF易方达
2024-07-29,2.234,2.228,2.238,2.222,373766.0,510100,sh,上证50ETF易方达
2024-07-30,2.218,2.214,2.222,2.2,600960.0,510100,sh,上证50ETF易方达
2024-07-31,2.214,2.254,2.26,2.21,1165609.0,510100,sh,上证50ETF易方达
2024-08-01,2.248,2.24,2.256,2.238,684643.0,510100,sh,上证50ETF易方达
2024-08-02,2.232,2.224,2.238,2.216,494841.0,510100,sh,上证50ETF易方达
2024-08-05,2.214,2.21,2.242,2.204,822454.0,510100,sh,上证50ETF易方达
2024-08-06,2.214,2.194,2.228,2.172,997298.0,510100,sh,上证50ETF易方达
2024-08-07,2.19,2.192,2.208,2.186,683580.0,510100,sh,上证50ETF易方达
2024-08-08,2.19,2.2,2.214,2.184,367388.0,510100,sh,上证50ETF易方达
2024-08-09,2.206,2.196,2.216,2.196,308780.0,510100,sh,上证50ETF易方达
2024-08-12,2.194,2.196,2.202,2.19,232785.0,510100,sh,上证50ETF易方达
2024-08-13,2.196,2.196,2.2,2.184,402268.0,510100,sh,上证50ETF易方达
2024-08-14,2.196,2.182,2.196,2.182,243400.0,510100,sh,上证50ETF易方达
2024-08-15,2.182,2.214,2.222,2.176,985381.0,510100,sh,上证50ETF易方达
2024-08-16,2.216,2.226,2.228,2.21,465539.0,510100,sh,上证50ETF易方达
2024-08-19,2.226,2.236,2.25,2.224,378954.0,510100,sh,上证50ETF易方达
2024-08-20,2.238,2.23,2.24,2.218,536160.0,510100,sh,上证50ETF易方达
2024-08-21,2.22,2.218,2.224,2.206,463357.0,510100,sh,上证50ETF易方达
2024-08-22,2.214,2.22,2.224,2.212,477306.0,510100,sh,上证50ETF易方达
2024-08-23,2.214,2.236,2.242,2.214,380846.0,510100,sh,上证50ETF易方达
2024-08-26,2.232,2.234,2.244,2.222,383548.0,510100,sh,上证50ETF易方达
2024-08-27,2.23,2.238,2.238,2.226,315647.0,510100,sh,上证50ETF易方达
2024-08-28,2.234,2.218,2.238,2.208,686378.0,510100,sh,上证50ETF易方达
2024-08-29,2.206,2.202,2.218,2.196,1412067.0,510100,sh,上证50ETF易方达
2024-08-30,2.192,2.22,2.236,2.192,2528144.0,510100,sh,上证50ETF易方达
2024-09-02,2.212,2.182,2.212,2.18,2220468.0,510100,sh,上证50ETF易方达
2024-09-03,2.176,2.172,2.184,2.168,574132.0,510100,sh,上证50ETF易方达
2024-09-04,2.164,2.152,2.172,2.148,1275958.0,510100,sh,上证50ETF易方达
2024-09-05,2.156,2.156,2.164,2.148,728600.0,510100,sh,上证50ETF易方达
2024-09-06,2.156,2.146,2.172,2.142,744938.0,510100,sh,上证50ETF易方达
2024-09-09,2.134,2.115,2.142,2.105,925261.0,510100,sh,上证50ETF易方达
2024-09-10,2.111,2.113,2.123,2.103,436274.0,510100,sh,上证50ETF易方达
2024-09-11,2.113,2.101,2.113,2.091,1087136.0,510100,sh,上证50ETF易方达
2024-09-12,2.099,2.091,2.109,2.087,1011386.0,510100,sh,上证50ETF易方达
2024-09-13,2.089,2.085,2.105,2.083,667011.0,510100,sh,上证50ETF易方达
2024-09-18,2.083,2.097,2.107,2.083,660844.0,510100,sh,上证50ETF易方达
2024-09-19,2.099,2.111,2.126,2.079,918538.0,510100,sh,上证50ETF易方达
2024-09-20,2.105,2.115,2.119,2.093,1016918.0,510100,sh,上证50ETF易方达
2024-09-23,2.113,2.126,2.136,2.113,539358.0,510100,sh,上证50ETF易方达
2024-09-24,2.142,2.24,2.242,2.14,1684209.0,510100,sh,上证50ETF易方达
2024-09-25,2.292,2.27,2.315,2.264,1809866.0,510100,sh,上证50ETF易方达
2024-09-26,2.264,2.407,2.407,2.264,2544214.0,510100,sh,上证50ETF易方达
2024-09-27,2.451,2.512,2.522,2.423,1096973.0,510100,sh,上证50ETF易方达
2024-09-30,2.57,2.65,2.747,2.508,4368416.0,510100,sh,上证50ETF易方达
2024-10-08,2.932,2.743,2.932,2.677,2623891.0,510100,sh,上证50ETF易方达
2024-10-09,2.713,2.55,2.713,2.546,2743034.0,510100,sh,上证50ETF易方达
2024-10-10,2.592,2.636,2.697,2.566,2069642.0,510100,sh,上证50ETF易方达
2024-10-11,2.636,2.582,2.636,2.542,2087106.0,510100,sh,上证50ETF易方达
2024-10-14,2.58,2.61,2.63,2.562,3625918.0,510100,sh,上证50ETF易方达
2024-10-15,2.596,2.544,2.618,2.544,1773728.0,510100,sh,上证50ETF易方达
2024-10-16,2.516,2.54,2.568,2.516,1670194.0,510100,sh,上证50ETF易方达
2024-10-17,2.556,2.496,2.57,2.496,1674179.0,510100,sh,上证50ETF易方达
2024-10-18,2.496,2.578,2.644,2.475,3207150.0,510100,sh,上证50ETF易方达
2024-10-21,2.596,2.576,2.596,2.552,1653382.0,510100,sh,上证50ETF易方达
2024-10-22,2.576,2.588,2.604,2.568,1380064.0,510100,sh,上证50ETF易方达
2024-10-23,2.588,2.602,2.626,2.578,1137209.0,510100,sh,上证50ETF易方达
2024-10-24,2.592,2.576,2.598,2.564,880625.0,510100,sh,上证50ETF易方达
2024-10-25,2.576,2.58,2.602,2.564,1574832.0,510100,sh,上证50ETF易方达
2024-10-28,2.574,2.582,2.582,2.55,1118293.0,510100,sh,上证50ETF易方达
2024-10-29,2.582,2.564,2.61,2.556,1298329.0,510100,sh,上证50ETF易方达
2024-10-30,2.558,2.53,2.57,2.518,1274083.0,510100,sh,上证50ETF易方达
2024-10-31,2.53,2.528,2.548,2.506,1217861.0,510100,sh,上证50ETF易方达
2024-11-01,2.532,2.55,2.57,2.524,1630348.0,510100,sh,上证50ETF易方达
2024-11-04,2.552,2.572,2.574,2.528,1383616.0,510100,sh,上证50ETF易方达
2024-11-05,2.562,2.626,2.628,2.554,2032017.0,510100,sh,上证50ETF易方达
2024-11-06,2.638,2.604,2.642,2.584,1519701.0,510100,sh,上证50ETF易方达
2024-11-07,2.596,2.707,2.709,2.584,2219479.0,510100,sh,上证50ETF易方达
2024-11-08,2.719,2.665,2.727,2.652,3174934.0,510100,sh,上证50ETF易方达
2024-11-11,2.638,2.646,2.65,2.606,2103898.0,510100,sh,上证50ETF易方达
2024-11-12,2.638,2.606,2.677,2.594,2087966.0,510100,sh,上证50ETF易方达
2024-11-13,2.598,2.622,2.632,2.594,1340657.0,510100,sh,上证50ETF易方达
2024-11-14,2.614,2.6,2.638,2.594,2116180.0,510100,sh,上证50ETF易方达
2024-11-15,2.598,2.568,2.606,2.566,2569453.0,510100,sh,上证50ETF易方达
2024-11-18,2.576,2.578,2.624,2.564,2561965.0,510100,sh,上证50ETF易方达
2024-11-19,2.576,2.566,2.58,2.532,998597.0,510100,sh,上证50ETF易方达
2024-11-20,2.562,2.572,2.582,2.552,828554.0,510100,sh,上证50ETF易方达
2024-11-21,2.568,2.578,2.582,2.562,910527.0,510100,sh,上证50ETF易方达
2024-11-22,2.578,2.5,2.58,2.496,1356687.0,510100,sh,上证50ETF易方达
2024-11-25,2.5,2.481,2.518,2.463,1592302.0,510100,sh,上证50ETF易方达
2024-11-26,2.475,2.49,2.506,2.467,908150.0,510100,sh,上证50ETF易方达
2024-11-27,2.486,2.52,2.522,2.479,778847.0,510100,sh,上证50ETF易方达
2024-11-28,2.52,2.508,2.526,2.494,758549.0,510100,sh,上证50ETF易方达
2024-11-29,2.508,2.522,2.556,2.508,1467861.0,510100,sh,上证50ETF易方达
2024-12-02,2.518,2.534,2.542,2.51,1224415.0,510100,sh,上证50ETF易方达
2024-12-03,2.532,2.546,2.554,2.522,1185050.0,510100,sh,上证50ETF易方达
2024-12-04,2.544,2.542,2.554,2.532,1441914.0,510100,sh,上证50ETF易方达
2024-12-05,2.536,2.532,2.542,2.524,600332.0,510100,sh,上证50ETF易方达
2024-12-06,2.532,2.56,2.578,2.532,1511226.0,510100,sh,上证50ETF易方达
2024-12-09,2.558,2.562,2.584,2.552,1357937.0,510100,sh,上证50ETF易方达
2024-12-10,2.63,2.59,2.673,2.578,1196733.0,510100,sh,上证50ETF易方达
2024-12-11,2.578,2.572,2.592,2.568,1173622.0,510100,sh,上证50ETF易方达
2024-12-12,2.572,2.6,2.6,2.564,1148498.0,510100,sh,上证50ETF易方达
2024-12-13,2.586,2.534,2.586,2.526,2127866.0,510100,sh,上证50ETF易方达
2024-12-16,2.534,2.534,2.54,2.526,1121321.0,510100,sh,上证50ETF易方达
2024-12-17,2.528,2.546,2.568,2.526,1184989.0,510100,sh,上证50ETF易方达
2024-12-18,2.552,2.564,2.572,2.552,1087636.0,510100,sh,上证50ETF易方达
2024-12-19,2.542,2.552,2.564,2.534,1278442.0,510100,sh,上证50ETF易方达
2024-12-20,2.552,2.546,2.566,2.54,1613580.0,510100,sh,上证50ETF易方达
2024-12-23,2.544,2.568,2.586,2.544,1098890.0,510100,sh,上证50ETF易方达
2024-12-24,2.564,2.596,2.604,2.562,1131648.0,510100,sh,上证50ETF易方达
2024-12-25,2.598,2.606,2.62,2.596,1047890.0,510100,sh,上证50ETF易方达
2024-12-26,2.6,2.602,2.606,2.59,1109891.0,510100,sh,上证50ETF易方达
2024-12-27,2.602,2.598,2.612,2.582,626633.0,510100,sh,上证50ETF易方达
2024-12-30,2.598,2.616,2.62,2.594,706815.0,510100,sh,上证50ETF易方达
2024-12-31,2.614,2.582,2.624,2.578,1821708.0,510100,sh,上证50ETF易方达
2025-01-02,2.576,2.516,2.584,2.494,1543220.0,510100,sh,上证50ETF易方达
2025-01-03,2.51,2.49,2.518,2.473,941159.0,510100,sh,上证50ETF易方达
2025-01-06,2.484,2.475,2.49,2.451,2169988.0,510100,sh,上证50ETF易方达
2025-01-07,2.473,2.492,2.494,2.467,1271920.0,510100,sh,上证50ETF易方达
2025-01-08,2.492,2.498,2.514,2.465,1351680.0,510100,sh,上证50ETF易方达
2025-01-09,2.49,2.479,2.498,2.473,694882.0,510100,sh,上证50ETF易方达
2025-01-10,2.484,2.463,2.494,2.461,639431.0,510100,sh,上证50ETF易方达
2025-01-13,2.451,2.455,2.463,2.435,2074946.0,510100,sh,上证50ETF易方达
2025-01-14,2.457,2.498,2.508,2.451,1323381.0,510100,sh,上证50ETF易方达
2025-01-15,2.496,2.492,2.504,2.486,496042.0,510100,sh,上证50ETF易方达
2025-01-16,2.496,2.484,2.516,2.471,989739.0,510100,sh,上证50ETF易方达
2025-01-17,2.477,2.481,2.496,2.461,929062.0,510100,sh,上证50ETF易方达
2025-01-20,2.49,2.49,2.51,2.486,545220.0,510100,sh,上证50ETF易方达
2025-01-21,2.494,2.486,2.5,2.479,461007.0,510100,sh,上证50ETF易方达
2025-01-22,2.484,2.455,2.484,2.445,1353225.0,510100,sh,上证50ETF易方达
2025-01-23,2.467,2.471,2.51,2.463,1993391.0,510100,sh,上证50ETF易方达
2025-01-24,2.467,2.486,2.5,2.465,954148.0,510100,sh,上证50ETF易方达
2025-01-27,2.492,2.486,2.5,2.484,1578058.0,510100,sh,上证50ETF易方达
2025-02-05,2.5,2.465,2.502,2.457,897945.0,510100,sh,上证50ETF易方达
2025-02-06,2.475,2.484,2.49,2.459,1361097.0,510100,sh,上证50ETF易方达
2025-02-07,2.481,2.514,2.53,2.473,1856480.0,510100,sh,上证50ETF易方达
2025-02-10,2.512,2.524,2.534,2.508,596874.0,510100,sh,上证50ETF易方达
2025-02-11,2.528,2.518,2.53,2.508,1014237.0,510100,sh,上证50ETF易方达
2025-02-12,2.512,2.544,2.55,2.51,919337.0,510100,sh,上证50ETF易方达
2025-02-13,2.542,2.548,2.568,2.538,942370.0,510100,sh,上证50ETF易方达
2025-02-14,2.544,2.564,2.568,2.538,1025541.0,510100,sh,上证50ETF易方达
2025-02-17,2.564,2.568,2.576,2.548,1399662.0,510100,sh,上证50ETF易方达
2025-02-18,2.568,2.558,2.582,2.548,762841.0,510100,sh,上证50ETF易方达
2025-02-19,2.554,2.566,2.578,2.548,797197.0,510100,sh,上证50ETF易方达
2025-02-20,2.568,2.552,2.568,2.542,673857.0,510100,sh,上证50ETF易方达
2025-02-21,2.554,2.586,2.592,2.552,903641.0,510100,sh,上证50ETF易方达
2025-02-24,2.584,2.576,2.592,2.562,1804945.0,510100,sh,上证50ETF易方达
2025-02-25,2.56,2.548,2.566,2.538,762545.0,510100,sh,上证50ETF易方达
2025-02-26,2.548,2.57,2.572,2.548,502941.0,510100,sh,上证50ETF易方达
2025-02-27,2.57,2.584,2.586,2.558,695500.0,510100,sh,上证50ETF易方达
2025-02-28,2.572,2.552,2.594,2.542,1113109.0,510100,sh,上证50ETF易方达
2025-03-03,2.55,2.532,2.56,2.522,1039844.0,510100,sh,上证50ETF易方达
2025-03-04,2.526,2.524,2.532,2.512,521462.0,510100,sh,上证50ETF易方达
2025-03-05,2.53,2.542,2.546,2.522,801019.0,510100,sh,上证50ETF易方达
2025-03-06,2.548,2.584,2.594,2.548,1345020.0,510100,sh,上证50ETF易方达
2025-03-07,2.584,2.584,2.596,2.576,614723.0,510100,sh,上证50ETF易方达
2025-03-10,2.583,2.569,2.583,2.552,661753.0,510100,sh,上证50ETF易方达
2025-03-11,2.558,2.582,2.584,2.55,383031.0,510100,sh,上证50ETF易方达
2025-03-12,2.582,2.573,2.59,2.568,283090.0,510100,sh,上证50ETF易方达
2025-03-13,2.575,2.568,2.585,2.556,426722.0,510100,sh,上证50ETF易方达
2025-03-14,2.57,2.643,2.65,2.57,1704186.0,510100,sh,上证50ETF易方达
2025-03-17,2.651,2.639,2.658,2.635,644278.0,510100,sh,上证50ETF易方达
2025-03-18,2.652,2.641,2.654,2.638,441148.0,510100,sh,上证50ETF易方达
2025-03-19,2.635,2.65,2.659,2.635,449772.0,510100,sh,上证50ETF易方达
2025-03-20,2.649,2.62,2.65,2.614,690129.0,510100,sh,上证50ETF易方达
2025-03-21,2.62,2.578,2.624,2.57,884591.0,510100,sh,上证50ETF易方达
2025-03-24,2.573,2.595,2.598,2.573,603986.0,510100,sh,上证50ETF易方达
2025-03-25,2.595,2.595,2.6,2.587,540596.0,510100,sh,上证50ETF易方达
2025-03-26,2.595,2.579,2.599,2.577,456925.0,510100,sh,上证50ETF易方达
2025-03-27,2.579,2.593,2.607,2.576,533697.0,510100,sh,上证50ETF易方达
2025-03-28,2.59,2.58,2.594,2.573,300153.0,510100,sh,上证50ETF易方达
2025-03-31,2.591,2.57,2.595,2.559,596669.0,510100,sh,上证50ETF易方达
2025-04-01,2.57,2.564,2.576,2.561,276567.0,510100,sh,上证50ETF易方达
2025-04-02,2.564,2.56,2.571,2.554,217010.0,510100,sh,上证50ETF易方达
2025-04-03,2.546,2.564,2.573,2.54,764923.0,510100,sh,上证50ETF易方达
2025-04-07,2.48,2.437,2.502,2.363,2567905.0,510100,sh,上证50ETF易方达
2025-04-08,2.428,2.472,2.473,2.405,657427.0,510100,sh,上证50ETF易方达
2025-04-09,2.434,2.49,2.494,2.434,1867562.0,510100,sh,上证50ETF易方达
2025-04-10,2.519,2.511,2.521,2.491,717157.0,510100,sh,上证50ETF易方达
2025-04-11,2.506,2.521,2.523,2.496,302816.0,510100,sh,上证50ETF易方达
2025-04-14,2.523,2.529,2.537,2.517,270167.0,510100,sh,上证50ETF易方达
2025-04-15,2.527,2.533,2.536,2.515,288063.0,510100,sh,上证50ETF易方达
2025-04-16,2.531,2.559,2.563,2.517,367243.0,510100,sh,上证50ETF易方达
2025-04-17,2.553,2.56,2.564,2.543,359567.0,510100,sh,上证50ETF易方达
2025-04-18,2.56,2.564,2.568,2.548,277467.0,510100,sh,上证50ETF易方达
2025-04-21,2.553,2.554,2.574,2.553,536004.0,510100,sh,上证50ETF易方达
2025-04-22,2.554,2.559,2.569,2.552,600692.0,510100,sh,上证50ETF易方达
2025-04-23,2.568,2.552,2.568,2.547,914972.0,510100,sh,上证50ETF易方达
2025-04-24,2.546,2.559,2.569,2.546,427224.0,510100,sh,上证50ETF易方达
2025-04-25,2.558,2.553,2.566,2.546,368147.0,510100,sh,上证50ETF易方达
2025-04-28,2.55,2.555,2.56,2.539,377377.0,510100,sh,上证50ETF易方达
2025-04-29,2.553,2.549,2.557,2.542,302960.0,510100,sh,上证50ETF易方达
2025-04-30,2.549,2.535,2.557,2.534,368701.0,510100,sh,上证50ETF易方达
2025-05-06,2.556,2.55,2.556,2.536,520620.0,510100,sh,上证50ETF易方达
2025-05-07,2.579,2.573,2.589,2.558,1069074.0,510100,sh,上证50ETF易方达
2025-05-08,2.559,2.583,2.599,2.559,823898.0,510100,sh,上证50ETF易方达
2025-05-09,2.586,2.587,2.592,2.58,288690.0,510100,sh,上证50ETF易方达
2025-05-12,2.589,2.605,2.614,2.585,685535.0,510100,sh,上证50ETF易方达
2025-05-13,2.618,2.61,2.618,2.604,345442.0,510100,sh,上证50ETF易方达
2025-05-14,2.606,2.656,2.671,2.606,1153911.0,510100,sh,上证50ETF易方达
2025-05-15,2.655,2.643,2.662,2.639,639799.0,510100,sh,上证50ETF易方达
2025-05-16,2.634,2.619,2.643,2.608,708830.0,510100,sh,上证50ETF易方达
2025-05-19,2.616,2.611,2.618,2.603,415309.0,510100,sh,上证50ETF易方达
2025-05-20,2.61,2.621,2.634,2.61,295527.0,510100,sh,上证50ETF易方达
2025-05-21,2.62,2.633,2.644,2.62,445943.0,510100,sh,上证50ETF易方达
2025-05-22,2.631,2.637,2.642,2.621,342496.0,510100,sh,上证50ETF易方达
2025-05-23,2.637,2.616,2.646,2.615,610022.0,510100,sh,上证50ETF易方达
2025-05-26,2.613,2.607,2.626,2.599,361839.0,510100,sh,上证50ETF易方达
2025-05-27,2.608,2.592,2.615,2.59,234361.0,510100,sh,上证50ETF易方达
2025-05-28,2.591,2.59,2.597,2.588,227497.0,510100,sh,上证50ETF易方达
2025-05-29,2.59,2.598,2.612,2.585,348871.0,510100,sh,上证50ETF易方达
2025-05-30,2.599,2.593,2.602,2.575,346166.0,510100,sh,上证50ETF易方达
2025-06-03,2.589,2.593,2.606,2.578,187567.0,510100,sh,上证50ETF易方达
2025-06-04,2.595,2.597,2.608,2.593,258457.0,510100,sh,上证50ETF易方达
2025-06-05,2.597,2.599,2.604,2.589,232928.0,510100,sh,上证50ETF易方达
2025-06-06,2.599,2.599,2.611,2.595,297941.0,510100,sh,上证50ETF易方达
2025-06-09,2.6,2.598,2.61,2.591,392780.0,510100,sh,上证50ETF易方达
2025-06-10,2.6,2.583,2.608,2.577,317300.0,510100,sh,上证50ETF易方达
2025-06-11,2.582,2.601,2.616,2.582,602275.0,510100,sh,上证50ETF易方达
2025-06-12,2.6,2.6,2.607,2.582,249883.0,510100,sh,上证50ETF易方达
2025-06-13,2.599,2.587,2.6,2.579,865699.0,510100,sh,上证50ETF易方达
2025-06-16,2.587,2.595,2.598,2.578,416027.0,510100,sh,上证50ETF易方达
2025-06-17,2.595,2.596,2.597,2.583,225187.0,510100,sh,上证50ETF易方达
2025-06-18,2.595,2.593,2.602,2.58,241605.0,510100,sh,上证50ETF易方达
2025-06-19,2.592,2.578,2.592,2.569,289160.0,510100,sh,上证50ETF易方达
2025-06-20,2.577,2.591,2.597,2.574,339242.0,510100,sh,上证50ETF易方达
2025-06-23,2.589,2.606,2.612,2.575,569141.0,510100,sh,上证50ETF易方达
2025-06-24,2.606,2.632,2.65,2.605,464491.0,510100,sh,上证50ETF易方达
2025-06-25,2.633,2.672,2.673,2.623,630414.0,510100,sh,上证50ETF易方达
2025-06-26,2.669,2.666,2.675,2.663,496387.0,510100,sh,上证50ETF易方达
2025-06-27,2.669,2.638,2.678,2.634,740625.0,510100,sh,上证50ETF易方达
2025-06-30,2.63,2.649,2.652,2.629,587665.0,510100,sh,上证50ETF易方达
2025-07-01,2.653,2.652,2.655,2.641,442436.0,510100,sh,上证50ETF易方达
2025-07-02,2.65,2.657,2.664,2.647,489914.0,510100,sh,上证50ETF易方达
2025-07-03,2.656,2.661,2.663,2.648,314001.0,510100,sh,上证50ETF易方达
2025-07-04,2.661,2.679,2.698,2.651,1018349.0,510100,sh,上证50ETF易方达
2025-07-07,2.675,2.669,2.675,2.66,915439.0,510100,sh,上证50ETF易方达
2025-07-08,2.667,2.685,2.69,2.667,882177.0,510100,sh,上证50ETF易方达
2025-07-09,2.686,2.682,2.697,2.678,729404.0,510100,sh,上证50ETF易方达
2025-07-10,2.676,2.699,2.719,2.676,827579.0,510100,sh,上证50ETF易方达
2025-07-11,2.697,2.71,2.757,2.697,1974332.0,510100,sh,上证50ETF易方达
2025-07-14,2.707,2.708,2.723,2.704,885965.0,510100,sh,上证50ETF易方达
2025-07-15,2.707,2.696,2.715,2.68,993714.0,510100,sh,上证50ETF易方达
2025-07-16,2.697,2.691,2.705,2.68,678776.0,510100,sh,上证50ETF易方达
2025-07-17,2.691,2.7,2.701,2.686,856032.0,510100,sh,上证50ETF易方达
2025-07-18,2.699,2.723,2.729,2.699,864537.0,510100,sh,上证50ETF易方达
2025-07-21,2.725,2.73,2.736,2.72,746584.0,510100,sh,上证50ETF易方达
2025-07-22,2.73,2.753,2.755,2.719,920584.0,510100,sh,上证50ETF易方达
2025-07-23,2.755,2.76,2.785,2.754,1196168.0,510100,sh,上证50ETF易方达
2025-07-24,2.76,2.773,2.781,2.753,979530.0,510100,sh,上证50ETF易方达
2025-07-25,2.771,2.755,2.771,2.747,1359420.0,510100,sh,上证50ETF易方达
2025-07-28,2.755,2.769,2.771,2.748,2034656.0,510100,sh,上证50ETF易方达
2025-07-29,2.766,2.774,2.777,2.756,1118158.0,510100,sh,上证50ETF易方达
2025-07-30,2.771,2.781,2.806,2.761,1666493.0,510100,sh,上证50ETF易方达
2025-07-31,2.779,2.739,2.779,2.726,1264198.0,510100,sh,上证50ETF易方达
2025-08-01,2.739,2.716,2.74,2.709,1426055.0,510100,sh,上证50ETF易方达
2025-08-04,2.71,2.73,2.73,2.708,1040322.0,510100,sh,上证50ETF易方达
2025-08-05,2.73,2.752,2.755,2.728,1080724.0,510100,sh,上证50ETF易方达
2025-08-06,2.752,2.758,2.763,2.75,750002.0,510100,sh,上证50ETF易方达
2025-08-07,2.758,2.76,2.77,2.749,935588.0,510100,sh,上证50ETF易方达
2025-08-08,2.758,2.749,2.763,2.745,830614.0,510100,sh,上证50ETF易方达
2025-08-11,2.752,2.752,2.762,2.744,1072593.0,510100,sh,上证50ETF易方达
2025-08-12,2.751,2.772,2.781,2.751,1525376.0,510100,sh,上证50ETF易方达
2025-08-13,2.773,2.78,2.793,2.771,1584141.0,510100,sh,上证50ETF易方达
2025-08-14,2.776,2.793,2.821,2.776,1022925.0,510100,sh,上证50ETF易方达
2025-08-15,2.792,2.805,2.815,2.777,1435745.0,510100,sh,上证50ETF易方达
2025-08-18,2.806,2.811,2.827,2.794,1651574.0,510100,sh,上证50ETF易方达
2025-08-19,2.801,2.776,2.822,2.773,1028110.0,510100,sh,上证50ETF易方达
2025-08-20,2.771,2.81,2.813,2.758,1107452.0,510100,sh,上证50ETF易方达
2025-08-21,2.812,2.825,2.835,2.812,1826537.0,510100,sh,上证50ETF易方达
2025-08-22,2.828,2.899,2.9,2.828,1401711.0,510100,sh,上证50ETF易方达
2025-08-25,2.903,2.958,2.963,2.903,1438026.0,510100,sh,上证50ETF易方达
2025-08-26,2.949,2.935,2.952,2.929,966335.0,510100,sh,上证50ETF易方达
2025-08-27,2.937,2.89,2.949,2.883,1940350.0,510100,sh,上证50ETF易方达
2025-08-28,2.883,2.93,2.93,2.869,1413557.0,510100,sh,上证50ETF易方达
2025-08-29,2.927,2.946,2.955,2.921,1453226.0,510100,sh,上证50ETF易方达
2025-09-01,2.945,2.947,2.956,2.93,1328922.0,510100,sh,上证50ETF易方达
2025-09-02,2.948,2.96,2.974,2.934,824316.0,510100,sh,上证50ETF易方达
2025-09-03,2.963,2.92,2.971,2.901,797697.0,510100,sh,上证50ETF易方达
2025-09-04,2.913,2.868,2.918,2.838,1115882.0,510100,sh,上证50ETF易方达
2025-09-05,2.871,2.904,2.914,2.861,537322.0,510100,sh,上证50ETF易方达
2025-09-08,2.906,2.902,2.917,2.887,488202.0,510100,sh,上证50ETF易方达
2025-09-09,2.902,2.895,2.914,2.88,701422.0,510100,sh,上证50ETF易方达
2025-09-10,2.895,2.907,2.923,2.89,798058.0,510100,sh,上证50ETF易方达
2025-09-11,2.889,2.956,2.957,2.882,1213917.0,510100,sh,上证50ETF易方达
2025-09-12,2.956,2.936,2.968,2.931,1058441.0,510100,sh,上证50ETF易方达
2025-09-15,2.936,2.93,2.951,2.925,479721.0,510100,sh,上证50ETF易方达
2025-09-16,2.933,2.916,2.942,2.909,674286.0,510100,sh,上证50ETF易方达
2025-09-17,2.915,2.923,2.928,2.902,673577.0,510100,sh,上证50ETF易方达
2025-09-18,2.923,2.884,2.941,2.856,1308719.0,510100,sh,上证50ETF易方达
2025-09-19,2.88,2.882,2.899,2.873,823813.0,510100,sh,上证50ETF易方达
2025-09-22,2.877,2.891,2.895,2.867,937489.0,510100,sh,上证50ETF易方达
2025-09-23,2.883,2.888,2.903,2.859,1297285.0,510100,sh,上证50ETF易方达
2025-09-24,2.878,2.905,2.911,2.876,899483.0,510100,sh,上证50ETF易方达
2025-09-25,2.905,2.921,2.929,2.905,782154.0,510100,sh,上证50ETF易方达
2025-09-26,2.914,2.911,2.929,2.906,612113.0,510100,sh,上证50ETF易方达
2025-09-29,2.911,2.942,2.97,2.889,1673067.0,510100,sh,上证50ETF易方达
2025-09-30,2.945,2.958,2.961,2.945,732331.0,510100,sh,上证50ETF易方达
2025-10-09,2.958,2.993,3.0,2.954,792393.0,510100,sh,上证50ETF易方达
2025-10-10,2.976,2.944,2.981,2.936,910038.0,510100,sh,上证50ETF易方达
2025-10-13,2.906,2.936,2.942,2.897,642063.0,510100,sh,上证50ETF易方达
2025-10-14,2.945,2.935,2.964,2.92,998645.0,510100,sh,上证50ETF易方达
2025-10-15,2.933,2.97,2.974,2.929,726019.0,510100,sh,上证50ETF易方达
2025-10-16,2.967,2.989,2.999,2.963,719258.0,510100,sh,上证50ETF易方达
2025-10-17,2.99,2.941,2.993,2.933,1089066.0,510100,sh,上证50ETF易方达
2025-10-20,2.94,2.944,2.966,2.938,743678.0,510100,sh,上证50ETF易方达
2025-10-21,2.947,2.978,2.985,2.947,676031.0,510100,sh,上证50ETF易方达
2025-10-22,2.954,2.98,2.985,2.954,450704.0,510100,sh,上证50ETF易方达
2025-10-23,2.98,3.0,3.003,2.954,601030.0,510100,sh,上证50ETF易方达
2025-10-24,3.001,3.028,3.031,3.001,956362.0,510100,sh,上证50ETF易方达
2025-10-27,3.041,3.046,3.055,3.032,688420.0,510100,sh,上证50ETF易方达
2025-10-28,3.04,3.027,3.053,3.021,607454.0,510100,sh,上证50ETF易方达
2025-10-29,3.026,3.042,3.043,3.026,575435.0,510100,sh,上证50ETF易方达
2025-10-30,3.041,3.025,3.054,3.022,850519.0,510100,sh,上证50ETF易方达
2025-10-31,3.026,2.992,3.028,2.989,568017.0,510100,sh,上证50ETF易方达
2025-11-03,2.991,2.993,2.996,2.967,723312.0,510100,sh,上证50ETF易方达
2025-11-04,2.992,2.99,3.006,2.975,758656.0,510100,sh,上证50ETF易方达
2025-11-05,2.968,2.987,2.997,2.959,850405.0,510100,sh,上证50ETF易方达
2025-11-06,2.987,3.021,3.029,2.987,1143425.0,510100,sh,上证50ETF易方达
2025-11-07,3.009,3.02,3.029,3.009,1374702.0,510100,sh,上证50ETF易方达
2025-11-10,3.089,3.033,3.089,3.007,1428521.0,510100,sh,上证50ETF易方达
2025-11-11,3.035,3.013,3.042,3.002,974872.0,510100,sh,上证50ETF易方达
2025-11-12,3.006,3.027,3.037,3.006,709984.0,510100,sh,上证50ETF易方达
2025-11-13,3.027,3.052,3.053,3.025,1012831.0,510100,sh,上证50ETF易方达
2025-11-14,3.04,3.019,3.053,3.014,873904.0,510100,sh,上证50ETF易方达
2025-11-17,3.015,2.992,3.015,2.98,745615.0,510100,sh,上证50ETF易方达
2025-11-18,2.979,2.985,3.001,2.975,815961.0,510100,sh,上证50ETF易方达
2025-11-19,2.986,2.999,3.011,2.984,744236.0,510100,sh,上证50ETF易方达
2025-11-20,3.008,2.99,3.019,2.984,692606.0,510100,sh,上证50ETF易方达
2025-11-21,2.976,2.941,2.982,2.933,939313.0,510100,sh,上证50ETF易方达
2025-11-24,2.941,2.931,2.95,2.924,920974.0,510100,sh,上证50ETF易方达
2025-11-25,2.938,2.946,2.954,2.933,974854.0,510100,sh,上证50ETF易方达
2025-11-26,2.945,2.951,2.959,2.945,865315.0,510100,sh,上证50ETF易方达
2025-11-27,2.952,2.947,2.968,2.944,1429854.0,510100,sh,上证50ETF易方达
2025-11-28,2.948,2.948,2.953,2.934,1158660.0,510100,sh,上证50ETF易方达
2025-12-01,2.95,2.973,2.974,2.95,1421887.0,510100,sh,上证50ETF易方达
2025-12-02,2.974,2.958,2.974,2.952,671234.0,510100,sh,上证50ETF易方达
2025-12-03,2.954,2.944,2.963,2.937,811073.0,510100,sh,上证50ETF易方达
2025-12-04,2.944,2.952,2.96,2.939,1126024.0,510100,sh,上证50ETF易方达
2025-12-05,2.955,2.98,2.994,2.95,3038751.0,510100,sh,上证50ETF易方达
2025-12-08,2.986,3.0,3.014,2.985,1595013.0,510100,sh,上证50ETF易方达
2025-12-09,2.999,2.979,2.999,2.973,1217591.0,510100,sh,上证50ETF易方达
2025-12-10,2.979,2.972,2.979,2.953,1369924.0,510100,sh,上证50ETF易方达
2025-12-11,2.972,2.962,2.98,2.949,1419968.0,510100,sh,上证50ETF易方达
2025-12-12,2.963,2.978,2.98,2.951,1423078.0,510100,sh,上证50ETF易方达
2025-12-15,2.972,2.975,3.003,2.965,1137032.0,510100,sh,上证50ETF易方达
2025-12-16,2.971,2.944,2.973,2.932,1365611.0,510100,sh,上证50ETF易方达
2025-12-17,2.945,2.981,2.997,2.938,1149763.0,510100,sh,上证50ETF易方达
2025-12-18,2.978,2.988,2.992,2.971,957544.0,510100,sh,上证50ETF易方达
2025-12-19,2.992,3.003,3.012,2.983,1086457.0,510100,sh,上证50ETF易方达
2025-12-22,3.013,3.015,3.021,3.005,1437049.0,510100,sh,上证50ETF易方达
2025-12-23,3.015,3.02,3.036,3.012,1230961.0,510100,sh,上证50ETF易方达
2025-12-24,3.025,3.023,3.027,3.008,1402323.0,510100,sh,上证50ETF易方达
2025-12-25,3.023,3.029,3.034,3.015,1141830.0,510100,sh,上证50ETF易方达
2025-12-26,3.031,3.042,3.057,3.029,2369701.0,510100,sh,上证50ETF易方达
2025-12-29,3.04,3.031,3.051,3.024,1932138.0,510100,sh,上证50ETF易方达
2025-12-30,3.02,3.029,3.045,3.016,1868154.0,510100,sh,上证50ETF易方达
2025-12-31,3.029,3.028,3.045,3.019,2378062.0,510100,sh,上证50ETF易方达
2026-01-05,3.039,3.094,3.102,3.039,1148265.0,510100,sh,上证50ETF易方达
2026-01-06,3.1,3.152,3.153,3.1,2210439.0,510100,sh,上证50ETF易方达
2026-01-07,3.15,3.139,3.157,3.126,1163376.0,510100,sh,上证50ETF易方达
2026-01-08,3.132,3.118,3.137,3.101,2019667.0,510100,sh,上证50ETF易方达
2026-01-09,3.118,3.128,3.142,3.107,1970296.0,510100,sh,上证50ETF易方达
2026-01-12,3.139,3.137,3.144,3.118,1187092.0,510100,sh,上证50ETF易方达
2026-01-13,3.138,3.132,3.174,3.118,457778.0,510100,sh,上证50ETF易方达
2026-01-14,3.131,3.107,3.167,3.1,2141233.0,510100,sh,上证50ETF易方达
2026-01-15,3.107,3.097,3.124,3.089,2871336.0,510100,sh,上证50ETF易方达
2026-01-16,3.12,3.081,3.125,3.068,1404046.0,510100,sh,上证50ETF易方达
2026-01-19,3.08,3.072,3.093,3.065,1546833.0,510100,sh,上证50ETF易方达
2026-01-20,3.076,3.07,3.086,3.054,1417110.0,510100,sh,上证50ETF易方达
2026-01-21,3.072,3.068,3.095,3.059,1823542.0,510100,sh,上证50ETF易方达
2026-01-22,3.069,3.052,3.086,3.045,1628849.0,510100,sh,上证50ETF易方达
2026-01-23,3.059,3.027,3.062,3.018,2039364.0,510100,sh,上证50ETF易方达
2026-01-26,3.027,3.048,3.085,3.027,972127.0,510100,sh,上证50ETF易方达
2026-01-27,3.05,3.054,3.076,3.044,1189044.0,510100,sh,上证50ETF易方达
2026-01-28,3.054,3.059,3.07,3.044,2434566.0,510100,sh,上证50ETF易方达
2026-01-29,3.061,3.113,3.12,3.047,1021430.0,510100,sh,上证50ETF易方达
2026-01-30,3.092,3.066,3.105,3.036,1642746.0,510100,sh,上证50ETF易方达
2026-02-02,3.037,3.002,3.074,2.993,2531186.0,510100,sh,上证50ETF易方达
2026-02-03,3.015,3.028,3.031,2.983,1637358.0,510100,sh,上证50ETF易方达
2026-02-04,3.022,3.066,3.068,3.022,1294549.0,510100,sh,上证50ETF易方达
2026-02-05,3.05,3.055,3.063,3.027,1441780.0,510100,sh,上证50ETF易方达
2026-02-06,3.033,3.035,3.055,3.013,1910949.0,510100,sh,上证50ETF易方达
2026-02-09,3.048,3.08,3.081,3.048,1688620.0,510100,sh,上证50ETF易方达
2026-02-10,3.08,3.089,3.091,3.08,1372549.0,510100,sh,上证50ETF易方达
2026-02-11,3.086,3.089,3.094,3.077,1227535.0,510100,sh,上证50ETF易方达
2026-02-12,3.09,3.082,3.096,3.078,1324105.0,510100,sh,上证50ETF易方达
2026-02-13,3.072,3.036,3.072,3.032,2764617.0,510100,sh,上证50ETF易方达
2026-02-24,3.059,3.041,3.067,3.039,1069509.0,510100,sh,上证50ETF易方达
2026-02-25,3.041,3.058,3.083,3.041,2133863.0,510100,sh,上证50ETF易方达
2026-02-26,3.057,3.037,3.061,3.024,1654806.0,510100,sh,上证50ETF易方达
2026-02-27,3.03,3.045,3.052,3.026,1567708.0,510100,sh,上证50ETF易方达
2026-03-02,3.035,3.048,3.053,3.01,1787234.0,510100,sh,上证50ETF易方达
2026-03-03,3.046,3.02,3.06,3.011,1286462.0,510100,sh,上证50ETF易方达
2026-03-04,2.99,2.975,2.996,2.955,1397873.0,510100,sh,上证50ETF易方达
2026-03-05,2.99,2.989,3.002,2.979,1734345.0,510100,sh,上证50ETF易方达
2026-03-06,2.985,2.992,3.003,2.97,1866629.0,510100,sh,上证50ETF易方达
2026-03-09,2.967,2.963,2.972,2.931,2295585.0,510100,sh,上证50ETF易方达
2026-03-10,2.976,2.984,2.988,2.972,1834553.0,510100,sh,上证50ETF易方达
2026-03-11,2.985,2.985,2.99,2.972,1583732.0,510100,sh,上证50ETF易方达
2026-03-12,2.982,2.971,2.985,2.955,1848698.0,510100,sh,上证50ETF易方达
2026-03-13,2.956,2.96,2.979,2.952,1515006.0,510100,sh,上证50ETF易方达
2026-03-16,2.958,2.953,2.958,2.929,1770583.0,510100,sh,上证50ETF易方达
2026-03-17,2.955,2.962,2.998,2.955,2148638.0,510100,sh,上证50ETF易方达
2026-03-18,2.965,2.959,2.974,2.938,2228533.0,510100,sh,上证50ETF易方达
2026-03-19,2.928,2.918,2.942,2.908,2015171.0,510100,sh,上证50ETF易方达
2026-03-20,2.92,2.882,2.926,2.881,1515932.0,510100,sh,上证50ETF易方达
2026-03-23,2.851,2.796,2.86,2.779,2065501.0,510100,sh,上证50ETF易方达
2026-03-24,2.81,2.83,2.831,2.792,2227847.0,510100,sh,上证50ETF易方达
2026-03-25,2.832,2.866,2.87,2.832,1915012.0,510100,sh,上证50ETF易方达
2026-03-26,2.856,2.826,2.863,2.819,1217691.0,510100,sh,上证50ETF易方达
2026-03-27,2.799,2.84,2.848,2.799,1842016.0,510100,sh,上证50ETF易方达
2026-03-30,2.808,2.836,2.838,2.805,1668488.0,510100,sh,上证50ETF易方达
2026-03-31,2.839,2.833,2.867,2.83,1452642.0,510100,sh,上证50ETF易方达
2026-04-01,2.859,2.879,2.886,2.858,1191885.0,510100,sh,上证50ETF易方达
2026-04-02,2.878,2.856,2.878,2.841,1222527.0,510100,sh,上证50ETF易方达
2026-04-03,2.857,2.835,2.862,2.829,991509.0,510100,sh,上证50ETF易方达
2026-04-07,2.845,2.83,2.845,2.827,975727.0,510100,sh,上证50ETF易方达
2026-04-08,2.865,2.91,2.911,2.865,1565919.0,510100,sh,上证50ETF易方达
2026-04-09,2.89,2.886,2.893,2.877,1253954.0,510100,sh,上证50ETF易方达
2026-04-10,2.897,2.902,2.918,2.892,1253709.0,510100,sh,上证50ETF易方达
2026-04-13,2.891,2.901,2.905,2.886,1176569.0,510100,sh,上证50ETF易方达
2026-04-14,2.911,2.924,2.927,2.902,1230440.0,510100,sh,上证50ETF易方达
2026-04-15,2.935,2.938,2.955,2.934,1322409.0,510100,sh,上证50ETF易方达
2026-04-16,2.943,2.942,2.953,2.934,1409013.0,510100,sh,上证50ETF易方达
2026-04-17,2.933,2.911,2.933,2.909,1185840.0,510100,sh,上证50ETF易方达
2026-04-20,2.908,2.936,2.94,2.908,1436634.0,510100,sh,上证50ETF易方达
2026-04-21,2.931,2.937,2.94,2.922,1378032.0,510100,sh,上证50ETF易方达
2026-04-22,2.93,2.937,2.941,2.928,1536494.0,510100,sh,上证50ETF易方达
2026-04-23,2.934,2.934,2.946,2.917,1997080.0,510100,sh,上证50ETF易方达
2026-04-24,2.93,2.952,2.956,2.918,1538426.0,510100,sh,上证50ETF易方达
2026-04-27,2.951,2.948,2.963,2.941,1587245.0,510100,sh,上证50ETF易方达
2026-04-28,2.937,2.956,2.971,2.937,1440429.0,510100,sh,上证50ETF易方达
2026-04-29,2.951,2.971,2.979,2.946,1762589.0,510100,sh,上证50ETF易方达
2026-04-30,2.973,2.996,2.997,2.973,1566242.0,510100,sh,上证50ETF易方达
2026-05-06,3.008,3.033,3.05,3.008,1244670.0,510100,sh,上证50ETF易方达
2026-05-07,3.038,3.039,3.048,3.028,1207710.0,510100,sh,上证50ETF易方达
2026-05-08,3.025,3.011,3.026,2.997,1373798.0,510100,sh,上证50ETF易方达
2026-05-11,3.021,3.05,3.058,3.016,1495921.0,510100,sh,上证50ETF易方达
2026-05-12,3.049,3.055,3.066,3.044,1449060.0,510100,sh,上证50ETF易方达
2026-05-13,3.055,3.059,3.063,3.03,1658665.0,510100,sh,上证50ETF易方达
2026-05-14,3.063,3.011,3.069,3.008,1291399.0,510100,sh,上证50ETF易方达
2026-05-15,3.008,2.971,3.013,2.957,1420377.0,510100,sh,上证50ETF易方达
2026-05-18,2.954,2.947,2.965,2.93,1415034.0,510100,sh,上证50ETF易方达
2026-05-19,2.947,2.964,2.966,2.928,1843286.0,510100,sh,上证50ETF易方达
2026-05-20,2.952,2.967,2.977,2.947,1275432.0,510100,sh,上证50ETF易方达
2026-05-21,2.981,2.935,3.01,2.93,1349003.0,510100,sh,上证50ETF易方达
2026-05-22,2.942,2.933,2.948,2.92,1246114.0,510100,sh,上证50ETF易方达
2026-05-25,2.938,2.978,2.981,2.938,1131301.0,510100,sh,上证50ETF易方达
2026-05-26,2.976,2.987,2.989,2.958,968732.0,510100,sh,上证50ETF易方达
2026-05-27,2.988,2.951,2.989,2.936,1110569.0,510100,sh,上证50ETF易方达
2026-05-28,2.935,2.928,2.942,2.906,999774.0,510100,sh,上证50ETF易方达
2026-05-29,2.929,2.939,2.955,2.924,1889797.0,510100,sh,上证50ETF易方达
2026-06-01,2.936,2.909,2.939,2.902,1930224.0,510100,sh,上证50ETF易方达
2026-06-02,2.904,2.932,2.947,2.904,1633964.0,510100,sh,上证50ETF易方达
2026-06-03,2.929,2.937,2.954,2.921,1616942.0,510100,sh,上证50ETF易方达
2026-06-04,2.924,2.906,2.934,2.898,1479166.0,510100,sh,上证50ETF易方达
2026-06-05,2.894,2.882,2.926,2.874,2033594.0,510100,sh,上证50ETF易方达
2026-06-08,2.84,2.843,2.863,2.823,1550933.0,510100,sh,上证50ETF易方达
2026-06-09,2.844,2.854,2.857,2.828,1479110.0,510100,sh,上证50ETF易方达
2026-06-10,2.847,2.875,2.883,2.847,1140080.0,510100,sh,上证50ETF易方达
2026-06-11,2.866,2.871,2.877,2.851,1274677.0,510100,sh,上证50ETF易方达
2026-06-12,2.88,2.923,2.931,2.878,1594838.0,510100,sh,上证50ETF易方达
2026-06-15,2.956,2.969,2.974,2.928,1626711.0,510100,sh,上证50ETF易方达
2026-06-16,2.973,2.937,2.973,2.929,1621131.0,510100,sh,上证50ETF易方达
2026-06-17,2.927,2.961,2.962,2.926,1777407.0,510100,sh,上证50ETF易方达
2026-06-18,2.949,2.961,2.979,2.946,1712353.0,510100,sh,上证50ETF易方达
2026-06-22,2.957,3.04,3.041,2.941,1507626.0,510100,sh,上证50ETF易方达
2026-06-23,3.038,2.947,3.043,2.935,1217715.0,510100,sh,上证50ETF易方达
2026-06-24,2.94,2.969,2.97,2.931,2024025.0,510100,sh,上证50ETF易方达
2026-06-25,2.965,3.004,3.016,2.965,1440152.0,510100,sh,上证50ETF易方达
2026-06-26,2.99,2.942,2.998,2.921,1450853.0,510100,sh,上证50ETF易方达
2026-06-29,2.934,3.023,3.026,2.934,1446252.0,510100,sh,上证50ETF易方达
2026-06-30,2.999,3.026,3.027,2.998,1198302.0,510100,sh,上证50ETF易方达
2026-07-01,3.024,3.022,3.052,2.999,1461249.0,510100,sh,上证50ETF易方达
2026-07-02,2.991,2.948,2.998,2.94,1394589.0,510100,sh,上证50ETF易方达
2026-07-03,2.945,2.968,2.991,2.945,1385122.0,510100,sh,上证50ETF易方达
