date,open,close,high,low,volume,code,market,name
2020-01-02,1.157,1.169,1.177,1.157,204541.0,512090,sh,MSCIA股ETF易方达
2020-01-03,1.177,1.166,1.177,1.165,111639.0,512090,sh,MSCIA股ETF易方达
2020-01-06,1.162,1.166,1.177,1.159,262573.0,512090,sh,MSCIA股ETF易方达
2020-01-07,1.166,1.174,1.174,1.166,148761.0,512090,sh,MSCIA股ETF易方达
2020-01-08,1.172,1.162,1.173,1.157,211851.0,512090,sh,MSCIA股ETF易方达
2020-01-09,1.169,1.174,1.176,1.169,156896.0,512090,sh,MSCIA股ETF易方达
2020-01-10,1.177,1.176,1.18,1.173,137217.0,512090,sh,MSCIA股ETF易方达
2020-01-13,1.176,1.191,1.191,1.173,171961.0,512090,sh,MSCIA股ETF易方达
2020-01-14,1.192,1.186,1.196,1.186,178205.0,512090,sh,MSCIA股ETF易方达
2020-01-15,1.186,1.179,1.188,1.176,130908.0,512090,sh,MSCIA股ETF易方达
2020-01-16,1.181,1.178,1.183,1.176,132415.0,512090,sh,MSCIA股ETF易方达
2020-01-17,1.179,1.179,1.186,1.177,142922.0,512090,sh,MSCIA股ETF易方达
2020-01-20,1.181,1.188,1.189,1.177,160349.0,512090,sh,MSCIA股ETF易方达
2020-01-21,1.186,1.173,1.186,1.172,176845.0,512090,sh,MSCIA股ETF易方达
2020-01-22,1.164,1.179,1.184,1.155,176161.0,512090,sh,MSCIA股ETF易方达
2020-01-23,1.174,1.149,1.175,1.136,201864.0,512090,sh,MSCIA股ETF易方达
2020-02-03,1.054,1.052,1.075,1.05,280289.0,512090,sh,MSCIA股ETF易方达
2020-02-04,1.059,1.082,1.086,1.052,174261.0,512090,sh,MSCIA股ETF易方达
2020-02-05,1.084,1.1,1.11,1.083,210153.0,512090,sh,MSCIA股ETF易方达
2020-02-06,1.101,1.124,1.129,1.094,234150.0,512090,sh,MSCIA股ETF易方达
2020-02-07,1.122,1.125,1.126,1.112,174654.0,512090,sh,MSCIA股ETF易方达
2020-02-10,1.125,1.133,1.135,1.116,190656.0,512090,sh,MSCIA股ETF易方达
2020-02-11,1.136,1.139,1.144,1.13,142241.0,512090,sh,MSCIA股ETF易方达
2020-02-12,1.133,1.155,1.155,1.133,174983.0,512090,sh,MSCIA股ETF易方达
2020-02-13,1.155,1.148,1.16,1.144,207573.0,512090,sh,MSCIA股ETF易方达
2020-02-14,1.149,1.16,1.163,1.148,236515.0,512090,sh,MSCIA股ETF易方达
2020-02-17,1.158,1.18,1.184,1.157,194272.0,512090,sh,MSCIA股ETF易方达
2020-02-18,1.18,1.179,1.184,1.17,193611.0,512090,sh,MSCIA股ETF易方达
2020-02-19,1.19,1.18,1.19,1.175,251067.0,512090,sh,MSCIA股ETF易方达
2020-02-20,1.179,1.203,1.206,1.179,376566.0,512090,sh,MSCIA股ETF易方达
2020-02-21,1.205,1.206,1.218,1.201,314679.0,512090,sh,MSCIA股ETF易方达
2020-02-24,1.205,1.205,1.21,1.195,239016.0,512090,sh,MSCIA股ETF易方达
2020-02-25,1.182,1.205,1.208,1.176,251965.0,512090,sh,MSCIA股ETF易方达
2020-02-26,1.19,1.189,1.208,1.187,253975.0,512090,sh,MSCIA股ETF易方达
2020-02-27,1.188,1.194,1.203,1.188,230843.0,512090,sh,MSCIA股ETF易方达
2020-02-28,1.18,1.15,1.18,1.149,378221.0,512090,sh,MSCIA股ETF易方达
2020-03-02,1.151,1.195,1.198,1.149,481286.0,512090,sh,MSCIA股ETF易方达
2020-03-03,1.198,1.199,1.217,1.191,222285.0,512090,sh,MSCIA股ETF易方达
2020-03-04,1.187,1.204,1.204,1.18,235316.0,512090,sh,MSCIA股ETF易方达
2020-03-05,1.223,1.228,1.232,1.208,192058.0,512090,sh,MSCIA股ETF易方达
2020-03-06,1.22,1.21,1.221,1.209,197482.0,512090,sh,MSCIA股ETF易方达
2020-03-09,1.185,1.174,1.19,1.17,264048.0,512090,sh,MSCIA股ETF易方达
2020-03-10,1.159,1.191,1.195,1.157,314847.0,512090,sh,MSCIA股ETF易方达
2020-03-11,1.19,1.178,1.198,1.178,250513.0,512090,sh,MSCIA股ETF易方达
2020-03-12,1.171,1.156,1.171,1.149,284828.0,512090,sh,MSCIA股ETF易方达
2020-03-13,1.126,1.142,1.154,1.089,390943.0,512090,sh,MSCIA股ETF易方达
2020-03-16,1.145,1.092,1.145,1.09,350368.0,512090,sh,MSCIA股ETF易方达
2020-03-17,1.091,1.084,1.127,1.058,394358.0,512090,sh,MSCIA股ETF易方达
2020-03-18,1.094,1.072,1.104,1.067,341363.0,512090,sh,MSCIA股ETF易方达
2020-03-19,1.063,1.058,1.072,1.03,340862.0,512090,sh,MSCIA股ETF易方达
2020-03-20,1.068,1.076,1.077,1.055,150973.0,512090,sh,MSCIA股ETF易方达
2020-03-23,1.05,1.042,1.069,1.04,180590.0,512090,sh,MSCIA股ETF易方达
2020-03-24,1.053,1.064,1.067,1.043,225474.0,512090,sh,MSCIA股ETF易方达
2020-03-25,1.082,1.094,1.096,1.081,180587.0,512090,sh,MSCIA股ETF易方达
2020-03-26,1.091,1.089,1.099,1.081,150170.0,512090,sh,MSCIA股ETF易方达
2020-03-27,1.099,1.091,1.106,1.09,143558.0,512090,sh,MSCIA股ETF易方达
2020-03-30,1.081,1.082,1.085,1.071,118078.0,512090,sh,MSCIA股ETF易方达
2020-03-31,1.085,1.082,1.093,1.082,171508.0,512090,sh,MSCIA股ETF易方达
2020-04-01,1.085,1.081,1.097,1.078,97945.0,512090,sh,MSCIA股ETF易方达
2020-04-02,1.08,1.099,1.099,1.076,143424.0,512090,sh,MSCIA股ETF易方达
2020-04-03,1.099,1.094,1.102,1.092,105291.0,512090,sh,MSCIA股ETF易方达
2020-04-07,1.11,1.12,1.122,1.11,198867.0,512090,sh,MSCIA股ETF易方达
2020-04-08,1.119,1.117,1.121,1.111,140503.0,512090,sh,MSCIA股ETF易方达
2020-04-09,1.124,1.122,1.124,1.119,140908.0,512090,sh,MSCIA股ETF易方达
2020-04-10,1.121,1.111,1.13,1.11,213337.0,512090,sh,MSCIA股ETF易方达
2020-04-13,1.106,1.105,1.109,1.102,84083.0,512090,sh,MSCIA股ETF易方达
2020-04-14,1.109,1.125,1.126,1.109,163770.0,512090,sh,MSCIA股ETF易方达
2020-04-15,1.126,1.121,1.131,1.12,175584.0,512090,sh,MSCIA股ETF易方达
2020-04-16,1.122,1.123,1.127,1.111,179126.0,512090,sh,MSCIA股ETF易方达
2020-04-17,1.129,1.133,1.142,1.129,234556.0,512090,sh,MSCIA股ETF易方达
2020-04-20,1.135,1.141,1.142,1.134,143558.0,512090,sh,MSCIA股ETF易方达
2020-04-21,1.14,1.133,1.14,1.123,54385.0,512090,sh,MSCIA股ETF易方达
2020-04-22,1.128,1.143,1.143,1.125,126321.0,512090,sh,MSCIA股ETF易方达
2020-04-23,1.143,1.141,1.147,1.135,100286.0,512090,sh,MSCIA股ETF易方达
2020-04-24,1.135,1.129,1.138,1.128,178322.0,512090,sh,MSCIA股ETF易方达
2020-04-27,1.13,1.137,1.142,1.13,189396.0,512090,sh,MSCIA股ETF易方达
2020-04-28,1.141,1.142,1.145,1.121,142523.0,512090,sh,MSCIA股ETF易方达
2020-04-29,1.143,1.148,1.152,1.14,131162.0,512090,sh,MSCIA股ETF易方达
2020-04-30,1.155,1.163,1.166,1.155,131418.0,512090,sh,MSCIA股ETF易方达
2020-05-06,1.155,1.169,1.171,1.154,180853.0,512090,sh,MSCIA股ETF易方达
2020-05-07,1.171,1.17,1.174,1.167,167547.0,512090,sh,MSCIA股ETF易方达
2020-05-08,1.17,1.182,1.188,1.17,125443.0,512090,sh,MSCIA股ETF易方达
2020-05-11,1.182,1.18,1.191,1.175,166239.0,512090,sh,MSCIA股ETF易方达
2020-05-12,1.18,1.175,1.18,1.169,212173.0,512090,sh,MSCIA股ETF易方达
2020-05-13,1.171,1.181,1.183,1.171,202235.0,512090,sh,MSCIA股ETF易方达
2020-05-14,1.17,1.172,1.177,1.17,141767.0,512090,sh,MSCIA股ETF易方达
2020-05-15,1.178,1.17,1.178,1.167,189181.0,512090,sh,MSCIA股ETF易方达
2020-05-18,1.164,1.175,1.18,1.164,236780.0,512090,sh,MSCIA股ETF易方达
2020-05-19,1.187,1.182,1.187,1.178,143310.0,512090,sh,MSCIA股ETF易方达
2020-05-20,1.182,1.182,1.185,1.177,119621.0,512090,sh,MSCIA股ETF易方达
2020-05-21,1.174,1.17,1.182,1.17,110524.0,512090,sh,MSCIA股ETF易方达
2020-05-22,1.165,1.145,1.166,1.145,191995.0,512090,sh,MSCIA股ETF易方达
2020-05-25,1.141,1.15,1.15,1.137,143344.0,512090,sh,MSCIA股ETF易方达
2020-05-26,1.154,1.161,1.162,1.152,166544.0,512090,sh,MSCIA股ETF易方达
2020-05-27,1.16,1.158,1.163,1.154,114427.0,512090,sh,MSCIA股ETF易方达
2020-05-28,1.156,1.156,1.165,1.145,188507.0,512090,sh,MSCIA股ETF易方达
2020-05-29,1.151,1.161,1.161,1.15,194685.0,512090,sh,MSCIA股ETF易方达
2020-06-01,1.169,1.192,1.193,1.163,239155.0,512090,sh,MSCIA股ETF易方达
2020-06-02,1.19,1.195,1.198,1.19,242077.0,512090,sh,MSCIA股ETF易方达
2020-06-03,1.197,1.195,1.203,1.193,181070.0,512090,sh,MSCIA股ETF易方达
2020-06-04,1.197,1.195,1.197,1.191,120982.0,512090,sh,MSCIA股ETF易方达
2020-06-05,1.194,1.201,1.202,1.19,149849.0,512090,sh,MSCIA股ETF易方达
2020-06-08,1.199,1.202,1.213,1.198,116871.0,512090,sh,MSCIA股ETF易方达
2020-06-09,1.204,1.211,1.213,1.202,185590.0,512090,sh,MSCIA股ETF易方达
2020-06-10,1.212,1.213,1.213,1.208,158993.0,512090,sh,MSCIA股ETF易方达
2020-06-11,1.211,1.203,1.22,1.199,168008.0,512090,sh,MSCIA股ETF易方达
2020-06-12,1.198,1.206,1.211,1.186,167698.0,512090,sh,MSCIA股ETF易方达
2020-06-15,1.214,1.195,1.214,1.195,187976.0,512090,sh,MSCIA股ETF易方达
2020-06-16,1.196,1.212,1.213,1.196,147044.0,512090,sh,MSCIA股ETF易方达
2020-06-17,1.217,1.218,1.219,1.21,126825.0,512090,sh,MSCIA股ETF易方达
2020-06-18,1.218,1.226,1.228,1.212,185279.0,512090,sh,MSCIA股ETF易方达
2020-06-19,1.227,1.24,1.248,1.227,208498.0,512090,sh,MSCIA股ETF易方达
2020-06-22,1.24,1.243,1.252,1.24,203275.0,512090,sh,MSCIA股ETF易方达
2020-06-23,1.241,1.259,1.259,1.239,153875.0,512090,sh,MSCIA股ETF易方达
2020-06-24,1.259,1.267,1.268,1.259,95948.0,512090,sh,MSCIA股ETF易方达
2020-06-29,1.267,1.259,1.267,1.253,221580.0,512090,sh,MSCIA股ETF易方达
2020-06-30,1.259,1.277,1.283,1.259,287270.0,512090,sh,MSCIA股ETF易方达
2020-07-01,1.277,1.3,1.301,1.277,169671.0,512090,sh,MSCIA股ETF易方达
2020-07-02,1.292,1.322,1.325,1.292,251474.0,512090,sh,MSCIA股ETF易方达
2020-07-03,1.323,1.348,1.348,1.323,195633.0,512090,sh,MSCIA股ETF易方达
2020-07-06,1.357,1.425,1.425,1.357,265971.0,512090,sh,MSCIA股ETF易方达
2020-07-07,1.443,1.429,1.459,1.425,330281.0,512090,sh,MSCIA股ETF易方达
2020-07-08,1.428,1.457,1.463,1.424,201046.0,512090,sh,MSCIA股ETF易方达
2020-07-09,1.457,1.482,1.485,1.454,263494.0,512090,sh,MSCIA股ETF易方达
2020-07-10,1.478,1.47,1.485,1.459,295660.0,512090,sh,MSCIA股ETF易方达
2020-07-13,1.465,1.504,1.512,1.461,289501.0,512090,sh,MSCIA股ETF易方达
2020-07-14,1.504,1.49,1.507,1.464,378281.0,512090,sh,MSCIA股ETF易方达
2020-07-15,1.491,1.476,1.504,1.467,287696.0,512090,sh,MSCIA股ETF易方达
2020-07-16,1.478,1.408,1.492,1.406,195651.0,512090,sh,MSCIA股ETF易方达
2020-07-17,1.41,1.417,1.436,1.4,257171.0,512090,sh,MSCIA股ETF易方达
2020-07-20,1.418,1.457,1.457,1.413,242001.0,512090,sh,MSCIA股ETF易方达
2020-07-21,1.467,1.466,1.467,1.452,190587.0,512090,sh,MSCIA股ETF易方达
2020-07-22,1.465,1.476,1.499,1.46,211182.0,512090,sh,MSCIA股ETF易方达
2020-07-23,1.474,1.477,1.482,1.441,196496.0,512090,sh,MSCIA股ETF易方达
2020-07-24,1.474,1.41,1.474,1.4,272448.0,512090,sh,MSCIA股ETF易方达
2020-07-27,1.42,1.413,1.425,1.401,192878.0,512090,sh,MSCIA股ETF易方达
2020-07-28,1.42,1.435,1.435,1.42,188754.0,512090,sh,MSCIA股ETF易方达
2020-07-29,1.435,1.468,1.468,1.425,192680.0,512090,sh,MSCIA股ETF易方达
2020-07-30,1.479,1.463,1.479,1.46,174382.0,512090,sh,MSCIA股ETF易方达
2020-07-31,1.463,1.477,1.49,1.451,146507.0,512090,sh,MSCIA股ETF易方达
2020-08-03,1.478,1.505,1.505,1.478,142201.0,512090,sh,MSCIA股ETF易方达
2020-08-04,1.505,1.498,1.512,1.494,183272.0,512090,sh,MSCIA股ETF易方达
2020-08-05,1.509,1.507,1.509,1.479,193320.0,512090,sh,MSCIA股ETF易方达
2020-08-06,1.521,1.5,1.521,1.479,138078.0,512090,sh,MSCIA股ETF易方达
2020-08-07,1.501,1.489,1.501,1.466,158743.0,512090,sh,MSCIA股ETF易方达
2020-08-10,1.488,1.49,1.501,1.469,108701.0,512090,sh,MSCIA股ETF易方达
2020-08-11,1.5,1.485,1.514,1.478,137399.0,512090,sh,MSCIA股ETF易方达
2020-08-12,1.486,1.464,1.486,1.441,150405.0,512090,sh,MSCIA股ETF易方达
2020-08-13,1.465,1.464,1.475,1.46,133027.0,512090,sh,MSCIA股ETF易方达
2020-08-14,1.463,1.49,1.49,1.463,151482.0,512090,sh,MSCIA股ETF易方达
2020-08-17,1.491,1.517,1.525,1.49,185753.0,512090,sh,MSCIA股ETF易方达
2020-08-18,1.519,1.517,1.524,1.512,121476.0,512090,sh,MSCIA股ETF易方达
2020-08-19,1.514,1.498,1.517,1.497,131990.0,512090,sh,MSCIA股ETF易方达
2020-08-20,1.48,1.481,1.492,1.475,231829.0,512090,sh,MSCIA股ETF易方达
2020-08-21,1.483,1.496,1.503,1.483,255709.0,512090,sh,MSCIA股ETF易方达
2020-08-24,1.496,1.513,1.516,1.495,244874.0,512090,sh,MSCIA股ETF易方达
2020-08-25,1.513,1.515,1.53,1.507,167097.0,512090,sh,MSCIA股ETF易方达
2020-08-26,1.513,1.498,1.522,1.492,163482.0,512090,sh,MSCIA股ETF易方达
2020-08-27,1.498,1.513,1.513,1.492,144814.0,512090,sh,MSCIA股ETF易方达
2020-08-28,1.511,1.545,1.548,1.503,225114.0,512090,sh,MSCIA股ETF易方达
2020-08-31,1.569,1.535,1.569,1.535,221229.0,512090,sh,MSCIA股ETF易方达
2020-09-01,1.535,1.544,1.544,1.529,166435.0,512090,sh,MSCIA股ETF易方达
2020-09-02,1.546,1.55,1.555,1.532,195963.0,512090,sh,MSCIA股ETF易方达
2020-09-03,1.548,1.544,1.557,1.535,216265.0,512090,sh,MSCIA股ETF易方达
2020-09-04,1.514,1.526,1.529,1.511,174390.0,512090,sh,MSCIA股ETF易方达
2020-09-07,1.525,1.493,1.534,1.484,193179.0,512090,sh,MSCIA股ETF易方达
2020-09-08,1.487,1.494,1.499,1.478,245694.0,512090,sh,MSCIA股ETF易方达
2020-09-09,1.485,1.462,1.485,1.45,187773.0,512090,sh,MSCIA股ETF易方达
2020-09-10,1.463,1.457,1.479,1.454,190613.0,512090,sh,MSCIA股ETF易方达
2020-09-11,1.457,1.473,1.474,1.455,186124.0,512090,sh,MSCIA股ETF易方达
2020-09-14,1.474,1.483,1.486,1.473,127699.0,512090,sh,MSCIA股ETF易方达
2020-09-15,1.482,1.491,1.492,1.475,116001.0,512090,sh,MSCIA股ETF易方达
2020-09-16,1.491,1.483,1.492,1.477,141084.0,512090,sh,MSCIA股ETF易方达
2020-09-17,1.48,1.478,1.489,1.467,153652.0,512090,sh,MSCIA股ETF易方达
2020-09-18,1.479,1.51,1.511,1.479,196586.0,512090,sh,MSCIA股ETF易方达
2020-09-21,1.51,1.496,1.515,1.493,150018.0,512090,sh,MSCIA股ETF易方达
2020-09-22,1.495,1.48,1.502,1.477,176906.0,512090,sh,MSCIA股ETF易方达
2020-09-23,1.48,1.485,1.492,1.479,189809.0,512090,sh,MSCIA股ETF易方达
2020-09-24,1.482,1.46,1.482,1.46,150801.0,512090,sh,MSCIA股ETF易方达
2020-09-25,1.461,1.465,1.471,1.458,175132.0,512090,sh,MSCIA股ETF易方达
2020-09-28,1.465,1.465,1.476,1.463,176140.0,512090,sh,MSCIA股ETF易方达
2020-09-29,1.467,1.473,1.48,1.467,186320.0,512090,sh,MSCIA股ETF易方达
2020-09-30,1.474,1.471,1.484,1.462,199256.0,512090,sh,MSCIA股ETF易方达
2020-10-09,1.479,1.5,1.506,1.479,130744.0,512090,sh,MSCIA股ETF易方达
2020-10-12,1.5,1.547,1.547,1.5,152992.0,512090,sh,MSCIA股ETF易方达
2020-10-13,1.545,1.55,1.555,1.54,166447.0,512090,sh,MSCIA股ETF易方达
2020-10-14,1.549,1.544,1.549,1.539,155186.0,512090,sh,MSCIA股ETF易方达
2020-10-15,1.544,1.539,1.549,1.538,93491.0,512090,sh,MSCIA股ETF易方达
2020-10-16,1.541,1.536,1.55,1.529,135998.0,512090,sh,MSCIA股ETF易方达
2020-10-19,1.538,1.524,1.555,1.52,187664.0,512090,sh,MSCIA股ETF易方达
2020-10-20,1.522,1.538,1.538,1.519,184743.0,512090,sh,MSCIA股ETF易方达
2020-10-21,1.538,1.534,1.538,1.524,172761.0,512090,sh,MSCIA股ETF易方达
2020-10-22,1.532,1.527,1.532,1.511,176519.0,512090,sh,MSCIA股ETF易方达
2020-10-23,1.527,1.512,1.534,1.507,192364.0,512090,sh,MSCIA股ETF易方达
2020-10-26,1.51,1.498,1.51,1.48,130449.0,512090,sh,MSCIA股ETF易方达
2020-10-27,1.498,1.505,1.505,1.494,108787.0,512090,sh,MSCIA股ETF易方达
2020-10-28,1.505,1.519,1.526,1.501,168630.0,512090,sh,MSCIA股ETF易方达
2020-10-29,1.517,1.535,1.543,1.503,278002.0,512090,sh,MSCIA股ETF易方达
2020-10-30,1.538,1.51,1.542,1.505,231515.0,512090,sh,MSCIA股ETF易方达
2020-11-02,1.512,1.518,1.527,1.511,190371.0,512090,sh,MSCIA股ETF易方达
2020-11-03,1.52,1.541,1.546,1.52,184445.0,512090,sh,MSCIA股ETF易方达
2020-11-04,1.54,1.549,1.557,1.535,185778.0,512090,sh,MSCIA股ETF易方达
2020-11-05,1.551,1.572,1.572,1.551,147894.0,512090,sh,MSCIA股ETF易方达
2020-11-06,1.573,1.567,1.575,1.557,111344.0,512090,sh,MSCIA股ETF易方达
2020-11-09,1.584,1.599,1.606,1.58,177756.0,512090,sh,MSCIA股ETF易方达
2020-11-10,1.599,1.594,1.603,1.584,169813.0,512090,sh,MSCIA股ETF易方达
2020-11-11,1.592,1.574,1.594,1.573,127622.0,512090,sh,MSCIA股ETF易方达
2020-11-12,1.574,1.572,1.578,1.566,189225.0,512090,sh,MSCIA股ETF易方达
2020-11-13,1.573,1.56,1.573,1.55,205679.0,512090,sh,MSCIA股ETF易方达
2020-11-16,1.562,1.576,1.579,1.558,155037.0,512090,sh,MSCIA股ETF易方达
2020-11-17,1.577,1.572,1.578,1.564,156115.0,512090,sh,MSCIA股ETF易方达
2020-11-18,1.575,1.569,1.581,1.561,162765.0,512090,sh,MSCIA股ETF易方达
2020-11-19,1.567,1.579,1.586,1.561,134004.0,512090,sh,MSCIA股ETF易方达
2020-11-20,1.583,1.59,1.591,1.58,147206.0,512090,sh,MSCIA股ETF易方达
2020-11-23,1.592,1.606,1.619,1.591,169414.0,512090,sh,MSCIA股ETF易方达
2020-11-24,1.606,1.6,1.609,1.597,120965.0,512090,sh,MSCIA股ETF易方达
2020-11-25,1.601,1.575,1.608,1.574,157915.0,512090,sh,MSCIA股ETF易方达
2020-11-26,1.575,1.577,1.581,1.563,123789.0,512090,sh,MSCIA股ETF易方达
2020-11-27,1.571,1.598,1.598,1.571,165315.0,512090,sh,MSCIA股ETF易方达
2020-11-30,1.598,1.588,1.613,1.585,191990.0,512090,sh,MSCIA股ETF易方达
2020-12-01,1.588,1.618,1.623,1.588,140774.0,512090,sh,MSCIA股ETF易方达
2020-12-02,1.62,1.62,1.625,1.608,258308.0,512090,sh,MSCIA股ETF易方达
2020-12-03,1.62,1.619,1.623,1.61,97214.0,512090,sh,MSCIA股ETF易方达
2020-12-04,1.617,1.627,1.628,1.606,227477.0,512090,sh,MSCIA股ETF易方达
2020-12-07,1.63,1.615,1.63,1.612,174861.0,512090,sh,MSCIA股ETF易方达
2020-12-08,1.617,1.619,1.627,1.616,110398.0,512090,sh,MSCIA股ETF易方达
2020-12-09,1.621,1.601,1.627,1.598,116838.0,512090,sh,MSCIA股ETF易方达
2020-12-10,1.6,1.601,1.606,1.592,73177.0,512090,sh,MSCIA股ETF易方达
2020-12-11,1.603,1.586,1.606,1.573,95882.0,512090,sh,MSCIA股ETF易方达
2020-12-14,1.586,1.6,1.602,1.583,63953.0,512090,sh,MSCIA股ETF易方达
2020-12-15,1.602,1.608,1.61,1.592,44634.0,512090,sh,MSCIA股ETF易方达
2020-12-16,1.606,1.609,1.614,1.604,48426.0,512090,sh,MSCIA股ETF易方达
2020-12-17,1.607,1.626,1.634,1.607,172588.0,512090,sh,MSCIA股ETF易方达
2020-12-18,1.626,1.624,1.631,1.616,85616.0,512090,sh,MSCIA股ETF易方达
2020-12-21,1.624,1.649,1.649,1.617,112600.0,512090,sh,MSCIA股ETF易方达
2020-12-22,1.65,1.622,1.65,1.617,134984.0,512090,sh,MSCIA股ETF易方达
2020-12-23,1.624,1.632,1.644,1.622,106887.0,512090,sh,MSCIA股ETF易方达
2020-12-24,1.636,1.632,1.64,1.626,91354.0,512090,sh,MSCIA股ETF易方达
2020-12-25,1.633,1.642,1.646,1.62,121832.0,512090,sh,MSCIA股ETF易方达
2020-12-28,1.642,1.65,1.656,1.639,100212.0,512090,sh,MSCIA股ETF易方达
2020-12-29,1.651,1.64,1.653,1.637,180381.0,512090,sh,MSCIA股ETF易方达
2020-12-30,1.641,1.663,1.665,1.641,139611.0,512090,sh,MSCIA股ETF易方达
2020-12-31,1.66,1.7,1.701,1.66,152234.0,512090,sh,MSCIA股ETF易方达
2021-01-04,1.702,1.729,1.733,1.696,175942.0,512090,sh,MSCIA股ETF易方达
2021-01-05,1.727,1.756,1.756,1.715,149573.0,512090,sh,MSCIA股ETF易方达
2021-01-06,1.755,1.766,1.777,1.74,241244.0,512090,sh,MSCIA股ETF易方达
2021-01-07,1.768,1.804,1.805,1.765,216889.0,512090,sh,MSCIA股ETF易方达
2021-01-08,1.806,1.796,1.816,1.777,172781.0,512090,sh,MSCIA股ETF易方达
2021-01-11,1.793,1.77,1.808,1.761,202918.0,512090,sh,MSCIA股ETF易方达
2021-01-12,1.779,1.815,1.816,1.763,117735.0,512090,sh,MSCIA股ETF易方达
2021-01-13,1.816,1.808,1.829,1.793,325150.0,512090,sh,MSCIA股ETF易方达
2021-01-14,1.806,1.77,1.806,1.767,262487.0,512090,sh,MSCIA股ETF易方达
2021-01-15,1.765,1.768,1.78,1.742,234759.0,512090,sh,MSCIA股ETF易方达
2021-01-18,1.768,1.787,1.794,1.752,227568.0,512090,sh,MSCIA股ETF易方达
2021-01-19,1.785,1.76,1.788,1.752,119081.0,512090,sh,MSCIA股ETF易方达
2021-01-20,1.76,1.776,1.782,1.756,86480.0,512090,sh,MSCIA股ETF易方达
2021-01-21,1.776,1.809,1.817,1.776,103973.0,512090,sh,MSCIA股ETF易方达
2021-01-22,1.805,1.816,1.817,1.795,130397.0,512090,sh,MSCIA股ETF易方达
2021-01-25,1.82,1.837,1.85,1.815,78817.0,512090,sh,MSCIA股ETF易方达
2021-01-26,1.837,1.801,1.837,1.8,73586.0,512090,sh,MSCIA股ETF易方达
2021-01-27,1.801,1.81,1.812,1.78,99890.0,512090,sh,MSCIA股ETF易方达
2021-01-28,1.808,1.761,1.808,1.719,91525.0,512090,sh,MSCIA股ETF易方达
2021-01-29,1.761,1.757,1.781,1.733,118910.0,512090,sh,MSCIA股ETF易方达
2021-02-01,1.758,1.778,1.778,1.755,104628.0,512090,sh,MSCIA股ETF易方达
2021-02-02,1.778,1.804,1.805,1.77,108504.0,512090,sh,MSCIA股ETF易方达
2021-02-03,1.805,1.807,1.82,1.8,67462.0,512090,sh,MSCIA股ETF易方达
2021-02-04,1.796,1.802,1.814,1.779,68531.0,512090,sh,MSCIA股ETF易方达
2021-02-05,1.801,1.8,1.825,1.798,69101.0,512090,sh,MSCIA股ETF易方达
2021-02-08,1.8,1.83,1.834,1.798,74424.0,512090,sh,MSCIA股ETF易方达
2021-02-09,1.832,1.871,1.871,1.828,93012.0,512090,sh,MSCIA股ETF易方达
2021-02-10,1.881,1.908,1.913,1.877,83146.0,512090,sh,MSCIA股ETF易方达
2021-02-18,1.941,1.902,1.948,1.888,145199.0,512090,sh,MSCIA股ETF易方达
2021-02-19,1.89,1.896,1.899,1.857,136342.0,512090,sh,MSCIA股ETF易方达
2021-02-22,1.9,1.836,1.9,1.835,160844.0,512090,sh,MSCIA股ETF易方达
2021-02-23,1.832,1.828,1.846,1.815,123627.0,512090,sh,MSCIA股ETF易方达
2021-02-24,1.831,1.779,1.832,1.758,171762.0,512090,sh,MSCIA股ETF易方达
2021-02-25,1.786,1.778,1.798,1.772,135740.0,512090,sh,MSCIA股ETF易方达
2021-02-26,1.767,1.736,1.767,1.689,230018.0,512090,sh,MSCIA股ETF易方达
2021-03-01,1.737,1.763,1.764,1.737,121170.0,512090,sh,MSCIA股ETF易方达
2021-03-02,1.764,1.742,1.776,1.73,127251.0,512090,sh,MSCIA股ETF易方达
2021-03-03,1.743,1.775,1.775,1.733,114442.0,512090,sh,MSCIA股ETF易方达
2021-03-04,1.771,1.719,1.771,1.71,156950.0,512090,sh,MSCIA股ETF易方达
2021-03-05,1.712,1.714,1.729,1.684,121792.0,512090,sh,MSCIA股ETF易方达
2021-03-08,1.716,1.654,1.734,1.652,136324.0,512090,sh,MSCIA股ETF易方达
2021-03-09,1.657,1.615,1.657,1.597,165803.0,512090,sh,MSCIA股ETF易方达
2021-03-10,1.629,1.627,1.644,1.62,107571.0,512090,sh,MSCIA股ETF易方达
2021-03-11,1.627,1.667,1.67,1.627,112086.0,512090,sh,MSCIA股ETF易方达
2021-03-12,1.669,1.677,1.678,1.654,97431.0,512090,sh,MSCIA股ETF易方达
2021-03-15,1.677,1.642,1.677,1.624,95539.0,512090,sh,MSCIA股ETF易方达
2021-03-16,1.654,1.652,1.654,1.63,149533.0,512090,sh,MSCIA股ETF易方达
2021-03-17,1.653,1.661,1.666,1.63,106428.0,512090,sh,MSCIA股ETF易方达
2021-03-18,1.666,1.675,1.682,1.665,140650.0,512090,sh,MSCIA股ETF易方达
2021-03-19,1.655,1.631,1.657,1.622,152785.0,512090,sh,MSCIA股ETF易方达
2021-03-22,1.635,1.648,1.655,1.627,108604.0,512090,sh,MSCIA股ETF易方达
2021-03-23,1.652,1.634,1.652,1.622,87428.0,512090,sh,MSCIA股ETF易方达
2021-03-24,1.625,1.609,1.639,1.606,122411.0,512090,sh,MSCIA股ETF易方达
2021-03-25,1.601,1.61,1.62,1.597,71607.0,512090,sh,MSCIA股ETF易方达
2021-03-26,1.618,1.649,1.654,1.618,100545.0,512090,sh,MSCIA股ETF易方达
2021-03-29,1.656,1.652,1.665,1.64,75715.0,512090,sh,MSCIA股ETF易方达
2021-03-30,1.653,1.668,1.672,1.649,61183.0,512090,sh,MSCIA股ETF易方达
2021-03-31,1.669,1.657,1.669,1.644,67456.0,512090,sh,MSCIA股ETF易方达
2021-04-01,1.657,1.676,1.679,1.657,56751.0,512090,sh,MSCIA股ETF易方达
2021-04-02,1.678,1.693,1.696,1.678,98126.0,512090,sh,MSCIA股ETF易方达
2021-04-06,1.695,1.689,1.848,1.684,131404.0,512090,sh,MSCIA股ETF易方达
2021-04-07,1.689,1.678,1.689,1.665,101732.0,512090,sh,MSCIA股ETF易方达
2021-04-08,1.679,1.681,1.688,1.663,55277.0,512090,sh,MSCIA股ETF易方达
2021-04-09,1.682,1.663,1.682,1.657,83343.0,512090,sh,MSCIA股ETF易方达
2021-04-12,1.663,1.633,1.664,1.627,63605.0,512090,sh,MSCIA股ETF易方达
2021-04-13,1.63,1.629,1.649,1.627,84814.0,512090,sh,MSCIA股ETF易方达
2021-04-14,1.629,1.646,1.65,1.629,67766.0,512090,sh,MSCIA股ETF易方达
2021-04-15,1.644,1.638,1.644,1.621,64625.0,512090,sh,MSCIA股ETF易方达
2021-04-16,1.645,1.646,1.649,1.63,45590.0,512090,sh,MSCIA股ETF易方达
2021-04-19,1.652,1.686,1.686,1.636,63903.0,512090,sh,MSCIA股ETF易方达
2021-04-20,1.694,1.684,1.695,1.675,70779.0,512090,sh,MSCIA股ETF易方达
2021-04-21,1.681,1.688,1.691,1.67,51956.0,512090,sh,MSCIA股ETF易方达
2021-04-22,1.687,1.688,1.698,1.68,60715.0,512090,sh,MSCIA股ETF易方达
2021-04-23,1.686,1.703,1.707,1.686,82917.0,512090,sh,MSCIA股ETF易方达
2021-04-26,1.702,1.685,1.722,1.683,91537.0,512090,sh,MSCIA股ETF易方达
2021-04-27,1.687,1.693,1.695,1.679,84345.0,512090,sh,MSCIA股ETF易方达
2021-04-28,1.691,1.705,1.705,1.683,51681.0,512090,sh,MSCIA股ETF易方达
2021-04-29,1.707,1.718,1.719,1.703,69027.0,512090,sh,MSCIA股ETF易方达
2021-04-30,1.718,1.71,1.721,1.698,77551.0,512090,sh,MSCIA股ETF易方达
2021-05-06,1.71,1.689,1.711,1.679,71391.0,512090,sh,MSCIA股ETF易方达
2021-05-07,1.689,1.669,1.7,1.667,76535.0,512090,sh,MSCIA股ETF易方达
2021-05-10,1.668,1.664,1.674,1.651,108649.0,512090,sh,MSCIA股ETF易方达
2021-05-11,1.654,1.674,1.679,1.643,115154.0,512090,sh,MSCIA股ETF易方达
2021-05-12,1.681,1.681,1.682,1.668,116974.0,512090,sh,MSCIA股ETF易方达
2021-05-13,1.666,1.667,1.676,1.661,85708.0,512090,sh,MSCIA股ETF易方达
2021-05-14,1.671,1.703,1.703,1.663,83843.0,512090,sh,MSCIA股ETF易方达
2021-05-17,1.703,1.728,1.736,1.703,97611.0,512090,sh,MSCIA股ETF易方达
2021-05-18,1.731,1.73,1.736,1.721,75450.0,512090,sh,MSCIA股ETF易方达
2021-05-19,1.73,1.729,1.735,1.721,68089.0,512090,sh,MSCIA股ETF易方达
2021-05-20,1.726,1.735,1.739,1.723,135102.0,512090,sh,MSCIA股ETF易方达
2021-05-21,1.739,1.719,1.744,1.713,134817.0,512090,sh,MSCIA股ETF易方达
2021-05-24,1.719,1.728,1.728,1.705,107021.0,512090,sh,MSCIA股ETF易方达
2021-05-25,1.728,1.78,1.781,1.728,155507.0,512090,sh,MSCIA股ETF易方达
2021-05-26,1.78,1.78,1.787,1.772,122078.0,512090,sh,MSCIA股ETF易方达
2021-05-27,1.776,1.787,1.8,1.768,84501.0,512090,sh,MSCIA股ETF易方达
2021-05-28,1.788,1.788,1.796,1.774,149230.0,512090,sh,MSCIA股ETF易方达
2021-05-31,1.783,1.791,1.792,1.773,85886.0,512090,sh,MSCIA股ETF易方达
2021-06-01,1.786,1.798,1.798,1.77,103653.0,512090,sh,MSCIA股ETF易方达
2021-06-02,1.798,1.78,1.801,1.774,104829.0,512090,sh,MSCIA股ETF易方达
2021-06-03,1.779,1.772,1.792,1.772,94502.0,512090,sh,MSCIA股ETF易方达
2021-06-04,1.767,1.783,1.8,1.765,132751.0,512090,sh,MSCIA股ETF易方达
2021-06-07,1.784,1.784,1.785,1.775,104050.0,512090,sh,MSCIA股ETF易方达
2021-06-08,1.784,1.773,1.8,1.759,93727.0,512090,sh,MSCIA股ETF易方达
2021-06-09,1.773,1.775,1.779,1.767,109309.0,512090,sh,MSCIA股ETF易方达
2021-06-10,1.774,1.788,1.797,1.771,100076.0,512090,sh,MSCIA股ETF易方达
2021-06-11,1.789,1.78,1.793,1.773,93232.0,512090,sh,MSCIA股ETF易方达
2021-06-15,1.782,1.757,1.782,1.75,120151.0,512090,sh,MSCIA股ETF易方达
2021-06-16,1.758,1.734,1.761,1.73,99328.0,512090,sh,MSCIA股ETF易方达
2021-06-17,1.734,1.741,1.75,1.731,102803.0,512090,sh,MSCIA股ETF易方达
2021-06-18,1.736,1.749,1.755,1.734,84173.0,512090,sh,MSCIA股ETF易方达
2021-06-21,1.753,1.751,1.76,1.736,117526.0,512090,sh,MSCIA股ETF易方达
2021-06-22,1.75,1.766,1.766,1.75,124692.0,512090,sh,MSCIA股ETF易方达
2021-06-23,1.765,1.776,1.783,1.762,132449.0,512090,sh,MSCIA股ETF易方达
2021-06-24,1.776,1.779,1.781,1.767,96873.0,512090,sh,MSCIA股ETF易方达
2021-06-25,1.772,1.808,1.813,1.772,139427.0,512090,sh,MSCIA股ETF易方达
2021-06-28,1.807,1.811,1.816,1.803,112250.0,512090,sh,MSCIA股ETF易方达
2021-06-29,1.813,1.795,1.814,1.792,77216.0,512090,sh,MSCIA股ETF易方达
2021-06-30,1.798,1.811,1.814,1.797,84308.0,512090,sh,MSCIA股ETF易方达
2021-07-01,1.816,1.805,1.819,1.796,96306.0,512090,sh,MSCIA股ETF易方达
2021-07-02,1.8,1.758,1.8,1.756,145526.0,512090,sh,MSCIA股ETF易方达
2021-07-05,1.751,1.765,1.768,1.751,93801.0,512090,sh,MSCIA股ETF易方达
2021-07-06,1.768,1.766,1.769,1.746,102224.0,512090,sh,MSCIA股ETF易方达
2021-07-07,1.761,1.786,1.792,1.753,98053.0,512090,sh,MSCIA股ETF易方达
2021-07-08,1.794,1.773,1.795,1.769,157292.0,512090,sh,MSCIA股ETF易方达
2021-07-09,1.77,1.768,1.773,1.746,168887.0,512090,sh,MSCIA股ETF易方达
2021-07-12,1.776,1.795,1.805,1.771,117729.0,512090,sh,MSCIA股ETF易方达
2021-07-13,1.8,1.799,1.806,1.788,107778.0,512090,sh,MSCIA股ETF易方达
2021-07-14,1.797,1.785,1.797,1.779,134959.0,512090,sh,MSCIA股ETF易方达
2021-07-15,1.78,1.807,1.81,1.778,98880.0,512090,sh,MSCIA股ETF易方达
2021-07-16,1.803,1.782,1.803,1.78,109069.0,512090,sh,MSCIA股ETF易方达
2021-07-19,1.779,1.789,1.792,1.768,125039.0,512090,sh,MSCIA股ETF易方达
2021-07-20,1.781,1.787,1.79,1.774,97717.0,512090,sh,MSCIA股ETF易方达
2021-07-21,1.79,1.805,1.81,1.79,117116.0,512090,sh,MSCIA股ETF易方达
2021-07-22,1.804,1.809,1.813,1.803,83668.0,512090,sh,MSCIA股ETF易方达
2021-07-23,1.81,1.789,1.81,1.785,104603.0,512090,sh,MSCIA股ETF易方达
2021-07-26,1.789,1.74,1.795,1.714,135305.0,512090,sh,MSCIA股ETF易方达
2021-07-27,1.74,1.68,1.748,1.677,148938.0,512090,sh,MSCIA股ETF易方达
2021-07-28,1.68,1.686,1.695,1.651,151960.0,512090,sh,MSCIA股ETF易方达
2021-07-29,1.695,1.715,1.718,1.695,137438.0,512090,sh,MSCIA股ETF易方达
2021-07-30,1.713,1.703,1.713,1.688,132720.0,512090,sh,MSCIA股ETF易方达
2021-08-02,1.705,1.744,1.747,1.688,138386.0,512090,sh,MSCIA股ETF易方达
2021-08-03,1.744,1.74,1.749,1.728,110258.0,512090,sh,MSCIA股ETF易方达
2021-08-04,1.737,1.757,1.759,1.737,121573.0,512090,sh,MSCIA股ETF易方达
2021-08-05,1.752,1.752,1.767,1.741,86162.0,512090,sh,MSCIA股ETF易方达
2021-08-06,1.756,1.746,1.756,1.737,99162.0,512090,sh,MSCIA股ETF易方达
2021-08-09,1.742,1.762,1.769,1.732,82522.0,512090,sh,MSCIA股ETF易方达
2021-08-10,1.759,1.781,1.782,1.747,132576.0,512090,sh,MSCIA股ETF易方达
2021-08-11,1.785,1.778,1.787,1.775,163682.0,512090,sh,MSCIA股ETF易方达
2021-08-12,1.778,1.767,1.779,1.762,159366.0,512090,sh,MSCIA股ETF易方达
2021-08-13,1.762,1.759,1.776,1.749,84124.0,512090,sh,MSCIA股ETF易方达
2021-08-16,1.759,1.753,1.765,1.75,118937.0,512090,sh,MSCIA股ETF易方达
2021-08-17,1.752,1.717,1.765,1.714,100606.0,512090,sh,MSCIA股ETF易方达
2021-08-18,1.714,1.739,1.744,1.713,65126.0,512090,sh,MSCIA股ETF易方达
2021-08-19,1.739,1.727,1.739,1.719,90948.0,512090,sh,MSCIA股ETF易方达
2021-08-20,1.722,1.703,1.722,1.681,112085.0,512090,sh,MSCIA股ETF易方达
2021-08-23,1.705,1.733,1.735,1.702,78282.0,512090,sh,MSCIA股ETF易方达
2021-08-24,1.736,1.751,1.755,1.731,106676.0,512090,sh,MSCIA股ETF易方达
2021-08-25,1.751,1.757,1.757,1.743,76154.0,512090,sh,MSCIA股ETF易方达
2021-08-26,1.757,1.735,1.757,1.728,89837.0,512090,sh,MSCIA股ETF易方达
2021-08-27,1.73,1.736,1.747,1.728,94127.0,512090,sh,MSCIA股ETF易方达
2021-08-30,1.736,1.73,1.741,1.726,95547.0,512090,sh,MSCIA股ETF易方达
2021-08-31,1.729,1.727,1.734,1.707,136600.0,512090,sh,MSCIA股ETF易方达
2021-09-01,1.727,1.748,1.759,1.714,174892.0,512090,sh,MSCIA股ETF易方达
2021-09-02,1.748,1.745,1.752,1.738,115644.0,512090,sh,MSCIA股ETF易方达
2021-09-03,1.746,1.74,1.757,1.736,138049.0,512090,sh,MSCIA股ETF易方达
2021-09-06,1.741,1.772,1.776,1.739,150240.0,512090,sh,MSCIA股ETF易方达
2021-09-07,1.773,1.797,1.8,1.768,164426.0,512090,sh,MSCIA股ETF易方达
2021-09-08,1.796,1.785,1.804,1.782,123722.0,512090,sh,MSCIA股ETF易方达
2021-09-09,1.78,1.789,1.789,1.763,143864.0,512090,sh,MSCIA股ETF易方达
2021-09-10,1.789,1.802,1.91,1.788,217794.0,512090,sh,MSCIA股ETF易方达
2021-09-13,1.801,1.798,1.809,1.785,192900.0,512090,sh,MSCIA股ETF易方达
2021-09-14,1.793,1.779,1.807,1.775,162193.0,512090,sh,MSCIA股ETF易方达
2021-09-15,1.778,1.763,1.778,1.757,134408.0,512090,sh,MSCIA股ETF易方达
2021-09-16,1.763,1.744,1.771,1.742,222273.0,512090,sh,MSCIA股ETF易方达
2021-09-17,1.74,1.757,1.759,1.735,145860.0,512090,sh,MSCIA股ETF易方达
2021-09-22,1.73,1.755,1.756,1.73,138845.0,512090,sh,MSCIA股ETF易方达
2021-09-23,1.751,1.761,1.771,1.751,123017.0,512090,sh,MSCIA股ETF易方达
2021-09-24,1.765,1.763,1.778,1.757,150823.0,512090,sh,MSCIA股ETF易方达
2021-09-27,1.762,1.766,1.786,1.756,155364.0,512090,sh,MSCIA股ETF易方达
2021-09-28,1.766,1.771,1.776,1.756,168463.0,512090,sh,MSCIA股ETF易方达
2021-09-29,1.774,1.753,1.774,1.74,289380.0,512090,sh,MSCIA股ETF易方达
2021-09-30,1.75,1.762,1.764,1.75,201611.0,512090,sh,MSCIA股ETF易方达
2021-10-08,1.774,1.779,1.786,1.769,175282.0,512090,sh,MSCIA股ETF易方达
2021-10-11,1.78,1.777,1.794,1.775,170753.0,512090,sh,MSCIA股ETF易方达
2021-10-12,1.775,1.751,1.775,1.74,237437.0,512090,sh,MSCIA股ETF易方达
2021-10-13,1.755,1.777,1.78,1.75,162763.0,512090,sh,MSCIA股ETF易方达
2021-10-14,1.782,1.771,1.783,1.769,120770.0,512090,sh,MSCIA股ETF易方达
2021-10-15,1.769,1.782,1.785,1.764,157066.0,512090,sh,MSCIA股ETF易方达
2021-10-18,1.783,1.768,1.783,1.757,158911.0,512090,sh,MSCIA股ETF易方达
2021-10-19,1.775,1.786,1.787,1.769,76852.0,512090,sh,MSCIA股ETF易方达
2021-10-20,1.788,1.786,1.792,1.779,116546.0,512090,sh,MSCIA股ETF易方达
2021-10-21,1.786,1.785,1.798,1.779,172195.0,512090,sh,MSCIA股ETF易方达
2021-10-22,1.789,1.795,1.808,1.789,170838.0,512090,sh,MSCIA股ETF易方达
2021-10-25,1.8,1.802,1.805,1.79,112028.0,512090,sh,MSCIA股ETF易方达
2021-10-26,1.803,1.799,1.814,1.795,142478.0,512090,sh,MSCIA股ETF易方达
2021-10-27,1.799,1.779,1.799,1.777,192322.0,512090,sh,MSCIA股ETF易方达
2021-10-28,1.779,1.771,1.781,1.764,209374.0,512090,sh,MSCIA股ETF易方达
2021-10-29,1.774,1.783,1.783,1.765,106040.0,512090,sh,MSCIA股ETF易方达
2021-11-01,1.788,1.779,1.788,1.768,99358.0,512090,sh,MSCIA股ETF易方达
2021-11-02,1.779,1.767,1.791,1.758,138812.0,512090,sh,MSCIA股ETF易方达
2021-11-03,1.77,1.761,1.773,1.755,156621.0,512090,sh,MSCIA股ETF易方达
2021-11-04,1.761,1.776,1.78,1.761,150222.0,512090,sh,MSCIA股ETF易方达
2021-11-05,1.781,1.765,1.784,1.763,158185.0,512090,sh,MSCIA股ETF易方达
2021-11-08,1.765,1.768,1.776,1.761,133812.0,512090,sh,MSCIA股ETF易方达
2021-11-09,1.767,1.769,1.775,1.76,127414.0,512090,sh,MSCIA股ETF易方达
2021-11-10,1.769,1.758,1.769,1.733,227960.0,512090,sh,MSCIA股ETF易方达
2021-11-11,1.756,1.783,1.783,1.754,182215.0,512090,sh,MSCIA股ETF易方达
2021-11-12,1.79,1.778,1.79,1.773,144120.0,512090,sh,MSCIA股ETF易方达
2021-11-15,1.777,1.776,1.784,1.769,168474.0,512090,sh,MSCIA股ETF易方达
2021-11-16,1.78,1.773,1.785,1.771,122131.0,512090,sh,MSCIA股ETF易方达
2021-11-17,1.776,1.776,1.778,1.77,115466.0,512090,sh,MSCIA股ETF易方达
2021-11-18,1.776,1.765,1.776,1.757,156547.0,512090,sh,MSCIA股ETF易方达
2021-11-19,1.76,1.782,1.786,1.76,123683.0,512090,sh,MSCIA股ETF易方达
2021-11-22,1.783,1.798,1.8,1.783,132425.0,512090,sh,MSCIA股ETF易方达
2021-11-23,1.797,1.797,1.802,1.79,120553.0,512090,sh,MSCIA股ETF易方达
2021-11-24,1.799,1.795,1.802,1.788,198609.0,512090,sh,MSCIA股ETF易方达
2021-11-25,1.798,1.793,1.801,1.788,216961.0,512090,sh,MSCIA股ETF易方达
2021-11-26,1.789,1.784,1.793,1.78,220421.0,512090,sh,MSCIA股ETF易方达
2021-11-29,1.775,1.784,1.787,1.767,128276.0,512090,sh,MSCIA股ETF易方达
2021-11-30,1.789,1.778,1.791,1.771,193657.0,512090,sh,MSCIA股ETF易方达
2021-12-01,1.778,1.782,1.783,1.774,258399.0,512090,sh,MSCIA股ETF易方达
2021-12-02,1.786,1.785,1.789,1.778,149062.0,512090,sh,MSCIA股ETF易方达
2021-12-03,1.787,1.801,1.801,1.786,150139.0,512090,sh,MSCIA股ETF易方达
2021-12-06,1.8,1.792,1.811,1.791,132674.0,512090,sh,MSCIA股ETF易方达
2021-12-07,1.799,1.795,1.804,1.786,105704.0,512090,sh,MSCIA股ETF易方达
2021-12-08,1.795,1.826,1.826,1.795,115022.0,512090,sh,MSCIA股ETF易方达
2021-12-09,1.821,1.844,1.855,1.821,59679.0,512090,sh,MSCIA股ETF易方达
2021-12-10,1.841,1.842,1.844,1.833,108985.0,512090,sh,MSCIA股ETF易方达
2021-12-13,1.842,1.852,1.868,1.842,97640.0,512090,sh,MSCIA股ETF易方达
2021-12-14,1.851,1.838,1.851,1.836,129529.0,512090,sh,MSCIA股ETF易方达
2021-12-15,1.838,1.827,1.843,1.825,90011.0,512090,sh,MSCIA股ETF易方达
2021-12-16,1.827,1.835,1.835,1.821,85825.0,512090,sh,MSCIA股ETF易方达
2021-12-17,1.834,1.809,1.834,1.807,151541.0,512090,sh,MSCIA股ETF易方达
2021-12-20,1.804,1.784,1.813,1.778,154094.0,512090,sh,MSCIA股ETF易方达
2021-12-21,1.784,1.795,1.796,1.781,81534.0,512090,sh,MSCIA股ETF易方达
2021-12-22,1.798,1.8,1.803,1.795,66160.0,512090,sh,MSCIA股ETF易方达
2021-12-23,1.803,1.808,1.812,1.799,87861.0,512090,sh,MSCIA股ETF易方达
2021-12-24,1.812,1.805,1.817,1.795,73377.0,512090,sh,MSCIA股ETF易方达
2021-12-27,1.805,1.799,1.809,1.794,103500.0,512090,sh,MSCIA股ETF易方达
2021-12-28,1.799,1.813,1.814,1.798,89093.0,512090,sh,MSCIA股ETF易方达
2021-12-29,1.814,1.789,1.814,1.788,98886.0,512090,sh,MSCIA股ETF易方达
2021-12-30,1.789,1.799,1.805,1.785,110798.0,512090,sh,MSCIA股ETF易方达
2021-12-31,1.805,1.805,1.81,1.802,113371.0,512090,sh,MSCIA股ETF易方达
2022-01-04,1.805,1.795,1.809,1.78,121792.0,512090,sh,MSCIA股ETF易方达
2022-01-05,1.792,1.773,1.793,1.768,151215.0,512090,sh,MSCIA股ETF易方达
2022-01-06,1.766,1.757,1.773,1.748,137254.0,512090,sh,MSCIA股ETF易方达
2022-01-07,1.758,1.756,1.77,1.755,152040.0,512090,sh,MSCIA股ETF易方达
2022-01-10,1.752,1.762,1.762,1.739,94604.0,512090,sh,MSCIA股ETF易方达
2022-01-11,1.759,1.743,1.763,1.741,121907.0,512090,sh,MSCIA股ETF易方达
2022-01-12,1.743,1.763,1.766,1.743,127748.0,512090,sh,MSCIA股ETF易方达
2022-01-13,1.766,1.735,1.766,1.734,125440.0,512090,sh,MSCIA股ETF易方达
2022-01-14,1.736,1.728,1.736,1.722,131486.0,512090,sh,MSCIA股ETF易方达
2022-01-17,1.726,1.738,1.74,1.724,122492.0,512090,sh,MSCIA股ETF易方达
2022-01-18,1.733,1.753,1.757,1.733,113872.0,512090,sh,MSCIA股ETF易方达
2022-01-19,1.753,1.74,1.758,1.734,153314.0,512090,sh,MSCIA股ETF易方达
2022-01-20,1.741,1.752,1.76,1.741,145428.0,512090,sh,MSCIA股ETF易方达
2022-01-21,1.748,1.736,1.749,1.732,154518.0,512090,sh,MSCIA股ETF易方达
2022-01-24,1.731,1.741,1.744,1.726,153149.0,512090,sh,MSCIA股ETF易方达
2022-01-25,1.736,1.7,1.74,1.699,146560.0,512090,sh,MSCIA股ETF易方达
2022-01-26,1.696,1.709,1.713,1.689,161595.0,512090,sh,MSCIA股ETF易方达
2022-01-27,1.71,1.68,1.71,1.678,182975.0,512090,sh,MSCIA股ETF易方达
2022-01-28,1.687,1.654,1.69,1.653,215371.0,512090,sh,MSCIA股ETF易方达
2022-02-07,1.671,1.677,1.692,1.671,101937.0,512090,sh,MSCIA股ETF易方达
2022-02-08,1.678,1.67,1.68,1.64,206731.0,512090,sh,MSCIA股ETF易方达
2022-02-09,1.671,1.687,1.691,1.666,181547.0,512090,sh,MSCIA股ETF易方达
2022-02-10,1.689,1.683,1.689,1.674,90943.0,512090,sh,MSCIA股ETF易方达
2022-02-11,1.681,1.67,1.693,1.67,197136.0,512090,sh,MSCIA股ETF易方达
2022-02-14,1.669,1.657,1.67,1.645,182348.0,512090,sh,MSCIA股ETF易方达
2022-02-15,1.658,1.67,1.671,1.655,135735.0,512090,sh,MSCIA股ETF易方达
2022-02-16,1.676,1.679,1.688,1.675,182002.0,512090,sh,MSCIA股ETF易方达
2022-02-17,1.676,1.683,1.691,1.675,123030.0,512090,sh,MSCIA股ETF易方达
2022-02-18,1.674,1.693,1.693,1.674,177541.0,512090,sh,MSCIA股ETF易方达
2022-02-21,1.693,1.689,1.693,1.681,108618.0,512090,sh,MSCIA股ETF易方达
2022-02-22,1.684,1.669,1.684,1.659,152703.0,512090,sh,MSCIA股ETF易方达
2022-02-23,1.669,1.687,1.687,1.669,97999.0,512090,sh,MSCIA股ETF易方达
2022-02-24,1.686,1.658,1.686,1.643,189918.0,512090,sh,MSCIA股ETF易方达
2022-02-25,1.668,1.671,1.687,1.668,112307.0,512090,sh,MSCIA股ETF易方达
2022-02-28,1.671,1.676,1.676,1.655,149737.0,512090,sh,MSCIA股ETF易方达
2022-03-01,1.676,1.69,1.69,1.676,116507.0,512090,sh,MSCIA股ETF易方达
2022-03-02,1.68,1.677,1.681,1.67,91032.0,512090,sh,MSCIA股ETF易方达
2022-03-03,1.676,1.666,1.684,1.662,88347.0,512090,sh,MSCIA股ETF易方达
2022-03-04,1.662,1.65,1.664,1.644,116920.0,512090,sh,MSCIA股ETF易方达
2022-03-07,1.638,1.598,1.638,1.593,133298.0,512090,sh,MSCIA股ETF易方达
2022-03-08,1.601,1.561,1.611,1.557,155057.0,512090,sh,MSCIA股ETF易方达
2022-03-09,1.561,1.547,1.576,1.489,175663.0,512090,sh,MSCIA股ETF易方达
2022-03-10,1.561,1.571,1.586,1.561,180948.0,512090,sh,MSCIA股ETF易方达
2022-03-11,1.56,1.581,1.584,1.53,156568.0,512090,sh,MSCIA股ETF易方达
2022-03-14,1.576,1.54,1.576,1.535,145337.0,512090,sh,MSCIA股ETF易方达
2022-03-15,1.53,1.461,1.53,1.456,211668.0,512090,sh,MSCIA股ETF易方达
2022-03-16,1.479,1.519,1.525,1.445,235335.0,512090,sh,MSCIA股ETF易方达
2022-03-17,1.523,1.551,1.574,1.523,219172.0,512090,sh,MSCIA股ETF易方达
2022-03-18,1.546,1.565,1.566,1.533,250387.0,512090,sh,MSCIA股ETF易方达
2022-03-21,1.566,1.56,1.569,1.546,131474.0,512090,sh,MSCIA股ETF易方达
2022-03-22,1.552,1.557,1.567,1.551,81280.0,512090,sh,MSCIA股ETF易方达
2022-03-23,1.561,1.567,1.569,1.557,84464.0,512090,sh,MSCIA股ETF易方达
2022-03-24,1.566,1.555,1.566,1.545,63600.0,512090,sh,MSCIA股ETF易方达
2022-03-25,1.558,1.531,1.561,1.531,84375.0,512090,sh,MSCIA股ETF易方达
2022-03-28,1.526,1.525,1.531,1.503,75854.0,512090,sh,MSCIA股ETF易方达
2022-03-29,1.525,1.517,1.533,1.513,45731.0,512090,sh,MSCIA股ETF易方达
2022-03-30,1.521,1.557,1.557,1.521,52306.0,512090,sh,MSCIA股ETF易方达
2022-03-31,1.552,1.547,1.553,1.543,81246.0,512090,sh,MSCIA股ETF易方达
2022-04-01,1.542,1.562,1.57,1.536,90204.0,512090,sh,MSCIA股ETF易方达
2022-04-06,1.558,1.557,1.56,1.545,110129.0,512090,sh,MSCIA股ETF易方达
2022-04-07,1.55,1.539,1.561,1.536,124631.0,512090,sh,MSCIA股ETF易方达
2022-04-08,1.541,1.542,1.545,1.524,137791.0,512090,sh,MSCIA股ETF易方达
2022-04-11,1.542,1.499,1.542,1.494,112845.0,512090,sh,MSCIA股ETF易方达
2022-04-12,1.499,1.524,1.524,1.49,119579.0,512090,sh,MSCIA股ETF易方达
2022-04-13,1.524,1.514,1.528,1.51,119828.0,512090,sh,MSCIA股ETF易方达
2022-04-14,1.538,1.535,1.538,1.516,116979.0,512090,sh,MSCIA股ETF易方达
2022-04-15,1.53,1.526,1.532,1.514,116532.0,512090,sh,MSCIA股ETF易方达
2022-04-18,1.52,1.518,1.52,1.502,113463.0,512090,sh,MSCIA股ETF易方达
2022-04-19,1.518,1.51,1.526,1.502,102169.0,512090,sh,MSCIA股ETF易方达
2022-04-20,1.511,1.488,1.511,1.482,93468.0,512090,sh,MSCIA股ETF易方达
2022-04-21,1.488,1.454,1.489,1.452,158835.0,512090,sh,MSCIA股ETF易方达
2022-04-22,1.451,1.46,1.47,1.44,99720.0,512090,sh,MSCIA股ETF易方达
2022-04-25,1.45,1.385,1.45,1.383,141695.0,512090,sh,MSCIA股ETF易方达
2022-04-26,1.399,1.373,1.404,1.371,124352.0,512090,sh,MSCIA股ETF易方达
2022-04-27,1.375,1.413,1.418,1.366,121622.0,512090,sh,MSCIA股ETF易方达
2022-04-28,1.411,1.418,1.431,1.405,152020.0,512090,sh,MSCIA股ETF易方达
2022-04-29,1.422,1.458,1.46,1.415,92133.0,512090,sh,MSCIA股ETF易方达
2022-05-05,1.459,1.456,1.47,1.452,86344.0,512090,sh,MSCIA股ETF易方达
2022-05-06,1.451,1.424,1.451,1.42,74022.0,512090,sh,MSCIA股ETF易方达
2022-05-09,1.42,1.414,1.427,1.405,78156.0,512090,sh,MSCIA股ETF易方达
2022-05-10,1.409,1.428,1.432,1.391,87877.0,512090,sh,MSCIA股ETF易方达
2022-05-11,1.432,1.45,1.474,1.432,98716.0,512090,sh,MSCIA股ETF易方达
2022-05-12,1.449,1.45,1.459,1.434,184640.0,512090,sh,MSCIA股ETF易方达
2022-05-13,1.453,1.461,1.466,1.45,71292.0,512090,sh,MSCIA股ETF易方达
2022-05-16,1.466,1.451,1.508,1.448,78078.0,512090,sh,MSCIA股ETF易方达
2022-05-17,1.452,1.468,1.469,1.452,82516.0,512090,sh,MSCIA股ETF易方达
2022-05-18,1.468,1.463,1.472,1.455,89904.0,512090,sh,MSCIA股ETF易方达
2022-05-19,1.428,1.466,1.466,1.428,89360.0,512090,sh,MSCIA股ETF易方达
2022-05-20,1.465,1.503,1.504,1.465,121456.0,512090,sh,MSCIA股ETF易方达
2022-05-23,1.5,1.496,1.501,1.486,87520.0,512090,sh,MSCIA股ETF易方达
2022-05-24,1.487,1.458,1.493,1.457,59980.0,512090,sh,MSCIA股ETF易方达
2022-05-25,1.453,1.467,1.467,1.45,48657.0,512090,sh,MSCIA股ETF易方达
2022-05-26,1.47,1.472,1.48,1.451,88081.0,512090,sh,MSCIA股ETF易方达
2022-05-27,1.482,1.477,1.491,1.47,71572.0,512090,sh,MSCIA股ETF易方达
2022-05-30,1.477,1.486,1.49,1.477,63752.0,512090,sh,MSCIA股ETF易方达
2022-05-31,1.484,1.507,1.512,1.483,114362.0,512090,sh,MSCIA股ETF易方达
2022-06-01,1.507,1.506,1.51,1.497,77290.0,512090,sh,MSCIA股ETF易方达
2022-06-02,1.501,1.512,1.512,1.497,101387.0,512090,sh,MSCIA股ETF易方达
2022-06-06,1.511,1.54,1.541,1.504,112706.0,512090,sh,MSCIA股ETF易方达
2022-06-07,1.539,1.548,1.554,1.539,74832.0,512090,sh,MSCIA股ETF易方达
2022-06-08,1.548,1.563,1.564,1.541,115606.0,512090,sh,MSCIA股ETF易方达
2022-06-09,1.559,1.551,1.565,1.545,106967.0,512090,sh,MSCIA股ETF易方达
2022-06-10,1.546,1.572,1.576,1.539,99122.0,512090,sh,MSCIA股ETF易方达
2022-06-13,1.567,1.556,1.567,1.547,112543.0,512090,sh,MSCIA股ETF易方达
2022-06-14,1.551,1.574,1.575,1.528,106645.0,512090,sh,MSCIA股ETF易方达
2022-06-15,1.579,1.588,1.614,1.572,115916.0,512090,sh,MSCIA股ETF易方达
2022-06-16,1.59,1.579,1.597,1.573,105221.0,512090,sh,MSCIA股ETF易方达
2022-06-17,1.574,1.601,1.603,1.568,116737.0,512090,sh,MSCIA股ETF易方达
2022-06-20,1.605,1.607,1.619,1.594,132642.0,512090,sh,MSCIA股ETF易方达
2022-06-21,1.601,1.603,1.614,1.59,154072.0,512090,sh,MSCIA股ETF易方达
2022-06-22,1.603,1.583,1.604,1.582,108509.0,512090,sh,MSCIA股ETF易方达
2022-06-23,1.587,1.611,1.611,1.582,126746.0,512090,sh,MSCIA股ETF易方达
2022-06-24,1.614,1.63,1.633,1.613,134179.0,512090,sh,MSCIA股ETF易方达
2022-06-27,1.633,1.649,1.658,1.633,144646.0,512090,sh,MSCIA股ETF易方达
2022-06-28,1.647,1.668,1.671,1.635,130758.0,512090,sh,MSCIA股ETF易方达
2022-06-29,1.663,1.643,1.669,1.638,142695.0,512090,sh,MSCIA股ETF易方达
2022-06-30,1.652,1.666,1.678,1.652,146615.0,512090,sh,MSCIA股ETF易方达
2022-07-01,1.666,1.662,1.672,1.656,132603.0,512090,sh,MSCIA股ETF易方达
2022-07-04,1.662,1.672,1.673,1.647,98530.0,512090,sh,MSCIA股ETF易方达
2022-07-05,1.667,1.67,1.688,1.656,123204.0,512090,sh,MSCIA股ETF易方达
2022-07-06,1.666,1.646,1.668,1.635,120456.0,512090,sh,MSCIA股ETF易方达
2022-07-07,1.646,1.654,1.661,1.636,123408.0,512090,sh,MSCIA股ETF易方达
2022-07-08,1.658,1.65,1.669,1.65,110713.0,512090,sh,MSCIA股ETF易方达
2022-07-11,1.645,1.625,1.65,1.615,151530.0,512090,sh,MSCIA股ETF易方达
2022-07-12,1.625,1.612,1.632,1.606,153080.0,512090,sh,MSCIA股ETF易方达
2022-07-13,1.612,1.615,1.621,1.603,137770.0,512090,sh,MSCIA股ETF易方达
2022-07-14,1.611,1.619,1.629,1.607,126496.0,512090,sh,MSCIA股ETF易方达
2022-07-15,1.614,1.602,1.633,1.601,161064.0,512090,sh,MSCIA股ETF易方达
2022-07-18,1.607,1.619,1.621,1.59,140507.0,512090,sh,MSCIA股ETF易方达
2022-07-19,1.619,1.611,1.619,1.599,111351.0,512090,sh,MSCIA股ETF易方达
2022-07-20,1.615,1.619,1.624,1.613,105701.0,512090,sh,MSCIA股ETF易方达
2022-07-21,1.615,1.604,1.62,1.602,122175.0,512090,sh,MSCIA股ETF易方达
2022-07-22,1.609,1.604,1.617,1.591,133475.0,512090,sh,MSCIA股ETF易方达
2022-07-25,1.604,1.592,1.604,1.588,144985.0,512090,sh,MSCIA股ETF易方达
2022-07-26,1.603,1.604,1.609,1.593,110755.0,512090,sh,MSCIA股ETF易方达
2022-07-27,1.6,1.597,1.603,1.594,104204.0,512090,sh,MSCIA股ETF易方达
2022-07-28,1.601,1.599,1.614,1.597,107083.0,512090,sh,MSCIA股ETF易方达
2022-07-29,1.599,1.576,1.605,1.576,125426.0,512090,sh,MSCIA股ETF易方达
2022-08-01,1.573,1.587,1.59,1.565,88930.0,512090,sh,MSCIA股ETF易方达
2022-08-02,1.571,1.558,1.571,1.543,146158.0,512090,sh,MSCIA股ETF易方达
2022-08-03,1.558,1.544,1.578,1.544,134269.0,512090,sh,MSCIA股ETF易方达
2022-08-04,1.55,1.554,1.556,1.542,140305.0,512090,sh,MSCIA股ETF易方达
2022-08-05,1.557,1.576,1.578,1.556,112770.0,512090,sh,MSCIA股ETF易方达
2022-08-08,1.58,1.578,1.582,1.573,78832.0,512090,sh,MSCIA股ETF易方达
2022-08-09,1.574,1.581,1.582,1.572,72224.0,512090,sh,MSCIA股ETF易方达
2022-08-10,1.58,1.564,1.581,1.558,81942.0,512090,sh,MSCIA股ETF易方达
2022-08-11,1.569,1.598,1.598,1.569,88446.0,512090,sh,MSCIA股ETF易方达
2022-08-12,1.604,1.596,1.604,1.591,95153.0,512090,sh,MSCIA股ETF易方达
2022-08-15,1.59,1.595,1.606,1.59,75912.0,512090,sh,MSCIA股ETF易方达
2022-08-16,1.593,1.593,1.603,1.592,88340.0,512090,sh,MSCIA股ETF易方达
2022-08-17,1.596,1.609,1.61,1.585,108940.0,512090,sh,MSCIA股ETF易方达
2022-08-18,1.608,1.599,1.608,1.595,103072.0,512090,sh,MSCIA股ETF易方达
2022-08-19,1.597,1.582,1.599,1.582,97093.0,512090,sh,MSCIA股ETF易方达
2022-08-22,1.582,1.599,1.6,1.582,79490.0,512090,sh,MSCIA股ETF易方达
2022-08-23,1.602,1.593,1.602,1.588,81810.0,512090,sh,MSCIA股ETF易方达
2022-08-24,1.596,1.564,1.597,1.564,141296.0,512090,sh,MSCIA股ETF易方达
2022-08-25,1.569,1.579,1.581,1.558,204600.0,512090,sh,MSCIA股ETF易方达
2022-08-26,1.576,1.575,1.586,1.573,87534.0,512090,sh,MSCIA股ETF易方达
2022-08-29,1.567,1.569,1.569,1.558,142311.0,512090,sh,MSCIA股ETF易方达
2022-08-30,1.568,1.562,1.569,1.553,79618.0,512090,sh,MSCIA股ETF易方达
2022-08-31,1.557,1.565,1.577,1.55,192760.0,512090,sh,MSCIA股ETF易方达
2022-09-01,1.56,1.544,1.561,1.542,116572.0,512090,sh,MSCIA股ETF易方达
2022-09-02,1.548,1.541,1.549,1.533,104689.0,512090,sh,MSCIA股ETF易方达
2022-09-05,1.536,1.536,1.537,1.523,295020.0,512090,sh,MSCIA股ETF易方达
2022-09-06,1.541,1.552,1.554,1.534,137561.0,512090,sh,MSCIA股ETF易方达
2022-09-07,1.557,1.555,1.559,1.543,96590.0,512090,sh,MSCIA股ETF易方达
2022-09-08,1.556,1.55,1.559,1.548,65921.0,512090,sh,MSCIA股ETF易方达
2022-09-09,1.551,1.568,1.571,1.551,93878.0,512090,sh,MSCIA股ETF易方达
2022-09-13,1.571,1.576,1.582,1.57,136327.0,512090,sh,MSCIA股ETF易方达
2022-09-14,1.571,1.557,1.571,1.551,115083.0,512090,sh,MSCIA股ETF易方达
2022-09-15,1.561,1.539,1.565,1.529,125905.0,512090,sh,MSCIA股ETF易方达
2022-09-16,1.542,1.503,1.542,1.501,210169.0,512090,sh,MSCIA股ETF易方达
2022-09-19,1.5,1.5,1.509,1.495,149374.0,512090,sh,MSCIA股ETF易方达
2022-09-20,1.505,1.505,1.545,1.5,108174.0,512090,sh,MSCIA股ETF易方达
2022-09-21,1.5,1.495,1.501,1.489,108283.0,512090,sh,MSCIA股ETF易方达
2022-09-22,1.491,1.482,1.495,1.479,94501.0,512090,sh,MSCIA股ETF易方达
2022-09-23,1.478,1.478,1.49,1.467,99164.0,512090,sh,MSCIA股ETF易方达
2022-09-26,1.481,1.471,1.492,1.467,136417.0,512090,sh,MSCIA股ETF易方达
2022-09-27,1.466,1.491,1.494,1.461,120735.0,512090,sh,MSCIA股ETF易方达
2022-09-28,1.49,1.469,1.49,1.468,174428.0,512090,sh,MSCIA股ETF易方达
2022-09-29,1.474,1.469,1.484,1.462,112037.0,512090,sh,MSCIA股ETF易方达
2022-09-30,1.469,1.459,1.476,1.458,99726.0,512090,sh,MSCIA股ETF易方达
2022-10-10,1.461,1.426,1.461,1.424,143458.0,512090,sh,MSCIA股ETF易方达
2022-10-11,1.428,1.428,1.433,1.421,192421.0,512090,sh,MSCIA股ETF易方达
2022-10-12,1.425,1.446,1.447,1.4,245756.0,512090,sh,MSCIA股ETF易方达
2022-10-13,1.441,1.44,1.451,1.437,180927.0,512090,sh,MSCIA股ETF易方达
2022-10-14,1.444,1.477,1.484,1.444,226256.0,512090,sh,MSCIA股ETF易方达
2022-10-17,1.473,1.478,1.479,1.464,97345.0,512090,sh,MSCIA股ETF易方达
2022-10-18,1.479,1.478,1.487,1.475,95280.0,512090,sh,MSCIA股ETF易方达
2022-10-19,1.474,1.458,1.478,1.457,89155.0,512090,sh,MSCIA股ETF易方达
2022-10-20,1.458,1.448,1.468,1.438,172891.0,512090,sh,MSCIA股ETF易方达
2022-10-21,1.449,1.442,1.453,1.438,123685.0,512090,sh,MSCIA股ETF易方达
2022-10-24,1.436,1.402,1.451,1.397,180398.0,512090,sh,MSCIA股ETF易方达
2022-10-25,1.402,1.399,1.416,1.388,220643.0,512090,sh,MSCIA股ETF易方达
2022-10-26,1.401,1.413,1.428,1.401,187427.0,512090,sh,MSCIA股ETF易方达
2022-10-27,1.416,1.402,1.423,1.401,138784.0,512090,sh,MSCIA股ETF易方达
2022-10-28,1.4,1.369,1.4,1.363,162880.0,512090,sh,MSCIA股ETF易方达
2022-10-31,1.373,1.354,1.373,1.35,210587.0,512090,sh,MSCIA股ETF易方达
2022-11-01,1.356,1.402,1.403,1.356,159113.0,512090,sh,MSCIA股ETF易方达
2022-11-02,1.397,1.425,1.435,1.389,249689.0,512090,sh,MSCIA股ETF易方达
2022-11-03,1.419,1.415,1.421,1.409,136968.0,512090,sh,MSCIA股ETF易方达
2022-11-04,1.417,1.461,1.47,1.417,264230.0,512090,sh,MSCIA股ETF易方达
2022-11-07,1.454,1.46,1.467,1.451,104874.0,512090,sh,MSCIA股ETF易方达
2022-11-08,1.462,1.453,1.463,1.444,84516.0,512090,sh,MSCIA股ETF易方达
2022-11-09,1.454,1.439,1.456,1.439,94185.0,512090,sh,MSCIA股ETF易方达
2022-11-10,1.433,1.43,1.435,1.421,190087.0,512090,sh,MSCIA股ETF易方达
2022-11-11,1.457,1.464,1.479,1.45,264795.0,512090,sh,MSCIA股ETF易方达
2022-11-14,1.468,1.463,1.482,1.459,171182.0,512090,sh,MSCIA股ETF易方达
2022-11-15,1.463,1.489,1.492,1.457,150443.0,512090,sh,MSCIA股ETF易方达
2022-11-16,1.486,1.479,1.493,1.478,151310.0,512090,sh,MSCIA股ETF易方达
2022-11-17,1.475,1.472,1.477,1.459,167861.0,512090,sh,MSCIA股ETF易方达
2022-11-18,1.474,1.466,1.481,1.465,132569.0,512090,sh,MSCIA股ETF易方达
2022-11-21,1.464,1.456,1.464,1.443,153686.0,512090,sh,MSCIA股ETF易方达
2022-11-22,1.456,1.454,1.469,1.45,147901.0,512090,sh,MSCIA股ETF易方达
2022-11-23,1.452,1.458,1.461,1.447,168822.0,512090,sh,MSCIA股ETF易方达
2022-11-24,1.462,1.455,1.468,1.451,124715.0,512090,sh,MSCIA股ETF易方达
2022-11-25,1.453,1.458,1.463,1.445,132377.0,512090,sh,MSCIA股ETF易方达
2022-11-28,1.454,1.442,1.454,1.419,127583.0,512090,sh,MSCIA股ETF易方达
2022-11-29,1.447,1.483,1.485,1.444,134569.0,512090,sh,MSCIA股ETF易方达
2022-11-30,1.482,1.481,1.487,1.478,102228.0,512090,sh,MSCIA股ETF易方达
2022-12-01,1.5,1.5,1.518,1.5,112970.0,512090,sh,MSCIA股ETF易方达
2022-12-02,1.498,1.491,1.502,1.49,89998.0,512090,sh,MSCIA股ETF易方达
2022-12-05,1.496,1.515,1.515,1.496,79626.0,512090,sh,MSCIA股ETF易方达
2022-12-06,1.509,1.521,1.528,1.507,105221.0,512090,sh,MSCIA股ETF易方达
2022-12-07,1.519,1.518,1.535,1.514,121578.0,512090,sh,MSCIA股ETF易方达
2022-12-08,1.518,1.517,1.522,1.513,97218.0,512090,sh,MSCIA股ETF易方达
2022-12-09,1.519,1.53,1.534,1.515,93182.0,512090,sh,MSCIA股ETF易方达
2022-12-12,1.528,1.515,1.528,1.514,88236.0,512090,sh,MSCIA股ETF易方达
2022-12-13,1.519,1.511,1.519,1.507,105405.0,512090,sh,MSCIA股ETF易方达
2022-12-14,1.51,1.513,1.519,1.509,93112.0,512090,sh,MSCIA股ETF易方达
2022-12-15,1.515,1.511,1.516,1.504,106657.0,512090,sh,MSCIA股ETF易方达
2022-12-16,1.512,1.51,1.514,1.503,99912.0,512090,sh,MSCIA股ETF易方达
2022-12-19,1.512,1.486,1.515,1.482,112972.0,512090,sh,MSCIA股ETF易方达
2022-12-20,1.486,1.467,1.486,1.46,151125.0,512090,sh,MSCIA股ETF易方达
2022-12-21,1.467,1.465,1.473,1.461,84889.0,512090,sh,MSCIA股ETF易方达
2022-12-22,1.464,1.463,1.482,1.458,77843.0,512090,sh,MSCIA股ETF易方达
2022-12-23,1.459,1.461,1.467,1.455,93637.0,512090,sh,MSCIA股ETF易方达
2022-12-26,1.461,1.468,1.472,1.461,99426.0,512090,sh,MSCIA股ETF易方达
2022-12-27,1.471,1.484,1.485,1.471,83991.0,512090,sh,MSCIA股ETF易方达
2022-12-28,1.479,1.481,1.486,1.475,79952.0,512090,sh,MSCIA股ETF易方达
2022-12-29,1.483,1.475,1.483,1.469,104912.0,512090,sh,MSCIA股ETF易方达
2022-12-30,1.479,1.481,1.486,1.479,72105.0,512090,sh,MSCIA股ETF易方达
2023-01-03,1.486,1.49,1.491,1.467,115387.0,512090,sh,MSCIA股ETF易方达
2023-01-04,1.488,1.488,1.493,1.481,71145.0,512090,sh,MSCIA股ETF易方达
2023-01-05,1.49,1.514,1.516,1.49,105706.0,512090,sh,MSCIA股ETF易方达
2023-01-06,1.515,1.521,1.527,1.515,58902.0,512090,sh,MSCIA股ETF易方达
2023-01-09,1.52,1.533,1.538,1.52,79607.0,512090,sh,MSCIA股ETF易方达
2023-01-10,1.531,1.534,1.539,1.529,72468.0,512090,sh,MSCIA股ETF易方达
2023-01-11,1.536,1.533,1.545,1.532,80066.0,512090,sh,MSCIA股ETF易方达
2023-01-12,1.53,1.533,1.54,1.529,75836.0,512090,sh,MSCIA股ETF易方达
2023-01-13,1.537,1.553,1.554,1.537,104762.0,512090,sh,MSCIA股ETF易方达
2023-01-16,1.555,1.574,1.588,1.555,93002.0,512090,sh,MSCIA股ETF易方达
2023-01-17,1.575,1.573,1.577,1.568,90080.0,512090,sh,MSCIA股ETF易方达
2023-01-18,1.573,1.571,1.579,1.569,99704.0,512090,sh,MSCIA股ETF易方达
2023-01-19,1.568,1.579,1.579,1.561,142201.0,512090,sh,MSCIA股ETF易方达
2023-01-20,1.579,1.589,1.591,1.579,128219.0,512090,sh,MSCIA股ETF易方达
2023-01-30,1.6,1.596,1.618,1.593,87475.0,512090,sh,MSCIA股ETF易方达
2023-01-31,1.596,1.582,1.601,1.58,127332.0,512090,sh,MSCIA股ETF易方达
2023-02-01,1.579,1.596,1.597,1.575,130715.0,512090,sh,MSCIA股ETF易方达
2023-02-02,1.598,1.595,1.6,1.587,92217.0,512090,sh,MSCIA股ETF易方达
2023-02-03,1.588,1.579,1.588,1.565,92015.0,512090,sh,MSCIA股ETF易方达
2023-02-06,1.574,1.559,1.574,1.553,93743.0,512090,sh,MSCIA股ETF易方达
2023-02-07,1.563,1.563,1.568,1.556,104357.0,512090,sh,MSCIA股ETF易方达
2023-02-08,1.565,1.557,1.568,1.555,96681.0,512090,sh,MSCIA股ETF易方达
2023-02-09,1.557,1.579,1.579,1.557,73749.0,512090,sh,MSCIA股ETF易方达
2023-02-10,1.579,1.571,1.579,1.565,75687.0,512090,sh,MSCIA股ETF易方达
2023-02-13,1.566,1.582,1.583,1.562,104967.0,512090,sh,MSCIA股ETF易方达
2023-02-14,1.582,1.585,1.587,1.577,94890.0,512090,sh,MSCIA股ETF易方达
2023-02-15,1.587,1.576,1.588,1.573,65522.0,512090,sh,MSCIA股ETF易方达
2023-02-16,1.576,1.566,1.594,1.555,126088.0,512090,sh,MSCIA股ETF易方达
2023-02-17,1.564,1.543,1.568,1.543,104910.0,512090,sh,MSCIA股ETF易方达
2023-02-20,1.543,1.58,1.581,1.543,116638.0,512090,sh,MSCIA股ETF易方达
2023-02-21,1.579,1.584,1.587,1.575,109757.0,512090,sh,MSCIA股ETF易方达
2023-02-22,1.579,1.57,1.582,1.569,114051.0,512090,sh,MSCIA股ETF易方达
2023-02-23,1.57,1.568,1.58,1.563,92130.0,512090,sh,MSCIA股ETF易方达
2023-02-24,1.567,1.556,1.567,1.548,112115.0,512090,sh,MSCIA股ETF易方达
2023-02-27,1.551,1.549,1.557,1.546,56319.0,512090,sh,MSCIA股ETF易方达
2023-02-28,1.551,1.56,1.56,1.543,79952.0,512090,sh,MSCIA股ETF易方达
2023-03-01,1.558,1.577,1.581,1.555,155581.0,512090,sh,MSCIA股ETF易方达
2023-03-02,1.567,1.573,1.579,1.567,76657.0,512090,sh,MSCIA股ETF易方达
2023-03-03,1.577,1.575,1.58,1.565,63938.0,512090,sh,MSCIA股ETF易方达
2023-03-06,1.573,1.567,1.574,1.558,74837.0,512090,sh,MSCIA股ETF易方达
2023-03-07,1.565,1.546,1.571,1.544,122695.0,512090,sh,MSCIA股ETF易方达
2023-03-08,1.543,1.54,1.543,1.532,88825.0,512090,sh,MSCIA股ETF易方达
2023-03-09,1.54,1.536,1.542,1.528,116209.0,512090,sh,MSCIA股ETF易方达
2023-03-10,1.533,1.514,1.533,1.513,118955.0,512090,sh,MSCIA股ETF易方达
2023-03-13,1.52,1.528,1.53,1.516,98959.0,512090,sh,MSCIA股ETF易方达
2023-03-14,1.533,1.521,1.533,1.505,66425.0,512090,sh,MSCIA股ETF易方达
2023-03-15,1.523,1.519,1.53,1.518,64728.0,512090,sh,MSCIA股ETF易方达
2023-03-16,1.513,1.5,1.515,1.5,109576.0,512090,sh,MSCIA股ETF易方达
2023-03-17,1.505,1.506,1.525,1.5,89306.0,512090,sh,MSCIA股ETF易方达
2023-03-20,1.506,1.5,1.513,1.497,89535.0,512090,sh,MSCIA股ETF易方达
2023-03-21,1.502,1.515,1.515,1.498,90025.0,512090,sh,MSCIA股ETF易方达
2023-03-22,1.516,1.518,1.527,1.515,85752.0,512090,sh,MSCIA股ETF易方达
2023-03-23,1.535,1.535,1.535,1.516,106442.0,512090,sh,MSCIA股ETF易方达
2023-03-24,1.533,1.531,1.534,1.528,55691.0,512090,sh,MSCIA股ETF易方达
2023-03-27,1.528,1.525,1.529,1.517,61096.0,512090,sh,MSCIA股ETF易方达
2023-03-28,1.525,1.521,1.528,1.519,50859.0,512090,sh,MSCIA股ETF易方达
2023-03-29,1.517,1.523,1.528,1.517,83006.0,512090,sh,MSCIA股ETF易方达
2023-03-30,1.525,1.536,1.536,1.517,84489.0,512090,sh,MSCIA股ETF易方达
2023-03-31,1.537,1.54,1.546,1.537,81119.0,512090,sh,MSCIA股ETF易方达
2023-04-03,1.54,1.553,1.555,1.54,82904.0,512090,sh,MSCIA股ETF易方达
2023-04-04,1.554,1.556,1.556,1.546,122503.0,512090,sh,MSCIA股ETF易方达
2023-04-06,1.551,1.551,1.554,1.547,69995.0,512090,sh,MSCIA股ETF易方达
2023-04-07,1.551,1.562,1.566,1.551,50338.0,512090,sh,MSCIA股ETF易方达
2023-04-10,1.564,1.558,1.564,1.553,89210.0,512090,sh,MSCIA股ETF易方达
2023-04-11,1.558,1.556,1.561,1.55,78912.0,512090,sh,MSCIA股ETF易方达
2023-04-12,1.555,1.552,1.556,1.549,56419.0,512090,sh,MSCIA股ETF易方达
2023-04-13,1.55,1.544,1.551,1.541,77735.0,512090,sh,MSCIA股ETF易方达
2023-04-14,1.546,1.553,1.556,1.546,44898.0,512090,sh,MSCIA股ETF易方达
2023-04-17,1.552,1.572,1.573,1.551,77095.0,512090,sh,MSCIA股ETF易方达
2023-04-18,1.572,1.576,1.578,1.571,69241.0,512090,sh,MSCIA股ETF易方达
2023-04-19,1.576,1.563,1.576,1.562,48443.0,512090,sh,MSCIA股ETF易方达
2023-04-20,1.559,1.555,1.56,1.55,54842.0,512090,sh,MSCIA股ETF易方达
2023-04-21,1.557,1.525,1.558,1.523,96929.0,512090,sh,MSCIA股ETF易方达
2023-04-24,1.527,1.507,1.527,1.501,116086.0,512090,sh,MSCIA股ETF易方达
2023-04-25,1.509,1.498,1.51,1.485,115578.0,512090,sh,MSCIA股ETF易方达
2023-04-26,1.494,1.499,1.505,1.491,96968.0,512090,sh,MSCIA股ETF易方达
2023-04-27,1.497,1.509,1.515,1.496,123603.0,512090,sh,MSCIA股ETF易方达
2023-04-28,1.506,1.523,1.525,1.506,106760.0,512090,sh,MSCIA股ETF易方达
2023-05-04,1.525,1.523,1.525,1.515,65312.0,512090,sh,MSCIA股ETF易方达
2023-05-05,1.52,1.519,1.529,1.512,95658.0,512090,sh,MSCIA股ETF易方达
2023-05-08,1.521,1.533,1.536,1.52,65256.0,512090,sh,MSCIA股ETF易方达
2023-05-09,1.535,1.524,1.544,1.523,84229.0,512090,sh,MSCIA股ETF易方达
2023-05-10,1.524,1.511,1.525,1.506,92349.0,512090,sh,MSCIA股ETF易方达
2023-05-11,1.513,1.51,1.518,1.509,81429.0,512090,sh,MSCIA股ETF易方达
2023-05-12,1.508,1.491,1.513,1.491,97163.0,512090,sh,MSCIA股ETF易方达
2023-05-15,1.49,1.511,1.512,1.487,87735.0,512090,sh,MSCIA股ETF易方达
2023-05-16,1.511,1.506,1.514,1.503,75124.0,512090,sh,MSCIA股ETF易方达
2023-05-17,1.504,1.5,1.506,1.494,133798.0,512090,sh,MSCIA股ETF易方达
2023-05-18,1.498,1.496,1.506,1.49,135453.0,512090,sh,MSCIA股ETF易方达
2023-05-19,1.492,1.495,1.502,1.488,71463.0,512090,sh,MSCIA股ETF易方达
2023-05-22,1.493,1.503,1.508,1.491,94647.0,512090,sh,MSCIA股ETF易方达
2023-05-23,1.504,1.485,1.504,1.484,65551.0,512090,sh,MSCIA股ETF易方达
2023-05-24,1.481,1.466,1.482,1.466,85604.0,512090,sh,MSCIA股ETF易方达
2023-05-25,1.465,1.465,1.468,1.452,86369.0,512090,sh,MSCIA股ETF易方达
2023-05-26,1.464,1.466,1.468,1.451,81667.0,512090,sh,MSCIA股ETF易方达
2023-05-29,1.473,1.46,1.473,1.455,62208.0,512090,sh,MSCIA股ETF易方达
2023-05-30,1.46,1.46,1.462,1.44,68430.0,512090,sh,MSCIA股ETF易方达
2023-05-31,1.457,1.448,1.457,1.44,68911.0,512090,sh,MSCIA股ETF易方达
2023-06-01,1.453,1.451,1.46,1.444,75276.0,512090,sh,MSCIA股ETF易方达
2023-06-02,1.455,1.47,1.471,1.455,94200.0,512090,sh,MSCIA股ETF易方达
2023-06-05,1.47,1.463,1.47,1.458,77245.0,512090,sh,MSCIA股ETF易方达
2023-06-06,1.461,1.449,1.469,1.446,98981.0,512090,sh,MSCIA股ETF易方达
2023-06-07,1.448,1.442,1.451,1.437,106014.0,512090,sh,MSCIA股ETF易方达
2023-06-08,1.44,1.449,1.454,1.435,97021.0,512090,sh,MSCIA股ETF易方达
2023-06-09,1.447,1.46,1.46,1.447,65284.0,512090,sh,MSCIA股ETF易方达
2023-06-12,1.457,1.461,1.467,1.451,61803.0,512090,sh,MSCIA股ETF易方达
2023-06-13,1.462,1.468,1.469,1.459,62220.0,512090,sh,MSCIA股ETF易方达
2023-06-14,1.47,1.472,1.48,1.47,59297.0,512090,sh,MSCIA股ETF易方达
2023-06-15,1.473,1.49,1.491,1.473,38573.0,512090,sh,MSCIA股ETF易方达
2023-06-16,1.488,1.508,1.509,1.488,62820.0,512090,sh,MSCIA股ETF易方达
2023-06-19,1.509,1.498,1.509,1.495,48240.0,512090,sh,MSCIA股ETF易方达
2023-06-20,1.495,1.494,1.499,1.492,65793.0,512090,sh,MSCIA股ETF易方达
2023-06-21,1.491,1.472,1.491,1.471,45746.0,512090,sh,MSCIA股ETF易方达
2023-06-26,1.47,1.451,1.47,1.447,58829.0,512090,sh,MSCIA股ETF易方达
2023-06-27,1.464,1.464,1.466,1.45,39178.0,512090,sh,MSCIA股ETF易方达
2023-06-28,1.462,1.465,1.465,1.451,36848.0,512090,sh,MSCIA股ETF易方达
2023-06-29,1.463,1.46,1.464,1.456,52154.0,512090,sh,MSCIA股ETF易方达
2023-06-30,1.458,1.471,1.475,1.457,51568.0,512090,sh,MSCIA股ETF易方达
2023-07-03,1.472,1.485,1.488,1.472,49711.0,512090,sh,MSCIA股ETF易方达
2023-07-04,1.488,1.488,1.489,1.482,28778.0,512090,sh,MSCIA股ETF易方达
2023-07-05,1.488,1.479,1.488,1.475,31052.0,512090,sh,MSCIA股ETF易方达
2023-07-06,1.475,1.47,1.483,1.466,34081.0,512090,sh,MSCIA股ETF易方达
2023-07-07,1.468,1.466,1.471,1.462,47703.0,512090,sh,MSCIA股ETF易方达
2023-07-10,1.468,1.473,1.479,1.468,39419.0,512090,sh,MSCIA股ETF易方达
2023-07-11,1.473,1.481,1.482,1.471,49669.0,512090,sh,MSCIA股ETF易方达
2023-07-12,1.482,1.473,1.483,1.472,45137.0,512090,sh,MSCIA股ETF易方达
2023-07-13,1.474,1.495,1.496,1.474,49280.0,512090,sh,MSCIA股ETF易方达
2023-07-14,1.495,1.494,1.5,1.494,29617.0,512090,sh,MSCIA股ETF易方达
2023-07-17,1.484,1.486,1.49,1.48,41746.0,512090,sh,MSCIA股ETF易方达
2023-07-18,1.486,1.483,1.499,1.479,45359.0,512090,sh,MSCIA股ETF易方达
2023-07-19,1.481,1.481,1.485,1.475,38788.0,512090,sh,MSCIA股ETF易方达
2023-07-20,1.484,1.473,1.493,1.471,44159.0,512090,sh,MSCIA股ETF易方达
2023-07-21,1.473,1.474,1.483,1.469,57263.0,512090,sh,MSCIA股ETF易方达
2023-07-24,1.475,1.469,1.476,1.467,49936.0,512090,sh,MSCIA股ETF易方达
2023-07-25,1.489,1.507,1.508,1.482,70369.0,512090,sh,MSCIA股ETF易方达
2023-07-26,1.507,1.505,1.507,1.501,27198.0,512090,sh,MSCIA股ETF易方达
2023-07-27,1.506,1.502,1.514,1.5,31415.0,512090,sh,MSCIA股ETF易方达
2023-07-28,1.5,1.534,1.538,1.498,150436.0,512090,sh,MSCIA股ETF易方达
2023-07-31,1.538,1.542,1.56,1.538,75220.0,512090,sh,MSCIA股ETF易方达
2023-08-01,1.54,1.536,1.548,1.533,47518.0,512090,sh,MSCIA股ETF易方达
2023-08-02,1.553,1.525,1.553,1.521,71678.0,512090,sh,MSCIA股ETF易方达
2023-08-03,1.525,1.536,1.538,1.523,60708.0,512090,sh,MSCIA股ETF易方达
2023-08-04,1.545,1.544,1.558,1.54,81396.0,512090,sh,MSCIA股ETF易方达
2023-08-07,1.544,1.53,1.544,1.526,136360.0,512090,sh,MSCIA股ETF易方达
2023-08-08,1.53,1.529,1.535,1.522,78829.0,512090,sh,MSCIA股ETF易方达
2023-08-09,1.527,1.523,1.528,1.521,42234.0,512090,sh,MSCIA股ETF易方达
2023-08-10,1.519,1.528,1.528,1.517,94037.0,512090,sh,MSCIA股ETF易方达
2023-08-11,1.529,1.496,1.529,1.496,87531.0,512090,sh,MSCIA股ETF易方达
2023-08-14,1.493,1.486,1.493,1.471,89880.0,512090,sh,MSCIA股ETF易方达
2023-08-15,1.49,1.481,1.49,1.47,75684.0,512090,sh,MSCIA股ETF易方达
2023-08-16,1.483,1.474,1.484,1.473,43060.0,512090,sh,MSCIA股ETF易方达
2023-08-17,1.47,1.478,1.479,1.46,45972.0,512090,sh,MSCIA股ETF易方达
2023-08-18,1.481,1.46,1.483,1.46,50144.0,512090,sh,MSCIA股ETF易方达
2023-08-21,1.454,1.443,1.461,1.441,54118.0,512090,sh,MSCIA股ETF易方达
2023-08-22,1.448,1.45,1.454,1.432,71403.0,512090,sh,MSCIA股ETF易方达
2023-08-23,1.45,1.427,1.45,1.427,63756.0,512090,sh,MSCIA股ETF易方达
2023-08-24,1.434,1.439,1.446,1.429,62951.0,512090,sh,MSCIA股ETF易方达
2023-08-25,1.434,1.434,1.441,1.428,67129.0,512090,sh,MSCIA股ETF易方达
2023-08-28,1.473,1.447,1.498,1.444,65056.0,512090,sh,MSCIA股ETF易方达
2023-08-29,1.45,1.459,1.468,1.444,69301.0,512090,sh,MSCIA股ETF易方达
2023-08-30,1.462,1.462,1.47,1.457,53611.0,512090,sh,MSCIA股ETF易方达
2023-08-31,1.462,1.453,1.463,1.451,41701.0,512090,sh,MSCIA股ETF易方达
2023-09-01,1.457,1.461,1.468,1.457,30592.0,512090,sh,MSCIA股ETF易方达
2023-09-04,1.462,1.484,1.486,1.462,55202.0,512090,sh,MSCIA股ETF易方达
2023-09-05,1.481,1.472,1.481,1.47,39504.0,512090,sh,MSCIA股ETF易方达
2023-09-06,1.47,1.47,1.472,1.463,37978.0,512090,sh,MSCIA股ETF易方达
2023-09-07,1.465,1.452,1.466,1.45,44054.0,512090,sh,MSCIA股ETF易方达
2023-09-08,1.447,1.445,1.449,1.44,42262.0,512090,sh,MSCIA股ETF易方达
2023-09-11,1.447,1.456,1.464,1.444,61114.0,512090,sh,MSCIA股ETF易方达
2023-09-12,1.456,1.455,1.458,1.453,35377.0,512090,sh,MSCIA股ETF易方达
2023-09-13,1.455,1.444,1.458,1.439,30615.0,512090,sh,MSCIA股ETF易方达
2023-09-14,1.446,1.444,1.448,1.438,30308.0,512090,sh,MSCIA股ETF易方达
2023-09-15,1.446,1.44,1.449,1.432,56735.0,512090,sh,MSCIA股ETF易方达
2023-09-18,1.44,1.446,1.448,1.431,47845.0,512090,sh,MSCIA股ETF易方达
2023-09-19,1.445,1.443,1.445,1.435,31408.0,512090,sh,MSCIA股ETF易方达
2023-09-20,1.438,1.437,1.441,1.435,19082.0,512090,sh,MSCIA股ETF易方达
2023-09-21,1.434,1.424,1.436,1.422,42076.0,512090,sh,MSCIA股ETF易方达
2023-09-22,1.423,1.446,1.447,1.419,113536.0,512090,sh,MSCIA股ETF易方达
2023-09-25,1.444,1.438,1.444,1.435,39619.0,512090,sh,MSCIA股ETF易方达
2023-09-26,1.437,1.43,1.439,1.429,25031.0,512090,sh,MSCIA股ETF易方达
2023-09-27,1.433,1.434,1.442,1.43,37709.0,512090,sh,MSCIA股ETF易方达
2023-09-28,1.437,1.43,1.437,1.428,39948.0,512090,sh,MSCIA股ETF易方达
2023-10-09,1.429,1.428,1.431,1.414,61602.0,512090,sh,MSCIA股ETF易方达
2023-10-10,1.43,1.419,1.434,1.417,59066.0,512090,sh,MSCIA股ETF易方达
2023-10-11,1.422,1.421,1.429,1.417,39096.0,512090,sh,MSCIA股ETF易方达
2023-10-12,1.424,1.432,1.436,1.424,41332.0,512090,sh,MSCIA股ETF易方达
2023-10-13,1.429,1.419,1.429,1.416,37847.0,512090,sh,MSCIA股ETF易方达
2023-10-16,1.413,1.407,1.419,1.402,36874.0,512090,sh,MSCIA股ETF易方达
2023-10-17,1.407,1.41,1.41,1.402,25672.0,512090,sh,MSCIA股ETF易方达
2023-10-18,1.41,1.398,1.41,1.398,42393.0,512090,sh,MSCIA股ETF易方达
2023-10-19,1.397,1.37,1.397,1.368,53858.0,512090,sh,MSCIA股ETF易方达
2023-10-20,1.367,1.364,1.371,1.359,46065.0,512090,sh,MSCIA股ETF易方达
2023-10-23,1.359,1.344,1.359,1.336,52735.0,512090,sh,MSCIA股ETF易方达
2023-10-24,1.35,1.352,1.353,1.337,45847.0,512090,sh,MSCIA股ETF易方达
2023-10-25,1.356,1.359,1.368,1.356,28701.0,512090,sh,MSCIA股ETF易方达
2023-10-26,1.35,1.362,1.363,1.349,27541.0,512090,sh,MSCIA股ETF易方达
2023-10-27,1.358,1.38,1.387,1.356,43308.0,512090,sh,MSCIA股ETF易方达
2023-10-30,1.38,1.391,1.393,1.38,41837.0,512090,sh,MSCIA股ETF易方达
2023-10-31,1.391,1.39,1.391,1.38,36571.0,512090,sh,MSCIA股ETF易方达
2023-11-01,1.387,1.389,1.398,1.384,29317.0,512090,sh,MSCIA股ETF易方达
2023-11-02,1.391,1.38,1.395,1.38,32522.0,512090,sh,MSCIA股ETF易方达
2023-11-03,1.382,1.392,1.397,1.382,29764.0,512090,sh,MSCIA股ETF易方达
2023-11-06,1.394,1.411,1.412,1.394,41498.0,512090,sh,MSCIA股ETF易方达
2023-11-07,1.411,1.406,1.411,1.401,24941.0,512090,sh,MSCIA股ETF易方达
2023-11-08,1.407,1.405,1.41,1.398,51685.0,512090,sh,MSCIA股ETF易方达
2023-11-09,1.403,1.404,1.408,1.4,27662.0,512090,sh,MSCIA股ETF易方达
2023-11-10,1.401,1.396,1.401,1.392,29805.0,512090,sh,MSCIA股ETF易方达
2023-11-13,1.397,1.394,1.401,1.388,29659.0,512090,sh,MSCIA股ETF易方达
2023-11-14,1.394,1.398,1.403,1.392,32607.0,512090,sh,MSCIA股ETF易方达
2023-11-15,1.406,1.407,1.412,1.403,52348.0,512090,sh,MSCIA股ETF易方达
2023-11-16,1.405,1.394,1.405,1.393,40187.0,512090,sh,MSCIA股ETF易方达
2023-11-17,1.392,1.393,1.393,1.385,34804.0,512090,sh,MSCIA股ETF易方达
2023-11-20,1.395,1.397,1.399,1.385,54764.0,512090,sh,MSCIA股ETF易方达
2023-11-21,1.398,1.4,1.41,1.397,56767.0,512090,sh,MSCIA股ETF易方达
2023-11-22,1.397,1.386,1.397,1.385,30598.0,512090,sh,MSCIA股ETF易方达
2023-11-23,1.385,1.393,1.393,1.38,54700.0,512090,sh,MSCIA股ETF易方达
2023-11-24,1.391,1.382,1.391,1.379,42908.0,512090,sh,MSCIA股ETF易方达
2023-11-27,1.38,1.376,1.38,1.365,66646.0,512090,sh,MSCIA股ETF易方达
2023-11-28,1.374,1.377,1.377,1.369,41871.0,512090,sh,MSCIA股ETF易方达
2023-11-29,1.377,1.368,1.377,1.364,44544.0,512090,sh,MSCIA股ETF易方达
2023-11-30,1.369,1.369,1.371,1.363,59494.0,512090,sh,MSCIA股ETF易方达
2023-12-01,1.369,1.365,1.369,1.354,66766.0,512090,sh,MSCIA股ETF易方达
2023-12-04,1.369,1.359,1.369,1.358,52876.0,512090,sh,MSCIA股ETF易方达
2023-12-05,1.358,1.332,1.358,1.332,50446.0,512090,sh,MSCIA股ETF易方达
2023-12-06,1.333,1.337,1.343,1.326,69475.0,512090,sh,MSCIA股ETF易方达
2023-12-07,1.337,1.334,1.338,1.326,69812.0,512090,sh,MSCIA股ETF易方达
2023-12-08,1.336,1.34,1.343,1.333,49628.0,512090,sh,MSCIA股ETF易方达
2023-12-11,1.34,1.349,1.351,1.321,63380.0,512090,sh,MSCIA股ETF易方达
2023-12-12,1.349,1.353,1.358,1.345,53377.0,512090,sh,MSCIA股ETF易方达
2023-12-13,1.353,1.33,1.353,1.329,57211.0,512090,sh,MSCIA股ETF易方达
2023-12-14,1.332,1.323,1.342,1.322,46522.0,512090,sh,MSCIA股ETF易方达
2023-12-15,1.326,1.317,1.335,1.317,46598.0,512090,sh,MSCIA股ETF易方达
2023-12-18,1.317,1.312,1.321,1.308,47320.0,512090,sh,MSCIA股ETF易方达
2023-12-19,1.312,1.314,1.318,1.306,59197.0,512090,sh,MSCIA股ETF易方达
2023-12-20,1.314,1.302,1.317,1.302,57896.0,512090,sh,MSCIA股ETF易方达
2023-12-21,1.302,1.314,1.315,1.295,99918.0,512090,sh,MSCIA股ETF易方达
2023-12-22,1.311,1.314,1.322,1.305,75289.0,512090,sh,MSCIA股ETF易方达
2023-12-25,1.312,1.315,1.316,1.309,76953.0,512090,sh,MSCIA股ETF易方达
2023-12-26,1.313,1.306,1.313,1.301,71242.0,512090,sh,MSCIA股ETF易方达
2023-12-27,1.308,1.311,1.312,1.3,103496.0,512090,sh,MSCIA股ETF易方达
2023-12-28,1.311,1.342,1.343,1.308,98578.0,512090,sh,MSCIA股ETF易方达
2023-12-29,1.339,1.347,1.347,1.339,79341.0,512090,sh,MSCIA股ETF易方达
2024-01-02,1.347,1.332,1.347,1.331,77207.0,512090,sh,MSCIA股ETF易方达
2024-01-03,1.331,1.331,1.334,1.324,95322.0,512090,sh,MSCIA股ETF易方达
2024-01-04,1.328,1.317,1.328,1.308,109902.0,512090,sh,MSCIA股ETF易方达
2024-01-05,1.32,1.308,1.323,1.303,108030.0,512090,sh,MSCIA股ETF易方达
2024-01-08,1.307,1.29,1.308,1.288,107291.0,512090,sh,MSCIA股ETF易方达
2024-01-09,1.293,1.291,1.296,1.285,97991.0,512090,sh,MSCIA股ETF易方达
2024-01-10,1.287,1.287,1.299,1.28,98334.0,512090,sh,MSCIA股ETF易方达
2024-01-11,1.288,1.296,1.301,1.285,92534.0,512090,sh,MSCIA股ETF易方达
2024-01-12,1.294,1.293,1.302,1.291,103179.0,512090,sh,MSCIA股ETF易方达
2024-01-15,1.287,1.29,1.3,1.284,94966.0,512090,sh,MSCIA股ETF易方达
2024-01-16,1.289,1.296,1.299,1.282,116053.0,512090,sh,MSCIA股ETF易方达
2024-01-17,1.293,1.273,1.293,1.272,120080.0,512090,sh,MSCIA股ETF易方达
2024-01-18,1.272,1.282,1.283,1.241,106046.0,512090,sh,MSCIA股ETF易方达
2024-01-19,1.278,1.278,1.283,1.273,116198.0,512090,sh,MSCIA股ETF易方达
2024-01-22,1.276,1.251,1.276,1.24,156687.0,512090,sh,MSCIA股ETF易方达
2024-01-23,1.248,1.255,1.264,1.237,114731.0,512090,sh,MSCIA股ETF易方达
2024-01-24,1.26,1.275,1.277,1.241,110178.0,512090,sh,MSCIA股ETF易方达
2024-01-25,1.272,1.303,1.303,1.272,110546.0,512090,sh,MSCIA股ETF易方达
2024-01-26,1.303,1.299,1.304,1.292,110841.0,512090,sh,MSCIA股ETF易方达
2024-01-29,1.298,1.284,1.303,1.283,85170.0,512090,sh,MSCIA股ETF易方达
2024-01-30,1.281,1.261,1.281,1.259,105193.0,512090,sh,MSCIA股ETF易方达
2024-01-31,1.257,1.245,1.262,1.24,98978.0,512090,sh,MSCIA股ETF易方达
2024-02-01,1.242,1.246,1.257,1.232,114736.0,512090,sh,MSCIA股ETF易方达
2024-02-02,1.248,1.236,1.251,1.2,134576.0,512090,sh,MSCIA股ETF易方达
2024-02-05,1.23,1.23,1.242,1.191,103821.0,512090,sh,MSCIA股ETF易方达
2024-02-06,1.213,1.279,1.283,1.213,75199.0,512090,sh,MSCIA股ETF易方达
2024-02-07,1.281,1.303,1.303,1.278,122849.0,512090,sh,MSCIA股ETF易方达
2024-02-08,1.303,1.315,1.321,1.303,112472.0,512090,sh,MSCIA股ETF易方达
2024-02-19,1.317,1.328,1.328,1.314,84750.0,512090,sh,MSCIA股ETF易方达
2024-02-20,1.329,1.33,1.33,1.319,72430.0,512090,sh,MSCIA股ETF易方达
2024-02-21,1.326,1.346,1.364,1.32,102726.0,512090,sh,MSCIA股ETF易方达
2024-02-22,1.346,1.354,1.356,1.341,91629.0,512090,sh,MSCIA股ETF易方达
2024-02-23,1.356,1.357,1.361,1.35,50264.0,512090,sh,MSCIA股ETF易方达
2024-02-26,1.357,1.346,1.36,1.343,89186.0,512090,sh,MSCIA股ETF易方达
2024-02-27,1.344,1.363,1.365,1.342,106112.0,512090,sh,MSCIA股ETF易方达
2024-02-28,1.366,1.348,1.374,1.347,112121.0,512090,sh,MSCIA股ETF易方达
2024-02-29,1.346,1.374,1.375,1.343,124728.0,512090,sh,MSCIA股ETF易方达
2024-03-01,1.375,1.382,1.385,1.369,79339.0,512090,sh,MSCIA股ETF易方达
2024-03-04,1.384,1.381,1.385,1.374,119073.0,512090,sh,MSCIA股ETF易方达
2024-03-05,1.377,1.39,1.392,1.375,100405.0,512090,sh,MSCIA股ETF易方达
2024-03-06,1.393,1.391,1.397,1.383,105035.0,512090,sh,MSCIA股ETF易方达
2024-03-07,1.389,1.377,1.394,1.377,85683.0,512090,sh,MSCIA股ETF易方达
2024-03-08,1.379,1.387,1.387,1.374,80507.0,512090,sh,MSCIA股ETF易方达
2024-03-11,1.384,1.403,1.404,1.383,90571.0,512090,sh,MSCIA股ETF易方达
2024-03-12,1.403,1.405,1.41,1.398,95833.0,512090,sh,MSCIA股ETF易方达
2024-03-13,1.405,1.398,1.405,1.394,78962.0,512090,sh,MSCIA股ETF易方达
2024-03-14,1.393,1.394,1.406,1.386,82925.0,512090,sh,MSCIA股ETF易方达
2024-03-15,1.392,1.399,1.401,1.384,82117.0,512090,sh,MSCIA股ETF易方达
2024-03-18,1.398,1.41,1.413,1.398,65931.0,512090,sh,MSCIA股ETF易方达
2024-03-19,1.41,1.405,1.416,1.404,82249.0,512090,sh,MSCIA股ETF易方达
2024-03-20,1.404,1.406,1.407,1.4,94222.0,512090,sh,MSCIA股ETF易方达
2024-03-21,1.408,1.407,1.413,1.404,99638.0,512090,sh,MSCIA股ETF易方达
2024-03-22,1.403,1.392,1.405,1.383,121200.0,512090,sh,MSCIA股ETF易方达
2024-03-25,1.385,1.381,1.398,1.38,103156.0,512090,sh,MSCIA股ETF易方达
2024-03-26,1.38,1.387,1.389,1.379,99996.0,512090,sh,MSCIA股ETF易方达
2024-03-27,1.385,1.372,1.385,1.369,119655.0,512090,sh,MSCIA股ETF易方达
2024-03-28,1.368,1.377,1.387,1.365,89654.0,512090,sh,MSCIA股ETF易方达
2024-03-29,1.377,1.383,1.383,1.374,69817.0,512090,sh,MSCIA股ETF易方达
2024-04-01,1.385,1.407,1.409,1.385,55827.0,512090,sh,MSCIA股ETF易方达
2024-04-02,1.407,1.401,1.407,1.397,58212.0,512090,sh,MSCIA股ETF易方达
2024-04-03,1.401,1.399,1.402,1.394,35628.0,512090,sh,MSCIA股ETF易方达
2024-04-08,1.396,1.385,1.397,1.384,87786.0,512090,sh,MSCIA股ETF易方达
2024-04-09,1.384,1.383,1.389,1.379,69707.0,512090,sh,MSCIA股ETF易方达
2024-04-10,1.384,1.371,1.384,1.368,78967.0,512090,sh,MSCIA股ETF易方达
2024-04-11,1.37,1.374,1.382,1.367,81270.0,512090,sh,MSCIA股ETF易方达
2024-04-12,1.376,1.367,1.38,1.365,86337.0,512090,sh,MSCIA股ETF易方达
2024-04-15,1.37,1.395,1.396,1.368,112156.0,512090,sh,MSCIA股ETF易方达
2024-04-16,1.393,1.376,1.393,1.374,107131.0,512090,sh,MSCIA股ETF易方达
2024-04-17,1.379,1.4,1.4,1.375,110361.0,512090,sh,MSCIA股ETF易方达
2024-04-18,1.403,1.399,1.413,1.393,113615.0,512090,sh,MSCIA股ETF易方达
2024-04-19,1.399,1.392,1.399,1.384,114103.0,512090,sh,MSCIA股ETF易方达
2024-04-22,1.389,1.383,1.395,1.382,75876.0,512090,sh,MSCIA股ETF易方达
2024-04-23,1.383,1.378,1.386,1.37,134367.0,512090,sh,MSCIA股ETF易方达
2024-04-24,1.378,1.381,1.384,1.371,85034.0,512090,sh,MSCIA股ETF易方达
2024-04-25,1.384,1.385,1.39,1.376,81682.0,512090,sh,MSCIA股ETF易方达
2024-04-26,1.387,1.407,1.408,1.387,111142.0,512090,sh,MSCIA股ETF易方达
2024-04-29,1.408,1.424,1.43,1.407,89664.0,512090,sh,MSCIA股ETF易方达
2024-04-30,1.424,1.42,1.427,1.418,91292.0,512090,sh,MSCIA股ETF易方达
2024-05-06,1.433,1.437,1.442,1.432,78222.0,512090,sh,MSCIA股ETF易方达
2024-05-07,1.438,1.438,1.441,1.434,53886.0,512090,sh,MSCIA股ETF易方达
2024-05-08,1.434,1.427,1.434,1.425,70383.0,512090,sh,MSCIA股ETF易方达
2024-05-09,1.428,1.439,1.441,1.428,61251.0,512090,sh,MSCIA股ETF易方达
2024-05-10,1.442,1.439,1.445,1.43,73733.0,512090,sh,MSCIA股ETF易方达
2024-05-13,1.436,1.438,1.442,1.428,77322.0,512090,sh,MSCIA股ETF易方达
2024-05-14,1.439,1.437,1.443,1.434,98204.0,512090,sh,MSCIA股ETF易方达
2024-05-15,1.435,1.424,1.435,1.422,83217.0,512090,sh,MSCIA股ETF易方达
2024-05-16,1.431,1.427,1.436,1.425,72779.0,512090,sh,MSCIA股ETF易方达
2024-05-17,1.429,1.443,1.443,1.424,74785.0,512090,sh,MSCIA股ETF易方达
2024-05-20,1.442,1.449,1.452,1.439,63529.0,512090,sh,MSCIA股ETF易方达
2024-05-21,1.446,1.443,1.447,1.44,33132.0,512090,sh,MSCIA股ETF易方达
2024-05-22,1.443,1.447,1.447,1.44,79610.0,512090,sh,MSCIA股ETF易方达
2024-05-23,1.442,1.427,1.442,1.427,83963.0,512090,sh,MSCIA股ETF易方达
2024-05-24,1.426,1.415,1.434,1.412,83877.0,512090,sh,MSCIA股ETF易方达
2024-05-27,1.414,1.428,1.428,1.414,79303.0,512090,sh,MSCIA股ETF易方达
2024-05-28,1.427,1.417,1.427,1.415,54656.0,512090,sh,MSCIA股ETF易方达
2024-05-29,1.418,1.419,1.426,1.415,80962.0,512090,sh,MSCIA股ETF易方达
2024-05-30,1.418,1.414,1.425,1.409,73521.0,512090,sh,MSCIA股ETF易方达
2024-05-31,1.415,1.407,1.418,1.407,45204.0,512090,sh,MSCIA股ETF易方达
2024-06-03,1.407,1.412,1.415,1.402,68860.0,512090,sh,MSCIA股ETF易方达
2024-06-04,1.41,1.422,1.426,1.407,60385.0,512090,sh,MSCIA股ETF易方达
2024-06-05,1.42,1.414,1.424,1.413,33747.0,512090,sh,MSCIA股ETF易方达
2024-06-06,1.419,1.412,1.425,1.41,60880.0,512090,sh,MSCIA股ETF易方达
2024-06-07,1.417,1.405,1.417,1.398,57332.0,512090,sh,MSCIA股ETF易方达
2024-06-11,1.404,1.396,1.404,1.389,53514.0,512090,sh,MSCIA股ETF易方达
2024-06-12,1.394,1.396,1.4,1.393,51439.0,512090,sh,MSCIA股ETF易方达
2024-06-13,1.398,1.393,1.4,1.389,63143.0,512090,sh,MSCIA股ETF易方达
2024-06-14,1.39,1.399,1.401,1.387,54172.0,512090,sh,MSCIA股ETF易方达
2024-06-17,1.397,1.395,1.397,1.391,44652.0,512090,sh,MSCIA股ETF易方达
2024-06-18,1.397,1.4,1.402,1.395,56649.0,512090,sh,MSCIA股ETF易方达
2024-06-19,1.4,1.394,1.402,1.393,55375.0,512090,sh,MSCIA股ETF易方达
2024-06-20,1.393,1.385,1.397,1.384,65245.0,512090,sh,MSCIA股ETF易方达
2024-06-21,1.388,1.384,1.388,1.375,43952.0,512090,sh,MSCIA股ETF易方达
2024-06-24,1.382,1.371,1.384,1.371,66880.0,512090,sh,MSCIA股ETF易方达
2024-06-25,1.368,1.365,1.376,1.36,60179.0,512090,sh,MSCIA股ETF易方达
2024-06-26,1.366,1.375,1.377,1.361,67300.0,512090,sh,MSCIA股ETF易方达
2024-06-27,1.373,1.359,1.373,1.359,94606.0,512090,sh,MSCIA股ETF易方达
2024-06-28,1.364,1.366,1.377,1.36,96647.0,512090,sh,MSCIA股ETF易方达
2024-07-01,1.37,1.376,1.378,1.362,90503.0,512090,sh,MSCIA股ETF易方达
2024-07-02,1.376,1.371,1.377,1.369,64725.0,512090,sh,MSCIA股ETF易方达
2024-07-03,1.372,1.367,1.372,1.365,60419.0,512090,sh,MSCIA股ETF易方达
2024-07-04,1.37,1.359,1.374,1.358,83016.0,512090,sh,MSCIA股ETF易方达
2024-07-05,1.363,1.358,1.363,1.342,88298.0,512090,sh,MSCIA股ETF易方达
2024-07-08,1.355,1.344,1.355,1.342,78915.0,512090,sh,MSCIA股ETF易方达
2024-07-09,1.344,1.36,1.364,1.339,82899.0,512090,sh,MSCIA股ETF易方达
2024-07-10,1.358,1.358,1.364,1.355,64299.0,512090,sh,MSCIA股ETF易方达
2024-07-11,1.361,1.374,1.376,1.361,68672.0,512090,sh,MSCIA股ETF易方达
2024-07-12,1.373,1.375,1.377,1.372,46836.0,512090,sh,MSCIA股ETF易方达
2024-07-15,1.375,1.375,1.378,1.372,58417.0,512090,sh,MSCIA股ETF易方达
2024-07-16,1.377,1.386,1.386,1.374,98013.0,512090,sh,MSCIA股ETF易方达
2024-07-17,1.385,1.386,1.388,1.379,56591.0,512090,sh,MSCIA股ETF易方达
2024-07-18,1.385,1.393,1.393,1.375,87221.0,512090,sh,MSCIA股ETF易方达
2024-07-19,1.388,1.399,1.399,1.384,85677.0,512090,sh,MSCIA股ETF易方达
2024-07-22,1.399,1.39,1.399,1.382,73356.0,512090,sh,MSCIA股ETF易方达
2024-07-23,1.388,1.36,1.388,1.359,63328.0,512090,sh,MSCIA股ETF易方达
2024-07-24,1.358,1.349,1.363,1.347,73091.0,512090,sh,MSCIA股ETF易方达
2024-07-25,1.347,1.342,1.347,1.337,92796.0,512090,sh,MSCIA股ETF易方达
2024-07-26,1.346,1.351,1.353,1.341,79383.0,512090,sh,MSCIA股ETF易方达
2024-07-29,1.348,1.345,1.351,1.342,39523.0,512090,sh,MSCIA股ETF易方达
2024-07-30,1.342,1.335,1.342,1.329,71382.0,512090,sh,MSCIA股ETF易方达
2024-07-31,1.334,1.366,1.368,1.334,79871.0,512090,sh,MSCIA股ETF易方达
2024-08-01,1.366,1.359,1.371,1.357,58274.0,512090,sh,MSCIA股ETF易方达
2024-08-02,1.358,1.344,1.358,1.342,60745.0,512090,sh,MSCIA股ETF易方达
2024-08-05,1.342,1.326,1.354,1.326,104204.0,512090,sh,MSCIA股ETF易方达
2024-08-06,1.334,1.328,1.341,1.319,76425.0,512090,sh,MSCIA股ETF易方达
2024-08-07,1.326,1.329,1.338,1.325,69696.0,512090,sh,MSCIA股ETF易方达
2024-08-08,1.328,1.332,1.339,1.321,72106.0,512090,sh,MSCIA股ETF易方达
2024-08-09,1.328,1.327,1.34,1.32,79077.0,512090,sh,MSCIA股ETF易方达
2024-08-12,1.325,1.324,1.329,1.323,46184.0,512090,sh,MSCIA股ETF易方达
2024-08-13,1.326,1.326,1.327,1.318,84428.0,512090,sh,MSCIA股ETF易方达
2024-08-14,1.324,1.318,1.324,1.318,87936.0,512090,sh,MSCIA股ETF易方达
2024-08-15,1.317,1.328,1.334,1.312,86988.0,512090,sh,MSCIA股ETF易方达
2024-08-16,1.327,1.33,1.333,1.325,133987.0,512090,sh,MSCIA股ETF易方达
2024-08-19,1.33,1.335,1.343,1.33,41698.0,512090,sh,MSCIA股ETF易方达
2024-08-20,1.335,1.324,1.335,1.319,72094.0,512090,sh,MSCIA股ETF易方达
2024-08-21,1.319,1.32,1.324,1.314,65550.0,512090,sh,MSCIA股ETF易方达
2024-08-22,1.321,1.315,1.322,1.312,74907.0,512090,sh,MSCIA股ETF易方达
2024-08-23,1.313,1.32,1.323,1.312,67728.0,512090,sh,MSCIA股ETF易方达
2024-08-26,1.318,1.318,1.322,1.313,76426.0,512090,sh,MSCIA股ETF易方达
2024-08-27,1.313,1.31,1.313,1.307,63128.0,512090,sh,MSCIA股ETF易方达
2024-08-28,1.31,1.303,1.31,1.298,72973.0,512090,sh,MSCIA股ETF易方达
2024-08-29,1.298,1.301,1.304,1.294,79591.0,512090,sh,MSCIA股ETF易方达
2024-08-30,1.301,1.323,1.334,1.3,71409.0,512090,sh,MSCIA股ETF易方达
2024-09-02,1.319,1.303,1.319,1.299,39002.0,512090,sh,MSCIA股ETF易方达
2024-09-03,1.298,1.303,1.304,1.297,44286.0,512090,sh,MSCIA股ETF易方达
2024-09-04,1.298,1.294,1.301,1.293,38903.0,512090,sh,MSCIA股ETF易方达
2024-09-05,1.297,1.297,1.3,1.292,59942.0,512090,sh,MSCIA股ETF易方达
2024-09-06,1.296,1.284,1.303,1.284,47632.0,512090,sh,MSCIA股ETF易方达
2024-09-09,1.284,1.271,1.284,1.265,48687.0,512090,sh,MSCIA股ETF易方达
2024-09-10,1.272,1.273,1.275,1.262,65784.0,512090,sh,MSCIA股ETF易方达
2024-09-11,1.271,1.268,1.271,1.263,65512.0,512090,sh,MSCIA股ETF易方达
2024-09-12,1.271,1.264,1.274,1.263,50482.0,512090,sh,MSCIA股ETF易方达
2024-09-13,1.263,1.257,1.268,1.257,56607.0,512090,sh,MSCIA股ETF易方达
2024-09-18,1.257,1.261,1.265,1.251,53860.0,512090,sh,MSCIA股ETF易方达
2024-09-19,1.265,1.27,1.279,1.253,69541.0,512090,sh,MSCIA股ETF易方达
2024-09-20,1.273,1.273,1.274,1.262,27309.0,512090,sh,MSCIA股ETF易方达
2024-09-23,1.271,1.276,1.282,1.271,41479.0,512090,sh,MSCIA股ETF易方达
2024-09-24,1.28,1.331,1.331,1.28,105615.0,512090,sh,MSCIA股ETF易方达
2024-09-25,1.335,1.351,1.375,1.335,101342.0,512090,sh,MSCIA股ETF易方达
2024-09-26,1.347,1.413,1.413,1.347,105242.0,512090,sh,MSCIA股ETF易方达
2024-09-27,1.414,1.465,1.468,1.414,46423.0,512090,sh,MSCIA股ETF易方达
2024-09-30,1.49,1.599,1.609,1.49,76899.0,512090,sh,MSCIA股ETF易方达
2024-10-08,1.75,1.691,1.759,1.607,105102.0,512090,sh,MSCIA股ETF易方达
2024-10-09,1.666,1.586,1.666,1.553,84701.0,512090,sh,MSCIA股ETF易方达
2024-10-10,1.601,1.576,1.615,1.55,133725.0,512090,sh,MSCIA股ETF易方达
2024-10-11,1.575,1.535,1.575,1.52,88589.0,512090,sh,MSCIA股ETF易方达
2024-10-14,1.535,1.564,1.567,1.525,101999.0,512090,sh,MSCIA股ETF易方达
2024-10-15,1.564,1.524,1.566,1.523,35103.0,512090,sh,MSCIA股ETF易方达
2024-10-16,1.518,1.513,1.532,1.504,41978.0,512090,sh,MSCIA股ETF易方达
2024-10-17,1.508,1.5,1.533,1.498,47259.0,512090,sh,MSCIA股ETF易方达
2024-10-18,1.5,1.571,1.58,1.495,125849.0,512090,sh,MSCIA股ETF易方达
2024-10-21,1.571,1.553,1.572,1.541,77206.0,512090,sh,MSCIA股ETF易方达
2024-10-22,1.556,1.565,1.568,1.55,81466.0,512090,sh,MSCIA股ETF易方达
2024-10-23,1.572,1.568,1.585,1.556,76440.0,512090,sh,MSCIA股ETF易方达
2024-10-24,1.564,1.555,1.566,1.55,91226.0,512090,sh,MSCIA股ETF易方达
2024-10-25,1.555,1.567,1.583,1.555,63864.0,512090,sh,MSCIA股ETF易方达
2024-10-28,1.566,1.577,1.577,1.555,74798.0,512090,sh,MSCIA股ETF易方达
2024-10-29,1.576,1.562,1.584,1.559,42151.0,512090,sh,MSCIA股ETF易方达
2024-10-30,1.562,1.55,1.563,1.54,48436.0,512090,sh,MSCIA股ETF易方达
2024-10-31,1.561,1.551,1.562,1.541,73390.0,512090,sh,MSCIA股ETF易方达
2024-11-01,1.56,1.551,1.567,1.548,92948.0,512090,sh,MSCIA股ETF易方达
2024-11-04,1.562,1.571,1.571,1.553,90914.0,512090,sh,MSCIA股ETF易方达
2024-11-05,1.568,1.613,1.614,1.567,81869.0,512090,sh,MSCIA股ETF易方达
2024-11-06,1.588,1.604,1.63,1.588,60747.0,512090,sh,MSCIA股ETF易方达
2024-11-07,1.589,1.653,1.653,1.587,99611.0,512090,sh,MSCIA股ETF易方达
2024-11-08,1.658,1.64,1.669,1.635,93198.0,512090,sh,MSCIA股ETF易方达
2024-11-11,1.635,1.642,1.642,1.611,88616.0,512090,sh,MSCIA股ETF易方达
2024-11-12,1.642,1.627,1.663,1.617,96148.0,512090,sh,MSCIA股ETF易方达
2024-11-13,1.623,1.638,1.638,1.617,142358.0,512090,sh,MSCIA股ETF易方达
2024-11-14,1.632,1.606,1.637,1.606,104535.0,512090,sh,MSCIA股ETF易方达
2024-11-15,1.605,1.58,1.609,1.579,98871.0,512090,sh,MSCIA股ETF易方达
2024-11-18,1.58,1.571,1.601,1.563,87911.0,512090,sh,MSCIA股ETF易方达
2024-11-19,1.569,1.579,1.581,1.552,70145.0,512090,sh,MSCIA股ETF易方达
2024-11-20,1.574,1.587,1.591,1.574,60987.0,512090,sh,MSCIA股ETF易方达
2024-11-21,1.587,1.589,1.591,1.579,7113.0,512090,sh,MSCIA股ETF易方达
2024-11-22,1.587,1.541,1.589,1.54,65279.0,512090,sh,MSCIA股ETF易方达
2024-11-25,1.54,1.534,1.549,1.521,71979.0,512090,sh,MSCIA股ETF易方达
2024-11-26,1.528,1.529,1.543,1.528,74729.0,512090,sh,MSCIA股ETF易方达
2024-11-27,1.529,1.555,1.555,1.522,59086.0,512090,sh,MSCIA股ETF易方达
2024-11-28,1.553,1.541,1.554,1.541,63045.0,512090,sh,MSCIA股ETF易方达
2024-11-29,1.55,1.563,1.578,1.548,76404.0,512090,sh,MSCIA股ETF易方达
2024-12-02,1.561,1.578,1.58,1.561,54248.0,512090,sh,MSCIA股ETF易方达
2024-12-03,1.573,1.58,1.586,1.57,62596.0,512090,sh,MSCIA股ETF易方达
2024-12-04,1.575,1.57,1.581,1.567,45561.0,512090,sh,MSCIA股ETF易方达
2024-12-05,1.571,1.57,1.576,1.566,59732.0,512090,sh,MSCIA股ETF易方达
2024-12-06,1.577,1.591,1.6,1.572,54029.0,512090,sh,MSCIA股ETF易方达
2024-12-09,1.59,1.587,1.598,1.58,60237.0,512090,sh,MSCIA股ETF易方达
2024-12-10,1.625,1.599,1.638,1.599,65704.0,512090,sh,MSCIA股ETF易方达
2024-12-11,1.6,1.599,1.603,1.595,53155.0,512090,sh,MSCIA股ETF易方达
2024-12-12,1.615,1.617,1.618,1.596,77426.0,512090,sh,MSCIA股ETF易方达
2024-12-13,1.617,1.58,1.617,1.58,70705.0,512090,sh,MSCIA股ETF易方达
2024-12-16,1.579,1.57,1.58,1.567,51335.0,512090,sh,MSCIA股ETF易方达
2024-12-17,1.573,1.574,1.587,1.572,57053.0,512090,sh,MSCIA股ETF易方达
2024-12-18,1.581,1.579,1.586,1.578,61165.0,512090,sh,MSCIA股ETF易方达
2024-12-19,1.583,1.581,1.584,1.565,44394.0,512090,sh,MSCIA股ETF易方达
2024-12-20,1.579,1.574,1.584,1.573,43016.0,512090,sh,MSCIA股ETF易方达
2024-12-23,1.574,1.576,1.588,1.568,63998.0,512090,sh,MSCIA股ETF易方达
2024-12-24,1.577,1.596,1.596,1.576,64676.0,512090,sh,MSCIA股ETF易方达
2024-12-25,1.595,1.593,1.602,1.588,46898.0,512090,sh,MSCIA股ETF易方达
2024-12-26,1.589,1.595,1.597,1.588,50857.0,512090,sh,MSCIA股ETF易方达
2024-12-27,1.595,1.594,1.604,1.59,51705.0,512090,sh,MSCIA股ETF易方达
2024-12-30,1.598,1.601,1.602,1.596,34838.0,512090,sh,MSCIA股ETF易方达
2024-12-31,1.601,1.573,1.601,1.572,74777.0,512090,sh,MSCIA股ETF易方达
2025-01-02,1.59,1.526,1.59,1.519,76837.0,512090,sh,MSCIA股ETF易方达
2025-01-03,1.526,1.51,1.534,1.507,101575.0,512090,sh,MSCIA股ETF易方达
2025-01-06,1.51,1.507,1.514,1.499,72232.0,512090,sh,MSCIA股ETF易方达
2025-01-07,1.503,1.517,1.518,1.503,69212.0,512090,sh,MSCIA股ETF易方达
2025-01-08,1.517,1.518,1.524,1.492,84996.0,512090,sh,MSCIA股ETF易方达
2025-01-09,1.511,1.513,1.517,1.508,67329.0,512090,sh,MSCIA股ETF易方达
2025-01-10,1.506,1.508,1.533,1.499,80831.0,512090,sh,MSCIA股ETF易方达
2025-01-13,1.488,1.49,1.505,1.486,55393.0,512090,sh,MSCIA股ETF易方达
2025-01-14,1.492,1.529,1.533,1.492,78197.0,512090,sh,MSCIA股ETF易方达
2025-01-15,1.525,1.519,1.527,1.517,50262.0,512090,sh,MSCIA股ETF易方达
2025-01-16,1.528,1.523,1.54,1.515,69260.0,512090,sh,MSCIA股ETF易方达
2025-01-17,1.514,1.526,1.534,1.505,62985.0,512090,sh,MSCIA股ETF易方达
2025-01-20,1.532,1.536,1.546,1.532,82430.0,512090,sh,MSCIA股ETF易方达
2025-01-21,1.539,1.534,1.541,1.529,66113.0,512090,sh,MSCIA股ETF易方达
2025-01-22,1.532,1.523,1.532,1.516,104224.0,512090,sh,MSCIA股ETF易方达
2025-01-23,1.536,1.528,1.553,1.526,74107.0,512090,sh,MSCIA股ETF易方达
2025-01-24,1.526,1.538,1.543,1.526,85017.0,512090,sh,MSCIA股ETF易方达
2025-01-27,1.539,1.535,1.545,1.535,106299.0,512090,sh,MSCIA股ETF易方达
2025-02-05,1.553,1.525,1.553,1.519,42224.0,512090,sh,MSCIA股ETF易方达
2025-02-06,1.525,1.542,1.543,1.524,51031.0,512090,sh,MSCIA股ETF易方达
2025-02-07,1.545,1.564,1.575,1.54,65020.0,512090,sh,MSCIA股ETF易方达
2025-02-10,1.568,1.565,1.577,1.559,43265.0,512090,sh,MSCIA股ETF易方达
2025-02-11,1.565,1.559,1.567,1.556,37192.0,512090,sh,MSCIA股ETF易方达
2025-02-12,1.558,1.576,1.576,1.556,55169.0,512090,sh,MSCIA股ETF易方达
2025-02-13,1.576,1.571,1.583,1.571,59566.0,512090,sh,MSCIA股ETF易方达
2025-02-14,1.574,1.583,1.584,1.57,51795.0,512090,sh,MSCIA股ETF易方达
2025-02-17,1.583,1.586,1.587,1.576,64879.0,512090,sh,MSCIA股ETF易方达
2025-02-18,1.581,1.567,1.591,1.566,61685.0,512090,sh,MSCIA股ETF易方达
2025-02-19,1.566,1.58,1.582,1.565,55396.0,512090,sh,MSCIA股ETF易方达
2025-02-20,1.583,1.576,1.583,1.574,35680.0,512090,sh,MSCIA股ETF易方达
2025-02-21,1.585,1.593,1.597,1.578,98935.0,512090,sh,MSCIA股ETF易方达
2025-02-24,1.594,1.592,1.602,1.586,83470.0,512090,sh,MSCIA股ETF易方达
2025-02-25,1.58,1.579,1.588,1.574,69023.0,512090,sh,MSCIA股ETF易方达
2025-02-26,1.583,1.594,1.594,1.582,86293.0,512090,sh,MSCIA股ETF易方达
2025-02-27,1.592,1.595,1.596,1.583,47606.0,512090,sh,MSCIA股ETF易方达
2025-02-28,1.594,1.566,1.597,1.566,69542.0,512090,sh,MSCIA股ETF易方达
2025-03-03,1.564,1.566,1.58,1.557,147538.0,512090,sh,MSCIA股ETF易方达
2025-03-04,1.557,1.563,1.564,1.552,40714.0,512090,sh,MSCIA股ETF易方达
2025-03-05,1.565,1.57,1.57,1.559,32558.0,512090,sh,MSCIA股ETF易方达
2025-03-06,1.576,1.586,1.592,1.576,81857.0,512090,sh,MSCIA股ETF易方达
2025-03-07,1.591,1.587,1.594,1.582,81150.0,512090,sh,MSCIA股ETF易方达
2025-03-10,1.582,1.58,1.585,1.573,53162.0,512090,sh,MSCIA股ETF易方达
2025-03-11,1.572,1.582,1.583,1.566,70287.0,512090,sh,MSCIA股ETF易方达
2025-03-12,1.586,1.585,1.592,1.58,43852.0,512090,sh,MSCIA股ETF易方达
2025-03-13,1.586,1.576,1.586,1.57,73264.0,512090,sh,MSCIA股ETF易方达
2025-03-14,1.58,1.614,1.616,1.58,86123.0,512090,sh,MSCIA股ETF易方达
2025-03-17,1.618,1.611,1.621,1.61,69124.0,512090,sh,MSCIA股ETF易方达
2025-03-18,1.611,1.615,1.617,1.61,69910.0,512090,sh,MSCIA股ETF易方达
2025-03-19,1.615,1.614,1.62,1.602,49137.0,512090,sh,MSCIA股ETF易方达
2025-03-20,1.615,1.602,1.615,1.602,33049.0,512090,sh,MSCIA股ETF易方达
2025-03-21,1.601,1.578,1.605,1.576,53127.0,512090,sh,MSCIA股ETF易方达
2025-03-24,1.579,1.586,1.586,1.576,37170.0,512090,sh,MSCIA股ETF易方达
2025-03-25,1.586,1.585,1.589,1.58,47661.0,512090,sh,MSCIA股ETF易方达
2025-03-26,1.584,1.578,1.588,1.578,42445.0,512090,sh,MSCIA股ETF易方达
2025-03-27,1.576,1.583,1.592,1.572,30329.0,512090,sh,MSCIA股ETF易方达
2025-03-28,1.584,1.577,1.585,1.574,49247.0,512090,sh,MSCIA股ETF易方达
2025-03-31,1.572,1.566,1.578,1.558,55848.0,512090,sh,MSCIA股ETF易方达
2025-04-01,1.568,1.568,1.573,1.565,21439.0,512090,sh,MSCIA股ETF易方达
2025-04-02,1.568,1.567,1.574,1.565,44622.0,512090,sh,MSCIA股ETF易方达
2025-04-03,1.556,1.555,1.566,1.552,50231.0,512090,sh,MSCIA股ETF易方达
2025-04-07,1.482,1.451,1.523,1.417,65564.0,512090,sh,MSCIA股ETF易方达
2025-04-08,1.449,1.464,1.464,1.44,35450.0,512090,sh,MSCIA股ETF易方达
2025-04-09,1.451,1.477,1.484,1.44,43151.0,512090,sh,MSCIA股ETF易方达
2025-04-10,1.477,1.506,1.513,1.477,13231.0,512090,sh,MSCIA股ETF易方达
2025-04-11,1.506,1.511,1.515,1.496,28494.0,512090,sh,MSCIA股ETF易方达
2025-04-14,1.516,1.517,1.529,1.514,11229.0,512090,sh,MSCIA股ETF易方达
2025-04-15,1.514,1.517,1.518,1.51,16519.0,512090,sh,MSCIA股ETF易方达
2025-04-16,1.514,1.521,1.521,1.501,18355.0,512090,sh,MSCIA股ETF易方达
2025-04-17,1.53,1.52,1.532,1.513,7246.0,512090,sh,MSCIA股ETF易方达
2025-04-18,1.517,1.521,1.522,1.516,28591.0,512090,sh,MSCIA股ETF易方达
2025-04-21,1.52,1.528,1.531,1.52,7313.0,512090,sh,MSCIA股ETF易方达
2025-04-22,1.528,1.53,1.533,1.528,33493.0,512090,sh,MSCIA股ETF易方达
2025-04-23,1.535,1.531,1.538,1.53,17968.0,512090,sh,MSCIA股ETF易方达
2025-04-24,1.532,1.529,1.536,1.525,8525.0,512090,sh,MSCIA股ETF易方达
2025-04-25,1.528,1.531,1.535,1.528,2050.0,512090,sh,MSCIA股ETF易方达
2025-04-28,1.526,1.527,1.53,1.524,32125.0,512090,sh,MSCIA股ETF易方达
2025-04-29,1.522,1.523,1.528,1.521,18855.0,512090,sh,MSCIA股ETF易方达
2025-04-30,1.525,1.521,1.525,1.52,4167.0,512090,sh,MSCIA股ETF易方达
2025-05-06,1.521,1.538,1.539,1.521,10783.0,512090,sh,MSCIA股ETF易方达
2025-05-07,1.556,1.547,1.558,1.541,16733.0,512090,sh,MSCIA股ETF易方达
2025-05-08,1.547,1.556,1.56,1.546,20983.0,512090,sh,MSCIA股ETF易方达
2025-05-09,1.556,1.553,1.556,1.55,35971.0,512090,sh,MSCIA股ETF易方达
2025-05-12,1.559,1.57,1.57,1.559,36852.0,512090,sh,MSCIA股ETF易方达
2025-05-13,1.576,1.571,1.576,1.57,15304.0,512090,sh,MSCIA股ETF易方达
2025-05-14,1.573,1.588,1.595,1.569,23531.0,512090,sh,MSCIA股ETF易方达
2025-05-15,1.585,1.575,1.586,1.575,7386.0,512090,sh,MSCIA股ETF易方达
2025-05-16,1.572,1.57,1.574,1.564,5085.0,512090,sh,MSCIA股ETF易方达
2025-05-19,1.566,1.566,1.567,1.561,3578.0,512090,sh,MSCIA股ETF易方达
2025-05-20,1.566,1.574,1.577,1.566,14751.0,512090,sh,MSCIA股ETF易方达
2025-05-21,1.578,1.58,1.585,1.578,6016.0,512090,sh,MSCIA股ETF易方达
2025-05-22,1.578,1.577,1.581,1.577,31054.0,512090,sh,MSCIA股ETF易方达
2025-05-23,1.58,1.567,1.585,1.566,32829.0,512090,sh,MSCIA股ETF易方达
2025-05-26,1.565,1.559,1.567,1.555,35161.0,512090,sh,MSCIA股ETF易方达
2025-05-27,1.558,1.551,1.559,1.55,3323.0,512090,sh,MSCIA股ETF易方达
2025-05-28,1.552,1.552,1.555,1.549,5814.0,512090,sh,MSCIA股ETF易方达
2025-05-29,1.55,1.559,1.563,1.55,2264.0,512090,sh,MSCIA股ETF易方达
2025-05-30,1.559,1.557,1.559,1.548,24155.0,512090,sh,MSCIA股ETF易方达
2025-06-03,1.557,1.555,1.558,1.548,6048.0,512090,sh,MSCIA股ETF易方达
2025-06-04,1.557,1.564,1.564,1.557,14709.0,512090,sh,MSCIA股ETF易方达
2025-06-05,1.562,1.567,1.568,1.561,4183.0,512090,sh,MSCIA股ETF易方达
2025-06-06,1.568,1.568,1.572,1.566,2876.0,512090,sh,MSCIA股ETF易方达
2025-06-09,1.57,1.571,1.574,1.568,4609.0,512090,sh,MSCIA股ETF易方达
2025-06-10,1.571,1.564,1.575,1.559,10288.0,512090,sh,MSCIA股ETF易方达
2025-06-11,1.574,1.575,1.58,1.571,43344.0,512090,sh,MSCIA股ETF易方达
2025-06-12,1.573,1.575,1.578,1.568,32876.0,512090,sh,MSCIA股ETF易方达
2025-06-13,1.574,1.565,1.574,1.561,46953.0,512090,sh,MSCIA股ETF易方达
2025-06-16,1.566,1.569,1.57,1.562,23634.0,512090,sh,MSCIA股ETF易方达
2025-06-17,1.57,1.566,1.571,1.566,20450.0,512090,sh,MSCIA股ETF易方达
2025-06-18,1.57,1.571,1.571,1.563,3545.0,512090,sh,MSCIA股ETF易方达
2025-06-19,1.568,1.554,1.568,1.554,45620.0,512090,sh,MSCIA股ETF易方达
2025-06-20,1.562,1.557,1.564,1.557,14237.0,512090,sh,MSCIA股ETF易方达
2025-06-23,1.538,1.565,1.579,1.538,23056.0,512090,sh,MSCIA股ETF易方达
2025-06-24,1.554,1.582,1.586,1.54,30247.0,512090,sh,MSCIA股ETF易方达
2025-06-25,1.577,1.605,1.607,1.577,33961.0,512090,sh,MSCIA股ETF易方达
2025-06-26,1.605,1.6,1.608,1.6,46310.0,512090,sh,MSCIA股ETF易方达
2025-06-27,1.602,1.593,1.612,1.593,27474.0,512090,sh,MSCIA股ETF易方达
2025-06-30,1.594,1.6,1.601,1.593,64872.0,512090,sh,MSCIA股ETF易方达
2025-07-01,1.6,1.605,1.606,1.597,30153.0,512090,sh,MSCIA股ETF易方达
2025-07-02,1.604,1.603,1.607,1.6,43306.0,512090,sh,MSCIA股ETF易方达
2025-07-03,1.605,1.614,1.615,1.604,40826.0,512090,sh,MSCIA股ETF易方达
2025-07-04,1.614,1.619,1.631,1.611,58242.0,512090,sh,MSCIA股ETF易方达
2025-07-07,1.611,1.613,1.618,1.61,29511.0,512090,sh,MSCIA股ETF易方达
2025-07-08,1.618,1.629,1.63,1.613,78351.0,512090,sh,MSCIA股ETF易方达
2025-07-09,1.629,1.627,1.636,1.626,56468.0,512090,sh,MSCIA股ETF易方达
2025-07-10,1.627,1.638,1.643,1.627,65669.0,512090,sh,MSCIA股ETF易方达
2025-07-11,1.636,1.639,1.658,1.636,69347.0,512090,sh,MSCIA股ETF易方达
2025-07-14,1.643,1.64,1.647,1.64,27491.0,512090,sh,MSCIA股ETF易方达
2025-07-15,1.646,1.642,1.649,1.631,67635.0,512090,sh,MSCIA股ETF易方达
2025-07-16,1.64,1.636,1.642,1.632,59283.0,512090,sh,MSCIA股ETF易方达
2025-07-17,1.641,1.649,1.649,1.641,40159.0,512090,sh,MSCIA股ETF易方达
2025-07-18,1.653,1.662,1.662,1.652,70163.0,512090,sh,MSCIA股ETF易方达
2025-07-21,1.665,1.674,1.674,1.665,61907.0,512090,sh,MSCIA股ETF易方达
2025-07-22,1.676,1.687,1.687,1.667,67488.0,512090,sh,MSCIA股ETF易方达
2025-07-23,1.69,1.688,1.702,1.684,69077.0,512090,sh,MSCIA股ETF易方达
2025-07-24,1.704,1.702,1.704,1.688,69003.0,512090,sh,MSCIA股ETF易方达
2025-07-25,1.699,1.695,1.704,1.691,33281.0,512090,sh,MSCIA股ETF易方达
2025-07-28,1.665,1.701,1.707,1.665,50765.0,512090,sh,MSCIA股ETF易方达
2025-07-29,1.701,1.707,1.707,1.693,56073.0,512090,sh,MSCIA股ETF易方达
2025-07-30,1.682,1.706,1.72,1.682,83387.0,512090,sh,MSCIA股ETF易方达
2025-07-31,1.697,1.676,1.7,1.67,111166.0,512090,sh,MSCIA股ETF易方达
2025-08-01,1.674,1.668,1.68,1.664,28171.0,512090,sh,MSCIA股ETF易方达
2025-08-04,1.664,1.674,1.674,1.664,80199.0,512090,sh,MSCIA股ETF易方达
2025-08-05,1.679,1.688,1.689,1.678,48807.0,512090,sh,MSCIA股ETF易方达
2025-08-06,1.688,1.693,1.693,1.687,18906.0,512090,sh,MSCIA股ETF易方达
2025-08-07,1.691,1.695,1.701,1.687,44774.0,512090,sh,MSCIA股ETF易方达
2025-08-08,1.695,1.693,1.7,1.691,21828.0,512090,sh,MSCIA股ETF易方达
2025-08-11,1.703,1.704,1.706,1.694,64309.0,512090,sh,MSCIA股ETF易方达
2025-08-12,1.702,1.711,1.713,1.699,89926.0,512090,sh,MSCIA股ETF易方达
2025-08-13,1.707,1.726,1.73,1.707,47459.0,512090,sh,MSCIA股ETF易方达
2025-08-14,1.728,1.721,1.739,1.718,78320.0,512090,sh,MSCIA股ETF易方达
2025-08-15,1.72,1.74,1.742,1.717,48402.0,512090,sh,MSCIA股ETF易方达
2025-08-18,1.741,1.754,1.766,1.736,63930.0,512090,sh,MSCIA股ETF易方达
2025-08-19,1.747,1.75,1.764,1.746,61798.0,512090,sh,MSCIA股ETF易方达
2025-08-20,1.752,1.77,1.771,1.735,65605.0,512090,sh,MSCIA股ETF易方达
2025-08-21,1.772,1.775,1.782,1.764,58227.0,512090,sh,MSCIA股ETF易方达
2025-08-22,1.774,1.806,1.807,1.774,47557.0,512090,sh,MSCIA股ETF易方达
2025-08-25,1.808,1.841,1.845,1.808,63608.0,512090,sh,MSCIA股ETF易方达
2025-08-26,1.842,1.842,1.852,1.833,60497.0,512090,sh,MSCIA股ETF易方达
2025-08-27,1.844,1.81,1.855,1.809,80907.0,512090,sh,MSCIA股ETF易方达
2025-08-28,1.809,1.838,1.839,1.8,77575.0,512090,sh,MSCIA股ETF易方达
2025-08-29,1.837,1.864,1.866,1.837,42899.0,512090,sh,MSCIA股ETF易方达
2025-09-01,1.865,1.865,1.873,1.851,47514.0,512090,sh,MSCIA股ETF易方达
2025-09-02,1.87,1.852,1.876,1.836,53311.0,512090,sh,MSCIA股ETF易方达
2025-09-03,1.841,1.835,1.866,1.826,39296.0,512090,sh,MSCIA股ETF易方达
2025-09-04,1.842,1.8,1.842,1.789,87307.0,512090,sh,MSCIA股ETF易方达
2025-09-05,1.809,1.843,1.843,1.798,33193.0,512090,sh,MSCIA股ETF易方达
2025-09-08,1.843,1.843,1.849,1.828,40796.0,512090,sh,MSCIA股ETF易方达
2025-09-09,1.829,1.83,1.853,1.821,64286.0,512090,sh,MSCIA股ETF易方达
2025-09-10,1.831,1.837,1.844,1.827,38814.0,512090,sh,MSCIA股ETF易方达
2025-09-11,1.836,1.88,1.885,1.832,57559.0,512090,sh,MSCIA股ETF易方达
2025-09-12,1.873,1.876,1.887,1.872,75813.0,512090,sh,MSCIA股ETF易方达
2025-09-15,1.872,1.878,1.891,1.872,27117.0,512090,sh,MSCIA股ETF易方达
2025-09-16,1.882,1.873,1.888,1.862,81782.0,512090,sh,MSCIA股ETF易方达
2025-09-17,1.872,1.888,1.89,1.867,67356.0,512090,sh,MSCIA股ETF易方达
2025-09-18,1.888,1.871,1.892,1.844,118174.0,512090,sh,MSCIA股ETF易方达
2025-09-19,1.862,1.866,1.874,1.859,136129.0,512090,sh,MSCIA股ETF易方达
2025-09-22,1.866,1.869,1.87,1.857,82483.0,512090,sh,MSCIA股ETF易方达
2025-09-23,1.878,1.868,1.884,1.841,135359.0,512090,sh,MSCIA股ETF易方达
2025-09-24,1.87,1.878,1.887,1.855,160653.0,512090,sh,MSCIA股ETF易方达
2025-09-25,1.886,1.9,1.907,1.885,199309.0,512090,sh,MSCIA股ETF易方达
2025-09-26,1.903,1.882,1.903,1.882,473289.0,512090,sh,MSCIA股ETF易方达
2025-09-29,1.883,1.918,1.921,1.88,693433.0,512090,sh,MSCIA股ETF易方达
2025-09-30,1.908,1.916,1.917,1.906,572056.0,512090,sh,MSCIA股ETF易方达
2025-10-09,1.916,1.943,1.954,1.916,803493.0,512090,sh,MSCIA股ETF易方达
2025-10-10,1.942,1.908,1.942,1.903,685870.0,512090,sh,MSCIA股ETF易方达
2025-10-13,1.898,1.899,1.899,1.865,199751.0,512090,sh,MSCIA股ETF易方达
2025-10-14,1.9,1.879,1.919,1.872,973210.0,512090,sh,MSCIA股ETF易方达
2025-10-15,1.88,1.905,1.907,1.874,856706.0,512090,sh,MSCIA股ETF易方达
2025-10-16,1.906,1.907,1.919,1.899,1185034.0,512090,sh,MSCIA股ETF易方达
2025-10-17,1.917,1.866,1.917,1.863,1301112.0,512090,sh,MSCIA股ETF易方达
2025-10-20,1.879,1.874,1.888,1.868,1273251.0,512090,sh,MSCIA股ETF易方达
2025-10-21,1.88,1.898,1.905,1.878,1192898.0,512090,sh,MSCIA股ETF易方达
2025-10-22,1.896,1.895,1.899,1.885,1256051.0,512090,sh,MSCIA股ETF易方达
2025-10-23,1.892,1.901,1.903,1.874,1140964.0,512090,sh,MSCIA股ETF易方达
2025-10-24,1.9,1.922,1.922,1.9,1093924.0,512090,sh,MSCIA股ETF易方达
2025-10-27,1.929,1.947,1.949,1.929,1308347.0,512090,sh,MSCIA股ETF易方达
2025-10-28,1.947,1.94,1.959,1.937,1435611.0,512090,sh,MSCIA股ETF易方达
2025-10-29,1.95,1.967,1.968,1.945,927272.0,512090,sh,MSCIA股ETF易方达
2025-10-30,1.968,1.951,1.969,1.947,1321958.0,512090,sh,MSCIA股ETF易方达
2025-10-31,1.947,1.924,1.95,1.924,1121701.0,512090,sh,MSCIA股ETF易方达
2025-11-03,1.926,1.929,1.931,1.906,1180831.0,512090,sh,MSCIA股ETF易方达
2025-11-04,1.93,1.914,1.931,1.901,1083533.0,512090,sh,MSCIA股ETF易方达
2025-11-05,1.895,1.916,1.923,1.888,1320973.0,512090,sh,MSCIA股ETF易方达
2025-11-06,1.922,1.943,1.946,1.922,1335434.0,512090,sh,MSCIA股ETF易方达
2025-11-07,1.945,1.941,1.948,1.932,1303016.0,512090,sh,MSCIA股ETF易方达
2025-11-10,1.945,1.946,1.947,1.929,1448889.0,512090,sh,MSCIA股ETF易方达
2025-11-11,1.944,1.929,1.951,1.925,1408278.0,512090,sh,MSCIA股ETF易方达
2025-11-12,1.93,1.928,1.935,1.913,1510939.0,512090,sh,MSCIA股ETF易方达
2025-11-13,1.928,1.946,1.947,1.924,1512102.0,512090,sh,MSCIA股ETF易方达
2025-11-14,1.944,1.918,1.944,1.917,1395391.0,512090,sh,MSCIA股ETF易方达
2025-11-17,1.912,1.904,1.914,1.898,1343391.0,512090,sh,MSCIA股ETF易方达
2025-11-18,1.9,1.892,1.907,1.886,1409530.0,512090,sh,MSCIA股ETF易方达
2025-11-19,1.897,1.898,1.906,1.89,1392170.0,512090,sh,MSCIA股ETF易方达
2025-11-20,1.903,1.888,1.912,1.887,1537144.0,512090,sh,MSCIA股ETF易方达
2025-11-21,1.868,1.842,1.874,1.842,1558523.0,512090,sh,MSCIA股ETF易方达
2025-11-24,1.846,1.839,1.849,1.83,1848522.0,512090,sh,MSCIA股ETF易方达
2025-11-25,1.84,1.856,1.868,1.84,1388202.0,512090,sh,MSCIA股ETF易方达
2025-11-26,1.856,1.866,1.875,1.854,1727562.0,512090,sh,MSCIA股ETF易方达
2025-11-27,1.867,1.864,1.886,1.863,1090139.0,512090,sh,MSCIA股ETF易方达
2025-11-28,1.857,1.871,1.874,1.857,1581760.0,512090,sh,MSCIA股ETF易方达
2025-12-01,1.876,1.892,1.892,1.876,1381504.0,512090,sh,MSCIA股ETF易方达
2025-12-02,1.891,1.881,1.891,1.875,1637691.0,512090,sh,MSCIA股ETF易方达
2025-12-03,1.884,1.877,1.889,1.871,1657063.0,512090,sh,MSCIA股ETF易方达
2025-12-04,1.875,1.877,1.883,1.865,1503397.0,512090,sh,MSCIA股ETF易方达
2025-12-05,1.878,1.894,1.899,1.872,1603264.0,512090,sh,MSCIA股ETF易方达
2025-12-08,1.897,1.909,1.917,1.897,1549409.0,512090,sh,MSCIA股ETF易方达
2025-12-09,1.907,1.901,1.912,1.896,1381455.0,512090,sh,MSCIA股ETF易方达
2025-12-10,1.901,1.898,1.902,1.881,1703653.0,512090,sh,MSCIA股ETF易方达
2025-12-11,1.903,1.884,1.906,1.88,1731043.0,512090,sh,MSCIA股ETF易方达
2025-12-12,1.886,1.896,1.901,1.874,1822158.0,512090,sh,MSCIA股ETF易方达
2025-12-15,1.888,1.883,1.903,1.883,1444470.0,512090,sh,MSCIA股ETF易方达
2025-12-16,1.88,1.866,1.886,1.858,1444458.0,512090,sh,MSCIA股ETF易方达
2025-12-17,1.856,1.9,1.907,1.856,1381678.0,512090,sh,MSCIA股ETF易方达
2025-12-18,1.897,1.889,1.898,1.886,1410380.0,512090,sh,MSCIA股ETF易方达
2025-12-19,1.892,1.895,1.905,1.888,1365220.0,512090,sh,MSCIA股ETF易方达
2025-12-22,1.898,1.914,1.918,1.898,1000176.0,512090,sh,MSCIA股ETF易方达
2025-12-23,1.916,1.919,1.929,1.914,921985.0,512090,sh,MSCIA股ETF易方达
2025-12-24,1.916,1.927,1.93,1.913,1000962.0,512090,sh,MSCIA股ETF易方达
2025-12-25,1.93,1.931,1.935,1.923,1002021.0,512090,sh,MSCIA股ETF易方达
2025-12-26,1.935,1.939,1.947,1.929,871790.0,512090,sh,MSCIA股ETF易方达
2025-12-29,1.936,1.93,1.944,1.927,1033337.0,512090,sh,MSCIA股ETF易方达
2025-12-30,1.926,1.933,1.941,1.923,1066046.0,512090,sh,MSCIA股ETF易方达
2025-12-31,1.936,1.926,1.942,1.923,969838.0,512090,sh,MSCIA股ETF易方达
2026-01-05,1.928,1.961,1.963,1.928,969689.0,512090,sh,MSCIA股ETF易方达
2026-01-06,1.961,1.995,1.996,1.96,992380.0,512090,sh,MSCIA股ETF易方达
2026-01-07,2.007,1.992,2.007,1.982,816325.0,512090,sh,MSCIA股ETF易方达
2026-01-08,1.982,1.978,1.988,1.971,1008858.0,512090,sh,MSCIA股ETF易方达
2026-01-09,1.98,1.988,1.997,1.975,970417.0,512090,sh,MSCIA股ETF易方达
2026-01-12,1.992,2.003,2.009,1.984,53223.0,512090,sh,MSCIA股ETF易方达
2026-01-13,2.02,1.994,2.025,1.99,161377.0,512090,sh,MSCIA股ETF易方达
2026-01-14,1.997,1.989,2.02,1.98,594579.0,512090,sh,MSCIA股ETF易方达
2026-01-15,1.987,1.99,2.001,1.98,853600.0,512090,sh,MSCIA股ETF易方达
2026-01-16,2.004,1.985,2.009,1.983,618110.0,512090,sh,MSCIA股ETF易方达
2026-01-19,1.974,1.987,1.999,1.974,718802.0,512090,sh,MSCIA股ETF易方达
2026-01-20,1.987,1.985,2.002,1.968,802599.0,512090,sh,MSCIA股ETF易方达
2026-01-21,1.981,1.985,1.997,1.969,1008884.0,512090,sh,MSCIA股ETF易方达
2026-01-22,1.993,1.986,2.0,1.979,883939.0,512090,sh,MSCIA股ETF易方达
2026-01-23,1.985,1.985,1.999,1.981,987193.0,512090,sh,MSCIA股ETF易方达
2026-01-26,1.984,1.989,2.006,1.982,229834.0,512090,sh,MSCIA股ETF易方达
2026-01-27,1.987,1.985,1.996,1.972,306408.0,512090,sh,MSCIA股ETF易方达
2026-01-28,1.985,1.996,2.004,1.985,913572.0,512090,sh,MSCIA股ETF易方达
2026-01-29,1.995,2.01,2.015,1.985,518141.0,512090,sh,MSCIA股ETF易方达
2026-01-30,2.001,1.98,2.001,1.954,801325.0,512090,sh,MSCIA股ETF易方达
2026-02-02,1.964,1.934,1.979,1.927,1034659.0,512090,sh,MSCIA股ETF易方达
2026-02-03,1.934,1.958,1.959,1.924,955056.0,512090,sh,MSCIA股ETF易方达
2026-02-04,1.956,1.974,1.978,1.953,773731.0,512090,sh,MSCIA股ETF易方达
2026-02-05,1.966,1.964,1.968,1.948,809820.0,512090,sh,MSCIA股ETF易方达
2026-02-06,1.962,1.953,1.971,1.866,876712.0,512090,sh,MSCIA股ETF易方达
2026-02-09,1.96,1.985,1.988,1.96,714344.0,512090,sh,MSCIA股ETF易方达
2026-02-10,1.989,1.988,1.993,1.983,739620.0,512090,sh,MSCIA股ETF易方达
2026-02-11,1.99,1.99,1.994,1.987,494714.0,512090,sh,MSCIA股ETF易方达
2026-02-12,1.998,1.992,1.998,1.99,532204.0,512090,sh,MSCIA股ETF易方达
2026-02-13,1.99,1.97,1.99,1.966,725002.0,512090,sh,MSCIA股ETF易方达
2026-02-24,1.973,1.988,1.997,1.973,517696.0,512090,sh,MSCIA股ETF易方达
2026-02-25,1.995,2.0,2.015,1.994,551552.0,512090,sh,MSCIA股ETF易方达
2026-02-26,2.01,1.999,2.01,1.99,604723.0,512090,sh,MSCIA股ETF易方达
2026-02-27,1.997,2.001,2.003,1.981,583041.0,512090,sh,MSCIA股ETF易方达
2026-03-02,1.998,2.008,2.01,1.981,543677.0,512090,sh,MSCIA股ETF易方达
2026-03-03,2.011,1.975,2.013,1.971,682834.0,512090,sh,MSCIA股ETF易方达
2026-03-04,1.966,1.946,1.966,1.939,639195.0,512090,sh,MSCIA股ETF易方达
2026-03-05,1.961,1.969,1.978,1.961,674845.0,512090,sh,MSCIA股ETF易方达
2026-03-06,1.965,1.977,1.98,1.955,575540.0,512090,sh,MSCIA股ETF易方达
2026-03-09,1.978,1.958,1.978,1.927,731014.0,512090,sh,MSCIA股ETF易方达
2026-03-10,1.961,1.984,1.985,1.961,617547.0,512090,sh,MSCIA股ETF易方达
2026-03-11,1.986,1.992,1.998,1.983,589650.0,512090,sh,MSCIA股ETF易方达
2026-03-12,1.994,1.985,1.994,1.973,696605.0,512090,sh,MSCIA股ETF易方达
2026-03-13,1.985,1.974,1.993,1.969,653934.0,512090,sh,MSCIA股ETF易方达
2026-03-16,1.972,1.974,1.975,1.951,717343.0,512090,sh,MSCIA股ETF易方达
2026-03-17,1.973,1.958,1.993,1.957,798240.0,512090,sh,MSCIA股ETF易方达
2026-03-18,1.956,1.965,1.966,1.941,714513.0,512090,sh,MSCIA股ETF易方达
2026-03-19,1.957,1.931,1.957,1.924,825562.0,512090,sh,MSCIA股ETF易方达
2026-03-20,1.934,1.92,1.948,1.92,875357.0,512090,sh,MSCIA股ETF易方达
2026-03-23,1.891,1.849,1.916,1.844,533899.0,512090,sh,MSCIA股ETF易方达
2026-03-24,1.854,1.873,1.875,1.84,943851.0,512090,sh,MSCIA股ETF易方达
2026-03-25,1.876,1.905,1.907,1.876,689475.0,512090,sh,MSCIA股ETF易方达
2026-03-26,1.905,1.881,1.908,1.879,645522.0,512090,sh,MSCIA股ETF易方达
2026-03-27,1.879,1.895,1.903,1.864,590391.0,512090,sh,MSCIA股ETF易方达
2026-03-30,1.886,1.892,1.896,1.871,665841.0,512090,sh,MSCIA股ETF易方达
2026-03-31,1.893,1.876,1.902,1.874,614439.0,512090,sh,MSCIA股ETF易方达
2026-04-01,1.904,1.904,1.907,1.89,606562.0,512090,sh,MSCIA股ETF易方达
2026-04-02,1.904,1.882,1.904,1.874,700007.0,512090,sh,MSCIA股ETF易方达
2026-04-03,1.884,1.865,1.891,1.863,609995.0,512090,sh,MSCIA股ETF易方达
2026-04-07,1.875,1.866,1.877,1.859,553496.0,512090,sh,MSCIA股ETF易方达
2026-04-08,1.875,1.932,1.934,1.875,654842.0,512090,sh,MSCIA股ETF易方达
2026-04-09,1.925,1.921,1.929,1.916,627796.0,512090,sh,MSCIA股ETF易方达
2026-04-10,1.931,1.949,1.959,1.93,632205.0,512090,sh,MSCIA股ETF易方达
2026-04-13,1.939,1.953,1.956,1.939,579310.0,512090,sh,MSCIA股ETF易方达
2026-04-14,1.958,1.978,1.978,1.958,537512.0,512090,sh,MSCIA股ETF易方达
2026-04-15,1.982,1.968,1.991,1.965,586119.0,512090,sh,MSCIA股ETF易方达
2026-04-16,1.98,1.999,1.999,1.978,619602.0,512090,sh,MSCIA股ETF易方达
2026-04-17,1.999,1.994,1.999,1.988,620580.0,512090,sh,MSCIA股ETF易方达
2026-04-20,1.996,2.004,2.01,1.992,626909.0,512090,sh,MSCIA股ETF易方达
2026-04-21,2.001,2.007,2.011,1.989,625446.0,512090,sh,MSCIA股ETF易方达
2026-04-22,2.006,2.025,2.025,2.006,713356.0,512090,sh,MSCIA股ETF易方达
2026-04-23,2.027,2.018,2.032,2.002,762221.0,512090,sh,MSCIA股ETF易方达
2026-04-24,2.018,2.01,2.018,1.997,845921.0,512090,sh,MSCIA股ETF易方达
2026-04-27,2.009,2.015,2.025,2.009,640495.0,512090,sh,MSCIA股ETF易方达
2026-04-28,2.015,2.008,2.019,2.004,594521.0,512090,sh,MSCIA股ETF易方达
2026-04-29,2.007,2.033,2.035,2.007,601600.0,512090,sh,MSCIA股ETF易方达
2026-04-30,2.033,2.033,2.038,2.026,812403.0,512090,sh,MSCIA股ETF易方达
2026-05-06,2.048,2.076,2.078,2.048,819361.0,512090,sh,MSCIA股ETF易方达
2026-05-07,2.077,2.084,2.084,2.07,633564.0,512090,sh,MSCIA股ETF易方达
2026-05-08,2.084,2.075,2.084,2.064,624574.0,512090,sh,MSCIA股ETF易方达
2026-05-11,2.074,2.108,2.111,2.065,692211.0,512090,sh,MSCIA股ETF易方达
2026-05-12,2.11,2.105,2.113,2.092,641376.0,512090,sh,MSCIA股ETF易方达
2026-05-13,2.086,2.13,2.13,2.086,662719.0,512090,sh,MSCIA股ETF易方达
2026-05-14,2.133,2.089,2.142,2.089,554788.0,512090,sh,MSCIA股ETF易方达
2026-05-15,2.09,2.061,2.093,2.048,496649.0,512090,sh,MSCIA股ETF易方达
2026-05-18,2.058,2.052,2.065,2.042,643902.0,512090,sh,MSCIA股ETF易方达
2026-05-19,2.06,2.067,2.067,2.028,686644.0,512090,sh,MSCIA股ETF易方达
2026-05-20,2.068,2.066,2.073,2.054,569257.0,512090,sh,MSCIA股ETF易方达
2026-05-21,2.073,2.034,2.103,2.033,612319.0,512090,sh,MSCIA股ETF易方达
2026-05-22,2.048,2.06,2.062,2.036,645735.0,512090,sh,MSCIA股ETF易方达
2026-05-25,2.067,2.082,2.087,2.062,677732.0,512090,sh,MSCIA股ETF易方达
2026-05-26,2.068,2.102,2.103,2.068,580747.0,512090,sh,MSCIA股ETF易方达
2026-05-27,2.102,2.083,2.106,2.072,631650.0,512090,sh,MSCIA股ETF易方达
2026-05-28,2.071,2.084,2.087,2.053,695014.0,512090,sh,MSCIA股ETF易方达
2026-05-29,2.08,2.071,2.097,2.066,778034.0,512090,sh,MSCIA股ETF易方达
2026-06-01,2.06,2.048,2.083,2.045,692053.0,512090,sh,MSCIA股ETF易方达
2026-06-02,2.054,2.073,2.079,2.034,755248.0,512090,sh,MSCIA股ETF易方达
2026-06-03,2.079,2.077,2.105,2.069,873389.0,512090,sh,MSCIA股ETF易方达
2026-06-04,2.066,2.08,2.082,2.063,768378.0,512090,sh,MSCIA股ETF易方达
2026-06-05,2.065,2.033,2.077,2.03,667620.0,512090,sh,MSCIA股ETF易方达
2026-06-08,2.026,1.99,2.026,1.974,749525.0,512090,sh,MSCIA股ETF易方达
2026-06-09,2.004,2.026,2.028,1.988,749975.0,512090,sh,MSCIA股ETF易方达
2026-06-10,2.014,2.008,2.023,1.996,621159.0,512090,sh,MSCIA股ETF易方达
2026-06-11,2.004,1.999,2.018,1.988,514844.0,512090,sh,MSCIA股ETF易方达
2026-06-12,1.99,2.032,2.051,1.99,660190.0,512090,sh,MSCIA股ETF易方达
2026-06-15,2.034,2.076,2.076,2.034,472020.0,512090,sh,MSCIA股ETF易方达
2026-06-16,2.069,2.076,2.085,2.069,443391.0,512090,sh,MSCIA股ETF易方达
2026-06-17,2.057,2.098,2.099,2.057,465375.0,512090,sh,MSCIA股ETF易方达
2026-06-18,2.09,2.101,2.114,2.09,677647.0,512090,sh,MSCIA股ETF易方达
2026-06-22,2.104,2.161,2.164,2.098,680744.0,512090,sh,MSCIA股ETF易方达
2026-06-23,2.147,2.098,2.157,2.086,387744.0,512090,sh,MSCIA股ETF易方达
2026-06-24,2.079,2.114,2.116,2.079,548081.0,512090,sh,MSCIA股ETF易方达
2026-06-25,2.119,2.148,2.148,2.113,265990.0,512090,sh,MSCIA股ETF易方达
2026-06-26,2.142,2.084,2.142,2.076,398403.0,512090,sh,MSCIA股ETF易方达
2026-06-29,2.084,2.101,2.102,2.065,319655.0,512090,sh,MSCIA股ETF易方达
2026-06-30,2.119,2.13,2.132,2.097,506644.0,512090,sh,MSCIA股ETF易方达
2026-07-01,2.131,2.125,2.15,2.112,525774.0,512090,sh,MSCIA股ETF易方达
2026-07-02,2.099,2.061,2.1,2.059,479225.0,512090,sh,MSCIA股ETF易方达
2026-07-03,2.06,2.075,2.096,2.06,457597.0,512090,sh,MSCIA股ETF易方达
