date,open,close,high,low,volume,code,market,name
2020-01-02,3.06,3.087,3.108,3.06,276453.0,510180,sh,上证180ETF华安
2020-01-03,3.089,3.069,3.091,3.066,178970.0,510180,sh,上证180ETF华安
2020-01-06,3.067,3.052,3.09,3.03,243683.0,510180,sh,上证180ETF华安
2020-01-07,3.055,3.072,3.08,3.052,282983.0,510180,sh,上证180ETF华安
2020-01-08,3.066,3.029,3.066,3.019,250648.0,510180,sh,上证180ETF华安
2020-01-09,3.046,3.067,3.07,3.046,265553.0,510180,sh,上证180ETF华安
2020-01-10,3.07,3.08,3.081,3.059,232557.0,510180,sh,上证180ETF华安
2020-01-13,3.071,3.106,3.106,3.051,228334.0,510180,sh,上证180ETF华安
2020-01-14,3.107,3.089,3.118,3.083,216620.0,510180,sh,上证180ETF华安
2020-01-15,3.093,3.056,3.093,3.053,240399.0,510180,sh,上证180ETF华安
2020-01-16,3.064,3.049,3.068,3.037,239983.0,510180,sh,上证180ETF华安
2020-01-17,3.053,3.059,3.076,3.045,177784.0,510180,sh,上证180ETF华安
2020-01-20,3.059,3.082,3.083,3.057,215669.0,510180,sh,上证180ETF华安
2020-01-21,3.068,3.018,3.068,3.015,242694.0,510180,sh,上证180ETF华安
2020-01-22,3.014,3.029,3.041,2.958,193509.0,510180,sh,上证180ETF华安
2020-01-23,2.993,2.932,3.001,2.894,263133.0,510180,sh,上证180ETF华安
2020-02-03,2.599,2.613,2.692,2.599,356973.0,510180,sh,上证180ETF华安
2020-02-04,2.623,2.738,2.744,2.623,369595.0,510180,sh,上证180ETF华安
2020-02-05,2.744,2.777,2.792,2.723,265146.0,510180,sh,上证180ETF华安
2020-02-06,2.777,2.82,2.843,2.76,210056.0,510180,sh,上证180ETF华安
2020-02-07,2.812,2.826,2.827,2.785,323222.0,510180,sh,上证180ETF华安
2020-02-10,2.798,2.825,2.828,2.791,235055.0,510180,sh,上证180ETF华安
2020-02-11,2.828,2.864,2.872,2.828,232014.0,510180,sh,上证180ETF华安
2020-02-12,2.863,2.883,2.885,2.847,174484.0,510180,sh,上证180ETF华安
2020-02-13,2.873,2.869,2.898,2.858,206958.0,510180,sh,上证180ETF华安
2020-02-14,2.869,2.888,2.895,2.858,183010.0,510180,sh,上证180ETF华安
2020-02-17,2.89,2.959,2.961,2.89,231099.0,510180,sh,上证180ETF华安
2020-02-18,2.953,2.94,2.959,2.921,189986.0,510180,sh,上证180ETF华安
2020-02-19,2.929,2.937,2.96,2.925,179480.0,510180,sh,上证180ETF华安
2020-02-20,2.936,3.007,3.017,2.927,195440.0,510180,sh,上证180ETF华安
2020-02-21,3.009,3.0,3.033,2.983,161726.0,510180,sh,上证180ETF华安
2020-02-24,2.996,2.964,2.996,2.947,180855.0,510180,sh,上证180ETF华安
2020-02-25,2.938,2.947,2.952,2.879,178771.0,510180,sh,上证180ETF华安
2020-02-26,2.918,2.923,2.959,2.894,248745.0,510180,sh,上证180ETF华安
2020-02-27,2.912,2.929,2.954,2.912,149451.0,510180,sh,上证180ETF华安
2020-02-28,2.898,2.821,2.898,2.81,162208.0,510180,sh,上证180ETF华安
2020-03-02,2.843,2.927,2.951,2.842,233728.0,510180,sh,上证180ETF华安
2020-03-03,2.953,2.946,2.987,2.931,160801.0,510180,sh,上证180ETF华安
2020-03-04,2.94,2.969,2.971,2.929,124291.0,510180,sh,上证180ETF华安
2020-03-05,2.984,3.052,3.058,2.979,201583.0,510180,sh,上证180ETF华安
2020-03-06,3.028,2.99,3.028,2.984,131265.0,510180,sh,上证180ETF华安
2020-03-09,2.958,2.878,2.958,2.863,260677.0,510180,sh,上证180ETF华安
2020-03-10,2.868,2.948,2.955,2.851,203294.0,510180,sh,上证180ETF华安
2020-03-11,2.957,2.899,2.957,2.898,165682.0,510180,sh,上证180ETF华安
2020-03-12,2.879,2.844,2.879,2.827,168954.0,510180,sh,上证180ETF华安
2020-03-13,2.768,2.809,2.839,2.683,179065.0,510180,sh,上证180ETF华安
2020-03-16,2.798,2.674,2.813,2.665,205280.0,510180,sh,上证180ETF华安
2020-03-17,2.677,2.67,2.734,2.598,161887.0,510180,sh,上证180ETF华安
2020-03-18,2.673,2.608,2.713,2.599,175375.0,510180,sh,上证180ETF华安
2020-03-19,2.603,2.559,2.613,2.487,216683.0,510180,sh,上证180ETF华安
2020-03-20,2.569,2.615,2.617,2.555,146852.0,510180,sh,上证180ETF华安
2020-03-23,2.578,2.527,2.578,2.509,229900.0,510180,sh,上证180ETF华安
2020-03-24,2.566,2.599,2.61,2.545,268116.0,510180,sh,上证180ETF华安
2020-03-25,2.654,2.666,2.683,2.645,225720.0,510180,sh,上证180ETF华安
2020-03-26,2.657,2.656,2.686,2.634,226966.0,510180,sh,上证180ETF华安
2020-03-27,2.683,2.677,2.717,2.674,194132.0,510180,sh,上证180ETF华安
2020-03-30,2.647,2.656,2.664,2.621,227160.0,510180,sh,上证180ETF华安
2020-03-31,2.675,2.652,2.686,2.644,213469.0,510180,sh,上证180ETF华安
2020-04-01,2.652,2.642,2.691,2.636,251918.0,510180,sh,上证180ETF华安
2020-04-02,2.63,2.69,2.692,2.622,232247.0,510180,sh,上证180ETF华安
2020-04-03,2.685,2.668,2.685,2.654,181552.0,510180,sh,上证180ETF华安
2020-04-07,2.718,2.728,2.74,2.718,257432.0,510180,sh,上证180ETF华安
2020-04-08,2.721,2.718,2.729,2.706,240535.0,510180,sh,上证180ETF华安
2020-04-09,2.723,2.726,2.738,2.721,194955.0,510180,sh,上证180ETF华安
2020-04-10,2.724,2.711,2.755,2.703,294145.0,510180,sh,上证180ETF华安
2020-04-13,2.714,2.694,2.714,2.69,167668.0,510180,sh,上证180ETF华安
2020-04-14,2.702,2.748,2.749,2.702,243943.0,510180,sh,上证180ETF华安
2020-04-15,2.749,2.729,2.755,2.729,123941.0,510180,sh,上证180ETF华安
2020-04-16,2.721,2.74,2.743,2.71,151300.0,510180,sh,上证180ETF华安
2020-04-17,2.747,2.77,2.792,2.747,208543.0,510180,sh,上证180ETF华安
2020-04-20,2.777,2.781,2.788,2.759,181188.0,510180,sh,上证180ETF华安
2020-04-21,2.774,2.745,2.774,2.719,185142.0,510180,sh,上证180ETF华安
2020-04-22,2.722,2.763,2.766,2.722,204013.0,510180,sh,上证180ETF华安
2020-04-23,2.765,2.761,2.78,2.752,166680.0,510180,sh,上证180ETF华安
2020-04-24,2.755,2.732,2.755,2.721,216320.0,510180,sh,上证180ETF华安
2020-04-27,2.732,2.744,2.766,2.727,197498.0,510180,sh,上证180ETF华安
2020-04-28,2.744,2.769,2.777,2.712,301063.0,510180,sh,上证180ETF华安
2020-04-29,2.766,2.779,2.791,2.752,184551.0,510180,sh,上证180ETF华安
2020-04-30,2.786,2.826,2.834,2.786,166629.0,510180,sh,上证180ETF华安
2020-05-06,2.806,2.839,2.839,2.777,154760.0,510180,sh,上证180ETF华安
2020-05-07,2.842,2.818,2.842,2.811,151434.0,510180,sh,上证180ETF华安
2020-05-08,2.825,2.852,2.863,2.825,125783.0,510180,sh,上证180ETF华安
2020-05-11,2.852,2.856,2.882,2.842,133652.0,510180,sh,上证180ETF华安
2020-05-12,2.854,2.841,2.858,2.825,174736.0,510180,sh,上证180ETF华安
2020-05-13,2.837,2.849,2.85,2.819,128223.0,510180,sh,上证180ETF华安
2020-05-14,2.837,2.811,2.837,2.811,130344.0,510180,sh,上证180ETF华安
2020-05-15,2.815,2.801,2.832,2.799,140597.0,510180,sh,上证180ETF华安
2020-05-18,2.8,2.819,2.834,2.794,189517.0,510180,sh,上证180ETF华安
2020-05-19,2.831,2.841,2.856,2.831,140077.0,510180,sh,上证180ETF华安
2020-05-20,2.837,2.831,2.842,2.826,198075.0,510180,sh,上证180ETF华安
2020-05-21,2.834,2.813,2.845,2.81,120361.0,510180,sh,上证180ETF华安
2020-05-22,2.808,2.737,2.808,2.736,258939.0,510180,sh,上证180ETF华安
2020-05-25,2.735,2.746,2.75,2.724,254057.0,510180,sh,上证180ETF华安
2020-05-26,2.75,2.777,2.777,2.75,245278.0,510180,sh,上证180ETF华安
2020-05-27,2.779,2.768,2.779,2.76,213085.0,510180,sh,上证180ETF华安
2020-05-28,2.77,2.774,2.804,2.746,326045.0,510180,sh,上证180ETF华安
2020-05-29,2.765,2.776,2.784,2.748,338190.0,510180,sh,上证180ETF华安
2020-06-01,2.795,2.854,2.861,2.795,225920.0,510180,sh,上证180ETF华安
2020-06-02,2.854,2.864,2.875,2.849,200976.0,510180,sh,上证180ETF华安
2020-06-03,2.87,2.864,2.907,2.864,183867.0,510180,sh,上证180ETF华安
2020-06-04,2.87,2.857,2.877,2.851,216463.0,510180,sh,上证180ETF华安
2020-06-05,2.869,2.878,2.878,2.845,195183.0,510180,sh,上证180ETF华安
2020-06-08,2.889,2.886,2.905,2.878,264655.0,510180,sh,上证180ETF华安
2020-06-09,2.895,2.907,2.912,2.881,206911.0,510180,sh,上证180ETF华安
2020-06-10,2.91,2.892,2.91,2.884,143477.0,510180,sh,上证180ETF华安
2020-06-11,2.896,2.859,2.896,2.846,252168.0,510180,sh,上证180ETF华安
2020-06-12,2.838,2.862,2.873,2.817,229769.0,510180,sh,上证180ETF华安
2020-06-15,2.859,2.814,2.859,2.813,196737.0,510180,sh,上证180ETF华安
2020-06-16,2.83,2.866,2.868,2.83,201115.0,510180,sh,上证180ETF华安
2020-06-17,2.866,2.867,2.869,2.847,131013.0,510180,sh,上证180ETF华安
2020-06-18,2.862,2.889,2.89,2.848,283119.0,510180,sh,上证180ETF华安
2020-06-19,2.889,2.924,2.934,2.889,315413.0,510180,sh,上证180ETF华安
2020-06-22,2.928,2.924,2.953,2.914,235277.0,510180,sh,上证180ETF华安
2020-06-23,2.922,2.938,2.939,2.899,262952.0,510180,sh,上证180ETF华安
2020-06-24,2.948,2.964,2.966,2.942,155821.0,510180,sh,上证180ETF华安
2020-06-29,2.958,2.937,2.963,2.923,233663.0,510180,sh,上证180ETF华安
2020-06-30,2.938,2.973,2.985,2.938,227398.0,510180,sh,上证180ETF华安
2020-07-01,2.977,3.046,3.047,2.972,228459.0,510180,sh,上证180ETF华安
2020-07-02,3.049,3.133,3.147,3.043,341890.0,510180,sh,上证180ETF华安
2020-07-03,3.135,3.22,3.221,3.135,257142.0,510180,sh,上证180ETF华安
2020-07-06,3.251,3.589,3.592,3.251,357380.0,510180,sh,上证180ETF华安
2020-07-07,3.654,3.48,3.698,3.478,489641.0,510180,sh,上证180ETF华安
2020-07-08,3.474,3.529,3.573,3.452,349523.0,510180,sh,上证180ETF华安
2020-07-09,3.528,3.585,3.587,3.504,347081.0,510180,sh,上证180ETF华安
2020-07-10,3.576,3.496,3.576,3.473,289751.0,510180,sh,上证180ETF华安
2020-07-13,3.485,3.554,3.583,3.462,238658.0,510180,sh,上证180ETF华安
2020-07-14,3.553,3.508,3.558,3.461,196936.0,510180,sh,上证180ETF华安
2020-07-15,3.514,3.466,3.548,3.449,185146.0,510180,sh,上证180ETF华安
2020-07-16,3.466,3.306,3.489,3.283,347377.0,510180,sh,上证180ETF华安
2020-07-17,3.302,3.317,3.353,3.272,315760.0,510180,sh,上证180ETF华安
2020-07-20,3.34,3.43,3.434,3.312,250354.0,510180,sh,上证180ETF华安
2020-07-21,3.45,3.435,3.455,3.411,212757.0,510180,sh,上证180ETF华安
2020-07-22,3.431,3.443,3.524,3.42,579301.0,510180,sh,上证180ETF华安
2020-07-23,3.426,3.441,3.458,3.357,434021.0,510180,sh,上证180ETF华安
2020-07-24,3.398,3.268,3.422,3.253,416012.0,510180,sh,上证180ETF华安
2020-07-27,3.27,3.3,3.325,3.263,244823.0,510180,sh,上证180ETF华安
2020-07-28,3.305,3.32,3.352,3.302,251789.0,510180,sh,上证180ETF华安
2020-07-29,3.315,3.4,3.408,3.3,335872.0,510180,sh,上证180ETF华安
2020-07-30,3.401,3.385,3.418,3.379,256725.0,510180,sh,上证180ETF华安
2020-07-31,3.384,3.403,3.453,3.351,275378.0,510180,sh,上证180ETF华安
2020-08-03,3.454,3.458,3.458,3.415,246382.0,510180,sh,上证180ETF华安
2020-08-04,3.457,3.477,3.496,3.444,304642.0,510180,sh,上证180ETF华安
2020-08-05,3.477,3.47,3.477,3.416,189593.0,510180,sh,上证180ETF华安
2020-08-06,3.466,3.477,3.483,3.408,191510.0,510180,sh,上证180ETF华安
2020-08-07,3.476,3.443,3.476,3.389,199824.0,510180,sh,上证180ETF华安
2020-08-10,3.433,3.464,3.494,3.405,140321.0,510180,sh,上证180ETF华安
2020-08-11,3.464,3.424,3.518,3.419,196131.0,510180,sh,上证180ETF华安
2020-08-12,3.408,3.413,3.433,3.338,277011.0,510180,sh,上证180ETF华安
2020-08-13,3.416,3.396,3.428,3.386,199347.0,510180,sh,上证180ETF华安
2020-08-14,3.395,3.472,3.476,3.386,197899.0,510180,sh,上证180ETF华安
2020-08-17,3.484,3.556,3.59,3.478,216063.0,510180,sh,上证180ETF华安
2020-08-18,3.555,3.554,3.563,3.533,168613.0,510180,sh,上证180ETF华安
2020-08-19,3.554,3.501,3.554,3.492,140214.0,510180,sh,上证180ETF华安
2020-08-20,3.483,3.442,3.483,3.429,191199.0,510180,sh,上证180ETF华安
2020-08-21,3.458,3.475,3.494,3.446,167530.0,510180,sh,上证180ETF华安
2020-08-24,3.479,3.488,3.511,3.473,194323.0,510180,sh,上证180ETF华安
2020-08-25,3.501,3.491,3.531,3.476,193913.0,510180,sh,上证180ETF华安
2020-08-26,3.491,3.442,3.512,3.435,198154.0,510180,sh,上证180ETF华安
2020-08-27,3.444,3.472,3.473,3.429,220128.0,510180,sh,上证180ETF华安
2020-08-28,3.467,3.56,3.567,3.461,305983.0,510180,sh,上证180ETF华安
2020-08-31,3.564,3.547,3.611,3.54,247903.0,510180,sh,上证180ETF华安
2020-09-01,3.547,3.558,3.558,3.521,172500.0,510180,sh,上证180ETF华安
2020-09-02,3.561,3.557,3.575,3.52,190288.0,510180,sh,上证180ETF华安
2020-09-03,3.538,3.539,3.594,3.521,122240.0,510180,sh,上证180ETF华安
2020-09-04,3.496,3.493,3.505,3.463,308148.0,510180,sh,上证180ETF华安
2020-09-07,3.488,3.42,3.519,3.404,247913.0,510180,sh,上证180ETF华安
2020-09-08,3.421,3.456,3.469,3.413,229148.0,510180,sh,上证180ETF华安
2020-09-09,3.43,3.384,3.431,3.361,192497.0,510180,sh,上证180ETF华安
2020-09-10,3.393,3.394,3.431,3.384,273114.0,510180,sh,上证180ETF华安
2020-09-11,3.39,3.417,3.422,3.377,135404.0,510180,sh,上证180ETF华安
2020-09-14,3.425,3.445,3.451,3.419,151417.0,510180,sh,上证180ETF华安
2020-09-15,3.448,3.463,3.471,3.427,145234.0,510180,sh,上证180ETF华安
2020-09-16,3.473,3.449,3.478,3.433,276289.0,510180,sh,上证180ETF华安
2020-09-17,3.436,3.414,3.446,3.396,269059.0,510180,sh,上证180ETF华安
2020-09-18,3.413,3.519,3.521,3.413,286895.0,510180,sh,上证180ETF华安
2020-09-21,3.528,3.477,3.548,3.472,226665.0,510180,sh,上证180ETF华安
2020-09-22,3.455,3.424,3.489,3.41,233480.0,510180,sh,上证180ETF华安
2020-09-23,3.415,3.434,3.442,3.411,179541.0,510180,sh,上证180ETF华安
2020-09-24,3.412,3.364,3.414,3.358,205520.0,510180,sh,上证180ETF华安
2020-09-25,3.367,3.376,3.39,3.36,204678.0,510180,sh,上证180ETF华安
2020-09-28,3.401,3.391,3.416,3.376,157859.0,510180,sh,上证180ETF华安
2020-09-29,3.394,3.385,3.411,3.384,129035.0,510180,sh,上证180ETF华安
2020-09-30,3.4,3.372,3.417,3.353,265123.0,510180,sh,上证180ETF华安
2020-10-09,3.42,3.441,3.457,3.42,165279.0,510180,sh,上证180ETF华安
2020-10-12,3.443,3.56,3.561,3.443,169545.0,510180,sh,上证180ETF华安
2020-10-13,3.555,3.553,3.561,3.521,171008.0,510180,sh,上证180ETF华安
2020-10-14,3.556,3.53,3.556,3.521,104694.0,510180,sh,上证180ETF华安
2020-10-15,3.552,3.527,3.554,3.521,153525.0,510180,sh,上证180ETF华安
2020-10-16,3.526,3.525,3.554,3.499,229739.0,510180,sh,上证180ETF华安
2020-10-19,3.533,3.489,3.584,3.475,314634.0,510180,sh,上证180ETF华安
2020-10-20,3.489,3.508,3.513,3.478,190531.0,510180,sh,上证180ETF华安
2020-10-21,3.509,3.518,3.523,3.486,194208.0,510180,sh,上证180ETF华安
2020-10-22,3.52,3.509,3.522,3.47,108656.0,510180,sh,上证180ETF华安
2020-10-23,3.509,3.479,3.534,3.476,247614.0,510180,sh,上证180ETF华安
2020-10-26,3.445,3.426,3.452,3.408,275181.0,510180,sh,上证180ETF华安
2020-10-27,3.418,3.428,3.435,3.406,152224.0,510180,sh,上证180ETF华安
2020-10-28,3.423,3.453,3.464,3.414,190993.0,510180,sh,上证180ETF华安
2020-10-29,3.399,3.472,3.492,3.399,287824.0,510180,sh,上证180ETF华安
2020-10-30,3.468,3.402,3.474,3.396,167756.0,510180,sh,上证180ETF华安
2020-11-02,3.407,3.403,3.437,3.391,185821.0,510180,sh,上证180ETF华安
2020-11-03,3.407,3.451,3.468,3.407,183740.0,510180,sh,上证180ETF华安
2020-11-04,3.451,3.47,3.49,3.439,164609.0,510180,sh,上证180ETF华安
2020-11-05,3.495,3.533,3.539,3.495,163966.0,510180,sh,上证180ETF华安
2020-11-06,3.533,3.525,3.538,3.498,171595.0,510180,sh,上证180ETF华安
2020-11-09,3.538,3.606,3.623,3.538,140532.0,510180,sh,上证180ETF华安
2020-11-10,3.612,3.589,3.616,3.573,136824.0,510180,sh,上证180ETF华安
2020-11-11,3.592,3.577,3.605,3.57,85959.0,510180,sh,上证180ETF华安
2020-11-12,3.578,3.567,3.587,3.556,102464.0,510180,sh,上证180ETF华安
2020-11-13,3.559,3.507,3.559,3.482,157266.0,510180,sh,上证180ETF华安
2020-11-16,3.523,3.552,3.556,3.516,255976.0,510180,sh,上证180ETF华安
2020-11-17,3.551,3.554,3.558,3.534,214492.0,510180,sh,上证180ETF华安
2020-11-18,3.566,3.565,3.586,3.547,171861.0,510180,sh,上证180ETF华安
2020-11-19,3.564,3.599,3.607,3.544,145233.0,510180,sh,上证180ETF华安
2020-11-20,3.591,3.608,3.613,3.584,145145.0,510180,sh,上证180ETF华安
2020-11-23,3.611,3.664,3.685,3.611,248584.0,510180,sh,上证180ETF华安
2020-11-24,3.664,3.641,3.669,3.631,182696.0,510180,sh,上证180ETF华安
2020-11-25,3.646,3.594,3.668,3.589,194232.0,510180,sh,上证180ETF华安
2020-11-26,3.59,3.611,3.611,3.574,202402.0,510180,sh,上证180ETF华安
2020-11-27,3.605,3.673,3.678,3.605,205338.0,510180,sh,上证180ETF华安
2020-11-30,3.696,3.653,3.748,3.646,262981.0,510180,sh,上证180ETF华安
2020-12-01,3.654,3.739,3.752,3.65,181834.0,510180,sh,上证180ETF华安
2020-12-02,3.739,3.734,3.761,3.715,151553.0,510180,sh,上证180ETF华安
2020-12-03,3.734,3.727,3.744,3.692,143137.0,510180,sh,上证180ETF华安
2020-12-04,3.713,3.736,3.74,3.684,150384.0,510180,sh,上证180ETF华安
2020-12-07,3.736,3.688,3.739,3.675,218438.0,510180,sh,上证180ETF华安
2020-12-08,3.695,3.677,3.715,3.674,154327.0,510180,sh,上证180ETF华安
2020-12-09,3.682,3.639,3.704,3.635,163981.0,510180,sh,上证180ETF华安
2020-12-10,3.623,3.64,3.658,3.622,150326.0,510180,sh,上证180ETF华安
2020-12-11,3.64,3.602,3.65,3.577,160408.0,510180,sh,上证180ETF华安
2020-12-14,3.603,3.634,3.638,3.599,120224.0,510180,sh,上证180ETF华安
2020-12-15,3.635,3.637,3.645,3.607,127491.0,510180,sh,上证180ETF华安
2020-12-16,3.639,3.645,3.661,3.633,135881.0,510180,sh,上证180ETF华安
2020-12-17,3.642,3.713,3.723,3.642,179774.0,510180,sh,上证180ETF华安
2020-12-18,3.719,3.69,3.719,3.665,165650.0,510180,sh,上证180ETF华安
2020-12-21,3.69,3.716,3.728,3.666,143902.0,510180,sh,上证180ETF华安
2020-12-22,3.7,3.636,3.706,3.629,169218.0,510180,sh,上证180ETF华安
2020-12-23,3.628,3.669,3.686,3.628,127266.0,510180,sh,上证180ETF华安
2020-12-24,3.679,3.656,3.697,3.646,121402.0,510180,sh,上证180ETF华安
2020-12-25,3.647,3.697,3.701,3.64,143487.0,510180,sh,上证180ETF华安
2020-12-28,3.696,3.71,3.738,3.693,196126.0,510180,sh,上证180ETF华安
2020-12-29,3.71,3.698,3.729,3.691,138229.0,510180,sh,上证180ETF华安
2020-12-30,3.682,3.749,3.75,3.682,197613.0,510180,sh,上证180ETF华安
2020-12-31,3.747,3.84,3.843,3.747,225610.0,510180,sh,上证180ETF华安
2021-01-04,3.865,3.873,3.881,3.812,162821.0,510180,sh,上证180ETF华安
2021-01-05,3.861,3.903,3.91,3.838,174960.0,510180,sh,上证180ETF华安
2021-01-06,3.905,3.949,3.962,3.892,169165.0,510180,sh,上证180ETF华安
2021-01-07,3.95,4.037,4.038,3.949,182107.0,510180,sh,上证180ETF华安
2021-01-08,4.037,4.022,4.064,3.98,197701.0,510180,sh,上证180ETF华安
2021-01-11,4.022,3.981,4.075,3.965,225138.0,510180,sh,上证180ETF华安
2021-01-12,3.975,4.118,4.12,3.962,174672.0,510180,sh,上证180ETF华安
2021-01-13,4.119,4.104,4.145,4.066,116837.0,510180,sh,上证180ETF华安
2021-01-14,4.096,4.034,4.096,4.02,123254.0,510180,sh,上证180ETF华安
2021-01-15,4.035,4.012,4.07,3.975,158113.0,510180,sh,上证180ETF华安
2021-01-18,4.013,4.057,4.081,3.991,129946.0,510180,sh,上证180ETF华安
2021-01-19,4.058,4.004,4.065,3.988,160367.0,510180,sh,上证180ETF华安
2021-01-20,4.003,4.017,4.044,3.984,179737.0,510180,sh,上证180ETF华安
2021-01-21,4.02,4.082,4.105,4.02,158481.0,510180,sh,上证180ETF华安
2021-01-22,4.083,4.073,4.085,4.031,144899.0,510180,sh,上证180ETF华安
2021-01-25,4.065,4.126,4.13,4.055,148665.0,510180,sh,上证180ETF华安
2021-01-26,4.115,4.03,4.115,4.025,120622.0,510180,sh,上证180ETF华安
2021-01-27,4.018,4.036,4.047,4.0,130831.0,510180,sh,上证180ETF华安
2021-01-28,3.996,3.936,4.003,3.932,129677.0,510180,sh,上证180ETF华安
2021-01-29,3.956,3.935,3.985,3.88,141829.0,510180,sh,上证180ETF华安
2021-02-01,3.935,3.954,3.957,3.905,113304.0,510180,sh,上证180ETF华安
2021-02-02,3.957,4.003,4.003,3.939,113031.0,510180,sh,上证180ETF华安
2021-02-03,3.998,3.985,4.011,3.966,133299.0,510180,sh,上证180ETF华安
2021-02-04,3.984,3.988,4.014,3.936,145303.0,510180,sh,上证180ETF华安
2021-02-05,4.003,4.007,4.049,3.992,147158.0,510180,sh,上证180ETF华安
2021-02-08,4.009,4.074,4.085,4.007,208110.0,510180,sh,上证180ETF华安
2021-02-09,4.076,4.161,4.163,4.051,142736.0,510180,sh,上证180ETF华安
2021-02-10,4.19,4.24,4.251,4.156,120297.0,510180,sh,上证180ETF华安
2021-02-18,4.305,4.239,4.333,4.215,133053.0,510180,sh,上证180ETF华安
2021-02-19,4.23,4.249,4.26,4.167,140448.0,510180,sh,上证180ETF华安
2021-02-22,4.243,4.13,4.257,4.125,167383.0,510180,sh,上证180ETF华安
2021-02-23,4.106,4.127,4.172,4.093,150409.0,510180,sh,上证180ETF华安
2021-02-24,4.13,4.013,4.139,3.965,175839.0,510180,sh,上证180ETF华安
2021-02-25,4.025,4.052,4.089,4.021,164013.0,510180,sh,上证180ETF华安
2021-02-26,4.008,3.955,4.008,3.939,166929.0,510180,sh,上证180ETF华安
2021-03-01,3.952,3.991,3.996,3.933,134259.0,510180,sh,上证180ETF华安
2021-03-02,3.99,3.922,4.013,3.885,119360.0,510180,sh,上证180ETF华安
2021-03-03,3.913,4.033,4.037,3.909,136238.0,510180,sh,上证180ETF华安
2021-03-04,4.002,3.911,4.002,3.873,146497.0,510180,sh,上证180ETF华安
2021-03-05,3.872,3.891,3.924,3.827,114784.0,510180,sh,上证180ETF华安
2021-03-08,3.914,3.757,3.954,3.753,152811.0,510180,sh,上证180ETF华安
2021-03-09,3.734,3.692,3.779,3.653,164925.0,510180,sh,上证180ETF华安
2021-03-10,3.716,3.709,3.75,3.699,104517.0,510180,sh,上证180ETF华安
2021-03-11,3.716,3.815,3.815,3.716,163188.0,510180,sh,上证180ETF华安
2021-03-12,3.82,3.82,3.833,3.765,154440.0,510180,sh,上证180ETF华安
2021-03-15,3.815,3.752,3.815,3.714,117254.0,510180,sh,上证180ETF华安
2021-03-16,3.753,3.782,3.801,3.734,108179.0,510180,sh,上证180ETF华安
2021-03-17,3.78,3.791,3.806,3.73,125783.0,510180,sh,上证180ETF华安
2021-03-18,3.777,3.801,3.817,3.777,109848.0,510180,sh,上证180ETF华安
2021-03-19,3.78,3.703,3.78,3.68,108379.0,510180,sh,上证180ETF华安
2021-03-22,3.681,3.738,3.755,3.681,106058.0,510180,sh,上证180ETF华安
2021-03-23,3.738,3.713,3.742,3.668,118222.0,510180,sh,上证180ETF华安
2021-03-24,3.703,3.645,3.721,3.635,147666.0,510180,sh,上证180ETF华安
2021-03-25,3.643,3.647,3.667,3.622,150883.0,510180,sh,上证180ETF华安
2021-03-26,3.664,3.719,3.735,3.66,163840.0,510180,sh,上证180ETF华安
2021-03-29,3.724,3.734,3.753,3.691,161233.0,510180,sh,上证180ETF华安
2021-03-30,3.722,3.765,3.771,3.717,175748.0,510180,sh,上证180ETF华安
2021-03-31,3.765,3.729,3.765,3.705,110530.0,510180,sh,上证180ETF华安
2021-04-01,3.731,3.777,3.785,3.731,119137.0,510180,sh,上证180ETF华安
2021-04-02,3.777,3.813,3.82,3.777,127364.0,510180,sh,上证180ETF华安
2021-04-06,3.814,3.786,3.817,3.774,118393.0,510180,sh,上证180ETF华安
2021-04-07,3.781,3.773,3.805,3.732,122454.0,510180,sh,上证180ETF华安
2021-04-08,3.75,3.782,3.798,3.736,148516.0,510180,sh,上证180ETF华安
2021-04-09,3.778,3.725,3.778,3.717,176949.0,510180,sh,上证180ETF华安
2021-04-12,3.725,3.676,3.736,3.664,150173.0,510180,sh,上证180ETF华安
2021-04-13,3.656,3.649,3.701,3.638,147114.0,510180,sh,上证180ETF华安
2021-04-14,3.653,3.672,3.685,3.64,206517.0,510180,sh,上证180ETF华安
2021-04-15,3.666,3.641,3.666,3.602,148402.0,510180,sh,上证180ETF华安
2021-04-16,3.642,3.662,3.673,3.615,130040.0,510180,sh,上证180ETF华安
2021-04-19,3.662,3.75,3.754,3.632,154630.0,510180,sh,上证180ETF华安
2021-04-20,3.73,3.739,3.763,3.713,148486.0,510180,sh,上证180ETF华安
2021-04-21,3.735,3.741,3.75,3.703,131944.0,510180,sh,上证180ETF华安
2021-04-22,3.743,3.727,3.761,3.706,130567.0,510180,sh,上证180ETF华安
2021-04-23,3.711,3.75,3.767,3.711,142845.0,510180,sh,上证180ETF华安
2021-04-26,3.738,3.692,3.789,3.688,154169.0,510180,sh,上证180ETF华安
2021-04-27,3.691,3.701,3.712,3.675,162798.0,510180,sh,上证180ETF华安
2021-04-28,3.693,3.718,3.719,3.67,137617.0,510180,sh,上证180ETF华安
2021-04-29,3.718,3.762,3.765,3.706,144267.0,510180,sh,上证180ETF华安
2021-04-30,3.75,3.72,3.758,3.692,156678.0,510180,sh,上证180ETF华安
2021-05-06,3.715,3.683,3.745,3.671,132586.0,510180,sh,上证180ETF华安
2021-05-07,3.688,3.655,3.718,3.648,142952.0,510180,sh,上证180ETF华安
2021-05-10,3.655,3.652,3.666,3.616,139139.0,510180,sh,上证180ETF华安
2021-05-11,3.637,3.685,3.689,3.601,159044.0,510180,sh,上证180ETF华安
2021-05-12,3.677,3.698,3.699,3.655,140554.0,510180,sh,上证180ETF华安
2021-05-13,3.672,3.651,3.68,3.632,113082.0,510180,sh,上证180ETF华安
2021-05-14,3.656,3.743,3.745,3.644,160329.0,510180,sh,上证180ETF华安
2021-05-17,3.739,3.779,3.803,3.733,161185.0,510180,sh,上证180ETF华安
2021-05-18,3.781,3.785,3.795,3.768,157022.0,510180,sh,上证180ETF华安
2021-05-19,3.781,3.763,3.781,3.747,170141.0,510180,sh,上证180ETF华安
2021-05-20,3.762,3.774,3.785,3.738,147676.0,510180,sh,上证180ETF华安
2021-05-21,3.774,3.729,3.798,3.715,148782.0,510180,sh,上证180ETF华安
2021-05-24,3.726,3.741,3.746,3.692,157037.0,510180,sh,上证180ETF华安
2021-05-25,3.747,3.887,3.897,3.745,206693.0,510180,sh,上证180ETF华安
2021-05-26,3.889,3.897,3.919,3.878,151380.0,510180,sh,上证180ETF华安
2021-05-27,3.884,3.915,3.95,3.871,141645.0,510180,sh,上证180ETF华安
2021-05-28,3.917,3.905,3.939,3.875,184924.0,510180,sh,上证180ETF华安
2021-05-31,3.906,3.914,3.915,3.87,192427.0,510180,sh,上证180ETF华安
2021-06-01,3.914,3.911,3.914,3.854,186624.0,510180,sh,上证180ETF华安
2021-06-02,3.911,3.869,3.918,3.85,189734.0,510180,sh,上证180ETF华安
2021-06-03,3.866,3.853,3.894,3.849,168675.0,510180,sh,上证180ETF华安
2021-06-04,3.851,3.865,3.916,3.825,176958.0,510180,sh,上证180ETF华安
2021-06-07,3.866,3.862,3.873,3.84,169879.0,510180,sh,上证180ETF华安
2021-06-08,3.858,3.833,3.904,3.807,198462.0,510180,sh,上证180ETF华安
2021-06-09,3.83,3.848,3.86,3.825,165367.0,510180,sh,上证180ETF华安
2021-06-10,3.85,3.87,3.897,3.833,198482.0,510180,sh,上证180ETF华安
2021-06-11,3.881,3.826,3.881,3.823,160993.0,510180,sh,上证180ETF华安
2021-06-15,3.825,3.777,3.838,3.763,146545.0,510180,sh,上证180ETF华安
2021-06-16,3.775,3.732,3.784,3.725,160113.0,510180,sh,上证180ETF华安
2021-06-17,3.731,3.763,3.771,3.731,146180.0,510180,sh,上证180ETF华安
2021-06-18,3.763,3.742,3.763,3.705,158101.0,510180,sh,上证180ETF华安
2021-06-21,3.739,3.709,3.741,3.69,145020.0,510180,sh,上证180ETF华安
2021-06-22,3.713,3.748,3.752,3.713,157274.0,510180,sh,上证180ETF华安
2021-06-23,3.747,3.757,3.784,3.738,156555.0,510180,sh,上证180ETF华安
2021-06-24,3.755,3.766,3.774,3.742,128783.0,510180,sh,上证180ETF华安
2021-06-25,3.772,3.849,3.858,3.772,168976.0,510180,sh,上证180ETF华安
2021-06-28,3.852,3.828,3.853,3.812,118764.0,510180,sh,上证180ETF华安
2021-06-29,3.816,3.792,3.829,3.779,145670.0,510180,sh,上证180ETF华安
2021-06-30,3.792,3.818,3.819,3.789,136671.0,510180,sh,上证180ETF华安
2021-07-01,3.819,3.816,3.843,3.786,108225.0,510180,sh,上证180ETF华安
2021-07-02,3.805,3.715,3.815,3.705,168673.0,510180,sh,上证180ETF华安
2021-07-05,3.702,3.725,3.734,3.699,149347.0,510180,sh,上证180ETF华安
2021-07-06,3.727,3.72,3.731,3.685,176599.0,510180,sh,上证180ETF华安
2021-07-07,3.721,3.761,3.774,3.702,167903.0,510180,sh,上证180ETF华安
2021-07-08,3.762,3.731,3.766,3.72,146345.0,510180,sh,上证180ETF华安
2021-07-09,3.722,3.709,3.722,3.671,144497.0,510180,sh,上证180ETF华安
2021-07-12,3.721,3.745,3.773,3.711,150356.0,510180,sh,上证180ETF华安
2021-07-13,3.744,3.761,3.775,3.737,135773.0,510180,sh,上证180ETF华安
2021-07-14,3.754,3.709,3.755,3.697,141534.0,510180,sh,上证180ETF华安
2021-07-15,3.707,3.781,3.781,3.693,149768.0,510180,sh,上证180ETF华安
2021-07-16,3.781,3.734,3.782,3.723,143949.0,510180,sh,上证180ETF华安
2021-07-19,3.725,3.752,3.763,3.69,134790.0,510180,sh,上证180ETF华安
2021-07-20,3.728,3.741,3.748,3.698,140641.0,510180,sh,上证180ETF华安
2021-07-21,3.736,3.769,3.783,3.736,168365.0,510180,sh,上证180ETF华安
2021-07-22,3.758,3.779,3.785,3.754,132646.0,510180,sh,上证180ETF华安
2021-07-23,3.777,3.748,3.777,3.736,138589.0,510180,sh,上证180ETF华安
2021-07-26,3.74,3.625,3.74,3.577,194508.0,510180,sh,上证180ETF华安
2021-07-27,3.626,3.502,3.631,3.462,198319.0,510180,sh,上证180ETF华安
2021-07-28,3.482,3.499,3.517,3.439,147025.0,510180,sh,上证180ETF华安
2021-07-29,3.512,3.548,3.561,3.512,165858.0,510180,sh,上证180ETF华安
2021-07-30,3.544,3.51,3.544,3.47,120361.0,510180,sh,上证180ETF华安
2021-08-02,3.5,3.598,3.61,3.459,176452.0,510180,sh,上证180ETF华安
2021-08-03,3.584,3.599,3.621,3.56,158379.0,510180,sh,上证180ETF华安
2021-08-04,3.595,3.618,3.631,3.575,152069.0,510180,sh,上证180ETF华安
2021-08-05,3.618,3.618,3.657,3.571,128784.0,510180,sh,上证180ETF华安
2021-08-06,3.613,3.599,3.617,3.578,115689.0,510180,sh,上证180ETF华安
2021-08-09,3.599,3.649,3.662,3.573,155755.0,510180,sh,上证180ETF华安
2021-08-10,3.649,3.697,3.698,3.607,156369.0,510180,sh,上证180ETF华安
2021-08-11,3.698,3.675,3.708,3.663,152888.0,510180,sh,上证180ETF华安
2021-08-12,3.675,3.66,3.678,3.645,132832.0,510180,sh,上证180ETF华安
2021-08-13,3.651,3.643,3.677,3.622,121337.0,510180,sh,上证180ETF华安
2021-08-16,3.643,3.644,3.678,3.638,136100.0,510180,sh,上证180ETF华安
2021-08-17,3.645,3.572,3.676,3.552,156648.0,510180,sh,上证180ETF华安
2021-08-18,3.574,3.613,3.636,3.554,126866.0,510180,sh,上证180ETF华安
2021-08-19,3.614,3.575,3.615,3.561,150707.0,510180,sh,上证180ETF华安
2021-08-20,3.579,3.508,3.579,3.472,152306.0,510180,sh,上证180ETF华安
2021-08-23,3.515,3.551,3.558,3.507,134775.0,510180,sh,上证180ETF华安
2021-08-24,3.557,3.608,3.63,3.557,200874.0,510180,sh,上证180ETF华安
2021-08-25,3.608,3.623,3.629,3.586,183553.0,510180,sh,上证180ETF华安
2021-08-26,3.621,3.554,3.621,3.547,173785.0,510180,sh,上证180ETF华安
2021-08-27,3.555,3.58,3.61,3.553,190124.0,510180,sh,上证180ETF华安
2021-08-30,3.583,3.572,3.598,3.557,196766.0,510180,sh,上证180ETF华安
2021-08-31,3.563,3.584,3.592,3.528,191257.0,510180,sh,上证180ETF华安
2021-09-01,3.584,3.657,3.683,3.561,246412.0,510180,sh,上证180ETF华安
2021-09-02,3.651,3.669,3.679,3.646,219465.0,510180,sh,上证180ETF华安
2021-09-03,3.67,3.66,3.695,3.648,228637.0,510180,sh,上证180ETF华安
2021-09-06,3.658,3.729,3.73,3.656,246613.0,510180,sh,上证180ETF华安
2021-09-07,3.733,3.763,3.782,3.694,213051.0,510180,sh,上证180ETF华安
2021-09-08,3.764,3.741,3.78,3.727,203557.0,510180,sh,上证180ETF华安
2021-09-09,3.721,3.745,3.75,3.711,199532.0,510180,sh,上证180ETF华安
2021-09-10,3.742,3.79,3.825,3.741,228726.0,510180,sh,上证180ETF华安
2021-09-13,3.787,3.767,3.795,3.742,170063.0,510180,sh,上证180ETF华安
2021-09-14,3.767,3.694,3.771,3.686,180027.0,510180,sh,上证180ETF华安
2021-09-15,3.695,3.65,3.7,3.636,199457.0,510180,sh,上证180ETF华安
2021-09-16,3.645,3.621,3.67,3.615,215386.0,510180,sh,上证180ETF华安
2021-09-17,3.618,3.65,3.651,3.604,191591.0,510180,sh,上证180ETF华安
2021-09-22,3.635,3.628,3.635,3.573,187559.0,510180,sh,上证180ETF华安
2021-09-23,3.639,3.645,3.677,3.637,162256.0,510180,sh,上证180ETF华安
2021-09-24,3.643,3.641,3.678,3.636,241530.0,510180,sh,上证180ETF华安
2021-09-27,3.641,3.649,3.683,3.629,207207.0,510180,sh,上证180ETF华安
2021-09-28,3.652,3.667,3.67,3.626,197237.0,510180,sh,上证180ETF华安
2021-09-29,3.654,3.635,3.654,3.6,289222.0,510180,sh,上证180ETF华安
2021-09-30,3.636,3.632,3.649,3.626,186394.0,510180,sh,上证180ETF华安
2021-10-08,3.642,3.689,3.698,3.642,213501.0,510180,sh,上证180ETF华安
2021-10-11,3.689,3.697,3.739,3.689,178814.0,510180,sh,上证180ETF华安
2021-10-12,3.697,3.66,3.697,3.625,260671.0,510180,sh,上证180ETF华安
2021-10-13,3.662,3.694,3.713,3.645,245038.0,510180,sh,上证180ETF华安
2021-10-14,3.68,3.674,3.701,3.662,209987.0,510180,sh,上证180ETF华安
2021-10-15,3.673,3.696,3.71,3.657,202767.0,510180,sh,上证180ETF华安
2021-10-18,3.696,3.646,3.704,3.625,199105.0,510180,sh,上证180ETF华安
2021-10-19,3.647,3.685,3.693,3.647,187456.0,510180,sh,上证180ETF华安
2021-10-20,3.676,3.676,3.695,3.662,187787.0,510180,sh,上证180ETF华安
2021-10-21,3.676,3.7,3.72,3.676,197459.0,510180,sh,上证180ETF华安
2021-10-22,3.702,3.726,3.754,3.702,193347.0,510180,sh,上证180ETF华安
2021-10-25,3.726,3.747,3.75,3.7,195117.0,510180,sh,上证180ETF华安
2021-10-26,3.746,3.729,3.764,3.722,172922.0,510180,sh,上证180ETF华安
2021-10-27,3.727,3.682,3.727,3.672,175679.0,510180,sh,上证180ETF华安
2021-10-28,3.668,3.67,3.685,3.65,181730.0,510180,sh,上证180ETF华安
2021-10-29,3.668,3.691,3.692,3.66,177518.0,510180,sh,上证180ETF华安
2021-11-01,3.68,3.673,3.686,3.649,160521.0,510180,sh,上证180ETF华安
2021-11-02,3.671,3.629,3.697,3.6,189832.0,510180,sh,上证180ETF华安
2021-11-03,3.627,3.609,3.645,3.595,183174.0,510180,sh,上证180ETF华安
2021-11-04,3.609,3.635,3.646,3.609,192271.0,510180,sh,上证180ETF华安
2021-11-05,3.635,3.619,3.649,3.612,212936.0,510180,sh,上证180ETF华安
2021-11-08,3.619,3.615,3.638,3.597,249126.0,510180,sh,上证180ETF华安
2021-11-09,3.616,3.612,3.638,3.594,178901.0,510180,sh,上证180ETF华安
2021-11-10,3.612,3.588,3.612,3.542,237877.0,510180,sh,上证180ETF华安
2021-11-11,3.585,3.645,3.649,3.578,215977.0,510180,sh,上证180ETF华安
2021-11-12,3.639,3.644,3.659,3.634,199392.0,510180,sh,上证180ETF华安
2021-11-15,3.646,3.638,3.665,3.624,208931.0,510180,sh,上证180ETF华安
2021-11-16,3.638,3.63,3.663,3.623,216430.0,510180,sh,上证180ETF华安
2021-11-17,3.63,3.626,3.639,3.614,187780.0,510180,sh,上证180ETF华安
2021-11-18,3.626,3.594,3.626,3.582,195105.0,510180,sh,上证180ETF华安
2021-11-19,3.594,3.634,3.639,3.589,193236.0,510180,sh,上证180ETF华安
2021-11-22,3.634,3.645,3.655,3.632,196415.0,510180,sh,上证180ETF华安
2021-11-23,3.645,3.654,3.668,3.636,180749.0,510180,sh,上证180ETF华安
2021-11-24,3.655,3.655,3.672,3.642,171888.0,510180,sh,上证180ETF华安
2021-11-25,3.655,3.649,3.664,3.641,179549.0,510180,sh,上证180ETF华安
2021-11-26,3.648,3.62,3.648,3.614,172759.0,510180,sh,上证180ETF华安
2021-11-29,3.605,3.614,3.618,3.585,168927.0,510180,sh,上证180ETF华安
2021-11-30,3.614,3.598,3.633,3.586,178698.0,510180,sh,上证180ETF华安
2021-12-01,3.597,3.617,3.619,3.597,185971.0,510180,sh,上证180ETF华安
2021-12-02,3.616,3.624,3.634,3.605,205566.0,510180,sh,上证180ETF华安
2021-12-03,3.623,3.67,3.67,3.623,206002.0,510180,sh,上证180ETF华安
2021-12-06,3.673,3.663,3.7,3.656,194362.0,510180,sh,上证180ETF华安
2021-12-07,3.673,3.698,3.698,3.666,181416.0,510180,sh,上证180ETF华安
2021-12-08,3.699,3.747,3.748,3.683,193404.0,510180,sh,上证180ETF华安
2021-12-09,3.751,3.802,3.834,3.743,231116.0,510180,sh,上证180ETF华安
2021-12-10,3.802,3.779,3.802,3.775,183955.0,510180,sh,上证180ETF华安
2021-12-13,3.785,3.805,3.873,3.785,206377.0,510180,sh,上证180ETF华安
2021-12-14,3.795,3.774,3.795,3.766,180651.0,510180,sh,上证180ETF华安
2021-12-15,3.774,3.748,3.787,3.745,170585.0,510180,sh,上证180ETF华安
2021-12-16,3.748,3.77,3.77,3.735,182246.0,510180,sh,上证180ETF华安
2021-12-17,3.77,3.712,3.77,3.71,185809.0,510180,sh,上证180ETF华安
2021-12-20,3.706,3.67,3.729,3.663,187907.0,510180,sh,上证180ETF华安
2021-12-21,3.664,3.698,3.699,3.664,164006.0,510180,sh,上证180ETF华安
2021-12-22,3.7,3.684,3.708,3.675,161188.0,510180,sh,上证180ETF华安
2021-12-23,3.688,3.705,3.705,3.67,178041.0,510180,sh,上证180ETF华安
2021-12-24,3.71,3.696,3.725,3.681,176244.0,510180,sh,上证180ETF华安
2021-12-27,3.694,3.687,3.711,3.669,170906.0,510180,sh,上证180ETF华安
2021-12-28,3.689,3.719,3.72,3.684,177320.0,510180,sh,上证180ETF华安
2021-12-29,3.719,3.66,3.719,3.658,192042.0,510180,sh,上证180ETF华安
2021-12-30,3.66,3.683,3.699,3.653,171309.0,510180,sh,上证180ETF华安
2021-12-31,3.683,3.692,3.708,3.683,185161.0,510180,sh,上证180ETF华安
2022-01-04,3.692,3.678,3.698,3.636,202191.0,510180,sh,上证180ETF华安
2022-01-05,3.677,3.648,3.684,3.632,201831.0,510180,sh,上证180ETF华安
2022-01-06,3.641,3.611,3.644,3.588,249123.0,510180,sh,上证180ETF华安
2022-01-07,3.611,3.619,3.641,3.61,195254.0,510180,sh,上证180ETF华安
2022-01-10,3.619,3.631,3.637,3.592,199201.0,510180,sh,上证180ETF华安
2022-01-11,3.626,3.613,3.647,3.599,227296.0,510180,sh,上证180ETF华安
2022-01-12,3.612,3.643,3.652,3.612,210185.0,510180,sh,上证180ETF华安
2022-01-13,3.644,3.59,3.644,3.588,268391.0,510180,sh,上证180ETF华安
2022-01-14,3.585,3.539,3.595,3.537,253096.0,510180,sh,上证180ETF华安
2022-01-17,3.528,3.553,3.565,3.528,208993.0,510180,sh,上证180ETF华安
2022-01-18,3.552,3.599,3.611,3.541,212206.0,510180,sh,上证180ETF华安
2022-01-19,3.595,3.593,3.614,3.574,216326.0,510180,sh,上证180ETF华安
2022-01-20,3.592,3.632,3.653,3.592,233263.0,510180,sh,上证180ETF华安
2022-01-21,3.632,3.604,3.632,3.589,229281.0,510180,sh,上证180ETF华安
2022-01-24,3.603,3.604,3.614,3.573,156667.0,510180,sh,上证180ETF华安
2022-01-25,3.593,3.518,3.594,3.515,208014.0,510180,sh,上证180ETF华安
2022-01-26,3.53,3.549,3.556,3.503,170859.0,510180,sh,上证180ETF华安
2022-01-27,3.552,3.495,3.552,3.482,199294.0,510180,sh,上证180ETF华安
2022-01-28,3.496,3.428,3.515,3.417,260829.0,510180,sh,上证180ETF华安
2022-02-07,3.45,3.497,3.513,3.45,189425.0,510180,sh,上证180ETF华安
2022-02-08,3.499,3.505,3.506,3.436,178770.0,510180,sh,上证180ETF华安
2022-02-09,3.504,3.531,3.542,3.492,185928.0,510180,sh,上证180ETF华安
2022-02-10,3.531,3.536,3.542,3.514,171313.0,510180,sh,上证180ETF华安
2022-02-11,3.539,3.522,3.571,3.516,160698.0,510180,sh,上证180ETF华安
2022-02-14,3.518,3.477,3.518,3.463,185224.0,510180,sh,上证180ETF华安
2022-02-15,3.476,3.508,3.509,3.472,169680.0,510180,sh,上证180ETF华安
2022-02-16,3.516,3.522,3.538,3.508,161427.0,510180,sh,上证180ETF华安
2022-02-17,3.508,3.528,3.546,3.508,153337.0,510180,sh,上证180ETF华安
2022-02-18,3.524,3.551,3.552,3.502,160789.0,510180,sh,上证180ETF华安
2022-02-21,3.545,3.54,3.55,3.519,162511.0,510180,sh,上证180ETF华安
2022-02-22,3.521,3.493,3.523,3.475,175292.0,510180,sh,上证180ETF华安
2022-02-23,3.493,3.528,3.53,3.49,154311.0,510180,sh,上证180ETF华安
2022-02-24,3.513,3.45,3.513,3.423,238884.0,510180,sh,上证180ETF华安
2022-02-25,3.46,3.477,3.513,3.46,181176.0,510180,sh,上证180ETF华安
2022-02-28,3.475,3.481,3.481,3.438,201412.0,510180,sh,上证180ETF华安
2022-03-01,3.498,3.523,3.527,3.491,193716.0,510180,sh,上证180ETF华安
2022-03-02,3.516,3.501,3.516,3.484,158270.0,510180,sh,上证180ETF华安
2022-03-03,3.503,3.487,3.524,3.481,138888.0,510180,sh,上证180ETF华安
2022-03-04,3.476,3.456,3.482,3.443,179236.0,510180,sh,上证180ETF华安
2022-03-07,3.447,3.35,3.447,3.34,174024.0,510180,sh,上证180ETF华安
2022-03-08,3.364,3.306,3.388,3.278,261372.0,510180,sh,上证180ETF华安
2022-03-09,3.315,3.241,3.321,3.142,281819.0,510180,sh,上证180ETF华安
2022-03-10,3.279,3.288,3.331,3.279,201821.0,510180,sh,上证180ETF华安
2022-03-11,3.254,3.296,3.305,3.182,246563.0,510180,sh,上证180ETF华安
2022-03-14,3.26,3.191,3.271,3.191,234391.0,510180,sh,上证180ETF华安
2022-03-15,3.166,3.049,3.175,3.028,253681.0,510180,sh,上证180ETF华安
2022-03-16,3.077,3.15,3.165,2.983,323266.0,510180,sh,上证180ETF华安
2022-03-17,3.184,3.208,3.262,3.178,220586.0,510180,sh,上证180ETF华安
2022-03-18,3.208,3.242,3.256,3.179,231861.0,510180,sh,上证180ETF华安
2022-03-21,3.265,3.235,3.265,3.2,211728.0,510180,sh,上证180ETF华安
2022-03-22,3.23,3.237,3.259,3.219,181617.0,510180,sh,上证180ETF华安
2022-03-23,3.24,3.25,3.263,3.228,180978.0,510180,sh,上证180ETF华安
2022-03-24,3.242,3.23,3.249,3.206,194870.0,510180,sh,上证180ETF华安
2022-03-25,3.221,3.175,3.24,3.17,199349.0,510180,sh,上证180ETF华安
2022-03-28,3.156,3.171,3.186,3.105,192360.0,510180,sh,上证180ETF华安
2022-03-29,3.18,3.158,3.196,3.152,170067.0,510180,sh,上证180ETF华安
2022-03-30,3.164,3.244,3.249,3.164,195136.0,510180,sh,上证180ETF华安
2022-03-31,3.239,3.22,3.24,3.216,171108.0,510180,sh,上证180ETF华安
2022-04-01,3.212,3.265,3.279,3.195,202495.0,510180,sh,上证180ETF华安
2022-04-06,3.259,3.254,3.264,3.226,189739.0,510180,sh,上证180ETF华安
2022-04-07,3.253,3.215,3.274,3.215,189406.0,510180,sh,上证180ETF华安
2022-04-08,3.216,3.242,3.25,3.197,186166.0,510180,sh,上证180ETF华安
2022-04-11,3.233,3.153,3.233,3.135,177354.0,510180,sh,上证180ETF华安
2022-04-12,3.146,3.2,3.205,3.122,194423.0,510180,sh,上证180ETF华安
2022-04-13,3.182,3.182,3.217,3.165,210699.0,510180,sh,上证180ETF华安
2022-04-14,3.198,3.23,3.248,3.196,188701.0,510180,sh,上证180ETF华安
2022-04-15,3.22,3.232,3.244,3.198,199171.0,510180,sh,上证180ETF华安
2022-04-18,3.207,3.195,3.207,3.17,207689.0,510180,sh,上证180ETF华安
2022-04-19,3.195,3.167,3.206,3.149,228587.0,510180,sh,上证180ETF华安
2022-04-20,3.175,3.123,3.175,3.112,233079.0,510180,sh,上证180ETF华安
2022-04-21,3.107,3.076,3.14,3.053,306165.0,510180,sh,上证180ETF华安
2022-04-22,3.063,3.09,3.099,3.035,239691.0,510180,sh,上证180ETF华安
2022-04-25,3.042,2.944,3.062,2.92,266492.0,510180,sh,上证180ETF华安
2022-04-26,2.951,2.899,2.971,2.882,228073.0,510180,sh,上证180ETF华安
2022-04-27,2.903,2.966,2.968,2.883,221649.0,510180,sh,上证180ETF华安
2022-04-28,2.961,2.998,3.012,2.935,232578.0,510180,sh,上证180ETF华安
2022-04-29,3.012,3.061,3.077,2.98,239227.0,510180,sh,上证180ETF华安
2022-05-05,3.068,3.066,3.089,3.061,199250.0,510180,sh,上证180ETF华安
2022-05-06,3.033,2.97,3.033,2.963,184631.0,510180,sh,上证180ETF华安
2022-05-09,2.966,2.955,2.979,2.934,174219.0,510180,sh,上证180ETF华安
2022-05-10,2.924,2.993,3.006,2.901,192262.0,510180,sh,上证180ETF华安
2022-05-11,2.993,3.022,3.064,2.97,222008.0,510180,sh,上证180ETF华安
2022-05-12,3.015,3.011,3.028,2.986,192884.0,510180,sh,上证180ETF华安
2022-05-13,3.016,3.029,3.047,3.01,188158.0,510180,sh,上证180ETF华安
2022-05-16,3.046,3.008,3.052,2.995,191758.0,510180,sh,上证180ETF华安
2022-05-17,3.014,3.047,3.048,3.004,175531.0,510180,sh,上证180ETF华安
2022-05-18,3.048,3.036,3.058,3.005,196794.0,510180,sh,上证180ETF华安
2022-05-19,3.007,3.037,3.045,2.993,203447.0,510180,sh,上证180ETF华安
2022-05-20,3.044,3.107,3.11,3.044,223449.0,510180,sh,上证180ETF华安
2022-05-23,3.111,3.085,3.121,3.066,186293.0,510180,sh,上证180ETF华安
2022-05-24,3.091,3.023,3.096,3.022,208679.0,510180,sh,上证180ETF华安
2022-05-25,3.027,3.039,3.044,3.014,205032.0,510180,sh,上证180ETF华安
2022-05-26,3.045,3.05,3.075,3.009,259886.0,510180,sh,上证180ETF华安
2022-05-27,3.063,3.061,3.096,3.046,234665.0,510180,sh,上证180ETF华安
2022-05-30,3.065,3.081,3.096,3.065,235439.0,510180,sh,上证180ETF华安
2022-05-31,3.086,3.127,3.135,3.068,279971.0,510180,sh,上证180ETF华安
2022-06-01,3.124,3.107,3.124,3.089,223923.0,510180,sh,上证180ETF华安
2022-06-02,3.1,3.112,3.115,3.085,161589.0,510180,sh,上证180ETF华安
2022-06-06,3.119,3.158,3.16,3.085,205525.0,510180,sh,上证180ETF华安
2022-06-07,3.14,3.18,3.189,3.14,238545.0,510180,sh,上证180ETF华安
2022-06-08,3.177,3.211,3.223,3.166,267012.0,510180,sh,上证180ETF华安
2022-06-09,3.201,3.195,3.229,3.18,268765.0,510180,sh,上证180ETF华安
2022-06-10,3.179,3.243,3.245,3.166,200628.0,510180,sh,上证180ETF华安
2022-06-13,3.215,3.192,3.215,3.166,186341.0,510180,sh,上证180ETF华安
2022-06-14,3.158,3.234,3.239,3.14,212411.0,510180,sh,上证180ETF华安
2022-06-15,3.243,3.289,3.35,3.243,286295.0,510180,sh,上证180ETF华安
2022-06-16,3.295,3.254,3.306,3.247,228106.0,510180,sh,上证180ETF华安
2022-06-17,3.225,3.302,3.311,3.225,236332.0,510180,sh,上证180ETF华安
2022-06-20,3.286,3.294,3.325,3.266,242539.0,510180,sh,上证180ETF华安
2022-06-21,3.294,3.295,3.326,3.266,231173.0,510180,sh,上证180ETF华安
2022-06-22,3.295,3.247,3.302,3.244,212293.0,510180,sh,上证180ETF华安
2022-06-23,3.246,3.305,3.309,3.246,206765.0,510180,sh,上证180ETF华安
2022-06-24,3.315,3.351,3.362,3.313,240280.0,510180,sh,上证180ETF华安
2022-06-27,3.364,3.383,3.414,3.363,232177.0,510180,sh,上证180ETF华安
2022-06-28,3.385,3.421,3.43,3.356,194659.0,510180,sh,上证180ETF华安
2022-06-29,3.419,3.381,3.434,3.373,256187.0,510180,sh,上证180ETF华安
2022-06-30,3.4,3.438,3.468,3.395,247948.0,510180,sh,上证180ETF华安
2022-07-01,3.438,3.421,3.447,3.408,159795.0,510180,sh,上证180ETF华安
2022-07-04,3.392,3.434,3.434,3.385,231605.0,510180,sh,上证180ETF华安
2022-07-05,3.439,3.433,3.463,3.394,179830.0,510180,sh,上证180ETF华安
2022-07-06,3.433,3.374,3.433,3.349,238511.0,510180,sh,上证180ETF华安
2022-07-07,3.379,3.37,3.391,3.345,124441.0,510180,sh,上证180ETF华安
2022-07-08,3.379,3.369,3.407,3.364,159297.0,510180,sh,上证180ETF华安
2022-07-11,3.359,3.31,3.359,3.292,192892.0,510180,sh,上证180ETF华安
2022-07-12,3.314,3.294,3.334,3.284,177885.0,510180,sh,上证180ETF华安
2022-07-13,3.296,3.289,3.309,3.275,175084.0,510180,sh,上证180ETF华安
2022-07-14,3.288,3.284,3.308,3.257,188613.0,510180,sh,上证180ETF华安
2022-07-15,3.28,3.231,3.312,3.229,182045.0,510180,sh,上证180ETF华安
2022-07-18,3.242,3.283,3.285,3.213,191234.0,510180,sh,上证180ETF华安
2022-07-19,3.285,3.267,3.285,3.235,202734.0,510180,sh,上证180ETF华安
2022-07-20,3.281,3.285,3.296,3.275,180177.0,510180,sh,上证180ETF华安
2022-07-21,3.272,3.248,3.283,3.244,222011.0,510180,sh,上证180ETF华安
2022-07-22,3.256,3.247,3.277,3.223,215483.0,510180,sh,上证180ETF华安
2022-07-25,3.242,3.225,3.245,3.218,212230.0,510180,sh,上证180ETF华安
2022-07-26,3.235,3.253,3.269,3.234,171287.0,510180,sh,上证180ETF华安
2022-07-27,3.24,3.23,3.245,3.223,177365.0,510180,sh,上证180ETF华安
2022-07-28,3.237,3.23,3.271,3.226,189303.0,510180,sh,上证180ETF华安
2022-07-29,3.236,3.187,3.253,3.176,222982.0,510180,sh,上证180ETF华安
2022-08-01,3.181,3.187,3.195,3.151,185632.0,510180,sh,上证180ETF华安
2022-08-02,3.17,3.117,3.17,3.08,221949.0,510180,sh,上证180ETF华安
2022-08-03,3.124,3.09,3.148,3.083,219570.0,510180,sh,上证180ETF华安
2022-08-04,3.115,3.128,3.131,3.098,206737.0,510180,sh,上证180ETF华安
2022-08-05,3.131,3.171,3.175,3.123,188197.0,510180,sh,上证180ETF华安
2022-08-08,3.16,3.168,3.171,3.152,198490.0,510180,sh,上证180ETF华安
2022-08-09,3.167,3.172,3.178,3.155,181557.0,510180,sh,上证180ETF华安
2022-08-10,3.177,3.137,3.177,3.118,160817.0,510180,sh,上证180ETF华安
2022-08-11,3.139,3.208,3.21,3.137,143267.0,510180,sh,上证180ETF华安
2022-08-12,3.21,3.216,3.225,3.191,196160.0,510180,sh,上证180ETF华安
2022-08-15,3.204,3.206,3.231,3.196,138628.0,510180,sh,上证180ETF华安
2022-08-16,3.2,3.191,3.225,3.186,175646.0,510180,sh,上证180ETF华安
2022-08-17,3.193,3.218,3.223,3.177,265220.0,510180,sh,上证180ETF华安
2022-08-18,3.218,3.187,3.218,3.18,192068.0,510180,sh,上证180ETF华安
2022-08-19,3.188,3.162,3.192,3.161,196961.0,510180,sh,上证180ETF华安
2022-08-22,3.168,3.179,3.192,3.15,183438.0,510180,sh,上证180ETF华安
2022-08-23,3.178,3.157,3.185,3.145,174449.0,510180,sh,上证180ETF华安
2022-08-24,3.164,3.107,3.176,3.099,253508.0,510180,sh,上证180ETF华安
2022-08-25,3.122,3.158,3.163,3.101,277028.0,510180,sh,上证180ETF华安
2022-08-26,3.163,3.156,3.178,3.151,216001.0,510180,sh,上证180ETF华安
2022-08-29,3.136,3.139,3.14,3.113,225114.0,510180,sh,上证180ETF华安
2022-08-30,3.132,3.127,3.145,3.104,176798.0,510180,sh,上证180ETF华安
2022-08-31,3.125,3.148,3.179,3.119,216893.0,510180,sh,上证180ETF华安
2022-09-01,3.145,3.124,3.155,3.121,239121.0,510180,sh,上证180ETF华安
2022-09-02,3.126,3.101,3.134,3.087,219416.0,510180,sh,上证180ETF华安
2022-09-05,3.109,3.089,3.109,3.068,354035.0,510180,sh,上证180ETF华安
2022-09-06,3.093,3.138,3.14,3.093,183897.0,510180,sh,上证180ETF华安
2022-09-07,3.134,3.137,3.142,3.117,147105.0,510180,sh,上证180ETF华安
2022-09-08,3.138,3.13,3.151,3.129,162066.0,510180,sh,上证180ETF华安
2022-09-09,3.131,3.179,3.187,3.13,163616.0,510180,sh,上证180ETF华安
2022-09-13,3.184,3.183,3.203,3.174,169091.0,510180,sh,上证180ETF华安
2022-09-14,3.154,3.15,3.17,3.14,200649.0,510180,sh,上证180ETF华安
2022-09-15,3.161,3.123,3.169,3.109,232111.0,510180,sh,上证180ETF华安
2022-09-16,3.125,3.05,3.134,3.049,386348.0,510180,sh,上证180ETF华安
2022-09-19,3.051,3.046,3.066,3.033,216406.0,510180,sh,上证180ETF华安
2022-09-20,3.046,3.044,3.066,3.032,170170.0,510180,sh,上证180ETF华安
2022-09-21,3.043,3.026,3.044,3.006,223720.0,510180,sh,上证180ETF华安
2022-09-22,3.016,2.999,3.021,2.989,229155.0,510180,sh,上证180ETF华安
2022-09-23,2.999,2.994,3.023,2.976,253584.0,510180,sh,上证180ETF华安
2022-09-26,2.985,2.972,3.02,2.965,246850.0,510180,sh,上证180ETF华安
2022-09-27,2.977,3.006,3.011,2.957,214265.0,510180,sh,上证180ETF华安
2022-09-28,3.007,2.962,3.007,2.953,207408.0,510180,sh,上证180ETF华安
2022-09-29,2.977,2.955,3.0,2.937,256259.0,510180,sh,上证180ETF华安
2022-09-30,2.957,2.947,2.975,2.94,210007.0,510180,sh,上证180ETF华安
2022-10-10,2.951,2.879,2.951,2.867,220388.0,510180,sh,上证180ETF华安
2022-10-11,2.888,2.868,2.888,2.857,308215.0,510180,sh,上证180ETF华安
2022-10-12,2.872,2.901,2.909,2.803,275072.0,510180,sh,上证180ETF华安
2022-10-13,2.868,2.87,2.894,2.866,308760.0,510180,sh,上证180ETF华安
2022-10-14,2.887,2.948,2.962,2.885,355796.0,510180,sh,上证180ETF华安
2022-10-17,2.944,2.947,2.951,2.916,335004.0,510180,sh,上证180ETF华安
2022-10-18,2.955,2.932,2.964,2.923,399788.0,510180,sh,上证180ETF华安
2022-10-19,2.937,2.88,2.94,2.878,191551.0,510180,sh,上证180ETF华安
2022-10-20,2.875,2.874,2.91,2.847,286489.0,510180,sh,上证180ETF华安
2022-10-21,2.883,2.865,2.89,2.848,183805.0,510180,sh,上证180ETF华安
2022-10-24,2.859,2.767,2.881,2.752,191520.0,510180,sh,上证180ETF华安
2022-10-25,2.768,2.773,2.817,2.742,246708.0,510180,sh,上证180ETF华安
2022-10-26,2.781,2.789,2.834,2.775,232357.0,510180,sh,上证180ETF华安
2022-10-27,2.795,2.771,2.823,2.767,215248.0,510180,sh,上证180ETF华安
2022-10-28,2.759,2.702,2.767,2.692,237604.0,510180,sh,上证180ETF华安
2022-10-31,2.694,2.669,2.711,2.657,269982.0,510180,sh,上证180ETF华安
2022-11-01,2.672,2.779,2.781,2.672,295133.0,510180,sh,上证180ETF华安
2022-11-02,2.775,2.807,2.828,2.748,364527.0,510180,sh,上证180ETF华安
2022-11-03,2.778,2.778,2.797,2.761,223612.0,510180,sh,上证180ETF华安
2022-11-04,2.765,2.875,2.891,2.765,247084.0,510180,sh,上证180ETF华安
2022-11-07,2.871,2.879,2.893,2.851,230165.0,510180,sh,上证180ETF华安
2022-11-08,2.878,2.863,2.884,2.843,186266.0,510180,sh,上证180ETF华安
2022-11-09,2.863,2.845,2.873,2.831,251346.0,510180,sh,上证180ETF华安
2022-11-10,2.843,2.833,2.845,2.808,205619.0,510180,sh,上证180ETF华安
2022-11-11,2.921,2.921,2.961,2.881,405588.0,510180,sh,上证180ETF华安
2022-11-14,2.945,2.922,2.974,2.913,333174.0,510180,sh,上证180ETF华安
2022-11-15,2.909,2.987,2.994,2.909,292091.0,510180,sh,上证180ETF华安
2022-11-16,2.982,2.972,2.996,2.964,196003.0,510180,sh,上证180ETF华安
2022-11-17,2.971,2.95,2.971,2.915,195669.0,510180,sh,上证180ETF华安
2022-11-18,2.952,2.937,2.969,2.929,202735.0,510180,sh,上证180ETF华安
2022-11-21,2.922,2.909,2.922,2.87,193703.0,510180,sh,上证180ETF华安
2022-11-22,2.896,2.921,2.952,2.893,232909.0,510180,sh,上证180ETF华安
2022-11-23,2.911,2.934,2.954,2.911,202933.0,510180,sh,上证180ETF华安
2022-11-24,2.939,2.919,2.96,2.914,172697.0,510180,sh,上证180ETF华安
2022-11-25,2.913,2.943,2.954,2.909,148683.0,510180,sh,上证180ETF华安
2022-11-28,2.922,2.901,2.922,2.85,254715.0,510180,sh,上证180ETF华安
2022-11-29,2.905,3.011,3.013,2.905,258366.0,510180,sh,上证180ETF华安
2022-11-30,3.006,3.007,3.024,2.992,207579.0,510180,sh,上证180ETF华安
2022-12-01,3.052,3.039,3.085,3.031,244325.0,510180,sh,上证180ETF华安
2022-12-02,3.037,3.015,3.038,3.006,170966.0,510180,sh,上证180ETF华安
2022-12-05,3.034,3.098,3.101,3.034,299135.0,510180,sh,上证180ETF华安
2022-12-06,3.082,3.097,3.126,3.073,268538.0,510180,sh,上证180ETF华安
2022-12-07,3.097,3.082,3.121,3.069,254998.0,510180,sh,上证180ETF华安
2022-12-08,3.068,3.078,3.09,3.065,218277.0,510180,sh,上证180ETF华安
2022-12-09,3.076,3.109,3.117,3.065,243496.0,510180,sh,上证180ETF华安
2022-12-12,3.108,3.069,3.108,3.066,196855.0,510180,sh,上证180ETF华安
2022-12-13,3.065,3.067,3.082,3.059,162726.0,510180,sh,上证180ETF华安
2022-12-14,3.066,3.075,3.09,3.055,352921.0,510180,sh,上证180ETF华安
2022-12-15,3.079,3.065,3.085,3.048,260441.0,510180,sh,上证180ETF华安
2022-12-16,3.046,3.07,3.078,3.042,267813.0,510180,sh,上证180ETF华安
2022-12-19,3.072,3.007,3.087,2.995,281803.0,510180,sh,上证180ETF华安
2022-12-20,2.996,2.967,3.017,2.947,277734.0,510180,sh,上证180ETF华安
2022-12-21,2.963,2.967,2.984,2.956,216433.0,510180,sh,上证180ETF华安
2022-12-22,2.972,2.968,3.009,2.957,222847.0,510180,sh,上证180ETF华安
2022-12-23,2.949,2.968,2.982,2.943,233911.0,510180,sh,上证180ETF华安
2022-12-26,2.967,2.97,2.981,2.959,184522.0,510180,sh,上证180ETF华安
2022-12-27,2.974,3.008,3.013,2.974,209300.0,510180,sh,上证180ETF华安
2022-12-28,2.988,3.006,3.019,2.988,176691.0,510180,sh,上证180ETF华安
2022-12-29,2.995,2.988,2.999,2.97,220551.0,510180,sh,上证180ETF华安
2022-12-30,2.998,3.014,3.026,2.996,843962.0,510180,sh,上证180ETF华安
2023-01-03,3.008,3.023,3.027,2.969,225806.0,510180,sh,上证180ETF华安
2023-01-04,3.021,3.031,3.038,3.013,172855.0,510180,sh,上证180ETF华安
2023-01-05,3.036,3.084,3.092,3.036,243010.0,510180,sh,上证180ETF华安
2023-01-06,3.084,3.097,3.107,3.082,206570.0,510180,sh,上证180ETF华安
2023-01-09,3.098,3.121,3.131,3.098,264506.0,510180,sh,上证180ETF华安
2023-01-10,3.124,3.115,3.132,3.111,238471.0,510180,sh,上证180ETF华安
2023-01-11,3.115,3.117,3.143,3.111,232875.0,510180,sh,上证180ETF华安
2023-01-12,3.125,3.122,3.134,3.11,310716.0,510180,sh,上证180ETF华安
2023-01-13,3.123,3.173,3.174,3.123,300711.0,510180,sh,上证180ETF华安
2023-01-16,3.168,3.224,3.257,3.168,442008.0,510180,sh,上证180ETF华安
2023-01-17,3.202,3.209,3.223,3.196,236694.0,510180,sh,上证180ETF华安
2023-01-18,3.208,3.197,3.221,3.197,219424.0,510180,sh,上证180ETF华安
2023-01-19,3.204,3.213,3.217,3.171,224008.0,510180,sh,上证180ETF华安
2023-01-20,3.215,3.242,3.251,3.215,303765.0,510180,sh,上证180ETF华安
2023-01-30,3.279,3.242,3.312,3.242,620683.0,510180,sh,上证180ETF华安
2023-01-31,3.243,3.205,3.259,3.201,399596.0,510180,sh,上证180ETF华安
2023-02-01,3.207,3.233,3.233,3.183,360790.0,510180,sh,上证180ETF华安
2023-02-02,3.25,3.223,3.25,3.207,254898.0,510180,sh,上证180ETF华安
2023-02-03,3.212,3.182,3.212,3.153,342043.0,510180,sh,上证180ETF华安
2023-02-06,3.159,3.134,3.16,3.115,273016.0,510180,sh,上证180ETF华安
2023-02-07,3.133,3.146,3.156,3.131,328745.0,510180,sh,上证180ETF华安
2023-02-08,3.146,3.14,3.163,3.131,242657.0,510180,sh,上证180ETF华安
2023-02-09,3.136,3.178,3.18,3.125,361930.0,510180,sh,上证180ETF华安
2023-02-10,3.179,3.156,3.179,3.145,215338.0,510180,sh,上证180ETF华安
2023-02-13,3.153,3.18,3.183,3.141,295977.0,510180,sh,上证180ETF华安
2023-02-14,3.184,3.191,3.191,3.171,310411.0,510180,sh,上证180ETF华安
2023-02-15,3.182,3.165,3.203,3.158,317020.0,510180,sh,上证180ETF华安
2023-02-16,3.165,3.151,3.213,3.128,397768.0,510180,sh,上证180ETF华安
2023-02-17,3.154,3.105,3.163,3.103,464768.0,510180,sh,上证180ETF华安
2023-02-20,3.105,3.203,3.209,3.105,578323.0,510180,sh,上证180ETF华安
2023-02-21,3.202,3.218,3.225,3.191,366582.0,510180,sh,上证180ETF华安
2023-02-22,3.207,3.185,3.214,3.179,292483.0,510180,sh,上证180ETF华安
2023-02-23,3.191,3.179,3.205,3.166,269406.0,510180,sh,上证180ETF华安
2023-02-24,3.185,3.144,3.185,3.126,350755.0,510180,sh,上证180ETF华安
2023-02-27,3.136,3.135,3.155,3.122,273322.0,510180,sh,上证180ETF华安
2023-02-28,3.152,3.16,3.162,3.116,248834.0,510180,sh,上证180ETF华安
2023-03-01,3.16,3.207,3.215,3.145,336870.0,510180,sh,上证180ETF华安
2023-03-02,3.199,3.205,3.22,3.195,354689.0,510180,sh,上证180ETF华安
2023-03-03,3.209,3.224,3.228,3.197,840927.0,510180,sh,上证180ETF华安
2023-03-06,3.225,3.193,3.228,3.182,378470.0,510180,sh,上证180ETF华安
2023-03-07,3.193,3.145,3.213,3.143,429889.0,510180,sh,上证180ETF华安
2023-03-08,3.124,3.135,3.144,3.117,337011.0,510180,sh,上证180ETF华安
2023-03-09,3.135,3.121,3.141,3.1,383813.0,510180,sh,上证180ETF华安
2023-03-10,3.097,3.065,3.107,3.062,372425.0,510180,sh,上证180ETF华安
2023-03-13,3.059,3.113,3.115,3.059,311119.0,510180,sh,上证180ETF华安
2023-03-14,3.094,3.091,3.114,3.065,218774.0,510180,sh,上证180ETF华安
2023-03-15,3.11,3.103,3.123,3.095,327705.0,510180,sh,上证180ETF华安
2023-03-16,3.085,3.061,3.098,3.056,401192.0,510180,sh,上证180ETF华安
2023-03-17,3.086,3.086,3.131,3.065,332819.0,510180,sh,上证180ETF华安
2023-03-20,3.095,3.06,3.101,3.056,298342.0,510180,sh,上证180ETF华安
2023-03-21,3.07,3.082,3.095,3.065,316151.0,510180,sh,上证180ETF华安
2023-03-22,3.088,3.097,3.115,3.086,293814.0,510180,sh,上证180ETF华安
2023-03-23,3.085,3.13,3.13,3.083,284153.0,510180,sh,上证180ETF华安
2023-03-24,3.131,3.112,3.131,3.102,341752.0,510180,sh,上证180ETF华安
2023-03-27,3.111,3.084,3.111,3.07,284203.0,510180,sh,上证180ETF华安
2023-03-28,3.085,3.087,3.098,3.08,258368.0,510180,sh,上证180ETF华安
2023-03-29,3.085,3.082,3.099,3.071,315009.0,510180,sh,上证180ETF华安
2023-03-30,3.082,3.11,3.111,3.066,295203.0,510180,sh,上证180ETF华安
2023-03-31,3.113,3.12,3.13,3.11,281814.0,510180,sh,上证180ETF华安
2023-04-03,3.12,3.145,3.147,3.118,241872.0,510180,sh,上证180ETF华安
2023-04-04,3.145,3.163,3.166,3.13,263790.0,510180,sh,上证180ETF华安
2023-04-06,3.146,3.159,3.166,3.146,268587.0,510180,sh,上证180ETF华安
2023-04-07,3.162,3.18,3.187,3.156,244127.0,510180,sh,上证180ETF华安
2023-04-10,3.185,3.166,3.188,3.164,211196.0,510180,sh,上证180ETF华安
2023-04-11,3.166,3.156,3.177,3.146,297068.0,510180,sh,上证180ETF华安
2023-04-12,3.156,3.159,3.166,3.151,192286.0,510180,sh,上证180ETF华安
2023-04-13,3.136,3.154,3.166,3.136,212429.0,510180,sh,上证180ETF华安
2023-04-14,3.165,3.176,3.178,3.157,198155.0,510180,sh,上证180ETF华安
2023-04-17,3.175,3.241,3.241,3.175,335548.0,510180,sh,上证180ETF华安
2023-04-18,3.241,3.258,3.259,3.228,266329.0,510180,sh,上证180ETF华安
2023-04-19,3.25,3.231,3.255,3.223,266188.0,510180,sh,上证180ETF华安
2023-04-20,3.218,3.217,3.233,3.197,367511.0,510180,sh,上证180ETF华安
2023-04-21,3.224,3.148,3.224,3.143,332410.0,510180,sh,上证180ETF华安
2023-04-24,3.136,3.11,3.149,3.093,404843.0,510180,sh,上证180ETF华安
2023-04-25,3.109,3.105,3.121,3.069,374954.0,510180,sh,上证180ETF华安
2023-04-26,3.105,3.092,3.105,3.075,416029.0,510180,sh,上证180ETF华安
2023-04-27,3.084,3.127,3.134,3.084,229883.0,510180,sh,上证180ETF华安
2023-04-28,3.126,3.166,3.168,3.126,296266.0,510180,sh,上证180ETF华安
2023-05-04,3.165,3.181,3.185,3.135,279929.0,510180,sh,上证180ETF华安
2023-05-05,3.188,3.173,3.209,3.161,283478.0,510180,sh,上证180ETF华安
2023-05-08,3.175,3.241,3.249,3.175,352347.0,510180,sh,上证180ETF华安
2023-05-09,3.251,3.205,3.268,3.203,326978.0,510180,sh,上证180ETF华安
2023-05-10,3.203,3.159,3.203,3.149,311484.0,510180,sh,上证180ETF华安
2023-05-11,3.159,3.143,3.175,3.139,215031.0,510180,sh,上证180ETF华安
2023-05-12,3.144,3.092,3.149,3.09,632731.0,510180,sh,上证180ETF华安
2023-05-15,3.091,3.145,3.15,3.076,385134.0,510180,sh,上证180ETF华安
2023-05-16,3.147,3.133,3.158,3.123,345084.0,510180,sh,上证180ETF华安
2023-05-17,3.118,3.109,3.14,3.098,371458.0,510180,sh,上证180ETF华安
2023-05-18,3.127,3.113,3.134,3.097,389119.0,510180,sh,上证180ETF华安
2023-05-19,3.1,3.096,3.12,3.08,332345.0,510180,sh,上证180ETF华安
2023-05-22,3.115,3.118,3.137,3.087,384652.0,510180,sh,上证180ETF华安
2023-05-23,3.122,3.06,3.122,3.06,379658.0,510180,sh,上证180ETF华安
2023-05-24,3.059,3.007,3.059,3.006,352099.0,510180,sh,上证180ETF华安
2023-05-25,3.006,3.0,3.006,2.97,392061.0,510180,sh,上证180ETF华安
2023-05-26,3.01,3.008,3.014,2.971,358620.0,510180,sh,上证180ETF华安
2023-05-29,3.006,2.999,3.023,2.985,355797.0,510180,sh,上证180ETF华安
2023-05-30,2.994,2.992,3.01,2.953,447439.0,510180,sh,上证180ETF华安
2023-05-31,2.993,2.957,2.993,2.944,435482.0,510180,sh,上证180ETF华安
2023-06-01,2.953,2.963,2.993,2.947,399647.0,510180,sh,上证180ETF华安
2023-06-02,2.975,3.008,3.015,2.975,353778.0,510180,sh,上证180ETF华安
2023-06-05,3.011,2.994,3.015,2.983,334352.0,510180,sh,上证180ETF华安
2023-06-06,2.993,2.967,3.027,2.961,356568.0,510180,sh,上证180ETF华安
2023-06-07,2.971,2.961,2.988,2.948,398649.0,510180,sh,上证180ETF华安
2023-06-08,2.965,2.991,3.006,2.945,396996.0,510180,sh,上证180ETF华安
2023-06-09,2.99,3.01,3.012,2.986,283844.0,510180,sh,上证180ETF华安
2023-06-12,3.003,3.001,3.02,2.988,214023.0,510180,sh,上证180ETF华安
2023-06-13,3.001,3.018,3.02,2.991,208772.0,510180,sh,上证180ETF华安
2023-06-14,3.015,3.017,3.046,3.014,276856.0,510180,sh,上证180ETF华安
2023-06-15,3.023,3.059,3.061,3.021,261684.0,510180,sh,上证180ETF华安
2023-06-16,3.063,3.094,3.099,3.063,287571.0,510180,sh,上证180ETF华安
2023-06-19,3.09,3.061,3.09,3.056,165776.0,510180,sh,上证180ETF华安
2023-06-20,3.059,3.051,3.066,3.035,226285.0,510180,sh,上证180ETF华安
2023-06-21,3.046,3.007,3.046,3.005,180790.0,510180,sh,上证180ETF华安
2023-06-26,2.991,2.959,3.005,2.95,266681.0,510180,sh,上证180ETF华安
2023-06-27,2.96,2.984,2.991,2.949,208009.0,510180,sh,上证180ETF华安
2023-06-28,2.979,2.995,2.996,2.963,200302.0,510180,sh,上证180ETF华安
2023-06-29,2.991,2.981,2.993,2.972,130896.0,510180,sh,上证180ETF华安
2023-06-30,2.979,3.0,3.013,2.977,253477.0,510180,sh,上证180ETF华安
2023-07-03,3.007,3.044,3.05,3.007,188521.0,510180,sh,上证180ETF华安
2023-07-04,3.04,3.048,3.049,3.035,129641.0,510180,sh,上证180ETF华安
2023-07-05,3.046,3.027,3.047,3.021,166181.0,510180,sh,上证180ETF华安
2023-07-06,3.026,3.007,3.035,2.997,185345.0,510180,sh,上证180ETF华安
2023-07-07,3.002,3.003,3.013,2.99,153846.0,510180,sh,上证180ETF华安
2023-07-10,3.017,3.008,3.028,3.0,186201.0,510180,sh,上证180ETF华安
2023-07-11,3.011,3.028,3.031,3.01,168475.0,510180,sh,上证180ETF华安
2023-07-12,3.026,3.013,3.039,3.008,207077.0,510180,sh,上证180ETF华安
2023-07-13,3.033,3.068,3.07,3.032,185497.0,510180,sh,上证180ETF华安
2023-07-14,3.069,3.074,3.082,3.068,149124.0,510180,sh,上证180ETF华安
2023-07-17,3.072,3.052,3.072,3.035,159106.0,510180,sh,上证180ETF华安
2023-07-18,3.051,3.042,3.055,3.032,182792.0,510180,sh,上证180ETF华安
2023-07-19,3.041,3.045,3.048,3.027,233309.0,510180,sh,上证180ETF华安
2023-07-20,3.047,3.024,3.067,3.021,230751.0,510180,sh,上证180ETF华安
2023-07-21,3.023,3.031,3.052,3.017,181950.0,510180,sh,上证180ETF华安
2023-07-24,3.023,3.019,3.036,3.009,477007.0,510180,sh,上证180ETF华安
2023-07-25,3.04,3.119,3.125,3.04,497346.0,510180,sh,上证180ETF华安
2023-07-26,3.117,3.118,3.125,3.105,383213.0,510180,sh,上证180ETF华安
2023-07-27,3.118,3.112,3.141,3.107,379194.0,510180,sh,上证180ETF华安
2023-07-28,3.1,3.205,3.217,3.089,474269.0,510180,sh,上证180ETF华安
2023-07-31,3.223,3.216,3.271,3.209,383196.0,510180,sh,上证180ETF华安
2023-08-01,3.214,3.202,3.233,3.196,887590.0,510180,sh,上证180ETF华安
2023-08-02,3.192,3.172,3.213,3.168,843298.0,510180,sh,上证180ETF华安
2023-08-03,3.166,3.207,3.208,3.165,300967.0,510180,sh,上证180ETF华安
2023-08-04,3.223,3.215,3.259,3.212,247968.0,510180,sh,上证180ETF华安
2023-08-07,3.209,3.199,3.209,3.183,280446.0,510180,sh,上证180ETF华安
2023-08-08,3.195,3.185,3.207,3.167,239362.0,510180,sh,上证180ETF华安
2023-08-09,3.18,3.176,3.193,3.17,160900.0,510180,sh,上证180ETF华安
2023-08-10,3.175,3.182,3.186,3.156,210430.0,510180,sh,上证180ETF华安
2023-08-11,3.175,3.1,3.182,3.095,234707.0,510180,sh,上证180ETF华安
2023-08-14,3.085,3.075,3.085,3.046,309014.0,510180,sh,上证180ETF华安
2023-08-15,3.066,3.075,3.09,3.045,327281.0,510180,sh,上证180ETF华安
2023-08-16,3.064,3.052,3.084,3.051,541409.0,510180,sh,上证180ETF华安
2023-08-17,3.049,3.071,3.072,3.027,233334.0,510180,sh,上证180ETF华安
2023-08-18,3.069,3.031,3.081,3.028,227008.0,510180,sh,上证180ETF华安
2023-08-21,3.027,2.982,3.027,2.982,249879.0,510180,sh,上证180ETF华安
2023-08-22,2.987,3.014,3.019,2.964,264387.0,510180,sh,上证180ETF华安
2023-08-23,3.011,2.961,3.011,2.957,257226.0,510180,sh,上证180ETF华安
2023-08-24,2.968,2.978,3.006,2.965,228986.0,510180,sh,上证180ETF华安
2023-08-25,2.969,2.975,2.997,2.958,272068.0,510180,sh,上证180ETF华安
2023-08-28,3.155,3.021,3.165,3.003,348789.0,510180,sh,上证180ETF华安
2023-08-29,3.006,3.041,3.054,3.006,228690.0,510180,sh,上证180ETF华安
2023-08-30,3.039,3.03,3.048,3.023,211018.0,510180,sh,上证180ETF华安
2023-08-31,3.027,3.013,3.036,3.004,205763.0,510180,sh,上证180ETF华安
2023-09-01,3.015,3.032,3.049,3.014,121765.0,510180,sh,上证180ETF华安
2023-09-04,3.045,3.092,3.101,3.045,195462.0,510180,sh,上证180ETF华安
2023-09-05,3.09,3.068,3.09,3.064,146662.0,510180,sh,上证180ETF华安
2023-09-06,3.054,3.068,3.073,3.045,127627.0,510180,sh,上证180ETF华安
2023-09-07,3.065,3.026,3.065,3.022,166128.0,510180,sh,上证180ETF华安
2023-09-08,3.015,3.015,3.025,3.003,108050.0,510180,sh,上证180ETF华安
2023-09-11,3.015,3.036,3.056,3.007,142285.0,510180,sh,上证180ETF华安
2023-09-12,3.031,3.03,3.04,3.025,127194.0,510180,sh,上证180ETF华安
2023-09-13,3.03,3.015,3.04,2.997,235428.0,510180,sh,上证180ETF华安
2023-09-14,3.008,3.021,3.03,3.006,143808.0,510180,sh,上证180ETF华安
2023-09-15,3.031,3.006,3.041,2.995,166033.0,510180,sh,上证180ETF华安
2023-09-18,3.002,3.016,3.022,2.985,163643.0,510180,sh,上证180ETF华安
2023-09-19,3.017,3.018,3.02,3.0,138554.0,510180,sh,上证180ETF华安
2023-09-20,3.017,3.005,3.017,3.002,96632.0,510180,sh,上证180ETF华安
2023-09-21,3.004,2.976,3.01,2.975,169172.0,510180,sh,上证180ETF华安
2023-09-22,2.974,3.039,3.04,2.968,193902.0,510180,sh,上证180ETF华安
2023-09-25,3.038,3.02,3.038,3.011,161914.0,510180,sh,上证180ETF华安
2023-09-26,3.013,3.001,3.023,2.993,126467.0,510180,sh,上证180ETF华安
2023-09-27,3.001,3.011,3.029,2.998,159035.0,510180,sh,上证180ETF华安
2023-09-28,3.009,2.99,3.016,2.989,199612.0,510180,sh,上证180ETF华安
2023-10-09,2.988,2.982,2.988,2.949,124951.0,510180,sh,上证180ETF华安
2023-10-10,2.987,2.95,2.997,2.949,148742.0,510180,sh,上证180ETF华安
2023-10-11,2.953,2.96,2.974,2.95,165353.0,510180,sh,上证180ETF华安
2023-10-12,2.977,2.994,3.002,2.977,179023.0,510180,sh,上证180ETF华安
2023-10-13,2.966,2.963,2.974,2.954,146319.0,510180,sh,上证180ETF华安
2023-10-16,2.963,2.937,2.966,2.923,624095.0,510180,sh,上证180ETF华安
2023-10-17,2.935,2.947,2.952,2.926,222837.0,510180,sh,上证180ETF华安
2023-10-18,2.942,2.929,2.948,2.924,257043.0,510180,sh,上证180ETF华安
2023-10-19,2.923,2.857,2.923,2.846,741980.0,510180,sh,上证180ETF华安
2023-10-20,2.853,2.838,2.856,2.825,410126.0,510180,sh,上证180ETF华安
2023-10-23,2.835,2.797,2.835,2.773,490087.0,510180,sh,上证180ETF华安
2023-10-24,2.805,2.813,2.818,2.78,376840.0,510180,sh,上证180ETF华安
2023-10-25,2.836,2.832,2.856,2.826,257236.0,510180,sh,上证180ETF华安
2023-10-26,2.825,2.839,2.843,2.813,183785.0,510180,sh,上证180ETF华安
2023-10-27,2.825,2.874,2.889,2.825,284921.0,510180,sh,上证180ETF华安
2023-10-30,2.872,2.871,2.881,2.854,578724.0,510180,sh,上证180ETF华安
2023-10-31,2.87,2.868,2.873,2.85,170089.0,510180,sh,上证180ETF华安
2023-11-01,2.885,2.877,2.908,2.864,354309.0,510180,sh,上证180ETF华安
2023-11-02,2.87,2.865,2.902,2.864,153587.0,510180,sh,上证180ETF华安
2023-11-03,2.868,2.885,2.902,2.867,216356.0,510180,sh,上证180ETF华安
2023-11-06,2.901,2.915,2.92,2.896,215153.0,510180,sh,上证180ETF华安
2023-11-07,2.915,2.905,2.915,2.891,151489.0,510180,sh,上证180ETF华安
2023-11-08,2.905,2.892,2.905,2.877,222116.0,510180,sh,上证180ETF华安
2023-11-09,2.889,2.895,2.905,2.884,196670.0,510180,sh,上证180ETF华安
2023-11-10,2.886,2.87,2.886,2.861,193504.0,510180,sh,上证180ETF华安
2023-11-13,2.874,2.868,2.88,2.848,209140.0,510180,sh,上证180ETF华安
2023-11-14,2.861,2.872,2.886,2.856,222979.0,510180,sh,上证180ETF华安
2023-11-15,2.887,2.889,2.905,2.881,244533.0,510180,sh,上证180ETF华安
2023-11-16,2.891,2.863,2.891,2.86,290815.0,510180,sh,上证180ETF华安
2023-11-17,2.851,2.857,2.861,2.834,414322.0,510180,sh,上证180ETF华安
2023-11-20,2.857,2.865,2.875,2.835,296875.0,510180,sh,上证180ETF华安
2023-11-21,2.872,2.874,2.901,2.868,247173.0,510180,sh,上证180ETF华安
2023-11-22,2.869,2.843,2.874,2.843,209618.0,510180,sh,上证180ETF华安
2023-11-23,2.842,2.86,2.863,2.832,191988.0,510180,sh,上证180ETF华安
2023-11-24,2.858,2.839,2.858,2.834,208738.0,510180,sh,上证180ETF华安
2023-11-27,2.833,2.816,2.833,2.793,165879.0,510180,sh,上证180ETF华安
2023-11-28,2.808,2.816,2.818,2.802,193075.0,510180,sh,上证180ETF华安
2023-11-29,2.815,2.796,2.818,2.785,209657.0,510180,sh,上证180ETF华安
2023-11-30,2.794,2.805,2.812,2.788,208478.0,510180,sh,上证180ETF华安
2023-12-01,2.785,2.792,2.802,2.768,249398.0,510180,sh,上证180ETF华安
2023-12-04,2.795,2.774,2.799,2.773,248868.0,510180,sh,上证180ETF华安
2023-12-05,2.768,2.716,2.775,2.708,256464.0,510180,sh,上证180ETF华安
2023-12-06,2.71,2.709,2.731,2.695,232790.0,510180,sh,上证180ETF华安
2023-12-07,2.703,2.704,2.711,2.681,175751.0,510180,sh,上证180ETF华安
2023-12-08,2.714,2.705,2.717,2.697,151304.0,510180,sh,上证180ETF华安
2023-12-11,2.705,2.725,2.736,2.661,204506.0,510180,sh,上证180ETF华安
2023-12-12,2.721,2.739,2.74,2.715,140272.0,510180,sh,上证180ETF华安
2023-12-13,2.733,2.686,2.733,2.683,166392.0,510180,sh,上证180ETF华安
2023-12-14,2.695,2.673,2.712,2.672,174746.0,510180,sh,上证180ETF华安
2023-12-15,2.679,2.663,2.709,2.663,205807.0,510180,sh,上证180ETF华安
2023-12-18,2.663,2.657,2.676,2.637,165867.0,510180,sh,上证180ETF华安
2023-12-19,2.658,2.662,2.676,2.645,193191.0,510180,sh,上证180ETF华安
2023-12-20,2.669,2.636,2.672,2.635,335509.0,510180,sh,上证180ETF华安
2023-12-21,2.635,2.669,2.675,2.628,338705.0,510180,sh,上证180ETF华安
2023-12-22,2.669,2.677,2.694,2.653,293573.0,510180,sh,上证180ETF华安
2023-12-25,2.676,2.681,2.688,2.671,195897.0,510180,sh,上证180ETF华安
2023-12-26,2.678,2.666,2.678,2.656,244524.0,510180,sh,上证180ETF华安
2023-12-27,2.667,2.68,2.682,2.65,289016.0,510180,sh,上证180ETF华安
2023-12-28,2.67,2.75,2.752,2.67,325441.0,510180,sh,上证180ETF华安
2023-12-29,2.747,2.747,2.753,2.734,257294.0,510180,sh,上证180ETF华安
2024-01-02,2.747,2.715,2.749,2.714,216025.0,510180,sh,上证180ETF华安
2024-01-03,2.715,2.72,2.725,2.705,384832.0,510180,sh,上证180ETF华安
2024-01-04,2.707,2.697,2.717,2.674,213798.0,510180,sh,上证180ETF华安
2024-01-05,2.695,2.683,2.718,2.669,204480.0,510180,sh,上证180ETF华安
2024-01-08,2.674,2.64,2.685,2.638,192062.0,510180,sh,上证180ETF华安
2024-01-09,2.643,2.648,2.655,2.632,197265.0,510180,sh,上证180ETF华安
2024-01-10,2.645,2.634,2.666,2.631,210120.0,510180,sh,上证180ETF华安
2024-01-11,2.634,2.646,2.656,2.621,201296.0,510180,sh,上证180ETF华安
2024-01-12,2.642,2.633,2.658,2.627,174969.0,510180,sh,上证180ETF华安
2024-01-15,2.627,2.631,2.659,2.617,144602.0,510180,sh,上证180ETF华安
2024-01-16,2.633,2.649,2.652,2.614,171228.0,510180,sh,上证180ETF华安
2024-01-17,2.642,2.591,2.642,2.586,197778.0,510180,sh,上证180ETF华安
2024-01-18,2.585,2.628,2.645,2.528,298926.0,510180,sh,上证180ETF华安
2024-01-19,2.617,2.63,2.637,2.599,270512.0,510180,sh,上证180ETF华安
2024-01-22,2.618,2.587,2.637,2.555,208190.0,510180,sh,上证180ETF华安
2024-01-23,2.586,2.595,2.61,2.554,259469.0,510180,sh,上证180ETF华安
2024-01-24,2.613,2.64,2.65,2.562,210487.0,510180,sh,上证180ETF华安
2024-01-25,2.641,2.711,2.722,2.635,386082.0,510180,sh,上证180ETF华安
2024-01-26,2.704,2.715,2.727,2.695,222733.0,510180,sh,上证180ETF华安
2024-01-29,2.716,2.698,2.732,2.697,155320.0,510180,sh,上证180ETF华安
2024-01-30,2.691,2.657,2.696,2.647,254072.0,510180,sh,上证180ETF华安
2024-01-31,2.645,2.611,2.653,2.603,296692.0,510180,sh,上证180ETF华安
2024-02-01,2.61,2.623,2.644,2.597,243050.0,510180,sh,上证180ETF华安
2024-02-02,2.623,2.592,2.64,2.517,314438.0,510180,sh,上证180ETF华安
2024-02-05,2.57,2.603,2.625,2.534,473489.0,510180,sh,上证180ETF华安
2024-02-06,2.595,2.697,2.701,2.58,188053.0,510180,sh,上证180ETF华安
2024-02-07,2.7,2.73,2.731,2.682,213989.0,510180,sh,上证180ETF华安
2024-02-08,2.775,2.744,2.775,2.719,197337.0,510180,sh,上证180ETF华安
2024-02-19,2.773,2.776,2.777,2.742,512945.0,510180,sh,上证180ETF华安
2024-02-20,2.774,2.782,2.791,2.759,292796.0,510180,sh,上证180ETF华安
2024-02-21,2.774,2.836,2.874,2.77,216292.0,510180,sh,上证180ETF华安
2024-02-22,2.836,2.86,2.862,2.825,287858.0,510180,sh,上证180ETF华安
2024-02-23,2.86,2.865,2.881,2.853,559257.0,510180,sh,上证180ETF华安
2024-02-26,2.867,2.82,2.867,2.817,227224.0,510180,sh,上证180ETF华安
2024-02-27,2.815,2.853,2.854,2.807,336329.0,510180,sh,上证180ETF华安
2024-02-28,2.853,2.829,2.874,2.824,324280.0,510180,sh,上证180ETF华安
2024-02-29,2.833,2.867,2.868,2.81,370731.0,510180,sh,上证180ETF华安
2024-03-01,2.87,2.88,2.89,2.852,1271985.0,510180,sh,上证180ETF华安
2024-03-04,2.866,2.891,2.893,2.864,287709.0,510180,sh,上证180ETF华安
2024-03-05,2.879,2.916,2.922,2.873,272031.0,510180,sh,上证180ETF华安
2024-03-06,2.913,2.898,2.923,2.711,227457.0,510180,sh,上证180ETF华安
2024-03-07,2.892,2.884,2.922,2.878,222713.0,510180,sh,上证180ETF华安
2024-03-08,2.882,2.896,2.903,2.873,228357.0,510180,sh,上证180ETF华安
2024-03-11,2.899,2.925,2.929,2.889,169719.0,510180,sh,上证180ETF华安
2024-03-12,2.926,2.922,2.938,2.912,211129.0,510180,sh,上证180ETF华安
2024-03-13,2.922,2.901,2.922,2.888,183052.0,510180,sh,上证180ETF华安
2024-03-14,2.89,2.887,2.919,2.873,181061.0,510180,sh,上证180ETF华安
2024-03-15,2.879,2.897,2.903,2.868,240640.0,510180,sh,上证180ETF华安
2024-03-18,2.899,2.921,2.922,2.893,243810.0,510180,sh,上证180ETF华安
2024-03-19,2.923,2.893,2.924,2.892,229457.0,510180,sh,上证180ETF华安
2024-03-20,2.895,2.897,2.908,2.883,191438.0,510180,sh,上证180ETF华安
2024-03-21,2.899,2.904,2.921,2.897,220205.0,510180,sh,上证180ETF华安
2024-03-22,2.902,2.873,2.902,2.848,265960.0,510180,sh,上证180ETF华安
2024-03-25,2.855,2.867,2.892,2.855,254087.0,510180,sh,上证180ETF华安
2024-03-26,2.867,2.874,2.88,2.855,194595.0,510180,sh,上证180ETF华安
2024-03-27,2.872,2.852,2.88,2.851,202707.0,510180,sh,上证180ETF华安
2024-03-28,2.85,2.859,2.885,2.837,273094.0,510180,sh,上证180ETF华安
2024-03-29,2.856,2.871,2.878,2.852,213650.0,510180,sh,上证180ETF华安
2024-04-01,2.879,2.919,2.925,2.879,229489.0,510180,sh,上证180ETF华安
2024-04-02,2.923,2.905,2.923,2.894,224549.0,510180,sh,上证180ETF华安
2024-04-03,2.899,2.897,2.909,2.883,267332.0,510180,sh,上证180ETF华安
2024-04-08,2.894,2.876,2.9,2.866,271915.0,510180,sh,上证180ETF华安
2024-04-09,2.882,2.866,2.882,2.856,232810.0,510180,sh,上证180ETF华安
2024-04-10,2.86,2.85,2.871,2.836,260536.0,510180,sh,上证180ETF华安
2024-04-11,2.84,2.85,2.866,2.833,272062.0,510180,sh,上证180ETF华安
2024-04-12,2.846,2.829,2.865,2.823,247509.0,510180,sh,上证180ETF华安
2024-04-15,2.828,2.893,2.897,2.827,216590.0,510180,sh,上证180ETF华安
2024-04-16,2.897,2.869,2.897,2.854,177939.0,510180,sh,上证180ETF华安
2024-04-17,2.867,2.912,2.914,2.855,196516.0,510180,sh,上证180ETF华安
2024-04-18,2.908,2.916,2.95,2.902,232925.0,510180,sh,上证180ETF华安
2024-04-19,2.916,2.897,2.92,2.89,187368.0,510180,sh,上证180ETF华安
2024-04-22,2.902,2.886,2.92,2.884,128366.0,510180,sh,上证180ETF华安
2024-04-23,2.884,2.864,2.89,2.855,315489.0,510180,sh,上证180ETF华安
2024-04-24,2.864,2.879,2.883,2.857,200637.0,510180,sh,上证180ETF华安
2024-04-25,2.878,2.889,2.9,2.865,186004.0,510180,sh,上证180ETF华安
2024-04-26,2.879,2.934,2.943,2.879,188392.0,510180,sh,上证180ETF华安
2024-04-29,2.939,2.958,2.976,2.929,136993.0,510180,sh,上证180ETF华安
2024-04-30,2.958,2.943,2.966,2.941,148850.0,510180,sh,上证180ETF华安
2024-05-06,2.986,2.984,2.993,2.97,195241.0,510180,sh,上证180ETF华安
2024-05-07,2.989,2.987,2.992,2.97,141273.0,510180,sh,上证180ETF华安
2024-05-08,2.985,2.963,3.008,2.961,174197.0,510180,sh,上证180ETF华安
2024-05-09,2.958,2.991,2.996,2.958,198996.0,510180,sh,上证180ETF华安
2024-05-10,3.004,3.002,3.007,2.976,288615.0,510180,sh,上证180ETF华安
2024-05-13,2.989,3.004,3.011,2.974,237133.0,510180,sh,上证180ETF华安
2024-05-14,3.003,2.995,3.01,2.986,183994.0,510180,sh,上证180ETF华安
2024-05-15,2.988,2.964,2.995,2.96,176286.0,510180,sh,上证180ETF华安
2024-05-16,2.965,2.974,2.988,2.965,150480.0,510180,sh,上证180ETF华安
2024-05-17,2.973,3.008,3.013,2.893,253048.0,510180,sh,上证180ETF华安
2024-05-20,3.008,3.029,3.039,3.008,243937.0,510180,sh,上证180ETF华安
2024-05-21,3.015,3.014,3.023,3.005,138258.0,510180,sh,上证180ETF华安
2024-05-22,3.012,3.022,3.027,3.008,144556.0,510180,sh,上证180ETF华安
2024-05-23,3.014,2.981,3.014,2.974,267890.0,510180,sh,上证180ETF华安
2024-05-24,2.98,2.947,2.987,2.939,146773.0,510180,sh,上证180ETF华安
2024-05-27,2.957,2.984,2.984,2.953,90760.0,510180,sh,上证180ETF华安
2024-05-28,2.982,2.967,2.988,2.961,156987.0,510180,sh,上证180ETF华安
2024-05-29,2.961,2.972,2.993,2.961,131596.0,510180,sh,上证180ETF华安
2024-05-30,2.971,2.949,2.98,2.942,132471.0,510180,sh,上证180ETF华安
2024-05-31,2.951,2.94,2.965,2.936,125469.0,510180,sh,上证180ETF华安
2024-06-03,2.939,2.938,2.952,2.921,128099.0,510180,sh,上证180ETF华安
2024-06-04,2.938,2.963,2.971,2.931,140929.0,510180,sh,上证180ETF华安
2024-06-05,2.965,2.941,2.965,2.94,95912.0,510180,sh,上证180ETF华安
2024-06-06,2.946,2.944,2.972,2.935,139287.0,510180,sh,上证180ETF华安
2024-06-07,2.945,2.937,2.96,2.917,235358.0,510180,sh,上证180ETF华安
2024-06-11,2.935,2.906,2.935,2.892,161062.0,510180,sh,上证180ETF华安
2024-06-12,2.9,2.905,2.908,2.889,82612.0,510180,sh,上证180ETF华安
2024-06-13,2.908,2.89,2.909,2.881,93279.0,510180,sh,上证180ETF华安
2024-06-14,2.891,2.905,2.91,2.875,163834.0,510180,sh,上证180ETF华安
2024-06-17,2.893,2.885,2.894,2.878,112604.0,510180,sh,上证180ETF华安
2024-06-18,2.885,2.895,2.904,2.875,166706.0,510180,sh,上证180ETF华安
2024-06-19,2.893,2.895,2.904,2.888,191871.0,510180,sh,上证180ETF华安
2024-06-20,2.895,2.883,2.905,2.879,125651.0,510180,sh,上证180ETF华安
2024-06-21,2.88,2.879,2.888,2.856,237995.0,510180,sh,上证180ETF华安
2024-06-24,2.866,2.865,2.89,2.854,200917.0,510180,sh,上证180ETF华安
2024-06-25,2.868,2.85,2.872,2.831,205261.0,510180,sh,上证180ETF华安
2024-06-26,2.846,2.867,2.871,2.834,140505.0,510180,sh,上证180ETF华安
2024-06-27,2.864,2.847,2.864,2.837,97199.0,510180,sh,上证180ETF华安
2024-06-28,2.853,2.867,2.883,2.843,147992.0,510180,sh,上证180ETF华安
2024-07-01,2.865,2.887,2.889,2.856,172112.0,510180,sh,上证180ETF华安
2024-07-02,2.877,2.894,2.898,2.877,132267.0,510180,sh,上证180ETF华安
2024-07-03,2.887,2.884,2.892,2.877,134600.0,510180,sh,上证180ETF华安
2024-07-04,2.887,2.872,2.904,2.87,186199.0,510180,sh,上证180ETF华安
2024-07-05,2.865,2.854,2.875,2.827,263711.0,510180,sh,上证180ETF华安
2024-07-08,2.853,2.84,2.859,2.83,199573.0,510180,sh,上证180ETF华安
2024-07-09,2.837,2.875,2.883,2.823,230670.0,510180,sh,上证180ETF华安
2024-07-10,2.878,2.869,2.884,2.864,164324.0,510180,sh,上证180ETF华安
2024-07-11,2.885,2.907,2.908,2.878,204897.0,510180,sh,上证180ETF华安
2024-07-12,2.908,2.916,2.918,2.903,143055.0,510180,sh,上证180ETF华安
2024-07-15,2.905,2.924,2.928,2.903,141361.0,510180,sh,上证180ETF华安
2024-07-16,2.924,2.943,2.943,2.915,135212.0,510180,sh,上证180ETF华安
2024-07-17,2.943,2.952,2.958,2.936,180861.0,510180,sh,上证180ETF华安
2024-07-18,2.95,2.968,2.968,2.929,203271.0,510180,sh,上证180ETF华安
2024-07-19,2.961,2.986,2.995,2.942,187533.0,510180,sh,上证180ETF华安
2024-07-22,2.984,2.962,2.985,2.941,165943.0,510180,sh,上证180ETF华安
2024-07-23,2.949,2.904,2.962,2.902,220049.0,510180,sh,上证180ETF华安
2024-07-24,2.904,2.891,2.915,2.882,182161.0,510180,sh,上证180ETF华安
2024-07-25,2.891,2.868,2.891,2.853,191823.0,510180,sh,上证180ETF华安
2024-07-26,2.859,2.869,2.881,2.852,168100.0,510180,sh,上证180ETF华安
2024-07-29,2.867,2.864,2.878,2.853,192258.0,510180,sh,上证180ETF华安
2024-07-30,2.858,2.845,2.858,2.827,197421.0,510180,sh,上证180ETF华安
2024-07-31,2.845,2.91,2.91,2.837,181798.0,510180,sh,上证180ETF华安
2024-08-01,2.9,2.89,2.913,2.89,135938.0,510180,sh,上证180ETF华安
2024-08-02,2.881,2.864,2.887,2.856,183139.0,510180,sh,上证180ETF华安
2024-08-05,2.853,2.822,2.88,2.821,303005.0,510180,sh,上证180ETF华安
2024-08-06,2.841,2.815,2.85,2.795,178930.0,510180,sh,上证180ETF华安
2024-08-07,2.815,2.817,2.839,2.805,145145.0,510180,sh,上证180ETF华安
2024-08-08,2.811,2.824,2.841,2.802,139097.0,510180,sh,上证180ETF华安
2024-08-09,2.831,2.815,2.843,2.814,152966.0,510180,sh,上证180ETF华安
2024-08-12,2.81,2.814,2.82,2.803,174201.0,510180,sh,上证180ETF华安
2024-08-13,2.809,2.817,2.818,2.793,147306.0,510180,sh,上证180ETF华安
2024-08-14,2.82,2.799,2.821,2.797,116369.0,510180,sh,上证180ETF华安
2024-08-15,2.798,2.838,2.846,2.79,142936.0,510180,sh,上证180ETF华安
2024-08-16,2.838,2.844,2.85,2.83,174525.0,510180,sh,上证180ETF华安
2024-08-19,2.833,2.858,2.874,2.833,136532.0,510180,sh,上证180ETF华安
2024-08-20,2.861,2.836,2.865,2.825,165444.0,510180,sh,上证180ETF华安
2024-08-21,2.835,2.826,2.837,2.813,157921.0,510180,sh,上证180ETF华安
2024-08-22,2.815,2.823,2.838,2.815,180850.0,510180,sh,上证180ETF华安
2024-08-23,2.822,2.84,2.848,2.806,145645.0,510180,sh,上证180ETF华安
2024-08-26,2.838,2.836,2.853,2.82,103136.0,510180,sh,上证180ETF华安
2024-08-27,2.833,2.828,2.836,2.818,112885.0,510180,sh,上证180ETF华安
2024-08-28,2.824,2.807,2.829,2.795,171378.0,510180,sh,上证180ETF华安
2024-08-29,2.796,2.792,2.803,2.785,181972.0,510180,sh,上证180ETF华安
2024-08-30,2.792,2.824,2.844,2.777,263464.0,510180,sh,上证180ETF华安
2024-09-02,2.818,2.757,2.818,2.754,209131.0,510180,sh,上证180ETF华安
2024-09-03,2.755,2.755,2.765,2.748,153414.0,510180,sh,上证180ETF华安
2024-09-04,2.755,2.728,2.755,2.727,107849.0,510180,sh,上证180ETF华安
2024-09-05,2.73,2.734,2.748,2.722,157298.0,510180,sh,上证180ETF华安
2024-09-06,2.731,2.717,2.757,2.715,269436.0,510180,sh,上证180ETF华安
2024-09-09,2.702,2.68,2.713,2.665,191679.0,510180,sh,上证180ETF华安
2024-09-10,2.68,2.679,2.685,2.659,149090.0,510180,sh,上证180ETF华安
2024-09-11,2.677,2.664,2.677,2.652,135088.0,510180,sh,上证180ETF华安
2024-09-12,2.656,2.656,2.678,2.653,137890.0,510180,sh,上证180ETF华安
2024-09-13,2.659,2.649,2.673,2.646,183505.0,510180,sh,上证180ETF华安
2024-09-18,2.652,2.66,2.668,2.636,178301.0,510180,sh,上证180ETF华安
2024-09-19,2.661,2.682,2.698,2.638,203286.0,510180,sh,上证180ETF华安
2024-09-20,2.68,2.691,2.692,2.658,205079.0,510180,sh,上证180ETF华安
2024-09-23,2.682,2.697,2.715,2.682,147086.0,510180,sh,上证180ETF华安
2024-09-24,2.71,2.835,2.837,2.71,360950.0,510180,sh,上证180ETF华安
2024-09-25,2.891,2.88,2.943,2.87,405136.0,510180,sh,上证180ETF华安
2024-09-26,2.883,3.032,3.036,2.877,265183.0,510180,sh,上证180ETF华安
2024-09-27,3.075,3.164,3.165,3.065,185407.0,510180,sh,上证180ETF华安
2024-09-30,3.245,3.415,3.456,3.217,638692.0,510180,sh,上证180ETF华安
2024-10-08,3.8,3.605,3.8,3.51,342664.0,510180,sh,上证180ETF华安
2024-10-09,3.487,3.301,3.564,3.298,440062.0,510180,sh,上证180ETF华安
2024-10-10,3.306,3.393,3.482,3.301,855256.0,510180,sh,上证180ETF华安
2024-10-11,3.39,3.308,3.39,3.266,251314.0,510180,sh,上证180ETF华安
2024-10-14,3.305,3.372,3.387,3.29,309593.0,510180,sh,上证180ETF华安
2024-10-15,3.34,3.273,3.374,3.271,249990.0,510180,sh,上证180ETF华安
2024-10-16,3.241,3.264,3.31,3.235,250036.0,510180,sh,上证180ETF华安
2024-10-17,3.276,3.224,3.314,3.22,238949.0,510180,sh,上证180ETF华安
2024-10-18,3.223,3.344,3.413,3.2,328497.0,510180,sh,上证180ETF华安
2024-10-21,3.347,3.345,3.379,3.314,224921.0,510180,sh,上证180ETF华安
2024-10-22,3.325,3.362,3.375,3.325,97298.0,510180,sh,上证180ETF华安
2024-10-23,3.363,3.38,3.412,3.352,494659.0,510180,sh,上证180ETF华安
2024-10-24,3.375,3.344,3.375,3.325,182781.0,510180,sh,上证180ETF华安
2024-10-25,3.338,3.354,3.385,3.332,177664.0,510180,sh,上证180ETF华安
2024-10-28,3.351,3.363,3.365,3.317,188024.0,510180,sh,上证180ETF华安
2024-10-29,3.363,3.342,3.397,3.334,260408.0,510180,sh,上证180ETF华安
2024-10-30,3.339,3.304,3.344,3.285,123642.0,510180,sh,上证180ETF华安
2024-10-31,3.316,3.305,3.335,3.279,219571.0,510180,sh,上证180ETF华安
2024-11-01,3.29,3.321,3.359,3.29,251807.0,510180,sh,上证180ETF华安
2024-11-04,3.33,3.363,3.364,3.304,179873.0,510180,sh,上证180ETF华安
2024-11-05,3.351,3.448,3.448,3.345,251570.0,510180,sh,上证180ETF华安
2024-11-06,3.45,3.442,3.489,3.414,238267.0,510180,sh,上证180ETF华安
2024-11-07,3.407,3.558,3.559,3.396,356703.0,510180,sh,上证180ETF华安
2024-11-08,3.583,3.518,3.603,3.5,368679.0,510180,sh,上证180ETF华安
2024-11-11,3.499,3.515,3.517,3.447,267288.0,510180,sh,上证180ETF华安
2024-11-12,3.513,3.452,3.55,3.435,246656.0,510180,sh,上证180ETF华安
2024-11-13,3.464,3.476,3.484,3.435,297754.0,510180,sh,上证180ETF华安
2024-11-14,3.476,3.422,3.488,3.418,225059.0,510180,sh,上证180ETF华安
2024-11-15,3.435,3.373,3.472,3.37,196457.0,510180,sh,上证180ETF华安
2024-11-18,3.392,3.379,3.443,3.357,274417.0,510180,sh,上证180ETF华安
2024-11-19,3.384,3.382,3.39,3.322,190012.0,510180,sh,上证180ETF华安
2024-11-20,3.377,3.39,3.403,3.361,174178.0,510180,sh,上证180ETF华安
2024-11-21,3.398,3.395,3.403,3.378,227399.0,510180,sh,上证180ETF华安
2024-11-22,3.403,3.292,3.404,3.286,250569.0,510180,sh,上证180ETF华安
2024-11-25,3.289,3.266,3.304,3.234,237671.0,510180,sh,上证180ETF华安
2024-11-26,3.255,3.265,3.293,3.248,151572.0,510180,sh,上证180ETF华安
2024-11-27,3.267,3.313,3.317,3.247,219792.0,510180,sh,上证180ETF华安
2024-11-28,3.311,3.298,3.32,3.285,218939.0,510180,sh,上证180ETF华安
2024-11-29,3.299,3.331,3.374,3.299,207692.0,510180,sh,上证180ETF华安
2024-12-02,3.332,3.354,3.363,3.319,185815.0,510180,sh,上证180ETF华安
2024-12-03,3.36,3.366,3.378,3.338,123828.0,510180,sh,上证180ETF华安
2024-12-04,3.367,3.352,3.376,3.345,126307.0,510180,sh,上证180ETF华安
2024-12-05,3.345,3.344,3.358,3.335,177829.0,510180,sh,上证180ETF华安
2024-12-06,3.334,3.385,3.405,3.334,358868.0,510180,sh,上证180ETF华安
2024-12-09,3.381,3.381,3.411,3.364,177635.0,510180,sh,上证180ETF华安
2024-12-10,3.546,3.412,3.555,3.405,246712.0,510180,sh,上证180ETF华安
2024-12-11,3.399,3.399,3.417,3.389,169946.0,510180,sh,上证180ETF华安
2024-12-12,3.395,3.433,3.436,3.391,120124.0,510180,sh,上证180ETF华安
2024-12-13,3.415,3.347,3.415,3.346,1102895.0,510180,sh,上证180ETF华安
2024-12-16,3.352,3.336,3.352,3.326,163094.0,510180,sh,上证180ETF华安
2024-12-17,3.334,3.346,3.377,3.334,263821.0,510180,sh,上证180ETF华安
2024-12-18,3.349,3.372,3.38,3.349,198023.0,510180,sh,上证180ETF华安
2024-12-19,3.355,3.37,3.378,3.331,141142.0,510180,sh,上证180ETF华安
2024-12-20,3.37,3.356,3.384,3.347,1102248.0,510180,sh,上证180ETF华安
2024-12-23,3.356,3.363,3.394,3.345,386230.0,510180,sh,上证180ETF华安
2024-12-24,3.363,3.408,3.41,3.363,266329.0,510180,sh,上证180ETF华安
2024-12-25,3.405,3.416,3.431,3.399,146583.0,510180,sh,上证180ETF华安
2024-12-26,3.416,3.412,3.417,3.397,104397.0,510180,sh,上证180ETF华安
2024-12-27,3.405,3.41,3.43,3.398,163943.0,510180,sh,上证180ETF华安
2024-12-30,3.41,3.427,3.432,3.41,209724.0,510180,sh,上证180ETF华安
2024-12-31,3.428,3.37,3.431,3.368,181695.0,510180,sh,上证180ETF华安
2025-01-02,3.376,3.265,3.383,3.239,273526.0,510180,sh,上证180ETF华安
2025-01-03,3.259,3.229,3.275,3.215,181570.0,510180,sh,上证180ETF华安
2025-01-06,3.229,3.217,3.232,3.189,162676.0,510180,sh,上证180ETF华安
2025-01-07,3.217,3.243,3.244,3.202,142856.0,510180,sh,上证180ETF华安
2025-01-08,3.244,3.241,3.264,3.191,146710.0,510180,sh,上证180ETF华安
2025-01-09,3.24,3.23,3.24,3.219,95060.0,510180,sh,上证180ETF华安
2025-01-10,3.229,3.196,3.241,3.196,143460.0,510180,sh,上证180ETF华安
2025-01-13,3.179,3.185,3.197,3.168,138007.0,510180,sh,上证180ETF华安
2025-01-14,3.194,3.262,3.272,3.185,180253.0,510180,sh,上证180ETF华安
2025-01-15,3.262,3.248,3.265,3.239,131197.0,510180,sh,上证180ETF华安
2025-01-16,3.253,3.245,3.286,3.224,136123.0,510180,sh,上证180ETF华安
2025-01-17,3.256,3.25,3.265,3.22,132076.0,510180,sh,上证180ETF华安
2025-01-20,3.258,3.258,3.287,3.25,109456.0,510180,sh,上证180ETF华安
2025-01-21,3.268,3.254,3.271,3.242,140743.0,510180,sh,上证180ETF华安
2025-01-22,3.275,3.222,3.275,3.209,230627.0,510180,sh,上证180ETF华安
2025-01-23,3.253,3.236,3.29,3.231,144683.0,510180,sh,上证180ETF华安
2025-01-24,3.236,3.264,3.273,3.228,222049.0,510180,sh,上证180ETF华安
2025-01-27,3.266,3.255,3.278,3.254,154089.0,510180,sh,上证180ETF华安
2025-02-05,3.268,3.244,3.279,3.232,209165.0,510180,sh,上证180ETF华安
2025-02-06,3.243,3.28,3.288,3.238,160555.0,510180,sh,上证180ETF华安
2025-02-07,3.28,3.325,3.347,3.27,160133.0,510180,sh,上证180ETF华安
2025-02-10,3.33,3.339,3.346,3.32,185216.0,510180,sh,上证180ETF华安
2025-02-11,3.337,3.328,3.341,3.314,108281.0,510180,sh,上证180ETF华安
2025-02-12,3.333,3.349,3.354,3.316,102434.0,510180,sh,上证180ETF华安
2025-02-13,3.349,3.341,3.369,3.339,153827.0,510180,sh,上证180ETF华安
2025-02-14,3.356,3.366,3.368,3.334,135211.0,510180,sh,上证180ETF华安
2025-02-17,3.373,3.369,3.382,3.345,114075.0,510180,sh,上证180ETF华安
2025-02-18,3.368,3.339,3.38,3.328,140471.0,510180,sh,上证180ETF华安
2025-02-19,3.349,3.357,3.368,3.331,92595.0,510180,sh,上证180ETF华安
2025-02-20,3.354,3.34,3.354,3.331,108870.0,510180,sh,上证180ETF华安
2025-02-21,3.342,3.389,3.392,3.339,143998.0,510180,sh,上证180ETF华安
2025-02-24,3.388,3.382,3.403,3.362,195210.0,510180,sh,上证180ETF华安
2025-02-25,3.363,3.346,3.371,3.336,178664.0,510180,sh,上证180ETF华安
2025-02-26,3.346,3.379,3.38,3.346,147990.0,510180,sh,上证180ETF华安
2025-02-27,3.38,3.384,3.387,3.353,113182.0,510180,sh,上证180ETF华安
2025-02-28,3.37,3.324,3.386,3.316,168418.0,510180,sh,上证180ETF华安
2025-03-03,3.32,3.315,3.349,3.301,212012.0,510180,sh,上证180ETF华安
2025-03-04,3.311,3.315,3.321,3.289,182313.0,510180,sh,上证180ETF华安
2025-03-05,3.315,3.33,3.336,3.306,216049.0,510180,sh,上证180ETF华安
2025-03-06,3.335,3.386,3.392,3.335,248911.0,510180,sh,上证180ETF华安
2025-03-07,3.38,3.38,3.4,3.372,169754.0,510180,sh,上证180ETF华安
2025-03-10,3.382,3.371,3.383,3.348,164391.0,510180,sh,上证180ETF华安
2025-03-11,3.36,3.377,3.38,3.333,532657.0,510180,sh,上证180ETF华安
2025-03-12,3.375,3.364,3.388,3.359,158496.0,510180,sh,上证180ETF华安
2025-03-13,3.38,3.348,3.38,3.333,165631.0,510180,sh,上证180ETF华安
2025-03-14,3.353,3.426,3.438,3.353,533533.0,510180,sh,上证180ETF华安
2025-03-17,3.444,3.42,3.444,3.417,112303.0,510180,sh,上证180ETF华安
2025-03-18,3.452,3.429,3.452,3.42,116200.0,510180,sh,上证180ETF华安
2025-03-19,3.428,3.422,3.438,3.41,97328.0,510180,sh,上证180ETF华安
2025-03-20,3.424,3.394,3.425,3.392,115100.0,510180,sh,上证180ETF华安
2025-03-21,3.39,3.34,3.399,3.332,188465.0,510180,sh,上证180ETF华安
2025-03-24,3.344,3.362,3.362,3.338,115937.0,510180,sh,上证180ETF华安
2025-03-25,3.36,3.362,3.367,3.351,85203.0,510180,sh,上证180ETF华安
2025-03-26,3.362,3.351,3.37,3.347,79215.0,510180,sh,上证180ETF华安
2025-03-27,3.351,3.362,3.379,3.334,167643.0,510180,sh,上证180ETF华安
2025-03-28,3.362,3.346,3.362,3.335,149370.0,510180,sh,上证180ETF华安
2025-03-31,3.343,3.317,3.356,3.302,161305.0,510180,sh,上证180ETF华安
2025-04-01,3.322,3.326,3.34,3.319,166184.0,510180,sh,上证180ETF华安
2025-04-02,3.321,3.322,3.335,3.314,132428.0,510180,sh,上证180ETF华安
2025-04-03,3.316,3.307,3.327,3.296,146697.0,510180,sh,上证180ETF华安
2025-04-07,3.264,3.081,3.264,2.978,315883.0,510180,sh,上证180ETF华安
2025-04-08,3.081,3.138,3.146,3.052,169528.0,510180,sh,上证180ETF华安
2025-04-09,3.12,3.191,3.195,3.09,166419.0,510180,sh,上证180ETF华安
2025-04-10,3.208,3.233,3.248,3.208,143859.0,510180,sh,上证180ETF华安
2025-04-11,3.225,3.242,3.254,3.213,95915.0,510180,sh,上证180ETF华安
2025-04-14,3.247,3.258,3.269,3.237,202424.0,510180,sh,上证180ETF华安
2025-04-15,3.257,3.249,3.257,3.233,113567.0,510180,sh,上证180ETF华安
2025-04-16,3.251,3.273,3.283,3.226,231048.0,510180,sh,上证180ETF华安
2025-04-17,3.281,3.273,3.281,3.259,209690.0,510180,sh,上证180ETF华安
2025-04-18,3.261,3.284,3.287,3.257,239166.0,510180,sh,上证180ETF华安
2025-04-21,3.284,3.285,3.292,3.256,150805.0,510180,sh,上证180ETF华安
2025-04-22,3.274,3.288,3.3,3.274,169710.0,510180,sh,上证180ETF华安
2025-04-23,3.297,3.281,3.303,3.274,100148.0,510180,sh,上证180ETF华安
2025-04-24,3.281,3.279,3.295,3.266,56256.0,510180,sh,上证180ETF华安
2025-04-25,3.277,3.274,3.289,3.267,65628.0,510180,sh,上证180ETF华安
2025-04-28,3.278,3.275,3.281,3.261,141226.0,510180,sh,上证180ETF华安
2025-04-29,3.276,3.27,3.28,3.266,81255.0,510180,sh,上证180ETF华安
2025-04-30,3.264,3.268,3.286,3.264,56984.0,510180,sh,上证180ETF华安
2025-05-06,3.28,3.303,3.304,3.278,143110.0,510180,sh,上证180ETF华安
2025-05-07,3.339,3.325,3.356,3.308,88143.0,510180,sh,上证180ETF华安
2025-05-08,3.319,3.333,3.344,3.311,91780.0,510180,sh,上证180ETF华安
2025-05-09,3.333,3.33,3.333,3.32,36757.0,510180,sh,上证180ETF华安
2025-05-12,3.333,3.356,3.362,3.33,90761.0,510180,sh,上证180ETF华安
2025-05-13,3.362,3.362,3.372,3.352,84267.0,510180,sh,上证180ETF华安
2025-05-14,3.351,3.4,3.415,3.351,158902.0,510180,sh,上证180ETF华安
2025-05-15,3.4,3.376,3.401,3.37,90076.0,510180,sh,上证180ETF华安
2025-05-16,3.365,3.357,3.387,3.342,61005.0,510180,sh,上证180ETF华安
2025-05-19,3.358,3.351,3.358,3.339,63884.0,510180,sh,上证180ETF华安
2025-05-20,3.349,3.365,3.376,3.349,43908.0,510180,sh,上证180ETF华安
2025-05-21,3.365,3.379,3.387,3.365,95968.0,510180,sh,上证180ETF华安
2025-05-22,3.366,3.375,3.387,3.366,94414.0,510180,sh,上证180ETF华安
2025-05-23,3.377,3.356,3.394,3.354,143568.0,510180,sh,上证180ETF华安
2025-05-26,3.352,3.338,3.362,3.329,81498.0,510180,sh,上证180ETF华安
2025-05-27,3.333,3.329,3.346,3.317,76674.0,510180,sh,上证180ETF华安
2025-05-28,3.329,3.317,3.329,3.316,102870.0,510180,sh,上证180ETF华安
2025-05-29,3.324,3.337,3.345,3.313,64130.0,510180,sh,上证180ETF华安
2025-05-30,3.33,3.329,3.34,3.311,135515.0,510180,sh,上证180ETF华安
2025-06-03,3.323,3.333,3.343,3.315,75117.0,510180,sh,上证180ETF华安
2025-06-04,3.337,3.342,3.35,3.332,81702.0,510180,sh,上证180ETF华安
2025-06-05,3.341,3.35,3.354,3.336,105560.0,510180,sh,上证180ETF华安
2025-06-06,3.353,3.355,3.363,3.347,100140.0,510180,sh,上证180ETF华安
2025-06-09,3.357,3.361,3.369,3.35,90671.0,510180,sh,上证180ETF华安
2025-06-10,3.356,3.343,3.376,3.336,115779.0,510180,sh,上证180ETF华安
2025-06-11,3.344,3.37,3.383,3.344,91512.0,510180,sh,上证180ETF华安
2025-06-12,3.362,3.373,3.376,3.347,94553.0,510180,sh,上证180ETF华安
2025-06-13,3.386,3.354,3.386,3.348,125129.0,510180,sh,上证180ETF华安
2025-06-16,3.354,3.365,3.367,3.349,71394.0,510180,sh,上证180ETF华安
2025-06-17,3.367,3.357,3.367,3.349,156106.0,510180,sh,上证180ETF华安
2025-06-18,3.352,3.358,3.365,3.339,113023.0,510180,sh,上证180ETF华安
2025-06-19,3.351,3.331,3.354,3.323,78145.0,510180,sh,上证180ETF华安
2025-06-20,3.33,3.339,3.347,3.33,95824.0,510180,sh,上证180ETF华安
2025-06-23,3.333,3.35,3.357,3.322,86591.0,510180,sh,上证180ETF华安
2025-06-24,3.358,3.384,3.394,3.346,429492.0,510180,sh,上证180ETF华安
2025-06-25,3.384,3.429,3.431,3.368,156407.0,510180,sh,上证180ETF华安
2025-06-26,3.418,3.426,3.438,3.418,416814.0,510180,sh,上证180ETF华安
2025-06-27,3.428,3.398,3.442,3.395,129708.0,510180,sh,上证180ETF华安
2025-06-30,3.398,3.427,3.427,3.396,183042.0,510180,sh,上证180ETF华安
2025-07-01,3.426,3.427,3.429,3.413,86191.0,510180,sh,上证180ETF华安
2025-07-02,3.417,3.429,3.44,3.417,81547.0,510180,sh,上证180ETF华安
2025-07-03,3.427,3.441,3.442,3.424,97094.0,510180,sh,上证180ETF华安
2025-07-04,3.444,3.451,3.481,3.431,131745.0,510180,sh,上证180ETF华安
2025-07-07,3.453,3.449,3.456,3.442,100327.0,510180,sh,上证180ETF华安
2025-07-08,3.446,3.476,3.483,3.446,118391.0,510180,sh,上证180ETF华安
2025-07-09,3.476,3.468,3.49,3.468,261152.0,510180,sh,上证180ETF华安
2025-07-10,3.468,3.484,3.506,3.468,119900.0,510180,sh,上证180ETF华安
2025-07-11,3.484,3.495,3.542,3.484,187826.0,510180,sh,上证180ETF华安
2025-07-14,3.505,3.5,3.513,3.497,463199.0,510180,sh,上证180ETF华安
2025-07-15,3.5,3.488,3.513,3.469,117634.0,510180,sh,上证180ETF华安
2025-07-16,3.505,3.486,3.505,3.473,98003.0,510180,sh,上证180ETF华安
2025-07-17,3.485,3.506,3.507,3.484,98383.0,510180,sh,上证180ETF华安
2025-07-18,3.508,3.537,3.539,3.508,115466.0,510180,sh,上证180ETF华安
2025-07-21,3.548,3.569,3.569,3.548,136631.0,510180,sh,上证180ETF华安
2025-07-22,3.561,3.602,3.608,3.558,152482.0,510180,sh,上证180ETF华安
2025-07-23,3.609,3.598,3.637,3.595,153864.0,510180,sh,上证180ETF华安
2025-07-24,3.597,3.632,3.636,3.592,102238.0,510180,sh,上证180ETF华安
2025-07-25,3.634,3.616,3.636,3.605,142378.0,510180,sh,上证180ETF华安
2025-07-28,3.617,3.627,3.632,3.606,168638.0,510180,sh,上证180ETF华安
2025-07-29,3.629,3.645,3.646,3.613,1513931.0,510180,sh,上证180ETF华安
2025-07-30,3.644,3.656,3.684,3.632,143711.0,510180,sh,上证180ETF华安
2025-07-31,3.647,3.595,3.647,3.581,230596.0,510180,sh,上证180ETF华安
2025-08-01,3.589,3.564,3.596,3.554,130406.0,510180,sh,上证180ETF华安
2025-08-04,3.563,3.578,3.58,3.552,148500.0,510180,sh,上证180ETF华安
2025-08-05,3.582,3.607,3.611,3.579,115921.0,510180,sh,上证180ETF华安
2025-08-06,3.608,3.613,3.619,3.6,72799.0,510180,sh,上证180ETF华安
2025-08-07,3.616,3.621,3.629,3.599,121659.0,510180,sh,上证180ETF华安
2025-08-08,3.61,3.617,3.63,3.607,116190.0,510180,sh,上证180ETF华安
2025-08-11,3.62,3.621,3.629,3.606,121187.0,510180,sh,上证180ETF华安
2025-08-12,3.618,3.633,3.643,3.616,204880.0,510180,sh,上证180ETF华安
2025-08-13,3.633,3.66,3.662,3.633,278111.0,510180,sh,上证180ETF华安
2025-08-14,3.66,3.658,3.698,3.654,224850.0,510180,sh,上证180ETF华安
2025-08-15,3.656,3.686,3.69,3.645,122824.0,510180,sh,上证180ETF华安
2025-08-18,3.693,3.701,3.725,3.677,201324.0,510180,sh,上证180ETF华安
2025-08-19,3.703,3.671,3.721,3.666,195627.0,510180,sh,上证180ETF华安
2025-08-20,3.669,3.723,3.724,3.65,203913.0,510180,sh,上证180ETF华安
2025-08-21,3.725,3.745,3.76,3.725,180140.0,510180,sh,上证180ETF华安
2025-08-22,3.746,3.832,3.835,3.746,247391.0,510180,sh,上证180ETF华安
2025-08-25,3.839,3.939,3.94,3.839,194743.0,510180,sh,上证180ETF华安
2025-08-26,3.932,3.911,3.932,3.892,261831.0,510180,sh,上证180ETF华安
2025-08-27,3.911,3.832,3.93,3.826,635352.0,510180,sh,上证180ETF华安
2025-08-28,3.845,3.911,3.912,3.814,387151.0,510180,sh,上证180ETF华安
2025-08-29,3.889,3.947,3.949,3.888,297540.0,510180,sh,上证180ETF华安
2025-09-01,3.974,3.971,3.981,3.936,403943.0,510180,sh,上证180ETF华安
2025-09-02,3.959,3.961,3.997,3.922,125764.0,510180,sh,上证180ETF华安
2025-09-03,3.958,3.915,3.973,3.886,131296.0,510180,sh,上证180ETF华安
2025-09-04,3.891,3.827,3.919,3.8,512059.0,510180,sh,上证180ETF华安
2025-09-05,3.827,3.899,3.903,3.811,272283.0,510180,sh,上证180ETF华安
2025-09-08,3.897,3.903,3.918,3.876,235985.0,510180,sh,上证180ETF华安
2025-09-09,3.878,3.885,3.913,3.844,215625.0,510180,sh,上证180ETF华安
2025-09-10,3.885,3.893,3.91,3.838,231549.0,510180,sh,上证180ETF华安
2025-09-11,3.892,3.968,3.968,3.858,279447.0,510180,sh,上证180ETF华安
2025-09-12,3.967,3.957,3.986,3.95,264222.0,510180,sh,上证180ETF华安
2025-09-15,3.962,3.957,3.981,3.951,310384.0,510180,sh,上证180ETF华安
2025-09-16,3.959,3.948,3.977,3.93,330180.0,510180,sh,上证180ETF华安
2025-09-17,3.946,3.968,3.976,3.931,196539.0,510180,sh,上证180ETF华安
2025-09-18,3.968,3.936,4.0,3.888,413702.0,510180,sh,上证180ETF华安
2025-09-19,3.928,3.928,3.951,3.917,273864.0,510180,sh,上证180ETF华安
2025-09-22,3.924,3.952,3.953,3.913,192551.0,510180,sh,上证180ETF华安
2025-09-23,3.949,3.937,3.971,3.885,442587.0,510180,sh,上证180ETF华安
2025-09-24,3.932,3.963,3.969,3.912,278153.0,510180,sh,上证180ETF华安
2025-09-25,3.959,3.987,4.007,3.959,303362.0,510180,sh,上证180ETF华安
2025-09-26,3.987,3.964,3.996,3.963,164356.0,510180,sh,上证180ETF华安
2025-09-29,3.954,4.013,4.034,3.937,182345.0,510180,sh,上证180ETF华安
2025-09-30,4.009,4.059,4.06,4.009,94381.0,510180,sh,上证180ETF华安
2025-10-09,4.059,4.14,4.143,4.059,246451.0,510180,sh,上证180ETF华安
2025-10-10,4.137,4.058,4.137,4.042,315757.0,510180,sh,上证180ETF华安
2025-10-13,3.973,4.052,4.066,3.956,422143.0,510180,sh,上证180ETF华安
2025-10-14,4.067,4.011,4.095,3.984,433500.0,510180,sh,上证180ETF华安
2025-10-15,4.0,4.052,4.062,3.99,313485.0,510180,sh,上证180ETF华安
2025-10-16,4.054,4.069,4.086,4.039,356154.0,510180,sh,上证180ETF华安
2025-10-17,4.068,3.981,4.072,3.974,527691.0,510180,sh,上证180ETF华安
2025-10-20,3.985,3.986,4.014,3.968,396092.0,510180,sh,上证180ETF华安
2025-10-21,3.988,4.039,4.044,3.986,319474.0,510180,sh,上证180ETF华安
2025-10-22,4.017,4.023,4.037,3.997,266094.0,510180,sh,上证180ETF华安
2025-10-23,4.039,4.036,4.041,3.974,202753.0,510180,sh,上证180ETF华安
2025-10-24,4.034,4.077,4.077,4.034,427155.0,510180,sh,上证180ETF华安
2025-10-27,4.086,4.134,4.138,4.086,424271.0,510180,sh,上证180ETF华安
2025-10-28,4.131,4.106,4.142,4.094,288816.0,510180,sh,上证180ETF华安
2025-10-29,4.101,4.155,4.158,4.098,137773.0,510180,sh,上证180ETF华安
2025-10-30,4.146,4.121,4.163,4.117,215012.0,510180,sh,上证180ETF华安
2025-10-31,4.116,4.067,4.116,4.062,372167.0,510180,sh,上证180ETF华安
2025-11-03,4.07,4.068,4.071,4.024,166732.0,510180,sh,上证180ETF华安
2025-11-04,4.067,4.048,4.075,4.02,348469.0,510180,sh,上证180ETF华安
2025-11-05,4.026,4.041,4.054,3.986,216007.0,510180,sh,上证180ETF华安
2025-11-06,4.041,4.104,4.105,4.041,247505.0,510180,sh,上证180ETF华安
2025-11-07,4.094,4.096,4.114,4.082,163975.0,510180,sh,上证180ETF华安
2025-11-10,4.096,4.108,4.11,4.077,165461.0,510180,sh,上证180ETF华安
2025-11-11,4.112,4.074,4.12,4.065,184276.0,510180,sh,上证180ETF华安
2025-11-12,4.058,4.067,4.09,4.043,113350.0,510180,sh,上证180ETF华安
2025-11-13,4.06,4.112,4.112,4.06,99229.0,510180,sh,上证180ETF华安
2025-11-14,4.105,4.045,4.105,4.041,177601.0,510180,sh,上证180ETF华安
2025-11-17,4.051,4.016,4.054,4.003,147092.0,510180,sh,上证180ETF华安
2025-11-18,4.008,3.999,4.023,3.981,297554.0,510180,sh,上证180ETF华安
2025-11-19,3.997,4.01,4.026,3.99,131863.0,510180,sh,上证180ETF华安
2025-11-20,4.027,3.99,4.03,3.985,117646.0,510180,sh,上证180ETF华安
2025-11-21,3.947,3.897,3.964,3.896,295067.0,510180,sh,上证180ETF华安
2025-11-24,3.899,3.89,3.915,3.872,234297.0,510180,sh,上证180ETF华安
2025-11-25,3.903,3.917,3.936,3.903,283488.0,510180,sh,上证180ETF华安
2025-11-26,3.92,3.93,3.942,3.911,219080.0,510180,sh,上证180ETF华安
2025-11-27,3.93,3.924,3.962,3.92,112930.0,510180,sh,上证180ETF华安
2025-11-28,3.925,3.936,3.939,3.908,77602.0,510180,sh,上证180ETF华安
2025-12-01,3.944,3.977,3.979,3.944,172017.0,510180,sh,上证180ETF华安
2025-12-02,3.944,3.954,3.982,3.944,105067.0,510180,sh,上证180ETF华安
2025-12-03,3.96,3.943,3.967,3.936,134843.0,510180,sh,上证180ETF华安
2025-12-04,3.958,3.952,3.965,3.932,112622.0,510180,sh,上证180ETF华安
2025-12-05,3.95,3.983,3.994,3.945,188983.0,510180,sh,上证180ETF华安
2025-12-08,3.983,4.0,4.018,3.983,505441.0,510180,sh,上证180ETF华安
2025-12-09,4.002,3.98,4.002,3.969,289275.0,510180,sh,上证180ETF华安
2025-12-10,3.975,3.971,3.977,3.941,222721.0,510180,sh,上证180ETF华安
2025-12-11,3.967,3.946,3.986,3.943,156871.0,510180,sh,上证180ETF华安
2025-12-12,3.949,3.975,3.975,3.933,279960.0,510180,sh,上证180ETF华安
2025-12-15,3.959,3.955,3.989,3.949,181493.0,510180,sh,上证180ETF华安
2025-12-16,3.946,3.907,3.954,3.89,325493.0,510180,sh,上证180ETF华安
2025-12-17,3.905,3.957,3.974,3.897,311346.0,510180,sh,上证180ETF华安
2025-12-18,3.946,3.951,3.969,3.94,251319.0,510180,sh,上证180ETF华安
2025-12-19,3.963,3.969,3.989,3.954,200078.0,510180,sh,上证180ETF华安
2025-12-22,3.969,4.003,4.006,3.969,212373.0,510180,sh,上证180ETF华安
2025-12-23,4.004,4.003,4.026,3.997,147878.0,510180,sh,上证180ETF华安
2025-12-24,4.003,4.017,4.027,3.99,147326.0,510180,sh,上证180ETF华安
2025-12-25,4.03,4.028,4.037,4.011,145195.0,510180,sh,上证180ETF华安
2025-12-26,4.028,4.046,4.059,4.023,135399.0,510180,sh,上证180ETF华安
2025-12-29,4.043,4.033,4.059,4.021,179563.0,510180,sh,上证180ETF华安
2025-12-30,4.03,4.033,4.049,4.008,108186.0,510180,sh,上证180ETF华安
2025-12-31,4.028,4.027,4.052,4.017,231157.0,510180,sh,上证180ETF华安
2026-01-05,4.029,4.105,4.11,4.029,164169.0,510180,sh,上证180ETF华安
2026-01-06,4.121,4.183,4.185,4.106,500333.0,510180,sh,上证180ETF华安
2026-01-07,4.184,4.185,4.203,4.162,370281.0,510180,sh,上证180ETF华安
2026-01-08,4.17,4.166,4.187,4.147,136500.0,510180,sh,上证180ETF华安
2026-01-09,4.166,4.188,4.206,4.159,177394.0,510180,sh,上证180ETF华安
2026-01-12,4.196,4.213,4.23,4.183,545557.0,510180,sh,上证180ETF华安
2026-01-13,4.222,4.203,4.338,4.185,290245.0,510180,sh,上证180ETF华安
2026-01-14,4.21,4.178,4.248,4.155,358408.0,510180,sh,上证180ETF华安
2026-01-15,4.175,4.162,4.194,4.149,254918.0,510180,sh,上证180ETF华安
2026-01-16,4.161,4.147,4.209,4.143,368258.0,510180,sh,上证180ETF华安
2026-01-19,4.141,4.166,4.186,4.131,246796.0,510180,sh,上证180ETF华安
2026-01-20,4.166,4.18,4.193,4.141,128173.0,510180,sh,上证180ETF华安
2026-01-21,4.161,4.18,4.207,4.161,158176.0,510180,sh,上证180ETF华安
2026-01-22,4.182,4.177,4.215,4.159,238802.0,510180,sh,上证180ETF华安
2026-01-23,4.181,4.157,4.189,4.145,191911.0,510180,sh,上证180ETF华安
2026-01-26,4.151,4.178,4.21,4.151,105213.0,510180,sh,上证180ETF华安
2026-01-27,4.177,4.18,4.196,4.148,63004.0,510180,sh,上证180ETF华安
2026-01-28,4.181,4.201,4.215,4.176,116979.0,510180,sh,上证180ETF华安
2026-01-29,4.206,4.245,4.247,4.17,123177.0,510180,sh,上证180ETF华安
2026-01-30,4.231,4.164,4.239,4.109,241616.0,510180,sh,上证180ETF华安
2026-02-02,4.152,4.046,4.152,4.031,309590.0,510180,sh,上证180ETF华安
2026-02-03,4.041,4.101,4.104,4.028,334722.0,510180,sh,上证180ETF华安
2026-02-04,4.084,4.145,4.146,4.084,135790.0,510180,sh,上证180ETF华安
2026-02-05,4.132,4.118,4.132,4.086,146860.0,510180,sh,上证180ETF华安
2026-02-06,4.104,4.104,4.126,4.061,142843.0,510180,sh,上证180ETF华安
2026-02-09,4.114,4.16,4.162,4.114,115036.0,510180,sh,上证180ETF华安
2026-02-10,4.162,4.174,4.175,4.156,89780.0,510180,sh,上证180ETF华安
2026-02-11,4.171,4.181,4.189,4.165,86690.0,510180,sh,上证180ETF华安
2026-02-12,4.174,4.189,4.194,4.174,83932.0,510180,sh,上证180ETF华安
2026-02-13,4.188,4.143,4.188,4.132,124889.0,510180,sh,上证180ETF华安
2026-02-24,4.151,4.17,4.186,4.151,89466.0,510180,sh,上证180ETF华安
2026-02-25,4.165,4.197,4.224,4.165,102050.0,510180,sh,上证180ETF华安
2026-02-26,4.201,4.18,4.201,4.162,134254.0,510180,sh,上证180ETF华安
2026-02-27,4.171,4.193,4.201,4.163,126851.0,510180,sh,上证180ETF华安
2026-03-02,4.181,4.21,4.215,4.157,97531.0,510180,sh,上证180ETF华安
2026-03-03,4.212,4.141,4.22,4.137,340988.0,510180,sh,上证180ETF华安
2026-03-04,4.13,4.093,4.13,4.072,152242.0,510180,sh,上证180ETF华安
2026-03-05,4.103,4.128,4.145,4.103,221557.0,510180,sh,上证180ETF华安
2026-03-06,4.121,4.133,4.144,4.1,125064.0,510180,sh,上证180ETF华安
2026-03-09,4.119,4.09,4.119,4.046,350226.0,510180,sh,上证180ETF华安
2026-03-10,4.101,4.127,4.13,4.101,199718.0,510180,sh,上证180ETF华安
2026-03-11,4.121,4.141,4.145,4.12,119953.0,510180,sh,上证180ETF华安
2026-03-12,4.137,4.127,4.141,4.098,125586.0,510180,sh,上证180ETF华安
2026-03-13,4.112,4.103,4.136,4.09,207529.0,510180,sh,上证180ETF华安
2026-03-16,4.101,4.084,4.101,4.042,165193.0,510180,sh,上证180ETF华安
2026-03-17,4.081,4.059,4.12,4.056,282244.0,510180,sh,上证180ETF华安
2026-03-18,4.056,4.063,4.085,4.021,294621.0,510180,sh,上证180ETF华安
2026-03-19,4.028,3.989,4.031,3.973,349329.0,510180,sh,上证180ETF华安
2026-03-20,3.987,3.941,4.001,3.935,294236.0,510180,sh,上证180ETF华安
2026-03-23,3.893,3.809,3.904,3.789,185509.0,510180,sh,上证180ETF华安
2026-03-24,3.829,3.868,3.873,3.806,145379.0,510180,sh,上证180ETF华安
2026-03-25,3.879,3.921,3.925,3.879,186249.0,510180,sh,上证180ETF华安
2026-03-26,3.905,3.87,3.925,3.859,121194.0,510180,sh,上证180ETF华安
2026-03-27,3.844,3.886,3.895,3.834,137028.0,510180,sh,上证180ETF华安
2026-03-30,3.87,3.88,3.883,3.837,133174.0,510180,sh,上证180ETF华安
2026-03-31,3.88,3.861,3.916,3.858,189526.0,510180,sh,上证180ETF华安
2026-04-01,3.914,3.925,3.932,3.881,120758.0,510180,sh,上证180ETF华安
2026-04-02,3.927,3.89,3.927,3.872,148989.0,510180,sh,上证180ETF华安
2026-04-03,3.89,3.856,3.902,3.846,101921.0,510180,sh,上证180ETF华安
2026-04-07,3.856,3.854,3.871,3.848,148471.0,510180,sh,上证180ETF华安
2026-04-08,3.89,3.97,3.971,3.889,365445.0,510180,sh,上证180ETF华安
2026-04-09,3.955,3.94,3.955,3.927,101244.0,510180,sh,上证180ETF华安
2026-04-10,3.947,3.974,3.992,3.947,147707.0,510180,sh,上证180ETF华安
2026-04-13,3.964,3.964,3.973,3.949,73186.0,510180,sh,上证180ETF华安
2026-04-14,3.971,4.005,4.006,3.97,141516.0,510180,sh,上证180ETF华安
2026-04-15,4.014,4.005,4.036,4.001,340582.0,510180,sh,上证180ETF华安
2026-04-16,4.009,4.025,4.028,4.005,97059.0,510180,sh,上证180ETF华安
2026-04-17,4.005,3.997,4.013,3.989,150695.0,510180,sh,上证180ETF华安
2026-04-20,4.003,4.025,4.034,3.99,121856.0,510180,sh,上证180ETF华安
2026-04-21,4.025,4.032,4.037,4.006,145437.0,510180,sh,上证180ETF华安
2026-04-22,4.029,4.043,4.045,4.02,96695.0,510180,sh,上证180ETF华安
2026-04-23,4.044,4.043,4.061,4.017,128673.0,510180,sh,上证180ETF华安
2026-04-24,4.04,4.036,4.044,4.009,186660.0,510180,sh,上证180ETF华安
2026-04-27,4.036,4.046,4.055,4.033,153616.0,510180,sh,上证180ETF华安
2026-04-28,4.042,4.053,4.071,4.036,121952.0,510180,sh,上证180ETF华安
2026-04-29,4.052,4.08,4.083,4.037,147026.0,510180,sh,上证180ETF华安
2026-04-30,4.078,4.087,4.095,4.075,204115.0,510180,sh,上证180ETF华安
2026-05-06,4.098,4.158,4.169,4.098,182809.0,510180,sh,上证180ETF华安
2026-05-07,4.159,4.169,4.176,4.151,166672.0,510180,sh,上证180ETF华安
2026-05-08,4.159,4.148,4.159,4.126,154393.0,510180,sh,上证180ETF华安
2026-05-11,4.158,4.217,4.223,4.158,382523.0,510180,sh,上证180ETF华安
2026-05-12,4.217,4.206,4.225,4.193,407589.0,510180,sh,上证180ETF华安
2026-05-13,4.192,4.239,4.241,4.184,441402.0,510180,sh,上证180ETF华安
2026-05-14,4.255,4.158,4.257,4.157,164046.0,510180,sh,上证180ETF华安
2026-05-15,4.169,4.101,4.17,4.085,260641.0,510180,sh,上证180ETF华安
2026-05-18,4.092,4.09,4.113,4.065,257709.0,510180,sh,上证180ETF华安
2026-05-19,4.09,4.125,4.125,4.057,470390.0,510180,sh,上证180ETF华安
2026-05-20,4.097,4.133,4.141,4.097,494181.0,510180,sh,上证180ETF华安
2026-05-21,4.14,4.075,4.188,4.064,683576.0,510180,sh,上证180ETF华安
2026-05-22,4.099,4.099,4.1,4.053,766171.0,510180,sh,上证180ETF华安
2026-05-25,4.099,4.153,4.153,4.099,1460870.0,510180,sh,上证180ETF华安
2026-05-26,4.132,4.177,4.177,4.117,1473387.0,510180,sh,上证180ETF华安
2026-05-27,4.17,4.117,4.18,4.103,1229382.0,510180,sh,上证180ETF华安
2026-05-28,4.117,4.086,4.117,4.052,533047.0,510180,sh,上证180ETF华安
2026-05-29,4.089,4.086,4.12,4.07,570243.0,510180,sh,上证180ETF华安
2026-06-01,4.071,4.052,4.094,4.043,230609.0,510180,sh,上证180ETF华安
2026-06-02,4.051,4.079,4.097,4.032,245824.0,510180,sh,上证180ETF华安
2026-06-03,4.079,4.091,4.117,4.064,531154.0,510180,sh,上证180ETF华安
2026-06-04,4.064,4.059,4.084,4.046,387469.0,510180,sh,上证180ETF华安
2026-06-05,4.035,4.006,4.068,3.991,224837.0,510180,sh,上证180ETF华安
2026-06-08,3.981,3.924,3.988,3.896,207451.0,510180,sh,上证180ETF华安
2026-06-09,3.925,3.971,3.974,3.917,166022.0,510180,sh,上证180ETF华安
2026-06-10,3.955,3.966,3.985,3.94,122097.0,510180,sh,上证180ETF华安
2026-06-11,3.95,3.958,3.96,3.926,124322.0,510180,sh,上证180ETF华安
2026-06-12,3.973,4.009,4.043,3.973,298795.0,510180,sh,上证180ETF华安
2026-06-15,4.03,4.081,4.083,4.03,645712.0,510180,sh,上证180ETF华安
2026-06-16,4.077,4.056,4.1,4.045,514124.0,510180,sh,上证180ETF华安
2026-06-17,4.048,4.093,4.095,4.038,619264.0,510180,sh,上证180ETF华安
2026-06-18,4.073,4.097,4.118,4.066,715005.0,510180,sh,上证180ETF华安
2026-06-22,4.086,4.196,4.203,4.073,463330.0,510180,sh,上证180ETF华安
2026-06-23,4.185,4.087,4.2,4.068,545407.0,510180,sh,上证180ETF华安
2026-06-24,4.076,4.117,4.123,4.075,646355.0,510180,sh,上证180ETF华安
2026-06-25,4.118,4.165,4.177,4.11,683905.0,510180,sh,上证180ETF华安
2026-06-26,4.151,4.076,4.154,4.046,244069.0,510180,sh,上证180ETF华安
2026-06-29,4.081,4.154,4.17,4.067,532313.0,510180,sh,上证180ETF华安
2026-06-30,4.145,4.159,4.163,4.122,386836.0,510180,sh,上证180ETF华安
2026-07-01,4.162,4.156,4.191,4.122,344712.0,510180,sh,上证180ETF华安
2026-07-02,4.123,4.063,4.14,4.043,493556.0,510180,sh,上证180ETF华安
2026-07-03,4.053,4.092,4.124,4.053,611415.0,510180,sh,上证180ETF华安
