date,open,close,high,low,volume,code,market,name
2020-01-02,0.713,0.711,0.716,0.702,750479.0,512400,sh,有色金属ETF南方
2020-01-03,0.713,0.723,0.73,0.707,1474403.0,512400,sh,有色金属ETF南方
2020-01-06,0.73,0.75,0.752,0.73,1458400.0,512400,sh,有色金属ETF南方
2020-01-07,0.742,0.74,0.745,0.733,1154906.0,512400,sh,有色金属ETF南方
2020-01-08,0.75,0.74,0.763,0.735,1301119.0,512400,sh,有色金属ETF南方
2020-01-09,0.732,0.731,0.739,0.726,1043839.0,512400,sh,有色金属ETF南方
2020-01-10,0.729,0.727,0.731,0.72,585452.0,512400,sh,有色金属ETF南方
2020-01-13,0.726,0.733,0.735,0.719,862244.0,512400,sh,有色金属ETF南方
2020-01-14,0.735,0.751,0.76,0.735,1421222.0,512400,sh,有色金属ETF南方
2020-01-15,0.744,0.734,0.747,0.728,728466.0,512400,sh,有色金属ETF南方
2020-01-16,0.73,0.73,0.74,0.726,390057.0,512400,sh,有色金属ETF南方
2020-01-17,0.734,0.728,0.735,0.721,446196.0,512400,sh,有色金属ETF南方
2020-01-20,0.726,0.732,0.733,0.719,638792.0,512400,sh,有色金属ETF南方
2020-01-21,0.733,0.714,0.733,0.709,733960.0,512400,sh,有色金属ETF南方
2020-01-22,0.707,0.719,0.726,0.697,1146212.0,512400,sh,有色金属ETF南方
2020-01-23,0.713,0.697,0.722,0.685,924916.0,512400,sh,有色金属ETF南方
2020-02-03,0.625,0.625,0.646,0.625,362203.0,512400,sh,有色金属ETF南方
2020-02-04,0.623,0.638,0.69,0.619,661707.0,512400,sh,有色金属ETF南方
2020-02-05,0.639,0.657,0.668,0.635,636495.0,512400,sh,有色金属ETF南方
2020-02-06,0.657,0.666,0.667,0.644,688899.0,512400,sh,有色金属ETF南方
2020-02-07,0.657,0.659,0.664,0.647,483705.0,512400,sh,有色金属ETF南方
2020-02-10,0.653,0.69,0.691,0.653,741370.0,512400,sh,有色金属ETF南方
2020-02-11,0.69,0.686,0.698,0.678,725089.0,512400,sh,有色金属ETF南方
2020-02-12,0.682,0.723,0.724,0.681,888418.0,512400,sh,有色金属ETF南方
2020-02-13,0.724,0.722,0.739,0.715,1264545.0,512400,sh,有色金属ETF南方
2020-02-14,0.721,0.74,0.752,0.721,1202678.0,512400,sh,有色金属ETF南方
2020-02-17,0.744,0.756,0.758,0.734,1054382.0,512400,sh,有色金属ETF南方
2020-02-18,0.76,0.759,0.764,0.747,874520.0,512400,sh,有色金属ETF南方
2020-02-19,0.755,0.741,0.755,0.738,1011918.0,512400,sh,有色金属ETF南方
2020-02-20,0.739,0.745,0.745,0.731,766916.0,512400,sh,有色金属ETF南方
2020-02-21,0.747,0.758,0.761,0.746,1211298.0,512400,sh,有色金属ETF南方
2020-02-24,0.761,0.754,0.767,0.737,897482.0,512400,sh,有色金属ETF南方
2020-02-25,0.735,0.759,0.761,0.731,961865.0,512400,sh,有色金属ETF南方
2020-02-26,0.74,0.731,0.75,0.728,870900.0,512400,sh,有色金属ETF南方
2020-02-27,0.732,0.729,0.738,0.724,438341.0,512400,sh,有色金属ETF南方
2020-02-28,0.704,0.68,0.714,0.678,891677.0,512400,sh,有色金属ETF南方
2020-03-02,0.684,0.701,0.704,0.681,473276.0,512400,sh,有色金属ETF南方
2020-03-03,0.717,0.709,0.723,0.703,643973.0,512400,sh,有色金属ETF南方
2020-03-04,0.709,0.72,0.721,0.705,603205.0,512400,sh,有色金属ETF南方
2020-03-05,0.728,0.726,0.728,0.714,986207.0,512400,sh,有色金属ETF南方
2020-03-06,0.721,0.725,0.734,0.718,599173.0,512400,sh,有色金属ETF南方
2020-03-09,0.713,0.687,0.718,0.685,1015040.0,512400,sh,有色金属ETF南方
2020-03-10,0.676,0.697,0.697,0.665,719503.0,512400,sh,有色金属ETF南方
2020-03-11,0.699,0.687,0.699,0.686,389694.0,512400,sh,有色金属ETF南方
2020-03-12,0.678,0.668,0.678,0.661,486985.0,512400,sh,有色金属ETF南方
2020-03-13,0.636,0.654,0.662,0.626,749947.0,512400,sh,有色金属ETF南方
2020-03-16,0.654,0.625,0.66,0.623,571257.0,512400,sh,有色金属ETF南方
2020-03-17,0.627,0.617,0.635,0.601,762577.0,512400,sh,有色金属ETF南方
2020-03-18,0.621,0.605,0.628,0.603,383972.0,512400,sh,有色金属ETF南方
2020-03-19,0.603,0.6,0.605,0.583,874098.0,512400,sh,有色金属ETF南方
2020-03-20,0.603,0.611,0.611,0.592,499114.0,512400,sh,有色金属ETF南方
2020-03-23,0.593,0.584,0.598,0.582,709426.0,512400,sh,有色金属ETF南方
2020-03-24,0.605,0.612,0.613,0.595,843263.0,512400,sh,有色金属ETF南方
2020-03-25,0.631,0.627,0.634,0.621,1117486.0,512400,sh,有色金属ETF南方
2020-03-26,0.621,0.619,0.626,0.613,449982.0,512400,sh,有色金属ETF南方
2020-03-27,0.623,0.614,0.625,0.614,651369.0,512400,sh,有色金属ETF南方
2020-03-30,0.608,0.599,0.608,0.594,381523.0,512400,sh,有色金属ETF南方
2020-03-31,0.602,0.606,0.61,0.598,809849.0,512400,sh,有色金属ETF南方
2020-04-01,0.603,0.617,0.621,0.6,658159.0,512400,sh,有色金属ETF南方
2020-04-02,0.609,0.622,0.622,0.604,993034.0,512400,sh,有色金属ETF南方
2020-04-03,0.62,0.614,0.625,0.613,755171.0,512400,sh,有色金属ETF南方
2020-04-07,0.627,0.637,0.639,0.625,737682.0,512400,sh,有色金属ETF南方
2020-04-08,0.632,0.641,0.647,0.631,566119.0,512400,sh,有色金属ETF南方
2020-04-09,0.644,0.639,0.644,0.635,440797.0,512400,sh,有色金属ETF南方
2020-04-10,0.646,0.627,0.648,0.627,489420.0,512400,sh,有色金属ETF南方
2020-04-13,0.624,0.624,0.628,0.621,283186.0,512400,sh,有色金属ETF南方
2020-04-14,0.629,0.649,0.65,0.629,703209.0,512400,sh,有色金属ETF南方
2020-04-15,0.647,0.643,0.652,0.641,441989.0,512400,sh,有色金属ETF南方
2020-04-16,0.637,0.643,0.645,0.634,299246.0,512400,sh,有色金属ETF南方
2020-04-17,0.646,0.639,0.647,0.637,413073.0,512400,sh,有色金属ETF南方
2020-04-20,0.637,0.64,0.64,0.632,272928.0,512400,sh,有色金属ETF南方
2020-04-21,0.635,0.627,0.636,0.622,390280.0,512400,sh,有色金属ETF南方
2020-04-22,0.62,0.629,0.63,0.62,305753.0,512400,sh,有色金属ETF南方
2020-04-23,0.631,0.63,0.635,0.628,260374.0,512400,sh,有色金属ETF南方
2020-04-24,0.629,0.628,0.635,0.624,261006.0,512400,sh,有色金属ETF南方
2020-04-27,0.623,0.618,0.625,0.617,306517.0,512400,sh,有色金属ETF南方
2020-04-28,0.615,0.607,0.617,0.593,364221.0,512400,sh,有色金属ETF南方
2020-04-29,0.604,0.609,0.614,0.604,439016.0,512400,sh,有色金属ETF南方
2020-04-30,0.613,0.626,0.626,0.611,400723.0,512400,sh,有色金属ETF南方
2020-05-06,0.619,0.643,0.643,0.618,761994.0,512400,sh,有色金属ETF南方
2020-05-07,0.638,0.639,0.643,0.635,375626.0,512400,sh,有色金属ETF南方
2020-05-08,0.644,0.648,0.651,0.637,461695.0,512400,sh,有色金属ETF南方
2020-05-11,0.649,0.638,0.649,0.635,526230.0,512400,sh,有色金属ETF南方
2020-05-12,0.636,0.632,0.637,0.626,445505.0,512400,sh,有色金属ETF南方
2020-05-13,0.628,0.635,0.638,0.627,299057.0,512400,sh,有色金属ETF南方
2020-05-14,0.633,0.632,0.638,0.631,239346.0,512400,sh,有色金属ETF南方
2020-05-15,0.635,0.641,0.643,0.633,411938.0,512400,sh,有色金属ETF南方
2020-05-18,0.646,0.662,0.67,0.643,1332962.0,512400,sh,有色金属ETF南方
2020-05-19,0.661,0.656,0.661,0.652,839714.0,512400,sh,有色金属ETF南方
2020-05-20,0.657,0.653,0.665,0.651,616335.0,512400,sh,有色金属ETF南方
2020-05-21,0.655,0.643,0.656,0.64,495988.0,512400,sh,有色金属ETF南方
2020-05-22,0.639,0.632,0.64,0.625,498288.0,512400,sh,有色金属ETF南方
2020-05-25,0.63,0.625,0.631,0.62,415891.0,512400,sh,有色金属ETF南方
2020-05-26,0.628,0.636,0.637,0.627,469648.0,512400,sh,有色金属ETF南方
2020-05-27,0.634,0.634,0.636,0.628,385708.0,512400,sh,有色金属ETF南方
2020-05-28,0.634,0.645,0.646,0.63,532901.0,512400,sh,有色金属ETF南方
2020-05-29,0.639,0.648,0.649,0.639,342124.0,512400,sh,有色金属ETF南方
2020-06-01,0.649,0.661,0.662,0.646,798103.0,512400,sh,有色金属ETF南方
2020-06-02,0.661,0.66,0.665,0.657,455760.0,512400,sh,有色金属ETF南方
2020-06-03,0.66,0.654,0.66,0.653,422215.0,512400,sh,有色金属ETF南方
2020-06-04,0.652,0.657,0.659,0.652,292486.0,512400,sh,有色金属ETF南方
2020-06-05,0.655,0.656,0.656,0.649,237399.0,512400,sh,有色金属ETF南方
2020-06-08,0.658,0.662,0.667,0.656,483228.0,512400,sh,有色金属ETF南方
2020-06-09,0.664,0.662,0.668,0.659,490566.0,512400,sh,有色金属ETF南方
2020-06-10,0.663,0.657,0.665,0.655,343862.0,512400,sh,有色金属ETF南方
2020-06-11,0.661,0.663,0.667,0.658,638929.0,512400,sh,有色金属ETF南方
2020-06-12,0.65,0.656,0.658,0.646,375978.0,512400,sh,有色金属ETF南方
2020-06-15,0.649,0.647,0.657,0.645,360231.0,512400,sh,有色金属ETF南方
2020-06-16,0.649,0.669,0.67,0.649,676009.0,512400,sh,有色金属ETF南方
2020-06-17,0.668,0.67,0.672,0.662,390548.0,512400,sh,有色金属ETF南方
2020-06-18,0.67,0.674,0.677,0.664,627727.0,512400,sh,有色金属ETF南方
2020-06-19,0.674,0.677,0.679,0.67,435873.0,512400,sh,有色金属ETF南方
2020-06-22,0.683,0.682,0.691,0.68,597693.0,512400,sh,有色金属ETF南方
2020-06-23,0.685,0.684,0.687,0.679,381532.0,512400,sh,有色金属ETF南方
2020-06-24,0.686,0.684,0.689,0.681,423367.0,512400,sh,有色金属ETF南方
2020-06-29,0.681,0.677,0.685,0.673,428623.0,512400,sh,有色金属ETF南方
2020-06-30,0.677,0.683,0.685,0.676,413973.0,512400,sh,有色金属ETF南方
2020-07-01,0.687,0.697,0.699,0.687,596578.0,512400,sh,有色金属ETF南方
2020-07-02,0.699,0.705,0.706,0.689,1874826.0,512400,sh,有色金属ETF南方
2020-07-03,0.715,0.725,0.725,0.709,3573573.0,512400,sh,有色金属ETF南方
2020-07-06,0.75,0.793,0.8,0.725,9092002.0,512400,sh,有色金属ETF南方
2020-07-07,0.826,0.776,0.833,0.766,9198899.0,512400,sh,有色金属ETF南方
2020-07-08,0.777,0.817,0.818,0.767,7067382.0,512400,sh,有色金属ETF南方
2020-07-09,0.834,0.843,0.85,0.81,8543946.0,512400,sh,有色金属ETF南方
2020-07-10,0.827,0.815,0.833,0.811,4910395.0,512400,sh,有色金属ETF南方
2020-07-13,0.82,0.873,0.875,0.82,6786901.0,512400,sh,有色金属ETF南方
2020-07-14,0.857,0.838,0.857,0.821,9054485.0,512400,sh,有色金属ETF南方
2020-07-15,0.846,0.807,0.853,0.8,5315107.0,512400,sh,有色金属ETF南方
2020-07-16,0.81,0.776,0.824,0.77,4861857.0,512400,sh,有色金属ETF南方
2020-07-17,0.775,0.773,0.786,0.76,3391593.0,512400,sh,有色金属ETF南方
2020-07-20,0.781,0.82,0.821,0.777,5839003.0,512400,sh,有色金属ETF南方
2020-07-21,0.827,0.815,0.832,0.806,3831204.0,512400,sh,有色金属ETF南方
2020-07-22,0.845,0.827,0.854,0.822,5983084.0,512400,sh,有色金属ETF南方
2020-07-23,0.826,0.832,0.84,0.811,4715116.0,512400,sh,有色金属ETF南方
2020-07-24,0.828,0.797,0.836,0.791,5284053.0,512400,sh,有色金属ETF南方
2020-07-27,0.806,0.833,0.835,0.801,6770157.0,512400,sh,有色金属ETF南方
2020-07-28,0.857,0.826,0.866,0.821,7419791.0,512400,sh,有色金属ETF南方
2020-07-29,0.825,0.838,0.839,0.812,4088184.0,512400,sh,有色金属ETF南方
2020-07-30,0.839,0.826,0.843,0.823,3370862.0,512400,sh,有色金属ETF南方
2020-07-31,0.824,0.834,0.837,0.815,4160773.0,512400,sh,有色金属ETF南方
2020-08-03,0.835,0.85,0.852,0.825,5116874.0,512400,sh,有色金属ETF南方
2020-08-04,0.857,0.848,0.863,0.845,4888051.0,512400,sh,有色金属ETF南方
2020-08-05,0.857,0.874,0.88,0.844,6500846.0,512400,sh,有色金属ETF南方
2020-08-06,0.88,0.899,0.907,0.875,8296620.0,512400,sh,有色金属ETF南方
2020-08-07,0.906,0.887,0.914,0.87,8783707.0,512400,sh,有色金属ETF南方
2020-08-10,0.868,0.865,0.87,0.847,5182846.0,512400,sh,有色金属ETF南方
2020-08-11,0.86,0.835,0.864,0.827,6225526.0,512400,sh,有色金属ETF南方
2020-08-12,0.805,0.812,0.815,0.786,5992359.0,512400,sh,有色金属ETF南方
2020-08-13,0.814,0.808,0.816,0.805,2248655.0,512400,sh,有色金属ETF南方
2020-08-14,0.811,0.812,0.82,0.802,2225862.0,512400,sh,有色金属ETF南方
2020-08-17,0.812,0.841,0.843,0.806,4104940.0,512400,sh,有色金属ETF南方
2020-08-18,0.85,0.853,0.86,0.846,3566035.0,512400,sh,有色金属ETF南方
2020-08-19,0.857,0.848,0.86,0.843,3443416.0,512400,sh,有色金属ETF南方
2020-08-20,0.83,0.827,0.837,0.826,1903177.0,512400,sh,有色金属ETF南方
2020-08-21,0.83,0.825,0.836,0.82,1207288.0,512400,sh,有色金属ETF南方
2020-08-24,0.825,0.834,0.839,0.818,1441881.0,512400,sh,有色金属ETF南方
2020-08-25,0.835,0.82,0.838,0.815,1943208.0,512400,sh,有色金属ETF南方
2020-08-26,0.816,0.799,0.82,0.795,1655435.0,512400,sh,有色金属ETF南方
2020-08-27,0.805,0.808,0.809,0.798,831975.0,512400,sh,有色金属ETF南方
2020-08-28,0.802,0.82,0.82,0.797,1736871.0,512400,sh,有色金属ETF南方
2020-08-31,0.825,0.832,0.847,0.825,2887344.0,512400,sh,有色金属ETF南方
2020-09-01,0.83,0.846,0.848,0.828,2070580.0,512400,sh,有色金属ETF南方
2020-09-02,0.844,0.827,0.844,0.822,2133623.0,512400,sh,有色金属ETF南方
2020-09-03,0.821,0.815,0.827,0.812,1355412.0,512400,sh,有色金属ETF南方
2020-09-04,0.804,0.812,0.812,0.801,1004358.0,512400,sh,有色金属ETF南方
2020-09-07,0.814,0.805,0.827,0.799,1770690.0,512400,sh,有色金属ETF南方
2020-09-08,0.805,0.809,0.811,0.789,1425350.0,512400,sh,有色金属ETF南方
2020-09-09,0.795,0.784,0.797,0.78,1906843.0,512400,sh,有色金属ETF南方
2020-09-10,0.795,0.781,0.8,0.778,1395790.0,512400,sh,有色金属ETF南方
2020-09-11,0.776,0.783,0.784,0.771,876994.0,512400,sh,有色金属ETF南方
2020-09-14,0.785,0.798,0.804,0.785,1553895.0,512400,sh,有色金属ETF南方
2020-09-15,0.801,0.807,0.808,0.798,1037217.0,512400,sh,有色金属ETF南方
2020-09-16,0.802,0.799,0.805,0.795,740324.0,512400,sh,有色金属ETF南方
2020-09-17,0.796,0.79,0.798,0.785,749344.0,512400,sh,有色金属ETF南方
2020-09-18,0.79,0.813,0.815,0.789,1562918.0,512400,sh,有色金属ETF南方
2020-09-21,0.816,0.808,0.821,0.804,1451944.0,512400,sh,有色金属ETF南方
2020-09-22,0.792,0.785,0.799,0.782,1899487.0,512400,sh,有色金属ETF南方
2020-09-23,0.787,0.782,0.79,0.777,1005501.0,512400,sh,有色金属ETF南方
2020-09-24,0.773,0.75,0.774,0.747,2675894.0,512400,sh,有色金属ETF南方
2020-09-25,0.755,0.751,0.757,0.745,975284.0,512400,sh,有色金属ETF南方
2020-09-28,0.751,0.749,0.753,0.745,843411.0,512400,sh,有色金属ETF南方
2020-09-29,0.753,0.752,0.761,0.752,875918.0,512400,sh,有色金属ETF南方
2020-09-30,0.754,0.746,0.755,0.74,874527.0,512400,sh,有色金属ETF南方
2020-10-09,0.757,0.769,0.774,0.756,1455608.0,512400,sh,有色金属ETF南方
2020-10-12,0.779,0.791,0.792,0.771,2073598.0,512400,sh,有色金属ETF南方
2020-10-13,0.786,0.788,0.79,0.779,1481366.0,512400,sh,有色金属ETF南方
2020-10-14,0.781,0.78,0.783,0.776,912124.0,512400,sh,有色金属ETF南方
2020-10-15,0.777,0.78,0.787,0.777,1030113.0,512400,sh,有色金属ETF南方
2020-10-16,0.783,0.777,0.786,0.772,772040.0,512400,sh,有色金属ETF南方
2020-10-19,0.779,0.782,0.785,0.774,853866.0,512400,sh,有色金属ETF南方
2020-10-20,0.776,0.783,0.783,0.769,1004031.0,512400,sh,有色金属ETF南方
2020-10-21,0.785,0.784,0.79,0.779,1179140.0,512400,sh,有色金属ETF南方
2020-10-22,0.782,0.781,0.783,0.771,613192.0,512400,sh,有色金属ETF南方
2020-10-23,0.778,0.771,0.785,0.77,904693.0,512400,sh,有色金属ETF南方
2020-10-26,0.768,0.769,0.773,0.76,799424.0,512400,sh,有色金属ETF南方
2020-10-27,0.768,0.778,0.778,0.766,681375.0,512400,sh,有色金属ETF南方
2020-10-28,0.777,0.788,0.79,0.773,1179105.0,512400,sh,有色金属ETF南方
2020-10-29,0.774,0.783,0.786,0.77,1051821.0,512400,sh,有色金属ETF南方
2020-10-30,0.78,0.762,0.784,0.761,1227091.0,512400,sh,有色金属ETF南方
2020-11-02,0.761,0.774,0.776,0.761,1125119.0,512400,sh,有色金属ETF南方
2020-11-03,0.779,0.814,0.817,0.779,3210926.0,512400,sh,有色金属ETF南方
2020-11-04,0.814,0.812,0.817,0.805,1612902.0,512400,sh,有色金属ETF南方
2020-11-05,0.819,0.826,0.827,0.811,1977779.0,512400,sh,有色金属ETF南方
2020-11-06,0.842,0.839,0.851,0.832,3004168.0,512400,sh,有色金属ETF南方
2020-11-09,0.846,0.872,0.878,0.846,3094020.0,512400,sh,有色金属ETF南方
2020-11-10,0.865,0.85,0.865,0.845,2568947.0,512400,sh,有色金属ETF南方
2020-11-11,0.846,0.841,0.856,0.839,1769576.0,512400,sh,有色金属ETF南方
2020-11-12,0.837,0.844,0.85,0.831,1371695.0,512400,sh,有色金属ETF南方
2020-11-13,0.847,0.856,0.863,0.845,1994692.0,512400,sh,有色金属ETF南方
2020-11-16,0.861,0.898,0.906,0.855,5390646.0,512400,sh,有色金属ETF南方
2020-11-17,0.893,0.883,0.902,0.873,3879195.0,512400,sh,有色金属ETF南方
2020-11-18,0.881,0.888,0.904,0.875,4038731.0,512400,sh,有色金属ETF南方
2020-11-19,0.885,0.875,0.885,0.863,3031381.0,512400,sh,有色金属ETF南方
2020-11-20,0.87,0.909,0.913,0.87,4688174.0,512400,sh,有色金属ETF南方
2020-11-23,0.918,0.939,0.956,0.914,5633533.0,512400,sh,有色金属ETF南方
2020-11-24,0.932,0.951,0.954,0.918,5311073.0,512400,sh,有色金属ETF南方
2020-11-25,0.95,0.924,0.958,0.919,6076605.0,512400,sh,有色金属ETF南方
2020-11-26,0.921,0.924,0.928,0.909,4643003.0,512400,sh,有色金属ETF南方
2020-11-27,0.926,0.92,0.928,0.898,5126647.0,512400,sh,有色金属ETF南方
2020-11-30,0.919,0.933,0.954,0.914,6863713.0,512400,sh,有色金属ETF南方
2020-12-01,0.923,0.941,0.942,0.915,3498107.0,512400,sh,有色金属ETF南方
2020-12-02,0.948,0.935,0.956,0.927,4027408.0,512400,sh,有色金属ETF南方
2020-12-03,0.924,0.905,0.932,0.904,5110478.0,512400,sh,有色金属ETF南方
2020-12-04,0.904,0.928,0.929,0.901,3861743.0,512400,sh,有色金属ETF南方
2020-12-07,0.923,0.919,0.935,0.915,2494601.0,512400,sh,有色金属ETF南方
2020-12-08,0.923,0.922,0.931,0.912,2153225.0,512400,sh,有色金属ETF南方
2020-12-09,0.923,0.91,0.937,0.908,2096739.0,512400,sh,有色金属ETF南方
2020-12-10,0.901,0.897,0.903,0.885,2675190.0,512400,sh,有色金属ETF南方
2020-12-11,0.912,0.887,0.918,0.873,3441921.0,512400,sh,有色金属ETF南方
2020-12-14,0.875,0.894,0.896,0.866,2128990.0,512400,sh,有色金属ETF南方
2020-12-15,0.887,0.892,0.895,0.878,2014778.0,512400,sh,有色金属ETF南方
2020-12-16,0.894,0.89,0.903,0.884,1716972.0,512400,sh,有色金属ETF南方
2020-12-17,0.89,0.933,0.933,0.887,4622648.0,512400,sh,有色金属ETF南方
2020-12-18,0.933,0.951,0.957,0.928,4821719.0,512400,sh,有色金属ETF南方
2020-12-21,0.955,0.979,0.98,0.948,3389624.0,512400,sh,有色金属ETF南方
2020-12-22,0.964,0.928,0.966,0.925,4020577.0,512400,sh,有色金属ETF南方
2020-12-23,0.922,0.945,0.959,0.922,2600925.0,512400,sh,有色金属ETF南方
2020-12-24,0.949,0.951,0.967,0.943,2290583.0,512400,sh,有色金属ETF南方
2020-12-25,0.943,1.002,1.003,0.94,4500106.0,512400,sh,有色金属ETF南方
2020-12-28,1.005,1.007,1.017,0.989,4303947.0,512400,sh,有色金属ETF南方
2020-12-29,0.999,0.951,1.002,0.95,5261261.0,512400,sh,有色金属ETF南方
2020-12-30,0.953,0.981,0.991,0.953,3622439.0,512400,sh,有色金属ETF南方
2020-12-31,0.977,0.994,1.005,0.975,2731500.0,512400,sh,有色金属ETF南方
2021-01-04,1.008,1.058,1.065,1.008,3834518.0,512400,sh,有色金属ETF南方
2021-01-05,1.055,1.066,1.076,1.037,3662809.0,512400,sh,有色金属ETF南方
2021-01-06,1.075,1.069,1.089,1.05,3809992.0,512400,sh,有色金属ETF南方
2021-01-07,1.064,1.112,1.12,1.06,5596502.0,512400,sh,有色金属ETF南方
2021-01-08,1.123,1.109,1.133,1.066,6525106.0,512400,sh,有色金属ETF南方
2021-01-11,1.095,1.065,1.113,1.055,6199648.0,512400,sh,有色金属ETF南方
2021-01-12,1.043,1.089,1.09,1.035,5370765.0,512400,sh,有色金属ETF南方
2021-01-13,1.088,1.056,1.119,1.046,5315014.0,512400,sh,有色金属ETF南方
2021-01-14,1.039,1.03,1.052,1.02,3840749.0,512400,sh,有色金属ETF南方
2021-01-15,1.035,1.04,1.049,1.008,4047977.0,512400,sh,有色金属ETF南方
2021-01-18,1.032,1.058,1.063,1.018,3886041.0,512400,sh,有色金属ETF南方
2021-01-19,1.053,1.02,1.06,1.012,4480317.0,512400,sh,有色金属ETF南方
2021-01-20,1.02,1.05,1.054,1.02,4296597.0,512400,sh,有色金属ETF南方
2021-01-21,1.051,1.091,1.101,1.046,4834531.0,512400,sh,有色金属ETF南方
2021-01-22,1.089,1.101,1.112,1.071,5033777.0,512400,sh,有色金属ETF南方
2021-01-25,1.098,1.115,1.148,1.095,4662217.0,512400,sh,有色金属ETF南方
2021-01-26,1.105,1.094,1.118,1.07,4063406.0,512400,sh,有色金属ETF南方
2021-01-27,1.09,1.085,1.097,1.051,3937097.0,512400,sh,有色金属ETF南方
2021-01-28,1.057,1.046,1.082,1.042,3487223.0,512400,sh,有色金属ETF南方
2021-01-29,1.063,1.034,1.07,1.01,3047630.0,512400,sh,有色金属ETF南方
2021-02-01,1.041,1.046,1.053,1.026,2396286.0,512400,sh,有色金属ETF南方
2021-02-02,1.053,1.077,1.081,1.039,2919823.0,512400,sh,有色金属ETF南方
2021-02-03,1.065,1.084,1.109,1.061,3148437.0,512400,sh,有色金属ETF南方
2021-02-04,1.075,1.038,1.078,1.021,3610933.0,512400,sh,有色金属ETF南方
2021-02-05,1.032,0.987,1.044,0.983,4484657.0,512400,sh,有色金属ETF南方
2021-02-08,0.994,1.029,1.032,0.981,3709889.0,512400,sh,有色金属ETF南方
2021-02-09,1.036,1.085,1.085,1.036,3902267.0,512400,sh,有色金属ETF南方
2021-02-10,1.084,1.109,1.114,1.066,3224379.0,512400,sh,有色金属ETF南方
2021-02-18,1.222,1.2,1.222,1.161,8092452.0,512400,sh,有色金属ETF南方
2021-02-19,1.18,1.198,1.207,1.148,7476573.0,512400,sh,有色金属ETF南方
2021-02-22,1.239,1.265,1.32,1.239,9726703.0,512400,sh,有色金属ETF南方
2021-02-23,1.25,1.238,1.27,1.222,9788305.0,512400,sh,有色金属ETF南方
2021-02-24,1.229,1.182,1.255,1.169,9640927.0,512400,sh,有色金属ETF南方
2021-02-25,1.219,1.169,1.224,1.163,9192927.0,512400,sh,有色金属ETF南方
2021-02-26,1.115,1.12,1.147,1.107,7612760.0,512400,sh,有色金属ETF南方
2021-03-01,1.121,1.16,1.161,1.114,7355586.0,512400,sh,有色金属ETF南方
2021-03-02,1.15,1.12,1.154,1.11,6572589.0,512400,sh,有色金属ETF南方
2021-03-03,1.126,1.163,1.164,1.12,6758169.0,512400,sh,有色金属ETF南方
2021-03-04,1.131,1.115,1.137,1.105,6181307.0,512400,sh,有色金属ETF南方
2021-03-05,1.075,1.076,1.089,1.052,6160023.0,512400,sh,有色金属ETF南方
2021-03-08,1.095,1.043,1.106,1.042,4580398.0,512400,sh,有色金属ETF南方
2021-03-09,1.035,1.024,1.062,0.991,6081314.0,512400,sh,有色金属ETF南方
2021-03-10,1.039,1.03,1.045,1.018,3539024.0,512400,sh,有色金属ETF南方
2021-03-11,1.035,1.096,1.097,1.026,7370496.0,512400,sh,有色金属ETF南方
2021-03-12,1.1,1.079,1.1,1.066,5745934.0,512400,sh,有色金属ETF南方
2021-03-15,1.072,1.084,1.104,1.063,5154585.0,512400,sh,有色金属ETF南方
2021-03-16,1.084,1.057,1.084,1.039,3777731.0,512400,sh,有色金属ETF南方
2021-03-17,1.04,1.064,1.068,1.026,3304789.0,512400,sh,有色金属ETF南方
2021-03-18,1.076,1.065,1.081,1.062,2785267.0,512400,sh,有色金属ETF南方
2021-03-19,1.035,1.04,1.052,1.025,2754127.0,512400,sh,有色金属ETF南方
2021-03-22,1.037,1.042,1.055,1.025,2328084.0,512400,sh,有色金属ETF南方
2021-03-23,1.046,1.0,1.047,0.993,3424780.0,512400,sh,有色金属ETF南方
2021-03-24,0.988,0.957,0.997,0.956,3899370.0,512400,sh,有色金属ETF南方
2021-03-25,0.955,0.966,0.976,0.955,3516512.0,512400,sh,有色金属ETF南方
2021-03-26,0.965,0.999,1.004,0.965,3098831.0,512400,sh,有色金属ETF南方
2021-03-29,1.004,0.996,1.008,0.985,2268504.0,512400,sh,有色金属ETF南方
2021-03-30,0.989,1.013,1.017,0.978,3224487.0,512400,sh,有色金属ETF南方
2021-03-31,1.003,0.985,1.003,0.977,2074098.0,512400,sh,有色金属ETF南方
2021-04-01,0.988,0.995,0.998,0.982,1772970.0,512400,sh,有色金属ETF南方
2021-04-02,0.998,1.005,1.008,0.987,2589373.0,512400,sh,有色金属ETF南方
2021-04-06,1.015,1.008,1.023,1.008,2432814.0,512400,sh,有色金属ETF南方
2021-04-07,1.008,1.022,1.023,0.996,2912683.0,512400,sh,有色金属ETF南方
2021-04-08,1.015,1.036,1.047,1.011,3555043.0,512400,sh,有色金属ETF南方
2021-04-09,1.037,1.032,1.047,1.025,2807251.0,512400,sh,有色金属ETF南方
2021-04-12,1.025,0.988,1.029,0.983,2736083.0,512400,sh,有色金属ETF南方
2021-04-13,0.981,0.982,0.989,0.971,2038643.0,512400,sh,有色金属ETF南方
2021-04-14,0.983,1.005,1.006,0.982,2476705.0,512400,sh,有色金属ETF南方
2021-04-15,1.009,1.02,1.023,0.996,3333065.0,512400,sh,有色金属ETF南方
2021-04-16,1.033,1.016,1.034,1.01,2896289.0,512400,sh,有色金属ETF南方
2021-04-19,1.01,1.053,1.055,1.001,3892234.0,512400,sh,有色金属ETF南方
2021-04-20,1.043,1.043,1.06,1.036,2832897.0,512400,sh,有色金属ETF南方
2021-04-21,1.03,1.038,1.042,1.022,1978654.0,512400,sh,有色金属ETF南方
2021-04-22,1.046,1.042,1.053,1.037,2240148.0,512400,sh,有色金属ETF南方
2021-04-23,1.033,1.051,1.055,1.031,2420568.0,512400,sh,有色金属ETF南方
2021-04-26,1.064,1.062,1.085,1.057,3954643.0,512400,sh,有色金属ETF南方
2021-04-27,1.067,1.063,1.077,1.044,2870901.0,512400,sh,有色金属ETF南方
2021-04-28,1.054,1.065,1.07,1.039,2253900.0,512400,sh,有色金属ETF南方
2021-04-29,1.071,1.077,1.083,1.053,3192069.0,512400,sh,有色金属ETF南方
2021-04-30,1.069,1.071,1.084,1.059,2966342.0,512400,sh,有色金属ETF南方
2021-05-06,1.091,1.101,1.108,1.075,3671967.0,512400,sh,有色金属ETF南方
2021-05-07,1.112,1.131,1.155,1.112,4906134.0,512400,sh,有色金属ETF南方
2021-05-10,1.155,1.192,1.193,1.146,5244790.0,512400,sh,有色金属ETF南方
2021-05-11,1.155,1.135,1.156,1.108,6005636.0,512400,sh,有色金属ETF南方
2021-05-12,1.125,1.141,1.148,1.119,4030078.0,512400,sh,有色金属ETF南方
2021-05-13,1.11,1.082,1.111,1.079,4576503.0,512400,sh,有色金属ETF南方
2021-05-14,1.082,1.09,1.091,1.064,4353217.0,512400,sh,有色金属ETF南方
2021-05-17,1.085,1.122,1.129,1.085,4493475.0,512400,sh,有色金属ETF南方
2021-05-18,1.135,1.134,1.151,1.127,3393898.0,512400,sh,有色金属ETF南方
2021-05-19,1.117,1.141,1.145,1.114,3322697.0,512400,sh,有色金属ETF南方
2021-05-20,1.108,1.106,1.119,1.094,3225968.0,512400,sh,有色金属ETF南方
2021-05-21,1.103,1.111,1.127,1.098,2977129.0,512400,sh,有色金属ETF南方
2021-05-24,1.105,1.103,1.117,1.096,2330836.0,512400,sh,有色金属ETF南方
2021-05-25,1.107,1.116,1.117,1.087,3728171.0,512400,sh,有色金属ETF南方
2021-05-26,1.113,1.128,1.131,1.108,4315578.0,512400,sh,有色金属ETF南方
2021-05-27,1.125,1.126,1.127,1.116,2631139.0,512400,sh,有色金属ETF南方
2021-05-28,1.146,1.143,1.157,1.137,4364028.0,512400,sh,有色金属ETF南方
2021-05-31,1.155,1.173,1.178,1.152,3194816.0,512400,sh,有色金属ETF南方
2021-06-01,1.166,1.174,1.177,1.148,2908768.0,512400,sh,有色金属ETF南方
2021-06-02,1.167,1.157,1.185,1.152,3280584.0,512400,sh,有色金属ETF南方
2021-06-03,1.155,1.159,1.179,1.148,2794964.0,512400,sh,有色金属ETF南方
2021-06-04,1.131,1.154,1.168,1.125,2367957.0,512400,sh,有色金属ETF南方
2021-06-07,1.151,1.149,1.164,1.141,1542388.0,512400,sh,有色金属ETF南方
2021-06-08,1.146,1.121,1.16,1.117,2353502.0,512400,sh,有色金属ETF南方
2021-06-09,1.127,1.125,1.135,1.117,1856104.0,512400,sh,有色金属ETF南方
2021-06-10,1.123,1.134,1.139,1.122,1881923.0,512400,sh,有色金属ETF南方
2021-06-11,1.131,1.138,1.144,1.112,3366008.0,512400,sh,有色金属ETF南方
2021-06-15,1.132,1.095,1.133,1.09,2538045.0,512400,sh,有色金属ETF南方
2021-06-16,1.085,1.046,1.087,1.043,3284070.0,512400,sh,有色金属ETF南方
2021-06-17,1.036,1.051,1.06,1.036,1946255.0,512400,sh,有色金属ETF南方
2021-06-18,1.036,1.075,1.075,1.026,2522220.0,512400,sh,有色金属ETF南方
2021-06-21,1.064,1.066,1.079,1.058,1695108.0,512400,sh,有色金属ETF南方
2021-06-22,1.071,1.072,1.08,1.058,1612987.0,512400,sh,有色金属ETF南方
2021-06-23,1.072,1.092,1.097,1.069,2065232.0,512400,sh,有色金属ETF南方
2021-06-24,1.097,1.084,1.099,1.077,1362183.0,512400,sh,有色金属ETF南方
2021-06-25,1.086,1.114,1.119,1.083,2128683.0,512400,sh,有色金属ETF南方
2021-06-28,1.112,1.104,1.119,1.098,1477199.0,512400,sh,有色金属ETF南方
2021-06-29,1.104,1.086,1.11,1.084,1338797.0,512400,sh,有色金属ETF南方
2021-06-30,1.086,1.105,1.11,1.085,1669123.0,512400,sh,有色金属ETF南方
2021-07-01,1.106,1.085,1.109,1.084,1530606.0,512400,sh,有色金属ETF南方
2021-07-02,1.081,1.099,1.114,1.078,2480245.0,512400,sh,有色金属ETF南方
2021-07-05,1.106,1.158,1.16,1.106,3650882.0,512400,sh,有色金属ETF南方
2021-07-06,1.165,1.165,1.178,1.138,3048263.0,512400,sh,有色金属ETF南方
2021-07-07,1.147,1.203,1.205,1.133,3447304.0,512400,sh,有色金属ETF南方
2021-07-08,1.206,1.205,1.232,1.204,3155497.0,512400,sh,有色金属ETF南方
2021-07-09,1.205,1.285,1.287,1.198,3342099.0,512400,sh,有色金属ETF南方
2021-07-12,1.309,1.322,1.341,1.291,3852517.0,512400,sh,有色金属ETF南方
2021-07-13,1.324,1.322,1.326,1.293,2881027.0,512400,sh,有色金属ETF南方
2021-07-14,1.305,1.275,1.308,1.268,2502971.0,512400,sh,有色金属ETF南方
2021-07-15,1.271,1.315,1.322,1.251,2630927.0,512400,sh,有色金属ETF南方
2021-07-16,1.305,1.318,1.356,1.299,3132349.0,512400,sh,有色金属ETF南方
2021-07-19,1.311,1.306,1.353,1.297,2791748.0,512400,sh,有色金属ETF南方
2021-07-20,1.279,1.309,1.318,1.277,2256784.0,512400,sh,有色金属ETF南方
2021-07-21,1.321,1.376,1.377,1.314,2319242.0,512400,sh,有色金属ETF南方
2021-07-22,1.385,1.405,1.413,1.366,2236011.0,512400,sh,有色金属ETF南方
2021-07-23,1.405,1.405,1.455,1.394,2727186.0,512400,sh,有色金属ETF南方
2021-07-26,1.416,1.423,1.435,1.365,3189171.0,512400,sh,有色金属ETF南方
2021-07-27,1.433,1.351,1.469,1.341,4721279.0,512400,sh,有色金属ETF南方
2021-07-28,1.323,1.316,1.359,1.283,3129850.0,512400,sh,有色金属ETF南方
2021-07-29,1.351,1.4,1.403,1.338,2767005.0,512400,sh,有色金属ETF南方
2021-07-30,1.4,1.415,1.425,1.371,2900382.0,512400,sh,有色金属ETF南方
2021-08-02,1.432,1.417,1.452,1.371,2873159.0,512400,sh,有色金属ETF南方
2021-08-03,1.393,1.332,1.404,1.321,2740494.0,512400,sh,有色金属ETF南方
2021-08-04,1.333,1.4,1.403,1.327,2398479.0,512400,sh,有色金属ETF南方
2021-08-05,1.377,1.376,1.399,1.353,1671460.0,512400,sh,有色金属ETF南方
2021-08-06,1.4,1.425,1.433,1.388,2237289.0,512400,sh,有色金属ETF南方
2021-08-09,1.394,1.396,1.402,1.359,2278800.0,512400,sh,有色金属ETF南方
2021-08-10,1.384,1.385,1.412,1.357,1965138.0,512400,sh,有色金属ETF南方
2021-08-11,1.388,1.41,1.424,1.379,2647506.0,512400,sh,有色金属ETF南方
2021-08-12,1.41,1.442,1.45,1.399,2357744.0,512400,sh,有色金属ETF南方
2021-08-13,1.429,1.455,1.475,1.414,2522062.0,512400,sh,有色金属ETF南方
2021-08-16,1.447,1.392,1.45,1.386,2525292.0,512400,sh,有色金属ETF南方
2021-08-17,1.389,1.377,1.421,1.365,1961610.0,512400,sh,有色金属ETF南方
2021-08-18,1.376,1.39,1.415,1.358,1876577.0,512400,sh,有色金属ETF南方
2021-08-19,1.373,1.399,1.413,1.346,1610212.0,512400,sh,有色金属ETF南方
2021-08-20,1.382,1.394,1.409,1.365,1707485.0,512400,sh,有色金属ETF南方
2021-08-23,1.405,1.435,1.445,1.392,1509788.0,512400,sh,有色金属ETF南方
2021-08-24,1.438,1.475,1.498,1.437,1753256.0,512400,sh,有色金属ETF南方
2021-08-25,1.475,1.498,1.501,1.441,1638177.0,512400,sh,有色金属ETF南方
2021-08-26,1.498,1.517,1.541,1.49,1906279.0,512400,sh,有色金属ETF南方
2021-08-27,1.512,1.566,1.574,1.496,2228240.0,512400,sh,有色金属ETF南方
2021-08-30,1.574,1.614,1.634,1.569,2822566.0,512400,sh,有色金属ETF南方
2021-08-31,1.605,1.646,1.65,1.576,3278197.0,512400,sh,有色金属ETF南方
2021-09-01,1.651,1.531,1.675,1.523,5201593.0,512400,sh,有色金属ETF南方
2021-09-02,1.507,1.563,1.58,1.507,2603625.0,512400,sh,有色金属ETF南方
2021-09-03,1.547,1.505,1.578,1.489,2655399.0,512400,sh,有色金属ETF南方
2021-09-06,1.515,1.523,1.526,1.464,2411752.0,512400,sh,有色金属ETF南方
2021-09-07,1.517,1.556,1.569,1.506,2043753.0,512400,sh,有色金属ETF南方
2021-09-08,1.545,1.556,1.583,1.54,2002952.0,512400,sh,有色金属ETF南方
2021-09-09,1.553,1.606,1.609,1.553,2788467.0,512400,sh,有色金属ETF南方
2021-09-10,1.609,1.645,1.671,1.597,2495740.0,512400,sh,有色金属ETF南方
2021-09-13,1.667,1.69,1.692,1.633,2474393.0,512400,sh,有色金属ETF南方
2021-09-14,1.653,1.629,1.675,1.612,2502683.0,512400,sh,有色金属ETF南方
2021-09-15,1.616,1.643,1.651,1.603,1859114.0,512400,sh,有色金属ETF南方
2021-09-16,1.651,1.567,1.663,1.562,2495248.0,512400,sh,有色金属ETF南方
2021-09-17,1.549,1.517,1.574,1.471,2466407.0,512400,sh,有色金属ETF南方
2021-09-22,1.487,1.519,1.527,1.487,1687365.0,512400,sh,有色金属ETF南方
2021-09-23,1.535,1.521,1.545,1.508,2277830.0,512400,sh,有色金属ETF南方
2021-09-24,1.524,1.468,1.542,1.464,1440751.0,512400,sh,有色金属ETF南方
2021-09-27,1.455,1.383,1.459,1.365,2088986.0,512400,sh,有色金属ETF南方
2021-09-28,1.375,1.375,1.39,1.362,2379897.0,512400,sh,有色金属ETF南方
2021-09-29,1.357,1.321,1.369,1.311,2152656.0,512400,sh,有色金属ETF南方
2021-09-30,1.331,1.353,1.357,1.327,1865520.0,512400,sh,有色金属ETF南方
2021-10-08,1.382,1.342,1.39,1.33,2303621.0,512400,sh,有色金属ETF南方
2021-10-11,1.348,1.363,1.369,1.326,1232345.0,512400,sh,有色金属ETF南方
2021-10-12,1.357,1.321,1.363,1.298,1330947.0,512400,sh,有色金属ETF南方
2021-10-13,1.317,1.34,1.345,1.312,1321695.0,512400,sh,有色金属ETF南方
2021-10-14,1.346,1.376,1.386,1.344,1879316.0,512400,sh,有色金属ETF南方
2021-10-15,1.376,1.387,1.394,1.361,1320027.0,512400,sh,有色金属ETF南方
2021-10-18,1.4,1.427,1.427,1.38,1983153.0,512400,sh,有色金属ETF南方
2021-10-19,1.418,1.427,1.429,1.4,1342480.0,512400,sh,有色金属ETF南方
2021-10-20,1.394,1.419,1.438,1.386,1600859.0,512400,sh,有色金属ETF南方
2021-10-21,1.431,1.435,1.455,1.422,1440115.0,512400,sh,有色金属ETF南方
2021-10-22,1.421,1.387,1.432,1.381,1445064.0,512400,sh,有色金属ETF南方
2021-10-25,1.38,1.41,1.412,1.367,1212749.0,512400,sh,有色金属ETF南方
2021-10-26,1.416,1.418,1.438,1.413,1143823.0,512400,sh,有色金属ETF南方
2021-10-27,1.415,1.401,1.425,1.39,845570.0,512400,sh,有色金属ETF南方
2021-10-28,1.385,1.344,1.398,1.34,1453146.0,512400,sh,有色金属ETF南方
2021-10-29,1.349,1.355,1.362,1.338,1200049.0,512400,sh,有色金属ETF南方
2021-11-01,1.351,1.336,1.362,1.326,1170008.0,512400,sh,有色金属ETF南方
2021-11-02,1.344,1.32,1.355,1.302,1660439.0,512400,sh,有色金属ETF南方
2021-11-03,1.317,1.316,1.318,1.287,1313927.0,512400,sh,有色金属ETF南方
2021-11-04,1.314,1.321,1.323,1.305,1139553.0,512400,sh,有色金属ETF南方
2021-11-05,1.315,1.308,1.34,1.307,1431924.0,512400,sh,有色金属ETF南方
2021-11-08,1.314,1.365,1.367,1.314,1858123.0,512400,sh,有色金属ETF南方
2021-11-09,1.371,1.369,1.373,1.355,1144645.0,512400,sh,有色金属ETF南方
2021-11-10,1.365,1.342,1.365,1.318,1388897.0,512400,sh,有色金属ETF南方
2021-11-11,1.338,1.351,1.353,1.331,1175733.0,512400,sh,有色金属ETF南方
2021-11-12,1.354,1.352,1.369,1.348,1378898.0,512400,sh,有色金属ETF南方
2021-11-15,1.351,1.319,1.351,1.311,1073603.0,512400,sh,有色金属ETF南方
2021-11-16,1.312,1.296,1.322,1.293,1023030.0,512400,sh,有色金属ETF南方
2021-11-17,1.291,1.329,1.33,1.291,1321553.0,512400,sh,有色金属ETF南方
2021-11-18,1.323,1.346,1.362,1.313,1456417.0,512400,sh,有色金属ETF南方
2021-11-19,1.34,1.359,1.36,1.335,1293787.0,512400,sh,有色金属ETF南方
2021-11-22,1.363,1.401,1.402,1.361,1778978.0,512400,sh,有色金属ETF南方
2021-11-23,1.411,1.398,1.416,1.397,1903382.0,512400,sh,有色金属ETF南方
2021-11-24,1.398,1.421,1.427,1.396,1690679.0,512400,sh,有色金属ETF南方
2021-11-25,1.425,1.419,1.435,1.413,1148561.0,512400,sh,有色金属ETF南方
2021-11-26,1.413,1.433,1.452,1.406,1105528.0,512400,sh,有色金属ETF南方
2021-11-29,1.405,1.441,1.443,1.401,1148020.0,512400,sh,有色金属ETF南方
2021-11-30,1.456,1.427,1.461,1.42,920895.0,512400,sh,有色金属ETF南方
2021-12-01,1.427,1.42,1.433,1.402,957849.0,512400,sh,有色金属ETF南方
2021-12-02,1.418,1.42,1.431,1.403,960035.0,512400,sh,有色金属ETF南方
2021-12-03,1.42,1.435,1.438,1.403,982329.0,512400,sh,有色金属ETF南方
2021-12-06,1.435,1.413,1.441,1.411,990627.0,512400,sh,有色金属ETF南方
2021-12-07,1.424,1.397,1.428,1.376,1266859.0,512400,sh,有色金属ETF南方
2021-12-08,1.401,1.421,1.423,1.399,980873.0,512400,sh,有色金属ETF南方
2021-12-09,1.423,1.42,1.428,1.411,977735.0,512400,sh,有色金属ETF南方
2021-12-10,1.41,1.434,1.435,1.406,961778.0,512400,sh,有色金属ETF南方
2021-12-13,1.435,1.435,1.435,1.41,1083199.0,512400,sh,有色金属ETF南方
2021-12-14,1.429,1.392,1.429,1.389,1516154.0,512400,sh,有色金属ETF南方
2021-12-15,1.39,1.366,1.398,1.361,1307185.0,512400,sh,有色金属ETF南方
2021-12-16,1.366,1.378,1.38,1.353,1050891.0,512400,sh,有色金属ETF南方
2021-12-17,1.378,1.363,1.393,1.361,1176584.0,512400,sh,有色金属ETF南方
2021-12-20,1.355,1.323,1.372,1.321,1248669.0,512400,sh,有色金属ETF南方
2021-12-21,1.32,1.327,1.331,1.311,780946.0,512400,sh,有色金属ETF南方
2021-12-22,1.331,1.325,1.337,1.32,861104.0,512400,sh,有色金属ETF南方
2021-12-23,1.339,1.329,1.342,1.324,1085078.0,512400,sh,有色金属ETF南方
2021-12-24,1.331,1.277,1.336,1.275,1794910.0,512400,sh,有色金属ETF南方
2021-12-27,1.277,1.274,1.288,1.264,2119934.0,512400,sh,有色金属ETF南方
2021-12-28,1.275,1.313,1.314,1.275,1475184.0,512400,sh,有色金属ETF南方
2021-12-29,1.31,1.304,1.328,1.303,1053026.0,512400,sh,有色金属ETF南方
2021-12-30,1.306,1.306,1.317,1.302,855538.0,512400,sh,有色金属ETF南方
2021-12-31,1.309,1.324,1.329,1.307,1141541.0,512400,sh,有色金属ETF南方
2022-01-04,1.331,1.294,1.334,1.284,1082069.0,512400,sh,有色金属ETF南方
2022-01-05,1.284,1.259,1.292,1.255,1136738.0,512400,sh,有色金属ETF南方
2022-01-06,1.253,1.276,1.281,1.249,1061506.0,512400,sh,有色金属ETF南方
2022-01-07,1.27,1.245,1.274,1.237,1203155.0,512400,sh,有色金属ETF南方
2022-01-10,1.245,1.257,1.265,1.238,1001238.0,512400,sh,有色金属ETF南方
2022-01-11,1.255,1.253,1.267,1.248,871350.0,512400,sh,有色金属ETF南方
2022-01-12,1.276,1.304,1.305,1.274,2049724.0,512400,sh,有色金属ETF南方
2022-01-13,1.308,1.273,1.31,1.273,1687772.0,512400,sh,有色金属ETF南方
2022-01-14,1.27,1.274,1.278,1.258,935415.0,512400,sh,有色金属ETF南方
2022-01-17,1.268,1.262,1.268,1.248,1075318.0,512400,sh,有色金属ETF南方
2022-01-18,1.262,1.272,1.28,1.253,929915.0,512400,sh,有色金属ETF南方
2022-01-19,1.268,1.24,1.272,1.231,1183936.0,512400,sh,有色金属ETF南方
2022-01-20,1.244,1.23,1.258,1.225,1027719.0,512400,sh,有色金属ETF南方
2022-01-21,1.227,1.24,1.249,1.216,1444393.0,512400,sh,有色金属ETF南方
2022-01-24,1.23,1.259,1.269,1.222,1344789.0,512400,sh,有色金属ETF南方
2022-01-25,1.251,1.228,1.268,1.227,1078373.0,512400,sh,有色金属ETF南方
2022-01-26,1.237,1.236,1.25,1.221,875079.0,512400,sh,有色金属ETF南方
2022-01-27,1.241,1.206,1.248,1.204,866472.0,512400,sh,有色金属ETF南方
2022-01-28,1.207,1.177,1.215,1.156,1162876.0,512400,sh,有色金属ETF南方
2022-02-07,1.205,1.219,1.237,1.203,1273947.0,512400,sh,有色金属ETF南方
2022-02-08,1.222,1.219,1.222,1.183,931669.0,512400,sh,有色金属ETF南方
2022-02-09,1.225,1.263,1.263,1.223,1524787.0,512400,sh,有色金属ETF南方
2022-02-10,1.267,1.273,1.282,1.257,1561566.0,512400,sh,有色金属ETF南方
2022-02-11,1.271,1.27,1.305,1.258,1806239.0,512400,sh,有色金属ETF南方
2022-02-14,1.263,1.282,1.298,1.263,1293284.0,512400,sh,有色金属ETF南方
2022-02-15,1.285,1.293,1.295,1.264,1253464.0,512400,sh,有色金属ETF南方
2022-02-16,1.294,1.3,1.315,1.287,1148482.0,512400,sh,有色金属ETF南方
2022-02-17,1.296,1.347,1.35,1.293,1624285.0,512400,sh,有色金属ETF南方
2022-02-18,1.339,1.342,1.347,1.33,1163084.0,512400,sh,有色金属ETF南方
2022-02-21,1.344,1.336,1.351,1.322,1368795.0,512400,sh,有色金属ETF南方
2022-02-22,1.352,1.367,1.368,1.34,1388004.0,512400,sh,有色金属ETF南方
2022-02-23,1.36,1.372,1.374,1.352,1304351.0,512400,sh,有色金属ETF南方
2022-02-24,1.364,1.356,1.378,1.338,1060518.0,512400,sh,有色金属ETF南方
2022-02-25,1.365,1.374,1.393,1.356,1190567.0,512400,sh,有色金属ETF南方
2022-02-28,1.377,1.406,1.406,1.375,1136902.0,512400,sh,有色金属ETF南方
2022-03-01,1.406,1.372,1.406,1.357,1632157.0,512400,sh,有色金属ETF南方
2022-03-02,1.371,1.391,1.399,1.366,1892569.0,512400,sh,有色金属ETF南方
2022-03-03,1.4,1.387,1.41,1.385,2244011.0,512400,sh,有色金属ETF南方
2022-03-04,1.381,1.36,1.394,1.352,1396886.0,512400,sh,有色金属ETF南方
2022-03-07,1.37,1.356,1.382,1.345,1000368.0,512400,sh,有色金属ETF南方
2022-03-08,1.356,1.278,1.356,1.263,2001219.0,512400,sh,有色金属ETF南方
2022-03-09,1.272,1.241,1.272,1.194,2130758.0,512400,sh,有色金属ETF南方
2022-03-10,1.253,1.263,1.281,1.241,1398465.0,512400,sh,有色金属ETF南方
2022-03-11,1.243,1.258,1.262,1.216,847474.0,512400,sh,有色金属ETF南方
2022-03-14,1.235,1.207,1.243,1.206,734713.0,512400,sh,有色金属ETF南方
2022-03-15,1.192,1.146,1.204,1.145,1300557.0,512400,sh,有色金属ETF南方
2022-03-16,1.173,1.194,1.201,1.125,1519515.0,512400,sh,有色金属ETF南方
2022-03-17,1.21,1.213,1.235,1.208,1041367.0,512400,sh,有色金属ETF南方
2022-03-18,1.203,1.222,1.226,1.2,775591.0,512400,sh,有色金属ETF南方
2022-03-21,1.237,1.249,1.259,1.217,813013.0,512400,sh,有色金属ETF南方
2022-03-22,1.246,1.256,1.273,1.235,902489.0,512400,sh,有色金属ETF南方
2022-03-23,1.256,1.25,1.261,1.242,744519.0,512400,sh,有色金属ETF南方
2022-03-24,1.252,1.267,1.275,1.242,1249334.0,512400,sh,有色金属ETF南方
2022-03-25,1.264,1.248,1.279,1.245,980340.0,512400,sh,有色金属ETF南方
2022-03-28,1.234,1.231,1.249,1.209,940684.0,512400,sh,有色金属ETF南方
2022-03-29,1.23,1.231,1.243,1.221,824521.0,512400,sh,有色金属ETF南方
2022-03-30,1.236,1.25,1.251,1.224,833516.0,512400,sh,有色金属ETF南方
2022-03-31,1.249,1.221,1.249,1.21,798124.0,512400,sh,有色金属ETF南方
2022-04-01,1.213,1.229,1.24,1.206,874584.0,512400,sh,有色金属ETF南方
2022-04-06,1.223,1.222,1.227,1.201,781630.0,512400,sh,有色金属ETF南方
2022-04-07,1.212,1.209,1.229,1.206,772277.0,512400,sh,有色金属ETF南方
2022-04-08,1.205,1.214,1.224,1.191,827394.0,512400,sh,有色金属ETF南方
2022-04-11,1.206,1.15,1.206,1.144,908268.0,512400,sh,有色金属ETF南方
2022-04-12,1.144,1.169,1.17,1.139,1451116.0,512400,sh,有色金属ETF南方
2022-04-13,1.167,1.204,1.214,1.16,1589108.0,512400,sh,有色金属ETF南方
2022-04-14,1.205,1.21,1.216,1.192,1003239.0,512400,sh,有色金属ETF南方
2022-04-15,1.191,1.179,1.201,1.172,942234.0,512400,sh,有色金属ETF南方
2022-04-18,1.168,1.171,1.174,1.143,988746.0,512400,sh,有色金属ETF南方
2022-04-19,1.175,1.176,1.189,1.171,951497.0,512400,sh,有色金属ETF南方
2022-04-20,1.175,1.127,1.175,1.126,1777764.0,512400,sh,有色金属ETF南方
2022-04-21,1.127,1.079,1.133,1.074,1234649.0,512400,sh,有色金属ETF南方
2022-04-22,1.067,1.073,1.083,1.051,1225511.0,512400,sh,有色金属ETF南方
2022-04-25,1.045,0.982,1.047,0.978,1816581.0,512400,sh,有色金属ETF南方
2022-04-26,0.979,0.95,0.987,0.943,1451755.0,512400,sh,有色金属ETF南方
2022-04-27,0.935,1.029,1.035,0.934,1679023.0,512400,sh,有色金属ETF南方
2022-04-28,1.021,1.022,1.045,1.012,927821.0,512400,sh,有色金属ETF南方
2022-04-29,1.029,1.075,1.077,1.025,1055816.0,512400,sh,有色金属ETF南方
2022-05-05,1.075,1.073,1.085,1.057,667649.0,512400,sh,有色金属ETF南方
2022-05-06,1.039,1.032,1.046,1.023,909725.0,512400,sh,有色金属ETF南方
2022-05-09,1.021,1.037,1.044,1.018,1354068.0,512400,sh,有色金属ETF南方
2022-05-10,1.016,1.049,1.05,1.008,4127299.0,512400,sh,有色金属ETF南方
2022-05-11,1.044,1.073,1.09,1.039,5221639.0,512400,sh,有色金属ETF南方
2022-05-12,1.058,1.061,1.072,1.049,2049904.0,512400,sh,有色金属ETF南方
2022-05-13,1.065,1.066,1.07,1.049,1401330.0,512400,sh,有色金属ETF南方
2022-05-16,1.074,1.069,1.09,1.065,923951.0,512400,sh,有色金属ETF南方
2022-05-17,1.069,1.104,1.109,1.068,1201918.0,512400,sh,有色金属ETF南方
2022-05-18,1.107,1.099,1.11,1.094,937919.0,512400,sh,有色金属ETF南方
2022-05-19,1.082,1.111,1.111,1.071,947872.0,512400,sh,有色金属ETF南方
2022-05-20,1.124,1.145,1.147,1.111,1380740.0,512400,sh,有色金属ETF南方
2022-05-23,1.15,1.174,1.178,1.141,1144488.0,512400,sh,有色金属ETF南方
2022-05-24,1.169,1.132,1.179,1.129,1041568.0,512400,sh,有色金属ETF南方
2022-05-25,1.129,1.143,1.148,1.12,939017.0,512400,sh,有色金属ETF南方
2022-05-26,1.144,1.145,1.154,1.115,859105.0,512400,sh,有色金属ETF南方
2022-05-27,1.154,1.14,1.16,1.128,1095972.0,512400,sh,有色金属ETF南方
2022-05-30,1.14,1.145,1.153,1.135,739298.0,512400,sh,有色金属ETF南方
2022-05-31,1.145,1.154,1.155,1.124,985759.0,512400,sh,有色金属ETF南方
2022-06-01,1.141,1.138,1.143,1.125,1498227.0,512400,sh,有色金属ETF南方
2022-06-02,1.134,1.155,1.162,1.128,1182715.0,512400,sh,有色金属ETF南方
2022-06-06,1.155,1.217,1.22,1.155,1226062.0,512400,sh,有色金属ETF南方
2022-06-07,1.217,1.216,1.227,1.202,826904.0,512400,sh,有色金属ETF南方
2022-06-08,1.219,1.243,1.251,1.207,1458763.0,512400,sh,有色金属ETF南方
2022-06-09,1.23,1.228,1.243,1.215,1018414.0,512400,sh,有色金属ETF南方
2022-06-10,1.212,1.259,1.261,1.21,833645.0,512400,sh,有色金属ETF南方
2022-06-13,1.246,1.285,1.298,1.244,1511076.0,512400,sh,有色金属ETF南方
2022-06-14,1.262,1.276,1.277,1.231,1053573.0,512400,sh,有色金属ETF南方
2022-06-15,1.274,1.268,1.293,1.259,1084790.0,512400,sh,有色金属ETF南方
2022-06-16,1.268,1.267,1.288,1.26,950963.0,512400,sh,有色金属ETF南方
2022-06-17,1.258,1.308,1.308,1.255,1491494.0,512400,sh,有色金属ETF南方
2022-06-20,1.31,1.294,1.311,1.277,1232690.0,512400,sh,有色金属ETF南方
2022-06-21,1.287,1.244,1.287,1.228,1615996.0,512400,sh,有色金属ETF南方
2022-06-22,1.242,1.237,1.261,1.237,1070995.0,512400,sh,有色金属ETF南方
2022-06-23,1.238,1.26,1.261,1.211,1061737.0,512400,sh,有色金属ETF南方
2022-06-24,1.251,1.252,1.257,1.239,1350411.0,512400,sh,有色金属ETF南方
2022-06-27,1.247,1.297,1.314,1.245,1636390.0,512400,sh,有色金属ETF南方
2022-06-28,1.297,1.32,1.321,1.288,1067914.0,512400,sh,有色金属ETF南方
2022-06-29,1.315,1.263,1.315,1.262,1489284.0,512400,sh,有色金属ETF南方
2022-06-30,1.267,1.289,1.298,1.266,1146277.0,512400,sh,有色金属ETF南方
2022-07-01,1.289,1.317,1.324,1.275,1878671.0,512400,sh,有色金属ETF南方
2022-07-04,1.299,1.336,1.341,1.299,984895.0,512400,sh,有色金属ETF南方
2022-07-05,1.336,1.351,1.356,1.323,1269879.0,512400,sh,有色金属ETF南方
2022-07-06,1.328,1.312,1.336,1.296,1031995.0,512400,sh,有色金属ETF南方
2022-07-07,1.31,1.323,1.331,1.296,761235.0,512400,sh,有色金属ETF南方
2022-07-08,1.328,1.313,1.341,1.31,880005.0,512400,sh,有色金属ETF南方
2022-07-11,1.304,1.257,1.307,1.244,960673.0,512400,sh,有色金属ETF南方
2022-07-12,1.254,1.24,1.273,1.233,810613.0,512400,sh,有色金属ETF南方
2022-07-13,1.234,1.246,1.249,1.212,1094908.0,512400,sh,有色金属ETF南方
2022-07-14,1.235,1.246,1.258,1.223,799008.0,512400,sh,有色金属ETF南方
2022-07-15,1.237,1.224,1.262,1.221,859082.0,512400,sh,有色金属ETF南方
2022-07-18,1.225,1.244,1.244,1.215,769206.0,512400,sh,有色金属ETF南方
2022-07-19,1.239,1.239,1.259,1.229,987011.0,512400,sh,有色金属ETF南方
2022-07-20,1.245,1.253,1.265,1.245,716999.0,512400,sh,有色金属ETF南方
2022-07-21,1.252,1.23,1.252,1.226,1161679.0,512400,sh,有色金属ETF南方
2022-07-22,1.23,1.227,1.238,1.21,979172.0,512400,sh,有色金属ETF南方
2022-07-25,1.227,1.216,1.239,1.215,764711.0,512400,sh,有色金属ETF南方
2022-07-26,1.219,1.242,1.253,1.219,867981.0,512400,sh,有色金属ETF南方
2022-07-27,1.24,1.242,1.246,1.222,790613.0,512400,sh,有色金属ETF南方
2022-07-28,1.249,1.24,1.252,1.234,757545.0,512400,sh,有色金属ETF南方
2022-07-29,1.241,1.23,1.249,1.229,742151.0,512400,sh,有色金属ETF南方
2022-08-01,1.23,1.252,1.253,1.217,738763.0,512400,sh,有色金属ETF南方
2022-08-02,1.236,1.206,1.236,1.198,1038154.0,512400,sh,有色金属ETF南方
2022-08-03,1.207,1.198,1.232,1.19,873904.0,512400,sh,有色金属ETF南方
2022-08-04,1.199,1.208,1.224,1.191,759980.0,512400,sh,有色金属ETF南方
2022-08-05,1.213,1.244,1.245,1.203,1097384.0,512400,sh,有色金属ETF南方
2022-08-08,1.233,1.248,1.256,1.226,926787.0,512400,sh,有色金属ETF南方
2022-08-09,1.252,1.26,1.266,1.243,873762.0,512400,sh,有色金属ETF南方
2022-08-10,1.264,1.262,1.281,1.251,975599.0,512400,sh,有色金属ETF南方
2022-08-11,1.268,1.267,1.27,1.243,804158.0,512400,sh,有色金属ETF南方
2022-08-12,1.263,1.266,1.282,1.259,850104.0,512400,sh,有色金属ETF南方
2022-08-15,1.265,1.289,1.294,1.262,1125020.0,512400,sh,有色金属ETF南方
2022-08-16,1.291,1.27,1.291,1.266,710748.0,512400,sh,有色金属ETF南方
2022-08-17,1.272,1.255,1.273,1.24,1135082.0,512400,sh,有色金属ETF南方
2022-08-18,1.248,1.246,1.262,1.244,766900.0,512400,sh,有色金属ETF南方
2022-08-19,1.24,1.217,1.246,1.216,825757.0,512400,sh,有色金属ETF南方
2022-08-22,1.216,1.268,1.27,1.203,1506926.0,512400,sh,有色金属ETF南方
2022-08-23,1.264,1.261,1.269,1.248,1231301.0,512400,sh,有色金属ETF南方
2022-08-24,1.264,1.225,1.273,1.221,1027676.0,512400,sh,有色金属ETF南方
2022-08-25,1.223,1.225,1.236,1.204,1136543.0,512400,sh,有色金属ETF南方
2022-08-26,1.225,1.232,1.255,1.22,1036810.0,512400,sh,有色金属ETF南方
2022-08-29,1.213,1.223,1.23,1.206,1069962.0,512400,sh,有色金属ETF南方
2022-08-30,1.222,1.212,1.224,1.205,971622.0,512400,sh,有色金属ETF南方
2022-08-31,1.206,1.169,1.217,1.163,1031090.0,512400,sh,有色金属ETF南方
2022-09-01,1.169,1.156,1.176,1.155,871683.0,512400,sh,有色金属ETF南方
2022-09-02,1.16,1.147,1.168,1.14,866577.0,512400,sh,有色金属ETF南方
2022-09-05,1.142,1.152,1.156,1.14,774315.0,512400,sh,有色金属ETF南方
2022-09-06,1.155,1.189,1.19,1.154,1234024.0,512400,sh,有色金属ETF南方
2022-09-07,1.176,1.206,1.212,1.175,817828.0,512400,sh,有色金属ETF南方
2022-09-08,1.204,1.194,1.21,1.193,691318.0,512400,sh,有色金属ETF南方
2022-09-09,1.199,1.226,1.226,1.197,844577.0,512400,sh,有色金属ETF南方
2022-09-13,1.23,1.231,1.245,1.226,1411266.0,512400,sh,有色金属ETF南方
2022-09-14,1.21,1.213,1.233,1.207,823776.0,512400,sh,有色金属ETF南方
2022-09-15,1.219,1.173,1.228,1.166,1050661.0,512400,sh,有色金属ETF南方
2022-09-16,1.169,1.134,1.172,1.133,1024828.0,512400,sh,有色金属ETF南方
2022-09-19,1.132,1.133,1.149,1.115,825939.0,512400,sh,有色金属ETF南方
2022-09-20,1.144,1.17,1.18,1.143,896734.0,512400,sh,有色金属ETF南方
2022-09-21,1.165,1.179,1.183,1.156,894299.0,512400,sh,有色金属ETF南方
2022-09-22,1.17,1.178,1.188,1.166,891569.0,512400,sh,有色金属ETF南方
2022-09-23,1.172,1.148,1.174,1.135,873126.0,512400,sh,有色金属ETF南方
2022-09-26,1.127,1.12,1.146,1.115,828064.0,512400,sh,有色金属ETF南方
2022-09-27,1.121,1.121,1.124,1.093,856496.0,512400,sh,有色金属ETF南方
2022-09-28,1.112,1.059,1.113,1.057,1129008.0,512400,sh,有色金属ETF南方
2022-09-29,1.075,1.073,1.085,1.066,1289624.0,512400,sh,有色金属ETF南方
2022-09-30,1.069,1.063,1.087,1.062,720185.0,512400,sh,有色金属ETF南方
2022-10-10,1.063,1.042,1.073,1.037,763942.0,512400,sh,有色金属ETF南方
2022-10-11,1.047,1.057,1.063,1.043,893480.0,512400,sh,有色金属ETF南方
2022-10-12,1.054,1.078,1.079,1.026,820470.0,512400,sh,有色金属ETF南方
2022-10-13,1.064,1.064,1.078,1.062,508956.0,512400,sh,有色金属ETF南方
2022-10-14,1.074,1.096,1.098,1.067,692936.0,512400,sh,有色金属ETF南方
2022-10-17,1.082,1.089,1.092,1.071,819430.0,512400,sh,有色金属ETF南方
2022-10-18,1.094,1.084,1.099,1.081,450043.0,512400,sh,有色金属ETF南方
2022-10-19,1.086,1.074,1.098,1.073,532035.0,512400,sh,有色金属ETF南方
2022-10-20,1.065,1.062,1.074,1.048,708265.0,512400,sh,有色金属ETF南方
2022-10-21,1.065,1.05,1.068,1.043,518436.0,512400,sh,有色金属ETF南方
2022-10-24,1.058,1.048,1.079,1.041,619100.0,512400,sh,有色金属ETF南方
2022-10-25,1.048,1.046,1.058,1.017,681293.0,512400,sh,有色金属ETF南方
2022-10-26,1.045,1.057,1.068,1.044,545482.0,512400,sh,有色金属ETF南方
2022-10-27,1.064,1.064,1.083,1.062,596586.0,512400,sh,有色金属ETF南方
2022-10-28,1.055,1.025,1.055,1.022,604671.0,512400,sh,有色金属ETF南方
2022-10-31,1.013,1.015,1.031,1.008,643833.0,512400,sh,有色金属ETF南方
2022-11-01,1.02,1.061,1.061,1.019,600867.0,512400,sh,有色金属ETF南方
2022-11-02,1.056,1.078,1.085,1.053,785887.0,512400,sh,有色金属ETF南方
2022-11-03,1.063,1.069,1.08,1.057,479209.0,512400,sh,有色金属ETF南方
2022-11-04,1.071,1.122,1.123,1.069,796980.0,512400,sh,有色金属ETF南方
2022-11-07,1.149,1.149,1.16,1.139,1561626.0,512400,sh,有色金属ETF南方
2022-11-08,1.141,1.152,1.156,1.135,1183078.0,512400,sh,有色金属ETF南方
2022-11-09,1.173,1.148,1.18,1.146,1179172.0,512400,sh,有色金属ETF南方
2022-11-10,1.133,1.123,1.135,1.118,850451.0,512400,sh,有色金属ETF南方
2022-11-11,1.171,1.155,1.18,1.148,1404560.0,512400,sh,有色金属ETF南方
2022-11-14,1.165,1.134,1.167,1.125,1083771.0,512400,sh,有色金属ETF南方
2022-11-15,1.122,1.149,1.149,1.117,939747.0,512400,sh,有色金属ETF南方
2022-11-16,1.149,1.133,1.15,1.131,810659.0,512400,sh,有色金属ETF南方
2022-11-17,1.128,1.116,1.129,1.102,724773.0,512400,sh,有色金属ETF南方
2022-11-18,1.112,1.099,1.114,1.096,854055.0,512400,sh,有色金属ETF南方
2022-11-21,1.085,1.1,1.1,1.076,597781.0,512400,sh,有色金属ETF南方
2022-11-22,1.1,1.091,1.106,1.086,635377.0,512400,sh,有色金属ETF南方
2022-11-23,1.09,1.097,1.102,1.085,515468.0,512400,sh,有色金属ETF南方
2022-11-24,1.105,1.103,1.117,1.099,869984.0,512400,sh,有色金属ETF南方
2022-11-25,1.101,1.096,1.107,1.092,580753.0,512400,sh,有色金属ETF南方
2022-11-28,1.074,1.079,1.084,1.062,593880.0,512400,sh,有色金属ETF南方
2022-11-29,1.077,1.099,1.1,1.077,755350.0,512400,sh,有色金属ETF南方
2022-11-30,1.092,1.103,1.112,1.092,681968.0,512400,sh,有色金属ETF南方
2022-12-01,1.122,1.124,1.133,1.119,1419647.0,512400,sh,有色金属ETF南方
2022-12-02,1.12,1.107,1.123,1.104,751496.0,512400,sh,有色金属ETF南方
2022-12-05,1.114,1.129,1.13,1.108,1245004.0,512400,sh,有色金属ETF南方
2022-12-06,1.12,1.131,1.133,1.108,776131.0,512400,sh,有色金属ETF南方
2022-12-07,1.123,1.123,1.138,1.116,1310096.0,512400,sh,有色金属ETF南方
2022-12-08,1.12,1.121,1.132,1.114,652729.0,512400,sh,有色金属ETF南方
2022-12-09,1.119,1.148,1.15,1.117,1028449.0,512400,sh,有色金属ETF南方
2022-12-12,1.141,1.112,1.141,1.107,996758.0,512400,sh,有色金属ETF南方
2022-12-13,1.108,1.113,1.123,1.107,562112.0,512400,sh,有色金属ETF南方
2022-12-14,1.116,1.11,1.125,1.107,666844.0,512400,sh,有色金属ETF南方
2022-12-15,1.108,1.116,1.117,1.091,759907.0,512400,sh,有色金属ETF南方
2022-12-16,1.104,1.09,1.104,1.082,669266.0,512400,sh,有色金属ETF南方
2022-12-19,1.089,1.079,1.112,1.074,730035.0,512400,sh,有色金属ETF南方
2022-12-20,1.076,1.064,1.077,1.059,479231.0,512400,sh,有色金属ETF南方
2022-12-21,1.069,1.057,1.077,1.056,847960.0,512400,sh,有色金属ETF南方
2022-12-22,1.063,1.038,1.068,1.035,490959.0,512400,sh,有色金属ETF南方
2022-12-23,1.027,1.034,1.038,1.025,572328.0,512400,sh,有色金属ETF南方
2022-12-26,1.027,1.048,1.048,1.025,879225.0,512400,sh,有色金属ETF南方
2022-12-27,1.048,1.062,1.063,1.047,522195.0,512400,sh,有色金属ETF南方
2022-12-28,1.056,1.052,1.062,1.041,494202.0,512400,sh,有色金属ETF南方
2022-12-29,1.047,1.046,1.057,1.045,453530.0,512400,sh,有色金属ETF南方
2022-12-30,1.051,1.038,1.054,1.038,505190.0,512400,sh,有色金属ETF南方
2023-01-03,1.038,1.067,1.068,1.031,586736.0,512400,sh,有色金属ETF南方
2023-01-04,1.058,1.048,1.063,1.043,506075.0,512400,sh,有色金属ETF南方
2023-01-05,1.051,1.061,1.072,1.051,649756.0,512400,sh,有色金属ETF南方
2023-01-06,1.059,1.078,1.088,1.056,790277.0,512400,sh,有色金属ETF南方
2023-01-09,1.084,1.11,1.114,1.082,1074018.0,512400,sh,有色金属ETF南方
2023-01-10,1.106,1.111,1.118,1.098,1056191.0,512400,sh,有色金属ETF南方
2023-01-11,1.112,1.106,1.125,1.104,1090524.0,512400,sh,有色金属ETF南方
2023-01-12,1.116,1.113,1.133,1.112,785610.0,512400,sh,有色金属ETF南方
2023-01-13,1.118,1.12,1.131,1.11,762076.0,512400,sh,有色金属ETF南方
2023-01-16,1.12,1.13,1.137,1.118,806546.0,512400,sh,有色金属ETF南方
2023-01-17,1.131,1.127,1.132,1.118,767915.0,512400,sh,有色金属ETF南方
2023-01-18,1.127,1.136,1.147,1.127,1063149.0,512400,sh,有色金属ETF南方
2023-01-19,1.138,1.143,1.145,1.132,962713.0,512400,sh,有色金属ETF南方
2023-01-20,1.143,1.18,1.19,1.143,1528249.0,512400,sh,有色金属ETF南方
2023-01-30,1.201,1.19,1.214,1.188,1413183.0,512400,sh,有色金属ETF南方
2023-01-31,1.189,1.196,1.203,1.184,1286102.0,512400,sh,有色金属ETF南方
2023-02-01,1.204,1.232,1.235,1.202,1857831.0,512400,sh,有色金属ETF南方
2023-02-02,1.233,1.221,1.234,1.213,2101074.0,512400,sh,有色金属ETF南方
2023-02-03,1.215,1.204,1.215,1.184,1625987.0,512400,sh,有色金属ETF南方
2023-02-06,1.186,1.179,1.188,1.169,1110534.0,512400,sh,有色金属ETF南方
2023-02-07,1.178,1.186,1.19,1.175,796915.0,512400,sh,有色金属ETF南方
2023-02-08,1.188,1.18,1.197,1.18,876484.0,512400,sh,有色金属ETF南方
2023-02-09,1.178,1.186,1.187,1.17,1511075.0,512400,sh,有色金属ETF南方
2023-02-10,1.186,1.168,1.186,1.158,1065203.0,512400,sh,有色金属ETF南方
2023-02-13,1.158,1.167,1.171,1.155,1313802.0,512400,sh,有色金属ETF南方
2023-02-14,1.168,1.177,1.185,1.167,1075616.0,512400,sh,有色金属ETF南方
2023-02-15,1.177,1.164,1.185,1.161,1212606.0,512400,sh,有色金属ETF南方
2023-02-16,1.161,1.134,1.165,1.125,3771222.0,512400,sh,有色金属ETF南方
2023-02-17,1.135,1.13,1.148,1.128,1865555.0,512400,sh,有色金属ETF南方
2023-02-20,1.128,1.152,1.152,1.122,1027705.0,512400,sh,有色金属ETF南方
2023-02-21,1.154,1.179,1.18,1.152,4375655.0,512400,sh,有色金属ETF南方
2023-02-22,1.171,1.162,1.172,1.158,1238777.0,512400,sh,有色金属ETF南方
2023-02-23,1.162,1.17,1.17,1.158,894976.0,512400,sh,有色金属ETF南方
2023-02-24,1.168,1.15,1.17,1.142,1045426.0,512400,sh,有色金属ETF南方
2023-02-27,1.142,1.141,1.155,1.137,985540.0,512400,sh,有色金属ETF南方
2023-02-28,1.145,1.145,1.147,1.131,718457.0,512400,sh,有色金属ETF南方
2023-03-01,1.146,1.161,1.161,1.14,1286682.0,512400,sh,有色金属ETF南方
2023-03-02,1.158,1.143,1.159,1.142,1911969.0,512400,sh,有色金属ETF南方
2023-03-03,1.141,1.142,1.146,1.133,829994.0,512400,sh,有色金属ETF南方
2023-03-06,1.143,1.142,1.146,1.124,1339637.0,512400,sh,有色金属ETF南方
2023-03-07,1.138,1.131,1.153,1.13,1385640.0,512400,sh,有色金属ETF南方
2023-03-08,1.124,1.121,1.125,1.114,870418.0,512400,sh,有色金属ETF南方
2023-03-09,1.126,1.121,1.132,1.117,835741.0,512400,sh,有色金属ETF南方
2023-03-10,1.115,1.103,1.115,1.101,1235146.0,512400,sh,有色金属ETF南方
2023-03-13,1.102,1.113,1.117,1.097,966187.0,512400,sh,有色金属ETF南方
2023-03-14,1.114,1.108,1.125,1.092,1197030.0,512400,sh,有色金属ETF南方
2023-03-15,1.108,1.104,1.113,1.103,597608.0,512400,sh,有色金属ETF南方
2023-03-16,1.094,1.068,1.094,1.064,1364686.0,512400,sh,有色金属ETF南方
2023-03-17,1.074,1.075,1.086,1.07,1110447.0,512400,sh,有色金属ETF南方
2023-03-20,1.08,1.086,1.091,1.074,891423.0,512400,sh,有色金属ETF南方
2023-03-21,1.089,1.101,1.102,1.08,841066.0,512400,sh,有色金属ETF南方
2023-03-22,1.102,1.097,1.109,1.092,717140.0,512400,sh,有色金属ETF南方
2023-03-23,1.095,1.108,1.109,1.093,763413.0,512400,sh,有色金属ETF南方
2023-03-24,1.109,1.105,1.113,1.101,688673.0,512400,sh,有色金属ETF南方
2023-03-27,1.102,1.103,1.105,1.091,738989.0,512400,sh,有色金属ETF南方
2023-03-28,1.103,1.087,1.107,1.083,648833.0,512400,sh,有色金属ETF南方
2023-03-29,1.087,1.082,1.097,1.08,521513.0,512400,sh,有色金属ETF南方
2023-03-30,1.08,1.092,1.092,1.071,670650.0,512400,sh,有色金属ETF南方
2023-03-31,1.096,1.101,1.105,1.093,1006557.0,512400,sh,有色金属ETF南方
2023-04-03,1.101,1.107,1.111,1.092,1286395.0,512400,sh,有色金属ETF南方
2023-04-04,1.107,1.1,1.107,1.095,1410274.0,512400,sh,有色金属ETF南方
2023-04-06,1.099,1.115,1.115,1.095,1074415.0,512400,sh,有色金属ETF南方
2023-04-07,1.115,1.109,1.137,1.105,1225204.0,512400,sh,有色金属ETF南方
2023-04-10,1.107,1.115,1.116,1.1,1072230.0,512400,sh,有色金属ETF南方
2023-04-11,1.113,1.141,1.142,1.105,1623736.0,512400,sh,有色金属ETF南方
2023-04-12,1.141,1.147,1.152,1.135,1364884.0,512400,sh,有色金属ETF南方
2023-04-13,1.14,1.135,1.152,1.129,1406395.0,512400,sh,有色金属ETF南方
2023-04-14,1.142,1.171,1.173,1.142,2308645.0,512400,sh,有色金属ETF南方
2023-04-17,1.166,1.183,1.185,1.156,2383882.0,512400,sh,有色金属ETF南方
2023-04-18,1.18,1.182,1.195,1.171,1921313.0,512400,sh,有色金属ETF南方
2023-04-19,1.181,1.177,1.186,1.172,1293493.0,512400,sh,有色金属ETF南方
2023-04-20,1.172,1.151,1.172,1.14,2516598.0,512400,sh,有色金属ETF南方
2023-04-21,1.145,1.128,1.152,1.122,1964465.0,512400,sh,有色金属ETF南方
2023-04-24,1.123,1.1,1.124,1.093,1444203.0,512400,sh,有色金属ETF南方
2023-04-25,1.099,1.065,1.107,1.054,1646544.0,512400,sh,有色金属ETF南方
2023-04-26,1.06,1.078,1.092,1.048,1415043.0,512400,sh,有色金属ETF南方
2023-04-27,1.076,1.078,1.085,1.067,1044346.0,512400,sh,有色金属ETF南方
2023-04-28,1.077,1.088,1.094,1.075,1244700.0,512400,sh,有色金属ETF南方
2023-05-04,1.093,1.088,1.102,1.085,843073.0,512400,sh,有色金属ETF南方
2023-05-05,1.088,1.067,1.09,1.063,777274.0,512400,sh,有色金属ETF南方
2023-05-08,1.07,1.084,1.089,1.069,970694.0,512400,sh,有色金属ETF南方
2023-05-09,1.087,1.066,1.09,1.065,1031105.0,512400,sh,有色金属ETF南方
2023-05-10,1.066,1.074,1.081,1.064,850341.0,512400,sh,有色金属ETF南方
2023-05-11,1.071,1.066,1.074,1.062,705317.0,512400,sh,有色金属ETF南方
2023-05-12,1.061,1.03,1.062,1.03,1351403.0,512400,sh,有色金属ETF南方
2023-05-15,1.031,1.069,1.073,1.031,1552037.0,512400,sh,有色金属ETF南方
2023-05-16,1.07,1.062,1.072,1.059,891499.0,512400,sh,有色金属ETF南方
2023-05-17,1.057,1.053,1.062,1.048,952322.0,512400,sh,有色金属ETF南方
2023-05-18,1.057,1.053,1.061,1.043,861367.0,512400,sh,有色金属ETF南方
2023-05-19,1.046,1.042,1.05,1.033,697185.0,512400,sh,有色金属ETF南方
2023-05-22,1.041,1.044,1.048,1.037,568561.0,512400,sh,有色金属ETF南方
2023-05-23,1.045,1.027,1.045,1.027,847577.0,512400,sh,有色金属ETF南方
2023-05-24,1.027,1.022,1.034,1.02,803920.0,512400,sh,有色金属ETF南方
2023-05-25,1.018,1.009,1.021,0.999,1372860.0,512400,sh,有色金属ETF南方
2023-05-26,1.008,1.008,1.011,0.99,928542.0,512400,sh,有色金属ETF南方
2023-05-29,1.008,1.003,1.012,0.997,881177.0,512400,sh,有色金属ETF南方
2023-05-30,1.001,1.001,1.006,0.987,1408972.0,512400,sh,有色金属ETF南方
2023-05-31,1.001,0.999,1.004,0.991,1311069.0,512400,sh,有色金属ETF南方
2023-06-01,0.999,1.007,1.016,0.997,910708.0,512400,sh,有色金属ETF南方
2023-06-02,1.014,1.047,1.048,1.013,2081746.0,512400,sh,有色金属ETF南方
2023-06-05,1.041,1.034,1.041,1.029,2081426.0,512400,sh,有色金属ETF南方
2023-06-06,1.032,1.022,1.039,1.018,766596.0,512400,sh,有色金属ETF南方
2023-06-07,1.026,1.014,1.029,1.009,670259.0,512400,sh,有色金属ETF南方
2023-06-08,1.01,1.02,1.026,1.008,784506.0,512400,sh,有色金属ETF南方
2023-06-09,1.027,1.032,1.034,1.022,870303.0,512400,sh,有色金属ETF南方
2023-06-12,1.024,1.026,1.031,1.018,1118898.0,512400,sh,有色金属ETF南方
2023-06-13,1.026,1.026,1.029,1.018,749422.0,512400,sh,有色金属ETF南方
2023-06-14,1.031,1.028,1.034,1.022,2374629.0,512400,sh,有色金属ETF南方
2023-06-15,1.029,1.04,1.04,1.013,1762892.0,512400,sh,有色金属ETF南方
2023-06-16,1.037,1.046,1.048,1.037,1415129.0,512400,sh,有色金属ETF南方
2023-06-19,1.043,1.025,1.045,1.022,1075099.0,512400,sh,有色金属ETF南方
2023-06-20,1.021,1.018,1.025,1.014,926188.0,512400,sh,有色金属ETF南方
2023-06-21,1.015,0.998,1.021,0.998,804903.0,512400,sh,有色金属ETF南方
2023-06-26,0.995,0.99,1.004,0.989,776638.0,512400,sh,有色金属ETF南方
2023-06-27,0.99,1.006,1.006,0.987,1019444.0,512400,sh,有色金属ETF南方
2023-06-28,1.004,1.002,1.005,0.989,713463.0,512400,sh,有色金属ETF南方
2023-06-29,0.999,0.996,1.001,0.993,586048.0,512400,sh,有色金属ETF南方
2023-06-30,0.993,1.009,1.013,0.993,1123887.0,512400,sh,有色金属ETF南方
2023-07-03,1.013,1.027,1.028,1.013,968236.0,512400,sh,有色金属ETF南方
2023-07-04,1.035,1.024,1.043,1.019,989928.0,512400,sh,有色金属ETF南方
2023-07-05,1.019,1.045,1.046,1.019,1569280.0,512400,sh,有色金属ETF南方
2023-07-06,1.045,1.025,1.045,1.022,1100786.0,512400,sh,有色金属ETF南方
2023-07-07,1.021,1.024,1.032,1.007,1185691.0,512400,sh,有色金属ETF南方
2023-07-10,1.026,1.031,1.039,1.025,816040.0,512400,sh,有色金属ETF南方
2023-07-11,1.031,1.036,1.037,1.021,1464690.0,512400,sh,有色金属ETF南方
2023-07-12,1.036,1.033,1.041,1.029,882099.0,512400,sh,有色金属ETF南方
2023-07-13,1.046,1.055,1.059,1.033,1459198.0,512400,sh,有色金属ETF南方
2023-07-14,1.055,1.047,1.06,1.045,1078933.0,512400,sh,有色金属ETF南方
2023-07-17,1.043,1.034,1.044,1.03,1272739.0,512400,sh,有色金属ETF南方
2023-07-18,1.032,1.034,1.04,1.027,694090.0,512400,sh,有色金属ETF南方
2023-07-19,1.034,1.037,1.041,1.03,881424.0,512400,sh,有色金属ETF南方
2023-07-20,1.038,1.04,1.057,1.038,1037325.0,512400,sh,有色金属ETF南方
2023-07-21,1.037,1.03,1.04,1.025,833034.0,512400,sh,有色金属ETF南方
2023-07-24,1.027,1.013,1.028,1.011,867558.0,512400,sh,有色金属ETF南方
2023-07-25,1.023,1.047,1.047,1.023,1616732.0,512400,sh,有色金属ETF南方
2023-07-26,1.046,1.05,1.052,1.04,2114780.0,512400,sh,有色金属ETF南方
2023-07-27,1.05,1.041,1.051,1.037,959167.0,512400,sh,有色金属ETF南方
2023-07-28,1.032,1.048,1.05,1.023,2134695.0,512400,sh,有色金属ETF南方
2023-07-31,1.048,1.063,1.075,1.048,2504704.0,512400,sh,有色金属ETF南方
2023-08-01,1.064,1.065,1.073,1.056,2767760.0,512400,sh,有色金属ETF南方
2023-08-02,1.064,1.054,1.064,1.052,1108464.0,512400,sh,有色金属ETF南方
2023-08-03,1.052,1.051,1.053,1.044,1889382.0,512400,sh,有色金属ETF南方
2023-08-04,1.055,1.062,1.066,1.055,1887982.0,512400,sh,有色金属ETF南方
2023-08-07,1.054,1.055,1.062,1.051,1169767.0,512400,sh,有色金属ETF南方
2023-08-08,1.054,1.06,1.067,1.048,1488794.0,512400,sh,有色金属ETF南方
2023-08-09,1.055,1.049,1.059,1.047,1011718.0,512400,sh,有色金属ETF南方
2023-08-10,1.049,1.051,1.056,1.046,544979.0,512400,sh,有色金属ETF南方
2023-08-11,1.05,1.027,1.053,1.026,1058154.0,512400,sh,有色金属ETF南方
2023-08-14,1.021,1.018,1.025,1.006,1905140.0,512400,sh,有色金属ETF南方
2023-08-15,1.015,1.011,1.021,1.001,1131944.0,512400,sh,有色金属ETF南方
2023-08-16,1.005,1.0,1.011,1.0,920840.0,512400,sh,有色金属ETF南方
2023-08-17,0.996,1.006,1.006,0.984,1043044.0,512400,sh,有色金属ETF南方
2023-08-18,1.002,0.985,1.007,0.984,1146962.0,512400,sh,有色金属ETF南方
2023-08-21,0.984,0.976,0.989,0.975,815987.0,512400,sh,有色金属ETF南方
2023-08-22,0.977,0.982,0.986,0.966,1087559.0,512400,sh,有色金属ETF南方
2023-08-23,0.979,0.959,0.981,0.958,915364.0,512400,sh,有色金属ETF南方
2023-08-24,0.966,0.977,0.987,0.965,997195.0,512400,sh,有色金属ETF南方
2023-08-25,0.97,0.962,0.973,0.957,1550660.0,512400,sh,有色金属ETF南方
2023-08-28,1.01,0.967,1.013,0.961,1670746.0,512400,sh,有色金属ETF南方
2023-08-29,0.965,0.981,0.984,0.961,1361435.0,512400,sh,有色金属ETF南方
2023-08-30,0.982,0.982,0.995,0.977,780067.0,512400,sh,有色金属ETF南方
2023-08-31,0.981,0.972,0.986,0.969,846682.0,512400,sh,有色金属ETF南方
2023-09-01,0.974,0.994,0.997,0.973,1431984.0,512400,sh,有色金属ETF南方
2023-09-04,0.999,1.025,1.029,0.998,2596455.0,512400,sh,有色金属ETF南方
2023-09-05,1.017,1.02,1.023,1.011,1212885.0,512400,sh,有色金属ETF南方
2023-09-06,1.017,1.017,1.019,1.01,868978.0,512400,sh,有色金属ETF南方
2023-09-07,1.013,1.0,1.015,0.998,1436834.0,512400,sh,有色金属ETF南方
2023-09-08,0.999,0.99,1.002,0.987,980972.0,512400,sh,有色金属ETF南方
2023-09-11,0.991,1.006,1.012,0.987,1237900.0,512400,sh,有色金属ETF南方
2023-09-12,1.006,1.003,1.015,1.001,1027884.0,512400,sh,有色金属ETF南方
2023-09-13,1.001,0.997,1.006,0.991,885766.0,512400,sh,有色金属ETF南方
2023-09-14,0.997,1.003,1.005,0.996,1892637.0,512400,sh,有色金属ETF南方
2023-09-15,1.006,1.003,1.013,0.997,1099160.0,512400,sh,有色金属ETF南方
2023-09-18,0.998,1.004,1.007,0.988,1079220.0,512400,sh,有色金属ETF南方
2023-09-19,1.002,0.997,1.004,0.994,649621.0,512400,sh,有色金属ETF南方
2023-09-20,0.995,0.989,0.996,0.989,700213.0,512400,sh,有色金属ETF南方
2023-09-21,0.987,0.979,0.99,0.978,759204.0,512400,sh,有色金属ETF南方
2023-09-22,0.976,0.985,0.985,0.969,999747.0,512400,sh,有色金属ETF南方
2023-09-25,0.98,0.975,0.983,0.972,699544.0,512400,sh,有色金属ETF南方
2023-09-26,0.973,0.967,0.975,0.966,594485.0,512400,sh,有色金属ETF南方
2023-09-27,0.965,0.968,0.976,0.962,1211178.0,512400,sh,有色金属ETF南方
2023-09-28,0.968,0.965,0.973,0.961,667565.0,512400,sh,有色金属ETF南方
2023-10-09,0.96,0.961,0.963,0.946,872100.0,512400,sh,有色金属ETF南方
2023-10-10,0.96,0.965,0.974,0.96,786699.0,512400,sh,有色金属ETF南方
2023-10-11,0.967,0.955,0.968,0.952,926855.0,512400,sh,有色金属ETF南方
2023-10-12,0.959,0.982,0.983,0.959,1650868.0,512400,sh,有色金属ETF南方
2023-10-13,0.973,0.966,0.974,0.961,857118.0,512400,sh,有色金属ETF南方
2023-10-16,0.969,0.952,0.972,0.949,686804.0,512400,sh,有色金属ETF南方
2023-10-17,0.953,0.953,0.954,0.945,588777.0,512400,sh,有色金属ETF南方
2023-10-18,0.95,0.937,0.952,0.935,623980.0,512400,sh,有色金属ETF南方
2023-10-19,0.933,0.92,0.935,0.92,1375596.0,512400,sh,有色金属ETF南方
2023-10-20,0.919,0.925,0.936,0.918,814465.0,512400,sh,有色金属ETF南方
2023-10-23,0.923,0.899,0.923,0.891,762988.0,512400,sh,有色金属ETF南方
2023-10-24,0.899,0.915,0.915,0.899,997095.0,512400,sh,有色金属ETF南方
2023-10-25,0.923,0.921,0.933,0.92,902100.0,512400,sh,有色金属ETF南方
2023-10-26,0.917,0.923,0.924,0.908,569101.0,512400,sh,有色金属ETF南方
2023-10-27,0.917,0.941,0.944,0.916,646754.0,512400,sh,有色金属ETF南方
2023-10-30,0.941,0.947,0.955,0.939,670086.0,512400,sh,有色金属ETF南方
2023-10-31,0.943,0.943,0.948,0.936,526213.0,512400,sh,有色金属ETF南方
2023-11-01,0.944,0.938,0.945,0.933,354000.0,512400,sh,有色金属ETF南方
2023-11-02,0.939,0.926,0.945,0.926,607213.0,512400,sh,有色金属ETF南方
2023-11-03,0.929,0.93,0.934,0.926,629743.0,512400,sh,有色金属ETF南方
2023-11-06,0.938,0.938,0.94,0.928,1099540.0,512400,sh,有色金属ETF南方
2023-11-07,0.935,0.929,0.935,0.921,1131147.0,512400,sh,有色金属ETF南方
2023-11-08,0.923,0.921,0.927,0.915,737012.0,512400,sh,有色金属ETF南方
2023-11-09,0.917,0.924,0.928,0.916,704224.0,512400,sh,有色金属ETF南方
2023-11-10,0.92,0.918,0.922,0.915,481653.0,512400,sh,有色金属ETF南方
2023-11-13,0.92,0.923,0.924,0.914,581900.0,512400,sh,有色金属ETF南方
2023-11-14,0.926,0.921,0.926,0.916,577413.0,512400,sh,有色金属ETF南方
2023-11-15,0.931,0.939,0.943,0.931,1542959.0,512400,sh,有色金属ETF南方
2023-11-16,0.935,0.926,0.936,0.923,1110176.0,512400,sh,有色金属ETF南方
2023-11-17,0.922,0.928,0.929,0.919,632932.0,512400,sh,有色金属ETF南方
2023-11-20,0.93,0.93,0.931,0.919,752522.0,512400,sh,有色金属ETF南方
2023-11-21,0.931,0.932,0.942,0.93,690612.0,512400,sh,有色金属ETF南方
2023-11-22,0.928,0.913,0.93,0.912,1060607.0,512400,sh,有色金属ETF南方
2023-11-23,0.911,0.917,0.917,0.906,1004004.0,512400,sh,有色金属ETF南方
2023-11-24,0.913,0.906,0.914,0.905,612410.0,512400,sh,有色金属ETF南方
2023-11-27,0.904,0.9,0.909,0.896,531394.0,512400,sh,有色金属ETF南方
2023-11-28,0.899,0.903,0.903,0.893,362559.0,512400,sh,有色金属ETF南方
2023-11-29,0.905,0.904,0.91,0.902,446592.0,512400,sh,有色金属ETF南方
2023-11-30,0.9,0.898,0.904,0.892,545430.0,512400,sh,有色金属ETF南方
2023-12-01,0.897,0.898,0.902,0.889,586729.0,512400,sh,有色金属ETF南方
2023-12-04,0.903,0.907,0.918,0.899,1063235.0,512400,sh,有色金属ETF南方
2023-12-05,0.898,0.892,0.905,0.888,795272.0,512400,sh,有色金属ETF南方
2023-12-06,0.89,0.909,0.916,0.886,957154.0,512400,sh,有色金属ETF南方
2023-12-07,0.907,0.904,0.909,0.894,788462.0,512400,sh,有色金属ETF南方
2023-12-08,0.909,0.897,0.91,0.896,551821.0,512400,sh,有色金属ETF南方
2023-12-11,0.89,0.888,0.892,0.873,636454.0,512400,sh,有色金属ETF南方
2023-12-12,0.886,0.887,0.888,0.88,386522.0,512400,sh,有色金属ETF南方
2023-12-13,0.884,0.87,0.884,0.868,566336.0,512400,sh,有色金属ETF南方
2023-12-14,0.882,0.87,0.886,0.868,639218.0,512400,sh,有色金属ETF南方
2023-12-15,0.876,0.875,0.887,0.871,542899.0,512400,sh,有色金属ETF南方
2023-12-18,0.87,0.862,0.875,0.859,483033.0,512400,sh,有色金属ETF南方
2023-12-19,0.859,0.858,0.864,0.853,375481.0,512400,sh,有色金属ETF南方
2023-12-20,0.862,0.858,0.868,0.857,549819.0,512400,sh,有色金属ETF南方
2023-12-21,0.853,0.866,0.868,0.85,635198.0,512400,sh,有色金属ETF南方
2023-12-22,0.867,0.884,0.891,0.86,865686.0,512400,sh,有色金属ETF南方
2023-12-25,0.878,0.89,0.89,0.878,492122.0,512400,sh,有色金属ETF南方
2023-12-26,0.89,0.888,0.892,0.882,377974.0,512400,sh,有色金属ETF南方
2023-12-27,0.888,0.892,0.893,0.878,570841.0,512400,sh,有色金属ETF南方
2023-12-28,0.891,0.918,0.921,0.891,953032.0,512400,sh,有色金属ETF南方
2023-12-29,0.914,0.92,0.923,0.911,810114.0,512400,sh,有色金属ETF南方
2024-01-02,0.92,0.92,0.927,0.916,736987.0,512400,sh,有色金属ETF南方
2024-01-03,0.917,0.922,0.925,0.915,790975.0,512400,sh,有色金属ETF南方
2024-01-04,0.918,0.911,0.919,0.905,575278.0,512400,sh,有色金属ETF南方
2024-01-05,0.909,0.906,0.927,0.902,817483.0,512400,sh,有色金属ETF南方
2024-01-08,0.906,0.894,0.912,0.894,550225.0,512400,sh,有色金属ETF南方
2024-01-09,0.894,0.905,0.906,0.889,643538.0,512400,sh,有色金属ETF南方
2024-01-10,0.902,0.9,0.915,0.894,550980.0,512400,sh,有色金属ETF南方
2024-01-11,0.897,0.916,0.92,0.892,788253.0,512400,sh,有色金属ETF南方
2024-01-12,0.911,0.911,0.921,0.907,741864.0,512400,sh,有色金属ETF南方
2024-01-15,0.911,0.901,0.913,0.9,721378.0,512400,sh,有色金属ETF南方
2024-01-16,0.899,0.901,0.909,0.888,794502.0,512400,sh,有色金属ETF南方
2024-01-17,0.899,0.871,0.899,0.87,699939.0,512400,sh,有色金属ETF南方
2024-01-18,0.865,0.871,0.874,0.845,895474.0,512400,sh,有色金属ETF南方
2024-01-19,0.867,0.866,0.881,0.866,794647.0,512400,sh,有色金属ETF南方
2024-01-22,0.866,0.825,0.866,0.821,1092802.0,512400,sh,有色金属ETF南方
2024-01-23,0.823,0.836,0.841,0.813,970906.0,512400,sh,有色金属ETF南方
2024-01-24,0.837,0.847,0.851,0.819,922422.0,512400,sh,有色金属ETF南方
2024-01-25,0.847,0.872,0.875,0.846,1033089.0,512400,sh,有色金属ETF南方
2024-01-26,0.871,0.875,0.883,0.869,639081.0,512400,sh,有色金属ETF南方
2024-01-29,0.876,0.858,0.879,0.857,718476.0,512400,sh,有色金属ETF南方
2024-01-30,0.856,0.842,0.862,0.84,576237.0,512400,sh,有色金属ETF南方
2024-01-31,0.838,0.816,0.841,0.816,737371.0,512400,sh,有色金属ETF南方
2024-02-01,0.81,0.817,0.829,0.805,517365.0,512400,sh,有色金属ETF南方
2024-02-02,0.817,0.796,0.824,0.773,1050294.0,512400,sh,有色金属ETF南方
2024-02-05,0.785,0.775,0.794,0.753,869277.0,512400,sh,有色金属ETF南方
2024-02-06,0.766,0.817,0.821,0.766,914185.0,512400,sh,有色金属ETF南方
2024-02-07,0.82,0.851,0.851,0.815,1188423.0,512400,sh,有色金属ETF南方
2024-02-08,0.853,0.86,0.874,0.852,866353.0,512400,sh,有色金属ETF南方
2024-02-19,0.862,0.866,0.869,0.854,660369.0,512400,sh,有色金属ETF南方
2024-02-20,0.862,0.871,0.872,0.855,534874.0,512400,sh,有色金属ETF南方
2024-02-21,0.869,0.88,0.896,0.865,1003862.0,512400,sh,有色金属ETF南方
2024-02-22,0.877,0.888,0.89,0.871,691269.0,512400,sh,有色金属ETF南方
2024-02-23,0.891,0.898,0.901,0.887,568766.0,512400,sh,有色金属ETF南方
2024-02-26,0.895,0.889,0.904,0.885,659731.0,512400,sh,有色金属ETF南方
2024-02-27,0.886,0.897,0.898,0.882,561440.0,512400,sh,有色金属ETF南方
2024-02-28,0.897,0.887,0.918,0.886,776918.0,512400,sh,有色金属ETF南方
2024-02-29,0.887,0.91,0.915,0.885,927761.0,512400,sh,有色金属ETF南方
2024-03-01,0.909,0.92,0.923,0.909,906294.0,512400,sh,有色金属ETF南方
2024-03-04,0.925,0.925,0.935,0.919,710882.0,512400,sh,有色金属ETF南方
2024-03-05,0.926,0.924,0.936,0.919,924559.0,512400,sh,有色金属ETF南方
2024-03-06,0.925,0.929,0.937,0.917,577207.0,512400,sh,有色金属ETF南方
2024-03-07,0.933,0.958,0.971,0.933,3365812.0,512400,sh,有色金属ETF南方
2024-03-08,0.958,0.961,0.961,0.943,1891100.0,512400,sh,有色金属ETF南方
2024-03-11,0.963,0.973,0.974,0.958,1947841.0,512400,sh,有色金属ETF南方
2024-03-12,0.973,0.953,0.974,0.947,1505156.0,512400,sh,有色金属ETF南方
2024-03-13,0.95,0.96,0.964,0.945,1570259.0,512400,sh,有色金属ETF南方
2024-03-14,0.974,0.973,0.997,0.967,1910458.0,512400,sh,有色金属ETF南方
2024-03-15,0.965,1.008,1.009,0.963,3522317.0,512400,sh,有色金属ETF南方
2024-03-18,1.008,1.01,1.014,0.994,3209613.0,512400,sh,有色金属ETF南方
2024-03-19,1.005,1.003,1.026,1.002,2180174.0,512400,sh,有色金属ETF南方
2024-03-20,0.997,1.002,1.007,0.989,1526518.0,512400,sh,有色金属ETF南方
2024-03-21,1.015,1.006,1.021,1.001,1868072.0,512400,sh,有色金属ETF南方
2024-03-22,0.999,0.98,1.003,0.974,3148571.0,512400,sh,有色金属ETF南方
2024-03-25,0.977,0.986,1.004,0.977,2311164.0,512400,sh,有色金属ETF南方
2024-03-26,0.987,0.984,0.992,0.97,1848827.0,512400,sh,有色金属ETF南方
2024-03-27,0.984,0.97,0.987,0.97,1220830.0,512400,sh,有色金属ETF南方
2024-03-28,0.967,0.988,0.996,0.967,1703367.0,512400,sh,有色金属ETF南方
2024-03-29,0.997,1.022,1.022,0.997,2711576.0,512400,sh,有色金属ETF南方
2024-04-01,1.035,1.042,1.052,1.03,2913708.0,512400,sh,有色金属ETF南方
2024-04-02,1.042,1.053,1.054,1.037,2300785.0,512400,sh,有色金属ETF南方
2024-04-03,1.063,1.089,1.094,1.054,4120930.0,512400,sh,有色金属ETF南方
2024-04-08,1.094,1.086,1.13,1.078,5919135.0,512400,sh,有色金属ETF南方
2024-04-09,1.079,1.09,1.099,1.074,4353849.0,512400,sh,有色金属ETF南方
2024-04-10,1.094,1.097,1.107,1.076,2856806.0,512400,sh,有色金属ETF南方
2024-04-11,1.075,1.094,1.122,1.069,3526576.0,512400,sh,有色金属ETF南方
2024-04-12,1.105,1.105,1.115,1.088,2316687.0,512400,sh,有色金属ETF南方
2024-04-15,1.091,1.104,1.106,1.063,2277918.0,512400,sh,有色金属ETF南方
2024-04-16,1.097,1.055,1.103,1.05,3017477.0,512400,sh,有色金属ETF南方
2024-04-17,1.054,1.078,1.08,1.05,1997690.0,512400,sh,有色金属ETF南方
2024-04-18,1.073,1.093,1.096,1.066,2066119.0,512400,sh,有色金属ETF南方
2024-04-19,1.094,1.086,1.118,1.076,2196944.0,512400,sh,有色金属ETF南方
2024-04-22,1.092,1.061,1.104,1.06,1752760.0,512400,sh,有色金属ETF南方
2024-04-23,1.039,1.012,1.042,1.011,3361269.0,512400,sh,有色金属ETF南方
2024-04-24,1.004,1.022,1.024,1.001,1821362.0,512400,sh,有色金属ETF南方
2024-04-25,1.015,1.032,1.04,1.007,1753719.0,512400,sh,有色金属ETF南方
2024-04-26,1.034,1.06,1.061,1.028,1634566.0,512400,sh,有色金属ETF南方
2024-04-29,1.059,1.054,1.059,1.039,1839459.0,512400,sh,有色金属ETF南方
2024-04-30,1.054,1.044,1.064,1.041,1530273.0,512400,sh,有色金属ETF南方
2024-05-06,1.035,1.052,1.053,1.024,1936487.0,512400,sh,有色金属ETF南方
2024-05-07,1.057,1.06,1.074,1.055,1719927.0,512400,sh,有色金属ETF南方
2024-05-08,1.051,1.052,1.062,1.038,1587962.0,512400,sh,有色金属ETF南方
2024-05-09,1.049,1.078,1.085,1.046,2305313.0,512400,sh,有色金属ETF南方
2024-05-10,1.091,1.086,1.097,1.066,1963496.0,512400,sh,有色金属ETF南方
2024-05-13,1.073,1.072,1.078,1.058,1870669.0,512400,sh,有色金属ETF南方
2024-05-14,1.078,1.079,1.09,1.07,1520211.0,512400,sh,有色金属ETF南方
2024-05-15,1.076,1.067,1.09,1.066,2055667.0,512400,sh,有色金属ETF南方
2024-05-16,1.081,1.061,1.088,1.056,1904405.0,512400,sh,有色金属ETF南方
2024-05-17,1.057,1.076,1.077,1.047,1789380.0,512400,sh,有色金属ETF南方
2024-05-20,1.105,1.117,1.125,1.088,4238313.0,512400,sh,有色金属ETF南方
2024-05-21,1.118,1.082,1.121,1.078,2982244.0,512400,sh,有色金属ETF南方
2024-05-22,1.079,1.072,1.089,1.067,2349531.0,512400,sh,有色金属ETF南方
2024-05-23,1.043,1.037,1.046,1.027,2577443.0,512400,sh,有色金属ETF南方
2024-05-24,1.031,1.037,1.044,1.03,2074175.0,512400,sh,有色金属ETF南方
2024-05-27,1.034,1.052,1.053,1.034,2335412.0,512400,sh,有色金属ETF南方
2024-05-28,1.059,1.05,1.071,1.049,2334685.0,512400,sh,有色金属ETF南方
2024-05-29,1.049,1.077,1.084,1.049,3977952.0,512400,sh,有色金属ETF南方
2024-05-30,1.076,1.045,1.079,1.041,2127309.0,512400,sh,有色金属ETF南方
2024-05-31,1.043,1.04,1.049,1.032,1156642.0,512400,sh,有色金属ETF南方
2024-06-03,1.032,1.019,1.036,1.009,2148340.0,512400,sh,有色金属ETF南方
2024-06-04,1.019,1.031,1.038,1.013,1530752.0,512400,sh,有色金属ETF南方
2024-06-05,1.015,1.007,1.021,1.005,2091507.0,512400,sh,有色金属ETF南方
2024-06-06,1.017,1.017,1.03,1.014,2047301.0,512400,sh,有色金属ETF南方
2024-06-07,1.028,1.019,1.031,1.005,1826495.0,512400,sh,有色金属ETF南方
2024-06-11,0.995,0.996,0.998,0.986,1950651.0,512400,sh,有色金属ETF南方
2024-06-12,0.991,1.005,1.009,0.991,1065280.0,512400,sh,有色金属ETF南方
2024-06-13,1.005,0.988,1.005,0.98,1846573.0,512400,sh,有色金属ETF南方
2024-06-14,0.981,0.991,0.993,0.977,1036370.0,512400,sh,有色金属ETF南方
2024-06-17,0.989,0.978,0.995,0.977,1370064.0,512400,sh,有色金属ETF南方
2024-06-18,0.978,0.985,0.99,0.971,2761371.0,512400,sh,有色金属ETF南方
2024-06-19,0.989,0.989,1.001,0.985,1790019.0,512400,sh,有色金属ETF南方
2024-06-20,0.991,0.982,1.003,0.979,2126734.0,512400,sh,有色金属ETF南方
2024-06-21,0.986,0.977,0.99,0.973,1556487.0,512400,sh,有色金属ETF南方
2024-06-24,0.962,0.955,0.967,0.951,1220757.0,512400,sh,有色金属ETF南方
2024-06-25,0.955,0.956,0.967,0.95,1339785.0,512400,sh,有色金属ETF南方
2024-06-26,0.951,0.966,0.967,0.939,1860058.0,512400,sh,有色金属ETF南方
2024-06-27,0.958,0.943,0.963,0.942,1177421.0,512400,sh,有色金属ETF南方
2024-06-28,0.942,0.962,0.97,0.942,1493100.0,512400,sh,有色金属ETF南方
2024-07-01,0.97,0.985,0.988,0.962,1602251.0,512400,sh,有色金属ETF南方
2024-07-02,0.985,0.973,0.986,0.969,1064898.0,512400,sh,有色金属ETF南方
2024-07-03,0.972,0.973,0.976,0.965,1084165.0,512400,sh,有色金属ETF南方
2024-07-04,0.981,0.966,0.989,0.965,1479078.0,512400,sh,有色金属ETF南方
2024-07-05,0.965,0.992,0.993,0.957,1987527.0,512400,sh,有色金属ETF南方
2024-07-08,0.991,0.981,0.998,0.98,1427813.0,512400,sh,有色金属ETF南方
2024-07-09,0.978,1.002,1.005,0.977,1954310.0,512400,sh,有色金属ETF南方
2024-07-10,1.001,0.987,1.015,0.983,1833539.0,512400,sh,有色金属ETF南方
2024-07-11,0.995,1.025,1.029,0.99,2744563.0,512400,sh,有色金属ETF南方
2024-07-12,1.031,1.006,1.032,1.0,2432497.0,512400,sh,有色金属ETF南方
2024-07-15,1.003,1.013,1.023,0.998,1655659.0,512400,sh,有色金属ETF南方
2024-07-16,1.011,1.022,1.025,1.007,1367568.0,512400,sh,有色金属ETF南方
2024-07-17,1.027,0.995,1.029,0.993,2002973.0,512400,sh,有色金属ETF南方
2024-07-18,0.987,0.994,0.995,0.972,2014743.0,512400,sh,有色金属ETF南方
2024-07-19,0.978,0.977,0.98,0.953,1711976.0,512400,sh,有色金属ETF南方
2024-07-22,0.969,0.965,0.973,0.957,1226168.0,512400,sh,有色金属ETF南方
2024-07-23,0.962,0.919,0.969,0.918,2005425.0,512400,sh,有色金属ETF南方
2024-07-24,0.916,0.911,0.923,0.907,1453422.0,512400,sh,有色金属ETF南方
2024-07-25,0.9,0.888,0.903,0.885,1580831.0,512400,sh,有色金属ETF南方
2024-07-26,0.888,0.91,0.916,0.888,1927606.0,512400,sh,有色金属ETF南方
2024-07-29,0.913,0.908,0.919,0.905,1050985.0,512400,sh,有色金属ETF南方
2024-07-30,0.903,0.9,0.904,0.891,1211388.0,512400,sh,有色金属ETF南方
2024-07-31,0.903,0.936,0.936,0.902,1696846.0,512400,sh,有色金属ETF南方
2024-08-01,0.945,0.933,0.951,0.928,1353683.0,512400,sh,有色金属ETF南方
2024-08-02,0.918,0.917,0.924,0.913,908604.0,512400,sh,有色金属ETF南方
2024-08-05,0.907,0.894,0.919,0.894,1203965.0,512400,sh,有色金属ETF南方
2024-08-06,0.897,0.894,0.905,0.885,956806.0,512400,sh,有色金属ETF南方
2024-08-07,0.894,0.897,0.904,0.885,1350423.0,512400,sh,有色金属ETF南方
2024-08-08,0.892,0.888,0.893,0.879,1057392.0,512400,sh,有色金属ETF南方
2024-08-09,0.896,0.893,0.907,0.892,1329301.0,512400,sh,有色金属ETF南方
2024-08-12,0.891,0.893,0.896,0.887,826596.0,512400,sh,有色金属ETF南方
2024-08-13,0.9,0.897,0.901,0.888,988252.0,512400,sh,有色金属ETF南方
2024-08-14,0.894,0.884,0.899,0.883,1123076.0,512400,sh,有色金属ETF南方
2024-08-15,0.881,0.893,0.897,0.877,1117433.0,512400,sh,有色金属ETF南方
2024-08-16,0.901,0.894,0.906,0.89,1185928.0,512400,sh,有色金属ETF南方
2024-08-19,0.896,0.909,0.918,0.895,1574633.0,512400,sh,有色金属ETF南方
2024-08-20,0.909,0.898,0.916,0.894,1913419.0,512400,sh,有色金属ETF南方
2024-08-21,0.896,0.908,0.911,0.892,1996449.0,512400,sh,有色金属ETF南方
2024-08-22,0.908,0.895,0.909,0.894,864022.0,512400,sh,有色金属ETF南方
2024-08-23,0.889,0.892,0.895,0.884,769627.0,512400,sh,有色金属ETF南方
2024-08-26,0.9,0.904,0.904,0.893,869977.0,512400,sh,有色金属ETF南方
2024-08-27,0.9,0.891,0.9,0.884,863297.0,512400,sh,有色金属ETF南方
2024-08-28,0.887,0.883,0.9,0.879,1193066.0,512400,sh,有色金属ETF南方
2024-08-29,0.876,0.89,0.895,0.872,940321.0,512400,sh,有色金属ETF南方
2024-08-30,0.889,0.896,0.906,0.884,1685121.0,512400,sh,有色金属ETF南方
2024-09-02,0.891,0.875,0.891,0.872,1425950.0,512400,sh,有色金属ETF南方
2024-09-03,0.872,0.878,0.886,0.868,971688.0,512400,sh,有色金属ETF南方
2024-09-04,0.87,0.857,0.87,0.855,1219792.0,512400,sh,有色金属ETF南方
2024-09-05,0.857,0.857,0.871,0.852,1691840.0,512400,sh,有色金属ETF南方
2024-09-06,0.857,0.852,0.861,0.85,870535.0,512400,sh,有色金属ETF南方
2024-09-09,0.846,0.837,0.846,0.829,1528003.0,512400,sh,有色金属ETF南方
2024-09-10,0.837,0.833,0.839,0.821,1018789.0,512400,sh,有色金属ETF南方
2024-09-11,0.83,0.842,0.843,0.83,906923.0,512400,sh,有色金属ETF南方
2024-09-12,0.844,0.841,0.852,0.838,1317915.0,512400,sh,有色金属ETF南方
2024-09-13,0.849,0.838,0.855,0.837,892982.0,512400,sh,有色金属ETF南方
2024-09-18,0.841,0.845,0.849,0.831,1017906.0,512400,sh,有色金属ETF南方
2024-09-19,0.845,0.872,0.872,0.834,1897553.0,512400,sh,有色金属ETF南方
2024-09-20,0.87,0.883,0.883,0.864,1294999.0,512400,sh,有色金属ETF南方
2024-09-23,0.878,0.882,0.893,0.878,1315073.0,512400,sh,有色金属ETF南方
2024-09-24,0.886,0.918,0.918,0.886,1520494.0,512400,sh,有色金属ETF南方
2024-09-25,0.93,0.927,0.954,0.926,2043304.0,512400,sh,有色金属ETF南方
2024-09-26,0.925,0.964,0.964,0.924,1878785.0,512400,sh,有色金属ETF南方
2024-09-27,0.981,1.008,1.012,0.975,907945.0,512400,sh,有色金属ETF南方
2024-09-30,1.065,1.103,1.107,1.02,4999804.0,512400,sh,有色金属ETF南方
2024-10-08,1.215,1.128,1.215,1.052,10113322.0,512400,sh,有色金属ETF南方
2024-10-09,1.08,1.014,1.08,1.014,4521909.0,512400,sh,有色金属ETF南方
2024-10-10,1.008,1.031,1.058,1.003,4128044.0,512400,sh,有色金属ETF南方
2024-10-11,1.036,1.008,1.036,0.997,2393353.0,512400,sh,有色金属ETF南方
2024-10-14,1.012,1.039,1.043,1.01,2344686.0,512400,sh,有色金属ETF南方
2024-10-15,1.028,1.003,1.034,1.002,1994287.0,512400,sh,有色金属ETF南方
2024-10-16,0.995,1.012,1.019,0.991,2674864.0,512400,sh,有色金属ETF南方
2024-10-17,1.015,0.996,1.022,0.995,1425961.0,512400,sh,有色金属ETF南方
2024-10-18,0.994,1.021,1.037,0.994,2840495.0,512400,sh,有色金属ETF南方
2024-10-21,1.028,1.046,1.057,1.026,2806914.0,512400,sh,有色金属ETF南方
2024-10-22,1.044,1.053,1.055,1.034,2415729.0,512400,sh,有色金属ETF南方
2024-10-23,1.059,1.055,1.065,1.04,2878004.0,512400,sh,有色金属ETF南方
2024-10-24,1.043,1.04,1.045,1.027,1776221.0,512400,sh,有色金属ETF南方
2024-10-25,1.037,1.044,1.057,1.031,1909293.0,512400,sh,有色金属ETF南方
2024-10-28,1.046,1.054,1.054,1.039,1769152.0,512400,sh,有色金属ETF南方
2024-10-29,1.056,1.037,1.056,1.034,2312522.0,512400,sh,有色金属ETF南方
2024-10-30,1.032,1.025,1.042,1.015,1664244.0,512400,sh,有色金属ETF南方
2024-10-31,1.023,1.021,1.031,1.014,1355588.0,512400,sh,有色金属ETF南方
2024-11-01,1.018,1.06,1.081,1.015,4542731.0,512400,sh,有色金属ETF南方
2024-11-04,1.069,1.061,1.071,1.042,2780190.0,512400,sh,有色金属ETF南方
2024-11-05,1.055,1.095,1.1,1.051,4098897.0,512400,sh,有色金属ETF南方
2024-11-06,1.097,1.105,1.123,1.09,4100063.0,512400,sh,有色金属ETF南方
2024-11-07,1.084,1.103,1.103,1.068,3788433.0,512400,sh,有色金属ETF南方
2024-11-08,1.122,1.089,1.127,1.086,4057385.0,512400,sh,有色金属ETF南方
2024-11-11,1.074,1.092,1.093,1.068,2478696.0,512400,sh,有色金属ETF南方
2024-11-12,1.085,1.076,1.112,1.067,2470626.0,512400,sh,有色金属ETF南方
2024-11-13,1.073,1.085,1.096,1.069,1974523.0,512400,sh,有色金属ETF南方
2024-11-14,1.079,1.049,1.084,1.046,2275366.0,512400,sh,有色金属ETF南方
2024-11-15,1.044,1.031,1.059,1.03,1777580.0,512400,sh,有色金属ETF南方
2024-11-18,1.028,1.012,1.035,1.005,1976319.0,512400,sh,有色金属ETF南方
2024-11-19,1.016,1.047,1.049,1.014,1944378.0,512400,sh,有色金属ETF南方
2024-11-20,1.048,1.053,1.057,1.042,2111852.0,512400,sh,有色金属ETF南方
2024-11-21,1.05,1.055,1.057,1.043,1986621.0,512400,sh,有色金属ETF南方
2024-11-22,1.053,1.027,1.057,1.025,1014763.0,512400,sh,有色金属ETF南方
2024-11-25,1.031,1.023,1.043,1.012,1095997.0,512400,sh,有色金属ETF南方
2024-11-26,1.019,1.008,1.022,1.006,825595.0,512400,sh,有色金属ETF南方
2024-11-27,1.008,1.019,1.019,0.986,1446829.0,512400,sh,有色金属ETF南方
2024-11-28,1.019,1.004,1.019,1.002,940520.0,512400,sh,有色金属ETF南方
2024-11-29,1.002,1.016,1.023,0.996,1108486.0,512400,sh,有色金属ETF南方
2024-12-02,1.017,1.026,1.028,1.014,1232265.0,512400,sh,有色金属ETF南方
2024-12-03,1.025,1.025,1.027,1.016,1641326.0,512400,sh,有色金属ETF南方
2024-12-04,1.032,1.026,1.037,1.024,1471559.0,512400,sh,有色金属ETF南方
2024-12-05,1.025,1.019,1.025,1.013,849801.0,512400,sh,有色金属ETF南方
2024-12-06,1.015,1.029,1.031,1.011,1871537.0,512400,sh,有色金属ETF南方
2024-12-09,1.027,1.028,1.04,1.024,1361676.0,512400,sh,有色金属ETF南方
2024-12-10,1.055,1.033,1.061,1.03,1917237.0,512400,sh,有色金属ETF南方
2024-12-11,1.034,1.046,1.054,1.031,1332497.0,512400,sh,有色金属ETF南方
2024-12-12,1.046,1.052,1.054,1.042,1149043.0,512400,sh,有色金属ETF南方
2024-12-13,1.045,1.022,1.045,1.02,1298070.0,512400,sh,有色金属ETF南方
2024-12-16,1.021,1.006,1.022,1.001,1058922.0,512400,sh,有色金属ETF南方
2024-12-17,1.005,0.999,1.01,0.997,756223.0,512400,sh,有色金属ETF南方
2024-12-18,1.0,0.994,1.004,0.992,1083969.0,512400,sh,有色金属ETF南方
2024-12-19,0.988,0.99,0.991,0.973,1028083.0,512400,sh,有色金属ETF南方
2024-12-20,0.985,0.984,0.99,0.981,1086654.0,512400,sh,有色金属ETF南方
2024-12-23,0.983,0.981,0.99,0.978,1291200.0,512400,sh,有色金属ETF南方
2024-12-24,0.982,0.989,0.99,0.977,2589440.0,512400,sh,有色金属ETF南方
2024-12-25,0.989,0.979,0.989,0.973,1405272.0,512400,sh,有色金属ETF南方
2024-12-26,0.981,0.983,0.987,0.979,731351.0,512400,sh,有色金属ETF南方
2024-12-27,0.979,0.978,0.987,0.976,1235146.0,512400,sh,有色金属ETF南方
2024-12-30,0.978,0.981,0.984,0.975,973435.0,512400,sh,有色金属ETF南方
2024-12-31,0.981,0.958,0.982,0.957,1765141.0,512400,sh,有色金属ETF南方
2025-01-02,0.957,0.948,0.97,0.942,1479495.0,512400,sh,有色金属ETF南方
2025-01-03,0.949,0.957,0.98,0.949,1934381.0,512400,sh,有色金属ETF南方
2025-01-06,0.957,0.966,0.981,0.95,2954617.0,512400,sh,有色金属ETF南方
2025-01-07,0.966,0.985,0.985,0.957,1724958.0,512400,sh,有色金属ETF南方
2025-01-08,0.984,0.969,0.984,0.954,1726189.0,512400,sh,有色金属ETF南方
2025-01-09,0.966,0.976,0.978,0.963,1395577.0,512400,sh,有色金属ETF南方
2025-01-10,0.976,0.972,0.99,0.97,1520947.0,512400,sh,有色金属ETF南方
2025-01-13,0.967,0.995,1.001,0.964,3186696.0,512400,sh,有色金属ETF南方
2025-01-14,0.994,1.01,1.01,0.984,2530194.0,512400,sh,有色金属ETF南方
2025-01-15,1.005,0.999,1.011,0.99,1821652.0,512400,sh,有色金属ETF南方
2025-01-16,1.005,1.017,1.021,1.003,3116270.0,512400,sh,有色金属ETF南方
2025-01-17,1.017,1.022,1.024,1.013,1159800.0,512400,sh,有色金属ETF南方
2025-01-20,1.021,1.012,1.022,1.009,2226817.0,512400,sh,有色金属ETF南方
2025-01-21,1.012,1.006,1.014,0.997,1395473.0,512400,sh,有色金属ETF南方
2025-01-22,1.006,1.006,1.009,0.998,1002968.0,512400,sh,有色金属ETF南方
2025-01-23,1.008,0.999,1.021,0.998,1035857.0,512400,sh,有色金属ETF南方
2025-01-24,0.997,1.009,1.01,0.993,1133054.0,512400,sh,有色金属ETF南方
2025-01-27,1.008,1.005,1.017,1.003,815978.0,512400,sh,有色金属ETF南方
2025-02-05,1.014,1.017,1.021,1.009,1230509.0,512400,sh,有色金属ETF南方
2025-02-06,1.019,1.03,1.03,1.014,1334282.0,512400,sh,有色金属ETF南方
2025-02-07,1.028,1.043,1.047,1.021,3944689.0,512400,sh,有色金属ETF南方
2025-02-10,1.044,1.045,1.05,1.038,2095183.0,512400,sh,有色金属ETF南方
2025-02-11,1.047,1.045,1.059,1.043,1897571.0,512400,sh,有色金属ETF南方
2025-02-12,1.04,1.039,1.041,1.025,2104820.0,512400,sh,有色金属ETF南方
2025-02-13,1.036,1.032,1.046,1.031,2201906.0,512400,sh,有色金属ETF南方
2025-02-14,1.035,1.04,1.043,1.031,5000346.0,512400,sh,有色金属ETF南方
2025-02-17,1.031,1.015,1.031,1.011,2627236.0,512400,sh,有色金属ETF南方
2025-02-18,1.014,1.006,1.019,1.003,1225258.0,512400,sh,有色金属ETF南方
2025-02-19,1.008,1.015,1.015,1.005,1113335.0,512400,sh,有色金属ETF南方
2025-02-20,1.013,1.02,1.021,1.011,1304987.0,512400,sh,有色金属ETF南方
2025-02-21,1.02,1.016,1.029,1.013,1424762.0,512400,sh,有色金属ETF南方
2025-02-24,1.013,1.015,1.017,1.007,1302894.0,512400,sh,有色金属ETF南方
2025-02-25,1.011,1.002,1.019,1.001,1381401.0,512400,sh,有色金属ETF南方
2025-02-26,1.002,1.008,1.015,1.001,1151208.0,512400,sh,有色金属ETF南方
2025-02-27,1.007,1.003,1.009,0.993,1379325.0,512400,sh,有色金属ETF南方
2025-02-28,1.001,0.985,1.002,0.985,2473278.0,512400,sh,有色金属ETF南方
2025-03-03,0.992,1.012,1.021,0.992,2972719.0,512400,sh,有色金属ETF南方
2025-03-04,1.012,1.015,1.017,1.0,2286328.0,512400,sh,有色金属ETF南方
2025-03-05,1.013,1.025,1.026,1.003,1807212.0,512400,sh,有色金属ETF南方
2025-03-06,1.028,1.039,1.04,1.028,2273588.0,512400,sh,有色金属ETF南方
2025-03-07,1.036,1.053,1.064,1.036,2871898.0,512400,sh,有色金属ETF南方
2025-03-10,1.062,1.065,1.067,1.05,2855488.0,512400,sh,有色金属ETF南方
2025-03-11,1.05,1.071,1.073,1.046,2455239.0,512400,sh,有色金属ETF南方
2025-03-12,1.075,1.071,1.08,1.065,2978521.0,512400,sh,有色金属ETF南方
2025-03-13,1.075,1.078,1.085,1.067,2843582.0,512400,sh,有色金属ETF南方
2025-03-14,1.1,1.091,1.11,1.084,4139964.0,512400,sh,有色金属ETF南方
2025-03-17,1.092,1.081,1.094,1.079,1813748.0,512400,sh,有色金属ETF南方
2025-03-18,1.081,1.096,1.106,1.081,1760585.0,512400,sh,有色金属ETF南方
2025-03-19,1.095,1.095,1.097,1.084,4014323.0,512400,sh,有色金属ETF南方
2025-03-20,1.103,1.092,1.107,1.091,2349251.0,512400,sh,有色金属ETF南方
2025-03-21,1.089,1.066,1.094,1.062,2451013.0,512400,sh,有色金属ETF南方
2025-03-24,1.066,1.087,1.09,1.062,2164731.0,512400,sh,有色金属ETF南方
2025-03-25,1.087,1.089,1.096,1.078,2627120.0,512400,sh,有色金属ETF南方
2025-03-26,1.097,1.082,1.111,1.08,2102669.0,512400,sh,有色金属ETF南方
2025-03-27,1.072,1.071,1.079,1.063,1491434.0,512400,sh,有色金属ETF南方
2025-03-28,1.073,1.071,1.078,1.06,2803932.0,512400,sh,有色金属ETF南方
2025-03-31,1.068,1.062,1.072,1.051,1448078.0,512400,sh,有色金属ETF南方
2025-04-01,1.064,1.065,1.074,1.06,2472503.0,512400,sh,有色金属ETF南方
2025-04-02,1.061,1.054,1.069,1.052,1089162.0,512400,sh,有色金属ETF南方
2025-04-03,1.051,1.038,1.055,1.036,3365378.0,512400,sh,有色金属ETF南方
2025-04-07,0.968,0.933,0.974,0.933,4255870.0,512400,sh,有色金属ETF南方
2025-04-08,0.943,0.946,0.947,0.923,2611825.0,512400,sh,有色金属ETF南方
2025-04-09,0.935,0.958,0.962,0.909,1457682.0,512400,sh,有色金属ETF南方
2025-04-10,0.98,0.995,1.007,0.975,2491459.0,512400,sh,有色金属ETF南方
2025-04-11,1.0,1.003,1.01,0.997,948872.0,512400,sh,有色金属ETF南方
2025-04-14,1.008,1.028,1.038,1.008,1486737.0,512400,sh,有色金属ETF南方
2025-04-15,1.025,1.02,1.026,1.012,803293.0,512400,sh,有色金属ETF南方
2025-04-16,1.028,1.019,1.028,1.004,680806.0,512400,sh,有色金属ETF南方
2025-04-17,1.025,1.014,1.036,1.011,959703.0,512400,sh,有色金属ETF南方
2025-04-18,1.007,1.011,1.013,0.999,493553.0,512400,sh,有色金属ETF南方
2025-04-21,1.015,1.05,1.051,1.015,1799443.0,512400,sh,有色金属ETF南方
2025-04-22,1.051,1.045,1.056,1.042,1007700.0,512400,sh,有色金属ETF南方
2025-04-23,1.037,1.03,1.042,1.026,1042855.0,512400,sh,有色金属ETF南方
2025-04-24,1.034,1.023,1.041,1.022,804693.0,512400,sh,有色金属ETF南方
2025-04-25,1.026,1.025,1.037,1.023,640131.0,512400,sh,有色金属ETF南方
2025-04-28,1.023,1.021,1.025,1.016,563857.0,512400,sh,有色金属ETF南方
2025-04-29,1.018,1.019,1.024,1.016,450359.0,512400,sh,有色金属ETF南方
2025-04-30,1.019,1.017,1.024,1.015,370515.0,512400,sh,有色金属ETF南方
2025-05-06,1.026,1.042,1.042,1.026,1102502.0,512400,sh,有色金属ETF南方
2025-05-07,1.046,1.045,1.05,1.037,758957.0,512400,sh,有色金属ETF南方
2025-05-08,1.041,1.037,1.044,1.032,739448.0,512400,sh,有色金属ETF南方
2025-05-09,1.033,1.034,1.037,1.027,574163.0,512400,sh,有色金属ETF南方
2025-05-12,1.034,1.043,1.044,1.027,1393174.0,512400,sh,有色金属ETF南方
2025-05-13,1.043,1.047,1.049,1.039,806356.0,512400,sh,有色金属ETF南方
2025-05-14,1.046,1.055,1.055,1.042,851571.0,512400,sh,有色金属ETF南方
2025-05-15,1.052,1.042,1.053,1.037,536751.0,512400,sh,有色金属ETF南方
2025-05-16,1.042,1.04,1.048,1.036,1072267.0,512400,sh,有色金属ETF南方
2025-05-19,1.04,1.036,1.042,1.03,398505.0,512400,sh,有色金属ETF南方
2025-05-20,1.035,1.04,1.042,1.034,342493.0,512400,sh,有色金属ETF南方
2025-05-21,1.045,1.063,1.063,1.043,1244465.0,512400,sh,有色金属ETF南方
2025-05-22,1.06,1.053,1.063,1.051,541464.0,512400,sh,有色金属ETF南方
2025-05-23,1.051,1.054,1.061,1.049,584160.0,512400,sh,有色金属ETF南方
2025-05-26,1.049,1.054,1.063,1.048,1195612.0,512400,sh,有色金属ETF南方
2025-05-27,1.05,1.033,1.053,1.027,1349864.0,512400,sh,有色金属ETF南方
2025-05-28,1.029,1.032,1.037,1.029,331585.0,512400,sh,有色金属ETF南方
2025-05-29,1.027,1.037,1.04,1.024,446432.0,512400,sh,有色金属ETF南方
2025-05-30,1.037,1.029,1.037,1.025,582107.0,512400,sh,有色金属ETF南方
2025-06-03,1.038,1.042,1.048,1.037,540674.0,512400,sh,有色金属ETF南方
2025-06-04,1.04,1.055,1.06,1.04,863021.0,512400,sh,有色金属ETF南方
2025-06-05,1.056,1.051,1.062,1.05,1521227.0,512400,sh,有色金属ETF南方
2025-06-06,1.054,1.064,1.068,1.054,1292179.0,512400,sh,有色金属ETF南方
2025-06-09,1.059,1.067,1.069,1.052,1283210.0,512400,sh,有色金属ETF南方
2025-06-10,1.065,1.068,1.073,1.06,878724.0,512400,sh,有色金属ETF南方
2025-06-11,1.068,1.09,1.094,1.066,1413730.0,512400,sh,有色金属ETF南方
2025-06-12,1.09,1.102,1.104,1.083,1430533.0,512400,sh,有色金属ETF南方
2025-06-13,1.106,1.101,1.111,1.096,1246013.0,512400,sh,有色金属ETF南方
2025-06-16,1.101,1.097,1.109,1.092,1481701.0,512400,sh,有色金属ETF南方
2025-06-17,1.094,1.097,1.104,1.093,781346.0,512400,sh,有色金属ETF南方
2025-06-18,1.099,1.095,1.1,1.084,679759.0,512400,sh,有色金属ETF南方
2025-06-19,1.088,1.076,1.094,1.073,879363.0,512400,sh,有色金属ETF南方
2025-06-20,1.075,1.072,1.081,1.07,587121.0,512400,sh,有色金属ETF南方
2025-06-23,1.071,1.082,1.083,1.071,752257.0,512400,sh,有色金属ETF南方
2025-06-24,1.082,1.088,1.096,1.077,677898.0,512400,sh,有色金属ETF南方
2025-06-25,1.091,1.096,1.096,1.083,986715.0,512400,sh,有色金属ETF南方
2025-06-26,1.095,1.101,1.112,1.091,1288246.0,512400,sh,有色金属ETF南方
2025-06-27,1.111,1.123,1.135,1.107,2904674.0,512400,sh,有色金属ETF南方
2025-06-30,1.125,1.124,1.125,1.113,2743252.0,512400,sh,有色金属ETF南方
2025-07-01,1.124,1.14,1.14,1.113,1636250.0,512400,sh,有色金属ETF南方
2025-07-02,1.137,1.149,1.158,1.133,3330428.0,512400,sh,有色金属ETF南方
2025-07-03,1.154,1.151,1.157,1.143,1991813.0,512400,sh,有色金属ETF南方
2025-07-04,1.144,1.134,1.148,1.131,3124598.0,512400,sh,有色金属ETF南方
2025-07-07,1.13,1.125,1.133,1.124,1655951.0,512400,sh,有色金属ETF南方
2025-07-08,1.125,1.137,1.142,1.125,2395084.0,512400,sh,有色金属ETF南方
2025-07-09,1.142,1.115,1.147,1.111,3042509.0,512400,sh,有色金属ETF南方
2025-07-10,1.12,1.131,1.134,1.12,1592381.0,512400,sh,有色金属ETF南方
2025-07-11,1.138,1.153,1.17,1.136,3220839.0,512400,sh,有色金属ETF南方
2025-07-14,1.162,1.158,1.174,1.156,2299047.0,512400,sh,有色金属ETF南方
2025-07-15,1.152,1.144,1.159,1.135,2675277.0,512400,sh,有色金属ETF南方
2025-07-16,1.142,1.141,1.149,1.135,1557279.0,512400,sh,有色金属ETF南方
2025-07-17,1.141,1.145,1.147,1.134,1018585.0,512400,sh,有色金属ETF南方
2025-07-18,1.148,1.174,1.181,1.147,2065674.0,512400,sh,有色金属ETF南方
2025-07-21,1.18,1.208,1.209,1.176,3765579.0,512400,sh,有色金属ETF南方
2025-07-22,1.211,1.237,1.237,1.207,2721028.0,512400,sh,有色金属ETF南方
2025-07-23,1.247,1.232,1.251,1.229,4410960.0,512400,sh,有色金属ETF南方
2025-07-24,1.224,1.273,1.283,1.222,4259648.0,512400,sh,有色金属ETF南方
2025-07-25,1.267,1.273,1.279,1.264,2259573.0,512400,sh,有色金属ETF南方
2025-07-28,1.259,1.267,1.27,1.244,2214910.0,512400,sh,有色金属ETF南方
2025-07-29,1.255,1.264,1.269,1.252,2237047.0,512400,sh,有色金属ETF南方
2025-07-30,1.267,1.256,1.271,1.243,2295532.0,512400,sh,有色金属ETF南方
2025-07-31,1.236,1.214,1.239,1.207,3629593.0,512400,sh,有色金属ETF南方
2025-08-01,1.21,1.209,1.217,1.205,1528972.0,512400,sh,有色金属ETF南方
2025-08-04,1.207,1.23,1.23,1.207,1837052.0,512400,sh,有色金属ETF南方
2025-08-05,1.233,1.235,1.239,1.227,2505805.0,512400,sh,有色金属ETF南方
2025-08-06,1.235,1.249,1.252,1.233,2341188.0,512400,sh,有色金属ETF南方
2025-08-07,1.254,1.266,1.267,1.23,2990398.0,512400,sh,有色金属ETF南方
2025-08-08,1.266,1.282,1.29,1.259,3017029.0,512400,sh,有色金属ETF南方
2025-08-11,1.292,1.29,1.295,1.276,2290729.0,512400,sh,有色金属ETF南方
2025-08-12,1.282,1.284,1.288,1.271,1755773.0,512400,sh,有色金属ETF南方
2025-08-13,1.281,1.312,1.312,1.281,2834567.0,512400,sh,有色金属ETF南方
2025-08-14,1.312,1.305,1.319,1.296,2886845.0,512400,sh,有色金属ETF南方
2025-08-15,1.293,1.331,1.334,1.288,2655044.0,512400,sh,有色金属ETF南方
2025-08-18,1.337,1.337,1.353,1.317,3907659.0,512400,sh,有色金属ETF南方
2025-08-19,1.334,1.329,1.35,1.323,3463038.0,512400,sh,有色金属ETF南方
2025-08-20,1.319,1.341,1.353,1.317,1726531.0,512400,sh,有色金属ETF南方
2025-08-21,1.34,1.336,1.362,1.328,2474703.0,512400,sh,有色金属ETF南方
2025-08-22,1.332,1.353,1.359,1.332,2427556.0,512400,sh,有色金属ETF南方
2025-08-25,1.385,1.431,1.435,1.377,5763972.0,512400,sh,有色金属ETF南方
2025-08-26,1.426,1.412,1.429,1.399,4649322.0,512400,sh,有色金属ETF南方
2025-08-27,1.42,1.402,1.437,1.399,4752316.0,512400,sh,有色金属ETF南方
2025-08-28,1.4,1.428,1.429,1.387,4605921.0,512400,sh,有色金属ETF南方
2025-08-29,1.43,1.471,1.477,1.43,3241225.0,512400,sh,有色金属ETF南方
2025-09-01,1.501,1.518,1.519,1.458,6235502.0,512400,sh,有色金属ETF南方
2025-09-02,1.528,1.496,1.54,1.484,8231338.0,512400,sh,有色金属ETF南方
2025-09-03,1.518,1.491,1.53,1.468,5123352.0,512400,sh,有色金属ETF南方
2025-09-04,1.485,1.429,1.502,1.399,7026245.0,512400,sh,有色金属ETF南方
2025-09-05,1.416,1.492,1.493,1.416,4921927.0,512400,sh,有色金属ETF南方
2025-09-08,1.523,1.489,1.523,1.476,4584083.0,512400,sh,有色金属ETF南方
2025-09-09,1.49,1.5,1.534,1.484,6003638.0,512400,sh,有色金属ETF南方
2025-09-10,1.479,1.485,1.5,1.46,4821340.0,512400,sh,有色金属ETF南方
2025-09-11,1.48,1.509,1.51,1.475,3681221.0,512400,sh,有色金属ETF南方
2025-09-12,1.523,1.547,1.563,1.518,6543397.0,512400,sh,有色金属ETF南方
2025-09-15,1.549,1.535,1.559,1.531,4640556.0,512400,sh,有色金属ETF南方
2025-09-16,1.551,1.515,1.556,1.481,8417420.0,512400,sh,有色金属ETF南方
2025-09-17,1.502,1.518,1.52,1.488,5302238.0,512400,sh,有色金属ETF南方
2025-09-18,1.499,1.464,1.5,1.444,7740818.0,512400,sh,有色金属ETF南方
2025-09-19,1.46,1.483,1.495,1.46,4510147.0,512400,sh,有色金属ETF南方
2025-09-22,1.498,1.497,1.504,1.467,3587704.0,512400,sh,有色金属ETF南方
2025-09-23,1.497,1.483,1.519,1.459,5303341.0,512400,sh,有色金属ETF南方
2025-09-24,1.474,1.503,1.504,1.473,4307503.0,512400,sh,有色金属ETF南方
2025-09-25,1.529,1.533,1.548,1.518,6344502.0,512400,sh,有色金属ETF南方
2025-09-26,1.531,1.532,1.566,1.526,4718503.0,512400,sh,有色金属ETF南方
2025-09-29,1.551,1.595,1.596,1.533,5921147.0,512400,sh,有色金属ETF南方
2025-09-30,1.615,1.653,1.658,1.614,7237018.0,512400,sh,有色金属ETF南方
2025-10-09,1.75,1.797,1.8,1.716,11733724.0,512400,sh,有色金属ETF南方
2025-10-10,1.785,1.732,1.791,1.721,13633464.0,512400,sh,有色金属ETF南方
2025-10-13,1.678,1.799,1.806,1.678,14068553.0,512400,sh,有色金属ETF南方
2025-10-14,1.846,1.728,1.851,1.712,14140100.0,512400,sh,有色金属ETF南方
2025-10-15,1.741,1.744,1.756,1.693,9970862.0,512400,sh,有色金属ETF南方
2025-10-16,1.735,1.704,1.746,1.696,6133967.0,512400,sh,有色金属ETF南方
2025-10-17,1.726,1.671,1.745,1.666,6894562.0,512400,sh,有色金属ETF南方
2025-10-20,1.658,1.648,1.673,1.636,5968240.0,512400,sh,有色金属ETF南方
2025-10-21,1.668,1.674,1.69,1.648,5174441.0,512400,sh,有色金属ETF南方
2025-10-22,1.61,1.652,1.656,1.608,5748305.0,512400,sh,有色金属ETF南方
2025-10-23,1.642,1.671,1.676,1.619,4725554.0,512400,sh,有色金属ETF南方
2025-10-24,1.688,1.7,1.709,1.677,5486222.0,512400,sh,有色金属ETF南方
2025-10-27,1.714,1.741,1.753,1.71,6658491.0,512400,sh,有色金属ETF南方
2025-10-28,1.73,1.686,1.732,1.681,6937336.0,512400,sh,有色金属ETF南方
2025-10-29,1.691,1.764,1.767,1.691,6749167.0,512400,sh,有色金属ETF南方
2025-10-30,1.754,1.784,1.808,1.746,7639712.0,512400,sh,有色金属ETF南方
2025-10-31,1.776,1.744,1.785,1.742,5026879.0,512400,sh,有色金属ETF南方
2025-11-03,1.731,1.719,1.74,1.671,6271420.0,512400,sh,有色金属ETF南方
2025-11-04,1.705,1.667,1.716,1.651,3990151.0,512400,sh,有色金属ETF南方
2025-11-05,1.626,1.674,1.681,1.619,6101284.0,512400,sh,有色金属ETF南方
2025-11-06,1.673,1.728,1.729,1.669,5971162.0,512400,sh,有色金属ETF南方
2025-11-07,1.724,1.738,1.749,1.711,3421762.0,512400,sh,有色金属ETF南方
2025-11-10,1.757,1.746,1.777,1.731,5045549.0,512400,sh,有色金属ETF南方
2025-11-11,1.762,1.722,1.768,1.718,3425727.0,512400,sh,有色金属ETF南方
2025-11-12,1.715,1.723,1.75,1.696,3562331.0,512400,sh,有色金属ETF南方
2025-11-13,1.739,1.794,1.81,1.733,7234232.0,512400,sh,有色金属ETF南方
2025-11-14,1.766,1.76,1.781,1.747,4372861.0,512400,sh,有色金属ETF南方
2025-11-17,1.753,1.751,1.771,1.742,3932587.0,512400,sh,有色金属ETF南方
2025-11-18,1.745,1.702,1.749,1.688,5285790.0,512400,sh,有色金属ETF南方
2025-11-19,1.707,1.75,1.76,1.707,3786973.0,512400,sh,有色金属ETF南方
2025-11-20,1.75,1.742,1.785,1.738,4100027.0,512400,sh,有色金属ETF南方
2025-11-21,1.712,1.65,1.712,1.648,6447826.0,512400,sh,有色金属ETF南方
2025-11-24,1.65,1.638,1.658,1.608,4300506.0,512400,sh,有色金属ETF南方
2025-11-25,1.657,1.674,1.684,1.648,3568943.0,512400,sh,有色金属ETF南方
2025-11-26,1.681,1.674,1.694,1.668,2424354.0,512400,sh,有色金属ETF南方
2025-11-27,1.689,1.676,1.71,1.673,2881716.0,512400,sh,有色金属ETF南方
2025-11-28,1.682,1.704,1.71,1.67,3009899.0,512400,sh,有色金属ETF南方
2025-12-01,1.748,1.756,1.784,1.742,5416375.0,512400,sh,有色金属ETF南方
2025-12-02,1.745,1.731,1.745,1.72,3357507.0,512400,sh,有色金属ETF南方
2025-12-03,1.732,1.742,1.764,1.729,3563313.0,512400,sh,有色金属ETF南方
2025-12-04,1.769,1.748,1.787,1.741,3767599.0,512400,sh,有色金属ETF南方
2025-12-05,1.739,1.793,1.797,1.739,5055597.0,512400,sh,有色金属ETF南方
2025-12-08,1.8,1.806,1.806,1.769,5673161.0,512400,sh,有色金属ETF南方
2025-12-09,1.79,1.746,1.791,1.734,4880437.0,512400,sh,有色金属ETF南方
2025-12-10,1.754,1.764,1.766,1.737,4829043.0,512400,sh,有色金属ETF南方
2025-12-11,1.781,1.751,1.793,1.749,3996808.0,512400,sh,有色金属ETF南方
2025-12-12,1.779,1.77,1.784,1.754,3338020.0,512400,sh,有色金属ETF南方
2025-12-15,1.748,1.762,1.782,1.746,2947602.0,512400,sh,有色金属ETF南方
2025-12-16,1.755,1.715,1.757,1.702,5907294.0,512400,sh,有色金属ETF南方
2025-12-17,1.726,1.775,1.784,1.726,4403659.0,512400,sh,有色金属ETF南方
2025-12-18,1.774,1.772,1.8,1.761,4013359.0,512400,sh,有色金属ETF南方
2025-12-19,1.768,1.807,1.809,1.751,4084973.0,512400,sh,有色金属ETF南方
2025-12-22,1.83,1.847,1.858,1.821,4871827.0,512400,sh,有色金属ETF南方
2025-12-23,1.859,1.859,1.891,1.837,5546430.0,512400,sh,有色金属ETF南方
2025-12-24,1.877,1.869,1.883,1.85,6286545.0,512400,sh,有色金属ETF南方
2025-12-25,1.844,1.847,1.855,1.824,4900191.0,512400,sh,有色金属ETF南方
2025-12-26,1.873,1.92,1.932,1.873,7819516.0,512400,sh,有色金属ETF南方
2025-12-29,1.95,1.878,1.951,1.875,12752255.0,512400,sh,有色金属ETF南方
2025-12-30,1.816,1.909,1.921,1.816,9679351.0,512400,sh,有色金属ETF南方
2025-12-31,1.909,1.927,1.962,1.907,6088531.0,512400,sh,有色金属ETF南方
2026-01-05,1.956,1.981,1.984,1.937,8211033.0,512400,sh,有色金属ETF南方
2026-01-06,2.014,2.06,2.073,2.007,8159780.0,512400,sh,有色金属ETF南方
2026-01-07,2.08,2.068,2.103,2.046,9295787.0,512400,sh,有色金属ETF南方
2026-01-08,2.04,2.032,2.081,2.007,10036481.0,512400,sh,有色金属ETF南方
2026-01-09,2.013,2.094,2.101,2.012,9183074.0,512400,sh,有色金属ETF南方
2026-01-12,2.149,2.118,2.157,2.081,10805667.0,512400,sh,有色金属ETF南方
2026-01-13,2.119,2.141,2.186,2.114,11210519.0,512400,sh,有色金属ETF南方
2026-01-14,2.157,2.148,2.2,2.131,12969039.0,512400,sh,有色金属ETF南方
2026-01-15,2.147,2.206,2.245,2.136,14256950.0,512400,sh,有色金属ETF南方
2026-01-16,2.206,2.175,2.249,2.163,14566480.0,512400,sh,有色金属ETF南方
2026-01-19,2.174,2.177,2.19,2.127,10057366.0,512400,sh,有色金属ETF南方
2026-01-20,2.188,2.184,2.209,2.107,12200105.0,512400,sh,有色金属ETF南方
2026-01-21,2.184,2.253,2.255,2.177,9744567.0,512400,sh,有色金属ETF南方
2026-01-22,2.225,2.236,2.247,2.202,8472649.0,512400,sh,有色金属ETF南方
2026-01-23,2.266,2.293,2.308,2.245,7835384.0,512400,sh,有色金属ETF南方
2026-01-26,2.358,2.414,2.427,2.356,12628902.0,512400,sh,有色金属ETF南方
2026-01-27,2.386,2.391,2.451,2.341,17363459.0,512400,sh,有色金属ETF南方
2026-01-28,2.405,2.549,2.563,2.381,16324977.0,512400,sh,有色金属ETF南方
2026-01-29,2.63,2.595,2.674,2.462,23641936.0,512400,sh,有色金属ETF南方
2026-01-30,2.45,2.339,2.474,2.336,26194639.0,512400,sh,有色金属ETF南方
2026-02-02,2.105,2.105,2.22,2.105,21225405.0,512400,sh,有色金属ETF南方
2026-02-03,2.189,2.249,2.26,2.139,18048539.0,512400,sh,有色金属ETF南方
2026-02-04,2.297,2.253,2.307,2.223,9481407.0,512400,sh,有色金属ETF南方
2026-02-05,2.198,2.144,2.226,2.11,10401399.0,512400,sh,有色金属ETF南方
2026-02-06,2.047,2.153,2.182,2.047,8257876.0,512400,sh,有色金属ETF南方
2026-02-09,2.203,2.199,2.216,2.175,6092699.0,512400,sh,有色金属ETF南方
2026-02-10,2.204,2.195,2.215,2.181,4948320.0,512400,sh,有色金属ETF南方
2026-02-11,2.193,2.256,2.274,2.191,6241051.0,512400,sh,有色金属ETF南方
2026-02-12,2.255,2.271,2.299,2.25,6083099.0,512400,sh,有色金属ETF南方
2026-02-13,2.223,2.193,2.245,2.187,7707055.0,512400,sh,有色金属ETF南方
2026-02-24,2.262,2.26,2.276,2.244,6757795.0,512400,sh,有色金属ETF南方
2026-02-25,2.27,2.347,2.373,2.262,9041771.0,512400,sh,有色金属ETF南方
2026-02-26,2.37,2.329,2.372,2.321,7593331.0,512400,sh,有色金属ETF南方
2026-02-27,2.313,2.41,2.414,2.313,8799913.0,512400,sh,有色金属ETF南方
2026-03-02,2.482,2.498,2.5,2.371,12623270.0,512400,sh,有色金属ETF南方
2026-03-03,2.453,2.362,2.48,2.35,13259419.0,512400,sh,有色金属ETF南方
2026-03-04,2.263,2.345,2.398,2.263,8870072.0,512400,sh,有色金属ETF南方
2026-03-05,2.383,2.326,2.39,2.3,8785819.0,512400,sh,有色金属ETF南方
2026-03-06,2.292,2.279,2.319,2.245,6987934.0,512400,sh,有色金属ETF南方
2026-03-09,2.226,2.257,2.273,2.173,9343232.0,512400,sh,有色金属ETF南方
2026-03-10,2.272,2.279,2.289,2.259,4500543.0,512400,sh,有色金属ETF南方
2026-03-11,2.29,2.271,2.299,2.262,4149849.0,512400,sh,有色金属ETF南方
2026-03-12,2.25,2.254,2.284,2.228,6620575.0,512400,sh,有色金属ETF南方
2026-03-13,2.233,2.193,2.283,2.187,6902744.0,512400,sh,有色金属ETF南方
2026-03-16,2.163,2.126,2.183,2.073,13092812.0,512400,sh,有色金属ETF南方
2026-03-17,2.131,2.091,2.157,2.09,7395885.0,512400,sh,有色金属ETF南方
2026-03-18,2.085,2.075,2.094,2.038,6370075.0,512400,sh,有色金属ETF南方
2026-03-19,2.01,1.944,2.023,1.935,12406758.0,512400,sh,有色金属ETF南方
2026-03-20,1.935,1.917,1.978,1.915,9231871.0,512400,sh,有色金属ETF南方
2026-03-23,1.852,1.823,1.907,1.819,10427630.0,512400,sh,有色金属ETF南方
2026-03-24,1.87,1.892,1.894,1.811,10216093.0,512400,sh,有色金属ETF南方
2026-03-25,1.95,1.952,1.976,1.934,7816051.0,512400,sh,有色金属ETF南方
2026-03-26,1.945,1.919,1.961,1.908,4393096.0,512400,sh,有色金属ETF南方
2026-03-27,1.881,1.976,1.989,1.877,6291082.0,512400,sh,有色金属ETF南方
2026-03-30,1.978,2.008,2.01,1.951,4977174.0,512400,sh,有色金属ETF南方
2026-03-31,2.009,1.983,2.024,1.968,4501869.0,512400,sh,有色金属ETF南方
2026-04-01,2.032,2.026,2.035,2.004,5602440.0,512400,sh,有色金属ETF南方
2026-04-02,2.018,1.991,2.03,1.972,5037143.0,512400,sh,有色金属ETF南方
2026-04-03,1.99,1.971,2.0,1.961,3047414.0,512400,sh,有色金属ETF南方
2026-04-07,1.97,1.992,1.998,1.97,2715046.0,512400,sh,有色金属ETF南方
2026-04-08,2.06,2.119,2.12,2.06,7502239.0,512400,sh,有色金属ETF南方
2026-04-09,2.081,2.103,2.122,2.075,5137457.0,512400,sh,有色金属ETF南方
2026-04-10,2.12,2.096,2.128,2.09,4429296.0,512400,sh,有色金属ETF南方
2026-04-13,2.078,2.096,2.104,2.075,4117045.0,512400,sh,有色金属ETF南方
2026-04-14,2.14,2.136,2.144,2.108,5368811.0,512400,sh,有色金属ETF南方
2026-04-15,2.168,2.104,2.174,2.097,5137963.0,512400,sh,有色金属ETF南方
2026-04-16,2.115,2.17,2.17,2.115,5274975.0,512400,sh,有色金属ETF南方
2026-04-17,2.152,2.167,2.184,2.15,3438028.0,512400,sh,有色金属ETF南方
2026-04-20,2.166,2.179,2.197,2.16,4008419.0,512400,sh,有色金属ETF南方
2026-04-21,2.182,2.18,2.186,2.147,3793952.0,512400,sh,有色金属ETF南方
2026-04-22,2.158,2.179,2.187,2.153,4610108.0,512400,sh,有色金属ETF南方
2026-04-23,2.178,2.098,2.185,2.081,7641208.0,512400,sh,有色金属ETF南方
2026-04-24,2.083,2.118,2.131,2.066,5021146.0,512400,sh,有色金属ETF南方
2026-04-27,2.112,2.095,2.12,2.091,3263695.0,512400,sh,有色金属ETF南方
2026-04-28,2.081,2.043,2.084,2.036,4231091.0,512400,sh,有色金属ETF南方
2026-04-29,2.032,2.14,2.14,2.032,5640092.0,512400,sh,有色金属ETF南方
2026-04-30,2.128,2.119,2.154,2.101,3802627.0,512400,sh,有色金属ETF南方
2026-05-06,2.134,2.199,2.2,2.114,7010343.0,512400,sh,有色金属ETF南方
2026-05-07,2.231,2.207,2.235,2.178,7521276.0,512400,sh,有色金属ETF南方
2026-05-08,2.188,2.206,2.215,2.165,5402754.0,512400,sh,有色金属ETF南方
2026-05-11,2.199,2.208,2.225,2.186,6728432.0,512400,sh,有色金属ETF南方
2026-05-12,2.236,2.188,2.249,2.18,7461637.0,512400,sh,有色金属ETF南方
2026-05-13,2.196,2.209,2.226,2.188,6090579.0,512400,sh,有色金属ETF南方
2026-05-14,2.199,2.13,2.209,2.128,6221129.0,512400,sh,有色金属ETF南方
2026-05-15,2.105,2.039,2.11,2.025,7084865.0,512400,sh,有色金属ETF南方
2026-05-18,1.99,2.009,2.017,1.973,5219627.0,512400,sh,有色金属ETF南方
2026-05-19,2.006,1.981,2.006,1.942,4130930.0,512400,sh,有色金属ETF南方
2026-05-20,1.95,1.985,2.0,1.931,5014681.0,512400,sh,有色金属ETF南方
2026-05-21,2.007,1.947,2.036,1.943,5406835.0,512400,sh,有色金属ETF南方
2026-05-22,1.951,2.019,2.029,1.941,4943173.0,512400,sh,有色金属ETF南方
2026-05-25,2.05,2.025,2.066,2.01,6963712.0,512400,sh,有色金属ETF南方
2026-05-26,2.009,2.095,2.1,1.984,8702050.0,512400,sh,有色金属ETF南方
2026-05-27,2.085,2.013,2.092,2.0,6577594.0,512400,sh,有色金属ETF南方
2026-05-28,1.983,1.991,2.008,1.937,6201677.0,512400,sh,有色金属ETF南方
2026-05-29,2.012,1.965,2.028,1.953,5004277.0,512400,sh,有色金属ETF南方
2026-06-01,1.961,1.949,1.988,1.944,4392999.0,512400,sh,有色金属ETF南方
2026-06-02,1.955,2.015,2.022,1.926,6172113.0,512400,sh,有色金属ETF南方
2026-06-03,1.997,2.032,2.054,1.988,6251299.0,512400,sh,有色金属ETF南方
2026-06-04,2.004,1.97,2.007,1.958,4819733.0,512400,sh,有色金属ETF南方
2026-06-05,1.95,1.926,1.983,1.917,4577961.0,512400,sh,有色金属ETF南方
2026-06-08,1.844,1.82,1.876,1.792,7037861.0,512400,sh,有色金属ETF南方
2026-06-09,1.829,1.869,1.874,1.792,6040614.0,512400,sh,有色金属ETF南方
2026-06-10,1.823,1.843,1.864,1.82,4417864.0,512400,sh,有色金属ETF南方
2026-06-11,1.825,1.88,1.898,1.825,6814212.0,512400,sh,有色金属ETF南方
2026-06-12,1.932,1.976,2.02,1.913,8888713.0,512400,sh,有色金属ETF南方
2026-06-15,2.039,2.063,2.1,2.009,12935426.0,512400,sh,有色金属ETF南方
2026-06-16,2.04,2.049,2.08,2.033,7949287.0,512400,sh,有色金属ETF南方
2026-06-17,2.041,2.045,2.069,2.018,6735269.0,512400,sh,有色金属ETF南方
2026-06-18,2.016,2.05,2.099,2.005,8883197.0,512400,sh,有色金属ETF南方
2026-06-22,2.034,2.155,2.162,2.027,9318782.0,512400,sh,有色金属ETF南方
2026-06-23,2.149,1.976,2.149,1.96,10896987.0,512400,sh,有色金属ETF南方
2026-06-24,1.944,1.98,1.981,1.913,8376877.0,512400,sh,有色金属ETF南方
2026-06-25,1.935,1.922,1.954,1.908,6769038.0,512400,sh,有色金属ETF南方
2026-06-26,1.921,1.839,1.932,1.831,9153821.0,512400,sh,有色金属ETF南方
2026-06-29,1.837,1.864,1.876,1.826,6191198.0,512400,sh,有色金属ETF南方
2026-06-30,1.831,1.854,1.856,1.804,4345969.0,512400,sh,有色金属ETF南方
2026-07-01,1.841,1.848,1.879,1.83,4761967.0,512400,sh,有色金属ETF南方
2026-07-02,1.863,1.88,1.913,1.827,6643508.0,512400,sh,有色金属ETF南方
2026-07-03,1.916,1.892,1.932,1.885,7572541.0,512400,sh,有色金属ETF南方
