date,open,close,high,low,volume,code,market,name
2020-01-02,1.061,1.065,1.074,1.054,201989.0,512530,sh,沪深300红利ETF建信
2020-01-03,1.067,1.065,1.069,1.062,105627.0,512530,sh,沪深300红利ETF建信
2020-01-06,1.061,1.056,1.067,1.05,71408.0,512530,sh,沪深300红利ETF建信
2020-01-07,1.058,1.062,1.066,1.058,74247.0,512530,sh,沪深300红利ETF建信
2020-01-08,1.048,1.048,1.06,1.047,95634.0,512530,sh,沪深300红利ETF建信
2020-01-09,1.054,1.062,1.065,1.054,68090.0,512530,sh,沪深300红利ETF建信
2020-01-10,1.062,1.055,1.064,1.053,40112.0,512530,sh,沪深300红利ETF建信
2020-01-13,1.053,1.062,1.065,1.052,66180.0,512530,sh,沪深300红利ETF建信
2020-01-14,1.068,1.063,1.07,1.062,62265.0,512530,sh,沪深300红利ETF建信
2020-01-15,1.043,1.054,1.073,1.043,30147.0,512530,sh,沪深300红利ETF建信
2020-01-16,1.07,1.05,1.07,1.047,23728.0,512530,sh,沪深300红利ETF建信
2020-01-17,1.048,1.048,1.053,1.047,26656.0,512530,sh,沪深300红利ETF建信
2020-01-20,1.05,1.049,1.06,1.045,32804.0,512530,sh,沪深300红利ETF建信
2020-01-21,1.045,1.03,1.045,1.028,41186.0,512530,sh,沪深300红利ETF建信
2020-01-22,1.022,1.032,1.035,1.017,52796.0,512530,sh,沪深300红利ETF建信
2020-01-23,1.03,1.005,1.03,1.0,65979.0,512530,sh,沪深300红利ETF建信
2020-02-03,0.915,0.905,0.925,0.905,124021.0,512530,sh,沪深300红利ETF建信
2020-02-04,0.898,0.941,0.945,0.898,83706.0,512530,sh,沪深300红利ETF建信
2020-02-05,0.941,0.945,0.957,0.94,36656.0,512530,sh,沪深300红利ETF建信
2020-02-06,0.945,0.951,0.958,0.94,20461.0,512530,sh,沪深300红利ETF建信
2020-02-07,0.942,0.948,0.955,0.942,14978.0,512530,sh,沪深300红利ETF建信
2020-02-10,0.948,0.964,0.965,0.947,39803.0,512530,sh,沪深300红利ETF建信
2020-02-11,0.97,0.973,0.98,0.968,29026.0,512530,sh,沪深300红利ETF建信
2020-02-12,0.989,0.974,0.989,0.968,20052.0,512530,sh,沪深300红利ETF建信
2020-02-13,0.981,0.972,0.981,0.962,24854.0,512530,sh,沪深300红利ETF建信
2020-02-14,0.973,0.982,0.985,0.973,31813.0,512530,sh,沪深300红利ETF建信
2020-02-17,0.986,0.998,1.0,0.986,20236.0,512530,sh,沪深300红利ETF建信
2020-02-18,0.998,0.99,1.0,0.986,25486.0,512530,sh,沪深300红利ETF建信
2020-02-19,0.989,0.989,1.0,0.989,37473.0,512530,sh,沪深300红利ETF建信
2020-02-20,0.989,0.999,1.004,0.987,70991.0,512530,sh,沪深300红利ETF建信
2020-02-21,0.995,1.001,1.009,0.995,57918.0,512530,sh,沪深300红利ETF建信
2020-02-24,0.995,0.988,1.0,0.978,56492.0,512530,sh,沪深300红利ETF建信
2020-02-25,0.978,0.98,0.987,0.969,38096.0,512530,sh,沪深300红利ETF建信
2020-02-26,0.971,0.986,0.996,0.971,32980.0,512530,sh,沪深300红利ETF建信
2020-02-27,0.98,0.988,0.996,0.979,56805.0,512530,sh,沪深300红利ETF建信
2020-02-28,0.981,0.968,0.987,0.968,24054.0,512530,sh,沪深300红利ETF建信
2020-03-02,0.98,0.999,1.008,0.98,69140.0,512530,sh,沪深300红利ETF建信
2020-03-03,0.997,0.999,1.014,0.994,65400.0,512530,sh,沪深300红利ETF建信
2020-03-04,1.002,1.01,1.013,0.999,72395.0,512530,sh,沪深300红利ETF建信
2020-03-05,1.014,1.025,1.03,1.013,75522.0,512530,sh,沪深300红利ETF建信
2020-03-06,1.006,1.012,1.025,1.0,36501.0,512530,sh,沪深300红利ETF建信
2020-03-09,1.001,0.985,1.001,0.98,29990.0,512530,sh,沪深300红利ETF建信
2020-03-10,0.972,0.995,0.997,0.972,13099.0,512530,sh,沪深300红利ETF建信
2020-03-11,0.994,0.988,0.997,0.986,9645.0,512530,sh,沪深300红利ETF建信
2020-03-12,0.986,0.973,0.986,0.969,21546.0,512530,sh,沪深300红利ETF建信
2020-03-13,0.96,0.957,0.961,0.934,35833.0,512530,sh,沪深300红利ETF建信
2020-03-16,0.96,0.937,0.96,0.926,16095.0,512530,sh,沪深300红利ETF建信
2020-03-17,0.936,0.92,0.936,0.906,22547.0,512530,sh,沪深300红利ETF建信
2020-03-18,0.928,0.916,0.937,0.91,13175.0,512530,sh,沪深300红利ETF建信
2020-03-19,0.91,0.887,0.91,0.875,38612.0,512530,sh,沪深300红利ETF建信
2020-03-20,0.905,0.906,0.906,0.888,9155.0,512530,sh,沪深300红利ETF建信
2020-03-23,0.925,0.875,0.925,0.875,16625.0,512530,sh,沪深300红利ETF建信
2020-03-24,0.893,0.907,0.907,0.885,18344.0,512530,sh,沪深300红利ETF建信
2020-03-25,0.92,0.925,0.925,0.911,8277.0,512530,sh,沪深300红利ETF建信
2020-03-26,0.925,0.917,0.925,0.912,5915.0,512530,sh,沪深300红利ETF建信
2020-03-27,0.923,0.927,0.934,0.92,8710.0,512530,sh,沪深300红利ETF建信
2020-03-30,0.908,0.926,0.932,0.907,30606.0,512530,sh,沪深300红利ETF建信
2020-03-31,0.93,0.923,0.933,0.921,9667.0,512530,sh,沪深300红利ETF建信
2020-04-01,0.926,0.918,0.93,0.918,4174.0,512530,sh,沪深300红利ETF建信
2020-04-02,0.918,0.927,0.928,0.912,19285.0,512530,sh,沪深300红利ETF建信
2020-04-03,0.926,0.924,0.929,0.919,14574.0,512530,sh,沪深300红利ETF建信
2020-04-07,0.933,0.937,0.939,0.932,2924.0,512530,sh,沪深300红利ETF建信
2020-04-08,0.937,0.939,0.939,0.929,3590.0,512530,sh,沪深300红利ETF建信
2020-04-09,0.94,0.934,0.94,0.931,2962.0,512530,sh,沪深300红利ETF建信
2020-04-10,0.935,0.927,0.938,0.925,4438.0,512530,sh,沪深300红利ETF建信
2020-04-13,0.926,0.924,0.928,0.923,3721.0,512530,sh,沪深300红利ETF建信
2020-04-14,0.934,0.93,0.936,0.929,5533.0,512530,sh,沪深300红利ETF建信
2020-04-15,0.94,0.931,0.94,0.93,15745.0,512530,sh,沪深300红利ETF建信
2020-04-16,0.933,0.931,0.933,0.926,11398.0,512530,sh,沪深300红利ETF建信
2020-04-17,0.931,0.932,0.942,0.931,13622.0,512530,sh,沪深300红利ETF建信
2020-04-20,0.936,0.93,0.938,0.927,4216.0,512530,sh,沪深300红利ETF建信
2020-04-21,0.932,0.923,0.932,0.917,3048.0,512530,sh,沪深300红利ETF建信
2020-04-22,0.917,0.928,0.928,0.917,13017.0,512530,sh,沪深300红利ETF建信
2020-04-23,0.928,0.926,0.928,0.923,16568.0,512530,sh,沪深300红利ETF建信
2020-04-24,0.927,0.924,0.93,0.922,8168.0,512530,sh,沪深300红利ETF建信
2020-04-27,0.927,0.931,0.933,0.925,7140.0,512530,sh,沪深300红利ETF建信
2020-04-28,0.931,0.928,0.933,0.92,33857.0,512530,sh,沪深300红利ETF建信
2020-04-29,0.928,0.94,0.942,0.928,14667.0,512530,sh,沪深300红利ETF建信
2020-04-30,0.949,0.947,0.952,0.926,10034.0,512530,sh,沪深300红利ETF建信
2020-05-06,0.946,0.947,0.95,0.94,14414.0,512530,sh,沪深300红利ETF建信
2020-05-07,0.947,0.946,0.95,0.943,8412.0,512530,sh,沪深300红利ETF建信
2020-05-08,0.947,0.957,0.962,0.947,12814.0,512530,sh,沪深300红利ETF建信
2020-05-11,0.96,0.956,0.965,0.956,26439.0,512530,sh,沪深300红利ETF建信
2020-05-12,0.957,0.954,0.959,0.951,11900.0,512530,sh,沪深300红利ETF建信
2020-05-13,0.955,0.956,0.956,0.946,5346.0,512530,sh,沪深300红利ETF建信
2020-05-14,0.955,0.945,0.955,0.945,3358.0,512530,sh,沪深300红利ETF建信
2020-05-15,0.949,0.939,0.949,0.939,4215.0,512530,sh,沪深300红利ETF建信
2020-05-18,0.939,0.944,0.946,0.939,2226.0,512530,sh,沪深300红利ETF建信
2020-05-19,0.955,0.948,0.955,0.947,4504.0,512530,sh,沪深300红利ETF建信
2020-05-20,0.948,0.944,0.948,0.936,4280.0,512530,sh,沪深300红利ETF建信
2020-05-21,0.947,0.937,0.947,0.936,14629.0,512530,sh,沪深300红利ETF建信
2020-05-22,0.937,0.924,0.937,0.922,5790.0,512530,sh,沪深300红利ETF建信
2020-05-25,0.926,0.928,0.93,0.917,13665.0,512530,sh,沪深300红利ETF建信
2020-05-26,0.932,0.931,0.932,0.928,3182.0,512530,sh,沪深300红利ETF建信
2020-05-27,0.931,0.932,0.933,0.928,1492.0,512530,sh,沪深300红利ETF建信
2020-05-28,0.932,0.929,0.939,0.929,6086.0,512530,sh,沪深300红利ETF建信
2020-05-29,0.929,0.927,0.934,0.925,5214.0,512530,sh,沪深300红利ETF建信
2020-06-01,0.927,0.943,0.947,0.927,17394.0,512530,sh,沪深300红利ETF建信
2020-06-02,0.951,0.951,0.952,0.942,11468.0,512530,sh,沪深300红利ETF建信
2020-06-03,0.955,0.953,0.962,0.953,20711.0,512530,sh,沪深300红利ETF建信
2020-06-04,0.94,0.95,0.955,0.94,5506.0,512530,sh,沪深300红利ETF建信
2020-06-05,0.955,0.946,0.969,0.942,13325.0,512530,sh,沪深300红利ETF建信
2020-06-08,0.946,0.951,0.955,0.946,28282.0,512530,sh,沪深300红利ETF建信
2020-06-09,0.951,0.955,0.958,0.95,12667.0,512530,sh,沪深300红利ETF建信
2020-06-10,0.953,0.953,0.955,0.949,11185.0,512530,sh,沪深300红利ETF建信
2020-06-11,0.947,0.944,0.953,0.94,14313.0,512530,sh,沪深300红利ETF建信
2020-06-12,0.934,0.94,0.946,0.934,6087.0,512530,sh,沪深300红利ETF建信
2020-06-15,0.937,0.936,0.946,0.936,13915.0,512530,sh,沪深300红利ETF建信
2020-06-16,0.945,0.944,0.945,0.94,2680.0,512530,sh,沪深300红利ETF建信
2020-06-17,0.942,0.941,0.945,0.94,4261.0,512530,sh,沪深300红利ETF建信
2020-06-18,0.942,0.948,0.952,0.942,23140.0,512530,sh,沪深300红利ETF建信
2020-06-19,0.95,0.953,0.958,0.949,10925.0,512530,sh,沪深300红利ETF建信
2020-06-22,0.96,0.952,0.96,0.947,7374.0,512530,sh,沪深300红利ETF建信
2020-06-23,0.932,0.948,0.949,0.932,8541.0,512530,sh,沪深300红利ETF建信
2020-06-24,0.966,0.953,0.967,0.95,2916.0,512530,sh,沪深300红利ETF建信
2020-06-29,0.935,0.945,0.954,0.934,6960.0,512530,sh,沪深300红利ETF建信
2020-06-30,0.951,0.954,0.959,0.948,24331.0,512530,sh,沪深300红利ETF建信
2020-07-01,0.955,0.986,0.988,0.955,90975.0,512530,sh,沪深300红利ETF建信
2020-07-02,0.986,1.014,1.02,0.986,107623.0,512530,sh,沪深300红利ETF建信
2020-07-03,1.02,1.031,1.037,1.017,117483.0,512530,sh,沪深300红利ETF建信
2020-07-06,1.031,1.101,1.105,0.994,164924.0,512530,sh,沪深300红利ETF建信
2020-07-07,1.108,1.092,1.129,1.091,100094.0,512530,sh,沪深300红利ETF建信
2020-07-08,1.071,1.1,1.105,1.042,104629.0,512530,sh,沪深300红利ETF建信
2020-07-09,1.096,1.1,1.108,1.081,61812.0,512530,sh,沪深300红利ETF建信
2020-07-10,1.098,1.079,1.1,1.073,70723.0,512530,sh,沪深300红利ETF建信
2020-07-13,1.077,1.1,1.105,1.077,55522.0,512530,sh,沪深300红利ETF建信
2020-07-14,1.1,1.091,1.105,1.075,43813.0,512530,sh,沪深300红利ETF建信
2020-07-15,1.091,1.081,1.1,1.08,51492.0,512530,sh,沪深300红利ETF建信
2020-07-16,1.08,1.056,1.097,1.056,46845.0,512530,sh,沪深300红利ETF建信
2020-07-17,1.066,1.065,1.073,1.049,30879.0,512530,sh,沪深300红利ETF建信
2020-07-20,1.065,1.1,1.109,1.065,72001.0,512530,sh,沪深300红利ETF建信
2020-07-21,1.103,1.097,1.106,1.092,31810.0,512530,sh,沪深300红利ETF建信
2020-07-22,1.097,1.099,1.112,1.092,55288.0,512530,sh,沪深300红利ETF建信
2020-07-23,1.105,1.09,1.105,1.072,18329.0,512530,sh,沪深300红利ETF建信
2020-07-24,1.088,1.057,1.088,1.055,6282.0,512530,sh,沪深300红利ETF建信
2020-07-27,1.056,1.048,1.057,1.048,9600.0,512530,sh,沪深300红利ETF建信
2020-07-28,1.055,1.076,1.076,1.053,21958.0,512530,sh,沪深300红利ETF建信
2020-07-29,1.069,1.071,1.071,1.048,10214.0,512530,sh,沪深300红利ETF建信
2020-07-30,1.076,1.072,1.078,1.07,3596.0,512530,sh,沪深300红利ETF建信
2020-07-31,1.077,1.072,1.084,1.064,6492.0,512530,sh,沪深300红利ETF建信
2020-08-03,1.072,1.083,1.083,1.072,37064.0,512530,sh,沪深300红利ETF建信
2020-08-04,1.079,1.093,1.096,1.077,22193.0,512530,sh,沪深300红利ETF建信
2020-08-05,1.092,1.087,1.092,1.076,17407.0,512530,sh,沪深300红利ETF建信
2020-08-06,1.096,1.087,1.096,1.081,16385.0,512530,sh,沪深300红利ETF建信
2020-08-07,1.081,1.082,1.091,1.075,12215.0,512530,sh,沪深300红利ETF建信
2020-08-10,1.082,1.095,1.103,1.077,23823.0,512530,sh,沪深300红利ETF建信
2020-08-11,1.1,1.1,1.114,1.099,19568.0,512530,sh,沪深300红利ETF建信
2020-08-12,1.093,1.096,1.1,1.055,14279.0,512530,sh,沪深300红利ETF建信
2020-08-13,1.085,1.096,1.102,1.085,5203.0,512530,sh,沪深300红利ETF建信
2020-08-14,1.094,1.111,1.116,1.093,28107.0,512530,sh,沪深300红利ETF建信
2020-08-17,1.106,1.139,1.149,1.106,29447.0,512530,sh,沪深300红利ETF建信
2020-08-18,1.139,1.133,1.15,1.129,22919.0,512530,sh,沪深300红利ETF建信
2020-08-19,1.129,1.128,1.135,1.124,4911.0,512530,sh,沪深300红利ETF建信
2020-08-20,1.125,1.11,1.125,1.11,13995.0,512530,sh,沪深300红利ETF建信
2020-08-21,1.107,1.12,1.133,1.107,4415.0,512530,sh,沪深300红利ETF建信
2020-08-24,1.12,1.122,1.126,1.118,3723.0,512530,sh,沪深300红利ETF建信
2020-08-25,1.122,1.118,1.128,1.116,3582.0,512530,sh,沪深300红利ETF建信
2020-08-26,1.118,1.111,1.123,1.106,16886.0,512530,sh,沪深300红利ETF建信
2020-08-27,1.111,1.106,1.111,1.101,7287.0,512530,sh,沪深300红利ETF建信
2020-08-28,1.106,1.129,1.129,1.106,32830.0,512530,sh,沪深300红利ETF建信
2020-08-31,1.13,1.128,1.138,1.128,6223.0,512530,sh,沪深300红利ETF建信
2020-09-01,1.123,1.121,1.124,1.115,1855.0,512530,sh,沪深300红利ETF建信
2020-09-02,1.122,1.119,1.129,1.112,956.0,512530,sh,沪深300红利ETF建信
2020-09-03,1.116,1.121,1.132,1.116,6786.0,512530,sh,沪深300红利ETF建信
2020-09-04,1.12,1.118,1.12,1.11,2991.0,512530,sh,沪深300红利ETF建信
2020-09-07,1.118,1.115,1.13,1.115,2813.0,512530,sh,沪深300红利ETF建信
2020-09-08,1.116,1.123,1.124,1.115,11613.0,512530,sh,沪深300红利ETF建信
2020-09-09,1.123,1.104,1.123,1.1,9463.0,512530,sh,沪深300红利ETF建信
2020-09-10,1.123,1.101,1.123,1.1,4849.0,512530,sh,沪深300红利ETF建信
2020-09-11,1.098,1.104,1.104,1.096,3322.0,512530,sh,沪深300红利ETF建信
2020-09-14,1.104,1.104,1.108,1.098,6446.0,512530,sh,沪深300红利ETF建信
2020-09-15,1.104,1.115,1.117,1.101,16470.0,512530,sh,沪深300红利ETF建信
2020-09-16,1.113,1.12,1.126,1.11,12269.0,512530,sh,沪深300红利ETF建信
2020-09-17,1.12,1.13,1.133,1.12,8266.0,512530,sh,沪深300红利ETF建信
2020-09-18,1.13,1.15,1.151,1.124,22079.0,512530,sh,沪深300红利ETF建信
2020-09-21,1.166,1.14,1.166,1.138,4985.0,512530,sh,沪深300红利ETF建信
2020-09-22,1.14,1.13,1.14,1.121,135713.0,512530,sh,沪深300红利ETF建信
2020-09-23,1.122,1.12,1.126,1.117,34382.0,512530,sh,沪深300红利ETF建信
2020-09-24,1.112,1.1,1.112,1.1,4892.0,512530,sh,沪深300红利ETF建信
2020-09-25,1.099,1.094,1.099,1.09,3386.0,512530,sh,沪深300红利ETF建信
2020-09-28,1.093,1.093,1.104,1.093,2151.0,512530,sh,沪深300红利ETF建信
2020-09-29,1.099,1.096,1.099,1.093,1269.0,512530,sh,沪深300红利ETF建信
2020-09-30,1.096,1.09,1.098,1.086,3200.0,512530,sh,沪深300红利ETF建信
2020-10-09,1.098,1.107,1.107,1.098,2721.0,512530,sh,沪深300红利ETF建信
2020-10-12,1.112,1.129,1.13,1.112,9328.0,512530,sh,沪深300红利ETF建信
2020-10-13,1.129,1.135,1.135,1.118,10619.0,512530,sh,沪深300红利ETF建信
2020-10-14,1.131,1.128,1.134,1.128,4079.0,512530,sh,沪深300红利ETF建信
2020-10-15,1.128,1.139,1.14,1.126,24844.0,512530,sh,沪深300红利ETF建信
2020-10-16,1.139,1.136,1.142,1.131,10500.0,512530,sh,沪深300红利ETF建信
2020-10-19,1.14,1.132,1.151,1.13,8676.0,512530,sh,沪深300红利ETF建信
2020-10-20,1.128,1.128,1.132,1.124,8333.0,512530,sh,沪深300红利ETF建信
2020-10-21,1.128,1.134,1.141,1.125,4426.0,512530,sh,沪深300红利ETF建信
2020-10-22,1.134,1.133,1.135,1.126,1158.0,512530,sh,沪深300红利ETF建信
2020-10-23,1.135,1.127,1.135,1.122,4325.0,512530,sh,沪深300红利ETF建信
2020-10-26,1.123,1.122,1.123,1.113,14508.0,512530,sh,沪深300红利ETF建信
2020-10-27,1.114,1.118,1.121,1.114,9486.0,512530,sh,沪深300红利ETF建信
2020-10-28,1.118,1.121,1.122,1.111,9622.0,512530,sh,沪深300红利ETF建信
2020-10-29,1.121,1.124,1.124,1.107,10999.0,512530,sh,沪深300红利ETF建信
2020-10-30,1.123,1.112,1.124,1.109,13545.0,512530,sh,沪深300红利ETF建信
2020-11-02,1.112,1.115,1.121,1.11,2723.0,512530,sh,沪深300红利ETF建信
2020-11-03,1.118,1.119,1.128,1.117,6696.0,512530,sh,沪深300红利ETF建信
2020-11-04,1.125,1.142,1.144,1.125,19143.0,512530,sh,沪深300红利ETF建信
2020-11-05,1.141,1.162,1.165,1.141,56742.0,512530,sh,沪深300红利ETF建信
2020-11-06,1.158,1.165,1.166,1.154,26090.0,512530,sh,沪深300红利ETF建信
2020-11-09,1.166,1.17,1.178,1.166,8112.0,512530,sh,沪深300红利ETF建信
2020-11-10,1.174,1.17,1.181,1.167,4952.0,512530,sh,沪深300红利ETF建信
2020-11-11,1.18,1.185,1.193,1.172,15692.0,512530,sh,沪深300红利ETF建信
2020-11-12,1.185,1.18,1.209,1.174,5662.0,512530,sh,沪深300红利ETF建信
2020-11-13,1.171,1.164,1.175,1.163,11718.0,512530,sh,沪深300红利ETF建信
2020-11-16,1.175,1.175,1.179,1.166,5172.0,512530,sh,沪深300红利ETF建信
2020-11-17,1.18,1.19,1.197,1.18,16530.0,512530,sh,沪深300红利ETF建信
2020-11-18,1.189,1.195,1.199,1.183,5959.0,512530,sh,沪深300红利ETF建信
2020-11-19,1.193,1.199,1.199,1.191,10409.0,512530,sh,沪深300红利ETF建信
2020-11-20,1.198,1.201,1.202,1.19,4936.0,512530,sh,沪深300红利ETF建信
2020-11-23,1.201,1.221,1.226,1.201,10796.0,512530,sh,沪深300红利ETF建信
2020-11-24,1.212,1.21,1.222,1.208,3797.0,512530,sh,沪深300红利ETF建信
2020-11-25,1.215,1.203,1.219,1.201,13715.0,512530,sh,沪深300红利ETF建信
2020-11-26,1.203,1.195,1.203,1.19,3103.0,512530,sh,沪深300红利ETF建信
2020-11-27,1.206,1.218,1.218,1.2,6260.0,512530,sh,沪深300红利ETF建信
2020-11-30,1.231,1.215,1.24,1.212,4351.0,512530,sh,沪深300红利ETF建信
2020-12-01,1.225,1.221,1.227,1.207,5660.0,512530,sh,沪深300红利ETF建信
2020-12-02,1.225,1.238,1.24,1.221,7688.0,512530,sh,沪深300红利ETF建信
2020-12-03,1.213,1.224,1.238,1.213,4624.0,512530,sh,沪深300红利ETF建信
2020-12-04,1.226,1.212,1.226,1.206,1747.0,512530,sh,沪深300红利ETF建信
2020-12-07,1.216,1.2,1.216,1.199,6422.0,512530,sh,沪深300红利ETF建信
2020-12-08,1.205,1.195,1.206,1.193,2132.0,512530,sh,沪深300红利ETF建信
2020-12-09,1.196,1.188,1.201,1.187,1347.0,512530,sh,沪深300红利ETF建信
2020-12-10,1.188,1.19,1.193,1.185,2192.0,512530,sh,沪深300红利ETF建信
2020-12-11,1.187,1.177,1.191,1.17,3171.0,512530,sh,沪深300红利ETF建信
2020-12-14,1.165,1.172,1.18,1.163,2442.0,512530,sh,沪深300红利ETF建信
2020-12-15,1.172,1.167,1.172,1.152,17831.0,512530,sh,沪深300红利ETF建信
2020-12-16,1.167,1.17,1.171,1.16,8782.0,512530,sh,沪深300红利ETF建信
2020-12-17,1.164,1.17,1.17,1.156,6877.0,512530,sh,沪深300红利ETF建信
2020-12-18,1.174,1.167,1.181,1.167,1841.0,512530,sh,沪深300红利ETF建信
2020-12-21,1.169,1.167,1.19,1.165,2873.0,512530,sh,沪深300红利ETF建信
2020-12-22,1.164,1.146,1.165,1.146,7241.0,512530,sh,沪深300红利ETF建信
2020-12-23,1.146,1.147,1.151,1.141,3303.0,512530,sh,沪深300红利ETF建信
2020-12-24,1.151,1.145,1.151,1.14,2193.0,512530,sh,沪深300红利ETF建信
2020-12-25,1.147,1.151,1.152,1.139,2750.0,512530,sh,沪深300红利ETF建信
2020-12-28,1.158,1.152,1.158,1.141,1537.0,512530,sh,沪深300红利ETF建信
2020-12-29,1.157,1.15,1.157,1.149,2068.0,512530,sh,沪深300红利ETF建信
2020-12-30,1.15,1.15,1.15,1.142,2328.0,512530,sh,沪深300红利ETF建信
2020-12-31,1.15,1.158,1.164,1.15,4301.0,512530,sh,沪深300红利ETF建信
2021-01-04,1.157,1.158,1.161,1.152,6044.0,512530,sh,沪深300红利ETF建信
2021-01-05,1.157,1.155,1.161,1.141,18819.0,512530,sh,沪深300红利ETF建信
2021-01-06,1.163,1.176,1.176,1.163,6341.0,512530,sh,沪深300红利ETF建信
2021-01-07,1.176,1.177,1.189,1.166,13687.0,512530,sh,沪深300红利ETF建信
2021-01-08,1.181,1.19,1.19,1.175,20259.0,512530,sh,沪深300红利ETF建信
2021-01-11,1.185,1.189,1.2,1.185,14895.0,512530,sh,沪深300红利ETF建信
2021-01-12,1.188,1.196,1.196,1.18,9429.0,512530,sh,沪深300红利ETF建信
2021-01-13,1.196,1.205,1.21,1.19,13947.0,512530,sh,沪深300红利ETF建信
2021-01-14,1.205,1.203,1.216,1.196,5592.0,512530,sh,沪深300红利ETF建信
2021-01-15,1.186,1.208,1.218,1.186,17301.0,512530,sh,沪深300红利ETF建信
2021-01-18,1.208,1.211,1.215,1.2,5215.0,512530,sh,沪深300红利ETF建信
2021-01-19,1.21,1.216,1.231,1.21,8408.0,512530,sh,沪深300红利ETF建信
2021-01-20,1.217,1.211,1.218,1.206,1864.0,512530,sh,沪深300红利ETF建信
2021-01-21,1.217,1.212,1.222,1.208,14855.0,512530,sh,沪深300红利ETF建信
2021-01-22,1.216,1.201,1.216,1.194,13406.0,512530,sh,沪深300红利ETF建信
2021-01-25,1.192,1.199,1.208,1.19,4159.0,512530,sh,沪深300红利ETF建信
2021-01-26,1.199,1.202,1.205,1.191,3466.0,512530,sh,沪深300红利ETF建信
2021-01-27,1.202,1.2,1.213,1.2,3871.0,512530,sh,沪深300红利ETF建信
2021-01-28,1.189,1.182,1.194,1.18,1597.0,512530,sh,沪深300红利ETF建信
2021-01-29,1.19,1.18,1.193,1.172,5472.0,512530,sh,沪深300红利ETF建信
2021-02-01,1.18,1.191,1.191,1.169,2832.0,512530,sh,沪深300红利ETF建信
2021-02-02,1.195,1.199,1.2,1.193,2762.0,512530,sh,沪深300红利ETF建信
2021-02-03,1.196,1.202,1.205,1.191,2233.0,512530,sh,沪深300红利ETF建信
2021-02-04,1.202,1.194,1.203,1.188,1760.0,512530,sh,沪深300红利ETF建信
2021-02-05,1.198,1.204,1.214,1.198,8541.0,512530,sh,沪深300红利ETF建信
2021-02-08,1.209,1.211,1.216,1.203,2737.0,512530,sh,沪深300红利ETF建信
2021-02-09,1.212,1.217,1.218,1.202,22886.0,512530,sh,沪深300红利ETF建信
2021-02-10,1.197,1.23,1.236,1.197,4079.0,512530,sh,沪深300红利ETF建信
2021-02-18,1.23,1.262,1.268,1.23,11489.0,512530,sh,沪深300红利ETF建信
2021-02-19,1.262,1.266,1.269,1.237,3719.0,512530,sh,沪深300红利ETF建信
2021-02-22,1.27,1.269,1.278,1.261,10695.0,512530,sh,沪深300红利ETF建信
2021-02-23,1.269,1.255,1.269,1.249,2143.0,512530,sh,沪深300红利ETF建信
2021-02-24,1.254,1.24,1.261,1.236,4509.0,512530,sh,沪深300红利ETF建信
2021-02-25,1.24,1.271,1.278,1.24,7938.0,512530,sh,沪深300红利ETF建信
2021-02-26,1.271,1.243,1.271,1.241,4504.0,512530,sh,沪深300红利ETF建信
2021-03-01,1.251,1.245,1.256,1.238,2087.0,512530,sh,沪深300红利ETF建信
2021-03-02,1.263,1.242,1.267,1.235,4082.0,512530,sh,沪深300红利ETF建信
2021-03-03,1.242,1.27,1.274,1.237,11130.0,512530,sh,沪深300红利ETF建信
2021-03-04,1.27,1.257,1.278,1.25,12348.0,512530,sh,沪深300红利ETF建信
2021-03-05,1.252,1.242,1.252,1.231,5521.0,512530,sh,沪深300红利ETF建信
2021-03-08,1.241,1.226,1.261,1.225,3651.0,512530,sh,沪深300红利ETF建信
2021-03-09,1.226,1.215,1.238,1.203,6261.0,512530,sh,沪深300红利ETF建信
2021-03-10,1.218,1.211,1.22,1.207,4243.0,512530,sh,沪深300红利ETF建信
2021-03-11,1.236,1.235,1.31,1.216,1882.0,512530,sh,沪深300红利ETF建信
2021-03-12,1.237,1.245,1.251,1.233,4888.0,512530,sh,沪深300红利ETF建信
2021-03-15,1.245,1.246,1.26,1.242,3636.0,512530,sh,沪深300红利ETF建信
2021-03-16,1.243,1.261,1.268,1.243,6090.0,512530,sh,沪深300红利ETF建信
2021-03-17,1.262,1.252,1.262,1.243,5451.0,512530,sh,沪深300红利ETF建信
2021-03-18,1.252,1.257,1.261,1.252,729.0,512530,sh,沪深300红利ETF建信
2021-03-19,1.25,1.237,1.25,1.232,19778.0,512530,sh,沪深300红利ETF建信
2021-03-22,1.237,1.246,1.247,1.233,9248.0,512530,sh,沪深300红利ETF建信
2021-03-23,1.246,1.227,1.246,1.226,2908.0,512530,sh,沪深300红利ETF建信
2021-03-24,1.227,1.208,1.227,1.207,1802.0,512530,sh,沪深300红利ETF建信
2021-03-25,1.2,1.211,1.217,1.2,2398.0,512530,sh,沪深300红利ETF建信
2021-03-26,1.211,1.218,1.224,1.211,778.0,512530,sh,沪深300红利ETF建信
2021-03-29,1.22,1.234,1.237,1.22,2768.0,512530,sh,沪深300红利ETF建信
2021-03-30,1.234,1.24,1.241,1.23,3773.0,512530,sh,沪深300红利ETF建信
2021-03-31,1.239,1.24,1.24,1.229,1994.0,512530,sh,沪深300红利ETF建信
2021-04-01,1.255,1.236,1.255,1.228,1652.0,512530,sh,沪深300红利ETF建信
2021-04-02,1.235,1.231,1.236,1.231,1941.0,512530,sh,沪深300红利ETF建信
2021-04-06,1.235,1.238,1.256,1.231,1868.0,512530,sh,沪深300红利ETF建信
2021-04-07,1.253,1.238,1.253,1.228,1782.0,512530,sh,沪深300红利ETF建信
2021-04-08,1.238,1.233,1.252,1.23,978.0,512530,sh,沪深300红利ETF建信
2021-04-09,1.235,1.232,1.235,1.228,1534.0,512530,sh,沪深300红利ETF建信
2021-04-12,1.23,1.226,1.234,1.226,11762.0,512530,sh,沪深300红利ETF建信
2021-04-13,1.226,1.218,1.23,1.218,599.0,512530,sh,沪深300红利ETF建信
2021-04-14,1.218,1.225,1.225,1.218,837.0,512530,sh,沪深300红利ETF建信
2021-04-15,1.218,1.219,1.219,1.211,636.0,512530,sh,沪深300红利ETF建信
2021-04-16,1.214,1.223,1.226,1.214,2027.0,512530,sh,沪深300红利ETF建信
2021-04-19,1.22,1.229,1.236,1.22,4226.0,512530,sh,沪深300红利ETF建信
2021-04-20,1.229,1.232,1.237,1.229,871.0,512530,sh,沪深300红利ETF建信
2021-04-21,1.232,1.231,1.232,1.225,346.0,512530,sh,沪深300红利ETF建信
2021-04-22,1.238,1.228,1.238,1.226,278.0,512530,sh,沪深300红利ETF建信
2021-04-23,1.227,1.224,1.23,1.222,1782.0,512530,sh,沪深300红利ETF建信
2021-04-26,1.223,1.222,1.232,1.22,1683.0,512530,sh,沪深300红利ETF建信
2021-04-27,1.219,1.217,1.219,1.21,1240.0,512530,sh,沪深300红利ETF建信
2021-04-28,1.215,1.22,1.22,1.215,680.0,512530,sh,沪深300红利ETF建信
2021-04-29,1.226,1.227,1.228,1.22,1001.0,512530,sh,沪深300红利ETF建信
2021-04-30,1.227,1.215,1.227,1.208,2908.0,512530,sh,沪深300红利ETF建信
2021-05-06,1.213,1.222,1.225,1.213,2038.0,512530,sh,沪深300红利ETF建信
2021-05-07,1.222,1.222,1.234,1.221,2667.0,512530,sh,沪深300红利ETF建信
2021-05-10,1.22,1.22,1.226,1.211,1258.0,512530,sh,沪深300红利ETF建信
2021-05-11,1.212,1.219,1.22,1.205,844.0,512530,sh,沪深300红利ETF建信
2021-05-12,1.219,1.22,1.226,1.216,1381.0,512530,sh,沪深300红利ETF建信
2021-05-13,1.22,1.207,1.22,1.202,676.0,512530,sh,沪深300红利ETF建信
2021-05-14,1.207,1.215,1.218,1.206,4584.0,512530,sh,沪深300红利ETF建信
2021-05-17,1.222,1.226,1.233,1.221,13002.0,512530,sh,沪深300红利ETF建信
2021-05-18,1.226,1.231,1.236,1.226,1368.0,512530,sh,沪深300红利ETF建信
2021-05-19,1.231,1.23,1.231,1.22,982.0,512530,sh,沪深300红利ETF建信
2021-05-20,1.23,1.232,1.232,1.218,1158.0,512530,sh,沪深300红利ETF建信
2021-05-21,1.235,1.217,1.235,1.212,1245.0,512530,sh,沪深300红利ETF建信
2021-05-24,1.217,1.216,1.221,1.209,1282.0,512530,sh,沪深300红利ETF建信
2021-05-25,1.216,1.234,1.234,1.216,1897.0,512530,sh,沪深300红利ETF建信
2021-05-26,1.237,1.247,1.261,1.234,29986.0,512530,sh,沪深300红利ETF建信
2021-05-27,1.247,1.247,1.252,1.238,10637.0,512530,sh,沪深300红利ETF建信
2021-05-28,1.246,1.238,1.246,1.233,1525.0,512530,sh,沪深300红利ETF建信
2021-05-31,1.238,1.237,1.238,1.229,781.0,512530,sh,沪深300红利ETF建信
2021-06-01,1.229,1.241,1.241,1.226,11454.0,512530,sh,沪深300红利ETF建信
2021-06-02,1.241,1.235,1.241,1.235,657.0,512530,sh,沪深300红利ETF建信
2021-06-03,1.235,1.235,1.242,1.235,2452.0,512530,sh,沪深300红利ETF建信
2021-06-04,1.237,1.238,1.245,1.232,1598.0,512530,sh,沪深300红利ETF建信
2021-06-07,1.243,1.232,1.243,1.23,1094.0,512530,sh,沪深300红利ETF建信
2021-06-08,1.232,1.231,1.242,1.23,744.0,512530,sh,沪深300红利ETF建信
2021-06-09,1.235,1.237,1.239,1.234,1475.0,512530,sh,沪深300红利ETF建信
2021-06-10,1.237,1.235,1.245,1.234,2477.0,512530,sh,沪深300红利ETF建信
2021-06-11,1.235,1.239,1.239,1.229,1504.0,512530,sh,沪深300红利ETF建信
2021-06-15,1.237,1.22,1.237,1.216,4993.0,512530,sh,沪深300红利ETF建信
2021-06-16,1.222,1.223,1.247,1.215,2649.0,512530,sh,沪深300红利ETF建信
2021-06-17,1.214,1.208,1.218,1.207,4697.0,512530,sh,沪深300红利ETF建信
2021-06-18,1.208,1.202,1.208,1.195,3038.0,512530,sh,沪深300红利ETF建信
2021-06-21,1.2,1.197,1.2,1.19,5052.0,512530,sh,沪深300红利ETF建信
2021-06-22,1.198,1.205,1.21,1.198,1428.0,512530,sh,沪深300红利ETF建信
2021-06-23,1.215,1.21,1.215,1.205,2050.0,512530,sh,沪深300红利ETF建信
2021-06-24,1.213,1.212,1.218,1.211,2990.0,512530,sh,沪深300红利ETF建信
2021-06-25,1.211,1.223,1.229,1.211,3771.0,512530,sh,沪深300红利ETF建信
2021-06-28,1.233,1.218,1.24,1.212,753.0,512530,sh,沪深300红利ETF建信
2021-06-29,1.218,1.215,1.22,1.206,21302.0,512530,sh,沪深300红利ETF建信
2021-06-30,1.215,1.213,1.221,1.211,1942.0,512530,sh,沪深300红利ETF建信
2021-07-01,1.216,1.22,1.229,1.212,3862.0,512530,sh,沪深300红利ETF建信
2021-07-02,1.226,1.205,1.23,1.201,1072.0,512530,sh,沪深300红利ETF建信
2021-07-05,1.205,1.196,1.205,1.193,1311.0,512530,sh,沪深300红利ETF建信
2021-07-06,1.228,1.208,1.228,1.201,8041.0,512530,sh,沪深300红利ETF建信
2021-07-07,1.208,1.209,1.238,1.169,4369.0,512530,sh,沪深300红利ETF建信
2021-07-08,1.209,1.197,1.219,1.194,2869.0,512530,sh,沪深300红利ETF建信
2021-07-09,1.197,1.202,1.208,1.164,1316.0,512530,sh,沪深300红利ETF建信
2021-07-12,1.206,1.19,1.245,1.188,6159.0,512530,sh,沪深300红利ETF建信
2021-07-13,1.19,1.198,1.201,1.189,103619.0,512530,sh,沪深300红利ETF建信
2021-07-14,1.197,1.18,1.198,1.176,16960.0,512530,sh,沪深300红利ETF建信
2021-07-15,1.18,1.192,1.195,1.178,3601.0,512530,sh,沪深300红利ETF建信
2021-07-16,1.192,1.188,1.199,1.185,90190.0,512530,sh,沪深300红利ETF建信
2021-07-19,1.19,1.184,1.19,1.173,137896.0,512530,sh,沪深300红利ETF建信
2021-07-20,1.184,1.178,1.184,1.17,12874.0,512530,sh,沪深300红利ETF建信
2021-07-21,1.18,1.176,1.181,1.17,4857.0,512530,sh,沪深300红利ETF建信
2021-07-22,1.176,1.188,1.189,1.17,14655.0,512530,sh,沪深300红利ETF建信
2021-07-23,1.188,1.188,1.191,1.183,2753.0,512530,sh,沪深300红利ETF建信
2021-07-26,1.188,1.158,1.188,1.152,4047.0,512530,sh,沪深300红利ETF建信
2021-07-27,1.158,1.122,1.158,1.121,3645.0,512530,sh,沪深300红利ETF建信
2021-07-28,1.1,1.121,1.122,1.1,8539.0,512530,sh,沪深300红利ETF建信
2021-07-29,1.121,1.118,1.13,1.113,2773.0,512530,sh,沪深300红利ETF建信
2021-07-30,1.127,1.124,1.127,1.11,1787.0,512530,sh,沪深300红利ETF建信
2021-08-02,1.124,1.14,1.142,1.106,2357.0,512530,sh,沪深300红利ETF建信
2021-08-03,1.135,1.135,1.136,1.13,528.0,512530,sh,沪深300红利ETF建信
2021-08-04,1.135,1.136,1.138,1.124,785.0,512530,sh,沪深300红利ETF建信
2021-08-05,1.135,1.13,1.15,1.13,865.0,512530,sh,沪深300红利ETF建信
2021-08-06,1.13,1.132,1.136,1.121,525.0,512530,sh,沪深300红利ETF建信
2021-08-09,1.132,1.168,1.17,1.132,13342.0,512530,sh,沪深300红利ETF建信
2021-08-10,1.168,1.171,1.171,1.152,1138.0,512530,sh,沪深300红利ETF建信
2021-08-11,1.171,1.188,1.2,1.171,4266.0,512530,sh,沪深300红利ETF建信
2021-08-12,1.188,1.188,1.19,1.139,2114.0,512530,sh,沪深300红利ETF建信
2021-08-13,1.186,1.185,1.19,1.178,1254.0,512530,sh,沪深300红利ETF建信
2021-08-16,1.185,1.191,1.2,1.183,3432.0,512530,sh,沪深300红利ETF建信
2021-08-17,1.2,1.18,1.203,1.179,11282.0,512530,sh,沪深300红利ETF建信
2021-08-18,1.182,1.19,1.19,1.174,752.0,512530,sh,沪深300红利ETF建信
2021-08-19,1.188,1.17,1.191,1.17,791.0,512530,sh,沪深300红利ETF建信
2021-08-20,1.17,1.169,1.179,1.16,2114.0,512530,sh,沪深300红利ETF建信
2021-08-23,1.171,1.174,1.175,1.168,948.0,512530,sh,沪深300红利ETF建信
2021-08-24,1.163,1.177,1.181,1.163,1418.0,512530,sh,沪深300红利ETF建信
2021-08-25,1.177,1.17,1.177,1.17,612.0,512530,sh,沪深300红利ETF建信
2021-08-26,1.161,1.169,1.175,1.161,1764.0,512530,sh,沪深300红利ETF建信
2021-08-27,1.167,1.178,1.178,1.16,1306.0,512530,sh,沪深300红利ETF建信
2021-08-30,1.18,1.17,1.18,1.159,395.0,512530,sh,沪深300红利ETF建信
2021-08-31,1.165,1.19,1.19,1.16,4975.0,512530,sh,沪深300红利ETF建信
2021-09-01,1.19,1.225,1.228,1.19,19290.0,512530,sh,沪深300红利ETF建信
2021-09-02,1.225,1.223,1.232,1.212,10319.0,512530,sh,沪深300红利ETF建信
2021-09-03,1.224,1.218,1.228,1.21,4048.0,512530,sh,沪深300红利ETF建信
2021-09-06,1.218,1.228,1.23,1.206,18508.0,512530,sh,沪深300红利ETF建信
2021-09-07,1.229,1.244,1.25,1.225,21235.0,512530,sh,沪深300红利ETF建信
2021-09-08,1.246,1.247,1.256,1.237,13435.0,512530,sh,沪深300红利ETF建信
2021-09-09,1.251,1.258,1.259,1.24,2738.0,512530,sh,沪深300红利ETF建信
2021-09-10,1.258,1.253,1.27,1.253,5035.0,512530,sh,沪深300红利ETF建信
2021-09-13,1.254,1.276,1.276,1.254,5213.0,512530,sh,沪深300红利ETF建信
2021-09-14,1.276,1.244,1.276,1.236,4074.0,512530,sh,沪深300红利ETF建信
2021-09-15,1.236,1.233,1.25,1.23,2879.0,512530,sh,沪深300红利ETF建信
2021-09-16,1.232,1.23,1.243,1.214,1927.0,512530,sh,沪深300红利ETF建信
2021-09-17,1.229,1.217,1.23,1.21,2084.0,512530,sh,沪深300红利ETF建信
2021-09-22,1.217,1.23,1.233,1.202,11189.0,512530,sh,沪深300红利ETF建信
2021-09-23,1.23,1.238,1.255,1.229,2008.0,512530,sh,沪深300红利ETF建信
2021-09-24,1.239,1.214,1.248,1.213,1328.0,512530,sh,沪深300红利ETF建信
2021-09-27,1.222,1.195,1.228,1.193,3435.0,512530,sh,沪深300红利ETF建信
2021-09-28,1.204,1.219,1.227,1.2,1151.0,512530,sh,沪深300红利ETF建信
2021-09-29,1.218,1.212,1.218,1.202,1422.0,512530,sh,沪深300红利ETF建信
2021-09-30,1.216,1.216,1.224,1.208,1635.0,512530,sh,沪深300红利ETF建信
2021-10-08,1.206,1.218,1.228,1.206,1320.0,512530,sh,沪深300红利ETF建信
2021-10-11,1.218,1.231,1.235,1.206,3745.0,512530,sh,沪深300红利ETF建信
2021-10-12,1.231,1.221,1.233,1.21,2206.0,512530,sh,沪深300红利ETF建信
2021-10-13,1.22,1.219,1.22,1.204,992.0,512530,sh,沪深300红利ETF建信
2021-10-14,1.219,1.208,1.219,1.207,1258.0,512530,sh,沪深300红利ETF建信
2021-10-15,1.211,1.21,1.211,1.201,1134.0,512530,sh,沪深300红利ETF建信
2021-10-18,1.206,1.208,1.208,1.2,1288.0,512530,sh,沪深300红利ETF建信
2021-10-19,1.215,1.215,1.217,1.208,1727.0,512530,sh,沪深300红利ETF建信
2021-10-20,1.212,1.203,1.212,1.2,634.0,512530,sh,沪深300红利ETF建信
2021-10-21,1.201,1.22,1.222,1.201,929.0,512530,sh,沪深300红利ETF建信
2021-10-22,1.221,1.221,1.236,1.218,963.0,512530,sh,沪深300红利ETF建信
2021-10-25,1.22,1.219,1.221,1.21,1533.0,512530,sh,沪深300红利ETF建信
2021-10-26,1.219,1.214,1.225,1.21,471.0,512530,sh,沪深300红利ETF建信
2021-10-27,1.214,1.198,1.214,1.198,935.0,512530,sh,沪深300红利ETF建信
2021-10-28,1.198,1.18,1.198,1.172,2149.0,512530,sh,沪深300红利ETF建信
2021-10-29,1.18,1.173,1.18,1.166,4420.0,512530,sh,沪深300红利ETF建信
2021-11-01,1.172,1.172,1.172,1.166,3413.0,512530,sh,沪深300红利ETF建信
2021-11-02,1.169,1.149,1.172,1.138,2721.0,512530,sh,沪深300红利ETF建信
2021-11-03,1.15,1.164,1.164,1.143,540.0,512530,sh,沪深300红利ETF建信
2021-11-04,1.153,1.154,1.154,1.148,3844.0,512530,sh,沪深300红利ETF建信
2021-11-05,1.154,1.146,1.154,1.144,1056.0,512530,sh,沪深300红利ETF建信
2021-11-08,1.146,1.145,1.149,1.14,633.0,512530,sh,沪深300红利ETF建信
2021-11-09,1.145,1.145,1.145,1.138,1033.0,512530,sh,沪深300红利ETF建信
2021-11-10,1.15,1.13,1.169,1.118,3167.0,512530,sh,沪深300红利ETF建信
2021-11-11,1.125,1.167,1.178,1.125,8476.0,512530,sh,沪深300红利ETF建信
2021-11-12,1.167,1.165,1.167,1.153,18915.0,512530,sh,沪深300红利ETF建信
2021-11-15,1.165,1.163,1.165,1.154,2810.0,512530,sh,沪深300红利ETF建信
2021-11-16,1.165,1.153,1.166,1.153,2911.0,512530,sh,沪深300红利ETF建信
2021-11-17,1.164,1.153,1.164,1.15,7902.0,512530,sh,沪深300红利ETF建信
2021-11-18,1.151,1.15,1.153,1.147,1130.0,512530,sh,沪深300红利ETF建信
2021-11-19,1.15,1.165,1.167,1.145,2180.0,512530,sh,沪深300红利ETF建信
2021-11-22,1.167,1.155,1.167,1.155,1445.0,512530,sh,沪深300红利ETF建信
2021-11-23,1.166,1.16,1.166,1.155,4812.0,512530,sh,沪深300红利ETF建信
2021-11-24,1.159,1.16,1.164,1.157,1910.0,512530,sh,沪深300红利ETF建信
2021-11-25,1.161,1.158,1.163,1.155,1656.0,512530,sh,沪深300红利ETF建信
2021-11-26,1.153,1.147,1.153,1.147,693.0,512530,sh,沪深300红利ETF建信
2021-11-29,1.136,1.137,1.147,1.131,1895.0,512530,sh,沪深300红利ETF建信
2021-11-30,1.145,1.135,1.148,1.133,2483.0,512530,sh,沪深300红利ETF建信
2021-12-01,1.135,1.147,1.149,1.135,1008.0,512530,sh,沪深300红利ETF建信
2021-12-02,1.147,1.162,1.163,1.146,3583.0,512530,sh,沪深300红利ETF建信
2021-12-03,1.16,1.17,1.171,1.151,2093.0,512530,sh,沪深300红利ETF建信
2021-12-06,1.168,1.172,1.186,1.168,14142.0,512530,sh,沪深300红利ETF建信
2021-12-07,1.172,1.187,1.189,1.172,9997.0,512530,sh,沪深300红利ETF建信
2021-12-08,1.184,1.183,1.185,1.176,1092.0,512530,sh,沪深300红利ETF建信
2021-12-09,1.183,1.194,1.2,1.183,3308.0,512530,sh,沪深300红利ETF建信
2021-12-10,1.196,1.189,1.205,1.188,873.0,512530,sh,沪深300红利ETF建信
2021-12-13,1.2,1.191,1.2,1.19,869.0,512530,sh,沪深300红利ETF建信
2021-12-14,1.197,1.176,1.197,1.175,1037.0,512530,sh,沪深300红利ETF建信
2021-12-15,1.176,1.176,1.178,1.169,1100.0,512530,sh,沪深300红利ETF建信
2021-12-16,1.17,1.185,1.186,1.17,3140.0,512530,sh,沪深300红利ETF建信
2021-12-17,1.183,1.184,1.193,1.183,635.0,512530,sh,沪深300红利ETF建信
2021-12-20,1.195,1.174,1.195,1.174,1623.0,512530,sh,沪深300红利ETF建信
2021-12-21,1.174,1.192,1.194,1.174,2208.0,512530,sh,沪深300红利ETF建信
2021-12-22,1.185,1.189,1.195,1.184,1399.0,512530,sh,沪深300红利ETF建信
2021-12-23,1.189,1.187,1.189,1.184,488.0,512530,sh,沪深300红利ETF建信
2021-12-24,1.185,1.191,1.192,1.183,926.0,512530,sh,沪深300红利ETF建信
2021-12-27,1.199,1.191,1.201,1.19,508.0,512530,sh,沪深300红利ETF建信
2021-12-28,1.191,1.189,1.195,1.183,413.0,512530,sh,沪深300红利ETF建信
2021-12-29,1.189,1.184,1.191,1.181,1136.0,512530,sh,沪深300红利ETF建信
2021-12-30,1.181,1.185,1.19,1.179,1688.0,512530,sh,沪深300红利ETF建信
2021-12-31,1.174,1.2,1.2,1.174,20862.0,512530,sh,沪深300红利ETF建信
2022-01-04,1.2,1.198,1.21,1.193,5115.0,512530,sh,沪深300红利ETF建信
2022-01-05,1.208,1.209,1.22,1.192,1641.0,512530,sh,沪深300红利ETF建信
2022-01-06,1.209,1.205,1.214,1.204,2368.0,512530,sh,沪深300红利ETF建信
2022-01-07,1.214,1.234,1.235,1.214,4151.0,512530,sh,沪深300红利ETF建信
2022-01-10,1.234,1.236,1.242,1.223,7042.0,512530,sh,沪深300红利ETF建信
2022-01-11,1.246,1.242,1.251,1.23,3465.0,512530,sh,沪深300红利ETF建信
2022-01-12,1.23,1.231,1.252,1.222,1648.0,512530,sh,沪深300红利ETF建信
2022-01-13,1.239,1.231,1.245,1.23,1750.0,512530,sh,沪深300红利ETF建信
2022-01-14,1.231,1.202,1.231,1.202,2479.0,512530,sh,沪深300红利ETF建信
2022-01-17,1.201,1.209,1.23,1.19,4144.0,512530,sh,沪深300红利ETF建信
2022-01-18,1.21,1.233,1.242,1.209,2276.0,512530,sh,沪深300红利ETF建信
2022-01-19,1.24,1.24,1.247,1.236,1718.0,512530,sh,沪深300红利ETF建信
2022-01-20,1.245,1.251,1.256,1.245,4916.0,512530,sh,沪深300红利ETF建信
2022-01-21,1.251,1.24,1.251,1.238,2904.0,512530,sh,沪深300红利ETF建信
2022-01-24,1.238,1.242,1.252,1.227,1148.0,512530,sh,沪深300红利ETF建信
2022-01-25,1.242,1.236,1.242,1.218,1706.0,512530,sh,沪深300红利ETF建信
2022-01-26,1.244,1.222,1.244,1.214,2390.0,512530,sh,沪深300红利ETF建信
2022-01-27,1.234,1.216,1.234,1.21,3521.0,512530,sh,沪深300红利ETF建信
2022-01-28,1.228,1.201,1.228,1.2,2113.0,512530,sh,沪深300红利ETF建信
2022-02-07,1.201,1.233,1.236,1.201,1727.0,512530,sh,沪深300红利ETF建信
2022-02-08,1.235,1.25,1.254,1.234,2051.0,512530,sh,沪深300红利ETF建信
2022-02-09,1.25,1.255,1.26,1.249,2377.0,512530,sh,沪深300红利ETF建信
2022-02-10,1.242,1.262,1.263,1.242,3942.0,512530,sh,沪深300红利ETF建信
2022-02-11,1.259,1.27,1.282,1.249,6525.0,512530,sh,沪深300红利ETF建信
2022-02-14,1.269,1.245,1.269,1.24,1939.0,512530,sh,沪深300红利ETF建信
2022-02-15,1.245,1.236,1.245,1.225,4249.0,512530,sh,沪深300红利ETF建信
2022-02-16,1.236,1.24,1.245,1.233,2115.0,512530,sh,沪深300红利ETF建信
2022-02-17,1.245,1.237,1.252,1.231,3798.0,512530,sh,沪深300红利ETF建信
2022-02-18,1.23,1.251,1.263,1.23,2179.0,512530,sh,沪深300红利ETF建信
2022-02-21,1.257,1.252,1.263,1.241,1094.0,512530,sh,沪深300红利ETF建信
2022-02-22,1.252,1.252,1.264,1.236,2643.0,512530,sh,沪深300红利ETF建信
2022-02-23,1.252,1.237,1.252,1.233,4722.0,512530,sh,沪深300红利ETF建信
2022-02-24,1.237,1.229,1.237,1.212,2896.0,512530,sh,沪深300红利ETF建信
2022-02-25,1.229,1.228,1.229,1.203,3950.0,512530,sh,沪深300红利ETF建信
2022-02-28,1.216,1.214,1.217,1.202,12764.0,512530,sh,沪深300红利ETF建信
2022-03-01,1.214,1.221,1.223,1.202,4970.0,512530,sh,沪深300红利ETF建信
2022-03-02,1.226,1.225,1.234,1.221,1278.0,512530,sh,沪深300红利ETF建信
2022-03-03,1.225,1.239,1.24,1.225,2624.0,512530,sh,沪深300红利ETF建信
2022-03-04,1.239,1.237,1.24,1.223,1387.0,512530,sh,沪深300红利ETF建信
2022-03-07,1.239,1.22,1.243,1.218,4354.0,512530,sh,沪深300红利ETF建信
2022-03-08,1.218,1.199,1.22,1.193,3125.0,512530,sh,沪深300红利ETF建信
2022-03-09,1.193,1.184,1.21,1.145,4299.0,512530,sh,沪深300红利ETF建信
2022-03-10,1.184,1.183,1.193,1.181,2440.0,512530,sh,沪深300红利ETF建信
2022-03-11,1.188,1.182,1.188,1.16,1347.0,512530,sh,沪深300红利ETF建信
2022-03-14,1.188,1.183,1.191,1.163,3757.0,512530,sh,沪深300红利ETF建信
2022-03-15,1.183,1.108,1.183,1.098,38853.0,512530,sh,沪深300红利ETF建信
2022-03-16,1.119,1.124,1.13,1.084,6755.0,512530,sh,沪深300红利ETF建信
2022-03-17,1.13,1.133,1.145,1.13,2108.0,512530,sh,沪深300红利ETF建信
2022-03-18,1.133,1.165,1.166,1.132,3035.0,512530,sh,沪深300红利ETF建信
2022-03-21,1.16,1.158,1.164,1.148,2143.0,512530,sh,沪深300红利ETF建信
2022-03-22,1.137,1.175,1.177,1.137,2629.0,512530,sh,沪深300红利ETF建信
2022-03-23,1.17,1.174,1.186,1.167,1348.0,512530,sh,沪深300红利ETF建信
2022-03-24,1.174,1.176,1.183,1.173,1377.0,512530,sh,沪深300红利ETF建信
2022-03-25,1.18,1.175,1.182,1.166,2562.0,512530,sh,沪深300红利ETF建信
2022-03-28,1.175,1.19,1.192,1.164,3238.0,512530,sh,沪深300红利ETF建信
2022-03-29,1.191,1.196,1.196,1.18,13613.0,512530,sh,沪深300红利ETF建信
2022-03-30,1.196,1.21,1.21,1.186,3577.0,512530,sh,沪深300红利ETF建信
2022-03-31,1.218,1.22,1.23,1.201,2120.0,512530,sh,沪深300红利ETF建信
2022-04-01,1.22,1.24,1.24,1.215,3983.0,512530,sh,沪深300红利ETF建信
2022-04-06,1.24,1.26,1.262,1.24,4616.0,512530,sh,沪深300红利ETF建信
2022-04-07,1.26,1.24,1.262,1.235,1900.0,512530,sh,沪深300红利ETF建信
2022-04-08,1.229,1.257,1.263,1.229,2197.0,512530,sh,沪深300红利ETF建信
2022-04-11,1.256,1.251,1.256,1.24,8003.0,512530,sh,沪深300红利ETF建信
2022-04-12,1.263,1.243,1.264,1.23,2973.0,512530,sh,沪深300红利ETF建信
2022-04-13,1.243,1.243,1.25,1.235,2802.0,512530,sh,沪深300红利ETF建信
2022-04-14,1.243,1.247,1.256,1.242,2377.0,512530,sh,沪深300红利ETF建信
2022-04-15,1.249,1.262,1.266,1.249,3677.0,512530,sh,沪深300红利ETF建信
2022-04-18,1.254,1.25,1.262,1.22,2615.0,512530,sh,沪深300红利ETF建信
2022-04-19,1.249,1.236,1.249,1.233,1029.0,512530,sh,沪深300红利ETF建信
2022-04-20,1.233,1.213,1.233,1.209,1255.0,512530,sh,沪深300红利ETF建信
2022-04-21,1.213,1.201,1.223,1.2,2326.0,512530,sh,沪深300红利ETF建信
2022-04-22,1.2,1.218,1.224,1.197,3712.0,512530,sh,沪深300红利ETF建信
2022-04-25,1.216,1.195,1.218,1.184,7689.0,512530,sh,沪深300红利ETF建信
2022-04-26,1.195,1.2,1.2,1.172,9367.0,512530,sh,沪深300红利ETF建信
2022-04-27,1.188,1.185,1.2,1.16,3550.0,512530,sh,沪深300红利ETF建信
2022-04-28,1.174,1.196,1.196,1.16,9857.0,512530,sh,沪深300红利ETF建信
2022-04-29,1.19,1.208,1.208,1.186,1736.0,512530,sh,沪深300红利ETF建信
2022-05-05,1.208,1.207,1.22,1.197,1065.0,512530,sh,沪深300红利ETF建信
2022-05-06,1.197,1.178,1.197,1.173,3080.0,512530,sh,沪深300红利ETF建信
2022-05-09,1.173,1.171,1.176,1.159,12800.0,512530,sh,沪深300红利ETF建信
2022-05-10,1.171,1.173,1.175,1.161,736.0,512530,sh,沪深300红利ETF建信
2022-05-11,1.168,1.175,1.175,1.163,1786.0,512530,sh,沪深300红利ETF建信
2022-05-12,1.174,1.156,1.174,1.154,3595.0,512530,sh,沪深300红利ETF建信
2022-05-13,1.156,1.184,1.185,1.156,4217.0,512530,sh,沪深300红利ETF建信
2022-05-16,1.176,1.188,1.195,1.175,1013.0,512530,sh,沪深300红利ETF建信
2022-05-17,1.18,1.19,1.19,1.177,2060.0,512530,sh,沪深300红利ETF建信
2022-05-18,1.19,1.182,1.19,1.172,1984.0,512530,sh,沪深300红利ETF建信
2022-05-19,1.171,1.182,1.197,1.165,1116.0,512530,sh,沪深300红利ETF建信
2022-05-20,1.174,1.183,1.189,1.174,3695.0,512530,sh,沪深300红利ETF建信
2022-05-23,1.194,1.184,1.194,1.178,3419.0,512530,sh,沪深300红利ETF建信
2022-05-24,1.189,1.173,1.189,1.173,1301.0,512530,sh,沪深300红利ETF建信
2022-05-25,1.173,1.177,1.178,1.17,353.0,512530,sh,沪深300红利ETF建信
2022-05-26,1.177,1.189,1.192,1.177,873.0,512530,sh,沪深300红利ETF建信
2022-05-27,1.178,1.191,1.198,1.178,728.0,512530,sh,沪深300红利ETF建信
2022-05-30,1.192,1.181,1.195,1.181,1709.0,512530,sh,沪深300红利ETF建信
2022-05-31,1.181,1.183,1.189,1.18,586.0,512530,sh,沪深300红利ETF建信
2022-06-01,1.183,1.185,1.194,1.181,158.0,512530,sh,沪深300红利ETF建信
2022-06-02,1.184,1.177,1.184,1.175,1825.0,512530,sh,沪深300红利ETF建信
2022-06-06,1.175,1.178,1.179,1.167,2469.0,512530,sh,沪深300红利ETF建信
2022-06-07,1.189,1.188,1.189,1.177,3359.0,512530,sh,沪深300红利ETF建信
2022-06-08,1.191,1.189,1.193,1.182,4873.0,512530,sh,沪深300红利ETF建信
2022-06-09,1.193,1.203,1.209,1.193,1121.0,512530,sh,沪深300红利ETF建信
2022-06-10,1.203,1.208,1.209,1.196,963.0,512530,sh,沪深300红利ETF建信
2022-06-13,1.215,1.196,1.215,1.183,2667.0,512530,sh,沪深300红利ETF建信
2022-06-14,1.196,1.204,1.204,1.181,2159.0,512530,sh,沪深300红利ETF建信
2022-06-15,1.204,1.223,1.323,1.2,11589.0,512530,sh,沪深300红利ETF建信
2022-06-16,1.22,1.206,1.22,1.204,1160.0,512530,sh,沪深300红利ETF建信
2022-06-17,1.2,1.204,1.205,1.195,908.0,512530,sh,沪深300红利ETF建信
2022-06-20,1.204,1.201,1.208,1.193,12150.0,512530,sh,沪深300红利ETF建信
2022-06-21,1.207,1.21,1.219,1.207,3116.0,512530,sh,沪深300红利ETF建信
2022-06-22,1.213,1.198,1.222,1.195,3464.0,512530,sh,沪深300红利ETF建信
2022-06-23,1.209,1.205,1.209,1.194,1467.0,512530,sh,沪深300红利ETF建信
2022-06-24,1.211,1.207,1.211,1.199,1257.0,512530,sh,沪深300红利ETF建信
2022-06-27,1.207,1.209,1.219,1.207,13952.0,512530,sh,沪深300红利ETF建信
2022-06-28,1.209,1.213,1.213,1.205,4785.0,512530,sh,沪深300红利ETF建信
2022-06-29,1.192,1.227,1.234,1.192,7064.0,512530,sh,沪深300红利ETF建信
2022-06-30,1.224,1.234,1.237,1.215,1323.0,512530,sh,沪深300红利ETF建信
2022-07-01,1.234,1.231,1.237,1.229,963.0,512530,sh,沪深300红利ETF建信
2022-07-04,1.219,1.234,1.234,1.218,4094.0,512530,sh,沪深300红利ETF建信
2022-07-05,1.234,1.234,1.24,1.229,6528.0,512530,sh,沪深300红利ETF建信
2022-07-06,1.234,1.212,1.234,1.21,2087.0,512530,sh,沪深300红利ETF建信
2022-07-07,1.217,1.216,1.22,1.216,843.0,512530,sh,沪深300红利ETF建信
2022-07-08,1.22,1.217,1.221,1.215,1579.0,512530,sh,沪深300红利ETF建信
2022-07-11,1.229,1.21,1.229,1.209,407.0,512530,sh,沪深300红利ETF建信
2022-07-12,1.208,1.221,1.226,1.208,1571.0,512530,sh,沪深300红利ETF建信
2022-07-13,1.216,1.214,1.218,1.21,195.0,512530,sh,沪深300红利ETF建信
2022-07-14,1.214,1.195,1.214,1.193,1347.0,512530,sh,沪深300红利ETF建信
2022-07-15,1.2,1.179,1.2,1.174,1559.0,512530,sh,沪深300红利ETF建信
2022-07-18,1.172,1.19,1.194,1.172,989.0,512530,sh,沪深300红利ETF建信
2022-07-19,1.19,1.194,1.197,1.19,1590.0,512530,sh,沪深300红利ETF建信
2022-07-20,1.197,1.197,1.199,1.196,675.0,512530,sh,沪深300红利ETF建信
2022-07-21,1.208,1.192,1.208,1.18,952.0,512530,sh,沪深300红利ETF建信
2022-07-22,1.195,1.18,1.195,1.176,1560.0,512530,sh,沪深300红利ETF建信
2022-07-25,1.18,1.182,1.184,1.179,1102.0,512530,sh,沪深300红利ETF建信
2022-07-26,1.187,1.198,1.2,1.187,2492.0,512530,sh,沪深300红利ETF建信
2022-07-27,1.198,1.192,1.198,1.189,784.0,512530,sh,沪深300红利ETF建信
2022-07-28,1.192,1.192,1.196,1.192,319.0,512530,sh,沪深300红利ETF建信
2022-07-29,1.192,1.183,1.195,1.182,751.0,512530,sh,沪深300红利ETF建信
2022-08-01,1.194,1.175,1.194,1.17,1640.0,512530,sh,沪深300红利ETF建信
2022-08-02,1.164,1.152,1.164,1.144,4613.0,512530,sh,沪深300红利ETF建信
2022-08-03,1.151,1.144,1.163,1.142,980.0,512530,sh,沪深300红利ETF建信
2022-08-04,1.153,1.143,1.153,1.136,1825.0,512530,sh,沪深300红利ETF建信
2022-08-05,1.136,1.153,1.153,1.136,1096.0,512530,sh,沪深300红利ETF建信
2022-08-08,1.153,1.156,1.164,1.153,355.0,512530,sh,沪深300红利ETF建信
2022-08-09,1.154,1.156,1.158,1.154,921.0,512530,sh,沪深300红利ETF建信
2022-08-10,1.156,1.147,1.156,1.146,400.0,512530,sh,沪深300红利ETF建信
2022-08-11,1.151,1.162,1.165,1.151,1432.0,512530,sh,沪深300红利ETF建信
2022-08-12,1.162,1.169,1.172,1.162,990.0,512530,sh,沪深300红利ETF建信
2022-08-15,1.169,1.165,1.174,1.163,1905.0,512530,sh,沪深300红利ETF建信
2022-08-16,1.166,1.168,1.171,1.165,544.0,512530,sh,沪深300红利ETF建信
2022-08-17,1.168,1.178,1.179,1.163,1255.0,512530,sh,沪深300红利ETF建信
2022-08-18,1.176,1.162,1.178,1.162,5138.0,512530,sh,沪深300红利ETF建信
2022-08-19,1.166,1.173,1.176,1.166,4390.0,512530,sh,沪深300红利ETF建信
2022-08-22,1.173,1.175,1.18,1.173,3908.0,512530,sh,沪深300红利ETF建信
2022-08-23,1.186,1.175,1.186,1.168,957.0,512530,sh,沪深300红利ETF建信
2022-08-24,1.176,1.165,1.179,1.165,1263.0,512530,sh,沪深300红利ETF建信
2022-08-25,1.171,1.181,1.185,1.169,4507.0,512530,sh,沪深300红利ETF建信
2022-08-26,1.18,1.177,1.182,1.177,493.0,512530,sh,沪深300红利ETF建信
2022-08-29,1.188,1.179,1.188,1.164,682.0,512530,sh,沪深300红利ETF建信
2022-08-30,1.179,1.182,1.183,1.176,1038.0,512530,sh,沪深300红利ETF建信
2022-08-31,1.182,1.185,1.191,1.179,1602.0,512530,sh,沪深300红利ETF建信
2022-09-01,1.188,1.183,1.197,1.183,651.0,512530,sh,沪深300红利ETF建信
2022-09-02,1.184,1.184,1.191,1.18,2009.0,512530,sh,沪深300红利ETF建信
2022-09-05,1.18,1.196,1.196,1.18,4100.0,512530,sh,沪深300红利ETF建信
2022-09-06,1.195,1.202,1.208,1.195,1448.0,512530,sh,沪深300红利ETF建信
2022-09-07,1.202,1.201,1.203,1.197,318.0,512530,sh,沪深300红利ETF建信
2022-09-08,1.201,1.203,1.205,1.197,2205.0,512530,sh,沪深300红利ETF建信
2022-09-09,1.195,1.221,1.223,1.195,4043.0,512530,sh,沪深300红利ETF建信
2022-09-13,1.221,1.216,1.226,1.214,2550.0,512530,sh,沪深300红利ETF建信
2022-09-14,1.216,1.211,1.22,1.207,1785.0,512530,sh,沪深300红利ETF建信
2022-09-15,1.208,1.224,1.226,1.208,1699.0,512530,sh,沪深300红利ETF建信
2022-09-16,1.212,1.199,1.216,1.188,1410.0,512530,sh,沪深300红利ETF建信
2022-09-19,1.2,1.191,1.2,1.182,2709.0,512530,sh,沪深300红利ETF建信
2022-09-20,1.2,1.192,1.2,1.176,1860.0,512530,sh,沪深300红利ETF建信
2022-09-21,1.192,1.179,1.192,1.172,20605.0,512530,sh,沪深300红利ETF建信
2022-09-22,1.173,1.178,1.181,1.173,409.0,512530,sh,沪深300红利ETF建信
2022-09-23,1.188,1.174,1.192,1.173,527.0,512530,sh,沪深300红利ETF建信
2022-09-26,1.174,1.175,1.182,1.16,3849.0,512530,sh,沪深300红利ETF建信
2022-09-27,1.165,1.166,1.166,1.164,1184.0,512530,sh,沪深300红利ETF建信
2022-09-28,1.166,1.161,1.168,1.161,1723.0,512530,sh,沪深300红利ETF建信
2022-09-29,1.168,1.157,1.168,1.15,2145.0,512530,sh,沪深300红利ETF建信
2022-09-30,1.158,1.163,1.168,1.155,1437.0,512530,sh,沪深300红利ETF建信
2022-10-10,1.16,1.163,1.176,1.16,1961.0,512530,sh,沪深300红利ETF建信
2022-10-11,1.163,1.155,1.163,1.153,4980.0,512530,sh,沪深300红利ETF建信
2022-10-12,1.166,1.163,1.186,1.147,2140.0,512530,sh,沪深300红利ETF建信
2022-10-13,1.157,1.154,1.157,1.147,4930.0,512530,sh,沪深300红利ETF建信
2022-10-14,1.154,1.161,1.167,1.154,4361.0,512530,sh,沪深300红利ETF建信
2022-10-17,1.161,1.157,1.207,1.151,2204.0,512530,sh,沪深300红利ETF建信
2022-10-18,1.157,1.151,1.161,1.148,3266.0,512530,sh,沪深300红利ETF建信
2022-10-19,1.151,1.144,1.154,1.144,1302.0,512530,sh,沪深300红利ETF建信
2022-10-20,1.141,1.145,1.145,1.136,2594.0,512530,sh,沪深300红利ETF建信
2022-10-21,1.145,1.141,1.149,1.136,3158.0,512530,sh,沪深300红利ETF建信
2022-10-24,1.139,1.125,1.139,1.113,1809.0,512530,sh,沪深300红利ETF建信
2022-10-25,1.115,1.12,1.12,1.105,3330.0,512530,sh,沪深300红利ETF建信
2022-10-26,1.126,1.121,1.126,1.097,3316.0,512530,sh,沪深300红利ETF建信
2022-10-27,1.11,1.113,1.113,1.103,2299.0,512530,sh,沪深300红利ETF建信
2022-10-28,1.102,1.102,1.104,1.087,1508.0,512530,sh,沪深300红利ETF建信
2022-10-31,1.102,1.073,1.102,1.062,2492.0,512530,sh,沪深300红利ETF建信
2022-11-01,1.073,1.072,1.08,1.062,4148.0,512530,sh,沪深300红利ETF建信
2022-11-02,1.08,1.081,1.085,1.068,1954.0,512530,sh,沪深300红利ETF建信
2022-11-03,1.079,1.075,1.079,1.069,1933.0,512530,sh,沪深300红利ETF建信
2022-11-04,1.066,1.096,1.099,1.066,2734.0,512530,sh,沪深300红利ETF建信
2022-11-07,1.096,1.106,1.106,1.094,1099.0,512530,sh,沪深300红利ETF建信
2022-11-08,1.106,1.099,1.106,1.096,2531.0,512530,sh,沪深300红利ETF建信
2022-11-09,1.106,1.106,1.109,1.102,2510.0,512530,sh,沪深300红利ETF建信
2022-11-10,1.117,1.103,1.12,1.095,3078.0,512530,sh,沪深300红利ETF建信
2022-11-11,1.105,1.133,1.17,1.103,17206.0,512530,sh,沪深300红利ETF建信
2022-11-14,1.133,1.145,1.165,1.133,4489.0,512530,sh,沪深300红利ETF建信
2022-11-15,1.143,1.153,1.155,1.143,1747.0,512530,sh,沪深300红利ETF建信
2022-11-16,1.153,1.14,1.153,1.14,5096.0,512530,sh,沪深300红利ETF建信
2022-11-17,1.14,1.132,1.141,1.132,2365.0,512530,sh,沪深300红利ETF建信
2022-11-18,1.132,1.134,1.141,1.132,2419.0,512530,sh,沪深300红利ETF建信
2022-11-21,1.145,1.127,1.145,1.118,756.0,512530,sh,沪深300红利ETF建信
2022-11-22,1.13,1.142,1.15,1.13,2920.0,512530,sh,沪深300红利ETF建信
2022-11-23,1.142,1.15,1.154,1.142,1982.0,512530,sh,沪深300红利ETF建信
2022-11-24,1.161,1.153,1.161,1.149,3877.0,512530,sh,沪深300红利ETF建信
2022-11-25,1.148,1.183,1.184,1.148,7230.0,512530,sh,沪深300红利ETF建信
2022-11-28,1.17,1.167,1.18,1.154,3247.0,512530,sh,沪深300红利ETF建信
2022-11-29,1.178,1.205,1.209,1.178,10249.0,512530,sh,沪深300红利ETF建信
2022-11-30,1.196,1.199,1.215,1.196,6367.0,512530,sh,沪深300红利ETF建信
2022-12-01,1.204,1.192,1.209,1.192,3242.0,512530,sh,沪深300红利ETF建信
2022-12-02,1.19,1.184,1.19,1.175,4478.0,512530,sh,沪深300红利ETF建信
2022-12-05,1.192,1.208,1.211,1.175,9997.0,512530,sh,沪深300红利ETF建信
2022-12-06,1.208,1.209,1.21,1.2,2415.0,512530,sh,沪深300红利ETF建信
2022-12-07,1.209,1.196,1.21,1.192,3368.0,512530,sh,沪深300红利ETF建信
2022-12-08,1.207,1.2,1.207,1.194,3579.0,512530,sh,沪深300红利ETF建信
2022-12-09,1.212,1.215,1.217,1.2,15486.0,512530,sh,沪深300红利ETF建信
2022-12-12,1.22,1.19,1.22,1.186,22449.0,512530,sh,沪深300红利ETF建信
2022-12-13,1.179,1.194,1.197,1.123,15326.0,512530,sh,沪深300红利ETF建信
2022-12-14,1.194,1.193,1.196,1.183,23317.0,512530,sh,沪深300红利ETF建信
2022-12-15,1.193,1.18,1.193,1.177,24061.0,512530,sh,沪深300红利ETF建信
2022-12-16,1.172,1.191,1.198,1.172,26229.0,512530,sh,沪深300红利ETF建信
2022-12-19,1.186,1.169,1.193,1.166,14950.0,512530,sh,沪深300红利ETF建信
2022-12-20,1.171,1.156,1.171,1.152,22869.0,512530,sh,沪深300红利ETF建信
2022-12-21,1.156,1.159,1.164,1.156,25586.0,512530,sh,沪深300红利ETF建信
2022-12-22,1.157,1.154,1.17,1.152,25064.0,512530,sh,沪深300红利ETF建信
2022-12-23,1.154,1.154,1.157,1.15,24993.0,512530,sh,沪深300红利ETF建信
2022-12-26,1.154,1.145,1.154,1.144,17614.0,512530,sh,沪深300红利ETF建信
2022-12-27,1.155,1.16,1.163,1.154,21207.0,512530,sh,沪深300红利ETF建信
2022-12-28,1.16,1.163,1.166,1.158,24985.0,512530,sh,沪深300红利ETF建信
2022-12-29,1.154,1.151,1.154,1.148,27883.0,512530,sh,沪深300红利ETF建信
2022-12-30,1.151,1.161,1.163,1.151,25392.0,512530,sh,沪深300红利ETF建信
2023-01-03,1.161,1.16,1.161,1.15,13072.0,512530,sh,沪深300红利ETF建信
2023-01-04,1.164,1.178,1.179,1.164,22602.0,512530,sh,沪深300红利ETF建信
2023-01-05,1.178,1.181,1.183,1.178,20366.0,512530,sh,沪深300红利ETF建信
2023-01-06,1.181,1.18,1.187,1.177,31319.0,512530,sh,沪深300红利ETF建信
2023-01-09,1.184,1.184,1.189,1.181,23494.0,512530,sh,沪深300红利ETF建信
2023-01-10,1.178,1.173,1.182,1.173,24553.0,512530,sh,沪深300红利ETF建信
2023-01-11,1.174,1.184,1.188,1.174,24231.0,512530,sh,沪深300红利ETF建信
2023-01-12,1.185,1.181,1.185,1.176,15028.0,512530,sh,沪深300红利ETF建信
2023-01-13,1.186,1.19,1.19,1.183,19359.0,512530,sh,沪深300红利ETF建信
2023-01-16,1.2,1.199,1.207,1.19,30410.0,512530,sh,沪深300红利ETF建信
2023-01-17,1.195,1.194,1.195,1.189,24678.0,512530,sh,沪深300红利ETF建信
2023-01-18,1.194,1.192,1.196,1.191,28175.0,512530,sh,沪深300红利ETF建信
2023-01-19,1.192,1.194,1.196,1.187,24828.0,512530,sh,沪深300红利ETF建信
2023-01-20,1.199,1.202,1.203,1.197,28047.0,512530,sh,沪深300红利ETF建信
2023-01-30,1.206,1.203,1.215,1.196,24965.0,512530,sh,沪深300红利ETF建信
2023-01-31,1.206,1.197,1.206,1.191,32540.0,512530,sh,沪深300红利ETF建信
2023-02-01,1.208,1.2,1.208,1.189,31417.0,512530,sh,沪深300红利ETF建信
2023-02-02,1.205,1.198,1.205,1.193,29247.0,512530,sh,沪深300红利ETF建信
2023-02-03,1.191,1.186,1.191,1.181,29331.0,512530,sh,沪深300红利ETF建信
2023-02-06,1.191,1.174,1.191,1.172,15933.0,512530,sh,沪深300红利ETF建信
2023-02-07,1.178,1.181,1.183,1.178,18183.0,512530,sh,沪深300红利ETF建信
2023-02-08,1.181,1.18,1.186,1.18,24329.0,512530,sh,沪深300红利ETF建信
2023-02-09,1.184,1.185,1.187,1.182,18688.0,512530,sh,沪深300红利ETF建信
2023-02-10,1.19,1.184,1.19,1.181,15124.0,512530,sh,沪深300红利ETF建信
2023-02-13,1.19,1.188,1.19,1.178,11992.0,512530,sh,沪深300红利ETF建信
2023-02-14,1.19,1.19,1.191,1.189,16593.0,512530,sh,沪深300红利ETF建信
2023-02-15,1.188,1.181,1.189,1.181,18223.0,512530,sh,沪深300红利ETF建信
2023-02-16,1.185,1.173,1.193,1.173,18732.0,512530,sh,沪深300红利ETF建信
2023-02-17,1.181,1.173,1.183,1.172,7366.0,512530,sh,沪深300红利ETF建信
2023-02-20,1.179,1.201,1.201,1.179,16021.0,512530,sh,沪深300红利ETF建信
2023-02-21,1.201,1.21,1.212,1.201,15409.0,512530,sh,沪深300红利ETF建信
2023-02-22,1.209,1.204,1.209,1.201,13721.0,512530,sh,沪深300红利ETF建信
2023-02-23,1.209,1.205,1.212,1.204,4708.0,512530,sh,沪深300红利ETF建信
2023-02-24,1.2,1.2,1.204,1.194,18531.0,512530,sh,沪深300红利ETF建信
2023-02-27,1.21,1.196,1.21,1.194,18111.0,512530,sh,沪深300红利ETF建信
2023-02-28,1.196,1.197,1.197,1.19,15243.0,512530,sh,沪深300红利ETF建信
2023-03-01,1.204,1.211,1.212,1.204,21969.0,512530,sh,沪深300红利ETF建信
2023-03-02,1.211,1.214,1.22,1.207,10590.0,512530,sh,沪深300红利ETF建信
2023-03-03,1.216,1.23,1.231,1.216,37784.0,512530,sh,沪深300红利ETF建信
2023-03-06,1.235,1.216,1.245,1.215,29416.0,512530,sh,沪深300红利ETF建信
2023-03-07,1.223,1.215,1.239,1.214,31761.0,512530,sh,沪深300红利ETF建信
2023-03-08,1.216,1.211,1.216,1.204,35409.0,512530,sh,沪深300红利ETF建信
2023-03-09,1.211,1.208,1.216,1.208,30238.0,512530,sh,沪深300红利ETF建信
2023-03-10,1.208,1.185,1.208,1.185,30457.0,512530,sh,沪深300红利ETF建信
2023-03-13,1.196,1.196,1.219,1.185,32754.0,512530,sh,沪深300红利ETF建信
2023-03-14,1.196,1.189,1.2,1.185,34609.0,512530,sh,沪深300红利ETF建信
2023-03-15,1.196,1.203,1.203,1.191,5835.0,512530,sh,沪深300红利ETF建信
2023-03-16,1.203,1.195,1.203,1.195,17777.0,512530,sh,沪深300红利ETF建信
2023-03-17,1.197,1.204,1.214,1.197,37888.0,512530,sh,沪深300红利ETF建信
2023-03-20,1.204,1.2,1.219,1.198,40237.0,512530,sh,沪深300红利ETF建信
2023-03-21,1.203,1.195,1.206,1.191,22103.0,512530,sh,沪深300红利ETF建信
2023-03-22,1.195,1.199,1.206,1.195,42272.0,512530,sh,沪深300红利ETF建信
2023-03-23,1.197,1.205,1.206,1.194,7862.0,512530,sh,沪深300红利ETF建信
2023-03-24,1.197,1.193,1.199,1.193,30574.0,512530,sh,沪深300红利ETF建信
2023-03-27,1.193,1.186,1.193,1.181,17036.0,512530,sh,沪深300红利ETF建信
2023-03-28,1.185,1.189,1.208,1.142,27471.0,512530,sh,沪深300红利ETF建信
2023-03-29,1.191,1.186,1.192,1.185,30440.0,512530,sh,沪深300红利ETF建信
2023-03-30,1.191,1.195,1.197,1.182,37826.0,512530,sh,沪深300红利ETF建信
2023-03-31,1.191,1.195,1.201,1.191,40831.0,512530,sh,沪深300红利ETF建信
2023-04-03,1.2,1.202,1.205,1.198,22163.0,512530,sh,沪深300红利ETF建信
2023-04-04,1.193,1.215,1.215,1.181,35845.0,512530,sh,沪深300红利ETF建信
2023-04-06,1.212,1.208,1.212,1.207,32508.0,512530,sh,沪深300红利ETF建信
2023-04-07,1.208,1.212,1.215,1.208,11259.0,512530,sh,沪深300红利ETF建信
2023-04-10,1.216,1.216,1.219,1.202,27771.0,512530,sh,沪深300红利ETF建信
2023-04-11,1.216,1.223,1.223,1.216,25242.0,512530,sh,沪深300红利ETF建信
2023-04-12,1.223,1.234,1.235,1.223,33009.0,512530,sh,沪深300红利ETF建信
2023-04-13,1.233,1.235,1.237,1.228,26669.0,512530,sh,沪深300红利ETF建信
2023-04-14,1.235,1.24,1.241,1.231,23535.0,512530,sh,沪深300红利ETF建信
2023-04-17,1.248,1.259,1.263,1.22,60150.0,512530,sh,沪深300红利ETF建信
2023-04-18,1.259,1.272,1.276,1.259,38588.0,512530,sh,沪深300红利ETF建信
2023-04-19,1.274,1.264,1.274,1.264,30039.0,512530,sh,沪深300红利ETF建信
2023-04-20,1.264,1.268,1.269,1.254,26318.0,512530,sh,沪深300红利ETF建信
2023-04-21,1.258,1.252,1.276,1.252,26553.0,512530,sh,沪深300红利ETF建信
2023-04-24,1.252,1.245,1.26,1.244,30152.0,512530,sh,沪深300红利ETF建信
2023-04-25,1.257,1.254,1.257,1.245,27008.0,512530,sh,沪深300红利ETF建信
2023-04-26,1.242,1.246,1.248,1.235,19458.0,512530,sh,沪深300红利ETF建信
2023-04-27,1.235,1.255,1.259,1.235,22504.0,512530,sh,沪深300红利ETF建信
2023-04-28,1.255,1.269,1.269,1.248,24098.0,512530,sh,沪深300红利ETF建信
2023-05-04,1.269,1.293,1.293,1.25,30561.0,512530,sh,沪深300红利ETF建信
2023-05-05,1.291,1.296,1.312,1.29,21945.0,512530,sh,沪深300红利ETF建信
2023-05-08,1.295,1.347,1.352,1.295,28544.0,512530,sh,沪深300红利ETF建信
2023-05-09,1.348,1.333,1.46,1.331,36572.0,512530,sh,沪深300红利ETF建信
2023-05-10,1.333,1.296,1.333,1.292,26130.0,512530,sh,沪深300红利ETF建信
2023-05-11,1.296,1.292,1.307,1.29,36630.0,512530,sh,沪深300红利ETF建信
2023-05-12,1.296,1.281,1.296,1.277,34097.0,512530,sh,沪深300红利ETF建信
2023-05-15,1.292,1.287,1.293,1.256,36967.0,512530,sh,沪深300红利ETF建信
2023-05-16,1.287,1.28,1.298,1.278,32420.0,512530,sh,沪深300红利ETF建信
2023-05-17,1.288,1.277,1.288,1.268,32910.0,512530,sh,沪深300红利ETF建信
2023-05-18,1.284,1.283,1.294,1.275,33486.0,512530,sh,沪深300红利ETF建信
2023-05-19,1.29,1.267,1.29,1.264,35302.0,512530,sh,沪深300红利ETF建信
2023-05-22,1.263,1.269,1.278,1.255,34452.0,512530,sh,沪深300红利ETF建信
2023-05-23,1.273,1.249,1.273,1.249,53331.0,512530,sh,沪深300红利ETF建信
2023-05-24,1.242,1.22,1.242,1.218,26196.0,512530,sh,沪深300红利ETF建信
2023-05-25,1.208,1.216,1.218,1.206,10149.0,512530,sh,沪深300红利ETF建信
2023-05-26,1.228,1.224,1.228,1.209,21099.0,512530,sh,沪深300红利ETF建信
2023-05-29,1.222,1.231,1.234,1.222,16698.0,512530,sh,沪深300红利ETF建信
2023-05-30,1.23,1.227,1.236,1.217,21673.0,512530,sh,沪深300红利ETF建信
2023-05-31,1.222,1.216,1.222,1.214,25078.0,512530,sh,沪深300红利ETF建信
2023-06-01,1.228,1.215,1.228,1.209,11567.0,512530,sh,沪深300红利ETF建信
2023-06-02,1.215,1.226,1.228,1.215,5102.0,512530,sh,沪深300红利ETF建信
2023-06-05,1.229,1.235,1.238,1.227,27923.0,512530,sh,沪深300红利ETF建信
2023-06-06,1.238,1.234,1.252,1.23,28054.0,512530,sh,沪深300红利ETF建信
2023-06-07,1.243,1.239,1.243,1.232,4712.0,512530,sh,沪深300红利ETF建信
2023-06-08,1.237,1.263,1.263,1.232,40131.0,512530,sh,沪深300红利ETF建信
2023-06-09,1.265,1.254,1.27,1.252,24382.0,512530,sh,沪深300红利ETF建信
2023-06-12,1.254,1.245,1.254,1.243,32646.0,512530,sh,沪深300红利ETF建信
2023-06-13,1.245,1.243,1.247,1.239,21969.0,512530,sh,沪深300红利ETF建信
2023-06-14,1.246,1.235,1.255,1.235,32166.0,512530,sh,沪深300红利ETF建信
2023-06-15,1.235,1.238,1.242,1.232,10951.0,512530,sh,沪深300红利ETF建信
2023-06-16,1.243,1.239,1.246,1.238,28723.0,512530,sh,沪深300红利ETF建信
2023-06-19,1.248,1.223,1.248,1.223,10353.0,512530,sh,沪深300红利ETF建信
2023-06-20,1.222,1.215,1.224,1.212,23070.0,512530,sh,沪深300红利ETF建信
2023-06-21,1.208,1.21,1.223,1.208,32480.0,512530,sh,沪深300红利ETF建信
2023-06-26,1.21,1.193,1.21,1.191,37552.0,512530,sh,沪深300红利ETF建信
2023-06-27,1.199,1.219,1.22,1.195,41618.0,512530,sh,沪深300红利ETF建信
2023-06-28,1.208,1.22,1.222,1.208,14731.0,512530,sh,沪深300红利ETF建信
2023-06-29,1.221,1.215,1.221,1.214,27084.0,512530,sh,沪深300红利ETF建信
2023-06-30,1.227,1.221,1.246,1.215,29944.0,512530,sh,沪深300红利ETF建信
2023-07-03,1.233,1.237,1.239,1.224,11236.0,512530,sh,沪深300红利ETF建信
2023-07-04,1.237,1.23,1.237,1.226,35558.0,512530,sh,沪深300红利ETF建信
2023-07-05,1.228,1.227,1.23,1.223,38208.0,512530,sh,沪深300红利ETF建信
2023-07-06,1.227,1.222,1.231,1.221,10943.0,512530,sh,沪深300红利ETF建信
2023-07-07,1.225,1.228,1.232,1.224,28740.0,512530,sh,沪深300红利ETF建信
2023-07-10,1.239,1.228,1.24,1.227,19572.0,512530,sh,沪深300红利ETF建信
2023-07-11,1.231,1.23,1.234,1.228,28468.0,512530,sh,沪深300红利ETF建信
2023-07-12,1.225,1.231,1.237,1.225,24589.0,512530,sh,沪深300红利ETF建信
2023-07-13,1.239,1.243,1.244,1.238,22974.0,512530,sh,沪深300红利ETF建信
2023-07-14,1.245,1.246,1.251,1.238,27549.0,512530,sh,沪深300红利ETF建信
2023-07-17,1.246,1.239,1.246,1.235,17418.0,512530,sh,沪深300红利ETF建信
2023-07-18,1.238,1.237,1.241,1.236,24008.0,512530,sh,沪深300红利ETF建信
2023-07-19,1.238,1.243,1.243,1.236,17390.0,512530,sh,沪深300红利ETF建信
2023-07-20,1.25,1.24,1.263,1.239,22066.0,512530,sh,沪深300红利ETF建信
2023-07-21,1.245,1.241,1.245,1.238,15728.0,512530,sh,沪深300红利ETF建信
2023-07-24,1.253,1.233,1.253,1.231,28042.0,512530,sh,沪深300红利ETF建信
2023-07-25,1.245,1.27,1.27,1.245,19876.0,512530,sh,沪深300红利ETF建信
2023-07-26,1.269,1.27,1.274,1.265,30518.0,512530,sh,沪深300红利ETF建信
2023-07-27,1.27,1.275,1.285,1.266,33081.0,512530,sh,沪深300红利ETF建信
2023-07-28,1.275,1.307,1.31,1.275,15246.0,512530,sh,沪深300红利ETF建信
2023-07-31,1.313,1.315,1.33,1.307,18866.0,512530,sh,沪深300红利ETF建信
2023-08-01,1.314,1.306,1.32,1.305,24006.0,512530,sh,沪深300红利ETF建信
2023-08-02,1.302,1.291,1.307,1.29,20620.0,512530,sh,沪深300红利ETF建信
2023-08-03,1.301,1.307,1.307,1.291,24663.0,512530,sh,沪深300红利ETF建信
2023-08-04,1.31,1.305,1.324,1.305,28542.0,512530,sh,沪深300红利ETF建信
2023-08-07,1.3,1.292,1.3,1.288,33610.0,512530,sh,沪深300红利ETF建信
2023-08-08,1.287,1.286,1.295,1.285,35453.0,512530,sh,沪深300红利ETF建信
2023-08-09,1.286,1.289,1.292,1.286,26298.0,512530,sh,沪深300红利ETF建信
2023-08-10,1.289,1.293,1.296,1.287,22229.0,512530,sh,沪深300红利ETF建信
2023-08-11,1.294,1.272,1.294,1.271,30805.0,512530,sh,沪深300红利ETF建信
2023-08-14,1.27,1.264,1.27,1.252,19882.0,512530,sh,沪深300红利ETF建信
2023-08-15,1.269,1.271,1.275,1.261,11061.0,512530,sh,沪深300红利ETF建信
2023-08-16,1.272,1.272,1.28,1.265,19810.0,512530,sh,沪深300红利ETF建信
2023-08-17,1.273,1.268,1.273,1.258,6089.0,512530,sh,沪深300红利ETF建信
2023-08-18,1.274,1.265,1.28,1.265,20711.0,512530,sh,沪深300红利ETF建信
2023-08-21,1.277,1.249,1.277,1.248,19712.0,512530,sh,沪深300红利ETF建信
2023-08-22,1.26,1.258,1.261,1.248,29864.0,512530,sh,沪深300红利ETF建信
2023-08-23,1.261,1.25,1.264,1.249,31852.0,512530,sh,沪深300红利ETF建信
2023-08-24,1.253,1.244,1.257,1.241,16893.0,512530,sh,沪深300红利ETF建信
2023-08-25,1.247,1.251,1.26,1.247,18649.0,512530,sh,沪深300红利ETF建信
2023-08-28,1.263,1.265,1.3,1.263,23584.0,512530,sh,沪深300红利ETF建信
2023-08-29,1.277,1.268,1.277,1.258,19715.0,512530,sh,沪深300红利ETF建信
2023-08-30,1.268,1.261,1.268,1.258,16742.0,512530,sh,沪深300红利ETF建信
2023-08-31,1.261,1.249,1.264,1.247,19496.0,512530,sh,沪深300红利ETF建信
2023-09-01,1.247,1.267,1.268,1.247,17539.0,512530,sh,沪深300红利ETF建信
2023-09-04,1.272,1.283,1.298,1.272,4279.0,512530,sh,沪深300红利ETF建信
2023-09-05,1.283,1.272,1.283,1.269,5530.0,512530,sh,沪深300红利ETF建信
2023-09-06,1.272,1.275,1.276,1.265,587.0,512530,sh,沪深300红利ETF建信
2023-09-07,1.285,1.27,1.3,1.262,11161.0,512530,sh,沪深300红利ETF建信
2023-09-08,1.264,1.264,1.267,1.261,2422.0,512530,sh,沪深300红利ETF建信
2023-09-11,1.273,1.265,1.273,1.263,6680.0,512530,sh,沪深300红利ETF建信
2023-09-12,1.265,1.262,1.265,1.26,12962.0,512530,sh,沪深300红利ETF建信
2023-09-13,1.26,1.263,1.271,1.26,35679.0,512530,sh,沪深300红利ETF建信
2023-09-14,1.263,1.275,1.276,1.263,53394.0,512530,sh,沪深300红利ETF建信
2023-09-15,1.275,1.268,1.282,1.265,59147.0,512530,sh,沪深300红利ETF建信
2023-09-18,1.27,1.266,1.27,1.255,8246.0,512530,sh,沪深300红利ETF建信
2023-09-19,1.27,1.278,1.28,1.27,31198.0,512530,sh,沪深300红利ETF建信
2023-09-20,1.274,1.282,1.283,1.274,46743.0,512530,sh,沪深300红利ETF建信
2023-09-21,1.282,1.273,1.282,1.273,31950.0,512530,sh,沪深300红利ETF建信
2023-09-22,1.269,1.281,1.281,1.268,28736.0,512530,sh,沪深300红利ETF建信
2023-09-25,1.279,1.278,1.282,1.275,8460.0,512530,sh,沪深300红利ETF建信
2023-09-26,1.278,1.271,1.278,1.268,25289.0,512530,sh,沪深300红利ETF建信
2023-09-27,1.27,1.268,1.274,1.264,21330.0,512530,sh,沪深300红利ETF建信
2023-09-28,1.266,1.265,1.269,1.263,23215.0,512530,sh,沪深300红利ETF建信
2023-10-09,1.267,1.26,1.267,1.25,10175.0,512530,sh,沪深300红利ETF建信
2023-10-10,1.259,1.247,1.259,1.247,26573.0,512530,sh,沪深300红利ETF建信
2023-10-11,1.249,1.244,1.253,1.241,22118.0,512530,sh,沪深300红利ETF建信
2023-10-12,1.246,1.262,1.262,1.246,8993.0,512530,sh,沪深300红利ETF建信
2023-10-13,1.262,1.261,1.263,1.253,24173.0,512530,sh,沪深300红利ETF建信
2023-10-16,1.259,1.257,1.259,1.255,25700.0,512530,sh,沪深300红利ETF建信
2023-10-17,1.256,1.261,1.261,1.255,23509.0,512530,sh,沪深300红利ETF建信
2023-10-18,1.262,1.255,1.263,1.255,24612.0,512530,sh,沪深300红利ETF建信
2023-10-19,1.255,1.228,1.255,1.228,21825.0,512530,sh,沪深300红利ETF建信
2023-10-20,1.228,1.222,1.231,1.22,17231.0,512530,sh,沪深300红利ETF建信
2023-10-23,1.222,1.213,1.222,1.207,10355.0,512530,sh,沪深300红利ETF建信
2023-10-24,1.211,1.215,1.215,1.207,13093.0,512530,sh,沪深300红利ETF建信
2023-10-25,1.219,1.221,1.23,1.219,26045.0,512530,sh,沪深300红利ETF建信
2023-10-26,1.225,1.226,1.226,1.217,19604.0,512530,sh,沪深300红利ETF建信
2023-10-27,1.224,1.225,1.227,1.218,16690.0,512530,sh,沪深300红利ETF建信
2023-10-30,1.23,1.208,1.23,1.203,21987.0,512530,sh,沪深300红利ETF建信
2023-10-31,1.206,1.21,1.211,1.203,13748.0,512530,sh,沪深300红利ETF建信
2023-11-01,1.206,1.208,1.209,1.203,13380.0,512530,sh,沪深300红利ETF建信
2023-11-02,1.211,1.211,1.219,1.21,20667.0,512530,sh,沪深300红利ETF建信
2023-11-03,1.212,1.208,1.213,1.207,4581.0,512530,sh,沪深300红利ETF建信
2023-11-06,1.213,1.207,1.213,1.204,8651.0,512530,sh,沪深300红利ETF建信
2023-11-07,1.207,1.206,1.207,1.201,10665.0,512530,sh,沪深300红利ETF建信
2023-11-08,1.206,1.2,1.206,1.196,10674.0,512530,sh,沪深300红利ETF建信
2023-11-09,1.2,1.209,1.21,1.199,15526.0,512530,sh,沪深300红利ETF建信
2023-11-10,1.21,1.203,1.21,1.198,17175.0,512530,sh,沪深300红利ETF建信
2023-11-13,1.203,1.201,1.204,1.193,9840.0,512530,sh,沪深300红利ETF建信
2023-11-14,1.201,1.2,1.203,1.198,4928.0,512530,sh,沪深300红利ETF建信
2023-11-15,1.204,1.207,1.208,1.203,7662.0,512530,sh,沪深300红利ETF建信
2023-11-16,1.207,1.207,1.207,1.2,30451.0,512530,sh,沪深300红利ETF建信
2023-11-17,1.201,1.198,1.202,1.196,15170.0,512530,sh,沪深300红利ETF建信
2023-11-20,1.192,1.199,1.201,1.192,22201.0,512530,sh,沪深300红利ETF建信
2023-11-21,1.201,1.206,1.213,1.201,20773.0,512530,sh,沪深300红利ETF建信
2023-11-22,1.204,1.202,1.209,1.202,23641.0,512530,sh,沪深300红利ETF建信
2023-11-23,1.202,1.208,1.208,1.199,26770.0,512530,sh,沪深300红利ETF建信
2023-11-24,1.206,1.212,1.213,1.206,32593.0,512530,sh,沪深300红利ETF建信
2023-11-27,1.216,1.203,1.216,1.196,31721.0,512530,sh,沪深300红利ETF建信
2023-11-28,1.203,1.2,1.203,1.199,29411.0,512530,sh,沪深300红利ETF建信
2023-11-29,1.2,1.193,1.202,1.188,30537.0,512530,sh,沪深300红利ETF建信
2023-11-30,1.185,1.193,1.195,1.185,30101.0,512530,sh,沪深300红利ETF建信
2023-12-01,1.189,1.194,1.196,1.188,33916.0,512530,sh,沪深300红利ETF建信
2023-12-04,1.194,1.193,1.196,1.192,21436.0,512530,sh,沪深300红利ETF建信
2023-12-05,1.189,1.173,1.189,1.173,23362.0,512530,sh,沪深300红利ETF建信
2023-12-06,1.173,1.168,1.173,1.164,19484.0,512530,sh,沪深300红利ETF建信
2023-12-07,1.168,1.168,1.172,1.16,19749.0,512530,sh,沪深300红利ETF建信
2023-12-08,1.167,1.166,1.174,1.165,20101.0,512530,sh,沪深300红利ETF建信
2023-12-11,1.166,1.166,1.172,1.145,33110.0,512530,sh,沪深300红利ETF建信
2023-12-12,1.169,1.183,1.184,1.169,7236.0,512530,sh,沪深300红利ETF建信
2023-12-13,1.183,1.172,1.183,1.172,4550.0,512530,sh,沪深300红利ETF建信
2023-12-14,1.176,1.168,1.176,1.168,6715.0,512530,sh,沪深300红利ETF建信
2023-12-15,1.17,1.164,1.174,1.164,5327.0,512530,sh,沪深300红利ETF建信
2023-12-18,1.171,1.165,1.171,1.162,9241.0,512530,sh,沪深300红利ETF建信
2023-12-19,1.162,1.16,1.165,1.158,8079.0,512530,sh,沪深300红利ETF建信
2023-12-20,1.165,1.16,1.167,1.159,6178.0,512530,sh,沪深300红利ETF建信
2023-12-21,1.155,1.16,1.162,1.153,7301.0,512530,sh,沪深300红利ETF建信
2023-12-22,1.165,1.168,1.173,1.161,10385.0,512530,sh,沪深300红利ETF建信
2023-12-25,1.162,1.171,1.171,1.162,5229.0,512530,sh,沪深300红利ETF建信
2023-12-26,1.171,1.17,1.176,1.168,28303.0,512530,sh,沪深300红利ETF建信
2023-12-27,1.17,1.175,1.175,1.163,23666.0,512530,sh,沪深300红利ETF建信
2023-12-28,1.176,1.178,1.181,1.172,15649.0,512530,sh,沪深300红利ETF建信
2023-12-29,1.18,1.179,1.181,1.177,12219.0,512530,sh,沪深300红利ETF建信
2024-01-02,1.183,1.184,1.188,1.178,11868.0,512530,sh,沪深300红利ETF建信
2024-01-03,1.186,1.194,1.194,1.186,28256.0,512530,sh,沪深300红利ETF建信
2024-01-04,1.195,1.199,1.203,1.189,24755.0,512530,sh,沪深300红利ETF建信
2024-01-05,1.199,1.204,1.217,1.199,36788.0,512530,sh,沪深300红利ETF建信
2024-01-08,1.207,1.198,1.207,1.194,19890.0,512530,sh,沪深300红利ETF建信
2024-01-09,1.2,1.201,1.204,1.19,33839.0,512530,sh,沪深300红利ETF建信
2024-01-10,1.201,1.196,1.205,1.193,26443.0,512530,sh,沪深300红利ETF建信
2024-01-11,1.196,1.185,1.196,1.184,20333.0,512530,sh,沪深300红利ETF建信
2024-01-12,1.186,1.19,1.193,1.185,9242.0,512530,sh,沪深300红利ETF建信
2024-01-15,1.196,1.198,1.199,1.188,35568.0,512530,sh,沪深300红利ETF建信
2024-01-16,1.198,1.204,1.206,1.195,30890.0,512530,sh,沪深300红利ETF建信
2024-01-17,1.207,1.193,1.213,1.193,38479.0,512530,sh,沪深300红利ETF建信
2024-01-18,1.182,1.184,1.189,1.16,38261.0,512530,sh,沪深300红利ETF建信
2024-01-19,1.184,1.187,1.19,1.181,34992.0,512530,sh,沪深300红利ETF建信
2024-01-22,1.192,1.174,1.193,1.168,32704.0,512530,sh,沪深300红利ETF建信
2024-01-23,1.178,1.18,1.185,1.16,13820.0,512530,sh,沪深300红利ETF建信
2024-01-24,1.18,1.208,1.208,1.178,29653.0,512530,sh,沪深300红利ETF建信
2024-01-25,1.277,1.238,1.277,1.21,36570.0,512530,sh,沪深300红利ETF建信
2024-01-26,1.233,1.257,1.257,1.232,39052.0,512530,sh,沪深300红利ETF建信
2024-01-29,1.257,1.265,1.281,1.257,22219.0,512530,sh,沪深300红利ETF建信
2024-01-30,1.265,1.253,1.27,1.25,40868.0,512530,sh,沪深300红利ETF建信
2024-01-31,1.256,1.262,1.263,1.246,44122.0,512530,sh,沪深300红利ETF建信
2024-02-01,1.262,1.248,1.266,1.244,33785.0,512530,sh,沪深300红利ETF建信
2024-02-02,1.248,1.256,1.259,1.224,59853.0,512530,sh,沪深300红利ETF建信
2024-02-05,1.254,1.263,1.266,1.242,54963.0,512530,sh,沪深300红利ETF建信
2024-02-06,1.263,1.274,1.274,1.254,60131.0,512530,sh,沪深300红利ETF建信
2024-02-07,1.262,1.27,1.27,1.251,52829.0,512530,sh,沪深300红利ETF建信
2024-02-08,1.27,1.269,1.27,1.252,32383.0,512530,sh,沪深300红利ETF建信
2024-02-19,1.267,1.316,1.316,1.257,211518.0,512530,sh,沪深300红利ETF建信
2024-02-20,1.31,1.312,1.314,1.289,30635.0,512530,sh,沪深300红利ETF建信
2024-02-21,1.31,1.325,1.339,1.3,30621.0,512530,sh,沪深300红利ETF建信
2024-02-22,1.325,1.345,1.345,1.314,31377.0,512530,sh,沪深300红利ETF建信
2024-02-23,1.347,1.341,1.358,1.333,55675.0,512530,sh,沪深300红利ETF建信
2024-02-26,1.339,1.315,1.342,1.31,55994.0,512530,sh,沪深300红利ETF建信
2024-02-27,1.315,1.315,1.324,1.309,76031.0,512530,sh,沪深300红利ETF建信
2024-02-28,1.315,1.317,1.324,1.302,66672.0,512530,sh,沪深300红利ETF建信
2024-02-29,1.317,1.316,1.318,1.31,49472.0,512530,sh,沪深300红利ETF建信
2024-03-01,1.316,1.319,1.322,1.314,47472.0,512530,sh,沪深300红利ETF建信
2024-03-04,1.322,1.324,1.332,1.314,46460.0,512530,sh,沪深300红利ETF建信
2024-03-05,1.326,1.341,1.341,1.324,57797.0,512530,sh,沪深300红利ETF建信
2024-03-06,1.341,1.338,1.354,1.336,64051.0,512530,sh,沪深300红利ETF建信
2024-03-07,1.336,1.342,1.351,1.336,46994.0,512530,sh,沪深300红利ETF建信
2024-03-08,1.342,1.34,1.343,1.333,25036.0,512530,sh,沪深300红利ETF建信
2024-03-11,1.337,1.328,1.347,1.31,153529.0,512530,sh,沪深300红利ETF建信
2024-03-12,1.327,1.302,1.327,1.299,49642.0,512530,sh,沪深300红利ETF建信
2024-03-13,1.301,1.293,1.305,1.284,55256.0,512530,sh,沪深300红利ETF建信
2024-03-14,1.289,1.294,1.301,1.289,40988.0,512530,sh,沪深300红利ETF建信
2024-03-15,1.288,1.293,1.296,1.285,27787.0,512530,sh,沪深300红利ETF建信
2024-03-18,1.294,1.291,1.299,1.287,17353.0,512530,sh,沪深300红利ETF建信
2024-03-19,1.29,1.285,1.294,1.284,23164.0,512530,sh,沪深300红利ETF建信
2024-03-20,1.285,1.291,1.295,1.278,36253.0,512530,sh,沪深300红利ETF建信
2024-03-21,1.291,1.293,1.297,1.285,18997.0,512530,sh,沪深300红利ETF建信
2024-03-22,1.295,1.289,1.295,1.28,35756.0,512530,sh,沪深300红利ETF建信
2024-03-25,1.289,1.292,1.302,1.284,45631.0,512530,sh,沪深300红利ETF建信
2024-03-26,1.294,1.293,1.297,1.285,50849.0,512530,sh,沪深300红利ETF建信
2024-03-27,1.291,1.296,1.304,1.291,66350.0,512530,sh,沪深300红利ETF建信
2024-03-28,1.286,1.287,1.3,1.279,48009.0,512530,sh,沪深300红利ETF建信
2024-03-29,1.286,1.295,1.299,1.286,25680.0,512530,sh,沪深300红利ETF建信
2024-04-01,1.296,1.302,1.303,1.295,16970.0,512530,sh,沪深300红利ETF建信
2024-04-02,1.3,1.305,1.313,1.3,5482.0,512530,sh,沪深300红利ETF建信
2024-04-03,1.305,1.308,1.31,1.298,17153.0,512530,sh,沪深300红利ETF建信
2024-04-08,1.307,1.311,1.321,1.297,22006.0,512530,sh,沪深300红利ETF建信
2024-04-09,1.31,1.3,1.315,1.295,16890.0,512530,sh,沪深300红利ETF建信
2024-04-10,1.3,1.298,1.31,1.295,13855.0,512530,sh,沪深300红利ETF建信
2024-04-11,1.298,1.304,1.31,1.291,8343.0,512530,sh,沪深300红利ETF建信
2024-04-12,1.304,1.296,1.305,1.293,9868.0,512530,sh,沪深300红利ETF建信
2024-04-15,1.308,1.328,1.328,1.298,26414.0,512530,sh,沪深300红利ETF建信
2024-04-16,1.326,1.33,1.34,1.317,47771.0,512530,sh,沪深300红利ETF建信
2024-04-17,1.33,1.35,1.352,1.321,45041.0,512530,sh,沪深300红利ETF建信
2024-04-18,1.352,1.36,1.372,1.349,26498.0,512530,sh,沪深300红利ETF建信
2024-04-19,1.359,1.361,1.367,1.352,41438.0,512530,sh,沪深300红利ETF建信
2024-04-22,1.362,1.333,1.365,1.331,29729.0,512530,sh,沪深300红利ETF建信
2024-04-23,1.338,1.319,1.338,1.312,23162.0,512530,sh,沪深300红利ETF建信
2024-04-24,1.318,1.316,1.318,1.309,7473.0,512530,sh,沪深300红利ETF建信
2024-04-25,1.318,1.326,1.326,1.315,16776.0,512530,sh,沪深300红利ETF建信
2024-04-26,1.324,1.319,1.331,1.307,17707.0,512530,sh,沪深300红利ETF建信
2024-04-29,1.32,1.319,1.325,1.301,20160.0,512530,sh,沪深300红利ETF建信
2024-04-30,1.321,1.321,1.329,1.315,16764.0,512530,sh,沪深300红利ETF建信
2024-05-06,1.329,1.326,1.334,1.32,21551.0,512530,sh,沪深300红利ETF建信
2024-05-07,1.326,1.325,1.33,1.31,26298.0,512530,sh,沪深300红利ETF建信
2024-05-08,1.327,1.335,1.339,1.327,35677.0,512530,sh,沪深300红利ETF建信
2024-05-09,1.335,1.335,1.341,1.331,13270.0,512530,sh,沪深300红利ETF建信
2024-05-10,1.342,1.347,1.35,1.337,31074.0,512530,sh,沪深300红利ETF建信
2024-05-13,1.349,1.352,1.354,1.337,24344.0,512530,sh,沪深300红利ETF建信
2024-05-14,1.352,1.339,1.352,1.334,37260.0,512530,sh,沪深300红利ETF建信
2024-05-15,1.328,1.339,1.344,1.328,33554.0,512530,sh,沪深300红利ETF建信
2024-05-16,1.34,1.35,1.353,1.335,40347.0,512530,sh,沪深300红利ETF建信
2024-05-17,1.352,1.366,1.366,1.345,31981.0,512530,sh,沪深300红利ETF建信
2024-05-20,1.366,1.374,1.378,1.364,41158.0,512530,sh,沪深300红利ETF建信
2024-05-21,1.368,1.377,1.384,1.368,35737.0,512530,sh,沪深300红利ETF建信
2024-05-22,1.369,1.391,1.396,1.369,35957.0,512530,sh,沪深300红利ETF建信
2024-05-23,1.391,1.376,1.396,1.372,32063.0,512530,sh,沪深300红利ETF建信
2024-05-24,1.372,1.366,1.383,1.366,28275.0,512530,sh,沪深300红利ETF建信
2024-05-27,1.37,1.384,1.386,1.37,8737.0,512530,sh,沪深300红利ETF建信
2024-05-28,1.376,1.382,1.397,1.376,9306.0,512530,sh,沪深300红利ETF建信
2024-05-29,1.38,1.381,1.391,1.377,6717.0,512530,sh,沪深300红利ETF建信
2024-05-30,1.381,1.369,1.386,1.364,18740.0,512530,sh,沪深300红利ETF建信
2024-05-31,1.374,1.372,1.378,1.369,15815.0,512530,sh,沪深300红利ETF建信
2024-06-03,1.377,1.363,1.377,1.357,16371.0,512530,sh,沪深300红利ETF建信
2024-06-04,1.353,1.364,1.365,1.352,9059.0,512530,sh,沪深300红利ETF建信
2024-06-05,1.364,1.355,1.364,1.353,5647.0,512530,sh,沪深300红利ETF建信
2024-06-06,1.355,1.361,1.368,1.355,18451.0,512530,sh,沪深300红利ETF建信
2024-06-07,1.364,1.367,1.369,1.358,10472.0,512530,sh,沪深300红利ETF建信
2024-06-11,1.38,1.344,1.38,1.342,13444.0,512530,sh,沪深300红利ETF建信
2024-06-12,1.337,1.355,1.356,1.335,8711.0,512530,sh,沪深300红利ETF建信
2024-06-13,1.355,1.342,1.355,1.339,7621.0,512530,sh,沪深300红利ETF建信
2024-06-14,1.342,1.345,1.347,1.336,19684.0,512530,sh,沪深300红利ETF建信
2024-06-17,1.358,1.326,1.358,1.324,12108.0,512530,sh,沪深300红利ETF建信
2024-06-18,1.318,1.333,1.334,1.318,10995.0,512530,sh,沪深300红利ETF建信
2024-06-19,1.325,1.334,1.343,1.325,12395.0,512530,sh,沪深300红利ETF建信
2024-06-20,1.336,1.339,1.339,1.329,25112.0,512530,sh,沪深300红利ETF建信
2024-06-21,1.336,1.336,1.338,1.327,22400.0,512530,sh,沪深300红利ETF建信
2024-06-24,1.337,1.325,1.337,1.319,28842.0,512530,sh,沪深300红利ETF建信
2024-06-25,1.325,1.328,1.333,1.322,27034.0,512530,sh,沪深300红利ETF建信
2024-06-26,1.328,1.329,1.331,1.321,30711.0,512530,sh,沪深300红利ETF建信
2024-06-27,1.329,1.334,1.339,1.327,29696.0,512530,sh,沪深300红利ETF建信
2024-06-28,1.328,1.339,1.343,1.326,28218.0,512530,sh,沪深300红利ETF建信
2024-07-01,1.352,1.362,1.362,1.342,30564.0,512530,sh,沪深300红利ETF建信
2024-07-02,1.362,1.366,1.37,1.362,31140.0,512530,sh,沪深300红利ETF建信
2024-07-03,1.366,1.36,1.368,1.354,29685.0,512530,sh,沪深300红利ETF建信
2024-07-04,1.362,1.36,1.363,1.355,26440.0,512530,sh,沪深300红利ETF建信
2024-07-05,1.351,1.34,1.357,1.336,23290.0,512530,sh,沪深300红利ETF建信
2024-07-08,1.338,1.342,1.345,1.337,21162.0,512530,sh,沪深300红利ETF建信
2024-07-09,1.342,1.35,1.352,1.333,25478.0,512530,sh,沪深300红利ETF建信
2024-07-10,1.35,1.337,1.35,1.337,18407.0,512530,sh,沪深300红利ETF建信
2024-07-11,1.344,1.34,1.345,1.335,27280.0,512530,sh,沪深300红利ETF建信
2024-07-12,1.34,1.347,1.351,1.34,29592.0,512530,sh,沪深300红利ETF建信
2024-07-15,1.347,1.364,1.367,1.347,31536.0,512530,sh,沪深300红利ETF建信
2024-07-16,1.364,1.363,1.367,1.351,23202.0,512530,sh,沪深300红利ETF建信
2024-07-17,1.363,1.365,1.367,1.356,19176.0,512530,sh,沪深300红利ETF建信
2024-07-18,1.357,1.374,1.378,1.356,30113.0,512530,sh,沪深300红利ETF建信
2024-07-19,1.369,1.368,1.37,1.356,29871.0,512530,sh,沪深300红利ETF建信
2024-07-22,1.363,1.357,1.363,1.345,27885.0,512530,sh,沪深300红利ETF建信
2024-07-23,1.357,1.349,1.361,1.348,25699.0,512530,sh,沪深300红利ETF建信
2024-07-24,1.349,1.347,1.352,1.341,23817.0,512530,sh,沪深300红利ETF建信
2024-07-25,1.339,1.34,1.355,1.327,28694.0,512530,sh,沪深300红利ETF建信
2024-07-26,1.339,1.326,1.341,1.323,40449.0,512530,sh,沪深300红利ETF建信
2024-07-29,1.328,1.339,1.342,1.328,15167.0,512530,sh,沪深300红利ETF建信
2024-07-30,1.339,1.331,1.339,1.327,13793.0,512530,sh,沪深300红利ETF建信
2024-07-31,1.33,1.338,1.342,1.328,19203.0,512530,sh,沪深300红利ETF建信
2024-08-01,1.338,1.338,1.348,1.333,14083.0,512530,sh,沪深300红利ETF建信
2024-08-02,1.337,1.33,1.337,1.327,20558.0,512530,sh,沪深300红利ETF建信
2024-08-05,1.328,1.321,1.335,1.319,22699.0,512530,sh,沪深300红利ETF建信
2024-08-06,1.322,1.313,1.322,1.302,34152.0,512530,sh,沪深300红利ETF建信
2024-08-07,1.313,1.313,1.321,1.305,29427.0,512530,sh,沪深300红利ETF建信
2024-08-08,1.312,1.312,1.317,1.31,24192.0,512530,sh,沪深300红利ETF建信
2024-08-09,1.308,1.315,1.321,1.308,26629.0,512530,sh,沪深300红利ETF建信
2024-08-12,1.315,1.312,1.317,1.312,26697.0,512530,sh,沪深300红利ETF建信
2024-08-13,1.312,1.318,1.32,1.311,30704.0,512530,sh,沪深300红利ETF建信
2024-08-14,1.32,1.316,1.32,1.313,25154.0,512530,sh,沪深300红利ETF建信
2024-08-15,1.319,1.331,1.332,1.319,33513.0,512530,sh,沪深300红利ETF建信
2024-08-16,1.318,1.339,1.344,1.318,32317.0,512530,sh,沪深300红利ETF建信
2024-08-19,1.338,1.353,1.354,1.338,36594.0,512530,sh,沪深300红利ETF建信
2024-08-20,1.353,1.344,1.353,1.338,36672.0,512530,sh,沪深300红利ETF建信
2024-08-21,1.346,1.335,1.346,1.329,36578.0,512530,sh,沪深300红利ETF建信
2024-08-22,1.336,1.342,1.346,1.336,30500.0,512530,sh,沪深300红利ETF建信
2024-08-23,1.343,1.35,1.352,1.341,21862.0,512530,sh,沪深300红利ETF建信
2024-08-26,1.35,1.348,1.357,1.342,30524.0,512530,sh,沪深300红利ETF建信
2024-08-27,1.348,1.355,1.355,1.342,37038.0,512530,sh,沪深300红利ETF建信
2024-08-28,1.354,1.345,1.354,1.339,28817.0,512530,sh,沪深300红利ETF建信
2024-08-29,1.346,1.316,1.346,1.315,19526.0,512530,sh,沪深300红利ETF建信
2024-08-30,1.321,1.32,1.326,1.3,24155.0,512530,sh,沪深300红利ETF建信
2024-09-02,1.325,1.313,1.325,1.307,8894.0,512530,sh,沪深300红利ETF建信
2024-09-03,1.31,1.3,1.313,1.293,15592.0,512530,sh,沪深300红利ETF建信
2024-09-04,1.294,1.295,1.299,1.287,20797.0,512530,sh,沪深300红利ETF建信
2024-09-05,1.295,1.295,1.295,1.284,6342.0,512530,sh,沪深300红利ETF建信
2024-09-06,1.296,1.289,1.303,1.289,14239.0,512530,sh,沪深300红利ETF建信
2024-09-09,1.287,1.266,1.287,1.263,4133.0,512530,sh,沪深300红利ETF建信
2024-09-10,1.269,1.268,1.269,1.262,5823.0,512530,sh,沪深300红利ETF建信
2024-09-11,1.265,1.25,1.267,1.245,8718.0,512530,sh,沪深300红利ETF建信
2024-09-12,1.25,1.254,1.256,1.244,14122.0,512530,sh,沪深300红利ETF建信
2024-09-13,1.258,1.251,1.26,1.25,14714.0,512530,sh,沪深300红利ETF建信
2024-09-18,1.25,1.269,1.27,1.25,19019.0,512530,sh,沪深300红利ETF建信
2024-09-19,1.271,1.275,1.279,1.259,72110.0,512530,sh,沪深300红利ETF建信
2024-09-20,1.275,1.282,1.282,1.267,8368.0,512530,sh,沪深300红利ETF建信
2024-09-23,1.282,1.297,1.301,1.279,20810.0,512530,sh,沪深300红利ETF建信
2024-09-24,1.302,1.35,1.35,1.302,38582.0,512530,sh,沪深300红利ETF建信
2024-09-25,1.381,1.37,1.391,1.364,37761.0,512530,sh,沪深300红利ETF建信
2024-09-26,1.366,1.422,1.424,1.365,44462.0,512530,sh,沪深300红利ETF建信
2024-09-27,1.436,1.43,1.465,1.418,42698.0,512530,sh,沪深300红利ETF建信
2024-09-30,1.501,1.55,1.551,1.43,90947.0,512530,sh,沪深300红利ETF建信
2024-10-08,1.7,1.592,1.705,1.52,82500.0,512530,sh,沪深300红利ETF建信
2024-10-09,1.592,1.458,1.592,1.436,111506.0,512530,sh,沪深300红利ETF建信
2024-10-10,1.456,1.495,1.52,1.451,79843.0,512530,sh,沪深300红利ETF建信
2024-10-11,1.496,1.479,1.509,1.46,60227.0,512530,sh,沪深300红利ETF建信
2024-10-14,1.467,1.512,1.522,1.467,80112.0,512530,sh,沪深300红利ETF建信
2024-10-15,1.513,1.479,1.522,1.478,38316.0,512530,sh,沪深300红利ETF建信
2024-10-16,1.478,1.501,1.506,1.475,29725.0,512530,sh,沪深300红利ETF建信
2024-10-17,1.5,1.483,1.517,1.48,28286.0,512530,sh,沪深300红利ETF建信
2024-10-18,1.479,1.499,1.513,1.453,30217.0,512530,sh,沪深300红利ETF建信
2024-10-21,1.496,1.485,1.496,1.472,42791.0,512530,sh,沪深300红利ETF建信
2024-10-22,1.485,1.483,1.487,1.475,45661.0,512530,sh,沪深300红利ETF建信
2024-10-23,1.476,1.485,1.494,1.476,28468.0,512530,sh,沪深300红利ETF建信
2024-10-24,1.484,1.479,1.498,1.475,30866.0,512530,sh,沪深300红利ETF建信
2024-10-25,1.478,1.476,1.485,1.474,37399.0,512530,sh,沪深300红利ETF建信
2024-10-28,1.477,1.479,1.482,1.465,38199.0,512530,sh,沪深300红利ETF建信
2024-10-29,1.474,1.468,1.49,1.467,33746.0,512530,sh,沪深300红利ETF建信
2024-10-30,1.465,1.453,1.472,1.447,36700.0,512530,sh,沪深300红利ETF建信
2024-10-31,1.454,1.449,1.459,1.438,29110.0,512530,sh,沪深300红利ETF建信
2024-11-01,1.45,1.462,1.471,1.45,45579.0,512530,sh,沪深300红利ETF建信
2024-11-04,1.487,1.47,1.487,1.448,31946.0,512530,sh,沪深300红利ETF建信
2024-11-05,1.467,1.487,1.488,1.463,39153.0,512530,sh,沪深300红利ETF建信
2024-11-06,1.488,1.48,1.501,1.473,37136.0,512530,sh,沪深300红利ETF建信
2024-11-07,1.466,1.516,1.517,1.466,37450.0,512530,sh,沪深300红利ETF建信
2024-11-08,1.517,1.495,1.528,1.491,41627.0,512530,sh,沪深300红利ETF建信
2024-11-11,1.49,1.476,1.49,1.464,56499.0,512530,sh,沪深300红利ETF建信
2024-11-12,1.475,1.461,1.489,1.456,40018.0,512530,sh,沪深300红利ETF建信
2024-11-13,1.463,1.471,1.471,1.455,25166.0,512530,sh,沪深300红利ETF建信
2024-11-14,1.485,1.462,1.485,1.459,53141.0,512530,sh,沪深300红利ETF建信
2024-11-15,1.462,1.448,1.476,1.448,46501.0,512530,sh,沪深300红利ETF建信
2024-11-18,1.452,1.47,1.492,1.452,66891.0,512530,sh,沪深300红利ETF建信
2024-11-19,1.47,1.468,1.479,1.455,47188.0,512530,sh,沪深300红利ETF建信
2024-11-20,1.468,1.465,1.469,1.459,42296.0,512530,sh,沪深300红利ETF建信
2024-11-21,1.464,1.465,1.469,1.458,42215.0,512530,sh,沪深300红利ETF建信
2024-11-22,1.455,1.432,1.469,1.43,48263.0,512530,sh,沪深300红利ETF建信
2024-11-25,1.432,1.429,1.458,1.425,36962.0,512530,sh,沪深300红利ETF建信
2024-11-26,1.42,1.434,1.452,1.409,29448.0,512530,sh,沪深300红利ETF建信
2024-11-27,1.434,1.449,1.449,1.427,26244.0,512530,sh,沪深300红利ETF建信
2024-11-28,1.449,1.448,1.453,1.441,40586.0,512530,sh,沪深300红利ETF建信
2024-11-29,1.448,1.452,1.461,1.444,32581.0,512530,sh,沪深300红利ETF建信
2024-12-02,1.44,1.455,1.455,1.44,22604.0,512530,sh,沪深300红利ETF建信
2024-12-03,1.455,1.471,1.473,1.449,33953.0,512530,sh,沪深300红利ETF建信
2024-12-04,1.473,1.475,1.483,1.464,36855.0,512530,sh,沪深300红利ETF建信
2024-12-05,1.475,1.474,1.48,1.45,31003.0,512530,sh,沪深300红利ETF建信
2024-12-06,1.476,1.486,1.492,1.476,33910.0,512530,sh,沪深300红利ETF建信
2024-12-09,1.485,1.486,1.5,1.478,29524.0,512530,sh,沪深300红利ETF建信
2024-12-10,1.5,1.493,1.526,1.493,38202.0,512530,sh,沪深300红利ETF建信
2024-12-11,1.495,1.491,1.497,1.486,37228.0,512530,sh,沪深300红利ETF建信
2024-12-12,1.486,1.5,1.5,1.486,27186.0,512530,sh,沪深300红利ETF建信
2024-12-13,1.485,1.474,1.5,1.474,27555.0,512530,sh,沪深300红利ETF建信
2024-12-16,1.473,1.484,1.488,1.473,28437.0,512530,sh,沪深300红利ETF建信
2024-12-17,1.484,1.482,1.493,1.481,32921.0,512530,sh,沪深300红利ETF建信
2024-12-18,1.496,1.49,1.5,1.484,34941.0,512530,sh,沪深300红利ETF建信
2024-12-19,1.49,1.479,1.491,1.475,27665.0,512530,sh,沪深300红利ETF建信
2024-12-20,1.476,1.468,1.478,1.467,9903.0,512530,sh,沪深300红利ETF建信
2024-12-23,1.467,1.484,1.49,1.467,34499.0,512530,sh,沪深300红利ETF建信
2024-12-24,1.475,1.497,1.497,1.469,19365.0,512530,sh,沪深300红利ETF建信
2024-12-25,1.498,1.509,1.51,1.495,26930.0,512530,sh,沪深300红利ETF建信
2024-12-26,1.509,1.5,1.509,1.492,25032.0,512530,sh,沪深300红利ETF建信
2024-12-27,1.5,1.5,1.501,1.482,41889.0,512530,sh,沪深300红利ETF建信
2024-12-30,1.5,1.517,1.519,1.5,28683.0,512530,sh,沪深300红利ETF建信
2024-12-31,1.517,1.509,1.525,1.508,40888.0,512530,sh,沪深300红利ETF建信
2025-01-02,1.508,1.475,1.518,1.469,36066.0,512530,sh,沪深300红利ETF建信
2025-01-03,1.473,1.461,1.489,1.461,43464.0,512530,sh,沪深300红利ETF建信
2025-01-06,1.464,1.467,1.475,1.448,52022.0,512530,sh,沪深300红利ETF建信
2025-01-07,1.467,1.469,1.469,1.453,34845.0,512530,sh,沪深300红利ETF建信
2025-01-08,1.469,1.474,1.479,1.458,55773.0,512530,sh,沪深300红利ETF建信
2025-01-09,1.474,1.457,1.484,1.452,66137.0,512530,sh,沪深300红利ETF建信
2025-01-10,1.454,1.439,1.454,1.439,126766.0,512530,sh,沪深300红利ETF建信
2025-01-13,1.438,1.427,1.44,1.418,38428.0,512530,sh,沪深300红利ETF建信
2025-01-14,1.441,1.448,1.448,1.427,36321.0,512530,sh,沪深300红利ETF建信
2025-01-15,1.458,1.451,1.465,1.436,29030.0,512530,sh,沪深300红利ETF建信
2025-01-16,1.451,1.462,1.465,1.451,37015.0,512530,sh,沪深300红利ETF建信
2025-01-17,1.472,1.455,1.473,1.452,23588.0,512530,sh,沪深300红利ETF建信
2025-01-20,1.455,1.448,1.459,1.446,36189.0,512530,sh,沪深300红利ETF建信
2025-01-21,1.448,1.433,1.455,1.433,8834.0,512530,sh,沪深300红利ETF建信
2025-01-22,1.436,1.415,1.436,1.415,17619.0,512530,sh,沪深300红利ETF建信
2025-01-23,1.429,1.439,1.443,1.418,21603.0,512530,sh,沪深300红利ETF建信
2025-01-24,1.425,1.448,1.452,1.423,28791.0,512530,sh,沪深300红利ETF建信
2025-01-27,1.446,1.462,1.466,1.446,18164.0,512530,sh,沪深300红利ETF建信
2025-02-05,1.462,1.435,1.469,1.433,29112.0,512530,sh,沪深300红利ETF建信
2025-02-06,1.434,1.436,1.437,1.426,25806.0,512530,sh,沪深300红利ETF建信
2025-02-07,1.442,1.445,1.448,1.432,23286.0,512530,sh,沪深300红利ETF建信
2025-02-10,1.445,1.446,1.45,1.438,13903.0,512530,sh,沪深300红利ETF建信
2025-02-11,1.442,1.444,1.451,1.442,13483.0,512530,sh,沪深300红利ETF建信
2025-02-12,1.444,1.45,1.45,1.441,10932.0,512530,sh,沪深300红利ETF建信
2025-02-13,1.452,1.45,1.455,1.448,18372.0,512530,sh,沪深300红利ETF建信
2025-02-14,1.45,1.453,1.455,1.444,18738.0,512530,sh,沪深300红利ETF建信
2025-02-17,1.451,1.455,1.456,1.448,18416.0,512530,sh,沪深300红利ETF建信
2025-02-18,1.458,1.458,1.466,1.454,21440.0,512530,sh,沪深300红利ETF建信
2025-02-19,1.46,1.451,1.46,1.448,17760.0,512530,sh,沪深300红利ETF建信
2025-02-20,1.451,1.446,1.451,1.444,17425.0,512530,sh,沪深300红利ETF建信
2025-02-21,1.446,1.438,1.447,1.435,17034.0,512530,sh,沪深300红利ETF建信
2025-02-24,1.438,1.436,1.44,1.425,14905.0,512530,sh,沪深300红利ETF建信
2025-02-25,1.422,1.424,1.436,1.421,12317.0,512530,sh,沪深300红利ETF建信
2025-02-26,1.435,1.433,1.437,1.427,22145.0,512530,sh,沪深300红利ETF建信
2025-02-27,1.43,1.443,1.443,1.428,13720.0,512530,sh,沪深300红利ETF建信
2025-02-28,1.44,1.434,1.449,1.433,14206.0,512530,sh,沪深300红利ETF建信
2025-03-03,1.434,1.437,1.441,1.432,35419.0,512530,sh,沪深300红利ETF建信
2025-03-04,1.437,1.432,1.438,1.43,19993.0,512530,sh,沪深300红利ETF建信
2025-03-05,1.43,1.442,1.446,1.43,13001.0,512530,sh,沪深300红利ETF建信
2025-03-06,1.44,1.444,1.445,1.434,19162.0,512530,sh,沪深300红利ETF建信
2025-03-07,1.435,1.442,1.445,1.435,16897.0,512530,sh,沪深300红利ETF建信
2025-03-10,1.44,1.437,1.449,1.433,24934.0,512530,sh,沪深300红利ETF建信
2025-03-11,1.437,1.446,1.449,1.423,27612.0,512530,sh,沪深300红利ETF建信
2025-03-12,1.446,1.439,1.446,1.437,16217.0,512530,sh,沪深300红利ETF建信
2025-03-13,1.432,1.448,1.453,1.432,27912.0,512530,sh,沪深300红利ETF建信
2025-03-14,1.448,1.459,1.465,1.448,42595.0,512530,sh,沪深300红利ETF建信
2025-03-17,1.466,1.467,1.486,1.461,204455.0,512530,sh,沪深300红利ETF建信
2025-03-18,1.467,1.466,1.467,1.459,31510.0,512530,sh,沪深300红利ETF建信
2025-03-19,1.466,1.47,1.471,1.459,34888.0,512530,sh,沪深300红利ETF建信
2025-03-20,1.469,1.465,1.473,1.46,29304.0,512530,sh,沪深300红利ETF建信
2025-03-21,1.465,1.458,1.474,1.453,21969.0,512530,sh,沪深300红利ETF建信
2025-03-24,1.457,1.466,1.468,1.457,87794.0,512530,sh,沪深300红利ETF建信
2025-03-25,1.466,1.473,1.473,1.465,29095.0,512530,sh,沪深300红利ETF建信
2025-03-26,1.473,1.467,1.473,1.465,24811.0,512530,sh,沪深300红利ETF建信
2025-03-27,1.468,1.468,1.474,1.467,25980.0,512530,sh,沪深300红利ETF建信
2025-03-28,1.468,1.46,1.468,1.457,22703.0,512530,sh,沪深300红利ETF建信
2025-03-31,1.461,1.459,1.47,1.456,49666.0,512530,sh,沪深300红利ETF建信
2025-04-01,1.459,1.462,1.469,1.454,38859.0,512530,sh,沪深300红利ETF建信
2025-04-02,1.462,1.469,1.471,1.462,42342.0,512530,sh,沪深300红利ETF建信
2025-04-03,1.46,1.47,1.473,1.457,55577.0,512530,sh,沪深300红利ETF建信
2025-04-07,1.413,1.44,1.469,1.36,53225.0,512530,sh,沪深300红利ETF建信
2025-04-08,1.466,1.426,1.47,1.396,80761.0,512530,sh,沪深300红利ETF建信
2025-04-09,1.421,1.418,1.426,1.403,55677.0,512530,sh,沪深300红利ETF建信
2025-04-10,1.421,1.43,1.434,1.421,51702.0,512530,sh,沪深300红利ETF建信
2025-04-11,1.424,1.428,1.43,1.421,16362.0,512530,sh,沪深300红利ETF建信
2025-04-14,1.428,1.437,1.439,1.421,49715.0,512530,sh,沪深300红利ETF建信
2025-04-15,1.437,1.448,1.45,1.429,29044.0,512530,sh,沪深300红利ETF建信
2025-04-16,1.448,1.463,1.464,1.441,71498.0,512530,sh,沪深300红利ETF建信
2025-04-17,1.464,1.462,1.464,1.45,71761.0,512530,sh,沪深300红利ETF建信
2025-04-18,1.462,1.47,1.47,1.461,54326.0,512530,sh,沪深300红利ETF建信
2025-04-21,1.471,1.459,1.474,1.457,37758.0,512530,sh,沪深300红利ETF建信
2025-04-22,1.46,1.465,1.467,1.459,41049.0,512530,sh,沪深300红利ETF建信
2025-04-23,1.464,1.456,1.464,1.456,44581.0,512530,sh,沪深300红利ETF建信
2025-04-24,1.46,1.465,1.469,1.46,64532.0,512530,sh,沪深300红利ETF建信
2025-04-25,1.467,1.462,1.47,1.458,62332.0,512530,sh,沪深300红利ETF建信
2025-04-28,1.457,1.467,1.47,1.454,34149.0,512530,sh,沪深300红利ETF建信
2025-04-29,1.467,1.463,1.471,1.461,52380.0,512530,sh,沪深300红利ETF建信
2025-04-30,1.459,1.444,1.459,1.441,54465.0,512530,sh,沪深300红利ETF建信
2025-05-06,1.448,1.445,1.448,1.437,43851.0,512530,sh,沪深300红利ETF建信
2025-05-07,1.445,1.463,1.463,1.445,41187.0,512530,sh,沪深300红利ETF建信
2025-05-08,1.463,1.468,1.47,1.458,28322.0,512530,sh,沪深300红利ETF建信
2025-05-09,1.466,1.482,1.484,1.461,410078.0,512530,sh,沪深300红利ETF建信
2025-05-12,1.482,1.486,1.49,1.476,159954.0,512530,sh,沪深300红利ETF建信
2025-05-13,1.49,1.502,1.504,1.484,132165.0,512530,sh,沪深300红利ETF建信
2025-05-14,1.495,1.517,1.518,1.495,100804.0,512530,sh,沪深300红利ETF建信
2025-05-15,1.516,1.505,1.524,1.504,172493.0,512530,sh,沪深300红利ETF建信
2025-05-16,1.504,1.495,1.511,1.489,252199.0,512530,sh,沪深300红利ETF建信
2025-05-19,1.495,1.497,1.503,1.495,63617.0,512530,sh,沪深300红利ETF建信
2025-05-20,1.497,1.5,1.507,1.496,80719.0,512530,sh,沪深300红利ETF建信
2025-05-21,1.502,1.512,1.52,1.502,91741.0,512530,sh,沪深300红利ETF建信
2025-05-22,1.514,1.517,1.52,1.506,46114.0,512530,sh,沪深300红利ETF建信
2025-05-23,1.518,1.505,1.528,1.502,171164.0,512530,sh,沪深300红利ETF建信
2025-05-26,1.505,1.495,1.506,1.483,55466.0,512530,sh,沪深300红利ETF建信
2025-05-27,1.49,1.494,1.501,1.485,27100.0,512530,sh,沪深300红利ETF建信
2025-05-28,1.493,1.495,1.498,1.488,14994.0,512530,sh,沪深300红利ETF建信
2025-05-29,1.497,1.497,1.502,1.496,28442.0,512530,sh,沪深300红利ETF建信
2025-05-30,1.492,1.506,1.508,1.492,20633.0,512530,sh,沪深300红利ETF建信
2025-06-03,1.496,1.507,1.514,1.495,29278.0,512530,sh,沪深300红利ETF建信
2025-06-04,1.508,1.512,1.512,1.504,15644.0,512530,sh,沪深300红利ETF建信
2025-06-05,1.512,1.504,1.515,1.502,12231.0,512530,sh,沪深300红利ETF建信
2025-06-06,1.505,1.508,1.515,1.504,35098.0,512530,sh,沪深300红利ETF建信
2025-06-09,1.508,1.511,1.511,1.503,24573.0,512530,sh,沪深300红利ETF建信
2025-06-10,1.511,1.51,1.522,1.505,19612.0,512530,sh,沪深300红利ETF建信
2025-06-11,1.511,1.523,1.524,1.51,39254.0,512530,sh,沪深300红利ETF建信
2025-06-12,1.523,1.522,1.523,1.511,10889.0,512530,sh,沪深300红利ETF建信
2025-06-13,1.522,1.517,1.524,1.515,9990.0,512530,sh,沪深300红利ETF建信
2025-06-16,1.516,1.524,1.527,1.514,19170.0,512530,sh,沪深300红利ETF建信
2025-06-17,1.524,1.53,1.531,1.52,12722.0,512530,sh,沪深300红利ETF建信
2025-06-18,1.529,1.534,1.534,1.522,21051.0,512530,sh,沪深300红利ETF建信
2025-06-19,1.535,1.524,1.535,1.518,31352.0,512530,sh,沪深300红利ETF建信
2025-06-20,1.526,1.536,1.537,1.52,15076.0,512530,sh,沪深300红利ETF建信
2025-06-23,1.536,1.547,1.549,1.524,15050.0,512530,sh,沪深300红利ETF建信
2025-06-24,1.546,1.551,1.555,1.537,27366.0,512530,sh,沪深300红利ETF建信
2025-06-25,1.551,1.56,1.562,1.54,10977.0,512530,sh,沪深300红利ETF建信
2025-06-26,1.564,1.562,1.566,1.556,9994.0,512530,sh,沪深300红利ETF建信
2025-06-27,1.556,1.544,1.57,1.54,10907.0,512530,sh,沪深300红利ETF建信
2025-06-30,1.544,1.545,1.551,1.536,9937.0,512530,sh,沪深300红利ETF建信
2025-07-01,1.544,1.554,1.555,1.544,10506.0,512530,sh,沪深300红利ETF建信
2025-07-02,1.557,1.568,1.57,1.55,8376.0,512530,sh,沪深300红利ETF建信
2025-07-03,1.569,1.571,1.573,1.563,14620.0,512530,sh,沪深300红利ETF建信
2025-07-04,1.573,1.585,1.591,1.568,11242.0,512530,sh,沪深300红利ETF建信
2025-07-07,1.583,1.588,1.591,1.58,9859.0,512530,sh,沪深300红利ETF建信
2025-07-08,1.583,1.591,1.595,1.58,8375.0,512530,sh,沪深300红利ETF建信
2025-07-09,1.593,1.593,1.598,1.586,11487.0,512530,sh,沪深300红利ETF建信
2025-07-10,1.6,1.608,1.614,1.587,19626.0,512530,sh,沪深300红利ETF建信
2025-07-11,1.608,1.597,1.619,1.596,17015.0,512530,sh,沪深300红利ETF建信
2025-07-14,1.597,1.601,1.61,1.589,7951.0,512530,sh,沪深300红利ETF建信
2025-07-15,1.602,1.59,1.612,1.583,12667.0,512530,sh,沪深300红利ETF建信
2025-07-16,1.59,1.585,1.59,1.577,10448.0,512530,sh,沪深300红利ETF建信
2025-07-17,1.585,1.579,1.589,1.577,17062.0,512530,sh,沪深300红利ETF建信
2025-07-18,1.585,1.593,1.595,1.581,13425.0,512530,sh,沪深300红利ETF建信
2025-07-21,1.592,1.608,1.608,1.592,11477.0,512530,sh,沪深300红利ETF建信
2025-07-22,1.608,1.634,1.634,1.597,13126.0,512530,sh,沪深300红利ETF建信
2025-07-23,1.637,1.632,1.648,1.63,26996.0,512530,sh,沪深300红利ETF建信
2025-07-24,1.633,1.634,1.639,1.622,15511.0,512530,sh,沪深300红利ETF建信
2025-07-25,1.637,1.633,1.642,1.62,13166.0,512530,sh,沪深300红利ETF建信
2025-07-28,1.618,1.619,1.632,1.61,24644.0,512530,sh,沪深300红利ETF建信
2025-07-29,1.616,1.613,1.622,1.603,11100.0,512530,sh,沪深300红利ETF建信
2025-07-30,1.614,1.618,1.632,1.603,23879.0,512530,sh,沪深300红利ETF建信
2025-07-31,1.617,1.59,1.617,1.584,22441.0,512530,sh,沪深300红利ETF建信
2025-08-01,1.591,1.586,1.597,1.585,14684.0,512530,sh,沪深300红利ETF建信
2025-08-04,1.591,1.597,1.597,1.583,10488.0,512530,sh,沪深300红利ETF建信
2025-08-05,1.598,1.611,1.612,1.595,15387.0,512530,sh,沪深300红利ETF建信
2025-08-06,1.613,1.615,1.621,1.599,10823.0,512530,sh,沪深300红利ETF建信
2025-08-07,1.61,1.622,1.623,1.61,6658.0,512530,sh,沪深300红利ETF建信
2025-08-08,1.609,1.628,1.629,1.609,19301.0,512530,sh,沪深300红利ETF建信
2025-08-11,1.629,1.619,1.631,1.618,11311.0,512530,sh,沪深300红利ETF建信
2025-08-12,1.618,1.624,1.631,1.617,7666.0,512530,sh,沪深300红利ETF建信
2025-08-13,1.624,1.619,1.627,1.61,10847.0,512530,sh,沪深300红利ETF建信
2025-08-14,1.615,1.616,1.619,1.61,5382.0,512530,sh,沪深300红利ETF建信
2025-08-15,1.609,1.607,1.619,1.595,19754.0,512530,sh,沪深300红利ETF建信
2025-08-18,1.615,1.6,1.615,1.594,35131.0,512530,sh,沪深300红利ETF建信
2025-08-19,1.598,1.599,1.603,1.591,9757.0,512530,sh,沪深300红利ETF建信
2025-08-20,1.595,1.599,1.602,1.588,9664.0,512530,sh,沪深300红利ETF建信
2025-08-21,1.6,1.612,1.614,1.597,20442.0,512530,sh,沪深300红利ETF建信
2025-08-22,1.613,1.613,1.613,1.598,13809.0,512530,sh,沪深300红利ETF建信
2025-08-25,1.605,1.63,1.63,1.605,16377.0,512530,sh,沪深300红利ETF建信
2025-08-26,1.627,1.625,1.631,1.623,17419.0,512530,sh,沪深300红利ETF建信
2025-08-27,1.625,1.602,1.627,1.593,10932.0,512530,sh,沪深300红利ETF建信
2025-08-28,1.6,1.595,1.601,1.58,15180.0,512530,sh,沪深300红利ETF建信
2025-08-29,1.591,1.587,1.609,1.585,14577.0,512530,sh,沪深300红利ETF建信
2025-09-01,1.587,1.575,1.595,1.573,15735.0,512530,sh,沪深300红利ETF建信
2025-09-02,1.578,1.587,1.587,1.572,19109.0,512530,sh,沪深300红利ETF建信
2025-09-03,1.587,1.573,1.59,1.567,19071.0,512530,sh,沪深300红利ETF建信
2025-09-04,1.568,1.576,1.578,1.553,19050.0,512530,sh,沪深300红利ETF建信
2025-09-05,1.576,1.576,1.578,1.564,5527.0,512530,sh,沪深300红利ETF建信
2025-09-08,1.576,1.576,1.584,1.57,7117.0,512530,sh,沪深300红利ETF建信
2025-09-09,1.57,1.575,1.586,1.57,4623.0,512530,sh,沪深300红利ETF建信
2025-09-10,1.578,1.57,1.578,1.566,5847.0,512530,sh,沪深300红利ETF建信
2025-09-11,1.57,1.575,1.578,1.56,14478.0,512530,sh,沪深300红利ETF建信
2025-09-12,1.575,1.569,1.58,1.567,12972.0,512530,sh,沪深300红利ETF建信
2025-09-15,1.567,1.566,1.572,1.561,8468.0,512530,sh,沪深300红利ETF建信
2025-09-16,1.564,1.557,1.576,1.556,6175.0,512530,sh,沪深300红利ETF建信
2025-09-17,1.567,1.566,1.569,1.554,6578.0,512530,sh,沪深300红利ETF建信
2025-09-18,1.561,1.538,1.568,1.529,15448.0,512530,sh,沪深300红利ETF建信
2025-09-19,1.538,1.546,1.548,1.528,4737.0,512530,sh,沪深300红利ETF建信
2025-09-22,1.546,1.533,1.546,1.526,10144.0,512530,sh,沪深300红利ETF建信
2025-09-23,1.53,1.54,1.546,1.519,6508.0,512530,sh,沪深300红利ETF建信
2025-09-24,1.54,1.54,1.545,1.529,5680.0,512530,sh,沪深300红利ETF建信
2025-09-25,1.539,1.531,1.539,1.525,9111.0,512530,sh,沪深300红利ETF建信
2025-09-26,1.531,1.531,1.536,1.521,5817.0,512530,sh,沪深300红利ETF建信
2025-09-29,1.527,1.528,1.539,1.517,9325.0,512530,sh,沪深300红利ETF建信
2025-09-30,1.533,1.52,1.533,1.518,6269.0,512530,sh,沪深300红利ETF建信
2025-10-09,1.515,1.532,1.532,1.511,10692.0,512530,sh,沪深300红利ETF建信
2025-10-10,1.533,1.548,1.557,1.531,31234.0,512530,sh,沪深300红利ETF建信
2025-10-13,1.548,1.557,1.558,1.524,23806.0,512530,sh,沪深300红利ETF建信
2025-10-14,1.558,1.575,1.579,1.541,44394.0,512530,sh,沪深300红利ETF建信
2025-10-15,1.567,1.585,1.586,1.567,19947.0,512530,sh,沪深300红利ETF建信
2025-10-16,1.577,1.605,1.608,1.577,27574.0,512530,sh,沪深300红利ETF建信
2025-10-17,1.606,1.596,1.62,1.592,59525.0,512530,sh,沪深300红利ETF建信
2025-10-20,1.596,1.604,1.607,1.579,31217.0,512530,sh,沪深300红利ETF建信
2025-10-21,1.605,1.603,1.605,1.592,30312.0,512530,sh,沪深300红利ETF建信
2025-10-22,1.603,1.606,1.608,1.595,25161.0,512530,sh,沪深300红利ETF建信
2025-10-23,1.601,1.62,1.62,1.596,44866.0,512530,sh,沪深300红利ETF建信
2025-10-24,1.62,1.607,1.621,1.605,40304.0,512530,sh,沪深300红利ETF建信
2025-10-27,1.612,1.617,1.625,1.598,39905.0,512530,sh,沪深300红利ETF建信
2025-10-28,1.628,1.607,1.636,1.603,33724.0,512530,sh,沪深300红利ETF建信
2025-10-29,1.607,1.604,1.608,1.591,56896.0,512530,sh,沪深300红利ETF建信
2025-10-30,1.598,1.605,1.617,1.598,27469.0,512530,sh,沪深300红利ETF建信
2025-10-31,1.605,1.601,1.607,1.595,19560.0,512530,sh,沪深300红利ETF建信
2025-11-03,1.607,1.624,1.625,1.601,39181.0,512530,sh,沪深300红利ETF建信
2025-11-04,1.624,1.628,1.637,1.617,23363.0,512530,sh,沪深300红利ETF建信
2025-11-05,1.629,1.635,1.641,1.62,28112.0,512530,sh,沪深300红利ETF建信
2025-11-06,1.637,1.639,1.646,1.629,22552.0,512530,sh,沪深300红利ETF建信
2025-11-07,1.64,1.646,1.65,1.64,31179.0,512530,sh,沪深300红利ETF建信
2025-11-10,1.66,1.659,1.661,1.63,31455.0,512530,sh,沪深300红利ETF建信
2025-11-11,1.659,1.651,1.659,1.639,25740.0,512530,sh,沪深300红利ETF建信
2025-11-12,1.645,1.656,1.659,1.643,12447.0,512530,sh,沪深300红利ETF建信
2025-11-13,1.652,1.651,1.658,1.64,24568.0,512530,sh,沪深300红利ETF建信
2025-11-14,1.651,1.644,1.66,1.642,18187.0,512530,sh,沪深300红利ETF建信
2025-11-17,1.644,1.633,1.652,1.625,30560.0,512530,sh,沪深300红利ETF建信
2025-11-18,1.625,1.615,1.634,1.612,28210.0,512530,sh,沪深300红利ETF建信
2025-11-19,1.615,1.633,1.634,1.611,28534.0,512530,sh,沪深300红利ETF建信
2025-11-20,1.633,1.631,1.648,1.627,15698.0,512530,sh,沪深300红利ETF建信
2025-11-21,1.625,1.609,1.628,1.609,17557.0,512530,sh,沪深300红利ETF建信
2025-11-24,1.609,1.6,1.616,1.599,33151.0,512530,sh,沪深300红利ETF建信
2025-11-25,1.6,1.604,1.607,1.593,21807.0,512530,sh,沪深300红利ETF建信
2025-11-26,1.604,1.6,1.61,1.596,41856.0,512530,sh,沪深300红利ETF建信
2025-11-27,1.599,1.604,1.608,1.589,23369.0,512530,sh,沪深300红利ETF建信
2025-11-28,1.609,1.6,1.609,1.597,24824.0,512530,sh,沪深300红利ETF建信
2025-12-01,1.6,1.609,1.609,1.599,16847.0,512530,sh,沪深300红利ETF建信
2025-12-02,1.605,1.609,1.612,1.602,23941.0,512530,sh,沪深300红利ETF建信
2025-12-03,1.612,1.604,1.613,1.601,9893.0,512530,sh,沪深300红利ETF建信
2025-12-04,1.603,1.599,1.606,1.596,13755.0,512530,sh,沪深300红利ETF建信
2025-12-05,1.599,1.599,1.602,1.587,74994.0,512530,sh,沪深300红利ETF建信
2025-12-08,1.599,1.591,1.599,1.587,26167.0,512530,sh,沪深300红利ETF建信
2025-12-09,1.59,1.58,1.59,1.577,10327.0,512530,sh,沪深300红利ETF建信
2025-12-10,1.575,1.576,1.579,1.569,8496.0,512530,sh,沪深300红利ETF建信
2025-12-11,1.58,1.569,1.58,1.567,12026.0,512530,sh,沪深300红利ETF建信
2025-12-12,1.565,1.569,1.571,1.565,19737.0,512530,sh,沪深300红利ETF建信
2025-12-15,1.575,1.575,1.579,1.566,12045.0,512530,sh,沪深300红利ETF建信
2025-12-16,1.58,1.564,1.58,1.56,14647.0,512530,sh,沪深300红利ETF建信
2025-12-17,1.561,1.57,1.576,1.558,20882.0,512530,sh,沪深300红利ETF建信
2025-12-18,1.57,1.591,1.593,1.57,22285.0,512530,sh,沪深300红利ETF建信
2025-12-19,1.593,1.588,1.597,1.58,21770.0,512530,sh,沪深300红利ETF建信
2025-12-22,1.588,1.584,1.588,1.577,18736.0,512530,sh,沪深300红利ETF建信
2025-12-23,1.578,1.582,1.588,1.571,19136.0,512530,sh,沪深300红利ETF建信
2025-12-24,1.588,1.579,1.588,1.573,13133.0,512530,sh,沪深300红利ETF建信
2025-12-25,1.573,1.578,1.586,1.573,24691.0,512530,sh,沪深300红利ETF建信
2025-12-26,1.578,1.58,1.584,1.577,19930.0,512530,sh,沪深300红利ETF建信
2025-12-29,1.581,1.586,1.59,1.576,24515.0,512530,sh,沪深300红利ETF建信
2025-12-30,1.587,1.589,1.592,1.578,24238.0,512530,sh,沪深300红利ETF建信
2025-12-31,1.591,1.589,1.593,1.587,16027.0,512530,sh,沪深300红利ETF建信
2026-01-05,1.591,1.592,1.594,1.582,20769.0,512530,sh,沪深300红利ETF建信
2026-01-06,1.595,1.6,1.602,1.585,23690.0,512530,sh,沪深300红利ETF建信
2026-01-07,1.6,1.597,1.605,1.591,17472.0,512530,sh,沪深300红利ETF建信
2026-01-08,1.595,1.589,1.597,1.586,18618.0,512530,sh,沪深300红利ETF建信
2026-01-09,1.595,1.591,1.596,1.585,9951.0,512530,sh,沪深300红利ETF建信
2026-01-12,1.597,1.587,1.598,1.582,9404.0,512530,sh,沪深300红利ETF建信
2026-01-13,1.587,1.598,1.601,1.587,11573.0,512530,sh,沪深300红利ETF建信
2026-01-14,1.597,1.586,1.597,1.585,20681.0,512530,sh,沪深300红利ETF建信
2026-01-15,1.594,1.573,1.594,1.57,19813.0,512530,sh,沪深300红利ETF建信
2026-01-16,1.573,1.556,1.579,1.552,27480.0,512530,sh,沪深300红利ETF建信
2026-01-19,1.56,1.555,1.56,1.55,20651.0,512530,sh,沪深300红利ETF建信
2026-01-20,1.55,1.574,1.574,1.55,17230.0,512530,sh,沪深300红利ETF建信
2026-01-21,1.574,1.559,1.577,1.556,17144.0,512530,sh,沪深300红利ETF建信
2026-01-22,1.559,1.56,1.57,1.559,30779.0,512530,sh,沪深300红利ETF建信
2026-01-23,1.568,1.549,1.568,1.546,17528.0,512530,sh,沪深300红利ETF建信
2026-01-26,1.549,1.565,1.572,1.549,21548.0,512530,sh,沪深300红利ETF建信
2026-01-27,1.565,1.554,1.573,1.553,22625.0,512530,sh,沪深300红利ETF建信
2026-01-28,1.555,1.562,1.574,1.547,34787.0,512530,sh,沪深300红利ETF建信
2026-01-29,1.566,1.578,1.581,1.552,20489.0,512530,sh,沪深300红利ETF建信
2026-01-30,1.574,1.58,1.59,1.569,25515.0,512530,sh,沪深300红利ETF建信
2026-02-02,1.573,1.548,1.573,1.543,22247.0,512530,sh,沪深300红利ETF建信
2026-02-03,1.551,1.545,1.551,1.535,13114.0,512530,sh,沪深300红利ETF建信
2026-02-04,1.544,1.584,1.586,1.542,24479.0,512530,sh,沪深300红利ETF建信
2026-02-05,1.581,1.587,1.592,1.575,20417.0,512530,sh,沪深300红利ETF建信
2026-02-06,1.584,1.585,1.589,1.571,24137.0,512530,sh,沪深300红利ETF建信
2026-02-09,1.59,1.591,1.593,1.576,26668.0,512530,sh,沪深300红利ETF建信
2026-02-10,1.581,1.599,1.601,1.581,38238.0,512530,sh,沪深300红利ETF建信
2026-02-11,1.599,1.609,1.611,1.591,30158.0,512530,sh,沪深300红利ETF建信
2026-02-12,1.603,1.602,1.612,1.599,40963.0,512530,sh,沪深300红利ETF建信
2026-02-13,1.601,1.584,1.601,1.582,23726.0,512530,sh,沪深300红利ETF建信
2026-02-24,1.586,1.601,1.604,1.586,21712.0,512530,sh,沪深300红利ETF建信
2026-02-25,1.598,1.595,1.614,1.593,22727.0,512530,sh,沪深300红利ETF建信
2026-02-26,1.597,1.594,1.606,1.589,25366.0,512530,sh,沪深300红利ETF建信
2026-02-27,1.59,1.602,1.605,1.59,24211.0,512530,sh,沪深300红利ETF建信
2026-03-02,1.601,1.632,1.632,1.601,64391.0,512530,sh,沪深300红利ETF建信
2026-03-03,1.628,1.661,1.676,1.623,59765.0,512530,sh,沪深300红利ETF建信
2026-03-04,1.661,1.638,1.661,1.604,39347.0,512530,sh,沪深300红利ETF建信
2026-03-05,1.622,1.637,1.67,1.621,34347.0,512530,sh,沪深300红利ETF建信
2026-03-06,1.632,1.641,1.641,1.621,29713.0,512530,sh,沪深300红利ETF建信
2026-03-09,1.641,1.64,1.661,1.637,36436.0,512530,sh,沪深300红利ETF建信
2026-03-10,1.633,1.624,1.633,1.606,23766.0,512530,sh,沪深300红利ETF建信
2026-03-11,1.624,1.646,1.648,1.617,41130.0,512530,sh,沪深300红利ETF建信
2026-03-12,1.646,1.668,1.673,1.646,46073.0,512530,sh,沪深300红利ETF建信
2026-03-13,1.668,1.664,1.676,1.66,40985.0,512530,sh,沪深300红利ETF建信
2026-03-16,1.661,1.657,1.677,1.655,26651.0,512530,sh,沪深300红利ETF建信
2026-03-17,1.657,1.658,1.669,1.649,45925.0,512530,sh,沪深300红利ETF建信
2026-03-18,1.655,1.649,1.656,1.636,40941.0,512530,sh,沪深300红利ETF建信
2026-03-19,1.633,1.649,1.66,1.633,41381.0,512530,sh,沪深300红利ETF建信
2026-03-20,1.633,1.641,1.655,1.633,43150.0,512530,sh,沪深300红利ETF建信
2026-03-23,1.638,1.608,1.654,1.6,78963.0,512530,sh,沪深300红利ETF建信
2026-03-24,1.606,1.625,1.626,1.606,43487.0,512530,sh,沪深300红利ETF建信
2026-03-25,1.619,1.624,1.628,1.605,40324.0,512530,sh,沪深300红利ETF建信
2026-03-26,1.618,1.631,1.638,1.615,39977.0,512530,sh,沪深300红利ETF建信
2026-03-27,1.631,1.627,1.633,1.619,38154.0,512530,sh,沪深300红利ETF建信
2026-03-30,1.626,1.634,1.637,1.625,40645.0,512530,sh,沪深300红利ETF建信
2026-03-31,1.64,1.627,1.649,1.627,32095.0,512530,sh,沪深300红利ETF建信
2026-04-01,1.627,1.627,1.641,1.625,14835.0,512530,sh,沪深300红利ETF建信
2026-04-02,1.631,1.638,1.639,1.629,23027.0,512530,sh,沪深300红利ETF建信
2026-04-03,1.64,1.616,1.649,1.614,39511.0,512530,sh,沪深300红利ETF建信
2026-04-07,1.608,1.614,1.627,1.608,30848.0,512530,sh,沪深300红利ETF建信
2026-04-08,1.614,1.619,1.619,1.602,23885.0,512530,sh,沪深300红利ETF建信
2026-04-09,1.618,1.61,1.62,1.61,24230.0,512530,sh,沪深300红利ETF建信
2026-04-10,1.614,1.61,1.614,1.608,23930.0,512530,sh,沪深300红利ETF建信
2026-04-13,1.614,1.612,1.614,1.602,31384.0,512530,sh,沪深300红利ETF建信
2026-04-14,1.612,1.614,1.615,1.606,27599.0,512530,sh,沪深300红利ETF建信
2026-04-15,1.615,1.619,1.62,1.608,19017.0,512530,sh,沪深300红利ETF建信
2026-04-16,1.621,1.616,1.622,1.612,16462.0,512530,sh,沪深300红利ETF建信
2026-04-17,1.616,1.606,1.616,1.603,30892.0,512530,sh,沪深300红利ETF建信
2026-04-20,1.616,1.609,1.616,1.604,28683.0,512530,sh,沪深300红利ETF建信
2026-04-21,1.612,1.622,1.627,1.612,37969.0,512530,sh,沪深300红利ETF建信
2026-04-22,1.622,1.62,1.626,1.617,35197.0,512530,sh,沪深300红利ETF建信
2026-04-23,1.62,1.628,1.631,1.616,32903.0,512530,sh,沪深300红利ETF建信
2026-04-24,1.625,1.63,1.635,1.622,39278.0,512530,sh,沪深300红利ETF建信
2026-04-27,1.63,1.621,1.634,1.618,24078.0,512530,sh,沪深300红利ETF建信
2026-04-28,1.62,1.631,1.632,1.614,63693.0,512530,sh,沪深300红利ETF建信
2026-04-29,1.631,1.643,1.647,1.631,37106.0,512530,sh,沪深300红利ETF建信
2026-04-30,1.64,1.63,1.64,1.626,40694.0,512530,sh,沪深300红利ETF建信
2026-05-06,1.63,1.621,1.63,1.606,42054.0,512530,sh,沪深300红利ETF建信
2026-05-07,1.619,1.599,1.619,1.597,50027.0,512530,sh,沪深300红利ETF建信
2026-05-08,1.596,1.594,1.604,1.59,42945.0,512530,sh,沪深300红利ETF建信
2026-05-11,1.592,1.595,1.602,1.589,56801.0,512530,sh,沪深300红利ETF建信
2026-05-12,1.6,1.593,1.603,1.59,56074.0,512530,sh,沪深300红利ETF建信
2026-05-13,1.593,1.588,1.597,1.584,44067.0,512530,sh,沪深300红利ETF建信
2026-05-14,1.588,1.59,1.594,1.586,18225.0,512530,sh,沪深300红利ETF建信
2026-05-15,1.581,1.582,1.591,1.579,13014.0,512530,sh,沪深300红利ETF建信
2026-05-18,1.588,1.575,1.588,1.571,25867.0,512530,sh,沪深300红利ETF建信
2026-05-19,1.583,1.581,1.587,1.572,21708.0,512530,sh,沪深300红利ETF建信
2026-05-20,1.584,1.578,1.585,1.576,52176.0,512530,sh,沪深300红利ETF建信
2026-05-21,1.573,1.559,1.583,1.558,60952.0,512530,sh,沪深300红利ETF建信
2026-05-22,1.568,1.555,1.568,1.546,54811.0,512530,sh,沪深300红利ETF建信
2026-05-25,1.558,1.554,1.573,1.553,50142.0,512530,sh,沪深300红利ETF建信
2026-05-26,1.55,1.558,1.565,1.55,88003.0,512530,sh,沪深300红利ETF建信
2026-05-27,1.557,1.553,1.557,1.543,56640.0,512530,sh,沪深300红利ETF建信
2026-05-28,1.553,1.545,1.556,1.542,43737.0,512530,sh,沪深300红利ETF建信
2026-05-29,1.548,1.568,1.569,1.538,25964.0,512530,sh,沪深300红利ETF建信
2026-06-01,1.568,1.589,1.593,1.558,79825.0,512530,sh,沪深300红利ETF建信
2026-06-02,1.593,1.596,1.615,1.581,51856.0,512530,sh,沪深300红利ETF建信
2026-06-03,1.59,1.6,1.601,1.579,72698.0,512530,sh,沪深300红利ETF建信
2026-06-04,1.6,1.591,1.6,1.586,64164.0,512530,sh,沪深300红利ETF建信
2026-06-05,1.585,1.591,1.607,1.585,56136.0,512530,sh,沪深300红利ETF建信
2026-06-08,1.585,1.603,1.606,1.584,75996.0,512530,sh,沪深300红利ETF建信
2026-06-09,1.602,1.596,1.602,1.581,80722.0,512530,sh,沪深300红利ETF建信
2026-06-10,1.594,1.594,1.601,1.586,65919.0,512530,sh,沪深300红利ETF建信
2026-06-11,1.608,1.59,1.608,1.588,40211.0,512530,sh,沪深300红利ETF建信
2026-06-12,1.586,1.603,1.605,1.579,54087.0,512530,sh,沪深300红利ETF建信
2026-06-15,1.603,1.585,1.603,1.578,35992.0,512530,sh,沪深300红利ETF建信
2026-06-16,1.585,1.55,1.585,1.55,96360.0,512530,sh,沪深300红利ETF建信
2026-06-17,1.551,1.542,1.554,1.537,37055.0,512530,sh,沪深300红利ETF建信
2026-06-18,1.542,1.514,1.548,1.509,60681.0,512530,sh,沪深300红利ETF建信
2026-06-22,1.514,1.525,1.532,1.496,58239.0,512530,sh,沪深300红利ETF建信
2026-06-23,1.526,1.519,1.544,1.516,63755.0,512530,sh,沪深300红利ETF建信
2026-06-24,1.519,1.49,1.519,1.489,58688.0,512530,sh,沪深300红利ETF建信
2026-06-25,1.49,1.475,1.498,1.473,34324.0,512530,sh,沪深300红利ETF建信
2026-06-26,1.474,1.462,1.488,1.459,36923.0,512530,sh,沪深300红利ETF建信
2026-06-29,1.462,1.476,1.476,1.436,34166.0,512530,sh,沪深300红利ETF建信
2026-06-30,1.475,1.44,1.475,1.435,41393.0,512530,sh,沪深300红利ETF建信
2026-07-01,1.438,1.453,1.46,1.432,52819.0,512530,sh,沪深300红利ETF建信
2026-07-02,1.453,1.467,1.476,1.453,51029.0,512530,sh,沪深300红利ETF建信
2026-07-03,1.478,1.48,1.488,1.466,64576.0,512530,sh,沪深300红利ETF建信
