date,open,close,high,low,volume,code,market,name
2020-01-02,1.52,1.533,1.537,1.51,1158807.0,510510,sh,中证500ETF广发
2020-01-03,1.533,1.537,1.544,1.531,282664.0,510510,sh,中证500ETF广发
2020-01-06,1.55,1.551,1.569,1.51,415826.0,510510,sh,中证500ETF广发
2020-01-07,1.554,1.573,1.573,1.554,363317.0,510510,sh,中证500ETF广发
2020-01-08,1.571,1.551,1.572,1.545,344623.0,510510,sh,中证500ETF广发
2020-01-09,1.559,1.573,1.573,1.559,539646.0,510510,sh,中证500ETF广发
2020-01-10,1.573,1.566,1.578,1.558,215898.0,510510,sh,中证500ETF广发
2020-01-13,1.566,1.592,1.592,1.555,346063.0,510510,sh,中证500ETF广发
2020-01-14,1.592,1.588,1.606,1.587,912190.0,510510,sh,中证500ETF广发
2020-01-15,1.588,1.58,1.588,1.57,424034.0,510510,sh,中证500ETF广发
2020-01-16,1.58,1.579,1.588,1.576,250247.0,510510,sh,中证500ETF广发
2020-01-17,1.579,1.578,1.59,1.574,1008962.0,510510,sh,中证500ETF广发
2020-01-20,1.577,1.6,1.601,1.573,304788.0,510510,sh,中证500ETF广发
2020-01-21,1.6,1.582,1.6,1.576,472924.0,510510,sh,中证500ETF广发
2020-01-22,1.578,1.596,1.605,1.555,572186.0,510510,sh,中证500ETF广发
2020-01-23,1.587,1.54,1.592,1.526,750765.0,510510,sh,中证500ETF广发
2020-02-03,1.416,1.406,1.465,1.39,301121.0,510510,sh,中证500ETF广发
2020-02-04,1.4,1.43,1.437,1.394,344423.0,510510,sh,中证500ETF广发
2020-02-05,1.404,1.462,1.48,1.404,328476.0,510510,sh,中证500ETF广发
2020-02-06,1.473,1.505,1.514,1.456,698593.0,510510,sh,中证500ETF广发
2020-02-07,1.5,1.522,1.53,1.415,548009.0,510510,sh,中证500ETF广发
2020-02-10,1.518,1.536,1.538,1.51,292210.0,510510,sh,中证500ETF广发
2020-02-11,1.543,1.53,1.543,1.519,395107.0,510510,sh,中证500ETF广发
2020-02-12,1.528,1.56,1.56,1.524,274538.0,510510,sh,中证500ETF广发
2020-02-13,1.56,1.547,1.564,1.542,288379.0,510510,sh,中证500ETF广发
2020-02-14,1.547,1.548,1.564,1.537,255245.0,510510,sh,中证500ETF广发
2020-02-17,1.549,1.597,1.598,1.549,267782.0,510510,sh,中证500ETF广发
2020-02-18,1.599,1.614,1.616,1.59,231792.0,510510,sh,中证500ETF广发
2020-02-19,1.614,1.601,1.622,1.6,563440.0,510510,sh,中证500ETF广发
2020-02-20,1.606,1.63,1.636,1.597,241529.0,510510,sh,中证500ETF广发
2020-02-21,1.627,1.658,1.669,1.627,998461.0,510510,sh,中证500ETF广发
2020-02-24,1.659,1.677,1.682,1.646,1524132.0,510510,sh,中证500ETF广发
2020-02-25,1.655,1.683,1.69,1.612,658876.0,510510,sh,中证500ETF广发
2020-02-26,1.662,1.642,1.68,1.636,575845.0,510510,sh,中证500ETF广发
2020-02-27,1.645,1.646,1.674,1.63,275658.0,510510,sh,中证500ETF广发
2020-02-28,1.63,1.557,1.63,1.556,464331.0,510510,sh,中证500ETF广发
2020-03-02,1.561,1.618,1.627,1.561,335411.0,510510,sh,中证500ETF广发
2020-03-03,1.635,1.631,1.67,1.618,1534818.0,510510,sh,中证500ETF广发
2020-03-04,1.626,1.634,1.635,1.599,645744.0,510510,sh,中证500ETF广发
2020-03-05,1.644,1.657,1.66,1.639,362426.0,510510,sh,中证500ETF广发
2020-03-06,1.644,1.649,1.659,1.64,139208.0,510510,sh,中证500ETF广发
2020-03-09,1.637,1.591,1.637,1.581,186023.0,510510,sh,中证500ETF广发
2020-03-10,1.58,1.619,1.622,1.555,460874.0,510510,sh,中证500ETF广发
2020-03-11,1.623,1.599,1.632,1.599,238367.0,510510,sh,中证500ETF广发
2020-03-12,1.59,1.572,1.59,1.557,475970.0,510510,sh,中证500ETF广发
2020-03-13,1.535,1.567,1.577,1.496,356150.0,510510,sh,中证500ETF广发
2020-03-16,1.567,1.494,1.568,1.482,353773.0,510510,sh,中证500ETF广发
2020-03-17,1.509,1.497,1.525,1.452,636743.0,510510,sh,中证500ETF广发
2020-03-18,1.512,1.47,1.529,1.467,141667.0,510510,sh,中证500ETF广发
2020-03-19,1.47,1.481,1.499,1.44,412009.0,510510,sh,中证500ETF广发
2020-03-20,1.486,1.498,1.498,1.47,184990.0,510510,sh,中证500ETF广发
2020-03-23,1.479,1.445,1.479,1.429,232641.0,510510,sh,中证500ETF广发
2020-03-24,1.45,1.46,1.468,1.426,150729.0,510510,sh,中证500ETF广发
2020-03-25,1.482,1.494,1.5,1.48,253577.0,510510,sh,中证500ETF广发
2020-03-26,1.484,1.483,1.501,1.475,207061.0,510510,sh,中证500ETF广发
2020-03-27,1.499,1.483,1.507,1.472,201333.0,510510,sh,中证500ETF广发
2020-03-30,1.469,1.446,1.469,1.428,254245.0,510510,sh,中证500ETF广发
2020-03-31,1.459,1.447,1.469,1.444,188263.0,510510,sh,中证500ETF广发
2020-04-01,1.447,1.441,1.465,1.437,127353.0,510510,sh,中证500ETF广发
2020-04-02,1.451,1.479,1.479,1.436,118639.0,510510,sh,中证500ETF广发
2020-04-03,1.48,1.466,1.48,1.457,290736.0,510510,sh,中证500ETF广发
2020-04-07,1.482,1.509,1.512,1.482,221087.0,510510,sh,中证500ETF广发
2020-04-08,1.509,1.51,1.519,1.495,183874.0,510510,sh,中证500ETF广发
2020-04-09,1.52,1.527,1.531,1.516,313988.0,510510,sh,中证500ETF广发
2020-04-10,1.527,1.5,1.527,1.491,341991.0,510510,sh,中证500ETF广发
2020-04-13,1.5,1.483,1.5,1.475,133456.0,510510,sh,中证500ETF广发
2020-04-14,1.484,1.515,1.518,1.484,293739.0,510510,sh,中证500ETF广发
2020-04-15,1.515,1.511,1.526,1.51,136395.0,510510,sh,中证500ETF广发
2020-04-16,1.504,1.523,1.529,1.504,147256.0,510510,sh,中证500ETF广发
2020-04-17,1.526,1.525,1.544,1.522,328278.0,510510,sh,中证500ETF广发
2020-04-20,1.524,1.541,1.542,1.522,171412.0,510510,sh,中证500ETF广发
2020-04-21,1.54,1.534,1.54,1.517,374832.0,510510,sh,中证500ETF广发
2020-04-22,1.529,1.546,1.546,1.512,82339.0,510510,sh,中证500ETF广发
2020-04-23,1.548,1.538,1.549,1.535,138147.0,510510,sh,中证500ETF广发
2020-04-24,1.538,1.515,1.538,1.508,218886.0,510510,sh,中证500ETF广发
2020-04-27,1.524,1.513,1.525,1.507,183963.0,510510,sh,中证500ETF广发
2020-04-28,1.529,1.504,1.529,1.466,72786.0,510510,sh,中证500ETF广发
2020-04-29,1.503,1.502,1.513,1.495,130086.0,510510,sh,中证500ETF广发
2020-04-30,1.505,1.539,1.542,1.505,207166.0,510510,sh,中证500ETF广发
2020-05-06,1.533,1.565,1.567,1.52,164384.0,510510,sh,中证500ETF广发
2020-05-07,1.566,1.56,1.57,1.558,159773.0,510510,sh,中证500ETF广发
2020-05-08,1.57,1.58,1.587,1.568,56668.0,510510,sh,中证500ETF广发
2020-05-11,1.58,1.574,1.594,1.568,184505.0,510510,sh,中证500ETF广发
2020-05-12,1.574,1.577,1.582,1.563,161089.0,510510,sh,中证500ETF广发
2020-05-13,1.582,1.588,1.592,1.574,211798.0,510510,sh,中证500ETF广发
2020-05-14,1.58,1.575,1.586,1.574,299980.0,510510,sh,中证500ETF广发
2020-05-15,1.574,1.579,1.59,1.574,240266.0,510510,sh,中证500ETF广发
2020-05-18,1.576,1.571,1.586,1.566,416607.0,510510,sh,中证500ETF广发
2020-05-19,1.576,1.591,1.592,1.573,739924.0,510510,sh,中证500ETF广发
2020-05-20,1.589,1.576,1.591,1.57,339256.0,510510,sh,中证500ETF广发
2020-05-21,1.577,1.558,1.581,1.556,189593.0,510510,sh,中证500ETF广发
2020-05-22,1.556,1.53,1.558,1.526,225796.0,510510,sh,中证500ETF广发
2020-05-25,1.53,1.526,1.546,1.521,184048.0,510510,sh,中证500ETF广发
2020-05-26,1.53,1.554,1.557,1.53,223592.0,510510,sh,中证500ETF广发
2020-05-27,1.554,1.546,1.556,1.541,240964.0,510510,sh,中证500ETF广发
2020-05-28,1.546,1.539,1.55,1.52,157667.0,510510,sh,中证500ETF广发
2020-05-29,1.538,1.551,1.556,1.53,124793.0,510510,sh,中证500ETF广发
2020-06-01,1.554,1.605,1.605,1.554,207085.0,510510,sh,中证500ETF广发
2020-06-02,1.607,1.6,1.616,1.594,213472.0,510510,sh,中证500ETF广发
2020-06-03,1.6,1.601,1.616,1.6,956153.0,510510,sh,中证500ETF广发
2020-06-04,1.604,1.602,1.61,1.595,480238.0,510510,sh,中证500ETF广发
2020-06-05,1.602,1.607,1.607,1.594,499568.0,510510,sh,中证500ETF广发
2020-06-08,1.611,1.602,1.621,1.601,260791.0,510510,sh,中证500ETF广发
2020-06-09,1.602,1.612,1.615,1.602,332421.0,510510,sh,中证500ETF广发
2020-06-10,1.612,1.616,1.616,1.606,600327.0,510510,sh,中证500ETF广发
2020-06-11,1.616,1.612,1.635,1.603,205593.0,510510,sh,中证500ETF广发
2020-06-12,1.595,1.611,1.62,1.59,75629.0,510510,sh,中证500ETF广发
2020-06-15,1.606,1.61,1.632,1.606,306879.0,510510,sh,中证500ETF广发
2020-06-16,1.616,1.642,1.644,1.616,486569.0,510510,sh,中证500ETF广发
2020-06-17,1.642,1.649,1.65,1.635,212864.0,510510,sh,中证500ETF广发
2020-06-18,1.649,1.65,1.652,1.642,325217.0,510510,sh,中证500ETF广发
2020-06-19,1.65,1.664,1.67,1.649,552352.0,510510,sh,中证500ETF广发
2020-06-22,1.666,1.667,1.677,1.662,371021.0,510510,sh,中证500ETF广发
2020-06-23,1.668,1.673,1.675,1.657,207980.0,510510,sh,中证500ETF广发
2020-06-24,1.674,1.676,1.68,1.667,116490.0,510510,sh,中证500ETF广发
2020-06-29,1.675,1.663,1.675,1.656,106053.0,510510,sh,中证500ETF广发
2020-06-30,1.665,1.7,1.7,1.665,254917.0,510510,sh,中证500ETF广发
2020-07-01,1.714,1.7,1.715,1.68,254267.0,510510,sh,中证500ETF广发
2020-07-02,1.7,1.726,1.729,1.693,325755.0,510510,sh,中证500ETF广发
2020-07-03,1.729,1.747,1.748,1.723,97899.0,510510,sh,中证500ETF广发
2020-07-06,1.752,1.818,1.831,1.752,419313.0,510510,sh,中证500ETF广发
2020-07-07,1.837,1.845,1.875,1.824,490256.0,510510,sh,中证500ETF广发
2020-07-08,1.843,1.883,1.888,1.815,390159.0,510510,sh,中证500ETF广发
2020-07-09,1.883,1.932,1.94,1.882,344843.0,510510,sh,中证500ETF广发
2020-07-10,1.933,1.931,1.952,1.92,462306.0,510510,sh,中证500ETF广发
2020-07-13,1.928,1.991,1.992,1.928,363286.0,510510,sh,中证500ETF广发
2020-07-14,1.991,1.966,1.991,1.925,716361.0,510510,sh,中证500ETF广发
2020-07-15,1.966,1.919,1.976,1.903,404126.0,510510,sh,中证500ETF广发
2020-07-16,1.919,1.827,1.943,1.82,363154.0,510510,sh,中证500ETF广发
2020-07-17,1.822,1.837,1.866,1.818,268504.0,510510,sh,中证500ETF广发
2020-07-20,1.84,1.886,1.887,1.835,611624.0,510510,sh,中证500ETF广发
2020-07-21,1.888,1.899,1.908,1.881,231417.0,510510,sh,中证500ETF广发
2020-07-22,1.899,1.915,1.942,1.887,362529.0,510510,sh,中证500ETF广发
2020-07-23,1.907,1.915,1.92,1.864,425724.0,510510,sh,中证500ETF广发
2020-07-24,1.913,1.819,1.913,1.813,215053.0,510510,sh,中证500ETF广发
2020-07-27,1.82,1.823,2.001,1.806,404672.0,510510,sh,中证500ETF广发
2020-07-28,1.834,1.841,1.849,1.826,653494.0,510510,sh,中证500ETF广发
2020-07-29,1.841,1.893,1.894,1.825,316984.0,510510,sh,中证500ETF广发
2020-07-30,1.894,1.889,1.904,1.882,407896.0,510510,sh,中证500ETF广发
2020-07-31,1.883,1.907,1.922,1.871,445139.0,510510,sh,中证500ETF广发
2020-08-03,1.92,1.951,1.952,1.917,376208.0,510510,sh,中证500ETF广发
2020-08-04,1.953,1.942,1.96,1.933,326148.0,510510,sh,中证500ETF广发
2020-08-05,1.942,1.96,1.968,1.928,498887.0,510510,sh,中证500ETF广发
2020-08-06,1.96,1.961,1.967,1.926,917364.0,510510,sh,中证500ETF广发
2020-08-07,1.958,1.94,1.958,1.907,302150.0,510510,sh,中证500ETF广发
2020-08-10,1.94,1.949,1.965,1.927,276312.0,510510,sh,中证500ETF广发
2020-08-11,1.951,1.916,1.959,1.911,344162.0,510510,sh,中证500ETF广发
2020-08-12,1.918,1.89,1.918,1.856,375152.0,510510,sh,中证500ETF广发
2020-08-13,1.891,1.901,1.911,1.891,273538.0,510510,sh,中证500ETF广发
2020-08-14,1.907,1.927,1.929,1.888,283833.0,510510,sh,中证500ETF广发
2020-08-17,1.933,1.955,1.961,1.919,282502.0,510510,sh,中证500ETF广发
2020-08-18,1.954,1.965,1.975,1.953,205184.0,510510,sh,中证500ETF广发
2020-08-19,1.965,1.932,1.965,1.932,322473.0,510510,sh,中证500ETF广发
2020-08-20,1.925,1.919,1.936,1.91,283143.0,510510,sh,中证500ETF广发
2020-08-21,1.919,1.926,1.942,1.912,141181.0,510510,sh,中证500ETF广发
2020-08-24,1.93,1.94,1.944,1.912,372811.0,510510,sh,中证500ETF广发
2020-08-25,1.94,1.93,1.955,1.926,210420.0,510510,sh,中证500ETF广发
2020-08-26,1.931,1.897,1.933,1.886,199121.0,510510,sh,中证500ETF广发
2020-08-27,1.897,1.91,1.911,1.885,199244.0,510510,sh,中证500ETF广发
2020-08-28,1.909,1.946,1.949,1.902,619245.0,510510,sh,中证500ETF广发
2020-08-31,1.949,1.938,1.964,1.938,561098.0,510510,sh,中证500ETF广发
2020-09-01,1.939,1.95,1.952,1.93,327447.0,510510,sh,中证500ETF广发
2020-09-02,1.951,1.949,1.955,1.928,359871.0,510510,sh,中证500ETF广发
2020-09-03,1.944,1.936,1.955,1.928,246261.0,510510,sh,中证500ETF广发
2020-09-04,1.916,1.924,1.927,1.901,379637.0,510510,sh,中证500ETF广发
2020-09-07,1.917,1.885,1.938,1.878,401228.0,510510,sh,中证500ETF广发
2020-09-08,1.885,1.898,1.904,1.872,377015.0,510510,sh,中证500ETF广发
2020-09-09,1.882,1.848,1.884,1.838,456088.0,510510,sh,中证500ETF广发
2020-09-10,1.858,1.819,1.871,1.81,336887.0,510510,sh,中证500ETF广发
2020-09-11,1.824,1.834,1.838,1.812,293549.0,510510,sh,中证500ETF广发
2020-09-14,1.842,1.851,1.855,1.831,278277.0,510510,sh,中证500ETF广发
2020-09-15,1.851,1.855,1.858,1.841,301132.0,510510,sh,中证500ETF广发
2020-09-16,1.855,1.849,1.857,1.84,238748.0,510510,sh,中证500ETF广发
2020-09-17,1.849,1.854,1.869,1.831,309558.0,510510,sh,中证500ETF广发
2020-09-18,1.848,1.889,1.889,1.848,352201.0,510510,sh,中证500ETF广发
2020-09-21,1.889,1.877,1.898,1.873,222058.0,510510,sh,中证500ETF广发
2020-09-22,1.869,1.85,1.883,1.845,416953.0,510510,sh,中证500ETF广发
2020-09-23,1.852,1.859,1.867,1.851,166455.0,510510,sh,中证500ETF广发
2020-09-24,1.853,1.82,1.853,1.817,188872.0,510510,sh,中证500ETF广发
2020-09-25,1.82,1.821,1.834,1.811,265213.0,510510,sh,中证500ETF广发
2020-09-28,1.821,1.801,1.83,1.797,275257.0,510510,sh,中证500ETF广发
2020-09-29,1.81,1.816,1.832,1.802,578604.0,510510,sh,中证500ETF广发
2020-09-30,1.824,1.804,1.825,1.79,506674.0,510510,sh,中证500ETF广发
2020-10-09,1.825,1.85,1.858,1.825,167599.0,510510,sh,中证500ETF广发
2020-10-12,1.857,1.904,1.905,1.857,280480.0,510510,sh,中证500ETF广发
2020-10-13,1.914,1.909,1.914,1.89,544617.0,510510,sh,中证500ETF广发
2020-10-14,1.902,1.898,1.907,1.893,142148.0,510510,sh,中证500ETF广发
2020-10-15,1.903,1.884,1.903,1.883,91937.0,510510,sh,中证500ETF广发
2020-10-16,1.882,1.874,1.891,1.86,223092.0,510510,sh,中证500ETF广发
2020-10-19,1.878,1.854,1.893,1.847,249868.0,510510,sh,中证500ETF广发
2020-10-20,1.85,1.871,1.874,1.845,354702.0,510510,sh,中证500ETF广发
2020-10-21,1.867,1.852,1.875,1.841,239219.0,510510,sh,中证500ETF广发
2020-10-22,1.85,1.842,1.856,1.824,341549.0,510510,sh,中证500ETF广发
2020-10-23,1.84,1.813,1.859,1.808,483053.0,510510,sh,中证500ETF广发
2020-10-26,1.813,1.813,1.82,1.785,327177.0,510510,sh,中证500ETF广发
2020-10-27,1.801,1.812,1.817,1.799,226714.0,510510,sh,中证500ETF广发
2020-10-28,1.813,1.824,1.824,1.796,457152.0,510510,sh,中证500ETF广发
2020-10-29,1.813,1.823,1.834,1.8,273823.0,510510,sh,中证500ETF广发
2020-10-30,1.825,1.785,1.831,1.782,428491.0,510510,sh,中证500ETF广发
2020-11-02,1.787,1.791,1.802,1.782,382665.0,510510,sh,中证500ETF广发
2020-11-03,1.794,1.818,1.823,1.794,367967.0,510510,sh,中证500ETF广发
2020-11-04,1.819,1.816,1.825,1.801,411063.0,510510,sh,中证500ETF广发
2020-11-05,1.827,1.854,1.858,1.827,356094.0,510510,sh,中证500ETF广发
2020-11-06,1.859,1.841,1.859,1.821,277429.0,510510,sh,中证500ETF广发
2020-11-09,1.843,1.87,1.881,1.843,637475.0,510510,sh,中证500ETF广发
2020-11-10,1.872,1.857,1.874,1.846,449589.0,510510,sh,中证500ETF广发
2020-11-11,1.857,1.836,1.86,1.834,150652.0,510510,sh,中证500ETF广发
2020-11-12,1.836,1.837,1.848,1.83,279643.0,510510,sh,中证500ETF广发
2020-11-13,1.84,1.841,1.843,1.82,489360.0,510510,sh,中证500ETF广发
2020-11-16,1.84,1.863,1.863,1.837,197404.0,510510,sh,中证500ETF广发
2020-11-17,1.863,1.85,1.863,1.841,294721.0,510510,sh,中证500ETF广发
2020-11-18,1.85,1.848,1.865,1.841,390276.0,510510,sh,中证500ETF广发
2020-11-19,1.845,1.859,1.861,1.835,123461.0,510510,sh,中证500ETF广发
2020-11-20,1.857,1.871,1.879,1.856,166067.0,510510,sh,中证500ETF广发
2020-11-23,1.871,1.888,1.903,1.867,222388.0,510510,sh,中证500ETF广发
2020-11-24,1.889,1.887,1.896,1.882,130395.0,510510,sh,中证500ETF广发
2020-11-25,1.887,1.856,1.893,1.853,132770.0,510510,sh,中证500ETF广发
2020-11-26,1.856,1.85,1.86,1.837,370600.0,510510,sh,中证500ETF广发
2020-11-27,1.85,1.859,1.859,1.832,195813.0,510510,sh,中证500ETF广发
2020-11-30,1.857,1.847,1.871,1.839,294396.0,510510,sh,中证500ETF广发
2020-12-01,1.836,1.876,1.884,1.836,518965.0,510510,sh,中证500ETF广发
2020-12-02,1.878,1.876,1.88,1.863,384143.0,510510,sh,中证500ETF广发
2020-12-03,1.88,1.882,1.887,1.864,685050.0,510510,sh,中证500ETF广发
2020-12-04,1.882,1.89,1.891,1.868,348321.0,510510,sh,中证500ETF广发
2020-12-07,1.889,1.875,1.891,1.871,484906.0,510510,sh,中证500ETF广发
2020-12-08,1.875,1.873,1.884,1.872,411413.0,510510,sh,中证500ETF广发
2020-12-09,1.874,1.845,1.878,1.845,424557.0,510510,sh,中证500ETF广发
2020-12-10,1.842,1.85,1.855,1.833,217862.0,510510,sh,中证500ETF广发
2020-12-11,1.85,1.812,1.854,1.8,367556.0,510510,sh,中证500ETF广发
2020-12-14,1.812,1.829,1.829,1.804,220345.0,510510,sh,中证500ETF广发
2020-12-15,1.83,1.831,1.838,1.819,393306.0,510510,sh,中证500ETF广发
2020-12-16,1.832,1.824,1.834,1.817,471480.0,510510,sh,中证500ETF广发
2020-12-17,1.824,1.844,1.847,1.807,1067574.0,510510,sh,中证500ETF广发
2020-12-18,1.844,1.84,1.848,1.829,601649.0,510510,sh,中证500ETF广发
2020-12-21,1.84,1.872,1.876,1.837,716437.0,510510,sh,中证500ETF广发
2020-12-22,1.872,1.831,1.872,1.826,586425.0,510510,sh,中证500ETF广发
2020-12-23,1.838,1.839,1.852,1.82,507821.0,510510,sh,中证500ETF广发
2020-12-24,1.839,1.818,1.841,1.813,280625.0,510510,sh,中证500ETF广发
2020-12-25,1.818,1.835,1.839,1.81,171587.0,510510,sh,中证500ETF广发
2020-12-28,1.84,1.824,1.84,1.817,248457.0,510510,sh,中证500ETF广发
2020-12-29,1.824,1.816,1.839,1.814,169378.0,510510,sh,中证500ETF广发
2020-12-30,1.817,1.835,1.841,1.811,495125.0,510510,sh,中证500ETF广发
2020-12-31,1.836,1.859,1.863,1.836,542665.0,510510,sh,中证500ETF广发
2021-01-04,1.865,1.892,1.901,1.857,895285.0,510510,sh,中证500ETF广发
2021-01-05,1.888,1.9,1.91,1.883,341901.0,510510,sh,中证500ETF广发
2021-01-06,1.907,1.909,1.921,1.888,239748.0,510510,sh,中证500ETF广发
2021-01-07,1.909,1.909,1.916,1.889,222111.0,510510,sh,中证500ETF广发
2021-01-08,1.91,1.915,1.927,1.894,285023.0,510510,sh,中证500ETF广发
2021-01-11,1.912,1.886,1.917,1.873,254733.0,510510,sh,中证500ETF广发
2021-01-12,1.885,1.907,1.91,1.881,273825.0,510510,sh,中证500ETF广发
2021-01-13,1.907,1.898,1.912,1.882,1188640.0,510510,sh,中证500ETF广发
2021-01-14,1.898,1.882,1.903,1.871,394496.0,510510,sh,中证500ETF广发
2021-01-15,1.882,1.872,1.886,1.854,236728.0,510510,sh,中证500ETF广发
2021-01-18,1.872,1.902,1.905,1.869,415257.0,510510,sh,中证500ETF广发
2021-01-19,1.902,1.891,1.907,1.886,344759.0,510510,sh,中证500ETF广发
2021-01-20,1.892,1.905,1.912,1.886,226758.0,510510,sh,中证500ETF广发
2021-01-21,1.908,1.937,1.945,1.908,197355.0,510510,sh,中证500ETF广发
2021-01-22,1.937,1.943,1.943,1.921,102635.0,510510,sh,中证500ETF广发
2021-01-25,1.945,1.943,1.958,1.925,98875.0,510510,sh,中证500ETF广发
2021-01-26,1.94,1.91,1.94,1.904,187987.0,510510,sh,中证500ETF广发
2021-01-27,1.909,1.914,1.917,1.897,167885.0,510510,sh,中证500ETF广发
2021-01-28,1.885,1.882,1.914,1.874,203104.0,510510,sh,中证500ETF广发
2021-01-29,1.882,1.857,1.89,1.83,370655.0,510510,sh,中证500ETF广发
2021-02-01,1.858,1.868,1.872,1.854,172290.0,510510,sh,中证500ETF广发
2021-02-02,1.868,1.886,1.886,1.859,138180.0,510510,sh,中证500ETF广发
2021-02-03,1.884,1.875,1.895,1.873,381668.0,510510,sh,中证500ETF广发
2021-02-04,1.873,1.851,1.873,1.83,286069.0,510510,sh,中证500ETF广发
2021-02-05,1.853,1.829,1.864,1.825,302710.0,510510,sh,中证500ETF广发
2021-02-08,1.831,1.849,1.857,1.822,308860.0,510510,sh,中证500ETF广发
2021-02-09,1.857,1.885,1.89,1.848,136058.0,510510,sh,中证500ETF广发
2021-02-10,1.886,1.909,1.915,1.875,417029.0,510510,sh,中证500ETF广发
2021-02-18,1.94,1.931,1.952,1.913,170088.0,510510,sh,中证500ETF广发
2021-02-19,1.931,1.958,1.96,1.913,284719.0,510510,sh,中证500ETF广发
2021-02-22,1.968,1.949,1.993,1.948,197084.0,510510,sh,中证500ETF广发
2021-02-23,1.949,1.945,1.96,1.93,156383.0,510510,sh,中证500ETF广发
2021-02-24,1.945,1.916,1.948,1.899,369271.0,510510,sh,中证500ETF广发
2021-02-25,1.921,1.904,1.932,1.894,595848.0,510510,sh,中证500ETF广发
2021-02-26,1.892,1.865,1.892,1.856,389339.0,510510,sh,中证500ETF广发
2021-03-01,1.877,1.899,1.9,1.872,176640.0,510510,sh,中证500ETF广发
2021-03-02,1.899,1.886,1.91,1.871,224233.0,510510,sh,中证500ETF广发
2021-03-03,1.886,1.905,1.909,1.882,143047.0,510510,sh,中证500ETF广发
2021-03-04,1.903,1.881,1.903,1.871,266250.0,510510,sh,中证500ETF广发
2021-03-05,1.86,1.882,1.892,1.857,226017.0,510510,sh,中证500ETF广发
2021-03-08,1.894,1.838,1.905,1.834,245364.0,510510,sh,中证500ETF广发
2021-03-09,1.835,1.796,1.835,1.775,361827.0,510510,sh,中证500ETF广发
2021-03-10,1.803,1.778,1.815,1.777,179907.0,510510,sh,中证500ETF广发
2021-03-11,1.784,1.826,1.827,1.772,297491.0,510510,sh,中证500ETF广发
2021-03-12,1.828,1.826,1.828,1.8,104057.0,510510,sh,中证500ETF广发
2021-03-15,1.824,1.815,1.827,1.794,174063.0,510510,sh,中证500ETF广发
2021-03-16,1.815,1.817,1.828,1.8,145567.0,510510,sh,中证500ETF广发
2021-03-17,1.817,1.825,1.829,1.796,113669.0,510510,sh,中证500ETF广发
2021-03-18,1.825,1.84,1.85,1.825,175261.0,510510,sh,中证500ETF广发
2021-03-19,1.817,1.825,1.836,1.81,212600.0,510510,sh,中证500ETF广发
2021-03-22,1.83,1.847,1.852,1.822,198688.0,510510,sh,中证500ETF广发
2021-03-23,1.849,1.83,1.854,1.818,240020.0,510510,sh,中证500ETF广发
2021-03-24,1.827,1.807,1.832,1.801,432585.0,510510,sh,中证500ETF广发
2021-03-25,1.805,1.811,1.85,1.794,461358.0,510510,sh,中证500ETF广发
2021-03-26,1.817,1.837,1.843,1.816,398947.0,510510,sh,中证500ETF广发
2021-03-29,1.837,1.838,1.842,1.823,129101.0,510510,sh,中证500ETF广发
2021-03-30,1.838,1.846,1.849,1.825,267023.0,510510,sh,中证500ETF广发
2021-03-31,1.846,1.84,1.849,1.822,178215.0,510510,sh,中证500ETF广发
2021-04-01,1.839,1.852,1.859,1.835,88222.0,510510,sh,中证500ETF广发
2021-04-02,1.86,1.859,1.862,1.847,60069.0,510510,sh,中证500ETF广发
2021-04-06,1.857,1.861,1.872,1.855,99246.0,510510,sh,中证500ETF广发
2021-04-07,1.861,1.862,1.869,1.844,148992.0,510510,sh,中证500ETF广发
2021-04-08,1.86,1.87,1.874,1.851,757174.0,510510,sh,中证500ETF广发
2021-04-09,1.88,1.862,1.88,1.851,732170.0,510510,sh,中证500ETF广发
2021-04-12,1.86,1.834,1.864,1.826,261460.0,510510,sh,中证500ETF广发
2021-04-13,1.829,1.826,1.84,1.821,102701.0,510510,sh,中证500ETF广发
2021-04-14,1.827,1.841,1.846,1.827,459974.0,510510,sh,中证500ETF广发
2021-04-15,1.841,1.843,1.847,1.824,86956.0,510510,sh,中证500ETF广发
2021-04-16,1.843,1.865,1.866,1.843,246275.0,510510,sh,中证500ETF广发
2021-04-19,1.86,1.886,1.89,1.857,116148.0,510510,sh,中证500ETF广发
2021-04-20,1.886,1.889,1.898,1.883,198262.0,510510,sh,中证500ETF广发
2021-04-21,1.889,1.887,1.893,1.871,59512.0,510510,sh,中证500ETF广发
2021-04-22,1.887,1.893,1.901,1.887,78687.0,510510,sh,中证500ETF广发
2021-04-23,1.89,1.901,1.901,1.883,150315.0,510510,sh,中证500ETF广发
2021-04-26,1.907,1.896,1.925,1.891,83509.0,510510,sh,中证500ETF广发
2021-04-27,1.895,1.894,1.903,1.883,200650.0,510510,sh,中证500ETF广发
2021-04-28,1.892,1.908,1.91,1.882,185844.0,510510,sh,中证500ETF广发
2021-04-29,1.908,1.91,1.911,1.898,49897.0,510510,sh,中证500ETF广发
2021-04-30,1.911,1.912,1.914,1.89,116981.0,510510,sh,中证500ETF广发
2021-05-06,1.912,1.905,1.926,1.895,54535.0,510510,sh,中证500ETF广发
2021-05-07,1.908,1.897,1.92,1.892,98729.0,510510,sh,中证500ETF广发
2021-05-10,1.897,1.903,1.912,1.893,81575.0,510510,sh,中证500ETF广发
2021-05-11,1.897,1.898,1.903,1.868,61420.0,510510,sh,中证500ETF广发
2021-05-12,1.894,1.919,1.92,1.887,98310.0,510510,sh,中证500ETF广发
2021-05-13,1.915,1.898,1.915,1.89,93158.0,510510,sh,中证500ETF广发
2021-05-14,1.897,1.925,1.926,1.893,82032.0,510510,sh,中证500ETF广发
2021-05-17,1.926,1.939,1.947,1.925,364969.0,510510,sh,中证500ETF广发
2021-05-18,1.95,1.945,1.954,1.934,266931.0,510510,sh,中证500ETF广发
2021-05-19,1.945,1.939,1.945,1.926,109577.0,510510,sh,中证500ETF广发
2021-05-20,1.939,1.934,1.941,1.917,141473.0,510510,sh,中证500ETF广发
2021-05-21,1.934,1.927,1.94,1.919,142596.0,510510,sh,中证500ETF广发
2021-05-24,1.925,1.934,1.936,1.913,138979.0,510510,sh,中证500ETF广发
2021-05-25,1.93,1.951,1.957,1.923,80703.0,510510,sh,中证500ETF广发
2021-05-26,1.951,1.951,1.955,1.946,53844.0,510510,sh,中证500ETF广发
2021-05-27,1.952,1.968,1.97,1.947,121255.0,510510,sh,中证500ETF广发
2021-05-28,1.971,1.966,1.979,1.956,987683.0,510510,sh,中证500ETF广发
2021-05-31,1.966,1.98,1.985,1.964,188642.0,510510,sh,中证500ETF广发
2021-06-01,1.982,1.983,1.991,1.959,204597.0,510510,sh,中证500ETF广发
2021-06-02,1.985,1.973,1.989,1.966,134154.0,510510,sh,中证500ETF广发
2021-06-03,1.973,1.967,1.991,1.965,76848.0,510510,sh,中证500ETF广发
2021-06-04,1.965,1.981,1.989,1.958,90511.0,510510,sh,中证500ETF广发
2021-06-07,1.983,1.983,1.99,1.975,101577.0,510510,sh,中证500ETF广发
2021-06-08,1.982,1.975,1.995,1.965,172841.0,510510,sh,中证500ETF广发
2021-06-09,1.975,1.972,1.98,1.965,54258.0,510510,sh,中证500ETF广发
2021-06-10,1.973,2.0,2.001,1.973,70684.0,510510,sh,中证500ETF广发
2021-06-11,2.0,1.99,2.004,1.983,105614.0,510510,sh,中证500ETF广发
2021-06-15,1.991,1.97,1.997,1.965,49712.0,510510,sh,中证500ETF广发
2021-06-16,1.97,1.946,1.97,1.938,181929.0,510510,sh,中证500ETF广发
2021-06-17,1.934,1.962,1.963,1.934,117072.0,510510,sh,中证500ETF广发
2021-06-18,1.962,1.973,1.975,1.955,152736.0,510510,sh,中证500ETF广发
2021-06-21,1.975,1.984,1.992,1.965,58436.0,510510,sh,中证500ETF广发
2021-06-22,1.986,1.996,1.997,1.981,122138.0,510510,sh,中证500ETF广发
2021-06-23,1.996,2.014,2.018,1.991,73184.0,510510,sh,中证500ETF广发
2021-06-24,2.013,2.007,2.013,1.999,126223.0,510510,sh,中证500ETF广发
2021-06-25,2.003,2.024,2.028,2.0,146714.0,510510,sh,中证500ETF广发
2021-06-28,2.03,2.024,2.031,2.017,104169.0,510510,sh,中证500ETF广发
2021-06-29,2.025,2.008,2.026,1.999,113248.0,510510,sh,中证500ETF广发
2021-06-30,2.008,2.015,2.021,2.003,70876.0,510510,sh,中证500ETF广发
2021-07-01,2.017,1.994,2.022,1.991,103564.0,510510,sh,中证500ETF广发
2021-07-02,1.994,1.976,1.995,1.975,250561.0,510510,sh,中证500ETF广发
2021-07-05,1.976,1.988,1.994,1.974,59142.0,510510,sh,中证500ETF广发
2021-07-06,1.898,1.989,2.0,1.898,204688.0,510510,sh,中证500ETF广发
2021-07-07,1.986,2.006,2.007,1.975,72557.0,510510,sh,中证500ETF广发
2021-07-08,2.011,2.006,2.018,2.0,100526.0,510510,sh,中证500ETF广发
2021-07-09,2.003,2.018,2.022,1.986,71354.0,510510,sh,中证500ETF广发
2021-07-12,2.03,2.049,2.057,2.025,71758.0,510510,sh,中证500ETF广发
2021-07-13,2.053,2.068,2.073,2.049,57992.0,510510,sh,中证500ETF广发
2021-07-14,2.07,2.054,2.072,2.05,83055.0,510510,sh,中证500ETF广发
2021-07-15,2.052,2.059,2.061,2.034,83104.0,510510,sh,中证500ETF广发
2021-07-16,2.059,2.063,2.079,2.05,153412.0,510510,sh,中证500ETF广发
2021-07-19,2.066,2.052,2.066,2.043,109902.0,510510,sh,中证500ETF广发
2021-07-20,2.045,2.052,2.055,2.037,107492.0,510510,sh,中证500ETF广发
2021-07-21,2.054,2.078,2.081,2.054,205202.0,510510,sh,中证500ETF广发
2021-07-22,2.078,2.09,2.091,2.073,112403.0,510510,sh,中证500ETF广发
2021-07-23,2.095,2.085,2.101,2.077,95770.0,510510,sh,中证500ETF广发
2021-07-26,2.085,2.046,2.085,2.022,318232.0,510510,sh,中证500ETF广发
2021-07-27,2.046,2.011,2.061,2.007,274463.0,510510,sh,中证500ETF广发
2021-07-28,2.003,1.978,2.004,1.954,485856.0,510510,sh,中证500ETF广发
2021-07-29,1.981,2.011,2.018,1.981,315121.0,510510,sh,中证500ETF广发
2021-07-30,2.015,2.015,2.015,1.994,190939.0,510510,sh,中证500ETF广发
2021-08-02,2.017,2.043,2.047,2.006,303627.0,510510,sh,中证500ETF广发
2021-08-03,2.045,2.031,2.051,2.029,188227.0,510510,sh,中证500ETF广发
2021-08-04,2.036,2.059,2.061,2.034,152724.0,510510,sh,中证500ETF广发
2021-08-05,2.059,2.066,2.072,2.049,99017.0,510510,sh,中证500ETF广发
2021-08-06,2.065,2.073,2.074,2.054,106351.0,510510,sh,中证500ETF广发
2021-08-09,2.073,2.079,2.08,2.054,81169.0,510510,sh,中证500ETF广发
2021-08-10,2.08,2.085,2.097,2.069,157579.0,510510,sh,中证500ETF广发
2021-08-11,2.088,2.106,2.11,2.088,161980.0,510510,sh,中证500ETF广发
2021-08-12,2.11,2.119,2.122,2.092,72486.0,510510,sh,中证500ETF广发
2021-08-13,2.117,2.115,2.125,2.101,148955.0,510510,sh,中证500ETF广发
2021-08-16,2.116,2.103,2.119,2.098,72332.0,510510,sh,中证500ETF广发
2021-08-17,2.103,2.055,2.105,2.05,112200.0,510510,sh,中证500ETF广发
2021-08-18,2.056,2.065,2.07,2.048,191744.0,510510,sh,中证500ETF广发
2021-08-19,2.062,2.07,2.077,2.044,131535.0,510510,sh,中证500ETF广发
2021-08-20,2.074,2.065,2.074,2.039,64715.0,510510,sh,中证500ETF广发
2021-08-23,2.063,2.089,2.094,2.063,58240.0,510510,sh,中证500ETF广发
2021-08-24,2.09,2.108,2.112,2.087,87472.0,510510,sh,中证500ETF广发
2021-08-25,2.11,2.125,2.13,2.1,101968.0,510510,sh,中证500ETF广发
2021-08-26,2.125,2.119,2.135,2.116,50999.0,510510,sh,中证500ETF广发
2021-08-27,2.12,2.133,2.137,2.111,87507.0,510510,sh,中证500ETF广发
2021-08-30,2.135,2.146,2.159,2.135,113565.0,510510,sh,中证500ETF广发
2021-08-31,2.142,2.158,2.159,2.134,69278.0,510510,sh,中证500ETF广发
2021-09-01,2.159,2.14,2.165,2.115,111872.0,510510,sh,中证500ETF广发
2021-09-02,2.139,2.177,2.178,2.135,121520.0,510510,sh,中证500ETF广发
2021-09-03,2.188,2.168,2.2,2.15,130095.0,510510,sh,中证500ETF广发
2021-09-06,2.172,2.191,2.191,2.155,101912.0,510510,sh,中证500ETF广发
2021-09-07,2.19,2.233,2.235,2.183,134521.0,510510,sh,中证500ETF广发
2021-09-08,2.238,2.244,2.246,2.229,172337.0,510510,sh,中证500ETF广发
2021-09-09,2.244,2.27,2.272,2.241,158012.0,510510,sh,中证500ETF广发
2021-09-10,2.268,2.263,2.28,2.25,96300.0,510510,sh,中证500ETF广发
2021-09-13,2.263,2.275,2.28,2.25,121521.0,510510,sh,中证500ETF广发
2021-09-14,2.277,2.25,2.289,2.245,140614.0,510510,sh,中证500ETF广发
2021-09-15,2.248,2.256,2.27,2.237,134501.0,510510,sh,中证500ETF广发
2021-09-16,2.254,2.216,2.277,2.213,111438.0,510510,sh,中证500ETF广发
2021-09-17,2.216,2.204,2.225,2.164,177878.0,510510,sh,中证500ETF广发
2021-09-22,2.189,2.22,2.221,2.17,144264.0,510510,sh,中证500ETF广发
2021-09-23,2.22,2.234,2.245,2.22,110110.0,510510,sh,中证500ETF广发
2021-09-24,2.234,2.2,2.252,2.198,454821.0,510510,sh,中证500ETF广发
2021-09-27,2.198,2.138,2.206,2.126,793115.0,510510,sh,中证500ETF广发
2021-09-28,2.137,2.145,2.151,2.133,214948.0,510510,sh,中证500ETF广发
2021-09-29,2.136,2.093,2.136,2.086,510849.0,510510,sh,中证500ETF广发
2021-09-30,2.093,2.113,2.117,2.09,369804.0,510510,sh,中证500ETF广发
2021-10-08,2.122,2.112,2.143,2.101,222033.0,510510,sh,中证500ETF广发
2021-10-11,2.11,2.11,2.122,2.099,263431.0,510510,sh,中证500ETF广发
2021-10-12,2.109,2.069,2.109,2.056,215308.0,510510,sh,中证500ETF广发
2021-10-13,2.069,2.08,2.084,2.054,173602.0,510510,sh,中证500ETF广发
2021-10-14,2.078,2.089,2.096,2.069,280227.0,510510,sh,中证500ETF广发
2021-10-15,2.09,2.097,2.097,2.08,84876.0,510510,sh,中证500ETF广发
2021-10-18,2.097,2.103,2.106,2.08,295012.0,510510,sh,中证500ETF广发
2021-10-19,2.103,2.121,2.124,2.098,115293.0,510510,sh,中证500ETF广发
2021-10-20,2.115,2.121,2.132,2.105,109576.0,510510,sh,中证500ETF广发
2021-10-21,2.121,2.115,2.13,2.107,64765.0,510510,sh,中证500ETF广发
2021-10-22,2.116,2.097,2.118,2.093,109605.0,510510,sh,中证500ETF广发
2021-10-25,2.097,2.113,2.117,2.089,129452.0,510510,sh,中证500ETF广发
2021-10-26,2.116,2.115,2.131,2.11,175702.0,510510,sh,中证500ETF广发
2021-10-27,2.119,2.1,2.123,2.091,90435.0,510510,sh,中证500ETF广发
2021-10-28,2.1,2.075,2.1,2.067,209482.0,510510,sh,中证500ETF广发
2021-10-29,2.075,2.094,2.095,2.065,118524.0,510510,sh,中证500ETF广发
2021-11-01,2.091,2.104,2.113,2.087,73373.0,510510,sh,中证500ETF广发
2021-11-02,2.104,2.083,2.115,2.064,318770.0,510510,sh,中证500ETF广发
2021-11-03,2.086,2.091,2.101,2.078,186863.0,510510,sh,中证500ETF广发
2021-11-04,2.091,2.107,2.108,2.091,157891.0,510510,sh,中证500ETF广发
2021-11-05,2.102,2.09,2.109,2.086,237869.0,510510,sh,中证500ETF广发
2021-11-08,2.088,2.097,2.101,2.083,304806.0,510510,sh,中证500ETF广发
2021-11-09,2.098,2.112,2.114,2.096,230368.0,510510,sh,中证500ETF广发
2021-11-10,2.111,2.111,2.113,2.078,252253.0,510510,sh,中证500ETF广发
2021-11-11,2.103,2.122,2.125,2.101,139730.0,510510,sh,中证500ETF广发
2021-11-12,2.122,2.134,2.138,2.12,157326.0,510510,sh,中证500ETF广发
2021-11-15,2.136,2.118,2.144,2.113,122999.0,510510,sh,中证500ETF广发
2021-11-16,2.118,2.106,2.126,2.101,161146.0,510510,sh,中证500ETF广发
2021-11-17,2.106,2.118,2.122,2.101,299163.0,510510,sh,中证500ETF广发
2021-11-18,2.118,2.12,2.132,2.11,196280.0,510510,sh,中证500ETF广发
2021-11-19,2.12,2.143,2.144,2.114,153364.0,510510,sh,中证500ETF广发
2021-11-22,2.152,2.165,2.166,2.145,196494.0,510510,sh,中证500ETF广发
2021-11-23,2.164,2.166,2.177,2.157,191306.0,510510,sh,中证500ETF广发
2021-11-24,2.166,2.167,2.172,2.158,58020.0,510510,sh,中证500ETF广发
2021-11-25,2.167,2.161,2.168,2.158,83863.0,510510,sh,中证500ETF广发
2021-11-26,2.16,2.157,2.166,2.15,131039.0,510510,sh,中证500ETF广发
2021-11-29,2.141,2.157,2.159,2.135,139645.0,510510,sh,中证500ETF广发
2021-11-30,2.157,2.165,2.173,2.15,148646.0,510510,sh,中证500ETF广发
2021-12-01,2.174,2.175,2.176,2.154,115206.0,510510,sh,中证500ETF广发
2021-12-02,2.176,2.159,2.176,2.154,168703.0,510510,sh,中证500ETF广发
2021-12-03,2.161,2.179,2.18,2.158,139880.0,510510,sh,中证500ETF广发
2021-12-06,2.179,2.159,2.186,2.158,179538.0,510510,sh,中证500ETF广发
2021-12-07,2.166,2.148,2.171,2.136,252062.0,510510,sh,中证500ETF广发
2021-12-08,2.148,2.179,2.182,2.148,144663.0,510510,sh,中证500ETF广发
2021-12-09,2.184,2.186,2.192,2.17,114144.0,510510,sh,中证500ETF广发
2021-12-10,2.186,2.186,2.189,2.173,150319.0,510510,sh,中证500ETF广发
2021-12-13,2.186,2.191,2.199,2.184,136761.0,510510,sh,中证500ETF广发
2021-12-14,2.192,2.183,2.192,2.178,128992.0,510510,sh,中证500ETF广发
2021-12-15,2.182,2.183,2.191,2.175,186200.0,510510,sh,中证500ETF广发
2021-12-16,2.183,2.2,2.2,2.183,106051.0,510510,sh,中证500ETF广发
2021-12-17,2.2,2.183,2.201,2.18,273538.0,510510,sh,中证500ETF广发
2021-12-20,2.182,2.149,2.182,2.146,453632.0,510510,sh,中证500ETF广发
2021-12-21,2.144,2.166,2.172,2.142,295020.0,510510,sh,中证500ETF广发
2021-12-22,2.166,2.178,2.182,2.166,246180.0,510510,sh,中证500ETF广发
2021-12-23,2.18,2.185,2.193,2.175,141429.0,510510,sh,中证500ETF广发
2021-12-24,2.181,2.177,2.187,2.166,317315.0,510510,sh,中证500ETF广发
2021-12-27,2.175,2.171,2.187,2.165,292234.0,510510,sh,中证500ETF广发
2021-12-28,2.171,2.173,2.174,2.157,162156.0,510510,sh,中证500ETF广发
2021-12-29,2.173,2.165,2.174,2.157,141717.0,510510,sh,中证500ETF广发
2021-12-30,2.165,2.18,2.185,2.164,324624.0,510510,sh,中证500ETF广发
2021-12-31,2.183,2.192,2.196,2.181,167120.0,510510,sh,中证500ETF广发
2022-01-04,2.192,2.191,2.199,2.179,147999.0,510510,sh,中证500ETF广发
2022-01-05,2.192,2.151,2.193,2.149,272573.0,510510,sh,中证500ETF广发
2022-01-06,2.145,2.152,2.156,2.122,125038.0,510510,sh,中证500ETF广发
2022-01-07,2.151,2.144,2.162,2.14,223810.0,510510,sh,中证500ETF广发
2022-01-10,2.142,2.141,2.146,2.126,152205.0,510510,sh,中证500ETF广发
2022-01-11,2.14,2.131,2.149,2.122,136796.0,510510,sh,中证500ETF广发
2022-01-12,2.131,2.144,2.15,2.131,242806.0,510510,sh,中证500ETF广发
2022-01-13,2.143,2.123,2.15,2.12,278558.0,510510,sh,中证500ETF广发
2022-01-14,2.123,2.113,2.128,2.105,340842.0,510510,sh,中证500ETF广发
2022-01-17,2.111,2.131,2.139,2.111,236247.0,510510,sh,中证500ETF广发
2022-01-18,2.131,2.135,2.142,2.125,198069.0,510510,sh,中证500ETF广发
2022-01-19,2.136,2.123,2.141,2.111,320085.0,510510,sh,中证500ETF广发
2022-01-20,2.123,2.108,2.129,2.098,246432.0,510510,sh,中证500ETF广发
2022-01-21,2.11,2.084,2.11,2.078,163398.0,510510,sh,中证500ETF广发
2022-01-24,2.083,2.082,2.089,2.066,223568.0,510510,sh,中证500ETF广发
2022-01-25,2.084,2.016,2.084,2.011,425027.0,510510,sh,中证500ETF广发
2022-01-26,2.011,2.02,2.038,2.007,334318.0,510510,sh,中证500ETF广发
2022-01-27,2.021,1.978,2.027,1.972,335701.0,510510,sh,中证500ETF广发
2022-01-28,1.982,1.96,2.001,1.94,199615.0,510510,sh,中证500ETF广发
2022-02-07,1.969,1.989,1.999,1.969,176017.0,510510,sh,中证500ETF广发
2022-02-08,1.995,2.011,2.012,1.968,161481.0,510510,sh,中证500ETF广发
2022-02-09,2.011,2.037,2.04,2.006,290121.0,510510,sh,中证500ETF广发
2022-02-10,2.041,2.037,2.044,2.025,224331.0,510510,sh,中证500ETF广发
2022-02-11,2.034,2.013,2.04,2.01,150893.0,510510,sh,中证500ETF广发
2022-02-14,2.01,1.997,2.019,1.988,265088.0,510510,sh,中证500ETF广发
2022-02-15,1.999,2.012,2.013,1.993,234658.0,510510,sh,中证500ETF广发
2022-02-16,2.015,2.019,2.024,2.01,296661.0,510510,sh,中证500ETF广发
2022-02-17,2.019,2.016,2.028,2.006,172153.0,510510,sh,中证500ETF广发
2022-02-18,2.007,2.04,2.041,2.006,286571.0,510510,sh,中证500ETF广发
2022-02-21,2.04,2.046,2.05,2.032,160673.0,510510,sh,中证500ETF广发
2022-02-22,2.044,2.022,2.044,2.007,105838.0,510510,sh,中证500ETF广发
2022-02-23,2.024,2.05,2.051,2.024,384395.0,510510,sh,中证500ETF广发
2022-02-24,2.045,2.033,2.055,2.0,479278.0,510510,sh,中证500ETF广发
2022-02-25,2.026,2.035,2.058,2.026,723061.0,510510,sh,中证500ETF广发
2022-02-28,2.035,2.041,2.042,2.017,342293.0,510510,sh,中证500ETF广发
2022-03-01,2.046,2.045,2.053,2.036,181236.0,510510,sh,中证500ETF广发
2022-03-02,2.044,2.05,2.05,2.033,121747.0,510510,sh,中证500ETF广发
2022-03-03,2.05,2.047,2.059,2.037,275348.0,510510,sh,中证500ETF广发
2022-03-04,2.03,2.03,2.049,2.02,266910.0,510510,sh,中证500ETF广发
2022-03-07,2.029,1.987,2.029,1.976,357683.0,510510,sh,中证500ETF广发
2022-03-08,1.987,1.922,1.989,1.911,405683.0,510510,sh,中证500ETF广发
2022-03-09,1.922,1.879,1.935,1.81,325928.0,510510,sh,中证500ETF广发
2022-03-10,1.898,1.911,1.93,1.898,337810.0,510510,sh,中证500ETF广发
2022-03-11,1.89,1.938,1.938,1.87,221566.0,510510,sh,中证500ETF广发
2022-03-14,1.924,1.89,1.938,1.888,279284.0,510510,sh,中证500ETF广发
2022-03-15,1.889,1.787,1.889,1.777,724386.0,510510,sh,中证500ETF广发
2022-03-16,1.803,1.837,1.844,1.735,1115162.0,510510,sh,中证500ETF广发
2022-03-17,1.852,1.868,1.905,1.852,741008.0,510510,sh,中证500ETF广发
2022-03-18,1.861,1.884,1.891,1.855,196382.0,510510,sh,中证500ETF广发
2022-03-21,1.893,1.893,1.905,1.869,752961.0,510510,sh,中证500ETF广发
2022-03-22,1.894,1.893,1.912,1.882,685429.0,510510,sh,中证500ETF广发
2022-03-23,1.895,1.907,1.914,1.892,213109.0,510510,sh,中证500ETF广发
2022-03-24,1.9,1.89,1.901,1.882,276676.0,510510,sh,中证500ETF广发
2022-03-25,1.89,1.868,1.9,1.868,447515.0,510510,sh,中证500ETF广发
2022-03-28,1.856,1.875,1.887,1.837,1029076.0,510510,sh,中证500ETF广发
2022-03-29,1.875,1.861,1.882,1.854,178704.0,510510,sh,中证500ETF广发
2022-03-30,1.869,1.901,1.902,1.868,204375.0,510510,sh,中证500ETF广发
2022-03-31,1.899,1.885,1.9,1.881,192897.0,510510,sh,中证500ETF广发
2022-04-01,1.88,1.898,1.9,1.874,171039.0,510510,sh,中证500ETF广发
2022-04-06,1.898,1.897,1.898,1.871,182565.0,510510,sh,中证500ETF广发
2022-04-07,1.895,1.855,1.895,1.852,415312.0,510510,sh,中证500ETF广发
2022-04-08,1.856,1.859,1.862,1.821,173967.0,510510,sh,中证500ETF广发
2022-04-11,1.85,1.801,1.85,1.79,217694.0,510510,sh,中证500ETF广发
2022-04-12,1.8,1.829,1.831,1.778,276761.0,510510,sh,中证500ETF广发
2022-04-13,1.828,1.802,1.828,1.8,124691.0,510510,sh,中证500ETF广发
2022-04-14,1.82,1.821,1.835,1.806,200528.0,510510,sh,中证500ETF广发
2022-04-15,1.822,1.807,1.826,1.802,162027.0,510510,sh,中证500ETF广发
2022-04-18,1.807,1.81,1.818,1.78,145198.0,510510,sh,中证500ETF广发
2022-04-19,1.807,1.815,1.821,1.802,142123.0,510510,sh,中证500ETF广发
2022-04-20,1.814,1.773,1.816,1.773,186565.0,510510,sh,中证500ETF广发
2022-04-21,1.772,1.721,1.783,1.712,318163.0,510510,sh,中证500ETF广发
2022-04-22,1.72,1.711,1.73,1.688,318929.0,510510,sh,中证500ETF广发
2022-04-25,1.694,1.605,1.694,1.602,451336.0,510510,sh,中证500ETF广发
2022-04-26,1.602,1.562,1.627,1.559,366350.0,510510,sh,中证500ETF广发
2022-04-27,1.56,1.621,1.622,1.543,382913.0,510510,sh,中证500ETF广发
2022-04-28,1.622,1.621,1.632,1.596,332605.0,510510,sh,中证500ETF广发
2022-04-29,1.633,1.683,1.687,1.621,301634.0,510510,sh,中证500ETF广发
2022-05-05,1.687,1.695,1.709,1.674,153473.0,510510,sh,中证500ETF广发
2022-05-06,1.671,1.662,1.678,1.655,244923.0,510510,sh,中证500ETF广发
2022-05-09,1.662,1.672,1.68,1.65,297444.0,510510,sh,中证500ETF广发
2022-05-10,1.662,1.696,1.701,1.643,270123.0,510510,sh,中证500ETF广发
2022-05-11,1.698,1.71,1.747,1.698,166673.0,510510,sh,中证500ETF广发
2022-05-12,1.709,1.71,1.725,1.695,127741.0,510510,sh,中证500ETF广发
2022-05-13,1.714,1.73,1.731,1.706,149884.0,510510,sh,中证500ETF广发
2022-05-16,1.732,1.726,1.748,1.718,204963.0,510510,sh,中证500ETF广发
2022-05-17,1.726,1.735,1.735,1.708,220320.0,510510,sh,中证500ETF广发
2022-05-18,1.732,1.729,1.746,1.723,216738.0,510510,sh,中证500ETF广发
2022-05-19,1.709,1.744,1.744,1.701,79369.0,510510,sh,中证500ETF广发
2022-05-20,1.744,1.773,1.773,1.744,206418.0,510510,sh,中证500ETF广发
2022-05-23,1.773,1.779,1.785,1.763,112805.0,510510,sh,中证500ETF广发
2022-05-24,1.782,1.719,1.782,1.718,250428.0,510510,sh,中证500ETF广发
2022-05-25,1.716,1.743,1.746,1.715,131756.0,510510,sh,中证500ETF广发
2022-05-26,1.745,1.767,1.772,1.726,154963.0,510510,sh,中证500ETF广发
2022-05-27,1.765,1.767,1.782,1.749,126846.0,510510,sh,中证500ETF广发
2022-05-30,1.766,1.775,1.775,1.754,104024.0,510510,sh,中证500ETF广发
2022-05-31,1.771,1.803,1.81,1.764,246250.0,510510,sh,中证500ETF广发
2022-06-01,1.795,1.801,1.811,1.786,206917.0,510510,sh,中证500ETF广发
2022-06-02,1.8,1.823,1.824,1.788,156303.0,510510,sh,中证500ETF广发
2022-06-06,1.821,1.848,1.856,1.817,143477.0,510510,sh,中证500ETF广发
2022-06-07,1.856,1.85,1.856,1.834,155076.0,510510,sh,中证500ETF广发
2022-06-08,1.858,1.859,1.866,1.83,131771.0,510510,sh,中证500ETF广发
2022-06-09,1.864,1.838,1.864,1.821,153345.0,510510,sh,中证500ETF广发
2022-06-10,1.834,1.871,1.876,1.82,140493.0,510510,sh,中证500ETF广发
2022-06-13,1.866,1.868,1.873,1.849,122281.0,510510,sh,中证500ETF广发
2022-06-14,1.863,1.882,1.885,1.815,186154.0,510510,sh,中证500ETF广发
2022-06-15,1.881,1.876,1.917,1.871,138252.0,510510,sh,中证500ETF广发
2022-06-16,1.888,1.876,1.898,1.87,150503.0,510510,sh,中证500ETF广发
2022-06-17,1.874,1.894,1.898,1.848,137435.0,510510,sh,中证500ETF广发
2022-06-20,1.903,1.896,1.906,1.877,241769.0,510510,sh,中证500ETF广发
2022-06-21,1.905,1.882,1.905,1.864,121494.0,510510,sh,中证500ETF广发
2022-06-22,1.883,1.853,1.884,1.851,139721.0,510510,sh,中证500ETF广发
2022-06-23,1.85,1.89,1.891,1.844,227446.0,510510,sh,中证500ETF广发
2022-06-24,1.897,1.91,1.913,1.886,189774.0,510510,sh,中证500ETF广发
2022-06-27,1.917,1.921,1.934,1.916,169237.0,510510,sh,中证500ETF广发
2022-06-28,1.924,1.949,1.955,1.917,88164.0,510510,sh,中证500ETF广发
2022-06-29,1.952,1.917,1.953,1.913,124251.0,510510,sh,中证500ETF广发
2022-06-30,1.92,1.934,1.949,1.917,195565.0,510510,sh,中证500ETF广发
2022-07-01,1.942,1.93,1.945,1.927,82647.0,510510,sh,中证500ETF广发
2022-07-04,1.932,1.956,1.956,1.919,140602.0,510510,sh,中证500ETF广发
2022-07-05,1.953,1.953,1.966,1.933,121100.0,510510,sh,中证500ETF广发
2022-07-06,1.951,1.931,1.954,1.911,149484.0,510510,sh,中证500ETF广发
2022-07-07,1.931,1.933,1.948,1.92,357687.0,510510,sh,中证500ETF广发
2022-07-08,1.933,1.929,1.948,1.927,137319.0,510510,sh,中证500ETF广发
2022-07-11,1.928,1.902,1.928,1.888,88952.0,510510,sh,中证500ETF广发
2022-07-12,1.893,1.876,1.91,1.875,46107.0,510510,sh,中证500ETF广发
2022-07-13,1.87,1.884,1.891,1.869,52076.0,510510,sh,中证500ETF广发
2022-07-14,1.874,1.896,1.908,1.874,121483.0,510510,sh,中证500ETF广发
2022-07-15,1.896,1.865,1.904,1.864,229101.0,510510,sh,中证500ETF广发
2022-07-18,1.868,1.901,1.903,1.866,131183.0,510510,sh,中证500ETF广发
2022-07-19,1.906,1.906,1.911,1.89,118662.0,510510,sh,中证500ETF广发
2022-07-20,1.92,1.93,1.935,1.9,64718.0,510510,sh,中证500ETF广发
2022-07-21,1.932,1.915,1.932,1.912,87894.0,510510,sh,中证500ETF广发
2022-07-22,1.928,1.897,1.928,1.875,145239.0,510510,sh,中证500ETF广发
2022-07-25,1.897,1.88,1.905,1.871,94877.0,510510,sh,中证500ETF广发
2022-07-26,1.874,1.9,1.908,1.874,172780.0,510510,sh,中证500ETF广发
2022-07-27,1.904,1.906,1.912,1.892,141496.0,510510,sh,中证500ETF广发
2022-07-28,1.912,1.912,1.93,1.907,95717.0,510510,sh,中证500ETF广发
2022-07-29,1.919,1.897,1.92,1.893,226899.0,510510,sh,中证500ETF广发
2022-08-01,1.902,1.916,1.916,1.884,136910.0,510510,sh,中证500ETF广发
2022-08-02,1.909,1.868,1.909,1.842,159425.0,510510,sh,中证500ETF广发
2022-08-03,1.872,1.851,1.891,1.843,130746.0,510510,sh,中证500ETF广发
2022-08-04,1.863,1.859,1.864,1.834,120136.0,510510,sh,中证500ETF广发
2022-08-05,1.862,1.892,1.896,1.859,194695.0,510510,sh,中证500ETF广发
2022-08-08,1.891,1.906,1.909,1.878,108704.0,510510,sh,中证500ETF广发
2022-08-09,1.904,1.911,1.914,1.895,122193.0,510510,sh,中证500ETF广发
2022-08-10,1.911,1.907,1.918,1.897,109921.0,510510,sh,中证500ETF广发
2022-08-11,1.919,1.944,1.944,1.913,118377.0,510510,sh,中证500ETF广发
2022-08-12,1.938,1.942,1.952,1.938,109028.0,510510,sh,中证500ETF广发
2022-08-15,1.928,1.94,1.951,1.928,135339.0,510510,sh,中证500ETF广发
2022-08-16,1.936,1.95,1.96,1.936,88592.0,510510,sh,中证500ETF广发
2022-08-17,1.95,1.964,1.965,1.94,131035.0,510510,sh,中证500ETF广发
2022-08-18,1.953,1.952,1.966,1.946,59294.0,510510,sh,中证500ETF广发
2022-08-19,1.945,1.932,1.958,1.928,138659.0,510510,sh,中证500ETF广发
2022-08-22,1.93,1.951,1.956,1.92,118670.0,510510,sh,中证500ETF广发
2022-08-23,1.943,1.951,1.952,1.938,127329.0,510510,sh,中证500ETF广发
2022-08-24,1.944,1.897,1.953,1.893,91763.0,510510,sh,中证500ETF广发
2022-08-25,1.909,1.91,1.911,1.883,134825.0,510510,sh,中证500ETF广发
2022-08-26,1.908,1.902,1.923,1.894,209319.0,510510,sh,中证500ETF广发
2022-08-29,1.887,1.903,1.907,1.878,104720.0,510510,sh,中证500ETF广发
2022-08-30,1.902,1.901,1.906,1.885,202392.0,510510,sh,中证500ETF广发
2022-08-31,1.899,1.863,1.9,1.856,154706.0,510510,sh,中证500ETF广发
2022-09-01,1.863,1.853,1.877,1.849,96251.0,510510,sh,中证500ETF广发
2022-09-02,1.849,1.859,1.867,1.848,118813.0,510510,sh,中证500ETF广发
2022-09-05,1.856,1.865,1.867,1.85,82449.0,510510,sh,中证500ETF广发
2022-09-06,1.866,1.899,1.901,1.866,93988.0,510510,sh,中证500ETF广发
2022-09-07,1.898,1.905,1.908,1.89,70989.0,510510,sh,中证500ETF广发
2022-09-08,1.906,1.897,1.906,1.894,77092.0,510510,sh,中证500ETF广发
2022-09-09,1.896,1.909,1.913,1.892,97817.0,510510,sh,中证500ETF广发
2022-09-13,1.91,1.899,1.918,1.896,80734.0,510510,sh,中证500ETF广发
2022-09-14,1.887,1.889,1.895,1.878,67787.0,510510,sh,中证500ETF广发
2022-09-15,1.895,1.845,1.9,1.831,113236.0,510510,sh,中证500ETF广发
2022-09-16,1.845,1.802,1.846,1.797,173175.0,510510,sh,中证500ETF广发
2022-09-19,1.805,1.786,1.805,1.775,113976.0,510510,sh,中证500ETF广发
2022-09-20,1.796,1.797,1.813,1.791,74583.0,510510,sh,中证500ETF广发
2022-09-21,1.798,1.815,1.818,1.777,169943.0,510510,sh,中证500ETF广发
2022-09-22,1.815,1.804,1.817,1.795,83875.0,510510,sh,中证500ETF广发
2022-09-23,1.806,1.784,1.807,1.765,249109.0,510510,sh,中证500ETF广发
2022-09-26,1.783,1.754,1.79,1.753,229074.0,510510,sh,中证500ETF广发
2022-09-27,1.754,1.786,1.788,1.754,138900.0,510510,sh,中证500ETF广发
2022-09-28,1.786,1.75,1.786,1.745,186581.0,510510,sh,中证500ETF广发
2022-09-29,1.753,1.749,1.771,1.736,141702.0,510510,sh,中证500ETF广发
2022-09-30,1.75,1.728,1.757,1.725,120505.0,510510,sh,中证500ETF广发
2022-10-10,1.727,1.705,1.742,1.697,133810.0,510510,sh,中证500ETF广发
2022-10-11,1.705,1.717,1.724,1.696,153857.0,510510,sh,中证500ETF广发
2022-10-12,1.717,1.758,1.76,1.694,237099.0,510510,sh,中证500ETF广发
2022-10-13,1.758,1.764,1.775,1.74,155709.0,510510,sh,中证500ETF广发
2022-10-14,1.766,1.803,1.81,1.766,108563.0,510510,sh,中证500ETF广发
2022-10-17,1.802,1.814,1.82,1.793,163385.0,510510,sh,中证500ETF广发
2022-10-18,1.82,1.824,1.835,1.809,151998.0,510510,sh,中证500ETF广发
2022-10-19,1.828,1.808,1.828,1.8,115235.0,510510,sh,中证500ETF广发
2022-10-20,1.8,1.799,1.827,1.777,176144.0,510510,sh,中证500ETF广发
2022-10-21,1.803,1.801,1.811,1.788,118771.0,510510,sh,中证500ETF广发
2022-10-24,1.8,1.785,1.835,1.768,213638.0,510510,sh,中证500ETF广发
2022-10-25,1.785,1.774,1.792,1.747,169427.0,510510,sh,中证500ETF广发
2022-10-26,1.778,1.804,1.817,1.774,206429.0,510510,sh,中证500ETF广发
2022-10-27,1.801,1.801,1.819,1.8,149310.0,510510,sh,中证500ETF广发
2022-10-28,1.792,1.746,1.796,1.737,195470.0,510510,sh,中证500ETF广发
2022-10-31,1.747,1.75,1.772,1.738,177177.0,510510,sh,中证500ETF广发
2022-11-01,1.75,1.794,1.795,1.746,207209.0,510510,sh,中证500ETF广发
2022-11-02,1.795,1.807,1.818,1.789,301247.0,510510,sh,中证500ETF广发
2022-11-03,1.802,1.809,1.817,1.798,219599.0,510510,sh,中证500ETF广发
2022-11-04,1.809,1.852,1.861,1.809,199495.0,510510,sh,中证500ETF广发
2022-11-07,1.852,1.852,1.862,1.841,187768.0,510510,sh,中证500ETF广发
2022-11-08,1.848,1.854,1.854,1.844,117964.0,510510,sh,中证500ETF广发
2022-11-09,1.854,1.851,1.866,1.847,138696.0,510510,sh,中证500ETF广发
2022-11-10,1.843,1.841,1.848,1.833,165713.0,510510,sh,中证500ETF广发
2022-11-11,1.872,1.854,1.887,1.85,212182.0,510510,sh,中证500ETF广发
2022-11-14,1.855,1.851,1.871,1.843,159096.0,510510,sh,中证500ETF广发
2022-11-15,1.848,1.88,1.882,1.845,178804.0,510510,sh,中证500ETF广发
2022-11-16,1.883,1.874,1.889,1.872,143889.0,510510,sh,中证500ETF广发
2022-11-17,1.874,1.878,1.879,1.859,238184.0,510510,sh,中证500ETF广发
2022-11-18,1.878,1.876,1.891,1.87,325299.0,510510,sh,中证500ETF广发
2022-11-21,1.87,1.873,1.875,1.852,266454.0,510510,sh,中证500ETF广发
2022-11-22,1.873,1.851,1.875,1.846,316120.0,510510,sh,中证500ETF广发
2022-11-23,1.85,1.849,1.858,1.83,259987.0,510510,sh,中证500ETF广发
2022-11-24,1.85,1.852,1.86,1.843,113676.0,510510,sh,中证500ETF广发
2022-11-25,1.856,1.842,1.856,1.832,184448.0,510510,sh,中证500ETF广发
2022-11-28,1.828,1.828,1.83,1.804,149070.0,510510,sh,中证500ETF广发
2022-11-29,1.828,1.859,1.865,1.828,90909.0,510510,sh,中证500ETF广发
2022-11-30,1.858,1.858,1.865,1.85,136590.0,510510,sh,中证500ETF广发
2022-12-01,1.866,1.87,1.885,1.866,167304.0,510510,sh,中证500ETF广发
2022-12-02,1.87,1.865,1.879,1.861,159222.0,510510,sh,中证500ETF广发
2022-12-05,1.87,1.875,1.88,1.867,117453.0,510510,sh,中证500ETF广发
2022-12-06,1.875,1.874,1.889,1.867,127881.0,510510,sh,中证500ETF广发
2022-12-07,1.875,1.874,1.888,1.868,138936.0,510510,sh,中证500ETF广发
2022-12-08,1.875,1.87,1.875,1.864,101909.0,510510,sh,中证500ETF广发
2022-12-09,1.868,1.869,1.878,1.859,156141.0,510510,sh,中证500ETF广发
2022-12-12,1.881,1.86,1.882,1.854,146568.0,510510,sh,中证500ETF广发
2022-12-13,1.86,1.847,1.86,1.846,262219.0,510510,sh,中证500ETF广发
2022-12-14,1.847,1.844,1.855,1.838,763917.0,510510,sh,中证500ETF广发
2022-12-15,1.844,1.845,1.847,1.836,272223.0,510510,sh,中证500ETF广发
2022-12-16,1.835,1.839,1.842,1.827,135563.0,510510,sh,中证500ETF广发
2022-12-19,1.839,1.798,1.839,1.791,986029.0,510510,sh,中证500ETF广发
2022-12-20,1.796,1.779,1.796,1.774,914702.0,510510,sh,中证500ETF广发
2022-12-21,1.782,1.771,1.785,1.762,576199.0,510510,sh,中证500ETF广发
2022-12-22,1.772,1.751,1.777,1.742,220077.0,510510,sh,中证500ETF广发
2022-12-23,1.748,1.747,1.76,1.737,426810.0,510510,sh,中证500ETF广发
2022-12-26,1.746,1.764,1.769,1.746,257702.0,510510,sh,中证500ETF广发
2022-12-27,1.77,1.784,1.785,1.762,243379.0,510510,sh,中证500ETF广发
2022-12-28,1.784,1.773,1.784,1.77,297455.0,510510,sh,中证500ETF广发
2022-12-29,1.772,1.774,1.785,1.764,217793.0,510510,sh,中证500ETF广发
2022-12-30,1.775,1.773,1.78,1.767,187183.0,510510,sh,中证500ETF广发
2023-01-03,1.772,1.801,1.806,1.767,128553.0,510510,sh,中证500ETF广发
2023-01-04,1.802,1.801,1.805,1.79,65250.0,510510,sh,中证500ETF广发
2023-01-05,1.804,1.816,1.82,1.801,113533.0,510510,sh,中证500ETF广发
2023-01-06,1.816,1.816,1.828,1.81,111436.0,510510,sh,中证500ETF广发
2023-01-09,1.817,1.824,1.834,1.817,99574.0,510510,sh,中证500ETF广发
2023-01-10,1.824,1.826,1.83,1.818,148649.0,510510,sh,中证500ETF广发
2023-01-11,1.826,1.818,1.833,1.813,114272.0,510510,sh,中证500ETF广发
2023-01-12,1.818,1.817,1.829,1.812,122679.0,510510,sh,中证500ETF广发
2023-01-13,1.817,1.831,1.832,1.817,412577.0,510510,sh,中证500ETF广发
2023-01-16,1.831,1.85,1.864,1.831,157256.0,510510,sh,中证500ETF广发
2023-01-17,1.851,1.849,1.856,1.845,83033.0,510510,sh,中证500ETF广发
2023-01-18,1.849,1.859,1.866,1.849,127052.0,510510,sh,中证500ETF广发
2023-01-19,1.858,1.873,1.875,1.852,105593.0,510510,sh,中证500ETF广发
2023-01-20,1.873,1.889,1.892,1.873,111300.0,510510,sh,中证500ETF广发
2023-01-30,1.898,1.896,1.919,1.894,154155.0,510510,sh,中证500ETF广发
2023-01-31,1.894,1.901,1.907,1.891,77955.0,510510,sh,中证500ETF广发
2023-02-01,1.908,1.919,1.923,1.899,120467.0,510510,sh,中证500ETF广发
2023-02-02,1.92,1.924,1.934,1.916,126703.0,510510,sh,中证500ETF广发
2023-02-03,1.923,1.919,1.923,1.895,123084.0,510510,sh,中证500ETF广发
2023-02-06,1.909,1.906,1.914,1.897,494645.0,510510,sh,中证500ETF广发
2023-02-07,1.901,1.907,1.91,1.893,95748.0,510510,sh,中证500ETF广发
2023-02-08,1.909,1.894,1.913,1.89,84574.0,510510,sh,中证500ETF广发
2023-02-09,1.893,1.921,1.923,1.887,73807.0,510510,sh,中证500ETF广发
2023-02-10,1.925,1.916,1.925,1.9,115254.0,510510,sh,中证500ETF广发
2023-02-13,1.913,1.925,1.928,1.912,130723.0,510510,sh,中证500ETF广发
2023-02-14,1.926,1.93,1.936,1.922,63564.0,510510,sh,中证500ETF广发
2023-02-15,1.93,1.928,1.935,1.921,65856.0,510510,sh,中证500ETF广发
2023-02-16,1.929,1.903,1.946,1.893,189359.0,510510,sh,中证500ETF广发
2023-02-17,1.892,1.886,1.908,1.881,148624.0,510510,sh,中证500ETF广发
2023-02-20,1.879,1.915,1.917,1.878,218639.0,510510,sh,中证500ETF广发
2023-02-21,1.915,1.923,1.933,1.91,404842.0,510510,sh,中证500ETF广发
2023-02-22,1.921,1.924,1.932,1.915,288403.0,510510,sh,中证500ETF广发
2023-02-23,1.924,1.922,1.931,1.909,800636.0,510510,sh,中证500ETF广发
2023-02-24,1.922,1.921,1.93,1.909,297417.0,510510,sh,中证500ETF广发
2023-02-27,1.92,1.908,1.921,1.898,230115.0,510510,sh,中证500ETF广发
2023-02-28,1.907,1.922,1.923,1.903,320807.0,510510,sh,中证500ETF广发
2023-03-01,1.92,1.934,1.939,1.917,190509.0,510510,sh,中证500ETF广发
2023-03-02,1.934,1.929,1.94,1.928,260000.0,510510,sh,中证500ETF广发
2023-03-03,1.929,1.93,1.934,1.917,205350.0,510510,sh,中证500ETF广发
2023-03-06,1.928,1.93,1.936,1.92,221402.0,510510,sh,中证500ETF广发
2023-03-07,1.925,1.903,1.932,1.901,277180.0,510510,sh,中证500ETF广发
2023-03-08,1.9,1.903,1.907,1.894,233069.0,510510,sh,中证500ETF广发
2023-03-09,1.927,1.9,1.927,1.889,155073.0,510510,sh,中证500ETF广发
2023-03-10,1.89,1.878,1.894,1.874,231880.0,510510,sh,中证500ETF广发
2023-03-13,1.878,1.888,1.888,1.87,249601.0,510510,sh,中证500ETF广发
2023-03-14,1.871,1.873,1.887,1.856,234736.0,510510,sh,中证500ETF广发
2023-03-15,1.886,1.883,1.891,1.877,280793.0,510510,sh,中证500ETF广发
2023-03-16,1.864,1.858,1.879,1.854,293398.0,510510,sh,中证500ETF广发
2023-03-17,1.877,1.868,1.885,1.862,369985.0,510510,sh,中证500ETF广发
2023-03-20,1.868,1.863,1.875,1.858,313033.0,510510,sh,中证500ETF广发
2023-03-21,1.863,1.879,1.882,1.863,371105.0,510510,sh,中证500ETF广发
2023-03-22,1.88,1.891,1.893,1.88,267944.0,510510,sh,中证500ETF广发
2023-03-23,1.88,1.903,1.903,1.88,328413.0,510510,sh,中证500ETF广发
2023-03-24,1.917,1.907,1.917,1.897,334103.0,510510,sh,中证500ETF广发
2023-03-27,1.907,1.904,1.908,1.893,208077.0,510510,sh,中证500ETF广发
2023-03-28,1.904,1.901,1.91,1.896,210260.0,510510,sh,中证500ETF广发
2023-03-29,1.9,1.892,1.905,1.888,233551.0,510510,sh,中证500ETF广发
2023-03-30,1.884,1.901,1.901,1.88,221318.0,510510,sh,中证500ETF广发
2023-03-31,1.904,1.913,1.915,1.901,248330.0,510510,sh,中证500ETF广发
2023-04-03,1.913,1.934,1.94,1.913,212274.0,510510,sh,中证500ETF广发
2023-04-04,1.934,1.937,1.937,1.926,280986.0,510510,sh,中证500ETF广发
2023-04-06,1.921,1.936,1.939,1.921,364077.0,510510,sh,中证500ETF广发
2023-04-07,1.944,1.95,1.953,1.937,187063.0,510510,sh,中证500ETF广发
2023-04-10,1.95,1.938,1.954,1.934,297813.0,510510,sh,中证500ETF广发
2023-04-11,1.937,1.935,1.942,1.93,230636.0,510510,sh,中证500ETF广发
2023-04-12,1.935,1.945,1.945,1.935,744498.0,510510,sh,中证500ETF广发
2023-04-13,1.928,1.935,1.945,1.928,392245.0,510510,sh,中证500ETF广发
2023-04-14,1.957,1.939,1.957,1.933,265057.0,510510,sh,中证500ETF广发
2023-04-17,1.939,1.949,1.95,1.936,214145.0,510510,sh,中证500ETF广发
2023-04-18,1.948,1.944,1.949,1.937,172806.0,510510,sh,中证500ETF广发
2023-04-19,1.949,1.938,1.95,1.934,127626.0,510510,sh,中证500ETF广发
2023-04-20,1.937,1.936,1.937,1.928,110666.0,510510,sh,中证500ETF广发
2023-04-21,1.934,1.891,1.934,1.89,239360.0,510510,sh,中证500ETF广发
2023-04-24,1.91,1.879,1.911,1.87,384030.0,510510,sh,中证500ETF广发
2023-04-25,1.879,1.85,1.88,1.827,551941.0,510510,sh,中证500ETF广发
2023-04-26,1.844,1.856,1.863,1.835,407762.0,510510,sh,中证500ETF广发
2023-04-27,1.852,1.862,1.872,1.852,279638.0,510510,sh,中证500ETF广发
2023-04-28,1.861,1.891,1.891,1.861,444986.0,510510,sh,中证500ETF广发
2023-05-04,1.872,1.891,1.892,1.872,135754.0,510510,sh,中证500ETF广发
2023-05-05,1.889,1.875,1.891,1.866,200763.0,510510,sh,中证500ETF广发
2023-05-08,1.875,1.886,1.892,1.873,170217.0,510510,sh,中证500ETF广发
2023-05-09,1.885,1.869,1.894,1.869,204017.0,510510,sh,中证500ETF广发
2023-05-10,1.862,1.864,1.875,1.857,325742.0,510510,sh,中证500ETF广发
2023-05-11,1.866,1.858,1.869,1.857,164016.0,510510,sh,中证500ETF广发
2023-05-12,1.857,1.839,1.868,1.839,339088.0,510510,sh,中证500ETF广发
2023-05-15,1.84,1.86,1.861,1.826,322902.0,510510,sh,中证500ETF广发
2023-05-16,1.858,1.849,1.861,1.844,260857.0,510510,sh,中证500ETF广发
2023-05-17,1.836,1.85,1.857,1.836,340580.0,510510,sh,中证500ETF广发
2023-05-18,1.872,1.853,1.872,1.845,295398.0,510510,sh,中证500ETF广发
2023-05-19,1.844,1.853,1.862,1.841,268404.0,510510,sh,中证500ETF广发
2023-05-22,1.858,1.851,1.86,1.842,342508.0,510510,sh,中证500ETF广发
2023-05-23,1.851,1.831,1.853,1.831,453553.0,510510,sh,中证500ETF广发
2023-05-24,1.833,1.819,1.837,1.815,575275.0,510510,sh,中证500ETF广发
2023-05-25,1.819,1.814,1.828,1.793,615471.0,510510,sh,中证500ETF广发
2023-05-26,1.813,1.829,1.833,1.803,442589.0,510510,sh,中证500ETF广发
2023-05-29,1.829,1.827,1.837,1.822,791048.0,510510,sh,中证500ETF广发
2023-05-30,1.832,1.837,1.841,1.807,695854.0,510510,sh,中证500ETF广发
2023-05-31,1.827,1.834,1.839,1.823,476042.0,510510,sh,中证500ETF广发
2023-06-01,1.834,1.835,1.849,1.824,444292.0,510510,sh,中证500ETF广发
2023-06-02,1.848,1.852,1.856,1.838,425592.0,510510,sh,中证500ETF广发
2023-06-05,1.846,1.849,1.854,1.843,302702.0,510510,sh,中证500ETF广发
2023-06-06,1.849,1.815,1.849,1.811,424695.0,510510,sh,中证500ETF广发
2023-06-07,1.814,1.817,1.825,1.813,336532.0,510510,sh,中证500ETF广发
2023-06-08,1.819,1.813,1.823,1.802,423175.0,510510,sh,中证500ETF广发
2023-06-09,1.813,1.83,1.832,1.813,300707.0,510510,sh,中证500ETF广发
2023-06-12,1.826,1.833,1.84,1.826,293185.0,510510,sh,中证500ETF广发
2023-06-13,1.833,1.84,1.842,1.831,214326.0,510510,sh,中证500ETF广发
2023-06-14,1.842,1.842,1.847,1.839,235695.0,510510,sh,中证500ETF广发
2023-06-15,1.842,1.855,1.861,1.842,289347.0,510510,sh,中证500ETF广发
2023-06-16,1.856,1.873,1.877,1.856,182338.0,510510,sh,中证500ETF广发
2023-06-19,1.873,1.868,1.875,1.867,152556.0,510510,sh,中证500ETF广发
2023-06-20,1.868,1.868,1.874,1.862,364529.0,510510,sh,中证500ETF广发
2023-06-21,1.865,1.829,1.866,1.829,431716.0,510510,sh,中证500ETF广发
2023-06-26,1.829,1.796,1.829,1.793,403474.0,510510,sh,中证500ETF广发
2023-06-27,1.799,1.813,1.817,1.796,384559.0,510510,sh,中证500ETF广发
2023-06-28,1.812,1.817,1.819,1.789,307657.0,510510,sh,中证500ETF广发
2023-06-29,1.818,1.816,1.821,1.81,183695.0,510510,sh,中证500ETF广发
2023-06-30,1.815,1.836,1.839,1.814,191356.0,510510,sh,中证500ETF广发
2023-07-03,1.833,1.844,1.851,1.833,423772.0,510510,sh,中证500ETF广发
2023-07-04,1.845,1.85,1.85,1.842,307769.0,510510,sh,中证500ETF广发
2023-07-05,1.846,1.84,1.851,1.837,425615.0,510510,sh,中证500ETF广发
2023-07-06,1.841,1.83,1.849,1.828,321165.0,510510,sh,中证500ETF广发
2023-07-07,1.829,1.825,1.831,1.815,234745.0,510510,sh,中证500ETF广发
2023-07-10,1.829,1.831,1.839,1.823,318519.0,510510,sh,中证500ETF广发
2023-07-11,1.836,1.845,1.847,1.829,270965.0,510510,sh,中证500ETF广发
2023-07-12,1.85,1.827,1.85,1.824,311129.0,510510,sh,中证500ETF广发
2023-07-13,1.829,1.852,1.855,1.829,201595.0,510510,sh,中证500ETF广发
2023-07-14,1.857,1.847,1.857,1.846,141206.0,510510,sh,中证500ETF广发
2023-07-17,1.84,1.841,1.845,1.832,367560.0,510510,sh,中证500ETF广发
2023-07-18,1.842,1.84,1.846,1.832,256858.0,510510,sh,中证500ETF广发
2023-07-19,1.838,1.839,1.843,1.83,278913.0,510510,sh,中证500ETF广发
2023-07-20,1.837,1.815,1.844,1.813,664278.0,510510,sh,中证500ETF广发
2023-07-21,1.817,1.816,1.829,1.809,441551.0,510510,sh,中证500ETF广发
2023-07-24,1.807,1.814,1.825,1.807,324247.0,510510,sh,中证500ETF广发
2023-07-25,1.824,1.841,1.842,1.824,1410981.0,510510,sh,中证500ETF广发
2023-07-26,1.842,1.838,1.843,1.833,446788.0,510510,sh,中证500ETF广发
2023-07-27,1.839,1.828,1.843,1.824,630455.0,510510,sh,中证500ETF广发
2023-07-28,1.825,1.853,1.855,1.82,475812.0,510510,sh,中证500ETF广发
2023-07-31,1.852,1.865,1.882,1.852,410663.0,510510,sh,中证500ETF广发
2023-08-01,1.863,1.866,1.875,1.863,322955.0,510510,sh,中证500ETF广发
2023-08-02,1.866,1.862,1.874,1.856,361089.0,510510,sh,中证500ETF广发
2023-08-03,1.857,1.868,1.869,1.854,332236.0,510510,sh,中证500ETF广发
2023-08-04,1.875,1.879,1.891,1.871,433738.0,510510,sh,中证500ETF广发
2023-08-07,1.879,1.868,1.879,1.863,637410.0,510510,sh,中证500ETF广发
2023-08-08,1.868,1.861,1.868,1.853,343045.0,510510,sh,中证500ETF广发
2023-08-09,1.86,1.847,1.86,1.843,444341.0,510510,sh,中证500ETF广发
2023-08-10,1.847,1.848,1.851,1.839,272980.0,510510,sh,中证500ETF广发
2023-08-11,1.848,1.811,1.848,1.81,737810.0,510510,sh,中证500ETF广发
2023-08-14,1.8,1.813,1.817,1.79,364873.0,510510,sh,中证500ETF广发
2023-08-15,1.811,1.805,1.818,1.79,399543.0,510510,sh,中证500ETF广发
2023-08-16,1.8,1.789,1.806,1.789,613762.0,510510,sh,中证500ETF广发
2023-08-17,1.788,1.802,1.804,1.774,478554.0,510510,sh,中证500ETF广发
2023-08-18,1.801,1.773,1.808,1.773,602081.0,510510,sh,中证500ETF广发
2023-08-21,1.772,1.751,1.783,1.75,415144.0,510510,sh,中证500ETF广发
2023-08-22,1.757,1.76,1.764,1.731,664083.0,510510,sh,中证500ETF广发
2023-08-23,1.753,1.728,1.756,1.727,537124.0,510510,sh,中证500ETF广发
2023-08-24,1.73,1.735,1.751,1.728,345058.0,510510,sh,中证500ETF广发
2023-08-25,1.734,1.715,1.737,1.707,608315.0,510510,sh,中证500ETF广发
2023-08-28,1.78,1.735,1.807,1.728,554001.0,510510,sh,中证500ETF广发
2023-08-29,1.733,1.77,1.777,1.731,768578.0,510510,sh,中证500ETF广发
2023-08-30,1.771,1.771,1.785,1.766,513387.0,510510,sh,中证500ETF广发
2023-08-31,1.77,1.764,1.774,1.759,489664.0,510510,sh,中证500ETF广发
2023-09-01,1.765,1.769,1.775,1.762,490088.0,510510,sh,中证500ETF广发
2023-09-04,1.777,1.789,1.792,1.769,278496.0,510510,sh,中证500ETF广发
2023-09-05,1.785,1.781,1.788,1.776,396335.0,510510,sh,中证500ETF广发
2023-09-06,1.778,1.777,1.782,1.766,378438.0,510510,sh,中证500ETF广发
2023-09-07,1.775,1.755,1.775,1.753,396806.0,510510,sh,中证500ETF广发
2023-09-08,1.75,1.751,1.76,1.746,461187.0,510510,sh,中证500ETF广发
2023-09-11,1.755,1.772,1.782,1.751,600321.0,510510,sh,中证500ETF广发
2023-09-12,1.771,1.775,1.781,1.77,504502.0,510510,sh,中证500ETF广发
2023-09-13,1.775,1.757,1.775,1.749,802628.0,510510,sh,中证500ETF广发
2023-09-14,1.758,1.756,1.759,1.745,558498.0,510510,sh,中证500ETF广发
2023-09-15,1.757,1.756,1.767,1.749,496486.0,510510,sh,中证500ETF广发
2023-09-18,1.751,1.758,1.764,1.743,520655.0,510510,sh,中证500ETF广发
2023-09-19,1.759,1.75,1.759,1.743,558055.0,510510,sh,中证500ETF广发
2023-09-20,1.748,1.738,1.75,1.738,389709.0,510510,sh,中证500ETF广发
2023-09-21,1.737,1.724,1.743,1.723,495274.0,510510,sh,中证500ETF广发
2023-09-22,1.728,1.753,1.753,1.723,752244.0,510510,sh,中证500ETF广发
2023-09-25,1.751,1.745,1.752,1.739,698059.0,510510,sh,中证500ETF广发
2023-09-26,1.745,1.738,1.746,1.736,377161.0,510510,sh,中证500ETF广发
2023-09-27,1.731,1.746,1.753,1.731,401002.0,510510,sh,中证500ETF广发
2023-09-28,1.753,1.749,1.757,1.744,358445.0,510510,sh,中证500ETF广发
2023-10-09,1.748,1.737,1.748,1.73,436077.0,510510,sh,中证500ETF广发
2023-10-10,1.736,1.731,1.748,1.729,296183.0,510510,sh,中证500ETF广发
2023-10-11,1.73,1.729,1.745,1.725,482814.0,510510,sh,中证500ETF广发
2023-10-12,1.734,1.741,1.744,1.733,441583.0,510510,sh,中证500ETF广发
2023-10-13,1.731,1.731,1.733,1.727,339591.0,510510,sh,中证500ETF广发
2023-10-16,1.731,1.716,1.733,1.71,408099.0,510510,sh,中证500ETF广发
2023-10-17,1.717,1.72,1.72,1.707,467042.0,510510,sh,中证500ETF广发
2023-10-18,1.72,1.699,1.72,1.695,426176.0,510510,sh,中证500ETF广发
2023-10-19,1.697,1.681,1.701,1.679,803249.0,510510,sh,中证500ETF广发
2023-10-20,1.677,1.669,1.683,1.662,692814.0,510510,sh,中证500ETF广发
2023-10-23,1.666,1.624,1.667,1.616,870123.0,510510,sh,中证500ETF广发
2023-10-24,1.634,1.642,1.647,1.621,512619.0,510510,sh,中证500ETF广发
2023-10-25,1.65,1.65,1.666,1.65,436446.0,510510,sh,中证500ETF广发
2023-10-26,1.65,1.659,1.662,1.641,503741.0,510510,sh,中证500ETF广发
2023-10-27,1.657,1.689,1.696,1.655,443256.0,510510,sh,中证500ETF广发
2023-10-30,1.685,1.703,1.71,1.685,493218.0,510510,sh,中证500ETF广发
2023-10-31,1.703,1.7,1.707,1.692,318184.0,510510,sh,中证500ETF广发
2023-11-01,1.701,1.695,1.701,1.688,416239.0,510510,sh,中证500ETF广发
2023-11-02,1.698,1.68,1.7,1.68,382174.0,510510,sh,中证500ETF广发
2023-11-03,1.68,1.694,1.703,1.68,507822.0,510510,sh,中证500ETF广发
2023-11-06,1.698,1.723,1.723,1.698,468376.0,510510,sh,中证500ETF广发
2023-11-07,1.719,1.726,1.732,1.711,358485.0,510510,sh,中证500ETF广发
2023-11-08,1.725,1.724,1.731,1.715,553113.0,510510,sh,中证500ETF广发
2023-11-09,1.724,1.72,1.734,1.715,371475.0,510510,sh,中证500ETF广发
2023-11-10,1.718,1.715,1.718,1.706,427380.0,510510,sh,中证500ETF广发
2023-11-13,1.715,1.723,1.724,1.71,445982.0,510510,sh,中证500ETF广发
2023-11-14,1.722,1.73,1.734,1.721,350094.0,510510,sh,中证500ETF广发
2023-11-15,1.738,1.74,1.748,1.736,284648.0,510510,sh,中证500ETF广发
2023-11-16,1.741,1.724,1.741,1.724,261843.0,510510,sh,中证500ETF广发
2023-11-17,1.732,1.729,1.732,1.72,303547.0,510510,sh,中证500ETF广发
2023-11-20,1.729,1.74,1.744,1.722,464615.0,510510,sh,中证500ETF广发
2023-11-21,1.744,1.735,1.751,1.731,320189.0,510510,sh,中证500ETF广发
2023-11-22,1.735,1.714,1.735,1.712,231896.0,510510,sh,中证500ETF广发
2023-11-23,1.714,1.731,1.733,1.705,317748.0,510510,sh,中证500ETF广发
2023-11-24,1.73,1.714,1.73,1.71,231527.0,510510,sh,中证500ETF广发
2023-11-27,1.714,1.712,1.715,1.699,374569.0,510510,sh,中证500ETF广发
2023-11-28,1.708,1.718,1.721,1.698,297631.0,510510,sh,中证500ETF广发
2023-11-29,1.718,1.709,1.718,1.705,328823.0,510510,sh,中证500ETF广发
2023-11-30,1.709,1.703,1.71,1.693,215585.0,510510,sh,中证500ETF广发
2023-12-01,1.703,1.712,1.715,1.696,329340.0,510510,sh,中证500ETF广发
2023-12-04,1.712,1.709,1.719,1.708,254001.0,510510,sh,中证500ETF广发
2023-12-05,1.711,1.679,1.711,1.677,223072.0,510510,sh,中证500ETF广发
2023-12-06,1.679,1.684,1.694,1.675,223893.0,510510,sh,中证500ETF广发
2023-12-07,1.684,1.688,1.694,1.671,252145.0,510510,sh,中证500ETF广发
2023-12-08,1.688,1.688,1.699,1.68,323960.0,510510,sh,中证500ETF广发
2023-12-11,1.685,1.708,1.714,1.672,413774.0,510510,sh,中证500ETF广发
2023-12-12,1.708,1.712,1.713,1.704,265827.0,510510,sh,中证500ETF广发
2023-12-13,1.712,1.693,1.712,1.692,180878.0,510510,sh,中证500ETF广发
2023-12-14,1.705,1.687,1.709,1.684,239926.0,510510,sh,中证500ETF广发
2023-12-15,1.687,1.676,1.696,1.671,616259.0,510510,sh,中证500ETF广发
2023-12-18,1.67,1.656,1.676,1.653,334525.0,510510,sh,中证500ETF广发
2023-12-19,1.656,1.652,1.663,1.642,440548.0,510510,sh,中证500ETF广发
2023-12-20,1.652,1.633,1.655,1.632,406719.0,510510,sh,中证500ETF广发
2023-12-21,1.633,1.639,1.645,1.614,599950.0,510510,sh,中证500ETF广发
2023-12-22,1.639,1.633,1.649,1.626,518326.0,510510,sh,中证500ETF广发
2023-12-25,1.631,1.631,1.642,1.625,144804.0,510510,sh,中证500ETF广发
2023-12-26,1.631,1.619,1.631,1.611,1102869.0,510510,sh,中证500ETF广发
2023-12-27,1.618,1.623,1.63,1.609,953605.0,510510,sh,中证500ETF广发
2023-12-28,1.628,1.652,1.658,1.621,818224.0,510510,sh,中证500ETF广发
2023-12-29,1.654,1.668,1.672,1.653,382925.0,510510,sh,中证500ETF广发
2024-01-02,1.668,1.661,1.671,1.66,458343.0,510510,sh,中证500ETF广发
2024-01-03,1.659,1.66,1.666,1.65,188791.0,510510,sh,中证500ETF广发
2024-01-04,1.657,1.647,1.657,1.638,183905.0,510510,sh,中证500ETF广发
2024-01-05,1.648,1.625,1.649,1.619,376379.0,510510,sh,中证500ETF广发
2024-01-08,1.615,1.589,1.629,1.587,299432.0,510510,sh,中证500ETF广发
2024-01-09,1.592,1.591,1.604,1.582,415023.0,510510,sh,中证500ETF广发
2024-01-10,1.581,1.586,1.602,1.571,349088.0,510510,sh,中证500ETF广发
2024-01-11,1.576,1.604,1.61,1.576,579231.0,510510,sh,中证500ETF广发
2024-01-12,1.601,1.6,1.618,1.599,260511.0,510510,sh,中证500ETF广发
2024-01-15,1.589,1.596,1.61,1.588,212903.0,510510,sh,中证500ETF广发
2024-01-16,1.596,1.592,1.6,1.573,475416.0,510510,sh,中证500ETF广发
2024-01-17,1.586,1.561,1.589,1.551,262903.0,510510,sh,中证500ETF广发
2024-01-18,1.545,1.556,1.576,1.51,229907.0,510510,sh,中证500ETF广发
2024-01-19,1.552,1.543,1.561,1.541,290273.0,510510,sh,中证500ETF广发
2024-01-22,1.541,1.497,1.541,1.466,416040.0,510510,sh,中证500ETF广发
2024-01-23,1.474,1.497,1.502,1.452,273123.0,510510,sh,中证500ETF广发
2024-01-24,1.503,1.524,1.525,1.468,425152.0,510510,sh,中证500ETF广发
2024-01-25,1.521,1.559,1.56,1.511,206047.0,510510,sh,中证500ETF广发
2024-01-26,1.561,1.546,1.561,1.54,141758.0,510510,sh,中证500ETF广发
2024-01-29,1.545,1.518,1.552,1.516,172859.0,510510,sh,中证500ETF广发
2024-01-30,1.518,1.48,1.52,1.476,195922.0,510510,sh,中证500ETF广发
2024-01-31,1.479,1.442,1.488,1.442,251511.0,510510,sh,中证500ETF广发
2024-02-01,1.442,1.439,1.467,1.422,258070.0,510510,sh,中证500ETF广发
2024-02-02,1.432,1.407,1.455,1.358,284290.0,510510,sh,中证500ETF广发
2024-02-05,1.397,1.384,1.415,1.32,372347.0,510510,sh,中证500ETF广发
2024-02-06,1.371,1.481,1.486,1.356,392687.0,510510,sh,中证500ETF广发
2024-02-07,1.481,1.576,1.577,1.475,425636.0,510510,sh,中证500ETF广发
2024-02-08,1.602,1.58,1.653,1.57,721510.0,510510,sh,中证500ETF广发
2024-02-19,1.597,1.574,1.599,1.555,792211.0,510510,sh,中证500ETF广发
2024-02-20,1.572,1.576,1.58,1.559,340716.0,510510,sh,中证500ETF广发
2024-02-21,1.561,1.577,1.612,1.561,984382.0,510510,sh,中证500ETF广发
2024-02-22,1.578,1.588,1.592,1.569,872993.0,510510,sh,中证500ETF广发
2024-02-23,1.586,1.595,1.595,1.571,672523.0,510510,sh,中证500ETF广发
2024-02-26,1.594,1.594,1.613,1.58,645105.0,510510,sh,中证500ETF广发
2024-02-27,1.585,1.629,1.63,1.585,562583.0,510510,sh,中证500ETF广发
2024-02-28,1.629,1.592,1.652,1.591,483395.0,510510,sh,中证500ETF广发
2024-02-29,1.591,1.64,1.644,1.584,1343959.0,510510,sh,中证500ETF广发
2024-03-01,1.641,1.651,1.655,1.632,538930.0,510510,sh,中证500ETF广发
2024-03-04,1.651,1.653,1.657,1.634,324138.0,510510,sh,中证500ETF广发
2024-03-05,1.651,1.641,1.652,1.634,290864.0,510510,sh,中证500ETF广发
2024-03-06,1.64,1.64,1.659,1.624,388509.0,510510,sh,中证500ETF广发
2024-03-07,1.638,1.622,1.653,1.621,1036808.0,510510,sh,中证500ETF广发
2024-03-08,1.621,1.641,1.647,1.617,636518.0,510510,sh,中证500ETF广发
2024-03-11,1.641,1.672,1.672,1.638,551524.0,510510,sh,中证500ETF广发
2024-03-12,1.675,1.661,1.681,1.651,740337.0,510510,sh,中证500ETF广发
2024-03-13,1.66,1.661,1.676,1.653,721041.0,510510,sh,中证500ETF广发
2024-03-14,1.661,1.655,1.672,1.641,1062719.0,510510,sh,中证500ETF广发
2024-03-15,1.651,1.675,1.677,1.643,772651.0,510510,sh,中证500ETF广发
2024-03-18,1.677,1.696,1.698,1.674,764376.0,510510,sh,中证500ETF广发
2024-03-19,1.695,1.681,1.697,1.679,915749.0,510510,sh,中证500ETF广发
2024-03-20,1.682,1.683,1.687,1.674,1851638.0,510510,sh,中证500ETF广发
2024-03-21,1.684,1.676,1.695,1.673,2026940.0,510510,sh,中证500ETF广发
2024-03-22,1.675,1.653,1.675,1.642,1717851.0,510510,sh,中证500ETF广发
2024-03-25,1.651,1.627,1.657,1.623,1112565.0,510510,sh,中证500ETF广发
2024-03-26,1.622,1.62,1.633,1.607,1195670.0,510510,sh,中证500ETF广发
2024-03-27,1.621,1.584,1.621,1.583,766449.0,510510,sh,中证500ETF广发
2024-03-28,1.582,1.603,1.62,1.582,1130722.0,510510,sh,中证500ETF广发
2024-03-29,1.603,1.624,1.625,1.6,778922.0,510510,sh,中证500ETF广发
2024-04-01,1.624,1.657,1.66,1.624,1166641.0,510510,sh,中证500ETF广发
2024-04-02,1.651,1.65,1.658,1.642,997982.0,510510,sh,中证500ETF广发
2024-04-03,1.65,1.65,1.652,1.642,611859.0,510510,sh,中证500ETF广发
2024-04-08,1.64,1.626,1.651,1.624,683258.0,510510,sh,中证500ETF广发
2024-04-09,1.62,1.639,1.64,1.62,850154.0,510510,sh,中证500ETF广发
2024-04-10,1.639,1.619,1.639,1.607,867359.0,510510,sh,中证500ETF广发
2024-04-11,1.617,1.627,1.643,1.61,1312989.0,510510,sh,中证500ETF广发
2024-04-12,1.628,1.62,1.638,1.615,1795483.0,510510,sh,中证500ETF广发
2024-04-15,1.62,1.639,1.65,1.602,1602224.0,510510,sh,中证500ETF广发
2024-04-16,1.631,1.593,1.641,1.591,2278507.0,510510,sh,中证500ETF广发
2024-04-17,1.595,1.636,1.638,1.595,1839308.0,510510,sh,中证500ETF广发
2024-04-18,1.627,1.64,1.661,1.624,1455894.0,510510,sh,中证500ETF广发
2024-04-19,1.639,1.631,1.648,1.622,989576.0,510510,sh,中证500ETF广发
2024-04-22,1.63,1.616,1.639,1.613,1040645.0,510510,sh,中证500ETF广发
2024-04-23,1.617,1.598,1.623,1.596,1025269.0,510510,sh,中证500ETF广发
2024-04-24,1.598,1.616,1.617,1.592,135454.0,510510,sh,中证500ETF广发
2024-04-25,1.612,1.615,1.627,1.606,113524.0,510510,sh,中证500ETF广发
2024-04-26,1.615,1.651,1.654,1.615,419287.0,510510,sh,中证500ETF广发
2024-04-29,1.651,1.683,1.689,1.651,1221767.0,510510,sh,中证500ETF广发
2024-04-30,1.683,1.671,1.684,1.67,289735.0,510510,sh,中证500ETF广发
2024-05-06,1.679,1.695,1.701,1.679,209516.0,510510,sh,中证500ETF广发
2024-05-07,1.693,1.697,1.701,1.69,195331.0,510510,sh,中证500ETF广发
2024-05-08,1.697,1.677,1.697,1.674,243590.0,510510,sh,中证500ETF广发
2024-05-09,1.677,1.705,1.71,1.677,298998.0,510510,sh,中证500ETF广发
2024-05-10,1.705,1.699,1.712,1.687,779812.0,510510,sh,中证500ETF广发
2024-05-13,1.694,1.69,1.698,1.675,619002.0,510510,sh,中证500ETF广发
2024-05-14,1.696,1.688,1.702,1.684,183683.0,510510,sh,中证500ETF广发
2024-05-15,1.689,1.673,1.689,1.67,245792.0,510510,sh,中证500ETF广发
2024-05-16,1.673,1.667,1.689,1.661,166912.0,510510,sh,中证500ETF广发
2024-05-17,1.667,1.69,1.691,1.664,170193.0,510510,sh,中证500ETF广发
2024-05-20,1.693,1.696,1.703,1.681,235447.0,510510,sh,中证500ETF广发
2024-05-21,1.697,1.684,1.697,1.678,130494.0,510510,sh,中证500ETF广发
2024-05-22,1.68,1.682,1.687,1.678,142375.0,510510,sh,中证500ETF广发
2024-05-23,1.682,1.652,1.682,1.646,244866.0,510510,sh,中证500ETF广发
2024-05-24,1.651,1.637,1.664,1.635,153857.0,510510,sh,中证500ETF广发
2024-05-27,1.645,1.652,1.654,1.627,139751.0,510510,sh,中证500ETF广发
2024-05-28,1.653,1.638,1.653,1.635,130589.0,510510,sh,中证500ETF广发
2024-05-29,1.637,1.641,1.654,1.636,231983.0,510510,sh,中证500ETF广发
2024-05-30,1.639,1.638,1.651,1.633,152788.0,510510,sh,中证500ETF广发
2024-05-31,1.638,1.638,1.654,1.638,167138.0,510510,sh,中证500ETF广发
2024-06-03,1.638,1.627,1.641,1.613,165431.0,510510,sh,中证500ETF广发
2024-06-04,1.627,1.647,1.653,1.619,285510.0,510510,sh,中证500ETF广发
2024-06-05,1.645,1.629,1.65,1.629,123713.0,510510,sh,中证500ETF广发
2024-06-06,1.629,1.618,1.641,1.611,245254.0,510510,sh,中证500ETF广发
2024-06-07,1.62,1.61,1.63,1.601,216776.0,510510,sh,中证500ETF广发
2024-06-11,1.61,1.615,1.619,1.596,210746.0,510510,sh,中证500ETF广发
2024-06-12,1.614,1.619,1.623,1.612,127130.0,510510,sh,中证500ETF广发
2024-06-13,1.619,1.608,1.62,1.605,311725.0,510510,sh,中证500ETF广发
2024-06-14,1.607,1.618,1.625,1.601,320833.0,510510,sh,中证500ETF广发
2024-06-17,1.618,1.613,1.619,1.609,224073.0,510510,sh,中证500ETF广发
2024-06-18,1.609,1.619,1.626,1.609,332855.0,510510,sh,中证500ETF广发
2024-06-19,1.616,1.604,1.624,1.602,587896.0,510510,sh,中证500ETF广发
2024-06-20,1.606,1.581,1.608,1.578,245881.0,510510,sh,中证500ETF广发
2024-06-21,1.581,1.582,1.592,1.575,240389.0,510510,sh,中证500ETF广发
2024-06-24,1.583,1.55,1.583,1.547,217703.0,510510,sh,中证500ETF广发
2024-06-25,1.55,1.537,1.559,1.526,200897.0,510510,sh,中证500ETF广发
2024-06-26,1.53,1.558,1.562,1.527,210938.0,510510,sh,中证500ETF广发
2024-06-27,1.545,1.534,1.555,1.531,260230.0,510510,sh,中证500ETF广发
2024-06-28,1.534,1.535,1.556,1.528,185880.0,510510,sh,中证500ETF广发
2024-07-01,1.536,1.553,1.561,1.531,223765.0,510510,sh,中证500ETF广发
2024-07-02,1.555,1.539,1.555,1.533,198309.0,510510,sh,中证500ETF广发
2024-07-03,1.533,1.525,1.54,1.524,232920.0,510510,sh,中证500ETF广发
2024-07-04,1.525,1.505,1.533,1.501,149716.0,510510,sh,中证500ETF广发
2024-07-05,1.504,1.515,1.518,1.493,325130.0,510510,sh,中证500ETF广发
2024-07-08,1.515,1.49,1.515,1.484,174124.0,510510,sh,中证500ETF广发
2024-07-09,1.489,1.517,1.522,1.478,479565.0,510510,sh,中证500ETF广发
2024-07-10,1.513,1.507,1.522,1.506,168374.0,510510,sh,中证500ETF广发
2024-07-11,1.526,1.539,1.54,1.517,290535.0,510510,sh,中证500ETF广发
2024-07-12,1.534,1.532,1.538,1.527,209652.0,510510,sh,中证500ETF广发
2024-07-15,1.531,1.521,1.531,1.517,258751.0,510510,sh,中证500ETF广发
2024-07-16,1.521,1.525,1.53,1.512,143181.0,510510,sh,中证500ETF广发
2024-07-17,1.525,1.514,1.53,1.513,127353.0,510510,sh,中证500ETF广发
2024-07-18,1.51,1.522,1.523,1.495,467818.0,510510,sh,中证500ETF广发
2024-07-19,1.51,1.519,1.529,1.51,367541.0,510510,sh,中证500ETF广发
2024-07-22,1.518,1.517,1.526,1.507,294073.0,510510,sh,中证500ETF广发
2024-07-23,1.505,1.474,1.517,1.473,279043.0,510510,sh,中证500ETF广发
2024-07-24,1.474,1.455,1.478,1.453,285697.0,510510,sh,中证500ETF广发
2024-07-25,1.451,1.454,1.471,1.447,271929.0,510510,sh,中证500ETF广发
2024-07-26,1.452,1.478,1.482,1.452,171377.0,510510,sh,中证500ETF广发
2024-07-29,1.472,1.469,1.478,1.467,174584.0,510510,sh,中证500ETF广发
2024-07-30,1.468,1.466,1.471,1.451,325438.0,510510,sh,中证500ETF广发
2024-07-31,1.466,1.528,1.528,1.462,574378.0,510510,sh,中证500ETF广发
2024-08-01,1.523,1.514,1.539,1.507,337128.0,510510,sh,中证500ETF广发
2024-08-02,1.506,1.495,1.523,1.491,265010.0,510510,sh,中证500ETF广发
2024-08-05,1.49,1.466,1.514,1.463,528914.0,510510,sh,中证500ETF广发
2024-08-06,1.473,1.482,1.491,1.466,364953.0,510510,sh,中证500ETF广发
2024-08-07,1.474,1.482,1.493,1.472,400109.0,510510,sh,中证500ETF广发
2024-08-08,1.473,1.484,1.497,1.467,400705.0,510510,sh,中证500ETF广发
2024-08-09,1.49,1.472,1.501,1.472,349272.0,510510,sh,中证500ETF广发
2024-08-12,1.467,1.473,1.48,1.465,301887.0,510510,sh,中证500ETF广发
2024-08-13,1.469,1.478,1.478,1.46,260477.0,510510,sh,中证500ETF广发
2024-08-14,1.474,1.456,1.475,1.455,358888.0,510510,sh,中证500ETF广发
2024-08-15,1.456,1.465,1.483,1.452,432230.0,510510,sh,中证500ETF广发
2024-08-16,1.465,1.458,1.471,1.456,218090.0,510510,sh,中证500ETF广发
2024-08-19,1.459,1.461,1.479,1.458,366940.0,510510,sh,中证500ETF广发
2024-08-20,1.463,1.437,1.465,1.431,442442.0,510510,sh,中证500ETF广发
2024-08-21,1.437,1.432,1.439,1.431,233995.0,510510,sh,中证500ETF广发
2024-08-22,1.429,1.416,1.437,1.412,367468.0,510510,sh,中证500ETF广发
2024-08-23,1.408,1.417,1.422,1.408,130775.0,510510,sh,中证500ETF广发
2024-08-26,1.417,1.419,1.424,1.413,189642.0,510510,sh,中证500ETF广发
2024-08-27,1.419,1.403,1.419,1.4,1065602.0,510510,sh,中证500ETF广发
2024-08-28,1.399,1.404,1.414,1.399,806276.0,510510,sh,中证500ETF广发
2024-08-29,1.403,1.424,1.431,1.398,402043.0,510510,sh,中证500ETF广发
2024-08-30,1.423,1.447,1.47,1.42,566261.0,510510,sh,中证500ETF广发
2024-09-02,1.445,1.421,1.448,1.418,745874.0,510510,sh,中证500ETF广发
2024-09-03,1.42,1.435,1.441,1.42,253281.0,510510,sh,中证500ETF广发
2024-09-04,1.432,1.431,1.445,1.42,271391.0,510510,sh,中证500ETF广发
2024-09-05,1.428,1.437,1.448,1.428,407972.0,510510,sh,中证500ETF广发
2024-09-06,1.437,1.418,1.441,1.415,643500.0,510510,sh,中证500ETF广发
2024-09-09,1.417,1.407,1.42,1.401,332968.0,510510,sh,中证500ETF广发
2024-09-10,1.407,1.406,1.416,1.383,424944.0,510510,sh,中证500ETF广发
2024-09-11,1.402,1.41,1.416,1.399,229776.0,510510,sh,中证500ETF广发
2024-09-12,1.41,1.406,1.429,1.404,290792.0,510510,sh,中证500ETF广发
2024-09-13,1.406,1.39,1.41,1.389,236218.0,510510,sh,中证500ETF广发
2024-09-18,1.384,1.395,1.399,1.372,294129.0,510510,sh,中证500ETF广发
2024-09-19,1.398,1.415,1.429,1.385,332076.0,510510,sh,中证500ETF广发
2024-09-20,1.413,1.402,1.413,1.396,226589.0,510510,sh,中证500ETF广发
2024-09-23,1.403,1.404,1.422,1.399,230576.0,510510,sh,中证500ETF广发
2024-09-24,1.409,1.466,1.467,1.407,678111.0,510510,sh,中证500ETF广发
2024-09-25,1.479,1.48,1.515,1.476,337267.0,510510,sh,中证500ETF广发
2024-09-26,1.478,1.551,1.553,1.473,399413.0,510510,sh,中证500ETF广发
2024-09-27,1.582,1.689,1.7,1.576,183144.0,510510,sh,中证500ETF广发
2024-09-30,1.78,1.858,1.858,1.691,1077458.0,510510,sh,中证500ETF广发
2024-10-08,2.044,1.943,2.044,1.857,1050039.0,510510,sh,中证500ETF广发
2024-10-09,1.917,1.804,1.917,1.775,682382.0,510510,sh,中证500ETF广发
2024-10-10,1.804,1.78,1.84,1.755,626917.0,510510,sh,中证500ETF广发
2024-10-11,1.77,1.71,1.774,1.689,487290.0,510510,sh,中证500ETF广发
2024-10-14,1.711,1.753,1.76,1.691,337214.0,510510,sh,中证500ETF广发
2024-10-15,1.753,1.71,1.77,1.708,256221.0,510510,sh,中证500ETF广发
2024-10-16,1.701,1.71,1.735,1.69,440684.0,510510,sh,中证500ETF广发
2024-10-17,1.711,1.694,1.735,1.692,228855.0,510510,sh,中证500ETF广发
2024-10-18,1.693,1.777,1.823,1.69,463334.0,510510,sh,中证500ETF广发
2024-10-21,1.786,1.779,1.811,1.76,343238.0,510510,sh,中证500ETF广发
2024-10-22,1.779,1.8,1.806,1.771,333649.0,510510,sh,中证500ETF广发
2024-10-23,1.801,1.808,1.832,1.79,271503.0,510510,sh,中证500ETF广发
2024-10-24,1.808,1.788,1.808,1.779,277704.0,510510,sh,中证500ETF广发
2024-10-25,1.79,1.818,1.828,1.79,268435.0,510510,sh,中证500ETF广发
2024-10-28,1.817,1.837,1.84,1.806,476865.0,510510,sh,中证500ETF广发
2024-10-29,1.842,1.817,1.849,1.813,542953.0,510510,sh,中证500ETF广发
2024-10-30,1.816,1.824,1.837,1.804,350174.0,510510,sh,中证500ETF广发
2024-10-31,1.824,1.845,1.861,1.817,437614.0,510510,sh,中证500ETF广发
2024-11-01,1.843,1.828,1.853,1.814,292200.0,510510,sh,中证500ETF广发
2024-11-04,1.826,1.855,1.855,1.826,184514.0,510510,sh,中证500ETF广发
2024-11-05,1.855,1.911,1.916,1.847,442069.0,510510,sh,中证500ETF广发
2024-11-06,1.915,1.913,1.94,1.9,614259.0,510510,sh,中证500ETF广发
2024-11-07,1.903,1.95,1.953,1.894,445788.0,510510,sh,中证500ETF广发
2024-11-08,1.952,1.946,1.976,1.939,395182.0,510510,sh,中证500ETF广发
2024-11-11,1.935,1.973,1.977,1.935,309621.0,510510,sh,中证500ETF广发
2024-11-12,1.971,1.955,1.996,1.941,313041.0,510510,sh,中证500ETF广发
2024-11-13,1.939,1.953,1.961,1.926,346806.0,510510,sh,中证500ETF广发
2024-11-14,1.952,1.905,1.952,1.897,380804.0,510510,sh,中证500ETF广发
2024-11-15,1.902,1.853,1.907,1.85,899209.0,510510,sh,中证500ETF广发
2024-11-18,1.852,1.823,1.868,1.81,703824.0,510510,sh,中证500ETF广发
2024-11-19,1.825,1.852,1.855,1.807,938127.0,510510,sh,中证500ETF广发
2024-11-20,1.849,1.872,1.878,1.846,579218.0,510510,sh,中证500ETF广发
2024-11-21,1.87,1.869,1.876,1.855,351580.0,510510,sh,中证500ETF广发
2024-11-22,1.864,1.798,1.869,1.796,771038.0,510510,sh,中证500ETF广发
2024-11-25,1.801,1.793,1.804,1.768,1205453.0,510510,sh,中证500ETF广发
2024-11-26,1.792,1.779,1.803,1.776,800299.0,510510,sh,中证500ETF广发
2024-11-27,1.779,1.812,1.815,1.755,491231.0,510510,sh,中证500ETF广发
2024-11-28,1.819,1.801,1.82,1.794,419117.0,510510,sh,中证500ETF广发
2024-11-29,1.801,1.828,1.844,1.793,805790.0,510510,sh,中证500ETF广发
2024-12-02,1.83,1.857,1.864,1.828,594195.0,510510,sh,中证500ETF广发
2024-12-03,1.857,1.853,1.864,1.839,443721.0,510510,sh,中证500ETF广发
2024-12-04,1.853,1.838,1.857,1.8,713364.0,510510,sh,中证500ETF广发
2024-12-05,1.831,1.845,1.853,1.831,237161.0,510510,sh,中证500ETF广发
2024-12-06,1.844,1.872,1.881,1.837,654605.0,510510,sh,中证500ETF广发
2024-12-09,1.865,1.86,1.877,1.847,486971.0,510510,sh,中证500ETF广发
2024-12-10,1.91,1.875,1.926,1.87,539295.0,510510,sh,中证500ETF广发
2024-12-11,1.876,1.891,1.893,1.868,338980.0,510510,sh,中证500ETF广发
2024-12-12,1.891,1.907,1.912,1.884,215125.0,510510,sh,中证500ETF广发
2024-12-13,1.902,1.877,1.902,1.873,503472.0,510510,sh,中证500ETF广发
2024-12-16,1.876,1.85,1.879,1.842,239616.0,510510,sh,中证500ETF广发
2024-12-17,1.848,1.831,1.854,1.827,263371.0,510510,sh,中证500ETF广发
2024-12-18,1.837,1.842,1.855,1.83,219822.0,510510,sh,中证500ETF广发
2024-12-19,1.836,1.848,1.854,1.822,265517.0,510510,sh,中证500ETF广发
2024-12-20,1.843,1.852,1.865,1.843,362142.0,510510,sh,中证500ETF广发
2024-12-23,1.851,1.821,1.857,1.819,383424.0,510510,sh,中证500ETF广发
2024-12-24,1.827,1.843,1.846,1.825,321134.0,510510,sh,中证500ETF广发
2024-12-25,1.843,1.828,1.843,1.813,495904.0,510510,sh,中证500ETF广发
2024-12-26,1.823,1.841,1.844,1.823,443180.0,510510,sh,中证500ETF广发
2024-12-27,1.84,1.846,1.871,1.84,341826.0,510510,sh,中证500ETF广发
2024-12-30,1.843,1.845,1.854,1.836,385500.0,510510,sh,中证500ETF广发
2024-12-31,1.845,1.792,1.849,1.791,514625.0,510510,sh,中证500ETF广发
2025-01-02,1.793,1.737,1.793,1.721,415017.0,510510,sh,中证500ETF广发
2025-01-03,1.737,1.7,1.745,1.697,499802.0,510510,sh,中证500ETF广发
2025-01-06,1.7,1.698,1.715,1.686,447304.0,510510,sh,中证500ETF广发
2025-01-07,1.699,1.717,1.717,1.69,402441.0,510510,sh,中证500ETF广发
2025-01-08,1.714,1.709,1.722,1.666,462530.0,510510,sh,中证500ETF广发
2025-01-09,1.702,1.707,1.719,1.7,498962.0,510510,sh,中证500ETF广发
2025-01-10,1.7,1.683,1.721,1.682,291700.0,510510,sh,中证500ETF广发
2025-01-13,1.678,1.685,1.697,1.667,238290.0,510510,sh,中证500ETF广发
2025-01-14,1.69,1.743,1.75,1.682,414882.0,510510,sh,中证500ETF广发
2025-01-15,1.743,1.729,1.743,1.725,355515.0,510510,sh,中证500ETF广发
2025-01-16,1.736,1.735,1.764,1.723,302291.0,510510,sh,中证500ETF广发
2025-01-17,1.723,1.748,1.761,1.723,354370.0,510510,sh,中证500ETF广发
2025-01-20,1.753,1.757,1.775,1.752,288698.0,510510,sh,中证500ETF广发
2025-01-21,1.759,1.762,1.767,1.744,274849.0,510510,sh,中证500ETF广发
2025-01-22,1.758,1.756,1.76,1.741,304446.0,510510,sh,中证500ETF广发
2025-01-23,1.764,1.751,1.792,1.748,354612.0,510510,sh,中证500ETF广发
2025-01-24,1.749,1.772,1.774,1.746,295348.0,510510,sh,中证500ETF广发
2025-01-27,1.772,1.748,1.786,1.748,284220.0,510510,sh,中证500ETF广发
2025-02-05,1.755,1.756,1.766,1.749,220688.0,510510,sh,中证500ETF广发
2025-02-06,1.756,1.799,1.802,1.751,527677.0,510510,sh,中证500ETF广发
2025-02-07,1.798,1.827,1.844,1.796,338920.0,510510,sh,中证500ETF广发
2025-02-10,1.828,1.841,1.845,1.825,243167.0,510510,sh,中证500ETF广发
2025-02-11,1.841,1.833,1.841,1.823,391337.0,510510,sh,中证500ETF广发
2025-02-12,1.827,1.857,1.86,1.827,219616.0,510510,sh,中证500ETF广发
2025-02-13,1.857,1.847,1.863,1.842,559546.0,510510,sh,中证500ETF广发
2025-02-14,1.846,1.861,1.865,1.843,261940.0,510510,sh,中证500ETF广发
2025-02-17,1.869,1.86,1.872,1.846,410338.0,510510,sh,中证500ETF广发
2025-02-18,1.857,1.829,1.861,1.82,218704.0,510510,sh,中证500ETF广发
2025-02-19,1.829,1.858,1.86,1.825,294652.0,510510,sh,中证500ETF广发
2025-02-20,1.858,1.863,1.87,1.851,336794.0,510510,sh,中证500ETF广发
2025-02-21,1.863,1.893,1.899,1.86,242665.0,510510,sh,中证500ETF广发
2025-02-24,1.893,1.891,1.9,1.878,305412.0,510510,sh,中证500ETF广发
2025-02-25,1.865,1.871,1.889,1.864,235094.0,510510,sh,中证500ETF广发
2025-02-26,1.872,1.892,1.896,1.867,332762.0,510510,sh,中证500ETF广发
2025-02-27,1.894,1.885,1.895,1.857,196299.0,510510,sh,中证500ETF广发
2025-02-28,1.873,1.835,1.877,1.831,251211.0,510510,sh,中证500ETF广发
2025-03-03,1.835,1.839,1.866,1.83,187969.0,510510,sh,中证500ETF广发
2025-03-04,1.833,1.855,1.86,1.828,267430.0,510510,sh,中证500ETF广发
2025-03-05,1.854,1.859,1.862,1.84,306547.0,510510,sh,中证500ETF广发
2025-03-06,1.861,1.89,1.899,1.861,196798.0,510510,sh,中证500ETF广发
2025-03-07,1.882,1.88,1.897,1.873,263609.0,510510,sh,中证500ETF广发
2025-03-10,1.88,1.876,1.887,1.866,349695.0,510510,sh,中证500ETF广发
2025-03-11,1.855,1.888,1.889,1.855,228347.0,510510,sh,中证500ETF广发
2025-03-12,1.892,1.89,1.91,1.887,234751.0,510510,sh,中证500ETF广发
2025-03-13,1.887,1.875,1.892,1.86,162313.0,510510,sh,中证500ETF广发
2025-03-14,1.873,1.907,1.908,1.87,222554.0,510510,sh,中证500ETF广发
2025-03-17,1.909,1.912,1.918,1.906,675742.0,510510,sh,中证500ETF广发
2025-03-18,1.909,1.917,1.929,1.909,362245.0,510510,sh,中证500ETF广发
2025-03-19,1.917,1.908,1.917,1.9,303678.0,510510,sh,中证500ETF广发
2025-03-20,1.909,1.896,1.91,1.895,265683.0,510510,sh,中证500ETF广发
2025-03-21,1.89,1.867,1.898,1.86,286111.0,510510,sh,中证500ETF广发
2025-03-24,1.865,1.867,1.872,1.84,347099.0,510510,sh,中证500ETF广发
2025-03-25,1.87,1.862,1.873,1.854,382472.0,510510,sh,中证500ETF广发
2025-03-26,1.858,1.859,1.87,1.857,502622.0,510510,sh,中证500ETF广发
2025-03-27,1.858,1.866,1.879,1.842,369933.0,510510,sh,中证500ETF广发
2025-03-28,1.866,1.853,1.87,1.846,200753.0,510510,sh,中证500ETF广发
2025-03-31,1.845,1.833,1.85,1.814,316930.0,510510,sh,中证500ETF广发
2025-04-01,1.833,1.843,1.856,1.833,305426.0,510510,sh,中证500ETF广发
2025-04-02,1.837,1.845,1.857,1.837,164916.0,510510,sh,中证500ETF广发
2025-04-03,1.831,1.829,1.848,1.82,375217.0,510510,sh,中证500ETF广发
2025-04-07,1.735,1.648,1.772,1.646,473701.0,510510,sh,中证500ETF广发
2025-04-08,1.647,1.665,1.682,1.638,335978.0,510510,sh,中证500ETF广发
2025-04-09,1.638,1.701,1.71,1.611,360738.0,510510,sh,中证500ETF广发
2025-04-10,1.711,1.734,1.758,1.711,184479.0,510510,sh,中证500ETF广发
2025-04-11,1.731,1.746,1.761,1.717,135576.0,510510,sh,中证500ETF广发
2025-04-14,1.756,1.759,1.77,1.755,250038.0,510510,sh,中证500ETF广发
2025-04-15,1.761,1.752,1.761,1.743,85093.0,510510,sh,中证500ETF广发
2025-04-16,1.745,1.736,1.749,1.719,112859.0,510510,sh,中证500ETF广发
2025-04-17,1.73,1.739,1.755,1.729,146893.0,510510,sh,中证500ETF广发
2025-04-18,1.739,1.739,1.747,1.73,286824.0,510510,sh,中证500ETF广发
2025-04-21,1.739,1.765,1.77,1.732,190866.0,510510,sh,中证500ETF广发
2025-04-22,1.765,1.76,1.769,1.758,82718.0,510510,sh,中证500ETF广发
2025-04-23,1.763,1.763,1.779,1.757,181891.0,510510,sh,中证500ETF广发
2025-04-24,1.763,1.755,1.77,1.747,99452.0,510510,sh,中证500ETF广发
2025-04-25,1.758,1.761,1.775,1.754,145658.0,510510,sh,中证500ETF广发
2025-04-28,1.761,1.754,1.763,1.748,293603.0,510510,sh,中证500ETF广发
2025-04-29,1.751,1.754,1.761,1.744,108758.0,510510,sh,中证500ETF广发
2025-04-30,1.757,1.762,1.768,1.755,205776.0,510510,sh,中证500ETF广发
2025-05-06,1.768,1.795,1.796,1.768,217972.0,510510,sh,中证500ETF广发
2025-05-07,1.809,1.799,1.825,1.788,157731.0,510510,sh,中证500ETF广发
2025-05-08,1.797,1.808,1.812,1.794,131877.0,510510,sh,中证500ETF广发
2025-05-09,1.805,1.793,1.806,1.786,190666.0,510510,sh,中证500ETF广发
2025-05-12,1.81,1.815,1.815,1.797,103579.0,510510,sh,中证500ETF广发
2025-05-13,1.822,1.809,1.825,1.806,169597.0,510510,sh,中证500ETF广发
2025-05-14,1.81,1.816,1.829,1.801,186188.0,510510,sh,中证500ETF广发
2025-05-15,1.817,1.791,1.817,1.79,294391.0,510510,sh,中证500ETF广发
2025-05-16,1.783,1.788,1.798,1.783,153712.0,510510,sh,中证500ETF广发
2025-05-19,1.787,1.792,1.793,1.774,186210.0,510510,sh,中证500ETF广发
2025-05-20,1.793,1.801,1.805,1.787,121081.0,510510,sh,中证500ETF广发
2025-05-21,1.798,1.803,1.804,1.796,75380.0,510510,sh,中证500ETF广发
2025-05-22,1.796,1.789,1.807,1.786,179236.0,510510,sh,中证500ETF广发
2025-05-23,1.789,1.775,1.801,1.774,138698.0,510510,sh,中证500ETF广发
2025-05-26,1.791,1.776,1.791,1.769,187082.0,510510,sh,中证500ETF广发
2025-05-27,1.775,1.772,1.778,1.764,99804.0,510510,sh,中证500ETF广发
2025-05-28,1.774,1.77,1.776,1.766,162552.0,510510,sh,中证500ETF广发
2025-05-29,1.769,1.794,1.799,1.769,181953.0,510510,sh,中证500ETF广发
2025-05-30,1.793,1.784,1.793,1.776,278514.0,510510,sh,中证500ETF广发
2025-06-03,1.778,1.787,1.795,1.775,128835.0,510510,sh,中证500ETF广发
2025-06-04,1.786,1.801,1.805,1.786,91893.0,510510,sh,中证500ETF广发
2025-06-05,1.8,1.81,1.816,1.796,139674.0,510510,sh,中证500ETF广发
2025-06-06,1.81,1.812,1.815,1.808,202123.0,510510,sh,中证500ETF广发
2025-06-09,1.812,1.824,1.834,1.812,228116.0,510510,sh,中证500ETF广发
2025-06-10,1.825,1.809,1.826,1.798,108118.0,510510,sh,中证500ETF广发
2025-06-11,1.812,1.822,1.831,1.812,153172.0,510510,sh,中证500ETF广发
2025-06-12,1.822,1.825,1.828,1.813,62456.0,510510,sh,中证500ETF广发
2025-06-13,1.825,1.809,1.825,1.803,86672.0,510510,sh,中证500ETF广发
2025-06-16,1.808,1.816,1.821,1.808,95614.0,510510,sh,中证500ETF广发
2025-06-17,1.816,1.813,1.821,1.807,109222.0,510510,sh,中证500ETF广发
2025-06-18,1.809,1.812,1.815,1.799,83623.0,510510,sh,中证500ETF广发
2025-06-19,1.805,1.792,1.813,1.786,99292.0,510510,sh,中证500ETF广发
2025-06-20,1.792,1.781,1.796,1.781,73847.0,510510,sh,中证500ETF广发
2025-06-23,1.777,1.792,1.795,1.776,81856.0,510510,sh,中证500ETF广发
2025-06-24,1.792,1.819,1.821,1.791,138270.0,510510,sh,中证500ETF广发
2025-06-25,1.82,1.853,1.855,1.816,176424.0,510510,sh,中证500ETF广发
2025-06-26,1.85,1.844,1.856,1.843,123955.0,510510,sh,中证500ETF广发
2025-06-27,1.844,1.851,1.866,1.844,166399.0,510510,sh,中证500ETF广发
2025-06-30,1.856,1.866,1.869,1.853,157706.0,510510,sh,中证500ETF广发
2025-07-01,1.865,1.873,1.873,1.856,139079.0,510510,sh,中证500ETF广发
2025-07-02,1.873,1.861,1.873,1.855,147490.0,510510,sh,中证500ETF广发
2025-07-03,1.866,1.868,1.872,1.858,141824.0,510510,sh,中证500ETF广发
2025-07-04,1.866,1.868,1.885,1.859,256962.0,510510,sh,中证500ETF广发
2025-07-07,1.867,1.861,1.867,1.859,157346.0,510510,sh,中证500ETF广发
2025-07-08,1.862,1.889,1.891,1.86,144068.0,510510,sh,中证500ETF广发
2025-07-09,1.889,1.88,1.893,1.878,74382.0,510510,sh,中证500ETF广发
2025-07-10,1.881,1.89,1.898,1.879,39354.0,510510,sh,中证500ETF广发
2025-07-11,1.89,1.906,1.918,1.885,107371.0,510510,sh,中证500ETF广发
2025-07-14,1.907,1.905,1.911,1.902,223748.0,510510,sh,中证500ETF广发
2025-07-15,1.903,1.904,1.916,1.892,889682.0,510510,sh,中证500ETF广发
2025-07-16,1.904,1.906,1.919,1.897,108325.0,510510,sh,中证500ETF广发
2025-07-17,1.904,1.926,1.927,1.904,53094.0,510510,sh,中证500ETF广发
2025-07-18,1.927,1.931,1.936,1.922,36302.0,510510,sh,中证500ETF广发
2025-07-21,1.933,1.949,1.95,1.933,92626.0,510510,sh,中证500ETF广发
2025-07-22,1.949,1.969,1.97,1.946,168374.0,510510,sh,中证500ETF广发
2025-07-23,1.967,1.963,1.982,1.958,171437.0,510510,sh,中证500ETF广发
2025-07-24,1.963,1.992,1.994,1.963,190007.0,510510,sh,中证500ETF广发
2025-07-25,1.993,1.992,1.997,1.985,223865.0,510510,sh,中证500ETF广发
2025-07-28,1.991,1.999,2.003,1.983,267121.0,510510,sh,中证500ETF广发
2025-07-29,1.999,2.013,2.015,1.984,224645.0,510510,sh,中证500ETF广发
2025-07-30,2.012,1.998,2.015,1.984,216473.0,510510,sh,中证500ETF广发
2025-07-31,1.996,1.972,2.0,1.963,254283.0,510510,sh,中证500ETF广发
2025-08-01,1.973,1.969,1.981,1.954,233203.0,510510,sh,中证500ETF广发
2025-08-04,1.956,1.983,1.983,1.956,216950.0,510510,sh,中证500ETF广发
2025-08-05,1.985,1.996,1.997,1.985,325470.0,510510,sh,中证500ETF广发
2025-08-06,1.997,2.014,2.014,1.991,115387.0,510510,sh,中证500ETF广发
2025-08-07,2.016,2.008,2.018,1.993,142884.0,510510,sh,中证500ETF广发
2025-08-08,2.0,2.003,2.012,1.996,95457.0,510510,sh,中证500ETF广发
2025-08-11,2.003,2.021,2.03,2.003,131899.0,510510,sh,中证500ETF广发
2025-08-12,2.02,2.032,2.033,2.014,102503.0,510510,sh,中证500ETF广发
2025-08-13,2.033,2.064,2.067,2.033,111150.0,510510,sh,中证500ETF广发
2025-08-14,2.064,2.039,2.066,2.032,129880.0,510510,sh,中证500ETF广发
2025-08-15,2.036,2.086,2.087,2.036,119245.0,510510,sh,中证500ETF广发
2025-08-18,2.095,2.113,2.131,2.086,198870.0,510510,sh,中证500ETF广发
2025-08-19,2.115,2.112,2.123,2.103,128042.0,510510,sh,中证500ETF广发
2025-08-20,2.11,2.135,2.137,2.088,370679.0,510510,sh,中证500ETF广发
2025-08-21,2.134,2.126,2.145,2.117,438140.0,510510,sh,中证500ETF广发
2025-08-22,2.126,2.162,2.173,2.124,269928.0,510510,sh,中证500ETF广发
2025-08-25,2.174,2.201,2.213,2.174,221630.0,510510,sh,中证500ETF广发
2025-08-26,2.203,2.205,2.223,2.19,162576.0,510510,sh,中证500ETF广发
2025-08-27,2.2,2.175,2.242,2.17,331778.0,510510,sh,中证500ETF广发
2025-08-28,2.167,2.224,2.227,2.156,376420.0,510510,sh,中证500ETF广发
2025-08-29,2.23,2.234,2.244,2.213,264513.0,510510,sh,中证500ETF广发
2025-09-01,2.235,2.25,2.252,2.228,211114.0,510510,sh,中证500ETF广发
2025-09-02,2.248,2.206,2.253,2.195,909271.0,510510,sh,中证500ETF广发
2025-09-03,2.206,2.174,2.218,2.163,184907.0,510510,sh,中证500ETF广发
2025-09-04,2.175,2.122,2.187,2.088,295689.0,510510,sh,中证500ETF广发
2025-09-05,2.125,2.197,2.198,2.116,135755.0,510510,sh,中证500ETF广发
2025-09-08,2.192,2.213,2.217,2.176,307469.0,510510,sh,中证500ETF广发
2025-09-09,2.205,2.198,2.216,2.181,193472.0,510510,sh,中证500ETF广发
2025-09-10,2.192,2.193,2.209,2.177,139914.0,510510,sh,中证500ETF广发
2025-09-11,2.189,2.261,2.264,2.178,179017.0,510510,sh,中证500ETF广发
2025-09-12,2.261,2.266,2.283,2.252,186082.0,510510,sh,中证500ETF广发
2025-09-15,2.265,2.259,2.274,2.254,176706.0,510510,sh,中证500ETF广发
2025-09-16,2.259,2.275,2.282,2.241,249604.0,510510,sh,中证500ETF广发
2025-09-17,2.277,2.303,2.304,2.266,127697.0,510510,sh,中证500ETF广发
2025-09-18,2.3,2.291,2.331,2.255,334091.0,510510,sh,中证500ETF广发
2025-09-19,2.288,2.274,2.295,2.26,179484.0,510510,sh,中证500ETF广发
2025-09-22,2.272,2.288,2.289,2.261,180770.0,510510,sh,中证500ETF广发
2025-09-23,2.288,2.275,2.296,2.23,317202.0,510510,sh,中证500ETF广发
2025-09-24,2.265,2.326,2.326,2.255,195332.0,510510,sh,中证500ETF广发
2025-09-25,2.329,2.327,2.34,2.32,106678.0,510510,sh,中证500ETF广发
2025-09-26,2.312,2.295,2.333,2.294,123394.0,510510,sh,中证500ETF广发
2025-09-29,2.295,2.333,2.345,2.289,194506.0,510510,sh,中证500ETF广发
2025-09-30,2.334,2.351,2.356,2.334,184619.0,510510,sh,中证500ETF广发
2025-10-09,2.352,2.39,2.399,2.352,163407.0,510510,sh,中证500ETF广发
2025-10-10,2.374,2.348,2.381,2.341,157353.0,510510,sh,中证500ETF广发
2025-10-13,2.27,2.339,2.346,2.269,203013.0,510510,sh,中证500ETF广发
2025-10-14,2.341,2.28,2.362,2.275,269673.0,510510,sh,中证500ETF广发
2025-10-15,2.279,2.31,2.315,2.267,121965.0,510510,sh,中证500ETF广发
2025-10-16,2.305,2.294,2.315,2.284,128326.0,510510,sh,中证500ETF广发
2025-10-17,2.285,2.23,2.301,2.225,93133.0,510510,sh,中证500ETF广发
2025-10-20,2.24,2.242,2.261,2.23,99845.0,510510,sh,中证500ETF广发
2025-10-21,2.248,2.278,2.284,2.247,139029.0,510510,sh,中证500ETF广发
2025-10-22,2.275,2.261,2.275,2.247,80064.0,510510,sh,中证500ETF广发
2025-10-23,2.261,2.276,2.276,2.226,171735.0,510510,sh,中证500ETF广发
2025-10-24,2.279,2.305,2.308,2.274,149866.0,510510,sh,中证500ETF广发
2025-10-27,2.33,2.339,2.344,2.315,140794.0,510510,sh,中证500ETF广发
2025-10-28,2.333,2.328,2.349,2.316,113258.0,510510,sh,中证500ETF广发
2025-10-29,2.323,2.376,2.377,2.323,95224.0,510510,sh,中证500ETF广发
2025-10-30,2.376,2.348,2.376,2.341,120066.0,510510,sh,中证500ETF广发
2025-10-31,2.342,2.328,2.361,2.327,101504.0,510510,sh,中证500ETF广发
2025-11-03,2.328,2.331,2.333,2.288,84517.0,510510,sh,中证500ETF广发
2025-11-04,2.319,2.29,2.324,2.274,183808.0,510510,sh,中证500ETF广发
2025-11-05,2.254,2.292,2.303,2.249,113569.0,510510,sh,中证500ETF广发
2025-11-06,2.293,2.329,2.335,2.291,99999.0,510510,sh,中证500ETF广发
2025-11-07,2.32,2.325,2.337,2.306,60789.0,510510,sh,中证500ETF广发
2025-11-10,2.326,2.33,2.346,2.31,69965.0,510510,sh,中证500ETF广发
2025-11-11,2.33,2.312,2.343,2.31,71782.0,510510,sh,中证500ETF广发
2025-11-12,2.312,2.302,2.318,2.281,62708.0,510510,sh,中证500ETF广发
2025-11-13,2.3,2.335,2.338,2.297,84983.0,510510,sh,中证500ETF广发
2025-11-14,2.331,2.297,2.331,2.296,47473.0,510510,sh,中证500ETF广发
2025-11-17,2.298,2.295,2.308,2.286,66870.0,510510,sh,中证500ETF广发
2025-11-18,2.295,2.272,2.295,2.26,106823.0,510510,sh,中证500ETF广发
2025-11-19,2.274,2.263,2.284,2.254,53593.0,510510,sh,中证500ETF广发
2025-11-20,2.269,2.245,2.283,2.245,91486.0,510510,sh,中证500ETF广发
2025-11-21,2.224,2.169,2.252,2.168,157700.0,510510,sh,中证500ETF广发
2025-11-24,2.167,2.182,2.195,2.161,127219.0,510510,sh,中证500ETF广发
2025-11-25,2.198,2.208,2.231,2.195,79444.0,510510,sh,中证500ETF广发
2025-11-26,2.209,2.214,2.229,2.203,68115.0,510510,sh,中证500ETF广发
2025-11-27,2.214,2.208,2.238,2.202,141409.0,510510,sh,中证500ETF广发
2025-11-28,2.208,2.23,2.234,2.204,107497.0,510510,sh,中证500ETF广发
2025-12-01,2.231,2.255,2.255,2.231,115519.0,510510,sh,中证500ETF广发
2025-12-02,2.245,2.234,2.254,2.23,43045.0,510510,sh,中证500ETF广发
2025-12-03,2.24,2.222,2.245,2.215,105938.0,510510,sh,中证500ETF广发
2025-12-04,2.22,2.228,2.237,2.211,69586.0,510510,sh,中证500ETF广发
2025-12-05,2.233,2.256,2.26,2.212,131572.0,510510,sh,中证500ETF广发
2025-12-08,2.256,2.278,2.284,2.25,83859.0,510510,sh,中证500ETF广发
2025-12-09,2.278,2.261,2.28,2.257,83306.0,510510,sh,中证500ETF广发
2025-12-10,2.261,2.27,2.276,2.244,51904.0,510510,sh,中证500ETF广发
2025-12-11,2.27,2.256,2.279,2.252,77188.0,510510,sh,中证500ETF广发
2025-12-12,2.256,2.28,2.288,2.246,507984.0,510510,sh,中证500ETF广发
2025-12-15,2.278,2.266,2.285,2.264,236837.0,510510,sh,中证500ETF广发
2025-12-16,2.266,2.234,2.267,2.217,131606.0,510510,sh,中证500ETF广发
2025-12-17,2.236,2.277,2.285,2.227,214382.0,510510,sh,中证500ETF广发
2025-12-18,2.26,2.265,2.285,2.26,97261.0,510510,sh,中证500ETF广发
2025-12-19,2.276,2.287,2.295,2.268,60166.0,510510,sh,中证500ETF广发
2025-12-22,2.287,2.308,2.319,2.287,131156.0,510510,sh,中证500ETF广发
2025-12-23,2.308,2.309,2.324,2.303,162451.0,510510,sh,中证500ETF广发
2025-12-24,2.307,2.341,2.349,2.306,163031.0,510510,sh,中证500ETF广发
2025-12-25,2.339,2.363,2.368,2.335,107962.0,510510,sh,中证500ETF广发
2025-12-26,2.363,2.374,2.386,2.358,143326.0,510510,sh,中证500ETF广发
2025-12-29,2.374,2.365,2.384,2.358,80079.0,510510,sh,中证500ETF广发
2025-12-30,2.355,2.375,2.386,2.352,65539.0,510510,sh,中证500ETF广发
2025-12-31,2.375,2.375,2.387,2.367,190735.0,510510,sh,中证500ETF广发
2026-01-05,2.382,2.439,2.439,2.382,248016.0,510510,sh,中证500ETF广发
2026-01-06,2.446,2.494,2.496,2.439,129818.0,510510,sh,中证500ETF广发
2026-01-07,2.499,2.508,2.519,2.493,143664.0,510510,sh,中证500ETF广发
2026-01-08,2.488,2.513,2.529,2.488,211890.0,510510,sh,中证500ETF广发
2026-01-09,2.509,2.572,2.576,2.509,352312.0,510510,sh,中证500ETF广发
2026-01-12,2.576,2.638,2.648,2.576,144609.0,510510,sh,中证500ETF广发
2026-01-13,2.651,2.596,2.652,2.586,155276.0,510510,sh,中证500ETF广发
2026-01-14,2.583,2.619,2.673,2.583,344755.0,510510,sh,中证500ETF广发
2026-01-15,2.608,2.619,2.628,2.59,536987.0,510510,sh,中证500ETF广发
2026-01-16,2.636,2.625,2.65,2.61,208934.0,510510,sh,中证500ETF广发
2026-01-19,2.612,2.642,2.654,2.601,140610.0,510510,sh,中证500ETF广发
2026-01-20,2.648,2.63,2.656,2.59,207056.0,510510,sh,中证500ETF广发
2026-01-21,2.6,2.662,2.665,2.6,149632.0,510510,sh,中证500ETF广发
2026-01-22,2.666,2.676,2.68,2.657,124143.0,510510,sh,中证500ETF广发
2026-01-23,2.676,2.745,2.745,2.676,420665.0,510510,sh,中证500ETF广发
2026-01-26,2.745,2.707,2.8,2.69,210642.0,510510,sh,中证500ETF广发
2026-01-27,2.692,2.721,2.732,2.662,142700.0,510510,sh,中证500ETF广发
2026-01-28,2.719,2.738,2.749,2.715,178508.0,510510,sh,中证500ETF广发
2026-01-29,2.738,2.711,2.759,2.705,214958.0,510510,sh,中证500ETF广发
2026-01-30,2.688,2.663,2.707,2.597,240409.0,510510,sh,中证500ETF广发
2026-02-02,2.631,2.566,2.651,2.557,316957.0,510510,sh,中证500ETF广发
2026-02-03,2.594,2.642,2.643,2.567,378657.0,510510,sh,中证500ETF广发
2026-02-04,2.64,2.647,2.65,2.602,263609.0,510510,sh,中证500ETF广发
2026-02-05,2.611,2.592,2.622,2.571,320164.0,510510,sh,中证500ETF广发
2026-02-06,2.552,2.592,2.629,2.549,265205.0,510510,sh,中证500ETF广发
2026-02-09,2.62,2.647,2.648,2.62,263687.0,510510,sh,中证500ETF广发
2026-02-10,2.648,2.643,2.652,2.628,136196.0,510510,sh,中证500ETF广发
2026-02-11,2.643,2.653,2.667,2.643,190476.0,510510,sh,中证500ETF广发
2026-02-12,2.653,2.688,2.692,2.653,234598.0,510510,sh,中证500ETF广发
2026-02-13,2.678,2.653,2.681,2.64,422331.0,510510,sh,中证500ETF广发
2026-02-24,2.669,2.674,2.692,2.653,306098.0,510510,sh,中证500ETF广发
2026-02-25,2.675,2.716,2.723,2.675,260046.0,510510,sh,中证500ETF广发
2026-02-26,2.716,2.726,2.732,2.701,253811.0,510510,sh,中证500ETF广发
2026-02-27,2.699,2.758,2.758,2.699,177620.0,510510,sh,中证500ETF广发
2026-03-02,2.744,2.756,2.768,2.722,241956.0,510510,sh,中证500ETF广发
2026-03-03,2.757,2.64,2.758,2.638,594826.0,510510,sh,中证500ETF广发
2026-03-04,2.61,2.624,2.67,2.61,252112.0,510510,sh,中证500ETF广发
2026-03-05,2.657,2.643,2.67,2.625,279088.0,510510,sh,中证500ETF广发
2026-03-06,2.636,2.66,2.67,2.626,141942.0,510510,sh,中证500ETF广发
2026-03-09,2.62,2.639,2.647,2.568,218637.0,510510,sh,中证500ETF广发
2026-03-10,2.651,2.679,2.68,2.651,168063.0,510510,sh,中证500ETF广发
2026-03-11,2.687,2.672,2.687,2.666,147910.0,510510,sh,中证500ETF广发
2026-03-12,2.661,2.66,2.682,2.637,142258.0,510510,sh,中证500ETF广发
2026-03-13,2.64,2.624,2.663,2.614,150020.0,510510,sh,中证500ETF广发
2026-03-16,2.608,2.613,2.624,2.567,501323.0,510510,sh,中证500ETF广发
2026-03-17,2.614,2.553,2.617,2.552,493839.0,510510,sh,中证500ETF广发
2026-03-18,2.554,2.575,2.58,2.532,269760.0,510510,sh,中证500ETF广发
2026-03-19,2.539,2.511,2.55,2.495,298686.0,510510,sh,中证500ETF广发
2026-03-20,2.508,2.468,2.53,2.467,388250.0,510510,sh,中证500ETF广发
2026-03-23,2.41,2.371,2.455,2.357,311193.0,510510,sh,中证500ETF广发
2026-03-24,2.393,2.418,2.42,2.351,555992.0,510510,sh,中证500ETF广发
2026-03-25,2.43,2.473,2.485,2.43,586575.0,510510,sh,中证500ETF广发
2026-03-26,2.472,2.438,2.475,2.426,251121.0,510510,sh,中证500ETF广发
2026-03-27,2.397,2.465,2.482,2.396,429995.0,510510,sh,中证500ETF广发
2026-03-30,2.422,2.469,2.473,2.421,356405.0,510510,sh,中证500ETF广发
2026-03-31,2.461,2.429,2.484,2.427,404360.0,510510,sh,中证500ETF广发
2026-04-01,2.472,2.471,2.48,2.449,217667.0,510510,sh,中证500ETF广发
2026-04-02,2.451,2.424,2.468,2.408,353515.0,510510,sh,中证500ETF广发
2026-04-03,2.425,2.4,2.437,2.397,426249.0,510510,sh,中证500ETF广发
2026-04-07,2.402,2.409,2.433,2.4,357925.0,510510,sh,中证500ETF广发
2026-04-08,2.455,2.538,2.54,2.453,597815.0,510510,sh,中证500ETF广发
2026-04-09,2.517,2.514,2.53,2.499,275825.0,510510,sh,中证500ETF广发
2026-04-10,2.53,2.536,2.57,2.53,352489.0,510510,sh,中证500ETF广发
2026-04-13,2.515,2.535,2.544,2.515,200176.0,510510,sh,中证500ETF广发
2026-04-14,2.56,2.575,2.579,2.547,143254.0,510510,sh,中证500ETF广发
2026-04-15,2.592,2.562,2.599,2.555,149675.0,510510,sh,中证500ETF广发
2026-04-16,2.562,2.605,2.61,2.562,200225.0,510510,sh,中证500ETF广发
2026-04-17,2.602,2.614,2.623,2.576,189580.0,510510,sh,中证500ETF广发
2026-04-20,2.615,2.638,2.649,2.615,310146.0,510510,sh,中证500ETF广发
2026-04-21,2.638,2.631,2.638,2.606,242755.0,510510,sh,中证500ETF广发
2026-04-22,2.613,2.67,2.67,2.613,168516.0,510510,sh,中证500ETF广发
2026-04-23,2.675,2.642,2.675,2.618,296447.0,510510,sh,中证500ETF广发
2026-04-24,2.626,2.627,2.645,2.601,362843.0,510510,sh,中证500ETF广发
2026-04-27,2.624,2.644,2.652,2.618,117138.0,510510,sh,中证500ETF广发
2026-04-28,2.645,2.612,2.645,2.603,184865.0,510510,sh,中证500ETF广发
2026-04-29,2.597,2.662,2.665,2.597,391919.0,510510,sh,中证500ETF广发
2026-04-30,2.662,2.662,2.669,2.645,231279.0,510510,sh,中证500ETF广发
2026-05-06,2.679,2.738,2.749,2.679,264031.0,510510,sh,中证500ETF广发
2026-05-07,2.765,2.77,2.772,2.739,159835.0,510510,sh,中证500ETF广发
2026-05-08,2.764,2.769,2.776,2.745,236756.0,510510,sh,中证500ETF广发
2026-05-11,2.786,2.815,2.827,2.777,251550.0,510510,sh,中证500ETF广发
2026-05-12,2.816,2.798,2.821,2.788,373167.0,510510,sh,中证500ETF广发
2026-05-13,2.782,2.849,2.852,2.781,253811.0,510510,sh,中证500ETF广发
2026-05-14,2.855,2.767,2.855,2.766,395565.0,510510,sh,中证500ETF广发
2026-05-15,2.764,2.722,2.78,2.708,519138.0,510510,sh,中证500ETF广发
2026-05-18,2.688,2.732,2.749,2.688,214339.0,510510,sh,中证500ETF广发
2026-05-19,2.716,2.752,2.756,2.686,208996.0,510510,sh,中证500ETF广发
2026-05-20,2.738,2.767,2.771,2.728,180477.0,510510,sh,中证500ETF广发
2026-05-21,2.775,2.69,2.808,2.686,309805.0,510510,sh,中证500ETF广发
2026-05-22,2.696,2.75,2.751,2.69,264726.0,510510,sh,中证500ETF广发
2026-05-25,2.751,2.779,2.8,2.725,251618.0,510510,sh,中证500ETF广发
2026-05-26,2.771,2.772,2.774,2.723,217132.0,510510,sh,中证500ETF广发
2026-05-27,2.766,2.727,2.79,2.714,308049.0,510510,sh,中证500ETF广发
2026-05-28,2.71,2.733,2.749,2.693,432463.0,510510,sh,中证500ETF广发
2026-05-29,2.74,2.669,2.747,2.648,441049.0,510510,sh,中证500ETF广发
2026-06-01,2.657,2.646,2.699,2.642,411748.0,510510,sh,中证500ETF广发
2026-06-02,2.646,2.659,2.682,2.605,271978.0,510510,sh,中证500ETF广发
2026-06-03,2.66,2.675,2.709,2.652,303859.0,510510,sh,中证500ETF广发
2026-06-04,2.65,2.671,2.686,2.647,302119.0,510510,sh,中证500ETF广发
2026-06-05,2.657,2.64,2.688,2.633,373036.0,510510,sh,中证500ETF广发
2026-06-08,2.552,2.555,2.605,2.527,305360.0,510510,sh,中证500ETF广发
2026-06-09,2.575,2.619,2.62,2.55,255705.0,510510,sh,中证500ETF广发
2026-06-10,2.59,2.585,2.606,2.556,290009.0,510510,sh,中证500ETF广发
2026-06-11,2.561,2.575,2.594,2.553,202958.0,510510,sh,中证500ETF广发
2026-06-12,2.61,2.605,2.648,2.598,226598.0,510510,sh,中证500ETF广发
2026-06-15,2.633,2.701,2.702,2.624,309586.0,510510,sh,中证500ETF广发
2026-06-16,2.72,2.732,2.743,2.7,219507.0,510510,sh,中证500ETF广发
2026-06-17,2.697,2.771,2.772,2.697,188147.0,510510,sh,中证500ETF广发
2026-06-18,2.756,2.791,2.801,2.743,210047.0,510510,sh,中证500ETF广发
2026-06-22,2.783,2.85,2.851,2.766,232037.0,510510,sh,中证500ETF广发
2026-06-23,2.842,2.79,2.859,2.775,318806.0,510510,sh,中证500ETF广发
2026-06-24,2.767,2.841,2.846,2.762,262375.0,510510,sh,中证500ETF广发
2026-06-25,2.844,2.872,2.875,2.828,214990.0,510510,sh,中证500ETF广发
2026-06-26,2.857,2.809,2.87,2.786,306147.0,510510,sh,中证500ETF广发
2026-06-29,2.79,2.844,2.846,2.769,315825.0,510510,sh,中证500ETF广发
2026-06-30,2.831,2.915,2.915,2.824,248851.0,510510,sh,中证500ETF广发
2026-07-01,2.919,2.907,2.945,2.88,270090.0,510510,sh,中证500ETF广发
2026-07-02,2.838,2.809,2.875,2.795,234975.0,510510,sh,中证500ETF广发
2026-07-03,2.786,2.82,2.853,2.785,195431.0,510510,sh,中证500ETF广发
