date,open,close,high,low,volume,code,market,name
2020-01-02,1.05,1.057,1.063,1.05,894147.0,512380,sh,MSCI中国ETF银华
2020-01-03,1.055,1.056,1.059,1.052,600618.0,512380,sh,MSCI中国ETF银华
2020-01-06,1.055,1.053,1.063,1.047,712970.0,512380,sh,MSCI中国ETF银华
2020-01-07,1.052,1.061,1.061,1.052,736151.0,512380,sh,MSCI中国ETF银华
2020-01-08,1.052,1.05,1.059,1.047,758453.0,512380,sh,MSCI中国ETF银华
2020-01-09,1.059,1.061,1.062,1.056,815368.0,512380,sh,MSCI中国ETF银华
2020-01-10,1.063,1.063,1.066,1.058,691525.0,512380,sh,MSCI中国ETF银华
2020-01-13,1.065,1.075,1.075,1.059,719712.0,512380,sh,MSCI中国ETF银华
2020-01-14,1.075,1.073,1.081,1.071,628643.0,512380,sh,MSCI中国ETF银华
2020-01-15,1.071,1.065,1.073,1.062,676000.0,512380,sh,MSCI中国ETF银华
2020-01-16,1.067,1.065,1.068,1.061,505895.0,512380,sh,MSCI中国ETF银华
2020-01-17,1.064,1.064,1.071,1.062,510060.0,512380,sh,MSCI中国ETF银华
2020-01-20,1.063,1.073,1.074,1.063,651261.0,512380,sh,MSCI中国ETF银华
2020-01-21,1.073,1.06,1.073,1.059,559608.0,512380,sh,MSCI中国ETF银华
2020-01-22,1.056,1.063,1.067,1.042,409966.0,512380,sh,MSCI中国ETF银华
2020-01-23,1.052,1.033,1.058,1.024,289473.0,512380,sh,MSCI中国ETF银华
2020-02-03,0.973,0.96,0.973,0.943,354780.0,512380,sh,MSCI中国ETF银华
2020-02-04,0.949,0.974,0.977,0.949,278763.0,512380,sh,MSCI中国ETF银华
2020-02-05,0.976,0.989,0.999,0.976,377087.0,512380,sh,MSCI中国ETF银华
2020-02-06,0.99,1.01,1.014,0.986,299238.0,512380,sh,MSCI中国ETF银华
2020-02-07,1.005,1.012,1.013,1.001,215696.0,512380,sh,MSCI中国ETF银华
2020-02-10,1.01,1.02,1.021,1.006,439645.0,512380,sh,MSCI中国ETF银华
2020-02-11,1.02,1.026,1.03,1.017,348032.0,512380,sh,MSCI中国ETF银华
2020-02-12,1.024,1.036,1.036,1.024,348725.0,512380,sh,MSCI中国ETF银华
2020-02-13,1.04,1.031,1.04,1.027,403166.0,512380,sh,MSCI中国ETF银华
2020-02-14,1.03,1.036,1.041,1.03,445196.0,512380,sh,MSCI中国ETF银华
2020-02-17,1.036,1.055,1.058,1.036,947567.0,512380,sh,MSCI中国ETF银华
2020-02-18,1.054,1.056,1.06,1.048,974149.0,512380,sh,MSCI中国ETF银华
2020-02-19,1.056,1.054,1.061,1.047,2382642.0,512380,sh,MSCI中国ETF银华
2020-02-20,1.059,1.072,1.075,1.053,698059.0,512380,sh,MSCI中国ETF银华
2020-02-21,1.072,1.079,1.086,1.07,793691.0,512380,sh,MSCI中国ETF银华
2020-02-24,1.074,1.076,1.082,1.067,921577.0,512380,sh,MSCI中国ETF银华
2020-02-25,1.048,1.078,1.079,1.048,519763.0,512380,sh,MSCI中国ETF银华
2020-02-26,1.062,1.067,1.079,1.056,466506.0,512380,sh,MSCI中国ETF银华
2020-02-27,1.067,1.065,1.073,1.061,341926.0,512380,sh,MSCI中国ETF银华
2020-02-28,1.05,1.029,1.056,1.027,310747.0,512380,sh,MSCI中国ETF银华
2020-03-02,1.029,1.062,1.067,1.029,391176.0,512380,sh,MSCI中国ETF银华
2020-03-03,1.073,1.067,1.083,1.063,244202.0,512380,sh,MSCI中国ETF银华
2020-03-04,1.067,1.076,1.077,1.062,285392.0,512380,sh,MSCI中国ETF银华
2020-03-05,1.086,1.096,1.098,1.079,311431.0,512380,sh,MSCI中国ETF银华
2020-03-06,1.09,1.08,1.092,1.08,180669.0,512380,sh,MSCI中国ETF银华
2020-03-09,1.077,1.049,1.077,1.046,373802.0,512380,sh,MSCI中国ETF银华
2020-03-10,1.041,1.064,1.066,1.033,260984.0,512380,sh,MSCI中国ETF银华
2020-03-11,1.066,1.054,1.069,1.053,176280.0,512380,sh,MSCI中国ETF银华
2020-03-12,1.054,1.037,1.054,1.029,262274.0,512380,sh,MSCI中国ETF银华
2020-03-13,1.017,1.022,1.03,0.986,190330.0,512380,sh,MSCI中国ETF银华
2020-03-16,1.022,0.983,1.023,0.978,227930.0,512380,sh,MSCI中国ETF银华
2020-03-17,0.991,0.973,0.991,0.949,354004.0,512380,sh,MSCI中国ETF银华
2020-03-18,0.977,0.955,0.989,0.955,196967.0,512380,sh,MSCI中国ETF银华
2020-03-19,0.955,0.944,0.957,0.923,386953.0,512380,sh,MSCI中国ETF银华
2020-03-20,0.953,0.963,0.963,0.944,221265.0,512380,sh,MSCI中国ETF银华
2020-03-23,0.953,0.932,0.953,0.929,272822.0,512380,sh,MSCI中国ETF银华
2020-03-24,0.938,0.95,0.952,0.931,358186.0,512380,sh,MSCI中国ETF银华
2020-03-25,0.953,0.975,0.978,0.953,547030.0,512380,sh,MSCI中国ETF银华
2020-03-26,0.967,0.972,0.98,0.967,394399.0,512380,sh,MSCI中国ETF银华
2020-03-27,0.982,0.976,0.987,0.975,583897.0,512380,sh,MSCI中国ETF银华
2020-03-30,0.965,0.966,0.97,0.957,172004.0,512380,sh,MSCI中国ETF银华
2020-03-31,0.968,0.968,0.976,0.966,358732.0,512380,sh,MSCI中国ETF银华
2020-04-01,0.968,0.965,0.979,0.965,273940.0,512380,sh,MSCI中国ETF银华
2020-04-02,0.965,0.98,0.98,0.962,198758.0,512380,sh,MSCI中国ETF银华
2020-04-03,0.98,0.977,0.984,0.974,275593.0,512380,sh,MSCI中国ETF银华
2020-04-07,0.982,1.001,1.002,0.982,340820.0,512380,sh,MSCI中国ETF银华
2020-04-08,1.0,0.998,1.0,0.989,223217.0,512380,sh,MSCI中国ETF银华
2020-04-09,1.001,1.002,1.002,0.998,167695.0,512380,sh,MSCI中国ETF银华
2020-04-10,1.0,0.993,1.006,0.991,254611.0,512380,sh,MSCI中国ETF银华
2020-04-13,0.986,0.987,0.99,0.984,156758.0,512380,sh,MSCI中国ETF银华
2020-04-14,0.991,1.004,1.004,0.99,166970.0,512380,sh,MSCI中国ETF银华
2020-04-15,1.005,1.001,1.009,0.999,85312.0,512380,sh,MSCI中国ETF银华
2020-04-16,0.996,1.002,1.004,0.996,175036.0,512380,sh,MSCI中国ETF银华
2020-04-17,1.005,1.011,1.017,1.005,207472.0,512380,sh,MSCI中国ETF银华
2020-04-20,1.012,1.015,1.017,1.011,147909.0,512380,sh,MSCI中国ETF银华
2020-04-21,1.011,1.008,1.012,0.999,145374.0,512380,sh,MSCI中国ETF银华
2020-04-22,1.0,1.014,1.014,1.0,250027.0,512380,sh,MSCI中国ETF银华
2020-04-23,1.013,1.012,1.019,1.012,153086.0,512380,sh,MSCI中国ETF银华
2020-04-24,1.011,1.005,1.012,1.002,92500.0,512380,sh,MSCI中国ETF银华
2020-04-27,1.005,1.009,1.015,1.003,152925.0,512380,sh,MSCI中国ETF银华
2020-04-28,1.011,1.016,1.018,0.996,214567.0,512380,sh,MSCI中国ETF银华
2020-04-29,1.014,1.016,1.024,1.014,244949.0,512380,sh,MSCI中国ETF银华
2020-04-30,1.016,1.032,1.034,1.016,187668.0,512380,sh,MSCI中国ETF银华
2020-05-06,1.022,1.038,1.038,1.022,201237.0,512380,sh,MSCI中国ETF银华
2020-05-07,1.038,1.038,1.042,1.036,169938.0,512380,sh,MSCI中国ETF银华
2020-05-08,1.038,1.047,1.051,1.038,163784.0,512380,sh,MSCI中国ETF银华
2020-05-11,1.047,1.046,1.055,1.042,169717.0,512380,sh,MSCI中国ETF银华
2020-05-12,1.044,1.045,1.046,1.036,265217.0,512380,sh,MSCI中国ETF银华
2020-05-13,1.041,1.047,1.049,1.04,261921.0,512380,sh,MSCI中国ETF银华
2020-05-14,1.037,1.037,1.046,1.03,128653.0,512380,sh,MSCI中国ETF银华
2020-05-15,1.042,1.035,1.042,1.032,201717.0,512380,sh,MSCI中国ETF银华
2020-05-18,1.033,1.038,1.043,1.032,114882.0,512380,sh,MSCI中国ETF银华
2020-05-19,1.047,1.046,1.047,1.042,236627.0,512380,sh,MSCI中国ETF银华
2020-05-20,1.046,1.043,1.047,1.039,350557.0,512380,sh,MSCI中国ETF银华
2020-05-21,1.043,1.035,1.044,1.034,189707.0,512380,sh,MSCI中国ETF银华
2020-05-22,1.035,1.014,1.035,1.012,219443.0,512380,sh,MSCI中国ETF银华
2020-05-25,1.011,1.015,1.015,1.007,265866.0,512380,sh,MSCI中国ETF银华
2020-05-26,1.015,1.027,1.028,1.015,205539.0,512380,sh,MSCI中国ETF银华
2020-05-27,1.025,1.022,1.028,1.02,126193.0,512380,sh,MSCI中国ETF银华
2020-05-28,1.022,1.022,1.028,1.014,152994.0,512380,sh,MSCI中国ETF银华
2020-05-29,1.018,1.025,1.026,1.017,110288.0,512380,sh,MSCI中国ETF银华
2020-06-01,1.027,1.05,1.053,1.027,165675.0,512380,sh,MSCI中国ETF银华
2020-06-02,1.053,1.055,1.058,1.052,205303.0,512380,sh,MSCI中国ETF银华
2020-06-03,1.055,1.056,1.062,1.055,142886.0,512380,sh,MSCI中国ETF银华
2020-06-04,1.057,1.054,1.058,1.052,99767.0,512380,sh,MSCI中国ETF银华
2020-06-05,1.056,1.06,1.06,1.052,160733.0,512380,sh,MSCI中国ETF银华
2020-06-08,1.063,1.062,1.071,1.061,272907.0,512380,sh,MSCI中国ETF银华
2020-06-09,1.062,1.069,1.071,1.061,340029.0,512380,sh,MSCI中国ETF银华
2020-06-10,1.065,1.069,1.07,1.065,378390.0,512380,sh,MSCI中国ETF银华
2020-06-11,1.067,1.061,1.073,1.058,653069.0,512380,sh,MSCI中国ETF银华
2020-06-12,1.038,1.06,1.065,1.038,1303400.0,512380,sh,MSCI中国ETF银华
2020-06-15,1.053,1.05,1.064,1.05,706098.0,512380,sh,MSCI中国ETF银华
2020-06-16,1.054,1.066,1.067,1.054,447043.0,512380,sh,MSCI中国ETF银华
2020-06-17,1.068,1.071,1.071,1.065,153905.0,512380,sh,MSCI中国ETF银华
2020-06-18,1.068,1.079,1.079,1.068,167792.0,512380,sh,MSCI中国ETF银华
2020-06-19,1.079,1.091,1.094,1.079,363145.0,512380,sh,MSCI中国ETF银华
2020-06-22,1.093,1.096,1.101,1.093,252361.0,512380,sh,MSCI中国ETF银华
2020-06-23,1.094,1.102,1.102,1.093,204707.0,512380,sh,MSCI中国ETF银华
2020-06-24,1.102,1.11,1.111,1.102,152552.0,512380,sh,MSCI中国ETF银华
2020-06-29,1.104,1.103,1.109,1.097,622028.0,512380,sh,MSCI中国ETF银华
2020-06-30,1.105,1.117,1.12,1.105,214919.0,512380,sh,MSCI中国ETF银华
2020-07-01,1.119,1.14,1.14,1.119,216092.0,512380,sh,MSCI中国ETF银华
2020-07-02,1.133,1.16,1.162,1.133,272414.0,512380,sh,MSCI中国ETF银华
2020-07-03,1.164,1.178,1.179,1.163,256330.0,512380,sh,MSCI中国ETF银华
2020-07-06,1.198,1.239,1.244,1.179,231342.0,512380,sh,MSCI中国ETF银华
2020-07-07,1.269,1.25,1.269,1.202,246766.0,512380,sh,MSCI中国ETF银华
2020-07-08,1.25,1.275,1.28,1.237,257025.0,512380,sh,MSCI中国ETF银华
2020-07-09,1.275,1.293,1.295,1.274,169106.0,512380,sh,MSCI中国ETF银华
2020-07-10,1.29,1.281,1.296,1.276,267412.0,512380,sh,MSCI中国ETF银华
2020-07-13,1.28,1.313,1.317,1.28,682692.0,512380,sh,MSCI中国ETF银华
2020-07-14,1.311,1.307,1.318,1.287,466748.0,512380,sh,MSCI中国ETF银华
2020-07-15,1.303,1.292,1.32,1.284,637063.0,512380,sh,MSCI中国ETF银华
2020-07-16,1.292,1.23,1.296,1.226,751943.0,512380,sh,MSCI中国ETF银华
2020-07-17,1.229,1.23,1.244,1.212,282391.0,512380,sh,MSCI中国ETF银华
2020-07-20,1.23,1.266,1.269,1.229,283093.0,512380,sh,MSCI中国ETF银华
2020-07-21,1.266,1.27,1.275,1.261,118452.0,512380,sh,MSCI中国ETF银华
2020-07-22,1.271,1.275,1.298,1.268,126774.0,512380,sh,MSCI中国ETF银华
2020-07-23,1.273,1.283,1.288,1.255,131219.0,512380,sh,MSCI中国ETF银华
2020-07-24,1.282,1.228,1.282,1.221,174021.0,512380,sh,MSCI中国ETF银华
2020-07-27,1.211,1.226,1.237,1.211,161153.0,512380,sh,MSCI中国ETF银华
2020-07-28,1.227,1.241,1.244,1.227,137889.0,512380,sh,MSCI中国ETF银华
2020-07-29,1.241,1.271,1.273,1.237,145792.0,512380,sh,MSCI中国ETF银华
2020-07-30,1.272,1.269,1.281,1.269,141408.0,512380,sh,MSCI中国ETF银华
2020-07-31,1.266,1.285,1.292,1.262,206374.0,512380,sh,MSCI中国ETF银华
2020-08-03,1.293,1.302,1.304,1.29,133188.0,512380,sh,MSCI中国ETF银华
2020-08-04,1.3,1.302,1.312,1.298,125308.0,512380,sh,MSCI中国ETF银华
2020-08-05,1.298,1.306,1.31,1.288,100912.0,512380,sh,MSCI中国ETF银华
2020-08-06,1.305,1.303,1.31,1.286,85549.0,512380,sh,MSCI中国ETF银华
2020-08-07,1.3,1.293,1.302,1.271,78013.0,512380,sh,MSCI中国ETF银华
2020-08-10,1.292,1.291,1.3,1.272,88299.0,512380,sh,MSCI中国ETF银华
2020-08-11,1.29,1.282,1.31,1.282,86577.0,512380,sh,MSCI中国ETF银华
2020-08-12,1.28,1.27,1.28,1.252,95588.0,512380,sh,MSCI中国ETF银华
2020-08-13,1.271,1.271,1.277,1.269,95052.0,512380,sh,MSCI中国ETF银华
2020-08-14,1.277,1.291,1.291,1.272,94888.0,512380,sh,MSCI中国ETF银华
2020-08-17,1.292,1.318,1.321,1.292,118050.0,512380,sh,MSCI中国ETF银华
2020-08-18,1.317,1.32,1.325,1.315,93451.0,512380,sh,MSCI中国ETF银华
2020-08-19,1.324,1.305,1.324,1.303,111206.0,512380,sh,MSCI中国ETF银华
2020-08-20,1.304,1.287,1.304,1.284,161751.0,512380,sh,MSCI中国ETF银华
2020-08-21,1.288,1.302,1.307,1.288,275517.0,512380,sh,MSCI中国ETF银华
2020-08-24,1.303,1.314,1.318,1.302,173384.0,512380,sh,MSCI中国ETF银华
2020-08-25,1.315,1.318,1.33,1.315,119515.0,512380,sh,MSCI中国ETF银华
2020-08-26,1.317,1.306,1.327,1.302,149937.0,512380,sh,MSCI中国ETF银华
2020-08-27,1.306,1.318,1.318,1.301,127876.0,512380,sh,MSCI中国ETF银华
2020-08-28,1.315,1.351,1.352,1.312,183119.0,512380,sh,MSCI中国ETF银华
2020-08-31,1.351,1.339,1.364,1.339,179250.0,512380,sh,MSCI中国ETF银华
2020-09-01,1.339,1.347,1.347,1.332,167213.0,512380,sh,MSCI中国ETF银华
2020-09-02,1.348,1.35,1.355,1.338,138689.0,512380,sh,MSCI中国ETF银华
2020-09-03,1.349,1.341,1.359,1.339,168141.0,512380,sh,MSCI中国ETF银华
2020-09-04,1.294,1.329,1.336,1.294,112478.0,512380,sh,MSCI中国ETF银华
2020-09-07,1.328,1.302,1.334,1.297,268762.0,512380,sh,MSCI中国ETF银华
2020-09-08,1.309,1.303,1.309,1.29,144876.0,512380,sh,MSCI中国ETF银华
2020-09-09,1.302,1.274,1.302,1.266,163005.0,512380,sh,MSCI中国ETF银华
2020-09-10,1.275,1.272,1.292,1.272,125447.0,512380,sh,MSCI中国ETF银华
2020-09-11,1.271,1.286,1.286,1.268,118261.0,512380,sh,MSCI中国ETF银华
2020-09-14,1.286,1.292,1.296,1.286,120926.0,512380,sh,MSCI中国ETF银华
2020-09-15,1.29,1.3,1.302,1.288,119689.0,512380,sh,MSCI中国ETF银华
2020-09-16,1.305,1.295,1.305,1.29,193129.0,512380,sh,MSCI中国ETF银华
2020-09-17,1.294,1.286,1.296,1.279,149579.0,512380,sh,MSCI中国ETF银华
2020-09-18,1.286,1.315,1.315,1.286,186192.0,512380,sh,MSCI中国ETF银华
2020-09-21,1.318,1.303,1.318,1.301,137881.0,512380,sh,MSCI中国ETF银华
2020-09-22,1.302,1.29,1.308,1.286,116816.0,512380,sh,MSCI中国ETF银华
2020-09-23,1.289,1.292,1.296,1.286,70774.0,512380,sh,MSCI中国ETF银华
2020-09-24,1.291,1.273,1.291,1.27,126071.0,512380,sh,MSCI中国ETF银华
2020-09-25,1.274,1.273,1.28,1.27,90237.0,512380,sh,MSCI中国ETF银华
2020-09-28,1.274,1.274,1.283,1.271,90929.0,512380,sh,MSCI中国ETF银华
2020-09-29,1.275,1.281,1.286,1.275,75138.0,512380,sh,MSCI中国ETF银华
2020-09-30,1.28,1.279,1.291,1.27,92134.0,512380,sh,MSCI中国ETF银华
2020-10-09,1.289,1.304,1.309,1.289,118891.0,512380,sh,MSCI中国ETF银华
2020-10-12,1.303,1.346,1.346,1.303,148664.0,512380,sh,MSCI中国ETF银华
2020-10-13,1.343,1.35,1.351,1.339,150052.0,512380,sh,MSCI中国ETF银华
2020-10-14,1.349,1.342,1.349,1.338,108000.0,512380,sh,MSCI中国ETF银华
2020-10-15,1.345,1.338,1.346,1.336,102240.0,512380,sh,MSCI中国ETF银华
2020-10-16,1.339,1.332,1.344,1.325,148089.0,512380,sh,MSCI中国ETF银华
2020-10-19,1.333,1.325,1.35,1.324,149712.0,512380,sh,MSCI中国ETF银华
2020-10-20,1.324,1.334,1.335,1.32,94595.0,512380,sh,MSCI中国ETF银华
2020-10-21,1.332,1.331,1.335,1.324,113576.0,512380,sh,MSCI中国ETF银华
2020-10-22,1.33,1.327,1.33,1.313,62751.0,512380,sh,MSCI中国ETF银华
2020-10-23,1.327,1.313,1.331,1.309,110888.0,512380,sh,MSCI中国ETF银华
2020-10-26,1.3,1.303,1.306,1.287,114061.0,512380,sh,MSCI中国ETF银华
2020-10-27,1.302,1.306,1.307,1.299,74185.0,512380,sh,MSCI中国ETF银华
2020-10-28,1.307,1.318,1.322,1.302,71584.0,512380,sh,MSCI中国ETF银华
2020-10-29,1.316,1.329,1.333,1.305,136494.0,512380,sh,MSCI中国ETF银华
2020-10-30,1.329,1.307,1.33,1.305,107530.0,512380,sh,MSCI中国ETF银华
2020-11-02,1.313,1.313,1.318,1.307,141316.0,512380,sh,MSCI中国ETF银华
2020-11-03,1.314,1.33,1.334,1.314,151220.0,512380,sh,MSCI中国ETF银华
2020-11-04,1.331,1.337,1.341,1.325,151046.0,512380,sh,MSCI中国ETF银华
2020-11-05,1.338,1.356,1.358,1.338,147101.0,512380,sh,MSCI中国ETF银华
2020-11-06,1.355,1.353,1.357,1.344,110284.0,512380,sh,MSCI中国ETF银华
2020-11-09,1.352,1.377,1.384,1.352,192164.0,512380,sh,MSCI中国ETF银华
2020-11-10,1.377,1.375,1.383,1.368,195597.0,512380,sh,MSCI中国ETF银华
2020-11-11,1.374,1.358,1.375,1.358,277980.0,512380,sh,MSCI中国ETF银华
2020-11-12,1.361,1.358,1.363,1.354,174072.0,512380,sh,MSCI中国ETF银华
2020-11-13,1.352,1.349,1.353,1.34,165150.0,512380,sh,MSCI中国ETF银华
2020-11-16,1.35,1.362,1.363,1.349,167206.0,512380,sh,MSCI中国ETF银华
2020-11-17,1.359,1.355,1.361,1.348,141802.0,512380,sh,MSCI中国ETF银华
2020-11-18,1.354,1.355,1.361,1.349,200398.0,512380,sh,MSCI中国ETF银华
2020-11-19,1.352,1.362,1.367,1.349,135364.0,512380,sh,MSCI中国ETF银华
2020-11-20,1.374,1.371,1.374,1.362,170069.0,512380,sh,MSCI中国ETF银华
2020-11-23,1.372,1.382,1.391,1.37,177989.0,512380,sh,MSCI中国ETF银华
2020-11-24,1.384,1.379,1.384,1.377,57493.0,512380,sh,MSCI中国ETF银华
2020-11-25,1.384,1.361,1.386,1.36,180589.0,512380,sh,MSCI中国ETF银华
2020-11-26,1.358,1.359,1.361,1.348,180476.0,512380,sh,MSCI中国ETF银华
2020-11-27,1.351,1.375,1.375,1.351,129103.0,512380,sh,MSCI中国ETF银华
2020-11-30,1.39,1.37,1.391,1.368,201522.0,512380,sh,MSCI中国ETF银华
2020-12-01,1.369,1.392,1.395,1.369,185312.0,512380,sh,MSCI中国ETF银华
2020-12-02,1.393,1.395,1.398,1.387,142470.0,512380,sh,MSCI中国ETF银华
2020-12-03,1.394,1.397,1.4,1.389,143677.0,512380,sh,MSCI中国ETF银华
2020-12-04,1.396,1.402,1.405,1.39,109417.0,512380,sh,MSCI中国ETF银华
2020-12-07,1.405,1.396,1.405,1.393,167572.0,512380,sh,MSCI中国ETF银华
2020-12-08,1.396,1.397,1.405,1.396,67571.0,512380,sh,MSCI中国ETF银华
2020-12-09,1.398,1.383,1.404,1.382,151441.0,512380,sh,MSCI中国ETF银华
2020-12-10,1.382,1.381,1.387,1.374,46945.0,512380,sh,MSCI中国ETF银华
2020-12-11,1.375,1.368,1.386,1.358,155124.0,512380,sh,MSCI中国ETF银华
2020-12-14,1.368,1.382,1.382,1.368,67814.0,512380,sh,MSCI中国ETF银华
2020-12-15,1.394,1.387,1.394,1.375,133756.0,512380,sh,MSCI中国ETF银华
2020-12-16,1.388,1.392,1.393,1.385,75441.0,512380,sh,MSCI中国ETF银华
2020-12-17,1.393,1.408,1.409,1.39,181200.0,512380,sh,MSCI中国ETF银华
2020-12-18,1.409,1.406,1.412,1.401,158860.0,512380,sh,MSCI中国ETF银华
2020-12-21,1.403,1.422,1.423,1.4,131688.0,512380,sh,MSCI中国ETF银华
2020-12-22,1.421,1.403,1.425,1.4,113247.0,512380,sh,MSCI中国ETF银华
2020-12-23,1.404,1.412,1.42,1.402,172938.0,512380,sh,MSCI中国ETF银华
2020-12-24,1.413,1.411,1.418,1.406,119052.0,512380,sh,MSCI中国ETF银华
2020-12-25,1.41,1.421,1.421,1.401,109851.0,512380,sh,MSCI中国ETF银华
2020-12-28,1.422,1.424,1.433,1.419,88757.0,512380,sh,MSCI中国ETF银华
2020-12-29,1.422,1.415,1.43,1.415,476443.0,512380,sh,MSCI中国ETF银华
2020-12-30,1.416,1.436,1.438,1.416,263756.0,512380,sh,MSCI中国ETF银华
2020-12-31,1.437,1.47,1.471,1.437,142521.0,512380,sh,MSCI中国ETF银华
2021-01-04,1.47,1.493,1.499,1.467,114919.0,512380,sh,MSCI中国ETF银华
2021-01-05,1.492,1.519,1.521,1.49,76271.0,512380,sh,MSCI中国ETF银华
2021-01-06,1.519,1.534,1.538,1.515,133197.0,512380,sh,MSCI中国ETF银华
2021-01-07,1.534,1.56,1.56,1.531,108392.0,512380,sh,MSCI中国ETF银华
2021-01-08,1.56,1.555,1.575,1.543,140008.0,512380,sh,MSCI中国ETF银华
2021-01-11,1.557,1.538,1.563,1.529,221632.0,512380,sh,MSCI中国ETF银华
2021-01-12,1.528,1.572,1.575,1.528,132006.0,512380,sh,MSCI中国ETF银华
2021-01-13,1.575,1.571,1.589,1.559,104293.0,512380,sh,MSCI中国ETF银华
2021-01-14,1.571,1.54,1.571,1.538,114825.0,512380,sh,MSCI中国ETF银华
2021-01-15,1.539,1.533,1.546,1.514,90816.0,512380,sh,MSCI中国ETF银华
2021-01-18,1.531,1.548,1.555,1.522,130249.0,512380,sh,MSCI中国ETF银华
2021-01-19,1.55,1.528,1.552,1.525,81667.0,512380,sh,MSCI中国ETF银华
2021-01-20,1.528,1.541,1.547,1.525,115592.0,512380,sh,MSCI中国ETF银华
2021-01-21,1.545,1.567,1.575,1.545,83793.0,512380,sh,MSCI中国ETF银华
2021-01-22,1.569,1.573,1.574,1.557,77324.0,512380,sh,MSCI中国ETF银华
2021-01-25,1.571,1.591,1.601,1.571,147438.0,512380,sh,MSCI中国ETF银华
2021-01-26,1.593,1.563,1.593,1.558,109299.0,512380,sh,MSCI中国ETF银华
2021-01-27,1.548,1.561,1.563,1.541,143336.0,512380,sh,MSCI中国ETF银华
2021-01-28,1.559,1.524,1.559,1.521,116338.0,512380,sh,MSCI中国ETF银华
2021-01-29,1.519,1.513,1.537,1.498,141627.0,512380,sh,MSCI中国ETF银华
2021-02-01,1.515,1.532,1.532,1.514,84342.0,512380,sh,MSCI中国ETF银华
2021-02-02,1.537,1.558,1.558,1.53,97049.0,512380,sh,MSCI中国ETF银华
2021-02-03,1.559,1.558,1.57,1.554,93379.0,512380,sh,MSCI中国ETF银华
2021-02-04,1.556,1.555,1.565,1.54,106967.0,512380,sh,MSCI中国ETF银华
2021-02-05,1.562,1.554,1.574,1.554,81229.0,512380,sh,MSCI中国ETF银华
2021-02-08,1.556,1.58,1.581,1.555,102005.0,512380,sh,MSCI中国ETF银华
2021-02-09,1.581,1.616,1.616,1.58,121548.0,512380,sh,MSCI中国ETF银华
2021-02-10,1.618,1.649,1.651,1.618,112480.0,512380,sh,MSCI中国ETF银华
2021-02-18,1.655,1.641,1.678,1.629,110344.0,512380,sh,MSCI中国ETF银华
2021-02-19,1.639,1.633,1.639,1.603,120988.0,512380,sh,MSCI中国ETF银华
2021-02-22,1.627,1.593,1.629,1.592,138530.0,512380,sh,MSCI中国ETF银华
2021-02-23,1.592,1.579,1.593,1.572,80899.0,512380,sh,MSCI中国ETF银华
2021-02-24,1.576,1.538,1.58,1.523,109824.0,512380,sh,MSCI中国ETF银华
2021-02-25,1.54,1.54,1.554,1.536,89890.0,512380,sh,MSCI中国ETF银华
2021-02-26,1.526,1.503,1.526,1.498,98030.0,512380,sh,MSCI中国ETF银华
2021-03-01,1.494,1.526,1.528,1.494,71659.0,512380,sh,MSCI中国ETF银华
2021-03-02,1.526,1.51,1.537,1.499,103911.0,512380,sh,MSCI中国ETF银华
2021-03-03,1.503,1.535,1.535,1.503,76185.0,512380,sh,MSCI中国ETF银华
2021-03-04,1.533,1.493,1.533,1.486,105231.0,512380,sh,MSCI中国ETF银华
2021-03-05,1.477,1.483,1.494,1.457,127513.0,512380,sh,MSCI中国ETF银华
2021-03-08,1.484,1.435,1.501,1.433,125874.0,512380,sh,MSCI中国ETF银华
2021-03-09,1.435,1.403,1.435,1.386,127305.0,512380,sh,MSCI中国ETF银华
2021-03-10,1.409,1.409,1.424,1.403,86349.0,512380,sh,MSCI中国ETF银华
2021-03-11,1.409,1.442,1.446,1.409,96676.0,512380,sh,MSCI中国ETF银华
2021-03-12,1.444,1.454,1.454,1.433,72845.0,512380,sh,MSCI中国ETF银华
2021-03-15,1.453,1.421,1.453,1.41,111715.0,512380,sh,MSCI中国ETF银华
2021-03-16,1.422,1.428,1.431,1.414,119967.0,512380,sh,MSCI中国ETF银华
2021-03-17,1.427,1.436,1.442,1.414,73221.0,512380,sh,MSCI中国ETF银华
2021-03-18,1.437,1.452,1.458,1.437,115459.0,512380,sh,MSCI中国ETF银华
2021-03-19,1.449,1.416,1.449,1.409,113970.0,512380,sh,MSCI中国ETF银华
2021-03-22,1.416,1.429,1.435,1.413,100569.0,512380,sh,MSCI中国ETF银华
2021-03-23,1.429,1.418,1.43,1.408,117945.0,512380,sh,MSCI中国ETF银华
2021-03-24,1.422,1.394,1.424,1.392,109157.0,512380,sh,MSCI中国ETF银华
2021-03-25,1.393,1.398,1.403,1.384,89716.0,512380,sh,MSCI中国ETF银华
2021-03-26,1.399,1.428,1.431,1.399,144936.0,512380,sh,MSCI中国ETF银华
2021-03-29,1.428,1.432,1.442,1.426,91628.0,512380,sh,MSCI中国ETF银华
2021-03-30,1.435,1.445,1.449,1.431,100907.0,512380,sh,MSCI中国ETF银华
2021-03-31,1.444,1.434,1.444,1.425,119687.0,512380,sh,MSCI中国ETF银华
2021-04-01,1.435,1.451,1.453,1.435,88782.0,512380,sh,MSCI中国ETF银华
2021-04-02,1.454,1.466,1.468,1.453,75900.0,512380,sh,MSCI中国ETF银华
2021-04-06,1.458,1.463,1.472,1.458,103522.0,512380,sh,MSCI中国ETF银华
2021-04-07,1.462,1.452,1.462,1.443,75256.0,512380,sh,MSCI中国ETF银华
2021-04-08,1.453,1.455,1.459,1.441,65406.0,512380,sh,MSCI中国ETF银华
2021-04-09,1.454,1.438,1.454,1.434,101184.0,512380,sh,MSCI中国ETF银华
2021-04-12,1.439,1.419,1.442,1.412,139965.0,512380,sh,MSCI中国ETF银华
2021-04-13,1.42,1.413,1.426,1.41,49466.0,512380,sh,MSCI中国ETF银华
2021-04-14,1.418,1.426,1.428,1.418,94556.0,512380,sh,MSCI中国ETF银华
2021-04-15,1.421,1.421,1.421,1.405,106287.0,512380,sh,MSCI中国ETF银华
2021-04-16,1.422,1.426,1.428,1.414,47300.0,512380,sh,MSCI中国ETF银华
2021-04-19,1.418,1.456,1.458,1.418,122030.0,512380,sh,MSCI中国ETF银华
2021-04-20,1.457,1.459,1.469,1.454,82282.0,512380,sh,MSCI中国ETF银华
2021-04-21,1.464,1.464,1.467,1.451,106308.0,512380,sh,MSCI中国ETF银华
2021-04-22,1.465,1.467,1.474,1.46,67444.0,512380,sh,MSCI中国ETF银华
2021-04-23,1.467,1.478,1.482,1.465,105449.0,512380,sh,MSCI中国ETF银华
2021-04-26,1.479,1.464,1.495,1.463,90280.0,512380,sh,MSCI中国ETF银华
2021-04-27,1.463,1.468,1.47,1.457,98351.0,512380,sh,MSCI中国ETF银华
2021-04-28,1.46,1.48,1.48,1.457,105093.0,512380,sh,MSCI中国ETF银华
2021-04-29,1.481,1.492,1.493,1.479,54491.0,512380,sh,MSCI中国ETF银华
2021-04-30,1.491,1.484,1.493,1.475,129106.0,512380,sh,MSCI中国ETF银华
2021-05-06,1.484,1.47,1.485,1.459,107390.0,512380,sh,MSCI中国ETF银华
2021-05-07,1.474,1.452,1.475,1.45,114932.0,512380,sh,MSCI中国ETF银华
2021-05-10,1.454,1.445,1.454,1.434,75534.0,512380,sh,MSCI中国ETF银华
2021-05-11,1.434,1.451,1.454,1.427,105231.0,512380,sh,MSCI中国ETF银华
2021-05-12,1.448,1.46,1.46,1.445,134910.0,512380,sh,MSCI中国ETF银华
2021-05-13,1.473,1.447,1.473,1.442,136173.0,512380,sh,MSCI中国ETF银华
2021-05-14,1.449,1.474,1.478,1.447,93914.0,512380,sh,MSCI中国ETF银华
2021-05-17,1.479,1.502,1.508,1.479,160587.0,512380,sh,MSCI中国ETF银华
2021-05-18,1.504,1.503,1.506,1.497,105862.0,512380,sh,MSCI中国ETF银华
2021-05-19,1.498,1.503,1.507,1.495,109206.0,512380,sh,MSCI中国ETF银华
2021-05-20,1.503,1.505,1.509,1.496,107878.0,512380,sh,MSCI中国ETF银华
2021-05-21,1.511,1.497,1.519,1.493,124287.0,512380,sh,MSCI中国ETF银华
2021-05-24,1.495,1.505,1.505,1.485,121613.0,512380,sh,MSCI中国ETF银华
2021-05-25,1.505,1.55,1.551,1.505,122295.0,512380,sh,MSCI中国ETF银华
2021-05-26,1.547,1.547,1.554,1.546,121848.0,512380,sh,MSCI中国ETF银华
2021-05-27,1.547,1.557,1.566,1.539,175625.0,512380,sh,MSCI中国ETF银华
2021-05-28,1.558,1.554,1.565,1.547,133320.0,512380,sh,MSCI中国ETF银华
2021-05-31,1.555,1.559,1.559,1.548,130548.0,512380,sh,MSCI中国ETF银华
2021-06-01,1.56,1.567,1.567,1.547,146199.0,512380,sh,MSCI中国ETF银华
2021-06-02,1.567,1.549,1.568,1.547,161162.0,512380,sh,MSCI中国ETF银华
2021-06-03,1.553,1.549,1.561,1.544,142892.0,512380,sh,MSCI中国ETF银华
2021-06-04,1.544,1.553,1.568,1.539,152860.0,512380,sh,MSCI中国ETF银华
2021-06-07,1.551,1.555,1.555,1.545,127780.0,512380,sh,MSCI中国ETF银华
2021-06-08,1.553,1.542,1.568,1.534,125681.0,512380,sh,MSCI中国ETF银华
2021-06-09,1.543,1.546,1.547,1.538,141234.0,512380,sh,MSCI中国ETF银华
2021-06-10,1.546,1.558,1.565,1.546,157610.0,512380,sh,MSCI中国ETF银华
2021-06-11,1.562,1.55,1.562,1.547,128599.0,512380,sh,MSCI中国ETF银华
2021-06-15,1.548,1.535,1.549,1.526,80989.0,512380,sh,MSCI中国ETF银华
2021-06-16,1.531,1.51,1.533,1.507,126573.0,512380,sh,MSCI中国ETF银华
2021-06-17,1.504,1.516,1.522,1.504,147559.0,512380,sh,MSCI中国ETF银华
2021-06-18,1.514,1.521,1.527,1.51,169447.0,512380,sh,MSCI中国ETF银华
2021-06-21,1.515,1.52,1.529,1.511,124657.0,512380,sh,MSCI中国ETF银华
2021-06-22,1.525,1.535,1.535,1.523,165466.0,512380,sh,MSCI中国ETF银华
2021-06-23,1.535,1.544,1.549,1.534,120016.0,512380,sh,MSCI中国ETF银华
2021-06-24,1.543,1.546,1.548,1.539,137464.0,512380,sh,MSCI中国ETF银华
2021-06-25,1.541,1.568,1.572,1.541,122665.0,512380,sh,MSCI中国ETF银华
2021-06-28,1.578,1.573,1.578,1.567,117469.0,512380,sh,MSCI中国ETF银华
2021-06-29,1.578,1.562,1.578,1.56,133473.0,512380,sh,MSCI中国ETF银华
2021-06-30,1.562,1.574,1.576,1.562,135521.0,512380,sh,MSCI中国ETF银华
2021-07-01,1.58,1.572,1.584,1.567,85619.0,512380,sh,MSCI中国ETF银华
2021-07-02,1.56,1.538,1.56,1.536,80007.0,512380,sh,MSCI中国ETF银华
2021-07-05,1.535,1.538,1.541,1.528,99243.0,512380,sh,MSCI中国ETF银华
2021-07-06,1.534,1.538,1.538,1.522,101852.0,512380,sh,MSCI中国ETF银华
2021-07-07,1.533,1.552,1.558,1.53,104244.0,512380,sh,MSCI中国ETF银华
2021-07-08,1.563,1.546,1.563,1.542,110010.0,512380,sh,MSCI中国ETF银华
2021-07-09,1.545,1.54,1.545,1.521,115835.0,512380,sh,MSCI中国ETF银华
2021-07-12,1.545,1.563,1.573,1.545,99108.0,512380,sh,MSCI中国ETF银华
2021-07-13,1.565,1.57,1.574,1.562,106108.0,512380,sh,MSCI中国ETF银华
2021-07-14,1.565,1.558,1.567,1.555,104461.0,512380,sh,MSCI中国ETF银华
2021-07-15,1.558,1.574,1.576,1.551,116542.0,512380,sh,MSCI中国ETF银华
2021-07-16,1.574,1.561,1.574,1.56,135182.0,512380,sh,MSCI中国ETF银华
2021-07-19,1.557,1.565,1.565,1.545,135796.0,512380,sh,MSCI中国ETF银华
2021-07-20,1.56,1.561,1.563,1.552,110266.0,512380,sh,MSCI中国ETF银华
2021-07-21,1.568,1.577,1.579,1.568,144772.0,512380,sh,MSCI中国ETF银华
2021-07-22,1.575,1.58,1.583,1.574,156239.0,512380,sh,MSCI中国ETF银华
2021-07-23,1.578,1.565,1.579,1.561,133908.0,512380,sh,MSCI中国ETF银华
2021-07-26,1.563,1.52,1.563,1.502,164462.0,512380,sh,MSCI中国ETF银华
2021-07-27,1.52,1.47,1.525,1.469,162976.0,512380,sh,MSCI中国ETF银华
2021-07-28,1.464,1.473,1.479,1.447,162625.0,512380,sh,MSCI中国ETF银华
2021-07-29,1.478,1.502,1.504,1.478,146636.0,512380,sh,MSCI中国ETF银华
2021-07-30,1.49,1.49,1.494,1.48,98306.0,512380,sh,MSCI中国ETF银华
2021-08-02,1.488,1.525,1.528,1.48,127644.0,512380,sh,MSCI中国ETF银华
2021-08-03,1.517,1.522,1.533,1.515,121513.0,512380,sh,MSCI中国ETF银华
2021-08-04,1.518,1.538,1.538,1.518,91568.0,512380,sh,MSCI中国ETF银华
2021-08-05,1.538,1.534,1.547,1.53,82887.0,512380,sh,MSCI中国ETF银华
2021-08-06,1.532,1.529,1.535,1.522,93115.0,512380,sh,MSCI中国ETF银华
2021-08-09,1.519,1.543,1.548,1.519,106967.0,512380,sh,MSCI中国ETF银华
2021-08-10,1.543,1.561,1.561,1.535,158919.0,512380,sh,MSCI中国ETF银华
2021-08-11,1.559,1.557,1.566,1.555,110768.0,512380,sh,MSCI中国ETF银华
2021-08-12,1.556,1.547,1.558,1.547,98903.0,512380,sh,MSCI中国ETF银华
2021-08-13,1.544,1.543,1.558,1.537,106843.0,512380,sh,MSCI中国ETF银华
2021-08-16,1.543,1.538,1.547,1.536,117899.0,512380,sh,MSCI中国ETF银华
2021-08-17,1.539,1.511,1.548,1.506,123147.0,512380,sh,MSCI中国ETF银华
2021-08-18,1.504,1.524,1.528,1.503,117717.0,512380,sh,MSCI中国ETF银华
2021-08-19,1.521,1.515,1.522,1.508,127978.0,512380,sh,MSCI中国ETF银华
2021-08-20,1.506,1.493,1.509,1.479,130014.0,512380,sh,MSCI中国ETF银华
2021-08-23,1.497,1.511,1.513,1.493,131946.0,512380,sh,MSCI中国ETF银华
2021-08-24,1.499,1.529,1.533,1.499,142086.0,512380,sh,MSCI中国ETF银华
2021-08-25,1.533,1.541,1.541,1.525,156399.0,512380,sh,MSCI中国ETF银华
2021-08-26,1.536,1.517,1.536,1.517,105973.0,512380,sh,MSCI中国ETF银华
2021-08-27,1.516,1.519,1.529,1.515,101855.0,512380,sh,MSCI中国ETF银华
2021-08-30,1.516,1.519,1.524,1.512,107502.0,512380,sh,MSCI中国ETF银华
2021-08-31,1.517,1.521,1.521,1.499,127303.0,512380,sh,MSCI中国ETF银华
2021-09-01,1.521,1.531,1.541,1.504,115774.0,512380,sh,MSCI中国ETF银华
2021-09-02,1.534,1.534,1.536,1.528,98598.0,512380,sh,MSCI中国ETF银华
2021-09-03,1.532,1.526,1.538,1.522,89161.0,512380,sh,MSCI中国ETF银华
2021-09-06,1.531,1.549,1.554,1.531,117131.0,512380,sh,MSCI中国ETF银华
2021-09-07,1.549,1.577,1.578,1.549,139983.0,512380,sh,MSCI中国ETF银华
2021-09-08,1.578,1.567,1.58,1.566,144905.0,512380,sh,MSCI中国ETF银华
2021-09-09,1.567,1.572,1.573,1.561,107574.0,512380,sh,MSCI中国ETF银华
2021-09-10,1.57,1.581,1.59,1.57,133943.0,512380,sh,MSCI中国ETF银华
2021-09-13,1.582,1.579,1.589,1.574,104389.0,512380,sh,MSCI中国ETF银华
2021-09-14,1.575,1.566,1.587,1.56,85534.0,512380,sh,MSCI中国ETF银华
2021-09-15,1.56,1.55,1.561,1.545,84052.0,512380,sh,MSCI中国ETF银华
2021-09-16,1.556,1.534,1.557,1.532,198133.0,512380,sh,MSCI中国ETF银华
2021-09-17,1.534,1.542,1.542,1.527,121340.0,512380,sh,MSCI中国ETF银华
2021-09-22,1.53,1.537,1.54,1.523,133661.0,512380,sh,MSCI中国ETF银华
2021-09-23,1.541,1.546,1.554,1.541,117878.0,512380,sh,MSCI中国ETF银华
2021-09-24,1.548,1.547,1.556,1.544,111112.0,512380,sh,MSCI中国ETF银华
2021-09-27,1.56,1.547,1.565,1.539,122572.0,512380,sh,MSCI中国ETF银华
2021-09-28,1.544,1.55,1.554,1.542,104441.0,512380,sh,MSCI中国ETF银华
2021-09-29,1.545,1.535,1.545,1.524,131037.0,512380,sh,MSCI中国ETF银华
2021-09-30,1.538,1.546,1.548,1.536,102719.0,512380,sh,MSCI中国ETF银华
2021-10-08,1.561,1.557,1.563,1.552,119050.0,512380,sh,MSCI中国ETF银华
2021-10-11,1.56,1.562,1.568,1.559,87014.0,512380,sh,MSCI中国ETF银华
2021-10-12,1.557,1.539,1.557,1.528,106695.0,512380,sh,MSCI中国ETF银华
2021-10-13,1.534,1.557,1.559,1.534,112262.0,512380,sh,MSCI中国ETF银华
2021-10-14,1.558,1.557,1.564,1.552,122513.0,512380,sh,MSCI中国ETF银华
2021-10-15,1.55,1.563,1.566,1.55,135929.0,512380,sh,MSCI中国ETF银华
2021-10-18,1.574,1.556,1.715,1.545,115697.0,512380,sh,MSCI中国ETF银华
2021-10-19,1.557,1.565,1.568,1.556,118047.0,512380,sh,MSCI中国ETF银华
2021-10-20,1.57,1.563,1.572,1.56,88815.0,512380,sh,MSCI中国ETF银华
2021-10-21,1.565,1.568,1.574,1.558,150014.0,512380,sh,MSCI中国ETF银华
2021-10-22,1.568,1.569,1.578,1.566,141844.0,512380,sh,MSCI中国ETF银华
2021-10-25,1.569,1.579,1.581,1.567,119837.0,512380,sh,MSCI中国ETF银华
2021-10-26,1.58,1.576,1.591,1.574,134359.0,512380,sh,MSCI中国ETF银华
2021-10-27,1.58,1.56,1.58,1.558,138268.0,512380,sh,MSCI中国ETF银华
2021-10-28,1.557,1.549,1.56,1.545,149527.0,512380,sh,MSCI中国ETF银华
2021-10-29,1.553,1.564,1.565,1.547,167361.0,512380,sh,MSCI中国ETF银华
2021-11-01,1.565,1.56,1.568,1.553,201127.0,512380,sh,MSCI中国ETF银华
2021-11-02,1.56,1.547,1.568,1.537,193195.0,512380,sh,MSCI中国ETF银华
2021-11-03,1.548,1.543,1.553,1.539,117054.0,512380,sh,MSCI中国ETF银华
2021-11-04,1.537,1.558,1.559,1.537,155738.0,512380,sh,MSCI中国ETF银华
2021-11-05,1.558,1.55,1.562,1.548,143302.0,512380,sh,MSCI中国ETF银华
2021-11-08,1.55,1.556,1.56,1.547,187197.0,512380,sh,MSCI中国ETF银华
2021-11-09,1.563,1.553,1.563,1.546,196057.0,512380,sh,MSCI中国ETF银华
2021-11-10,1.551,1.543,1.551,1.524,183122.0,512380,sh,MSCI中国ETF银华
2021-11-11,1.542,1.564,1.565,1.542,144318.0,512380,sh,MSCI中国ETF银华
2021-11-12,1.567,1.561,1.568,1.558,108220.0,512380,sh,MSCI中国ETF银华
2021-11-15,1.567,1.559,1.568,1.554,136486.0,512380,sh,MSCI中国ETF银华
2021-11-16,1.56,1.557,1.567,1.555,159668.0,512380,sh,MSCI中国ETF银华
2021-11-17,1.558,1.56,1.562,1.554,172544.0,512380,sh,MSCI中国ETF银华
2021-11-18,1.561,1.548,1.561,1.543,130187.0,512380,sh,MSCI中国ETF银华
2021-11-19,1.548,1.568,1.568,1.546,177472.0,512380,sh,MSCI中国ETF银华
2021-11-22,1.568,1.58,1.581,1.568,125131.0,512380,sh,MSCI中国ETF银华
2021-11-23,1.581,1.575,1.582,1.573,175649.0,512380,sh,MSCI中国ETF银华
2021-11-24,1.578,1.575,1.58,1.571,245101.0,512380,sh,MSCI中国ETF银华
2021-11-25,1.576,1.574,1.577,1.57,194513.0,512380,sh,MSCI中国ETF银华
2021-11-26,1.572,1.565,1.572,1.564,186165.0,512380,sh,MSCI中国ETF银华
2021-11-29,1.556,1.561,1.564,1.554,140153.0,512380,sh,MSCI中国ETF银华
2021-11-30,1.567,1.558,1.567,1.553,149869.0,512380,sh,MSCI中国ETF银华
2021-12-01,1.56,1.561,1.561,1.555,120551.0,512380,sh,MSCI中国ETF银华
2021-12-02,1.557,1.564,1.567,1.556,168438.0,512380,sh,MSCI中国ETF银华
2021-12-03,1.555,1.574,1.575,1.555,201136.0,512380,sh,MSCI中国ETF银华
2021-12-06,1.574,1.571,1.584,1.57,193268.0,512380,sh,MSCI中国ETF银华
2021-12-07,1.575,1.568,1.577,1.562,171115.0,512380,sh,MSCI中国ETF银华
2021-12-08,1.571,1.59,1.59,1.568,200952.0,512380,sh,MSCI中国ETF银华
2021-12-09,1.591,1.608,1.618,1.591,143355.0,512380,sh,MSCI中国ETF银华
2021-12-10,1.608,1.608,1.608,1.601,92162.0,512380,sh,MSCI中国ETF银华
2021-12-13,1.613,1.616,1.63,1.613,138034.0,512380,sh,MSCI中国ETF银华
2021-12-14,1.609,1.606,1.611,1.603,117781.0,512380,sh,MSCI中国ETF银华
2021-12-15,1.604,1.596,1.611,1.594,160148.0,512380,sh,MSCI中国ETF银华
2021-12-16,1.598,1.603,1.603,1.592,141866.0,512380,sh,MSCI中国ETF银华
2021-12-17,1.602,1.585,1.602,1.584,121627.0,512380,sh,MSCI中国ETF银华
2021-12-20,1.577,1.561,1.588,1.559,119380.0,512380,sh,MSCI中国ETF银华
2021-12-21,1.564,1.57,1.571,1.558,148418.0,512380,sh,MSCI中国ETF银华
2021-12-22,1.573,1.572,1.577,1.569,139026.0,512380,sh,MSCI中国ETF银华
2021-12-23,1.577,1.585,1.585,1.574,155976.0,512380,sh,MSCI中国ETF银华
2021-12-24,1.585,1.577,1.587,1.571,111953.0,512380,sh,MSCI中国ETF银华
2021-12-27,1.578,1.574,1.581,1.568,127026.0,512380,sh,MSCI中国ETF银华
2021-12-28,1.578,1.582,1.585,1.573,109152.0,512380,sh,MSCI中国ETF银华
2021-12-29,1.577,1.563,1.579,1.563,95144.0,512380,sh,MSCI中国ETF银华
2021-12-30,1.565,1.574,1.576,1.563,136773.0,512380,sh,MSCI中国ETF银华
2021-12-31,1.577,1.579,1.582,1.576,131090.0,512380,sh,MSCI中国ETF银华
2022-01-04,1.584,1.572,1.584,1.562,137676.0,512380,sh,MSCI中国ETF银华
2022-01-05,1.572,1.556,1.572,1.551,128726.0,512380,sh,MSCI中国ETF银华
2022-01-06,1.555,1.544,1.555,1.533,136457.0,512380,sh,MSCI中国ETF银华
2022-01-07,1.549,1.542,1.551,1.54,145655.0,512380,sh,MSCI中国ETF银华
2022-01-10,1.537,1.543,1.544,1.527,137353.0,512380,sh,MSCI中国ETF银华
2022-01-11,1.54,1.531,1.545,1.53,126108.0,512380,sh,MSCI中国ETF银华
2022-01-12,1.541,1.544,1.546,1.535,110278.0,512380,sh,MSCI中国ETF银华
2022-01-13,1.544,1.524,1.545,1.524,136547.0,512380,sh,MSCI中国ETF银华
2022-01-14,1.52,1.51,1.521,1.509,129884.0,512380,sh,MSCI中国ETF银华
2022-01-17,1.512,1.521,1.525,1.511,104836.0,512380,sh,MSCI中国ETF银华
2022-01-18,1.52,1.536,1.537,1.518,96278.0,512380,sh,MSCI中国ETF银华
2022-01-19,1.536,1.527,1.54,1.521,125600.0,512380,sh,MSCI中国ETF银华
2022-01-20,1.527,1.535,1.543,1.526,124555.0,512380,sh,MSCI中国ETF银华
2022-01-21,1.524,1.519,1.532,1.517,116193.0,512380,sh,MSCI中国ETF银华
2022-01-24,1.512,1.52,1.525,1.512,126753.0,512380,sh,MSCI中国ETF银华
2022-01-25,1.518,1.489,1.52,1.489,115595.0,512380,sh,MSCI中国ETF银华
2022-01-26,1.494,1.495,1.497,1.48,130661.0,512380,sh,MSCI中国ETF银华
2022-01-27,1.495,1.469,1.495,1.468,115016.0,512380,sh,MSCI中国ETF银华
2022-01-28,1.474,1.45,1.477,1.449,127696.0,512380,sh,MSCI中国ETF银华
2022-02-07,1.464,1.469,1.48,1.464,102561.0,512380,sh,MSCI中国ETF银华
2022-02-08,1.47,1.467,1.47,1.442,97078.0,512380,sh,MSCI中国ETF银华
2022-02-09,1.456,1.483,1.483,1.456,117595.0,512380,sh,MSCI中国ETF银华
2022-02-10,1.485,1.481,1.485,1.476,56979.0,512380,sh,MSCI中国ETF银华
2022-02-11,1.481,1.468,1.487,1.467,112121.0,512380,sh,MSCI中国ETF银华
2022-02-14,1.46,1.449,1.467,1.449,99826.0,512380,sh,MSCI中国ETF银华
2022-02-15,1.454,1.466,1.466,1.453,34503.0,512380,sh,MSCI中国ETF银华
2022-02-16,1.473,1.473,1.481,1.472,70776.0,512380,sh,MSCI中国ETF银华
2022-02-17,1.473,1.475,1.481,1.471,110271.0,512380,sh,MSCI中国ETF银华
2022-02-18,1.486,1.483,1.489,1.467,78546.0,512380,sh,MSCI中国ETF银华
2022-02-21,1.483,1.482,1.483,1.475,122046.0,512380,sh,MSCI中国ETF银华
2022-02-22,1.468,1.464,1.469,1.46,102762.0,512380,sh,MSCI中国ETF银华
2022-02-23,1.464,1.479,1.479,1.464,100896.0,512380,sh,MSCI中国ETF银华
2022-02-24,1.477,1.455,1.477,1.443,138706.0,512380,sh,MSCI中国ETF银华
2022-02-25,1.469,1.464,1.476,1.462,121113.0,512380,sh,MSCI中国ETF银华
2022-02-28,1.465,1.468,1.47,1.455,101776.0,512380,sh,MSCI中国ETF银华
2022-03-01,1.475,1.479,1.48,1.471,79832.0,512380,sh,MSCI中国ETF银华
2022-03-02,1.479,1.471,1.479,1.465,112865.0,512380,sh,MSCI中国ETF银华
2022-03-03,1.476,1.462,1.476,1.462,89559.0,512380,sh,MSCI中国ETF银华
2022-03-04,1.454,1.446,1.459,1.444,113650.0,512380,sh,MSCI中国ETF银华
2022-03-07,1.432,1.406,1.433,1.403,125738.0,512380,sh,MSCI中国ETF银华
2022-03-08,1.408,1.373,1.412,1.373,116858.0,512380,sh,MSCI中国ETF银华
2022-03-09,1.378,1.359,1.382,1.32,96389.0,512380,sh,MSCI中国ETF银华
2022-03-10,1.372,1.378,1.39,1.372,71827.0,512380,sh,MSCI中国ETF银华
2022-03-11,1.365,1.388,1.389,1.347,94712.0,512380,sh,MSCI中国ETF银华
2022-03-14,1.375,1.35,1.378,1.35,123794.0,512380,sh,MSCI中国ETF银华
2022-03-15,1.34,1.286,1.34,1.285,104113.0,512380,sh,MSCI中国ETF银华
2022-03-16,1.298,1.33,1.336,1.269,136248.0,512380,sh,MSCI中国ETF银华
2022-03-17,1.343,1.361,1.373,1.343,137509.0,512380,sh,MSCI中国ETF银华
2022-03-18,1.361,1.368,1.373,1.35,62818.0,512380,sh,MSCI中国ETF银华
2022-03-21,1.37,1.368,1.398,1.359,94992.0,512380,sh,MSCI中国ETF银华
2022-03-22,1.362,1.367,1.376,1.362,85382.0,512380,sh,MSCI中国ETF银华
2022-03-23,1.372,1.374,1.377,1.364,98753.0,512380,sh,MSCI中国ETF银华
2022-03-24,1.384,1.372,1.384,1.359,90314.0,512380,sh,MSCI中国ETF银华
2022-03-25,1.363,1.348,1.368,1.344,111211.0,512380,sh,MSCI中国ETF银华
2022-03-28,1.335,1.331,1.344,1.318,122818.0,512380,sh,MSCI中国ETF银华
2022-03-29,1.336,1.332,1.343,1.33,131118.0,512380,sh,MSCI中国ETF银华
2022-03-30,1.333,1.36,1.363,1.332,92146.0,512380,sh,MSCI中国ETF银华
2022-03-31,1.358,1.356,1.363,1.352,80934.0,512380,sh,MSCI中国ETF银华
2022-04-01,1.344,1.37,1.371,1.344,114801.0,512380,sh,MSCI中国ETF银华
2022-04-06,1.368,1.361,1.368,1.358,95475.0,512380,sh,MSCI中国ETF银华
2022-04-07,1.356,1.35,1.368,1.35,71010.0,512380,sh,MSCI中国ETF银华
2022-04-08,1.35,1.355,1.355,1.341,65997.0,512380,sh,MSCI中国ETF银华
2022-04-11,1.345,1.315,1.345,1.313,99770.0,512380,sh,MSCI中国ETF银华
2022-04-12,1.304,1.332,1.335,1.304,111824.0,512380,sh,MSCI中国ETF银华
2022-04-13,1.324,1.324,1.333,1.324,92764.0,512380,sh,MSCI中国ETF银华
2022-04-14,1.332,1.341,1.344,1.328,78529.0,512380,sh,MSCI中国ETF银华
2022-04-15,1.332,1.337,1.343,1.328,65543.0,512380,sh,MSCI中国ETF银华
2022-04-18,1.325,1.329,1.331,1.316,86642.0,512380,sh,MSCI中国ETF银华
2022-04-19,1.337,1.323,1.337,1.32,91594.0,512380,sh,MSCI中国ETF银华
2022-04-20,1.33,1.301,1.33,1.3,78266.0,512380,sh,MSCI中国ETF银华
2022-04-21,1.303,1.273,1.307,1.273,93827.0,512380,sh,MSCI中国ETF银华
2022-04-22,1.269,1.279,1.286,1.264,104184.0,512380,sh,MSCI中国ETF银华
2022-04-25,1.267,1.217,1.267,1.217,127540.0,512380,sh,MSCI中国ETF银华
2022-04-26,1.217,1.205,1.231,1.203,127828.0,512380,sh,MSCI中国ETF银华
2022-04-27,1.203,1.234,1.234,1.196,98026.0,512380,sh,MSCI中国ETF银华
2022-04-28,1.244,1.245,1.25,1.232,87344.0,512380,sh,MSCI中国ETF银华
2022-04-29,1.249,1.273,1.274,1.24,91787.0,512380,sh,MSCI中国ETF银华
2022-05-05,1.275,1.276,1.287,1.271,81918.0,512380,sh,MSCI中国ETF银华
2022-05-06,1.249,1.25,1.263,1.246,64251.0,512380,sh,MSCI中国ETF银华
2022-05-09,1.244,1.24,1.247,1.232,62517.0,512380,sh,MSCI中国ETF银华
2022-05-10,1.235,1.254,1.257,1.219,107694.0,512380,sh,MSCI中国ETF银华
2022-05-11,1.255,1.268,1.288,1.255,102269.0,512380,sh,MSCI中国ETF银华
2022-05-12,1.268,1.265,1.277,1.261,83867.0,512380,sh,MSCI中国ETF银华
2022-05-13,1.277,1.28,1.283,1.272,73249.0,512380,sh,MSCI中国ETF银华
2022-05-16,1.285,1.271,1.289,1.269,67103.0,512380,sh,MSCI中国ETF银华
2022-05-17,1.271,1.287,1.287,1.271,93684.0,512380,sh,MSCI中国ETF银华
2022-05-18,1.294,1.281,1.294,1.276,105909.0,512380,sh,MSCI中国ETF银华
2022-05-19,1.27,1.285,1.286,1.269,115010.0,512380,sh,MSCI中国ETF银华
2022-05-20,1.297,1.31,1.31,1.296,99903.0,512380,sh,MSCI中国ETF银华
2022-05-23,1.31,1.306,1.31,1.299,90523.0,512380,sh,MSCI中国ETF银华
2022-05-24,1.301,1.28,1.305,1.28,63880.0,512380,sh,MSCI中国ETF银华
2022-05-25,1.274,1.284,1.284,1.274,61941.0,512380,sh,MSCI中国ETF银华
2022-05-26,1.282,1.289,1.295,1.272,96861.0,512380,sh,MSCI中国ETF银华
2022-05-27,1.301,1.291,1.307,1.288,85008.0,512380,sh,MSCI中国ETF银华
2022-05-30,1.298,1.299,1.302,1.294,84996.0,512380,sh,MSCI中国ETF银华
2022-05-31,1.299,1.321,1.322,1.299,162668.0,512380,sh,MSCI中国ETF银华
2022-06-01,1.321,1.319,1.322,1.312,110120.0,512380,sh,MSCI中国ETF银华
2022-06-02,1.313,1.323,1.325,1.313,99932.0,512380,sh,MSCI中国ETF银华
2022-06-06,1.323,1.347,1.347,1.317,80278.0,512380,sh,MSCI中国ETF银华
2022-06-07,1.347,1.35,1.356,1.345,90880.0,512380,sh,MSCI中国ETF银华
2022-06-08,1.353,1.364,1.364,1.344,95493.0,512380,sh,MSCI中国ETF银华
2022-06-09,1.362,1.353,1.368,1.348,114380.0,512380,sh,MSCI中国ETF银华
2022-06-10,1.355,1.372,1.373,1.343,57576.0,512380,sh,MSCI中国ETF银华
2022-06-13,1.372,1.36,1.372,1.349,90242.0,512380,sh,MSCI中国ETF银华
2022-06-14,1.348,1.37,1.37,1.335,128248.0,512380,sh,MSCI中国ETF银华
2022-06-15,1.365,1.384,1.403,1.365,112941.0,512380,sh,MSCI中国ETF银华
2022-06-16,1.37,1.373,1.389,1.37,95254.0,512380,sh,MSCI中国ETF银华
2022-06-17,1.373,1.392,1.395,1.368,139857.0,512380,sh,MSCI中国ETF银华
2022-06-20,1.392,1.4,1.409,1.386,126383.0,512380,sh,MSCI中国ETF银华
2022-06-21,1.394,1.394,1.405,1.384,100170.0,512380,sh,MSCI中国ETF银华
2022-06-22,1.396,1.381,1.396,1.38,97690.0,512380,sh,MSCI中国ETF银华
2022-06-23,1.385,1.396,1.396,1.378,93308.0,512380,sh,MSCI中国ETF银华
2022-06-24,1.405,1.415,1.418,1.404,96574.0,512380,sh,MSCI中国ETF银华
2022-06-27,1.424,1.435,1.441,1.424,101399.0,512380,sh,MSCI中国ETF银华
2022-06-28,1.429,1.445,1.449,1.425,112968.0,512380,sh,MSCI中国ETF银华
2022-06-29,1.445,1.427,1.45,1.426,108114.0,512380,sh,MSCI中国ETF银华
2022-06-30,1.432,1.447,1.456,1.432,85011.0,512380,sh,MSCI中国ETF银华
2022-07-01,1.447,1.443,1.451,1.406,89882.0,512380,sh,MSCI中国ETF银华
2022-07-04,1.435,1.45,1.452,1.432,89623.0,512380,sh,MSCI中国ETF银华
2022-07-05,1.46,1.45,1.46,1.436,77696.0,512380,sh,MSCI中国ETF银华
2022-07-06,1.447,1.433,1.447,1.423,118896.0,512380,sh,MSCI中国ETF银华
2022-07-07,1.429,1.436,1.441,1.422,82117.0,512380,sh,MSCI中国ETF银华
2022-07-08,1.446,1.433,1.447,1.433,79582.0,512380,sh,MSCI中国ETF银华
2022-07-11,1.419,1.417,1.423,1.408,99146.0,512380,sh,MSCI中国ETF银华
2022-07-12,1.414,1.4,1.417,1.398,88470.0,512380,sh,MSCI中国ETF银华
2022-07-13,1.402,1.402,1.405,1.393,79507.0,512380,sh,MSCI中国ETF银华
2022-07-14,1.397,1.403,1.411,1.395,109849.0,512380,sh,MSCI中国ETF银华
2022-07-15,1.406,1.388,1.415,1.388,93637.0,512380,sh,MSCI中国ETF银华
2022-07-18,1.39,1.401,1.405,1.38,77458.0,512380,sh,MSCI中国ETF银华
2022-07-19,1.404,1.4,1.404,1.389,85907.0,512380,sh,MSCI中国ETF银华
2022-07-20,1.404,1.403,1.409,1.4,83709.0,512380,sh,MSCI中国ETF银华
2022-07-21,1.4,1.393,1.401,1.391,65317.0,512380,sh,MSCI中国ETF银华
2022-07-22,1.384,1.392,1.403,1.381,96792.0,512380,sh,MSCI中国ETF银华
2022-07-25,1.387,1.381,1.389,1.377,97297.0,512380,sh,MSCI中国ETF银华
2022-07-26,1.386,1.39,1.394,1.381,102502.0,512380,sh,MSCI中国ETF银华
2022-07-27,1.394,1.384,1.394,1.382,99822.0,512380,sh,MSCI中国ETF银华
2022-07-28,1.384,1.388,1.399,1.384,99405.0,512380,sh,MSCI中国ETF银华
2022-07-29,1.394,1.371,1.394,1.368,106439.0,512380,sh,MSCI中国ETF银华
2022-08-01,1.363,1.374,1.377,1.359,104303.0,512380,sh,MSCI中国ETF银华
2022-08-02,1.361,1.35,1.361,1.34,158548.0,512380,sh,MSCI中国ETF银华
2022-08-03,1.344,1.334,1.363,1.334,134690.0,512380,sh,MSCI中国ETF银华
2022-08-04,1.344,1.346,1.348,1.336,150020.0,512380,sh,MSCI中国ETF银华
2022-08-05,1.353,1.364,1.365,1.346,148998.0,512380,sh,MSCI中国ETF银华
2022-08-08,1.374,1.367,1.374,1.364,90073.0,512380,sh,MSCI中国ETF银华
2022-08-09,1.366,1.37,1.371,1.364,111113.0,512380,sh,MSCI中国ETF银华
2022-08-10,1.369,1.358,1.372,1.354,119949.0,512380,sh,MSCI中国ETF银华
2022-08-11,1.359,1.383,1.383,1.359,93032.0,512380,sh,MSCI中国ETF银华
2022-08-12,1.382,1.388,1.39,1.38,124820.0,512380,sh,MSCI中国ETF银华
2022-08-15,1.384,1.384,1.392,1.382,115489.0,512380,sh,MSCI中国ETF银华
2022-08-16,1.386,1.383,1.392,1.382,107691.0,512380,sh,MSCI中国ETF银华
2022-08-17,1.384,1.393,1.396,1.377,100224.0,512380,sh,MSCI中国ETF银华
2022-08-18,1.391,1.384,1.393,1.381,114583.0,512380,sh,MSCI中国ETF银华
2022-08-19,1.383,1.375,1.387,1.375,122271.0,512380,sh,MSCI中国ETF银华
2022-08-22,1.37,1.386,1.386,1.37,129482.0,512380,sh,MSCI中国ETF银华
2022-08-23,1.387,1.381,1.387,1.377,112485.0,512380,sh,MSCI中国ETF银华
2022-08-24,1.383,1.36,1.385,1.36,97696.0,512380,sh,MSCI中国ETF银华
2022-08-25,1.36,1.37,1.37,1.351,139857.0,512380,sh,MSCI中国ETF银华
2022-08-26,1.371,1.366,1.375,1.364,97454.0,512380,sh,MSCI中国ETF银华
2022-08-29,1.358,1.358,1.36,1.351,130332.0,512380,sh,MSCI中国ETF银华
2022-08-30,1.359,1.354,1.359,1.346,113506.0,512380,sh,MSCI中国ETF银华
2022-08-31,1.351,1.352,1.363,1.343,141770.0,512380,sh,MSCI中国ETF银华
2022-09-01,1.348,1.34,1.352,1.338,133200.0,512380,sh,MSCI中国ETF银华
2022-09-02,1.335,1.334,1.343,1.328,121628.0,512380,sh,MSCI中国ETF银华
2022-09-05,1.329,1.334,1.334,1.323,125367.0,512380,sh,MSCI中国ETF银华
2022-09-06,1.336,1.346,1.346,1.333,99991.0,512380,sh,MSCI中国ETF银华
2022-09-07,1.344,1.35,1.352,1.344,118990.0,512380,sh,MSCI中国ETF银华
2022-09-08,1.35,1.344,1.353,1.344,84183.0,512380,sh,MSCI中国ETF银华
2022-09-09,1.346,1.361,1.362,1.346,107210.0,512380,sh,MSCI中国ETF银华
2022-09-13,1.365,1.364,1.371,1.363,104316.0,512380,sh,MSCI中国ETF银华
2022-09-14,1.352,1.35,1.357,1.346,93903.0,512380,sh,MSCI中国ETF银华
2022-09-15,1.357,1.336,1.357,1.33,124921.0,512380,sh,MSCI中国ETF银华
2022-09-16,1.33,1.306,1.33,1.306,187262.0,512380,sh,MSCI中国ETF银华
2022-09-19,1.302,1.302,1.308,1.296,168425.0,512380,sh,MSCI中国ETF银华
2022-09-20,1.305,1.302,1.31,1.3,163750.0,512380,sh,MSCI中国ETF银华
2022-09-21,1.302,1.298,1.303,1.292,121420.0,512380,sh,MSCI中国ETF银华
2022-09-22,1.298,1.289,1.298,1.284,92531.0,512380,sh,MSCI中国ETF银华
2022-09-23,1.293,1.285,1.294,1.277,144516.0,512380,sh,MSCI中国ETF银华
2022-09-26,1.277,1.273,1.294,1.273,136529.0,512380,sh,MSCI中国ETF银华
2022-09-27,1.278,1.294,1.295,1.274,124520.0,512380,sh,MSCI中国ETF银华
2022-09-28,1.29,1.277,1.29,1.275,127803.0,512380,sh,MSCI中国ETF银华
2022-09-29,1.283,1.276,1.288,1.27,119942.0,512380,sh,MSCI中国ETF银华
2022-09-30,1.275,1.27,1.279,1.266,78066.0,512380,sh,MSCI中国ETF银华
2022-10-10,1.27,1.245,1.27,1.239,107144.0,512380,sh,MSCI中国ETF银华
2022-10-11,1.241,1.244,1.247,1.236,111013.0,512380,sh,MSCI中国ETF银华
2022-10-12,1.239,1.258,1.258,1.221,136987.0,512380,sh,MSCI中国ETF银华
2022-10-13,1.255,1.255,1.262,1.25,133140.0,512380,sh,MSCI中国ETF银华
2022-10-14,1.264,1.282,1.288,1.264,142651.0,512380,sh,MSCI中国ETF银华
2022-10-17,1.279,1.283,1.285,1.272,104602.0,512380,sh,MSCI中国ETF银华
2022-10-18,1.287,1.286,1.292,1.281,99102.0,512380,sh,MSCI中国ETF银华
2022-10-19,1.281,1.265,1.284,1.265,99633.0,512380,sh,MSCI中国ETF银华
2022-10-20,1.261,1.259,1.273,1.251,148562.0,512380,sh,MSCI中国ETF银华
2022-10-21,1.263,1.256,1.265,1.254,114670.0,512380,sh,MSCI中国ETF银华
2022-10-24,1.251,1.223,1.265,1.219,154332.0,512380,sh,MSCI中国ETF银华
2022-10-25,1.215,1.223,1.235,1.213,156518.0,512380,sh,MSCI中国ETF银华
2022-10-26,1.225,1.229,1.242,1.224,154549.0,512380,sh,MSCI中国ETF银华
2022-10-27,1.236,1.228,1.241,1.227,141514.0,512380,sh,MSCI中国ETF银华
2022-10-28,1.216,1.2,1.218,1.194,177321.0,512380,sh,MSCI中国ETF银华
2022-10-31,1.188,1.185,1.199,1.18,151035.0,512380,sh,MSCI中国ETF银华
2022-11-01,1.19,1.229,1.229,1.189,150378.0,512380,sh,MSCI中国ETF银华
2022-11-02,1.22,1.236,1.268,1.22,210816.0,512380,sh,MSCI中国ETF银华
2022-11-03,1.24,1.233,1.24,1.226,174343.0,512380,sh,MSCI中国ETF银华
2022-11-04,1.24,1.272,1.276,1.234,175027.0,512380,sh,MSCI中国ETF银华
2022-11-07,1.261,1.275,1.279,1.261,137760.0,512380,sh,MSCI中国ETF银华
2022-11-08,1.271,1.263,1.275,1.256,203079.0,512380,sh,MSCI中国ETF银华
2022-11-09,1.267,1.257,1.267,1.255,151076.0,512380,sh,MSCI中国ETF银华
2022-11-10,1.245,1.247,1.251,1.241,149259.0,512380,sh,MSCI中国ETF银华
2022-11-11,1.249,1.277,1.287,1.249,181263.0,512380,sh,MSCI中国ETF银华
2022-11-14,1.284,1.273,1.292,1.27,155367.0,512380,sh,MSCI中国ETF银华
2022-11-15,1.274,1.298,1.298,1.272,205129.0,512380,sh,MSCI中国ETF银华
2022-11-16,1.298,1.289,1.303,1.284,197858.0,512380,sh,MSCI中国ETF银华
2022-11-17,1.283,1.286,1.286,1.274,93926.0,512380,sh,MSCI中国ETF银华
2022-11-18,1.285,1.283,1.292,1.28,166285.0,512380,sh,MSCI中国ETF银华
2022-11-21,1.283,1.271,1.283,1.262,149698.0,512380,sh,MSCI中国ETF银华
2022-11-22,1.273,1.271,1.283,1.266,115157.0,512380,sh,MSCI中国ETF银华
2022-11-23,1.27,1.27,1.276,1.265,135458.0,512380,sh,MSCI中国ETF银华
2022-11-24,1.278,1.268,1.278,1.266,119637.0,512380,sh,MSCI中国ETF银华
2022-11-25,1.264,1.273,1.276,1.262,89985.0,512380,sh,MSCI中国ETF银华
2022-11-28,1.261,1.259,1.262,1.242,120872.0,512380,sh,MSCI中国ETF银华
2022-11-29,1.27,1.293,1.294,1.269,118030.0,512380,sh,MSCI中国ETF银华
2022-11-30,1.291,1.295,1.296,1.288,95186.0,512380,sh,MSCI中国ETF银华
2022-12-01,1.299,1.306,1.322,1.299,103383.0,512380,sh,MSCI中国ETF银华
2022-12-02,1.306,1.301,1.308,1.298,70737.0,512380,sh,MSCI中国ETF银华
2022-12-05,1.314,1.32,1.32,1.307,107295.0,512380,sh,MSCI中国ETF银华
2022-12-06,1.316,1.321,1.329,1.315,108069.0,512380,sh,MSCI中国ETF银华
2022-12-07,1.322,1.321,1.334,1.317,116551.0,512380,sh,MSCI中国ETF银华
2022-12-08,1.318,1.324,1.325,1.318,103777.0,512380,sh,MSCI中国ETF银华
2022-12-09,1.322,1.333,1.334,1.317,125763.0,512380,sh,MSCI中国ETF银华
2022-12-12,1.328,1.318,1.328,1.317,83567.0,512380,sh,MSCI中国ETF银华
2022-12-13,1.317,1.321,1.321,1.313,60306.0,512380,sh,MSCI中国ETF银华
2022-12-14,1.315,1.317,1.321,1.313,85241.0,512380,sh,MSCI中国ETF银华
2022-12-15,1.316,1.316,1.319,1.309,93847.0,512380,sh,MSCI中国ETF银华
2022-12-16,1.317,1.316,1.319,1.31,107779.0,512380,sh,MSCI中国ETF银华
2022-12-19,1.316,1.295,1.32,1.295,141237.0,512380,sh,MSCI中国ETF银华
2022-12-20,1.295,1.28,1.295,1.272,110465.0,512380,sh,MSCI中国ETF银华
2022-12-21,1.281,1.277,1.283,1.274,62120.0,512380,sh,MSCI中国ETF银华
2022-12-22,1.284,1.277,1.291,1.271,111151.0,512380,sh,MSCI中国ETF银华
2022-12-23,1.268,1.275,1.279,1.266,96920.0,512380,sh,MSCI中国ETF银华
2022-12-26,1.274,1.276,1.283,1.274,138797.0,512380,sh,MSCI中国ETF银华
2022-12-27,1.281,1.292,1.293,1.281,109777.0,512380,sh,MSCI中国ETF银华
2022-12-28,1.29,1.29,1.295,1.284,153570.0,512380,sh,MSCI中国ETF银华
2022-12-29,1.285,1.287,1.289,1.281,115769.0,512380,sh,MSCI中国ETF银华
2022-12-30,1.295,1.292,1.297,1.29,103779.0,512380,sh,MSCI中国ETF银华
2023-01-03,1.287,1.297,1.298,1.279,85180.0,512380,sh,MSCI中国ETF银华
2023-01-04,1.295,1.296,1.301,1.291,104307.0,512380,sh,MSCI中国ETF银华
2023-01-05,1.301,1.321,1.321,1.3,121605.0,512380,sh,MSCI中国ETF银华
2023-01-06,1.321,1.326,1.329,1.32,98358.0,512380,sh,MSCI中国ETF银华
2023-01-09,1.331,1.336,1.337,1.328,134735.0,512380,sh,MSCI中国ETF银华
2023-01-10,1.336,1.334,1.339,1.331,99777.0,512380,sh,MSCI中国ETF银华
2023-01-11,1.335,1.335,1.343,1.333,95599.0,512380,sh,MSCI中国ETF银华
2023-01-12,1.337,1.334,1.339,1.33,76983.0,512380,sh,MSCI中国ETF银华
2023-01-13,1.34,1.351,1.351,1.338,114919.0,512380,sh,MSCI中国ETF银华
2023-01-16,1.354,1.366,1.38,1.353,75043.0,512380,sh,MSCI中国ETF银华
2023-01-17,1.369,1.364,1.371,1.361,57386.0,512380,sh,MSCI中国ETF银华
2023-01-18,1.371,1.365,1.371,1.365,81320.0,512380,sh,MSCI中国ETF银华
2023-01-19,1.364,1.374,1.374,1.359,107691.0,512380,sh,MSCI中国ETF银华
2023-01-20,1.378,1.383,1.385,1.376,85268.0,512380,sh,MSCI中国ETF银华
2023-01-30,1.396,1.385,1.404,1.384,94263.0,512380,sh,MSCI中国ETF银华
2023-01-31,1.389,1.377,1.392,1.376,140258.0,512380,sh,MSCI中国ETF银华
2023-02-01,1.39,1.388,1.39,1.371,120014.0,512380,sh,MSCI中国ETF银华
2023-02-02,1.391,1.386,1.391,1.381,92293.0,512380,sh,MSCI中国ETF银华
2023-02-03,1.377,1.375,1.383,1.363,90549.0,512380,sh,MSCI中国ETF银华
2023-02-06,1.362,1.36,1.363,1.353,129952.0,512380,sh,MSCI中国ETF银华
2023-02-07,1.365,1.363,1.365,1.356,120895.0,512380,sh,MSCI中国ETF银华
2023-02-08,1.362,1.357,1.366,1.355,62452.0,512380,sh,MSCI中国ETF银华
2023-02-09,1.353,1.375,1.375,1.353,89538.0,512380,sh,MSCI中国ETF银华
2023-02-10,1.375,1.369,1.375,1.362,100871.0,512380,sh,MSCI中国ETF银华
2023-02-13,1.369,1.377,1.378,1.362,68670.0,512380,sh,MSCI中国ETF银华
2023-02-14,1.378,1.378,1.381,1.373,89947.0,512380,sh,MSCI中国ETF银华
2023-02-15,1.382,1.374,1.382,1.37,80007.0,512380,sh,MSCI中国ETF银华
2023-02-16,1.375,1.374,1.385,1.357,96292.0,512380,sh,MSCI中国ETF银华
2023-02-17,1.37,1.345,1.37,1.345,87312.0,512380,sh,MSCI中国ETF银华
2023-02-20,1.345,1.374,1.375,1.344,96845.0,512380,sh,MSCI中国ETF银华
2023-02-21,1.384,1.379,1.388,1.37,66564.0,512380,sh,MSCI中国ETF银华
2023-02-22,1.374,1.369,1.374,1.365,107985.0,512380,sh,MSCI中国ETF银华
2023-02-23,1.364,1.367,1.374,1.361,75938.0,512380,sh,MSCI中国ETF银华
2023-02-24,1.365,1.357,1.365,1.348,73782.0,512380,sh,MSCI中国ETF银华
2023-02-27,1.352,1.35,1.356,1.347,84463.0,512380,sh,MSCI中国ETF银华
2023-02-28,1.357,1.358,1.36,1.344,96161.0,512380,sh,MSCI中国ETF银华
2023-03-01,1.36,1.374,1.375,1.358,99100.0,512380,sh,MSCI中国ETF银华
2023-03-02,1.374,1.371,1.374,1.367,78261.0,512380,sh,MSCI中国ETF银华
2023-03-03,1.371,1.371,1.372,1.36,85702.0,512380,sh,MSCI中国ETF银华
2023-03-06,1.367,1.363,1.367,1.356,77420.0,512380,sh,MSCI中国ETF银华
2023-03-07,1.364,1.347,1.369,1.347,104047.0,512380,sh,MSCI中国ETF银华
2023-03-08,1.342,1.343,1.343,1.336,123262.0,512380,sh,MSCI中国ETF银华
2023-03-09,1.343,1.34,1.344,1.333,114119.0,512380,sh,MSCI中国ETF银华
2023-03-10,1.34,1.324,1.34,1.321,99805.0,512380,sh,MSCI中国ETF银华
2023-03-13,1.324,1.332,1.333,1.322,94245.0,512380,sh,MSCI中国ETF银华
2023-03-14,1.325,1.324,1.328,1.313,102387.0,512380,sh,MSCI中国ETF银华
2023-03-15,1.33,1.326,1.332,1.324,72704.0,512380,sh,MSCI中国ETF银华
2023-03-16,1.326,1.308,1.326,1.305,95741.0,512380,sh,MSCI中国ETF银华
2023-03-17,1.321,1.313,1.326,1.307,117921.0,512380,sh,MSCI中国ETF银华
2023-03-20,1.31,1.306,1.315,1.303,75111.0,512380,sh,MSCI中国ETF银华
2023-03-21,1.309,1.317,1.317,1.308,80654.0,512380,sh,MSCI中国ETF银华
2023-03-22,1.322,1.323,1.328,1.32,63629.0,512380,sh,MSCI中国ETF银华
2023-03-23,1.319,1.335,1.335,1.319,114305.0,512380,sh,MSCI中国ETF银华
2023-03-24,1.331,1.332,1.334,1.329,93570.0,512380,sh,MSCI中国ETF银华
2023-03-27,1.327,1.326,1.328,1.321,135587.0,512380,sh,MSCI中国ETF银华
2023-03-28,1.328,1.328,1.328,1.324,108180.0,512380,sh,MSCI中国ETF银华
2023-03-29,1.33,1.326,1.33,1.325,111421.0,512380,sh,MSCI中国ETF银华
2023-03-30,1.328,1.34,1.34,1.323,100088.0,512380,sh,MSCI中国ETF银华
2023-03-31,1.341,1.344,1.346,1.339,96402.0,512380,sh,MSCI中国ETF银华
2023-04-03,1.345,1.35,1.35,1.341,81922.0,512380,sh,MSCI中国ETF银华
2023-04-04,1.35,1.357,1.357,1.346,103251.0,512380,sh,MSCI中国ETF银华
2023-04-06,1.357,1.349,1.357,1.345,100370.0,512380,sh,MSCI中国ETF银华
2023-04-07,1.35,1.359,1.361,1.35,97118.0,512380,sh,MSCI中国ETF银华
2023-04-10,1.356,1.353,1.357,1.353,75150.0,512380,sh,MSCI中国ETF银华
2023-04-11,1.353,1.352,1.354,1.346,89600.0,512380,sh,MSCI中国ETF银华
2023-04-12,1.352,1.348,1.352,1.346,102441.0,512380,sh,MSCI中国ETF银华
2023-04-13,1.342,1.343,1.348,1.34,108943.0,512380,sh,MSCI中国ETF银华
2023-04-14,1.343,1.349,1.35,1.343,89154.0,512380,sh,MSCI中国ETF银华
2023-04-17,1.35,1.365,1.365,1.348,72810.0,512380,sh,MSCI中国ETF银华
2023-04-18,1.365,1.367,1.37,1.364,107386.0,512380,sh,MSCI中国ETF银华
2023-04-19,1.365,1.356,1.365,1.355,73357.0,512380,sh,MSCI中国ETF银华
2023-04-20,1.354,1.351,1.354,1.344,93299.0,512380,sh,MSCI中国ETF银华
2023-04-21,1.348,1.327,1.349,1.323,62915.0,512380,sh,MSCI中国ETF银华
2023-04-24,1.321,1.307,1.321,1.305,68573.0,512380,sh,MSCI中国ETF银华
2023-04-25,1.309,1.302,1.309,1.291,104030.0,512380,sh,MSCI中国ETF银华
2023-04-26,1.297,1.3,1.305,1.295,85620.0,512380,sh,MSCI中国ETF银华
2023-04-27,1.302,1.314,1.315,1.3,63002.0,512380,sh,MSCI中国ETF银华
2023-04-28,1.314,1.322,1.324,1.314,92500.0,512380,sh,MSCI中国ETF银华
2023-05-04,1.316,1.323,1.324,1.315,69508.0,512380,sh,MSCI中国ETF银华
2023-05-05,1.323,1.318,1.327,1.311,89322.0,512380,sh,MSCI中国ETF银华
2023-05-08,1.318,1.331,1.331,1.318,119280.0,512380,sh,MSCI中国ETF银华
2023-05-09,1.329,1.319,1.337,1.319,119024.0,512380,sh,MSCI中国ETF银华
2023-05-10,1.317,1.31,1.318,1.309,81282.0,512380,sh,MSCI中国ETF银华
2023-05-11,1.312,1.31,1.315,1.309,94070.0,512380,sh,MSCI中国ETF银华
2023-05-12,1.308,1.296,1.311,1.295,110381.0,512380,sh,MSCI中国ETF银华
2023-05-15,1.293,1.314,1.314,1.291,110706.0,512380,sh,MSCI中国ETF银华
2023-05-16,1.313,1.309,1.314,1.306,108553.0,512380,sh,MSCI中国ETF银华
2023-05-17,1.306,1.299,1.308,1.298,100051.0,512380,sh,MSCI中国ETF银华
2023-05-18,1.304,1.302,1.308,1.297,121331.0,512380,sh,MSCI中国ETF银华
2023-05-19,1.295,1.297,1.302,1.29,91043.0,512380,sh,MSCI中国ETF银华
2023-05-22,1.297,1.305,1.308,1.294,97047.0,512380,sh,MSCI中国ETF银华
2023-05-23,1.304,1.288,1.304,1.287,86548.0,512380,sh,MSCI中国ETF银华
2023-05-24,1.288,1.274,1.288,1.273,95413.0,512380,sh,MSCI中国ETF银华
2023-05-25,1.269,1.271,1.272,1.261,116072.0,512380,sh,MSCI中国ETF银华
2023-05-26,1.268,1.27,1.272,1.258,94060.0,512380,sh,MSCI中国ETF银华
2023-05-29,1.272,1.267,1.272,1.261,103926.0,512380,sh,MSCI中国ETF银华
2023-05-30,1.264,1.267,1.268,1.251,98325.0,512380,sh,MSCI中国ETF银华
2023-05-31,1.262,1.255,1.262,1.249,89791.0,512380,sh,MSCI中国ETF银华
2023-06-01,1.253,1.256,1.264,1.253,76467.0,512380,sh,MSCI中国ETF银华
2023-06-02,1.263,1.272,1.274,1.262,68117.0,512380,sh,MSCI中国ETF银华
2023-06-05,1.272,1.268,1.272,1.264,71755.0,512380,sh,MSCI中国ETF银华
2023-06-06,1.259,1.259,1.271,1.256,89182.0,512380,sh,MSCI中国ETF银华
2023-06-07,1.259,1.252,1.259,1.247,109024.0,512380,sh,MSCI中国ETF银华
2023-06-08,1.246,1.258,1.261,1.245,98274.0,512380,sh,MSCI中国ETF银华
2023-06-09,1.258,1.264,1.264,1.256,91128.0,512380,sh,MSCI中国ETF银华
2023-06-12,1.259,1.266,1.27,1.259,119320.0,512380,sh,MSCI中国ETF银华
2023-06-13,1.267,1.273,1.273,1.265,70704.0,512380,sh,MSCI中国ETF银华
2023-06-14,1.275,1.271,1.281,1.271,79613.0,512380,sh,MSCI中国ETF银华
2023-06-15,1.277,1.292,1.293,1.277,101420.0,512380,sh,MSCI中国ETF银华
2023-06-16,1.296,1.304,1.307,1.295,99666.0,512380,sh,MSCI中国ETF银华
2023-06-19,1.303,1.297,1.303,1.295,56635.0,512380,sh,MSCI中国ETF银华
2023-06-20,1.295,1.293,1.296,1.292,65386.0,512380,sh,MSCI中国ETF银华
2023-06-21,1.293,1.28,1.293,1.279,104078.0,512380,sh,MSCI中国ETF银华
2023-06-26,1.268,1.261,1.268,1.257,99794.0,512380,sh,MSCI中国ETF银华
2023-06-27,1.261,1.27,1.271,1.259,91910.0,512380,sh,MSCI中国ETF银华
2023-06-28,1.267,1.27,1.272,1.259,98334.0,512380,sh,MSCI中国ETF银华
2023-06-29,1.27,1.266,1.27,1.262,85253.0,512380,sh,MSCI中国ETF银华
2023-06-30,1.268,1.274,1.276,1.267,109133.0,512380,sh,MSCI中国ETF银华
2023-07-03,1.278,1.287,1.289,1.278,98767.0,512380,sh,MSCI中国ETF银华
2023-07-04,1.285,1.287,1.288,1.284,78311.0,512380,sh,MSCI中国ETF银华
2023-07-05,1.286,1.281,1.287,1.278,64198.0,512380,sh,MSCI中国ETF银华
2023-07-06,1.278,1.273,1.284,1.273,86630.0,512380,sh,MSCI中国ETF银华
2023-07-07,1.268,1.271,1.274,1.265,96320.0,512380,sh,MSCI中国ETF银华
2023-07-10,1.274,1.276,1.28,1.272,93333.0,512380,sh,MSCI中国ETF银华
2023-07-11,1.277,1.283,1.284,1.275,94029.0,512380,sh,MSCI中国ETF银华
2023-07-12,1.282,1.279,1.284,1.277,139484.0,512380,sh,MSCI中国ETF银华
2023-07-13,1.282,1.294,1.296,1.28,92049.0,512380,sh,MSCI中国ETF银华
2023-07-14,1.294,1.294,1.296,1.293,65945.0,512380,sh,MSCI中国ETF银华
2023-07-17,1.284,1.287,1.287,1.282,91894.0,512380,sh,MSCI中国ETF银华
2023-07-18,1.287,1.283,1.288,1.28,70925.0,512380,sh,MSCI中国ETF银华
2023-07-19,1.284,1.282,1.284,1.279,66680.0,512380,sh,MSCI中国ETF银华
2023-07-20,1.285,1.275,1.291,1.273,89711.0,512380,sh,MSCI中国ETF银华
2023-07-21,1.273,1.276,1.282,1.272,80287.0,512380,sh,MSCI中国ETF银华
2023-07-24,1.27,1.27,1.276,1.267,93792.0,512380,sh,MSCI中国ETF银华
2023-07-25,1.273,1.302,1.303,1.273,104510.0,512380,sh,MSCI中国ETF银华
2023-07-26,1.301,1.3,1.302,1.297,83858.0,512380,sh,MSCI中国ETF银华
2023-07-27,1.302,1.298,1.307,1.296,112183.0,512380,sh,MSCI中国ETF银华
2023-07-28,1.294,1.327,1.33,1.293,78227.0,512380,sh,MSCI中国ETF银华
2023-07-31,1.336,1.333,1.35,1.329,89749.0,512380,sh,MSCI中国ETF银华
2023-08-01,1.33,1.329,1.337,1.323,121566.0,512380,sh,MSCI中国ETF银华
2023-08-02,1.325,1.32,1.33,1.317,103727.0,512380,sh,MSCI中国ETF银华
2023-08-03,1.319,1.333,1.333,1.318,91074.0,512380,sh,MSCI中国ETF银华
2023-08-04,1.342,1.337,1.346,1.332,60116.0,512380,sh,MSCI中国ETF银华
2023-08-07,1.338,1.327,1.338,1.323,62095.0,512380,sh,MSCI中国ETF银华
2023-08-08,1.322,1.324,1.328,1.32,35317.0,512380,sh,MSCI中国ETF银华
2023-08-09,1.32,1.32,1.322,1.318,51820.0,512380,sh,MSCI中国ETF银华
2023-08-10,1.319,1.322,1.323,1.311,61889.0,512380,sh,MSCI中国ETF银华
2023-08-11,1.322,1.295,1.322,1.295,82920.0,512380,sh,MSCI中国ETF银华
2023-08-14,1.297,1.288,1.297,1.274,72032.0,512380,sh,MSCI中国ETF银华
2023-08-15,1.287,1.285,1.287,1.273,94121.0,512380,sh,MSCI中国ETF银华
2023-08-16,1.281,1.277,1.284,1.275,57791.0,512380,sh,MSCI中国ETF银华
2023-08-17,1.267,1.279,1.28,1.264,96977.0,512380,sh,MSCI中国ETF银华
2023-08-18,1.28,1.265,1.281,1.265,93541.0,512380,sh,MSCI中国ETF银华
2023-08-21,1.259,1.251,1.262,1.249,104546.0,512380,sh,MSCI中国ETF银华
2023-08-22,1.25,1.256,1.259,1.239,117874.0,512380,sh,MSCI中国ETF银华
2023-08-23,1.249,1.237,1.25,1.232,106175.0,512380,sh,MSCI中国ETF银华
2023-08-24,1.24,1.243,1.249,1.236,79276.0,512380,sh,MSCI中国ETF银华
2023-08-25,1.243,1.237,1.243,1.235,88012.0,512380,sh,MSCI中国ETF银华
2023-08-28,1.269,1.253,1.347,1.245,97920.0,512380,sh,MSCI中国ETF银华
2023-08-29,1.248,1.262,1.267,1.248,84178.0,512380,sh,MSCI中国ETF银华
2023-08-30,1.266,1.261,1.268,1.259,48707.0,512380,sh,MSCI中国ETF银华
2023-08-31,1.263,1.255,1.263,1.253,58739.0,512380,sh,MSCI中国ETF银华
2023-09-01,1.263,1.262,1.266,1.259,53073.0,512380,sh,MSCI中国ETF银华
2023-09-04,1.27,1.281,1.281,1.267,83401.0,512380,sh,MSCI中国ETF银华
2023-09-05,1.28,1.276,1.28,1.27,101623.0,512380,sh,MSCI中国ETF银华
2023-09-06,1.268,1.269,1.27,1.263,90706.0,512380,sh,MSCI中国ETF银华
2023-09-07,1.263,1.254,1.264,1.252,85202.0,512380,sh,MSCI中国ETF银华
2023-09-08,1.248,1.249,1.251,1.242,99647.0,512380,sh,MSCI中国ETF银华
2023-09-11,1.248,1.258,1.265,1.248,102467.0,512380,sh,MSCI中国ETF银华
2023-09-12,1.257,1.258,1.26,1.254,86621.0,512380,sh,MSCI中国ETF银华
2023-09-13,1.257,1.249,1.258,1.243,76044.0,512380,sh,MSCI中国ETF银华
2023-09-14,1.248,1.248,1.251,1.242,50044.0,512380,sh,MSCI中国ETF银华
2023-09-15,1.248,1.241,1.25,1.236,86984.0,512380,sh,MSCI中国ETF银华
2023-09-18,1.238,1.25,1.25,1.236,85460.0,512380,sh,MSCI中国ETF银华
2023-09-19,1.25,1.247,1.25,1.24,83215.0,512380,sh,MSCI中国ETF银华
2023-09-20,1.241,1.241,1.244,1.24,60495.0,512380,sh,MSCI中国ETF银华
2023-09-21,1.237,1.229,1.24,1.227,92586.0,512380,sh,MSCI中国ETF银华
2023-09-22,1.227,1.25,1.25,1.225,103385.0,512380,sh,MSCI中国ETF银华
2023-09-25,1.246,1.244,1.247,1.24,110130.0,512380,sh,MSCI中国ETF银华
2023-09-26,1.242,1.246,1.246,1.234,95706.0,512380,sh,MSCI中国ETF银华
2023-09-27,1.237,1.24,1.246,1.235,51753.0,512380,sh,MSCI中国ETF银华
2023-09-28,1.239,1.237,1.243,1.233,89220.0,512380,sh,MSCI中国ETF银华
2023-10-09,1.23,1.231,1.231,1.219,77659.0,512380,sh,MSCI中国ETF银华
2023-10-10,1.235,1.222,1.236,1.222,63013.0,512380,sh,MSCI中国ETF银华
2023-10-11,1.227,1.225,1.231,1.221,63433.0,512380,sh,MSCI中国ETF银华
2023-10-12,1.234,1.236,1.238,1.229,35067.0,512380,sh,MSCI中国ETF银华
2023-10-13,1.233,1.223,1.233,1.222,63507.0,512380,sh,MSCI中国ETF银华
2023-10-16,1.223,1.211,1.223,1.208,64692.0,512380,sh,MSCI中国ETF银华
2023-10-17,1.212,1.216,1.216,1.209,54808.0,512380,sh,MSCI中国ETF银华
2023-10-18,1.213,1.205,1.214,1.204,65303.0,512380,sh,MSCI中国ETF银华
2023-10-19,1.198,1.181,1.199,1.18,64755.0,512380,sh,MSCI中国ETF银华
2023-10-20,1.181,1.175,1.181,1.173,78036.0,512380,sh,MSCI中国ETF银华
2023-10-23,1.168,1.163,1.17,1.155,115352.0,512380,sh,MSCI中国ETF银华
2023-10-24,1.162,1.165,1.166,1.155,73099.0,512380,sh,MSCI中国ETF银华
2023-10-25,1.176,1.177,1.179,1.172,59278.0,512380,sh,MSCI中国ETF银华
2023-10-26,1.166,1.179,1.179,1.166,52884.0,512380,sh,MSCI中国ETF银华
2023-10-27,1.173,1.192,1.196,1.172,45697.0,512380,sh,MSCI中国ETF银华
2023-10-30,1.193,1.2,1.201,1.193,77251.0,512380,sh,MSCI中国ETF银华
2023-10-31,1.198,1.197,1.2,1.192,73434.0,512380,sh,MSCI中国ETF银华
2023-11-01,1.206,1.198,1.206,1.194,92695.0,512380,sh,MSCI中国ETF银华
2023-11-02,1.201,1.193,1.203,1.192,83553.0,512380,sh,MSCI中国ETF银华
2023-11-03,1.194,1.201,1.204,1.194,92991.0,512380,sh,MSCI中国ETF银华
2023-11-06,1.209,1.218,1.22,1.208,53695.0,512380,sh,MSCI中国ETF银华
2023-11-07,1.214,1.215,1.217,1.209,60268.0,512380,sh,MSCI中国ETF银华
2023-11-08,1.212,1.212,1.216,1.205,42326.0,512380,sh,MSCI中国ETF银华
2023-11-09,1.214,1.216,1.216,1.209,42214.0,512380,sh,MSCI中国ETF银华
2023-11-10,1.206,1.206,1.206,1.2,34441.0,512380,sh,MSCI中国ETF银华
2023-11-13,1.204,1.205,1.205,1.197,36947.0,512380,sh,MSCI中国ETF银华
2023-11-14,1.205,1.206,1.208,1.201,36847.0,512380,sh,MSCI中国ETF银华
2023-11-15,1.218,1.214,1.218,1.21,48644.0,512380,sh,MSCI中国ETF银华
2023-11-16,1.211,1.204,1.212,1.202,67326.0,512380,sh,MSCI中国ETF银华
2023-11-17,1.216,1.203,1.216,1.194,59088.0,512380,sh,MSCI中国ETF银华
2023-11-20,1.199,1.206,1.207,1.196,64433.0,512380,sh,MSCI中国ETF银华
2023-11-21,1.204,1.208,1.216,1.204,34332.0,512380,sh,MSCI中国ETF银华
2023-11-22,1.204,1.195,1.204,1.194,46379.0,512380,sh,MSCI中国ETF银华
2023-11-23,1.195,1.201,1.201,1.19,61317.0,512380,sh,MSCI中国ETF银华
2023-11-24,1.197,1.194,1.197,1.189,46818.0,512380,sh,MSCI中国ETF银华
2023-11-27,1.183,1.186,1.187,1.177,85650.0,512380,sh,MSCI中国ETF银华
2023-11-28,1.186,1.188,1.188,1.181,55055.0,512380,sh,MSCI中国ETF银华
2023-11-29,1.184,1.181,1.184,1.176,79423.0,512380,sh,MSCI中国ETF银华
2023-11-30,1.181,1.182,1.183,1.176,71063.0,512380,sh,MSCI中国ETF银华
2023-12-01,1.18,1.179,1.18,1.168,35576.0,512380,sh,MSCI中国ETF银华
2023-12-04,1.179,1.174,1.179,1.171,55849.0,512380,sh,MSCI中国ETF银华
2023-12-05,1.163,1.152,1.167,1.152,58796.0,512380,sh,MSCI中国ETF银华
2023-12-06,1.149,1.153,1.163,1.147,42642.0,512380,sh,MSCI中国ETF银华
2023-12-07,1.153,1.153,1.156,1.144,63141.0,512380,sh,MSCI中国ETF银华
2023-12-08,1.153,1.156,1.157,1.151,55583.0,512380,sh,MSCI中国ETF银华
2023-12-11,1.146,1.164,1.165,1.14,70458.0,512380,sh,MSCI中国ETF银华
2023-12-12,1.164,1.165,1.165,1.16,25931.0,512380,sh,MSCI中国ETF银华
2023-12-13,1.158,1.148,1.158,1.148,79836.0,512380,sh,MSCI中国ETF银华
2023-12-14,1.154,1.14,1.155,1.138,53363.0,512380,sh,MSCI中国ETF银华
2023-12-15,1.143,1.137,1.15,1.135,71249.0,512380,sh,MSCI中国ETF银华
2023-12-18,1.135,1.133,1.139,1.131,49653.0,512380,sh,MSCI中国ETF银华
2023-12-19,1.129,1.133,1.134,1.126,60423.0,512380,sh,MSCI中国ETF银华
2023-12-20,1.133,1.122,1.133,1.121,44764.0,512380,sh,MSCI中国ETF银华
2023-12-21,1.121,1.131,1.131,1.117,61309.0,512380,sh,MSCI中国ETF银华
2023-12-22,1.128,1.133,1.139,1.125,65910.0,512380,sh,MSCI中国ETF银华
2023-12-25,1.122,1.131,1.134,1.122,39141.0,512380,sh,MSCI中国ETF银华
2023-12-26,1.131,1.127,1.131,1.122,46162.0,512380,sh,MSCI中国ETF银华
2023-12-27,1.123,1.129,1.129,1.12,69200.0,512380,sh,MSCI中国ETF银华
2023-12-28,1.129,1.155,1.155,1.129,74989.0,512380,sh,MSCI中国ETF银华
2023-12-29,1.154,1.158,1.16,1.153,22508.0,512380,sh,MSCI中国ETF银华
2024-01-02,1.151,1.145,1.154,1.145,31368.0,512380,sh,MSCI中国ETF银华
2024-01-03,1.144,1.148,1.148,1.139,80911.0,512380,sh,MSCI中国ETF银华
2024-01-04,1.141,1.133,1.142,1.126,53218.0,512380,sh,MSCI中国ETF银华
2024-01-05,1.133,1.127,1.139,1.122,44932.0,512380,sh,MSCI中国ETF银华
2024-01-08,1.121,1.113,1.121,1.109,51424.0,512380,sh,MSCI中国ETF银华
2024-01-09,1.11,1.111,1.114,1.105,41036.0,512380,sh,MSCI中国ETF银华
2024-01-10,1.106,1.108,1.116,1.103,54181.0,512380,sh,MSCI中国ETF银华
2024-01-11,1.119,1.114,1.119,1.105,92968.0,512380,sh,MSCI中国ETF银华
2024-01-12,1.125,1.114,1.146,1.111,66091.0,512380,sh,MSCI中国ETF银华
2024-01-15,1.106,1.111,1.118,1.106,48157.0,512380,sh,MSCI中国ETF银华
2024-01-16,1.11,1.117,1.117,1.101,60122.0,512380,sh,MSCI中国ETF银华
2024-01-17,1.113,1.09,1.113,1.089,76531.0,512380,sh,MSCI中国ETF银华
2024-01-18,1.1,1.104,1.105,1.069,107653.0,512380,sh,MSCI中国ETF银华
2024-01-19,1.115,1.102,1.115,1.096,107424.0,512380,sh,MSCI中国ETF银华
2024-01-22,1.113,1.102,1.113,1.078,110556.0,512380,sh,MSCI中国ETF银华
2024-01-23,1.091,1.079,1.113,1.067,73524.0,512380,sh,MSCI中国ETF银华
2024-01-24,1.079,1.095,1.099,1.069,57770.0,512380,sh,MSCI中国ETF银华
2024-01-25,1.099,1.12,1.129,1.092,45082.0,512380,sh,MSCI中国ETF银华
2024-01-26,1.113,1.12,1.121,1.112,73718.0,512380,sh,MSCI中国ETF银华
2024-01-29,1.131,1.109,1.131,1.105,97582.0,512380,sh,MSCI中国ETF银华
2024-01-30,1.098,1.082,1.1,1.082,58578.0,512380,sh,MSCI中国ETF银华
2024-01-31,1.08,1.074,1.092,1.066,97534.0,512380,sh,MSCI中国ETF银华
2024-02-01,1.07,1.071,1.084,1.061,80871.0,512380,sh,MSCI中国ETF银华
2024-02-02,1.074,1.061,1.081,1.032,64654.0,512380,sh,MSCI中国ETF银华
2024-02-05,1.051,1.056,1.065,1.028,140466.0,512380,sh,MSCI中国ETF银华
2024-02-06,1.051,1.096,1.096,1.051,82073.0,512380,sh,MSCI中国ETF银华
2024-02-07,1.103,1.114,1.116,1.101,74863.0,512380,sh,MSCI中国ETF银华
2024-02-08,1.125,1.126,1.134,1.123,117469.0,512380,sh,MSCI中国ETF银华
2024-02-19,1.135,1.137,1.137,1.129,75260.0,512380,sh,MSCI中国ETF银华
2024-02-20,1.13,1.14,1.141,1.13,40970.0,512380,sh,MSCI中国ETF银华
2024-02-21,1.137,1.155,1.167,1.137,54868.0,512380,sh,MSCI中国ETF银华
2024-02-22,1.156,1.164,1.164,1.151,49628.0,512380,sh,MSCI中国ETF银华
2024-02-23,1.165,1.163,1.169,1.16,92878.0,512380,sh,MSCI中国ETF银华
2024-02-26,1.163,1.155,1.164,1.152,64526.0,512380,sh,MSCI中国ETF银华
2024-02-27,1.155,1.168,1.168,1.154,70638.0,512380,sh,MSCI中国ETF银华
2024-02-28,1.172,1.159,1.178,1.159,102093.0,512380,sh,MSCI中国ETF银华
2024-02-29,1.148,1.175,1.175,1.148,75675.0,512380,sh,MSCI中国ETF银华
2024-03-01,1.179,1.186,1.186,1.175,89496.0,512380,sh,MSCI中国ETF银华
2024-03-04,1.186,1.184,1.186,1.178,60735.0,512380,sh,MSCI中国ETF银华
2024-03-05,1.182,1.191,1.191,1.182,48989.0,512380,sh,MSCI中国ETF银华
2024-03-06,1.191,1.19,1.197,1.186,62841.0,512380,sh,MSCI中国ETF银华
2024-03-07,1.189,1.182,1.194,1.18,90054.0,512380,sh,MSCI中国ETF银华
2024-03-08,1.184,1.185,1.186,1.177,77860.0,512380,sh,MSCI中国ETF银华
2024-03-11,1.193,1.203,1.203,1.183,64663.0,512380,sh,MSCI中国ETF银华
2024-03-12,1.204,1.202,1.207,1.199,84834.0,512380,sh,MSCI中国ETF银华
2024-03-13,1.203,1.198,1.203,1.195,83316.0,512380,sh,MSCI中国ETF银华
2024-03-14,1.199,1.196,1.204,1.19,81932.0,512380,sh,MSCI中国ETF银华
2024-03-15,1.191,1.2,1.2,1.187,89387.0,512380,sh,MSCI中国ETF银华
2024-03-18,1.197,1.21,1.21,1.197,86342.0,512380,sh,MSCI中国ETF银华
2024-03-19,1.21,1.203,1.212,1.203,68907.0,512380,sh,MSCI中国ETF银华
2024-03-20,1.202,1.206,1.206,1.201,94074.0,512380,sh,MSCI中国ETF银华
2024-03-21,1.206,1.205,1.209,1.203,76099.0,512380,sh,MSCI中国ETF银华
2024-03-22,1.202,1.196,1.217,1.185,127308.0,512380,sh,MSCI中国ETF银华
2024-03-25,1.188,1.185,1.196,1.185,73903.0,512380,sh,MSCI中国ETF银华
2024-03-26,1.186,1.188,1.19,1.182,63012.0,512380,sh,MSCI中国ETF银华
2024-03-27,1.181,1.177,1.187,1.174,79544.0,512380,sh,MSCI中国ETF银华
2024-03-28,1.177,1.178,1.188,1.169,105980.0,512380,sh,MSCI中国ETF银华
2024-03-29,1.182,1.185,1.185,1.178,59073.0,512380,sh,MSCI中国ETF银华
2024-04-01,1.184,1.203,1.203,1.184,54093.0,512380,sh,MSCI中国ETF银华
2024-04-02,1.203,1.201,1.204,1.196,88318.0,512380,sh,MSCI中国ETF银华
2024-04-03,1.198,1.197,1.199,1.194,93137.0,512380,sh,MSCI中国ETF银华
2024-04-08,1.19,1.187,1.197,1.186,106419.0,512380,sh,MSCI中国ETF银华
2024-04-09,1.185,1.183,1.185,1.181,85646.0,512380,sh,MSCI中国ETF银华
2024-04-10,1.18,1.176,1.184,1.172,93492.0,512380,sh,MSCI中国ETF银华
2024-04-11,1.174,1.175,1.183,1.173,82336.0,512380,sh,MSCI中国ETF银华
2024-04-12,1.177,1.171,1.179,1.168,74015.0,512380,sh,MSCI中国ETF银华
2024-04-15,1.175,1.19,1.193,1.173,49142.0,512380,sh,MSCI中国ETF银华
2024-04-16,1.19,1.18,1.195,1.178,63083.0,512380,sh,MSCI中国ETF银华
2024-04-17,1.179,1.195,1.195,1.179,28764.0,512380,sh,MSCI中国ETF银华
2024-04-18,1.195,1.199,1.207,1.192,27537.0,512380,sh,MSCI中国ETF银华
2024-04-19,1.197,1.192,1.197,1.186,64430.0,512380,sh,MSCI中国ETF银华
2024-04-22,1.194,1.184,1.194,1.184,25357.0,512380,sh,MSCI中国ETF银华
2024-04-23,1.18,1.175,1.18,1.175,59771.0,512380,sh,MSCI中国ETF银华
2024-04-24,1.175,1.182,1.182,1.175,19329.0,512380,sh,MSCI中国ETF银华
2024-04-25,1.182,1.185,1.193,1.178,51539.0,512380,sh,MSCI中国ETF银华
2024-04-26,1.194,1.201,1.204,1.189,29965.0,512380,sh,MSCI中国ETF银华
2024-04-29,1.206,1.216,1.22,1.202,88412.0,512380,sh,MSCI中国ETF银华
2024-04-30,1.214,1.213,1.219,1.213,31422.0,512380,sh,MSCI中国ETF银华
2024-05-06,1.225,1.228,1.23,1.223,39064.0,512380,sh,MSCI中国ETF银华
2024-05-07,1.23,1.23,1.232,1.225,32061.0,512380,sh,MSCI中国ETF银华
2024-05-08,1.224,1.219,1.226,1.218,17657.0,512380,sh,MSCI中国ETF银华
2024-05-09,1.223,1.231,1.231,1.223,16026.0,512380,sh,MSCI中国ETF银华
2024-05-10,1.231,1.23,1.235,1.224,21278.0,512380,sh,MSCI中国ETF银华
2024-05-13,1.218,1.23,1.233,1.188,17253.0,512380,sh,MSCI中国ETF银华
2024-05-14,1.231,1.228,1.233,1.225,26559.0,512380,sh,MSCI中国ETF银华
2024-05-15,1.228,1.217,1.228,1.217,41595.0,512380,sh,MSCI中国ETF银华
2024-05-16,1.219,1.221,1.227,1.219,30774.0,512380,sh,MSCI中国ETF银华
2024-05-17,1.221,1.233,1.233,1.218,49324.0,512380,sh,MSCI中国ETF银华
2024-05-20,1.235,1.238,1.242,1.234,20372.0,512380,sh,MSCI中国ETF银华
2024-05-21,1.238,1.234,1.238,1.23,24458.0,512380,sh,MSCI中国ETF银华
2024-05-22,1.233,1.235,1.237,1.232,21861.0,512380,sh,MSCI中国ETF银华
2024-05-23,1.235,1.222,1.235,1.219,36583.0,512380,sh,MSCI中国ETF银华
2024-05-24,1.221,1.21,1.224,1.208,32861.0,512380,sh,MSCI中国ETF银华
2024-05-27,1.212,1.218,1.218,1.209,23247.0,512380,sh,MSCI中国ETF银华
2024-05-28,1.217,1.212,1.218,1.21,28773.0,512380,sh,MSCI中国ETF银华
2024-05-29,1.215,1.213,1.216,1.21,4397.0,512380,sh,MSCI中国ETF银华
2024-05-30,1.21,1.206,1.225,1.205,16736.0,512380,sh,MSCI中国ETF银华
2024-05-31,1.208,1.202,1.213,1.202,22771.0,512380,sh,MSCI中国ETF银华
2024-06-03,1.19,1.203,1.207,1.19,59458.0,512380,sh,MSCI中国ETF银华
2024-06-04,1.202,1.213,1.214,1.202,71130.0,512380,sh,MSCI中国ETF银华
2024-06-05,1.213,1.207,1.215,1.207,35576.0,512380,sh,MSCI中国ETF银华
2024-06-06,1.21,1.206,1.216,1.203,37461.0,512380,sh,MSCI中国ETF银华
2024-06-07,1.208,1.2,1.209,1.194,26913.0,512380,sh,MSCI中国ETF银华
2024-06-11,1.198,1.191,1.198,1.186,40986.0,512380,sh,MSCI中国ETF银华
2024-06-12,1.192,1.193,1.193,1.188,12950.0,512380,sh,MSCI中国ETF银华
2024-06-13,1.192,1.187,1.192,1.184,24052.0,512380,sh,MSCI中国ETF银华
2024-06-14,1.186,1.195,1.195,1.183,32582.0,512380,sh,MSCI中国ETF银华
2024-06-17,1.184,1.191,1.191,1.184,15618.0,512380,sh,MSCI中国ETF银华
2024-06-18,1.192,1.195,1.195,1.19,52376.0,512380,sh,MSCI中国ETF银华
2024-06-19,1.194,1.192,1.194,1.189,32711.0,512380,sh,MSCI中国ETF银华
2024-06-20,1.188,1.185,1.192,1.18,28207.0,512380,sh,MSCI中国ETF银华
2024-06-21,1.18,1.182,1.183,1.174,44265.0,512380,sh,MSCI中国ETF银华
2024-06-24,1.171,1.172,1.19,1.17,90942.0,512380,sh,MSCI中国ETF银华
2024-06-25,1.168,1.165,1.17,1.158,47381.0,512380,sh,MSCI中国ETF银华
2024-06-26,1.161,1.169,1.171,1.157,60183.0,512380,sh,MSCI中国ETF银华
2024-06-27,1.167,1.164,1.168,1.16,95428.0,512380,sh,MSCI中国ETF银华
2024-06-28,1.158,1.165,1.172,1.158,54595.0,512380,sh,MSCI中国ETF银华
2024-07-01,1.165,1.172,1.175,1.161,58557.0,512380,sh,MSCI中国ETF银华
2024-07-02,1.17,1.171,1.173,1.167,34095.0,512380,sh,MSCI中国ETF银华
2024-07-03,1.165,1.166,1.167,1.163,70084.0,512380,sh,MSCI中国ETF银华
2024-07-04,1.176,1.159,1.176,1.157,44153.0,512380,sh,MSCI中国ETF银华
2024-07-05,1.156,1.156,1.157,1.145,54142.0,512380,sh,MSCI中国ETF银华
2024-07-08,1.152,1.147,1.153,1.145,39671.0,512380,sh,MSCI中国ETF银华
2024-07-09,1.147,1.16,1.16,1.141,52894.0,512380,sh,MSCI中国ETF银华
2024-07-10,1.159,1.156,1.16,1.155,28355.0,512380,sh,MSCI中国ETF银华
2024-07-11,1.162,1.171,1.171,1.16,29961.0,512380,sh,MSCI中国ETF银华
2024-07-12,1.171,1.17,1.172,1.169,43857.0,512380,sh,MSCI中国ETF银华
2024-07-15,1.173,1.174,1.174,1.17,32332.0,512380,sh,MSCI中国ETF银华
2024-07-16,1.172,1.178,1.178,1.17,54695.0,512380,sh,MSCI中国ETF银华
2024-07-17,1.176,1.181,1.183,1.175,75264.0,512380,sh,MSCI中国ETF银华
2024-07-18,1.184,1.187,1.187,1.17,89175.0,512380,sh,MSCI中国ETF银华
2024-07-19,1.18,1.188,1.188,1.178,81358.0,512380,sh,MSCI中国ETF银华
2024-07-22,1.187,1.181,1.187,1.176,64243.0,512380,sh,MSCI中国ETF银华
2024-07-23,1.174,1.159,1.177,1.157,100706.0,512380,sh,MSCI中国ETF银华
2024-07-24,1.156,1.149,1.159,1.146,80770.0,512380,sh,MSCI中国ETF银华
2024-07-25,1.143,1.141,1.147,1.139,72268.0,512380,sh,MSCI中国ETF银华
2024-07-26,1.141,1.15,1.152,1.141,74808.0,512380,sh,MSCI中国ETF银华
2024-07-29,1.146,1.145,1.149,1.144,95545.0,512380,sh,MSCI中国ETF银华
2024-07-30,1.139,1.136,1.139,1.132,43004.0,512380,sh,MSCI中国ETF银华
2024-07-31,1.136,1.162,1.162,1.135,76392.0,512380,sh,MSCI中国ETF银华
2024-08-01,1.163,1.157,1.166,1.156,19958.0,512380,sh,MSCI中国ETF银华
2024-08-02,1.146,1.143,1.154,1.143,47156.0,512380,sh,MSCI中国ETF银华
2024-08-05,1.139,1.132,1.152,1.132,102423.0,512380,sh,MSCI中国ETF银华
2024-08-06,1.135,1.132,1.14,1.123,129638.0,512380,sh,MSCI中国ETF银华
2024-08-07,1.13,1.131,1.138,1.13,69955.0,512380,sh,MSCI中国ETF银华
2024-08-08,1.131,1.132,1.142,1.127,66007.0,512380,sh,MSCI中国ETF银华
2024-08-09,1.137,1.131,1.138,1.131,19511.0,512380,sh,MSCI中国ETF银华
2024-08-12,1.128,1.128,1.132,1.127,39571.0,512380,sh,MSCI中国ETF银华
2024-08-13,1.13,1.13,1.13,1.123,33344.0,512380,sh,MSCI中国ETF银华
2024-08-14,1.127,1.123,1.127,1.122,40574.0,512380,sh,MSCI中国ETF银华
2024-08-15,1.119,1.131,1.145,1.117,66868.0,512380,sh,MSCI中国ETF银华
2024-08-16,1.129,1.133,1.135,1.129,87939.0,512380,sh,MSCI中国ETF银华
2024-08-19,1.137,1.137,1.144,1.135,32621.0,512380,sh,MSCI中国ETF银华
2024-08-20,1.133,1.127,1.133,1.125,68754.0,512380,sh,MSCI中国ETF银华
2024-08-21,1.123,1.123,1.138,1.121,70592.0,512380,sh,MSCI中国ETF银华
2024-08-22,1.121,1.122,1.124,1.118,91362.0,512380,sh,MSCI中国ETF银华
2024-08-23,1.121,1.122,1.126,1.119,35250.0,512380,sh,MSCI中国ETF银华
2024-08-26,1.123,1.12,1.123,1.118,30473.0,512380,sh,MSCI中国ETF银华
2024-08-27,1.119,1.116,1.119,1.114,14531.0,512380,sh,MSCI中国ETF银华
2024-08-28,1.114,1.109,1.115,1.107,27952.0,512380,sh,MSCI中国ETF银华
2024-08-29,1.103,1.107,1.119,1.103,79973.0,512380,sh,MSCI中国ETF银华
2024-08-30,1.107,1.124,1.134,1.107,25515.0,512380,sh,MSCI中国ETF银华
2024-09-02,1.118,1.108,1.118,1.108,92852.0,512380,sh,MSCI中国ETF银华
2024-09-03,1.105,1.107,1.11,1.104,28154.0,512380,sh,MSCI中国ETF银华
2024-09-04,1.105,1.102,1.108,1.101,28563.0,512380,sh,MSCI中国ETF银华
2024-09-05,1.106,1.105,1.107,1.1,26695.0,512380,sh,MSCI中国ETF银华
2024-09-06,1.103,1.094,1.107,1.094,29188.0,512380,sh,MSCI中国ETF银华
2024-09-09,1.09,1.082,1.091,1.078,19226.0,512380,sh,MSCI中国ETF银华
2024-09-10,1.082,1.08,1.084,1.074,31573.0,512380,sh,MSCI中国ETF银华
2024-09-11,1.08,1.079,1.087,1.074,7854.0,512380,sh,MSCI中国ETF银华
2024-09-12,1.082,1.076,1.083,1.076,8158.0,512380,sh,MSCI中国ETF银华
2024-09-13,1.085,1.071,1.085,1.07,7543.0,512380,sh,MSCI中国ETF银华
2024-09-18,1.07,1.072,1.073,1.066,10531.0,512380,sh,MSCI中国ETF银华
2024-09-19,1.072,1.08,1.087,1.066,39716.0,512380,sh,MSCI中国ETF银华
2024-09-20,1.08,1.082,1.083,1.074,37382.0,512380,sh,MSCI中国ETF银华
2024-09-23,1.086,1.087,1.092,1.086,43184.0,512380,sh,MSCI中国ETF银华
2024-09-24,1.097,1.13,1.13,1.09,68060.0,512380,sh,MSCI中国ETF银华
2024-09-25,1.147,1.151,1.171,1.147,67070.0,512380,sh,MSCI中国ETF银华
2024-09-26,1.147,1.196,1.196,1.146,137363.0,512380,sh,MSCI中国ETF银华
2024-09-27,1.232,1.227,1.245,1.13,10380.0,512380,sh,MSCI中国ETF银华
2024-09-30,1.252,1.35,1.35,1.252,126556.0,512380,sh,MSCI中国ETF银华
2024-10-08,1.485,1.416,1.485,1.33,42935.0,512380,sh,MSCI中国ETF银华
2024-10-09,1.416,1.332,1.416,1.321,154970.0,512380,sh,MSCI中国ETF银华
2024-10-10,1.314,1.337,1.369,1.314,71490.0,512380,sh,MSCI中国ETF银华
2024-10-11,1.338,1.303,1.338,1.29,92478.0,512380,sh,MSCI中国ETF银华
2024-10-14,1.305,1.323,1.329,1.296,62271.0,512380,sh,MSCI中国ETF银华
2024-10-15,1.31,1.291,1.325,1.29,76203.0,512380,sh,MSCI中国ETF银华
2024-10-16,1.285,1.286,1.296,1.275,108305.0,512380,sh,MSCI中国ETF银华
2024-10-17,1.286,1.268,1.297,1.266,52021.0,512380,sh,MSCI中国ETF银华
2024-10-18,1.279,1.309,1.338,1.266,112958.0,512380,sh,MSCI中国ETF银华
2024-10-21,1.322,1.317,1.326,1.305,58823.0,512380,sh,MSCI中国ETF银华
2024-10-22,1.313,1.325,1.327,1.313,79287.0,512380,sh,MSCI中国ETF银华
2024-10-23,1.321,1.327,1.342,1.32,120629.0,512380,sh,MSCI中国ETF银华
2024-10-24,1.324,1.318,1.324,1.313,75160.0,512380,sh,MSCI中国ETF银华
2024-10-25,1.319,1.324,1.334,1.316,65063.0,512380,sh,MSCI中国ETF银华
2024-10-28,1.324,1.33,1.331,1.315,100977.0,512380,sh,MSCI中国ETF银华
2024-10-29,1.335,1.32,1.339,1.319,84916.0,512380,sh,MSCI中国ETF银华
2024-10-30,1.32,1.311,1.32,1.304,37244.0,512380,sh,MSCI中国ETF银华
2024-10-31,1.311,1.311,1.32,1.303,115772.0,512380,sh,MSCI中国ETF银华
2024-11-01,1.311,1.315,1.326,1.311,66143.0,512380,sh,MSCI中国ETF银华
2024-11-04,1.315,1.329,1.329,1.313,46591.0,512380,sh,MSCI中国ETF银华
2024-11-05,1.332,1.361,1.364,1.326,100913.0,512380,sh,MSCI中国ETF银华
2024-11-06,1.374,1.358,1.379,1.354,97822.0,512380,sh,MSCI中国ETF银华
2024-11-07,1.358,1.397,1.398,1.35,98673.0,512380,sh,MSCI中国ETF银华
2024-11-08,1.41,1.386,1.424,1.382,77026.0,512380,sh,MSCI中国ETF银华
2024-11-11,1.386,1.39,1.39,1.366,69423.0,512380,sh,MSCI中国ETF银华
2024-11-12,1.39,1.377,1.408,1.37,53484.0,512380,sh,MSCI中国ETF银华
2024-11-13,1.377,1.385,1.387,1.37,88646.0,512380,sh,MSCI中国ETF银华
2024-11-14,1.385,1.362,1.385,1.362,58999.0,512380,sh,MSCI中国ETF银华
2024-11-15,1.363,1.339,1.363,1.339,70245.0,512380,sh,MSCI中国ETF银华
2024-11-18,1.345,1.331,1.354,1.323,92914.0,512380,sh,MSCI中国ETF银华
2024-11-19,1.331,1.334,1.337,1.314,74713.0,512380,sh,MSCI中国ETF银华
2024-11-20,1.334,1.341,1.345,1.334,84674.0,512380,sh,MSCI中国ETF银华
2024-11-21,1.344,1.346,1.346,1.34,52709.0,512380,sh,MSCI中国ETF银华
2024-11-22,1.345,1.305,1.345,1.305,84982.0,512380,sh,MSCI中国ETF银华
2024-11-25,1.307,1.3,1.31,1.287,105724.0,512380,sh,MSCI中国ETF银华
2024-11-26,1.294,1.296,1.303,1.294,74744.0,512380,sh,MSCI中国ETF银华
2024-11-27,1.294,1.315,1.315,1.29,63315.0,512380,sh,MSCI中国ETF银华
2024-11-28,1.317,1.307,1.317,1.305,75266.0,512380,sh,MSCI中国ETF银华
2024-11-29,1.313,1.319,1.335,1.31,84906.0,512380,sh,MSCI中国ETF银华
2024-12-02,1.332,1.337,1.338,1.322,27043.0,512380,sh,MSCI中国ETF银华
2024-12-03,1.335,1.338,1.347,1.33,53407.0,512380,sh,MSCI中国ETF银华
2024-12-04,1.335,1.329,1.336,1.327,40602.0,512380,sh,MSCI中国ETF银华
2024-12-05,1.33,1.33,1.331,1.325,42151.0,512380,sh,MSCI中国ETF银华
2024-12-06,1.332,1.343,1.35,1.33,29183.0,512380,sh,MSCI中国ETF银华
2024-12-09,1.342,1.343,1.351,1.336,36711.0,512380,sh,MSCI中国ETF银华
2024-12-10,1.356,1.352,1.378,1.35,64087.0,512380,sh,MSCI中国ETF银华
2024-12-11,1.339,1.35,1.355,1.339,33167.0,512380,sh,MSCI中国ETF银华
2024-12-12,1.352,1.366,1.366,1.35,26486.0,512380,sh,MSCI中国ETF银华
2024-12-13,1.355,1.336,1.355,1.333,44771.0,512380,sh,MSCI中国ETF银华
2024-12-16,1.333,1.329,1.336,1.325,46480.0,512380,sh,MSCI中国ETF银华
2024-12-17,1.328,1.33,1.339,1.328,39412.0,512380,sh,MSCI中国ETF银华
2024-12-18,1.338,1.333,1.338,1.332,16928.0,512380,sh,MSCI中国ETF银华
2024-12-19,1.325,1.335,1.345,1.325,33259.0,512380,sh,MSCI中国ETF银华
2024-12-20,1.334,1.33,1.338,1.328,43320.0,512380,sh,MSCI中国ETF银华
2024-12-23,1.334,1.332,1.343,1.331,36618.0,512380,sh,MSCI中国ETF银华
2024-12-24,1.332,1.344,1.348,1.332,29560.0,512380,sh,MSCI中国ETF银华
2024-12-25,1.345,1.343,1.351,1.343,21756.0,512380,sh,MSCI中国ETF银华
2024-12-26,1.345,1.346,1.35,1.344,44010.0,512380,sh,MSCI中国ETF银华
2024-12-27,1.344,1.346,1.352,1.342,31219.0,512380,sh,MSCI中国ETF银华
2024-12-30,1.349,1.351,1.351,1.347,26501.0,512380,sh,MSCI中国ETF银华
2024-12-31,1.351,1.328,1.351,1.327,85010.0,512380,sh,MSCI中国ETF银华
2025-01-02,1.341,1.291,1.43,1.282,70077.0,512380,sh,MSCI中国ETF银华
2025-01-03,1.289,1.277,1.294,1.274,39965.0,512380,sh,MSCI中国ETF银华
2025-01-06,1.279,1.271,1.28,1.267,33410.0,512380,sh,MSCI中国ETF银华
2025-01-07,1.271,1.281,1.281,1.269,51277.0,512380,sh,MSCI中国ETF银华
2025-01-08,1.277,1.279,1.284,1.262,56482.0,512380,sh,MSCI中国ETF银华
2025-01-09,1.278,1.276,1.281,1.274,44912.0,512380,sh,MSCI中国ETF银华
2025-01-10,1.277,1.263,1.277,1.263,52441.0,512380,sh,MSCI中国ETF银华
2025-01-13,1.258,1.26,1.263,1.254,29371.0,512380,sh,MSCI中国ETF银华
2025-01-14,1.259,1.289,1.29,1.259,15057.0,512380,sh,MSCI中国ETF银华
2025-01-15,1.292,1.281,1.292,1.281,21036.0,512380,sh,MSCI中国ETF银华
2025-01-16,1.291,1.288,1.299,1.281,30437.0,512380,sh,MSCI中国ETF银华
2025-01-17,1.284,1.29,1.294,1.283,12393.0,512380,sh,MSCI中国ETF银华
2025-01-20,1.302,1.294,1.305,1.294,17781.0,512380,sh,MSCI中国ETF银华
2025-01-21,1.296,1.294,1.3,1.291,17593.0,512380,sh,MSCI中国ETF银华
2025-01-22,1.292,1.286,1.292,1.282,28067.0,512380,sh,MSCI中国ETF银华
2025-01-23,1.298,1.292,1.312,1.288,32215.0,512380,sh,MSCI中国ETF银华
2025-01-24,1.288,1.298,1.304,1.288,15434.0,512380,sh,MSCI中国ETF银华
2025-01-27,1.304,1.297,1.305,1.297,22951.0,512380,sh,MSCI中国ETF银华
2025-02-05,1.292,1.284,1.293,1.283,26894.0,512380,sh,MSCI中国ETF银华
2025-02-06,1.288,1.3,1.303,1.287,19672.0,512380,sh,MSCI中国ETF银华
2025-02-07,1.309,1.319,1.327,1.309,17709.0,512380,sh,MSCI中国ETF银华
2025-02-10,1.321,1.321,1.321,1.316,5694.0,512380,sh,MSCI中国ETF银华
2025-02-11,1.319,1.316,1.32,1.312,8435.0,512380,sh,MSCI中国ETF银华
2025-02-12,1.317,1.326,1.329,1.315,30165.0,512380,sh,MSCI中国ETF银华
2025-02-13,1.328,1.329,1.336,1.326,38921.0,512380,sh,MSCI中国ETF银华
2025-02-14,1.329,1.335,1.338,1.325,40485.0,512380,sh,MSCI中国ETF银华
2025-02-17,1.338,1.336,1.339,1.329,50028.0,512380,sh,MSCI中国ETF银华
2025-02-18,1.336,1.327,1.34,1.323,38910.0,512380,sh,MSCI中国ETF银华
2025-02-19,1.32,1.335,1.335,1.32,37439.0,512380,sh,MSCI中国ETF银华
2025-02-20,1.335,1.329,1.335,1.328,12653.0,512380,sh,MSCI中国ETF银华
2025-02-21,1.338,1.347,1.347,1.33,23199.0,512380,sh,MSCI中国ETF银华
2025-02-24,1.342,1.346,1.351,1.34,39744.0,512380,sh,MSCI中国ETF银华
2025-02-25,1.333,1.331,1.342,1.329,48447.0,512380,sh,MSCI中国ETF银华
2025-02-26,1.336,1.344,1.344,1.332,45167.0,512380,sh,MSCI中国ETF银华
2025-02-27,1.344,1.345,1.348,1.337,49241.0,512380,sh,MSCI中国ETF银华
2025-02-28,1.345,1.323,1.35,1.321,59450.0,512380,sh,MSCI中国ETF银华
2025-03-03,1.323,1.32,1.334,1.317,30368.0,512380,sh,MSCI中国ETF银华
2025-03-04,1.313,1.317,1.317,1.31,14619.0,512380,sh,MSCI中国ETF银华
2025-03-05,1.319,1.323,1.324,1.315,45334.0,512380,sh,MSCI中国ETF银华
2025-03-06,1.327,1.34,1.34,1.327,45703.0,512380,sh,MSCI中国ETF银华
2025-03-07,1.335,1.339,1.343,1.335,17063.0,512380,sh,MSCI中国ETF银华
2025-03-10,1.338,1.334,1.338,1.327,27792.0,512380,sh,MSCI中国ETF银华
2025-03-11,1.321,1.332,1.347,1.321,59227.0,512380,sh,MSCI中国ETF银华
2025-03-12,1.335,1.333,1.341,1.332,30275.0,512380,sh,MSCI中国ETF银华
2025-03-13,1.335,1.33,1.336,1.326,31330.0,512380,sh,MSCI中国ETF银华
2025-03-14,1.331,1.36,1.365,1.331,42090.0,512380,sh,MSCI中国ETF银华
2025-03-17,1.363,1.356,1.363,1.356,22357.0,512380,sh,MSCI中国ETF银华
2025-03-18,1.359,1.358,1.362,1.357,22919.0,512380,sh,MSCI中国ETF银华
2025-03-19,1.357,1.359,1.371,1.355,21202.0,512380,sh,MSCI中国ETF银华
2025-03-20,1.354,1.348,1.357,1.348,6340.0,512380,sh,MSCI中国ETF银华
2025-03-21,1.35,1.33,1.35,1.328,9900.0,512380,sh,MSCI中国ETF银华
2025-03-24,1.33,1.333,1.335,1.326,36825.0,512380,sh,MSCI中国ETF银华
2025-03-25,1.333,1.332,1.338,1.332,24802.0,512380,sh,MSCI中国ETF银华
2025-03-26,1.331,1.331,1.338,1.33,20209.0,512380,sh,MSCI中国ETF银华
2025-03-27,1.332,1.336,1.341,1.324,22845.0,512380,sh,MSCI中国ETF银华
2025-03-28,1.334,1.328,1.334,1.327,18391.0,512380,sh,MSCI中国ETF银华
2025-03-31,1.322,1.318,1.329,1.313,30810.0,512380,sh,MSCI中国ETF银华
2025-04-01,1.323,1.319,1.323,1.318,31694.0,512380,sh,MSCI中国ETF银华
2025-04-02,1.32,1.319,1.324,1.319,25341.0,512380,sh,MSCI中国ETF银华
2025-04-03,1.312,1.311,1.319,1.31,36141.0,512380,sh,MSCI中国ETF银华
2025-04-07,1.298,1.215,1.298,1.199,42503.0,512380,sh,MSCI中国ETF银华
2025-04-08,1.215,1.233,1.239,1.215,37775.0,512380,sh,MSCI中国ETF银华
2025-04-09,1.221,1.245,1.245,1.219,51602.0,512380,sh,MSCI中国ETF银华
2025-04-10,1.257,1.268,1.274,1.245,45741.0,512380,sh,MSCI中国ETF银华
2025-04-11,1.263,1.272,1.274,1.26,54611.0,512380,sh,MSCI中国ETF银华
2025-04-14,1.265,1.277,1.281,1.265,49089.0,512380,sh,MSCI中国ETF银华
2025-04-15,1.276,1.277,1.277,1.271,62697.0,512380,sh,MSCI中国ETF银华
2025-04-16,1.271,1.278,1.278,1.264,57181.0,512380,sh,MSCI中国ETF银华
2025-04-17,1.264,1.276,1.281,1.264,43915.0,512380,sh,MSCI中国ETF银华
2025-04-18,1.279,1.281,1.281,1.275,33324.0,512380,sh,MSCI中国ETF银华
2025-04-21,1.283,1.288,1.288,1.282,31006.0,512380,sh,MSCI中国ETF银华
2025-04-22,1.288,1.287,1.292,1.287,17363.0,512380,sh,MSCI中国ETF银华
2025-04-23,1.294,1.289,1.294,1.289,11069.0,512380,sh,MSCI中国ETF银华
2025-04-24,1.29,1.289,1.295,1.287,24164.0,512380,sh,MSCI中国ETF银华
2025-04-25,1.289,1.287,1.293,1.287,18545.0,512380,sh,MSCI中国ETF银华
2025-04-28,1.275,1.286,1.288,1.275,21463.0,512380,sh,MSCI中国ETF银华
2025-04-29,1.28,1.281,1.284,1.279,31479.0,512380,sh,MSCI中国ETF银华
2025-04-30,1.282,1.28,1.287,1.28,20555.0,512380,sh,MSCI中国ETF银华
2025-05-06,1.279,1.294,1.294,1.279,41001.0,512380,sh,MSCI中国ETF银华
2025-05-07,1.306,1.301,1.312,1.282,39135.0,512380,sh,MSCI中国ETF银华
2025-05-08,1.298,1.31,1.313,1.298,34471.0,512380,sh,MSCI中国ETF银华
2025-05-09,1.308,1.307,1.309,1.303,13212.0,512380,sh,MSCI中国ETF银华
2025-05-12,1.31,1.319,1.32,1.31,11038.0,512380,sh,MSCI中国ETF银华
2025-05-13,1.323,1.322,1.325,1.32,11172.0,512380,sh,MSCI中国ETF银华
2025-05-14,1.323,1.335,1.344,1.32,42980.0,512380,sh,MSCI中国ETF银华
2025-05-15,1.334,1.325,1.335,1.324,27477.0,512380,sh,MSCI中国ETF银华
2025-05-16,1.327,1.319,1.327,1.316,26577.0,512380,sh,MSCI中国ETF银华
2025-05-19,1.314,1.313,1.319,1.31,46256.0,512380,sh,MSCI中国ETF银华
2025-05-20,1.317,1.324,1.326,1.317,23556.0,512380,sh,MSCI中国ETF银华
2025-05-21,1.311,1.329,1.333,1.311,10740.0,512380,sh,MSCI中国ETF银华
2025-05-22,1.326,1.327,1.342,1.323,33595.0,512380,sh,MSCI中国ETF银华
2025-05-23,1.328,1.32,1.33,1.315,16628.0,512380,sh,MSCI中国ETF银华
2025-05-26,1.333,1.308,1.354,1.304,9243.0,512380,sh,MSCI中国ETF银华
2025-05-27,1.321,1.303,1.334,1.303,10952.0,512380,sh,MSCI中国ETF银华
2025-05-28,1.303,1.302,1.305,1.302,17075.0,512380,sh,MSCI中国ETF银华
2025-05-29,1.304,1.308,1.314,1.302,27212.0,512380,sh,MSCI中国ETF银华
2025-05-30,1.31,1.3,1.31,1.3,17761.0,512380,sh,MSCI中国ETF银华
2025-06-03,1.3,1.306,1.308,1.3,5718.0,512380,sh,MSCI中国ETF银华
2025-06-04,1.311,1.31,1.319,1.31,12033.0,512380,sh,MSCI中国ETF银华
2025-06-05,1.312,1.316,1.318,1.312,51735.0,512380,sh,MSCI中国ETF银华
2025-06-06,1.319,1.317,1.32,1.315,12466.0,512380,sh,MSCI中国ETF银华
2025-06-09,1.319,1.32,1.323,1.318,12901.0,512380,sh,MSCI中国ETF银华
2025-06-10,1.32,1.314,1.324,1.308,4745.0,512380,sh,MSCI中国ETF银华
2025-06-11,1.301,1.322,1.329,1.301,13033.0,512380,sh,MSCI中国ETF银华
2025-06-12,1.314,1.324,1.335,1.314,8717.0,512380,sh,MSCI中国ETF银华
2025-06-13,1.32,1.313,1.32,1.302,15965.0,512380,sh,MSCI中国ETF银华
2025-06-16,1.312,1.318,1.318,1.312,18271.0,512380,sh,MSCI中国ETF银华
2025-06-17,1.316,1.316,1.319,1.314,12713.0,512380,sh,MSCI中国ETF银华
2025-06-18,1.316,1.317,1.318,1.312,9155.0,512380,sh,MSCI中国ETF银华
2025-06-19,1.315,1.306,1.315,1.304,45016.0,512380,sh,MSCI中国ETF银华
2025-06-20,1.308,1.307,1.311,1.307,33683.0,512380,sh,MSCI中国ETF银华
2025-06-23,1.304,1.312,1.32,1.303,12096.0,512380,sh,MSCI中国ETF银华
2025-06-24,1.303,1.326,1.33,1.3,25414.0,512380,sh,MSCI中国ETF银华
2025-06-25,1.313,1.345,1.346,1.313,28220.0,512380,sh,MSCI中国ETF银华
2025-06-26,1.346,1.342,1.347,1.342,24502.0,512380,sh,MSCI中国ETF银华
2025-06-27,1.344,1.335,1.349,1.335,5742.0,512380,sh,MSCI中国ETF银华
2025-06-30,1.339,1.341,1.343,1.335,59738.0,512380,sh,MSCI中国ETF银华
2025-07-01,1.343,1.347,1.347,1.339,142943.0,512380,sh,MSCI中国ETF银华
2025-07-02,1.341,1.344,1.345,1.341,42753.0,512380,sh,MSCI中国ETF银华
2025-07-03,1.346,1.352,1.354,1.344,37294.0,512380,sh,MSCI中国ETF银华
2025-07-04,1.351,1.356,1.367,1.348,32174.0,512380,sh,MSCI中国ETF银华
2025-07-07,1.353,1.351,1.353,1.349,7095.0,512380,sh,MSCI中国ETF银华
2025-07-08,1.357,1.364,1.366,1.355,19757.0,512380,sh,MSCI中国ETF银华
2025-07-09,1.351,1.365,1.372,1.351,35998.0,512380,sh,MSCI中国ETF银华
2025-07-10,1.366,1.37,1.377,1.363,36825.0,512380,sh,MSCI中国ETF银华
2025-07-11,1.371,1.371,1.388,1.371,32819.0,512380,sh,MSCI中国ETF银华
2025-07-14,1.38,1.373,1.38,1.373,24948.0,512380,sh,MSCI中国ETF银华
2025-07-15,1.378,1.372,1.38,1.365,47057.0,512380,sh,MSCI中国ETF银华
2025-07-16,1.373,1.369,1.376,1.367,74296.0,512380,sh,MSCI中国ETF银华
2025-07-17,1.375,1.38,1.381,1.373,27244.0,512380,sh,MSCI中国ETF银华
2025-07-18,1.368,1.389,1.391,1.368,23894.0,512380,sh,MSCI中国ETF银华
2025-07-21,1.398,1.4,1.401,1.395,36728.0,512380,sh,MSCI中国ETF银华
2025-07-22,1.395,1.413,1.413,1.395,33062.0,512380,sh,MSCI中国ETF银华
2025-07-23,1.42,1.416,1.426,1.411,53878.0,512380,sh,MSCI中国ETF银华
2025-07-24,1.412,1.424,1.424,1.412,45358.0,512380,sh,MSCI中国ETF银华
2025-07-25,1.423,1.419,1.425,1.418,26109.0,512380,sh,MSCI中国ETF银华
2025-07-28,1.42,1.424,1.426,1.415,25399.0,512380,sh,MSCI中国ETF银华
2025-07-29,1.422,1.431,1.431,1.419,42281.0,512380,sh,MSCI中国ETF银华
2025-07-30,1.431,1.429,1.441,1.423,55287.0,512380,sh,MSCI中国ETF银华
2025-07-31,1.422,1.403,1.422,1.401,50623.0,512380,sh,MSCI中国ETF银华
2025-08-01,1.393,1.397,1.405,1.393,56762.0,512380,sh,MSCI中国ETF银华
2025-08-04,1.393,1.401,1.41,1.392,14989.0,512380,sh,MSCI中国ETF银华
2025-08-05,1.403,1.413,1.413,1.403,34299.0,512380,sh,MSCI中国ETF银华
2025-08-06,1.416,1.416,1.416,1.411,29173.0,512380,sh,MSCI中国ETF银华
2025-08-07,1.421,1.417,1.421,1.41,18741.0,512380,sh,MSCI中国ETF银华
2025-08-08,1.417,1.417,1.42,1.413,19571.0,512380,sh,MSCI中国ETF银华
2025-08-11,1.42,1.422,1.427,1.419,54625.0,512380,sh,MSCI中国ETF银华
2025-08-12,1.424,1.428,1.434,1.422,71486.0,512380,sh,MSCI中国ETF银华
2025-08-13,1.435,1.442,1.445,1.434,36701.0,512380,sh,MSCI中国ETF银华
2025-08-14,1.456,1.44,1.456,1.438,42389.0,512380,sh,MSCI中国ETF银华
2025-08-15,1.436,1.452,1.456,1.436,22865.0,512380,sh,MSCI中国ETF银华
2025-08-18,1.453,1.464,1.474,1.451,34291.0,512380,sh,MSCI中国ETF银华
2025-08-19,1.471,1.462,1.476,1.461,37978.0,512380,sh,MSCI中国ETF银华
2025-08-20,1.466,1.48,1.48,1.453,32709.0,512380,sh,MSCI中国ETF银华
2025-08-21,1.486,1.481,1.491,1.481,42631.0,512380,sh,MSCI中国ETF银华
2025-08-22,1.495,1.507,1.514,1.489,31305.0,512380,sh,MSCI中国ETF银华
2025-08-25,1.522,1.544,1.544,1.522,39392.0,512380,sh,MSCI中国ETF银华
2025-08-26,1.559,1.537,1.696,1.532,40802.0,512380,sh,MSCI中国ETF银华
2025-08-27,1.54,1.516,1.552,1.516,57951.0,512380,sh,MSCI中国ETF银华
2025-08-28,1.522,1.536,1.536,1.505,55692.0,512380,sh,MSCI中国ETF银华
2025-08-29,1.536,1.557,1.562,1.536,39814.0,512380,sh,MSCI中国ETF银华
2025-09-01,1.557,1.563,1.563,1.549,48139.0,512380,sh,MSCI中国ETF银华
2025-09-02,1.563,1.546,1.566,1.533,24964.0,512380,sh,MSCI中国ETF银华
2025-09-03,1.551,1.533,1.551,1.524,44596.0,512380,sh,MSCI中国ETF银华
2025-09-04,1.529,1.511,1.547,1.5,60827.0,512380,sh,MSCI中国ETF银华
2025-09-05,1.496,1.535,1.538,1.481,64654.0,512380,sh,MSCI中国ETF银华
2025-09-08,1.532,1.539,1.545,1.531,56045.0,512380,sh,MSCI中国ETF银华
2025-09-09,1.538,1.533,1.544,1.526,41782.0,512380,sh,MSCI中国ETF银华
2025-09-10,1.535,1.534,1.542,1.525,53825.0,512380,sh,MSCI中国ETF银华
2025-09-11,1.534,1.571,1.571,1.531,50603.0,512380,sh,MSCI中国ETF银华
2025-09-12,1.586,1.562,1.586,1.561,45077.0,512380,sh,MSCI中国ETF银华
2025-09-15,1.573,1.568,1.58,1.567,36634.0,512380,sh,MSCI中国ETF银华
2025-09-16,1.568,1.563,1.569,1.554,39465.0,512380,sh,MSCI中国ETF银华
2025-09-17,1.565,1.575,1.578,1.562,50901.0,512380,sh,MSCI中国ETF银华
2025-09-18,1.572,1.545,1.59,1.545,45052.0,512380,sh,MSCI中国ETF银华
2025-09-19,1.546,1.558,1.569,1.546,96105.0,512380,sh,MSCI中国ETF银华
2025-09-22,1.555,1.562,1.563,1.552,54751.0,512380,sh,MSCI中国ETF银华
2025-09-23,1.562,1.559,1.572,1.53,58753.0,512380,sh,MSCI中国ETF银华
2025-09-24,1.558,1.572,1.572,1.553,66784.0,512380,sh,MSCI中国ETF银华
2025-09-25,1.565,1.585,1.591,1.565,28193.0,512380,sh,MSCI中国ETF银华
2025-09-26,1.581,1.569,1.584,1.569,35101.0,512380,sh,MSCI中国ETF银华
2025-09-29,1.569,1.591,1.601,1.569,27354.0,512380,sh,MSCI中国ETF银华
2025-09-30,1.6,1.596,1.6,1.589,3662.0,512380,sh,MSCI中国ETF银华
2025-10-09,1.596,1.619,1.623,1.596,22865.0,512380,sh,MSCI中国ETF银华
2025-10-10,1.617,1.591,1.617,1.587,24103.0,512380,sh,MSCI中国ETF银华
2025-10-13,1.5,1.58,1.608,1.5,13004.0,512380,sh,MSCI中国ETF银华
2025-10-14,1.58,1.565,1.598,1.562,81402.0,512380,sh,MSCI中国ETF银华
2025-10-15,1.568,1.586,1.587,1.562,58352.0,512380,sh,MSCI中国ETF银华
2025-10-16,1.584,1.588,1.597,1.583,47315.0,512380,sh,MSCI中国ETF银华
2025-10-17,1.588,1.554,1.588,1.552,38737.0,512380,sh,MSCI中国ETF银华
2025-10-20,1.563,1.564,1.573,1.558,60270.0,512380,sh,MSCI中国ETF银华
2025-10-21,1.568,1.583,1.588,1.567,31882.0,512380,sh,MSCI中国ETF银华
2025-10-22,1.575,1.577,1.581,1.575,11565.0,512380,sh,MSCI中国ETF银华
2025-10-23,1.578,1.585,1.586,1.563,24685.0,512380,sh,MSCI中国ETF银华
2025-10-24,1.594,1.598,1.598,1.59,44121.0,512380,sh,MSCI中国ETF银华
2025-10-27,1.613,1.623,1.632,1.613,49273.0,512380,sh,MSCI中国ETF银华
2025-10-28,1.616,1.616,1.631,1.614,45292.0,512380,sh,MSCI中国ETF银华
2025-10-29,1.623,1.638,1.638,1.622,26373.0,512380,sh,MSCI中国ETF银华
2025-10-30,1.637,1.624,1.642,1.605,57402.0,512380,sh,MSCI中国ETF银华
2025-10-31,1.623,1.603,1.623,1.602,17562.0,512380,sh,MSCI中国ETF银华
2025-11-03,1.605,1.606,1.606,1.587,16178.0,512380,sh,MSCI中国ETF银华
2025-11-04,1.607,1.594,1.607,1.586,40282.0,512380,sh,MSCI中国ETF银华
2025-11-05,1.579,1.597,1.601,1.576,34879.0,512380,sh,MSCI中国ETF银华
2025-11-06,1.604,1.615,1.618,1.604,25423.0,512380,sh,MSCI中国ETF银华
2025-11-07,1.615,1.614,1.621,1.612,10028.0,512380,sh,MSCI中国ETF银华
2025-11-10,1.617,1.619,1.62,1.607,16805.0,512380,sh,MSCI中国ETF银华
2025-11-11,1.622,1.606,1.622,1.604,33324.0,512380,sh,MSCI中国ETF银华
2025-11-12,1.599,1.603,1.61,1.594,37106.0,512380,sh,MSCI中国ETF银华
2025-11-13,1.602,1.619,1.62,1.602,28726.0,512380,sh,MSCI中国ETF银华
2025-11-14,1.609,1.595,1.622,1.595,26605.0,512380,sh,MSCI中国ETF银华
2025-11-17,1.595,1.586,1.595,1.581,33557.0,512380,sh,MSCI中国ETF银华
2025-11-18,1.58,1.577,1.586,1.57,47973.0,512380,sh,MSCI中国ETF银华
2025-11-19,1.58,1.581,1.589,1.576,15057.0,512380,sh,MSCI中国ETF银华
2025-11-20,1.588,1.576,1.591,1.574,49805.0,512380,sh,MSCI中国ETF银华
2025-11-21,1.561,1.538,1.561,1.535,48174.0,512380,sh,MSCI中国ETF银华
2025-11-24,1.538,1.532,1.538,1.527,48255.0,512380,sh,MSCI中国ETF银华
2025-11-25,1.517,1.544,1.562,1.517,38285.0,512380,sh,MSCI中国ETF银华
2025-11-26,1.545,1.551,1.558,1.544,19985.0,512380,sh,MSCI中国ETF银华
2025-11-27,1.563,1.553,1.567,1.552,10534.0,512380,sh,MSCI中国ETF银华
2025-11-28,1.552,1.556,1.557,1.547,13086.0,512380,sh,MSCI中国ETF银华
2025-12-01,1.56,1.574,1.574,1.559,28855.0,512380,sh,MSCI中国ETF银华
2025-12-02,1.574,1.567,1.574,1.564,38313.0,512380,sh,MSCI中国ETF银华
2025-12-03,1.566,1.558,1.568,1.557,48252.0,512380,sh,MSCI中国ETF银华
2025-12-04,1.563,1.56,1.567,1.555,40881.0,512380,sh,MSCI中国ETF银华
2025-12-05,1.561,1.572,1.578,1.559,28450.0,512380,sh,MSCI中国ETF银华
2025-12-08,1.575,1.585,1.594,1.575,18400.0,512380,sh,MSCI中国ETF银华
2025-12-09,1.589,1.579,1.589,1.574,19323.0,512380,sh,MSCI中国ETF银华
2025-12-10,1.58,1.578,1.58,1.564,28700.0,512380,sh,MSCI中国ETF银华
2025-12-11,1.578,1.567,1.584,1.567,51862.0,512380,sh,MSCI中国ETF银华
2025-12-12,1.566,1.574,1.578,1.561,9915.0,512380,sh,MSCI中国ETF银华
2025-12-15,1.575,1.569,1.581,1.567,28903.0,512380,sh,MSCI中国ETF银华
2025-12-16,1.556,1.55,1.558,1.545,141075.0,512380,sh,MSCI中国ETF银华
2025-12-17,1.548,1.577,1.58,1.548,36246.0,512380,sh,MSCI中国ETF银华
2025-12-18,1.571,1.567,1.577,1.567,31494.0,512380,sh,MSCI中国ETF银华
2025-12-19,1.568,1.574,1.581,1.565,29677.0,512380,sh,MSCI中国ETF银华
2025-12-22,1.586,1.587,1.59,1.584,14938.0,512380,sh,MSCI中国ETF银华
2025-12-23,1.587,1.591,1.601,1.587,95193.0,512380,sh,MSCI中国ETF银华
2025-12-24,1.595,1.598,1.603,1.591,49665.0,512380,sh,MSCI中国ETF银华
2025-12-25,1.601,1.603,1.604,1.596,23385.0,512380,sh,MSCI中国ETF银华
2025-12-26,1.604,1.606,1.614,1.599,43269.0,512380,sh,MSCI中国ETF银华
2025-12-29,1.61,1.6,1.61,1.599,14999.0,512380,sh,MSCI中国ETF银华
2025-12-30,1.6,1.604,1.606,1.593,23689.0,512380,sh,MSCI中国ETF银华
2025-12-31,1.596,1.598,1.606,1.595,12529.0,512380,sh,MSCI中国ETF银华
2026-01-05,1.598,1.625,1.626,1.598,25841.0,512380,sh,MSCI中国ETF银华
2026-01-06,1.625,1.65,1.652,1.625,64981.0,512380,sh,MSCI中国ETF银华
2026-01-07,1.65,1.652,1.663,1.642,36466.0,512380,sh,MSCI中国ETF银华
2026-01-08,1.651,1.637,1.651,1.633,11785.0,512380,sh,MSCI中国ETF银华
2026-01-09,1.64,1.645,1.652,1.637,35883.0,512380,sh,MSCI中国ETF银华
2026-01-12,1.645,1.65,1.66,1.632,812.0,512380,sh,MSCI中国ETF银华
2026-01-13,1.657,1.65,1.675,1.65,892.0,512380,sh,MSCI中国ETF银华
2026-01-14,1.66,1.665,1.67,1.618,21123.0,512380,sh,MSCI中国ETF银华
2026-01-15,1.65,1.645,1.83,1.64,48572.0,512380,sh,MSCI中国ETF银华
2026-01-16,1.632,1.642,1.658,1.632,7531.0,512380,sh,MSCI中国ETF银华
2026-01-19,1.641,1.644,1.651,1.634,13935.0,512380,sh,MSCI中国ETF银华
2026-01-20,1.647,1.642,1.648,1.633,9870.0,512380,sh,MSCI中国ETF银华
2026-01-21,1.641,1.646,1.653,1.638,70874.0,512380,sh,MSCI中国ETF银华
2026-01-22,1.651,1.642,1.658,1.638,35921.0,512380,sh,MSCI中国ETF银华
2026-01-23,1.626,1.641,1.653,1.626,30206.0,512380,sh,MSCI中国ETF银华
2026-01-26,1.646,1.65,1.723,1.626,3500.0,512380,sh,MSCI中国ETF银华
2026-01-27,1.65,1.653,1.659,1.631,2505.0,512380,sh,MSCI中国ETF银华
2026-01-28,1.642,1.65,1.66,1.642,57194.0,512380,sh,MSCI中国ETF银华
2026-01-29,1.65,1.66,1.717,1.643,20032.0,512380,sh,MSCI中国ETF银华
2026-01-30,1.644,1.637,1.675,1.618,12612.0,512380,sh,MSCI中国ETF银华
2026-02-02,1.621,1.593,1.652,1.592,85357.0,512380,sh,MSCI中国ETF银华
2026-02-03,1.608,1.619,1.619,1.593,42988.0,512380,sh,MSCI中国ETF银华
2026-02-04,1.603,1.634,1.634,1.603,23203.0,512380,sh,MSCI中国ETF银华
2026-02-05,1.628,1.626,1.628,1.611,46779.0,512380,sh,MSCI中国ETF银华
2026-02-06,1.61,1.618,1.63,1.605,45661.0,512380,sh,MSCI中国ETF银华
2026-02-09,1.63,1.641,1.642,1.63,21168.0,512380,sh,MSCI中国ETF银华
2026-02-10,1.643,1.642,1.646,1.641,26297.0,512380,sh,MSCI中国ETF银华
2026-02-11,1.65,1.644,1.65,1.642,17101.0,512380,sh,MSCI中国ETF银华
2026-02-12,1.644,1.644,1.647,1.644,21044.0,512380,sh,MSCI中国ETF银华
2026-02-13,1.645,1.622,1.645,1.622,64792.0,512380,sh,MSCI中国ETF银华
2026-02-24,1.623,1.642,1.648,1.623,32536.0,512380,sh,MSCI中国ETF银华
2026-02-25,1.642,1.649,1.661,1.642,18049.0,512380,sh,MSCI中国ETF银华
2026-02-26,1.649,1.649,1.653,1.647,22602.0,512380,sh,MSCI中国ETF银华
2026-02-27,1.649,1.654,1.654,1.644,12896.0,512380,sh,MSCI中国ETF银华
2026-03-02,1.654,1.658,1.658,1.636,2477.0,512380,sh,MSCI中国ETF银华
2026-03-03,1.674,1.63,1.691,1.63,20705.0,512380,sh,MSCI中国ETF银华
2026-03-04,1.625,1.61,1.646,1.601,17697.0,512380,sh,MSCI中国ETF银华
2026-03-05,1.617,1.623,1.628,1.616,13040.0,512380,sh,MSCI中国ETF银华
2026-03-06,1.614,1.63,1.631,1.614,12179.0,512380,sh,MSCI中国ETF银华
2026-03-09,1.615,1.614,1.616,1.591,21457.0,512380,sh,MSCI中国ETF银华
2026-03-10,1.623,1.636,1.636,1.623,7187.0,512380,sh,MSCI中国ETF银华
2026-03-11,1.636,1.644,1.647,1.636,2829.0,512380,sh,MSCI中国ETF银华
2026-03-12,1.645,1.638,1.645,1.628,9980.0,512380,sh,MSCI中国ETF银华
2026-03-13,1.636,1.628,1.641,1.628,8171.0,512380,sh,MSCI中国ETF银华
2026-03-16,1.62,1.628,1.628,1.611,12948.0,512380,sh,MSCI中国ETF银华
2026-03-17,1.63,1.616,1.641,1.615,9914.0,512380,sh,MSCI中国ETF银华
2026-03-18,1.614,1.616,1.616,1.604,6780.0,512380,sh,MSCI中国ETF银华
2026-03-19,1.606,1.594,1.614,1.59,3146.0,512380,sh,MSCI中国ETF银华
2026-03-20,1.598,1.579,1.604,1.579,11823.0,512380,sh,MSCI中国ETF银华
2026-03-23,1.564,1.53,1.565,1.53,11528.0,512380,sh,MSCI中国ETF银华
2026-03-24,1.542,1.541,1.542,1.52,9182.0,512380,sh,MSCI中国ETF银华
2026-03-25,1.556,1.567,1.57,1.556,5029.0,512380,sh,MSCI中国ETF银华
2026-03-26,1.568,1.557,1.574,1.55,8553.0,512380,sh,MSCI中国ETF银华
2026-03-27,1.542,1.561,1.566,1.537,9090.0,512380,sh,MSCI中国ETF银华
2026-03-30,1.546,1.554,1.561,1.544,18994.0,512380,sh,MSCI中国ETF银华
2026-03-31,1.55,1.548,1.568,1.546,33652.0,512380,sh,MSCI中国ETF银华
2026-04-01,1.563,1.566,1.569,1.556,5939.0,512380,sh,MSCI中国ETF银华
2026-04-02,1.564,1.552,1.566,1.546,17796.0,512380,sh,MSCI中国ETF银华
2026-04-03,1.551,1.538,1.551,1.536,28015.0,512380,sh,MSCI中国ETF银华
2026-04-07,1.542,1.536,1.544,1.534,15204.0,512380,sh,MSCI中国ETF银华
2026-04-08,1.551,1.589,1.589,1.551,3147.0,512380,sh,MSCI中国ETF银华
2026-04-09,1.58,1.582,1.587,1.58,4865.0,512380,sh,MSCI中国ETF银华
2026-04-10,1.591,1.602,1.609,1.59,14799.0,512380,sh,MSCI中国ETF银华
2026-04-13,1.602,1.606,1.609,1.6,16090.0,512380,sh,MSCI中国ETF银华
2026-04-14,1.612,1.622,1.623,1.612,26990.0,512380,sh,MSCI中国ETF银华
2026-04-15,1.634,1.619,1.634,1.618,33398.0,512380,sh,MSCI中国ETF银华
2026-04-16,1.635,1.638,1.639,1.631,19486.0,512380,sh,MSCI中国ETF银华
2026-04-17,1.636,1.638,1.641,1.634,36727.0,512380,sh,MSCI中国ETF银华
2026-04-20,1.637,1.646,1.65,1.637,10206.0,512380,sh,MSCI中国ETF银华
2026-04-21,1.646,1.65,1.651,1.636,19467.0,512380,sh,MSCI中国ETF银华
2026-04-22,1.651,1.661,1.661,1.648,8031.0,512380,sh,MSCI中国ETF银华
2026-04-23,1.668,1.658,1.668,1.648,37099.0,512380,sh,MSCI中国ETF银华
2026-04-24,1.647,1.65,1.654,1.64,42776.0,512380,sh,MSCI中国ETF银华
2026-04-27,1.654,1.652,1.659,1.651,33974.0,512380,sh,MSCI中国ETF银华
2026-04-28,1.648,1.646,1.652,1.646,38521.0,512380,sh,MSCI中国ETF银华
2026-04-29,1.652,1.664,1.666,1.65,15499.0,512380,sh,MSCI中国ETF银华
2026-04-30,1.668,1.662,1.67,1.66,31017.0,512380,sh,MSCI中国ETF银华
2026-05-06,1.668,1.692,1.696,1.668,8283.0,512380,sh,MSCI中国ETF银华
2026-05-07,1.697,1.702,1.703,1.695,7283.0,512380,sh,MSCI中国ETF银华
2026-05-08,1.702,1.696,1.704,1.691,15730.0,512380,sh,MSCI中国ETF银华
2026-05-11,1.706,1.724,1.724,1.704,22546.0,512380,sh,MSCI中国ETF银华
2026-05-12,1.719,1.716,1.722,1.714,26341.0,512380,sh,MSCI中国ETF银华
2026-05-13,1.733,1.737,1.738,1.717,13815.0,512380,sh,MSCI中国ETF银华
2026-05-14,1.745,1.712,1.746,1.712,12156.0,512380,sh,MSCI中国ETF银华
2026-05-15,1.706,1.685,1.729,1.683,17008.0,512380,sh,MSCI中国ETF银华
2026-05-18,1.672,1.676,1.685,1.669,27027.0,512380,sh,MSCI中国ETF银华
2026-05-19,1.671,1.687,1.687,1.661,26771.0,512380,sh,MSCI中国ETF银华
2026-05-20,1.68,1.687,1.687,1.678,28120.0,512380,sh,MSCI中国ETF银华
2026-05-21,1.699,1.666,1.715,1.666,3886.0,512380,sh,MSCI中国ETF银华
2026-05-22,1.678,1.68,1.682,1.663,10050.0,512380,sh,MSCI中国ETF银华
2026-05-25,1.688,1.7,1.7,1.684,33627.0,512380,sh,MSCI中国ETF银华
2026-05-26,1.7,1.713,1.713,1.695,33896.0,512380,sh,MSCI中国ETF银华
2026-05-27,1.715,1.699,1.719,1.694,45061.0,512380,sh,MSCI中国ETF银华
2026-05-28,1.7,1.694,1.701,1.679,52095.0,512380,sh,MSCI中国ETF银华
2026-05-29,1.706,1.694,1.707,1.686,42490.0,512380,sh,MSCI中国ETF银华
2026-06-01,1.683,1.672,1.694,1.672,49733.0,512380,sh,MSCI中国ETF银华
2026-06-02,1.67,1.689,1.695,1.666,10823.0,512380,sh,MSCI中国ETF银华
2026-06-03,1.692,1.696,1.714,1.688,27285.0,512380,sh,MSCI中国ETF银华
2026-06-04,1.69,1.687,1.698,1.683,38728.0,512380,sh,MSCI中国ETF银华
2026-06-05,1.679,1.662,1.692,1.658,96267.0,512380,sh,MSCI中国ETF银华
2026-06-08,1.654,1.623,1.654,1.611,120315.0,512380,sh,MSCI中国ETF银华
2026-06-09,1.621,1.65,1.651,1.621,120677.0,512380,sh,MSCI中国ETF银华
2026-06-10,1.64,1.638,1.647,1.63,52337.0,512380,sh,MSCI中国ETF银华
2026-06-11,1.634,1.632,1.642,1.624,19412.0,512380,sh,MSCI中国ETF银华
2026-06-12,1.648,1.655,1.664,1.648,7433.0,512380,sh,MSCI中国ETF银华
2026-06-15,1.671,1.687,1.687,1.671,11019.0,512380,sh,MSCI中国ETF银华
2026-06-16,1.692,1.692,1.7,1.692,11905.0,512380,sh,MSCI中国ETF银华
2026-06-17,1.693,1.705,1.706,1.693,4834.0,512380,sh,MSCI中国ETF银华
2026-06-18,1.706,1.716,1.72,1.706,36843.0,512380,sh,MSCI中国ETF银华
2026-06-22,1.716,1.753,1.753,1.702,4050.0,512380,sh,MSCI中国ETF银华
2026-06-23,1.754,1.703,1.754,1.7,8830.0,512380,sh,MSCI中国ETF银华
2026-06-24,1.695,1.72,1.722,1.695,14533.0,512380,sh,MSCI中国ETF银华
2026-06-25,1.768,1.744,1.768,1.72,5995.0,512380,sh,MSCI中国ETF银华
2026-06-26,1.744,1.712,1.9,1.69,93048.0,512380,sh,MSCI中国ETF银华
2026-06-29,1.712,1.714,1.715,1.685,29212.0,512380,sh,MSCI中国ETF银华
2026-06-30,1.731,1.73,1.731,1.708,40266.0,512380,sh,MSCI中国ETF银华
2026-07-01,1.726,1.73,1.75,1.722,40877.0,512380,sh,MSCI中国ETF银华
2026-07-02,1.73,1.677,1.73,1.675,46569.0,512380,sh,MSCI中国ETF银华
2026-07-03,1.678,1.69,1.705,1.678,9996.0,512380,sh,MSCI中国ETF银华
