date,open,close,high,low,volume,code,market,name
2020-01-02,0.822,0.839,0.844,0.822,33375.0,512520,sh,MSCI中国ETF华泰柏瑞
2020-01-03,0.838,0.838,0.846,0.831,44332.0,512520,sh,MSCI中国ETF华泰柏瑞
2020-01-06,0.831,0.838,0.854,0.821,57877.0,512520,sh,MSCI中国ETF华泰柏瑞
2020-01-07,0.833,0.848,0.848,0.833,36295.0,512520,sh,MSCI中国ETF华泰柏瑞
2020-01-08,0.838,0.833,0.844,0.829,52030.0,512520,sh,MSCI中国ETF华泰柏瑞
2020-01-09,0.841,0.846,0.85,0.841,50571.0,512520,sh,MSCI中国ETF华泰柏瑞
2020-01-10,0.845,0.847,0.85,0.842,48242.0,512520,sh,MSCI中国ETF华泰柏瑞
2020-01-13,0.849,0.858,0.859,0.844,43176.0,512520,sh,MSCI中国ETF华泰柏瑞
2020-01-14,0.861,0.854,0.868,0.853,50792.0,512520,sh,MSCI中国ETF华泰柏瑞
2020-01-15,0.856,0.85,0.861,0.847,69360.0,512520,sh,MSCI中国ETF华泰柏瑞
2020-01-16,0.85,0.849,0.857,0.845,38831.0,512520,sh,MSCI中国ETF华泰柏瑞
2020-01-17,0.855,0.849,0.858,0.846,37042.0,512520,sh,MSCI中国ETF华泰柏瑞
2020-01-20,0.849,0.86,0.86,0.848,34150.0,512520,sh,MSCI中国ETF华泰柏瑞
2020-01-21,0.86,0.843,0.86,0.842,57036.0,512520,sh,MSCI中国ETF华泰柏瑞
2020-01-22,0.841,0.848,0.851,0.823,56631.0,512520,sh,MSCI中国ETF华泰柏瑞
2020-01-23,0.835,0.819,0.844,0.81,42922.0,512520,sh,MSCI中国ETF华泰柏瑞
2020-02-03,0.719,0.715,0.753,0.704,91479.0,512520,sh,MSCI中国ETF华泰柏瑞
2020-02-04,0.71,0.753,0.757,0.71,96417.0,512520,sh,MSCI中国ETF华泰柏瑞
2020-02-05,0.754,0.767,0.778,0.754,49515.0,512520,sh,MSCI中国ETF华泰柏瑞
2020-02-06,0.768,0.789,0.794,0.763,42101.0,512520,sh,MSCI中国ETF华泰柏瑞
2020-02-07,0.788,0.793,0.793,0.778,62470.0,512520,sh,MSCI中国ETF华泰柏瑞
2020-02-10,0.792,0.802,0.804,0.783,50649.0,512520,sh,MSCI中国ETF华泰柏瑞
2020-02-11,0.802,0.808,0.812,0.797,60657.0,512520,sh,MSCI中国ETF华泰柏瑞
2020-02-12,0.808,0.82,0.82,0.807,19713.0,512520,sh,MSCI中国ETF华泰柏瑞
2020-02-13,0.82,0.815,0.829,0.812,30046.0,512520,sh,MSCI中国ETF华泰柏瑞
2020-02-14,0.811,0.822,0.827,0.811,26776.0,512520,sh,MSCI中国ETF华泰柏瑞
2020-02-17,0.833,0.845,0.847,0.82,26498.0,512520,sh,MSCI中国ETF华泰柏瑞
2020-02-18,0.836,0.845,0.85,0.836,34163.0,512520,sh,MSCI中国ETF华泰柏瑞
2020-02-19,0.836,0.846,0.853,0.836,59060.0,512520,sh,MSCI中国ETF华泰柏瑞
2020-02-20,0.842,0.866,0.868,0.842,67089.0,512520,sh,MSCI中国ETF华泰柏瑞
2020-02-21,0.857,0.872,0.881,0.857,39076.0,512520,sh,MSCI中国ETF华泰柏瑞
2020-02-24,0.869,0.873,0.878,0.863,35693.0,512520,sh,MSCI中国ETF华泰柏瑞
2020-02-25,0.855,0.875,0.876,0.84,129302.0,512520,sh,MSCI中国ETF华泰柏瑞
2020-02-26,0.87,0.861,0.878,0.854,34499.0,512520,sh,MSCI中国ETF华泰柏瑞
2020-02-27,0.859,0.862,0.869,0.857,12243.0,512520,sh,MSCI中国ETF华泰柏瑞
2020-02-28,0.83,0.822,0.869,0.82,49491.0,512520,sh,MSCI中国ETF华泰柏瑞
2020-03-02,0.837,0.855,0.862,0.827,49628.0,512520,sh,MSCI中国ETF华泰柏瑞
2020-03-03,0.862,0.865,0.882,0.857,43690.0,512520,sh,MSCI中国ETF华泰柏瑞
2020-03-04,0.855,0.87,0.87,0.855,34002.0,512520,sh,MSCI中国ETF华泰柏瑞
2020-03-05,0.876,0.894,0.898,0.871,35801.0,512520,sh,MSCI中国ETF华泰柏瑞
2020-03-06,0.894,0.88,0.894,0.875,23659.0,512520,sh,MSCI中国ETF华泰柏瑞
2020-03-09,0.88,0.841,0.88,0.84,47592.0,512520,sh,MSCI中国ETF华泰柏瑞
2020-03-10,0.84,0.856,0.868,0.82,52013.0,512520,sh,MSCI中国ETF华泰柏瑞
2020-03-11,0.856,0.846,0.863,0.846,14461.0,512520,sh,MSCI中国ETF华泰柏瑞
2020-03-12,0.846,0.825,0.846,0.817,25180.0,512520,sh,MSCI中国ETF华泰柏瑞
2020-03-13,0.775,0.81,0.818,0.775,31818.0,512520,sh,MSCI中国ETF华泰柏瑞
2020-03-16,0.8,0.768,0.81,0.757,57392.0,512520,sh,MSCI中国ETF华泰柏瑞
2020-03-17,0.77,0.754,0.791,0.728,28196.0,512520,sh,MSCI中国ETF华泰柏瑞
2020-03-18,0.76,0.742,0.774,0.733,34445.0,512520,sh,MSCI中国ETF华泰柏瑞
2020-03-19,0.73,0.726,0.742,0.699,45121.0,512520,sh,MSCI中国ETF华泰柏瑞
2020-03-20,0.726,0.744,0.744,0.726,22607.0,512520,sh,MSCI中国ETF华泰柏瑞
2020-03-23,0.739,0.714,0.739,0.708,24328.0,512520,sh,MSCI中国ETF华泰柏瑞
2020-03-24,0.724,0.732,0.734,0.711,28774.0,512520,sh,MSCI中国ETF华泰柏瑞
2020-03-25,0.743,0.758,0.77,0.743,36833.0,512520,sh,MSCI中国ETF华泰柏瑞
2020-03-26,0.758,0.758,0.766,0.748,230945.0,512520,sh,MSCI中国ETF华泰柏瑞
2020-03-27,0.762,0.759,0.773,0.758,304319.0,512520,sh,MSCI中国ETF华泰柏瑞
2020-03-30,0.749,0.743,0.752,0.738,25316.0,512520,sh,MSCI中国ETF华泰柏瑞
2020-03-31,0.753,0.752,0.759,0.749,16129.0,512520,sh,MSCI中国ETF华泰柏瑞
2020-04-01,0.753,0.749,0.763,0.746,14359.0,512520,sh,MSCI中国ETF华泰柏瑞
2020-04-02,0.747,0.762,0.762,0.742,7604.0,512520,sh,MSCI中国ETF华泰柏瑞
2020-04-03,0.759,0.764,0.772,0.759,8727.0,512520,sh,MSCI中国ETF华泰柏瑞
2020-04-07,0.772,0.787,0.788,0.772,14244.0,512520,sh,MSCI中国ETF华泰柏瑞
2020-04-08,0.787,0.785,0.793,0.778,5610.0,512520,sh,MSCI中国ETF华泰柏瑞
2020-04-09,0.785,0.79,0.809,0.785,6829.0,512520,sh,MSCI中国ETF华泰柏瑞
2020-04-10,0.787,0.784,0.796,0.778,12901.0,512520,sh,MSCI中国ETF华泰柏瑞
2020-04-13,0.774,0.771,0.779,0.77,19744.0,512520,sh,MSCI中国ETF华泰柏瑞
2020-04-14,0.781,0.793,0.849,0.775,17478.0,512520,sh,MSCI中国ETF华泰柏瑞
2020-04-15,0.793,0.79,0.8,0.788,8319.0,512520,sh,MSCI中国ETF华泰柏瑞
2020-04-16,0.78,0.791,0.798,0.78,12503.0,512520,sh,MSCI中国ETF华泰柏瑞
2020-04-17,0.801,0.8,0.81,0.799,18724.0,512520,sh,MSCI中国ETF华泰柏瑞
2020-04-20,0.801,0.807,0.808,0.801,7351.0,512520,sh,MSCI中国ETF华泰柏瑞
2020-04-21,0.805,0.798,0.805,0.79,12767.0,512520,sh,MSCI中国ETF华泰柏瑞
2020-04-22,0.788,0.804,0.805,0.788,13159.0,512520,sh,MSCI中国ETF华泰柏瑞
2020-04-23,0.813,0.803,0.813,0.802,6060.0,512520,sh,MSCI中国ETF华泰柏瑞
2020-04-24,0.803,0.794,0.806,0.792,4989.0,512520,sh,MSCI中国ETF华泰柏瑞
2020-04-27,0.801,0.801,0.81,0.795,13774.0,512520,sh,MSCI中国ETF华泰柏瑞
2020-04-28,0.803,0.805,0.81,0.785,18037.0,512520,sh,MSCI中国ETF华泰柏瑞
2020-04-29,0.803,0.812,0.817,0.803,7876.0,512520,sh,MSCI中国ETF华泰柏瑞
2020-04-30,0.817,0.824,0.829,0.817,33659.0,512520,sh,MSCI中国ETF华泰柏瑞
2020-05-06,0.82,0.835,0.835,0.819,23928.0,512520,sh,MSCI中国ETF华泰柏瑞
2020-05-07,0.84,0.837,0.84,0.833,12101.0,512520,sh,MSCI中国ETF华泰柏瑞
2020-05-08,0.837,0.845,0.853,0.837,12790.0,512520,sh,MSCI中国ETF华泰柏瑞
2020-05-11,0.85,0.843,0.855,0.84,11052.0,512520,sh,MSCI中国ETF华泰柏瑞
2020-05-12,0.84,0.845,0.847,0.84,17567.0,512520,sh,MSCI中国ETF华泰柏瑞
2020-05-13,0.842,0.849,0.852,0.842,13565.0,512520,sh,MSCI中国ETF华泰柏瑞
2020-05-14,0.856,0.841,0.856,0.839,17632.0,512520,sh,MSCI中国ETF华泰柏瑞
2020-05-15,0.837,0.836,0.842,0.831,16763.0,512520,sh,MSCI中国ETF华泰柏瑞
2020-05-18,0.837,0.84,0.848,0.836,22994.0,512520,sh,MSCI中国ETF华泰柏瑞
2020-05-19,0.85,0.853,0.855,0.849,17833.0,512520,sh,MSCI中国ETF华泰柏瑞
2020-05-20,0.849,0.846,0.856,0.845,8408.0,512520,sh,MSCI中国ETF华泰柏瑞
2020-05-21,0.849,0.84,0.851,0.84,15707.0,512520,sh,MSCI中国ETF华泰柏瑞
2020-05-22,0.831,0.82,0.839,0.815,20941.0,512520,sh,MSCI中国ETF华泰柏瑞
2020-05-25,0.817,0.819,0.82,0.812,11900.0,512520,sh,MSCI中国ETF华泰柏瑞
2020-05-26,0.822,0.83,0.83,0.822,7153.0,512520,sh,MSCI中国ETF华泰柏瑞
2020-05-27,0.83,0.823,0.831,0.822,9003.0,512520,sh,MSCI中国ETF华泰柏瑞
2020-05-28,0.831,0.824,0.834,0.797,11554.0,512520,sh,MSCI中国ETF华泰柏瑞
2020-05-29,0.814,0.828,0.831,0.814,23115.0,512520,sh,MSCI中国ETF华泰柏瑞
2020-06-01,0.831,0.859,0.862,0.831,22787.0,512520,sh,MSCI中国ETF华泰柏瑞
2020-06-02,0.859,0.862,0.865,0.853,19318.0,512520,sh,MSCI中国ETF华泰柏瑞
2020-06-03,0.868,0.864,0.872,0.863,13760.0,512520,sh,MSCI中国ETF华泰柏瑞
2020-06-04,0.864,0.862,0.868,0.859,11403.0,512520,sh,MSCI中国ETF华泰柏瑞
2020-06-05,0.859,0.867,0.869,0.859,8221.0,512520,sh,MSCI中国ETF华泰柏瑞
2020-06-08,0.868,0.87,0.881,0.868,26704.0,512520,sh,MSCI中国ETF华泰柏瑞
2020-06-09,0.872,0.875,0.88,0.872,15060.0,512520,sh,MSCI中国ETF华泰柏瑞
2020-06-10,0.885,0.881,0.885,0.872,11091.0,512520,sh,MSCI中国ETF华泰柏瑞
2020-06-11,0.88,0.872,0.886,0.87,17595.0,512520,sh,MSCI中国ETF华泰柏瑞
2020-06-12,0.86,0.876,0.877,0.856,11720.0,512520,sh,MSCI中国ETF华泰柏瑞
2020-06-15,0.868,0.869,0.878,0.866,12040.0,512520,sh,MSCI中国ETF华泰柏瑞
2020-06-16,0.87,0.879,0.88,0.87,4689.0,512520,sh,MSCI中国ETF华泰柏瑞
2020-06-17,0.884,0.884,0.886,0.878,4890.0,512520,sh,MSCI中国ETF华泰柏瑞
2020-06-18,0.884,0.894,0.894,0.88,10389.0,512520,sh,MSCI中国ETF华泰柏瑞
2020-06-19,0.895,0.898,0.913,0.895,16032.0,512520,sh,MSCI中国ETF华泰柏瑞
2020-06-22,0.896,0.914,0.932,0.896,13617.0,512520,sh,MSCI中国ETF华泰柏瑞
2020-06-23,0.914,0.923,0.924,0.91,8884.0,512520,sh,MSCI中国ETF华泰柏瑞
2020-06-24,0.93,0.931,0.933,0.925,17563.0,512520,sh,MSCI中国ETF华泰柏瑞
2020-06-29,0.93,0.929,0.93,0.92,89992.0,512520,sh,MSCI中国ETF华泰柏瑞
2020-06-30,0.93,0.946,0.97,0.93,90182.0,512520,sh,MSCI中国ETF华泰柏瑞
2020-07-01,0.946,0.956,0.965,0.944,19189.0,512520,sh,MSCI中国ETF华泰柏瑞
2020-07-02,0.958,0.989,0.993,0.958,21212.0,512520,sh,MSCI中国ETF华泰柏瑞
2020-07-03,1.021,1.01,1.021,0.991,23152.0,512520,sh,MSCI中国ETF华泰柏瑞
2020-07-06,1.029,1.081,1.085,1.029,28327.0,512520,sh,MSCI中国ETF华泰柏瑞
2020-07-07,1.085,1.094,1.125,1.085,40715.0,512520,sh,MSCI中国ETF华泰柏瑞
2020-07-08,1.09,1.116,1.126,1.09,28209.0,512520,sh,MSCI中国ETF华泰柏瑞
2020-07-09,1.122,1.143,1.149,1.116,23876.0,512520,sh,MSCI中国ETF华泰柏瑞
2020-07-10,1.143,1.135,1.149,1.122,27583.0,512520,sh,MSCI中国ETF华泰柏瑞
2020-07-13,1.13,1.166,1.176,1.13,15852.0,512520,sh,MSCI中国ETF华泰柏瑞
2020-07-14,1.17,1.158,1.17,1.132,30345.0,512520,sh,MSCI中国ETF华泰柏瑞
2020-07-15,1.17,1.14,1.17,1.13,19204.0,512520,sh,MSCI中国ETF华泰柏瑞
2020-07-16,1.14,1.1,1.164,1.094,123547.0,512520,sh,MSCI中国ETF华泰柏瑞
2020-07-17,1.09,1.098,1.119,1.08,22969.0,512520,sh,MSCI中国ETF华泰柏瑞
2020-07-20,1.108,1.132,1.138,1.098,22595.0,512520,sh,MSCI中国ETF华泰柏瑞
2020-07-21,1.135,1.144,1.15,1.132,23173.0,512520,sh,MSCI中国ETF华泰柏瑞
2020-07-22,1.14,1.15,1.174,1.14,13618.0,512520,sh,MSCI中国ETF华泰柏瑞
2020-07-23,1.149,1.157,1.162,1.124,31263.0,512520,sh,MSCI中国ETF华泰柏瑞
2020-07-24,1.141,1.09,1.148,1.081,52909.0,512520,sh,MSCI中国ETF华泰柏瑞
2020-07-27,1.088,1.094,1.104,1.08,16326.0,512520,sh,MSCI中国ETF华泰柏瑞
2020-07-28,1.104,1.107,1.166,1.099,9284.0,512520,sh,MSCI中国ETF华泰柏瑞
2020-07-29,1.108,1.14,1.14,1.108,11316.0,512520,sh,MSCI中国ETF华泰柏瑞
2020-07-30,1.15,1.146,1.159,1.134,6695.0,512520,sh,MSCI中国ETF华泰柏瑞
2020-07-31,1.15,1.162,1.168,1.128,20885.0,512520,sh,MSCI中国ETF华泰柏瑞
2020-08-03,1.16,1.174,1.176,1.16,27166.0,512520,sh,MSCI中国ETF华泰柏瑞
2020-08-04,1.174,1.173,1.186,1.17,29605.0,512520,sh,MSCI中国ETF华泰柏瑞
2020-08-05,1.18,1.187,1.19,1.16,51911.0,512520,sh,MSCI中国ETF华泰柏瑞
2020-08-06,1.197,1.177,1.198,1.163,44543.0,512520,sh,MSCI中国ETF华泰柏瑞
2020-08-07,1.168,1.173,1.184,1.146,58488.0,512520,sh,MSCI中国ETF华泰柏瑞
2020-08-10,1.173,1.174,1.182,1.152,5234.0,512520,sh,MSCI中国ETF华泰柏瑞
2020-08-11,1.165,1.153,1.19,1.153,8481.0,512520,sh,MSCI中国ETF华泰柏瑞
2020-08-12,1.158,1.141,1.158,1.121,10538.0,512520,sh,MSCI中国ETF华泰柏瑞
2020-08-13,1.14,1.142,1.15,1.14,6930.0,512520,sh,MSCI中国ETF华泰柏瑞
2020-08-14,1.141,1.166,1.166,1.138,11693.0,512520,sh,MSCI中国ETF华泰柏瑞
2020-08-17,1.17,1.19,1.198,1.17,16512.0,512520,sh,MSCI中国ETF华泰柏瑞
2020-08-18,1.192,1.195,1.201,1.191,9060.0,512520,sh,MSCI中国ETF华泰柏瑞
2020-08-19,1.205,1.18,1.205,1.18,10199.0,512520,sh,MSCI中国ETF华泰柏瑞
2020-08-20,1.142,1.158,1.18,1.142,12450.0,512520,sh,MSCI中国ETF华泰柏瑞
2020-08-21,1.148,1.17,1.178,1.148,35885.0,512520,sh,MSCI中国ETF华泰柏瑞
2020-08-24,1.163,1.183,1.19,1.163,22405.0,512520,sh,MSCI中国ETF华泰柏瑞
2020-08-25,1.19,1.185,1.2,1.179,10060.0,512520,sh,MSCI中国ETF华泰柏瑞
2020-08-26,1.185,1.172,1.194,1.169,10997.0,512520,sh,MSCI中国ETF华泰柏瑞
2020-08-27,1.17,1.177,1.185,1.166,9660.0,512520,sh,MSCI中国ETF华泰柏瑞
2020-08-28,1.187,1.214,1.216,1.185,22538.0,512520,sh,MSCI中国ETF华泰柏瑞
2020-08-31,1.214,1.215,1.236,1.212,35307.0,512520,sh,MSCI中国ETF华泰柏瑞
2020-09-01,1.205,1.223,1.223,1.205,30886.0,512520,sh,MSCI中国ETF华泰柏瑞
2020-09-02,1.22,1.225,1.233,1.208,6239.0,512520,sh,MSCI中国ETF华泰柏瑞
2020-09-03,1.223,1.228,1.234,1.211,10839.0,512520,sh,MSCI中国ETF华泰柏瑞
2020-09-04,1.22,1.196,1.22,1.186,23003.0,512520,sh,MSCI中国ETF华泰柏瑞
2020-09-07,1.2,1.167,1.201,1.163,13521.0,512520,sh,MSCI中国ETF华泰柏瑞
2020-09-08,1.16,1.168,1.17,1.15,11028.0,512520,sh,MSCI中国ETF华泰柏瑞
2020-09-09,1.158,1.139,1.158,1.125,21095.0,512520,sh,MSCI中国ETF华泰柏瑞
2020-09-10,1.159,1.133,1.159,1.13,10000.0,512520,sh,MSCI中国ETF华泰柏瑞
2020-09-11,1.143,1.142,1.143,1.125,8377.0,512520,sh,MSCI中国ETF华泰柏瑞
2020-09-14,1.152,1.15,1.158,1.145,14488.0,512520,sh,MSCI中国ETF华泰柏瑞
2020-09-15,1.145,1.161,1.163,1.145,5978.0,512520,sh,MSCI中国ETF华泰柏瑞
2020-09-16,1.155,1.149,1.163,1.147,7813.0,512520,sh,MSCI中国ETF华泰柏瑞
2020-09-17,1.143,1.149,1.154,1.134,6005.0,512520,sh,MSCI中国ETF华泰柏瑞
2020-09-18,1.159,1.176,1.177,1.133,13420.0,512520,sh,MSCI中国ETF华泰柏瑞
2020-09-21,1.18,1.169,1.185,1.162,12536.0,512520,sh,MSCI中国ETF华泰柏瑞
2020-09-22,1.164,1.148,1.167,1.144,24001.0,512520,sh,MSCI中国ETF华泰柏瑞
2020-09-23,1.15,1.152,1.161,1.146,35602.0,512520,sh,MSCI中国ETF华泰柏瑞
2020-09-24,1.145,1.13,1.15,1.128,12243.0,512520,sh,MSCI中国ETF华泰柏瑞
2020-09-25,1.131,1.132,1.138,1.126,18743.0,512520,sh,MSCI中国ETF华泰柏瑞
2020-09-28,1.132,1.136,1.147,1.13,14213.0,512520,sh,MSCI中国ETF华泰柏瑞
2020-09-29,1.142,1.139,1.143,1.136,9454.0,512520,sh,MSCI中国ETF华泰柏瑞
2020-09-30,1.141,1.136,1.149,1.132,6519.0,512520,sh,MSCI中国ETF华泰柏瑞
2020-10-09,1.141,1.163,1.168,1.141,10754.0,512520,sh,MSCI中国ETF华泰柏瑞
2020-10-12,1.17,1.209,1.209,1.17,35995.0,512520,sh,MSCI中国ETF华泰柏瑞
2020-10-13,1.219,1.215,1.219,1.178,12642.0,512520,sh,MSCI中国ETF华泰柏瑞
2020-10-14,1.21,1.2,1.213,1.2,3394.0,512520,sh,MSCI中国ETF华泰柏瑞
2020-10-15,1.209,1.203,1.215,1.203,3361.0,512520,sh,MSCI中国ETF华泰柏瑞
2020-10-16,1.202,1.196,1.21,1.191,8416.0,512520,sh,MSCI中国ETF华泰柏瑞
2020-10-19,1.205,1.194,1.22,1.185,26898.0,512520,sh,MSCI中国ETF华泰柏瑞
2020-10-20,1.181,1.198,1.2,1.181,1634.0,512520,sh,MSCI中国ETF华泰柏瑞
2020-10-21,1.2,1.199,1.203,1.185,20911.0,512520,sh,MSCI中国ETF华泰柏瑞
2020-10-22,1.198,1.189,1.198,1.18,7692.0,512520,sh,MSCI中国ETF华泰柏瑞
2020-10-23,1.197,1.178,1.197,1.171,2839.0,512520,sh,MSCI中国ETF华泰柏瑞
2020-10-26,1.165,1.17,1.189,1.15,13653.0,512520,sh,MSCI中国ETF华泰柏瑞
2020-10-27,1.16,1.167,1.174,1.158,3388.0,512520,sh,MSCI中国ETF华泰柏瑞
2020-10-28,1.173,1.186,1.189,1.165,3327.0,512520,sh,MSCI中国ETF华泰柏瑞
2020-10-29,1.187,1.199,1.206,1.17,11744.0,512520,sh,MSCI中国ETF华泰柏瑞
2020-10-30,1.198,1.17,1.2,1.17,19965.0,512520,sh,MSCI中国ETF华泰柏瑞
2020-11-02,1.161,1.178,1.185,1.161,4308.0,512520,sh,MSCI中国ETF华泰柏瑞
2020-11-03,1.185,1.194,1.199,1.182,3628.0,512520,sh,MSCI中国ETF华泰柏瑞
2020-11-04,1.197,1.204,1.208,1.195,4305.0,512520,sh,MSCI中国ETF华泰柏瑞
2020-11-05,1.21,1.223,1.223,1.21,7139.0,512520,sh,MSCI中国ETF华泰柏瑞
2020-11-06,1.23,1.221,1.23,1.209,8493.0,512520,sh,MSCI中国ETF华泰柏瑞
2020-11-09,1.221,1.247,1.258,1.221,13322.0,512520,sh,MSCI中国ETF华泰柏瑞
2020-11-10,1.245,1.25,1.257,1.241,31026.0,512520,sh,MSCI中国ETF华泰柏瑞
2020-11-11,1.25,1.235,1.25,1.23,4259.0,512520,sh,MSCI中国ETF华泰柏瑞
2020-11-12,1.228,1.229,1.238,1.222,4454.0,512520,sh,MSCI中国ETF华泰柏瑞
2020-11-13,1.229,1.219,1.229,1.207,7658.0,512520,sh,MSCI中国ETF华泰柏瑞
2020-11-16,1.248,1.234,1.248,1.211,8730.0,512520,sh,MSCI中国ETF华泰柏瑞
2020-11-17,1.226,1.225,1.237,1.212,4939.0,512520,sh,MSCI中国ETF华泰柏瑞
2020-11-18,1.225,1.22,1.228,1.218,1246.0,512520,sh,MSCI中国ETF华泰柏瑞
2020-11-19,1.22,1.234,1.235,1.202,4318.0,512520,sh,MSCI中国ETF华泰柏瑞
2020-11-20,1.234,1.24,1.242,1.23,3925.0,512520,sh,MSCI中国ETF华泰柏瑞
2020-11-23,1.25,1.255,1.263,1.241,7761.0,512520,sh,MSCI中国ETF华泰柏瑞
2020-11-24,1.26,1.254,1.26,1.247,1737.0,512520,sh,MSCI中国ETF华泰柏瑞
2020-11-25,1.244,1.231,1.264,1.221,11005.0,512520,sh,MSCI中国ETF华泰柏瑞
2020-11-26,1.231,1.229,1.251,1.218,4381.0,512520,sh,MSCI中国ETF华泰柏瑞
2020-11-27,1.235,1.25,1.25,1.228,5711.0,512520,sh,MSCI中国ETF华泰柏瑞
2020-11-30,1.25,1.244,1.264,1.24,11603.0,512520,sh,MSCI中国ETF华泰柏瑞
2020-12-01,1.246,1.267,1.271,1.242,15918.0,512520,sh,MSCI中国ETF华泰柏瑞
2020-12-02,1.273,1.271,1.275,1.261,13912.0,512520,sh,MSCI中国ETF华泰柏瑞
2020-12-03,1.279,1.27,1.279,1.262,6172.0,512520,sh,MSCI中国ETF华泰柏瑞
2020-12-04,1.27,1.277,1.279,1.263,6139.0,512520,sh,MSCI中国ETF华泰柏瑞
2020-12-07,1.283,1.271,1.283,1.269,14212.0,512520,sh,MSCI中国ETF华泰柏瑞
2020-12-08,1.268,1.272,1.28,1.266,6143.0,512520,sh,MSCI中国ETF华泰柏瑞
2020-12-09,1.281,1.257,1.281,1.25,5172.0,512520,sh,MSCI中国ETF华泰柏瑞
2020-12-10,1.257,1.255,1.263,1.246,5349.0,512520,sh,MSCI中国ETF华泰柏瑞
2020-12-11,1.255,1.245,1.261,1.232,10217.0,512520,sh,MSCI中国ETF华泰柏瑞
2020-12-14,1.235,1.251,1.252,1.235,10837.0,512520,sh,MSCI中国ETF华泰柏瑞
2020-12-15,1.246,1.257,1.257,1.243,24583.0,512520,sh,MSCI中国ETF华泰柏瑞
2020-12-16,1.261,1.263,1.265,1.256,28083.0,512520,sh,MSCI中国ETF华泰柏瑞
2020-12-17,1.263,1.275,1.284,1.255,37251.0,512520,sh,MSCI中国ETF华泰柏瑞
2020-12-18,1.275,1.27,1.282,1.262,27632.0,512520,sh,MSCI中国ETF华泰柏瑞
2020-12-21,1.27,1.289,1.29,1.27,11556.0,512520,sh,MSCI中国ETF华泰柏瑞
2020-12-22,1.295,1.276,1.295,1.27,22105.0,512520,sh,MSCI中国ETF华泰柏瑞
2020-12-23,1.275,1.278,1.286,1.266,15459.0,512520,sh,MSCI中国ETF华泰柏瑞
2020-12-24,1.278,1.28,1.285,1.27,34047.0,512520,sh,MSCI中国ETF华泰柏瑞
2020-12-25,1.264,1.287,1.291,1.264,5264.0,512520,sh,MSCI中国ETF华泰柏瑞
2020-12-28,1.297,1.292,1.297,1.282,10180.0,512520,sh,MSCI中国ETF华泰柏瑞
2020-12-29,1.288,1.288,1.296,1.282,7559.0,512520,sh,MSCI中国ETF华泰柏瑞
2020-12-30,1.286,1.311,1.311,1.286,15126.0,512520,sh,MSCI中国ETF华泰柏瑞
2020-12-31,1.315,1.34,1.341,1.315,25345.0,512520,sh,MSCI中国ETF华泰柏瑞
2021-01-04,1.332,1.369,1.374,1.331,36038.0,512520,sh,MSCI中国ETF华泰柏瑞
2021-01-05,1.366,1.403,1.406,1.36,37331.0,512520,sh,MSCI中国ETF华泰柏瑞
2021-01-06,1.406,1.406,1.43,1.398,7697.0,512520,sh,MSCI中国ETF华泰柏瑞
2021-01-07,1.413,1.439,1.439,1.413,14845.0,512520,sh,MSCI中国ETF华泰柏瑞
2021-01-08,1.449,1.438,1.457,1.428,12164.0,512520,sh,MSCI中国ETF华泰柏瑞
2021-01-11,1.446,1.428,1.454,1.413,180311.0,512520,sh,MSCI中国ETF华泰柏瑞
2021-01-12,1.437,1.466,1.467,1.411,34441.0,512520,sh,MSCI中国ETF华泰柏瑞
2021-01-13,1.469,1.455,1.477,1.446,16761.0,512520,sh,MSCI中国ETF华泰柏瑞
2021-01-14,1.45,1.418,1.45,1.418,8797.0,512520,sh,MSCI中国ETF华泰柏瑞
2021-01-15,1.419,1.415,1.427,1.39,13081.0,512520,sh,MSCI中国ETF华泰柏瑞
2021-01-18,1.401,1.437,1.438,1.4,7550.0,512520,sh,MSCI中国ETF华泰柏瑞
2021-01-19,1.427,1.406,1.438,1.402,8913.0,512520,sh,MSCI中国ETF华泰柏瑞
2021-01-20,1.41,1.424,1.43,1.408,13717.0,512520,sh,MSCI中国ETF华泰柏瑞
2021-01-21,1.43,1.453,1.464,1.424,17265.0,512520,sh,MSCI中国ETF华泰柏瑞
2021-01-22,1.459,1.457,1.459,1.441,17070.0,512520,sh,MSCI中国ETF华泰柏瑞
2021-01-25,1.466,1.475,1.493,1.457,17737.0,512520,sh,MSCI中国ETF华泰柏瑞
2021-01-26,1.475,1.444,1.477,1.44,10418.0,512520,sh,MSCI中国ETF华泰柏瑞
2021-01-27,1.449,1.447,1.454,1.423,8458.0,512520,sh,MSCI中国ETF华泰柏瑞
2021-01-28,1.442,1.414,1.442,1.4,11686.0,512520,sh,MSCI中国ETF华泰柏瑞
2021-01-29,1.414,1.397,1.424,1.379,19193.0,512520,sh,MSCI中国ETF华泰柏瑞
2021-02-01,1.397,1.414,1.415,1.396,9217.0,512520,sh,MSCI中国ETF华泰柏瑞
2021-02-02,1.42,1.443,1.443,1.408,18129.0,512520,sh,MSCI中国ETF华泰柏瑞
2021-02-03,1.448,1.447,1.46,1.437,16635.0,512520,sh,MSCI中国ETF华泰柏瑞
2021-02-04,1.437,1.447,1.455,1.421,17028.0,512520,sh,MSCI中国ETF华泰柏瑞
2021-02-05,1.457,1.451,1.508,1.4,13959.0,512520,sh,MSCI中国ETF华泰柏瑞
2021-02-08,1.457,1.47,1.479,1.442,18362.0,512520,sh,MSCI中国ETF华泰柏瑞
2021-02-09,1.48,1.525,1.525,1.469,24163.0,512520,sh,MSCI中国ETF华泰柏瑞
2021-02-10,1.52,1.565,1.57,1.52,17069.0,512520,sh,MSCI中国ETF华泰柏瑞
2021-02-18,1.595,1.543,1.615,1.535,23007.0,512520,sh,MSCI中国ETF华泰柏瑞
2021-02-19,1.547,1.535,1.552,1.495,28092.0,512520,sh,MSCI中国ETF华泰柏瑞
2021-02-22,1.535,1.488,1.536,1.476,25777.0,512520,sh,MSCI中国ETF华泰柏瑞
2021-02-23,1.488,1.477,1.488,1.461,10658.0,512520,sh,MSCI中国ETF华泰柏瑞
2021-02-24,1.468,1.427,1.486,1.401,21383.0,512520,sh,MSCI中国ETF华泰柏瑞
2021-02-25,1.427,1.421,1.44,1.414,10010.0,512520,sh,MSCI中国ETF华泰柏瑞
2021-02-26,1.421,1.381,1.421,1.373,15076.0,512520,sh,MSCI中国ETF华泰柏瑞
2021-03-01,1.386,1.409,1.412,1.386,8352.0,512520,sh,MSCI中国ETF华泰柏瑞
2021-03-02,1.41,1.394,1.423,1.38,12464.0,512520,sh,MSCI中国ETF华泰柏瑞
2021-03-03,1.384,1.423,1.423,1.384,5299.0,512520,sh,MSCI中国ETF华泰柏瑞
2021-03-04,1.426,1.365,1.426,1.361,8225.0,512520,sh,MSCI中国ETF华泰柏瑞
2021-03-05,1.356,1.376,1.387,1.333,16709.0,512520,sh,MSCI中国ETF华泰柏瑞
2021-03-08,1.378,1.319,1.385,1.311,16349.0,512520,sh,MSCI中国ETF华泰柏瑞
2021-03-09,1.319,1.279,1.387,1.235,30520.0,512520,sh,MSCI中国ETF华泰柏瑞
2021-03-10,1.29,1.284,1.31,1.274,17490.0,512520,sh,MSCI中国ETF华泰柏瑞
2021-03-11,1.284,1.315,1.323,1.284,12039.0,512520,sh,MSCI中国ETF华泰柏瑞
2021-03-12,1.318,1.322,1.325,1.302,6370.0,512520,sh,MSCI中国ETF华泰柏瑞
2021-03-15,1.34,1.283,1.34,1.27,10568.0,512520,sh,MSCI中国ETF华泰柏瑞
2021-03-16,1.293,1.296,1.3,1.283,2641.0,512520,sh,MSCI中国ETF华泰柏瑞
2021-03-17,1.291,1.308,1.315,1.288,3835.0,512520,sh,MSCI中国ETF华泰柏瑞
2021-03-18,1.308,1.322,1.329,1.308,3195.0,512520,sh,MSCI中国ETF华泰柏瑞
2021-03-19,1.32,1.283,1.32,1.277,7000.0,512520,sh,MSCI中国ETF华泰柏瑞
2021-03-22,1.289,1.302,1.305,1.282,4246.0,512520,sh,MSCI中国ETF华泰柏瑞
2021-03-23,1.3,1.282,1.3,1.27,4718.0,512520,sh,MSCI中国ETF华泰柏瑞
2021-03-24,1.284,1.262,1.29,1.26,3539.0,512520,sh,MSCI中国ETF华泰柏瑞
2021-03-25,1.255,1.265,1.268,1.242,3902.0,512520,sh,MSCI中国ETF华泰柏瑞
2021-03-26,1.265,1.299,1.299,1.265,4018.0,512520,sh,MSCI中国ETF华泰柏瑞
2021-03-29,1.298,1.301,1.311,1.291,3697.0,512520,sh,MSCI中国ETF华泰柏瑞
2021-03-30,1.294,1.31,1.319,1.294,8170.0,512520,sh,MSCI中国ETF华泰柏瑞
2021-03-31,1.299,1.294,1.316,1.29,6710.0,512520,sh,MSCI中国ETF华泰柏瑞
2021-04-01,1.295,1.32,1.324,1.295,7073.0,512520,sh,MSCI中国ETF华泰柏瑞
2021-04-02,1.321,1.341,1.343,1.321,6853.0,512520,sh,MSCI中国ETF华泰柏瑞
2021-04-06,1.343,1.333,1.343,1.327,3126.0,512520,sh,MSCI中国ETF华泰柏瑞
2021-04-07,1.326,1.318,1.328,1.306,5439.0,512520,sh,MSCI中国ETF华泰柏瑞
2021-04-08,1.308,1.323,1.33,1.308,6175.0,512520,sh,MSCI中国ETF华泰柏瑞
2021-04-09,1.315,1.305,1.316,1.298,2495.0,512520,sh,MSCI中国ETF华泰柏瑞
2021-04-12,1.298,1.283,1.307,1.274,2969.0,512520,sh,MSCI中国ETF华泰柏瑞
2021-04-13,1.282,1.28,1.294,1.273,1469.0,512520,sh,MSCI中国ETF华泰柏瑞
2021-04-14,1.28,1.29,1.293,1.28,2075.0,512520,sh,MSCI中国ETF华泰柏瑞
2021-04-15,1.284,1.286,1.286,1.27,2608.0,512520,sh,MSCI中国ETF华泰柏瑞
2021-04-16,1.285,1.29,1.293,1.275,1939.0,512520,sh,MSCI中国ETF华泰柏瑞
2021-04-19,1.29,1.326,1.327,1.289,7263.0,512520,sh,MSCI中国ETF华泰柏瑞
2021-04-20,1.319,1.326,1.339,1.319,10708.0,512520,sh,MSCI中国ETF华泰柏瑞
2021-04-21,1.316,1.326,1.336,1.316,2111.0,512520,sh,MSCI中国ETF华泰柏瑞
2021-04-22,1.328,1.329,1.336,1.323,3771.0,512520,sh,MSCI中国ETF华泰柏瑞
2021-04-23,1.329,1.351,1.353,1.329,9587.0,512520,sh,MSCI中国ETF华泰柏瑞
2021-04-26,1.34,1.336,1.365,1.327,6492.0,512520,sh,MSCI中国ETF华泰柏瑞
2021-04-27,1.322,1.341,1.344,1.322,2825.0,512520,sh,MSCI中国ETF华泰柏瑞
2021-04-28,1.339,1.35,1.35,1.33,5544.0,512520,sh,MSCI中国ETF华泰柏瑞
2021-04-29,1.358,1.36,1.367,1.346,5293.0,512520,sh,MSCI中国ETF华泰柏瑞
2021-04-30,1.37,1.357,1.37,1.345,8723.0,512520,sh,MSCI中国ETF华泰柏瑞
2021-05-06,1.367,1.338,1.367,1.326,3003.0,512520,sh,MSCI中国ETF华泰柏瑞
2021-05-07,1.346,1.311,1.346,1.308,2135.0,512520,sh,MSCI中国ETF华泰柏瑞
2021-05-10,1.311,1.304,1.32,1.3,6005.0,512520,sh,MSCI中国ETF华泰柏瑞
2021-05-11,1.3,1.317,1.32,1.29,4355.0,512520,sh,MSCI中国ETF华泰柏瑞
2021-05-12,1.311,1.326,1.328,1.311,3075.0,512520,sh,MSCI中国ETF华泰柏瑞
2021-05-13,1.328,1.309,1.328,1.304,3673.0,512520,sh,MSCI中国ETF华泰柏瑞
2021-05-14,1.312,1.344,1.348,1.312,4537.0,512520,sh,MSCI中国ETF华泰柏瑞
2021-05-17,1.353,1.373,1.38,1.353,5357.0,512520,sh,MSCI中国ETF华泰柏瑞
2021-05-18,1.389,1.381,1.389,1.366,20849.0,512520,sh,MSCI中国ETF华泰柏瑞
2021-05-19,1.373,1.375,1.384,1.37,5801.0,512520,sh,MSCI中国ETF华泰柏瑞
2021-05-20,1.375,1.378,1.384,1.366,16059.0,512520,sh,MSCI中国ETF华泰柏瑞
2021-05-21,1.388,1.366,1.388,1.366,1712.0,512520,sh,MSCI中国ETF华泰柏瑞
2021-05-24,1.366,1.368,1.376,1.356,6926.0,512520,sh,MSCI中国ETF华泰柏瑞
2021-05-25,1.375,1.419,1.421,1.375,11312.0,512520,sh,MSCI中国ETF华泰柏瑞
2021-05-26,1.409,1.426,1.433,1.407,15156.0,512520,sh,MSCI中国ETF华泰柏瑞
2021-05-27,1.425,1.434,1.449,1.419,18794.0,512520,sh,MSCI中国ETF华泰柏瑞
2021-05-28,1.433,1.436,1.445,1.426,9067.0,512520,sh,MSCI中国ETF华泰柏瑞
2021-05-31,1.434,1.441,1.442,1.423,2860.0,512520,sh,MSCI中国ETF华泰柏瑞
2021-06-01,1.464,1.442,1.464,1.418,4805.0,512520,sh,MSCI中国ETF华泰柏瑞
2021-06-02,1.445,1.429,1.446,1.424,2405.0,512520,sh,MSCI中国ETF华泰柏瑞
2021-06-03,1.42,1.425,1.443,1.42,3825.0,512520,sh,MSCI中国ETF华泰柏瑞
2021-06-04,1.416,1.432,1.447,1.415,1540.0,512520,sh,MSCI中国ETF华泰柏瑞
2021-06-07,1.431,1.433,1.435,1.423,1280.0,512520,sh,MSCI中国ETF华泰柏瑞
2021-06-08,1.433,1.419,1.453,1.41,1847.0,512520,sh,MSCI中国ETF华泰柏瑞
2021-06-09,1.42,1.422,1.427,1.416,3770.0,512520,sh,MSCI中国ETF华泰柏瑞
2021-06-10,1.435,1.45,1.452,1.435,14806.0,512520,sh,MSCI中国ETF华泰柏瑞
2021-06-11,1.47,1.435,1.471,1.426,4458.0,512520,sh,MSCI中国ETF华泰柏瑞
2021-06-15,1.455,1.408,1.455,1.398,6572.0,512520,sh,MSCI中国ETF华泰柏瑞
2021-06-16,1.398,1.383,1.435,1.378,6080.0,512520,sh,MSCI中国ETF华泰柏瑞
2021-06-17,1.369,1.39,1.394,1.369,3359.0,512520,sh,MSCI中国ETF华泰柏瑞
2021-06-18,1.398,1.41,1.41,1.383,3309.0,512520,sh,MSCI中国ETF华泰柏瑞
2021-06-21,1.45,1.405,1.45,1.323,3898.0,512520,sh,MSCI中国ETF华泰柏瑞
2021-06-22,1.4,1.408,1.41,1.395,3300.0,512520,sh,MSCI中国ETF华泰柏瑞
2021-06-23,1.401,1.421,1.426,1.401,2126.0,512520,sh,MSCI中国ETF华泰柏瑞
2021-06-24,1.406,1.42,1.425,1.405,3677.0,512520,sh,MSCI中国ETF华泰柏瑞
2021-06-25,1.42,1.446,1.452,1.42,8394.0,512520,sh,MSCI中国ETF华泰柏瑞
2021-06-28,1.458,1.455,1.458,1.445,3062.0,512520,sh,MSCI中国ETF华泰柏瑞
2021-06-29,1.455,1.44,1.457,1.435,3919.0,512520,sh,MSCI中国ETF华泰柏瑞
2021-06-30,1.442,1.447,1.457,1.438,7513.0,512520,sh,MSCI中国ETF华泰柏瑞
2021-07-01,1.45,1.449,1.46,1.442,11454.0,512520,sh,MSCI中国ETF华泰柏瑞
2021-07-02,1.445,1.407,1.45,1.36,9575.0,512520,sh,MSCI中国ETF华泰柏瑞
2021-07-05,1.407,1.405,1.416,1.392,38940.0,512520,sh,MSCI中国ETF华泰柏瑞
2021-07-06,1.406,1.406,1.418,1.391,22291.0,512520,sh,MSCI中国ETF华泰柏瑞
2021-07-07,1.406,1.423,1.428,1.396,4760.0,512520,sh,MSCI中国ETF华泰柏瑞
2021-07-08,1.426,1.41,1.427,1.409,10183.0,512520,sh,MSCI中国ETF华泰柏瑞
2021-07-09,1.408,1.416,1.419,1.393,10513.0,512520,sh,MSCI中国ETF华泰柏瑞
2021-07-12,1.413,1.428,1.443,1.411,11394.0,512520,sh,MSCI中国ETF华泰柏瑞
2021-07-13,1.437,1.436,1.446,1.422,7829.0,512520,sh,MSCI中国ETF华泰柏瑞
2021-07-14,1.437,1.424,1.438,1.424,7355.0,512520,sh,MSCI中国ETF华泰柏瑞
2021-07-15,1.43,1.448,1.45,1.424,1935.0,512520,sh,MSCI中国ETF华泰柏瑞
2021-07-16,1.468,1.43,1.468,1.426,2888.0,512520,sh,MSCI中国ETF华泰柏瑞
2021-07-19,1.422,1.435,1.435,1.42,934.0,512520,sh,MSCI中国ETF华泰柏瑞
2021-07-20,1.43,1.429,1.44,1.423,1955.0,512520,sh,MSCI中国ETF华泰柏瑞
2021-07-21,1.451,1.448,1.451,1.438,2396.0,512520,sh,MSCI中国ETF华泰柏瑞
2021-07-22,1.451,1.449,1.46,1.444,1531.0,512520,sh,MSCI中国ETF华泰柏瑞
2021-07-23,1.45,1.441,1.45,1.428,1400.0,512520,sh,MSCI中国ETF华泰柏瑞
2021-07-26,1.44,1.38,1.44,1.36,17594.0,512520,sh,MSCI中国ETF华泰柏瑞
2021-07-27,1.37,1.324,1.388,1.324,5729.0,512520,sh,MSCI中国ETF华泰柏瑞
2021-07-28,1.301,1.334,1.336,1.294,6837.0,512520,sh,MSCI中国ETF华泰柏瑞
2021-07-29,1.354,1.358,1.36,1.346,2426.0,512520,sh,MSCI中国ETF华泰柏瑞
2021-07-30,1.348,1.346,1.356,1.331,5089.0,512520,sh,MSCI中国ETF华泰柏瑞
2021-08-02,1.345,1.389,1.389,1.327,3761.0,512520,sh,MSCI中国ETF华泰柏瑞
2021-08-03,1.389,1.388,1.392,1.373,2140.0,512520,sh,MSCI中国ETF华泰柏瑞
2021-08-04,1.388,1.398,1.399,1.388,1289.0,512520,sh,MSCI中国ETF华泰柏瑞
2021-08-05,1.399,1.391,1.405,1.382,12690.0,512520,sh,MSCI中国ETF华泰柏瑞
2021-08-06,1.384,1.386,1.393,1.379,1129.0,512520,sh,MSCI中国ETF华泰柏瑞
2021-08-09,1.386,1.403,1.411,1.38,21087.0,512520,sh,MSCI中国ETF华泰柏瑞
2021-08-10,1.405,1.427,1.427,1.372,7932.0,512520,sh,MSCI中国ETF华泰柏瑞
2021-08-11,1.449,1.42,1.45,1.419,2008.0,512520,sh,MSCI中国ETF华泰柏瑞
2021-08-12,1.42,1.408,1.423,1.408,3787.0,512520,sh,MSCI中国ETF华泰柏瑞
2021-08-13,1.417,1.412,1.425,1.4,973.0,512520,sh,MSCI中国ETF华泰柏瑞
2021-08-16,1.412,1.407,1.412,1.401,1604.0,512520,sh,MSCI中国ETF华泰柏瑞
2021-08-17,1.398,1.361,1.41,1.353,3628.0,512520,sh,MSCI中国ETF华泰柏瑞
2021-08-18,1.349,1.376,1.381,1.349,2003.0,512520,sh,MSCI中国ETF华泰柏瑞
2021-08-19,1.377,1.37,1.379,1.359,1764.0,512520,sh,MSCI中国ETF华泰柏瑞
2021-08-20,1.37,1.344,1.37,1.322,16331.0,512520,sh,MSCI中国ETF华泰柏瑞
2021-08-23,1.342,1.363,1.363,1.339,7932.0,512520,sh,MSCI中国ETF华泰柏瑞
2021-08-24,1.363,1.387,1.39,1.362,17824.0,512520,sh,MSCI中国ETF华泰柏瑞
2021-08-25,1.4,1.392,1.4,1.382,6230.0,512520,sh,MSCI中国ETF华泰柏瑞
2021-08-26,1.392,1.367,1.392,1.365,6212.0,512520,sh,MSCI中国ETF华泰柏瑞
2021-08-27,1.378,1.372,1.39,1.369,4224.0,512520,sh,MSCI中国ETF华泰柏瑞
2021-08-30,1.373,1.366,1.376,1.358,26452.0,512520,sh,MSCI中国ETF华泰柏瑞
2021-08-31,1.371,1.37,1.38,1.35,14737.0,512520,sh,MSCI中国ETF华泰柏瑞
2021-09-01,1.374,1.379,1.399,1.36,15328.0,512520,sh,MSCI中国ETF华泰柏瑞
2021-09-02,1.378,1.383,1.393,1.378,1250.0,512520,sh,MSCI中国ETF华泰柏瑞
2021-09-03,1.38,1.387,1.39,1.376,5042.0,512520,sh,MSCI中国ETF华泰柏瑞
2021-09-06,1.382,1.404,1.41,1.382,5674.0,512520,sh,MSCI中国ETF华泰柏瑞
2021-09-07,1.404,1.425,1.428,1.402,9704.0,512520,sh,MSCI中国ETF华泰柏瑞
2021-09-08,1.41,1.419,1.435,1.41,3515.0,512520,sh,MSCI中国ETF华泰柏瑞
2021-09-09,1.414,1.44,1.442,1.409,35091.0,512520,sh,MSCI中国ETF华泰柏瑞
2021-09-10,1.423,1.438,1.45,1.423,6348.0,512520,sh,MSCI中国ETF华泰柏瑞
2021-09-13,1.43,1.435,1.449,1.428,2200.0,512520,sh,MSCI中国ETF华泰柏瑞
2021-09-14,1.431,1.419,1.441,1.419,3503.0,512520,sh,MSCI中国ETF华泰柏瑞
2021-09-15,1.419,1.398,1.419,1.397,2834.0,512520,sh,MSCI中国ETF华泰柏瑞
2021-09-16,1.405,1.377,1.405,1.377,5615.0,512520,sh,MSCI中国ETF华泰柏瑞
2021-09-17,1.382,1.388,1.392,1.377,5907.0,512520,sh,MSCI中国ETF华泰柏瑞
2021-09-22,1.373,1.388,1.395,1.371,4647.0,512520,sh,MSCI中国ETF华泰柏瑞
2021-09-23,1.403,1.393,1.403,1.39,1411.0,512520,sh,MSCI中国ETF华泰柏瑞
2021-09-24,1.405,1.389,1.408,1.389,1557.0,512520,sh,MSCI中国ETF华泰柏瑞
2021-09-27,1.389,1.398,1.415,1.389,2756.0,512520,sh,MSCI中国ETF华泰柏瑞
2021-09-28,1.393,1.394,1.41,1.393,12797.0,512520,sh,MSCI中国ETF华泰柏瑞
2021-09-29,1.394,1.395,1.399,1.371,25286.0,512520,sh,MSCI中国ETF华泰柏瑞
2021-09-30,1.38,1.397,1.402,1.38,1440.0,512520,sh,MSCI中国ETF华泰柏瑞
2021-10-08,1.398,1.419,1.419,1.398,3210.0,512520,sh,MSCI中国ETF华泰柏瑞
2021-10-11,1.43,1.407,1.43,1.406,9337.0,512520,sh,MSCI中国ETF华泰柏瑞
2021-10-12,1.409,1.385,1.409,1.377,4235.0,512520,sh,MSCI中国ETF华泰柏瑞
2021-10-13,1.399,1.409,1.413,1.384,5930.0,512520,sh,MSCI中国ETF华泰柏瑞
2021-10-14,1.418,1.41,1.419,1.405,477.0,512520,sh,MSCI中国ETF华泰柏瑞
2021-10-15,1.41,1.41,1.414,1.405,3656.0,512520,sh,MSCI中国ETF华泰柏瑞
2021-10-18,1.415,1.4,1.415,1.389,10068.0,512520,sh,MSCI中国ETF华泰柏瑞
2021-10-19,1.42,1.416,1.42,1.402,2474.0,512520,sh,MSCI中国ETF华泰柏瑞
2021-10-20,1.421,1.413,1.421,1.406,2437.0,512520,sh,MSCI中国ETF华泰柏瑞
2021-10-21,1.407,1.409,1.428,1.407,3009.0,512520,sh,MSCI中国ETF华泰柏瑞
2021-10-22,1.416,1.419,1.43,1.413,27741.0,512520,sh,MSCI中国ETF华泰柏瑞
2021-10-25,1.427,1.436,1.436,1.408,10242.0,512520,sh,MSCI中国ETF华泰柏瑞
2021-10-26,1.439,1.435,1.447,1.425,26946.0,512520,sh,MSCI中国ETF华泰柏瑞
2021-10-27,1.435,1.413,1.435,1.413,11789.0,512520,sh,MSCI中国ETF华泰柏瑞
2021-10-28,1.421,1.401,1.421,1.401,1643.0,512520,sh,MSCI中国ETF华泰柏瑞
2021-10-29,1.405,1.42,1.42,1.404,23534.0,512520,sh,MSCI中国ETF华泰柏瑞
2021-11-01,1.42,1.414,1.427,1.41,1915.0,512520,sh,MSCI中国ETF华泰柏瑞
2021-11-02,1.415,1.405,1.419,1.39,3337.0,512520,sh,MSCI中国ETF华泰柏瑞
2021-11-03,1.394,1.396,1.407,1.394,9808.0,512520,sh,MSCI中国ETF华泰柏瑞
2021-11-04,1.397,1.413,1.42,1.397,17917.0,512520,sh,MSCI中国ETF华泰柏瑞
2021-11-05,1.413,1.409,1.42,1.409,8855.0,512520,sh,MSCI中国ETF华泰柏瑞
2021-11-08,1.408,1.402,1.408,1.398,765.0,512520,sh,MSCI中国ETF华泰柏瑞
2021-11-09,1.402,1.405,1.41,1.394,7769.0,512520,sh,MSCI中国ETF华泰柏瑞
2021-11-10,1.405,1.395,1.405,1.379,3372.0,512520,sh,MSCI中国ETF华泰柏瑞
2021-11-11,1.395,1.413,1.414,1.395,16805.0,512520,sh,MSCI中国ETF华泰柏瑞
2021-11-12,1.416,1.412,1.416,1.41,1832.0,512520,sh,MSCI中国ETF华泰柏瑞
2021-11-15,1.41,1.41,1.416,1.41,491.0,512520,sh,MSCI中国ETF华泰柏瑞
2021-11-16,1.408,1.418,1.426,1.408,39988.0,512520,sh,MSCI中国ETF华泰柏瑞
2021-11-17,1.418,1.42,1.42,1.413,1397.0,512520,sh,MSCI中国ETF华泰柏瑞
2021-11-18,1.408,1.402,1.408,1.402,1634.0,512520,sh,MSCI中国ETF华泰柏瑞
2021-11-19,1.402,1.422,1.422,1.396,3461.0,512520,sh,MSCI中国ETF华泰柏瑞
2021-11-22,1.421,1.436,1.437,1.421,7101.0,512520,sh,MSCI中国ETF华泰柏瑞
2021-11-23,1.44,1.435,1.442,1.435,1950.0,512520,sh,MSCI中国ETF华泰柏瑞
2021-11-24,1.435,1.437,1.446,1.432,4716.0,512520,sh,MSCI中国ETF华泰柏瑞
2021-11-25,1.437,1.434,1.437,1.429,675.0,512520,sh,MSCI中国ETF华泰柏瑞
2021-11-26,1.434,1.422,1.435,1.419,1150.0,512520,sh,MSCI中国ETF华泰柏瑞
2021-11-29,1.422,1.417,1.422,1.414,453.0,512520,sh,MSCI中国ETF华泰柏瑞
2021-11-30,1.417,1.42,1.43,1.417,1098.0,512520,sh,MSCI中国ETF华泰柏瑞
2021-12-01,1.417,1.42,1.421,1.416,1329.0,512520,sh,MSCI中国ETF华泰柏瑞
2021-12-02,1.42,1.425,1.426,1.418,765.0,512520,sh,MSCI中国ETF华泰柏瑞
2021-12-03,1.425,1.433,1.434,1.425,495.0,512520,sh,MSCI中国ETF华泰柏瑞
2021-12-06,1.433,1.43,1.448,1.43,5239.0,512520,sh,MSCI中国ETF华泰柏瑞
2021-12-07,1.439,1.428,1.441,1.425,1382.0,512520,sh,MSCI中国ETF华泰柏瑞
2021-12-08,1.434,1.456,1.456,1.434,4666.0,512520,sh,MSCI中国ETF华泰柏瑞
2021-12-09,1.456,1.476,1.485,1.456,5041.0,512520,sh,MSCI中国ETF华泰柏瑞
2021-12-10,1.476,1.468,1.476,1.468,3140.0,512520,sh,MSCI中国ETF华泰柏瑞
2021-12-13,1.476,1.478,1.502,1.475,6336.0,512520,sh,MSCI中国ETF华泰柏瑞
2021-12-14,1.479,1.471,1.479,1.465,2270.0,512520,sh,MSCI中国ETF华泰柏瑞
2021-12-15,1.469,1.456,1.473,1.452,1552.0,512520,sh,MSCI中国ETF华泰柏瑞
2021-12-16,1.457,1.465,1.47,1.454,1308.0,512520,sh,MSCI中国ETF华泰柏瑞
2021-12-17,1.461,1.447,1.463,1.445,3025.0,512520,sh,MSCI中国ETF华泰柏瑞
2021-12-20,1.424,1.422,1.452,1.421,3875.0,512520,sh,MSCI中国ETF华泰柏瑞
2021-12-21,1.417,1.423,1.429,1.398,497.0,512520,sh,MSCI中国ETF华泰柏瑞
2021-12-22,1.425,1.438,1.44,1.425,3071.0,512520,sh,MSCI中国ETF华泰柏瑞
2021-12-23,1.442,1.448,1.45,1.436,1050.0,512520,sh,MSCI中国ETF华泰柏瑞
2021-12-24,1.449,1.439,1.455,1.438,1384.0,512520,sh,MSCI中国ETF华泰柏瑞
2021-12-27,1.438,1.437,1.444,1.431,3813.0,512520,sh,MSCI中国ETF华泰柏瑞
2021-12-28,1.438,1.446,1.45,1.435,3259.0,512520,sh,MSCI中国ETF华泰柏瑞
2021-12-29,1.449,1.427,1.449,1.426,4498.0,512520,sh,MSCI中国ETF华泰柏瑞
2021-12-30,1.427,1.442,1.446,1.427,2968.0,512520,sh,MSCI中国ETF华泰柏瑞
2021-12-31,1.442,1.444,1.45,1.438,501.0,512520,sh,MSCI中国ETF华泰柏瑞
2022-01-04,1.447,1.433,1.47,1.355,1430.0,512520,sh,MSCI中国ETF华泰柏瑞
2022-01-05,1.438,1.415,1.438,1.405,2036.0,512520,sh,MSCI中国ETF华泰柏瑞
2022-01-06,1.415,1.397,1.415,1.389,1721.0,512520,sh,MSCI中国ETF华泰柏瑞
2022-01-07,1.398,1.394,1.411,1.392,1211.0,512520,sh,MSCI中国ETF华泰柏瑞
2022-01-10,1.396,1.402,1.402,1.384,685.0,512520,sh,MSCI中国ETF华泰柏瑞
2022-01-11,1.402,1.384,1.402,1.383,3425.0,512520,sh,MSCI中国ETF华泰柏瑞
2022-01-12,1.384,1.404,1.408,1.384,1203.0,512520,sh,MSCI中国ETF华泰柏瑞
2022-01-13,1.401,1.38,1.401,1.379,2640.0,512520,sh,MSCI中国ETF华泰柏瑞
2022-01-14,1.379,1.368,1.379,1.367,839.0,512520,sh,MSCI中国ETF华泰柏瑞
2022-01-17,1.368,1.384,1.384,1.368,373.0,512520,sh,MSCI中国ETF华泰柏瑞
2022-01-18,1.384,1.397,1.398,1.384,1380.0,512520,sh,MSCI中国ETF华泰柏瑞
2022-01-19,1.39,1.382,1.394,1.378,3627.0,512520,sh,MSCI中国ETF华泰柏瑞
2022-01-20,1.396,1.391,1.401,1.388,6021.0,512520,sh,MSCI中国ETF华泰柏瑞
2022-01-21,1.39,1.375,1.39,1.373,2182.0,512520,sh,MSCI中国ETF华泰柏瑞
2022-01-24,1.374,1.38,1.382,1.37,7048.0,512520,sh,MSCI中国ETF华泰柏瑞
2022-01-25,1.375,1.341,1.375,1.34,6224.0,512520,sh,MSCI中国ETF华泰柏瑞
2022-01-26,1.329,1.349,1.375,1.329,2921.0,512520,sh,MSCI中国ETF华泰柏瑞
2022-01-27,1.35,1.319,1.35,1.319,3416.0,512520,sh,MSCI中国ETF华泰柏瑞
2022-01-28,1.358,1.298,1.358,1.298,3014.0,512520,sh,MSCI中国ETF华泰柏瑞
2022-02-07,1.3,1.32,1.329,1.3,3112.0,512520,sh,MSCI中国ETF华泰柏瑞
2022-02-08,1.313,1.312,1.313,1.283,3033.0,512520,sh,MSCI中国ETF华泰柏瑞
2022-02-09,1.315,1.331,1.333,1.309,2176.0,512520,sh,MSCI中国ETF华泰柏瑞
2022-02-10,1.331,1.328,1.334,1.32,1323.0,512520,sh,MSCI中国ETF华泰柏瑞
2022-02-11,1.321,1.314,1.337,1.313,2038.0,512520,sh,MSCI中国ETF华泰柏瑞
2022-02-14,1.314,1.295,1.314,1.294,3256.0,512520,sh,MSCI中国ETF华泰柏瑞
2022-02-15,1.301,1.317,1.317,1.301,2120.0,512520,sh,MSCI中国ETF华泰柏瑞
2022-02-16,1.32,1.321,1.333,1.32,1764.0,512520,sh,MSCI中国ETF华泰柏瑞
2022-02-17,1.321,1.325,1.336,1.321,5010.0,512520,sh,MSCI中国ETF华泰柏瑞
2022-02-18,1.326,1.334,1.334,1.326,1520.0,512520,sh,MSCI中国ETF华泰柏瑞
2022-02-21,1.34,1.327,1.34,1.324,1953.0,512520,sh,MSCI中国ETF华泰柏瑞
2022-02-22,1.315,1.312,1.315,1.305,5097.0,512520,sh,MSCI中国ETF华泰柏瑞
2022-02-23,1.313,1.336,1.337,1.313,4476.0,512520,sh,MSCI中国ETF华泰柏瑞
2022-02-24,1.336,1.336,1.348,1.3,3035.0,512520,sh,MSCI中国ETF华泰柏瑞
2022-02-25,1.335,1.327,1.335,1.319,1111.0,512520,sh,MSCI中国ETF华泰柏瑞
2022-02-28,1.313,1.322,1.322,1.304,1634.0,512520,sh,MSCI中国ETF华泰柏瑞
2022-03-01,1.322,1.337,1.339,1.322,657.0,512520,sh,MSCI中国ETF华泰柏瑞
2022-03-02,1.336,1.323,1.336,1.32,620.0,512520,sh,MSCI中国ETF华泰柏瑞
2022-03-03,1.324,1.317,1.324,1.311,630.0,512520,sh,MSCI中国ETF华泰柏瑞
2022-03-04,1.283,1.296,1.304,1.283,1752.0,512520,sh,MSCI中国ETF华泰柏瑞
2022-03-07,1.295,1.246,1.295,1.245,6600.0,512520,sh,MSCI中国ETF华泰柏瑞
2022-03-08,1.209,1.211,1.255,1.209,12840.0,512520,sh,MSCI中国ETF华泰柏瑞
2022-03-09,1.211,1.22,1.227,1.168,14033.0,512520,sh,MSCI中国ETF华泰柏瑞
2022-03-10,1.221,1.219,1.237,1.216,5305.0,512520,sh,MSCI中国ETF华泰柏瑞
2022-03-11,1.126,1.227,1.231,1.12,3853.0,512520,sh,MSCI中国ETF华泰柏瑞
2022-03-14,1.23,1.19,1.23,1.182,5817.0,512520,sh,MSCI中国ETF华泰柏瑞
2022-03-15,1.189,1.123,1.19,1.123,16090.0,512520,sh,MSCI中国ETF华泰柏瑞
2022-03-16,1.123,1.157,1.169,1.095,14938.0,512520,sh,MSCI中国ETF华泰柏瑞
2022-03-17,1.158,1.19,1.213,1.158,4421.0,512520,sh,MSCI中国ETF华泰柏瑞
2022-03-18,1.19,1.201,1.212,1.185,1686.0,512520,sh,MSCI中国ETF华泰柏瑞
2022-03-21,1.201,1.209,1.215,1.2,3111.0,512520,sh,MSCI中国ETF华泰柏瑞
2022-03-22,1.205,1.21,1.213,1.205,5069.0,512520,sh,MSCI中国ETF华泰柏瑞
2022-03-23,1.21,1.209,1.215,1.204,3479.0,512520,sh,MSCI中国ETF华泰柏瑞
2022-03-24,1.209,1.208,1.211,1.197,2163.0,512520,sh,MSCI中国ETF华泰柏瑞
2022-03-25,1.208,1.185,1.209,1.178,446122.0,512520,sh,MSCI中国ETF华泰柏瑞
2022-03-28,1.178,1.167,1.178,1.155,22380.0,512520,sh,MSCI中国ETF华泰柏瑞
2022-03-29,1.168,1.171,1.18,1.168,5319.0,512520,sh,MSCI中国ETF华泰柏瑞
2022-03-30,1.172,1.197,1.198,1.172,22007.0,512520,sh,MSCI中国ETF华泰柏瑞
2022-03-31,1.196,1.197,1.198,1.192,3010.0,512520,sh,MSCI中国ETF华泰柏瑞
2022-04-01,1.196,1.209,1.21,1.189,9589.0,512520,sh,MSCI中国ETF华泰柏瑞
2022-04-06,1.208,1.2,1.208,1.195,2399.0,512520,sh,MSCI中国ETF华泰柏瑞
2022-04-07,1.199,1.187,1.2,1.187,1133.0,512520,sh,MSCI中国ETF华泰柏瑞
2022-04-08,1.185,1.19,1.192,1.177,6268.0,512520,sh,MSCI中国ETF华泰柏瑞
2022-04-11,1.189,1.159,1.189,1.154,11016.0,512520,sh,MSCI中国ETF华泰柏瑞
2022-04-12,1.158,1.173,1.189,1.148,5584.0,512520,sh,MSCI中国ETF华泰柏瑞
2022-04-13,1.172,1.164,1.178,1.164,3742.0,512520,sh,MSCI中国ETF华泰柏瑞
2022-04-14,1.164,1.181,1.186,1.164,5452.0,512520,sh,MSCI中国ETF华泰柏瑞
2022-04-15,1.18,1.179,1.186,1.17,1443.0,512520,sh,MSCI中国ETF华泰柏瑞
2022-04-18,1.179,1.17,1.179,1.165,5129.0,512520,sh,MSCI中国ETF华泰柏瑞
2022-04-19,1.17,1.166,1.17,1.162,2152.0,512520,sh,MSCI中国ETF华泰柏瑞
2022-04-20,1.161,1.151,1.164,1.141,74573.0,512520,sh,MSCI中国ETF华泰柏瑞
2022-04-21,1.15,1.12,1.15,1.119,39964.0,512520,sh,MSCI中国ETF华泰柏瑞
2022-04-22,1.119,1.123,1.13,1.112,22229.0,512520,sh,MSCI中国ETF华泰柏瑞
2022-04-25,1.122,1.07,1.122,1.069,12306.0,512520,sh,MSCI中国ETF华泰柏瑞
2022-04-26,1.071,1.058,1.107,1.058,10840.0,512520,sh,MSCI中国ETF华泰柏瑞
2022-04-27,1.062,1.085,1.086,1.057,12910.0,512520,sh,MSCI中国ETF华泰柏瑞
2022-04-28,1.085,1.093,1.103,1.085,10986.0,512520,sh,MSCI中国ETF华泰柏瑞
2022-04-29,1.093,1.122,1.123,1.093,7066.0,512520,sh,MSCI中国ETF华泰柏瑞
2022-05-05,1.123,1.124,1.133,1.121,5073.0,512520,sh,MSCI中国ETF华泰柏瑞
2022-05-06,1.123,1.102,1.123,1.1,6778.0,512520,sh,MSCI中国ETF华泰柏瑞
2022-05-09,1.101,1.09,1.101,1.084,17184.0,512520,sh,MSCI中国ETF华泰柏瑞
2022-05-10,1.096,1.098,1.103,1.071,8047.0,512520,sh,MSCI中国ETF华泰柏瑞
2022-05-11,1.114,1.119,1.133,1.1,11479.0,512520,sh,MSCI中国ETF华泰柏瑞
2022-05-12,1.118,1.117,1.125,1.11,869.0,512520,sh,MSCI中国ETF华泰柏瑞
2022-05-13,1.116,1.125,1.127,1.115,21478.0,512520,sh,MSCI中国ETF华泰柏瑞
2022-05-16,1.13,1.117,1.133,1.115,5741.0,512520,sh,MSCI中国ETF华泰柏瑞
2022-05-17,1.118,1.127,1.13,1.114,12222.0,512520,sh,MSCI中国ETF华泰柏瑞
2022-05-18,1.125,1.126,1.139,1.119,47815.0,512520,sh,MSCI中国ETF华泰柏瑞
2022-05-19,1.125,1.133,1.133,1.117,4340.0,512520,sh,MSCI中国ETF华泰柏瑞
2022-05-20,1.143,1.154,1.156,1.143,2800.0,512520,sh,MSCI中国ETF华泰柏瑞
2022-05-23,1.153,1.152,1.154,1.145,12207.0,512520,sh,MSCI中国ETF华泰柏瑞
2022-05-24,1.144,1.132,1.152,1.126,13864.0,512520,sh,MSCI中国ETF华泰柏瑞
2022-05-25,1.131,1.13,1.144,1.124,20181.0,512520,sh,MSCI中国ETF华泰柏瑞
2022-05-26,1.129,1.133,1.143,1.122,19507.0,512520,sh,MSCI中国ETF华泰柏瑞
2022-05-27,1.141,1.137,1.154,1.132,15020.0,512520,sh,MSCI中国ETF华泰柏瑞
2022-05-30,1.139,1.15,1.15,1.139,8787.0,512520,sh,MSCI中国ETF华泰柏瑞
2022-05-31,1.149,1.164,1.167,1.147,11164.0,512520,sh,MSCI中国ETF华泰柏瑞
2022-06-01,1.165,1.162,1.168,1.158,13264.0,512520,sh,MSCI中国ETF华泰柏瑞
2022-06-02,1.161,1.17,1.17,1.16,5225.0,512520,sh,MSCI中国ETF华泰柏瑞
2022-06-06,1.174,1.19,1.191,1.166,11505.0,512520,sh,MSCI中国ETF华泰柏瑞
2022-06-07,1.196,1.194,1.198,1.19,5596.0,512520,sh,MSCI中国ETF华泰柏瑞
2022-06-08,1.243,1.21,1.243,1.186,6843.0,512520,sh,MSCI中国ETF华泰柏瑞
2022-06-09,1.209,1.196,1.21,1.191,13116.0,512520,sh,MSCI中国ETF华泰柏瑞
2022-06-10,1.195,1.21,1.217,1.186,3875.0,512520,sh,MSCI中国ETF华泰柏瑞
2022-06-13,1.209,1.202,1.211,1.196,10471.0,512520,sh,MSCI中国ETF华泰柏瑞
2022-06-14,1.201,1.211,1.211,1.182,8116.0,512520,sh,MSCI中国ETF华泰柏瑞
2022-06-15,1.225,1.218,1.242,1.215,4419.0,512520,sh,MSCI中国ETF华泰柏瑞
2022-06-16,1.231,1.221,1.231,1.214,8050.0,512520,sh,MSCI中国ETF华泰柏瑞
2022-06-17,1.22,1.232,1.235,1.211,5422.0,512520,sh,MSCI中国ETF华泰柏瑞
2022-06-20,1.234,1.239,1.248,1.23,6691.0,512520,sh,MSCI中国ETF华泰柏瑞
2022-06-21,1.232,1.232,1.249,1.228,4983.0,512520,sh,MSCI中国ETF华泰柏瑞
2022-06-22,1.232,1.227,1.234,1.221,1967.0,512520,sh,MSCI中国ETF华泰柏瑞
2022-06-23,1.226,1.237,1.238,1.222,5521.0,512520,sh,MSCI中国ETF华泰柏瑞
2022-06-24,1.237,1.255,1.258,1.237,2346.0,512520,sh,MSCI中国ETF华泰柏瑞
2022-06-27,1.269,1.269,1.283,1.268,409316.0,512520,sh,MSCI中国ETF华泰柏瑞
2022-06-28,1.323,1.281,1.323,1.255,18510.0,512520,sh,MSCI中国ETF华泰柏瑞
2022-06-29,1.281,1.266,1.288,1.266,110756.0,512520,sh,MSCI中国ETF华泰柏瑞
2022-06-30,1.274,1.286,1.288,1.271,73156.0,512520,sh,MSCI中国ETF华泰柏瑞
2022-07-01,1.281,1.277,1.285,1.276,18710.0,512520,sh,MSCI中国ETF华泰柏瑞
2022-07-04,1.276,1.287,1.29,1.269,23400.0,512520,sh,MSCI中国ETF华泰柏瑞
2022-07-05,1.3,1.285,1.3,1.276,7787.0,512520,sh,MSCI中国ETF华泰柏瑞
2022-07-06,1.283,1.267,1.283,1.259,9392.0,512520,sh,MSCI中国ETF华泰柏瑞
2022-07-07,1.271,1.274,1.277,1.261,22410.0,512520,sh,MSCI中国ETF华泰柏瑞
2022-07-08,1.278,1.271,1.282,1.268,12745.0,512520,sh,MSCI中国ETF华泰柏瑞
2022-07-11,1.271,1.251,1.271,1.243,5239.0,512520,sh,MSCI中国ETF华泰柏瑞
2022-07-12,1.248,1.238,1.252,1.236,3246.0,512520,sh,MSCI中国ETF华泰柏瑞
2022-07-13,1.24,1.242,1.245,1.231,8575.0,512520,sh,MSCI中国ETF华泰柏瑞
2022-07-14,1.242,1.248,1.252,1.24,20301.0,512520,sh,MSCI中国ETF华泰柏瑞
2022-07-15,1.247,1.232,1.255,1.231,12656.0,512520,sh,MSCI中国ETF华泰柏瑞
2022-07-18,1.231,1.239,1.241,1.223,8014.0,512520,sh,MSCI中国ETF华泰柏瑞
2022-07-19,1.236,1.236,1.239,1.231,4804.0,512520,sh,MSCI中国ETF华泰柏瑞
2022-07-20,1.241,1.244,1.247,1.241,11340.0,512520,sh,MSCI中国ETF华泰柏瑞
2022-07-21,1.241,1.235,1.246,1.234,12429.0,512520,sh,MSCI中国ETF华泰柏瑞
2022-07-22,1.239,1.234,1.24,1.225,4915.0,512520,sh,MSCI中国ETF华泰柏瑞
2022-07-25,1.233,1.223,1.233,1.22,2063.0,512520,sh,MSCI中国ETF华泰柏瑞
2022-07-26,1.226,1.23,1.232,1.224,1824.0,512520,sh,MSCI中国ETF华泰柏瑞
2022-07-27,1.229,1.226,1.231,1.226,3714.0,512520,sh,MSCI中国ETF华泰柏瑞
2022-07-28,1.231,1.227,1.239,1.227,1761.0,512520,sh,MSCI中国ETF华泰柏瑞
2022-07-29,1.229,1.215,1.231,1.213,7077.0,512520,sh,MSCI中国ETF华泰柏瑞
2022-08-01,1.214,1.217,1.221,1.205,3526.0,512520,sh,MSCI中国ETF华泰柏瑞
2022-08-02,1.211,1.211,1.211,1.192,78315.0,512520,sh,MSCI中国ETF华泰柏瑞
2022-08-03,1.21,1.195,1.21,1.195,40842.0,512520,sh,MSCI中国ETF华泰柏瑞
2022-08-04,1.192,1.192,1.198,1.186,19600.0,512520,sh,MSCI中国ETF华泰柏瑞
2022-08-05,1.196,1.214,1.216,1.193,39421.0,512520,sh,MSCI中国ETF华泰柏瑞
2022-08-08,1.212,1.219,1.235,1.211,9706.0,512520,sh,MSCI中国ETF华泰柏瑞
2022-08-09,1.219,1.22,1.223,1.211,6957.0,512520,sh,MSCI中国ETF华泰柏瑞
2022-08-10,1.221,1.211,1.221,1.207,52095.0,512520,sh,MSCI中国ETF华泰柏瑞
2022-08-11,1.212,1.229,1.231,1.21,60911.0,512520,sh,MSCI中国ETF华泰柏瑞
2022-08-12,1.233,1.233,1.237,1.227,20948.0,512520,sh,MSCI中国ETF华泰柏瑞
2022-08-15,1.232,1.234,1.241,1.227,32504.0,512520,sh,MSCI中国ETF华泰柏瑞
2022-08-16,1.235,1.232,1.236,1.23,4338.0,512520,sh,MSCI中国ETF华泰柏瑞
2022-08-17,1.246,1.243,1.246,1.228,7186.0,512520,sh,MSCI中国ETF华泰柏瑞
2022-08-18,1.242,1.231,1.29,1.228,6799.0,512520,sh,MSCI中国ETF华泰柏瑞
2022-08-19,1.241,1.226,1.241,1.226,4464.0,512520,sh,MSCI中国ETF华泰柏瑞
2022-08-22,1.225,1.232,1.235,1.219,5502.0,512520,sh,MSCI中国ETF华泰柏瑞
2022-08-23,1.232,1.229,1.236,1.227,4283.0,512520,sh,MSCI中国ETF华泰柏瑞
2022-08-24,1.228,1.213,1.241,1.21,6383.0,512520,sh,MSCI中国ETF华泰柏瑞
2022-08-25,1.213,1.215,1.217,1.204,2901.0,512520,sh,MSCI中国ETF华泰柏瑞
2022-08-26,1.216,1.218,1.224,1.216,3357.0,512520,sh,MSCI中国ETF华泰柏瑞
2022-08-29,1.214,1.209,1.214,1.204,10559.0,512520,sh,MSCI中国ETF华泰柏瑞
2022-08-30,1.211,1.206,1.211,1.199,4912.0,512520,sh,MSCI中国ETF华泰柏瑞
2022-08-31,1.205,1.204,1.212,1.196,32949.0,512520,sh,MSCI中国ETF华泰柏瑞
2022-09-01,1.209,1.197,1.209,1.19,14182.0,512520,sh,MSCI中国ETF华泰柏瑞
2022-09-02,1.195,1.183,1.195,1.181,15571.0,512520,sh,MSCI中国ETF华泰柏瑞
2022-09-05,1.186,1.191,1.191,1.176,30924.0,512520,sh,MSCI中国ETF华泰柏瑞
2022-09-06,1.191,1.2,1.2,1.187,13996.0,512520,sh,MSCI中国ETF华泰柏瑞
2022-09-07,1.194,1.198,1.202,1.194,2692.0,512520,sh,MSCI中国ETF华泰柏瑞
2022-09-08,1.203,1.195,1.203,1.195,4123.0,512520,sh,MSCI中国ETF华泰柏瑞
2022-09-09,1.2,1.209,1.209,1.199,4888.0,512520,sh,MSCI中国ETF华泰柏瑞
2022-09-13,1.212,1.216,1.219,1.209,25122.0,512520,sh,MSCI中国ETF华泰柏瑞
2022-09-14,1.205,1.202,1.222,1.198,13940.0,512520,sh,MSCI中国ETF华泰柏瑞
2022-09-15,1.215,1.191,1.215,1.185,9876.0,512520,sh,MSCI中国ETF华泰柏瑞
2022-09-16,1.19,1.16,1.19,1.16,11973.0,512520,sh,MSCI中国ETF华泰柏瑞
2022-09-19,1.184,1.155,1.184,1.152,9116.0,512520,sh,MSCI中国ETF华泰柏瑞
2022-09-20,1.18,1.158,1.18,1.158,20663.0,512520,sh,MSCI中国ETF华泰柏瑞
2022-09-21,1.154,1.157,1.162,1.148,9540.0,512520,sh,MSCI中国ETF华泰柏瑞
2022-09-22,1.158,1.147,1.158,1.14,5384.0,512520,sh,MSCI中国ETF华泰柏瑞
2022-09-23,1.151,1.143,1.151,1.139,27429.0,512520,sh,MSCI中国ETF华泰柏瑞
2022-09-26,1.142,1.133,1.149,1.132,25266.0,512520,sh,MSCI中国ETF华泰柏瑞
2022-09-27,1.138,1.154,1.154,1.135,6175.0,512520,sh,MSCI中国ETF华泰柏瑞
2022-09-28,1.134,1.136,1.161,1.134,7260.0,512520,sh,MSCI中国ETF华泰柏瑞
2022-09-29,1.14,1.13,1.157,1.128,43049.0,512520,sh,MSCI中国ETF华泰柏瑞
2022-09-30,1.137,1.131,1.137,1.125,7094.0,512520,sh,MSCI中国ETF华泰柏瑞
2022-10-10,1.12,1.112,1.127,1.103,9676.0,512520,sh,MSCI中国ETF华泰柏瑞
2022-10-11,1.104,1.114,1.115,1.096,150138.0,512520,sh,MSCI中国ETF华泰柏瑞
2022-10-12,1.113,1.117,1.119,1.088,22703.0,512520,sh,MSCI中国ETF华泰柏瑞
2022-10-13,1.116,1.116,1.124,1.114,12354.0,512520,sh,MSCI中国ETF华泰柏瑞
2022-10-14,1.16,1.141,1.16,1.115,12813.0,512520,sh,MSCI中国ETF华泰柏瑞
2022-10-17,1.136,1.143,1.143,1.133,6749.0,512520,sh,MSCI中国ETF华泰柏瑞
2022-10-18,1.145,1.144,1.154,1.135,80439.0,512520,sh,MSCI中国ETF华泰柏瑞
2022-10-19,1.144,1.129,1.144,1.127,16238.0,512520,sh,MSCI中国ETF华泰柏瑞
2022-10-20,1.131,1.119,1.131,1.112,95221.0,512520,sh,MSCI中国ETF华泰柏瑞
2022-10-21,1.127,1.118,1.127,1.118,32643.0,512520,sh,MSCI中国ETF华泰柏瑞
2022-10-24,1.117,1.1,1.123,1.083,27137.0,512520,sh,MSCI中国ETF华泰柏瑞
2022-10-25,1.098,1.086,1.098,1.076,27233.0,512520,sh,MSCI中国ETF华泰柏瑞
2022-10-26,1.085,1.09,1.104,1.085,222328.0,512520,sh,MSCI中国ETF华泰柏瑞
2022-10-27,1.09,1.09,1.105,1.086,121320.0,512520,sh,MSCI中国ETF华泰柏瑞
2022-10-28,1.089,1.06,1.089,1.059,12201.0,512520,sh,MSCI中国ETF华泰柏瑞
2022-10-31,1.059,1.051,1.062,1.046,25080.0,512520,sh,MSCI中国ETF华泰柏瑞
2022-11-01,1.05,1.09,1.09,1.046,105982.0,512520,sh,MSCI中国ETF华泰柏瑞
2022-11-02,1.08,1.103,1.111,1.08,31909.0,512520,sh,MSCI中国ETF华泰柏瑞
2022-11-03,1.103,1.098,1.103,1.09,29419.0,512520,sh,MSCI中国ETF华泰柏瑞
2022-11-04,1.101,1.123,1.134,1.101,19920.0,512520,sh,MSCI中国ETF华泰柏瑞
2022-11-07,1.127,1.129,1.139,1.122,25098.0,512520,sh,MSCI中国ETF华泰柏瑞
2022-11-08,1.135,1.129,1.135,1.12,4299.0,512520,sh,MSCI中国ETF华泰柏瑞
2022-11-09,1.128,1.12,1.133,1.115,11393.0,512520,sh,MSCI中国ETF华泰柏瑞
2022-11-10,1.119,1.109,1.119,1.103,6243.0,512520,sh,MSCI中国ETF华泰柏瑞
2022-11-11,1.131,1.136,1.143,1.123,16270.0,512520,sh,MSCI中国ETF华泰柏瑞
2022-11-14,1.141,1.137,1.146,1.136,5812.0,512520,sh,MSCI中国ETF华泰柏瑞
2022-11-15,1.136,1.155,1.155,1.134,33372.0,512520,sh,MSCI中国ETF华泰柏瑞
2022-11-16,1.154,1.146,1.156,1.146,32615.0,512520,sh,MSCI中国ETF华泰柏瑞
2022-11-17,1.146,1.14,1.146,1.133,16741.0,512520,sh,MSCI中国ETF华泰柏瑞
2022-11-18,1.143,1.139,1.152,1.139,28404.0,512520,sh,MSCI中国ETF华泰柏瑞
2022-11-21,1.138,1.134,1.138,1.12,21495.0,512520,sh,MSCI中国ETF华泰柏瑞
2022-11-22,1.133,1.131,1.14,1.126,14926.0,512520,sh,MSCI中国ETF华泰柏瑞
2022-11-23,1.13,1.131,1.133,1.125,5020.0,512520,sh,MSCI中国ETF华泰柏瑞
2022-11-24,1.135,1.125,1.135,1.124,1462.0,512520,sh,MSCI中国ETF华泰柏瑞
2022-11-25,1.124,1.129,1.136,1.123,4656.0,512520,sh,MSCI中国ETF华泰柏瑞
2022-11-28,1.13,1.117,1.13,1.106,10326.0,512520,sh,MSCI中国ETF华泰柏瑞
2022-11-29,1.126,1.145,1.145,1.126,10132.0,512520,sh,MSCI中国ETF华泰柏瑞
2022-11-30,1.15,1.147,1.152,1.145,2254.0,512520,sh,MSCI中国ETF华泰柏瑞
2022-12-01,1.166,1.161,1.17,1.159,8966.0,512520,sh,MSCI中国ETF华泰柏瑞
2022-12-02,1.164,1.157,1.164,1.136,9738.0,512520,sh,MSCI中国ETF华泰柏瑞
2022-12-05,1.167,1.171,1.171,1.163,7467.0,512520,sh,MSCI中国ETF华泰柏瑞
2022-12-06,1.165,1.173,1.18,1.165,23535.0,512520,sh,MSCI中国ETF华泰柏瑞
2022-12-07,1.172,1.175,1.187,1.172,7707.0,512520,sh,MSCI中国ETF华泰柏瑞
2022-12-08,1.175,1.176,1.178,1.174,775.0,512520,sh,MSCI中国ETF华泰柏瑞
2022-12-09,1.176,1.187,1.187,1.17,7433.0,512520,sh,MSCI中国ETF华泰柏瑞
2022-12-12,1.186,1.175,1.186,1.172,12977.0,512520,sh,MSCI中国ETF华泰柏瑞
2022-12-13,1.174,1.172,1.174,1.169,7578.0,512520,sh,MSCI中国ETF华泰柏瑞
2022-12-14,1.183,1.172,1.183,1.167,4897.0,512520,sh,MSCI中国ETF华泰柏瑞
2022-12-15,1.172,1.169,1.172,1.166,9302.0,512520,sh,MSCI中国ETF华泰柏瑞
2022-12-16,1.168,1.169,1.174,1.165,10622.0,512520,sh,MSCI中国ETF华泰柏瑞
2022-12-19,1.219,1.152,1.227,1.149,15274.0,512520,sh,MSCI中国ETF华泰柏瑞
2022-12-20,1.151,1.136,1.151,1.132,11603.0,512520,sh,MSCI中国ETF华泰柏瑞
2022-12-21,1.14,1.133,1.141,1.133,2557.0,512520,sh,MSCI中国ETF华泰柏瑞
2022-12-22,1.139,1.131,1.147,1.13,4855.0,512520,sh,MSCI中国ETF华泰柏瑞
2022-12-23,1.13,1.131,1.135,1.128,6944.0,512520,sh,MSCI中国ETF华泰柏瑞
2022-12-26,1.135,1.136,1.138,1.133,15548.0,512520,sh,MSCI中国ETF华泰柏瑞
2022-12-27,1.142,1.147,1.149,1.141,4342.0,512520,sh,MSCI中国ETF华泰柏瑞
2022-12-28,1.146,1.148,1.154,1.144,19176.0,512520,sh,MSCI中国ETF华泰柏瑞
2022-12-29,1.147,1.148,1.152,1.138,15340.0,512520,sh,MSCI中国ETF华泰柏瑞
2022-12-30,1.148,1.148,1.15,1.146,5876.0,512520,sh,MSCI中国ETF华泰柏瑞
2023-01-03,1.147,1.155,1.156,1.137,26171.0,512520,sh,MSCI中国ETF华泰柏瑞
2023-01-04,1.154,1.153,1.16,1.15,6959.0,512520,sh,MSCI中国ETF华泰柏瑞
2023-01-05,1.162,1.173,1.173,1.16,11098.0,512520,sh,MSCI中国ETF华泰柏瑞
2023-01-06,1.174,1.177,1.181,1.173,5717.0,512520,sh,MSCI中国ETF华泰柏瑞
2023-01-09,1.181,1.187,1.192,1.181,47587.0,512520,sh,MSCI中国ETF华泰柏瑞
2023-01-10,1.189,1.189,1.19,1.185,13935.0,512520,sh,MSCI中国ETF华泰柏瑞
2023-01-11,1.194,1.189,1.196,1.187,7333.0,512520,sh,MSCI中国ETF华泰柏瑞
2023-01-12,1.19,1.187,1.193,1.183,4516.0,512520,sh,MSCI中国ETF华泰柏瑞
2023-01-13,1.187,1.202,1.202,1.187,6008.0,512520,sh,MSCI中国ETF华泰柏瑞
2023-01-16,1.201,1.217,1.227,1.2,16588.0,512520,sh,MSCI中国ETF华泰柏瑞
2023-01-17,1.217,1.216,1.222,1.213,12222.0,512520,sh,MSCI中国ETF华泰柏瑞
2023-01-18,1.216,1.217,1.222,1.216,8371.0,512520,sh,MSCI中国ETF华泰柏瑞
2023-01-19,1.216,1.222,1.222,1.213,5140.0,512520,sh,MSCI中国ETF华泰柏瑞
2023-01-20,1.224,1.231,1.233,1.224,6406.0,512520,sh,MSCI中国ETF华泰柏瑞
2023-01-30,1.257,1.237,1.257,1.233,8751.0,512520,sh,MSCI中国ETF华泰柏瑞
2023-01-31,1.236,1.229,1.242,1.227,3969.0,512520,sh,MSCI中国ETF华泰柏瑞
2023-02-01,1.231,1.238,1.239,1.225,10279.0,512520,sh,MSCI中国ETF华泰柏瑞
2023-02-02,1.245,1.236,1.245,1.233,3258.0,512520,sh,MSCI中国ETF华泰柏瑞
2023-02-03,1.236,1.226,1.236,1.214,10560.0,512520,sh,MSCI中国ETF华泰柏瑞
2023-02-06,1.226,1.208,1.226,1.207,4336.0,512520,sh,MSCI中国ETF华泰柏瑞
2023-02-07,1.207,1.209,1.26,1.2,93346.0,512520,sh,MSCI中国ETF华泰柏瑞
2023-02-08,1.211,1.205,1.213,1.205,586473.0,512520,sh,MSCI中国ETF华泰柏瑞
2023-02-09,1.204,1.22,1.22,1.204,61328.0,512520,sh,MSCI中国ETF华泰柏瑞
2023-02-10,1.218,1.216,1.22,1.212,27141.0,512520,sh,MSCI中国ETF华泰柏瑞
2023-02-13,1.218,1.225,1.226,1.21,30347.0,512520,sh,MSCI中国ETF华泰柏瑞
2023-02-14,1.223,1.224,1.227,1.222,57079.0,512520,sh,MSCI中国ETF华泰柏瑞
2023-02-15,1.236,1.217,1.237,1.216,10045.0,512520,sh,MSCI中国ETF华泰柏瑞
2023-02-16,1.229,1.212,1.233,1.204,23914.0,512520,sh,MSCI中国ETF华泰柏瑞
2023-02-17,1.212,1.198,1.214,1.198,10419.0,512520,sh,MSCI中国ETF华泰柏瑞
2023-02-20,1.192,1.221,1.221,1.192,16409.0,512520,sh,MSCI中国ETF华泰柏瑞
2023-02-21,1.226,1.224,1.226,1.218,3370.0,512520,sh,MSCI中国ETF华泰柏瑞
2023-02-22,1.216,1.214,1.22,1.212,3466.0,512520,sh,MSCI中国ETF华泰柏瑞
2023-02-23,1.214,1.211,1.221,1.21,1311.0,512520,sh,MSCI中国ETF华泰柏瑞
2023-02-24,1.21,1.201,1.21,1.2,2340.0,512520,sh,MSCI中国ETF华泰柏瑞
2023-02-27,1.204,1.198,1.206,1.196,11569.0,512520,sh,MSCI中国ETF华泰柏瑞
2023-02-28,1.204,1.206,1.206,1.195,4646.0,512520,sh,MSCI中国ETF华泰柏瑞
2023-03-01,1.205,1.219,1.22,1.205,13880.0,512520,sh,MSCI中国ETF华泰柏瑞
2023-03-02,1.219,1.214,1.223,1.212,19779.0,512520,sh,MSCI中国ETF华泰柏瑞
2023-03-03,1.216,1.217,1.218,1.211,18549.0,512520,sh,MSCI中国ETF华泰柏瑞
2023-03-06,1.214,1.212,1.214,1.206,20860.0,512520,sh,MSCI中国ETF华泰柏瑞
2023-03-07,1.216,1.195,1.216,1.195,6207.0,512520,sh,MSCI中国ETF华泰柏瑞
2023-03-08,1.185,1.19,1.195,1.185,5926.0,512520,sh,MSCI中国ETF华泰柏瑞
2023-03-09,1.191,1.188,1.194,1.185,6404.0,512520,sh,MSCI中国ETF华泰柏瑞
2023-03-10,1.183,1.174,1.183,1.174,5275.0,512520,sh,MSCI中国ETF华泰柏瑞
2023-03-13,1.174,1.182,1.182,1.174,6077.0,512520,sh,MSCI中国ETF华泰柏瑞
2023-03-14,1.179,1.175,1.179,1.167,16159.0,512520,sh,MSCI中国ETF华泰柏瑞
2023-03-15,1.185,1.178,1.186,1.178,16412.0,512520,sh,MSCI中国ETF华泰柏瑞
2023-03-16,1.173,1.164,1.174,1.163,5131.0,512520,sh,MSCI中国ETF华泰柏瑞
2023-03-17,1.168,1.166,1.181,1.164,4651.0,512520,sh,MSCI中国ETF华泰柏瑞
2023-03-20,1.168,1.163,1.172,1.161,3679.0,512520,sh,MSCI中国ETF华泰柏瑞
2023-03-21,1.166,1.173,1.174,1.164,8561.0,512520,sh,MSCI中国ETF华泰柏瑞
2023-03-22,1.177,1.178,1.184,1.177,7784.0,512520,sh,MSCI中国ETF华泰柏瑞
2023-03-23,1.178,1.187,1.187,1.177,5593.0,512520,sh,MSCI中国ETF华泰柏瑞
2023-03-24,1.186,1.187,1.19,1.185,2756.0,512520,sh,MSCI中国ETF华泰柏瑞
2023-03-27,1.185,1.183,1.185,1.179,10115.0,512520,sh,MSCI中国ETF华泰柏瑞
2023-03-28,1.183,1.182,1.187,1.182,8983.0,512520,sh,MSCI中国ETF华泰柏瑞
2023-03-29,1.183,1.183,1.184,1.181,10428.0,512520,sh,MSCI中国ETF华泰柏瑞
2023-03-30,1.188,1.193,1.193,1.179,6705.0,512520,sh,MSCI中国ETF华泰柏瑞
2023-03-31,1.193,1.196,1.199,1.193,11646.0,512520,sh,MSCI中国ETF华泰柏瑞
2023-04-03,1.2,1.205,1.206,1.198,29363.0,512520,sh,MSCI中国ETF华泰柏瑞
2023-04-04,1.206,1.208,1.208,1.203,37334.0,512520,sh,MSCI中国ETF华泰柏瑞
2023-04-06,1.207,1.207,1.207,1.203,30755.0,512520,sh,MSCI中国ETF华泰柏瑞
2023-04-07,1.209,1.217,1.218,1.209,46244.0,512520,sh,MSCI中国ETF华泰柏瑞
2023-04-10,1.212,1.21,1.216,1.209,49299.0,512520,sh,MSCI中国ETF华泰柏瑞
2023-04-11,1.212,1.21,1.212,1.204,25193.0,512520,sh,MSCI中国ETF华泰柏瑞
2023-04-12,1.205,1.206,1.211,1.204,4290.0,512520,sh,MSCI中国ETF华泰柏瑞
2023-04-13,1.205,1.202,1.206,1.201,2660.0,512520,sh,MSCI中国ETF华泰柏瑞
2023-04-14,1.205,1.207,1.208,1.204,1676.0,512520,sh,MSCI中国ETF华泰柏瑞
2023-04-17,1.23,1.22,1.23,1.189,26152.0,512520,sh,MSCI中国ETF华泰柏瑞
2023-04-18,1.22,1.223,1.226,1.22,47356.0,512520,sh,MSCI中国ETF华泰柏瑞
2023-04-19,1.223,1.21,1.223,1.21,14728.0,512520,sh,MSCI中国ETF华泰柏瑞
2023-04-20,1.208,1.207,1.208,1.203,15056.0,512520,sh,MSCI中国ETF华泰柏瑞
2023-04-21,1.203,1.187,1.204,1.187,3932.0,512520,sh,MSCI中国ETF华泰柏瑞
2023-04-24,1.182,1.171,1.182,1.169,9900.0,512520,sh,MSCI中国ETF华泰柏瑞
2023-04-25,1.172,1.165,1.172,1.154,13897.0,512520,sh,MSCI中国ETF华泰柏瑞
2023-04-26,1.164,1.164,1.168,1.159,2158.0,512520,sh,MSCI中国ETF华泰柏瑞
2023-04-27,1.164,1.173,1.176,1.164,2759.0,512520,sh,MSCI中国ETF华泰柏瑞
2023-04-28,1.178,1.182,1.182,1.178,2809.0,512520,sh,MSCI中国ETF华泰柏瑞
2023-05-04,1.184,1.183,1.185,1.177,3278.0,512520,sh,MSCI中国ETF华泰柏瑞
2023-05-05,1.185,1.178,1.185,1.173,5772.0,512520,sh,MSCI中国ETF华泰柏瑞
2023-05-08,1.183,1.191,1.192,1.181,6286.0,512520,sh,MSCI中国ETF华泰柏瑞
2023-05-09,1.187,1.183,1.199,1.183,7893.0,512520,sh,MSCI中国ETF华泰柏瑞
2023-05-10,1.178,1.172,1.178,1.17,963.0,512520,sh,MSCI中国ETF华泰柏瑞
2023-05-11,1.173,1.174,1.178,1.173,1493.0,512520,sh,MSCI中国ETF华泰柏瑞
2023-05-12,1.171,1.16,1.173,1.158,7809.0,512520,sh,MSCI中国ETF华泰柏瑞
2023-05-15,1.159,1.173,1.173,1.155,9273.0,512520,sh,MSCI中国ETF华泰柏瑞
2023-05-16,1.17,1.169,1.174,1.168,5277.0,512520,sh,MSCI中国ETF华泰柏瑞
2023-05-17,1.166,1.162,1.167,1.16,19419.0,512520,sh,MSCI中国ETF华泰柏瑞
2023-05-18,1.168,1.164,1.169,1.159,87369.0,512520,sh,MSCI中国ETF华泰柏瑞
2023-05-19,1.159,1.165,1.17,1.158,33585.0,512520,sh,MSCI中国ETF华泰柏瑞
2023-05-22,1.167,1.168,1.171,1.162,38587.0,512520,sh,MSCI中国ETF华泰柏瑞
2023-05-23,1.166,1.155,1.166,1.154,26399.0,512520,sh,MSCI中国ETF华泰柏瑞
2023-05-24,1.15,1.141,1.153,1.141,2753.0,512520,sh,MSCI中国ETF华泰柏瑞
2023-05-25,1.138,1.139,1.142,1.132,36423.0,512520,sh,MSCI中国ETF华泰柏瑞
2023-05-26,1.137,1.141,1.142,1.132,9912.0,512520,sh,MSCI中国ETF华泰柏瑞
2023-05-29,1.142,1.135,1.142,1.134,9066.0,512520,sh,MSCI中国ETF华泰柏瑞
2023-05-30,1.135,1.135,1.138,1.126,5643.0,512520,sh,MSCI中国ETF华泰柏瑞
2023-05-31,1.135,1.13,1.135,1.125,15718.0,512520,sh,MSCI中国ETF华泰柏瑞
2023-06-01,1.127,1.131,1.138,1.127,7140.0,512520,sh,MSCI中国ETF华泰柏瑞
2023-06-02,1.126,1.145,1.148,1.126,4872.0,512520,sh,MSCI中国ETF华泰柏瑞
2023-06-05,1.141,1.142,1.144,1.14,5423.0,512520,sh,MSCI中国ETF华泰柏瑞
2023-06-06,1.139,1.132,1.145,1.131,2587.0,512520,sh,MSCI中国ETF华泰柏瑞
2023-06-07,1.129,1.125,1.131,1.123,5346.0,512520,sh,MSCI中国ETF华泰柏瑞
2023-06-08,1.122,1.131,1.135,1.121,7273.0,512520,sh,MSCI中国ETF华泰柏瑞
2023-06-09,1.129,1.135,1.136,1.129,2923.0,512520,sh,MSCI中国ETF华泰柏瑞
2023-06-12,1.135,1.139,1.142,1.132,3183.0,512520,sh,MSCI中国ETF华泰柏瑞
2023-06-13,1.139,1.144,1.144,1.138,2487.0,512520,sh,MSCI中国ETF华泰柏瑞
2023-06-14,1.15,1.147,1.152,1.147,1566.0,512520,sh,MSCI中国ETF华泰柏瑞
2023-06-15,1.148,1.162,1.162,1.148,6140.0,512520,sh,MSCI中国ETF华泰柏瑞
2023-06-16,1.17,1.173,1.173,1.165,14843.0,512520,sh,MSCI中国ETF华泰柏瑞
2023-06-19,1.172,1.165,1.172,1.164,12571.0,512520,sh,MSCI中国ETF华泰柏瑞
2023-06-20,1.168,1.165,1.168,1.163,4334.0,512520,sh,MSCI中国ETF华泰柏瑞
2023-06-21,1.162,1.147,1.162,1.147,11304.0,512520,sh,MSCI中国ETF华泰柏瑞
2023-06-26,1.147,1.129,1.15,1.128,8127.0,512520,sh,MSCI中国ETF华泰柏瑞
2023-06-27,1.134,1.14,1.141,1.133,6850.0,512520,sh,MSCI中国ETF华泰柏瑞
2023-06-28,1.138,1.141,1.141,1.133,6986.0,512520,sh,MSCI中国ETF华泰柏瑞
2023-06-29,1.139,1.137,1.14,1.135,9583.0,512520,sh,MSCI中国ETF华泰柏瑞
2023-06-30,1.137,1.145,1.149,1.137,10211.0,512520,sh,MSCI中国ETF华泰柏瑞
2023-07-03,1.149,1.159,1.159,1.149,1449.0,512520,sh,MSCI中国ETF华泰柏瑞
2023-07-04,1.158,1.159,1.159,1.155,5843.0,512520,sh,MSCI中国ETF华泰柏瑞
2023-07-05,1.159,1.153,1.16,1.153,2907.0,512520,sh,MSCI中国ETF华泰柏瑞
2023-07-06,1.154,1.145,1.154,1.145,1339.0,512520,sh,MSCI中国ETF华泰柏瑞
2023-07-07,1.145,1.14,1.145,1.139,17476.0,512520,sh,MSCI中国ETF华泰柏瑞
2023-07-10,1.2,1.146,1.234,1.135,11006.0,512520,sh,MSCI中国ETF华泰柏瑞
2023-07-11,1.145,1.153,1.153,1.145,853.0,512520,sh,MSCI中国ETF华泰柏瑞
2023-07-12,1.148,1.148,1.156,1.147,5072.0,512520,sh,MSCI中国ETF华泰柏瑞
2023-07-13,1.157,1.162,1.165,1.157,2148.0,512520,sh,MSCI中国ETF华泰柏瑞
2023-07-14,1.169,1.163,1.169,1.163,7731.0,512520,sh,MSCI中国ETF华泰柏瑞
2023-07-17,1.158,1.155,1.158,1.155,4548.0,512520,sh,MSCI中国ETF华泰柏瑞
2023-07-18,1.155,1.155,1.157,1.151,5503.0,512520,sh,MSCI中国ETF华泰柏瑞
2023-07-19,1.156,1.153,1.156,1.15,399.0,512520,sh,MSCI中国ETF华泰柏瑞
2023-07-20,1.157,1.147,1.157,1.147,3143.0,512520,sh,MSCI中国ETF华泰柏瑞
2023-07-21,1.147,1.146,1.151,1.145,1225.0,512520,sh,MSCI中国ETF华泰柏瑞
2023-07-24,1.141,1.141,1.147,1.141,1075.0,512520,sh,MSCI中国ETF华泰柏瑞
2023-07-25,1.16,1.17,1.17,1.159,5050.0,512520,sh,MSCI中国ETF华泰柏瑞
2023-07-26,1.17,1.168,1.171,1.167,8174.0,512520,sh,MSCI中国ETF华泰柏瑞
2023-07-27,1.171,1.168,1.175,1.167,3263.0,512520,sh,MSCI中国ETF华泰柏瑞
2023-07-28,1.166,1.191,1.194,1.166,9444.0,512520,sh,MSCI中国ETF华泰柏瑞
2023-07-31,1.186,1.197,1.208,1.186,10355.0,512520,sh,MSCI中国ETF华泰柏瑞
2023-08-01,1.198,1.193,1.201,1.192,16002.0,512520,sh,MSCI中国ETF华泰柏瑞
2023-08-02,1.234,1.184,1.234,1.184,4842.0,512520,sh,MSCI中国ETF华泰柏瑞
2023-08-03,1.185,1.194,1.194,1.185,971.0,512520,sh,MSCI中国ETF华泰柏瑞
2023-08-04,1.203,1.199,1.209,1.197,12503.0,512520,sh,MSCI中国ETF华泰柏瑞
2023-08-07,1.194,1.191,1.195,1.188,11663.0,512520,sh,MSCI中国ETF华泰柏瑞
2023-08-08,1.189,1.189,1.193,1.184,6458.0,512520,sh,MSCI中国ETF华泰柏瑞
2023-08-09,1.188,1.183,1.188,1.183,1289.0,512520,sh,MSCI中国ETF华泰柏瑞
2023-08-10,1.183,1.187,1.187,1.179,1401.0,512520,sh,MSCI中国ETF华泰柏瑞
2023-08-11,1.188,1.163,1.188,1.163,9782.0,512520,sh,MSCI中国ETF华泰柏瑞
2023-08-14,1.163,1.156,1.163,1.144,10250.0,512520,sh,MSCI中国ETF华泰柏瑞
2023-08-15,1.153,1.15,1.156,1.144,10442.0,512520,sh,MSCI中国ETF华泰柏瑞
2023-08-16,1.15,1.146,1.153,1.145,7869.0,512520,sh,MSCI中国ETF华泰柏瑞
2023-08-17,1.141,1.147,1.149,1.134,2304.0,512520,sh,MSCI中国ETF华泰柏瑞
2023-08-18,1.147,1.135,1.15,1.135,3497.0,512520,sh,MSCI中国ETF华泰柏瑞
2023-08-21,1.139,1.121,1.139,1.121,3418.0,512520,sh,MSCI中国ETF华泰柏瑞
2023-08-22,1.127,1.125,1.128,1.11,6669.0,512520,sh,MSCI中国ETF华泰柏瑞
2023-08-23,1.127,1.106,1.127,1.106,2719.0,512520,sh,MSCI中国ETF华泰柏瑞
2023-08-24,1.11,1.117,1.121,1.109,14308.0,512520,sh,MSCI中国ETF华泰柏瑞
2023-08-25,1.112,1.111,1.117,1.108,8897.0,512520,sh,MSCI中国ETF华泰柏瑞
2023-08-28,1.179,1.119,1.185,1.119,6120.0,512520,sh,MSCI中国ETF华泰柏瑞
2023-08-29,1.124,1.132,1.138,1.121,25578.0,512520,sh,MSCI中国ETF华泰柏瑞
2023-08-30,1.138,1.132,1.139,1.131,9255.0,512520,sh,MSCI中国ETF华泰柏瑞
2023-08-31,1.132,1.126,1.132,1.126,11564.0,512520,sh,MSCI中国ETF华泰柏瑞
2023-09-01,1.121,1.134,1.139,1.121,4236.0,512520,sh,MSCI中国ETF华泰柏瑞
2023-09-04,1.138,1.149,1.151,1.137,4115.0,512520,sh,MSCI中国ETF华泰柏瑞
2023-09-05,1.148,1.143,1.148,1.141,2079.0,512520,sh,MSCI中国ETF华泰柏瑞
2023-09-06,1.138,1.141,1.141,1.134,2252.0,512520,sh,MSCI中国ETF华泰柏瑞
2023-09-07,1.136,1.126,1.136,1.125,2049.0,512520,sh,MSCI中国ETF华泰柏瑞
2023-09-08,1.121,1.12,1.121,1.116,9926.0,512520,sh,MSCI中国ETF华泰柏瑞
2023-09-11,1.122,1.132,1.134,1.122,2150.0,512520,sh,MSCI中国ETF华泰柏瑞
2023-09-12,1.128,1.128,1.13,1.126,1972.0,512520,sh,MSCI中国ETF华泰柏瑞
2023-09-13,1.13,1.117,1.13,1.117,594.0,512520,sh,MSCI中国ETF华泰柏瑞
2023-09-14,1.119,1.12,1.12,1.116,1163.0,512520,sh,MSCI中国ETF华泰柏瑞
2023-09-15,1.117,1.112,1.123,1.11,6258.0,512520,sh,MSCI中国ETF华泰柏瑞
2023-09-18,1.112,1.119,1.119,1.112,5064.0,512520,sh,MSCI中国ETF华泰柏瑞
2023-09-19,1.116,1.117,1.117,1.112,5593.0,512520,sh,MSCI中国ETF华泰柏瑞
2023-09-20,1.114,1.109,1.115,1.109,3233.0,512520,sh,MSCI中国ETF华泰柏瑞
2023-09-21,1.112,1.102,1.112,1.1,1291.0,512520,sh,MSCI中国ETF华泰柏瑞
2023-09-22,1.097,1.116,1.116,1.066,1027.0,512520,sh,MSCI中国ETF华泰柏瑞
2023-09-25,1.118,1.113,1.118,1.113,3108.0,512520,sh,MSCI中国ETF华泰柏瑞
2023-09-26,1.116,1.109,1.116,1.108,10221.0,512520,sh,MSCI中国ETF华泰柏瑞
2023-09-27,1.117,1.111,1.117,1.109,12685.0,512520,sh,MSCI中国ETF华泰柏瑞
2023-09-28,1.111,1.108,1.112,1.107,17822.0,512520,sh,MSCI中国ETF华泰柏瑞
2023-10-09,1.103,1.105,1.105,1.095,17476.0,512520,sh,MSCI中国ETF华泰柏瑞
2023-10-10,1.105,1.098,1.108,1.098,12901.0,512520,sh,MSCI中国ETF华泰柏瑞
2023-10-11,1.102,1.101,1.106,1.099,7100.0,512520,sh,MSCI中国ETF华泰柏瑞
2023-10-12,1.103,1.108,1.111,1.103,14634.0,512520,sh,MSCI中国ETF华泰柏瑞
2023-10-13,1.108,1.099,1.108,1.097,14551.0,512520,sh,MSCI中国ETF华泰柏瑞
2023-10-16,1.099,1.088,1.099,1.086,16562.0,512520,sh,MSCI中国ETF华泰柏瑞
2023-10-17,1.089,1.089,1.089,1.085,4729.0,512520,sh,MSCI中国ETF华泰柏瑞
2023-10-18,1.087,1.082,1.088,1.082,14488.0,512520,sh,MSCI中国ETF华泰柏瑞
2023-10-19,1.077,1.059,1.077,1.059,13207.0,512520,sh,MSCI中国ETF华泰柏瑞
2023-10-20,1.059,1.054,1.06,1.052,16939.0,512520,sh,MSCI中国ETF华泰柏瑞
2023-10-23,1.049,1.034,1.049,1.034,18286.0,512520,sh,MSCI中国ETF华泰柏瑞
2023-10-24,1.038,1.042,1.043,1.035,28682.0,512520,sh,MSCI中国ETF华泰柏瑞
2023-10-25,1.052,1.049,1.057,1.048,8414.0,512520,sh,MSCI中国ETF华泰柏瑞
2023-10-26,1.048,1.052,1.053,1.043,12516.0,512520,sh,MSCI中国ETF华泰柏瑞
2023-10-27,1.05,1.067,1.069,1.048,13585.0,512520,sh,MSCI中国ETF华泰柏瑞
2023-10-30,1.069,1.072,1.074,1.066,3803.0,512520,sh,MSCI中国ETF华泰柏瑞
2023-10-31,1.07,1.071,1.073,1.067,32757.0,512520,sh,MSCI中国ETF华泰柏瑞
2023-11-01,1.074,1.073,1.075,1.069,10625.0,512520,sh,MSCI中国ETF华泰柏瑞
2023-11-02,1.077,1.068,1.079,1.068,7337.0,512520,sh,MSCI中国ETF华泰柏瑞
2023-11-03,1.072,1.075,1.078,1.072,9777.0,512520,sh,MSCI中国ETF华泰柏瑞
2023-11-06,1.088,1.09,1.09,1.082,10709.0,512520,sh,MSCI中国ETF华泰柏瑞
2023-11-07,1.085,1.088,1.09,1.083,7559.0,512520,sh,MSCI中国ETF华泰柏瑞
2023-11-08,1.085,1.086,1.089,1.081,20978.0,512520,sh,MSCI中国ETF华泰柏瑞
2023-11-09,1.088,1.088,1.089,1.083,3081.0,512520,sh,MSCI中国ETF华泰柏瑞
2023-11-10,1.083,1.079,1.083,1.078,8744.0,512520,sh,MSCI中国ETF华泰柏瑞
2023-11-13,1.079,1.077,1.079,1.073,10560.0,512520,sh,MSCI中国ETF华泰柏瑞
2023-11-14,1.082,1.081,1.083,1.078,28985.0,512520,sh,MSCI中国ETF华泰柏瑞
2023-11-15,1.093,1.088,1.093,1.085,16306.0,512520,sh,MSCI中国ETF华泰柏瑞
2023-11-16,1.083,1.078,1.087,1.078,8972.0,512520,sh,MSCI中国ETF华泰柏瑞
2023-11-17,1.08,1.077,1.08,1.071,7957.0,512520,sh,MSCI中国ETF华泰柏瑞
2023-11-20,1.076,1.079,1.084,1.072,53049.0,512520,sh,MSCI中国ETF华泰柏瑞
2023-11-21,1.084,1.081,1.089,1.08,25218.0,512520,sh,MSCI中国ETF华泰柏瑞
2023-11-22,1.079,1.072,1.079,1.072,10375.0,512520,sh,MSCI中国ETF华泰柏瑞
2023-11-23,1.068,1.075,1.077,1.068,25931.0,512520,sh,MSCI中国ETF华泰柏瑞
2023-11-24,1.074,1.071,1.074,1.068,39171.0,512520,sh,MSCI中国ETF华泰柏瑞
2023-11-27,1.066,1.063,1.066,1.057,22118.0,512520,sh,MSCI中国ETF华泰柏瑞
2023-11-28,1.063,1.064,1.064,1.06,31389.0,512520,sh,MSCI中国ETF华泰柏瑞
2023-11-29,1.06,1.055,1.061,1.055,14380.0,512520,sh,MSCI中国ETF华泰柏瑞
2023-11-30,1.056,1.058,1.059,1.055,34654.0,512520,sh,MSCI中国ETF华泰柏瑞
2023-12-01,1.053,1.056,1.057,1.05,29215.0,512520,sh,MSCI中国ETF华泰柏瑞
2023-12-04,1.056,1.052,1.056,1.051,29423.0,512520,sh,MSCI中国ETF华泰柏瑞
2023-12-05,1.047,1.032,1.047,1.032,23820.0,512520,sh,MSCI中国ETF华泰柏瑞
2023-12-06,1.032,1.033,1.036,1.029,16735.0,512520,sh,MSCI中国ETF华泰柏瑞
2023-12-07,1.03,1.033,1.034,1.026,27143.0,512520,sh,MSCI中国ETF华泰柏瑞
2023-12-08,1.033,1.035,1.037,1.032,8747.0,512520,sh,MSCI中国ETF华泰柏瑞
2023-12-11,1.03,1.041,1.044,1.022,29690.0,512520,sh,MSCI中国ETF华泰柏瑞
2023-12-12,1.042,1.044,1.046,1.041,14915.0,512520,sh,MSCI中国ETF华泰柏瑞
2023-12-13,1.039,1.03,1.04,1.03,25099.0,512520,sh,MSCI中国ETF华泰柏瑞
2023-12-14,1.035,1.023,1.036,1.023,18788.0,512520,sh,MSCI中国ETF华泰柏瑞
2023-12-15,1.026,1.019,1.032,1.018,25936.0,512520,sh,MSCI中国ETF华泰柏瑞
2023-12-18,1.019,1.016,1.021,1.013,8549.0,512520,sh,MSCI中国ETF华泰柏瑞
2023-12-19,1.011,1.014,1.017,1.01,25193.0,512520,sh,MSCI中国ETF华泰柏瑞
2023-12-20,1.014,1.005,1.015,1.005,6351.0,512520,sh,MSCI中国ETF华泰柏瑞
2023-12-21,1.007,1.012,1.014,1.004,45040.0,512520,sh,MSCI中国ETF华泰柏瑞
2023-12-22,1.01,1.014,1.019,1.009,23577.0,512520,sh,MSCI中国ETF华泰柏瑞
2023-12-25,1.015,1.016,1.016,1.014,19083.0,512520,sh,MSCI中国ETF华泰柏瑞
2023-12-26,1.014,1.011,1.014,1.007,19827.0,512520,sh,MSCI中国ETF华泰柏瑞
2023-12-27,1.009,1.012,1.012,1.006,16954.0,512520,sh,MSCI中国ETF华泰柏瑞
2023-12-28,1.015,1.031,1.034,1.015,55300.0,512520,sh,MSCI中国ETF华泰柏瑞
2023-12-29,1.034,1.038,1.04,1.034,18495.0,512520,sh,MSCI中国ETF华泰柏瑞
2024-01-02,1.037,1.03,1.037,1.028,68990.0,512520,sh,MSCI中国ETF华泰柏瑞
2024-01-03,1.031,1.027,1.031,1.022,36701.0,512520,sh,MSCI中国ETF华泰柏瑞
2024-01-04,1.022,1.018,1.022,1.013,30625.0,512520,sh,MSCI中国ETF华泰柏瑞
2024-01-05,1.02,1.009,1.022,1.006,50193.0,512520,sh,MSCI中国ETF华泰柏瑞
2024-01-08,1.004,0.995,1.009,0.995,54551.0,512520,sh,MSCI中国ETF华泰柏瑞
2024-01-09,0.995,0.995,1.001,0.991,38328.0,512520,sh,MSCI中国ETF华泰柏瑞
2024-01-10,0.996,0.995,1.002,0.99,38136.0,512520,sh,MSCI中国ETF华泰柏瑞
2024-01-11,0.993,1.0,1.003,0.991,33171.0,512520,sh,MSCI中国ETF华泰柏瑞
2024-01-12,1.0,0.999,1.004,0.998,38748.0,512520,sh,MSCI中国ETF华泰柏瑞
2024-01-15,0.994,0.995,1.003,0.992,30154.0,512520,sh,MSCI中国ETF华泰柏瑞
2024-01-16,0.996,1.0,1.0,0.99,30478.0,512520,sh,MSCI中国ETF华泰柏瑞
2024-01-17,0.999,0.978,0.999,0.978,38677.0,512520,sh,MSCI中国ETF华泰柏瑞
2024-01-18,0.973,0.987,0.988,0.96,49435.0,512520,sh,MSCI中国ETF华泰柏瑞
2024-01-19,0.985,0.985,0.988,0.981,54080.0,512520,sh,MSCI中国ETF华泰柏瑞
2024-01-22,0.984,0.965,0.984,0.957,51728.0,512520,sh,MSCI中国ETF华泰柏瑞
2024-01-23,0.96,0.97,0.975,0.888,69551.0,512520,sh,MSCI中国ETF华泰柏瑞
2024-01-24,0.971,0.981,0.983,0.957,48766.0,512520,sh,MSCI中国ETF华泰柏瑞
2024-01-25,0.982,1.0,1.002,0.982,66119.0,512520,sh,MSCI中国ETF华泰柏瑞
2024-01-26,1.002,1.002,1.006,0.997,72091.0,512520,sh,MSCI中国ETF华泰柏瑞
2024-01-29,0.997,0.991,1.003,0.99,56554.0,512520,sh,MSCI中国ETF华泰柏瑞
2024-01-30,0.986,0.972,0.986,0.97,72161.0,512520,sh,MSCI中国ETF华泰柏瑞
2024-01-31,0.973,0.96,0.973,0.959,72630.0,512520,sh,MSCI中国ETF华泰柏瑞
2024-02-01,0.955,0.957,0.968,0.952,55013.0,512520,sh,MSCI中国ETF华泰柏瑞
2024-02-02,0.962,0.947,0.962,0.927,74082.0,512520,sh,MSCI中国ETF华泰柏瑞
2024-02-05,0.942,0.948,0.959,0.925,83370.0,512520,sh,MSCI中国ETF华泰柏瑞
2024-02-06,0.952,0.981,0.982,0.952,62412.0,512520,sh,MSCI中国ETF华泰柏瑞
2024-02-07,0.984,1.0,1.001,0.983,63287.0,512520,sh,MSCI中国ETF华泰柏瑞
2024-02-08,1.0,1.011,1.017,1.0,74751.0,512520,sh,MSCI中国ETF华泰柏瑞
2024-02-19,1.01,1.023,1.023,1.01,50907.0,512520,sh,MSCI中国ETF华泰柏瑞
2024-02-20,1.021,1.022,1.024,1.015,50855.0,512520,sh,MSCI中国ETF华泰柏瑞
2024-02-21,1.021,1.032,1.046,1.021,58854.0,512520,sh,MSCI中国ETF华泰柏瑞
2024-02-22,1.068,1.043,1.068,1.035,36012.0,512520,sh,MSCI中国ETF华泰柏瑞
2024-02-23,1.044,1.045,1.048,1.04,29639.0,512520,sh,MSCI中国ETF华泰柏瑞
2024-02-26,1.05,1.035,1.05,1.033,13421.0,512520,sh,MSCI中国ETF华泰柏瑞
2024-02-27,1.034,1.048,1.048,1.034,7808.0,512520,sh,MSCI中国ETF华泰柏瑞
2024-02-28,1.048,1.036,1.056,1.03,16237.0,512520,sh,MSCI中国ETF华泰柏瑞
2024-02-29,1.038,1.054,1.055,1.038,17260.0,512520,sh,MSCI中国ETF华泰柏瑞
2024-03-01,1.068,1.06,1.068,1.052,11021.0,512520,sh,MSCI中国ETF华泰柏瑞
2024-03-04,1.062,1.064,1.064,1.059,7630.0,512520,sh,MSCI中国ETF华泰柏瑞
2024-03-05,1.059,1.07,1.07,1.059,4656.0,512520,sh,MSCI中国ETF华泰柏瑞
2024-03-06,1.065,1.064,1.071,1.063,5740.0,512520,sh,MSCI中国ETF华泰柏瑞
2024-03-07,1.066,1.059,1.07,1.059,19323.0,512520,sh,MSCI中国ETF华泰柏瑞
2024-03-08,1.059,1.062,1.063,1.057,26519.0,512520,sh,MSCI中国ETF华泰柏瑞
2024-03-11,1.063,1.077,1.077,1.063,6000.0,512520,sh,MSCI中国ETF华泰柏瑞
2024-03-12,1.077,1.078,1.081,1.072,10306.0,512520,sh,MSCI中国ETF华泰柏瑞
2024-03-13,1.081,1.074,1.081,1.072,30467.0,512520,sh,MSCI中国ETF华泰柏瑞
2024-03-14,1.077,1.072,1.078,1.068,26422.0,512520,sh,MSCI中国ETF华泰柏瑞
2024-03-15,1.072,1.078,1.078,1.064,43095.0,512520,sh,MSCI中国ETF华泰柏瑞
2024-03-18,1.078,1.086,1.087,1.078,9647.0,512520,sh,MSCI中国ETF华泰柏瑞
2024-03-19,1.087,1.079,1.088,1.079,6095.0,512520,sh,MSCI中国ETF华泰柏瑞
2024-03-20,1.079,1.083,1.083,1.077,3417.0,512520,sh,MSCI中国ETF华泰柏瑞
2024-03-21,1.083,1.08,1.084,1.08,3708.0,512520,sh,MSCI中国ETF华泰柏瑞
2024-03-22,1.075,1.07,1.075,1.066,23214.0,512520,sh,MSCI中国ETF华泰柏瑞
2024-03-25,1.065,1.062,1.074,1.062,11252.0,512520,sh,MSCI中国ETF华泰柏瑞
2024-03-26,1.064,1.068,1.068,1.058,11553.0,512520,sh,MSCI中国ETF华泰柏瑞
2024-03-27,1.063,1.053,1.063,1.053,57876.0,512520,sh,MSCI中国ETF华泰柏瑞
2024-03-28,1.05,1.055,1.064,1.049,42485.0,512520,sh,MSCI中国ETF华泰柏瑞
2024-03-29,1.058,1.062,1.062,1.057,23755.0,512520,sh,MSCI中国ETF华泰柏瑞
2024-04-01,1.07,1.078,1.08,1.07,29833.0,512520,sh,MSCI中国ETF华泰柏瑞
2024-04-02,1.079,1.075,1.081,1.075,32628.0,512520,sh,MSCI中国ETF华泰柏瑞
2024-04-03,1.076,1.074,1.076,1.071,36663.0,512520,sh,MSCI中国ETF华泰柏瑞
2024-04-08,1.073,1.063,1.074,1.063,45330.0,512520,sh,MSCI中国ETF华泰柏瑞
2024-04-09,1.063,1.063,1.064,1.059,40663.0,512520,sh,MSCI中国ETF华泰柏瑞
2024-04-10,1.062,1.054,1.062,1.054,35241.0,512520,sh,MSCI中国ETF华泰柏瑞
2024-04-11,1.054,1.054,1.061,1.052,44802.0,512520,sh,MSCI中国ETF华泰柏瑞
2024-04-12,1.059,1.049,1.059,1.049,6113.0,512520,sh,MSCI中国ETF华泰柏瑞
2024-04-15,1.06,1.068,1.069,1.051,40398.0,512520,sh,MSCI中国ETF华泰柏瑞
2024-04-16,1.067,1.056,1.067,1.054,42591.0,512520,sh,MSCI中国ETF华泰柏瑞
2024-04-17,1.055,1.072,1.072,1.055,12935.0,512520,sh,MSCI中国ETF华泰柏瑞
2024-04-18,1.07,1.073,1.081,1.07,14973.0,512520,sh,MSCI中国ETF华泰柏瑞
2024-04-19,1.073,1.069,1.073,1.062,90154.0,512520,sh,MSCI中国ETF华泰柏瑞
2024-04-22,1.066,1.061,1.07,1.061,54519.0,512520,sh,MSCI中国ETF华泰柏瑞
2024-04-23,1.06,1.053,1.06,1.051,55482.0,512520,sh,MSCI中国ETF华泰柏瑞
2024-04-24,1.054,1.058,1.058,1.053,54126.0,512520,sh,MSCI中国ETF华泰柏瑞
2024-04-25,1.056,1.062,1.063,1.056,9645.0,512520,sh,MSCI中国ETF华泰柏瑞
2024-04-26,1.069,1.078,1.078,1.067,34540.0,512520,sh,MSCI中国ETF华泰柏瑞
2024-04-29,1.081,1.09,1.095,1.079,29263.0,512520,sh,MSCI中国ETF华泰柏瑞
2024-04-30,1.094,1.088,1.094,1.088,49360.0,512520,sh,MSCI中国ETF华泰柏瑞
2024-05-06,1.101,1.101,1.105,1.1,30095.0,512520,sh,MSCI中国ETF华泰柏瑞
2024-05-07,1.104,1.102,1.105,1.101,19262.0,512520,sh,MSCI中国ETF华泰柏瑞
2024-05-08,1.1,1.094,1.1,1.093,53653.0,512520,sh,MSCI中国ETF华泰柏瑞
2024-05-09,1.091,1.103,1.105,1.091,27029.0,512520,sh,MSCI中国ETF华泰柏瑞
2024-05-10,1.105,1.106,1.106,1.099,39899.0,512520,sh,MSCI中国ETF华泰柏瑞
2024-05-13,1.101,1.103,1.106,1.097,11510.0,512520,sh,MSCI中国ETF华泰柏瑞
2024-05-14,1.107,1.102,1.107,1.1,25304.0,512520,sh,MSCI中国ETF华泰柏瑞
2024-05-15,1.098,1.093,1.099,1.092,46358.0,512520,sh,MSCI中国ETF华泰柏瑞
2024-05-16,1.095,1.094,1.1,1.093,41462.0,512520,sh,MSCI中国ETF华泰柏瑞
2024-05-17,1.097,1.106,1.107,1.093,28750.0,512520,sh,MSCI中国ETF华泰柏瑞
2024-05-20,1.11,1.112,1.114,1.108,26639.0,512520,sh,MSCI中国ETF华泰柏瑞
2024-05-21,1.112,1.105,1.112,1.105,20603.0,512520,sh,MSCI中国ETF华泰柏瑞
2024-05-22,1.108,1.108,1.112,1.105,20857.0,512520,sh,MSCI中国ETF华泰柏瑞
2024-05-23,1.103,1.095,1.103,1.095,39706.0,512520,sh,MSCI中国ETF华泰柏瑞
2024-05-24,1.094,1.084,1.099,1.083,47079.0,512520,sh,MSCI中国ETF华泰柏瑞
2024-05-27,1.086,1.093,1.093,1.085,39244.0,512520,sh,MSCI中国ETF华泰柏瑞
2024-05-28,1.089,1.086,1.092,1.086,6260.0,512520,sh,MSCI中国ETF华泰柏瑞
2024-05-29,1.09,1.088,1.093,1.087,13214.0,512520,sh,MSCI中国ETF华泰柏瑞
2024-05-30,1.083,1.083,1.089,1.082,4716.0,512520,sh,MSCI中国ETF华泰柏瑞
2024-05-31,1.086,1.08,1.087,1.08,29714.0,512520,sh,MSCI中国ETF华泰柏瑞
2024-06-03,1.075,1.08,1.083,1.072,28355.0,512520,sh,MSCI中国ETF华泰柏瑞
2024-06-04,1.08,1.09,1.09,1.079,22897.0,512520,sh,MSCI中国ETF华泰柏瑞
2024-06-05,1.09,1.083,1.091,1.082,25686.0,512520,sh,MSCI中国ETF华泰柏瑞
2024-06-06,1.091,1.084,1.091,1.08,39034.0,512520,sh,MSCI中国ETF华泰柏瑞
2024-06-07,1.085,1.078,1.085,1.072,41278.0,512520,sh,MSCI中国ETF华泰柏瑞
2024-06-11,1.073,1.068,1.073,1.064,29201.0,512520,sh,MSCI中国ETF华泰柏瑞
2024-06-12,1.069,1.069,1.07,1.066,16991.0,512520,sh,MSCI中国ETF华泰柏瑞
2024-06-13,1.07,1.064,1.07,1.064,20514.0,512520,sh,MSCI中国ETF华泰柏瑞
2024-06-14,1.063,1.071,1.071,1.062,8580.0,512520,sh,MSCI中国ETF华泰柏瑞
2024-06-17,1.066,1.068,1.081,1.065,16326.0,512520,sh,MSCI中国ETF华泰柏瑞
2024-06-18,1.071,1.071,1.074,1.069,7249.0,512520,sh,MSCI中国ETF华泰柏瑞
2024-06-19,1.071,1.067,1.071,1.067,14215.0,512520,sh,MSCI中国ETF华泰柏瑞
2024-06-20,1.066,1.059,1.069,1.059,6442.0,512520,sh,MSCI中国ETF华泰柏瑞
2024-06-21,1.06,1.059,1.061,1.052,16611.0,512520,sh,MSCI中国ETF华泰柏瑞
2024-06-24,1.054,1.052,1.059,1.052,12383.0,512520,sh,MSCI中国ETF华泰柏瑞
2024-06-25,1.05,1.048,1.052,1.044,20822.0,512520,sh,MSCI中国ETF华泰柏瑞
2024-06-26,1.043,1.051,1.051,1.04,8699.0,512520,sh,MSCI中国ETF华泰柏瑞
2024-06-27,1.048,1.041,1.048,1.04,29799.0,512520,sh,MSCI中国ETF华泰柏瑞
2024-06-28,1.043,1.047,1.051,1.042,26820.0,512520,sh,MSCI中国ETF华泰柏瑞
2024-07-01,1.047,1.052,1.053,1.042,31693.0,512520,sh,MSCI中国ETF华泰柏瑞
2024-07-02,1.05,1.048,1.054,1.048,9205.0,512520,sh,MSCI中国ETF华泰柏瑞
2024-07-03,1.047,1.045,1.048,1.044,16293.0,512520,sh,MSCI中国ETF华泰柏瑞
2024-07-04,1.048,1.041,1.049,1.04,2480.0,512520,sh,MSCI中国ETF华泰柏瑞
2024-07-05,1.041,1.037,1.041,1.029,21836.0,512520,sh,MSCI中国ETF华泰柏瑞
2024-07-08,1.032,1.027,1.036,1.027,26012.0,512520,sh,MSCI中国ETF华泰柏瑞
2024-07-09,1.024,1.039,1.04,1.024,17594.0,512520,sh,MSCI中国ETF华泰柏瑞
2024-07-10,1.039,1.038,1.041,1.037,4066.0,512520,sh,MSCI中国ETF华泰柏瑞
2024-07-11,1.043,1.049,1.05,1.042,13964.0,512520,sh,MSCI中国ETF华泰柏瑞
2024-07-12,1.051,1.051,1.052,1.049,3094.0,512520,sh,MSCI中国ETF华泰柏瑞
2024-07-15,1.05,1.052,1.054,1.05,15749.0,512520,sh,MSCI中国ETF华泰柏瑞
2024-07-16,1.051,1.056,1.058,1.05,12519.0,512520,sh,MSCI中国ETF华泰柏瑞
2024-07-17,1.058,1.058,1.062,1.054,20895.0,512520,sh,MSCI中国ETF华泰柏瑞
2024-07-18,1.053,1.06,1.062,1.052,31141.0,512520,sh,MSCI中国ETF华泰柏瑞
2024-07-19,1.057,1.064,1.066,1.057,20992.0,512520,sh,MSCI中国ETF华泰柏瑞
2024-07-22,1.069,1.062,1.069,1.057,8433.0,512520,sh,MSCI中国ETF华泰柏瑞
2024-07-23,1.057,1.039,1.057,1.039,30985.0,512520,sh,MSCI中国ETF华泰柏瑞
2024-07-24,1.04,1.033,1.041,1.03,24939.0,512520,sh,MSCI中国ETF华泰柏瑞
2024-07-25,1.028,1.027,1.1,1.022,42342.0,512520,sh,MSCI中国ETF华泰柏瑞
2024-07-26,1.029,1.033,1.033,1.026,39409.0,512520,sh,MSCI中国ETF华泰柏瑞
2024-07-29,1.028,1.028,1.031,1.025,42126.0,512520,sh,MSCI中国ETF华泰柏瑞
2024-07-30,1.023,1.019,1.023,1.016,11881.0,512520,sh,MSCI中国ETF华泰柏瑞
2024-07-31,1.019,1.043,1.043,1.019,37713.0,512520,sh,MSCI中国ETF华泰柏瑞
2024-08-01,1.044,1.038,1.044,1.037,17564.0,512520,sh,MSCI中国ETF华泰柏瑞
2024-08-02,1.033,1.028,1.036,1.026,15851.0,512520,sh,MSCI中国ETF华泰柏瑞
2024-08-05,1.023,1.017,1.032,1.016,30119.0,512520,sh,MSCI中国ETF华泰柏瑞
2024-08-06,1.021,1.014,1.021,1.01,20534.0,512520,sh,MSCI中国ETF华泰柏瑞
2024-08-07,1.014,1.016,1.021,1.014,16424.0,512520,sh,MSCI中国ETF华泰柏瑞
2024-08-08,1.014,1.019,1.023,1.011,20477.0,512520,sh,MSCI中国ETF华泰柏瑞
2024-08-09,1.021,1.014,1.021,1.014,6480.0,512520,sh,MSCI中国ETF华泰柏瑞
2024-08-12,1.014,1.012,1.016,1.012,10499.0,512520,sh,MSCI中国ETF华泰柏瑞
2024-08-13,1.014,1.012,1.014,1.009,16190.0,512520,sh,MSCI中国ETF华泰柏瑞
2024-08-14,1.01,1.005,1.01,1.005,21406.0,512520,sh,MSCI中国ETF华泰柏瑞
2024-08-15,1.008,1.016,1.02,1.007,20496.0,512520,sh,MSCI中国ETF华泰柏瑞
2024-08-16,1.011,1.016,1.018,1.011,28326.0,512520,sh,MSCI中国ETF华泰柏瑞
2024-08-19,1.021,1.019,1.023,1.019,20936.0,512520,sh,MSCI中国ETF华泰柏瑞
2024-08-20,1.015,1.01,1.015,1.009,6453.0,512520,sh,MSCI中国ETF华泰柏瑞
2024-08-21,1.009,1.009,1.011,1.007,8721.0,512520,sh,MSCI中国ETF华泰柏瑞
2024-08-22,1.008,1.005,1.008,1.004,8281.0,512520,sh,MSCI中国ETF华泰柏瑞
2024-08-23,1.004,1.005,1.009,1.004,8201.0,512520,sh,MSCI中国ETF华泰柏瑞
2024-08-26,1.003,1.006,1.006,1.003,8567.0,512520,sh,MSCI中国ETF华泰柏瑞
2024-08-27,1.0,1.0,1.003,1.0,651.0,512520,sh,MSCI中国ETF华泰柏瑞
2024-08-28,0.999,0.995,0.999,0.992,5254.0,512520,sh,MSCI中国ETF华泰柏瑞
2024-08-29,0.989,0.992,0.996,0.989,7959.0,512520,sh,MSCI中国ETF华泰柏瑞
2024-08-30,0.996,1.007,1.016,0.996,16121.0,512520,sh,MSCI中国ETF华泰柏瑞
2024-09-02,1.004,0.992,1.004,0.992,10361.0,512520,sh,MSCI中国ETF华泰柏瑞
2024-09-03,0.993,0.995,0.997,0.99,22956.0,512520,sh,MSCI中国ETF华泰柏瑞
2024-09-04,0.989,0.988,0.993,0.988,11784.0,512520,sh,MSCI中国ETF华泰柏瑞
2024-09-05,0.99,0.99,0.991,0.986,15140.0,512520,sh,MSCI中国ETF华泰柏瑞
2024-09-06,0.99,0.983,0.994,0.981,18077.0,512520,sh,MSCI中国ETF华泰柏瑞
2024-09-09,0.974,0.971,0.982,0.968,17393.0,512520,sh,MSCI中国ETF华泰柏瑞
2024-09-10,0.969,0.969,0.97,0.961,14351.0,512520,sh,MSCI中国ETF华泰柏瑞
2024-09-11,0.967,0.968,0.969,0.964,8549.0,512520,sh,MSCI中国ETF华泰柏瑞
2024-09-12,0.972,0.964,0.972,0.964,5671.0,512520,sh,MSCI中国ETF华泰柏瑞
2024-09-13,0.966,0.961,0.969,0.961,15619.0,512520,sh,MSCI中国ETF华泰柏瑞
2024-09-18,0.959,0.962,0.964,0.956,10366.0,512520,sh,MSCI中国ETF华泰柏瑞
2024-09-19,0.963,0.97,0.977,0.957,28206.0,512520,sh,MSCI中国ETF华泰柏瑞
2024-09-20,0.971,0.974,0.974,0.965,11642.0,512520,sh,MSCI中国ETF华泰柏瑞
2024-09-23,0.972,0.975,0.978,0.972,5307.0,512520,sh,MSCI中国ETF华泰柏瑞
2024-09-24,0.985,1.014,1.015,0.979,55056.0,512520,sh,MSCI中国ETF华泰柏瑞
2024-09-25,1.027,1.031,1.05,1.015,27562.0,512520,sh,MSCI中国ETF华泰柏瑞
2024-09-26,1.032,1.075,1.075,1.029,47688.0,512520,sh,MSCI中国ETF华泰柏瑞
2024-09-27,1.108,1.103,1.111,1.076,2658.0,512520,sh,MSCI中国ETF华泰柏瑞
2024-09-30,1.136,1.213,1.213,1.136,92310.0,512520,sh,MSCI中国ETF华泰柏瑞
2024-10-08,1.314,1.3,1.334,1.256,51487.0,512520,sh,MSCI中国ETF华泰柏瑞
2024-10-09,1.302,1.234,1.302,1.19,61391.0,512520,sh,MSCI中国ETF华泰柏瑞
2024-10-10,1.202,1.209,1.238,1.184,61861.0,512520,sh,MSCI中国ETF华泰柏瑞
2024-10-11,1.209,1.174,1.209,1.165,70664.0,512520,sh,MSCI中国ETF华泰柏瑞
2024-10-14,1.21,1.193,1.218,1.167,61582.0,512520,sh,MSCI中国ETF华泰柏瑞
2024-10-15,1.193,1.166,1.193,1.163,9209.0,512520,sh,MSCI中国ETF华泰柏瑞
2024-10-16,1.158,1.156,1.165,1.15,26343.0,512520,sh,MSCI中国ETF华泰柏瑞
2024-10-17,1.137,1.143,1.166,1.137,17432.0,512520,sh,MSCI中国ETF华泰柏瑞
2024-10-18,1.143,1.184,1.204,1.14,82440.0,512520,sh,MSCI中国ETF华泰柏瑞
2024-10-21,1.209,1.186,1.296,1.169,36226.0,512520,sh,MSCI中国ETF华泰柏瑞
2024-10-22,1.209,1.193,1.209,1.186,28151.0,512520,sh,MSCI中国ETF华泰柏瑞
2024-10-23,1.209,1.198,1.209,1.191,11119.0,512520,sh,MSCI中国ETF华泰柏瑞
2024-10-24,1.164,1.187,1.22,1.164,4790.0,512520,sh,MSCI中国ETF华泰柏瑞
2024-10-25,1.187,1.193,1.201,1.186,17220.0,512520,sh,MSCI中国ETF华泰柏瑞
2024-10-28,1.193,1.196,1.198,1.186,31102.0,512520,sh,MSCI中国ETF华泰柏瑞
2024-10-29,1.203,1.188,1.206,1.188,52034.0,512520,sh,MSCI中国ETF华泰柏瑞
2024-10-30,1.189,1.183,1.189,1.175,24258.0,512520,sh,MSCI中国ETF华泰柏瑞
2024-10-31,1.183,1.184,1.19,1.174,43085.0,512520,sh,MSCI中国ETF华泰柏瑞
2024-11-01,1.185,1.185,1.196,1.18,52927.0,512520,sh,MSCI中国ETF华泰柏瑞
2024-11-04,1.186,1.195,1.197,1.182,19689.0,512520,sh,MSCI中国ETF华泰柏瑞
2024-11-05,1.195,1.224,1.226,1.194,60961.0,512520,sh,MSCI中国ETF华泰柏瑞
2024-11-06,1.231,1.223,1.241,1.215,50513.0,512520,sh,MSCI中国ETF华泰柏瑞
2024-11-07,1.225,1.254,1.256,1.218,36660.0,512520,sh,MSCI中国ETF华泰柏瑞
2024-11-08,1.27,1.248,1.27,1.244,28819.0,512520,sh,MSCI中国ETF华泰柏瑞
2024-11-11,1.248,1.251,1.251,1.23,36113.0,512520,sh,MSCI中国ETF华泰柏瑞
2024-11-12,1.256,1.242,1.264,1.235,23274.0,512520,sh,MSCI中国ETF华泰柏瑞
2024-11-13,1.242,1.246,1.248,1.235,25069.0,512520,sh,MSCI中国ETF华泰柏瑞
2024-11-14,1.246,1.225,1.247,1.224,27688.0,512520,sh,MSCI中国ETF华泰柏瑞
2024-11-15,1.227,1.209,1.227,1.209,42092.0,512520,sh,MSCI中国ETF华泰柏瑞
2024-11-18,1.208,1.197,1.219,1.197,39550.0,512520,sh,MSCI中国ETF华泰柏瑞
2024-11-19,1.196,1.198,1.202,1.184,28843.0,512520,sh,MSCI中国ETF华泰柏瑞
2024-11-20,1.204,1.209,1.211,1.2,13206.0,512520,sh,MSCI中国ETF华泰柏瑞
2024-11-21,1.207,1.208,1.209,1.202,28438.0,512520,sh,MSCI中国ETF华泰柏瑞
2024-11-22,1.205,1.175,1.205,1.174,43786.0,512520,sh,MSCI中国ETF华泰柏瑞
2024-11-25,1.175,1.166,1.176,1.156,49577.0,512520,sh,MSCI中国ETF华泰柏瑞
2024-11-26,1.164,1.164,1.173,1.162,29193.0,512520,sh,MSCI中国ETF华泰柏瑞
2024-11-27,1.162,1.18,1.182,1.158,40972.0,512520,sh,MSCI中国ETF华泰柏瑞
2024-11-28,1.18,1.172,1.18,1.172,23135.0,512520,sh,MSCI中国ETF华泰柏瑞
2024-11-29,1.181,1.186,1.198,1.176,8879.0,512520,sh,MSCI中国ETF华泰柏瑞
2024-12-02,1.191,1.197,1.199,1.191,22874.0,512520,sh,MSCI中国ETF华泰柏瑞
2024-12-03,1.195,1.2,1.204,1.194,11058.0,512520,sh,MSCI中国ETF华泰柏瑞
2024-12-04,1.2,1.192,1.2,1.191,15292.0,512520,sh,MSCI中国ETF华泰柏瑞
2024-12-05,1.193,1.19,1.194,1.187,23358.0,512520,sh,MSCI中国ETF华泰柏瑞
2024-12-06,1.169,1.207,1.21,1.169,27415.0,512520,sh,MSCI中国ETF华泰柏瑞
2024-12-09,1.231,1.204,1.231,1.187,4693.0,512520,sh,MSCI中国ETF华泰柏瑞
2024-12-10,1.267,1.214,1.268,1.205,18391.0,512520,sh,MSCI中国ETF华泰柏瑞
2024-12-11,1.214,1.213,1.216,1.211,8506.0,512520,sh,MSCI中国ETF华泰柏瑞
2024-12-12,1.213,1.225,1.225,1.213,10305.0,512520,sh,MSCI中国ETF华泰柏瑞
2024-12-13,1.211,1.198,1.212,1.198,14582.0,512520,sh,MSCI中国ETF华泰柏瑞
2024-12-16,1.198,1.19,1.198,1.19,24537.0,512520,sh,MSCI中国ETF华泰柏瑞
2024-12-17,1.192,1.194,1.201,1.192,39206.0,512520,sh,MSCI中国ETF华泰柏瑞
2024-12-18,1.196,1.195,1.202,1.195,19253.0,512520,sh,MSCI中国ETF华泰柏瑞
2024-12-19,1.291,1.196,1.291,1.181,12958.0,512520,sh,MSCI中国ETF华泰柏瑞
2024-12-20,1.197,1.194,1.198,1.194,2569.0,512520,sh,MSCI中国ETF华泰柏瑞
2024-12-23,1.194,1.193,1.203,1.193,25381.0,512520,sh,MSCI中国ETF华泰柏瑞
2024-12-24,1.196,1.207,1.208,1.196,10861.0,512520,sh,MSCI中国ETF华泰柏瑞
2024-12-25,1.208,1.208,1.212,1.202,18241.0,512520,sh,MSCI中国ETF华泰柏瑞
2024-12-26,1.206,1.207,1.208,1.204,12192.0,512520,sh,MSCI中国ETF华泰柏瑞
2024-12-27,1.206,1.207,1.214,1.205,10998.0,512520,sh,MSCI中国ETF华泰柏瑞
2024-12-30,1.207,1.211,1.214,1.207,18407.0,512520,sh,MSCI中国ETF华泰柏瑞
2024-12-31,1.212,1.194,1.212,1.192,27114.0,512520,sh,MSCI中国ETF华泰柏瑞
2025-01-02,1.185,1.159,1.185,1.153,38647.0,512520,sh,MSCI中国ETF华泰柏瑞
2025-01-03,1.157,1.144,1.16,1.142,34203.0,512520,sh,MSCI中国ETF华泰柏瑞
2025-01-06,1.144,1.141,1.145,1.136,17090.0,512520,sh,MSCI中国ETF华泰柏瑞
2025-01-07,1.143,1.146,1.146,1.132,2736.0,512520,sh,MSCI中国ETF华泰柏瑞
2025-01-08,1.146,1.146,1.152,1.131,32069.0,512520,sh,MSCI中国ETF华泰柏瑞
2025-01-09,1.143,1.144,1.149,1.142,11660.0,512520,sh,MSCI中国ETF华泰柏瑞
2025-01-10,1.144,1.131,1.144,1.131,7706.0,512520,sh,MSCI中国ETF华泰柏瑞
2025-01-13,1.127,1.128,1.132,1.124,22739.0,512520,sh,MSCI中国ETF华泰柏瑞
2025-01-14,1.128,1.153,1.157,1.128,23473.0,512520,sh,MSCI中国ETF华泰柏瑞
2025-01-15,1.152,1.151,1.154,1.149,31116.0,512520,sh,MSCI中国ETF华泰柏瑞
2025-01-16,1.148,1.151,1.161,1.146,29116.0,512520,sh,MSCI中国ETF华泰柏瑞
2025-01-17,1.147,1.153,1.159,1.147,23806.0,512520,sh,MSCI中国ETF华泰柏瑞
2025-01-20,1.152,1.161,1.168,1.152,17314.0,512520,sh,MSCI中国ETF华泰柏瑞
2025-01-21,1.161,1.161,1.165,1.156,22234.0,512520,sh,MSCI中国ETF华泰柏瑞
2025-01-22,1.158,1.152,1.158,1.148,35660.0,512520,sh,MSCI中国ETF华泰柏瑞
2025-01-23,1.159,1.163,1.171,1.156,64555.0,512520,sh,MSCI中国ETF华泰柏瑞
2025-01-24,1.154,1.166,1.169,1.154,18881.0,512520,sh,MSCI中国ETF华泰柏瑞
2025-01-27,1.167,1.162,1.169,1.16,13777.0,512520,sh,MSCI中国ETF华泰柏瑞
2025-02-05,1.155,1.151,1.155,1.149,9175.0,512520,sh,MSCI中国ETF华泰柏瑞
2025-02-06,1.154,1.163,1.164,1.151,13557.0,512520,sh,MSCI中国ETF华泰柏瑞
2025-02-07,1.163,1.181,1.187,1.163,16470.0,512520,sh,MSCI中国ETF华泰柏瑞
2025-02-10,1.181,1.184,1.184,1.178,22409.0,512520,sh,MSCI中国ETF华泰柏瑞
2025-02-11,1.182,1.18,1.182,1.177,19124.0,512520,sh,MSCI中国ETF华泰柏瑞
2025-02-12,1.181,1.189,1.191,1.176,7499.0,512520,sh,MSCI中国ETF华泰柏瑞
2025-02-13,1.19,1.188,1.195,1.188,19515.0,512520,sh,MSCI中国ETF华泰柏瑞
2025-02-14,1.188,1.202,1.202,1.187,31855.0,512520,sh,MSCI中国ETF华泰柏瑞
2025-02-17,1.202,1.204,1.204,1.183,35107.0,512520,sh,MSCI中国ETF华泰柏瑞
2025-02-18,1.194,1.189,1.203,1.184,16661.0,512520,sh,MSCI中国ETF华泰柏瑞
2025-02-19,1.187,1.193,1.194,1.185,9972.0,512520,sh,MSCI中国ETF华泰柏瑞
2025-02-20,1.192,1.193,1.195,1.19,8761.0,512520,sh,MSCI中国ETF华泰柏瑞
2025-02-21,1.2,1.203,1.206,1.193,16829.0,512520,sh,MSCI中国ETF华泰柏瑞
2025-02-24,1.203,1.206,1.211,1.193,21906.0,512520,sh,MSCI中国ETF华泰柏瑞
2025-02-25,1.195,1.195,1.205,1.195,27518.0,512520,sh,MSCI中国ETF华泰柏瑞
2025-02-26,1.21,1.206,1.21,1.195,37942.0,512520,sh,MSCI中国ETF华泰柏瑞
2025-02-27,1.205,1.207,1.209,1.199,14189.0,512520,sh,MSCI中国ETF华泰柏瑞
2025-02-28,1.203,1.192,1.209,1.187,34103.0,512520,sh,MSCI中国ETF华泰柏瑞
2025-03-03,1.188,1.186,1.195,1.18,25369.0,512520,sh,MSCI中国ETF华泰柏瑞
2025-03-04,1.176,1.18,1.183,1.174,6415.0,512520,sh,MSCI中国ETF华泰柏瑞
2025-03-05,1.18,1.185,1.186,1.179,26646.0,512520,sh,MSCI中国ETF华泰柏瑞
2025-03-06,1.19,1.2,1.202,1.189,26078.0,512520,sh,MSCI中国ETF华泰柏瑞
2025-03-07,1.199,1.198,1.204,1.196,28907.0,512520,sh,MSCI中国ETF华泰柏瑞
2025-03-10,1.198,1.195,1.199,1.188,24583.0,512520,sh,MSCI中国ETF华泰柏瑞
2025-03-11,1.187,1.196,1.198,1.187,29731.0,512520,sh,MSCI中国ETF华泰柏瑞
2025-03-12,1.195,1.198,1.2,1.194,11757.0,512520,sh,MSCI中国ETF华泰柏瑞
2025-03-13,1.198,1.192,1.198,1.188,13417.0,512520,sh,MSCI中国ETF华泰柏瑞
2025-03-14,1.192,1.219,1.219,1.192,29293.0,512520,sh,MSCI中国ETF华泰柏瑞
2025-03-17,1.216,1.217,1.223,1.216,8898.0,512520,sh,MSCI中国ETF华泰柏瑞
2025-03-18,1.222,1.218,1.222,1.217,7246.0,512520,sh,MSCI中国ETF华泰柏瑞
2025-03-19,1.218,1.22,1.225,1.215,14724.0,512520,sh,MSCI中国ETF华泰柏瑞
2025-03-20,1.211,1.209,1.218,1.209,12014.0,512520,sh,MSCI中国ETF华泰柏瑞
2025-03-21,1.209,1.192,1.212,1.19,20286.0,512520,sh,MSCI中国ETF华泰柏瑞
2025-03-24,1.193,1.196,1.196,1.188,14196.0,512520,sh,MSCI中国ETF华泰柏瑞
2025-03-25,1.199,1.196,1.199,1.193,18168.0,512520,sh,MSCI中国ETF华泰柏瑞
2025-03-26,1.196,1.191,1.198,1.191,16433.0,512520,sh,MSCI中国ETF华泰柏瑞
2025-03-27,1.187,1.196,1.197,1.187,6935.0,512520,sh,MSCI中国ETF华泰柏瑞
2025-03-28,1.192,1.189,1.193,1.189,8171.0,512520,sh,MSCI中国ETF华泰柏瑞
2025-03-31,1.187,1.182,1.189,1.175,13022.0,512520,sh,MSCI中国ETF华泰柏瑞
2025-04-01,1.182,1.182,1.186,1.181,6688.0,512520,sh,MSCI中国ETF华泰柏瑞
2025-04-02,1.183,1.183,1.185,1.181,3105.0,512520,sh,MSCI中国ETF华泰柏瑞
2025-04-03,1.174,1.174,1.181,1.171,33236.0,512520,sh,MSCI中国ETF华泰柏瑞
2025-04-07,1.151,1.094,1.151,1.086,26050.0,512520,sh,MSCI中国ETF华泰柏瑞
2025-04-08,1.087,1.101,1.101,1.085,22805.0,512520,sh,MSCI中国ETF华泰柏瑞
2025-04-09,1.092,1.125,1.189,1.09,25915.0,512520,sh,MSCI中国ETF华泰柏瑞
2025-04-10,1.105,1.132,1.147,1.105,27102.0,512520,sh,MSCI中国ETF华泰柏瑞
2025-04-11,1.13,1.139,1.143,1.129,11452.0,512520,sh,MSCI中国ETF华泰柏瑞
2025-04-14,1.144,1.143,1.146,1.143,7121.0,512520,sh,MSCI中国ETF华泰柏瑞
2025-04-15,1.139,1.146,1.146,1.139,1115.0,512520,sh,MSCI中国ETF华泰柏瑞
2025-04-16,1.139,1.144,1.146,1.133,14874.0,512520,sh,MSCI中国ETF华泰柏瑞
2025-04-17,1.142,1.144,1.146,1.142,13555.0,512520,sh,MSCI中国ETF华泰柏瑞
2025-04-18,1.143,1.146,1.147,1.143,2677.0,512520,sh,MSCI中国ETF华泰柏瑞
2025-04-21,1.149,1.15,1.151,1.149,5238.0,512520,sh,MSCI中国ETF华泰柏瑞
2025-04-22,1.153,1.151,1.155,1.151,8817.0,512520,sh,MSCI中国ETF华泰柏瑞
2025-04-23,1.154,1.153,1.157,1.153,1631.0,512520,sh,MSCI中国ETF华泰柏瑞
2025-04-24,1.157,1.156,1.157,1.151,4935.0,512520,sh,MSCI中国ETF华泰柏瑞
2025-04-25,1.154,1.153,1.155,1.153,181.0,512520,sh,MSCI中国ETF华泰柏瑞
2025-04-28,1.152,1.15,1.152,1.149,5441.0,512520,sh,MSCI中国ETF华泰柏瑞
2025-04-29,1.146,1.146,1.148,1.146,488.0,512520,sh,MSCI中国ETF华泰柏瑞
2025-04-30,1.149,1.145,1.149,1.145,9191.0,512520,sh,MSCI中国ETF华泰柏瑞
2025-05-06,1.151,1.157,1.158,1.151,8783.0,512520,sh,MSCI中国ETF华泰柏瑞
2025-05-07,1.166,1.164,1.166,1.161,9157.0,512520,sh,MSCI中国ETF华泰柏瑞
2025-05-08,1.17,1.171,1.172,1.169,6047.0,512520,sh,MSCI中国ETF华泰柏瑞
2025-05-09,1.17,1.169,1.171,1.169,6648.0,512520,sh,MSCI中国ETF华泰柏瑞
2025-05-12,1.175,1.18,1.181,1.175,7136.0,512520,sh,MSCI中国ETF华泰柏瑞
2025-05-13,1.184,1.183,1.186,1.182,5707.0,512520,sh,MSCI中国ETF华泰柏瑞
2025-05-14,1.183,1.197,1.2,1.183,4238.0,512520,sh,MSCI中国ETF华泰柏瑞
2025-05-15,1.194,1.19,1.194,1.187,3762.0,512520,sh,MSCI中国ETF华泰柏瑞
2025-05-16,1.18,1.181,1.182,1.18,5352.0,512520,sh,MSCI中国ETF华泰柏瑞
2025-05-19,1.176,1.178,1.178,1.176,6156.0,512520,sh,MSCI中国ETF华泰柏瑞
2025-05-20,1.179,1.184,1.187,1.179,11116.0,512520,sh,MSCI中国ETF华泰柏瑞
2025-05-21,1.189,1.19,1.192,1.188,10105.0,512520,sh,MSCI中国ETF华泰柏瑞
2025-05-22,1.189,1.186,1.189,1.186,7526.0,512520,sh,MSCI中国ETF华泰柏瑞
2025-05-23,1.19,1.178,1.192,1.178,15032.0,512520,sh,MSCI中国ETF华泰柏瑞
2025-05-26,1.178,1.171,1.178,1.168,2696.0,512520,sh,MSCI中国ETF华泰柏瑞
2025-05-27,1.174,1.168,1.174,1.168,4946.0,512520,sh,MSCI中国ETF华泰柏瑞
2025-05-28,1.173,1.168,1.173,1.167,11211.0,512520,sh,MSCI中国ETF华泰柏瑞
2025-05-29,1.168,1.174,1.174,1.168,9444.0,512520,sh,MSCI中国ETF华泰柏瑞
2025-05-30,1.173,1.173,1.173,1.166,11424.0,512520,sh,MSCI中国ETF华泰柏瑞
2025-06-03,1.169,1.171,1.173,1.168,5067.0,512520,sh,MSCI中国ETF华泰柏瑞
2025-06-04,1.176,1.176,1.178,1.175,5493.0,512520,sh,MSCI中国ETF华泰柏瑞
2025-06-05,1.176,1.179,1.181,1.175,12505.0,512520,sh,MSCI中国ETF华泰柏瑞
2025-06-06,1.182,1.182,1.182,1.18,4665.0,512520,sh,MSCI中国ETF华泰柏瑞
2025-06-09,1.184,1.182,1.186,1.18,3827.0,512520,sh,MSCI中国ETF华泰柏瑞
2025-06-10,1.185,1.18,1.188,1.176,20213.0,512520,sh,MSCI中国ETF华泰柏瑞
2025-06-11,1.18,1.187,1.19,1.18,6423.0,512520,sh,MSCI中国ETF华泰柏瑞
2025-06-12,1.183,1.186,1.188,1.183,8377.0,512520,sh,MSCI中国ETF华泰柏瑞
2025-06-13,1.183,1.176,1.184,1.176,7150.0,512520,sh,MSCI中国ETF华泰柏瑞
2025-06-16,1.175,1.179,1.179,1.175,6243.0,512520,sh,MSCI中国ETF华泰柏瑞
2025-06-17,1.181,1.18,1.181,1.177,2461.0,512520,sh,MSCI中国ETF华泰柏瑞
2025-06-18,1.181,1.181,1.182,1.177,8018.0,512520,sh,MSCI中国ETF华泰柏瑞
2025-06-19,1.179,1.17,1.179,1.167,20289.0,512520,sh,MSCI中国ETF华泰柏瑞
2025-06-20,1.172,1.171,1.174,1.171,10533.0,512520,sh,MSCI中国ETF华泰柏瑞
2025-06-23,1.167,1.178,1.179,1.167,8130.0,512520,sh,MSCI中国ETF华泰柏瑞
2025-06-24,1.169,1.189,1.191,1.154,9068.0,512520,sh,MSCI中国ETF华泰柏瑞
2025-06-25,1.166,1.205,1.208,1.166,19886.0,512520,sh,MSCI中国ETF华泰柏瑞
2025-06-26,1.207,1.204,1.209,1.204,12395.0,512520,sh,MSCI中国ETF华泰柏瑞
2025-06-27,1.184,1.198,1.212,1.184,11899.0,512520,sh,MSCI中国ETF华泰柏瑞
2025-06-30,1.178,1.205,1.205,1.178,14568.0,512520,sh,MSCI中国ETF华泰柏瑞
2025-07-01,1.203,1.207,1.208,1.201,16246.0,512520,sh,MSCI中国ETF华泰柏瑞
2025-07-02,1.205,1.206,1.209,1.203,9256.0,512520,sh,MSCI中国ETF华泰柏瑞
2025-07-03,1.208,1.213,1.213,1.207,10814.0,512520,sh,MSCI中国ETF华泰柏瑞
2025-07-04,1.212,1.216,1.224,1.211,10764.0,512520,sh,MSCI中国ETF华泰柏瑞
2025-07-07,1.216,1.214,1.216,1.212,4827.0,512520,sh,MSCI中国ETF华泰柏瑞
2025-07-08,1.215,1.223,1.224,1.215,2041.0,512520,sh,MSCI中国ETF华泰柏瑞
2025-07-09,1.225,1.225,1.23,1.224,4075.0,512520,sh,MSCI中国ETF华泰柏瑞
2025-07-10,1.228,1.23,1.232,1.227,4151.0,512520,sh,MSCI中国ETF华泰柏瑞
2025-07-11,1.23,1.231,1.242,1.23,10728.0,512520,sh,MSCI中国ETF华泰柏瑞
2025-07-14,1.212,1.233,1.238,1.212,5536.0,512520,sh,MSCI中国ETF华泰柏瑞
2025-07-15,1.216,1.231,1.246,1.216,3380.0,512520,sh,MSCI中国ETF华泰柏瑞
2025-07-16,1.232,1.229,1.232,1.228,6316.0,512520,sh,MSCI中国ETF华泰柏瑞
2025-07-17,1.233,1.238,1.239,1.232,9495.0,512520,sh,MSCI中国ETF华泰柏瑞
2025-07-18,1.242,1.246,1.248,1.242,5615.0,512520,sh,MSCI中国ETF华泰柏瑞
2025-07-21,1.255,1.256,1.256,1.25,2513.0,512520,sh,MSCI中国ETF华泰柏瑞
2025-07-22,1.257,1.269,1.269,1.253,5353.0,512520,sh,MSCI中国ETF华泰柏瑞
2025-07-23,1.277,1.268,1.278,1.264,56230.0,512520,sh,MSCI中国ETF华泰柏瑞
2025-07-24,1.267,1.28,1.28,1.267,4724.0,512520,sh,MSCI中国ETF华泰柏瑞
2025-07-25,1.28,1.272,1.28,1.271,4065.0,512520,sh,MSCI中国ETF华泰柏瑞
2025-07-28,1.27,1.277,1.281,1.27,12058.0,512520,sh,MSCI中国ETF华泰柏瑞
2025-07-29,1.28,1.282,1.282,1.273,8846.0,512520,sh,MSCI中国ETF华泰柏瑞
2025-07-30,1.28,1.282,1.29,1.279,6244.0,512520,sh,MSCI中国ETF华泰柏瑞
2025-07-31,1.276,1.259,1.277,1.257,16547.0,512520,sh,MSCI中国ETF华泰柏瑞
2025-08-01,1.264,1.256,1.264,1.252,6787.0,512520,sh,MSCI中国ETF华泰柏瑞
2025-08-04,1.254,1.258,1.258,1.253,2360.0,512520,sh,MSCI中国ETF华泰柏瑞
2025-08-05,1.262,1.267,1.267,1.262,3649.0,512520,sh,MSCI中国ETF华泰柏瑞
2025-08-06,1.27,1.271,1.271,1.269,483.0,512520,sh,MSCI中国ETF华泰柏瑞
2025-08-07,1.276,1.274,1.276,1.267,7595.0,512520,sh,MSCI中国ETF华泰柏瑞
2025-08-08,1.269,1.272,1.276,1.269,2242.0,512520,sh,MSCI中国ETF华泰柏瑞
2025-08-11,1.273,1.276,1.279,1.273,12445.0,512520,sh,MSCI中国ETF华泰柏瑞
2025-08-12,1.279,1.282,1.288,1.279,10356.0,512520,sh,MSCI中国ETF华泰柏瑞
2025-08-13,1.289,1.296,1.297,1.287,5447.0,512520,sh,MSCI中国ETF华泰柏瑞
2025-08-14,1.3,1.292,1.305,1.292,3939.0,512520,sh,MSCI中国ETF华泰柏瑞
2025-08-15,1.292,1.303,1.306,1.292,11635.0,512520,sh,MSCI中国ETF华泰柏瑞
2025-08-18,1.306,1.313,1.323,1.304,13031.0,512520,sh,MSCI中国ETF华泰柏瑞
2025-08-19,1.322,1.314,1.322,1.312,8428.0,512520,sh,MSCI中国ETF华泰柏瑞
2025-08-20,1.32,1.329,1.329,1.308,9056.0,512520,sh,MSCI中国ETF华泰柏瑞
2025-08-21,1.324,1.332,1.337,1.324,7343.0,512520,sh,MSCI中国ETF华泰柏瑞
2025-08-22,1.336,1.358,1.358,1.336,44919.0,512520,sh,MSCI中国ETF华泰柏瑞
2025-08-25,1.349,1.383,1.386,1.349,29658.0,512520,sh,MSCI中国ETF华泰柏瑞
2025-08-26,1.383,1.387,1.393,1.379,34510.0,512520,sh,MSCI中国ETF华泰柏瑞
2025-08-27,1.382,1.364,1.391,1.364,29171.0,512520,sh,MSCI中国ETF华泰柏瑞
2025-08-28,1.365,1.386,1.386,1.353,33429.0,512520,sh,MSCI中国ETF华泰柏瑞
2025-08-29,1.387,1.398,1.403,1.386,5579.0,512520,sh,MSCI中国ETF华泰柏瑞
2025-09-01,1.399,1.402,1.406,1.397,3031.0,512520,sh,MSCI中国ETF华泰柏瑞
2025-09-02,1.407,1.393,1.41,1.384,6350.0,512520,sh,MSCI中国ETF华泰柏瑞
2025-09-03,1.394,1.383,1.394,1.372,18691.0,512520,sh,MSCI中国ETF华泰柏瑞
2025-09-04,1.383,1.353,1.383,1.341,24322.0,512520,sh,MSCI中国ETF华泰柏瑞
2025-09-05,1.349,1.381,1.381,1.345,9338.0,512520,sh,MSCI中国ETF华泰柏瑞
2025-09-08,1.381,1.387,1.387,1.375,35621.0,512520,sh,MSCI中国ETF华泰柏瑞
2025-09-09,1.387,1.375,1.387,1.371,8440.0,512520,sh,MSCI中国ETF华泰柏瑞
2025-09-10,1.378,1.379,1.383,1.373,2609.0,512520,sh,MSCI中国ETF华泰柏瑞
2025-09-11,1.379,1.412,1.412,1.379,4518.0,512520,sh,MSCI中国ETF华泰柏瑞
2025-09-12,1.412,1.405,1.416,1.405,3845.0,512520,sh,MSCI中国ETF华泰柏瑞
2025-09-15,1.411,1.411,1.419,1.41,4767.0,512520,sh,MSCI中国ETF华泰柏瑞
2025-09-16,1.411,1.405,1.416,1.4,7346.0,512520,sh,MSCI中国ETF华泰柏瑞
2025-09-17,1.405,1.415,1.417,1.405,6020.0,512520,sh,MSCI中国ETF华泰柏瑞
2025-09-18,1.415,1.392,1.421,1.386,48255.0,512520,sh,MSCI中国ETF华泰柏瑞
2025-09-19,1.399,1.401,1.406,1.394,31706.0,512520,sh,MSCI中国ETF华泰柏瑞
2025-09-22,1.411,1.401,1.411,1.393,24897.0,512520,sh,MSCI中国ETF华泰柏瑞
2025-09-23,1.395,1.404,1.412,1.385,8572.0,512520,sh,MSCI中国ETF华泰柏瑞
2025-09-24,1.402,1.415,1.415,1.398,35451.0,512520,sh,MSCI中国ETF华泰柏瑞
2025-09-25,1.418,1.425,1.431,1.414,15547.0,512520,sh,MSCI中国ETF华泰柏瑞
2025-09-26,1.425,1.412,1.427,1.412,9184.0,512520,sh,MSCI中国ETF华泰柏瑞
2025-09-29,1.413,1.434,1.44,1.413,2366.0,512520,sh,MSCI中国ETF华泰柏瑞
2025-09-30,1.432,1.439,1.439,1.429,6017.0,512520,sh,MSCI中国ETF华泰柏瑞
2025-10-09,1.442,1.458,1.461,1.442,5429.0,512520,sh,MSCI中国ETF华泰柏瑞
2025-10-10,1.454,1.435,1.454,1.43,4636.0,512520,sh,MSCI中国ETF华泰柏瑞
2025-10-13,1.433,1.422,1.499,1.409,1940.0,512520,sh,MSCI中国ETF华泰柏瑞
2025-10-14,1.438,1.41,1.439,1.403,7413.0,512520,sh,MSCI中国ETF华泰柏瑞
2025-10-15,1.405,1.427,1.43,1.403,7005.0,512520,sh,MSCI中国ETF华泰柏瑞
2025-10-16,1.429,1.425,1.437,1.425,8096.0,512520,sh,MSCI中国ETF华泰柏瑞
2025-10-17,1.412,1.398,1.416,1.398,4587.0,512520,sh,MSCI中国ETF华泰柏瑞
2025-10-20,1.406,1.406,1.414,1.403,3687.0,512520,sh,MSCI中国ETF华泰柏瑞
2025-10-21,1.41,1.427,1.428,1.41,11436.0,512520,sh,MSCI中国ETF华泰柏瑞
2025-10-22,1.422,1.42,1.423,1.419,3423.0,512520,sh,MSCI中国ETF华泰柏瑞
2025-10-23,1.41,1.425,1.429,1.41,1345.0,512520,sh,MSCI中国ETF华泰柏瑞
2025-10-24,1.437,1.44,1.441,1.43,5686.0,512520,sh,MSCI中国ETF华泰柏瑞
2025-10-27,1.457,1.462,1.465,1.454,7603.0,512520,sh,MSCI中国ETF华泰柏瑞
2025-10-28,1.452,1.453,1.466,1.452,1749.0,512520,sh,MSCI中国ETF华泰柏瑞
2025-10-29,1.459,1.472,1.477,1.459,7322.0,512520,sh,MSCI中国ETF华泰柏瑞
2025-10-30,1.477,1.46,1.477,1.46,4613.0,512520,sh,MSCI中国ETF华泰柏瑞
2025-10-31,1.45,1.441,1.46,1.441,5581.0,512520,sh,MSCI中国ETF华泰柏瑞
2025-11-03,1.44,1.448,1.448,1.431,5987.0,512520,sh,MSCI中国ETF华泰柏瑞
2025-11-04,1.448,1.435,1.448,1.428,6688.0,512520,sh,MSCI中国ETF华泰柏瑞
2025-11-05,1.419,1.438,1.439,1.413,5373.0,512520,sh,MSCI中国ETF华泰柏瑞
2025-11-06,1.436,1.457,1.461,1.436,10613.0,512520,sh,MSCI中国ETF华泰柏瑞
2025-11-07,1.45,1.453,1.458,1.45,1069.0,512520,sh,MSCI中国ETF华泰柏瑞
2025-11-10,1.452,1.459,1.459,1.448,3062.0,512520,sh,MSCI中国ETF华泰柏瑞
2025-11-11,1.455,1.442,1.455,1.442,9352.0,512520,sh,MSCI中国ETF华泰柏瑞
2025-11-12,1.437,1.439,1.444,1.434,5000.0,512520,sh,MSCI中国ETF华泰柏瑞
2025-11-13,1.443,1.457,1.457,1.442,9401.0,512520,sh,MSCI中国ETF华泰柏瑞
2025-11-14,1.448,1.434,1.451,1.434,4304.0,512520,sh,MSCI中国ETF华泰柏瑞
2025-11-17,1.421,1.427,1.432,1.421,7137.0,512520,sh,MSCI中国ETF华泰柏瑞
2025-11-18,1.422,1.417,1.428,1.413,3940.0,512520,sh,MSCI中国ETF华泰柏瑞
2025-11-19,1.419,1.422,1.427,1.416,6808.0,512520,sh,MSCI中国ETF华泰柏瑞
2025-11-20,1.429,1.414,1.429,1.412,12764.0,512520,sh,MSCI中国ETF华泰柏瑞
2025-11-21,1.403,1.38,1.403,1.378,10263.0,512520,sh,MSCI中国ETF华泰柏瑞
2025-11-24,1.38,1.378,1.382,1.371,682.0,512520,sh,MSCI中国ETF华泰柏瑞
2025-11-25,1.378,1.39,1.399,1.378,5472.0,512520,sh,MSCI中国ETF华泰柏瑞
2025-11-26,1.393,1.395,1.402,1.393,10104.0,512520,sh,MSCI中国ETF华泰柏瑞
2025-11-27,1.398,1.399,1.412,1.398,6069.0,512520,sh,MSCI中国ETF华泰柏瑞
2025-11-28,1.393,1.406,1.406,1.393,1796.0,512520,sh,MSCI中国ETF华泰柏瑞
2025-12-01,1.404,1.413,1.413,1.404,2557.0,512520,sh,MSCI中国ETF华泰柏瑞
2025-12-02,1.412,1.409,1.412,1.406,3204.0,512520,sh,MSCI中国ETF华泰柏瑞
2025-12-03,1.412,1.404,1.412,1.401,1479.0,512520,sh,MSCI中国ETF华泰柏瑞
2025-12-04,1.402,1.402,1.407,1.4,3120.0,512520,sh,MSCI中国ETF华泰柏瑞
2025-12-05,1.407,1.419,1.419,1.403,1330.0,512520,sh,MSCI中国ETF华泰柏瑞
2025-12-08,1.422,1.427,1.435,1.421,4043.0,512520,sh,MSCI中国ETF华泰柏瑞
2025-12-09,1.428,1.422,1.428,1.418,5726.0,512520,sh,MSCI中国ETF华泰柏瑞
2025-12-10,1.412,1.422,1.422,1.408,2984.0,512520,sh,MSCI中国ETF华泰柏瑞
2025-12-11,1.422,1.407,1.425,1.407,511.0,512520,sh,MSCI中国ETF华泰柏瑞
2025-12-12,1.409,1.419,1.42,1.403,2099.0,512520,sh,MSCI中国ETF华泰柏瑞
2025-12-15,1.418,1.411,1.422,1.411,1841.0,512520,sh,MSCI中国ETF华泰柏瑞
2025-12-16,1.403,1.394,1.403,1.392,2551.0,512520,sh,MSCI中国ETF华泰柏瑞
2025-12-17,1.398,1.418,1.421,1.396,3233.0,512520,sh,MSCI中国ETF华泰柏瑞
2025-12-18,1.414,1.413,1.418,1.409,4966.0,512520,sh,MSCI中国ETF华泰柏瑞
2025-12-19,1.414,1.42,1.424,1.413,3152.0,512520,sh,MSCI中国ETF华泰柏瑞
2025-12-22,1.424,1.431,1.431,1.423,1892.0,512520,sh,MSCI中国ETF华泰柏瑞
2025-12-23,1.431,1.432,1.442,1.431,1514.0,512520,sh,MSCI中国ETF华泰柏瑞
2025-12-24,1.436,1.44,1.441,1.43,1282.0,512520,sh,MSCI中国ETF华泰柏瑞
2025-12-25,1.435,1.444,1.445,1.435,927.0,512520,sh,MSCI中国ETF华泰柏瑞
2025-12-26,1.447,1.446,1.454,1.442,4261.0,512520,sh,MSCI中国ETF华泰柏瑞
2025-12-29,1.454,1.441,1.455,1.44,4412.0,512520,sh,MSCI中国ETF华泰柏瑞
2025-12-30,1.444,1.443,1.447,1.443,930.0,512520,sh,MSCI中国ETF华泰柏瑞
2025-12-31,1.448,1.439,1.448,1.439,107.0,512520,sh,MSCI中国ETF华泰柏瑞
2026-01-05,1.455,1.463,1.463,1.451,3634.0,512520,sh,MSCI中国ETF华泰柏瑞
2026-01-06,1.472,1.489,1.491,1.472,5775.0,512520,sh,MSCI中国ETF华泰柏瑞
2026-01-07,1.493,1.49,1.493,1.481,4651.0,512520,sh,MSCI中国ETF华泰柏瑞
2026-01-08,1.49,1.476,1.49,1.467,11874.0,512520,sh,MSCI中国ETF华泰柏瑞
2026-01-09,1.474,1.485,1.485,1.473,12302.0,512520,sh,MSCI中国ETF华泰柏瑞
2026-01-12,1.487,1.495,1.495,1.478,465.0,512520,sh,MSCI中国ETF华泰柏瑞
2026-01-13,1.488,1.496,1.508,1.488,4636.0,512520,sh,MSCI中国ETF华泰柏瑞
2026-01-14,1.57,1.484,1.58,1.477,40945.0,512520,sh,MSCI中国ETF华泰柏瑞
2026-01-15,1.477,1.481,1.495,1.473,7830.0,512520,sh,MSCI中国ETF华泰柏瑞
2026-01-16,1.492,1.48,1.493,1.471,1293.0,512520,sh,MSCI中国ETF华泰柏瑞
2026-01-19,1.496,1.481,1.496,1.477,8254.0,512520,sh,MSCI中国ETF华泰柏瑞
2026-01-20,1.48,1.478,1.487,1.468,2287.0,512520,sh,MSCI中国ETF华泰柏瑞
2026-01-21,1.47,1.476,1.49,1.469,5324.0,512520,sh,MSCI中国ETF华泰柏瑞
2026-01-22,1.488,1.482,1.489,1.476,6091.0,512520,sh,MSCI中国ETF华泰柏瑞
2026-01-23,1.48,1.478,1.488,1.477,11109.0,512520,sh,MSCI中国ETF华泰柏瑞
2026-01-26,1.484,1.491,1.497,1.476,4807.0,512520,sh,MSCI中国ETF华泰柏瑞
2026-01-27,1.484,1.481,1.489,1.473,1585.0,512520,sh,MSCI中国ETF华泰柏瑞
2026-01-28,1.481,1.485,1.494,1.481,6142.0,512520,sh,MSCI中国ETF华泰柏瑞
2026-01-29,1.479,1.491,1.497,1.479,7728.0,512520,sh,MSCI中国ETF华泰柏瑞
2026-01-30,1.477,1.475,1.483,1.458,8089.0,512520,sh,MSCI中国ETF华泰柏瑞
2026-02-02,1.46,1.437,1.476,1.436,15208.0,512520,sh,MSCI中国ETF华泰柏瑞
2026-02-03,1.44,1.458,1.462,1.435,11022.0,512520,sh,MSCI中国ETF华泰柏瑞
2026-02-04,1.458,1.473,1.473,1.456,3249.0,512520,sh,MSCI中国ETF华泰柏瑞
2026-02-05,1.462,1.466,1.466,1.455,5460.0,512520,sh,MSCI中国ETF华泰柏瑞
2026-02-06,1.451,1.464,1.469,1.443,3496.0,512520,sh,MSCI中国ETF华泰柏瑞
2026-02-09,1.5,1.477,1.5,1.457,2802.0,512520,sh,MSCI中国ETF华泰柏瑞
2026-02-10,1.477,1.48,1.482,1.462,4582.0,512520,sh,MSCI中国ETF华泰柏瑞
2026-02-11,1.478,1.482,1.484,1.478,861.0,512520,sh,MSCI中国ETF华泰柏瑞
2026-02-12,1.481,1.482,1.487,1.481,1409.0,512520,sh,MSCI中国ETF华泰柏瑞
2026-02-13,1.472,1.464,1.48,1.461,6122.0,512520,sh,MSCI中国ETF华泰柏瑞
2026-02-24,1.464,1.484,1.484,1.464,1372.0,512520,sh,MSCI中国ETF华泰柏瑞
2026-02-25,1.481,1.489,1.496,1.481,1420.0,512520,sh,MSCI中国ETF华泰柏瑞
2026-02-26,1.486,1.485,1.489,1.484,2856.0,512520,sh,MSCI中国ETF华泰柏瑞
2026-02-27,1.483,1.485,1.49,1.48,5424.0,512520,sh,MSCI中国ETF华泰柏瑞
2026-03-02,1.485,1.492,1.492,1.475,14651.0,512520,sh,MSCI中国ETF华泰柏瑞
2026-03-03,1.494,1.468,1.498,1.467,9648.0,512520,sh,MSCI中国ETF华泰柏瑞
2026-03-04,1.45,1.447,1.461,1.442,8841.0,512520,sh,MSCI中国ETF华泰柏瑞
2026-03-05,1.454,1.462,1.469,1.454,3786.0,512520,sh,MSCI中国ETF华泰柏瑞
2026-03-06,1.454,1.466,1.469,1.454,3141.0,512520,sh,MSCI中国ETF华泰柏瑞
2026-03-09,1.454,1.457,1.457,1.435,7861.0,512520,sh,MSCI中国ETF华泰柏瑞
2026-03-10,1.46,1.473,1.473,1.46,4769.0,512520,sh,MSCI中国ETF华泰柏瑞
2026-03-11,1.477,1.48,1.482,1.477,4459.0,512520,sh,MSCI中国ETF华泰柏瑞
2026-03-12,1.483,1.476,1.483,1.469,2717.0,512520,sh,MSCI中国ETF华泰柏瑞
2026-03-13,1.476,1.469,1.479,1.469,689.0,512520,sh,MSCI中国ETF华泰柏瑞
2026-03-16,1.465,1.468,1.468,1.453,609.0,512520,sh,MSCI中国ETF华泰柏瑞
2026-03-17,1.464,1.455,1.479,1.455,438.0,512520,sh,MSCI中国ETF华泰柏瑞
2026-03-18,1.451,1.456,1.456,1.445,1709.0,512520,sh,MSCI中国ETF华泰柏瑞
2026-03-19,1.445,1.43,1.449,1.43,4614.0,512520,sh,MSCI中国ETF华泰柏瑞
2026-03-20,1.444,1.424,1.444,1.424,1146.0,512520,sh,MSCI中国ETF华泰柏瑞
2026-03-23,1.402,1.398,1.406,1.349,1442.0,512520,sh,MSCI中国ETF华泰柏瑞
2026-03-24,1.408,1.393,1.408,1.37,3544.0,512520,sh,MSCI中国ETF华泰柏瑞
2026-03-25,1.405,1.417,1.417,1.405,2257.0,512520,sh,MSCI中国ETF华泰柏瑞
2026-03-26,1.412,1.4,1.412,1.4,216.0,512520,sh,MSCI中国ETF华泰柏瑞
2026-03-27,1.39,1.406,1.408,1.39,4668.0,512520,sh,MSCI中国ETF华泰柏瑞
2026-03-30,1.399,1.403,1.405,1.391,1048.0,512520,sh,MSCI中国ETF华泰柏瑞
2026-03-31,1.403,1.393,1.411,1.393,1497.0,512520,sh,MSCI中国ETF华泰柏瑞
2026-04-01,1.405,1.412,1.412,1.405,929.0,512520,sh,MSCI中国ETF华泰柏瑞
2026-04-02,1.405,1.396,1.406,1.394,7886.0,512520,sh,MSCI中国ETF华泰柏瑞
2026-04-03,1.392,1.386,1.394,1.381,1143.0,512520,sh,MSCI中国ETF华泰柏瑞
2026-04-07,1.391,1.388,1.391,1.383,64.0,512520,sh,MSCI中国ETF华泰柏瑞
2026-04-08,1.401,1.432,1.434,1.401,2600.0,512520,sh,MSCI中国ETF华泰柏瑞
2026-04-09,1.423,1.43,1.434,1.423,235.0,512520,sh,MSCI中国ETF华泰柏瑞
2026-04-10,1.438,1.445,1.45,1.438,2320.0,512520,sh,MSCI中国ETF华泰柏瑞
2026-04-13,1.443,1.447,1.45,1.44,2334.0,512520,sh,MSCI中国ETF华泰柏瑞
2026-04-14,1.447,1.464,1.464,1.447,920.0,512520,sh,MSCI中国ETF华泰柏瑞
2026-04-15,1.467,1.458,1.467,1.458,334.0,512520,sh,MSCI中国ETF华泰柏瑞
2026-04-16,1.443,1.474,1.474,1.443,3827.0,512520,sh,MSCI中国ETF华泰柏瑞
2026-04-17,1.5,1.479,1.5,1.474,2336.0,512520,sh,MSCI中国ETF华泰柏瑞
2026-04-20,1.476,1.484,1.485,1.476,4332.0,512520,sh,MSCI中国ETF华泰柏瑞
2026-04-21,1.481,1.488,1.488,1.475,2928.0,512520,sh,MSCI中国ETF华泰柏瑞
2026-04-22,1.485,1.496,1.496,1.485,1444.0,512520,sh,MSCI中国ETF华泰柏瑞
2026-04-23,1.5,1.495,1.503,1.491,10603.0,512520,sh,MSCI中国ETF华泰柏瑞
2026-04-24,1.48,1.486,1.486,1.476,6012.0,512520,sh,MSCI中国ETF华泰柏瑞
2026-04-27,1.492,1.49,1.495,1.489,2665.0,512520,sh,MSCI中国ETF华泰柏瑞
2026-04-28,1.486,1.484,1.492,1.482,4107.0,512520,sh,MSCI中国ETF华泰柏瑞
2026-04-29,1.49,1.5,1.501,1.479,4191.0,512520,sh,MSCI中国ETF华泰柏瑞
2026-04-30,1.503,1.501,1.504,1.497,9354.0,512520,sh,MSCI中国ETF华泰柏瑞
2026-05-06,1.501,1.531,1.532,1.501,2777.0,512520,sh,MSCI中国ETF华泰柏瑞
2026-05-07,1.53,1.536,1.536,1.528,3381.0,512520,sh,MSCI中国ETF华泰柏瑞
2026-05-08,1.527,1.527,1.533,1.527,4045.0,512520,sh,MSCI中国ETF华泰柏瑞
2026-05-11,1.538,1.553,1.553,1.535,8714.0,512520,sh,MSCI中国ETF华泰柏瑞
2026-05-12,1.555,1.552,1.555,1.549,3778.0,512520,sh,MSCI中国ETF华泰柏瑞
2026-05-13,1.552,1.566,1.566,1.547,7980.0,512520,sh,MSCI中国ETF华泰柏瑞
2026-05-14,1.566,1.541,1.575,1.541,4526.0,512520,sh,MSCI中国ETF华泰柏瑞
2026-05-15,1.537,1.521,1.57,1.511,3801.0,512520,sh,MSCI中国ETF华泰柏瑞
2026-05-18,1.536,1.513,1.536,1.507,1456.0,512520,sh,MSCI中国ETF华泰柏瑞
2026-05-19,1.499,1.525,1.525,1.499,6582.0,512520,sh,MSCI中国ETF华泰柏瑞
2026-05-20,1.519,1.522,1.522,1.517,2763.0,512520,sh,MSCI中国ETF华泰柏瑞
2026-05-21,1.537,1.499,1.547,1.499,6871.0,512520,sh,MSCI中国ETF华泰柏瑞
2026-05-22,1.508,1.52,1.52,1.505,2763.0,512520,sh,MSCI中国ETF华泰柏瑞
2026-05-25,1.528,1.538,1.538,1.526,5137.0,512520,sh,MSCI中国ETF华泰柏瑞
2026-05-26,1.532,1.55,1.55,1.532,527.0,512520,sh,MSCI中国ETF华泰柏瑞
2026-05-27,1.541,1.536,1.555,1.536,6763.0,512520,sh,MSCI中国ETF华泰柏瑞
2026-05-28,1.525,1.532,1.534,1.505,3885.0,512520,sh,MSCI中国ETF华泰柏瑞
2026-05-29,1.543,1.525,1.543,1.522,3139.0,512520,sh,MSCI中国ETF华泰柏瑞
2026-06-01,1.525,1.51,1.537,1.509,806.0,512520,sh,MSCI中国ETF华泰柏瑞
2026-06-02,1.51,1.529,1.531,1.51,1472.0,512520,sh,MSCI中国ETF华泰柏瑞
2026-06-03,1.572,1.533,1.572,1.528,4636.0,512520,sh,MSCI中国ETF华泰柏瑞
2026-06-04,1.526,1.525,1.528,1.522,1399.0,512520,sh,MSCI中国ETF华泰柏瑞
2026-06-05,1.524,1.499,1.527,1.496,1881.0,512520,sh,MSCI中国ETF华泰柏瑞
2026-06-08,1.489,1.464,1.489,1.459,1104.0,512520,sh,MSCI中国ETF华泰柏瑞
2026-06-09,1.479,1.495,1.495,1.472,2710.0,512520,sh,MSCI中国ETF华泰柏瑞
2026-06-10,1.485,1.475,1.485,1.47,3937.0,512520,sh,MSCI中国ETF华泰柏瑞
2026-06-11,1.46,1.471,1.483,1.46,1414.0,512520,sh,MSCI中国ETF华泰柏瑞
2026-06-12,1.486,1.496,1.505,1.486,2085.0,512520,sh,MSCI中国ETF华泰柏瑞
2026-06-15,1.511,1.528,1.528,1.496,2250.0,512520,sh,MSCI中国ETF华泰柏瑞
2026-06-16,1.528,1.532,1.535,1.526,1986.0,512520,sh,MSCI中国ETF华泰柏瑞
2026-06-17,1.53,1.542,1.542,1.53,4366.0,512520,sh,MSCI中国ETF华泰柏瑞
2026-06-18,1.542,1.547,1.556,1.542,8351.0,512520,sh,MSCI中国ETF华泰柏瑞
2026-06-22,1.548,1.584,1.589,1.538,7790.0,512520,sh,MSCI中国ETF华泰柏瑞
2026-06-23,1.583,1.562,1.583,1.552,597.0,512520,sh,MSCI中国ETF华泰柏瑞
2026-06-24,1.546,1.551,1.556,1.541,3975.0,512520,sh,MSCI中国ETF华泰柏瑞
2026-06-25,1.554,1.57,1.574,1.554,1743.0,512520,sh,MSCI中国ETF华泰柏瑞
2026-06-26,1.563,1.531,1.57,1.528,4009.0,512520,sh,MSCI中国ETF华泰柏瑞
2026-06-29,1.531,1.546,1.546,1.51,3154.0,512520,sh,MSCI中国ETF华泰柏瑞
2026-06-30,1.546,1.561,1.561,1.546,1225.0,512520,sh,MSCI中国ETF华泰柏瑞
2026-07-01,1.564,1.559,1.575,1.556,6106.0,512520,sh,MSCI中国ETF华泰柏瑞
2026-07-02,1.536,1.515,1.54,1.515,5636.0,512520,sh,MSCI中国ETF华泰柏瑞
2026-07-03,1.519,1.53,1.535,1.519,1125.0,512520,sh,MSCI中国ETF华泰柏瑞
