date,open,close,high,low,volume,code,market,name
2020-01-02,1.073,1.098,1.098,1.073,1133.0,513800,sh,日本东证指数ETF南方
2020-01-03,1.098,1.09,1.098,1.086,481.0,513800,sh,日本东证指数ETF南方
2020-01-06,1.07,1.083,1.098,1.07,2123.0,513800,sh,日本东证指数ETF南方
2020-01-07,1.084,1.09,1.091,1.084,1707.0,513800,sh,日本东证指数ETF南方
2020-01-08,1.058,1.058,1.083,1.057,5853.0,513800,sh,日本东证指数ETF南方
2020-01-09,1.069,1.078,1.083,1.069,1611.0,513800,sh,日本东证指数ETF南方
2020-01-10,1.08,1.077,1.081,1.077,1586.0,513800,sh,日本东证指数ETF南方
2020-01-13,1.078,1.076,1.08,1.075,662.0,513800,sh,日本东证指数ETF南方
2020-01-14,1.069,1.067,1.074,1.065,1621.0,513800,sh,日本东证指数ETF南方
2020-01-15,1.067,1.069,1.07,1.067,2873.0,513800,sh,日本东证指数ETF南方
2020-01-16,1.069,1.065,1.069,1.065,1093.0,513800,sh,日本东证指数ETF南方
2020-01-17,1.071,1.065,1.071,1.062,318.0,513800,sh,日本东证指数ETF南方
2020-01-20,1.07,1.066,1.07,1.065,56.0,513800,sh,日本东证指数ETF南方
2020-01-21,1.065,1.07,1.075,1.058,2486.0,513800,sh,日本东证指数ETF南方
2020-01-22,1.069,1.081,1.084,1.051,1824.0,513800,sh,日本东证指数ETF南方
2020-01-23,1.081,1.079,1.082,1.056,1752.0,513800,sh,日本东证指数ETF南方
2020-02-03,0.99,1.069,1.079,0.972,2722.0,513800,sh,日本东证指数ETF南方
2020-02-04,1.068,1.061,1.081,1.035,4216.0,513800,sh,日本东证指数ETF南方
2020-02-05,1.06,1.062,1.069,1.06,4454.0,513800,sh,日本东证指数ETF南方
2020-02-06,1.069,1.078,1.088,1.069,2484.0,513800,sh,日本东证指数ETF南方
2020-02-07,1.076,1.078,1.079,1.076,3970.0,513800,sh,日本东证指数ETF南方
2020-02-10,1.079,1.072,1.08,1.066,5170.0,513800,sh,日本东证指数ETF南方
2020-02-11,1.068,1.07,1.078,1.067,6463.0,513800,sh,日本东证指数ETF南方
2020-02-12,1.064,1.07,1.07,1.064,3670.0,513800,sh,日本东证指数ETF南方
2020-02-13,1.07,1.062,1.07,1.062,6542.0,513800,sh,日本东证指数ETF南方
2020-02-14,1.06,1.059,1.064,1.057,1771.0,513800,sh,日本东证指数ETF南方
2020-02-17,1.055,1.052,1.055,1.046,3081.0,513800,sh,日本东证指数ETF南方
2020-02-18,1.048,1.045,1.048,1.042,4235.0,513800,sh,日本东证指数ETF南方
2020-02-19,1.043,1.044,1.047,1.042,2336.0,513800,sh,日本东证指数ETF南方
2020-02-20,1.047,1.037,1.048,1.037,3116.0,513800,sh,日本东证指数ETF南方
2020-02-21,1.036,1.03,1.039,1.03,1109.0,513800,sh,日本东证指数ETF南方
2020-02-24,1.026,1.013,1.026,1.005,9468.0,513800,sh,日本东证指数ETF南方
2020-02-25,1.0,1.012,1.016,1.0,5745.0,513800,sh,日本东证指数ETF南方
2020-02-26,1.0,1.001,1.005,0.995,1094.0,513800,sh,日本东证指数ETF南方
2020-02-27,0.99,0.985,0.995,0.982,2619.0,513800,sh,日本东证指数ETF南方
2020-02-28,0.969,0.961,0.97,0.954,1923.0,513800,sh,日本东证指数ETF南方
2020-03-02,0.955,0.966,0.98,0.955,2906.0,513800,sh,日本东证指数ETF南方
2020-03-03,0.967,0.962,0.979,0.962,6407.0,513800,sh,日本东证指数ETF南方
2020-03-04,0.966,0.963,0.967,0.961,2438.0,513800,sh,日本东证指数ETF南方
2020-03-05,0.966,0.963,0.966,0.962,2941.0,513800,sh,日本东证指数ETF南方
2020-03-06,0.956,0.95,0.956,0.946,2706.0,513800,sh,日本东证指数ETF南方
2020-03-09,0.935,0.913,0.935,0.913,4163.0,513800,sh,日本东证指数ETF南方
2020-03-10,0.925,0.93,0.94,0.911,3882.0,513800,sh,日本东证指数ETF南方
2020-03-11,0.925,0.907,0.925,0.907,3199.0,513800,sh,日本东证指数ETF南方
2020-03-12,0.89,0.872,0.91,0.87,6823.0,513800,sh,日本东证指数ETF南方
2020-03-13,0.82,0.825,0.87,0.795,10301.0,513800,sh,日本东证指数ETF南方
2020-03-16,0.822,0.799,0.826,0.799,4871.0,513800,sh,日本东证指数ETF南方
2020-03-17,0.82,0.818,0.82,0.8,3740.0,513800,sh,日本东证指数ETF南方
2020-03-18,0.83,0.817,0.867,0.817,6662.0,513800,sh,日本东证指数ETF南方
2020-03-19,0.828,0.817,0.84,0.796,1653.0,513800,sh,日本东证指数ETF南方
2020-03-20,0.818,0.842,0.848,0.818,1491.0,513800,sh,日本东证指数ETF南方
2020-03-23,0.83,0.824,0.838,0.812,3236.0,513800,sh,日本东证指数ETF南方
2020-03-24,0.845,0.858,0.868,0.818,2069.0,513800,sh,日本东证指数ETF南方
2020-03-25,0.9,0.881,0.9,0.862,5602.0,513800,sh,日本东证指数ETF南方
2020-03-26,0.85,0.874,0.877,0.85,4665.0,513800,sh,日本东证指数ETF南方
2020-03-27,0.893,0.918,0.92,0.88,6510.0,513800,sh,日本东证指数ETF南方
2020-03-30,0.91,0.911,0.915,0.89,992.0,513800,sh,日本东证指数ETF南方
2020-03-31,0.92,0.891,0.927,0.87,9712.0,513800,sh,日本东证指数ETF南方
2020-04-01,0.891,0.877,0.909,0.876,1349.0,513800,sh,日本东证指数ETF南方
2020-04-02,0.867,0.88,0.88,0.855,2934.0,513800,sh,日本东证指数ETF南方
2020-04-03,0.875,0.856,0.875,0.85,3219.0,513800,sh,日本东证指数ETF南方
2020-04-07,0.885,0.892,0.896,0.885,5774.0,513800,sh,日本东证指数ETF南方
2020-04-08,0.898,0.892,0.914,0.892,3253.0,513800,sh,日本东证指数ETF南方
2020-04-09,0.909,0.9,0.909,0.889,642.0,513800,sh,日本东证指数ETF南方
2020-04-10,0.912,0.91,0.912,0.892,1355.0,513800,sh,日本东证指数ETF南方
2020-04-13,0.908,0.9,0.91,0.892,528.0,513800,sh,日本东证指数ETF南方
2020-04-14,0.917,0.915,0.929,0.907,1205.0,513800,sh,日本东证指数ETF南方
2020-04-15,0.92,0.925,0.931,0.912,669.0,513800,sh,日本东证指数ETF南方
2020-04-16,0.923,0.919,0.923,0.908,420.0,513800,sh,日本东证指数ETF南方
2020-04-17,0.932,0.932,0.932,0.921,757.0,513800,sh,日本东证指数ETF南方
2020-04-20,0.921,0.926,0.926,0.921,1267.0,513800,sh,日本东证指数ETF南方
2020-04-21,0.926,0.912,0.929,0.907,337.0,513800,sh,日本东证指数ETF南方
2020-04-22,0.908,0.913,0.914,0.902,1770.0,513800,sh,日本东证指数ETF南方
2020-04-23,0.914,0.922,0.924,0.914,1759.0,513800,sh,日本东证指数ETF南方
2020-04-24,0.914,0.914,0.914,0.911,120.0,513800,sh,日本东证指数ETF南方
2020-04-27,0.917,0.935,0.935,0.917,1523.0,513800,sh,日本东证指数ETF南方
2020-04-28,0.924,0.937,0.941,0.924,323.0,513800,sh,日本东证指数ETF南方
2020-04-29,0.946,0.95,0.967,0.936,1105.0,513800,sh,日本东证指数ETF南方
2020-04-30,0.965,0.946,0.966,0.943,1102.0,513800,sh,日本东证指数ETF南方
2020-05-06,0.926,0.939,0.939,0.926,608.0,513800,sh,日本东证指数ETF南方
2020-05-07,0.937,0.94,0.94,0.932,494.0,513800,sh,日本东证指数ETF南方
2020-05-08,0.943,0.949,0.953,0.943,382.0,513800,sh,日本东证指数ETF南方
2020-05-11,0.952,0.952,0.953,0.951,484.0,513800,sh,日本东证指数ETF南方
2020-05-12,0.952,0.956,0.958,0.951,576.0,513800,sh,日本东证指数ETF南方
2020-05-13,0.951,0.965,0.965,0.943,541.0,513800,sh,日本东证指数ETF南方
2020-05-14,0.949,0.94,0.961,0.94,1836.0,513800,sh,日本东证指数ETF南方
2020-05-15,0.94,0.941,0.943,0.939,271.0,513800,sh,日本东证指数ETF南方
2020-05-18,0.941,0.943,0.951,0.941,150.0,513800,sh,日本东证指数ETF南方
2020-05-19,0.958,0.968,0.968,0.954,1172.0,513800,sh,日本东证指数ETF南方
2020-05-20,0.966,0.964,0.966,0.955,224.0,513800,sh,日本东证指数ETF南方
2020-05-21,0.964,0.959,0.964,0.959,91.0,513800,sh,日本东证指数ETF南方
2020-05-22,0.952,0.956,0.958,0.948,347.0,513800,sh,日本东证指数ETF南方
2020-05-25,0.957,0.972,0.973,0.957,2015.0,513800,sh,日本东证指数ETF南方
2020-05-26,0.979,0.99,0.99,0.979,863.0,513800,sh,日本东证指数ETF南方
2020-05-27,0.99,0.998,0.998,0.985,1100.0,513800,sh,日本东证指数ETF南方
2020-05-28,1.006,1.013,1.028,1.003,4784.0,513800,sh,日本东证指数ETF南方
2020-05-29,1.014,1.019,1.024,1.008,1244.0,513800,sh,日本东证指数ETF南方
2020-06-01,1.026,1.021,1.03,1.01,5948.0,513800,sh,日本东证指数ETF南方
2020-06-02,1.029,1.031,1.032,1.023,1855.0,513800,sh,日本东证指数ETF南方
2020-06-03,1.041,1.026,1.041,1.026,2923.0,513800,sh,日本东证指数ETF南方
2020-06-04,1.025,1.032,1.033,1.011,3828.0,513800,sh,日本东证指数ETF南方
2020-06-05,1.027,1.03,1.034,1.019,2771.0,513800,sh,日本东证指数ETF南方
2020-06-08,1.031,1.03,1.034,1.025,1297.0,513800,sh,日本东证指数ETF南方
2020-06-09,1.032,1.039,1.039,1.03,3451.0,513800,sh,日本东证指数ETF南方
2020-06-10,1.032,1.04,1.045,1.032,1538.0,513800,sh,日本东证指数ETF南方
2020-06-11,1.037,1.031,1.039,1.027,5300.0,513800,sh,日本东证指数ETF南方
2020-06-12,0.991,1.033,1.034,0.991,821.0,513800,sh,日本东证指数ETF南方
2020-06-15,1.02,0.992,1.02,0.991,2414.0,513800,sh,日本东证指数ETF南方
2020-06-16,1.012,1.019,1.03,1.012,1624.0,513800,sh,日本东证指数ETF南方
2020-06-17,1.036,1.028,1.036,1.017,663.0,513800,sh,日本东证指数ETF南方
2020-06-18,1.028,1.028,1.028,1.028,52.0,513800,sh,日本东证指数ETF南方
2020-06-19,1.037,1.035,1.037,1.025,73.0,513800,sh,日本东证指数ETF南方
2020-06-22,1.033,1.029,1.034,1.023,1487.0,513800,sh,日本东证指数ETF南方
2020-06-23,1.022,1.028,1.028,1.021,324.0,513800,sh,日本东证指数ETF南方
2020-06-24,1.031,1.029,1.031,1.025,1598.0,513800,sh,日本东证指数ETF南方
2020-06-29,1.014,1.013,1.026,1.006,1371.0,513800,sh,日本东证指数ETF南方
2020-06-30,1.015,1.021,1.021,1.015,2858.0,513800,sh,日本东证指数ETF南方
2020-07-01,1.013,1.005,1.021,0.998,1113.0,513800,sh,日本东证指数ETF南方
2020-07-02,1.002,1.004,1.005,1.0,934.0,513800,sh,日本东证指数ETF南方
2020-07-03,1.014,0.999,1.016,0.995,262.0,513800,sh,日本东证指数ETF南方
2020-07-06,1.001,1.021,1.021,1.0,1553.0,513800,sh,日本东证指数ETF南方
2020-07-07,1.021,1.011,1.021,1.011,1701.0,513800,sh,日本东证指数ETF南方
2020-07-08,1.003,1.011,1.016,1.002,994.0,513800,sh,日本东证指数ETF南方
2020-07-09,1.0,1.004,1.013,1.0,1268.0,513800,sh,日本东证指数ETF南方
2020-07-10,1.001,0.985,1.008,0.983,1170.0,513800,sh,日本东证指数ETF南方
2020-07-13,1.012,0.996,1.012,0.985,2967.0,513800,sh,日本东证指数ETF南方
2020-07-14,0.996,0.993,1.0,0.991,6057.0,513800,sh,日本东证指数ETF南方
2020-07-15,1.001,1.016,1.019,1.001,5562.0,513800,sh,日本东证指数ETF南方
2020-07-16,1.016,1.033,1.064,1.003,4099.0,513800,sh,日本东证指数ETF南方
2020-07-17,1.029,1.03,1.046,1.012,1203.0,513800,sh,日本东证指数ETF南方
2020-07-20,1.03,1.01,1.123,1.004,6337.0,513800,sh,日本东证指数ETF南方
2020-07-21,1.01,1.015,1.045,1.004,2505.0,513800,sh,日本东证指数ETF南方
2020-07-22,1.011,1.016,1.019,1.01,4273.0,513800,sh,日本东证指数ETF南方
2020-07-23,1.016,1.012,1.016,1.006,1655.0,513800,sh,日本东证指数ETF南方
2020-07-24,1.018,1.001,1.018,0.996,3739.0,513800,sh,日本东证指数ETF南方
2020-07-27,1.003,1.015,1.015,1.003,1261.0,513800,sh,日本东证指数ETF南方
2020-07-28,1.011,1.019,1.038,1.011,3386.0,513800,sh,日本东证指数ETF南方
2020-07-29,1.02,1.013,1.021,1.013,720.0,513800,sh,日本东证指数ETF南方
2020-07-30,1.014,1.014,1.019,1.007,2280.0,513800,sh,日本东证指数ETF南方
2020-07-31,0.992,1.005,1.012,0.992,1326.0,513800,sh,日本东证指数ETF南方
2020-08-03,1.004,0.995,1.013,0.988,1740.0,513800,sh,日本东证指数ETF南方
2020-08-04,0.998,1.011,1.013,0.997,1736.0,513800,sh,日本东证指数ETF南方
2020-08-05,1.004,1.013,1.013,1.004,696.0,513800,sh,日本东证指数ETF南方
2020-08-06,1.007,1.001,1.007,1.001,301.0,513800,sh,日本东证指数ETF南方
2020-08-07,1.001,0.998,1.005,0.995,970.0,513800,sh,日本东证指数ETF南方
2020-08-10,1.004,1.004,1.006,1.004,159.0,513800,sh,日本东证指数ETF南方
2020-08-11,1.016,1.01,1.02,1.008,1472.0,513800,sh,日本东证指数ETF南方
2020-08-12,1.019,1.036,1.039,1.01,5420.0,513800,sh,日本东证指数ETF南方
2020-08-13,1.041,1.035,1.041,1.026,2129.0,513800,sh,日本东证指数ETF南方
2020-08-14,1.035,1.039,1.039,1.027,736.0,513800,sh,日本东证指数ETF南方
2020-08-17,1.033,1.03,1.053,1.029,1217.0,513800,sh,日本东证指数ETF南方
2020-08-18,1.024,1.032,1.039,1.024,1780.0,513800,sh,日本东证指数ETF南方
2020-08-19,1.032,1.038,1.04,1.03,366.0,513800,sh,日本东证指数ETF南方
2020-08-20,1.03,1.029,1.03,1.023,2071.0,513800,sh,日本东证指数ETF南方
2020-08-21,1.029,1.029,1.029,1.029,14.0,513800,sh,日本东证指数ETF南方
2020-08-24,1.026,1.028,1.033,1.023,348.0,513800,sh,日本东证指数ETF南方
2020-08-25,1.035,1.039,1.041,1.035,589.0,513800,sh,日本东证指数ETF南方
2020-08-26,1.039,1.034,1.039,1.027,279.0,513800,sh,日本东证指数ETF南方
2020-08-27,1.03,1.033,1.033,1.028,255.0,513800,sh,日本东证指数ETF南方
2020-08-28,1.03,1.028,1.032,1.026,649.0,513800,sh,日本东证指数ETF南方
2020-08-31,1.03,1.035,1.048,1.03,1126.0,513800,sh,日本东证指数ETF南方
2020-09-01,1.02,1.032,1.036,1.02,118.0,513800,sh,日本东证指数ETF南方
2020-09-02,1.022,1.028,1.028,1.021,121.0,513800,sh,日本东证指数ETF南方
2020-09-03,1.031,1.04,1.044,1.031,16614.0,513800,sh,日本东证指数ETF南方
2020-09-04,1.032,1.028,1.032,1.02,531.0,513800,sh,日本东证指数ETF南方
2020-09-07,1.022,1.019,1.028,1.002,1335.0,513800,sh,日本东证指数ETF南方
2020-09-08,1.015,1.021,1.026,1.015,388.0,513800,sh,日本东证指数ETF南方
2020-09-09,1.026,1.027,1.027,1.017,161.0,513800,sh,日本东证指数ETF南方
2020-09-10,1.027,1.037,1.037,1.027,531.0,513800,sh,日本东证指数ETF南方
2020-09-11,1.032,1.043,1.043,1.03,827.0,513800,sh,日本东证指数ETF南方
2020-09-14,1.043,1.06,1.06,1.039,469.0,513800,sh,日本东证指数ETF南方
2020-09-15,1.06,1.042,1.06,1.042,597.0,513800,sh,日本东证指数ETF南方
2020-09-16,1.042,1.036,1.059,1.033,496.0,513800,sh,日本东证指数ETF南方
2020-09-17,1.035,1.043,1.047,1.035,664.0,513800,sh,日本东证指数ETF南方
2020-09-18,1.044,1.049,1.049,1.043,458.0,513800,sh,日本东证指数ETF南方
2020-09-21,1.052,1.055,1.061,1.05,1031.0,513800,sh,日本东证指数ETF南方
2020-09-22,1.03,1.035,1.065,1.03,247.0,513800,sh,日本东证指数ETF南方
2020-09-23,1.033,1.043,1.044,1.033,276.0,513800,sh,日本东证指数ETF南方
2020-09-24,1.033,1.032,1.101,1.011,4454.0,513800,sh,日本东证指数ETF南方
2020-09-25,1.034,1.036,1.038,1.032,1231.0,513800,sh,日本东证指数ETF南方
2020-09-28,1.037,1.05,1.053,1.037,602.0,513800,sh,日本东证指数ETF南方
2020-09-29,1.045,1.08,1.08,1.045,4137.0,513800,sh,日本东证指数ETF南方
2020-09-30,1.08,1.067,1.08,1.063,430.0,513800,sh,日本东证指数ETF南方
2020-10-09,1.066,1.063,1.08,1.063,228.0,513800,sh,日本东证指数ETF南方
2020-10-12,1.063,1.064,1.067,1.063,116.0,513800,sh,日本东证指数ETF南方
2020-10-13,1.064,1.055,1.064,1.035,49.0,513800,sh,日本东证指数ETF南方
2020-10-14,1.054,1.045,1.055,1.043,211.0,513800,sh,日本东证指数ETF南方
2020-10-15,1.045,1.041,1.045,1.034,288.0,513800,sh,日本东证指数ETF南方
2020-10-16,1.036,1.038,1.041,1.034,139.0,513800,sh,日本东证指数ETF南方
2020-10-19,1.037,1.04,1.048,1.025,508.0,513800,sh,日本东证指数ETF南方
2020-10-20,1.044,1.026,1.046,1.023,1279.0,513800,sh,日本东证指数ETF南方
2020-10-21,1.027,1.043,1.061,1.027,590.0,513800,sh,日本东证指数ETF南方
2020-10-22,1.043,1.047,1.055,1.042,116.0,513800,sh,日本东证指数ETF南方
2020-10-23,1.043,1.049,1.053,1.034,179.0,513800,sh,日本东证指数ETF南方
2020-10-26,1.043,1.034,1.049,1.027,393.0,513800,sh,日本东证指数ETF南方
2020-10-27,1.027,1.052,1.077,0.999,383.0,513800,sh,日本东证指数ETF南方
2020-10-28,1.033,1.049,1.055,1.026,403.0,513800,sh,日本东证指数ETF南方
2020-10-29,1.031,1.029,1.035,1.0,370.0,513800,sh,日本东证指数ETF南方
2020-10-30,1.029,1.014,1.033,1.014,115.0,513800,sh,日本东证指数ETF南方
2020-11-02,1.015,1.014,1.024,1.014,564.0,513800,sh,日本东证指数ETF南方
2020-11-03,1.014,1.024,1.024,1.014,280.0,513800,sh,日本东证指数ETF南方
2020-11-04,1.024,1.032,1.036,1.024,177.0,513800,sh,日本东证指数ETF南方
2020-11-05,1.034,1.044,1.047,1.033,545.0,513800,sh,日本东证指数ETF南方
2020-11-06,1.043,1.045,1.055,1.04,722.0,513800,sh,日本东证指数ETF南方
2020-11-09,1.045,1.062,1.064,1.045,1197.0,513800,sh,日本东证指数ETF南方
2020-11-10,1.057,1.052,1.057,1.051,120.0,513800,sh,日本东证指数ETF南方
2020-11-11,1.052,1.055,1.058,1.052,121.0,513800,sh,日本东证指数ETF南方
2020-11-12,1.055,1.075,1.075,1.055,1933.0,513800,sh,日本东证指数ETF南方
2020-11-13,1.075,1.059,1.075,1.054,138.0,513800,sh,日本东证指数ETF南方
2020-11-16,1.065,1.077,1.078,1.065,437.0,513800,sh,日本东证指数ETF南方
2020-11-17,1.078,1.081,1.081,1.065,170.0,513800,sh,日本东证指数ETF南方
2020-11-18,1.079,1.069,1.081,1.064,583.0,513800,sh,日本东证指数ETF南方
2020-11-19,1.063,1.078,1.08,1.063,212.0,513800,sh,日本东证指数ETF南方
2020-11-20,1.066,1.077,1.078,1.066,75.0,513800,sh,日本东证指数ETF南方
2020-11-23,1.078,1.083,1.105,1.078,1114.0,513800,sh,日本东证指数ETF南方
2020-11-24,1.089,1.087,1.097,1.087,166.0,513800,sh,日本东证指数ETF南方
2020-11-25,1.101,1.136,1.136,1.1,1524.0,513800,sh,日本东证指数ETF南方
2020-11-26,1.139,1.114,1.14,1.091,1160.0,513800,sh,日本东证指数ETF南方
2020-11-27,1.113,1.11,1.145,1.109,1320.0,513800,sh,日本东证指数ETF南方
2020-11-30,1.111,1.101,1.111,1.101,633.0,513800,sh,日本东证指数ETF南方
2020-12-01,1.119,1.105,1.12,1.101,1120.0,513800,sh,日本东证指数ETF南方
2020-12-02,1.101,1.108,1.11,1.1,256.0,513800,sh,日本东证指数ETF南方
2020-12-03,1.102,1.102,1.104,1.102,37.0,513800,sh,日本东证指数ETF南方
2020-12-04,1.102,1.108,1.112,1.081,270.0,513800,sh,日本东证指数ETF南方
2020-12-07,1.108,1.096,1.12,1.09,770.0,513800,sh,日本东证指数ETF南方
2020-12-08,1.096,1.087,1.096,1.087,268.0,513800,sh,日本东证指数ETF南方
2020-12-09,1.092,1.095,1.096,1.088,401.0,513800,sh,日本东证指数ETF南方
2020-12-10,1.093,1.1,1.101,1.09,496.0,513800,sh,日本东证指数ETF南方
2020-12-11,1.095,1.109,1.11,1.095,289.0,513800,sh,日本东证指数ETF南方
2020-12-14,1.109,1.114,1.135,1.109,528.0,513800,sh,日本东证指数ETF南方
2020-12-15,1.109,1.109,1.114,1.09,732.0,513800,sh,日本东证指数ETF南方
2020-12-16,1.104,1.111,1.111,1.104,5.0,513800,sh,日本东证指数ETF南方
2020-12-17,1.113,1.118,1.121,1.113,53.0,513800,sh,日本东证指数ETF南方
2020-12-18,1.118,1.13,1.136,1.117,278.0,513800,sh,日本东证指数ETF南方
2020-12-21,1.12,1.119,1.121,1.113,122.0,513800,sh,日本东证指数ETF南方
2020-12-22,1.116,1.107,1.116,1.094,127.0,513800,sh,日本东证指数ETF南方
2020-12-23,1.098,1.104,1.106,1.098,426.0,513800,sh,日本东证指数ETF南方
2020-12-24,1.104,1.099,1.111,1.099,1320.0,513800,sh,日本东证指数ETF南方
2020-12-25,1.097,1.11,1.111,1.068,1084.0,513800,sh,日本东证指数ETF南方
2020-12-28,1.107,1.11,1.112,1.103,216.0,513800,sh,日本东证指数ETF南方
2020-12-29,1.111,1.126,1.139,1.111,239.0,513800,sh,日本东证指数ETF南方
2020-12-30,1.125,1.13,1.134,1.125,61.0,513800,sh,日本东证指数ETF南方
2020-12-31,1.139,1.14,1.141,1.139,331.0,513800,sh,日本东证指数ETF南方
2021-01-04,1.135,1.124,1.135,1.111,326.0,513800,sh,日本东证指数ETF南方
2021-01-05,1.123,1.113,1.123,1.11,793.0,513800,sh,日本东证指数ETF南方
2021-01-06,1.113,1.128,1.134,1.113,522.0,513800,sh,日本东证指数ETF南方
2021-01-07,1.131,1.138,1.144,1.128,257.0,513800,sh,日本东证指数ETF南方
2021-01-08,1.138,1.154,1.155,1.131,874.0,513800,sh,日本东证指数ETF南方
2021-01-11,1.15,1.154,1.159,1.133,1843.0,513800,sh,日本东证指数ETF南方
2021-01-12,1.157,1.146,1.165,1.143,581.0,513800,sh,日本东证指数ETF南方
2021-01-13,1.146,1.148,1.149,1.143,141.0,513800,sh,日本东证指数ETF南方
2021-01-14,1.149,1.152,1.165,1.149,434.0,513800,sh,日本东证指数ETF南方
2021-01-15,1.162,1.152,1.166,1.146,2520.0,513800,sh,日本东证指数ETF南方
2021-01-18,1.154,1.143,1.154,1.142,275.0,513800,sh,日本东证指数ETF南方
2021-01-19,1.143,1.151,1.165,1.143,520.0,513800,sh,日本东证指数ETF南方
2021-01-20,1.157,1.147,1.157,1.145,474.0,513800,sh,日本东证指数ETF南方
2021-01-21,1.151,1.155,1.155,1.151,207.0,513800,sh,日本东证指数ETF南方
2021-01-22,1.156,1.154,1.158,1.148,37.0,513800,sh,日本东证指数ETF南方
2021-01-25,1.154,1.155,1.155,1.152,352.0,513800,sh,日本东证指数ETF南方
2021-01-26,1.16,1.145,1.16,1.141,43.0,513800,sh,日本东证指数ETF南方
2021-01-27,1.145,1.151,1.151,1.133,632.0,513800,sh,日本东证指数ETF南方
2021-01-28,1.15,1.144,1.15,1.133,36.0,513800,sh,日本东证指数ETF南方
2021-01-29,1.144,1.115,1.18,1.113,1058.0,513800,sh,日本东证指数ETF南方
2021-02-01,1.113,1.123,1.123,1.113,407.0,513800,sh,日本东证指数ETF南方
2021-02-02,1.123,1.131,1.139,1.123,919.0,513800,sh,日本东证指数ETF南方
2021-02-03,1.131,1.144,1.144,1.128,517.0,513800,sh,日本东证指数ETF南方
2021-02-04,1.14,1.138,1.144,1.138,174.0,513800,sh,日本东证指数ETF南方
2021-02-05,1.138,1.149,1.15,1.138,242.0,513800,sh,日本东证指数ETF南方
2021-02-08,1.15,1.167,1.176,1.15,1741.0,513800,sh,日本东证指数ETF南方
2021-02-09,1.167,1.169,1.174,1.165,154.0,513800,sh,日本东证指数ETF南方
2021-02-10,1.168,1.177,1.177,1.168,108.0,513800,sh,日本东证指数ETF南方
2021-02-18,1.219,1.18,1.219,1.17,3501.0,513800,sh,日本东证指数ETF南方
2021-02-19,1.178,1.174,1.178,1.169,106.0,513800,sh,日本东证指数ETF南方
2021-02-22,1.175,1.181,1.2,1.175,795.0,513800,sh,日本东证指数ETF南方
2021-02-23,1.177,1.179,1.179,1.173,607.0,513800,sh,日本东证指数ETF南方
2021-02-24,1.176,1.136,1.176,1.136,1029.0,513800,sh,日本东证指数ETF南方
2021-02-25,1.156,1.167,1.171,1.156,1154.0,513800,sh,日本东证指数ETF南方
2021-02-26,1.155,1.15,1.155,1.138,94.0,513800,sh,日本东证指数ETF南方
2021-03-01,1.145,1.146,1.155,1.114,2199.0,513800,sh,日本东证指数ETF南方
2021-03-02,1.14,1.143,1.147,1.13,123.0,513800,sh,日本东证指数ETF南方
2021-03-03,1.14,1.143,1.145,1.133,669.0,513800,sh,日本东证指数ETF南方
2021-03-04,1.144,1.13,1.144,1.13,96.0,513800,sh,日本东证指数ETF南方
2021-03-05,1.09,1.13,1.13,1.09,183.0,513800,sh,日本东证指数ETF南方
2021-03-08,1.13,1.118,1.134,1.115,113.0,513800,sh,日本东证指数ETF南方
2021-03-09,1.119,1.134,1.134,1.119,515.0,513800,sh,日本东证指数ETF南方
2021-03-10,1.134,1.14,1.142,1.11,322.0,513800,sh,日本东证指数ETF南方
2021-03-11,1.141,1.146,1.147,1.14,183.0,513800,sh,日本东证指数ETF南方
2021-03-12,1.143,1.157,1.157,1.143,58.0,513800,sh,日本东证指数ETF南方
2021-03-15,1.158,1.158,1.171,1.153,308.0,513800,sh,日本东证指数ETF南方
2021-03-16,1.17,1.178,1.18,1.158,289.0,513800,sh,日本东证指数ETF南方
2021-03-17,1.184,1.178,1.184,1.17,351.0,513800,sh,日本东证指数ETF南方
2021-03-18,1.178,1.197,1.198,1.178,298.0,513800,sh,日本东证指数ETF南方
2021-03-19,1.181,1.192,1.194,1.18,246.0,513800,sh,日本东证指数ETF南方
2021-03-22,1.183,1.183,1.191,1.16,323.0,513800,sh,日本东证指数ETF南方
2021-03-23,1.181,1.176,1.181,1.17,427.0,513800,sh,日本东证指数ETF南方
2021-03-24,1.176,1.147,1.176,1.144,609.0,513800,sh,日本东证指数ETF南方
2021-03-25,1.151,1.166,1.169,1.151,375.0,513800,sh,日本东证指数ETF南方
2021-03-26,1.162,1.174,1.177,1.162,94.0,513800,sh,日本东证指数ETF南方
2021-03-29,1.177,1.182,1.197,1.174,544.0,513800,sh,日本东证指数ETF南方
2021-03-30,1.181,1.183,1.2,1.18,238.0,513800,sh,日本东证指数ETF南方
2021-03-31,1.184,1.176,1.185,1.176,626.0,513800,sh,日本东证指数ETF南方
2021-04-01,1.173,1.165,1.174,1.157,890.0,513800,sh,日本东证指数ETF南方
2021-04-02,1.166,1.174,1.184,1.166,323.0,513800,sh,日本东证指数ETF南方
2021-04-06,1.174,1.171,1.176,1.17,71.0,513800,sh,日本东证指数ETF南方
2021-04-07,1.171,1.167,1.172,1.167,236.0,513800,sh,日本东证指数ETF南方
2021-04-08,1.167,1.162,1.169,1.047,663.0,513800,sh,日本东证指数ETF南方
2021-04-09,1.164,1.172,1.176,1.164,380.0,513800,sh,日本东证指数ETF南方
2021-04-12,1.168,1.166,1.172,1.164,148.0,513800,sh,日本东证指数ETF南方
2021-04-13,1.166,1.17,1.172,1.166,394.0,513800,sh,日本东证指数ETF南方
2021-04-14,1.172,1.174,1.182,1.172,992.0,513800,sh,日本东证指数ETF南方
2021-04-15,1.172,1.181,1.181,1.172,375.0,513800,sh,日本东证指数ETF南方
2021-04-16,1.179,1.181,1.182,1.175,708.0,513800,sh,日本东证指数ETF南方
2021-04-19,1.181,1.18,1.182,1.178,179.0,513800,sh,日本东证指数ETF南方
2021-04-20,1.18,1.166,1.18,1.161,327.0,513800,sh,日本东证指数ETF南方
2021-04-21,1.166,1.142,1.17,1.124,2552.0,513800,sh,日本东证指数ETF南方
2021-04-22,1.142,1.154,1.156,1.142,477.0,513800,sh,日本东证指数ETF南方
2021-04-23,1.149,1.152,1.152,1.146,752.0,513800,sh,日本东证指数ETF南方
2021-04-26,1.152,1.155,1.155,1.152,258.0,513800,sh,日本东证指数ETF南方
2021-04-27,1.154,1.144,1.155,1.144,1714.0,513800,sh,日本东证指数ETF南方
2021-04-28,1.144,1.144,1.144,1.144,14.0,513800,sh,日本东证指数ETF南方
2021-04-29,1.144,1.145,1.145,1.143,55.0,513800,sh,日本东证指数ETF南方
2021-04-30,1.143,1.142,1.145,1.133,176.0,513800,sh,日本东证指数ETF南方
2021-05-06,1.143,1.148,1.149,1.143,96.0,513800,sh,日本东证指数ETF南方
2021-05-07,1.147,1.143,1.149,1.142,116.0,513800,sh,日本东证指数ETF南方
2021-05-10,1.15,1.152,1.154,1.15,454.0,513800,sh,日本东证指数ETF南方
2021-05-11,1.149,1.13,1.149,1.13,127.0,513800,sh,日本东证指数ETF南方
2021-05-12,1.142,1.13,1.142,1.126,311.0,513800,sh,日本东证指数ETF南方
2021-05-13,1.127,1.117,1.127,1.11,358.0,513800,sh,日本东证指数ETF南方
2021-05-14,1.115,1.113,1.117,1.102,2039.0,513800,sh,日本东证指数ETF南方
2021-05-17,1.111,1.109,1.111,1.106,713.0,513800,sh,日本东证指数ETF南方
2021-05-18,1.112,1.127,1.127,1.112,598.0,513800,sh,日本东证指数ETF南方
2021-05-19,1.128,1.12,1.128,1.12,181.0,513800,sh,日本东证指数ETF南方
2021-05-20,1.118,1.125,1.126,1.118,136.0,513800,sh,日本东证指数ETF南方
2021-05-21,1.125,1.125,1.129,1.123,154.0,513800,sh,日本东证指数ETF南方
2021-05-24,1.124,1.132,1.139,1.12,648.0,513800,sh,日本东证指数ETF南方
2021-05-25,1.132,1.136,1.136,1.131,832.0,513800,sh,日本东证指数ETF南方
2021-05-26,1.134,1.131,1.134,1.13,368.0,513800,sh,日本东证指数ETF南方
2021-05-27,1.129,1.127,1.129,1.122,538.0,513800,sh,日本东证指数ETF南方
2021-05-28,1.127,1.129,1.132,1.127,331.0,513800,sh,日本东证指数ETF南方
2021-05-31,1.131,1.123,1.131,1.122,296.0,513800,sh,日本东证指数ETF南方
2021-06-01,1.123,1.124,1.125,1.121,173.0,513800,sh,日本东证指数ETF南方
2021-06-02,1.124,1.128,1.13,1.124,340.0,513800,sh,日本东证指数ETF南方
2021-06-03,1.13,1.139,1.14,1.13,1425.0,513800,sh,日本东证指数ETF南方
2021-06-04,1.13,1.138,1.139,1.13,18.0,513800,sh,日本东证指数ETF南方
2021-06-07,1.139,1.141,1.146,1.137,252.0,513800,sh,日本东证指数ETF南方
2021-06-08,1.148,1.148,1.15,1.144,178.0,513800,sh,日本东证指数ETF南方
2021-06-09,1.148,1.149,1.149,1.148,21.0,513800,sh,日本东证指数ETF南方
2021-06-10,1.146,1.145,1.146,1.14,131.0,513800,sh,日本东证指数ETF南方
2021-06-11,1.145,1.142,1.149,1.136,210.0,513800,sh,日本东证指数ETF南方
2021-06-15,1.144,1.147,1.147,1.142,676.0,513800,sh,日本东证指数ETF南方
2021-06-16,1.148,1.151,1.155,1.146,2081.0,513800,sh,日本东证指数ETF南方
2021-06-17,1.154,1.141,1.167,1.138,1178.0,513800,sh,日本东证指数ETF南方
2021-06-18,1.13,1.141,1.149,1.13,278.0,513800,sh,日本东证指数ETF南方
2021-06-21,1.14,1.115,1.14,1.113,904.0,513800,sh,日本东证指数ETF南方
2021-06-22,1.121,1.169,1.183,1.121,1728.0,513800,sh,日本东证指数ETF南方
2021-06-23,1.169,1.147,1.169,1.145,1965.0,513800,sh,日本东证指数ETF南方
2021-06-24,1.147,1.142,1.147,1.14,229.0,513800,sh,日本东证指数ETF南方
2021-06-25,1.145,1.142,1.147,1.141,508.0,513800,sh,日本东证指数ETF南方
2021-06-28,1.144,1.148,1.149,1.143,512.0,513800,sh,日本东证指数ETF南方
2021-06-29,1.147,1.142,1.147,1.128,547.0,513800,sh,日本东证指数ETF南方
2021-06-30,1.14,1.139,1.142,1.136,324.0,513800,sh,日本东证指数ETF南方
2021-07-01,1.138,1.134,1.138,1.131,88.0,513800,sh,日本东证指数ETF南方
2021-07-02,1.134,1.136,1.136,1.134,361.0,513800,sh,日本东证指数ETF南方
2021-07-05,1.13,1.135,1.135,1.129,247.0,513800,sh,日本东证指数ETF南方
2021-07-06,1.135,1.142,1.142,1.135,370.0,513800,sh,日本东证指数ETF南方
2021-07-07,1.138,1.138,1.138,1.135,21.0,513800,sh,日本东证指数ETF南方
2021-07-08,1.13,1.137,1.138,1.13,16.0,513800,sh,日本东证指数ETF南方
2021-07-09,1.125,1.133,1.136,1.11,175.0,513800,sh,日本东证指数ETF南方
2021-07-12,1.134,1.141,1.172,1.134,1458.0,513800,sh,日本东证指数ETF南方
2021-07-13,1.145,1.149,1.162,1.145,152.0,513800,sh,日本东证指数ETF南方
2021-07-14,1.15,1.149,1.15,1.145,55.0,513800,sh,日本东证指数ETF南方
2021-07-15,1.154,1.151,1.154,1.151,22.0,513800,sh,日本东证指数ETF南方
2021-07-16,1.151,1.15,1.151,1.14,4.0,513800,sh,日本东证指数ETF南方
2021-07-19,1.124,1.127,1.128,1.123,191.0,513800,sh,日本东证指数ETF南方
2021-07-20,1.127,1.131,1.164,1.127,252.0,513800,sh,日本东证指数ETF南方
2021-07-21,1.142,1.127,1.142,1.115,473.0,513800,sh,日本东证指数ETF南方
2021-07-22,1.127,1.129,1.138,1.123,372.0,513800,sh,日本东证指数ETF南方
2021-07-23,1.136,1.13,1.14,1.129,421.0,513800,sh,日本东证指数ETF南方
2021-07-26,1.13,1.13,1.133,1.098,728.0,513800,sh,日本东证指数ETF南方
2021-07-27,1.133,1.135,1.139,1.124,1289.0,513800,sh,日本东证指数ETF南方
2021-07-28,1.101,1.138,1.139,1.101,42.0,513800,sh,日本东证指数ETF南方
2021-07-29,1.13,1.137,1.141,1.13,108.0,513800,sh,日本东证指数ETF南方
2021-07-30,1.131,1.139,1.139,1.124,134.0,513800,sh,日本东证指数ETF南方
2021-08-02,1.139,1.138,1.15,1.138,299.0,513800,sh,日本东证指数ETF南方
2021-08-03,1.141,1.15,1.15,1.133,151.0,513800,sh,日本东证指数ETF南方
2021-08-04,1.143,1.14,1.143,1.14,78.0,513800,sh,日本东证指数ETF南方
2021-08-05,1.14,1.134,1.141,1.134,25.0,513800,sh,日本东证指数ETF南方
2021-08-06,1.134,1.129,1.134,1.129,17.0,513800,sh,日本东证指数ETF南方
2021-08-09,1.133,1.131,1.133,1.131,18.0,513800,sh,日本东证指数ETF南方
2021-08-10,1.141,1.136,1.144,1.136,40.0,513800,sh,日本东证指数ETF南方
2021-08-11,1.136,1.145,1.145,1.136,33.0,513800,sh,日本东证指数ETF南方
2021-08-12,1.15,1.149,1.158,1.149,124.0,513800,sh,日本东证指数ETF南方
2021-08-13,1.144,1.15,1.158,1.143,193.0,513800,sh,日本东证指数ETF南方
2021-08-16,1.135,1.134,1.149,1.134,180.0,513800,sh,日本东证指数ETF南方
2021-08-17,1.137,1.136,1.15,1.136,111.0,513800,sh,日本东证指数ETF南方
2021-08-18,1.139,1.14,1.249,1.13,340.0,513800,sh,日本东证指数ETF南方
2021-08-19,1.136,1.128,1.136,1.12,525.0,513800,sh,日本东证指数ETF南方
2021-08-20,1.117,1.122,1.125,1.114,220.0,513800,sh,日本东证指数ETF南方
2021-08-23,1.122,1.138,1.215,1.122,536.0,513800,sh,日本东证指数ETF南方
2021-08-24,1.138,1.146,1.146,1.136,686.0,513800,sh,日本东证指数ETF南方
2021-08-25,1.141,1.14,1.147,1.101,226.0,513800,sh,日本东证指数ETF南方
2021-08-26,1.145,1.138,1.251,1.138,524.0,513800,sh,日本东证指数ETF南方
2021-08-27,1.138,1.139,1.139,1.129,175.0,513800,sh,日本东证指数ETF南方
2021-08-30,1.141,1.145,1.21,1.137,571.0,513800,sh,日本东证指数ETF南方
2021-08-31,1.144,1.174,1.18,1.141,234.0,513800,sh,日本东证指数ETF南方
2021-09-01,1.17,1.169,1.17,1.151,293.0,513800,sh,日本东证指数ETF南方
2021-09-02,1.163,1.159,1.169,1.156,294.0,513800,sh,日本东证指数ETF南方
2021-09-03,1.168,1.183,1.19,1.168,817.0,513800,sh,日本东证指数ETF南方
2021-09-06,1.195,1.204,1.215,1.192,548.0,513800,sh,日本东证指数ETF南方
2021-09-07,1.204,1.211,1.216,1.204,333.0,513800,sh,日本东证指数ETF南方
2021-09-08,1.213,1.215,1.217,1.211,407.0,513800,sh,日本东证指数ETF南方
2021-09-09,1.212,1.211,1.214,1.203,90.0,513800,sh,日本东证指数ETF南方
2021-09-10,1.22,1.222,1.228,1.22,377.0,513800,sh,日本东证指数ETF南方
2021-09-13,1.222,1.232,1.233,1.217,165.0,513800,sh,日本东证指数ETF南方
2021-09-14,1.238,1.252,1.255,1.229,3935.0,513800,sh,日本东证指数ETF南方
2021-09-15,1.231,1.247,1.249,1.231,320.0,513800,sh,日本东证指数ETF南方
2021-09-16,1.255,1.245,1.255,1.231,71.0,513800,sh,日本东证指数ETF南方
2021-09-17,1.22,1.248,1.253,1.22,161.0,513800,sh,日本东证指数ETF南方
2021-09-22,1.215,1.227,1.234,1.211,548.0,513800,sh,日本东证指数ETF南方
2021-09-23,1.227,1.223,1.227,1.195,1133.0,513800,sh,日本东证指数ETF南方
2021-09-24,1.224,1.226,1.229,1.223,65.0,513800,sh,日本东证指数ETF南方
2021-09-27,1.235,1.223,1.235,1.2,115.0,513800,sh,日本东证指数ETF南方
2021-09-28,1.219,1.204,1.228,1.202,162.0,513800,sh,日本东证指数ETF南方
2021-09-29,1.19,1.192,1.201,1.174,292.0,513800,sh,日本东证指数ETF南方
2021-09-30,1.183,1.197,1.197,1.18,147.0,513800,sh,日本东证指数ETF南方
2021-10-08,1.186,1.149,1.186,1.142,963.0,513800,sh,日本东证指数ETF南方
2021-10-11,1.146,1.149,1.15,1.145,97.0,513800,sh,日本东证指数ETF南方
2021-10-12,1.147,1.137,1.147,1.133,351.0,513800,sh,日本东证指数ETF南方
2021-10-13,1.135,1.133,1.135,1.128,118.0,513800,sh,日本东证指数ETF南方
2021-10-14,1.132,1.136,1.136,1.132,129.0,513800,sh,日本东证指数ETF南方
2021-10-15,1.136,1.151,1.151,1.136,708.0,513800,sh,日本东证指数ETF南方
2021-10-18,1.15,1.145,1.152,1.145,77.0,513800,sh,日本东证指数ETF南方
2021-10-19,1.146,1.148,1.148,1.146,65.0,513800,sh,日本东证指数ETF南方
2021-10-20,1.147,1.14,1.148,1.14,116.0,513800,sh,日本东证指数ETF南方
2021-10-21,1.14,1.128,1.14,1.128,75.0,513800,sh,日本东证指数ETF南方
2021-10-22,1.131,1.133,1.135,1.131,273.0,513800,sh,日本东证指数ETF南方
2021-10-25,1.133,1.134,1.134,1.13,150.0,513800,sh,日本东证指数ETF南方
2021-10-26,1.134,1.136,1.147,1.133,777.0,513800,sh,日本东证指数ETF南方
2021-10-27,1.139,1.132,1.139,1.129,405.0,513800,sh,日本东证指数ETF南方
2021-10-28,1.13,1.134,1.135,1.13,241.0,513800,sh,日本东证指数ETF南方
2021-10-29,1.134,1.133,1.134,1.121,149.0,513800,sh,日本东证指数ETF南方
2021-11-01,1.136,1.151,1.153,1.136,280.0,513800,sh,日本东证指数ETF南方
2021-11-02,1.152,1.145,1.152,1.142,126.0,513800,sh,日本东证指数ETF南方
2021-11-03,1.145,1.149,1.149,1.145,7.0,513800,sh,日本东证指数ETF南方
2021-11-04,1.15,1.162,1.164,1.15,85.0,513800,sh,日本东证指数ETF南方
2021-11-05,1.16,1.157,1.162,1.155,72.0,513800,sh,日本东证指数ETF南方
2021-11-08,1.167,1.17,1.27,1.153,908.0,513800,sh,日本东证指数ETF南方
2021-11-09,1.171,1.157,1.171,1.155,221.0,513800,sh,日本东证指数ETF南方
2021-11-10,1.157,1.149,1.157,1.117,134.0,513800,sh,日本东证指数ETF南方
2021-11-11,1.147,1.145,1.15,1.134,254.0,513800,sh,日本东证指数ETF南方
2021-11-12,1.148,1.15,1.152,1.148,367.0,513800,sh,日本东证指数ETF南方
2021-11-15,1.153,1.152,1.155,1.151,232.0,513800,sh,日本东证指数ETF南方
2021-11-16,1.153,1.155,1.157,1.152,363.0,513800,sh,日本东证指数ETF南方
2021-11-17,1.153,1.145,1.153,1.144,100.0,513800,sh,日本东证指数ETF南方
2021-11-18,1.144,1.147,1.147,1.14,194.0,513800,sh,日本东证指数ETF南方
2021-11-19,1.135,1.151,1.151,1.135,380.0,513800,sh,日本东证指数ETF南方
2021-11-22,1.145,1.151,1.151,1.145,30.0,513800,sh,日本东证指数ETF南方
2021-11-23,1.149,1.146,1.149,1.146,13.0,513800,sh,日本东证指数ETF南方
2021-11-24,1.146,1.135,1.146,1.123,345.0,513800,sh,日本东证指数ETF南方
2021-11-25,1.135,1.132,1.135,1.131,135.0,513800,sh,日本东证指数ETF南方
2021-11-26,1.131,1.117,1.131,1.113,502.0,513800,sh,日本东证指数ETF南方
2021-11-29,1.114,1.112,1.117,1.108,398.0,513800,sh,日本东证指数ETF南方
2021-11-30,1.112,1.082,1.117,1.081,1602.0,513800,sh,日本东证指数ETF南方
2021-12-01,1.083,1.101,1.102,1.083,1344.0,513800,sh,日本东证指数ETF南方
2021-12-02,1.096,1.097,1.099,1.092,332.0,513800,sh,日本东证指数ETF南方
2021-12-03,1.097,1.109,1.109,1.097,247.0,513800,sh,日本东证指数ETF南方
2021-12-06,1.108,1.111,1.114,1.104,1041.0,513800,sh,日本东证指数ETF南方
2021-12-07,1.111,1.122,1.136,1.111,135.0,513800,sh,日本东证指数ETF南方
2021-12-08,1.124,1.13,1.131,1.124,149.0,513800,sh,日本东证指数ETF南方
2021-12-09,1.129,1.118,1.129,1.117,631.0,513800,sh,日本东证指数ETF南方
2021-12-10,1.121,1.113,1.121,1.112,345.0,513800,sh,日本东证指数ETF南方
2021-12-13,1.116,1.116,1.12,1.113,635.0,513800,sh,日本东证指数ETF南方
2021-12-14,1.114,1.111,1.116,1.11,384.0,513800,sh,日本东证指数ETF南方
2021-12-15,1.114,1.114,1.117,1.114,153.0,513800,sh,日本东证指数ETF南方
2021-12-16,1.121,1.127,1.13,1.121,417.0,513800,sh,日本东证指数ETF南方
2021-12-17,1.127,1.12,1.127,1.12,143.0,513800,sh,日本东证指数ETF南方
2021-12-20,1.118,1.1,1.121,1.089,101.0,513800,sh,日本东证指数ETF南方
2021-12-21,1.105,1.115,1.116,1.105,103.0,513800,sh,日本东证指数ETF南方
2021-12-22,1.115,1.107,1.115,1.107,371.0,513800,sh,日本东证指数ETF南方
2021-12-23,1.108,1.113,1.113,1.106,340.0,513800,sh,日本东证指数ETF南方
2021-12-24,1.112,1.113,1.114,1.112,76.0,513800,sh,日本东证指数ETF南方
2021-12-27,1.113,1.111,1.113,1.111,86.0,513800,sh,日本东证指数ETF南方
2021-12-28,1.115,1.115,1.116,1.115,84.0,513800,sh,日本东证指数ETF南方
2021-12-29,1.115,1.115,1.116,1.114,67.0,513800,sh,日本东证指数ETF南方
2021-12-30,1.113,1.114,1.114,1.113,2.0,513800,sh,日本东证指数ETF南方
2021-12-31,1.118,1.111,1.118,1.11,487.0,513800,sh,日本东证指数ETF南方
2022-01-04,1.112,1.123,1.126,1.112,404.0,513800,sh,日本东证指数ETF南方
2022-01-05,1.125,1.121,1.13,1.119,43.0,513800,sh,日本东证指数ETF南方
2022-01-06,1.119,1.114,1.119,1.113,57.0,513800,sh,日本东证指数ETF南方
2022-01-07,1.114,1.113,1.114,1.111,101.0,513800,sh,日本东证指数ETF南方
2022-01-10,1.113,1.118,1.122,1.113,1512.0,513800,sh,日本东证指数ETF南方
2022-01-11,1.117,1.116,1.117,1.116,46.0,513800,sh,日本东证指数ETF南方
2022-01-12,1.116,1.125,1.126,1.116,102.0,513800,sh,日本东证指数ETF南方
2022-01-13,1.122,1.121,1.123,1.117,48.0,513800,sh,日本东证指数ETF南方
2022-01-14,1.113,1.113,1.114,1.102,106.0,513800,sh,日本东证指数ETF南方
2022-01-17,1.114,1.112,1.114,1.111,353.0,513800,sh,日本东证指数ETF南方
2022-01-18,1.114,1.105,1.114,1.102,356.0,513800,sh,日本东证指数ETF南方
2022-01-19,1.099,1.079,1.099,1.075,934.0,513800,sh,日本东证指数ETF南方
2022-01-20,1.079,1.086,1.086,1.074,253.0,513800,sh,日本东证指数ETF南方
2022-01-21,1.083,1.08,1.083,1.073,327.0,513800,sh,日本东证指数ETF南方
2022-01-24,1.078,1.079,1.079,1.071,326.0,513800,sh,日本东证指数ETF南方
2022-01-25,1.071,1.06,1.071,1.057,152.0,513800,sh,日本东证指数ETF南方
2022-01-26,1.057,1.061,1.061,1.057,7.0,513800,sh,日本东证指数ETF南方
2022-01-27,1.057,1.05,1.057,1.05,85.0,513800,sh,日本东证指数ETF南方
2022-01-28,1.04,1.042,1.05,1.033,415.0,513800,sh,日本东证指数ETF南方
2022-02-07,1.05,1.076,1.082,1.05,205.0,513800,sh,日本东证指数ETF南方
2022-02-08,1.072,1.076,1.077,1.07,22.0,513800,sh,日本东证指数ETF南方
2022-02-09,1.076,1.083,1.083,1.075,405.0,513800,sh,日本东证指数ETF南方
2022-02-10,1.083,1.088,1.088,1.08,162.0,513800,sh,日本东证指数ETF南方
2022-02-11,1.084,1.074,1.086,1.072,797.0,513800,sh,日本东证指数ETF南方
2022-02-14,1.07,1.073,1.074,1.068,188.0,513800,sh,日本东证指数ETF南方
2022-02-15,1.073,1.071,1.073,1.064,36.0,513800,sh,日本东证指数ETF南方
2022-02-16,1.073,1.076,1.076,1.065,175.0,513800,sh,日本东证指数ETF南方
2022-02-17,1.075,1.072,1.075,1.072,9.0,513800,sh,日本东证指数ETF南方
2022-02-18,1.069,1.07,1.073,1.056,180.0,513800,sh,日本东证指数ETF南方
2022-02-21,1.068,1.062,1.068,1.058,60.0,513800,sh,日本东证指数ETF南方
2022-02-22,1.059,1.053,1.061,1.05,38.0,513800,sh,日本东证指数ETF南方
2022-02-23,1.053,1.055,1.055,1.049,125.0,513800,sh,日本东证指数ETF南方
2022-02-24,1.05,1.03,1.05,1.024,120.0,513800,sh,日本东证指数ETF南方
2022-02-25,1.038,1.041,1.041,1.036,87.0,513800,sh,日本东证指数ETF南方
2022-02-28,1.041,1.039,1.041,1.023,57.0,513800,sh,日本东证指数ETF南方
2022-03-01,1.039,1.052,1.052,1.039,131.0,513800,sh,日本东证指数ETF南方
2022-03-02,1.05,1.033,1.05,1.033,171.0,513800,sh,日本东证指数ETF南方
2022-03-03,1.042,1.041,1.042,1.038,4.0,513800,sh,日本东证指数ETF南方
2022-03-04,1.038,1.027,1.038,1.02,158.0,513800,sh,日本东证指数ETF南方
2022-03-07,1.01,0.997,1.019,0.987,1603.0,513800,sh,日本东证指数ETF南方
2022-03-08,0.996,0.969,0.996,0.964,1372.0,513800,sh,日本东证指数ETF南方
2022-03-09,0.972,0.965,0.973,0.965,41.0,513800,sh,日本东证指数ETF南方
2022-03-10,0.97,0.992,1.001,0.97,625.0,513800,sh,日本东证指数ETF南方
2022-03-11,0.985,0.986,0.986,0.98,282.0,513800,sh,日本东证指数ETF南方
2022-03-14,0.982,0.992,0.992,0.982,89.0,513800,sh,日本东证指数ETF南方
2022-03-15,0.992,0.987,1.018,0.987,1270.0,513800,sh,日本东证指数ETF南方
2022-03-16,0.987,1.006,1.01,0.987,496.0,513800,sh,日本东证指数ETF南方
2022-03-17,1.017,1.018,1.025,1.008,702.0,513800,sh,日本东证指数ETF南方
2022-03-18,1.016,1.032,1.033,1.016,365.0,513800,sh,日本东证指数ETF南方
2022-03-21,1.032,1.047,1.05,1.029,263.0,513800,sh,日本东证指数ETF南方
2022-03-22,1.04,1.05,1.05,1.03,249.0,513800,sh,日本东证指数ETF南方
2022-03-23,1.061,1.058,1.08,1.051,615.0,513800,sh,日本东证指数ETF南方
2022-03-24,1.045,1.054,1.057,1.026,503.0,513800,sh,日本东证指数ETF南方
2022-03-25,1.062,1.048,1.062,1.036,415.0,513800,sh,日本东证指数ETF南方
2022-03-28,1.027,1.03,1.047,1.027,31.0,513800,sh,日本东证指数ETF南方
2022-03-29,1.109,1.027,1.109,1.022,406.0,513800,sh,日本东证指数ETF南方
2022-03-30,1.026,1.027,1.032,1.022,298.0,513800,sh,日本东证指数ETF南方
2022-03-31,1.026,1.025,1.058,1.025,1545.0,513800,sh,日本东证指数ETF南方
2022-04-01,1.024,1.034,1.04,1.016,2010.0,513800,sh,日本东证指数ETF南方
2022-04-06,1.009,1.027,1.031,1.006,700.0,513800,sh,日本东证指数ETF南方
2022-04-07,0.991,0.993,1.007,0.991,862.0,513800,sh,日本东证指数ETF南方
2022-04-08,0.994,0.991,1.061,0.981,1469.0,513800,sh,日本东证指数ETF南方
2022-04-11,0.989,0.978,0.989,0.972,182.0,513800,sh,日本东证指数ETF南方
2022-04-12,0.978,0.966,0.978,0.962,208.0,513800,sh,日本东证指数ETF南方
2022-04-13,0.964,0.977,0.98,0.964,368.0,513800,sh,日本东证指数ETF南方
2022-04-14,0.977,0.992,0.995,0.977,324.0,513800,sh,日本东证指数ETF南方
2022-04-15,0.966,0.974,0.977,0.966,160.0,513800,sh,日本东证指数ETF南方
2022-04-18,0.964,0.961,0.967,0.936,158.0,513800,sh,日本东证指数ETF南方
2022-04-19,0.961,0.964,0.964,0.961,11.0,513800,sh,日本东证指数ETF南方
2022-04-20,0.965,0.967,0.967,0.965,114.0,513800,sh,日本东证指数ETF南方
2022-04-21,0.968,0.98,0.995,0.968,306.0,513800,sh,日本东证指数ETF南方
2022-04-22,0.992,0.976,0.992,0.965,2184.0,513800,sh,日本东证指数ETF南方
2022-04-25,0.952,0.959,0.979,0.952,303.0,513800,sh,日本东证指数ETF南方
2022-04-26,0.973,0.984,0.994,0.922,362.0,513800,sh,日本东证指数ETF南方
2022-04-27,0.984,0.979,0.984,0.969,286.0,513800,sh,日本东证指数ETF南方
2022-04-28,0.971,0.983,0.986,0.971,38.0,513800,sh,日本东证指数ETF南方
2022-04-29,0.983,0.996,0.996,0.983,300.0,513800,sh,日本东证指数ETF南方
2022-05-05,1.009,0.999,1.009,0.999,39.0,513800,sh,日本东证指数ETF南方
2022-05-06,1.003,1.003,1.003,0.99,44.0,513800,sh,日本东证指数ETF南方
2022-05-09,1.05,0.979,1.05,0.958,213.0,513800,sh,日本东证指数ETF南方
2022-05-10,0.98,0.973,0.994,0.965,307.0,513800,sh,日本东证指数ETF南方
2022-05-11,0.984,0.978,0.985,0.956,332.0,513800,sh,日本东证指数ETF南方
2022-05-12,0.974,0.974,0.974,0.971,217.0,513800,sh,日本东证指数ETF南方
2022-05-13,0.994,0.996,0.996,0.99,115.0,513800,sh,日本东证指数ETF南方
2022-05-16,1.0,0.996,1.0,0.996,294.0,513800,sh,日本东证指数ETF南方
2022-05-17,0.996,0.998,0.998,0.996,5.0,513800,sh,日本东证指数ETF南方
2022-05-18,1.009,1.003,1.019,0.993,317.0,513800,sh,日本东证指数ETF南方
2022-05-19,1.003,0.993,1.008,0.982,340.0,513800,sh,日本东证指数ETF南方
2022-05-20,1.054,1.001,1.054,0.998,2656.0,513800,sh,日本东证指数ETF南方
2022-05-23,1.0,1.018,1.054,1.0,377.0,513800,sh,日本东证指数ETF南方
2022-05-24,1.017,1.007,1.039,1.002,585.0,513800,sh,日本东证指数ETF南方
2022-05-25,1.007,1.004,1.016,0.983,123.0,513800,sh,日本东证指数ETF南方
2022-05-26,1.008,1.02,1.054,1.001,221.0,513800,sh,日本东证指数ETF南方
2022-05-27,1.014,1.021,1.054,1.014,376.0,513800,sh,日本东证指数ETF南方
2022-05-30,1.046,1.026,1.046,1.025,407.0,513800,sh,日本东证指数ETF南方
2022-05-31,1.026,1.024,1.041,1.02,464.0,513800,sh,日本东证指数ETF南方
2022-06-01,1.025,1.022,1.028,0.998,95.0,513800,sh,日本东证指数ETF南方
2022-06-02,1.013,1.024,1.038,1.01,164.0,513800,sh,日本东证指数ETF南方
2022-06-06,1.024,1.029,1.03,1.006,1138.0,513800,sh,日本东证指数ETF南方
2022-06-07,1.016,1.011,1.016,1.005,1354.0,513800,sh,日本东证指数ETF南方
2022-06-08,1.013,1.011,1.017,1.01,2324.0,513800,sh,日本东证指数ETF南方
2022-06-09,1.014,1.001,1.014,1.0,541.0,513800,sh,日本东证指数ETF南方
2022-06-10,1.003,0.999,1.004,0.999,33.0,513800,sh,日本东证指数ETF南方
2022-06-13,0.99,0.98,0.99,0.976,637.0,513800,sh,日本东证指数ETF南方
2022-06-14,0.967,0.97,0.97,0.959,1672.0,513800,sh,日本东证指数ETF南方
2022-06-15,0.97,0.96,0.97,0.955,1787.0,513800,sh,日本东证指数ETF南方
2022-06-16,0.966,0.96,0.967,0.951,2330.0,513800,sh,日本东证指数ETF南方
2022-06-17,0.958,0.948,0.958,0.941,748.0,513800,sh,日本东证指数ETF南方
2022-06-20,0.94,0.929,0.941,0.927,11220.0,513800,sh,日本东证指数ETF南方
2022-06-21,0.93,0.94,0.941,0.93,11150.0,513800,sh,日本东证指数ETF南方
2022-06-22,0.944,0.937,0.944,0.936,551.0,513800,sh,日本东证指数ETF南方
2022-06-23,0.942,0.94,0.943,0.937,10493.0,513800,sh,日本东证指数ETF南方
2022-06-24,0.944,0.953,0.953,0.944,2111.0,513800,sh,日本东证指数ETF南方
2022-06-27,0.953,0.958,0.961,0.953,2069.0,513800,sh,日本东证指数ETF南方
2022-06-28,0.95,0.96,0.962,0.95,2850.0,513800,sh,日本东证指数ETF南方
2022-06-29,0.955,0.956,0.958,0.952,926.0,513800,sh,日本东证指数ETF南方
2022-06-30,0.94,0.947,0.95,0.94,365.0,513800,sh,日本东证指数ETF南方
2022-07-01,0.947,0.943,0.949,0.937,16137.0,513800,sh,日本东证指数ETF南方
2022-07-04,0.945,0.947,0.948,0.945,759.0,513800,sh,日本东证指数ETF南方
2022-07-05,0.948,0.946,0.95,0.943,18301.0,513800,sh,日本东证指数ETF南方
2022-07-06,0.942,0.939,0.942,0.937,11638.0,513800,sh,日本东证指数ETF南方
2022-07-07,0.937,0.946,0.946,0.937,3253.0,513800,sh,日本东证指数ETF南方
2022-07-08,0.951,0.95,0.957,0.95,3581.0,513800,sh,日本东证指数ETF南方
2022-07-11,0.958,0.955,0.966,0.952,19039.0,513800,sh,日本东证指数ETF南方
2022-07-12,0.95,0.947,0.953,0.947,12654.0,513800,sh,日本东证指数ETF南方
2022-07-13,0.951,0.948,0.951,0.947,442.0,513800,sh,日本东证指数ETF南方
2022-07-14,0.945,0.945,0.949,0.941,9254.0,513800,sh,日本东证指数ETF南方
2022-07-15,0.943,0.947,0.948,0.943,3005.0,513800,sh,日本东证指数ETF南方
2022-07-18,0.944,0.949,0.949,0.944,6983.0,513800,sh,日本东证指数ETF南方
2022-07-19,0.949,0.949,0.949,0.948,5551.0,513800,sh,日本东证指数ETF南方
2022-07-20,0.96,0.965,0.968,0.952,3696.0,513800,sh,日本东证指数ETF南方
2022-07-21,0.962,0.969,0.97,0.962,280.0,513800,sh,日本东证指数ETF南方
2022-07-22,0.97,0.99,0.993,0.97,13351.0,513800,sh,日本东证指数ETF南方
2022-07-25,0.988,0.985,0.989,0.972,24076.0,513800,sh,日本东证指数ETF南方
2022-07-26,0.979,0.98,0.986,0.979,15018.0,513800,sh,日本东证指数ETF南方
2022-07-27,0.976,0.979,0.98,0.976,171.0,513800,sh,日本东证指数ETF南方
2022-07-28,1.005,0.991,1.016,0.988,681.0,513800,sh,日本东证指数ETF南方
2022-07-29,0.998,1.007,1.011,0.998,673.0,513800,sh,日本东证指数ETF南方
2022-08-01,1.016,1.016,1.017,1.016,2043.0,513800,sh,日本东证指数ETF南方
2022-08-02,0.97,1.007,1.028,0.97,1109.0,513800,sh,日本东证指数ETF南方
2022-08-03,0.998,1.002,1.011,0.997,126.0,513800,sh,日本东证指数ETF南方
2022-08-04,1.001,0.998,1.002,0.998,39.0,513800,sh,日本东证指数ETF南方
2022-08-05,1.001,1.009,1.009,1.001,24103.0,513800,sh,日本东证指数ETF南方
2022-08-08,1.072,1.0,1.072,0.997,4028.0,513800,sh,日本东证指数ETF南方
2022-08-09,0.993,0.995,0.995,0.993,66.0,513800,sh,日本东证指数ETF南方
2022-08-10,0.987,0.986,0.993,0.986,40.0,513800,sh,日本东证指数ETF南方
2022-08-11,1.088,1.003,1.088,0.988,14563.0,513800,sh,日本东证指数ETF南方
2022-08-12,1.015,1.017,1.025,1.014,8938.0,513800,sh,日本东证指数ETF南方
2022-08-15,1.023,1.027,1.03,1.023,152.0,513800,sh,日本东证指数ETF南方
2022-08-16,1.03,1.033,1.033,1.03,147.0,513800,sh,日本东证指数ETF南方
2022-08-17,1.036,1.035,1.036,1.035,3760.0,513800,sh,日本东证指数ETF南方
2022-08-18,1.024,1.021,1.024,1.019,149.0,513800,sh,日本东证指数ETF南方
2022-08-19,1.02,1.017,1.02,1.017,147.0,513800,sh,日本东证指数ETF南方
2022-08-22,1.001,1.011,1.012,1.001,76.0,513800,sh,日本东证指数ETF南方
2022-08-23,1.0,1.003,1.02,1.0,115.0,513800,sh,日本东证指数ETF南方
2022-08-24,1.002,1.006,1.013,1.002,707.0,513800,sh,日本东证指数ETF南方
2022-08-25,1.015,1.019,1.02,1.006,97.0,513800,sh,日本东证指数ETF南方
2022-08-26,1.018,1.018,1.02,1.015,72.0,513800,sh,日本东证指数ETF南方
2022-08-29,1.018,0.996,1.018,0.992,118.0,513800,sh,日本东证指数ETF南方
2022-08-30,1.005,1.004,1.005,0.997,86.0,513800,sh,日本东证指数ETF南方
2022-08-31,0.995,0.997,0.999,0.995,54.0,513800,sh,日本东证指数ETF南方
2022-09-01,0.975,0.981,0.985,0.975,2347.0,513800,sh,日本东证指数ETF南方
2022-09-02,0.97,0.968,0.972,0.968,1713.0,513800,sh,日本东证指数ETF南方
2022-09-05,0.966,0.975,0.975,0.966,22304.0,513800,sh,日本东证指数ETF南方
2022-09-06,0.97,0.97,0.97,0.97,214.0,513800,sh,日本东证指数ETF南方
2022-09-07,0.972,0.951,0.972,0.95,46576.0,513800,sh,日本东证指数ETF南方
2022-09-08,0.957,0.966,0.967,0.954,34092.0,513800,sh,日本东证指数ETF南方
2022-09-09,0.969,0.974,0.975,0.968,4596.0,513800,sh,日本东证指数ETF南方
2022-09-13,1.072,0.989,1.074,0.971,822.0,513800,sh,日本东证指数ETF南方
2022-09-14,0.945,0.965,0.989,0.945,862.0,513800,sh,日本东证指数ETF南方
2022-09-15,0.97,0.969,0.971,0.969,14.0,513800,sh,日本东证指数ETF南方
2022-09-16,0.96,0.95,0.966,0.95,219.0,513800,sh,日本东证指数ETF南方
2022-09-19,0.967,0.97,0.972,0.957,2386.0,513800,sh,日本东证指数ETF南方
2022-09-20,0.936,1.018,1.07,0.936,386.0,513800,sh,日本东证指数ETF南方
2022-09-21,1.028,0.962,1.036,0.956,3848.0,513800,sh,日本东证指数ETF南方
2022-09-22,0.958,0.962,0.962,0.953,35125.0,513800,sh,日本东证指数ETF南方
2022-09-23,0.958,0.968,0.969,0.957,16059.0,513800,sh,日本东证指数ETF南方
2022-09-26,0.938,0.952,0.969,0.938,1099.0,513800,sh,日本东证指数ETF南方
2022-09-27,0.943,0.948,0.957,0.942,20019.0,513800,sh,日本东证指数ETF南方
2022-09-28,0.936,0.941,0.99,0.935,2591.0,513800,sh,日本东证指数ETF南方
2022-09-29,0.96,0.955,0.96,0.954,17274.0,513800,sh,日本东证指数ETF南方
2022-09-30,0.955,0.933,0.955,0.933,14742.0,513800,sh,日本东证指数ETF南方
2022-10-10,0.945,0.952,0.955,0.945,1232.0,513800,sh,日本东证指数ETF南方
2022-10-11,0.943,0.945,0.952,0.943,1919.0,513800,sh,日本东证指数ETF南方
2022-10-12,0.948,0.946,0.95,0.945,414.0,513800,sh,日本东证指数ETF南方
2022-10-13,0.942,0.937,0.942,0.936,707.0,513800,sh,日本东证指数ETF南方
2022-10-14,0.945,0.948,0.953,0.945,5708.0,513800,sh,日本东证指数ETF南方
2022-10-17,0.948,0.938,0.948,0.933,3967.0,513800,sh,日本东证指数ETF南方
2022-10-18,0.951,0.944,0.951,0.938,4101.0,513800,sh,日本东证指数ETF南方
2022-10-19,0.948,0.948,0.951,0.947,131.0,513800,sh,日本东证指数ETF南方
2022-10-20,0.944,0.943,0.945,0.941,2599.0,513800,sh,日本东证指数ETF南方
2022-10-21,0.944,0.938,0.944,0.934,2489.0,513800,sh,日本东证指数ETF南方
2022-10-24,0.942,0.95,0.956,0.938,5702.0,513800,sh,日本东证指数ETF南方
2022-10-25,0.956,0.962,0.965,0.943,1185.0,513800,sh,日本东证指数ETF南方
2022-10-26,0.976,0.97,0.976,0.97,1234.0,513800,sh,日本东证指数ETF南方
2022-10-27,0.97,0.972,0.972,0.97,445.0,513800,sh,日本东证指数ETF南方
2022-10-28,0.952,0.966,0.968,0.952,2015.0,513800,sh,日本东证指数ETF南方
2022-10-31,0.967,0.974,0.98,0.965,2614.0,513800,sh,日本东证指数ETF南方
2022-11-01,0.98,0.979,0.98,0.965,4180.0,513800,sh,日本东证指数ETF南方
2022-11-02,0.978,0.991,0.993,0.978,7267.0,513800,sh,日本东证指数ETF南方
2022-11-03,0.995,0.994,0.997,0.994,393.0,513800,sh,日本东证指数ETF南方
2022-11-04,0.955,0.975,1.096,0.955,6964.0,513800,sh,日本东证指数ETF南方
2022-11-07,0.975,0.984,0.999,0.969,9390.0,513800,sh,日本东证指数ETF南方
2022-11-08,0.99,1.002,1.004,0.99,13367.0,513800,sh,日本东证指数ETF南方
2022-11-09,1.002,1.004,1.009,0.975,9001.0,513800,sh,日本东证指数ETF南方
2022-11-10,0.989,0.991,0.994,0.982,4250.0,513800,sh,日本东证指数ETF南方
2022-11-11,1.09,1.025,1.09,1.02,15231.0,513800,sh,日本东证指数ETF南方
2022-11-14,1.044,1.021,1.044,1.017,9564.0,513800,sh,日本东证指数ETF南方
2022-11-15,1.019,1.021,1.021,1.016,3652.0,513800,sh,日本东证指数ETF南方
2022-11-16,1.02,1.029,1.029,1.02,539.0,513800,sh,日本东证指数ETF南方
2022-11-17,1.04,1.037,1.056,1.034,11508.0,513800,sh,日本东证指数ETF南方
2022-11-18,1.037,1.041,1.042,1.022,522.0,513800,sh,日本东证指数ETF南方
2022-11-21,1.042,1.033,1.043,1.029,8656.0,513800,sh,日本东证指数ETF南方
2022-11-22,1.037,1.034,1.038,1.033,4581.0,513800,sh,日本东证指数ETF南方
2022-11-23,1.061,1.041,1.094,1.024,5927.0,513800,sh,日本东证指数ETF南方
2022-11-24,1.051,1.071,1.078,1.031,12549.0,513800,sh,日本东证指数ETF南方
2022-11-25,1.079,1.075,1.079,1.072,1957.0,513800,sh,日本东证指数ETF南方
2022-11-28,1.076,1.077,1.082,1.056,10114.0,513800,sh,日本东证指数ETF南方
2022-11-29,1.077,1.066,1.077,1.063,7658.0,513800,sh,日本东证指数ETF南方
2022-11-30,1.065,1.06,1.065,1.055,445.0,513800,sh,日本东证指数ETF南方
2022-12-01,1.065,1.064,1.078,1.057,23297.0,513800,sh,日本东证指数ETF南方
2022-12-02,1.065,1.055,1.065,1.05,8660.0,513800,sh,日本东证指数ETF南方
2022-12-05,1.05,1.039,1.05,1.039,8917.0,513800,sh,日本东证指数ETF南方
2022-12-06,1.039,1.027,1.039,1.026,2221.0,513800,sh,日本东证指数ETF南方
2022-12-07,1.016,1.021,1.034,1.008,1882.0,513800,sh,日本东证指数ETF南方
2022-12-08,1.016,1.023,1.028,1.008,5923.0,513800,sh,日本东证指数ETF南方
2022-12-09,1.027,1.036,1.039,1.026,7662.0,513800,sh,日本东证指数ETF南方
2022-12-12,1.04,1.029,1.04,1.02,767.0,513800,sh,日本东证指数ETF南方
2022-12-13,1.037,1.031,1.037,1.029,679.0,513800,sh,日本东证指数ETF南方
2022-12-14,1.035,1.048,1.05,1.035,15024.0,513800,sh,日本东证指数ETF南方
2022-12-15,1.044,1.048,1.054,1.044,6310.0,513800,sh,日本东证指数ETF南方
2022-12-16,1.03,1.023,1.03,1.022,569.0,513800,sh,日本东证指数ETF南方
2022-12-19,1.024,1.026,1.033,1.023,15654.0,513800,sh,日本东证指数ETF南方
2022-12-20,1.027,1.028,1.042,0.925,15805.0,513800,sh,日本东证指数ETF南方
2022-12-21,1.023,1.031,1.044,1.023,23452.0,513800,sh,日本东证指数ETF南方
2022-12-22,1.035,1.047,1.049,1.032,13564.0,513800,sh,日本东证指数ETF南方
2022-12-23,1.042,1.035,1.042,1.032,4821.0,513800,sh,日本东证指数ETF南方
2022-12-26,1.032,1.03,1.034,1.03,3617.0,513800,sh,日本东证指数ETF南方
2022-12-27,1.038,1.031,1.038,1.03,5981.0,513800,sh,日本东证指数ETF南方
2022-12-28,1.022,1.023,1.023,1.021,371.0,513800,sh,日本东证指数ETF南方
2022-12-29,1.009,1.018,1.035,1.009,1137.0,513800,sh,日本东证指数ETF南方
2022-12-30,1.026,1.024,1.027,1.023,5636.0,513800,sh,日本东证指数ETF南方
2023-01-03,1.036,1.032,1.038,1.032,15500.0,513800,sh,日本东证指数ETF南方
2023-01-04,1.027,1.023,1.029,1.019,15864.0,513800,sh,日本东证指数ETF南方
2023-01-05,1.022,1.011,1.022,1.007,37141.0,513800,sh,日本东证指数ETF南方
2023-01-06,1.015,1.004,1.015,0.997,49680.0,513800,sh,日本东证指数ETF南方
2023-01-09,1.012,1.012,1.012,1.003,42871.0,513800,sh,日本东证指数ETF南方
2023-01-10,1.012,1.002,1.012,1.001,34970.0,513800,sh,日本东证指数ETF南方
2023-01-11,1.003,1.004,1.005,1.002,7994.0,513800,sh,日本东证指数ETF南方
2023-01-12,1.007,1.009,1.01,1.006,2915.0,513800,sh,日本东证指数ETF南方
2023-01-13,1.013,1.023,1.027,1.009,8694.0,513800,sh,日本东证指数ETF南方
2023-01-16,1.02,1.02,1.026,1.02,1964.0,513800,sh,日本东证指数ETF南方
2023-01-17,1.025,1.032,1.045,1.024,2023.0,513800,sh,日本东证指数ETF南方
2023-01-18,1.035,1.039,1.041,1.027,26936.0,513800,sh,日本东证指数ETF南方
2023-01-19,1.044,1.048,1.05,1.042,7507.0,513800,sh,日本东证指数ETF南方
2023-01-20,1.05,1.048,1.05,1.043,5906.0,513800,sh,日本东证指数ETF南方
2023-01-30,1.045,1.066,1.067,1.045,1028.0,513800,sh,日本东证指数ETF南方
2023-01-31,1.066,1.055,1.069,1.041,11440.0,513800,sh,日本东证指数ETF南方
2023-02-01,1.063,1.052,1.064,1.051,28904.0,513800,sh,日本东证指数ETF南方
2023-02-02,1.063,1.057,1.063,1.053,1654.0,513800,sh,日本东证指数ETF南方
2023-02-03,1.065,1.062,1.068,1.061,15266.0,513800,sh,日本东证指数ETF南方
2023-02-06,1.067,1.056,1.08,1.054,16987.0,513800,sh,日本东证指数ETF南方
2023-02-07,1.054,1.054,1.054,1.052,347.0,513800,sh,日本东证指数ETF南方
2023-02-08,1.054,1.064,1.065,1.054,9888.0,513800,sh,日本东证指数ETF南方
2023-02-09,1.063,1.063,1.064,1.054,3228.0,513800,sh,日本东证指数ETF南方
2023-02-10,1.059,1.06,1.067,1.055,12304.0,513800,sh,日本东证指数ETF南方
2023-02-13,1.06,1.056,1.06,1.056,2692.0,513800,sh,日本东证指数ETF南方
2023-02-14,1.062,1.065,1.107,1.057,7134.0,513800,sh,日本东证指数ETF南方
2023-02-15,1.069,1.054,1.073,1.054,713.0,513800,sh,日本东证指数ETF南方
2023-02-16,1.06,1.055,1.06,1.053,5953.0,513800,sh,日本东证指数ETF南方
2023-02-17,1.055,1.049,1.055,1.045,16559.0,513800,sh,日本东证指数ETF南方
2023-02-20,1.049,1.051,1.054,1.049,10070.0,513800,sh,日本东证指数ETF南方
2023-02-21,1.047,1.051,1.052,1.047,25202.0,513800,sh,日本东证指数ETF南方
2023-02-22,1.045,1.037,1.045,1.032,2051.0,513800,sh,日本东证指数ETF南方
2023-02-23,1.037,1.038,1.039,1.033,9726.0,513800,sh,日本东证指数ETF南方
2023-02-24,1.046,1.053,1.054,1.046,44304.0,513800,sh,日本东证指数ETF南方
2023-02-27,1.046,1.053,1.054,1.046,1127.0,513800,sh,日本东证指数ETF南方
2023-02-28,1.053,1.045,1.054,1.043,17849.0,513800,sh,日本东证指数ETF南方
2023-03-01,1.052,1.043,1.052,1.027,322.0,513800,sh,日本东证指数ETF南方
2023-03-02,1.04,1.035,1.044,1.031,49561.0,513800,sh,日本东证指数ETF南方
2023-03-03,1.045,1.049,1.05,1.045,5781.0,513800,sh,日本东证指数ETF南方
2023-03-06,1.057,1.075,1.081,1.057,10362.0,513800,sh,日本东证指数ETF南方
2023-03-07,1.079,1.076,1.079,1.064,482.0,513800,sh,日本东证指数ETF南方
2023-03-08,1.077,1.07,1.077,1.067,10632.0,513800,sh,日本东证指数ETF南方
2023-03-09,1.071,1.084,1.085,1.071,15399.0,513800,sh,日本东证指数ETF南方
2023-03-10,1.09,1.073,1.14,1.07,35424.0,513800,sh,日本东证指数ETF南方
2023-03-13,1.072,1.063,1.072,1.055,508.0,513800,sh,日本东证指数ETF南方
2023-03-14,1.024,1.035,1.058,1.02,7312.0,513800,sh,日本东证指数ETF南方
2023-03-15,1.037,1.034,1.041,1.031,9910.0,513800,sh,日本东证指数ETF南方
2023-03-16,1.029,1.038,1.041,1.017,9793.0,513800,sh,日本东证指数ETF南方
2023-03-17,1.04,1.045,1.045,1.038,12383.0,513800,sh,日本东证指数ETF南方
2023-03-20,1.046,1.043,1.054,1.007,27284.0,513800,sh,日本东证指数ETF南方
2023-03-21,1.05,1.045,1.053,1.041,5030.0,513800,sh,日本东证指数ETF南方
2023-03-22,1.049,1.053,1.055,1.049,5382.0,513800,sh,日本东证指数ETF南方
2023-03-23,1.056,1.055,1.059,1.054,26452.0,513800,sh,日本东证指数ETF南方
2023-03-24,1.051,1.059,1.059,1.051,41621.0,513800,sh,日本东证指数ETF南方
2023-03-27,1.069,1.061,1.069,1.055,22147.0,513800,sh,日本东证指数ETF南方
2023-03-28,1.066,1.067,1.075,1.064,50910.0,513800,sh,日本东证指数ETF南方
2023-03-29,1.065,1.073,1.073,1.065,17783.0,513800,sh,日本东证指数ETF南方
2023-03-30,1.077,1.071,1.077,1.07,9390.0,513800,sh,日本东证指数ETF南方
2023-03-31,1.075,1.076,1.082,1.071,29472.0,513800,sh,日本东证指数ETF南方
2023-04-03,1.087,1.082,1.087,1.079,18980.0,513800,sh,日本东证指数ETF南方
2023-04-04,1.089,1.091,1.097,1.083,6791.0,513800,sh,日本东证指数ETF南方
2023-04-06,1.08,1.075,1.105,1.069,7068.0,513800,sh,日本东证指数ETF南方
2023-04-07,1.071,1.071,1.073,1.07,1478.0,513800,sh,日本东证指数ETF南方
2023-04-10,1.07,1.069,1.07,1.067,290.0,513800,sh,日本东证指数ETF南方
2023-04-11,1.064,1.073,1.075,1.055,42001.0,513800,sh,日本东证指数ETF南方
2023-04-12,1.077,1.081,1.081,1.077,6876.0,513800,sh,日本东证指数ETF南方
2023-04-13,1.081,1.097,1.099,1.081,1899.0,513800,sh,日本东证指数ETF南方
2023-04-14,1.094,1.092,1.098,1.091,4044.0,513800,sh,日本东证指数ETF南方
2023-04-17,1.087,1.091,1.095,1.085,12187.0,513800,sh,日本东证指数ETF南方
2023-04-18,1.097,1.093,1.099,1.09,9485.0,513800,sh,日本东证指数ETF南方
2023-04-19,1.083,1.092,1.093,1.083,345.0,513800,sh,日本东证指数ETF南方
2023-04-20,1.083,1.092,1.092,1.083,6545.0,513800,sh,日本东证指数ETF南方
2023-04-21,1.084,1.096,1.104,1.084,6460.0,513800,sh,日本东证指数ETF南方
2023-04-24,1.098,1.09,1.1,1.088,6989.0,513800,sh,日本东证指数ETF南方
2023-04-25,1.092,1.099,1.101,1.092,10017.0,513800,sh,日本东证指数ETF南方
2023-04-26,1.096,1.096,1.1,1.085,20226.0,513800,sh,日本东证指数ETF南方
2023-04-27,1.091,1.1,1.103,1.091,7501.0,513800,sh,日本东证指数ETF南方
2023-04-28,1.107,1.1,1.108,1.1,6385.0,513800,sh,日本东证指数ETF南方
2023-05-04,1.106,1.116,1.116,1.101,3059.0,513800,sh,日本东证指数ETF南方
2023-05-05,1.106,1.123,1.125,1.106,3567.0,513800,sh,日本东证指数ETF南方
2023-05-08,1.131,1.116,1.131,1.109,1118.0,513800,sh,日本东证指数ETF南方
2023-05-09,1.113,1.127,1.127,1.113,3205.0,513800,sh,日本东证指数ETF南方
2023-05-10,1.126,1.117,1.135,1.116,7864.0,513800,sh,日本东证指数ETF南方
2023-05-11,1.118,1.122,1.125,1.117,466.0,513800,sh,日本东证指数ETF南方
2023-05-12,1.128,1.134,1.141,1.123,13769.0,513800,sh,日本东证指数ETF南方
2023-05-15,1.134,1.133,1.136,1.126,13610.0,513800,sh,日本东证指数ETF南方
2023-05-16,1.134,1.144,1.144,1.134,20964.0,513800,sh,日本东证指数ETF南方
2023-05-17,1.147,1.154,1.163,1.147,27513.0,513800,sh,日本东证指数ETF南方
2023-05-18,1.159,1.161,1.197,1.156,101021.0,513800,sh,日本东证指数ETF南方
2023-05-19,1.161,1.153,1.17,1.15,86534.0,513800,sh,日本东证指数ETF南方
2023-05-22,1.158,1.164,1.169,1.158,73859.0,513800,sh,日本东证指数ETF南方
2023-05-23,1.17,1.15,1.174,1.15,35415.0,513800,sh,日本东证指数ETF南方
2023-05-24,1.145,1.141,1.156,1.141,52465.0,513800,sh,日本东证指数ETF南方
2023-05-25,1.142,1.142,1.144,1.132,37151.0,513800,sh,日本东证指数ETF南方
2023-05-26,1.143,1.138,1.143,1.137,6158.0,513800,sh,日本东证指数ETF南方
2023-05-29,1.143,1.144,1.145,1.139,16258.0,513800,sh,日本东证指数ETF南方
2023-05-30,1.142,1.146,1.146,1.137,11418.0,513800,sh,日本东证指数ETF南方
2023-05-31,1.145,1.134,1.145,1.13,20779.0,513800,sh,日本东证指数ETF南方
2023-06-01,1.146,1.145,1.16,1.135,103702.0,513800,sh,日本东证指数ETF南方
2023-06-02,1.158,1.164,1.165,1.153,19995.0,513800,sh,日本东证指数ETF南方
2023-06-05,1.174,1.182,1.183,1.167,35544.0,513800,sh,日本东证指数ETF南方
2023-06-06,1.184,1.198,1.204,1.183,43354.0,513800,sh,日本东证指数ETF南方
2023-06-07,1.21,1.181,1.21,1.181,32153.0,513800,sh,日本东证指数ETF南方
2023-06-08,1.181,1.169,1.194,1.164,55020.0,513800,sh,日本东证指数ETF南方
2023-06-09,1.188,1.192,1.193,1.182,22946.0,513800,sh,日本东证指数ETF南方
2023-06-12,1.205,1.203,1.206,1.197,15825.0,513800,sh,日本东证指数ETF南方
2023-06-13,1.215,1.22,1.231,1.21,48640.0,513800,sh,日本东证指数ETF南方
2023-06-14,1.224,1.232,1.236,1.224,29969.0,513800,sh,日本东证指数ETF南方
2023-06-15,1.233,1.219,1.237,1.219,43975.0,513800,sh,日本东证指数ETF南方
2023-06-16,1.22,1.221,1.226,1.208,55799.0,513800,sh,日本东证指数ETF南方
2023-06-19,1.22,1.211,1.224,1.205,20323.0,513800,sh,日本东证指数ETF南方
2023-06-20,1.211,1.206,1.218,1.196,30313.0,513800,sh,日本东证指数ETF南方
2023-06-21,1.217,1.226,1.227,1.213,50806.0,513800,sh,日本东证指数ETF南方
2023-06-26,1.218,1.196,1.218,1.182,52882.0,513800,sh,日本东证指数ETF南方
2023-06-27,1.19,1.189,1.19,1.176,12152.0,513800,sh,日本东证指数ETF南方
2023-06-28,1.193,1.212,1.213,1.193,26307.0,513800,sh,日本东证指数ETF南方
2023-06-29,1.218,1.204,1.336,1.202,71552.0,513800,sh,日本东证指数ETF南方
2023-06-30,1.203,1.205,1.233,1.191,78332.0,513800,sh,日本东证指数ETF南方
2023-07-03,1.217,1.217,1.227,1.211,106547.0,513800,sh,日本东证指数ETF南方
2023-07-04,1.213,1.209,1.213,1.205,25962.0,513800,sh,日本东证指数ETF南方
2023-07-05,1.206,1.208,1.21,1.206,38552.0,513800,sh,日本东证指数ETF南方
2023-07-06,1.196,1.2,1.208,1.196,16740.0,513800,sh,日本东证指数ETF南方
2023-07-07,1.193,1.187,1.197,1.187,29802.0,513800,sh,日本东证指数ETF南方
2023-07-10,1.192,1.192,1.195,1.185,46197.0,513800,sh,日本东证指数ETF南方
2023-07-11,1.198,1.198,1.208,1.196,28712.0,513800,sh,日本东证指数ETF南方
2023-07-12,1.194,1.202,1.202,1.193,17993.0,513800,sh,日本东证指数ETF南方
2023-07-13,1.208,1.222,1.223,1.208,33877.0,513800,sh,日本东证指数ETF南方
2023-07-14,1.219,1.213,1.22,1.211,44478.0,513800,sh,日本东证指数ETF南方
2023-07-17,1.213,1.214,1.215,1.202,7011.0,513800,sh,日本东证指数ETF南方
2023-07-18,1.216,1.222,1.225,1.216,16355.0,513800,sh,日本东证指数ETF南方
2023-07-19,1.227,1.239,1.264,1.227,37034.0,513800,sh,日本东证指数ETF南方
2023-07-20,1.23,1.219,1.235,1.216,18039.0,513800,sh,日本东证指数ETF南方
2023-07-21,1.219,1.208,1.219,1.205,40188.0,513800,sh,日本东证指数ETF南方
2023-07-24,1.217,1.214,1.218,1.21,17575.0,513800,sh,日本东证指数ETF南方
2023-07-25,1.214,1.21,1.215,1.205,10396.0,513800,sh,日本东证指数ETF南方
2023-07-26,1.215,1.216,1.216,1.208,4659.0,513800,sh,日本东证指数ETF南方
2023-07-27,1.215,1.229,1.229,1.215,13334.0,513800,sh,日本东证指数ETF南方
2023-07-28,1.222,1.228,1.231,1.22,48294.0,513800,sh,日本东证指数ETF南方
2023-07-31,1.238,1.226,1.238,1.22,40033.0,513800,sh,日本东证指数ETF南方
2023-08-01,1.224,1.229,1.229,1.223,12210.0,513800,sh,日本东证指数ETF南方
2023-08-02,1.221,1.21,1.221,1.208,18500.0,513800,sh,日本东证指数ETF南方
2023-08-03,1.202,1.187,1.206,1.184,30055.0,513800,sh,日本东证指数ETF南方
2023-08-04,1.199,1.198,1.199,1.172,65014.0,513800,sh,日本东证指数ETF南方
2023-08-07,1.199,1.214,1.216,1.199,39020.0,513800,sh,日本东证指数ETF南方
2023-08-08,1.215,1.21,1.22,1.208,7446.0,513800,sh,日本东证指数ETF南方
2023-08-09,1.209,1.204,1.209,1.201,8317.0,513800,sh,日本东证指数ETF南方
2023-08-10,1.2,1.213,1.213,1.2,21502.0,513800,sh,日本东证指数ETF南方
2023-08-11,1.213,1.208,1.22,1.207,7573.0,513800,sh,日本东证指数ETF南方
2023-08-14,1.208,1.198,1.208,1.197,11357.0,513800,sh,日本东证指数ETF南方
2023-08-15,1.201,1.199,1.205,1.199,4382.0,513800,sh,日本东证指数ETF南方
2023-08-16,1.19,1.186,1.195,1.18,4724.0,513800,sh,日本东证指数ETF南方
2023-08-17,1.179,1.179,1.179,1.162,20322.0,513800,sh,日本东证指数ETF南方
2023-08-18,1.17,1.171,1.185,1.161,23317.0,513800,sh,日本东证指数ETF南方
2023-08-21,1.177,1.18,1.186,1.173,20524.0,513800,sh,日本东证指数ETF南方
2023-08-22,1.178,1.184,1.186,1.176,32090.0,513800,sh,日本东证指数ETF南方
2023-08-23,1.19,1.195,1.195,1.188,14462.0,513800,sh,日本东证指数ETF南方
2023-08-24,1.202,1.204,1.205,1.185,15346.0,513800,sh,日本东证指数ETF南方
2023-08-25,1.2,1.182,1.2,1.18,18619.0,513800,sh,日本东证指数ETF南方
2023-08-28,1.189,1.2,1.21,1.185,13758.0,513800,sh,日本东证指数ETF南方
2023-08-29,1.205,1.201,1.205,1.199,4427.0,513800,sh,日本东证指数ETF南方
2023-08-30,1.21,1.206,1.216,1.205,5238.0,513800,sh,日本东证指数ETF南方
2023-08-31,1.208,1.22,1.223,1.208,16871.0,513800,sh,日本东证指数ETF南方
2023-09-01,1.23,1.224,1.23,1.224,14690.0,513800,sh,日本东证指数ETF南方
2023-09-04,1.228,1.238,1.26,1.225,15372.0,513800,sh,日本东证指数ETF南方
2023-09-05,1.229,1.234,1.236,1.226,4854.0,513800,sh,日本东证指数ETF南方
2023-09-06,1.243,1.247,1.248,1.241,31646.0,513800,sh,日本东证指数ETF南方
2023-09-07,1.248,1.244,1.251,1.238,17779.0,513800,sh,日本东证指数ETF南方
2023-09-08,1.244,1.235,1.244,1.228,9968.0,513800,sh,日本东证指数ETF南方
2023-09-11,1.233,1.238,1.24,1.231,21399.0,513800,sh,日本东证指数ETF南方
2023-09-12,1.238,1.244,1.245,1.23,26554.0,513800,sh,日本东证指数ETF南方
2023-09-13,1.244,1.235,1.244,1.231,14579.0,513800,sh,日本东证指数ETF南方
2023-09-14,1.239,1.251,1.253,1.239,67063.0,513800,sh,日本东证指数ETF南方
2023-09-15,1.254,1.255,1.262,1.253,36150.0,513800,sh,日本东证指数ETF南方
2023-09-18,1.25,1.253,1.253,1.242,18703.0,513800,sh,日本东证指数ETF南方
2023-09-19,1.253,1.256,1.266,1.243,35032.0,513800,sh,日本东证指数ETF南方
2023-09-20,1.256,1.247,1.258,1.246,24426.0,513800,sh,日本东证指数ETF南方
2023-09-21,1.244,1.229,1.244,1.226,40827.0,513800,sh,日本东证指数ETF南方
2023-09-22,1.215,1.229,1.231,1.215,24672.0,513800,sh,日本东证指数ETF南方
2023-09-25,1.232,1.231,1.233,1.23,10709.0,513800,sh,日本东证指数ETF南方
2023-09-26,1.22,1.218,1.226,1.216,12418.0,513800,sh,日本东证指数ETF南方
2023-09-27,1.21,1.22,1.22,1.208,12476.0,513800,sh,日本东证指数ETF南方
2023-09-28,1.22,1.213,1.221,1.207,8199.0,513800,sh,日本东证指数ETF南方
2023-10-09,1.19,1.171,1.19,1.166,32625.0,513800,sh,日本东证指数ETF南方
2023-10-10,1.191,1.194,1.198,1.188,24997.0,513800,sh,日本东证指数ETF南方
2023-10-11,1.195,1.195,1.199,1.193,16759.0,513800,sh,日本东证指数ETF南方
2023-10-12,1.197,1.213,1.215,1.197,12120.0,513800,sh,日本东证指数ETF南方
2023-10-13,1.206,1.189,1.208,1.187,23557.0,513800,sh,日本东证指数ETF南方
2023-10-16,1.171,1.175,1.184,1.17,12712.0,513800,sh,日本东证指数ETF南方
2023-10-17,1.188,1.184,1.188,1.178,10071.0,513800,sh,日本东证指数ETF南方
2023-10-18,1.179,1.184,1.185,1.176,4971.0,513800,sh,日本东证指数ETF南方
2023-10-19,1.175,1.167,1.175,1.164,17083.0,513800,sh,日本东证指数ETF南方
2023-10-20,1.167,1.16,1.167,1.153,6101.0,513800,sh,日本东证指数ETF南方
2023-10-23,1.158,1.152,1.16,1.151,5323.0,513800,sh,日本东证指数ETF南方
2023-10-24,1.139,1.156,1.157,1.132,24754.0,513800,sh,日本东证指数ETF南方
2023-10-25,1.164,1.161,1.168,1.157,8925.0,513800,sh,日本东证指数ETF南方
2023-10-26,1.15,1.138,1.15,1.137,11827.0,513800,sh,日本东证指数ETF南方
2023-10-27,1.15,1.155,1.159,1.15,8435.0,513800,sh,日本东证指数ETF南方
2023-10-30,1.149,1.154,1.157,1.147,14635.0,513800,sh,日本东证指数ETF南方
2023-10-31,1.158,1.161,1.161,1.152,20427.0,513800,sh,日本东证指数ETF南方
2023-11-01,1.174,1.184,1.185,1.171,9173.0,513800,sh,日本东证指数ETF南方
2023-11-02,1.191,1.189,1.203,1.189,20834.0,513800,sh,日本东证指数ETF南方
2023-11-03,1.199,1.205,1.208,1.198,20283.0,513800,sh,日本东证指数ETF南方
2023-11-06,1.217,1.213,1.22,1.211,21322.0,513800,sh,日本东证指数ETF南方
2023-11-07,1.196,1.189,1.205,1.186,15314.0,513800,sh,日本东证指数ETF南方
2023-11-08,1.189,1.174,1.189,1.172,12264.0,513800,sh,日本东证指数ETF南方
2023-11-09,1.179,1.189,1.19,1.175,17174.0,513800,sh,日本东证指数ETF南方
2023-11-10,1.186,1.186,1.189,1.166,7984.0,513800,sh,日本东证指数ETF南方
2023-11-13,1.189,1.187,1.192,1.18,4672.0,513800,sh,日本东证指数ETF南方
2023-11-14,1.193,1.188,1.194,1.188,4088.0,513800,sh,日本东证指数ETF南方
2023-11-15,1.202,1.205,1.207,1.2,5891.0,513800,sh,日本东证指数ETF南方
2023-11-16,1.2,1.202,1.203,1.191,6074.0,513800,sh,日本东证指数ETF南方
2023-11-17,1.202,1.214,1.215,1.192,16855.0,513800,sh,日本东证指数ETF南方
2023-11-20,1.224,1.205,1.224,1.203,19701.0,513800,sh,日本东证指数ETF南方
2023-11-21,1.199,1.206,1.208,1.199,21912.0,513800,sh,日本东证指数ETF南方
2023-11-22,1.208,1.202,1.211,1.202,6749.0,513800,sh,日本东证指数ETF南方
2023-11-23,1.205,1.208,1.209,1.203,4964.0,513800,sh,日本东证指数ETF南方
2023-11-24,1.21,1.205,1.21,1.198,10347.0,513800,sh,日本东证指数ETF南方
2023-11-27,1.205,1.204,1.207,1.201,6810.0,513800,sh,日本东证指数ETF南方
2023-11-28,1.204,1.209,1.209,1.204,13660.0,513800,sh,日本东证指数ETF南方
2023-11-29,1.214,1.205,1.214,1.205,29742.0,513800,sh,日本东证指数ETF南方
2023-11-30,1.204,1.215,1.215,1.204,24047.0,513800,sh,日本东证指数ETF南方
2023-12-01,1.34,1.208,1.34,1.208,10092.0,513800,sh,日本东证指数ETF南方
2023-12-04,1.213,1.211,1.215,1.207,7705.0,513800,sh,日本东证指数ETF南方
2023-12-05,1.199,1.199,1.202,1.19,11233.0,513800,sh,日本东证指数ETF南方
2023-12-06,1.213,1.225,1.226,1.213,12803.0,513800,sh,日本东证指数ETF南方
2023-12-07,1.221,1.219,1.221,1.205,21720.0,513800,sh,日本东证指数ETF南方
2023-12-08,1.219,1.218,1.23,1.216,13731.0,513800,sh,日本东证指数ETF南方
2023-12-11,1.228,1.229,1.229,1.223,11154.0,513800,sh,日本东证指数ETF南方
2023-12-12,1.233,1.226,1.233,1.223,9532.0,513800,sh,日本东证指数ETF南方
2023-12-13,1.229,1.226,1.25,1.225,16745.0,513800,sh,日本东证指数ETF南方
2023-12-14,1.226,1.237,1.238,1.226,35129.0,513800,sh,日本东证指数ETF南方
2023-12-15,1.24,1.235,1.24,1.23,20578.0,513800,sh,日本东证指数ETF南方
2023-12-18,1.227,1.229,1.231,1.213,35410.0,513800,sh,日本东证指数ETF南方
2023-12-19,1.22,1.237,1.24,1.22,35351.0,513800,sh,日本东证指数ETF南方
2023-12-20,1.242,1.237,1.248,1.237,45715.0,513800,sh,日本东证指数ETF南方
2023-12-21,1.233,1.229,1.233,1.222,16555.0,513800,sh,日本东证指数ETF南方
2023-12-22,1.232,1.243,1.244,1.232,36252.0,513800,sh,日本东证指数ETF南方
2023-12-25,1.244,1.245,1.246,1.239,19458.0,513800,sh,日本东证指数ETF南方
2023-12-26,1.247,1.245,1.247,1.24,14769.0,513800,sh,日本东证指数ETF南方
2023-12-27,1.252,1.256,1.258,1.245,24670.0,513800,sh,日本东证指数ETF南方
2023-12-28,1.256,1.259,1.26,1.256,12924.0,513800,sh,日本东证指数ETF南方
2023-12-29,1.258,1.256,1.258,1.253,15912.0,513800,sh,日本东证指数ETF南方
2024-01-02,1.256,1.26,1.26,1.228,20690.0,513800,sh,日本东证指数ETF南方
2024-01-03,1.256,1.264,1.264,1.253,26758.0,513800,sh,日本东证指数ETF南方
2024-01-04,1.262,1.252,1.262,1.247,25773.0,513800,sh,日本东证指数ETF南方
2024-01-05,1.256,1.247,1.26,1.245,18424.0,513800,sh,日本东证指数ETF南方
2024-01-08,1.249,1.271,1.278,1.249,16405.0,513800,sh,日本东证指数ETF南方
2024-01-09,1.29,1.276,1.29,1.273,79663.0,513800,sh,日本东证指数ETF南方
2024-01-10,1.29,1.285,1.309,1.282,146791.0,513800,sh,日本东证指数ETF南方
2024-01-11,1.294,1.311,1.311,1.294,394581.0,513800,sh,日本东证指数ETF南方
2024-01-12,1.317,1.3,1.317,1.297,223402.0,513800,sh,日本东证指数ETF南方
2024-01-15,1.31,1.328,1.335,1.308,413764.0,513800,sh,日本东证指数ETF南方
2024-01-16,1.32,1.293,1.329,1.292,1922658.0,513800,sh,日本东证指数ETF南方
2024-01-17,1.312,1.279,1.324,1.273,740323.0,513800,sh,日本东证指数ETF南方
2024-01-18,1.279,1.279,1.28,1.272,342313.0,513800,sh,日本东证指数ETF南方
2024-01-19,1.285,1.281,1.287,1.279,239083.0,513800,sh,日本东证指数ETF南方
2024-01-22,1.294,1.309,1.313,1.293,604885.0,513800,sh,日本东证指数ETF南方
2024-01-23,1.318,1.303,1.326,1.297,1348135.0,513800,sh,日本东证指数ETF南方
2024-01-24,1.296,1.292,1.297,1.288,420625.0,513800,sh,日本东证指数ETF南方
2024-01-25,1.288,1.293,1.294,1.283,337437.0,513800,sh,日本东证指数ETF南方
2024-01-26,1.287,1.274,1.287,1.272,197618.0,513800,sh,日本东证指数ETF南方
2024-01-29,1.283,1.294,1.295,1.283,220059.0,513800,sh,日本东证指数ETF南方
2024-01-30,1.303,1.3,1.309,1.297,825742.0,513800,sh,日本东证指数ETF南方
2024-01-31,1.292,1.306,1.312,1.29,470739.0,513800,sh,日本东证指数ETF南方
2024-02-01,1.303,1.303,1.311,1.302,157774.0,513800,sh,日本东证指数ETF南方
2024-02-02,1.313,1.316,1.318,1.312,243735.0,513800,sh,日本东证指数ETF南方
2024-02-05,1.311,1.309,1.314,1.307,176922.0,513800,sh,日本东证指数ETF南方
2024-02-06,1.303,1.299,1.305,1.295,173616.0,513800,sh,日本东证指数ETF南方
2024-02-07,1.3,1.302,1.307,1.299,125580.0,513800,sh,日本东证指数ETF南方
2024-02-08,1.305,1.312,1.317,1.304,200638.0,513800,sh,日本东证指数ETF南方
2024-02-19,1.332,1.339,1.339,1.326,313742.0,513800,sh,日本东证指数ETF南方
2024-02-20,1.34,1.332,1.346,1.326,173898.0,513800,sh,日本东证指数ETF南方
2024-02-21,1.33,1.331,1.332,1.321,178848.0,513800,sh,日本东证指数ETF南方
2024-02-22,1.34,1.345,1.346,1.338,227451.0,513800,sh,日本东证指数ETF南方
2024-02-23,1.349,1.35,1.352,1.344,156491.0,513800,sh,日本东证指数ETF南方
2024-02-26,1.355,1.351,1.362,1.35,187950.0,513800,sh,日本东证指数ETF南方
2024-02-27,1.354,1.353,1.36,1.349,276769.0,513800,sh,日本东证指数ETF南方
2024-02-28,1.351,1.347,1.351,1.345,295710.0,513800,sh,日本东证指数ETF南方
2024-02-29,1.343,1.359,1.365,1.341,217331.0,513800,sh,日本东证指数ETF南方
2024-03-01,1.369,1.38,1.413,1.358,1288976.0,513800,sh,日本东证指数ETF南方
2024-03-04,1.375,1.376,1.378,1.37,852310.0,513800,sh,日本东证指数ETF南方
2024-03-05,1.371,1.374,1.383,1.365,377424.0,513800,sh,日本东证指数ETF南方
2024-03-06,1.374,1.387,1.39,1.374,394543.0,513800,sh,日本东证指数ETF南方
2024-03-07,1.396,1.389,1.401,1.384,432877.0,513800,sh,日本东证指数ETF南方
2024-03-08,1.395,1.402,1.405,1.395,287479.0,513800,sh,日本东证指数ETF南方
2024-03-11,1.379,1.378,1.381,1.362,536334.0,513800,sh,日本东证指数ETF南方
2024-03-12,1.355,1.357,1.367,1.353,902154.0,513800,sh,日本东证指数ETF南方
2024-03-13,1.36,1.355,1.363,1.353,453840.0,513800,sh,日本东证指数ETF南方
2024-03-14,1.356,1.366,1.367,1.352,287556.0,513800,sh,日本东证指数ETF南方
2024-03-15,1.359,1.364,1.37,1.358,249425.0,513800,sh,日本东证指数ETF南方
2024-03-18,1.383,1.386,1.39,1.378,319364.0,513800,sh,日本东证指数ETF南方
2024-03-19,1.38,1.389,1.394,1.378,289131.0,513800,sh,日本东证指数ETF南方
2024-03-20,1.395,1.394,1.404,1.391,277406.0,513800,sh,日本东证指数ETF南方
2024-03-21,1.405,1.418,1.433,1.405,1224590.0,513800,sh,日本东证指数ETF南方
2024-03-22,1.423,1.425,1.427,1.416,613746.0,513800,sh,日本东证指数ETF南方
2024-03-25,1.421,1.399,1.421,1.394,565735.0,513800,sh,日本东证指数ETF南方
2024-03-26,1.402,1.406,1.406,1.399,162106.0,513800,sh,日本东证指数ETF南方
2024-03-27,1.409,1.411,1.426,1.409,1092096.0,513800,sh,日本东证指数ETF南方
2024-03-28,1.407,1.396,1.409,1.394,739155.0,513800,sh,日本东证指数ETF南方
2024-03-29,1.402,1.415,1.418,1.401,610834.0,513800,sh,日本东证指数ETF南方
2024-04-01,1.408,1.396,1.41,1.388,970209.0,513800,sh,日本东证指数ETF南方
2024-04-02,1.398,1.385,1.398,1.382,382006.0,513800,sh,日本东证指数ETF南方
2024-04-03,1.374,1.378,1.384,1.373,430638.0,513800,sh,日本东证指数ETF南方
2024-04-08,1.383,1.387,1.388,1.379,571173.0,513800,sh,日本东证指数ETF南方
2024-04-09,1.389,1.393,1.396,1.385,330352.0,513800,sh,日本东证指数ETF南方
2024-04-10,1.391,1.389,1.395,1.388,214468.0,513800,sh,日本东证指数ETF南方
2024-04-11,1.381,1.381,1.384,1.375,130966.0,513800,sh,日本东证指数ETF南方
2024-04-12,1.385,1.391,1.393,1.385,319576.0,513800,sh,日本东证指数ETF南方
2024-04-15,1.379,1.38,1.383,1.372,154104.0,513800,sh,日本东证指数ETF南方
2024-04-16,1.354,1.341,1.36,1.339,419737.0,513800,sh,日本东证指数ETF南方
2024-04-17,1.336,1.321,1.336,1.319,373487.0,513800,sh,日本东证指数ETF南方
2024-04-18,1.323,1.336,1.342,1.323,309121.0,513800,sh,日本东证指数ETF南方
2024-04-19,1.307,1.308,1.311,1.295,509894.0,513800,sh,日本东证指数ETF南方
2024-04-22,1.315,1.326,1.33,1.314,402937.0,513800,sh,日本东证指数ETF南方
2024-04-23,1.33,1.329,1.332,1.324,198331.0,513800,sh,日本东证指数ETF南方
2024-04-24,1.346,1.351,1.354,1.343,461748.0,513800,sh,日本东证指数ETF南方
2024-04-25,1.335,1.32,1.336,1.319,214942.0,513800,sh,日本东证指数ETF南方
2024-04-26,1.319,1.325,1.33,1.319,216077.0,513800,sh,日本东证指数ETF南方
2024-04-29,1.331,1.344,1.352,1.327,322843.0,513800,sh,日本东证指数ETF南方
2024-04-30,1.344,1.346,1.349,1.341,200229.0,513800,sh,日本东证指数ETF南方
2024-05-06,1.358,1.369,1.37,1.349,162041.0,513800,sh,日本东证指数ETF南方
2024-05-07,1.369,1.369,1.37,1.359,190415.0,513800,sh,日本东证指数ETF南方
2024-05-08,1.353,1.343,1.357,1.341,207558.0,513800,sh,日本东证指数ETF南方
2024-05-09,1.344,1.338,1.347,1.337,143251.0,513800,sh,日本东证指数ETF南方
2024-05-10,1.351,1.345,1.352,1.342,127908.0,513800,sh,日本东证指数ETF南方
2024-05-13,1.34,1.343,1.346,1.336,85744.0,513800,sh,日本东证指数ETF南方
2024-05-14,1.343,1.339,1.344,1.335,239100.0,513800,sh,日本东证指数ETF南方
2024-05-15,1.344,1.344,1.348,1.341,99974.0,513800,sh,日本东证指数ETF南方
2024-05-16,1.357,1.362,1.364,1.354,217744.0,513800,sh,日本东证指数ETF南方
2024-05-17,1.35,1.352,1.358,1.349,88518.0,513800,sh,日本东证指数ETF南方
2024-05-20,1.368,1.368,1.372,1.361,166585.0,513800,sh,日本东证指数ETF南方
2024-05-21,1.367,1.36,1.368,1.356,81959.0,513800,sh,日本东证指数ETF南方
2024-05-22,1.354,1.348,1.355,1.345,155605.0,513800,sh,日本东证指数ETF南方
2024-05-23,1.351,1.356,1.356,1.345,208350.0,513800,sh,日本东证指数ETF南方
2024-05-24,1.346,1.341,1.346,1.34,155073.0,513800,sh,日本东证指数ETF南方
2024-05-27,1.345,1.359,1.359,1.345,113568.0,513800,sh,日本东证指数ETF南方
2024-05-28,1.356,1.359,1.36,1.356,70545.0,513800,sh,日本东证指数ETF南方
2024-05-29,1.357,1.344,1.357,1.341,92498.0,513800,sh,日本东证指数ETF南方
2024-05-30,1.326,1.336,1.338,1.325,91987.0,513800,sh,日本东证指数ETF南方
2024-05-31,1.338,1.36,1.361,1.338,167007.0,513800,sh,日本东证指数ETF南方
2024-06-03,1.371,1.368,1.379,1.365,202855.0,513800,sh,日本东证指数ETF南方
2024-06-04,1.363,1.37,1.375,1.363,114457.0,513800,sh,日本东证指数ETF南方
2024-06-05,1.362,1.358,1.363,1.355,134800.0,513800,sh,日本东证指数ETF南方
2024-06-06,1.366,1.36,1.371,1.359,150941.0,513800,sh,日本东证指数ETF南方
2024-06-07,1.364,1.363,1.364,1.359,46356.0,513800,sh,日本东证指数ETF南方
2024-06-11,1.372,1.363,1.373,1.361,91373.0,513800,sh,日本东证指数ETF南方
2024-06-12,1.356,1.352,1.356,1.351,66523.0,513800,sh,日本东证指数ETF南方
2024-06-13,1.353,1.341,1.353,1.34,161048.0,513800,sh,日本东证指数ETF南方
2024-06-14,1.337,1.34,1.35,1.335,200162.0,513800,sh,日本东证指数ETF南方
2024-06-17,1.325,1.322,1.325,1.317,144920.0,513800,sh,日本东证指数ETF南方
2024-06-18,1.327,1.326,1.33,1.324,81449.0,513800,sh,日本东证指数ETF南方
2024-06-19,1.327,1.333,1.337,1.327,95666.0,513800,sh,日本东证指数ETF南方
2024-06-20,1.329,1.331,1.332,1.32,103927.0,513800,sh,日本东证指数ETF南方
2024-06-21,1.331,1.323,1.332,1.322,72718.0,513800,sh,日本东证指数ETF南方
2024-06-24,1.322,1.32,1.327,1.317,196090.0,513800,sh,日本东证指数ETF南方
2024-06-25,1.326,1.351,1.351,1.326,237693.0,513800,sh,日本东证指数ETF南方
2024-06-26,1.355,1.353,1.359,1.352,246416.0,513800,sh,日本东证指数ETF南方
2024-06-27,1.34,1.348,1.349,1.34,76397.0,513800,sh,日本东证指数ETF南方
2024-06-28,1.356,1.353,1.357,1.348,168856.0,513800,sh,日本东证指数ETF南方
2024-07-01,1.355,1.359,1.359,1.354,105220.0,513800,sh,日本东证指数ETF南方
2024-07-02,1.364,1.368,1.372,1.36,231368.0,513800,sh,日本东证指数ETF南方
2024-07-03,1.373,1.375,1.378,1.369,156481.0,513800,sh,日本东证指数ETF南方
2024-07-04,1.384,1.394,1.396,1.381,441880.0,513800,sh,日本东证指数ETF南方
2024-07-05,1.395,1.393,1.399,1.389,393076.0,513800,sh,日本东证指数ETF南方
2024-07-08,1.389,1.385,1.396,1.383,199027.0,513800,sh,日本东证指数ETF南方
2024-07-09,1.394,1.397,1.415,1.388,584586.0,513800,sh,日本东证指数ETF南方
2024-07-10,1.399,1.402,1.404,1.392,287157.0,513800,sh,日本东证指数ETF南方
2024-07-11,1.407,1.408,1.411,1.404,350621.0,513800,sh,日本东证指数ETF南方
2024-07-12,1.403,1.406,1.409,1.402,375153.0,513800,sh,日本东证指数ETF南方
2024-07-15,1.41,1.425,1.426,1.41,226825.0,513800,sh,日本东证指数ETF南方
2024-07-16,1.427,1.42,1.43,1.419,285799.0,513800,sh,日本东证指数ETF南方
2024-07-17,1.425,1.433,1.435,1.425,338971.0,513800,sh,日本东证指数ETF南方
2024-07-18,1.429,1.426,1.435,1.421,392169.0,513800,sh,日本东证指数ETF南方
2024-07-19,1.412,1.403,1.417,1.399,318283.0,513800,sh,日本东证指数ETF南方
2024-07-22,1.389,1.398,1.4,1.388,203631.0,513800,sh,日本东证指数ETF南方
2024-07-23,1.406,1.399,1.408,1.398,137985.0,513800,sh,日本东证指数ETF南方
2024-07-24,1.403,1.398,1.409,1.396,140367.0,513800,sh,日本东证指数ETF南方
2024-07-25,1.372,1.36,1.377,1.354,307754.0,513800,sh,日本东证指数ETF南方
2024-07-26,1.364,1.351,1.364,1.348,338602.0,513800,sh,日本东证指数ETF南方
2024-07-29,1.382,1.385,1.386,1.378,281542.0,513800,sh,日本东证指数ETF南方
2024-07-30,1.38,1.373,1.38,1.37,377936.0,513800,sh,日本东证指数ETF南方
2024-07-31,1.379,1.41,1.411,1.379,216064.0,513800,sh,日本东证指数ETF南方
2024-08-01,1.392,1.383,1.395,1.382,391547.0,513800,sh,日本东证指数ETF南方
2024-08-02,1.321,1.303,1.335,1.299,792052.0,513800,sh,日本东证指数ETF南方
2024-08-05,1.232,1.185,1.248,1.17,1644012.0,513800,sh,日本东证指数ETF南方
2024-08-06,1.265,1.236,1.272,1.229,1511993.0,513800,sh,日本东证指数ETF南方
2024-08-07,1.276,1.277,1.305,1.267,1054544.0,513800,sh,日本东证指数ETF南方
2024-08-08,1.263,1.275,1.29,1.263,285607.0,513800,sh,日本东证指数ETF南方
2024-08-09,1.283,1.276,1.288,1.258,432123.0,513800,sh,日本东证指数ETF南方
2024-08-12,1.281,1.281,1.284,1.279,176710.0,513800,sh,日本东证指数ETF南方
2024-08-13,1.302,1.306,1.309,1.297,241831.0,513800,sh,日本东证指数ETF南方
2024-08-14,1.316,1.323,1.333,1.315,241233.0,513800,sh,日本东证指数ETF南方
2024-08-15,1.329,1.332,1.338,1.328,192884.0,513800,sh,日本东证指数ETF南方
2024-08-16,1.352,1.36,1.361,1.352,219054.0,513800,sh,日本东证指数ETF南方
2024-08-19,1.36,1.358,1.372,1.357,223289.0,513800,sh,日本东证指数ETF南方
2024-08-20,1.372,1.37,1.376,1.366,239961.0,513800,sh,日本东证指数ETF南方
2024-08-21,1.37,1.374,1.377,1.366,114418.0,513800,sh,日本东证指数ETF南方
2024-08-22,1.382,1.384,1.384,1.375,207853.0,513800,sh,日本东证指数ETF南方
2024-08-23,1.38,1.388,1.388,1.379,140114.0,513800,sh,日本东证指数ETF南方
2024-08-26,1.385,1.385,1.391,1.384,134395.0,513800,sh,日本东证指数ETF南方
2024-08-27,1.386,1.391,1.394,1.382,158036.0,513800,sh,日本东证指数ETF南方
2024-08-28,1.392,1.401,1.402,1.391,97504.0,513800,sh,日本东证指数ETF南方
2024-08-29,1.396,1.394,1.4,1.394,148726.0,513800,sh,日本东证指数ETF南方
2024-08-30,1.399,1.402,1.403,1.394,137635.0,513800,sh,日本东证指数ETF南方
2024-09-02,1.402,1.394,1.402,1.39,118130.0,513800,sh,日本东证指数ETF南方
2024-09-03,1.396,1.403,1.404,1.395,88658.0,513800,sh,日本东证指数ETF南方
2024-09-04,1.362,1.359,1.372,1.355,265807.0,513800,sh,日本东证指数ETF南方
2024-09-05,1.362,1.365,1.389,1.362,166879.0,513800,sh,日本东证指数ETF南方
2024-09-06,1.365,1.359,1.365,1.355,115340.0,513800,sh,日本东证指数ETF南方
2024-09-09,1.334,1.353,1.355,1.332,145067.0,513800,sh,日本东证指数ETF南方
2024-09-10,1.358,1.348,1.363,1.348,77598.0,513800,sh,日本东证指数ETF南方
2024-09-11,1.349,1.351,1.365,1.334,124967.0,513800,sh,日本东证指数ETF南方
2024-09-12,1.368,1.364,1.37,1.358,282325.0,513800,sh,日本东证指数ETF南方
2024-09-13,1.365,1.363,1.37,1.363,146576.0,513800,sh,日本东证指数ETF南方
2024-09-18,1.362,1.355,1.362,1.347,93368.0,513800,sh,日本东证指数ETF南方
2024-09-19,1.368,1.37,1.373,1.365,157392.0,513800,sh,日本东证指数ETF南方
2024-09-20,1.387,1.38,1.391,1.379,179182.0,513800,sh,日本东证指数ETF南方
2024-09-23,1.383,1.385,1.388,1.382,37593.0,513800,sh,日本东证指数ETF南方
2024-09-24,1.387,1.369,1.389,1.366,124672.0,513800,sh,日本东证指数ETF南方
2024-09-25,1.366,1.363,1.373,1.36,124401.0,513800,sh,日本东证指数ETF南方
2024-09-26,1.375,1.389,1.39,1.375,132083.0,513800,sh,日本东证指数ETF南方
2024-09-27,1.39,1.388,1.392,1.382,99210.0,513800,sh,日本东证指数ETF南方
2024-09-30,1.368,1.387,1.39,1.355,514764.0,513800,sh,日本东证指数ETF南方
2024-10-08,1.377,1.372,1.377,1.363,157919.0,513800,sh,日本东证指数ETF南方
2024-10-09,1.376,1.365,1.38,1.359,224785.0,513800,sh,日本东证指数ETF南方
2024-10-10,1.365,1.364,1.369,1.362,75545.0,513800,sh,日本东证指数ETF南方
2024-10-11,1.366,1.368,1.375,1.364,82494.0,513800,sh,日本东证指数ETF南方
2024-10-14,1.368,1.371,1.374,1.364,49551.0,513800,sh,日本东证指数ETF南方
2024-10-15,1.376,1.379,1.383,1.376,130034.0,513800,sh,日本东证指数ETF南方
2024-10-16,1.376,1.363,1.376,1.361,71741.0,513800,sh,日本东证指数ETF南方
2024-10-17,1.363,1.365,1.366,1.36,56244.0,513800,sh,日本东证指数ETF南方
2024-10-18,1.364,1.357,1.364,1.355,50049.0,513800,sh,日本东证指数ETF南方
2024-10-21,1.357,1.353,1.362,1.352,52340.0,513800,sh,日本东证指数ETF南方
2024-10-22,1.346,1.332,1.346,1.329,93376.0,513800,sh,日本东证指数ETF南方
2024-10-23,1.328,1.315,1.33,1.313,114145.0,513800,sh,日本东证指数ETF南方
2024-10-24,1.316,1.309,1.316,1.307,76279.0,513800,sh,日本东证指数ETF南方
2024-10-25,1.305,1.308,1.31,1.301,65294.0,513800,sh,日本东证指数ETF南方
2024-10-28,1.313,1.315,1.317,1.307,134254.0,513800,sh,日本东证指数ETF南方
2024-10-29,1.319,1.335,1.337,1.319,200132.0,513800,sh,日本东证指数ETF南方
2024-10-30,1.34,1.341,1.342,1.336,96847.0,513800,sh,日本东证指数ETF南方
2024-10-31,1.33,1.332,1.336,1.324,104276.0,513800,sh,日本东证指数ETF南方
2024-11-01,1.321,1.312,1.324,1.31,133371.0,513800,sh,日本东证指数ETF南方
2024-11-04,1.314,1.322,1.328,1.314,180808.0,513800,sh,日本东证指数ETF南方
2024-11-05,1.321,1.323,1.325,1.32,50336.0,513800,sh,日本东证指数ETF南方
2024-11-06,1.331,1.353,1.353,1.33,192048.0,513800,sh,日本东证指数ETF南方
2024-11-07,1.353,1.352,1.358,1.346,155403.0,513800,sh,日本东证指数ETF南方
2024-11-08,1.36,1.36,1.364,1.356,152557.0,513800,sh,日本东证指数ETF南方
2024-11-11,1.364,1.362,1.364,1.357,155219.0,513800,sh,日本东证指数ETF南方
2024-11-12,1.368,1.373,1.38,1.367,220648.0,513800,sh,日本东证指数ETF南方
2024-11-13,1.362,1.34,1.362,1.337,147790.0,513800,sh,日本东证指数ETF南方
2024-11-14,1.344,1.336,1.347,1.334,60315.0,513800,sh,日本东证指数ETF南方
2024-11-15,1.34,1.333,1.345,1.332,45913.0,513800,sh,日本东证指数ETF南方
2024-11-18,1.338,1.341,1.342,1.337,34804.0,513800,sh,日本东证指数ETF南方
2024-11-19,1.346,1.351,1.352,1.343,37628.0,513800,sh,日本东证指数ETF南方
2024-11-20,1.351,1.34,1.351,1.339,56942.0,513800,sh,日本东证指数ETF南方
2024-11-21,1.339,1.335,1.34,1.333,31777.0,513800,sh,日本东证指数ETF南方
2024-11-22,1.343,1.341,1.35,1.34,103087.0,513800,sh,日本东证指数ETF南方
2024-11-25,1.361,1.353,1.364,1.352,132598.0,513800,sh,日本东证指数ETF南方
2024-11-26,1.339,1.349,1.351,1.338,69377.0,513800,sh,日本东证指数ETF南方
2024-11-27,1.35,1.35,1.35,1.344,92551.0,513800,sh,日本东证指数ETF南方
2024-11-28,1.353,1.365,1.366,1.353,345111.0,513800,sh,日本东证指数ETF南方
2024-11-29,1.368,1.369,1.37,1.364,447818.0,513800,sh,日本东证指数ETF南方
2024-12-02,1.373,1.391,1.393,1.372,279903.0,513800,sh,日本东证指数ETF南方
2024-12-03,1.413,1.415,1.426,1.412,265310.0,513800,sh,日本东证指数ETF南方
2024-12-04,1.416,1.407,1.417,1.403,300023.0,513800,sh,日本东证指数ETF南方
2024-12-05,1.408,1.409,1.41,1.404,653684.0,513800,sh,日本东证指数ETF南方
2024-12-06,1.399,1.401,1.401,1.395,89991.0,513800,sh,日本东证指数ETF南方
2024-12-09,1.406,1.409,1.412,1.406,60701.0,513800,sh,日本东证指数ETF南方
2024-12-10,1.402,1.396,1.404,1.353,75709.0,513800,sh,日本东证指数ETF南方
2024-12-11,1.394,1.395,1.397,1.387,38716.0,513800,sh,日本东证指数ETF南方
2024-12-12,1.411,1.402,1.412,1.401,157313.0,513800,sh,日本东证指数ETF南方
2024-12-13,1.391,1.39,1.391,1.384,62567.0,513800,sh,日本东证指数ETF南方
2024-12-16,1.382,1.379,1.383,1.376,87487.0,513800,sh,日本东证指数ETF南方
2024-12-17,1.379,1.373,1.382,1.371,124830.0,513800,sh,日本东证指数ETF南方
2024-12-18,1.372,1.375,1.379,1.372,61893.0,513800,sh,日本东证指数ETF南方
2024-12-19,1.361,1.356,1.364,1.354,178237.0,513800,sh,日本东证指数ETF南方
2024-12-20,1.345,1.342,1.356,1.339,127969.0,513800,sh,日本东证指数ETF南方
2024-12-23,1.347,1.356,1.359,1.347,157848.0,513800,sh,日本东证指数ETF南方
2024-12-24,1.352,1.352,1.352,1.347,90571.0,513800,sh,日本东证指数ETF南方
2024-12-25,1.345,1.356,1.357,1.341,217479.0,513800,sh,日本东证指数ETF南方
2024-12-26,1.359,1.37,1.372,1.354,249850.0,513800,sh,日本东证指数ETF南方
2024-12-27,1.375,1.379,1.383,1.373,380068.0,513800,sh,日本东证指数ETF南方
2024-12-30,1.375,1.367,1.381,1.366,165785.0,513800,sh,日本东证指数ETF南方
2024-12-31,1.366,1.367,1.369,1.363,85468.0,513800,sh,日本东证指数ETF南方
2025-01-02,1.365,1.371,1.371,1.359,169823.0,513800,sh,日本东证指数ETF南方
2025-01-03,1.36,1.37,1.37,1.36,295395.0,513800,sh,日本东证指数ETF南方
2025-01-06,1.379,1.369,1.379,1.367,182713.0,513800,sh,日本东证指数ETF南方
2025-01-07,1.38,1.391,1.407,1.38,371921.0,513800,sh,日本东证指数ETF南方
2025-01-08,1.382,1.381,1.387,1.376,225046.0,513800,sh,日本东证指数ETF南方
2025-01-09,1.374,1.368,1.374,1.362,188872.0,513800,sh,日本东证指数ETF南方
2025-01-10,1.365,1.368,1.414,1.344,3083266.0,513800,sh,日本东证指数ETF南方
2025-01-13,1.37,1.348,1.382,1.345,622561.0,513800,sh,日本东证指数ETF南方
2025-01-14,1.352,1.351,1.355,1.343,300423.0,513800,sh,日本东证指数ETF南方
2025-01-15,1.352,1.36,1.367,1.35,353515.0,513800,sh,日本东证指数ETF南方
2025-01-16,1.368,1.374,1.377,1.368,259584.0,513800,sh,日本东证指数ETF南方
2025-01-17,1.367,1.384,1.387,1.361,682451.0,513800,sh,日本东证指数ETF南方
2025-01-20,1.397,1.397,1.427,1.386,2509833.0,513800,sh,日本东证指数ETF南方
2025-01-21,1.404,1.41,1.439,1.397,3399251.0,513800,sh,日本东证指数ETF南方
2025-01-22,1.425,1.434,1.438,1.41,2544266.0,513800,sh,日本东证指数ETF南方
2025-01-23,1.44,1.419,1.474,1.415,6736138.0,513800,sh,日本东证指数ETF南方
2025-01-24,1.428,1.404,1.435,1.393,2901846.0,513800,sh,日本东证指数ETF南方
2025-01-27,1.41,1.382,1.413,1.378,532195.0,513800,sh,日本东证指数ETF南方
2025-02-05,1.387,1.398,1.403,1.381,525993.0,513800,sh,日本东证指数ETF南方
2025-02-06,1.41,1.42,1.422,1.408,653955.0,513800,sh,日本东证指数ETF南方
2025-02-07,1.42,1.412,1.422,1.409,388585.0,513800,sh,日本东证指数ETF南方
2025-02-10,1.411,1.406,1.414,1.405,199412.0,513800,sh,日本东证指数ETF南方
2025-02-11,1.41,1.409,1.415,1.406,285605.0,513800,sh,日本东证指数ETF南方
2025-02-12,1.408,1.397,1.409,1.395,221588.0,513800,sh,日本东证指数ETF南方
2025-02-13,1.403,1.402,1.405,1.4,205732.0,513800,sh,日本东证指数ETF南方
2025-02-14,1.406,1.401,1.408,1.4,245317.0,513800,sh,日本东证指数ETF南方
2025-02-17,1.401,1.408,1.409,1.401,241111.0,513800,sh,日本东证指数ETF南方
2025-02-18,1.413,1.419,1.42,1.411,329776.0,513800,sh,日本东证指数ETF南方
2025-02-19,1.417,1.414,1.418,1.41,223755.0,513800,sh,日本东证指数ETF南方
2025-02-20,1.408,1.411,1.411,1.4,207569.0,513800,sh,日本东证指数ETF南方
2025-02-21,1.407,1.399,1.409,1.399,206867.0,513800,sh,日本东证指数ETF南方
2025-02-24,1.394,1.394,1.395,1.391,143958.0,513800,sh,日本东证指数ETF南方
2025-02-25,1.395,1.404,1.412,1.395,325602.0,513800,sh,日本东证指数ETF南方
2025-02-26,1.398,1.403,1.404,1.393,122736.0,513800,sh,日本东证指数ETF南方
2025-02-27,1.405,1.414,1.416,1.405,155962.0,513800,sh,日本东证指数ETF南方
2025-02-28,1.395,1.387,1.395,1.383,149708.0,513800,sh,日本东证指数ETF南方
2025-03-03,1.394,1.408,1.408,1.393,143045.0,513800,sh,日本东证指数ETF南方
2025-03-04,1.406,1.408,1.408,1.396,167550.0,513800,sh,日本东证指数ETF南方
2025-03-05,1.399,1.405,1.405,1.397,128648.0,513800,sh,日本东证指数ETF南方
2025-03-06,1.414,1.423,1.424,1.414,175264.0,513800,sh,日本东证指数ETF南方
2025-03-07,1.418,1.41,1.418,1.405,146138.0,513800,sh,日本东证指数ETF南方
2025-03-10,1.41,1.41,1.42,1.408,228926.0,513800,sh,日本东证指数ETF南方
2025-03-11,1.382,1.393,1.394,1.379,156415.0,513800,sh,日本东证指数ETF南方
2025-03-12,1.396,1.394,1.398,1.391,60336.0,513800,sh,日本东证指数ETF南方
2025-03-13,1.404,1.404,1.407,1.399,74542.0,513800,sh,日本东证指数ETF南方
2025-03-14,1.403,1.402,1.407,1.4,110490.0,513800,sh,日本东证指数ETF南方
2025-03-17,1.415,1.42,1.421,1.412,118422.0,513800,sh,日本东证指数ETF南方
2025-03-18,1.43,1.429,1.433,1.428,160713.0,513800,sh,日本东证指数ETF南方
2025-03-19,1.438,1.436,1.45,1.434,278456.0,513800,sh,日本东证指数ETF南方
2025-03-20,1.445,1.446,1.449,1.445,70739.0,513800,sh,日本东证指数ETF南方
2025-03-21,1.448,1.448,1.458,1.443,151177.0,513800,sh,日本东证指数ETF南方
2025-03-24,1.45,1.439,1.45,1.438,80503.0,513800,sh,日本东证指数ETF南方
2025-03-25,1.441,1.433,1.441,1.43,92462.0,513800,sh,日本东证指数ETF南方
2025-03-26,1.436,1.447,1.448,1.435,130625.0,513800,sh,日本东证指数ETF南方
2025-03-27,1.436,1.442,1.443,1.431,80476.0,513800,sh,日本东证指数ETF南方
2025-03-28,1.428,1.421,1.428,1.418,139587.0,513800,sh,日本东证指数ETF南方
2025-03-31,1.395,1.388,1.401,1.387,174087.0,513800,sh,日本东证指数ETF南方
2025-04-01,1.396,1.39,1.399,1.387,103031.0,513800,sh,日本东证指数ETF南方
2025-04-02,1.386,1.386,1.4,1.378,283329.0,513800,sh,日本东证指数ETF南方
2025-04-03,1.366,1.371,1.372,1.359,142751.0,513800,sh,日本东证指数ETF南方
2025-04-07,1.236,1.234,1.263,1.234,367253.0,513800,sh,日本东证指数ETF南方
2025-04-08,1.285,1.306,1.314,1.281,478188.0,513800,sh,日本东证指数ETF南方
2025-04-09,1.279,1.281,1.295,1.264,293701.0,513800,sh,日本东证指数ETF南方
2025-04-10,1.387,1.359,1.387,1.349,622838.0,513800,sh,日本东证指数ETF南方
2025-04-11,1.319,1.345,1.353,1.319,228394.0,513800,sh,日本东证指数ETF南方
2025-04-14,1.365,1.373,1.375,1.362,217316.0,513800,sh,日本东证指数ETF南方
2025-04-15,1.38,1.373,1.382,1.37,112938.0,513800,sh,日本东证指数ETF南方
2025-04-16,1.37,1.371,1.377,1.362,174968.0,513800,sh,日本东证指数ETF南方
2025-04-17,1.373,1.383,1.383,1.372,182469.0,513800,sh,日本东证指数ETF南方
2025-04-18,1.392,1.402,1.405,1.39,105701.0,513800,sh,日本东证指数ETF南方
2025-04-21,1.4,1.396,1.4,1.395,57990.0,513800,sh,日本东证指数ETF南方
2025-04-22,1.399,1.412,1.412,1.397,87832.0,513800,sh,日本东证指数ETF南方
2025-04-23,1.422,1.414,1.423,1.409,826459.0,513800,sh,日本东证指数ETF南方
2025-04-24,1.415,1.407,1.421,1.406,263501.0,513800,sh,日本东证指数ETF南方
2025-04-25,1.419,1.425,1.428,1.417,155254.0,513800,sh,日本东证指数ETF南方
2025-04-28,1.441,1.432,1.447,1.429,303812.0,513800,sh,日本东证指数ETF南方
2025-04-29,1.448,1.454,1.464,1.446,488449.0,513800,sh,日本东证指数ETF南方
2025-04-30,1.456,1.454,1.458,1.45,175511.0,513800,sh,日本东证指数ETF南方
2025-05-06,1.457,1.457,1.457,1.448,177296.0,513800,sh,日本东证指数ETF南方
2025-05-07,1.457,1.456,1.46,1.451,91141.0,513800,sh,日本东证指数ETF南方
2025-05-08,1.452,1.448,1.454,1.446,242818.0,513800,sh,日本东证指数ETF南方
2025-05-09,1.449,1.457,1.458,1.449,197205.0,513800,sh,日本东证指数ETF南方
2025-05-12,1.453,1.45,1.453,1.444,225214.0,513800,sh,日本东证指数ETF南方
2025-05-13,1.452,1.442,1.452,1.441,223267.0,513800,sh,日本东证指数ETF南方
2025-05-14,1.436,1.449,1.45,1.434,161644.0,513800,sh,日本东证指数ETF南方
2025-05-15,1.449,1.447,1.449,1.441,45177.0,513800,sh,日本东证指数ETF南方
2025-05-16,1.448,1.455,1.455,1.444,80978.0,513800,sh,日本东证指数ETF南方
2025-05-19,1.454,1.452,1.459,1.45,75249.0,513800,sh,日本东证指数ETF南方
2025-05-20,1.459,1.46,1.466,1.458,144843.0,513800,sh,日本东证指数ETF南方
2025-05-21,1.462,1.458,1.467,1.457,824688.0,513800,sh,日本东证指数ETF南方
2025-05-22,1.455,1.457,1.458,1.45,384766.0,513800,sh,日本东证指数ETF南方
2025-05-23,1.463,1.465,1.467,1.461,106488.0,513800,sh,日本东证指数ETF南方
2025-05-26,1.479,1.478,1.479,1.471,161774.0,513800,sh,日本东证指数ETF南方
2025-05-27,1.48,1.486,1.489,1.477,146884.0,513800,sh,日本东证指数ETF南方
2025-05-28,1.487,1.475,1.488,1.473,110849.0,513800,sh,日本东证指数ETF南方
2025-05-29,1.479,1.482,1.485,1.479,146243.0,513800,sh,日本东证指数ETF南方
2025-05-30,1.484,1.492,1.501,1.482,385063.0,513800,sh,日本东证指数ETF南方
2025-06-03,1.497,1.491,1.498,1.487,103695.0,513800,sh,日本东证指数ETF南方
2025-06-04,1.489,1.486,1.489,1.482,97824.0,513800,sh,日本东证指数ETF南方
2025-06-05,1.485,1.476,1.486,1.475,98139.0,513800,sh,日本东证指数ETF南方
2025-06-06,1.475,1.473,1.478,1.472,42462.0,513800,sh,日本东证指数ETF南方
2025-06-09,1.475,1.48,1.481,1.475,80285.0,513800,sh,日本东证指数ETF南方
2025-06-10,1.48,1.477,1.481,1.475,78469.0,513800,sh,日本东证指数ETF南方
2025-06-11,1.476,1.474,1.476,1.47,86299.0,513800,sh,日本东证指数ETF南方
2025-06-12,1.477,1.48,1.48,1.476,99174.0,513800,sh,日本东证指数ETF南方
2025-06-13,1.472,1.468,1.472,1.464,95035.0,513800,sh,日本东证指数ETF南方
2025-06-16,1.472,1.478,1.479,1.47,74822.0,513800,sh,日本东证指数ETF南方
2025-06-17,1.473,1.473,1.476,1.469,120499.0,513800,sh,日本东证指数ETF南方
2025-06-18,1.473,1.483,1.483,1.473,106359.0,513800,sh,日本东证指数ETF南方
2025-06-19,1.474,1.473,1.477,1.471,103569.0,513800,sh,日本东证指数ETF南方
2025-06-20,1.469,1.457,1.47,1.456,116340.0,513800,sh,日本东证指数ETF南方
2025-06-23,1.441,1.44,1.445,1.437,194325.0,513800,sh,日本东证指数ETF南方
2025-06-24,1.46,1.469,1.469,1.46,140630.0,513800,sh,日本东证指数ETF南方
2025-06-25,1.469,1.466,1.47,1.464,82147.0,513800,sh,日本东证指数ETF南方
2025-06-26,1.474,1.485,1.487,1.472,167835.0,513800,sh,日本东证指数ETF南方
2025-06-27,1.502,1.508,1.508,1.501,119997.0,513800,sh,日本东证指数ETF南方
2025-06-30,1.52,1.514,1.525,1.512,234449.0,513800,sh,日本东证指数ETF南方
2025-07-01,1.51,1.504,1.51,1.501,86480.0,513800,sh,日本东证指数ETF南方
2025-07-02,1.506,1.503,1.511,1.5,70289.0,513800,sh,日本东证指数ETF南方
2025-07-03,1.505,1.503,1.506,1.5,36430.0,513800,sh,日本东证指数ETF南方
2025-07-04,1.505,1.5,1.505,1.497,97238.0,513800,sh,日本东证指数ETF南方
2025-07-07,1.495,1.484,1.495,1.482,110758.0,513800,sh,日本东证指数ETF南方
2025-07-08,1.477,1.479,1.48,1.471,117554.0,513800,sh,日本东证指数ETF南方
2025-07-09,1.475,1.476,1.476,1.472,48236.0,513800,sh,日本东证指数ETF南方
2025-07-10,1.475,1.475,1.477,1.47,130388.0,513800,sh,日本东证指数ETF南方
2025-07-11,1.476,1.472,1.482,1.471,135625.0,513800,sh,日本东证指数ETF南方
2025-07-14,1.469,1.471,1.473,1.465,84460.0,513800,sh,日本东证指数ETF南方
2025-07-15,1.471,1.47,1.472,1.465,219478.0,513800,sh,日本东证指数ETF南方
2025-07-16,1.462,1.458,1.462,1.453,185856.0,513800,sh,日本东证指数ETF南方
2025-07-17,1.46,1.465,1.467,1.457,181361.0,513800,sh,日本东证指数ETF南方
2025-07-18,1.466,1.465,1.468,1.461,97866.0,513800,sh,日本东证指数ETF南方
2025-07-21,1.464,1.466,1.466,1.458,140406.0,513800,sh,日本东证指数ETF南方
2025-07-22,1.47,1.467,1.473,1.465,134030.0,513800,sh,日本东证指数ETF南方
2025-07-23,1.504,1.524,1.525,1.504,567413.0,513800,sh,日本东证指数ETF南方
2025-07-24,1.552,1.559,1.56,1.552,364702.0,513800,sh,日本东证指数ETF南方
2025-07-25,1.542,1.531,1.542,1.53,200401.0,513800,sh,日本东证指数ETF南方
2025-07-28,1.523,1.516,1.524,1.512,99300.0,513800,sh,日本东证指数ETF南方
2025-07-29,1.502,1.503,1.506,1.498,120765.0,513800,sh,日本东证指数ETF南方
2025-07-30,1.506,1.516,1.518,1.503,163766.0,513800,sh,日本东证指数ETF南方
2025-07-31,1.518,1.522,1.523,1.513,165935.0,513800,sh,日本东证指数ETF南方
2025-08-01,1.509,1.506,1.512,1.504,121089.0,513800,sh,日本东证指数ETF南方
2025-08-04,1.5,1.514,1.515,1.497,86485.0,513800,sh,日本东证指数ETF南方
2025-08-05,1.525,1.531,1.533,1.522,96131.0,513800,sh,日本东证指数ETF南方
2025-08-06,1.535,1.541,1.547,1.534,123838.0,513800,sh,日本东证指数ETF南方
2025-08-07,1.55,1.555,1.557,1.548,130150.0,513800,sh,日本东证指数ETF南方
2025-08-08,1.579,1.572,1.581,1.567,182124.0,513800,sh,日本东证指数ETF南方
2025-08-11,1.58,1.584,1.587,1.58,112469.0,513800,sh,日本东证指数ETF南方
2025-08-12,1.592,1.584,1.592,1.582,119482.0,513800,sh,日本东证指数ETF南方
2025-08-13,1.604,1.604,1.605,1.598,97601.0,513800,sh,日本东证指数ETF南方
2025-08-14,1.594,1.599,1.602,1.591,144819.0,513800,sh,日本东证指数ETF南方
2025-08-15,1.613,1.621,1.621,1.594,100170.0,513800,sh,日本东证指数ETF南方
2025-08-18,1.623,1.619,1.628,1.619,115802.0,513800,sh,日本东证指数ETF南方
2025-08-19,1.618,1.616,1.621,1.612,110637.0,513800,sh,日本东证指数ETF南方
2025-08-20,1.607,1.614,1.616,1.606,110911.0,513800,sh,日本东证指数ETF南方
2025-08-21,1.601,1.601,1.606,1.599,120029.0,513800,sh,日本东证指数ETF南方
2025-08-22,1.601,1.597,1.603,1.596,56993.0,513800,sh,日本东证指数ETF南方
2025-08-25,1.605,1.609,1.612,1.605,70696.0,513800,sh,日本东证指数ETF南方
2025-08-26,1.597,1.587,1.598,1.585,103118.0,513800,sh,日本东证指数ETF南方
2025-08-27,1.587,1.59,1.594,1.584,83092.0,513800,sh,日本东证指数ETF南方
2025-08-28,1.597,1.616,1.617,1.594,353033.0,513800,sh,日本东证指数ETF南方
2025-08-29,1.598,1.593,1.602,1.592,205348.0,513800,sh,日本东证指数ETF南方
2025-09-01,1.592,1.589,1.592,1.576,280905.0,513800,sh,日本东证指数ETF南方
2025-09-02,1.593,1.59,1.595,1.583,70947.0,513800,sh,日本东证指数ETF南方
2025-09-03,1.573,1.568,1.577,1.563,163886.0,513800,sh,日本东证指数ETF南方
2025-09-04,1.581,1.592,1.595,1.578,300123.0,513800,sh,日本东证指数ETF南方
2025-09-05,1.594,1.596,1.599,1.587,201754.0,513800,sh,日本东证指数ETF南方
2025-09-08,1.604,1.612,1.616,1.604,209553.0,513800,sh,日本东证指数ETF南方
2025-09-09,1.627,1.615,1.629,1.608,260928.0,513800,sh,日本东证指数ETF南方
2025-09-10,1.613,1.621,1.624,1.611,153269.0,513800,sh,日本东证指数ETF南方
2025-09-11,1.618,1.618,1.623,1.611,127686.0,513800,sh,日本东证指数ETF南方
2025-09-12,1.622,1.626,1.63,1.622,81718.0,513800,sh,日本东证指数ETF南方
2025-09-15,1.627,1.624,1.628,1.622,63987.0,513800,sh,日本东证指数ETF南方
2025-09-16,1.624,1.632,1.639,1.624,185221.0,513800,sh,日本东证指数ETF南方
2025-09-17,1.63,1.628,1.631,1.623,120601.0,513800,sh,日本东证指数ETF南方
2025-09-18,1.632,1.626,1.633,1.622,114191.0,513800,sh,日本东证指数ETF南方
2025-09-19,1.629,1.608,1.633,1.607,215178.0,513800,sh,日本东证指数ETF南方
2025-09-22,1.622,1.619,1.628,1.616,201642.0,513800,sh,日本东证指数ETF南方
2025-09-23,1.625,1.628,1.629,1.624,121121.0,513800,sh,日本东证指数ETF南方
2025-09-24,1.619,1.622,1.625,1.616,155866.0,513800,sh,日本东证指数ETF南方
2025-09-25,1.624,1.623,1.627,1.621,104251.0,513800,sh,日本东证指数ETF南方
2025-09-26,1.625,1.613,1.627,1.612,216712.0,513800,sh,日本东证指数ETF南方
2025-09-29,1.609,1.612,1.614,1.606,172844.0,513800,sh,日本东证指数ETF南方
2025-09-30,1.612,1.621,1.625,1.607,166082.0,513800,sh,日本东证指数ETF南方
2025-10-09,1.634,1.638,1.64,1.63,639279.0,513800,sh,日本东证指数ETF南方
2025-10-10,1.617,1.598,1.619,1.594,292732.0,513800,sh,日本东证指数ETF南方
2025-10-13,1.585,1.579,1.585,1.565,667661.0,513800,sh,日本东证指数ETF南方
2025-10-14,1.59,1.58,1.6,1.568,383174.0,513800,sh,日本东证指数ETF南方
2025-10-15,1.598,1.616,1.618,1.598,446202.0,513800,sh,日本东证指数ETF南方
2025-10-16,1.63,1.628,1.632,1.62,241428.0,513800,sh,日本东证指数ETF南方
2025-10-17,1.626,1.617,1.628,1.616,154768.0,513800,sh,日本东证指数ETF南方
2025-10-20,1.638,1.667,1.676,1.635,869921.0,513800,sh,日本东证指数ETF南方
2025-10-21,1.676,1.646,1.676,1.635,942646.0,513800,sh,日本东证指数ETF南方
2025-10-22,1.639,1.654,1.662,1.639,506018.0,513800,sh,日本东证指数ETF南方
2025-10-23,1.639,1.64,1.646,1.636,308063.0,513800,sh,日本东证指数ETF南方
2025-10-24,1.649,1.641,1.657,1.635,453352.0,513800,sh,日本东证指数ETF南方
2025-10-27,1.66,1.673,1.68,1.659,700702.0,513800,sh,日本东证指数ETF南方
2025-10-28,1.669,1.661,1.669,1.658,450242.0,513800,sh,日本东证指数ETF南方
2025-10-29,1.671,1.662,1.672,1.657,988290.0,513800,sh,日本东证指数ETF南方
2025-10-30,1.662,1.658,1.668,1.648,959523.0,513800,sh,日本东证指数ETF南方
2025-10-31,1.668,1.661,1.669,1.651,597688.0,513800,sh,日本东证指数ETF南方
2025-11-03,1.661,1.669,1.673,1.654,595889.0,513800,sh,日本东证指数ETF南方
2025-11-04,1.67,1.658,1.677,1.653,564838.0,513800,sh,日本东证指数ETF南方
2025-11-05,1.623,1.636,1.639,1.605,746905.0,513800,sh,日本东证指数ETF南方
2025-11-06,1.648,1.658,1.663,1.645,555039.0,513800,sh,日本东证指数ETF南方
2025-11-07,1.646,1.647,1.651,1.639,357452.0,513800,sh,日本东证指数ETF南方
2025-11-10,1.653,1.659,1.661,1.648,478099.0,513800,sh,日本东证指数ETF南方
2025-11-11,1.659,1.657,1.662,1.65,242894.0,513800,sh,日本东证指数ETF南方
2025-11-12,1.667,1.671,1.674,1.661,468144.0,513800,sh,日本东证指数ETF南方
2025-11-13,1.675,1.674,1.678,1.67,318112.0,513800,sh,日本东证指数ETF南方
2025-11-14,1.662,1.656,1.662,1.653,333048.0,513800,sh,日本东证指数ETF南方
2025-11-17,1.65,1.651,1.658,1.645,662431.0,513800,sh,日本东证指数ETF南方
2025-11-18,1.632,1.601,1.632,1.596,426440.0,513800,sh,日本东证指数ETF南方
2025-11-19,1.606,1.596,1.617,1.596,577217.0,513800,sh,日本东证指数ETF南方
2025-11-20,1.62,1.609,1.622,1.605,672339.0,513800,sh,日本东证指数ETF南方
2025-11-21,1.602,1.604,1.612,1.601,344257.0,513800,sh,日本东证指数ETF南方
2025-11-24,1.607,1.619,1.622,1.607,254907.0,513800,sh,日本东证指数ETF南方
2025-11-25,1.62,1.602,1.62,1.601,640826.0,513800,sh,日本东证指数ETF南方
2025-11-26,1.627,1.641,1.645,1.627,505179.0,513800,sh,日本东证指数ETF南方
2025-11-27,1.651,1.643,1.652,1.641,451214.0,513800,sh,日本东证指数ETF南方
2025-11-28,1.644,1.647,1.647,1.64,162948.0,513800,sh,日本东证指数ETF南方
2025-12-01,1.637,1.634,1.639,1.631,350538.0,513800,sh,日本东证指数ETF南方
2025-12-02,1.635,1.632,1.639,1.63,182114.0,513800,sh,日本东证指数ETF南方
2025-12-03,1.633,1.631,1.637,1.626,346395.0,513800,sh,日本东证指数ETF南方
2025-12-04,1.648,1.668,1.672,1.648,595693.0,513800,sh,日本东证指数ETF南方
2025-12-05,1.654,1.655,1.658,1.645,348880.0,513800,sh,日本东证指数ETF南方
2025-12-08,1.655,1.661,1.662,1.652,360880.0,513800,sh,日本东证指数ETF南方
2025-12-09,1.651,1.656,1.657,1.648,306603.0,513800,sh,日本东证指数ETF南方
2025-12-10,1.645,1.645,1.645,1.639,180135.0,513800,sh,日本东证指数ETF南方
2025-12-11,1.652,1.636,1.653,1.632,537043.0,513800,sh,日本东证指数ETF南方
2025-12-12,1.656,1.665,1.67,1.656,510561.0,513800,sh,日本东证指数ETF南方
2025-12-15,1.664,1.675,1.68,1.663,359567.0,513800,sh,日本东证指数ETF南方
2025-12-16,1.663,1.653,1.664,1.648,304676.0,513800,sh,日本东证指数ETF南方
2025-12-17,1.645,1.648,1.652,1.639,274594.0,513800,sh,日本东证指数ETF南方
2025-12-18,1.632,1.634,1.636,1.627,308508.0,513800,sh,日本东证指数ETF南方
2025-12-19,1.644,1.641,1.649,1.638,710116.0,513800,sh,日本东证指数ETF南方
2025-12-22,1.643,1.638,1.647,1.635,667191.0,513800,sh,日本东证指数ETF南方
2025-12-23,1.651,1.656,1.658,1.65,563460.0,513800,sh,日本东证指数ETF南方
2025-12-24,1.659,1.646,1.659,1.645,362775.0,513800,sh,日本东证指数ETF南方
2025-12-25,1.648,1.647,1.649,1.643,217092.0,513800,sh,日本东证指数ETF南方
2025-12-26,1.653,1.647,1.655,1.641,490990.0,513800,sh,日本东证指数ETF南方
2025-12-29,1.647,1.648,1.648,1.643,315626.0,513800,sh,日本东证指数ETF南方
2025-12-30,1.645,1.641,1.646,1.639,285205.0,513800,sh,日本东证指数ETF南方
2025-12-31,1.642,1.635,1.648,1.632,194899.0,513800,sh,日本东证指数ETF南方
2026-01-05,1.659,1.66,1.665,1.655,413246.0,513800,sh,日本东证指数ETF南方
2026-01-06,1.681,1.697,1.699,1.681,258198.0,513800,sh,日本东证指数ETF南方
2026-01-07,1.684,1.683,1.688,1.679,213188.0,513800,sh,日本东证指数ETF南方
2026-01-08,1.677,1.667,1.68,1.665,239510.0,513800,sh,日本东证指数ETF南方
2026-01-09,1.667,1.678,1.68,1.666,241461.0,513800,sh,日本东证指数ETF南方
2026-01-12,1.716,1.706,1.722,1.703,432210.0,513800,sh,日本东证指数ETF南方
2026-01-13,1.715,1.702,1.715,1.69,420185.0,513800,sh,日本东证指数ETF南方
2026-01-14,1.706,1.713,1.714,1.702,244754.0,513800,sh,日本东证指数ETF南方
2026-01-15,1.717,1.732,1.736,1.717,266932.0,513800,sh,日本东证指数ETF南方
2026-01-16,1.726,1.736,1.739,1.723,223058.0,513800,sh,日本东证指数ETF南方
2026-01-19,1.723,1.732,1.733,1.714,153219.0,513800,sh,日本东证指数ETF南方
2026-01-20,1.715,1.708,1.722,1.705,160183.0,513800,sh,日本东证指数ETF南方
2026-01-21,1.703,1.696,1.704,1.694,192619.0,513800,sh,日本东证指数ETF南方
2026-01-22,1.71,1.703,1.711,1.698,218230.0,513800,sh,日本东证指数ETF南方
2026-01-23,1.713,1.706,1.717,1.703,189059.0,513800,sh,日本东证指数ETF南方
2026-01-26,1.706,1.718,1.726,1.706,327765.0,513800,sh,日本东证指数ETF南方
2026-01-27,1.717,1.722,1.723,1.712,175303.0,513800,sh,日本东证指数ETF南方
2026-01-28,1.72,1.735,1.746,1.714,608406.0,513800,sh,日本东证指数ETF南方
2026-01-29,1.719,1.724,1.733,1.71,168957.0,513800,sh,日本东证指数ETF南方
2026-01-30,1.729,1.729,1.736,1.711,359299.0,513800,sh,日本东证指数ETF南方
2026-02-02,1.725,1.696,1.744,1.694,443432.0,513800,sh,日本东证指数ETF南方
2026-02-03,1.736,1.737,1.748,1.726,589873.0,513800,sh,日本东证指数ETF南方
2026-02-04,1.733,1.753,1.753,1.73,547969.0,513800,sh,日本东证指数ETF南方
2026-02-05,1.754,1.747,1.755,1.73,444716.0,513800,sh,日本东证指数ETF南方
2026-02-06,1.735,1.765,1.766,1.733,347737.0,513800,sh,日本东证指数ETF南方
2026-02-09,1.84,1.797,1.84,1.797,660888.0,513800,sh,日本东证指数ETF南方
2026-02-10,1.838,1.844,1.854,1.833,592154.0,513800,sh,日本东证指数ETF南方
2026-02-11,1.87,1.89,1.896,1.863,641764.0,513800,sh,日本东证指数ETF南方
2026-02-12,1.898,1.894,1.953,1.874,1620424.0,513800,sh,日本东证指数ETF南方
2026-02-13,1.874,1.879,1.884,1.867,1045813.0,513800,sh,日本东证指数ETF南方
2026-02-24,1.845,1.843,1.86,1.833,600658.0,513800,sh,日本东证指数ETF南方
2026-02-25,1.834,1.852,1.875,1.834,885295.0,513800,sh,日本东证指数ETF南方
2026-02-26,1.857,1.863,1.889,1.85,735271.0,513800,sh,日本东证指数ETF南方
2026-02-27,1.863,1.909,1.912,1.86,1060642.0,513800,sh,日本东证指数ETF南方
2026-03-02,1.86,1.866,1.892,1.854,1055158.0,513800,sh,日本东证指数ETF南方
2026-03-03,1.856,1.811,1.858,1.806,648430.0,513800,sh,日本东证指数ETF南方
2026-03-04,1.751,1.746,1.775,1.72,606512.0,513800,sh,日本东证指数ETF南方
2026-03-05,1.807,1.782,1.814,1.769,524936.0,513800,sh,日本东证指数ETF南方
2026-03-06,1.767,1.792,1.833,1.753,856363.0,513800,sh,日本东证指数ETF南方
2026-03-09,1.682,1.722,1.745,1.68,1499393.0,513800,sh,日本东证指数ETF南方
2026-03-10,1.77,1.753,1.778,1.74,832009.0,513800,sh,日本东证指数ETF南方
2026-03-11,1.775,1.763,1.779,1.756,519547.0,513800,sh,日本东证指数ETF南方
2026-03-12,1.741,1.741,1.76,1.726,524370.0,513800,sh,日本东证指数ETF南方
2026-03-13,1.731,1.706,1.733,1.704,520639.0,513800,sh,日本东证指数ETF南方
2026-03-16,1.705,1.709,1.71,1.686,496165.0,513800,sh,日本东证指数ETF南方
2026-03-17,1.712,1.685,1.718,1.684,583553.0,513800,sh,日本东证指数ETF南方
2026-03-18,1.715,1.74,1.771,1.714,3194185.0,513800,sh,日本东证指数ETF南方
2026-03-19,1.69,1.677,1.715,1.674,1095518.0,513800,sh,日本东证指数ETF南方
2026-03-20,1.692,1.685,1.701,1.682,848807.0,513800,sh,日本东证指数ETF南方
2026-03-23,1.629,1.613,1.641,1.61,949380.0,513800,sh,日本东证指数ETF南方
2026-03-24,1.65,1.674,1.675,1.644,852817.0,513800,sh,日本东证指数ETF南方
2026-03-25,1.711,1.705,1.715,1.695,943599.0,513800,sh,日本东证指数ETF南方
2026-03-26,1.707,1.696,1.708,1.683,470552.0,513800,sh,日本东证指数ETF南方
2026-03-27,1.685,1.694,1.708,1.682,608251.0,513800,sh,日本东证指数ETF南方
2026-03-30,1.652,1.676,1.682,1.646,1376638.0,513800,sh,日本东证指数ETF南方
2026-03-31,1.675,1.644,1.682,1.638,1423382.0,513800,sh,日本东证指数ETF南方
2026-04-01,1.7,1.738,1.741,1.695,1900999.0,513800,sh,日本东证指数ETF南方
2026-04-02,1.719,1.691,1.72,1.683,1381406.0,513800,sh,日本东证指数ETF南方
2026-04-03,1.706,1.698,1.71,1.696,625492.0,513800,sh,日本东证指数ETF南方
2026-04-07,1.705,1.702,1.708,1.695,509270.0,513800,sh,日本东证指数ETF南方
2026-04-08,1.757,1.775,1.786,1.753,2245426.0,513800,sh,日本东证指数ETF南方
2026-04-09,1.756,1.741,1.76,1.737,1369220.0,513800,sh,日本东证指数ETF南方
2026-04-10,1.748,1.738,1.753,1.736,1115038.0,513800,sh,日本东证指数ETF南方
2026-04-13,1.731,1.728,1.734,1.72,539163.0,513800,sh,日本东证指数ETF南方
2026-04-14,1.755,1.744,1.755,1.737,740415.0,513800,sh,日本东证指数ETF南方
2026-04-15,1.753,1.75,1.758,1.746,616873.0,513800,sh,日本东证指数ETF南方
2026-04-16,1.768,1.775,1.783,1.768,681592.0,513800,sh,日本东证指数ETF南方
2026-04-17,1.757,1.747,1.757,1.743,402995.0,513800,sh,日本东证指数ETF南方
2026-04-20,1.757,1.756,1.762,1.753,305620.0,513800,sh,日本东证指数ETF南方
2026-04-21,1.757,1.75,1.763,1.75,277983.0,513800,sh,日本东证指数ETF南方
2026-04-22,1.738,1.742,1.742,1.729,304572.0,513800,sh,日本东证指数ETF南方
2026-04-23,1.731,1.717,1.731,1.712,502866.0,513800,sh,日本东证指数ETF南方
2026-04-24,1.717,1.72,1.725,1.717,278302.0,513800,sh,日本东证指数ETF南方
2026-04-27,1.729,1.722,1.741,1.719,612563.0,513800,sh,日本东证指数ETF南方
2026-04-28,1.739,1.747,1.75,1.736,498846.0,513800,sh,日本东证指数ETF南方
2026-04-29,1.726,1.728,1.733,1.723,570203.0,513800,sh,日本东证指数ETF南方
2026-04-30,1.716,1.716,1.722,1.704,534352.0,513800,sh,日本东证指数ETF南方
2026-05-06,1.762,1.782,1.788,1.76,1074693.0,513800,sh,日本东证指数ETF南方
2026-05-07,1.815,1.81,1.818,1.806,681879.0,513800,sh,日本东证指数ETF南方
2026-05-08,1.796,1.793,1.798,1.779,369048.0,513800,sh,日本东证指数ETF南方
2026-05-11,1.802,1.795,1.802,1.784,247169.0,513800,sh,日本东证指数ETF南方
2026-05-12,1.805,1.799,1.809,1.787,279698.0,513800,sh,日本东证指数ETF南方
2026-05-13,1.809,1.821,1.828,1.809,333666.0,513800,sh,日本东证指数ETF南方
2026-05-14,1.816,1.803,1.818,1.801,341866.0,513800,sh,日本东证指数ETF南方
2026-05-15,1.801,1.794,1.803,1.774,675354.0,513800,sh,日本东证指数ETF南方
2026-05-18,1.774,1.772,1.782,1.767,386405.0,513800,sh,日本东证指数ETF南方
2026-05-19,1.774,1.782,1.784,1.772,173277.0,513800,sh,日本东证指数ETF南方
2026-05-20,1.758,1.766,1.767,1.746,413516.0,513800,sh,日本东证指数ETF南方
2026-05-21,1.8,1.78,1.802,1.779,231399.0,513800,sh,日本东证指数ETF南方
2026-05-22,1.796,1.799,1.807,1.796,229225.0,513800,sh,日本东证指数ETF南方
2026-05-25,1.831,1.823,1.834,1.818,497180.0,513800,sh,日本东证指数ETF南方
2026-05-26,1.82,1.819,1.83,1.812,488640.0,513800,sh,日本东证指数ETF南方
2026-05-27,1.823,1.803,1.824,1.801,300262.0,513800,sh,日本东证指数ETF南方
2026-05-28,1.798,1.795,1.804,1.785,331804.0,513800,sh,日本东证指数ETF南方
2026-05-29,1.819,1.832,1.836,1.816,446807.0,513800,sh,日本东证指数ETF南方
2026-06-01,1.826,1.83,1.832,1.816,714306.0,513800,sh,日本东证指数ETF南方
2026-06-02,1.812,1.815,1.816,1.793,547820.0,513800,sh,日本东证指数ETF南方
2026-06-03,1.836,1.846,1.853,1.832,695789.0,513800,sh,日本东证指数ETF南方
2026-06-04,1.816,1.823,1.833,1.816,375680.0,513800,sh,日本东证指数ETF南方
2026-06-05,1.811,1.818,1.825,1.81,183833.0,513800,sh,日本东证指数ETF南方
2026-06-08,1.761,1.774,1.778,1.756,468387.0,513800,sh,日本东证指数ETF南方
2026-06-09,1.791,1.794,1.796,1.775,635472.0,513800,sh,日本东证指数ETF南方
2026-06-10,1.782,1.761,1.783,1.753,396922.0,513800,sh,日本东证指数ETF南方
2026-06-11,1.751,1.757,1.757,1.733,308245.0,513800,sh,日本东证指数ETF南方
2026-06-12,1.782,1.772,1.79,1.77,510400.0,513800,sh,日本东证指数ETF南方
2026-06-15,1.838,1.832,1.842,1.828,370248.0,513800,sh,日本东证指数ETF南方
2026-06-16,1.822,1.823,1.829,1.818,323214.0,513800,sh,日本东证指数ETF南方
2026-06-17,1.83,1.835,1.838,1.829,250473.0,513800,sh,日本东证指数ETF南方
2026-06-18,1.858,1.86,1.86,1.849,536828.0,513800,sh,日本东证指数ETF南方
2026-06-22,1.861,1.864,1.867,1.855,485263.0,513800,sh,日本东证指数ETF南方
2026-06-23,1.862,1.81,1.862,1.806,370849.0,513800,sh,日本东证指数ETF南方
2026-06-24,1.808,1.808,1.813,1.8,349867.0,513800,sh,日本东证指数ETF南方
2026-06-25,1.826,1.822,1.835,1.821,431120.0,513800,sh,日本东证指数ETF南方
2026-06-26,1.81,1.809,1.818,1.791,338127.0,513800,sh,日本东证指数ETF南方
2026-06-29,1.801,1.812,1.814,1.795,352809.0,513800,sh,日本东证指数ETF南方
2026-06-30,1.814,1.81,1.825,1.807,357035.0,513800,sh,日本东证指数ETF南方
2026-07-01,1.818,1.815,1.818,1.801,436378.0,513800,sh,日本东证指数ETF南方
2026-07-02,1.813,1.812,1.83,1.809,355275.0,513800,sh,日本东证指数ETF南方
2026-07-03,1.831,1.854,1.854,1.831,326647.0,513800,sh,日本东证指数ETF南方
