date,open,close,high,low,volume,code,market,name
2020-01-02,116.111,115.887,116.309,115.835,3560.0,511010,sh,国债ETF国泰
2020-01-03,115.891,115.776,115.948,115.761,3820.0,511010,sh,国债ETF国泰
2020-01-06,115.78,115.901,115.968,115.74,9477.0,511010,sh,国债ETF国泰
2020-01-07,115.89,115.846,115.901,115.816,7155.0,511010,sh,国债ETF国泰
2020-01-08,115.86,115.979,115.996,115.857,5075.0,511010,sh,国债ETF国泰
2020-01-09,115.94,116.084,116.091,115.874,12481.0,511010,sh,国债ETF国泰
2020-01-10,116.034,116.206,116.217,115.97,5229.0,511010,sh,国债ETF国泰
2020-01-13,116.209,116.209,116.255,116.16,4931.0,511010,sh,国债ETF国泰
2020-01-14,116.16,116.299,116.363,116.11,5656.0,511010,sh,国债ETF国泰
2020-01-15,116.215,116.35,116.425,116.209,4564.0,511010,sh,国债ETF国泰
2020-01-16,116.395,116.158,116.395,116.127,4721.0,511010,sh,国债ETF国泰
2020-01-17,116.138,116.27,116.345,116.138,5271.0,511010,sh,国债ETF国泰
2020-01-20,116.222,116.324,116.348,116.222,4910.0,511010,sh,国债ETF国泰
2020-01-21,116.348,116.89,116.89,116.335,5328.0,511010,sh,国债ETF国泰
2020-01-22,116.54,116.611,117.112,116.511,5430.0,511010,sh,国债ETF国泰
2020-01-23,116.611,117.309,117.439,116.611,3910.0,511010,sh,国债ETF国泰
2020-02-03,117.325,119.107,123.328,117.325,8002.0,511010,sh,国债ETF国泰
2020-02-04,119.216,117.846,119.225,117.51,5179.0,511010,sh,国债ETF国泰
2020-02-05,117.893,118.035,118.206,117.69,4734.0,511010,sh,国债ETF国泰
2020-02-06,118.035,117.685,118.035,117.588,4725.0,511010,sh,国债ETF国泰
2020-02-07,117.688,117.876,118.0,117.688,3047.0,511010,sh,国债ETF国泰
2020-02-10,117.9,118.079,118.08,117.9,2321.0,511010,sh,国债ETF国泰
2020-02-11,118.029,118.152,118.21,118.012,3036.0,511010,sh,国债ETF国泰
2020-02-12,118.175,118.032,118.175,117.91,5631.0,511010,sh,国债ETF国泰
2020-02-13,117.983,117.857,117.994,117.838,5775.0,511010,sh,国债ETF国泰
2020-02-14,117.857,117.853,117.895,117.845,4965.0,511010,sh,国债ETF国泰
2020-02-17,117.853,117.676,117.853,117.665,5459.0,511010,sh,国债ETF国泰
2020-02-18,117.61,117.653,117.676,117.518,4826.0,511010,sh,国债ETF国泰
2020-02-19,117.624,117.679,117.71,117.624,5271.0,511010,sh,国债ETF国泰
2020-02-20,117.64,117.534,117.7,117.404,6576.0,511010,sh,国债ETF国泰
2020-02-21,117.59,117.653,117.67,117.551,5462.0,511010,sh,国债ETF国泰
2020-02-24,117.66,117.88,117.886,117.66,4070.0,511010,sh,国债ETF国泰
2020-02-25,117.903,117.811,118.379,117.738,5069.0,511010,sh,国债ETF国泰
2020-02-26,117.861,117.825,117.861,117.712,3546.0,511010,sh,国债ETF国泰
2020-02-27,117.822,117.948,117.991,117.71,4797.0,511010,sh,国债ETF国泰
2020-02-28,118.01,118.474,118.899,117.995,6396.0,511010,sh,国债ETF国泰
2020-03-02,118.484,118.259,118.498,118.211,4471.0,511010,sh,国债ETF国泰
2020-03-03,117.911,118.281,118.283,117.911,5193.0,511010,sh,国债ETF国泰
2020-03-04,118.328,118.46,118.51,118.328,4847.0,511010,sh,国债ETF国泰
2020-03-05,118.459,118.486,118.61,118.43,7519.0,511010,sh,国债ETF国泰
2020-03-06,118.448,118.65,118.725,118.448,6012.0,511010,sh,国债ETF国泰
2020-03-09,118.749,119.483,119.843,118.749,8298.0,511010,sh,国债ETF国泰
2020-03-10,119.491,119.114,119.76,118.912,5538.0,511010,sh,国债ETF国泰
2020-03-11,119.114,119.113,119.164,118.812,2069.0,511010,sh,国债ETF国泰
2020-03-12,119.115,119.211,119.51,119.113,5907.0,511010,sh,国债ETF国泰
2020-03-13,119.509,118.722,119.509,118.604,3853.0,511010,sh,国债ETF国泰
2020-03-16,118.775,118.577,119.41,118.531,4739.0,511010,sh,国债ETF国泰
2020-03-17,118.566,118.301,118.574,118.249,2799.0,511010,sh,国债ETF国泰
2020-03-18,118.211,118.301,118.305,118.079,7211.0,511010,sh,国债ETF国泰
2020-03-19,118.161,117.989,118.442,117.928,9217.0,511010,sh,国债ETF国泰
2020-03-20,117.991,118.211,118.234,117.991,7043.0,511010,sh,国债ETF国泰
2020-03-23,118.37,118.807,118.816,118.37,10572.0,511010,sh,国债ETF国泰
2020-03-24,118.8,118.822,118.908,118.561,10537.0,511010,sh,国债ETF国泰
2020-03-25,118.819,118.841,118.867,118.71,9690.0,511010,sh,国债ETF国泰
2020-03-26,118.814,119.107,119.2,118.814,9184.0,511010,sh,国债ETF国泰
2020-03-27,119.159,119.31,119.455,119.12,6387.0,511010,sh,国债ETF国泰
2020-03-30,119.31,119.468,119.478,119.31,6475.0,511010,sh,国债ETF国泰
2020-03-31,119.178,119.703,119.72,119.178,9636.0,511010,sh,国债ETF国泰
2020-04-01,119.825,119.935,120.65,119.825,8776.0,511010,sh,国债ETF国泰
2020-04-02,119.934,119.781,120.101,119.775,9928.0,511010,sh,国债ETF国泰
2020-04-03,119.787,119.723,119.92,119.695,8869.0,511010,sh,国债ETF国泰
2020-04-07,119.819,120.372,120.508,119.819,9072.0,511010,sh,国债ETF国泰
2020-04-08,120.422,120.895,121.095,120.422,9851.0,511010,sh,国债ETF国泰
2020-04-09,121.13,121.035,121.307,120.643,8816.0,511010,sh,国债ETF国泰
2020-04-10,121.085,120.794,121.1,120.596,9463.0,511010,sh,国债ETF国泰
2020-04-13,120.794,120.968,120.985,120.696,11034.0,511010,sh,国债ETF国泰
2020-04-14,120.986,121.008,121.034,120.967,9715.0,511010,sh,国债ETF国泰
2020-04-15,121.12,121.597,121.603,121.11,8150.0,511010,sh,国债ETF国泰
2020-04-16,121.595,121.473,121.821,121.39,10579.0,511010,sh,国债ETF国泰
2020-04-17,121.47,121.394,121.653,121.321,9220.0,511010,sh,国债ETF国泰
2020-04-20,121.394,121.385,121.51,121.31,7251.0,511010,sh,国债ETF国泰
2020-04-21,121.385,121.449,121.501,121.27,6329.0,511010,sh,国债ETF国泰
2020-04-22,121.521,121.903,121.906,121.521,5943.0,511010,sh,国债ETF国泰
2020-04-23,121.875,122.298,122.37,121.875,6382.0,511010,sh,国债ETF国泰
2020-04-24,122.277,122.374,122.7,122.143,11036.0,511010,sh,国债ETF国泰
2020-04-27,122.369,122.406,122.538,122.331,8877.0,511010,sh,国债ETF国泰
2020-04-28,122.406,122.539,122.549,122.315,5903.0,511010,sh,国债ETF国泰
2020-04-29,123.32,122.908,123.32,122.56,9157.0,511010,sh,国债ETF国泰
2020-04-30,122.81,122.945,122.949,122.75,7130.0,511010,sh,国债ETF国泰
2020-05-06,122.937,122.686,122.995,122.68,7672.0,511010,sh,国债ETF国泰
2020-05-07,122.678,121.957,122.678,121.813,9633.0,511010,sh,国债ETF国泰
2020-05-08,121.958,121.795,121.958,121.76,7972.0,511010,sh,国债ETF国泰
2020-05-11,121.72,121.523,121.819,121.37,10741.0,511010,sh,国债ETF国泰
2020-05-12,121.51,121.698,121.857,121.459,9965.0,511010,sh,国债ETF国泰
2020-05-13,121.833,121.63,121.833,121.551,6475.0,511010,sh,国债ETF国泰
2020-05-14,121.63,121.834,121.889,121.418,9056.0,511010,sh,国债ETF国泰
2020-05-15,121.89,122.046,122.08,121.836,9913.0,511010,sh,国债ETF国泰
2020-05-18,122.045,121.612,122.045,121.598,9448.0,511010,sh,国债ETF国泰
2020-05-19,121.41,121.42,121.57,121.36,10048.0,511010,sh,国债ETF国泰
2020-05-20,121.36,121.018,121.4,120.91,8484.0,511010,sh,国债ETF国泰
2020-05-21,121.018,121.044,121.244,120.951,8044.0,511010,sh,国债ETF国泰
2020-05-22,121.045,121.59,121.619,121.045,8302.0,511010,sh,国债ETF国泰
2020-05-25,121.12,121.268,121.619,121.12,7527.0,511010,sh,国债ETF国泰
2020-05-26,121.31,120.589,121.318,120.411,10681.0,511010,sh,国债ETF国泰
2020-05-27,120.545,120.297,120.806,120.18,10756.0,511010,sh,国债ETF国泰
2020-05-28,120.31,120.538,120.68,120.31,7681.0,511010,sh,国债ETF国泰
2020-05-29,120.538,120.402,120.674,120.401,5598.0,511010,sh,国债ETF国泰
2020-06-01,120.447,120.231,120.479,120.16,6948.0,511010,sh,国债ETF国泰
2020-06-02,120.21,119.648,120.21,119.56,8289.0,511010,sh,国债ETF国泰
2020-06-03,119.51,119.336,119.51,119.225,9944.0,511010,sh,国债ETF国泰
2020-06-04,119.356,119.211,119.446,119.159,7567.0,511010,sh,国债ETF国泰
2020-06-05,119.21,119.078,119.305,119.071,7704.0,511010,sh,国债ETF国泰
2020-06-08,119.009,119.399,119.479,118.961,7729.0,511010,sh,国债ETF国泰
2020-06-09,119.387,119.469,119.77,119.387,10090.0,511010,sh,国债ETF国泰
2020-06-10,119.462,119.161,119.632,119.15,8401.0,511010,sh,国债ETF国泰
2020-06-11,119.206,119.336,119.419,119.18,6556.0,511010,sh,国债ETF国泰
2020-06-12,119.46,119.521,119.746,119.446,16049.0,511010,sh,国债ETF国泰
2020-06-15,119.51,119.659,119.71,119.42,8995.0,511010,sh,国债ETF国泰
2020-06-16,119.38,118.982,119.38,118.938,11159.0,511010,sh,国债ETF国泰
2020-06-17,118.982,118.52,119.0,118.51,8588.0,511010,sh,国债ETF国泰
2020-06-18,118.719,118.481,118.86,118.441,9045.0,511010,sh,国债ETF国泰
2020-06-19,118.63,118.31,118.63,118.218,8041.0,511010,sh,国债ETF国泰
2020-06-22,118.372,118.452,118.467,118.227,8371.0,511010,sh,国债ETF国泰
2020-06-23,118.436,117.911,118.45,117.91,9721.0,511010,sh,国债ETF国泰
2020-06-24,118.137,118.408,118.438,118.13,8959.0,511010,sh,国债ETF国泰
2020-06-29,118.432,118.655,118.708,118.393,7524.0,511010,sh,国债ETF国泰
2020-06-30,118.65,118.506,118.65,118.398,10676.0,511010,sh,国债ETF国泰
2020-07-01,118.626,118.668,118.76,118.53,8172.0,511010,sh,国债ETF国泰
2020-07-02,118.668,118.804,118.952,118.519,11332.0,511010,sh,国债ETF国泰
2020-07-03,118.79,118.655,118.797,118.595,6871.0,511010,sh,国债ETF国泰
2020-07-06,118.52,117.926,118.52,117.91,11628.0,511010,sh,国债ETF国泰
2020-07-07,117.609,117.608,117.84,117.11,9008.0,511010,sh,国债ETF国泰
2020-07-08,117.61,117.385,117.804,117.212,6235.0,511010,sh,国债ETF国泰
2020-07-09,117.384,117.397,117.504,117.209,13875.0,511010,sh,国债ETF国泰
2020-07-10,117.404,117.763,117.816,117.404,8487.0,511010,sh,国债ETF国泰
2020-07-13,117.713,117.45,118.31,117.21,10535.0,511010,sh,国债ETF国泰
2020-07-14,117.619,117.91,118.12,117.619,14257.0,511010,sh,国债ETF国泰
2020-07-15,117.64,118.127,118.159,117.634,10165.0,511010,sh,国债ETF国泰
2020-07-16,118.089,118.526,118.873,118.033,16332.0,511010,sh,国债ETF国泰
2020-07-17,118.527,118.311,118.81,118.213,12415.0,511010,sh,国债ETF国泰
2020-07-20,118.228,118.053,118.361,117.51,13870.0,511010,sh,国债ETF国泰
2020-07-21,118.03,118.279,118.402,117.91,10676.0,511010,sh,国债ETF国泰
2020-07-22,118.309,118.712,118.719,118.13,10239.0,511010,sh,国债ETF国泰
2020-07-23,118.721,119.002,119.078,118.498,12160.0,511010,sh,国债ETF国泰
2020-07-24,119.001,118.871,119.068,118.676,12468.0,511010,sh,国债ETF国泰
2020-07-27,118.841,119.0,119.039,118.82,10345.0,511010,sh,国债ETF国泰
2020-07-28,118.995,118.758,118.995,118.676,13258.0,511010,sh,国债ETF国泰
2020-07-29,118.75,118.622,118.758,118.615,8432.0,511010,sh,国债ETF国泰
2020-07-30,118.51,118.495,118.55,118.432,11206.0,511010,sh,国债ETF国泰
2020-07-31,118.436,118.266,118.465,118.247,9523.0,511010,sh,国债ETF国泰
2020-08-03,118.17,118.166,118.206,117.21,6755.0,511010,sh,国债ETF国泰
2020-08-04,118.148,118.181,118.208,118.023,7136.0,511010,sh,国债ETF国泰
2020-08-05,118.198,118.236,118.4,118.198,8505.0,511010,sh,国债ETF国泰
2020-08-06,118.122,118.131,118.2,118.033,7012.0,511010,sh,国债ETF国泰
2020-08-07,118.082,118.126,118.207,118.016,6574.0,511010,sh,国债ETF国泰
2020-08-10,118.1,118.121,118.179,118.051,5216.0,511010,sh,国债ETF国泰
2020-08-11,118.11,118.098,118.123,118.011,6784.0,511010,sh,国债ETF国泰
2020-08-12,118.095,117.676,118.1,117.61,7085.0,511010,sh,国债ETF国泰
2020-08-13,117.676,117.788,117.889,117.593,8025.0,511010,sh,国债ETF国泰
2020-08-14,117.737,117.811,117.935,117.671,6208.0,511010,sh,国债ETF国泰
2020-08-17,117.84,117.939,117.959,117.813,5045.0,511010,sh,国债ETF国泰
2020-08-18,117.911,118.017,118.017,117.842,5260.0,511010,sh,国债ETF国泰
2020-08-19,117.93,117.9,118.03,117.895,8944.0,511010,sh,国债ETF国泰
2020-08-20,117.939,117.632,117.94,117.608,3893.0,511010,sh,国债ETF国泰
2020-08-21,117.62,117.654,117.79,117.611,3286.0,511010,sh,国债ETF国泰
2020-08-24,117.612,117.63,117.682,117.612,2818.0,511010,sh,国债ETF国泰
2020-08-25,117.63,117.376,117.645,117.36,5435.0,511010,sh,国债ETF国泰
2020-08-26,117.38,117.255,117.449,117.242,4752.0,511010,sh,国债ETF国泰
2020-08-27,117.282,116.995,117.282,116.99,4813.0,511010,sh,国债ETF国泰
2020-08-28,116.95,116.913,117.013,116.882,6853.0,511010,sh,国债ETF国泰
2020-08-31,116.929,116.998,117.02,116.864,6105.0,511010,sh,国债ETF国泰
2020-09-01,117.07,117.363,117.415,117.022,5770.0,511010,sh,国债ETF国泰
2020-09-02,117.359,117.225,117.391,117.21,5140.0,511010,sh,国债ETF国泰
2020-09-03,117.176,117.202,117.207,116.99,2796.0,511010,sh,国债ETF国泰
2020-09-04,117.187,117.006,117.188,117.0,7177.0,511010,sh,国债ETF国泰
2020-09-07,117.05,116.722,117.13,116.721,6103.0,511010,sh,国债ETF国泰
2020-09-08,116.712,116.938,116.967,116.675,5814.0,511010,sh,国债ETF国泰
2020-09-09,116.938,117.051,117.169,116.938,7175.0,511010,sh,国债ETF国泰
2020-09-10,117.051,117.287,117.34,117.018,6257.0,511010,sh,国债ETF国泰
2020-09-11,117.323,117.216,117.408,117.152,4011.0,511010,sh,国债ETF国泰
2020-09-14,117.217,117.005,117.217,116.861,7229.0,511010,sh,国债ETF国泰
2020-09-15,116.97,117.136,117.255,116.965,8582.0,511010,sh,国债ETF国泰
2020-09-16,117.166,117.185,117.233,117.117,5699.0,511010,sh,国债ETF国泰
2020-09-17,117.2,117.22,117.301,117.186,6390.0,511010,sh,国债ETF国泰
2020-09-18,117.17,117.224,117.512,117.136,6214.0,511010,sh,国债ETF国泰
2020-09-21,117.24,117.568,117.609,117.217,6893.0,511010,sh,国债ETF国泰
2020-09-22,117.57,117.727,117.771,117.504,6107.0,511010,sh,国债ETF国泰
2020-09-23,117.728,117.692,117.808,117.612,4009.0,511010,sh,国债ETF国泰
2020-09-24,117.735,117.591,117.763,117.586,5572.0,511010,sh,国债ETF国泰
2020-09-25,117.59,117.465,117.632,117.373,6298.0,511010,sh,国债ETF国泰
2020-09-28,117.464,117.364,117.473,117.221,6075.0,511010,sh,国债ETF国泰
2020-09-29,117.315,117.256,117.355,117.241,6041.0,511010,sh,国债ETF国泰
2020-09-30,117.266,117.21,117.487,117.175,4207.0,511010,sh,国债ETF国泰
2020-10-09,117.21,117.033,117.211,117.011,3332.0,511010,sh,国债ETF国泰
2020-10-12,117.033,117.11,117.196,116.916,6811.0,511010,sh,国债ETF国泰
2020-10-13,117.11,116.946,117.209,116.877,4682.0,511010,sh,国债ETF国泰
2020-10-14,116.918,116.939,117.061,116.902,4636.0,511010,sh,国债ETF国泰
2020-10-15,116.93,116.801,117.026,116.76,5649.0,511010,sh,国债ETF国泰
2020-10-16,116.813,116.991,117.083,116.813,5136.0,511010,sh,国债ETF国泰
2020-10-19,117.037,117.239,117.26,116.944,4368.0,511010,sh,国债ETF国泰
2020-10-20,117.209,117.281,117.35,117.119,5112.0,511010,sh,国债ETF国泰
2020-10-21,117.292,117.388,117.49,117.162,4122.0,511010,sh,国债ETF国泰
2020-10-22,117.372,117.511,117.551,117.372,3579.0,511010,sh,国债ETF国泰
2020-10-23,117.511,117.333,117.568,117.329,3527.0,511010,sh,国债ETF国泰
2020-10-26,117.325,117.22,117.413,117.21,3961.0,511010,sh,国债ETF国泰
2020-10-27,117.211,117.452,117.511,117.21,5905.0,511010,sh,国债ETF国泰
2020-10-28,117.501,117.385,117.591,117.3,4336.0,511010,sh,国债ETF国泰
2020-10-29,117.435,117.33,117.478,117.318,5673.0,511010,sh,国债ETF国泰
2020-10-30,117.333,117.471,117.506,117.331,6248.0,511010,sh,国债ETF国泰
2020-11-02,117.471,117.687,117.809,117.471,3020.0,511010,sh,国债ETF国泰
2020-11-03,117.7,117.646,117.812,117.59,2961.0,511010,sh,国债ETF国泰
2020-11-04,117.705,117.724,117.748,116.098,5926.0,511010,sh,国债ETF国泰
2020-11-05,117.693,117.593,117.71,117.592,2041.0,511010,sh,国债ETF国泰
2020-11-06,117.595,117.426,117.595,117.132,5645.0,511010,sh,国债ETF国泰
2020-11-09,117.376,117.244,117.475,117.116,6631.0,511010,sh,国债ETF国泰
2020-11-10,117.124,117.278,117.409,117.124,4862.0,511010,sh,国债ETF国泰
2020-11-11,117.245,117.262,117.41,117.239,7033.0,511010,sh,国债ETF国泰
2020-11-12,117.262,117.211,117.266,116.945,6212.0,511010,sh,国债ETF国泰
2020-11-13,117.161,116.952,117.249,116.884,7373.0,511010,sh,国债ETF国泰
2020-11-16,116.952,117.156,117.181,116.952,5101.0,511010,sh,国债ETF国泰
2020-11-17,117.16,117.089,117.387,117.031,6731.0,511010,sh,国债ETF国泰
2020-11-18,117.111,116.922,117.116,116.91,3379.0,511010,sh,国债ETF国泰
2020-11-19,116.931,116.857,116.931,116.828,3114.0,511010,sh,国债ETF国泰
2020-11-20,116.844,116.857,116.91,116.691,6259.0,511010,sh,国债ETF国泰
2020-11-23,116.871,117.167,117.17,116.871,2750.0,511010,sh,国债ETF国泰
2020-11-24,117.121,117.034,117.232,117.03,3768.0,511010,sh,国债ETF国泰
2020-11-25,117.034,117.095,117.112,116.955,2048.0,511010,sh,国债ETF国泰
2020-11-26,117.113,117.061,117.167,117.045,4416.0,511010,sh,国债ETF国泰
2020-11-27,117.063,117.014,117.122,117.007,4409.0,511010,sh,国债ETF国泰
2020-11-30,117.014,117.296,117.299,116.964,7746.0,511010,sh,国债ETF国泰
2020-12-01,117.29,117.109,117.29,117.08,6647.0,511010,sh,国债ETF国泰
2020-12-02,117.125,117.143,117.151,117.044,6672.0,511010,sh,国债ETF国泰
2020-12-03,117.128,117.052,117.142,117.015,5155.0,511010,sh,国债ETF国泰
2020-12-04,117.046,117.245,117.255,117.046,5861.0,511010,sh,国债ETF国泰
2020-12-07,117.239,117.178,117.381,117.164,6041.0,511010,sh,国债ETF国泰
2020-12-08,117.178,117.228,117.25,117.178,5381.0,511010,sh,国债ETF国泰
2020-12-09,117.234,117.274,117.275,117.212,6596.0,511010,sh,国债ETF国泰
2020-12-10,117.171,117.273,117.285,117.171,3063.0,511010,sh,国债ETF国泰
2020-12-11,117.257,117.133,117.273,117.088,5921.0,511010,sh,国债ETF国泰
2020-12-14,117.133,117.025,117.14,116.984,4637.0,511010,sh,国债ETF国泰
2020-12-15,117.099,117.228,117.295,117.03,7178.0,511010,sh,国债ETF国泰
2020-12-16,117.232,117.294,117.331,117.218,5981.0,511010,sh,国债ETF国泰
2020-12-17,117.361,117.246,117.389,117.233,5846.0,511010,sh,国债ETF国泰
2020-12-18,117.213,117.176,117.26,117.16,4401.0,511010,sh,国债ETF国泰
2020-12-21,117.163,117.319,117.359,117.112,6051.0,511010,sh,国债ETF国泰
2020-12-22,117.306,117.538,117.563,117.306,6375.0,511010,sh,国债ETF国泰
2020-12-23,117.538,117.608,117.644,117.518,4401.0,511010,sh,国债ETF国泰
2020-12-24,117.602,117.631,117.739,117.58,6025.0,511010,sh,国债ETF国泰
2020-12-25,117.631,117.761,117.826,117.597,6667.0,511010,sh,国债ETF国泰
2020-12-28,117.761,117.641,117.91,117.631,8468.0,511010,sh,国债ETF国泰
2020-12-29,117.76,117.71,117.777,117.593,5753.0,511010,sh,国债ETF国泰
2020-12-30,117.712,117.776,117.89,117.705,5814.0,511010,sh,国债ETF国泰
2020-12-31,117.822,117.822,117.883,117.733,5948.0,511010,sh,国债ETF国泰
2021-01-04,117.638,117.634,117.825,117.608,5806.0,511010,sh,国债ETF国泰
2021-01-05,117.634,117.752,117.778,117.613,5650.0,511010,sh,国债ETF国泰
2021-01-06,117.753,118.003,118.06,117.753,7279.0,511010,sh,国债ETF国泰
2021-01-07,118.01,118.074,118.106,117.99,5541.0,511010,sh,国债ETF国泰
2021-01-08,118.075,118.019,118.11,117.976,5561.0,511010,sh,国债ETF国泰
2021-01-11,118.109,117.902,118.109,117.876,5319.0,511010,sh,国债ETF国泰
2021-01-12,117.905,118.028,118.061,117.885,6306.0,511010,sh,国债ETF国泰
2021-01-13,118.032,118.267,118.287,118.032,5939.0,511010,sh,国债ETF国泰
2021-01-14,118.315,118.518,118.61,118.31,7162.0,511010,sh,国债ETF国泰
2021-01-15,118.53,118.37,118.536,118.323,5160.0,511010,sh,国债ETF国泰
2021-01-18,118.391,118.202,118.42,118.165,2676.0,511010,sh,国债ETF国泰
2021-01-19,118.16,117.978,118.21,117.927,3692.0,511010,sh,国债ETF国泰
2021-01-20,118.02,118.173,118.179,117.979,6964.0,511010,sh,国债ETF国泰
2021-01-21,118.14,118.32,118.33,118.1,7248.0,511010,sh,国债ETF国泰
2021-01-22,118.31,118.375,118.375,118.16,6071.0,511010,sh,国债ETF国泰
2021-01-25,118.31,118.378,118.386,118.228,6296.0,511010,sh,国债ETF国泰
2021-01-26,118.215,117.962,118.322,117.93,7014.0,511010,sh,国债ETF国泰
2021-01-27,117.914,117.99,118.057,117.877,3919.0,511010,sh,国债ETF国泰
2021-01-28,117.94,117.896,118.005,117.826,6709.0,511010,sh,国债ETF国泰
2021-01-29,117.896,117.92,117.955,117.467,8939.0,511010,sh,国债ETF国泰
2021-02-01,117.912,118.039,118.119,117.831,7030.0,511010,sh,国债ETF国泰
2021-02-02,118.039,118.101,118.343,117.987,7977.0,511010,sh,国债ETF国泰
2021-02-03,118.105,118.176,118.28,118.04,4422.0,511010,sh,国债ETF国泰
2021-02-04,118.176,118.148,118.282,118.073,4798.0,511010,sh,国债ETF国泰
2021-02-05,118.108,117.957,118.117,117.945,6248.0,511010,sh,国债ETF国泰
2021-02-08,117.915,117.817,117.967,117.61,5982.0,511010,sh,国债ETF国泰
2021-02-09,117.817,117.804,117.828,117.64,7071.0,511010,sh,国债ETF国泰
2021-02-10,117.771,117.976,118.097,117.705,4304.0,511010,sh,国债ETF国泰
2021-02-18,117.981,117.859,117.981,117.84,5693.0,511010,sh,国债ETF国泰
2021-02-19,117.85,117.875,117.909,117.815,6491.0,511010,sh,国债ETF国泰
2021-02-22,117.87,117.929,117.941,117.762,5580.0,511010,sh,国债ETF国泰
2021-02-23,117.88,118.059,118.06,117.88,5046.0,511010,sh,国债ETF国泰
2021-02-24,118.06,118.281,118.289,118.06,4780.0,511010,sh,国债ETF国泰
2021-02-25,118.281,118.266,118.297,118.187,6296.0,511010,sh,国债ETF国泰
2021-02-26,118.17,118.018,118.27,117.993,5008.0,511010,sh,国债ETF国泰
2021-03-01,118.01,118.013,118.035,117.975,4845.0,511010,sh,国债ETF国泰
2021-03-02,118.013,118.493,118.504,117.958,5980.0,511010,sh,国债ETF国泰
2021-03-03,118.408,118.414,118.595,118.281,8136.0,511010,sh,国债ETF国泰
2021-03-04,118.411,118.362,118.429,118.316,6382.0,511010,sh,国债ETF国泰
2021-03-05,118.315,118.501,118.504,118.225,9589.0,511010,sh,国债ETF国泰
2021-03-08,118.458,118.5,118.508,118.323,4723.0,511010,sh,国债ETF国泰
2021-03-09,118.39,118.364,118.498,118.324,6934.0,511010,sh,国债ETF国泰
2021-03-10,118.314,118.439,118.448,118.235,6962.0,511010,sh,国债ETF国泰
2021-03-11,118.47,118.354,118.47,118.314,5846.0,511010,sh,国债ETF国泰
2021-03-12,118.31,118.364,118.455,118.212,8189.0,511010,sh,国债ETF国泰
2021-03-15,118.371,118.301,118.371,118.26,6080.0,511010,sh,国债ETF国泰
2021-03-16,118.29,118.137,118.29,118.125,5164.0,511010,sh,国债ETF国泰
2021-03-17,118.144,118.183,118.25,118.144,3908.0,511010,sh,国债ETF国泰
2021-03-18,118.133,118.128,118.197,118.11,7149.0,511010,sh,国债ETF国泰
2021-03-19,118.115,118.104,118.199,118.062,8561.0,511010,sh,国债ETF国泰
2021-03-22,118.081,118.12,118.167,118.081,8184.0,511010,sh,国债ETF国泰
2021-03-23,118.11,118.149,118.198,118.108,4503.0,511010,sh,国债ETF国泰
2021-03-24,118.177,118.3,118.304,118.16,6022.0,511010,sh,国债ETF国泰
2021-03-25,118.27,118.395,118.428,118.25,6504.0,511010,sh,国债ETF国泰
2021-03-26,118.395,118.23,118.443,118.216,7204.0,511010,sh,国债ETF国泰
2021-03-29,118.23,118.22,118.26,118.167,3224.0,511010,sh,国债ETF国泰
2021-03-30,118.192,118.412,118.443,118.192,3582.0,511010,sh,国债ETF国泰
2021-03-31,118.41,118.444,118.472,118.305,8366.0,511010,sh,国债ETF国泰
2021-04-01,118.445,118.41,118.529,118.349,3070.0,511010,sh,国债ETF国泰
2021-04-02,118.409,118.592,118.676,118.345,7049.0,511010,sh,国债ETF国泰
2021-04-06,118.542,118.514,118.542,118.411,5369.0,511010,sh,国债ETF国泰
2021-04-07,118.501,118.497,118.57,118.407,5008.0,511010,sh,国债ETF国泰
2021-04-08,118.497,118.339,118.504,118.331,6765.0,511010,sh,国债ETF国泰
2021-04-09,118.266,118.335,118.368,118.266,6156.0,511010,sh,国债ETF国泰
2021-04-12,118.335,118.559,118.656,118.32,5763.0,511010,sh,国债ETF国泰
2021-04-13,118.511,118.823,118.86,118.511,4336.0,511010,sh,国债ETF国泰
2021-04-14,118.829,118.783,119.042,118.733,4787.0,511010,sh,国债ETF国泰
2021-04-15,118.83,118.789,118.901,118.753,2782.0,511010,sh,国债ETF国泰
2021-04-16,118.739,118.849,118.9,118.69,3821.0,511010,sh,国债ETF国泰
2021-04-19,118.862,118.771,118.902,118.718,6721.0,511010,sh,国债ETF国泰
2021-04-20,118.775,118.832,118.879,118.775,2864.0,511010,sh,国债ETF国泰
2021-04-21,118.782,119.065,119.066,118.782,3866.0,511010,sh,国债ETF国泰
2021-04-22,119.065,118.967,119.065,118.827,4814.0,511010,sh,国债ETF国泰
2021-04-23,118.99,119.256,119.308,118.916,3037.0,511010,sh,国债ETF国泰
2021-04-26,119.266,119.091,119.266,119.071,3580.0,511010,sh,国债ETF国泰
2021-04-27,119.047,118.993,119.18,118.962,4769.0,511010,sh,国债ETF国泰
2021-04-28,118.936,118.908,118.993,118.794,3670.0,511010,sh,国债ETF国泰
2021-04-29,118.908,118.962,119.078,118.826,7717.0,511010,sh,国债ETF国泰
2021-04-30,118.97,119.11,119.135,118.913,6363.0,511010,sh,国债ETF国泰
2021-05-06,119.11,119.143,119.359,118.937,4231.0,511010,sh,国债ETF国泰
2021-05-07,119.137,119.097,119.209,118.975,3714.0,511010,sh,国债ETF国泰
2021-05-10,119.101,119.16,119.207,119.092,5451.0,511010,sh,国债ETF国泰
2021-05-11,119.17,119.402,119.61,119.17,7017.0,511010,sh,国债ETF国泰
2021-05-12,119.406,119.41,119.447,119.323,2821.0,511010,sh,国债ETF国泰
2021-05-13,119.41,119.236,119.41,119.173,6298.0,511010,sh,国债ETF国泰
2021-05-14,119.212,119.249,119.298,119.21,5702.0,511010,sh,国债ETF国泰
2021-05-17,119.248,119.397,119.462,119.209,8042.0,511010,sh,国债ETF国泰
2021-05-18,119.47,119.366,119.486,119.241,4473.0,511010,sh,国债ETF国泰
2021-05-19,119.366,119.569,119.598,119.317,5415.0,511010,sh,国债ETF国泰
2021-05-20,119.511,119.739,119.79,119.391,6897.0,511010,sh,国债ETF国泰
2021-05-21,119.751,119.861,119.888,119.623,6402.0,511010,sh,国债ETF国泰
2021-05-24,119.811,119.887,120.027,119.663,7438.0,511010,sh,国债ETF国泰
2021-05-25,119.889,119.677,119.889,119.588,7563.0,511010,sh,国债ETF国泰
2021-05-26,119.675,119.735,119.776,119.56,6206.0,511010,sh,国债ETF国泰
2021-05-27,119.736,119.644,119.737,119.64,5576.0,511010,sh,国债ETF国泰
2021-05-28,119.65,119.642,119.688,119.518,6082.0,511010,sh,国债ETF国泰
2021-05-31,119.65,119.412,119.65,119.29,10437.0,511010,sh,国债ETF国泰
2021-06-01,119.43,119.581,119.656,119.412,7670.0,511010,sh,国债ETF国泰
2021-06-02,119.57,119.495,119.57,119.49,6609.0,511010,sh,国债ETF国泰
2021-06-03,119.495,119.476,119.529,119.368,5903.0,511010,sh,国债ETF国泰
2021-06-04,119.476,119.525,119.562,119.446,7820.0,511010,sh,国债ETF国泰
2021-06-07,119.51,119.386,119.51,119.381,6695.0,511010,sh,国债ETF国泰
2021-06-08,119.398,119.406,119.528,119.387,6514.0,511010,sh,国债ETF国泰
2021-06-09,119.41,119.37,119.41,119.36,6765.0,511010,sh,国债ETF国泰
2021-06-10,119.37,119.398,119.44,119.37,6141.0,511010,sh,国债ETF国泰
2021-06-11,119.372,119.222,119.427,119.198,7827.0,511010,sh,国债ETF国泰
2021-06-15,119.207,119.2,119.23,119.122,9333.0,511010,sh,国债ETF国泰
2021-06-16,119.199,119.447,119.447,119.061,9298.0,511010,sh,国债ETF国泰
2021-06-17,119.41,119.383,119.478,119.322,6652.0,511010,sh,国债ETF国泰
2021-06-18,119.383,119.478,119.498,119.328,5647.0,511010,sh,国债ETF国泰
2021-06-21,119.469,119.737,119.787,119.458,5879.0,511010,sh,国债ETF国泰
2021-06-22,119.7,119.671,119.7,119.616,6065.0,511010,sh,国债ETF国泰
2021-06-23,119.658,119.64,119.679,119.586,5642.0,511010,sh,国债ETF国泰
2021-06-24,119.678,119.557,119.678,119.529,6864.0,511010,sh,国债ETF国泰
2021-06-25,119.523,119.601,119.628,119.521,5808.0,511010,sh,国债ETF国泰
2021-06-28,119.6,119.741,119.828,119.551,6533.0,511010,sh,国债ETF国泰
2021-06-29,119.708,119.888,119.898,119.59,6531.0,511010,sh,国债ETF国泰
2021-06-30,119.858,120.033,120.209,119.808,7784.0,511010,sh,国债ETF国泰
2021-07-01,119.983,119.995,120.209,119.94,12702.0,511010,sh,国债ETF国泰
2021-07-02,119.95,119.977,120.102,119.947,8017.0,511010,sh,国债ETF国泰
2021-07-05,119.93,119.992,120.146,119.928,5719.0,511010,sh,国债ETF国泰
2021-07-06,119.992,120.028,120.056,119.945,5798.0,511010,sh,国债ETF国泰
2021-07-07,120.04,120.165,120.289,119.953,9063.0,511010,sh,国债ETF国泰
2021-07-08,120.17,120.347,120.36,120.17,7080.0,511010,sh,国债ETF国泰
2021-07-09,120.344,120.397,120.399,120.271,7911.0,511010,sh,国债ETF国泰
2021-07-12,120.397,120.422,120.444,120.234,2373.0,511010,sh,国债ETF国泰
2021-07-13,120.501,120.722,120.796,120.46,5869.0,511010,sh,国债ETF国泰
2021-07-14,120.722,120.789,120.828,120.52,9828.0,511010,sh,国债ETF国泰
2021-07-15,120.74,120.532,120.783,120.5,8898.0,511010,sh,国债ETF国泰
2021-07-16,120.53,120.61,120.658,120.483,9682.0,511010,sh,国债ETF国泰
2021-07-19,120.57,120.624,120.66,120.561,11355.0,511010,sh,国债ETF国泰
2021-07-20,120.645,120.714,120.904,120.59,9026.0,511010,sh,国债ETF国泰
2021-07-21,120.672,120.831,120.89,120.672,8285.0,511010,sh,国债ETF国泰
2021-07-22,120.782,120.851,120.881,120.721,8809.0,511010,sh,国债ETF国泰
2021-07-23,120.901,120.896,120.907,120.789,10173.0,511010,sh,国债ETF国泰
2021-07-26,120.896,121.211,121.315,120.896,9059.0,511010,sh,国债ETF国泰
2021-07-27,121.162,121.366,121.499,120.93,10713.0,511010,sh,国债ETF国泰
2021-07-28,121.415,121.231,121.493,120.92,10659.0,511010,sh,国债ETF国泰
2021-07-29,121.231,121.156,121.322,121.12,10600.0,511010,sh,国债ETF国泰
2021-07-30,121.156,121.336,121.376,121.106,8776.0,511010,sh,国债ETF国泰
2021-08-02,121.31,121.68,121.73,121.31,9034.0,511010,sh,国债ETF国泰
2021-08-03,121.68,121.621,121.76,121.556,8613.0,511010,sh,国债ETF国泰
2021-08-04,121.571,121.544,121.671,121.52,6281.0,511010,sh,国债ETF国泰
2021-08-05,121.511,121.494,121.56,121.42,10476.0,511010,sh,国债ETF国泰
2021-08-06,121.494,121.529,121.564,120.448,8961.0,511010,sh,国债ETF国泰
2021-08-09,121.569,121.241,121.569,121.225,9232.0,511010,sh,国债ETF国泰
2021-08-10,121.235,121.125,121.288,121.11,8542.0,511010,sh,国债ETF国泰
2021-08-11,121.125,121.003,121.174,120.91,12448.0,511010,sh,国债ETF国泰
2021-08-12,120.954,121.11,121.185,120.954,6764.0,511010,sh,国债ETF国泰
2021-08-13,121.053,121.342,121.44,121.043,8199.0,511010,sh,国债ETF国泰
2021-08-16,121.339,121.337,121.488,121.292,8046.0,511010,sh,国债ETF国泰
2021-08-17,121.333,121.535,121.609,121.275,9178.0,511010,sh,国债ETF国泰
2021-08-18,121.53,121.612,121.695,121.409,10050.0,511010,sh,国债ETF国泰
2021-08-19,121.649,121.598,121.749,121.562,7505.0,511010,sh,国债ETF国泰
2021-08-20,121.584,121.676,121.773,121.566,13697.0,511010,sh,国债ETF国泰
2021-08-23,121.627,121.602,121.726,121.568,8517.0,511010,sh,国债ETF国泰
2021-08-24,121.563,121.55,121.6,121.319,9720.0,511010,sh,国债ETF国泰
2021-08-25,121.5,121.595,121.745,121.425,8184.0,511010,sh,国债ETF国泰
2021-08-26,121.563,121.287,121.645,121.138,7159.0,511010,sh,国债ETF国泰
2021-08-27,121.435,121.325,121.435,121.23,8837.0,511010,sh,国债ETF国泰
2021-08-30,121.3,121.37,121.446,121.198,10404.0,511010,sh,国债ETF国泰
2021-08-31,121.37,121.543,121.55,121.37,8780.0,511010,sh,国债ETF国泰
2021-09-01,121.51,121.61,121.666,121.5,9963.0,511010,sh,国债ETF国泰
2021-09-02,121.575,121.603,121.65,121.535,7665.0,511010,sh,国债ETF国泰
2021-09-03,121.602,121.638,121.645,121.554,6991.0,511010,sh,国债ETF国泰
2021-09-06,121.59,121.534,121.653,121.517,7605.0,511010,sh,国债ETF国泰
2021-09-07,121.5,121.438,121.52,121.42,13875.0,511010,sh,国债ETF国泰
2021-09-08,121.439,121.403,121.454,121.4,9662.0,511010,sh,国债ETF国泰
2021-09-09,121.41,121.417,121.443,121.368,6211.0,511010,sh,国债ETF国泰
2021-09-10,121.418,121.415,121.473,121.385,7501.0,511010,sh,国债ETF国泰
2021-09-13,121.399,121.369,121.429,121.367,8733.0,511010,sh,国债ETF国泰
2021-09-14,121.376,121.302,121.389,121.275,6495.0,511010,sh,国债ETF国泰
2021-09-15,121.32,121.325,121.405,121.28,7877.0,511010,sh,国债ETF国泰
2021-09-16,121.2,121.16,121.299,121.092,8150.0,511010,sh,国债ETF国泰
2021-09-17,121.21,121.268,121.279,121.11,8021.0,511010,sh,国债ETF国泰
2021-09-22,121.245,121.331,121.436,121.245,5989.0,511010,sh,国债ETF国泰
2021-09-23,121.381,121.496,121.605,121.366,5922.0,511010,sh,国债ETF国泰
2021-09-24,121.468,121.485,121.572,121.468,6119.0,511010,sh,国债ETF国泰
2021-09-27,121.495,121.481,121.545,121.47,6650.0,511010,sh,国债ETF国泰
2021-09-28,121.471,121.499,121.608,121.429,5218.0,511010,sh,国债ETF国泰
2021-09-29,121.49,121.801,121.848,121.453,7575.0,511010,sh,国债ETF国泰
2021-09-30,121.721,121.859,122.004,121.721,5707.0,511010,sh,国债ETF国泰
2021-10-08,121.858,121.658,121.907,121.602,6332.0,511010,sh,国债ETF国泰
2021-10-11,121.66,121.5,121.698,121.443,7184.0,511010,sh,国债ETF国泰
2021-10-12,121.5,121.316,121.59,121.31,5637.0,511010,sh,国债ETF国泰
2021-10-13,121.32,121.27,121.366,121.25,5306.0,511010,sh,国债ETF国泰
2021-10-14,121.287,121.299,121.345,121.267,5899.0,511010,sh,国债ETF国泰
2021-10-15,121.34,121.28,121.34,121.116,8525.0,511010,sh,国债ETF国泰
2021-10-18,121.282,120.902,121.282,120.714,6644.0,511010,sh,国债ETF国泰
2021-10-19,120.909,120.89,120.94,120.794,6787.0,511010,sh,国债ETF国泰
2021-10-20,120.905,120.93,120.958,120.855,5029.0,511010,sh,国债ETF国泰
2021-10-21,120.94,121.108,121.114,120.911,6838.0,511010,sh,国债ETF国泰
2021-10-22,120.971,120.963,121.11,120.92,7460.0,511010,sh,国债ETF国泰
2021-10-25,121.012,120.99,121.012,120.914,6025.0,511010,sh,国债ETF国泰
2021-10-26,121.04,121.083,121.108,120.977,4946.0,511010,sh,国债ETF国泰
2021-10-27,121.098,121.119,121.149,121.094,5459.0,511010,sh,国债ETF国泰
2021-10-28,121.08,121.099,121.132,121.06,6472.0,511010,sh,国债ETF国泰
2021-10-29,121.15,121.196,121.2,121.097,4830.0,511010,sh,国债ETF国泰
2021-11-01,121.19,121.287,121.29,121.151,8255.0,511010,sh,国债ETF国泰
2021-11-02,121.241,121.388,121.398,121.237,6076.0,511010,sh,国债ETF国泰
2021-11-03,121.372,121.486,121.542,121.362,6849.0,511010,sh,国债ETF国泰
2021-11-04,121.486,121.442,121.495,121.425,6897.0,511010,sh,国债ETF国泰
2021-11-05,121.492,121.57,121.669,121.492,6184.0,511010,sh,国债ETF国泰
2021-11-08,121.57,121.683,121.846,121.57,5358.0,511010,sh,国债ETF国泰
2021-11-09,121.683,121.575,121.689,121.495,6557.0,511010,sh,国债ETF国泰
2021-11-10,121.581,121.738,121.748,121.581,4268.0,511010,sh,国债ETF国泰
2021-11-11,121.749,121.703,121.758,121.676,6663.0,511010,sh,国债ETF国泰
2021-11-12,121.653,121.565,121.695,121.511,8340.0,511010,sh,国债ETF国泰
2021-11-15,121.649,121.659,121.672,121.544,5141.0,511010,sh,国债ETF国泰
2021-11-16,121.659,121.707,121.753,121.659,4544.0,511010,sh,国债ETF国泰
2021-11-17,121.704,121.709,121.775,121.66,8810.0,511010,sh,国债ETF国泰
2021-11-18,121.701,121.791,121.88,121.701,8248.0,511010,sh,国债ETF国泰
2021-11-19,121.798,121.718,121.908,121.686,4813.0,511010,sh,国债ETF国泰
2021-11-22,121.718,121.766,121.798,121.718,6879.0,511010,sh,国债ETF国泰
2021-11-23,121.773,121.768,121.776,121.741,6367.0,511010,sh,国债ETF国泰
2021-11-24,121.775,121.859,121.888,121.775,6387.0,511010,sh,国债ETF国泰
2021-11-25,121.833,121.93,122.0,121.833,7333.0,511010,sh,国债ETF国泰
2021-11-26,121.935,122.184,122.328,121.934,4039.0,511010,sh,国债ETF国泰
2021-11-29,122.18,122.021,122.208,122.011,7270.0,511010,sh,国债ETF国泰
2021-11-30,122.022,122.039,122.071,121.98,6897.0,511010,sh,国债ETF国泰
2021-12-01,122.046,121.98,122.089,121.969,6891.0,511010,sh,国债ETF国泰
2021-12-02,122.01,121.914,122.01,121.91,1984.0,511010,sh,国债ETF国泰
2021-12-03,121.914,121.74,121.947,121.739,1130.0,511010,sh,国债ETF国泰
2021-12-06,121.799,121.991,122.055,121.799,3924.0,511010,sh,国债ETF国泰
2021-12-07,121.996,121.934,122.032,121.934,1855.0,511010,sh,国债ETF国泰
2021-12-08,121.934,121.965,121.983,121.934,596.0,511010,sh,国债ETF国泰
2021-12-09,121.968,121.92,122.008,121.899,1561.0,511010,sh,国债ETF国泰
2021-12-10,121.925,121.999,122.018,121.92,1132.0,511010,sh,国债ETF国泰
2021-12-13,121.999,121.995,122.031,121.973,918.0,511010,sh,国债ETF国泰
2021-12-14,121.998,122.192,122.387,121.998,6110.0,511010,sh,国债ETF国泰
2021-12-15,122.193,122.203,122.307,122.149,2090.0,511010,sh,国债ETF国泰
2021-12-16,122.253,122.164,122.253,122.155,667.0,511010,sh,国债ETF国泰
2021-12-17,122.164,122.34,122.349,122.164,1340.0,511010,sh,国债ETF国泰
2021-12-20,122.332,122.316,122.409,122.252,820.0,511010,sh,国债ETF国泰
2021-12-21,122.266,122.265,122.284,122.216,596.0,511010,sh,国债ETF国泰
2021-12-22,122.262,122.339,122.368,122.219,1766.0,511010,sh,国债ETF国泰
2021-12-23,122.346,122.369,122.449,122.29,694.0,511010,sh,国债ETF国泰
2021-12-24,122.321,122.36,122.523,122.321,1874.0,511010,sh,国债ETF国泰
2021-12-27,122.36,122.471,122.534,122.36,1528.0,511010,sh,国债ETF国泰
2021-12-28,122.44,122.531,122.549,122.421,359.0,511010,sh,国债ETF国泰
2021-12-29,122.481,122.562,122.64,122.481,1442.0,511010,sh,国债ETF国泰
2021-12-30,122.568,122.882,122.909,122.568,4845.0,511010,sh,国债ETF国泰
2021-12-31,122.88,122.989,123.07,122.872,1400.0,511010,sh,国债ETF国泰
2022-01-04,122.939,122.928,122.945,122.793,666.0,511010,sh,国债ETF国泰
2022-01-05,122.928,122.793,122.928,122.769,1186.0,511010,sh,国债ETF国泰
2022-01-06,122.793,122.724,122.793,122.673,819.0,511010,sh,国债ETF国泰
2022-01-07,122.724,122.734,122.773,122.716,1149.0,511010,sh,国债ETF国泰
2022-01-10,122.734,122.878,122.878,122.73,1695.0,511010,sh,国债ETF国泰
2022-01-11,122.878,123.05,123.127,122.87,1101.0,511010,sh,国债ETF国泰
2022-01-12,123.065,123.098,123.098,122.976,1044.0,511010,sh,国债ETF国泰
2022-01-13,123.09,123.083,123.109,122.964,586.0,511010,sh,国债ETF国泰
2022-01-14,123.083,123.379,123.379,123.083,1673.0,511010,sh,国债ETF国泰
2022-01-17,123.262,123.342,123.524,123.262,2276.0,511010,sh,国债ETF国泰
2022-01-18,123.36,123.708,123.741,123.346,2320.0,511010,sh,国债ETF国泰
2022-01-19,123.749,123.648,123.882,123.617,2956.0,511010,sh,国债ETF国泰
2022-01-20,123.665,123.626,123.674,123.579,2118.0,511010,sh,国债ETF国泰
2022-01-21,123.628,123.936,123.944,123.628,1980.0,511010,sh,国债ETF国泰
2022-01-24,123.976,124.385,124.509,123.976,2572.0,511010,sh,国债ETF国泰
2022-01-25,124.11,124.352,124.508,124.11,1948.0,511010,sh,国债ETF国泰
2022-01-26,124.303,123.769,124.352,123.697,7885.0,511010,sh,国债ETF国泰
2022-01-27,123.779,123.716,123.909,123.69,5093.0,511010,sh,国债ETF国泰
2022-01-28,123.725,123.974,123.979,123.716,6357.0,511010,sh,国债ETF国泰
2022-02-07,123.98,123.863,124.009,123.795,6386.0,511010,sh,国债ETF国泰
2022-02-08,123.87,124.014,124.064,123.863,5116.0,511010,sh,国债ETF国泰
2022-02-09,124.02,124.081,124.249,123.971,4104.0,511010,sh,国债ETF国泰
2022-02-10,124.068,124.197,124.207,124.031,4585.0,511010,sh,国债ETF国泰
2022-02-11,124.147,123.656,124.147,123.629,5706.0,511010,sh,国债ETF国泰
2022-02-14,123.635,123.545,123.69,123.544,4158.0,511010,sh,国债ETF国泰
2022-02-15,123.533,123.547,123.579,123.434,4269.0,511010,sh,国债ETF国泰
2022-02-16,123.543,123.644,123.662,123.501,3898.0,511010,sh,国债ETF国泰
2022-02-17,123.53,123.655,123.748,123.53,4145.0,511010,sh,国债ETF国泰
2022-02-18,123.6,123.577,123.704,123.535,6181.0,511010,sh,国债ETF国泰
2022-02-21,123.533,123.295,123.533,123.263,4070.0,511010,sh,国债ETF国泰
2022-02-22,123.243,123.226,123.316,123.169,5317.0,511010,sh,国债ETF国泰
2022-02-23,123.226,123.359,123.36,123.216,4491.0,511010,sh,国债ETF国泰
2022-02-24,123.335,123.403,123.461,123.335,4154.0,511010,sh,国债ETF国泰
2022-02-25,123.434,123.48,123.499,123.169,3836.0,511010,sh,国债ETF国泰
2022-02-28,123.48,123.523,123.608,123.431,3691.0,511010,sh,国债ETF国泰
2022-03-01,123.523,123.304,123.524,123.294,2712.0,511010,sh,国债ETF国泰
2022-03-02,123.307,123.247,123.307,123.202,4013.0,511010,sh,国债ETF国泰
2022-03-03,123.241,123.253,123.44,123.2,4075.0,511010,sh,国债ETF国泰
2022-03-04,123.205,123.193,123.289,123.142,5456.0,511010,sh,国债ETF国泰
2022-03-07,123.19,123.458,123.598,123.176,5724.0,511010,sh,国债ETF国泰
2022-03-08,123.46,123.585,123.649,123.456,4860.0,511010,sh,国债ETF国泰
2022-03-09,123.594,123.31,123.635,123.211,5101.0,511010,sh,国债ETF国泰
2022-03-10,123.265,123.362,123.58,123.265,4326.0,511010,sh,国债ETF国泰
2022-03-11,123.358,123.589,123.619,123.268,5250.0,511010,sh,国债ETF国泰
2022-03-14,123.592,123.95,123.96,123.592,7096.0,511010,sh,国债ETF国泰
2022-03-15,123.95,123.484,123.999,123.452,6132.0,511010,sh,国债ETF国泰
2022-03-16,123.88,123.42,123.88,123.301,5260.0,511010,sh,国债ETF国泰
2022-03-17,123.413,123.444,123.517,123.382,4233.0,511010,sh,国债ETF国泰
2022-03-18,123.444,123.615,123.67,123.444,5645.0,511010,sh,国债ETF国泰
2022-03-21,123.615,123.565,123.688,123.489,4131.0,511010,sh,国债ETF国泰
2022-03-22,123.516,123.42,123.516,123.37,4856.0,511010,sh,国债ETF国泰
2022-03-23,123.418,123.461,123.727,123.37,5213.0,511010,sh,国债ETF国泰
2022-03-24,123.452,123.565,123.68,123.4,4795.0,511010,sh,国债ETF国泰
2022-03-25,123.604,123.67,123.81,123.566,2856.0,511010,sh,国债ETF国泰
2022-03-28,123.72,123.675,123.86,123.666,5090.0,511010,sh,国债ETF国泰
2022-03-29,123.71,123.617,123.9,123.612,4707.0,511010,sh,国债ETF国泰
2022-03-30,123.617,123.587,123.707,123.569,4969.0,511010,sh,国债ETF国泰
2022-03-31,123.574,123.486,123.698,123.468,5483.0,511010,sh,国债ETF国泰
2022-04-01,123.486,123.644,123.676,123.486,3605.0,511010,sh,国债ETF国泰
2022-04-06,123.679,123.76,123.9,123.679,8062.0,511010,sh,国债ETF国泰
2022-04-07,123.76,123.905,123.999,123.76,7395.0,511010,sh,国债ETF国泰
2022-04-08,123.91,124.076,124.169,123.905,5497.0,511010,sh,国债ETF国泰
2022-04-11,124.076,123.82,124.157,123.798,6419.0,511010,sh,国债ETF国泰
2022-04-12,123.833,123.867,124.065,123.824,5575.0,511010,sh,国债ETF国泰
2022-04-13,123.867,123.904,123.996,123.772,6448.0,511010,sh,国债ETF国泰
2022-04-14,123.954,124.105,124.31,123.953,7667.0,511010,sh,国债ETF国泰
2022-04-15,124.105,123.993,124.178,123.963,3987.0,511010,sh,国债ETF国泰
2022-04-18,123.993,123.845,123.993,123.82,2977.0,511010,sh,国债ETF国泰
2022-04-19,123.86,123.894,123.969,123.846,5353.0,511010,sh,国债ETF国泰
2022-04-20,123.944,123.93,123.944,123.754,5294.0,511010,sh,国债ETF国泰
2022-04-21,123.93,123.82,123.959,123.815,6702.0,511010,sh,国债ETF国泰
2022-04-22,123.82,123.788,123.915,123.77,5282.0,511010,sh,国债ETF国泰
2022-04-25,123.788,123.795,123.911,123.773,4872.0,511010,sh,国债ETF国泰
2022-04-26,123.798,123.867,123.904,123.795,7470.0,511010,sh,国债ETF国泰
2022-04-27,123.857,123.826,123.913,123.81,8026.0,511010,sh,国债ETF国泰
2022-04-28,123.833,123.758,123.909,123.744,7428.0,511010,sh,国债ETF国泰
2022-04-29,123.758,123.889,123.908,123.738,10277.0,511010,sh,国债ETF国泰
2022-05-05,123.889,123.89,123.933,123.839,7518.0,511010,sh,国债ETF国泰
2022-05-06,123.89,123.795,124.089,123.71,9585.0,511010,sh,国债ETF国泰
2022-05-09,123.799,123.877,123.91,123.799,7827.0,511010,sh,国债ETF国泰
2022-05-10,123.909,124.139,124.159,123.878,7882.0,511010,sh,国债ETF国泰
2022-05-11,124.189,124.042,124.189,124.011,10141.0,511010,sh,国债ETF国泰
2022-05-12,124.011,124.11,124.261,123.996,9786.0,511010,sh,国债ETF国泰
2022-05-13,124.13,124.218,124.345,124.123,8846.0,511010,sh,国债ETF国泰
2022-05-16,124.168,124.203,124.266,124.161,9331.0,511010,sh,国债ETF国泰
2022-05-17,124.186,124.352,124.42,124.186,10403.0,511010,sh,国债ETF国泰
2022-05-18,124.38,124.55,124.655,124.308,10570.0,511010,sh,国债ETF国泰
2022-05-19,124.599,124.446,124.703,124.29,10157.0,511010,sh,国债ETF国泰
2022-05-20,124.41,124.377,124.57,124.284,9312.0,511010,sh,国债ETF国泰
2022-05-23,124.33,124.432,124.53,124.33,8506.0,511010,sh,国债ETF国泰
2022-05-24,124.431,124.494,124.78,124.391,10354.0,511010,sh,国债ETF国泰
2022-05-25,124.544,124.594,124.74,124.485,8826.0,511010,sh,国债ETF国泰
2022-05-26,124.644,124.826,124.854,124.638,9971.0,511010,sh,国债ETF国泰
2022-05-27,124.826,124.61,124.874,124.548,6802.0,511010,sh,国债ETF国泰
2022-05-30,124.561,124.46,124.659,124.436,10068.0,511010,sh,国债ETF国泰
2022-05-31,124.46,124.341,124.509,124.276,8451.0,511010,sh,国债ETF国泰
2022-06-01,124.315,124.305,124.449,124.226,12282.0,511010,sh,国债ETF国泰
2022-06-02,124.35,124.284,124.35,124.234,11282.0,511010,sh,国债ETF国泰
2022-06-06,124.284,124.325,124.34,124.254,10435.0,511010,sh,国债ETF国泰
2022-06-07,124.36,124.319,124.36,124.296,9755.0,511010,sh,国债ETF国泰
2022-06-08,124.31,124.289,124.349,124.269,9477.0,511010,sh,国债ETF国泰
2022-06-09,124.274,124.31,124.31,124.274,15360.0,511010,sh,国债ETF国泰
2022-06-10,124.314,124.264,124.389,124.22,9794.0,511010,sh,国债ETF国泰
2022-06-13,124.224,124.258,124.259,124.214,18676.0,511010,sh,国债ETF国泰
2022-06-14,124.252,124.197,124.252,124.13,14226.0,511010,sh,国债ETF国泰
2022-06-15,124.2,124.14,124.281,124.071,18154.0,511010,sh,国债ETF国泰
2022-06-16,124.181,124.135,124.252,124.09,14469.0,511010,sh,国债ETF国泰
2022-06-17,124.145,124.24,124.28,124.142,10360.0,511010,sh,国债ETF国泰
2022-06-20,124.24,124.224,124.243,124.147,18861.0,511010,sh,国债ETF国泰
2022-06-21,124.218,124.207,124.28,124.184,19802.0,511010,sh,国债ETF国泰
2022-06-22,124.24,124.302,124.339,124.234,20473.0,511010,sh,国债ETF国泰
2022-06-23,124.304,124.302,124.328,124.255,17851.0,511010,sh,国债ETF国泰
2022-06-24,124.306,124.309,124.384,124.235,18781.0,511010,sh,国债ETF国泰
2022-06-27,124.289,124.117,124.289,124.091,15933.0,511010,sh,国债ETF国泰
2022-06-28,124.1,124.132,124.309,124.1,18696.0,511010,sh,国债ETF国泰
2022-06-29,124.179,124.231,124.306,124.13,18280.0,511010,sh,国债ETF国泰
2022-06-30,124.186,124.235,124.34,124.145,18878.0,511010,sh,国债ETF国泰
2022-07-01,124.235,124.417,124.48,124.214,19107.0,511010,sh,国债ETF国泰
2022-07-04,124.417,124.196,124.45,124.142,18134.0,511010,sh,国债ETF国泰
2022-07-05,124.196,124.078,124.29,124.056,20128.0,511010,sh,国债ETF国泰
2022-07-06,124.075,124.115,124.175,124.075,18150.0,511010,sh,国债ETF国泰
2022-07-07,124.116,124.123,124.159,124.113,16991.0,511010,sh,国债ETF国泰
2022-07-08,124.157,124.066,124.157,124.054,15768.0,511010,sh,国债ETF国泰
2022-07-11,124.1,124.111,124.17,124.028,21185.0,511010,sh,国债ETF国泰
2022-07-12,124.162,124.187,124.21,124.13,18004.0,511010,sh,国债ETF国泰
2022-07-13,124.235,124.263,124.366,124.18,14529.0,511010,sh,国债ETF国泰
2022-07-14,124.313,124.362,124.368,124.263,17042.0,511010,sh,国债ETF国泰
2022-07-15,124.371,124.538,124.565,124.371,25101.0,511010,sh,国债ETF国泰
2022-07-18,124.527,124.449,124.55,124.33,24288.0,511010,sh,国债ETF国泰
2022-07-19,124.415,124.401,124.48,124.324,22267.0,511010,sh,国债ETF国泰
2022-07-20,124.355,124.452,124.46,124.351,25316.0,511010,sh,国债ETF国泰
2022-07-21,124.451,124.525,124.59,124.451,23721.0,511010,sh,国债ETF国泰
2022-07-22,124.525,124.618,124.646,124.482,20490.0,511010,sh,国债ETF国泰
2022-07-25,124.527,124.639,124.652,124.511,24852.0,511010,sh,国债ETF国泰
2022-07-26,124.686,124.767,124.87,124.615,24250.0,511010,sh,国债ETF国泰
2022-07-27,124.767,124.776,124.909,124.749,22543.0,511010,sh,国债ETF国泰
2022-07-28,124.781,124.75,124.885,124.727,23495.0,511010,sh,国债ETF国泰
2022-07-29,124.738,125.009,125.32,124.738,26313.0,511010,sh,国债ETF国泰
2022-08-01,125.009,125.204,125.208,124.981,19065.0,511010,sh,国债ETF国泰
2022-08-02,125.204,125.387,125.399,125.16,27242.0,511010,sh,国债ETF国泰
2022-08-03,125.378,125.343,125.402,125.236,28683.0,511010,sh,国债ETF国泰
2022-08-04,125.343,125.495,125.625,125.343,28363.0,511010,sh,国债ETF国泰
2022-08-05,125.495,125.305,125.495,125.3,25034.0,511010,sh,国债ETF国泰
2022-08-08,125.32,125.33,125.378,125.28,15164.0,511010,sh,国债ETF国泰
2022-08-09,125.33,125.244,125.408,125.219,22511.0,511010,sh,国债ETF国泰
2022-08-10,125.254,125.297,125.448,125.244,35008.0,511010,sh,国债ETF国泰
2022-08-11,125.304,125.262,125.36,125.227,20068.0,511010,sh,国债ETF国泰
2022-08-12,125.254,125.265,125.352,125.243,21984.0,511010,sh,国债ETF国泰
2022-08-15,125.315,125.715,128.51,125.315,26739.0,511010,sh,国债ETF国泰
2022-08-16,125.759,125.894,125.987,125.759,19516.0,511010,sh,国债ETF国泰
2022-08-17,125.893,125.924,125.943,125.844,30688.0,511010,sh,国债ETF国泰
2022-08-18,125.92,126.01,126.09,125.882,21631.0,511010,sh,国债ETF国泰
2022-08-19,126.01,126.099,126.131,125.971,28603.0,511010,sh,国债ETF国泰
2022-08-22,126.081,126.105,126.275,125.979,20172.0,511010,sh,国债ETF国泰
2022-08-23,126.083,126.015,126.194,126.015,18695.0,511010,sh,国债ETF国泰
2022-08-24,126.016,125.985,126.087,125.977,19789.0,511010,sh,国债ETF国泰
2022-08-25,126.032,125.901,126.049,125.9,26560.0,511010,sh,国债ETF国泰
2022-08-26,125.901,125.842,125.901,125.81,25405.0,511010,sh,国债ETF国泰
2022-08-29,125.845,125.85,125.967,125.74,17613.0,511010,sh,国债ETF国泰
2022-08-30,125.858,125.966,126.05,125.852,20117.0,511010,sh,国债ETF国泰
2022-08-31,125.974,126.018,126.035,125.932,30075.0,511010,sh,国债ETF国泰
2022-09-01,126.009,126.031,126.055,125.968,32015.0,511010,sh,国债ETF国泰
2022-09-02,126.04,126.185,126.277,126.022,31422.0,511010,sh,国债ETF国泰
2022-09-05,126.081,126.239,126.39,126.081,31597.0,511010,sh,国债ETF国泰
2022-09-06,126.259,126.195,126.375,126.167,27940.0,511010,sh,国债ETF国泰
2022-09-07,126.195,126.201,126.321,126.024,32553.0,511010,sh,国债ETF国泰
2022-09-08,126.189,126.153,126.215,126.071,31109.0,511010,sh,国债ETF国泰
2022-09-09,126.132,126.042,126.245,126.021,23555.0,511010,sh,国债ETF国泰
2022-09-13,126.005,125.936,126.04,125.911,12440.0,511010,sh,国债ETF国泰
2022-09-14,125.94,125.823,125.985,125.809,33422.0,511010,sh,国债ETF国泰
2022-09-15,125.824,125.818,125.91,125.776,31893.0,511010,sh,国债ETF国泰
2022-09-16,125.798,125.703,125.817,125.61,24105.0,511010,sh,国债ETF国泰
2022-09-19,125.661,125.718,125.81,125.656,13947.0,511010,sh,国债ETF国泰
2022-09-20,125.718,125.862,125.897,125.709,30717.0,511010,sh,国债ETF国泰
2022-09-21,125.881,125.888,125.968,125.834,27407.0,511010,sh,国债ETF国泰
2022-09-22,125.927,125.885,125.938,125.869,30746.0,511010,sh,国债ETF国泰
2022-09-23,125.84,125.758,125.881,125.73,31788.0,511010,sh,国债ETF国泰
2022-09-26,125.834,125.456,125.834,125.41,31614.0,511010,sh,国债ETF国泰
2022-09-27,125.408,125.458,125.51,125.223,23055.0,511010,sh,国债ETF国泰
2022-09-28,125.458,125.415,125.499,125.411,30719.0,511010,sh,国债ETF国泰
2022-09-29,125.366,125.194,125.451,125.163,31354.0,511010,sh,国债ETF国泰
2022-09-30,125.195,125.29,125.29,125.144,31806.0,511010,sh,国债ETF国泰
2022-10-10,125.28,125.5,125.54,125.28,23061.0,511010,sh,国债ETF国泰
2022-10-11,125.55,125.669,125.702,125.45,22298.0,511010,sh,国债ETF国泰
2022-10-12,125.669,125.581,125.712,125.365,32067.0,511010,sh,国债ETF国泰
2022-10-13,125.595,125.668,125.67,125.548,26592.0,511010,sh,国债ETF国泰
2022-10-14,125.668,125.96,126.407,125.629,34742.0,511010,sh,国债ETF国泰
2022-10-17,125.959,125.775,125.959,125.76,31835.0,511010,sh,国债ETF国泰
2022-10-18,125.777,125.756,125.815,125.638,35190.0,511010,sh,国债ETF国泰
2022-10-19,125.766,125.849,125.869,125.726,31138.0,511010,sh,国债ETF国泰
2022-10-20,125.85,125.759,125.87,125.726,31034.0,511010,sh,国债ETF国泰
2022-10-21,125.804,125.774,125.875,125.733,36384.0,511010,sh,国债ETF国泰
2022-10-24,125.774,125.885,125.953,125.75,27223.0,511010,sh,国债ETF国泰
2022-10-25,125.889,125.807,125.889,125.716,26622.0,511010,sh,国债ETF国泰
2022-10-26,125.807,125.813,125.887,125.757,33508.0,511010,sh,国债ETF国泰
2022-10-27,125.859,125.904,125.98,125.814,22981.0,511010,sh,国债ETF国泰
2022-10-28,125.91,126.085,126.135,125.91,24361.0,511010,sh,国债ETF国泰
2022-10-31,126.047,126.178,126.213,126.047,27150.0,511010,sh,国债ETF国泰
2022-11-01,126.228,126.047,126.228,126.01,16774.0,511010,sh,国债ETF国泰
2022-11-02,126.036,125.93,126.081,125.642,27185.0,511010,sh,国债ETF国泰
2022-11-03,125.93,126.047,126.086,125.9,22911.0,511010,sh,国债ETF国泰
2022-11-04,125.823,125.923,126.085,125.823,31681.0,511010,sh,国债ETF国泰
2022-11-07,125.973,125.922,125.974,125.918,43830.0,511010,sh,国债ETF国泰
2022-11-08,125.92,125.951,125.953,125.884,34086.0,511010,sh,国债ETF国泰
2022-11-09,125.923,126.02,126.055,125.923,6569.0,511010,sh,国债ETF国泰
2022-11-10,126.025,125.929,126.069,125.91,31894.0,511010,sh,国债ETF国泰
2022-11-11,125.911,125.677,125.978,125.552,24344.0,511010,sh,国债ETF国泰
2022-11-14,125.677,125.331,125.677,125.262,15152.0,511010,sh,国债ETF国泰
2022-11-15,125.281,125.19,125.281,125.019,32215.0,511010,sh,国债ETF国泰
2022-11-16,125.188,124.991,125.31,124.98,19734.0,511010,sh,国债ETF国泰
2022-11-17,124.991,125.15,125.155,124.94,34534.0,511010,sh,国债ETF国泰
2022-11-18,125.14,125.08,125.299,125.015,54753.0,511010,sh,国债ETF国泰
2022-11-21,125.097,125.319,125.37,125.097,27177.0,511010,sh,国债ETF国泰
2022-11-22,125.31,125.373,125.615,125.179,44123.0,511010,sh,国债ETF国泰
2022-11-23,125.365,125.593,125.693,125.365,40484.0,511010,sh,国债ETF国泰
2022-11-24,125.643,125.753,125.843,125.643,64315.0,511010,sh,国债ETF国泰
2022-11-25,125.754,125.51,125.802,125.51,46294.0,511010,sh,国债ETF国泰
2022-11-28,125.7,125.273,125.7,125.256,44704.0,511010,sh,国债ETF国泰
2022-11-29,125.26,124.924,125.272,124.822,16277.0,511010,sh,国债ETF国泰
2022-11-30,124.93,125.018,125.06,124.93,17332.0,511010,sh,国债ETF国泰
2022-12-01,124.968,125.092,125.129,124.823,54378.0,511010,sh,国债ETF国泰
2022-12-02,125.141,125.131,125.185,125.096,50966.0,511010,sh,国债ETF国泰
2022-12-05,125.092,125.074,125.153,125.042,67647.0,511010,sh,国债ETF国泰
2022-12-06,125.025,124.941,125.072,124.916,95077.0,511010,sh,国债ETF国泰
2022-12-07,124.972,124.865,124.979,124.857,30263.0,511010,sh,国债ETF国泰
2022-12-08,124.873,125.051,125.128,124.873,54384.0,511010,sh,国债ETF国泰
2022-12-09,125.025,124.941,125.12,124.911,46866.0,511010,sh,国债ETF国泰
2022-12-12,124.966,124.962,124.99,124.927,78992.0,511010,sh,国债ETF国泰
2022-12-13,124.974,124.665,124.975,124.63,71261.0,511010,sh,国债ETF国泰
2022-12-14,124.665,124.93,124.98,124.665,22518.0,511010,sh,国债ETF国泰
2022-12-15,124.966,125.011,125.09,124.92,25463.0,511010,sh,国债ETF国泰
2022-12-16,124.963,124.979,125.059,124.91,24714.0,511010,sh,国债ETF国泰
2022-12-19,125.029,125.167,125.21,125.029,30428.0,511010,sh,国债ETF国泰
2022-12-20,125.18,125.179,125.279,125.171,43231.0,511010,sh,国债ETF国泰
2022-12-21,125.179,125.109,125.179,125.009,24450.0,511010,sh,国债ETF国泰
2022-12-22,125.109,125.15,125.171,125.109,27380.0,511010,sh,国债ETF国泰
2022-12-23,125.159,125.188,125.199,125.143,53922.0,511010,sh,国债ETF国泰
2022-12-26,125.19,125.137,125.238,125.094,28208.0,511010,sh,国债ETF国泰
2022-12-27,125.136,125.151,125.305,125.12,30010.0,511010,sh,国债ETF国泰
2022-12-28,125.2,125.336,125.344,125.16,23895.0,511010,sh,国债ETF国泰
2022-12-29,125.336,125.407,125.464,125.31,41049.0,511010,sh,国债ETF国泰
2022-12-30,125.457,125.614,125.802,125.41,2179.0,511010,sh,国债ETF国泰
2023-01-03,125.664,125.577,125.725,125.566,64776.0,511010,sh,国债ETF国泰
2023-01-04,125.564,125.798,125.9,125.541,29465.0,511010,sh,国债ETF国泰
2023-01-05,125.798,125.731,125.843,125.706,35761.0,511010,sh,国债ETF国泰
2023-01-06,125.781,125.467,125.781,125.461,31533.0,511010,sh,国债ETF国泰
2023-01-09,125.466,125.47,125.529,125.454,27688.0,511010,sh,国债ETF国泰
2023-01-10,125.467,125.395,125.483,125.365,34059.0,511010,sh,国债ETF国泰
2023-01-11,125.395,125.26,125.395,125.228,34832.0,511010,sh,国债ETF国泰
2023-01-12,125.248,125.295,125.331,125.248,43170.0,511010,sh,国债ETF国泰
2023-01-13,125.33,125.323,125.344,125.245,55751.0,511010,sh,国债ETF国泰
2023-01-16,125.296,125.22,125.297,125.19,16720.0,511010,sh,国债ETF国泰
2023-01-17,125.22,125.229,125.242,125.201,34600.0,511010,sh,国债ETF国泰
2023-01-18,125.241,125.21,125.32,125.18,43955.0,511010,sh,国债ETF国泰
2023-01-19,125.21,125.239,125.24,125.18,49355.0,511010,sh,国债ETF国泰
2023-01-20,125.288,125.364,125.367,125.241,4361.0,511010,sh,国债ETF国泰
2023-01-30,125.364,125.364,125.404,125.301,44877.0,511010,sh,国债ETF国泰
2023-01-31,125.364,125.348,125.416,125.24,37368.0,511010,sh,国债ETF国泰
2023-02-01,125.351,125.397,125.434,125.341,33848.0,511010,sh,国债ETF国泰
2023-02-02,125.397,125.482,125.497,125.378,23496.0,511010,sh,国债ETF国泰
2023-02-03,125.482,125.528,125.55,125.482,34394.0,511010,sh,国债ETF国泰
2023-02-06,125.529,125.466,125.577,125.411,21820.0,511010,sh,国债ETF国泰
2023-02-07,125.478,125.485,125.493,125.437,49729.0,511010,sh,国债ETF国泰
2023-02-08,125.509,125.528,125.57,125.485,77599.0,511010,sh,国债ETF国泰
2023-02-09,125.53,125.538,125.56,125.497,58704.0,511010,sh,国债ETF国泰
2023-02-10,125.539,125.589,125.594,125.539,44569.0,511010,sh,国债ETF国泰
2023-02-13,125.609,125.599,125.638,125.589,34659.0,511010,sh,国债ETF国泰
2023-02-14,125.591,125.603,125.627,125.556,87311.0,511010,sh,国债ETF国泰
2023-02-15,125.607,125.609,125.652,125.563,52530.0,511010,sh,国债ETF国泰
2023-02-16,125.61,125.597,125.65,125.559,15263.0,511010,sh,国债ETF国泰
2023-02-17,125.61,125.612,125.644,125.566,34858.0,511010,sh,国债ETF国泰
2023-02-20,125.654,125.518,125.662,125.51,30785.0,511010,sh,国债ETF国泰
2023-02-21,125.518,125.477,125.518,125.468,47602.0,511010,sh,国债ETF国泰
2023-02-22,125.486,125.502,125.559,125.486,13636.0,511010,sh,国债ETF国泰
2023-02-23,125.501,125.5,125.54,125.49,36937.0,511010,sh,国债ETF国泰
2023-02-24,125.548,125.503,125.548,125.5,23678.0,511010,sh,国债ETF国泰
2023-02-27,125.503,125.482,125.542,125.431,24690.0,511010,sh,国债ETF国泰
2023-02-28,125.531,125.464,125.531,125.433,37093.0,511010,sh,国债ETF国泰
2023-03-01,125.466,125.473,125.501,125.466,62552.0,511010,sh,国债ETF国泰
2023-03-02,125.487,125.501,125.521,125.47,5544.0,511010,sh,国债ETF国泰
2023-03-03,125.5,125.484,125.511,125.463,18943.0,511010,sh,国债ETF国泰
2023-03-06,125.471,125.573,125.578,125.471,23218.0,511010,sh,国债ETF国泰
2023-03-07,125.573,125.673,125.679,125.566,5842.0,511010,sh,国债ETF国泰
2023-03-08,125.676,125.742,125.773,125.628,18116.0,511010,sh,国债ETF国泰
2023-03-09,125.745,125.761,125.779,125.745,17066.0,511010,sh,国债ETF国泰
2023-03-10,125.771,125.81,125.852,125.74,30005.0,511010,sh,国债ETF国泰
2023-03-13,125.768,125.805,125.856,125.768,18028.0,511010,sh,国债ETF国泰
2023-03-14,125.805,125.848,125.867,125.782,33108.0,511010,sh,国债ETF国泰
2023-03-15,125.816,125.817,125.848,125.806,21349.0,511010,sh,国债ETF国泰
2023-03-16,125.822,125.876,125.885,125.822,21689.0,511010,sh,国债ETF国泰
2023-03-17,125.852,125.946,125.977,125.827,23759.0,511010,sh,国债ETF国泰
2023-03-20,125.996,126.031,126.074,125.91,29706.0,511010,sh,国债ETF国泰
2023-03-21,126.081,125.969,126.081,125.91,25054.0,511010,sh,国债ETF国泰
2023-03-22,125.938,125.963,126.01,125.863,32170.0,511010,sh,国债ETF国泰
2023-03-23,125.922,125.937,126.004,125.917,30417.0,511010,sh,国债ETF国泰
2023-03-24,125.917,125.883,125.979,125.86,38251.0,511010,sh,国债ETF国泰
2023-03-27,125.883,125.893,125.925,125.794,10455.0,511010,sh,国债ETF国泰
2023-03-28,125.895,125.917,125.939,125.895,19520.0,511010,sh,国债ETF国泰
2023-03-29,125.959,125.945,125.967,125.878,44493.0,511010,sh,国债ETF国泰
2023-03-30,125.91,125.98,126.02,125.91,18134.0,511010,sh,国债ETF国泰
2023-03-31,126.03,125.99,126.06,125.98,33838.0,511010,sh,国债ETF国泰
2023-04-03,125.991,125.98,126.04,125.961,66325.0,511010,sh,国债ETF国泰
2023-04-04,125.96,126.024,126.024,125.931,40258.0,511010,sh,国债ETF国泰
2023-04-06,126.02,126.064,126.07,126.009,38497.0,511010,sh,国债ETF国泰
2023-04-07,126.048,126.097,126.1,126.036,37441.0,511010,sh,国债ETF国泰
2023-04-10,126.097,126.207,126.29,126.084,25760.0,511010,sh,国债ETF国泰
2023-04-11,126.207,126.252,126.385,126.158,38753.0,511010,sh,国债ETF国泰
2023-04-12,126.251,126.285,126.302,126.251,16850.0,511010,sh,国债ETF国泰
2023-04-13,126.285,126.256,126.335,126.235,30850.0,511010,sh,国债ETF国泰
2023-04-14,126.276,126.221,126.276,126.207,20276.0,511010,sh,国债ETF国泰
2023-04-17,126.22,126.193,126.255,126.174,29356.0,511010,sh,国债ETF国泰
2023-04-18,126.184,126.246,126.253,126.179,45828.0,511010,sh,国债ETF国泰
2023-04-19,126.245,126.322,126.416,126.245,17699.0,511010,sh,国债ETF国泰
2023-04-20,126.311,126.302,126.333,126.232,28781.0,511010,sh,国债ETF国泰
2023-04-21,126.302,126.361,126.367,126.302,24726.0,511010,sh,国债ETF国泰
2023-04-24,126.359,126.394,126.485,126.348,35063.0,511010,sh,国债ETF国泰
2023-04-25,126.396,126.404,126.444,126.372,31477.0,511010,sh,国债ETF国泰
2023-04-26,126.404,126.405,126.439,126.374,28067.0,511010,sh,国债ETF国泰
2023-04-27,126.42,126.588,126.6,126.42,20789.0,511010,sh,国债ETF国泰
2023-04-28,126.602,126.645,126.68,126.543,24639.0,511010,sh,国债ETF国泰
2023-05-04,126.695,126.757,126.795,126.646,19461.0,511010,sh,国债ETF国泰
2023-05-05,126.757,126.989,127.022,126.708,24226.0,511010,sh,国债ETF国泰
2023-05-08,126.985,126.925,127.02,126.883,7382.0,511010,sh,国债ETF国泰
2023-05-09,126.973,126.973,127.08,126.911,20516.0,511010,sh,国债ETF国泰
2023-05-10,126.977,127.143,127.15,126.977,25766.0,511010,sh,国债ETF国泰
2023-05-11,127.26,127.321,127.408,127.195,33491.0,511010,sh,国债ETF国泰
2023-05-12,127.319,127.25,127.39,127.213,13655.0,511010,sh,国债ETF国泰
2023-05-15,127.259,127.32,127.442,127.259,15318.0,511010,sh,国债ETF国泰
2023-05-16,127.318,127.25,127.32,127.23,23216.0,511010,sh,国债ETF国泰
2023-05-17,127.257,127.238,127.296,127.202,34685.0,511010,sh,国债ETF国泰
2023-05-18,127.238,127.198,127.238,127.037,29491.0,511010,sh,国债ETF国泰
2023-05-19,127.183,127.284,127.29,127.158,13746.0,511010,sh,国债ETF国泰
2023-05-22,127.286,127.445,127.451,127.285,40847.0,511010,sh,国债ETF国泰
2023-05-23,127.48,127.77,127.811,127.446,24308.0,511010,sh,国债ETF国泰
2023-05-24,127.81,127.693,127.811,127.592,34021.0,511010,sh,国债ETF国泰
2023-05-25,127.696,127.53,127.696,127.489,32659.0,511010,sh,国债ETF国泰
2023-05-26,127.57,127.524,127.659,127.51,47512.0,511010,sh,国债ETF国泰
2023-05-29,127.478,127.554,127.596,127.31,23610.0,511010,sh,国债ETF国泰
2023-05-30,127.57,127.66,127.7,127.57,33462.0,511010,sh,国债ETF国泰
2023-05-31,127.66,127.728,127.811,127.66,37618.0,511010,sh,国债ETF国泰
2023-06-01,127.682,127.836,127.858,127.682,28477.0,511010,sh,国债ETF国泰
2023-06-02,127.851,127.658,127.865,127.586,32985.0,511010,sh,国债ETF国泰
2023-06-05,127.61,127.789,127.809,127.61,8265.0,511010,sh,国债ETF国泰
2023-06-06,127.789,127.838,127.857,127.789,23186.0,511010,sh,国债ETF国泰
2023-06-07,127.886,127.963,127.967,127.844,32481.0,511010,sh,国债ETF国泰
2023-06-08,127.963,127.903,127.97,127.86,28282.0,511010,sh,国债ETF国泰
2023-06-09,127.862,127.98,128.028,127.862,13942.0,511010,sh,国债ETF国泰
2023-06-12,128.007,128.054,128.069,127.962,33844.0,511010,sh,国债ETF国泰
2023-06-13,128.055,128.2,128.239,128.055,31430.0,511010,sh,国债ETF国泰
2023-06-14,128.203,128.295,128.329,128.203,34686.0,511010,sh,国债ETF国泰
2023-06-15,128.29,127.947,128.294,123.29,23959.0,511010,sh,国债ETF国泰
2023-06-16,127.848,127.668,128.015,127.561,26094.0,511010,sh,国债ETF国泰
2023-06-19,127.692,127.706,127.807,127.669,14489.0,511010,sh,国债ETF国泰
2023-06-20,127.656,127.732,127.755,127.656,23121.0,511010,sh,国债ETF国泰
2023-06-21,127.74,127.87,127.873,127.74,8069.0,511010,sh,国债ETF国泰
2023-06-26,127.877,127.949,127.952,127.877,17688.0,511010,sh,国债ETF国泰
2023-06-27,127.949,127.873,127.96,127.779,18489.0,511010,sh,国债ETF国泰
2023-06-28,127.871,127.895,127.915,127.871,18874.0,511010,sh,国债ETF国泰
2023-06-29,127.898,127.861,127.937,127.861,24742.0,511010,sh,国债ETF国泰
2023-06-30,127.91,128.039,128.042,127.902,17665.0,511010,sh,国债ETF国泰
2023-07-03,128.089,128.099,128.155,128.011,33780.0,511010,sh,国债ETF国泰
2023-07-04,128.099,128.077,128.216,128.05,1938.0,511010,sh,国债ETF国泰
2023-07-05,128.081,128.266,128.268,128.081,2447.0,511010,sh,国债ETF国泰
2023-07-06,128.275,128.309,128.357,128.216,7248.0,511010,sh,国债ETF国泰
2023-07-07,128.277,128.322,128.358,128.277,12351.0,511010,sh,国债ETF国泰
2023-07-10,128.321,128.314,128.35,128.221,38836.0,511010,sh,国债ETF国泰
2023-07-11,128.309,128.33,128.363,128.309,15704.0,511010,sh,国债ETF国泰
2023-07-12,128.334,128.327,128.348,128.281,27915.0,511010,sh,国债ETF国泰
2023-07-13,128.318,128.309,128.337,128.277,22041.0,511010,sh,国债ETF国泰
2023-07-14,128.311,128.268,128.311,128.221,38272.0,511010,sh,国债ETF国泰
2023-07-17,128.268,128.36,128.379,128.268,19564.0,511010,sh,国债ETF国泰
2023-07-18,128.364,128.442,128.468,128.364,18657.0,511010,sh,国债ETF国泰
2023-07-19,128.452,128.476,128.568,128.442,26977.0,511010,sh,国债ETF国泰
2023-07-20,128.476,128.473,128.476,128.428,18669.0,511010,sh,国债ETF国泰
2023-07-21,128.522,128.606,128.608,128.473,20426.0,511010,sh,国债ETF国泰
2023-07-24,128.579,128.642,128.696,128.559,19778.0,511010,sh,国债ETF国泰
2023-07-25,128.492,128.311,128.492,128.31,32774.0,511010,sh,国债ETF国泰
2023-07-26,128.31,128.335,128.338,128.11,49935.0,511010,sh,国债ETF国泰
2023-07-27,128.348,128.447,128.456,128.345,29896.0,511010,sh,国债ETF国泰
2023-07-28,128.43,128.356,128.508,128.29,40530.0,511010,sh,国债ETF国泰
2023-07-31,128.346,128.237,128.346,128.011,38139.0,511010,sh,国债ETF国泰
2023-08-01,128.24,128.331,128.39,128.24,38412.0,511010,sh,国债ETF国泰
2023-08-02,128.332,128.336,128.381,128.327,35022.0,511010,sh,国债ETF国泰
2023-08-03,128.34,128.393,128.409,128.34,28023.0,511010,sh,国债ETF国泰
2023-08-04,128.393,128.437,128.543,128.344,8637.0,511010,sh,国债ETF国泰
2023-08-07,128.487,128.493,128.506,128.469,31109.0,511010,sh,国债ETF国泰
2023-08-08,128.496,128.52,128.529,128.486,23325.0,511010,sh,国债ETF国泰
2023-08-09,128.57,128.545,128.57,128.47,25941.0,511010,sh,国债ETF国泰
2023-08-10,128.536,128.494,128.56,128.473,28507.0,511010,sh,国债ETF国泰
2023-08-11,128.494,128.532,128.551,128.494,32870.0,511010,sh,国债ETF国泰
2023-08-14,128.547,128.598,128.631,128.547,32210.0,511010,sh,国债ETF国泰
2023-08-15,128.598,128.871,128.989,128.598,18317.0,511010,sh,国债ETF国泰
2023-08-16,128.89,128.942,129.01,128.89,40170.0,511010,sh,国债ETF国泰
2023-08-17,128.962,128.9,128.988,128.821,50072.0,511010,sh,国债ETF国泰
2023-08-18,128.9,128.967,128.992,128.855,33130.0,511010,sh,国债ETF国泰
2023-08-21,128.983,129.088,129.104,128.983,32990.0,511010,sh,国债ETF国泰
2023-08-22,129.088,129.014,129.125,128.81,35735.0,511010,sh,国债ETF国泰
2023-08-23,129.016,129.001,129.057,128.978,32232.0,511010,sh,国债ETF国泰
2023-08-24,128.971,128.97,129.031,128.944,34923.0,511010,sh,国债ETF国泰
2023-08-25,128.977,128.907,129.02,128.895,26396.0,511010,sh,国债ETF国泰
2023-08-28,128.685,128.742,128.782,127.365,36151.0,511010,sh,国债ETF国泰
2023-08-29,128.761,128.58,128.89,128.539,27171.0,511010,sh,国债ETF国泰
2023-08-30,128.531,128.833,128.903,128.52,37123.0,511010,sh,国债ETF国泰
2023-08-31,128.835,128.859,128.895,128.825,29511.0,511010,sh,国债ETF国泰
2023-09-01,128.815,128.718,128.82,128.709,29137.0,511010,sh,国债ETF国泰
2023-09-04,128.64,128.398,128.64,128.301,26614.0,511010,sh,国债ETF国泰
2023-09-05,128.475,128.493,128.507,128.421,34148.0,511010,sh,国债ETF国泰
2023-09-06,128.499,128.393,128.554,128.363,45076.0,511010,sh,国债ETF国泰
2023-09-07,128.391,128.232,128.391,128.215,27480.0,511010,sh,国债ETF国泰
2023-09-08,128.285,128.337,128.359,128.272,29664.0,511010,sh,国债ETF国泰
2023-09-11,128.337,128.337,128.394,128.282,28002.0,511010,sh,国债ETF国泰
2023-09-12,128.337,128.36,128.428,128.329,17140.0,511010,sh,国债ETF国泰
2023-09-13,128.398,128.494,128.545,128.38,35354.0,511010,sh,国债ETF国泰
2023-09-14,128.46,128.561,128.587,128.46,38508.0,511010,sh,国债ETF国泰
2023-09-15,128.56,128.495,128.58,128.476,25571.0,511010,sh,国债ETF国泰
2023-09-18,128.445,128.353,128.445,128.31,29555.0,511010,sh,国债ETF国泰
2023-09-19,128.382,128.338,128.382,128.323,25879.0,511010,sh,国债ETF国泰
2023-09-20,128.338,128.286,128.349,128.275,22783.0,511010,sh,国债ETF国泰
2023-09-21,128.286,128.383,128.405,128.237,26749.0,511010,sh,国债ETF国泰
2023-09-22,128.383,128.288,128.41,128.278,26261.0,511010,sh,国债ETF国泰
2023-09-25,128.287,128.261,128.41,128.259,31232.0,511010,sh,国债ETF国泰
2023-09-26,128.214,128.112,128.273,128.077,33886.0,511010,sh,国债ETF国泰
2023-09-27,128.113,127.814,128.159,127.811,3745.0,511010,sh,国债ETF国泰
2023-09-28,128.162,128.392,128.47,128.1,27356.0,511010,sh,国债ETF国泰
2023-10-09,128.393,128.503,128.559,128.374,23688.0,511010,sh,国债ETF国泰
2023-10-10,128.466,128.409,128.519,128.403,27877.0,511010,sh,国债ETF国泰
2023-10-11,128.37,128.169,128.392,128.12,23312.0,511010,sh,国债ETF国泰
2023-10-12,128.119,128.15,128.19,127.97,34944.0,511010,sh,国债ETF国泰
2023-10-13,128.154,128.259,128.287,128.154,25687.0,511010,sh,国债ETF国泰
2023-10-16,128.309,128.273,128.41,128.251,47490.0,511010,sh,国债ETF国泰
2023-10-17,128.243,128.208,128.247,128.176,40160.0,511010,sh,国债ETF国泰
2023-10-18,128.208,128.183,128.233,128.167,28848.0,511010,sh,国债ETF国泰
2023-10-19,128.137,127.948,128.163,126.736,42310.0,511010,sh,国债ETF国泰
2023-10-20,127.948,128.05,128.089,127.948,29304.0,511010,sh,国债ETF国泰
2023-10-23,128.11,128.172,128.185,128.108,35683.0,511010,sh,国债ETF国泰
2023-10-24,128.142,128.11,128.157,128.054,27500.0,511010,sh,国债ETF国泰
2023-10-25,128.111,128.264,128.289,128.042,19847.0,511010,sh,国债ETF国泰
2023-10-26,128.266,128.42,128.431,128.266,28836.0,511010,sh,国债ETF国泰
2023-10-27,128.42,128.36,128.485,128.343,27313.0,511010,sh,国债ETF国泰
2023-10-30,128.357,128.536,128.579,128.357,26887.0,511010,sh,国债ETF国泰
2023-10-31,128.511,128.576,128.633,128.511,27278.0,511010,sh,国债ETF国泰
2023-11-01,128.66,128.603,128.66,128.561,27528.0,511010,sh,国债ETF国泰
2023-11-02,128.606,128.701,128.713,128.593,27548.0,511010,sh,国债ETF国泰
2023-11-03,128.691,128.692,128.802,128.615,29496.0,511010,sh,国债ETF国泰
2023-11-06,128.69,128.655,128.69,128.601,29974.0,511010,sh,国债ETF国泰
2023-11-07,128.655,128.69,128.72,128.655,29705.0,511010,sh,国债ETF国泰
2023-11-08,128.705,128.703,128.705,128.613,28572.0,511010,sh,国债ETF国泰
2023-11-09,128.748,128.71,128.775,128.681,39085.0,511010,sh,国债ETF国泰
2023-11-10,128.711,128.715,128.748,128.673,28517.0,511010,sh,国债ETF国泰
2023-11-13,128.714,128.873,128.944,128.678,46505.0,511010,sh,国债ETF国泰
2023-11-14,128.871,128.862,128.871,128.766,29665.0,511010,sh,国债ETF国泰
2023-11-15,128.862,128.859,128.877,128.816,31885.0,511010,sh,国债ETF国泰
2023-11-16,128.84,128.935,128.955,128.84,27902.0,511010,sh,国债ETF国泰
2023-11-17,128.936,128.947,128.98,128.882,28266.0,511010,sh,国债ETF国泰
2023-11-20,128.976,128.877,128.976,128.865,33507.0,511010,sh,国债ETF国泰
2023-11-21,128.845,128.816,128.86,128.774,27321.0,511010,sh,国债ETF国泰
2023-11-22,128.816,128.665,128.816,128.641,28070.0,511010,sh,国债ETF国泰
2023-11-23,128.68,128.5,128.68,128.44,27811.0,511010,sh,国债ETF国泰
2023-11-24,128.548,128.596,128.689,128.52,26883.0,511010,sh,国债ETF国泰
2023-11-27,128.55,128.577,128.65,128.515,30525.0,511010,sh,国债ETF国泰
2023-11-28,128.58,128.565,128.736,128.51,36535.0,511010,sh,国债ETF国泰
2023-11-29,128.566,128.517,128.585,128.511,43993.0,511010,sh,国债ETF国泰
2023-11-30,128.53,128.611,128.652,128.52,31820.0,511010,sh,国债ETF国泰
2023-12-01,128.661,128.71,128.81,128.655,46148.0,511010,sh,国债ETF国泰
2023-12-04,128.71,128.615,128.769,128.604,44993.0,511010,sh,国债ETF国泰
2023-12-05,128.617,128.601,128.634,128.577,22145.0,511010,sh,国债ETF国泰
2023-12-06,128.601,128.583,128.634,128.553,34370.0,511010,sh,国债ETF国泰
2023-12-07,128.583,128.654,128.662,128.565,34286.0,511010,sh,国债ETF国泰
2023-12-08,128.749,128.72,128.778,128.698,32707.0,511010,sh,国债ETF国泰
2023-12-11,128.775,128.905,128.941,128.775,30451.0,511010,sh,国债ETF国泰
2023-12-12,128.905,128.893,128.943,128.864,33835.0,511010,sh,国债ETF国泰
2023-12-13,128.911,129.075,129.124,128.911,22260.0,511010,sh,国债ETF国泰
2023-12-14,129.081,128.951,129.081,128.93,18697.0,511010,sh,国债ETF国泰
2023-12-15,128.979,129.068,129.083,128.962,33805.0,511010,sh,国债ETF国泰
2023-12-18,129.084,129.175,129.21,129.084,32852.0,511010,sh,国债ETF国泰
2023-12-19,129.182,129.162,129.192,129.14,34199.0,511010,sh,国债ETF国泰
2023-12-20,129.164,129.071,129.209,129.063,33343.0,511010,sh,国债ETF国泰
2023-12-21,129.073,129.12,129.149,129.031,29682.0,511010,sh,国债ETF国泰
2023-12-22,129.211,129.297,129.327,129.173,14535.0,511010,sh,国债ETF国泰
2023-12-25,129.347,129.405,129.439,129.296,10951.0,511010,sh,国债ETF国泰
2023-12-26,129.41,129.507,129.625,129.377,19286.0,511010,sh,国债ETF国泰
2023-12-27,129.569,129.636,129.669,129.569,31812.0,511010,sh,国债ETF国泰
2023-12-28,129.689,129.755,129.91,129.617,7875.0,511010,sh,国债ETF国泰
2023-12-29,129.772,129.873,129.897,129.772,26287.0,511010,sh,国债ETF国泰
2024-01-02,129.874,129.762,129.874,129.54,31664.0,511010,sh,国债ETF国泰
2024-01-03,129.725,129.727,129.757,129.665,41739.0,511010,sh,国债ETF国泰
2024-01-04,129.715,129.83,129.904,129.681,4005.0,511010,sh,国债ETF国泰
2024-01-05,129.828,129.967,130.102,129.793,3307.0,511010,sh,国债ETF国泰
2024-01-08,129.954,129.933,130.209,129.87,30614.0,511010,sh,国债ETF国泰
2024-01-09,129.932,129.954,129.996,129.92,29256.0,511010,sh,国债ETF国泰
2024-01-10,129.979,129.937,129.997,129.906,22250.0,511010,sh,国债ETF国泰
2024-01-11,129.938,129.97,129.986,129.879,27339.0,511010,sh,国债ETF国泰
2024-01-12,130.009,129.927,130.009,129.764,26873.0,511010,sh,国债ETF国泰
2024-01-15,129.927,129.883,129.966,129.877,61964.0,511010,sh,国债ETF国泰
2024-01-16,129.841,129.792,129.869,129.79,46331.0,511010,sh,国债ETF国泰
2024-01-17,129.774,129.889,129.889,129.774,42925.0,511010,sh,国债ETF国泰
2024-01-18,129.925,129.86,130.067,129.844,42701.0,511010,sh,国债ETF国泰
2024-01-19,129.95,130.085,130.085,129.95,50477.0,511010,sh,国债ETF国泰
2024-01-22,130.087,130.147,130.21,130.058,30624.0,511010,sh,国债ETF国泰
2024-01-23,130.147,130.069,130.147,130.012,31376.0,511010,sh,国债ETF国泰
2024-01-24,130.021,130.022,130.108,130.006,14214.0,511010,sh,国债ETF国泰
2024-01-25,130.074,130.192,130.231,130.074,16875.0,511010,sh,国债ETF国泰
2024-01-26,130.26,130.285,130.357,130.257,40995.0,511010,sh,国债ETF国泰
2024-01-29,130.285,130.331,130.335,130.264,30873.0,511010,sh,国债ETF国泰
2024-01-30,130.526,130.677,130.818,130.428,36493.0,511010,sh,国债ETF国泰
2024-01-31,130.78,130.71,130.9,130.628,25205.0,511010,sh,国债ETF国泰
2024-02-01,130.63,130.588,130.687,130.454,34043.0,511010,sh,国债ETF国泰
2024-02-02,130.573,130.576,130.6,130.541,40738.0,511010,sh,国债ETF国泰
2024-02-05,130.832,130.734,130.9,130.679,34413.0,511010,sh,国债ETF国泰
2024-02-06,130.655,130.533,130.68,130.48,42677.0,511010,sh,国债ETF国泰
2024-02-07,130.479,130.471,130.74,130.255,15312.0,511010,sh,国债ETF国泰
2024-02-08,130.705,130.71,130.71,130.512,25645.0,511010,sh,国债ETF国泰
2024-02-19,130.629,130.67,130.688,130.536,38908.0,511010,sh,国债ETF国泰
2024-02-20,130.658,130.712,130.73,130.64,35983.0,511010,sh,国债ETF国泰
2024-02-21,130.762,130.795,130.937,130.67,29469.0,511010,sh,国债ETF国泰
2024-02-22,130.795,130.853,130.867,130.741,26980.0,511010,sh,国债ETF国泰
2024-02-23,130.99,131.019,131.088,130.897,36790.0,511010,sh,国债ETF国泰
2024-02-26,131.009,131.031,131.076,130.92,25915.0,511010,sh,国债ETF国泰
2024-02-27,131.061,131.069,131.122,131.038,28539.0,511010,sh,国债ETF国泰
2024-02-28,131.035,131.08,131.107,131.008,25255.0,511010,sh,国债ETF国泰
2024-02-29,131.091,131.131,131.149,131.09,54219.0,511010,sh,国债ETF国泰
2024-03-01,131.11,131.05,131.134,131.04,52223.0,511010,sh,国债ETF国泰
2024-03-04,131.017,131.055,131.076,130.935,43927.0,511010,sh,国债ETF国泰
2024-03-05,131.037,131.06,131.088,131.011,41925.0,511010,sh,国债ETF国泰
2024-03-06,131.15,131.24,131.244,131.09,37172.0,511010,sh,国债ETF国泰
2024-03-07,131.465,131.356,131.465,131.252,37630.0,511010,sh,国债ETF国泰
2024-03-08,131.354,131.303,131.383,131.23,43724.0,511010,sh,国债ETF国泰
2024-03-11,131.206,131.218,131.302,131.181,42286.0,511010,sh,国债ETF国泰
2024-03-12,131.118,131.091,131.17,131.018,41780.0,511010,sh,国债ETF国泰
2024-03-13,130.979,131.054,131.065,130.884,39384.0,511010,sh,国债ETF国泰
2024-03-14,131.023,130.981,131.023,130.923,34673.0,511010,sh,国债ETF国泰
2024-03-15,131.009,131.064,131.113,131.002,41887.0,511010,sh,国债ETF国泰
2024-03-18,131.054,131.187,131.19,131.044,41509.0,511010,sh,国债ETF国泰
2024-03-19,131.19,131.293,131.302,131.19,34378.0,511010,sh,国债ETF国泰
2024-03-20,131.287,131.269,131.304,131.244,67407.0,511010,sh,国债ETF国泰
2024-03-21,131.219,131.293,131.301,131.134,35896.0,511010,sh,国债ETF国泰
2024-03-22,131.35,131.326,131.41,131.293,38493.0,511010,sh,国债ETF国泰
2024-03-25,131.19,131.262,131.286,131.168,41118.0,511010,sh,国债ETF国泰
2024-03-26,131.215,131.247,131.254,131.208,31516.0,511010,sh,国债ETF国泰
2024-03-27,131.242,131.301,131.322,131.231,40304.0,511010,sh,国债ETF国泰
2024-03-28,131.358,131.285,131.358,131.266,2827.0,511010,sh,国债ETF国泰
2024-03-29,131.317,131.433,131.443,131.289,40632.0,511010,sh,国债ETF国泰
2024-04-01,131.435,131.388,131.436,131.326,30373.0,511010,sh,国债ETF国泰
2024-04-02,131.388,131.436,131.44,131.388,37738.0,511010,sh,国债ETF国泰
2024-04-03,131.486,131.573,131.58,131.478,34318.0,511010,sh,国债ETF国泰
2024-04-08,131.573,131.74,131.768,131.562,31544.0,511010,sh,国债ETF国泰
2024-04-09,131.74,131.865,131.883,131.692,41409.0,511010,sh,国债ETF国泰
2024-04-10,131.797,131.879,131.91,131.768,52895.0,511010,sh,国债ETF国泰
2024-04-11,131.88,131.904,131.967,131.878,39365.0,511010,sh,国债ETF国泰
2024-04-12,131.947,132.079,132.109,131.947,39987.0,511010,sh,国债ETF国泰
2024-04-15,132.085,132.06,132.155,132.052,30803.0,511010,sh,国债ETF国泰
2024-04-16,132.06,131.987,132.06,131.898,38683.0,511010,sh,国债ETF国泰
2024-04-17,131.987,132.022,132.052,131.987,34128.0,511010,sh,国债ETF国泰
2024-04-18,132.07,132.128,132.139,132.002,31451.0,511010,sh,国债ETF国泰
2024-04-19,132.189,132.216,132.246,132.189,68993.0,511010,sh,国债ETF国泰
2024-04-22,132.23,132.297,132.3,132.23,30708.0,511010,sh,国债ETF国泰
2024-04-23,132.308,132.487,132.489,132.303,29838.0,511010,sh,国债ETF国泰
2024-04-24,132.295,132.128,132.487,132.078,34713.0,511010,sh,国债ETF国泰
2024-04-25,132.136,132.223,132.292,132.136,31794.0,511010,sh,国债ETF国泰
2024-04-26,132.275,131.999,132.35,131.99,28061.0,511010,sh,国债ETF国泰
2024-04-29,132.135,131.439,132.135,131.022,10692.0,511010,sh,国债ETF国泰
2024-04-30,131.58,131.822,131.85,131.58,36085.0,511010,sh,国债ETF国泰
2024-05-06,131.827,132.035,132.035,131.568,18296.0,511010,sh,国债ETF国泰
2024-05-07,132.152,132.201,132.305,132.055,29758.0,511010,sh,国债ETF国泰
2024-05-08,132.201,132.225,132.244,132.189,28353.0,511010,sh,国债ETF国泰
2024-05-09,132.16,132.106,132.17,132.069,41169.0,511010,sh,国债ETF国泰
2024-05-10,132.098,132.082,132.134,132.064,29335.0,511010,sh,国债ETF国泰
2024-05-13,132.122,132.226,132.229,132.11,27803.0,511010,sh,国债ETF国泰
2024-05-14,132.259,132.301,132.336,132.231,38968.0,511010,sh,国债ETF国泰
2024-05-15,132.307,132.3,132.361,132.241,34142.0,511010,sh,国债ETF国泰
2024-05-16,132.288,132.236,132.288,132.166,33005.0,511010,sh,国债ETF国泰
2024-05-17,132.138,132.137,132.22,132.037,38343.0,511010,sh,国债ETF国泰
2024-05-20,132.212,132.299,132.3,132.14,33931.0,511010,sh,国债ETF国泰
2024-05-21,132.307,132.229,132.307,132.208,32296.0,511010,sh,国债ETF国泰
2024-05-22,132.242,132.287,132.29,132.232,33810.0,511010,sh,国债ETF国泰
2024-05-23,132.32,132.381,132.388,132.32,34495.0,511010,sh,国债ETF国泰
2024-05-24,132.409,132.384,132.416,132.348,32052.0,511010,sh,国债ETF国泰
2024-05-27,132.383,132.35,132.383,132.314,35643.0,511010,sh,国债ETF国泰
2024-05-28,132.367,132.426,132.431,132.353,30882.0,511010,sh,国债ETF国泰
2024-05-29,132.476,132.498,132.51,132.439,28917.0,511010,sh,国债ETF国泰
2024-05-30,132.496,132.551,132.558,132.495,28778.0,511010,sh,国债ETF国泰
2024-05-31,132.49,132.528,132.569,132.49,35903.0,511010,sh,国债ETF国泰
2024-06-03,132.535,132.67,132.67,132.533,43246.0,511010,sh,国债ETF国泰
2024-06-04,132.65,132.702,132.709,132.634,35781.0,511010,sh,国债ETF国泰
2024-06-05,132.668,132.741,132.859,132.668,33142.0,511010,sh,国债ETF国泰
2024-06-06,132.743,132.715,132.78,132.669,28371.0,511010,sh,国债ETF国泰
2024-06-07,132.725,132.764,132.765,132.718,32798.0,511010,sh,国债ETF国泰
2024-06-11,132.764,132.764,132.808,132.728,26420.0,511010,sh,国债ETF国泰
2024-06-12,132.753,132.746,132.794,132.721,25551.0,511010,sh,国债ETF国泰
2024-06-13,132.748,132.759,132.787,132.747,28111.0,511010,sh,国债ETF国泰
2024-06-14,132.775,132.78,132.789,132.743,33934.0,511010,sh,国债ETF国泰
2024-06-17,132.782,132.837,132.838,132.781,27625.0,511010,sh,国债ETF国泰
2024-06-18,132.837,132.874,132.892,132.837,28487.0,511010,sh,国债ETF国泰
2024-06-19,132.876,132.901,132.933,132.681,53157.0,511010,sh,国债ETF国泰
2024-06-20,132.986,133.016,133.02,132.934,30529.0,511010,sh,国债ETF国泰
2024-06-21,133.019,132.947,133.019,132.902,29703.0,511010,sh,国债ETF国泰
2024-06-24,132.947,133.03,133.035,132.841,28418.0,511010,sh,国债ETF国泰
2024-06-25,133.025,133.072,133.13,133.024,38625.0,511010,sh,国债ETF国泰
2024-06-26,133.105,133.172,133.187,133.105,35230.0,511010,sh,国债ETF国泰
2024-06-27,133.184,133.313,133.322,133.184,31055.0,511010,sh,国债ETF国泰
2024-06-28,133.348,133.409,133.456,133.343,49050.0,511010,sh,国债ETF国泰
2024-07-01,133.44,133.182,133.49,133.07,8915.0,511010,sh,国债ETF国泰
2024-07-02,133.149,133.305,133.308,132.841,34446.0,511010,sh,国债ETF国泰
2024-07-03,133.327,133.517,133.549,133.327,40451.0,511010,sh,国债ETF国泰
2024-07-04,133.542,133.444,133.542,133.417,64538.0,511010,sh,国债ETF国泰
2024-07-05,133.445,133.338,133.492,133.29,45067.0,511010,sh,国债ETF国泰
2024-07-08,133.198,133.071,133.198,132.921,46433.0,511010,sh,国债ETF国泰
2024-07-09,133.145,133.239,133.242,133.145,34476.0,511010,sh,国债ETF国泰
2024-07-10,133.239,133.325,133.332,133.189,40662.0,511010,sh,国债ETF国泰
2024-07-11,133.324,133.318,133.335,133.238,44301.0,511010,sh,国债ETF国泰
2024-07-12,133.345,133.426,133.457,133.345,32251.0,511010,sh,国债ETF国泰
2024-07-15,133.44,133.478,133.494,133.426,34516.0,511010,sh,国债ETF国泰
2024-07-16,133.48,133.477,133.504,133.373,32254.0,511010,sh,国债ETF国泰
2024-07-17,133.481,133.509,133.539,133.45,38830.0,511010,sh,国债ETF国泰
2024-07-18,133.516,133.468,133.517,133.427,18601.0,511010,sh,国债ETF国泰
2024-07-19,133.471,133.56,133.565,133.471,38215.0,511010,sh,国债ETF国泰
2024-07-22,133.702,133.851,133.91,133.6,30731.0,511010,sh,国债ETF国泰
2024-07-23,133.974,133.996,134.0,133.873,45656.0,511010,sh,国债ETF国泰
2024-07-24,134.007,133.998,134.052,133.94,40589.0,511010,sh,国债ETF国泰
2024-07-25,133.998,134.018,134.098,133.991,35684.0,511010,sh,国债ETF国泰
2024-07-26,134.034,134.077,134.091,134.013,18868.0,511010,sh,国债ETF国泰
2024-07-29,134.09,134.054,134.09,134.028,34882.0,511010,sh,国债ETF国泰
2024-07-30,134.059,134.074,134.106,134.014,38542.0,511010,sh,国债ETF国泰
2024-07-31,134.14,134.171,134.26,134.111,32067.0,511010,sh,国债ETF国泰
2024-08-01,134.264,134.397,134.51,134.16,24949.0,511010,sh,国债ETF国泰
2024-08-02,134.48,134.598,134.798,134.468,25648.0,511010,sh,国债ETF国泰
2024-08-05,134.604,134.649,134.76,134.5,38029.0,511010,sh,国债ETF国泰
2024-08-06,134.426,134.45,134.471,134.111,27544.0,511010,sh,国债ETF国泰
2024-08-07,134.444,134.641,134.72,134.444,39797.0,511010,sh,国债ETF国泰
2024-08-08,134.61,134.521,134.61,134.308,40429.0,511010,sh,国债ETF国泰
2024-08-09,134.332,134.336,134.357,134.235,29740.0,511010,sh,国债ETF国泰
2024-08-12,134.06,133.714,134.259,133.71,48832.0,511010,sh,国债ETF国泰
2024-08-13,133.828,134.119,134.178,133.719,56401.0,511010,sh,国债ETF国泰
2024-08-14,134.268,134.246,134.499,134.193,36982.0,511010,sh,国债ETF国泰
2024-08-15,134.246,134.11,134.346,134.061,24381.0,511010,sh,国债ETF国泰
2024-08-16,134.095,134.087,134.175,134.03,36548.0,511010,sh,国债ETF国泰
2024-08-19,134.173,134.146,134.173,134.038,41832.0,511010,sh,国债ETF国泰
2024-08-20,134.148,134.124,134.148,134.081,40906.0,511010,sh,国债ETF国泰
2024-08-21,134.123,133.977,134.15,133.965,52970.0,511010,sh,国债ETF国泰
2024-08-22,134.178,134.253,134.255,134.011,21531.0,511010,sh,国债ETF国泰
2024-08-23,134.243,134.454,134.456,134.24,39433.0,511010,sh,国债ETF国泰
2024-08-26,134.45,134.456,134.51,134.329,31747.0,511010,sh,国债ETF国泰
2024-08-27,134.342,134.366,134.456,134.339,41563.0,511010,sh,国债ETF国泰
2024-08-28,134.345,134.411,134.416,134.28,48146.0,511010,sh,国债ETF国泰
2024-08-29,134.411,134.337,134.465,134.33,35408.0,511010,sh,国债ETF国泰
2024-08-30,134.362,134.295,134.388,134.174,32779.0,511010,sh,国债ETF国泰
2024-09-02,134.538,134.616,134.66,134.339,43363.0,511010,sh,国债ETF国泰
2024-09-03,134.667,134.799,134.8,134.569,42128.0,511010,sh,国债ETF国泰
2024-09-04,134.878,134.847,134.996,134.76,42708.0,511010,sh,国债ETF国泰
2024-09-05,134.918,134.933,135.008,134.918,34083.0,511010,sh,国债ETF国泰
2024-09-06,134.916,134.978,135.019,134.848,32606.0,511010,sh,国债ETF国泰
2024-09-09,134.978,135.051,135.229,134.978,10826.0,511010,sh,国债ETF国泰
2024-09-10,135.101,135.169,135.189,135.052,30735.0,511010,sh,国债ETF国泰
2024-09-11,135.17,135.376,135.393,135.167,24002.0,511010,sh,国债ETF国泰
2024-09-12,135.376,135.161,135.422,135.158,15217.0,511010,sh,国债ETF国泰
2024-09-13,135.3,135.355,135.398,135.258,14481.0,511010,sh,国债ETF国泰
2024-09-18,135.489,135.389,135.489,135.355,11386.0,511010,sh,国债ETF国泰
2024-09-19,135.415,135.205,135.43,135.165,26325.0,511010,sh,国债ETF国泰
2024-09-20,135.247,135.304,135.329,135.236,26995.0,511010,sh,国债ETF国泰
2024-09-23,135.338,135.334,135.415,135.316,20696.0,511010,sh,国债ETF国泰
2024-09-24,135.416,135.182,135.478,135.025,23423.0,511010,sh,国债ETF国泰
2024-09-25,134.965,135.507,135.55,134.812,17573.0,511010,sh,国债ETF国泰
2024-09-26,135.651,135.4,135.651,135.34,18483.0,511010,sh,国债ETF国泰
2024-09-27,135.19,134.82,135.19,134.711,9873.0,511010,sh,国债ETF国泰
2024-09-30,133.51,134.354,134.398,132.16,29722.0,511010,sh,国债ETF国泰
2024-10-08,133.559,134.3,134.612,133.559,18848.0,511010,sh,国债ETF国泰
2024-10-09,134.419,134.58,135.01,134.311,24818.0,511010,sh,国债ETF国泰
2024-10-10,134.53,134.908,134.99,134.512,13708.0,511010,sh,国债ETF国泰
2024-10-11,134.995,134.98,135.089,134.86,33894.0,511010,sh,国债ETF国泰
2024-10-14,134.994,134.958,135.09,134.93,32374.0,511010,sh,国债ETF国泰
2024-10-15,134.999,134.994,134.999,134.939,32637.0,511010,sh,国债ETF国泰
2024-10-16,135.044,135.013,135.057,134.977,46099.0,511010,sh,国债ETF国泰
2024-10-17,135.016,135.201,135.21,134.937,52197.0,511010,sh,国债ETF国泰
2024-10-18,135.27,135.047,135.29,134.907,72249.0,511010,sh,国债ETF国泰
2024-10-21,135.047,135.029,135.096,134.934,34468.0,511010,sh,国债ETF国泰
2024-10-22,135.025,134.835,135.06,134.81,17004.0,511010,sh,国债ETF国泰
2024-10-23,134.795,134.696,134.832,134.576,44680.0,511010,sh,国债ETF国泰
2024-10-24,134.709,134.75,134.834,134.709,40460.0,511010,sh,国债ETF国泰
2024-10-25,134.751,134.738,134.76,134.679,48924.0,511010,sh,国债ETF国泰
2024-10-28,134.786,134.765,134.838,134.742,31677.0,511010,sh,国债ETF国泰
2024-10-29,134.792,134.902,134.909,134.78,17659.0,511010,sh,国债ETF国泰
2024-10-30,135.11,134.945,135.11,134.886,19408.0,511010,sh,国债ETF国泰
2024-10-31,134.951,134.934,134.952,134.855,16582.0,511010,sh,国债ETF国泰
2024-11-01,135.038,135.141,135.145,134.987,10652.0,511010,sh,国债ETF国泰
2024-11-04,135.202,135.2,135.223,135.14,14599.0,511010,sh,国债ETF国泰
2024-11-05,135.184,135.188,135.238,135.136,22315.0,511010,sh,国债ETF国泰
2024-11-06,135.193,135.239,135.31,135.193,10041.0,511010,sh,国债ETF国泰
2024-11-07,135.267,135.359,135.39,135.267,20181.0,511010,sh,国债ETF国泰
2024-11-08,135.241,135.412,135.415,135.241,44914.0,511010,sh,国债ETF国泰
2024-11-11,135.435,135.45,135.469,135.387,12833.0,511010,sh,国债ETF国泰
2024-11-12,135.475,135.641,135.66,135.475,18063.0,511010,sh,国债ETF国泰
2024-11-13,135.637,135.64,135.659,135.59,21947.0,511010,sh,国债ETF国泰
2024-11-14,135.643,135.647,135.65,135.567,17297.0,511010,sh,国债ETF国泰
2024-11-15,135.652,135.745,135.835,135.652,10855.0,511010,sh,国债ETF国泰
2024-11-18,135.731,135.67,135.732,135.546,37385.0,511010,sh,国债ETF国泰
2024-11-19,135.668,135.639,135.697,135.568,10371.0,511010,sh,国债ETF国泰
2024-11-20,135.685,135.734,135.744,135.683,16014.0,511010,sh,国债ETF国泰
2024-11-21,135.749,135.821,135.825,135.735,33598.0,511010,sh,国债ETF国泰
2024-11-22,135.865,135.847,135.871,135.799,37658.0,511010,sh,国债ETF国泰
2024-11-25,135.847,135.96,135.961,135.754,13868.0,511010,sh,国债ETF国泰
2024-11-26,135.96,135.933,136.01,135.881,31489.0,511010,sh,国债ETF国泰
2024-11-27,135.91,135.874,135.932,135.866,23838.0,511010,sh,国债ETF国泰
2024-11-28,135.873,135.972,135.977,135.873,29668.0,511010,sh,国债ETF国泰
2024-11-29,136.015,136.049,136.057,135.948,26459.0,511010,sh,国债ETF国泰
2024-12-02,136.197,136.354,136.368,136.049,23929.0,511010,sh,国债ETF国泰
2024-12-03,136.389,136.327,136.438,136.317,32736.0,511010,sh,国债ETF国泰
2024-12-04,136.33,136.448,136.475,136.33,33480.0,511010,sh,国债ETF国泰
2024-12-05,136.445,136.478,136.501,136.33,21527.0,511010,sh,国债ETF国泰
2024-12-06,136.476,136.435,136.5,136.431,76784.0,511010,sh,国债ETF国泰
2024-12-09,136.436,136.447,136.485,136.435,24478.0,511010,sh,国债ETF国泰
2024-12-10,136.39,136.883,136.904,136.361,46065.0,511010,sh,国债ETF国泰
2024-12-11,136.86,136.892,136.926,136.66,31006.0,511010,sh,国债ETF国泰
2024-12-12,136.921,137.073,137.138,136.921,34696.0,511010,sh,国债ETF国泰
2024-12-13,137.38,137.565,137.607,137.38,37769.0,511010,sh,国债ETF国泰
2024-12-16,137.664,137.673,137.914,137.662,20894.0,511010,sh,国债ETF国泰
2024-12-17,137.614,137.473,137.614,137.427,99246.0,511010,sh,国债ETF国泰
2024-12-18,137.535,137.465,137.674,137.217,19936.0,511010,sh,国债ETF国泰
2024-12-19,137.481,137.51,137.579,137.481,34594.0,511010,sh,国债ETF国泰
2024-12-20,137.701,137.947,138.01,137.7,22046.0,511010,sh,国债ETF国泰
2024-12-23,138.015,137.871,138.112,137.829,39287.0,511010,sh,国债ETF国泰
2024-12-24,137.84,137.763,137.895,137.758,30995.0,511010,sh,国债ETF国泰
2024-12-25,137.764,137.505,137.801,137.463,20638.0,511010,sh,国债ETF国泰
2024-12-26,137.535,137.507,137.597,137.497,28753.0,511010,sh,国债ETF国泰
2024-12-27,137.63,137.798,137.809,137.576,29039.0,511010,sh,国债ETF国泰
2024-12-30,137.777,137.513,137.78,137.465,18093.0,511010,sh,国债ETF国泰
2024-12-31,137.66,137.726,137.756,137.521,23833.0,511010,sh,国债ETF国泰
2025-01-02,137.87,137.921,137.948,137.77,27487.0,511010,sh,国债ETF国泰
2025-01-03,137.98,138.297,138.309,137.98,21161.0,511010,sh,国债ETF国泰
2025-01-06,138.317,138.299,138.509,138.111,31543.0,511010,sh,国债ETF国泰
2025-01-07,138.303,138.068,138.303,137.963,15614.0,511010,sh,国债ETF国泰
2025-01-08,138.02,138.113,138.185,138.02,34266.0,511010,sh,国债ETF国泰
2025-01-09,138.061,137.808,138.111,137.78,26075.0,511010,sh,国债ETF国泰
2025-01-10,137.46,137.719,137.797,137.171,15031.0,511010,sh,国债ETF国泰
2025-01-13,137.712,137.549,137.712,137.411,32960.0,511010,sh,国债ETF国泰
2025-01-14,137.529,137.621,137.639,137.37,23460.0,511010,sh,国债ETF国泰
2025-01-15,137.76,137.777,137.855,137.749,37847.0,511010,sh,国债ETF国泰
2025-01-16,137.739,137.753,137.835,137.626,26141.0,511010,sh,国债ETF国泰
2025-01-17,137.803,137.688,137.803,137.676,24902.0,511010,sh,国债ETF国泰
2025-01-20,137.638,137.699,137.73,137.595,82198.0,511010,sh,国债ETF国泰
2025-01-21,137.596,137.729,137.736,137.596,10240.0,511010,sh,国债ETF国泰
2025-01-22,137.81,137.82,137.857,137.798,124685.0,511010,sh,国债ETF国泰
2025-01-23,137.769,137.656,137.775,137.603,126339.0,511010,sh,国债ETF国泰
2025-01-24,137.652,137.514,137.652,137.422,154365.0,511010,sh,国债ETF国泰
2025-01-27,137.632,138.006,138.009,137.632,118679.0,511010,sh,国债ETF国泰
2025-02-05,137.941,137.969,137.998,137.672,104712.0,511010,sh,国债ETF国泰
2025-02-06,137.983,138.104,138.122,137.932,110857.0,511010,sh,国债ETF国泰
2025-02-07,138.128,138.021,138.169,138.01,158454.0,511010,sh,国债ETF国泰
2025-02-10,137.975,137.791,137.975,137.768,151570.0,511010,sh,国债ETF国泰
2025-02-11,137.775,137.758,137.847,137.706,52802.0,511010,sh,国债ETF国泰
2025-02-12,137.768,137.76,137.851,137.748,28326.0,511010,sh,国债ETF国泰
2025-02-13,137.762,137.737,137.763,137.679,152223.0,511010,sh,国债ETF国泰
2025-02-14,137.736,137.436,137.736,137.425,144112.0,511010,sh,国债ETF国泰
2025-02-17,137.428,137.342,137.428,137.24,15595.0,511010,sh,国债ETF国泰
2025-02-18,137.332,137.147,137.332,136.991,157012.0,511010,sh,国债ETF国泰
2025-02-19,137.171,137.327,137.329,137.125,146661.0,511010,sh,国债ETF国泰
2025-02-20,137.328,137.093,137.328,137.02,58578.0,511010,sh,国债ETF国泰
2025-02-21,136.99,136.96,137.183,136.79,157081.0,511010,sh,国债ETF国泰
2025-02-24,136.86,136.574,136.91,136.441,158630.0,511010,sh,国债ETF国泰
2025-02-25,136.689,136.763,136.966,136.422,18767.0,511010,sh,国债ETF国泰
2025-02-26,136.803,136.775,136.953,136.717,145746.0,511010,sh,国债ETF国泰
2025-02-27,136.786,136.717,136.86,136.676,153011.0,511010,sh,国债ETF国泰
2025-02-28,136.696,136.764,136.85,136.542,20762.0,511010,sh,国债ETF国泰
2025-03-03,136.8,137.11,137.146,136.722,156581.0,511010,sh,国债ETF国泰
2025-03-04,137.222,137.104,137.373,136.943,21393.0,511010,sh,国债ETF国泰
2025-03-05,137.09,137.056,137.184,137.053,149918.0,511010,sh,国债ETF国泰
2025-03-06,137.046,136.927,137.046,136.849,149712.0,511010,sh,国债ETF国泰
2025-03-07,136.796,136.647,136.796,136.51,18771.0,511010,sh,国债ETF国泰
2025-03-10,136.509,136.415,136.605,136.396,23009.0,511010,sh,国债ETF国泰
2025-03-11,136.445,136.091,136.461,136.037,12963.0,511010,sh,国债ETF国泰
2025-03-12,136.04,136.583,136.643,135.885,183836.0,511010,sh,国债ETF国泰
2025-03-13,136.51,136.601,136.76,136.44,20625.0,511010,sh,国债ETF国泰
2025-03-14,136.501,136.576,136.638,136.251,52481.0,511010,sh,国债ETF国泰
2025-03-17,136.448,136.289,136.454,136.281,12210.0,511010,sh,国债ETF国泰
2025-03-18,136.272,136.39,136.466,136.239,23671.0,511010,sh,国债ETF国泰
2025-03-19,136.39,136.302,136.508,136.25,32373.0,511010,sh,国债ETF国泰
2025-03-20,136.422,136.475,136.56,136.41,37766.0,511010,sh,国债ETF国泰
2025-03-21,136.522,136.422,136.522,136.416,13837.0,511010,sh,国债ETF国泰
2025-03-24,136.39,136.354,136.415,136.3,14798.0,511010,sh,国债ETF国泰
2025-03-25,136.525,136.527,136.58,136.43,40245.0,511010,sh,国债ETF国泰
2025-03-26,136.517,136.686,136.693,136.454,8144.0,511010,sh,国债ETF国泰
2025-03-27,136.69,136.737,136.768,136.612,11059.0,511010,sh,国债ETF国泰
2025-03-28,136.728,136.707,136.813,136.655,9230.0,511010,sh,国债ETF国泰
2025-03-31,136.703,136.697,136.804,136.67,90483.0,511010,sh,国债ETF国泰
2025-04-01,136.741,136.69,136.794,136.666,70994.0,511010,sh,国债ETF国泰
2025-04-02,136.688,136.792,136.815,136.644,18733.0,511010,sh,国债ETF国泰
2025-04-03,136.98,137.304,137.34,136.915,21176.0,511010,sh,国债ETF国泰
2025-04-07,137.655,137.727,137.78,137.546,23109.0,511010,sh,国债ETF国泰
2025-04-08,137.562,137.613,138.25,137.445,68766.0,511010,sh,国债ETF国泰
2025-04-09,137.7,137.694,137.748,137.502,22420.0,511010,sh,国债ETF国泰
2025-04-10,137.61,137.828,137.858,137.465,98584.0,511010,sh,国债ETF国泰
2025-04-11,137.916,137.875,137.995,137.793,86298.0,511010,sh,国债ETF国泰
2025-04-14,137.833,137.753,137.84,137.732,194777.0,511010,sh,国债ETF国泰
2025-04-15,137.759,137.756,137.81,137.741,14094.0,511010,sh,国债ETF国泰
2025-04-16,137.76,137.874,137.905,137.74,176795.0,511010,sh,国债ETF国泰
2025-04-17,137.867,137.786,137.916,137.771,126369.0,511010,sh,国债ETF国泰
2025-04-18,137.785,137.727,137.811,137.71,178050.0,511010,sh,国债ETF国泰
2025-04-21,137.727,137.609,137.746,137.58,7962.0,511010,sh,国债ETF国泰
2025-04-22,137.613,137.66,137.683,137.613,45982.0,511010,sh,国债ETF国泰
2025-04-23,137.638,137.531,137.638,137.49,9591.0,511010,sh,国债ETF国泰
2025-04-24,137.57,137.413,137.6,137.406,117553.0,511010,sh,国债ETF国泰
2025-04-25,137.49,137.539,137.582,137.444,12027.0,511010,sh,国债ETF国泰
2025-04-28,137.548,137.501,137.573,137.493,102934.0,511010,sh,国债ETF国泰
2025-04-29,137.528,137.686,137.69,137.528,74728.0,511010,sh,国债ETF国泰
2025-04-30,137.702,137.793,137.81,137.651,20061.0,511010,sh,国债ETF国泰
2025-05-06,137.78,137.718,137.78,137.677,187147.0,511010,sh,国债ETF国泰
2025-05-07,137.759,137.68,137.805,137.662,44691.0,511010,sh,国债ETF国泰
2025-05-08,137.782,137.96,137.969,137.78,48415.0,511010,sh,国债ETF国泰
2025-05-09,137.972,137.92,138.06,137.899,17149.0,511010,sh,国债ETF国泰
2025-05-12,137.862,137.855,137.955,137.785,15726.0,511010,sh,国债ETF国泰
2025-05-13,137.8,137.761,137.82,137.727,21606.0,511010,sh,国债ETF国泰
2025-05-14,137.759,137.645,137.81,137.631,13478.0,511010,sh,国债ETF国泰
2025-05-15,137.641,137.547,137.68,137.541,10882.0,511010,sh,国债ETF国泰
2025-05-16,137.537,137.453,137.537,137.412,10243.0,511010,sh,国债ETF国泰
2025-05-19,137.453,137.522,137.547,137.453,11215.0,511010,sh,国债ETF国泰
2025-05-20,137.59,137.569,137.641,137.511,10686.0,511010,sh,国债ETF国泰
2025-05-21,137.52,137.554,137.58,137.52,6659.0,511010,sh,国债ETF国泰
2025-05-22,137.58,137.553,137.621,137.538,6494.0,511010,sh,国债ETF国泰
2025-05-23,137.575,137.659,137.668,137.535,7615.0,511010,sh,国债ETF国泰
2025-05-26,137.66,137.656,137.725,137.622,52579.0,511010,sh,国债ETF国泰
2025-05-27,137.663,137.604,137.696,137.591,66876.0,511010,sh,国债ETF国泰
2025-05-28,137.623,137.611,137.623,137.558,32829.0,511010,sh,国债ETF国泰
2025-05-29,137.594,137.453,137.604,137.44,12326.0,511010,sh,国债ETF国泰
2025-05-30,137.553,137.586,137.622,137.523,23656.0,511010,sh,国债ETF国泰
2025-06-03,137.639,137.579,137.64,137.545,158852.0,511010,sh,国债ETF国泰
2025-06-04,137.594,137.669,137.671,137.585,234587.0,511010,sh,国债ETF国泰
2025-06-05,137.668,137.736,137.77,137.626,113705.0,511010,sh,国债ETF国泰
2025-06-06,137.8,137.851,137.855,137.794,152139.0,511010,sh,国债ETF国泰
2025-06-09,137.867,137.9,137.902,137.86,121585.0,511010,sh,国债ETF国泰
2025-06-10,137.925,137.916,137.936,137.871,221953.0,511010,sh,国债ETF国泰
2025-06-11,137.934,137.909,137.96,137.86,141283.0,511010,sh,国债ETF国泰
2025-06-12,137.908,137.879,137.928,137.861,103178.0,511010,sh,国债ETF国泰
2025-06-13,137.879,137.908,137.911,137.87,192043.0,511010,sh,国债ETF国泰
2025-06-16,137.916,137.939,137.975,137.911,137211.0,511010,sh,国债ETF国泰
2025-06-17,137.923,138.093,138.105,137.923,131917.0,511010,sh,国债ETF国泰
2025-06-18,138.11,138.109,138.121,138.076,14264.0,511010,sh,国债ETF国泰
2025-06-19,138.112,138.115,138.144,138.103,11456.0,511010,sh,国债ETF国泰
2025-06-20,138.123,138.14,138.15,138.091,5534.0,511010,sh,国债ETF国泰
2025-06-23,138.138,138.111,138.185,138.083,10042.0,511010,sh,国债ETF国泰
2025-06-24,138.111,138.058,138.14,138.038,280304.0,511010,sh,国债ETF国泰
2025-06-25,138.058,138.022,138.1,138.021,196281.0,511010,sh,国债ETF国泰
2025-06-26,138.022,138.06,138.12,138.021,271713.0,511010,sh,国债ETF国泰
2025-06-27,138.06,138.155,138.185,138.06,197700.0,511010,sh,国债ETF国泰
2025-06-30,138.158,138.091,138.171,137.986,78009.0,511010,sh,国债ETF国泰
2025-07-01,138.104,138.141,138.152,138.099,130705.0,511010,sh,国债ETF国泰
2025-07-02,138.142,138.221,138.228,138.142,221222.0,511010,sh,国债ETF国泰
2025-07-03,138.24,138.239,138.268,138.203,190406.0,511010,sh,国债ETF国泰
2025-07-04,138.254,138.272,138.279,138.246,191611.0,511010,sh,国债ETF国泰
2025-07-07,138.275,138.251,138.295,138.228,94947.0,511010,sh,国债ETF国泰
2025-07-08,138.243,138.141,138.243,138.129,103800.0,511010,sh,国债ETF国泰
2025-07-09,138.15,138.139,138.168,138.127,204550.0,511010,sh,国债ETF国泰
2025-07-10,138.145,138.047,138.145,138.045,241126.0,511010,sh,国债ETF国泰
2025-07-11,138.043,138.009,138.045,137.95,28346.0,511010,sh,国债ETF国泰
2025-07-14,138.01,137.937,138.01,137.907,14642.0,511010,sh,国债ETF国泰
2025-07-15,137.96,138.077,138.081,137.96,217189.0,511010,sh,国债ETF国泰
2025-07-16,138.082,138.086,138.126,138.066,137680.0,511010,sh,国债ETF国泰
2025-07-17,138.062,138.078,138.08,138.028,10799.0,511010,sh,国债ETF国泰
2025-07-18,138.078,138.066,138.089,138.018,11338.0,511010,sh,国债ETF国泰
2025-07-21,138.066,137.979,138.09,137.961,69880.0,511010,sh,国债ETF国泰
2025-07-22,137.983,137.905,138.54,137.896,96063.0,511010,sh,国债ETF国泰
2025-07-23,137.845,137.851,137.901,137.701,41098.0,511010,sh,国债ETF国泰
2025-07-24,137.812,137.584,137.834,137.581,113994.0,511010,sh,国债ETF国泰
2025-07-25,137.59,137.615,137.71,137.565,62686.0,511010,sh,国债ETF国泰
2025-07-28,137.711,137.748,137.825,137.65,145640.0,511010,sh,国债ETF国泰
2025-07-29,137.763,137.574,137.763,137.564,73632.0,511010,sh,国债ETF国泰
2025-07-30,137.588,137.713,137.724,137.523,116716.0,511010,sh,国债ETF国泰
2025-07-31,137.716,137.823,137.839,137.689,119712.0,511010,sh,国债ETF国泰
2025-08-01,137.804,137.831,137.872,137.705,162478.0,511010,sh,国债ETF国泰
2025-08-04,137.862,137.803,138.51,137.795,235391.0,511010,sh,国债ETF国泰
2025-08-05,137.763,137.847,137.854,137.722,84474.0,511010,sh,国债ETF国泰
2025-08-06,137.84,137.861,137.893,137.749,117942.0,511010,sh,国债ETF国泰
2025-08-07,137.9,137.961,138.007,137.886,95938.0,511010,sh,国债ETF国泰
2025-08-08,138.16,138.018,138.244,137.944,133447.0,511010,sh,国债ETF国泰
2025-08-11,138.019,137.851,138.019,137.827,124355.0,511010,sh,国债ETF国泰
2025-08-12,137.858,137.823,137.876,137.771,12510.0,511010,sh,国债ETF国泰
2025-08-13,137.81,137.921,137.965,137.755,93018.0,511010,sh,国债ETF国泰
2025-08-14,137.92,137.868,137.92,137.774,81088.0,511010,sh,国债ETF国泰
2025-08-15,137.89,137.855,137.91,137.825,11732.0,511010,sh,国债ETF国泰
2025-08-18,137.88,137.557,137.952,137.513,65279.0,511010,sh,国债ETF国泰
2025-08-19,137.58,137.568,137.589,137.527,28820.0,511010,sh,国债ETF国泰
2025-08-20,137.632,137.506,137.684,137.48,15865.0,511010,sh,国债ETF国泰
2025-08-21,137.51,137.568,137.586,137.438,11547.0,511010,sh,国债ETF国泰
2025-08-22,137.61,137.531,137.628,137.46,106106.0,511010,sh,国债ETF国泰
2025-08-25,137.534,137.65,137.662,137.461,67599.0,511010,sh,国债ETF国泰
2025-08-26,137.65,137.656,137.675,137.616,21903.0,511010,sh,国债ETF国泰
2025-08-27,137.667,137.694,137.708,137.623,120517.0,511010,sh,国债ETF国泰
2025-08-28,137.708,137.626,137.708,137.617,97128.0,511010,sh,国债ETF国泰
2025-08-29,137.622,137.658,137.67,137.58,150720.0,511010,sh,国债ETF国泰
2025-09-01,137.65,137.769,137.77,137.613,17948.0,511010,sh,国债ETF国泰
2025-09-02,137.776,137.767,137.827,137.745,206377.0,511010,sh,国债ETF国泰
2025-09-03,137.808,137.912,137.929,137.771,106698.0,511010,sh,国债ETF国泰
2025-09-04,137.945,137.998,138.032,137.945,70465.0,511010,sh,国债ETF国泰
2025-09-05,137.989,137.789,137.989,137.758,170921.0,511010,sh,国债ETF国泰
2025-09-08,137.8,137.761,137.8,137.71,152067.0,511010,sh,国债ETF国泰
2025-09-09,137.76,137.741,137.87,137.722,189836.0,511010,sh,国债ETF国泰
2025-09-10,137.76,137.665,137.762,137.64,205134.0,511010,sh,国债ETF国泰
2025-09-11,137.693,137.766,137.82,137.644,87079.0,511010,sh,国债ETF国泰
2025-09-12,137.768,137.811,137.845,137.766,179192.0,511010,sh,国债ETF国泰
2025-09-15,137.874,137.9,137.954,137.82,125685.0,511010,sh,国债ETF国泰
2025-09-16,138.31,137.985,138.314,137.676,142363.0,511010,sh,国债ETF国泰
2025-09-17,138.015,138.142,138.149,137.95,74286.0,511010,sh,国债ETF国泰
2025-09-18,138.119,138.05,138.12,138.038,14795.0,511010,sh,国债ETF国泰
2025-09-19,138.05,137.895,138.084,137.84,22424.0,511010,sh,国债ETF国泰
2025-09-22,137.91,138.007,138.22,137.889,46207.0,511010,sh,国债ETF国泰
2025-09-23,138.06,137.882,138.06,137.761,20503.0,511010,sh,国债ETF国泰
2025-09-24,137.933,137.764,137.933,137.748,17124.0,511010,sh,国债ETF国泰
2025-09-25,137.702,137.712,137.753,137.577,10940.0,511010,sh,国债ETF国泰
2025-09-26,137.74,137.816,137.863,137.72,13670.0,511010,sh,国债ETF国泰
2025-09-29,137.87,137.781,137.898,137.764,8548.0,511010,sh,国债ETF国泰
2025-09-30,137.79,137.988,138.0,137.781,9344.0,511010,sh,国债ETF国泰
2025-10-09,138.0,138.083,138.104,137.909,207224.0,511010,sh,国债ETF国泰
2025-10-10,138.094,138.053,138.155,138.044,9361.0,511010,sh,国债ETF国泰
2025-10-13,138.079,138.094,138.125,138.05,145693.0,511010,sh,国债ETF国泰
2025-10-14,138.07,138.141,138.17,137.97,275776.0,511010,sh,国债ETF国泰
2025-10-15,138.14,138.1,138.14,138.068,139224.0,511010,sh,国债ETF国泰
2025-10-16,138.1,138.106,138.145,138.099,16115.0,511010,sh,国债ETF国泰
2025-10-17,138.133,138.206,138.209,138.118,272471.0,511010,sh,国债ETF国泰
2025-10-20,138.155,138.082,138.169,138.064,192456.0,511010,sh,国债ETF国泰
2025-10-21,138.081,138.102,138.128,138.038,168418.0,511010,sh,国债ETF国泰
2025-10-22,138.102,138.128,138.158,138.093,54490.0,511010,sh,国债ETF国泰
2025-10-23,138.129,138.088,138.163,138.073,14635.0,511010,sh,国债ETF国泰
2025-10-24,138.087,138.079,138.124,138.075,132531.0,511010,sh,国债ETF国泰
2025-10-27,138.041,138.126,138.159,137.997,22130.0,511010,sh,国债ETF国泰
2025-10-28,138.288,138.405,138.406,138.236,127528.0,511010,sh,国债ETF国泰
2025-10-29,138.355,138.521,138.6,138.316,20539.0,511010,sh,国债ETF国泰
2025-10-30,138.589,138.634,138.659,138.538,118846.0,511010,sh,国债ETF国泰
2025-10-31,138.683,138.65,138.74,138.619,107682.0,511010,sh,国债ETF国泰
2025-11-03,138.653,138.588,138.687,138.565,207629.0,511010,sh,国债ETF国泰
2025-11-04,138.61,138.581,138.61,138.52,11606.0,511010,sh,国债ETF国泰
2025-11-05,138.634,138.586,138.641,138.572,120721.0,511010,sh,国债ETF国泰
2025-11-06,138.587,138.52,138.605,138.495,224263.0,511010,sh,国债ETF国泰
2025-11-07,138.548,138.549,138.572,138.52,86362.0,511010,sh,国债ETF国泰
2025-11-10,138.549,138.545,138.558,138.5,24369.0,511010,sh,国债ETF国泰
2025-11-11,138.539,138.562,138.638,138.539,70718.0,511010,sh,国债ETF国泰
2025-11-12,138.626,138.62,138.626,138.58,115655.0,511010,sh,国债ETF国泰
2025-11-13,138.62,138.564,138.626,138.548,40391.0,511010,sh,国债ETF国泰
2025-11-14,138.564,138.547,138.59,138.525,109408.0,511010,sh,国债ETF国泰
2025-11-17,138.547,138.573,138.605,138.547,169897.0,511010,sh,国债ETF国泰
2025-11-18,138.573,138.581,138.6,138.546,163019.0,511010,sh,国债ETF国泰
2025-11-19,138.582,138.539,138.592,138.52,7313.0,511010,sh,国债ETF国泰
2025-11-20,138.538,138.612,138.646,138.524,8750.0,511010,sh,国债ETF国泰
2025-11-21,138.628,138.574,138.655,138.544,22211.0,511010,sh,国债ETF国泰
2025-11-24,138.569,138.59,138.623,138.56,25788.0,511010,sh,国债ETF国泰
2025-11-25,138.59,138.593,138.627,138.57,12705.0,511010,sh,国债ETF国泰
2025-11-26,138.605,138.441,138.605,138.438,8553.0,511010,sh,国债ETF国泰
2025-11-27,138.443,138.433,138.46,138.397,176208.0,511010,sh,国债ETF国泰
2025-11-28,138.434,138.488,138.49,138.421,54604.0,511010,sh,国债ETF国泰
2025-12-01,138.486,138.535,138.559,138.434,6955.0,511010,sh,国债ETF国泰
2025-12-02,138.546,138.5,138.553,138.49,138482.0,511010,sh,国债ETF国泰
2025-12-03,138.5,138.512,138.571,138.48,21602.0,511010,sh,国债ETF国泰
2025-12-04,138.511,138.371,138.512,138.343,7206.0,511010,sh,国债ETF国泰
2025-12-05,138.376,138.443,138.471,138.36,80403.0,511010,sh,国债ETF国泰
2025-12-08,138.466,138.428,138.466,138.365,10304.0,511010,sh,国债ETF国泰
2025-12-09,138.471,138.505,138.521,138.469,46431.0,511010,sh,国债ETF国泰
2025-12-10,138.489,138.526,138.539,138.48,34187.0,511010,sh,国债ETF国泰
2025-12-11,138.548,138.62,138.631,138.532,71021.0,511010,sh,国债ETF国泰
2025-12-12,138.708,138.581,138.708,138.53,121593.0,511010,sh,国债ETF国泰
2025-12-15,138.552,138.522,138.584,138.512,9522.0,511010,sh,国债ETF国泰
2025-12-16,138.495,138.496,138.571,138.488,77847.0,511010,sh,国债ETF国泰
2025-12-17,138.513,138.589,138.593,138.48,86837.0,511010,sh,国债ETF国泰
2025-12-18,138.596,138.673,138.702,138.557,15296.0,511010,sh,国债ETF国泰
2025-12-19,138.71,138.747,138.758,138.681,20448.0,511010,sh,国债ETF国泰
2025-12-22,138.75,138.675,138.758,138.632,32913.0,511010,sh,国债ETF国泰
2025-12-23,138.671,138.912,138.925,138.667,112949.0,511010,sh,国债ETF国泰
2025-12-24,138.861,138.854,138.888,138.803,27781.0,511010,sh,国债ETF国泰
2025-12-25,138.854,138.807,138.886,138.792,24865.0,511010,sh,国债ETF国泰
2025-12-26,138.814,138.899,138.905,138.814,21476.0,511010,sh,国债ETF国泰
2025-12-29,138.881,138.73,138.929,138.684,64110.0,511010,sh,国债ETF国泰
2025-12-30,138.73,138.707,138.756,138.662,22818.0,511010,sh,国债ETF国泰
2025-12-31,138.713,138.71,138.718,138.639,17226.0,511010,sh,国债ETF国泰
2026-01-05,138.704,138.579,138.704,138.568,12972.0,511010,sh,国债ETF国泰
2026-01-06,138.579,138.474,138.584,138.406,112357.0,511010,sh,国债ETF国泰
2026-01-07,138.415,138.397,138.484,138.316,167378.0,511010,sh,国债ETF国泰
2026-01-08,138.464,138.518,138.523,138.394,39895.0,511010,sh,国债ETF国泰
2026-01-09,138.518,138.507,138.523,138.424,12286.0,511010,sh,国债ETF国泰
2026-01-12,138.485,138.576,138.639,138.385,16725.0,511010,sh,国债ETF国泰
2026-01-13,138.594,138.616,138.629,138.538,8034.0,511010,sh,国债ETF国泰
2026-01-14,138.642,138.707,138.769,138.542,150378.0,511010,sh,国债ETF国泰
2026-01-15,138.707,138.762,138.818,138.656,12254.0,511010,sh,国债ETF国泰
2026-01-16,138.732,138.852,138.884,138.732,28525.0,511010,sh,国债ETF国泰
2026-01-19,138.898,138.843,138.904,138.83,194803.0,511010,sh,国债ETF国泰
2026-01-20,138.864,138.932,138.939,138.839,131432.0,511010,sh,国债ETF国泰
2026-01-21,138.935,138.929,138.959,138.867,7478.0,511010,sh,国债ETF国泰
2026-01-22,138.894,138.916,138.958,138.894,326892.0,511010,sh,国债ETF国泰
2026-01-23,138.897,138.963,139.012,138.885,185941.0,511010,sh,国债ETF国泰
2026-01-26,138.966,138.936,138.994,138.925,14382.0,511010,sh,国债ETF国泰
2026-01-27,138.938,138.949,138.99,138.922,206811.0,511010,sh,国债ETF国泰
2026-01-28,138.93,138.971,138.978,138.929,20130.0,511010,sh,国债ETF国泰
2026-01-29,138.978,139.057,139.12,138.966,174755.0,511010,sh,国债ETF国泰
2026-01-30,139.058,139.043,139.111,139.02,9467.0,511010,sh,国债ETF国泰
2026-02-02,139.063,139.046,139.091,139.014,203063.0,511010,sh,国债ETF国泰
2026-02-03,139.028,139.095,139.109,138.989,17589.0,511010,sh,国债ETF国泰
2026-02-04,139.114,139.08,139.114,139.05,201750.0,511010,sh,国债ETF国泰
2026-02-05,139.08,139.164,139.166,139.049,7987.0,511010,sh,国债ETF国泰
2026-02-06,139.214,139.2,139.214,139.127,12868.0,511010,sh,国债ETF国泰
2026-02-09,139.194,139.286,139.291,139.157,8479.0,511010,sh,国债ETF国泰
2026-02-10,139.294,139.283,139.306,139.193,5421.0,511010,sh,国债ETF国泰
2026-02-11,139.289,139.347,139.357,139.282,6064.0,511010,sh,国债ETF国泰
2026-02-12,139.343,139.405,139.412,139.317,6040.0,511010,sh,国债ETF国泰
2026-02-13,139.504,139.459,139.524,139.384,18809.0,511010,sh,国债ETF国泰
2026-02-24,139.449,139.475,139.499,139.418,10633.0,511010,sh,国债ETF国泰
2026-02-25,139.475,139.359,139.475,139.351,9877.0,511010,sh,国债ETF国泰
2026-02-26,139.359,139.224,139.367,139.211,8914.0,511010,sh,国债ETF国泰
2026-02-27,139.224,139.312,139.315,139.209,116101.0,511010,sh,国债ETF国泰
2026-03-02,139.313,139.433,139.433,139.313,8054.0,511010,sh,国债ETF国泰
2026-03-03,139.433,139.422,139.439,139.384,15663.0,511010,sh,国债ETF国泰
2026-03-04,139.439,139.543,139.554,139.416,6088.0,511010,sh,国债ETF国泰
2026-03-05,139.544,139.484,139.547,139.447,102599.0,511010,sh,国债ETF国泰
2026-03-06,139.487,139.52,139.527,139.487,257192.0,511010,sh,国债ETF国泰
2026-03-09,139.522,139.351,139.526,139.334,97514.0,511010,sh,国债ETF国泰
2026-03-10,139.376,139.359,139.409,139.294,23681.0,511010,sh,国债ETF国泰
2026-03-11,139.346,139.349,139.369,139.303,36833.0,511010,sh,国债ETF国泰
2026-03-12,139.313,139.353,139.379,139.312,51026.0,511010,sh,国债ETF国泰
2026-03-13,139.371,139.386,139.414,139.34,13807.0,511010,sh,国债ETF国泰
2026-03-16,139.389,139.292,139.414,139.279,148540.0,511010,sh,国债ETF国泰
2026-03-17,139.302,139.294,139.338,139.284,27101.0,511010,sh,国债ETF国泰
2026-03-18,139.304,139.432,139.433,139.244,13928.0,511010,sh,国债ETF国泰
2026-03-19,139.424,139.508,139.518,139.386,244510.0,511010,sh,国债ETF国泰
2026-03-20,139.502,139.467,139.502,139.459,188748.0,511010,sh,国债ETF国泰
2026-03-23,139.437,139.414,139.541,139.381,25126.0,511010,sh,国债ETF国泰
2026-03-24,139.414,139.378,139.414,139.364,29171.0,511010,sh,国债ETF国泰
2026-03-25,139.367,139.423,139.496,139.352,103562.0,511010,sh,国债ETF国泰
2026-03-26,139.416,139.477,139.525,139.398,25678.0,511010,sh,国债ETF国泰
2026-03-27,139.481,139.562,139.566,139.458,117229.0,511010,sh,国债ETF国泰
2026-03-30,139.571,139.65,139.672,139.571,108977.0,511010,sh,国债ETF国泰
2026-03-31,139.672,139.69,139.704,139.621,26502.0,511010,sh,国债ETF国泰
2026-04-01,139.689,139.571,139.689,139.556,90957.0,511010,sh,国债ETF国泰
2026-04-02,139.579,139.596,139.629,139.529,28037.0,511010,sh,国债ETF国泰
2026-04-03,139.603,139.662,139.681,139.603,15423.0,511010,sh,国债ETF国泰
2026-04-07,139.662,139.645,139.698,139.637,18288.0,511010,sh,国债ETF国泰
2026-04-08,139.626,139.573,139.626,139.486,70776.0,511010,sh,国债ETF国泰
2026-04-09,139.573,139.59,139.632,139.541,25511.0,511010,sh,国债ETF国泰
2026-04-10,139.59,139.592,139.601,139.56,40741.0,511010,sh,国债ETF国泰
2026-04-13,139.598,139.628,139.644,139.566,30418.0,511010,sh,国债ETF国泰
2026-04-14,139.632,139.654,139.684,139.606,51408.0,511010,sh,国债ETF国泰
2026-04-15,139.636,139.787,139.795,139.634,33118.0,511010,sh,国债ETF国泰
2026-04-16,139.792,139.873,139.883,139.754,29215.0,511010,sh,国债ETF国泰
2026-04-17,139.872,139.94,139.949,139.872,23830.0,511010,sh,国债ETF国泰
2026-04-20,139.942,139.925,139.981,139.906,56866.0,511010,sh,国债ETF国泰
2026-04-21,139.909,139.92,139.964,139.889,7982.0,511010,sh,国债ETF国泰
2026-04-22,139.96,140.023,140.029,139.952,29608.0,511010,sh,国债ETF国泰
2026-04-23,140.023,140.023,140.028,139.956,50750.0,511010,sh,国债ETF国泰
2026-04-24,140.03,140.085,140.116,140.025,48984.0,511010,sh,国债ETF国泰
2026-04-27,140.027,139.887,140.041,139.874,30849.0,511010,sh,国债ETF国泰
2026-04-28,139.946,140.006,140.025,139.928,84554.0,511010,sh,国债ETF国泰
2026-04-29,140.016,140.085,140.085,139.998,41704.0,511010,sh,国债ETF国泰
2026-04-30,140.087,140.059,140.117,140.056,172006.0,511010,sh,国债ETF国泰
2026-05-06,139.986,139.997,140.056,139.903,48190.0,511010,sh,国债ETF国泰
2026-05-07,139.997,140.006,140.068,139.975,54616.0,511010,sh,国债ETF国泰
2026-05-08,140.034,140.086,140.086,140.034,200995.0,511010,sh,国债ETF国泰
2026-05-11,140.082,140.097,140.116,139.98,36146.0,511010,sh,国债ETF国泰
2026-05-12,140.114,140.149,140.172,140.076,32192.0,511010,sh,国债ETF国泰
2026-05-13,140.149,140.185,140.195,140.148,20414.0,511010,sh,国债ETF国泰
2026-05-14,140.195,140.197,140.206,140.163,15545.0,511010,sh,国债ETF国泰
2026-05-15,140.232,140.26,140.282,140.2,18514.0,511010,sh,国债ETF国泰
2026-05-18,140.262,140.312,140.322,140.186,18273.0,511010,sh,国债ETF国泰
2026-05-19,140.308,140.433,140.455,140.308,37188.0,511010,sh,国债ETF国泰
2026-05-20,140.434,140.464,140.485,140.42,15078.0,511010,sh,国债ETF国泰
2026-05-21,140.461,140.377,140.477,140.367,20175.0,511010,sh,国债ETF国泰
2026-05-22,140.379,140.39,140.401,140.334,10516.0,511010,sh,国债ETF国泰
2026-05-25,140.388,140.362,140.388,140.331,16152.0,511010,sh,国债ETF国泰
2026-05-26,140.362,140.416,140.421,140.362,10171.0,511010,sh,国债ETF国泰
2026-05-27,140.418,140.488,140.493,140.417,72578.0,511010,sh,国债ETF国泰
2026-05-28,140.513,140.603,140.604,140.509,18554.0,511010,sh,国债ETF国泰
2026-05-29,140.596,140.685,140.69,140.574,66250.0,511010,sh,国债ETF国泰
2026-06-01,140.684,140.69,140.712,140.661,27166.0,511010,sh,国债ETF国泰
2026-06-02,140.689,140.666,140.711,140.656,29173.0,511010,sh,国债ETF国泰
2026-06-03,140.667,140.65,140.694,140.634,34290.0,511010,sh,国债ETF国泰
2026-06-04,140.651,140.69,140.711,140.599,35412.0,511010,sh,国债ETF国泰
2026-06-05,140.698,140.686,140.751,140.667,29553.0,511010,sh,国债ETF国泰
2026-06-08,140.663,140.595,140.675,140.537,20336.0,511010,sh,国债ETF国泰
2026-06-09,140.597,140.531,140.625,140.517,30226.0,511010,sh,国债ETF国泰
2026-06-10,140.519,140.464,140.565,140.462,27309.0,511010,sh,国债ETF国泰
2026-06-11,140.464,140.324,140.466,140.323,25459.0,511010,sh,国债ETF国泰
2026-06-12,140.32,140.349,140.412,140.32,27540.0,511010,sh,国债ETF国泰
2026-06-15,140.406,140.376,140.406,140.259,21902.0,511010,sh,国债ETF国泰
2026-06-16,140.377,140.495,140.505,140.346,50600.0,511010,sh,国债ETF国泰
2026-06-17,140.496,140.534,140.548,140.465,20260.0,511010,sh,国债ETF国泰
2026-06-18,140.546,140.617,140.628,140.531,44534.0,511010,sh,国债ETF国泰
2026-06-22,140.617,140.649,140.663,140.536,85941.0,511010,sh,国债ETF国泰
2026-06-23,140.644,140.558,140.644,140.544,25436.0,511010,sh,国债ETF国泰
2026-06-24,140.558,140.619,140.621,140.54,51554.0,511010,sh,国债ETF国泰
2026-06-25,140.7,140.636,140.701,140.607,24147.0,511010,sh,国债ETF国泰
2026-06-26,140.649,140.721,140.725,140.639,11854.0,511010,sh,国债ETF国泰
2026-06-29,140.742,140.845,140.848,140.742,18959.0,511010,sh,国债ETF国泰
2026-06-30,140.848,140.792,140.852,140.766,31562.0,511010,sh,国债ETF国泰
2026-07-01,140.781,140.637,140.781,140.599,53722.0,511010,sh,国债ETF国泰
2026-07-02,140.637,140.695,140.706,140.591,30623.0,511010,sh,国债ETF国泰
2026-07-03,140.65,140.695,140.699,140.641,137244.0,511010,sh,国债ETF国泰
