date,open,close,high,low,volume,code,market,name
2020-01-02,1.353,1.36,1.368,1.352,141630.0,510360,sh,沪深300ETF广发
2020-01-03,1.36,1.358,1.366,1.353,151829.0,510360,sh,沪深300ETF广发
2020-01-06,1.358,1.354,1.368,1.343,116898.0,510360,sh,沪深300ETF广发
2020-01-07,1.36,1.361,1.363,1.354,60381.0,510360,sh,沪深300ETF广发
2020-01-08,1.357,1.349,1.36,1.346,212650.0,510360,sh,沪深300ETF广发
2020-01-09,1.357,1.362,1.365,1.357,1479054.0,510360,sh,沪深300ETF广发
2020-01-10,1.364,1.365,1.373,1.361,78627.0,510360,sh,沪深300ETF广发
2020-01-13,1.365,1.378,1.378,1.36,28848.0,510360,sh,沪深300ETF广发
2020-01-14,1.382,1.372,1.384,1.372,76271.0,510360,sh,沪深300ETF广发
2020-01-15,1.373,1.364,1.373,1.361,134660.0,510360,sh,沪深300ETF广发
2020-01-16,1.365,1.361,1.366,1.358,105684.0,510360,sh,沪深300ETF广发
2020-01-17,1.361,1.363,1.368,1.357,1103786.0,510360,sh,沪深300ETF广发
2020-01-20,1.364,1.375,1.375,1.358,1466787.0,510360,sh,沪深300ETF广发
2020-01-21,1.375,1.351,1.375,1.348,149489.0,510360,sh,沪深300ETF广发
2020-01-22,1.345,1.356,1.359,1.326,407173.0,510360,sh,沪深300ETF广发
2020-01-23,1.331,1.316,1.345,1.301,100208.0,510360,sh,沪深300ETF广发
2020-02-03,1.261,1.192,1.266,1.184,253242.0,510360,sh,沪深300ETF广发
2020-02-04,1.19,1.242,1.243,1.19,436036.0,510360,sh,沪深300ETF广发
2020-02-05,1.243,1.257,1.268,1.24,167131.0,510360,sh,沪深300ETF广发
2020-02-06,1.257,1.279,1.287,1.249,268287.0,510360,sh,沪深300ETF广发
2020-02-07,1.273,1.277,1.278,1.262,140949.0,510360,sh,沪深300ETF广发
2020-02-10,1.276,1.282,1.284,1.266,164248.0,510360,sh,沪深300ETF广发
2020-02-11,1.282,1.295,1.301,1.282,98561.0,510360,sh,沪深300ETF广发
2020-02-12,1.29,1.306,1.306,1.29,85984.0,510360,sh,沪深300ETF广发
2020-02-13,1.302,1.297,1.309,1.296,86226.0,510360,sh,沪深300ETF广发
2020-02-14,1.3,1.308,1.312,1.297,76917.0,510360,sh,沪深300ETF广发
2020-02-17,1.313,1.335,1.337,1.313,62095.0,510360,sh,沪深300ETF广发
2020-02-18,1.336,1.329,1.336,1.318,59495.0,510360,sh,沪深300ETF广发
2020-02-19,1.327,1.327,1.339,1.325,64275.0,510360,sh,沪深300ETF广发
2020-02-20,1.327,1.357,1.362,1.327,140411.0,510360,sh,沪深300ETF广发
2020-02-21,1.357,1.362,1.372,1.355,30828.0,510360,sh,沪深300ETF广发
2020-02-24,1.357,1.354,1.36,1.342,61261.0,510360,sh,沪深300ETF广发
2020-02-25,1.34,1.351,1.354,1.318,136652.0,510360,sh,沪深300ETF广发
2020-02-26,1.34,1.334,1.351,1.33,244231.0,510360,sh,沪深300ETF广发
2020-02-27,1.338,1.337,1.346,1.331,203270.0,510360,sh,沪深300ETF广发
2020-02-28,1.326,1.293,1.326,1.287,207808.0,510360,sh,沪深300ETF广发
2020-03-02,1.292,1.337,1.345,1.292,101929.0,510360,sh,沪深300ETF广发
2020-03-03,1.35,1.339,1.361,1.337,44512.0,510360,sh,沪深300ETF广发
2020-03-04,1.339,1.348,1.349,1.331,55331.0,510360,sh,沪深300ETF广发
2020-03-05,1.355,1.379,1.385,1.355,45623.0,510360,sh,沪深300ETF广发
2020-03-06,1.379,1.36,1.379,1.358,33610.0,510360,sh,沪深300ETF广发
2020-03-09,1.36,1.314,1.36,1.311,24063.0,510360,sh,沪深300ETF广发
2020-03-10,1.316,1.339,1.34,1.299,168463.0,510360,sh,沪深300ETF广发
2020-03-11,1.339,1.321,1.342,1.321,547576.0,510360,sh,沪深300ETF广发
2020-03-12,1.321,1.296,1.321,1.288,211868.0,510360,sh,沪深300ETF广发
2020-03-13,1.265,1.28,1.295,1.228,181648.0,510360,sh,沪深300ETF广发
2020-03-16,1.282,1.223,1.292,1.22,121464.0,510360,sh,沪深300ETF广发
2020-03-17,1.233,1.219,1.247,1.188,285536.0,510360,sh,沪深300ETF广发
2020-03-18,1.22,1.196,1.24,1.194,82408.0,510360,sh,沪深300ETF广发
2020-03-19,1.191,1.182,1.2,1.151,93745.0,510360,sh,沪深300ETF广发
2020-03-20,1.185,1.203,1.204,1.177,31064.0,510360,sh,沪深300ETF广发
2020-03-23,1.195,1.159,1.195,1.156,71331.0,510360,sh,沪深300ETF广发
2020-03-24,1.179,1.192,1.194,1.167,104294.0,510360,sh,沪深300ETF广发
2020-03-25,1.201,1.227,1.229,1.201,158485.0,510360,sh,沪深300ETF广发
2020-03-26,1.227,1.216,1.228,1.211,176845.0,510360,sh,沪深300ETF广发
2020-03-27,1.226,1.222,1.236,1.221,158077.0,510360,sh,沪深300ETF广发
2020-03-30,1.211,1.209,1.213,1.197,167560.0,510360,sh,沪深300ETF广发
2020-03-31,1.213,1.213,1.221,1.208,189299.0,510360,sh,沪深300ETF广发
2020-04-01,1.211,1.209,1.227,1.206,118539.0,510360,sh,沪深300ETF广发
2020-04-02,1.209,1.227,1.23,1.203,32120.0,510360,sh,沪深300ETF广发
2020-04-03,1.228,1.221,1.228,1.216,39984.0,510360,sh,沪深300ETF广发
2020-04-07,1.233,1.248,1.25,1.233,68934.0,510360,sh,沪深300ETF广发
2020-04-08,1.248,1.243,1.248,1.238,73204.0,510360,sh,沪深300ETF广发
2020-04-09,1.252,1.247,1.252,1.245,60044.0,510360,sh,沪深300ETF广发
2020-04-10,1.249,1.24,1.255,1.235,123011.0,510360,sh,沪深300ETF广发
2020-04-13,1.237,1.235,1.238,1.231,35464.0,510360,sh,沪深300ETF广发
2020-04-14,1.239,1.256,1.256,1.239,57309.0,510360,sh,沪深300ETF广发
2020-04-15,1.253,1.248,1.258,1.247,13819.0,510360,sh,沪深300ETF广发
2020-04-16,1.244,1.249,1.252,1.241,30883.0,510360,sh,沪深300ETF广发
2020-04-17,1.256,1.264,1.269,1.256,54133.0,510360,sh,沪深300ETF广发
2020-04-20,1.264,1.268,1.279,1.257,98774.0,510360,sh,沪深300ETF广发
2020-04-21,1.268,1.252,1.268,1.242,206381.0,510360,sh,沪深300ETF广发
2020-04-22,1.252,1.262,1.262,1.242,68960.0,510360,sh,沪深300ETF广发
2020-04-23,1.263,1.26,1.269,1.256,107843.0,510360,sh,沪深300ETF广发
2020-04-24,1.262,1.249,1.262,1.245,254262.0,510360,sh,沪深300ETF广发
2020-04-27,1.27,1.254,1.27,1.247,256750.0,510360,sh,沪深300ETF广发
2020-04-28,1.258,1.267,1.269,1.24,128380.0,510360,sh,沪深300ETF广发
2020-04-29,1.267,1.266,1.275,1.257,38081.0,510360,sh,沪深300ETF广发
2020-04-30,1.273,1.288,1.29,1.273,97532.0,510360,sh,沪深300ETF广发
2020-05-06,1.276,1.294,1.295,1.264,167913.0,510360,sh,沪深300ETF广发
2020-05-07,1.284,1.29,1.294,1.284,177761.0,510360,sh,沪深300ETF广发
2020-05-08,1.292,1.304,1.31,1.292,82412.0,510360,sh,沪深300ETF广发
2020-05-11,1.309,1.302,1.315,1.299,56265.0,510360,sh,沪深300ETF广发
2020-05-12,1.302,1.302,1.304,1.294,34087.0,510360,sh,沪深300ETF广发
2020-05-13,1.298,1.306,1.307,1.295,14268.0,510360,sh,沪深300ETF广发
2020-05-14,1.303,1.293,1.303,1.292,103128.0,510360,sh,沪深300ETF广发
2020-05-15,1.313,1.288,1.313,1.286,77430.0,510360,sh,沪深300ETF广发
2020-05-18,1.29,1.291,1.298,1.283,99279.0,510360,sh,沪深300ETF广发
2020-05-19,1.301,1.302,1.305,1.297,144461.0,510360,sh,沪深300ETF广发
2020-05-20,1.302,1.295,1.302,1.291,58590.0,510360,sh,沪深300ETF广发
2020-05-21,1.297,1.287,1.3,1.286,60756.0,510360,sh,沪深300ETF广发
2020-05-22,1.286,1.262,1.286,1.257,85411.0,510360,sh,沪深300ETF广发
2020-05-25,1.262,1.261,1.263,1.252,43957.0,510360,sh,沪深300ETF广发
2020-05-26,1.261,1.276,1.276,1.261,61764.0,510360,sh,沪深300ETF广发
2020-05-27,1.273,1.268,1.276,1.264,24644.0,510360,sh,沪深300ETF广发
2020-05-28,1.263,1.268,1.28,1.257,1705688.0,510360,sh,沪深300ETF广发
2020-05-29,1.266,1.273,1.277,1.26,163677.0,510360,sh,沪深300ETF广发
2020-06-01,1.281,1.307,1.311,1.281,151410.0,510360,sh,沪深300ETF广发
2020-06-02,1.307,1.312,1.314,1.304,56482.0,510360,sh,沪深300ETF广发
2020-06-03,1.314,1.314,1.325,1.313,90566.0,510360,sh,沪深300ETF广发
2020-06-04,1.313,1.312,1.32,1.309,31656.0,510360,sh,沪深300ETF广发
2020-06-05,1.302,1.319,1.319,1.302,24826.0,510360,sh,沪深300ETF广发
2020-06-08,1.321,1.325,1.336,1.321,87269.0,510360,sh,沪深300ETF广发
2020-06-09,1.324,1.334,1.335,1.32,179424.0,510360,sh,沪深300ETF广发
2020-06-10,1.331,1.333,1.334,1.327,126100.0,510360,sh,沪深300ETF广发
2020-06-11,1.333,1.32,1.335,1.315,53383.0,510360,sh,沪深300ETF广发
2020-06-12,1.3,1.321,1.326,1.3,143853.0,510360,sh,沪深300ETF广发
2020-06-15,1.321,1.31,1.324,1.307,99990.0,510360,sh,沪深300ETF广发
2020-06-16,1.32,1.326,1.327,1.316,86251.0,510360,sh,沪深300ETF广发
2020-06-17,1.326,1.328,1.329,1.32,32106.0,510360,sh,沪深300ETF广发
2020-06-18,1.321,1.338,1.339,1.321,46282.0,510360,sh,沪深300ETF广发
2020-06-19,1.324,1.356,1.361,1.324,245150.0,510360,sh,沪深300ETF广发
2020-06-22,1.356,1.356,1.365,1.352,88404.0,510360,sh,沪深300ETF广发
2020-06-23,1.352,1.363,1.364,1.35,208277.0,510360,sh,沪深300ETF广发
2020-06-24,1.362,1.373,1.373,1.362,95516.0,510360,sh,沪深300ETF广发
2020-06-29,1.373,1.362,1.373,1.355,52731.0,510360,sh,沪深300ETF广发
2020-06-30,1.37,1.38,1.39,1.37,88873.0,510360,sh,沪深300ETF广发
2020-07-01,1.38,1.406,1.408,1.38,117947.0,510360,sh,沪深300ETF广发
2020-07-02,1.412,1.436,1.439,1.407,302454.0,510360,sh,沪深300ETF广发
2020-07-03,1.437,1.468,1.468,1.437,132955.0,510360,sh,沪深300ETF广发
2020-07-06,1.47,1.568,1.6,1.47,1797556.0,510360,sh,沪深300ETF广发
2020-07-07,1.591,1.559,1.7,1.553,211463.0,510360,sh,沪深300ETF广发
2020-07-08,1.558,1.584,1.595,1.548,719525.0,510360,sh,沪深300ETF广发
2020-07-09,1.581,1.605,1.61,1.574,766308.0,510360,sh,沪深300ETF广发
2020-07-10,1.581,1.578,1.602,1.572,417429.0,510360,sh,沪深300ETF广发
2020-07-13,1.575,1.612,1.621,1.575,416188.0,510360,sh,沪深300ETF广发
2020-07-14,1.611,1.597,1.615,1.574,739143.0,510360,sh,沪深300ETF广发
2020-07-15,1.594,1.578,1.611,1.573,860472.0,510360,sh,沪深300ETF广发
2020-07-16,1.58,1.509,1.592,1.505,348213.0,510360,sh,沪深300ETF广发
2020-07-17,1.51,1.515,1.536,1.498,361729.0,510360,sh,沪深300ETF广发
2020-07-20,1.512,1.564,1.566,1.512,208638.0,510360,sh,沪深300ETF广发
2020-07-21,1.564,1.564,1.575,1.556,130437.0,510360,sh,沪深300ETF广发
2020-07-22,1.567,1.577,1.603,1.565,97816.0,510360,sh,沪深300ETF广发
2020-07-23,1.579,1.575,1.582,1.541,85318.0,510360,sh,沪深300ETF广发
2020-07-24,1.575,1.508,1.575,1.497,86709.0,510360,sh,沪深300ETF广发
2020-07-27,1.524,1.516,1.528,1.499,50045.0,510360,sh,沪深300ETF广发
2020-07-28,1.519,1.528,1.534,1.518,77449.0,510360,sh,沪深300ETF广发
2020-07-29,1.521,1.568,1.57,1.512,45287.0,510360,sh,沪深300ETF广发
2020-07-30,1.568,1.56,1.581,1.557,29549.0,510360,sh,沪深300ETF广发
2020-07-31,1.553,1.571,1.589,1.547,23822.0,510360,sh,沪深300ETF广发
2020-08-03,1.575,1.596,1.596,1.575,154761.0,510360,sh,沪深300ETF广发
2020-08-04,1.596,1.596,1.607,1.588,275157.0,510360,sh,沪深300ETF广发
2020-08-05,1.596,1.596,1.601,1.576,643055.0,510360,sh,沪深300ETF广发
2020-08-06,1.591,1.593,1.605,1.57,257387.0,510360,sh,沪深300ETF广发
2020-08-07,1.592,1.576,1.592,1.553,95168.0,510360,sh,沪深300ETF广发
2020-08-10,1.579,1.581,1.591,1.553,25438.0,510360,sh,沪深300ETF广发
2020-08-11,1.581,1.569,1.603,1.564,27547.0,510360,sh,沪深300ETF广发
2020-08-12,1.569,1.557,1.569,1.53,47787.0,510360,sh,沪深300ETF广发
2020-08-13,1.557,1.552,1.562,1.548,26545.0,510360,sh,沪深300ETF广发
2020-08-14,1.553,1.579,1.579,1.55,78245.0,510360,sh,沪深300ETF广发
2020-08-17,1.58,1.614,1.621,1.58,66055.0,510360,sh,沪深300ETF广发
2020-08-18,1.62,1.611,1.62,1.604,56734.0,510360,sh,沪深300ETF广发
2020-08-19,1.611,1.593,1.612,1.589,39643.0,510360,sh,沪深300ETF广发
2020-08-20,1.59,1.57,1.59,1.565,30094.0,510360,sh,沪深300ETF广发
2020-08-21,1.57,1.584,1.592,1.57,15241.0,510360,sh,沪深300ETF广发
2020-08-24,1.584,1.596,1.614,1.583,23208.0,510360,sh,沪深300ETF广发
2020-08-25,1.6,1.598,1.612,1.593,15495.0,510360,sh,沪深300ETF广发
2020-08-26,1.598,1.58,1.608,1.576,20373.0,510360,sh,沪深300ETF广发
2020-08-27,1.587,1.589,1.589,1.573,6720.0,510360,sh,沪深300ETF广发
2020-08-28,1.589,1.627,1.627,1.585,26708.0,510360,sh,沪深300ETF广发
2020-08-31,1.627,1.62,1.646,1.616,22105.0,510360,sh,沪深300ETF广发
2020-09-01,1.62,1.628,1.629,1.612,22956.0,510360,sh,沪深300ETF广发
2020-09-02,1.629,1.627,1.635,1.613,51509.0,510360,sh,沪深300ETF广发
2020-09-03,1.631,1.619,1.638,1.614,54636.0,510360,sh,沪深300ETF广发
2020-09-04,1.6,1.604,1.609,1.591,41403.0,510360,sh,沪深300ETF广发
2020-09-07,1.605,1.572,1.61,1.566,60237.0,510360,sh,沪深300ETF广发
2020-09-08,1.573,1.58,1.583,1.561,45472.0,510360,sh,沪深300ETF广发
2020-09-09,1.575,1.543,1.575,1.533,36003.0,510360,sh,沪深300ETF广发
2020-09-10,1.56,1.541,1.571,1.54,13514.0,510360,sh,沪深300ETF广发
2020-09-11,1.542,1.558,1.559,1.536,12652.0,510360,sh,沪深300ETF广发
2020-09-14,1.557,1.565,1.57,1.556,80931.0,510360,sh,沪深300ETF广发
2020-09-15,1.566,1.578,1.578,1.557,99932.0,510360,sh,沪深300ETF广发
2020-09-16,1.581,1.569,1.584,1.557,24919.0,510360,sh,沪深300ETF广发
2020-09-17,1.561,1.56,1.581,1.55,17769.0,510360,sh,沪深300ETF广发
2020-09-18,1.561,1.596,1.597,1.551,30848.0,510360,sh,沪深300ETF广发
2020-09-21,1.601,1.582,1.617,1.578,154148.0,510360,sh,沪深300ETF广发
2020-09-22,1.579,1.562,1.584,1.558,75020.0,510360,sh,沪深300ETF广发
2020-09-23,1.563,1.567,1.572,1.557,49254.0,510360,sh,沪深300ETF广发
2020-09-24,1.566,1.539,1.566,1.536,91717.0,510360,sh,沪深300ETF广发
2020-09-25,1.54,1.542,1.55,1.535,51428.0,510360,sh,沪深300ETF广发
2020-09-28,1.542,1.542,1.554,1.538,215743.0,510360,sh,沪深300ETF广发
2020-09-29,1.545,1.549,1.556,1.545,333602.0,510360,sh,沪深300ETF广发
2020-09-30,1.561,1.547,1.561,1.535,126083.0,510360,sh,沪深300ETF广发
2020-10-09,1.555,1.577,1.582,1.555,25021.0,510360,sh,沪深300ETF广发
2020-10-12,1.59,1.624,1.626,1.585,35573.0,510360,sh,沪深300ETF广发
2020-10-13,1.625,1.631,1.633,1.613,27944.0,510360,sh,沪深300ETF广发
2020-10-14,1.631,1.619,1.631,1.615,22200.0,510360,sh,沪深300ETF广发
2020-10-15,1.63,1.619,1.63,1.615,10602.0,510360,sh,沪深300ETF广发
2020-10-16,1.62,1.615,1.625,1.607,70078.0,510360,sh,沪深300ETF广发
2020-10-19,1.62,1.603,1.634,1.6,63402.0,510360,sh,沪深300ETF广发
2020-10-20,1.602,1.614,1.615,1.598,6897.0,510360,sh,沪深300ETF广发
2020-10-21,1.616,1.614,1.617,1.605,24278.0,510360,sh,沪深300ETF广发
2020-10-22,1.61,1.611,1.616,1.592,16765.0,510360,sh,沪深300ETF广发
2020-10-23,1.611,1.595,1.618,1.589,22202.0,510360,sh,沪深300ETF广发
2020-10-26,1.595,1.583,1.615,1.567,29770.0,510360,sh,沪深300ETF广发
2020-10-27,1.576,1.586,1.59,1.575,16042.0,510360,sh,沪深300ETF广发
2020-10-28,1.575,1.595,1.601,1.575,28295.0,510360,sh,沪深300ETF广发
2020-10-29,1.59,1.613,1.619,1.581,115496.0,510360,sh,沪深300ETF广发
2020-10-30,1.61,1.584,1.611,1.58,113748.0,510360,sh,沪深300ETF广发
2020-11-02,1.584,1.592,1.597,1.583,80094.0,510360,sh,沪深300ETF广发
2020-11-03,1.598,1.61,1.617,1.597,89345.0,510360,sh,沪深300ETF广发
2020-11-04,1.608,1.622,1.627,1.607,79625.0,510360,sh,沪深300ETF广发
2020-11-05,1.626,1.644,1.646,1.626,100191.0,510360,sh,沪深300ETF广发
2020-11-06,1.65,1.646,1.65,1.634,48628.0,510360,sh,沪深300ETF广发
2020-11-09,1.647,1.678,1.685,1.647,96442.0,510360,sh,沪深300ETF广发
2020-11-10,1.697,1.67,1.697,1.662,83737.0,510360,sh,沪深300ETF广发
2020-11-11,1.661,1.654,1.67,1.653,52087.0,510360,sh,沪深300ETF广发
2020-11-12,1.654,1.655,1.661,1.65,69998.0,510360,sh,沪深300ETF广发
2020-11-13,1.654,1.639,1.654,1.629,34728.0,510360,sh,沪深300ETF广发
2020-11-16,1.641,1.653,1.653,1.635,22781.0,510360,sh,沪深300ETF广发
2020-11-17,1.658,1.651,1.659,1.641,8970.0,510360,sh,沪深300ETF广发
2020-11-18,1.661,1.652,1.661,1.642,26643.0,510360,sh,沪深300ETF广发
2020-11-19,1.65,1.664,1.667,1.642,24346.0,510360,sh,沪深300ETF广发
2020-11-20,1.655,1.669,1.67,1.655,20654.0,510360,sh,沪深300ETF广发
2020-11-23,1.666,1.687,1.694,1.666,18758.0,510360,sh,沪深300ETF广发
2020-11-24,1.69,1.679,1.69,1.675,49193.0,510360,sh,沪深300ETF广发
2020-11-25,1.682,1.658,1.691,1.658,64517.0,510360,sh,沪深300ETF广发
2020-11-26,1.658,1.66,1.661,1.643,63604.0,510360,sh,沪深300ETF广发
2020-11-27,1.658,1.681,1.681,1.658,58537.0,510360,sh,沪深300ETF广发
2020-11-30,1.678,1.677,1.707,1.675,62798.0,510360,sh,沪深300ETF广发
2020-12-01,1.677,1.71,1.712,1.677,69151.0,510360,sh,沪深300ETF广发
2020-12-02,1.71,1.71,1.718,1.702,149960.0,510360,sh,沪深300ETF广发
2020-12-03,1.71,1.709,1.713,1.7,163519.0,510360,sh,沪深300ETF广发
2020-12-04,1.71,1.711,1.712,1.694,104067.0,510360,sh,沪深300ETF广发
2020-12-07,1.711,1.698,1.711,1.693,84778.0,510360,sh,沪深300ETF广发
2020-12-08,1.7,1.693,1.704,1.689,41773.0,510360,sh,沪深300ETF广发
2020-12-09,1.696,1.671,1.701,1.669,106784.0,510360,sh,沪深300ETF广发
2020-12-10,1.671,1.668,1.677,1.663,61496.0,510360,sh,沪深300ETF广发
2020-12-11,1.669,1.652,1.675,1.639,50406.0,510360,sh,沪深300ETF广发
2020-12-14,1.653,1.666,1.666,1.652,27688.0,510360,sh,沪深300ETF广发
2020-12-15,1.666,1.669,1.672,1.655,29355.0,510360,sh,沪深300ETF广发
2020-12-16,1.672,1.671,1.675,1.666,13994.0,510360,sh,沪深300ETF广发
2020-12-17,1.672,1.694,1.697,1.67,61050.0,510360,sh,沪深300ETF广发
2020-12-18,1.696,1.69,1.697,1.682,61707.0,510360,sh,沪深300ETF广发
2020-12-21,1.69,1.707,1.707,1.678,45141.0,510360,sh,沪深300ETF广发
2020-12-22,1.707,1.678,1.707,1.675,63709.0,510360,sh,沪深300ETF广发
2020-12-23,1.689,1.691,1.699,1.68,48486.0,510360,sh,沪深300ETF广发
2020-12-24,1.691,1.69,1.699,1.683,49857.0,510360,sh,沪深300ETF广发
2020-12-25,1.688,1.702,1.703,1.679,184507.0,510360,sh,沪深300ETF广发
2020-12-28,1.702,1.709,1.719,1.699,47416.0,510360,sh,沪深300ETF广发
2020-12-29,1.71,1.703,1.717,1.702,37413.0,510360,sh,沪深300ETF广发
2020-12-30,1.701,1.724,1.724,1.701,42444.0,510360,sh,沪深300ETF广发
2020-12-31,1.732,1.758,1.761,1.728,37407.0,510360,sh,沪深300ETF广发
2021-01-04,1.76,1.779,1.786,1.753,104045.0,510360,sh,沪深300ETF广发
2021-01-05,1.79,1.812,1.814,1.76,59470.0,510360,sh,沪深300ETF广发
2021-01-06,1.812,1.828,1.837,1.806,36808.0,510360,sh,沪深300ETF广发
2021-01-07,1.838,1.86,1.865,1.826,101070.0,510360,sh,沪深300ETF广发
2021-01-08,1.883,1.857,1.886,1.839,46743.0,510360,sh,沪深300ETF广发
2021-01-11,1.857,1.839,1.875,1.829,68330.0,510360,sh,沪深300ETF广发
2021-01-12,1.839,1.891,1.895,1.789,45095.0,510360,sh,沪深300ETF广发
2021-01-13,1.891,1.883,1.905,1.874,47635.0,510360,sh,沪深300ETF广发
2021-01-14,1.884,1.853,1.884,1.845,62197.0,510360,sh,沪深300ETF广发
2021-01-15,1.873,1.849,1.874,1.822,79113.0,510360,sh,沪深300ETF广发
2021-01-18,1.846,1.864,1.873,1.823,124931.0,510360,sh,沪深300ETF广发
2021-01-19,1.865,1.836,1.868,1.829,223035.0,510360,sh,沪深300ETF广发
2021-01-20,1.836,1.847,1.856,1.834,120421.0,510360,sh,沪深300ETF广发
2021-01-21,1.852,1.879,1.889,1.852,137575.0,510360,sh,沪深300ETF广发
2021-01-22,1.879,1.88,1.883,1.863,118592.0,510360,sh,沪深300ETF广发
2021-01-25,1.881,1.901,1.913,1.871,85652.0,510360,sh,沪深300ETF广发
2021-01-26,1.901,1.867,1.901,1.86,115294.0,510360,sh,沪深300ETF广发
2021-01-27,1.865,1.864,1.87,1.839,178757.0,510360,sh,沪深300ETF广发
2021-01-28,1.854,1.817,1.854,1.81,218863.0,510360,sh,沪深300ETF广发
2021-01-29,1.826,1.808,1.833,1.786,178060.0,510360,sh,沪深300ETF广发
2021-02-01,1.808,1.829,1.83,1.805,173326.0,510360,sh,沪深300ETF广发
2021-02-02,1.829,1.857,1.858,1.826,227603.0,510360,sh,沪深300ETF广发
2021-02-03,1.858,1.85,1.868,1.848,206456.0,510360,sh,沪深300ETF广发
2021-02-04,1.851,1.846,1.857,1.826,422128.0,510360,sh,沪深300ETF广发
2021-02-05,1.847,1.851,1.873,1.847,259492.0,510360,sh,沪深300ETF广发
2021-02-08,1.851,1.874,1.881,1.851,161705.0,510360,sh,沪深300ETF广发
2021-02-09,1.874,1.919,1.921,1.874,363311.0,510360,sh,沪深300ETF广发
2021-02-10,1.919,1.959,1.968,1.919,308522.0,510360,sh,沪深300ETF广发
2021-02-18,2.0,1.947,2.008,1.94,227929.0,510360,sh,沪深300ETF广发
2021-02-19,1.946,1.951,1.954,1.913,280664.0,510360,sh,沪深300ETF广发
2021-02-22,1.945,1.889,1.951,1.889,163687.0,510360,sh,沪深300ETF广发
2021-02-23,1.889,1.886,1.905,1.875,114605.0,510360,sh,沪深300ETF广发
2021-02-24,1.887,1.835,1.893,1.817,265763.0,510360,sh,沪深300ETF广发
2021-02-25,1.84,1.851,1.865,1.839,164448.0,510360,sh,沪深300ETF广发
2021-02-26,1.836,1.803,1.836,1.798,272313.0,510360,sh,沪深300ETF广发
2021-03-01,1.823,1.83,1.83,1.807,142557.0,510360,sh,沪深300ETF广发
2021-03-02,1.838,1.808,1.841,1.792,147887.0,510360,sh,沪深300ETF广发
2021-03-03,1.804,1.838,1.84,1.798,123001.0,510360,sh,沪深300ETF广发
2021-03-04,1.834,1.79,1.834,1.778,155488.0,510360,sh,沪深300ETF广发
2021-03-05,1.776,1.783,1.795,1.752,133675.0,510360,sh,沪深300ETF广发
2021-03-08,1.787,1.722,1.801,1.718,204809.0,510360,sh,沪深300ETF广发
2021-03-09,1.722,1.686,1.722,1.665,205060.0,510360,sh,沪深300ETF广发
2021-03-10,1.69,1.691,1.71,1.685,114524.0,510360,sh,沪深300ETF广发
2021-03-11,1.705,1.732,1.735,1.696,277224.0,510360,sh,沪深300ETF广发
2021-03-12,1.738,1.741,1.743,1.721,137997.0,510360,sh,沪深300ETF广发
2021-03-15,1.736,1.704,1.741,1.69,160828.0,510360,sh,沪深300ETF广发
2021-03-16,1.709,1.713,1.719,1.696,63762.0,510360,sh,沪深300ETF广发
2021-03-17,1.713,1.723,1.734,1.697,100179.0,510360,sh,沪深300ETF广发
2021-03-18,1.723,1.739,1.743,1.723,59442.0,510360,sh,沪深300ETF广发
2021-03-19,1.729,1.698,1.729,1.685,121649.0,510360,sh,沪深300ETF广发
2021-03-22,1.698,1.708,1.714,1.688,69635.0,510360,sh,沪深300ETF广发
2021-03-23,1.708,1.696,1.711,1.679,37082.0,510360,sh,沪深300ETF广发
2021-03-24,1.69,1.671,1.7,1.666,78829.0,510360,sh,沪深300ETF广发
2021-03-25,1.671,1.669,1.68,1.655,66119.0,510360,sh,沪深300ETF广发
2021-03-26,1.676,1.701,1.708,1.676,277028.0,510360,sh,沪深300ETF广发
2021-03-29,1.713,1.706,1.718,1.693,163727.0,510360,sh,沪深300ETF广发
2021-03-30,1.701,1.722,1.725,1.701,79555.0,510360,sh,沪深300ETF广发
2021-03-31,1.717,1.712,1.717,1.697,52152.0,510360,sh,沪深300ETF广发
2021-04-01,1.71,1.728,1.731,1.71,42543.0,510360,sh,沪深300ETF广发
2021-04-02,1.728,1.745,1.747,1.728,46952.0,510360,sh,沪深300ETF广发
2021-04-06,1.747,1.738,1.752,1.73,46447.0,510360,sh,沪深300ETF广发
2021-04-07,1.738,1.726,1.738,1.715,44953.0,510360,sh,沪深300ETF广发
2021-04-08,1.729,1.729,1.735,1.715,22729.0,510360,sh,沪深300ETF广发
2021-04-09,1.73,1.708,1.73,1.701,57556.0,510360,sh,沪深300ETF广发
2021-04-12,1.707,1.68,1.716,1.67,63937.0,510360,sh,沪深300ETF广发
2021-04-13,1.68,1.675,1.69,1.666,44479.0,510360,sh,沪深300ETF广发
2021-04-14,1.675,1.684,1.687,1.67,35218.0,510360,sh,沪深300ETF广发
2021-04-15,1.684,1.676,1.685,1.659,57757.0,510360,sh,沪深300ETF广发
2021-04-16,1.677,1.678,1.685,1.665,35402.0,510360,sh,沪深300ETF广发
2021-04-19,1.678,1.719,1.723,1.673,49881.0,510360,sh,沪深300ETF广发
2021-04-20,1.715,1.72,1.733,1.71,72543.0,510360,sh,沪深300ETF广发
2021-04-21,1.721,1.726,1.73,1.66,25732.0,510360,sh,沪深300ETF广发
2021-04-22,1.73,1.727,1.731,1.717,55319.0,510360,sh,沪深300ETF广发
2021-04-23,1.723,1.738,1.744,1.723,57055.0,510360,sh,沪深300ETF广发
2021-04-26,1.741,1.721,1.758,1.718,55421.0,510360,sh,沪深300ETF广发
2021-04-27,1.721,1.727,1.732,1.712,42501.0,510360,sh,沪深300ETF广发
2021-04-28,1.724,1.738,1.738,1.713,28649.0,510360,sh,沪深300ETF广发
2021-04-29,1.74,1.753,1.755,1.735,27130.0,510360,sh,沪深300ETF广发
2021-04-30,1.754,1.739,1.761,1.728,45415.0,510360,sh,沪深300ETF广发
2021-05-06,1.748,1.717,1.748,1.71,274892.0,510360,sh,沪深300ETF广发
2021-05-07,1.734,1.698,1.734,1.695,133073.0,510360,sh,沪深300ETF广发
2021-05-10,1.706,1.695,1.706,1.682,82663.0,510360,sh,沪深300ETF广发
2021-05-11,1.7,1.703,1.708,1.672,60078.0,510360,sh,沪深300ETF广发
2021-05-12,1.703,1.713,1.715,1.693,40962.0,510360,sh,沪深300ETF广发
2021-05-13,1.701,1.696,1.705,1.688,68338.0,510360,sh,沪深300ETF广发
2021-05-14,1.697,1.735,1.738,1.694,40730.0,510360,sh,沪深300ETF广发
2021-05-17,1.735,1.76,1.765,1.732,273120.0,510360,sh,沪深300ETF广发
2021-05-18,1.757,1.76,1.765,1.75,131813.0,510360,sh,沪深300ETF广发
2021-05-19,1.76,1.756,1.76,1.745,49019.0,510360,sh,沪深300ETF广发
2021-05-20,1.752,1.765,1.766,1.749,39365.0,510360,sh,沪深300ETF广发
2021-05-21,1.766,1.742,1.77,1.742,108260.0,510360,sh,沪深300ETF广发
2021-05-24,1.742,1.752,1.752,1.73,59382.0,510360,sh,沪深300ETF广发
2021-05-25,1.75,1.804,1.809,1.75,87968.0,510360,sh,沪深300ETF广发
2021-05-26,1.806,1.807,1.814,1.802,86698.0,510360,sh,沪深300ETF广发
2021-05-27,1.807,1.815,1.826,1.795,138619.0,510360,sh,沪深300ETF广发
2021-05-28,1.819,1.807,1.819,1.796,326166.0,510360,sh,沪深300ETF广发
2021-05-31,1.807,1.81,1.81,1.794,43363.0,510360,sh,沪深300ETF广发
2021-06-01,1.807,1.814,1.816,1.789,38986.0,510360,sh,沪深300ETF广发
2021-06-02,1.819,1.798,1.819,1.791,48682.0,510360,sh,沪深300ETF广发
2021-06-03,1.798,1.787,1.806,1.787,41557.0,510360,sh,沪深300ETF广发
2021-06-04,1.787,1.797,1.815,1.776,69635.0,510360,sh,沪深300ETF广发
2021-06-07,1.798,1.795,1.802,1.785,46975.0,510360,sh,沪深300ETF广发
2021-06-08,1.79,1.781,1.81,1.769,56155.0,510360,sh,沪深300ETF广发
2021-06-09,1.781,1.784,1.788,1.776,36283.0,510360,sh,沪深300ETF广发
2021-06-10,1.784,1.793,1.804,1.782,65641.0,510360,sh,沪深300ETF广发
2021-06-11,1.793,1.78,1.803,1.777,41751.0,510360,sh,沪深300ETF广发
2021-06-15,1.778,1.761,1.782,1.75,58570.0,510360,sh,沪深300ETF广发
2021-06-16,1.76,1.734,1.76,1.728,78674.0,510360,sh,沪深300ETF广发
2021-06-17,1.734,1.741,1.748,1.73,83075.0,510360,sh,沪深300ETF广发
2021-06-18,1.74,1.743,1.751,1.728,95591.0,510360,sh,沪深300ETF广发
2021-06-21,1.737,1.739,1.75,1.728,56281.0,510360,sh,沪深300ETF广发
2021-06-22,1.74,1.747,1.749,1.736,78768.0,510360,sh,沪深300ETF广发
2021-06-23,1.748,1.757,1.767,1.745,41591.0,510360,sh,沪深300ETF广发
2021-06-24,1.758,1.763,1.764,1.751,39951.0,510360,sh,沪深300ETF广发
2021-06-25,1.763,1.792,1.797,1.763,46542.0,510360,sh,沪深300ETF广发
2021-06-28,1.792,1.795,1.798,1.786,20451.0,510360,sh,沪深300ETF广发
2021-06-29,1.795,1.775,1.795,1.772,25404.0,510360,sh,沪深300ETF广发
2021-06-30,1.774,1.787,1.789,1.774,41709.0,510360,sh,沪深300ETF广发
2021-07-01,1.787,1.787,1.799,1.773,125084.0,510360,sh,沪深300ETF广发
2021-07-02,1.788,1.736,1.788,1.734,256630.0,510360,sh,沪深300ETF广发
2021-07-05,1.736,1.738,1.743,1.73,43319.0,510360,sh,沪深300ETF广发
2021-07-06,1.74,1.742,1.743,1.723,196303.0,510360,sh,沪深300ETF广发
2021-07-07,1.742,1.759,1.765,1.735,951452.0,510360,sh,沪深300ETF广发
2021-07-08,1.762,1.743,1.764,1.738,183752.0,510360,sh,沪深300ETF广发
2021-07-09,1.736,1.737,1.745,1.719,245311.0,510360,sh,沪深300ETF广发
2021-07-12,1.739,1.761,1.771,1.739,47900.0,510360,sh,沪深300ETF广发
2021-07-13,1.764,1.764,1.771,1.756,33643.0,510360,sh,沪深300ETF广发
2021-07-14,1.761,1.749,1.761,1.745,36057.0,510360,sh,沪深300ETF广发
2021-07-15,1.749,1.77,1.772,1.745,36128.0,510360,sh,沪深300ETF广发
2021-07-16,1.77,1.757,1.771,1.753,44480.0,510360,sh,沪深300ETF广发
2021-07-19,1.754,1.762,1.767,1.738,25463.0,510360,sh,沪深300ETF广发
2021-07-20,1.757,1.755,1.76,1.746,31987.0,510360,sh,沪深300ETF广发
2021-07-21,1.759,1.768,1.777,1.758,72408.0,510360,sh,沪深300ETF广发
2021-07-22,1.771,1.771,1.778,1.766,65587.0,510360,sh,沪深300ETF广发
2021-07-23,1.771,1.754,1.771,1.751,62772.0,510360,sh,沪深300ETF广发
2021-07-26,1.754,1.698,1.754,1.677,116600.0,510360,sh,沪深300ETF广发
2021-07-27,1.698,1.642,1.706,1.638,118701.0,510360,sh,沪深300ETF广发
2021-07-28,1.642,1.645,1.65,1.614,147444.0,510360,sh,沪深300ETF广发
2021-07-29,1.651,1.67,1.674,1.651,81521.0,510360,sh,沪深300ETF广发
2021-07-30,1.668,1.658,1.668,1.643,28065.0,510360,sh,沪深300ETF广发
2021-08-02,1.658,1.701,1.705,1.643,84106.0,510360,sh,沪深300ETF广发
2021-08-03,1.698,1.701,1.71,1.686,24325.0,510360,sh,沪深300ETF广发
2021-08-04,1.71,1.716,1.717,1.697,39050.0,510360,sh,沪深300ETF广发
2021-08-05,1.716,1.709,1.724,1.699,27896.0,510360,sh,沪深300ETF广发
2021-08-06,1.708,1.702,1.708,1.692,32622.0,510360,sh,沪深300ETF广发
2021-08-09,1.702,1.72,1.727,1.69,35169.0,510360,sh,沪深300ETF广发
2021-08-10,1.72,1.74,1.743,1.705,80421.0,510360,sh,沪深300ETF广发
2021-08-11,1.74,1.735,1.745,1.728,42304.0,510360,sh,沪深300ETF广发
2021-08-12,1.736,1.718,1.736,1.715,41673.0,510360,sh,沪深300ETF广发
2021-08-13,1.716,1.707,1.726,1.7,15773.0,510360,sh,沪深300ETF广发
2021-08-16,1.707,1.71,1.719,1.702,42361.0,510360,sh,沪深300ETF广发
2021-08-17,1.705,1.672,1.717,1.666,54264.0,510360,sh,沪深300ETF广发
2021-08-18,1.676,1.688,1.696,1.666,35040.0,510360,sh,沪深300ETF广发
2021-08-19,1.688,1.68,1.689,1.671,71192.0,510360,sh,沪深300ETF广发
2021-08-20,1.68,1.651,1.68,1.633,46736.0,510360,sh,沪深300ETF广发
2021-08-23,1.651,1.671,1.677,1.651,56502.0,510360,sh,沪深300ETF广发
2021-08-24,1.672,1.691,1.698,1.671,36981.0,510360,sh,沪深300ETF广发
2021-08-25,1.69,1.694,1.696,1.686,106016.0,510360,sh,沪深300ETF广发
2021-08-26,1.695,1.662,1.695,1.66,352679.0,510360,sh,沪深300ETF广发
2021-08-27,1.66,1.668,1.683,1.66,52513.0,510360,sh,沪深300ETF广发
2021-08-30,1.67,1.664,1.675,1.655,129737.0,510360,sh,沪深300ETF广发
2021-08-31,1.664,1.663,1.67,1.641,69022.0,510360,sh,沪深300ETF广发
2021-09-01,1.665,1.686,1.699,1.65,71619.0,510360,sh,沪深300ETF广发
2021-09-02,1.685,1.685,1.692,1.678,38812.0,510360,sh,沪深300ETF广发
2021-09-03,1.687,1.676,1.691,1.673,37598.0,510360,sh,沪深300ETF广发
2021-09-06,1.676,1.706,1.71,1.676,86992.0,510360,sh,沪深300ETF广发
2021-09-07,1.706,1.729,1.734,1.7,77715.0,510360,sh,沪深300ETF广发
2021-09-08,1.727,1.719,1.735,1.715,23429.0,510360,sh,沪深300ETF广发
2021-09-09,1.718,1.72,1.722,1.707,29987.0,510360,sh,沪深300ETF广发
2021-09-10,1.72,1.735,1.745,1.72,34898.0,510360,sh,沪深300ETF广发
2021-09-13,1.736,1.728,1.74,1.717,94968.0,510360,sh,沪深300ETF广发
2021-09-14,1.725,1.704,1.73,1.699,39718.0,510360,sh,沪深300ETF广发
2021-09-15,1.703,1.685,1.703,1.676,52012.0,510360,sh,沪深300ETF广发
2021-09-16,1.686,1.668,1.69,1.666,53432.0,510360,sh,沪深300ETF广发
2021-09-17,1.672,1.681,1.684,1.661,33563.0,510360,sh,沪深300ETF广发
2021-09-22,1.674,1.673,1.676,1.656,41537.0,510360,sh,沪深300ETF广发
2021-09-23,1.678,1.681,1.691,1.674,55065.0,510360,sh,沪深300ETF广发
2021-09-24,1.681,1.685,1.696,1.67,73040.0,510360,sh,沪深300ETF广发
2021-09-27,1.686,1.694,1.706,1.681,78612.0,510360,sh,沪深300ETF广发
2021-09-28,1.694,1.692,1.7,1.684,24389.0,510360,sh,沪深300ETF广发
2021-09-29,1.685,1.678,1.687,1.668,162524.0,510360,sh,沪深300ETF广发
2021-09-30,1.678,1.687,1.693,1.678,73004.0,510360,sh,沪深300ETF广发
2021-10-08,1.692,1.709,1.712,1.692,60386.0,510360,sh,沪深300ETF广发
2021-10-11,1.71,1.71,1.727,1.708,24065.0,510360,sh,沪深300ETF广发
2021-10-12,1.71,1.693,1.718,1.677,50825.0,510360,sh,沪深300ETF广发
2021-10-13,1.692,1.712,1.716,1.686,49021.0,510360,sh,沪深300ETF广发
2021-10-14,1.709,1.702,1.716,1.699,33150.0,510360,sh,沪深300ETF广发
2021-10-15,1.7,1.709,1.711,1.694,39964.0,510360,sh,沪深300ETF广发
2021-10-18,1.709,1.69,1.709,1.677,73639.0,510360,sh,沪深300ETF广发
2021-10-19,1.688,1.704,1.708,1.687,38942.0,510360,sh,沪深300ETF广发
2021-10-20,1.703,1.702,1.714,1.695,180575.0,510360,sh,沪深300ETF广发
2021-10-21,1.703,1.707,1.716,1.695,172303.0,510360,sh,沪深300ETF广发
2021-10-22,1.707,1.719,1.729,1.707,219595.0,510360,sh,沪深300ETF广发
2021-10-25,1.727,1.724,1.727,1.707,49242.0,510360,sh,沪深300ETF广发
2021-10-26,1.723,1.717,1.734,1.715,48818.0,510360,sh,沪深300ETF广发
2021-10-27,1.719,1.697,1.719,1.692,61078.0,510360,sh,沪深300ETF广发
2021-10-28,1.697,1.689,1.697,1.682,38247.0,510360,sh,沪深300ETF广发
2021-10-29,1.689,1.699,1.699,1.684,20037.0,510360,sh,沪深300ETF广发
2021-11-01,1.698,1.695,1.702,1.686,30068.0,510360,sh,沪深300ETF广发
2021-11-02,1.696,1.679,1.705,1.666,80849.0,510360,sh,沪深300ETF广发
2021-11-03,1.68,1.674,1.686,1.668,47921.0,510360,sh,沪深300ETF广发
2021-11-04,1.668,1.687,1.69,1.668,22806.0,510360,sh,沪深300ETF广发
2021-11-05,1.688,1.682,1.696,1.681,15365.0,510360,sh,沪深300ETF广发
2021-11-08,1.68,1.682,1.69,1.674,50427.0,510360,sh,沪深300ETF广发
2021-11-09,1.682,1.68,1.69,1.671,28929.0,510360,sh,沪深300ETF广发
2021-11-10,1.68,1.672,1.68,1.655,92077.0,510360,sh,沪深300ETF广发
2021-11-11,1.672,1.698,1.7,1.671,48708.0,510360,sh,沪深300ETF广发
2021-11-12,1.701,1.697,1.703,1.691,22027.0,510360,sh,沪深300ETF广发
2021-11-15,1.697,1.697,1.704,1.689,13612.0,510360,sh,沪深300ETF广发
2021-11-16,1.697,1.695,1.705,1.692,56147.0,510360,sh,沪深300ETF广发
2021-11-17,1.695,1.692,1.698,1.688,32277.0,510360,sh,沪深300ETF广发
2021-11-18,1.692,1.68,1.692,1.677,27992.0,510360,sh,沪深300ETF广发
2021-11-19,1.68,1.699,1.7,1.679,26474.0,510360,sh,沪深300ETF广发
2021-11-22,1.692,1.704,1.706,1.692,40568.0,510360,sh,沪深300ETF广发
2021-11-23,1.703,1.705,1.71,1.7,48199.0,510360,sh,沪深300ETF广发
2021-11-24,1.705,1.707,1.714,1.7,18601.0,510360,sh,沪深300ETF广发
2021-11-25,1.707,1.699,1.707,1.696,17122.0,510360,sh,沪深300ETF广发
2021-11-26,1.701,1.688,1.701,1.684,22745.0,510360,sh,沪深300ETF广发
2021-11-29,1.68,1.681,1.688,1.676,45453.0,510360,sh,沪深300ETF广发
2021-11-30,1.681,1.678,1.69,1.668,108386.0,510360,sh,沪深300ETF广发
2021-12-01,1.678,1.68,1.682,1.673,349604.0,510360,sh,沪深300ETF广发
2021-12-02,1.679,1.684,1.689,1.674,119358.0,510360,sh,沪深300ETF广发
2021-12-03,1.685,1.701,1.702,1.683,72506.0,510360,sh,沪深300ETF广发
2021-12-06,1.703,1.699,1.715,1.696,74935.0,510360,sh,沪深300ETF广发
2021-12-07,1.699,1.708,1.711,1.696,158162.0,510360,sh,沪深300ETF广发
2021-12-08,1.708,1.733,1.734,1.703,96613.0,510360,sh,沪深300ETF广发
2021-12-09,1.734,1.758,1.775,1.734,84256.0,510360,sh,沪深300ETF广发
2021-12-10,1.76,1.752,1.76,1.747,31958.0,510360,sh,沪深300ETF广发
2021-12-13,1.758,1.76,1.78,1.756,151519.0,510360,sh,沪深300ETF广发
2021-12-14,1.758,1.749,1.759,1.746,72786.0,510360,sh,沪深300ETF广发
2021-12-15,1.748,1.737,1.754,1.735,142147.0,510360,sh,沪深300ETF广发
2021-12-16,1.742,1.746,1.746,1.73,27679.0,510360,sh,沪深300ETF广发
2021-12-17,1.745,1.722,1.745,1.721,34221.0,510360,sh,沪深300ETF广发
2021-12-20,1.722,1.696,1.727,1.692,43772.0,510360,sh,沪深300ETF广发
2021-12-21,1.701,1.706,1.707,1.693,54566.0,510360,sh,沪深300ETF广发
2021-12-22,1.705,1.706,1.713,1.703,58982.0,510360,sh,沪深300ETF广发
2021-12-23,1.709,1.718,1.718,1.703,32983.0,510360,sh,沪深300ETF广发
2021-12-24,1.719,1.712,1.723,1.705,81539.0,510360,sh,沪深300ETF广发
2021-12-27,1.714,1.713,1.718,1.701,29401.0,510360,sh,沪深300ETF广发
2021-12-28,1.714,1.721,1.722,1.707,39877.0,510360,sh,沪深300ETF广发
2021-12-29,1.719,1.699,1.719,1.697,67016.0,510360,sh,沪深300ETF广发
2021-12-30,1.699,1.711,1.718,1.697,40198.0,510360,sh,沪深300ETF广发
2021-12-31,1.72,1.715,1.72,1.709,39059.0,510360,sh,沪深300ETF广发
2022-01-04,1.719,1.711,1.72,1.695,62944.0,510360,sh,沪深300ETF广发
2022-01-05,1.71,1.694,1.711,1.688,46333.0,510360,sh,沪深300ETF广发
2022-01-06,1.688,1.677,1.692,1.666,20654.0,510360,sh,沪深300ETF广发
2022-01-07,1.678,1.684,1.692,1.678,38540.0,510360,sh,沪深300ETF广发
2022-01-10,1.684,1.683,1.684,1.664,151803.0,510360,sh,沪深300ETF广发
2022-01-11,1.677,1.668,1.686,1.666,195254.0,510360,sh,沪深300ETF广发
2022-01-12,1.67,1.685,1.688,1.67,42625.0,510360,sh,沪深300ETF广发
2022-01-13,1.685,1.658,1.69,1.657,33297.0,510360,sh,沪深300ETF广发
2022-01-14,1.654,1.644,1.658,1.642,25540.0,510360,sh,沪深300ETF广发
2022-01-17,1.654,1.657,1.66,1.645,33633.0,510360,sh,沪深300ETF广发
2022-01-18,1.657,1.677,1.68,1.653,96576.0,510360,sh,沪深300ETF广发
2022-01-19,1.681,1.664,1.683,1.657,164620.0,510360,sh,沪深300ETF广发
2022-01-20,1.664,1.676,1.685,1.664,61135.0,510360,sh,沪深300ETF广发
2022-01-21,1.678,1.667,1.678,1.66,59529.0,510360,sh,沪深300ETF广发
2022-01-24,1.666,1.664,1.67,1.652,19701.0,510360,sh,沪深300ETF广发
2022-01-25,1.661,1.63,1.663,1.629,39863.0,510360,sh,沪深300ETF广发
2022-01-26,1.628,1.638,1.639,1.619,24840.0,510360,sh,沪深300ETF广发
2022-01-27,1.632,1.609,1.638,1.607,123010.0,510360,sh,沪深300ETF广发
2022-01-28,1.62,1.587,1.621,1.587,112822.0,510360,sh,沪深300ETF广发
2022-02-07,1.606,1.614,1.627,1.604,23525.0,510360,sh,沪深300ETF广发
2022-02-08,1.605,1.605,1.606,1.573,60862.0,510360,sh,沪深300ETF广发
2022-02-09,1.601,1.622,1.625,1.599,63744.0,510360,sh,沪深300ETF广发
2022-02-10,1.62,1.62,1.621,1.607,40050.0,510360,sh,沪深300ETF广发
2022-02-11,1.611,1.603,1.623,1.603,62124.0,510360,sh,沪深300ETF广发
2022-02-14,1.602,1.583,1.602,1.576,55424.0,510360,sh,沪深300ETF广发
2022-02-15,1.586,1.599,1.599,1.583,45941.0,510360,sh,沪深300ETF广发
2022-02-16,1.602,1.606,1.613,1.602,70833.0,510360,sh,沪深300ETF广发
2022-02-17,1.603,1.608,1.618,1.603,56184.0,510360,sh,沪深300ETF广发
2022-02-18,1.602,1.617,1.617,1.6,37093.0,510360,sh,沪深300ETF广发
2022-02-21,1.616,1.615,1.616,1.608,98440.0,510360,sh,沪深300ETF广发
2022-02-22,1.614,1.592,1.614,1.583,56996.0,510360,sh,沪深300ETF广发
2022-02-23,1.591,1.611,1.613,1.591,46446.0,510360,sh,沪深300ETF广发
2022-02-24,1.605,1.58,1.607,1.566,116247.0,510360,sh,沪深300ETF广发
2022-02-25,1.585,1.592,1.607,1.585,48624.0,510360,sh,沪深300ETF广发
2022-02-28,1.591,1.593,1.593,1.577,49415.0,510360,sh,沪深300ETF广发
2022-03-01,1.595,1.605,1.607,1.593,37094.0,510360,sh,沪深300ETF广发
2022-03-02,1.6,1.599,1.6,1.588,55933.0,510360,sh,沪深300ETF广发
2022-03-03,1.602,1.583,1.605,1.582,37654.0,510360,sh,沪深300ETF广发
2022-03-04,1.58,1.568,1.581,1.56,45772.0,510360,sh,沪深300ETF广发
2022-03-07,1.563,1.516,1.563,1.511,72093.0,510360,sh,沪深300ETF广发
2022-03-08,1.515,1.485,1.526,1.479,114494.0,510360,sh,沪深300ETF广发
2022-03-09,1.486,1.473,1.5,1.418,222822.0,510360,sh,沪深300ETF广发
2022-03-10,1.496,1.495,1.507,1.492,66778.0,510360,sh,沪深300ETF广发
2022-03-11,1.484,1.503,1.506,1.457,71548.0,510360,sh,沪深300ETF广发
2022-03-14,1.503,1.456,1.505,1.455,41317.0,510360,sh,沪深300ETF广发
2022-03-15,1.454,1.396,1.454,1.387,71109.0,510360,sh,沪深300ETF广发
2022-03-16,1.398,1.445,1.449,1.373,160240.0,510360,sh,沪深300ETF广发
2022-03-17,1.458,1.472,1.494,1.458,74620.0,510360,sh,沪深300ETF广发
2022-03-18,1.459,1.485,1.49,1.459,61245.0,510360,sh,沪深300ETF广发
2022-03-21,1.485,1.481,1.492,1.468,43389.0,510360,sh,沪深300ETF广发
2022-03-22,1.477,1.483,1.492,1.471,53751.0,510360,sh,沪深300ETF广发
2022-03-23,1.478,1.485,1.492,1.478,32671.0,510360,sh,沪深300ETF广发
2022-03-24,1.486,1.48,1.49,1.466,170998.0,510360,sh,沪深300ETF广发
2022-03-25,1.48,1.454,1.484,1.452,171963.0,510360,sh,沪深300ETF广发
2022-03-28,1.448,1.45,1.456,1.425,127751.0,510360,sh,沪深300ETF广发
2022-03-29,1.451,1.438,1.464,1.437,26114.0,510360,sh,沪深300ETF广发
2022-03-30,1.448,1.478,1.48,1.447,63781.0,510360,sh,沪深300ETF广发
2022-03-31,1.479,1.47,1.479,1.467,68466.0,510360,sh,沪深300ETF广发
2022-04-01,1.456,1.485,1.492,1.45,67008.0,510360,sh,沪深300ETF广发
2022-04-06,1.487,1.482,1.487,1.472,73102.0,510360,sh,沪深300ETF广发
2022-04-07,1.476,1.465,1.487,1.462,34390.0,510360,sh,沪深300ETF广发
2022-04-08,1.477,1.473,1.477,1.456,45653.0,510360,sh,沪深300ETF广发
2022-04-11,1.473,1.431,1.473,1.426,68912.0,510360,sh,沪深300ETF广发
2022-04-12,1.429,1.452,1.452,1.42,67178.0,510360,sh,沪深300ETF广发
2022-04-13,1.442,1.443,1.461,1.44,65233.0,510360,sh,沪深300ETF广发
2022-04-14,1.452,1.457,1.466,1.447,79161.0,510360,sh,沪深300ETF广发
2022-04-15,1.447,1.458,1.468,1.445,109009.0,510360,sh,沪深300ETF广发
2022-04-18,1.456,1.451,1.456,1.435,61388.0,510360,sh,沪深300ETF广发
2022-04-19,1.451,1.44,1.458,1.431,56024.0,510360,sh,沪深300ETF广发
2022-04-20,1.442,1.418,1.442,1.415,84245.0,510360,sh,沪深300ETF广发
2022-04-21,1.418,1.395,1.425,1.385,90557.0,510360,sh,沪深300ETF广发
2022-04-22,1.39,1.397,1.407,1.379,82200.0,510360,sh,沪深300ETF广发
2022-04-25,1.387,1.33,1.387,1.329,107367.0,510360,sh,沪深300ETF广发
2022-04-26,1.331,1.318,1.386,1.315,126451.0,510360,sh,沪深300ETF广发
2022-04-27,1.31,1.353,1.354,1.31,111369.0,510360,sh,沪深300ETF广发
2022-04-28,1.353,1.365,1.372,1.346,107427.0,510360,sh,沪深300ETF广发
2022-04-29,1.367,1.399,1.4,1.359,90074.0,510360,sh,沪深300ETF广发
2022-05-05,1.393,1.397,1.406,1.39,95456.0,510360,sh,沪深300ETF广发
2022-05-06,1.386,1.367,1.386,1.36,100186.0,510360,sh,沪深300ETF广发
2022-05-09,1.368,1.351,1.368,1.343,73122.0,510360,sh,沪深300ETF广发
2022-05-10,1.34,1.37,1.374,1.328,70860.0,510360,sh,沪深300ETF广发
2022-05-11,1.37,1.385,1.405,1.367,87519.0,510360,sh,沪深300ETF广发
2022-05-12,1.378,1.379,1.39,1.371,53321.0,510360,sh,沪深300ETF广发
2022-05-13,1.389,1.39,1.395,1.38,53091.0,510360,sh,沪深300ETF广发
2022-05-16,1.392,1.379,1.4,1.376,57233.0,510360,sh,沪深300ETF广发
2022-05-17,1.38,1.392,1.395,1.379,75534.0,510360,sh,沪深300ETF广发
2022-05-18,1.392,1.393,1.402,1.382,52439.0,510360,sh,沪深300ETF广发
2022-05-19,1.379,1.394,1.394,1.368,64663.0,510360,sh,沪深300ETF广发
2022-05-20,1.392,1.422,1.423,1.392,119914.0,510360,sh,沪深300ETF广发
2022-05-23,1.417,1.412,1.418,1.403,60028.0,510360,sh,沪深300ETF广发
2022-05-24,1.412,1.384,1.412,1.382,56243.0,510360,sh,沪深300ETF广发
2022-05-25,1.384,1.392,1.393,1.379,137038.0,510360,sh,沪深300ETF广发
2022-05-26,1.393,1.392,1.403,1.375,142503.0,510360,sh,沪深300ETF广发
2022-05-27,1.396,1.4,1.415,1.394,78225.0,510360,sh,沪深300ETF广发
2022-05-30,1.404,1.408,1.412,1.399,75856.0,510360,sh,沪深300ETF广发
2022-05-31,1.401,1.428,1.433,1.401,78001.0,510360,sh,沪深300ETF广发
2022-06-01,1.43,1.428,1.433,1.42,76334.0,510360,sh,沪深300ETF广发
2022-06-02,1.423,1.43,1.432,1.42,75200.0,510360,sh,沪深300ETF广发
2022-06-06,1.43,1.457,1.457,1.422,62162.0,510360,sh,沪深300ETF广发
2022-06-07,1.458,1.457,1.465,1.445,99977.0,510360,sh,沪深300ETF广发
2022-06-08,1.456,1.47,1.473,1.453,79460.0,510360,sh,沪深300ETF广发
2022-06-09,1.467,1.46,1.475,1.456,59091.0,510360,sh,沪深300ETF广发
2022-06-10,1.447,1.48,1.483,1.446,70156.0,510360,sh,沪深300ETF广发
2022-06-13,1.47,1.466,1.471,1.453,44787.0,510360,sh,沪深300ETF广发
2022-06-14,1.46,1.475,1.476,1.435,83570.0,510360,sh,沪深300ETF广发
2022-06-15,1.474,1.496,1.52,1.474,68945.0,510360,sh,沪深300ETF广发
2022-06-16,1.498,1.485,1.509,1.481,86082.0,510360,sh,沪深300ETF广发
2022-06-17,1.48,1.509,1.512,1.478,126183.0,510360,sh,沪深300ETF广发
2022-06-20,1.51,1.52,1.532,1.505,104824.0,510360,sh,沪深300ETF广发
2022-06-21,1.53,1.517,1.535,1.505,109178.0,510360,sh,沪深300ETF广发
2022-06-22,1.517,1.498,1.518,1.497,104213.0,510360,sh,沪深300ETF广发
2022-06-23,1.504,1.521,1.522,1.497,132302.0,510360,sh,沪深300ETF广发
2022-06-24,1.528,1.538,1.541,1.522,43257.0,510360,sh,沪深300ETF广发
2022-06-27,1.54,1.556,1.568,1.54,79598.0,510360,sh,沪深300ETF广发
2022-06-28,1.573,1.569,1.573,1.543,73614.0,510360,sh,沪深300ETF广发
2022-06-29,1.576,1.553,1.576,1.549,58764.0,510360,sh,沪深300ETF广发
2022-06-30,1.57,1.572,1.583,1.556,112465.0,510360,sh,沪深300ETF广发
2022-07-01,1.579,1.567,1.579,1.56,59945.0,510360,sh,沪深300ETF广发
2022-07-04,1.575,1.576,1.576,1.551,73357.0,510360,sh,沪深300ETF广发
2022-07-05,1.581,1.573,1.589,1.556,78835.0,510360,sh,沪深300ETF广发
2022-07-06,1.577,1.556,1.577,1.545,84294.0,510360,sh,沪深300ETF广发
2022-07-07,1.556,1.557,1.566,1.544,78045.0,510360,sh,沪深300ETF广发
2022-07-08,1.56,1.558,1.574,1.556,69508.0,510360,sh,沪深300ETF广发
2022-07-11,1.558,1.533,1.558,1.525,72251.0,510360,sh,沪深300ETF广发
2022-07-12,1.523,1.52,1.537,1.514,59428.0,510360,sh,沪深300ETF广发
2022-07-13,1.514,1.519,1.526,1.511,55016.0,510360,sh,沪深300ETF广发
2022-07-14,1.518,1.523,1.532,1.512,62470.0,510360,sh,沪深300ETF广发
2022-07-15,1.516,1.499,1.534,1.498,52815.0,510360,sh,沪深300ETF广发
2022-07-18,1.5,1.516,1.519,1.492,62399.0,510360,sh,沪深300ETF广发
2022-07-19,1.516,1.508,1.516,1.497,105130.0,510360,sh,沪深300ETF广发
2022-07-20,1.515,1.51,1.519,1.507,33056.0,510360,sh,沪深300ETF广发
2022-07-21,1.52,1.494,1.52,1.494,75307.0,510360,sh,沪深300ETF广发
2022-07-22,1.502,1.498,1.512,1.487,111776.0,510360,sh,沪深300ETF广发
2022-07-25,1.503,1.49,1.505,1.484,50243.0,510360,sh,沪深300ETF广发
2022-07-26,1.494,1.498,1.505,1.488,109913.0,510360,sh,沪深300ETF广发
2022-07-27,1.494,1.491,1.498,1.488,41129.0,510360,sh,沪深300ETF广发
2022-07-28,1.493,1.491,1.51,1.49,73705.0,510360,sh,沪深300ETF广发
2022-07-29,1.492,1.471,1.5,1.467,121571.0,510360,sh,沪深300ETF广发
2022-08-01,1.471,1.48,1.482,1.458,68623.0,510360,sh,沪深300ETF广发
2022-08-02,1.47,1.454,1.477,1.443,152515.0,510360,sh,沪深300ETF广发
2022-08-03,1.453,1.439,1.472,1.436,103709.0,510360,sh,沪深300ETF广发
2022-08-04,1.441,1.45,1.451,1.438,77875.0,510360,sh,沪深300ETF广发
2022-08-05,1.453,1.47,1.474,1.449,150996.0,510360,sh,沪深300ETF广发
2022-08-08,1.47,1.47,1.472,1.464,77246.0,510360,sh,沪深300ETF广发
2022-08-09,1.472,1.47,1.472,1.465,53130.0,510360,sh,沪深300ETF广发
2022-08-10,1.475,1.457,1.475,1.449,70255.0,510360,sh,沪深300ETF广发
2022-08-11,1.459,1.484,1.487,1.459,89561.0,510360,sh,沪深300ETF广发
2022-08-12,1.488,1.485,1.488,1.479,71066.0,510360,sh,沪深300ETF广发
2022-08-15,1.483,1.482,1.494,1.478,66790.0,510360,sh,沪深300ETF广发
2022-08-16,1.488,1.478,1.49,1.475,57869.0,510360,sh,沪深300ETF广发
2022-08-17,1.483,1.492,1.496,1.47,83101.0,510360,sh,沪深300ETF广发
2022-08-18,1.496,1.481,1.496,1.478,126533.0,510360,sh,沪深300ETF广发
2022-08-19,1.485,1.472,1.485,1.471,86492.0,510360,sh,沪深300ETF广发
2022-08-22,1.468,1.478,1.482,1.466,90773.0,510360,sh,沪深300ETF广发
2022-08-23,1.477,1.475,1.483,1.468,54387.0,510360,sh,沪深300ETF广发
2022-08-24,1.473,1.448,1.478,1.444,103592.0,510360,sh,沪深300ETF广发
2022-08-25,1.455,1.46,1.461,1.44,146588.0,510360,sh,沪深300ETF广发
2022-08-26,1.459,1.459,1.465,1.455,82053.0,510360,sh,沪深300ETF广发
2022-08-29,1.455,1.45,1.455,1.431,85997.0,510360,sh,沪深300ETF广发
2022-08-30,1.448,1.448,1.451,1.435,81589.0,510360,sh,沪深300ETF广发
2022-08-31,1.445,1.445,1.459,1.437,101109.0,510360,sh,沪深300ETF广发
2022-09-01,1.447,1.432,1.451,1.431,90432.0,510360,sh,沪深300ETF广发
2022-09-02,1.433,1.427,1.445,1.419,84814.0,510360,sh,沪深300ETF广发
2022-09-05,1.427,1.426,1.427,1.413,67098.0,510360,sh,沪深300ETF广发
2022-09-06,1.426,1.437,1.437,1.424,101190.0,510360,sh,沪深300ETF广发
2022-09-07,1.449,1.44,1.449,1.431,55888.0,510360,sh,沪深300ETF广发
2022-09-08,1.442,1.432,1.442,1.43,66849.0,510360,sh,沪深300ETF广发
2022-09-09,1.433,1.45,1.453,1.433,61707.0,510360,sh,沪深300ETF广发
2022-09-13,1.451,1.458,1.462,1.451,73118.0,510360,sh,沪深300ETF广发
2022-09-14,1.451,1.442,1.451,1.438,45657.0,510360,sh,沪深300ETF广发
2022-09-15,1.446,1.43,1.448,1.42,88365.0,510360,sh,沪深300ETF广发
2022-09-16,1.43,1.398,1.43,1.394,140220.0,510360,sh,沪深300ETF广发
2022-09-19,1.399,1.394,1.408,1.387,104695.0,510360,sh,沪深300ETF广发
2022-09-20,1.398,1.393,1.403,1.389,88483.0,510360,sh,沪深300ETF广发
2022-09-21,1.39,1.385,1.393,1.378,104022.0,510360,sh,沪深300ETF广发
2022-09-22,1.386,1.373,1.386,1.37,88755.0,510360,sh,沪深300ETF广发
2022-09-23,1.38,1.371,1.38,1.358,145835.0,510360,sh,沪深300ETF广发
2022-09-26,1.369,1.361,1.379,1.358,149723.0,510360,sh,沪深300ETF广发
2022-09-27,1.368,1.377,1.38,1.359,96722.0,510360,sh,沪深300ETF广发
2022-09-28,1.374,1.359,1.374,1.359,96229.0,510360,sh,沪深300ETF广发
2022-09-29,1.365,1.358,1.374,1.351,67200.0,510360,sh,沪深300ETF广发
2022-09-30,1.362,1.35,1.37,1.347,73168.0,510360,sh,沪深300ETF广发
2022-10-10,1.351,1.322,1.353,1.318,81904.0,510360,sh,沪深300ETF广发
2022-10-11,1.328,1.323,1.328,1.317,75055.0,510360,sh,沪深300ETF广发
2022-10-12,1.325,1.343,1.343,1.3,149031.0,510360,sh,沪深300ETF广发
2022-10-13,1.34,1.332,1.341,1.328,84179.0,510360,sh,沪深300ETF广发
2022-10-14,1.332,1.36,1.368,1.332,71140.0,510360,sh,沪深300ETF广发
2022-10-17,1.357,1.362,1.365,1.35,105765.0,510360,sh,沪深300ETF广发
2022-10-18,1.373,1.361,1.373,1.358,72826.0,510360,sh,沪深300ETF广发
2022-10-19,1.348,1.339,1.362,1.338,69960.0,510360,sh,沪深300ETF广发
2022-10-20,1.339,1.333,1.35,1.323,93903.0,510360,sh,沪深300ETF广发
2022-10-21,1.334,1.327,1.337,1.32,63431.0,510360,sh,沪深300ETF广发
2022-10-24,1.327,1.293,1.338,1.289,141760.0,510360,sh,沪深300ETF广发
2022-10-25,1.293,1.287,1.303,1.278,125483.0,510360,sh,沪深300ETF广发
2022-10-26,1.294,1.296,1.314,1.289,73604.0,510360,sh,沪深300ETF广发
2022-10-27,1.31,1.294,1.31,1.29,75130.0,510360,sh,沪深300ETF广发
2022-10-28,1.291,1.26,1.291,1.256,119563.0,510360,sh,沪深300ETF广发
2022-10-31,1.26,1.245,1.262,1.241,131693.0,510360,sh,沪深300ETF广发
2022-11-01,1.245,1.289,1.29,1.245,129566.0,510360,sh,沪深300ETF广发
2022-11-02,1.286,1.304,1.312,1.284,123031.0,510360,sh,沪深300ETF广发
2022-11-03,1.298,1.295,1.301,1.289,91242.0,510360,sh,沪深300ETF广发
2022-11-04,1.295,1.334,1.34,1.286,99945.0,510360,sh,沪深300ETF广发
2022-11-07,1.331,1.335,1.342,1.328,134085.0,510360,sh,沪深300ETF广发
2022-11-08,1.335,1.329,1.338,1.32,90236.0,510360,sh,沪深300ETF广发
2022-11-09,1.329,1.316,1.332,1.316,89160.0,510360,sh,沪深300ETF广发
2022-11-10,1.31,1.31,1.314,1.302,90393.0,510360,sh,沪深300ETF广发
2022-11-11,1.338,1.341,1.358,1.327,126312.0,510360,sh,沪深300ETF广发
2022-11-14,1.347,1.343,1.364,1.341,132580.0,510360,sh,沪深300ETF广发
2022-11-15,1.343,1.367,1.371,1.339,81962.0,510360,sh,沪深300ETF广发
2022-11-16,1.367,1.361,1.372,1.358,102806.0,510360,sh,沪深300ETF广发
2022-11-17,1.361,1.358,1.361,1.339,201457.0,510360,sh,沪深300ETF广发
2022-11-18,1.358,1.353,1.364,1.349,130966.0,510360,sh,沪深300ETF广发
2022-11-21,1.353,1.339,1.353,1.327,69348.0,510360,sh,沪深300ETF广发
2022-11-22,1.339,1.338,1.352,1.331,68158.0,510360,sh,沪深300ETF广发
2022-11-23,1.337,1.341,1.347,1.334,103633.0,510360,sh,沪深300ETF广发
2022-11-24,1.345,1.333,1.351,1.33,78319.0,510360,sh,沪深300ETF广发
2022-11-25,1.331,1.339,1.344,1.328,89207.0,510360,sh,沪深300ETF广发
2022-11-28,1.33,1.325,1.33,1.303,90923.0,510360,sh,沪深300ETF广发
2022-11-29,1.328,1.363,1.366,1.328,123120.0,510360,sh,沪深300ETF广发
2022-11-30,1.365,1.365,1.37,1.359,93687.0,510360,sh,沪深300ETF广发
2022-12-01,1.375,1.379,1.398,1.375,90319.0,510360,sh,沪深300ETF广发
2022-12-02,1.379,1.373,1.383,1.371,101825.0,510360,sh,沪深300ETF广发
2022-12-05,1.392,1.397,1.398,1.381,119173.0,510360,sh,沪深300ETF广发
2022-12-06,1.373,1.403,1.413,1.373,135279.0,510360,sh,沪深300ETF广发
2022-12-07,1.409,1.401,1.416,1.396,103471.0,510360,sh,沪深300ETF广发
2022-12-08,1.4,1.403,1.408,1.397,94385.0,510360,sh,沪深300ETF广发
2022-12-09,1.403,1.413,1.418,1.398,297875.0,510360,sh,沪深300ETF广发
2022-12-12,1.416,1.399,1.416,1.398,296274.0,510360,sh,沪深300ETF广发
2022-12-13,1.4,1.397,1.404,1.393,102853.0,510360,sh,沪深300ETF广发
2022-12-14,1.397,1.4,1.406,1.394,71194.0,510360,sh,沪深300ETF广发
2022-12-15,1.404,1.4,1.405,1.392,84465.0,510360,sh,沪深300ETF广发
2022-12-16,1.396,1.399,1.403,1.392,68758.0,510360,sh,沪深300ETF广发
2022-12-19,1.4,1.381,1.407,1.375,112178.0,510360,sh,沪深300ETF广发
2022-12-20,1.375,1.359,1.377,1.351,81717.0,510360,sh,沪深300ETF广发
2022-12-21,1.36,1.36,1.365,1.356,74210.0,510360,sh,沪深300ETF广发
2022-12-22,1.367,1.361,1.376,1.348,64352.0,510360,sh,沪深300ETF广发
2022-12-23,1.361,1.357,1.366,1.351,50498.0,510360,sh,沪深300ETF广发
2022-12-26,1.362,1.36,1.367,1.358,54644.0,510360,sh,沪深300ETF广发
2022-12-27,1.363,1.377,1.38,1.363,68147.0,510360,sh,沪深300ETF广发
2022-12-28,1.372,1.375,1.378,1.367,80737.0,510360,sh,沪深300ETF广发
2022-12-29,1.363,1.37,1.374,1.361,151799.0,510360,sh,沪深300ETF广发
2022-12-30,1.378,1.373,1.379,1.372,58623.0,510360,sh,沪深300ETF广发
2023-01-03,1.372,1.381,1.384,1.359,91866.0,510360,sh,沪深300ETF广发
2023-01-04,1.381,1.381,1.384,1.369,54579.0,510360,sh,沪深300ETF广发
2023-01-05,1.389,1.407,1.41,1.379,104936.0,510360,sh,沪深300ETF广发
2023-01-06,1.407,1.414,1.42,1.407,87689.0,510360,sh,沪深300ETF广发
2023-01-09,1.414,1.422,1.428,1.414,104926.0,510360,sh,沪深300ETF广发
2023-01-10,1.417,1.426,1.43,1.415,81411.0,510360,sh,沪深300ETF广发
2023-01-11,1.426,1.424,1.434,1.421,111124.0,510360,sh,沪深300ETF广发
2023-01-12,1.436,1.424,1.436,1.421,52078.0,510360,sh,沪深300ETF广发
2023-01-13,1.426,1.445,1.445,1.426,74693.0,510360,sh,沪深300ETF广发
2023-01-16,1.445,1.467,1.481,1.445,102760.0,510360,sh,沪深300ETF广发
2023-01-17,1.467,1.465,1.472,1.459,73826.0,510360,sh,沪深300ETF广发
2023-01-18,1.461,1.464,1.47,1.461,56601.0,510360,sh,沪深300ETF广发
2023-01-19,1.461,1.476,1.476,1.454,125128.0,510360,sh,沪深300ETF广发
2023-01-20,1.479,1.483,1.487,1.477,69958.0,510360,sh,沪深300ETF广发
2023-01-30,1.5,1.487,1.511,1.485,137623.0,510360,sh,沪深300ETF广发
2023-01-31,1.494,1.472,1.494,1.47,99405.0,510360,sh,沪深300ETF广发
2023-02-01,1.486,1.484,1.487,1.466,133393.0,510360,sh,沪深300ETF广发
2023-02-02,1.504,1.481,1.504,1.477,97104.0,510360,sh,沪深300ETF广发
2023-02-03,1.479,1.466,1.479,1.454,117805.0,510360,sh,沪深300ETF广发
2023-02-06,1.46,1.448,1.46,1.44,77184.0,510360,sh,沪深300ETF广发
2023-02-07,1.448,1.451,1.455,1.443,96904.0,510360,sh,沪深300ETF广发
2023-02-08,1.452,1.445,1.457,1.441,180921.0,510360,sh,沪深300ETF广发
2023-02-09,1.443,1.464,1.464,1.433,140467.0,510360,sh,沪深300ETF广发
2023-02-10,1.468,1.456,1.468,1.449,67284.0,510360,sh,沪深300ETF广发
2023-02-13,1.457,1.466,1.469,1.448,161082.0,510360,sh,沪深300ETF广发
2023-02-14,1.466,1.469,1.471,1.458,78962.0,510360,sh,沪深300ETF广发
2023-02-15,1.471,1.461,1.473,1.457,112410.0,510360,sh,沪深300ETF广发
2023-02-16,1.461,1.451,1.478,1.442,156939.0,510360,sh,沪深300ETF广发
2023-02-17,1.45,1.429,1.454,1.427,121572.0,510360,sh,沪深300ETF广发
2023-02-20,1.43,1.465,1.467,1.427,128621.0,510360,sh,沪深300ETF广发
2023-02-21,1.467,1.467,1.471,1.458,117808.0,510360,sh,沪深300ETF广发
2023-02-22,1.467,1.455,1.467,1.452,78492.0,510360,sh,沪深300ETF广发
2023-02-23,1.455,1.455,1.462,1.448,128448.0,510360,sh,沪深300ETF广发
2023-02-24,1.455,1.441,1.458,1.434,89831.0,510360,sh,沪深300ETF广发
2023-02-27,1.434,1.435,1.441,1.429,92651.0,510360,sh,沪深300ETF广发
2023-02-28,1.435,1.445,1.447,1.428,89370.0,510360,sh,沪深300ETF广发
2023-03-01,1.44,1.463,1.467,1.44,217708.0,510360,sh,沪深300ETF广发
2023-03-02,1.469,1.46,1.469,1.458,71643.0,510360,sh,沪深300ETF广发
2023-03-03,1.46,1.462,1.47,1.452,97620.0,510360,sh,沪深300ETF广发
2023-03-06,1.462,1.454,1.462,1.448,146849.0,510360,sh,沪深300ETF广发
2023-03-07,1.46,1.436,1.461,1.434,173559.0,510360,sh,沪深300ETF广发
2023-03-08,1.435,1.43,1.435,1.423,123208.0,510360,sh,沪深300ETF广发
2023-03-09,1.43,1.426,1.432,1.418,141407.0,510360,sh,沪深300ETF广发
2023-03-10,1.423,1.406,1.423,1.404,160460.0,510360,sh,沪深300ETF广发
2023-03-13,1.406,1.419,1.421,1.406,95834.0,510360,sh,沪深300ETF广发
2023-03-14,1.42,1.413,1.42,1.4,152778.0,510360,sh,沪深300ETF广发
2023-03-15,1.419,1.412,1.424,1.411,164982.0,510360,sh,沪深300ETF广发
2023-03-16,1.41,1.394,1.411,1.394,160815.0,510360,sh,沪深300ETF广发
2023-03-17,1.402,1.404,1.421,1.396,198124.0,510360,sh,沪深300ETF广发
2023-03-20,1.41,1.397,1.41,1.394,125174.0,510360,sh,沪深300ETF广发
2023-03-21,1.4,1.411,1.411,1.4,93991.0,510360,sh,沪深300ETF广发
2023-03-22,1.409,1.416,1.421,1.409,86421.0,510360,sh,沪深300ETF广发
2023-03-23,1.416,1.429,1.43,1.412,101589.0,510360,sh,沪深300ETF广发
2023-03-24,1.429,1.428,1.43,1.424,78777.0,510360,sh,沪深300ETF广发
2023-03-27,1.423,1.419,1.427,1.414,155348.0,510360,sh,沪深300ETF广发
2023-03-28,1.419,1.418,1.424,1.416,126153.0,510360,sh,沪深300ETF广发
2023-03-29,1.418,1.418,1.423,1.416,62350.0,510360,sh,沪深300ETF广发
2023-03-30,1.42,1.432,1.432,1.412,64489.0,510360,sh,沪深300ETF广发
2023-03-31,1.433,1.435,1.44,1.431,51230.0,510360,sh,沪深300ETF广发
2023-04-03,1.434,1.448,1.45,1.431,180362.0,510360,sh,沪深300ETF广发
2023-04-04,1.447,1.452,1.454,1.444,76487.0,510360,sh,沪深300ETF广发
2023-04-06,1.451,1.449,1.451,1.445,141954.0,510360,sh,沪深300ETF广发
2023-04-07,1.446,1.46,1.463,1.446,100027.0,510360,sh,沪深300ETF广发
2023-04-10,1.461,1.454,1.462,1.453,66417.0,510360,sh,沪深300ETF广发
2023-04-11,1.454,1.452,1.458,1.446,51448.0,510360,sh,沪深300ETF广发
2023-04-12,1.452,1.45,1.454,1.447,92236.0,510360,sh,沪深300ETF广发
2023-04-13,1.448,1.442,1.448,1.439,162161.0,510360,sh,沪深300ETF广发
2023-04-14,1.442,1.448,1.452,1.442,142212.0,510360,sh,沪深300ETF广发
2023-04-17,1.449,1.469,1.469,1.449,115346.0,510360,sh,沪深300ETF广发
2023-04-18,1.469,1.473,1.475,1.467,101871.0,510360,sh,沪深300ETF广发
2023-04-19,1.473,1.463,1.473,1.46,40167.0,510360,sh,沪深300ETF广发
2023-04-20,1.466,1.459,1.466,1.452,762220.0,510360,sh,沪深300ETF广发
2023-04-21,1.458,1.431,1.459,1.43,826073.0,510360,sh,沪深300ETF广发
2023-04-24,1.431,1.414,1.432,1.408,182036.0,510360,sh,沪深300ETF广发
2023-04-25,1.414,1.405,1.417,1.393,442312.0,510360,sh,沪深300ETF广发
2023-04-26,1.409,1.402,1.41,1.396,810075.0,510360,sh,沪深300ETF广发
2023-04-27,1.403,1.415,1.419,1.398,79091.0,510360,sh,沪深300ETF广发
2023-04-28,1.417,1.427,1.428,1.417,63250.0,510360,sh,沪深300ETF广发
2023-05-04,1.428,1.427,1.429,1.415,84253.0,510360,sh,沪深300ETF广发
2023-05-05,1.428,1.423,1.432,1.416,31698.0,510360,sh,沪深300ETF广发
2023-05-08,1.429,1.437,1.441,1.42,84205.0,510360,sh,沪深300ETF广发
2023-05-09,1.435,1.429,1.448,1.428,118596.0,510360,sh,沪深300ETF广发
2023-05-10,1.425,1.417,1.428,1.414,114908.0,510360,sh,沪深300ETF广发
2023-05-11,1.417,1.415,1.423,1.413,64483.0,510360,sh,沪深300ETF广发
2023-05-12,1.416,1.397,1.419,1.397,193352.0,510360,sh,沪深300ETF广发
2023-05-15,1.396,1.416,1.417,1.392,112594.0,510360,sh,沪深300ETF广发
2023-05-16,1.416,1.411,1.419,1.407,80776.0,510360,sh,沪深300ETF广发
2023-05-17,1.411,1.405,1.415,1.4,74066.0,510360,sh,沪深300ETF广发
2023-05-18,1.406,1.402,1.412,1.396,120819.0,510360,sh,沪深300ETF广发
2023-05-19,1.402,1.4,1.408,1.393,92398.0,510360,sh,沪深300ETF广发
2023-05-22,1.4,1.408,1.414,1.395,81845.0,510360,sh,沪深300ETF广发
2023-05-23,1.408,1.388,1.409,1.387,82793.0,510360,sh,沪深300ETF广发
2023-05-24,1.39,1.371,1.39,1.37,143801.0,510360,sh,沪深300ETF广发
2023-05-25,1.372,1.366,1.372,1.355,250660.0,510360,sh,沪深300ETF广发
2023-05-26,1.366,1.365,1.37,1.353,72109.0,510360,sh,沪深300ETF广发
2023-05-29,1.363,1.36,1.375,1.354,168179.0,510360,sh,沪深300ETF广发
2023-05-30,1.36,1.361,1.365,1.346,202630.0,510360,sh,沪深300ETF广发
2023-05-31,1.363,1.349,1.363,1.344,89104.0,510360,sh,沪深300ETF广发
2023-06-01,1.35,1.352,1.362,1.347,83087.0,510360,sh,沪深300ETF广发
2023-06-02,1.353,1.372,1.375,1.353,51137.0,510360,sh,沪深300ETF广发
2023-06-05,1.374,1.366,1.374,1.362,49028.0,510360,sh,沪深300ETF广发
2023-06-06,1.369,1.352,1.374,1.352,60859.0,510360,sh,沪深300ETF广发
2023-06-07,1.353,1.348,1.359,1.344,74264.0,510360,sh,沪深300ETF广发
2023-06-08,1.349,1.358,1.364,1.343,58024.0,510360,sh,沪深300ETF广发
2023-06-09,1.358,1.364,1.365,1.356,66668.0,510360,sh,沪深300ETF广发
2023-06-12,1.364,1.366,1.373,1.358,46774.0,510360,sh,沪深300ETF广发
2023-06-13,1.366,1.374,1.377,1.364,100611.0,510360,sh,沪深300ETF广发
2023-06-14,1.375,1.375,1.385,1.374,52747.0,510360,sh,沪深300ETF广发
2023-06-15,1.376,1.398,1.398,1.376,125808.0,510360,sh,沪深300ETF广发
2023-06-16,1.399,1.411,1.415,1.398,206712.0,510360,sh,沪深300ETF广发
2023-06-19,1.41,1.401,1.41,1.399,81154.0,510360,sh,沪深300ETF广发
2023-06-20,1.401,1.399,1.404,1.397,28301.0,510360,sh,沪深300ETF广发
2023-06-21,1.398,1.379,1.398,1.379,40678.0,510360,sh,沪深300ETF广发
2023-06-26,1.378,1.365,1.378,1.359,47939.0,510360,sh,沪深300ETF广发
2023-06-27,1.366,1.374,1.378,1.362,29699.0,510360,sh,沪深300ETF广发
2023-06-28,1.372,1.374,1.375,1.363,44970.0,510360,sh,沪深300ETF广发
2023-06-29,1.374,1.37,1.374,1.365,21187.0,510360,sh,沪深300ETF广发
2023-06-30,1.37,1.376,1.384,1.368,65048.0,510360,sh,沪深300ETF广发
2023-07-03,1.385,1.393,1.398,1.383,41319.0,510360,sh,沪深300ETF广发
2023-07-04,1.396,1.395,1.396,1.389,43295.0,510360,sh,沪深300ETF广发
2023-07-05,1.392,1.386,1.396,1.384,58550.0,510360,sh,沪深300ETF广发
2023-07-06,1.387,1.377,1.391,1.375,43343.0,510360,sh,沪深300ETF广发
2023-07-07,1.375,1.372,1.378,1.37,38448.0,510360,sh,沪深300ETF广发
2023-07-10,1.375,1.377,1.388,1.375,103132.0,510360,sh,沪深300ETF广发
2023-07-11,1.379,1.388,1.389,1.379,25617.0,510360,sh,沪深300ETF广发
2023-07-12,1.389,1.381,1.391,1.378,64179.0,510360,sh,沪深300ETF广发
2023-07-13,1.387,1.402,1.404,1.387,50820.0,510360,sh,沪深300ETF广发
2023-07-14,1.405,1.403,1.406,1.401,54021.0,510360,sh,沪深300ETF广发
2023-07-17,1.403,1.392,1.403,1.388,63830.0,510360,sh,沪深300ETF广发
2023-07-18,1.388,1.39,1.396,1.386,69962.0,510360,sh,沪深300ETF广发
2023-07-19,1.392,1.39,1.392,1.382,34597.0,510360,sh,沪深300ETF广发
2023-07-20,1.391,1.38,1.398,1.377,56039.0,510360,sh,沪深300ETF广发
2023-07-21,1.382,1.382,1.39,1.376,55734.0,510360,sh,沪深300ETF广发
2023-07-24,1.385,1.374,1.385,1.371,36575.0,510360,sh,沪深300ETF广发
2023-07-25,1.383,1.413,1.413,1.383,124946.0,510360,sh,沪深300ETF广发
2023-07-26,1.413,1.41,1.413,1.406,56050.0,510360,sh,沪深300ETF广发
2023-07-27,1.412,1.407,1.418,1.403,68797.0,510360,sh,沪深300ETF广发
2023-07-28,1.405,1.444,1.445,1.403,153875.0,510360,sh,沪深300ETF广发
2023-07-31,1.45,1.449,1.469,1.445,123174.0,510360,sh,沪深300ETF广发
2023-08-01,1.45,1.443,1.455,1.439,151031.0,510360,sh,沪深300ETF广发
2023-08-02,1.439,1.433,1.447,1.429,65395.0,510360,sh,沪深300ETF广发
2023-08-03,1.432,1.445,1.445,1.431,91718.0,510360,sh,沪深300ETF广发
2023-08-04,1.457,1.451,1.467,1.448,126506.0,510360,sh,沪深300ETF广发
2023-08-07,1.451,1.443,1.451,1.437,63907.0,510360,sh,沪深300ETF广发
2023-08-08,1.443,1.438,1.444,1.433,197494.0,510360,sh,沪深300ETF广发
2023-08-09,1.438,1.435,1.44,1.433,55666.0,510360,sh,沪深300ETF广发
2023-08-10,1.435,1.436,1.439,1.425,47429.0,510360,sh,沪深300ETF广发
2023-08-11,1.436,1.405,1.437,1.402,109320.0,510360,sh,沪深300ETF广发
2023-08-14,1.394,1.393,1.398,1.379,247365.0,510360,sh,沪深300ETF广发
2023-08-15,1.394,1.393,1.397,1.379,105389.0,510360,sh,沪深300ETF广发
2023-08-16,1.388,1.382,1.394,1.381,203195.0,510360,sh,沪深300ETF广发
2023-08-17,1.381,1.387,1.389,1.37,124974.0,510360,sh,沪深300ETF广发
2023-08-18,1.387,1.368,1.39,1.368,289260.0,510360,sh,沪深300ETF广发
2023-08-21,1.369,1.348,1.369,1.348,149765.0,510360,sh,沪深300ETF广发
2023-08-22,1.355,1.357,1.362,1.34,163578.0,510360,sh,沪深300ETF广发
2023-08-23,1.357,1.339,1.357,1.337,660896.0,510360,sh,沪深300ETF广发
2023-08-24,1.341,1.348,1.357,1.339,286232.0,510360,sh,沪深300ETF广发
2023-08-25,1.348,1.344,1.352,1.338,316706.0,510360,sh,沪深300ETF广发
2023-08-28,1.44,1.358,1.445,1.353,434128.0,510360,sh,沪深300ETF广发
2023-08-29,1.358,1.372,1.38,1.355,200535.0,510360,sh,沪深300ETF广发
2023-08-30,1.372,1.37,1.38,1.368,257515.0,510360,sh,沪深300ETF广发
2023-08-31,1.368,1.364,1.373,1.36,174158.0,510360,sh,沪深300ETF广发
2023-09-01,1.368,1.373,1.378,1.367,292319.0,510360,sh,沪深300ETF广发
2023-09-04,1.377,1.394,1.396,1.376,385933.0,510360,sh,沪深300ETF广发
2023-09-05,1.393,1.387,1.393,1.381,353978.0,510360,sh,沪深300ETF广发
2023-09-06,1.383,1.38,1.384,1.374,319760.0,510360,sh,沪深300ETF广发
2023-09-07,1.38,1.362,1.38,1.36,409839.0,510360,sh,沪深300ETF广发
2023-09-08,1.361,1.355,1.361,1.349,308999.0,510360,sh,沪深300ETF广发
2023-09-11,1.357,1.365,1.373,1.353,218126.0,510360,sh,沪深300ETF广发
2023-09-12,1.365,1.363,1.367,1.36,103698.0,510360,sh,沪深300ETF广发
2023-09-13,1.362,1.355,1.365,1.347,268833.0,510360,sh,沪深300ETF广发
2023-09-14,1.356,1.353,1.358,1.349,267806.0,510360,sh,沪深300ETF广发
2023-09-15,1.357,1.347,1.359,1.342,385456.0,510360,sh,沪深300ETF广发
2023-09-18,1.347,1.35,1.355,1.338,785515.0,510360,sh,沪深300ETF广发
2023-09-19,1.35,1.347,1.35,1.339,330657.0,510360,sh,沪深300ETF广发
2023-09-20,1.347,1.342,1.348,1.341,294877.0,510360,sh,沪深300ETF广发
2023-09-21,1.34,1.33,1.343,1.329,330888.0,510360,sh,沪深300ETF广发
2023-09-22,1.329,1.356,1.356,1.327,1288264.0,510360,sh,沪深300ETF广发
2023-09-25,1.352,1.345,1.355,1.344,284504.0,510360,sh,沪深300ETF广发
2023-09-26,1.344,1.339,1.348,1.338,1735023.0,510360,sh,沪深300ETF广发
2023-09-27,1.336,1.344,1.353,1.336,249801.0,510360,sh,沪深300ETF广发
2023-09-28,1.346,1.337,1.347,1.335,298888.0,510360,sh,沪深300ETF广发
2023-10-09,1.334,1.333,1.339,1.319,282485.0,510360,sh,沪深300ETF广发
2023-10-10,1.332,1.325,1.342,1.323,292314.0,510360,sh,沪深300ETF广发
2023-10-11,1.327,1.329,1.337,1.326,485114.0,510360,sh,沪深300ETF广发
2023-10-12,1.342,1.342,1.345,1.334,291859.0,510360,sh,沪深300ETF广发
2023-10-13,1.338,1.329,1.338,1.324,290054.0,510360,sh,沪深300ETF广发
2023-10-16,1.331,1.314,1.331,1.309,304314.0,510360,sh,沪深300ETF广发
2023-10-17,1.317,1.317,1.319,1.311,987099.0,510360,sh,沪深300ETF广发
2023-10-18,1.317,1.307,1.317,1.306,281707.0,510360,sh,沪深300ETF广发
2023-10-19,1.304,1.28,1.304,1.279,372175.0,510360,sh,沪深300ETF广发
2023-10-20,1.279,1.272,1.28,1.266,468907.0,510360,sh,沪深300ETF广发
2023-10-23,1.265,1.257,1.27,1.248,332961.0,510360,sh,沪深300ETF广发
2023-10-24,1.265,1.264,1.267,1.251,323731.0,510360,sh,沪深300ETF广发
2023-10-25,1.271,1.269,1.281,1.268,276887.0,510360,sh,沪深300ETF广发
2023-10-26,1.268,1.273,1.274,1.262,197447.0,510360,sh,沪深300ETF广发
2023-10-27,1.272,1.293,1.298,1.267,316755.0,510360,sh,沪深300ETF广发
2023-10-30,1.288,1.298,1.303,1.286,849593.0,510360,sh,沪深300ETF广发
2023-10-31,1.299,1.296,1.299,1.288,165774.0,510360,sh,沪深300ETF广发
2023-11-01,1.306,1.295,1.31,1.291,235248.0,510360,sh,沪深300ETF广发
2023-11-02,1.3,1.289,1.304,1.288,204079.0,510360,sh,沪深300ETF广发
2023-11-03,1.286,1.299,1.305,1.286,184307.0,510360,sh,沪深300ETF广发
2023-11-06,1.309,1.316,1.317,1.304,254936.0,510360,sh,沪深300ETF广发
2023-11-07,1.316,1.312,1.316,1.306,171468.0,510360,sh,沪深300ETF广发
2023-11-08,1.308,1.308,1.314,1.3,239957.0,510360,sh,沪深300ETF广发
2023-11-09,1.307,1.309,1.313,1.304,174257.0,510360,sh,沪深300ETF广发
2023-11-10,1.308,1.299,1.308,1.295,143767.0,510360,sh,沪深300ETF广发
2023-11-13,1.302,1.298,1.304,1.29,156177.0,510360,sh,沪深300ETF广发
2023-11-14,1.3,1.298,1.304,1.293,209366.0,510360,sh,沪深300ETF广发
2023-11-15,1.305,1.308,1.313,1.305,748980.0,510360,sh,沪深300ETF广发
2023-11-16,1.308,1.295,1.308,1.294,178316.0,510360,sh,沪深300ETF广发
2023-11-17,1.292,1.293,1.295,1.286,229126.0,510360,sh,沪深300ETF广发
2023-11-20,1.294,1.295,1.3,1.283,756523.0,510360,sh,沪深300ETF广发
2023-11-21,1.297,1.297,1.31,1.295,754806.0,510360,sh,沪深300ETF广发
2023-11-22,1.296,1.284,1.296,1.283,218601.0,510360,sh,沪深300ETF广发
2023-11-23,1.284,1.29,1.292,1.278,287915.0,510360,sh,沪深300ETF广发
2023-11-24,1.29,1.282,1.29,1.279,302888.0,510360,sh,沪深300ETF广发
2023-11-27,1.284,1.274,1.284,1.264,652015.0,510360,sh,沪深300ETF广发
2023-11-28,1.276,1.275,1.276,1.268,295514.0,510360,sh,沪深300ETF广发
2023-11-29,1.277,1.265,1.277,1.261,313689.0,510360,sh,沪深300ETF广发
2023-11-30,1.265,1.267,1.27,1.262,223701.0,510360,sh,沪深300ETF广发
2023-12-01,1.268,1.262,1.268,1.252,414179.0,510360,sh,沪深300ETF广发
2023-12-04,1.262,1.254,1.264,1.253,239007.0,510360,sh,沪深300ETF广发
2023-12-05,1.252,1.23,1.252,1.227,487478.0,510360,sh,沪深300ETF广发
2023-12-06,1.228,1.231,1.239,1.225,668944.0,510360,sh,沪深300ETF广发
2023-12-07,1.23,1.228,1.233,1.22,246711.0,510360,sh,沪深300ETF广发
2023-12-08,1.23,1.231,1.234,1.227,213862.0,510360,sh,沪深300ETF广发
2023-12-11,1.225,1.239,1.244,1.214,350484.0,510360,sh,沪深300ETF广发
2023-12-12,1.242,1.242,1.242,1.235,166026.0,510360,sh,沪深300ETF广发
2023-12-13,1.24,1.223,1.24,1.221,207245.0,510360,sh,沪深300ETF广发
2023-12-14,1.225,1.216,1.232,1.214,285986.0,510360,sh,沪深300ETF广发
2023-12-15,1.224,1.214,1.229,1.21,330628.0,510360,sh,沪深300ETF广发
2023-12-18,1.21,1.209,1.218,1.2,320935.0,510360,sh,沪深300ETF广发
2023-12-19,1.209,1.209,1.214,1.202,354148.0,510360,sh,沪深300ETF广发
2023-12-20,1.211,1.197,1.212,1.196,227816.0,510360,sh,沪深300ETF广发
2023-12-21,1.198,1.209,1.214,1.193,385648.0,510360,sh,沪深300ETF广发
2023-12-22,1.209,1.211,1.22,1.203,413420.0,510360,sh,沪深300ETF广发
2023-12-25,1.213,1.215,1.216,1.209,325013.0,510360,sh,沪深300ETF广发
2023-12-26,1.215,1.208,1.215,1.203,357020.0,510360,sh,沪深300ETF广发
2023-12-27,1.208,1.211,1.214,1.201,295492.0,510360,sh,沪深300ETF广发
2023-12-28,1.212,1.242,1.243,1.209,381626.0,510360,sh,沪深300ETF广发
2023-12-29,1.242,1.244,1.247,1.238,284519.0,510360,sh,沪深300ETF广发
2024-01-02,1.243,1.228,1.243,1.227,227980.0,510360,sh,沪深300ETF广发
2024-01-03,1.226,1.225,1.231,1.218,559222.0,510360,sh,沪深300ETF广发
2024-01-04,1.227,1.214,1.227,1.205,338151.0,510360,sh,沪深300ETF广发
2024-01-05,1.213,1.208,1.222,1.201,332447.0,510360,sh,沪深300ETF广发
2024-01-08,1.211,1.192,1.211,1.189,430037.0,510360,sh,沪深300ETF广发
2024-01-09,1.194,1.193,1.199,1.188,291472.0,510360,sh,沪深300ETF广发
2024-01-10,1.19,1.187,1.202,1.184,370358.0,510360,sh,沪深300ETF广发
2024-01-11,1.19,1.196,1.202,1.185,312091.0,510360,sh,沪深300ETF广发
2024-01-12,1.194,1.191,1.201,1.19,186562.0,510360,sh,沪深300ETF广发
2024-01-15,1.185,1.188,1.2,1.182,182103.0,510360,sh,沪深300ETF广发
2024-01-16,1.184,1.198,1.198,1.181,307846.0,510360,sh,沪深300ETF广发
2024-01-17,1.195,1.172,1.196,1.17,228955.0,510360,sh,沪深300ETF广发
2024-01-18,1.171,1.184,1.188,1.149,389362.0,510360,sh,沪深300ETF广发
2024-01-19,1.184,1.184,1.191,1.176,275496.0,510360,sh,沪深300ETF广发
2024-01-22,1.183,1.172,1.189,1.158,266943.0,510360,sh,沪深300ETF广发
2024-01-23,1.171,1.172,1.179,1.157,317534.0,510360,sh,沪深300ETF广发
2024-01-24,1.175,1.188,1.19,1.157,1400695.0,510360,sh,沪深300ETF广发
2024-01-25,1.19,1.215,1.215,1.185,679620.0,510360,sh,沪深300ETF广发
2024-01-26,1.215,1.21,1.216,1.204,664565.0,510360,sh,沪深300ETF广发
2024-01-29,1.221,1.198,1.221,1.198,554147.0,510360,sh,沪深300ETF广发
2024-01-30,1.192,1.179,1.197,1.178,1275781.0,510360,sh,沪深300ETF广发
2024-01-31,1.177,1.173,1.181,1.161,1119604.0,510360,sh,沪深300ETF广发
2024-02-01,1.168,1.169,1.181,1.158,664181.0,510360,sh,沪深300ETF广发
2024-02-02,1.167,1.156,1.174,1.124,1056594.0,510360,sh,沪深300ETF广发
2024-02-05,1.149,1.16,1.171,1.129,836560.0,510360,sh,沪深300ETF广发
2024-02-06,1.153,1.201,1.202,1.15,736105.0,510360,sh,沪深300ETF广发
2024-02-07,1.202,1.215,1.215,1.195,1558620.0,510360,sh,沪深300ETF广发
2024-02-08,1.214,1.221,1.222,1.211,1009537.0,510360,sh,沪深300ETF广发
2024-02-19,1.225,1.23,1.231,1.22,475190.0,510360,sh,沪深300ETF广发
2024-02-20,1.226,1.235,1.238,1.224,490041.0,510360,sh,沪深300ETF广发
2024-02-21,1.23,1.252,1.27,1.229,873920.0,510360,sh,沪深300ETF广发
2024-02-22,1.253,1.265,1.266,1.248,835502.0,510360,sh,沪深300ETF广发
2024-02-23,1.266,1.264,1.271,1.26,490039.0,510360,sh,沪深300ETF广发
2024-02-26,1.264,1.25,1.265,1.249,556378.0,510360,sh,沪深300ETF广发
2024-02-27,1.251,1.266,1.267,1.244,733514.0,510360,sh,沪深300ETF广发
2024-02-28,1.264,1.252,1.277,1.251,639415.0,510360,sh,沪深300ETF广发
2024-02-29,1.254,1.273,1.275,1.253,588467.0,510360,sh,沪深300ETF广发
2024-03-01,1.274,1.284,1.287,1.27,556490.0,510360,sh,沪深300ETF广发
2024-03-04,1.284,1.281,1.285,1.275,1038332.0,510360,sh,沪深300ETF广发
2024-03-05,1.275,1.29,1.293,1.275,851998.0,510360,sh,沪深300ETF广发
2024-03-06,1.288,1.288,1.299,1.286,614689.0,510360,sh,沪深300ETF广发
2024-03-07,1.284,1.279,1.295,1.277,805593.0,510360,sh,沪深300ETF广发
2024-03-08,1.28,1.284,1.287,1.273,690623.0,510360,sh,沪深300ETF广发
2024-03-11,1.284,1.301,1.301,1.283,997105.0,510360,sh,沪深300ETF广发
2024-03-12,1.3,1.304,1.307,1.296,872583.0,510360,sh,沪深300ETF广发
2024-03-13,1.304,1.294,1.304,1.292,904799.0,510360,sh,沪深300ETF广发
2024-03-14,1.296,1.291,1.304,1.285,700137.0,510360,sh,沪深300ETF广发
2024-03-15,1.289,1.294,1.296,1.28,766588.0,510360,sh,沪深300ETF广发
2024-03-18,1.3,1.306,1.307,1.295,608574.0,510360,sh,沪深300ETF广发
2024-03-19,1.306,1.298,1.309,1.296,830582.0,510360,sh,沪深300ETF广发
2024-03-20,1.308,1.297,1.308,1.293,1256309.0,510360,sh,沪深300ETF广发
2024-03-21,1.301,1.298,1.306,1.295,599199.0,510360,sh,沪深300ETF广发
2024-03-22,1.301,1.285,1.301,1.276,910610.0,510360,sh,沪深300ETF广发
2024-03-25,1.28,1.28,1.292,1.278,699351.0,510360,sh,沪深300ETF广发
2024-03-26,1.279,1.284,1.287,1.277,937390.0,510360,sh,沪深300ETF广发
2024-03-27,1.285,1.272,1.285,1.271,1175684.0,510360,sh,沪深300ETF广发
2024-03-28,1.271,1.277,1.288,1.266,1750625.0,510360,sh,沪深300ETF广发
2024-03-29,1.277,1.283,1.284,1.275,1147945.0,510360,sh,沪深300ETF广发
2024-04-01,1.291,1.302,1.305,1.287,925603.0,510360,sh,沪深300ETF广发
2024-04-02,1.302,1.298,1.304,1.293,626633.0,510360,sh,沪深300ETF广发
2024-04-03,1.298,1.293,1.298,1.289,821730.0,510360,sh,沪深300ETF广发
2024-04-08,1.29,1.282,1.292,1.28,426338.0,510360,sh,沪深300ETF广发
2024-04-09,1.283,1.28,1.288,1.275,615185.0,510360,sh,沪深300ETF广发
2024-04-10,1.28,1.27,1.281,1.264,687101.0,510360,sh,沪深300ETF广发
2024-04-11,1.268,1.269,1.276,1.262,980359.0,510360,sh,沪深300ETF广发
2024-04-12,1.27,1.259,1.273,1.255,1249675.0,510360,sh,沪深300ETF广发
2024-04-15,1.261,1.285,1.288,1.259,719870.0,510360,sh,沪深300ETF广发
2024-04-16,1.281,1.272,1.284,1.268,1122505.0,510360,sh,沪深300ETF广发
2024-04-17,1.271,1.29,1.291,1.269,1038789.0,510360,sh,沪深300ETF广发
2024-04-18,1.289,1.292,1.305,1.286,760221.0,510360,sh,沪深300ETF广发
2024-04-19,1.293,1.283,1.293,1.277,1613595.0,510360,sh,沪深300ETF广发
2024-04-22,1.28,1.281,1.291,1.278,327599.0,510360,sh,沪深300ETF广发
2024-04-23,1.282,1.271,1.282,1.269,2511072.0,510360,sh,沪深300ETF广发
2024-04-24,1.272,1.275,1.278,1.267,340513.0,510360,sh,沪深300ETF广发
2024-04-25,1.275,1.278,1.285,1.27,1546340.0,510360,sh,沪深300ETF广发
2024-04-26,1.282,1.298,1.301,1.282,519465.0,510360,sh,沪深300ETF广发
2024-04-29,1.309,1.313,1.322,1.298,548242.0,510360,sh,沪深300ETF广发
2024-04-30,1.315,1.307,1.316,1.306,925764.0,510360,sh,沪深300ETF广发
2024-05-06,1.317,1.327,1.331,1.316,949230.0,510360,sh,沪深300ETF广发
2024-05-07,1.325,1.327,1.328,1.322,1374574.0,510360,sh,沪深300ETF广发
2024-05-08,1.326,1.315,1.326,1.314,361855.0,510360,sh,沪深300ETF广发
2024-05-09,1.32,1.328,1.33,1.316,453794.0,510360,sh,沪深300ETF广发
2024-05-10,1.332,1.329,1.332,1.319,1388032.0,510360,sh,沪深300ETF广发
2024-05-13,1.32,1.327,1.331,1.316,1168521.0,510360,sh,沪深300ETF广发
2024-05-14,1.328,1.327,1.333,1.322,1223134.0,510360,sh,沪深300ETF广发
2024-05-15,1.327,1.315,1.328,1.313,1191811.0,510360,sh,沪深300ETF广发
2024-05-16,1.316,1.32,1.327,1.315,1092806.0,510360,sh,沪深300ETF广发
2024-05-17,1.319,1.335,1.336,1.316,1407257.0,510360,sh,沪深300ETF广发
2024-05-20,1.338,1.34,1.344,1.33,1360883.0,510360,sh,沪深300ETF广发
2024-05-21,1.338,1.336,1.338,1.331,1254311.0,510360,sh,沪深300ETF广发
2024-05-22,1.338,1.338,1.34,1.331,480887.0,510360,sh,沪深300ETF广发
2024-05-23,1.335,1.322,1.337,1.319,538122.0,510360,sh,沪深300ETF广发
2024-05-24,1.319,1.309,1.326,1.307,550191.0,510360,sh,沪深300ETF广发
2024-05-27,1.306,1.32,1.32,1.306,595954.0,510360,sh,沪深300ETF广发
2024-05-28,1.319,1.311,1.32,1.309,568694.0,510360,sh,沪深300ETF广发
2024-05-29,1.311,1.311,1.319,1.307,572975.0,510360,sh,沪深300ETF广发
2024-05-30,1.31,1.306,1.316,1.303,587225.0,510360,sh,沪深300ETF广发
2024-05-31,1.308,1.302,1.313,1.3,593382.0,510360,sh,沪深300ETF广发
2024-06-03,1.302,1.303,1.307,1.295,807615.0,510360,sh,沪深300ETF广发
2024-06-04,1.302,1.312,1.316,1.3,772381.0,510360,sh,沪深300ETF广发
2024-06-05,1.31,1.306,1.316,1.306,642537.0,510360,sh,沪深300ETF广发
2024-06-06,1.306,1.307,1.318,1.302,699893.0,510360,sh,沪深300ETF广发
2024-06-07,1.309,1.299,1.311,1.291,637859.0,510360,sh,沪深300ETF广发
2024-06-11,1.293,1.29,1.297,1.283,564632.0,510360,sh,沪深300ETF广发
2024-06-12,1.286,1.288,1.292,1.285,430016.0,510360,sh,沪深300ETF广发
2024-06-13,1.289,1.283,1.292,1.28,619447.0,510360,sh,沪深300ETF广发
2024-06-14,1.282,1.291,1.292,1.278,545409.0,510360,sh,沪深300ETF广发
2024-06-17,1.29,1.287,1.291,1.284,914835.0,510360,sh,沪深300ETF广发
2024-06-18,1.286,1.291,1.295,1.286,509322.0,510360,sh,沪深300ETF广发
2024-06-19,1.294,1.287,1.294,1.286,419280.0,510360,sh,沪深300ETF广发
2024-06-20,1.287,1.28,1.291,1.278,512216.0,510360,sh,沪深300ETF广发
2024-06-21,1.282,1.278,1.282,1.269,756250.0,510360,sh,沪深300ETF广发
2024-06-24,1.276,1.272,1.281,1.269,603225.0,510360,sh,沪深300ETF广发
2024-06-25,1.27,1.264,1.274,1.257,542282.0,510360,sh,沪深300ETF广发
2024-06-26,1.263,1.27,1.274,1.259,658164.0,510360,sh,沪深300ETF广发
2024-06-27,1.27,1.264,1.27,1.262,534997.0,510360,sh,沪深300ETF广发
2024-06-28,1.265,1.267,1.276,1.263,802655.0,510360,sh,沪深300ETF广发
2024-07-01,1.268,1.272,1.274,1.259,1177387.0,510360,sh,沪深300ETF广发
2024-07-02,1.271,1.271,1.276,1.268,945572.0,510360,sh,沪深300ETF广发
2024-07-03,1.27,1.269,1.273,1.264,633043.0,510360,sh,沪深300ETF广发
2024-07-04,1.268,1.262,1.275,1.262,402309.0,510360,sh,沪深300ETF广发
2024-07-05,1.262,1.258,1.264,1.245,1399859.0,510360,sh,沪深300ETF广发
2024-07-08,1.259,1.248,1.259,1.245,407378.0,510360,sh,沪深300ETF广发
2024-07-09,1.246,1.261,1.265,1.242,486888.0,510360,sh,沪深300ETF广发
2024-07-10,1.26,1.258,1.265,1.257,266718.0,510360,sh,沪深300ETF广发
2024-07-11,1.268,1.275,1.278,1.264,404343.0,510360,sh,沪深300ETF广发
2024-07-12,1.276,1.278,1.281,1.273,428087.0,510360,sh,沪深300ETF广发
2024-07-15,1.278,1.28,1.282,1.275,355319.0,510360,sh,沪深300ETF广发
2024-07-16,1.281,1.289,1.29,1.277,461806.0,510360,sh,沪深300ETF广发
2024-07-17,1.289,1.293,1.296,1.285,356455.0,510360,sh,沪深300ETF广发
2024-07-18,1.292,1.301,1.301,1.283,1905968.0,510360,sh,沪深300ETF广发
2024-07-19,1.3,1.306,1.308,1.291,1139316.0,510360,sh,沪深300ETF广发
2024-07-22,1.306,1.297,1.308,1.29,728831.0,510360,sh,沪深300ETF广发
2024-07-23,1.3,1.273,1.3,1.272,582530.0,510360,sh,沪深300ETF广发
2024-07-24,1.272,1.264,1.277,1.26,989911.0,510360,sh,沪深300ETF广发
2024-07-25,1.264,1.256,1.264,1.252,956973.0,510360,sh,沪深300ETF广发
2024-07-26,1.257,1.261,1.267,1.255,536781.0,510360,sh,沪深300ETF广发
2024-07-29,1.26,1.255,1.262,1.254,314122.0,510360,sh,沪深300ETF广发
2024-07-30,1.252,1.247,1.252,1.241,607182.0,510360,sh,沪深300ETF广发
2024-07-31,1.246,1.274,1.276,1.245,457715.0,510360,sh,沪深300ETF广发
2024-08-01,1.274,1.266,1.278,1.265,339756.0,510360,sh,沪深300ETF广发
2024-08-02,1.263,1.253,1.265,1.251,325414.0,510360,sh,沪深300ETF广发
2024-08-05,1.251,1.239,1.262,1.238,715382.0,510360,sh,沪深300ETF广发
2024-08-06,1.245,1.238,1.25,1.229,354304.0,510360,sh,沪深300ETF广发
2024-08-07,1.238,1.237,1.244,1.232,384969.0,510360,sh,沪深300ETF广发
2024-08-08,1.237,1.238,1.246,1.23,352257.0,510360,sh,沪深300ETF广发
2024-08-09,1.24,1.233,1.248,1.233,265141.0,510360,sh,沪深300ETF广发
2024-08-12,1.235,1.232,1.236,1.23,252743.0,510360,sh,沪深300ETF广发
2024-08-13,1.232,1.234,1.235,1.226,260420.0,510360,sh,沪深300ETF广发
2024-08-14,1.236,1.225,1.236,1.224,258339.0,510360,sh,沪深300ETF广发
2024-08-15,1.225,1.238,1.244,1.221,511492.0,510360,sh,沪深300ETF广发
2024-08-16,1.238,1.24,1.243,1.235,394547.0,510360,sh,沪深300ETF广发
2024-08-19,1.24,1.243,1.251,1.24,419415.0,510360,sh,沪深300ETF广发
2024-08-20,1.243,1.234,1.244,1.23,434752.0,510360,sh,沪深300ETF广发
2024-08-21,1.235,1.231,1.236,1.226,358851.0,510360,sh,沪深300ETF广发
2024-08-22,1.234,1.229,1.234,1.225,395303.0,510360,sh,沪深300ETF广发
2024-08-23,1.226,1.234,1.237,1.226,347280.0,510360,sh,沪深300ETF广发
2024-08-26,1.235,1.233,1.238,1.226,763705.0,510360,sh,沪深300ETF广发
2024-08-27,1.231,1.226,1.231,1.224,233756.0,510360,sh,沪深300ETF广发
2024-08-28,1.227,1.219,1.227,1.215,294211.0,510360,sh,沪深300ETF广发
2024-08-29,1.22,1.216,1.222,1.213,225657.0,510360,sh,沪深300ETF广发
2024-08-30,1.22,1.233,1.244,1.215,3756467.0,510360,sh,沪深300ETF广发
2024-09-02,1.23,1.212,1.23,1.21,452403.0,510360,sh,沪深300ETF广发
2024-09-03,1.214,1.214,1.218,1.209,253057.0,510360,sh,沪深300ETF广发
2024-09-04,1.207,1.208,1.215,1.206,211705.0,510360,sh,沪深300ETF广发
2024-09-05,1.208,1.208,1.213,1.204,430092.0,510360,sh,沪深300ETF广发
2024-09-06,1.208,1.198,1.214,1.197,479722.0,510360,sh,沪深300ETF广发
2024-09-09,1.197,1.184,1.197,1.179,551016.0,510360,sh,沪深300ETF广发
2024-09-10,1.186,1.185,1.19,1.176,279345.0,510360,sh,沪深300ETF广发
2024-09-11,1.188,1.181,1.188,1.178,198626.0,510360,sh,沪深300ETF广发
2024-09-12,1.182,1.178,1.189,1.176,278953.0,510360,sh,沪深300ETF广发
2024-09-13,1.179,1.173,1.184,1.171,198062.0,510360,sh,沪深300ETF广发
2024-09-18,1.173,1.176,1.181,1.167,293345.0,510360,sh,沪深300ETF广发
2024-09-19,1.178,1.186,1.194,1.169,540994.0,510360,sh,沪深300ETF广发
2024-09-20,1.186,1.19,1.192,1.178,2202648.0,510360,sh,沪深300ETF广发
2024-09-23,1.19,1.192,1.2,1.186,278605.0,510360,sh,沪深300ETF广发
2024-09-24,1.198,1.245,1.246,1.196,1596833.0,510360,sh,沪深300ETF广发
2024-09-25,1.265,1.263,1.287,1.26,2762363.0,510360,sh,沪深300ETF广发
2024-09-26,1.261,1.322,1.323,1.26,2463771.0,510360,sh,沪深300ETF广发
2024-09-27,1.334,1.384,1.384,1.334,307479.0,510360,sh,沪深300ETF广发
2024-09-30,1.452,1.522,1.522,1.412,1277164.0,510360,sh,沪深300ETF广发
2024-10-08,1.674,1.634,1.674,1.56,1275191.0,510360,sh,沪深300ETF广发
2024-10-09,1.634,1.472,1.634,1.471,2841063.0,510360,sh,沪深300ETF广发
2024-10-10,1.472,1.484,1.521,1.454,2831188.0,510360,sh,沪深300ETF广发
2024-10-11,1.484,1.444,1.484,1.429,979918.0,510360,sh,沪深300ETF广发
2024-10-14,1.446,1.469,1.478,1.436,964638.0,510360,sh,沪深300ETF广发
2024-10-15,1.468,1.432,1.473,1.432,1332190.0,510360,sh,沪深300ETF广发
2024-10-16,1.41,1.423,1.44,1.41,813726.0,510360,sh,沪深300ETF广发
2024-10-17,1.423,1.405,1.441,1.404,529271.0,510360,sh,沪深300ETF广发
2024-10-18,1.41,1.458,1.497,1.398,1093384.0,510360,sh,沪深300ETF广发
2024-10-21,1.46,1.46,1.476,1.446,768766.0,510360,sh,沪深300ETF广发
2024-10-22,1.458,1.469,1.471,1.453,667171.0,510360,sh,沪深300ETF广发
2024-10-23,1.471,1.474,1.488,1.462,878550.0,510360,sh,沪深300ETF广发
2024-10-24,1.471,1.458,1.471,1.452,735296.0,510360,sh,沪深300ETF广发
2024-10-25,1.458,1.468,1.482,1.455,1249127.0,510360,sh,沪深300ETF广发
2024-10-28,1.468,1.47,1.472,1.454,1149092.0,510360,sh,沪深300ETF广发
2024-10-29,1.47,1.458,1.483,1.455,3094363.0,510360,sh,沪深300ETF广发
2024-10-30,1.457,1.445,1.458,1.436,1398475.0,510360,sh,沪深300ETF广发
2024-10-31,1.443,1.446,1.457,1.431,1712042.0,510360,sh,沪深300ETF广发
2024-11-01,1.444,1.446,1.462,1.441,2214680.0,510360,sh,沪深300ETF广发
2024-11-04,1.446,1.465,1.466,1.444,831167.0,510360,sh,沪深300ETF广发
2024-11-05,1.466,1.502,1.503,1.457,754749.0,510360,sh,沪深300ETF广发
2024-11-06,1.507,1.495,1.52,1.484,1463870.0,510360,sh,沪深300ETF广发
2024-11-07,1.487,1.543,1.544,1.482,887732.0,510360,sh,沪深300ETF广发
2024-11-08,1.555,1.526,1.559,1.52,1071472.0,510360,sh,沪深300ETF广发
2024-11-11,1.524,1.533,1.537,1.504,2380459.0,510360,sh,沪深300ETF广发
2024-11-12,1.533,1.514,1.552,1.508,1523482.0,510360,sh,沪深300ETF广发
2024-11-13,1.512,1.525,1.529,1.507,823921.0,510360,sh,沪深300ETF广发
2024-11-14,1.524,1.5,1.528,1.499,613188.0,510360,sh,沪深300ETF广发
2024-11-15,1.5,1.476,1.504,1.474,553861.0,510360,sh,沪深300ETF广发
2024-11-18,1.476,1.466,1.497,1.459,624548.0,510360,sh,沪深300ETF广发
2024-11-19,1.467,1.476,1.477,1.449,701148.0,510360,sh,沪深300ETF广发
2024-11-20,1.473,1.48,1.486,1.469,426136.0,510360,sh,沪深300ETF广发
2024-11-21,1.478,1.482,1.485,1.473,530128.0,510360,sh,沪深300ETF广发
2024-11-22,1.48,1.442,1.482,1.436,1231446.0,510360,sh,沪深300ETF广发
2024-11-25,1.436,1.429,1.445,1.415,537140.0,510360,sh,沪深300ETF广发
2024-11-26,1.429,1.428,1.44,1.423,950336.0,510360,sh,沪深300ETF广发
2024-11-27,1.426,1.45,1.452,1.419,541624.0,510360,sh,沪深300ETF广发
2024-11-28,1.45,1.44,1.453,1.436,456780.0,510360,sh,沪深300ETF广发
2024-11-29,1.44,1.454,1.472,1.437,536818.0,510360,sh,沪深300ETF广发
2024-12-02,1.454,1.465,1.469,1.451,315815.0,510360,sh,沪深300ETF广发
2024-12-03,1.465,1.468,1.474,1.458,1115119.0,510360,sh,沪深300ETF广发
2024-12-04,1.467,1.46,1.47,1.455,531716.0,510360,sh,沪深300ETF广发
2024-12-05,1.46,1.456,1.462,1.453,256225.0,510360,sh,沪深300ETF广发
2024-12-06,1.455,1.476,1.485,1.455,535429.0,510360,sh,沪深300ETF广发
2024-12-09,1.476,1.474,1.484,1.465,279497.0,510360,sh,沪深300ETF广发
2024-12-10,1.53,1.486,1.53,1.482,579798.0,510360,sh,沪深300ETF广发
2024-12-11,1.486,1.482,1.489,1.477,442246.0,510360,sh,沪深300ETF广发
2024-12-12,1.478,1.497,1.498,1.478,518194.0,510360,sh,沪深300ETF广发
2024-12-13,1.492,1.461,1.492,1.459,517993.0,510360,sh,沪深300ETF广发
2024-12-16,1.46,1.453,1.463,1.449,406171.0,510360,sh,沪深300ETF广发
2024-12-17,1.453,1.456,1.469,1.453,496760.0,510360,sh,沪深300ETF广发
2024-12-18,1.459,1.464,1.468,1.459,1488878.0,510360,sh,沪深300ETF广发
2024-12-19,1.459,1.467,1.469,1.416,617873.0,510360,sh,沪深300ETF广发
2024-12-20,1.466,1.46,1.473,1.458,1385463.0,510360,sh,沪深300ETF广发
2024-12-23,1.462,1.463,1.473,1.46,255615.0,510360,sh,沪深300ETF广发
2024-12-24,1.463,1.479,1.482,1.462,465823.0,510360,sh,沪深300ETF广发
2024-12-25,1.48,1.481,1.489,1.475,347078.0,510360,sh,沪深300ETF广发
2024-12-26,1.481,1.481,1.484,1.474,6107659.0,510360,sh,沪深300ETF广发
2024-12-27,1.481,1.478,1.489,1.475,1956172.0,510360,sh,沪深300ETF广发
2024-12-30,1.477,1.485,1.487,1.476,637991.0,510360,sh,沪深300ETF广发
2024-12-31,1.486,1.462,1.487,1.461,1340130.0,510360,sh,沪深300ETF广发
2025-01-02,1.461,1.421,1.462,1.41,654941.0,510360,sh,沪深300ETF广发
2025-01-03,1.422,1.404,1.426,1.401,2511786.0,510360,sh,沪深300ETF广发
2025-01-06,1.401,1.402,1.41,1.392,683729.0,510360,sh,沪深300ETF广发
2025-01-07,1.401,1.412,1.413,1.396,236599.0,510360,sh,沪深300ETF广发
2025-01-08,1.409,1.407,1.417,1.387,2359533.0,510360,sh,沪深300ETF广发
2025-01-09,1.405,1.406,1.411,1.403,1707600.0,510360,sh,沪深300ETF广发
2025-01-10,1.409,1.39,1.409,1.39,587209.0,510360,sh,沪深300ETF广发
2025-01-13,1.384,1.384,1.391,1.379,555178.0,510360,sh,沪深300ETF广发
2025-01-14,1.384,1.42,1.423,1.384,438442.0,510360,sh,沪深300ETF广发
2025-01-15,1.419,1.411,1.419,1.409,365233.0,510360,sh,沪深300ETF广发
2025-01-16,1.412,1.413,1.43,1.404,495267.0,510360,sh,沪深300ETF广发
2025-01-17,1.409,1.417,1.425,1.405,249240.0,510360,sh,沪深300ETF广发
2025-01-20,1.421,1.423,1.435,1.42,154830.0,510360,sh,沪深300ETF广发
2025-01-21,1.428,1.425,1.431,1.419,525756.0,510360,sh,沪深300ETF广发
2025-01-22,1.425,1.412,1.426,1.406,582264.0,510360,sh,沪深300ETF广发
2025-01-23,1.42,1.417,1.438,1.413,1278347.0,510360,sh,沪深300ETF广发
2025-01-24,1.416,1.427,1.434,1.411,953729.0,510360,sh,沪深300ETF广发
2025-01-27,1.432,1.422,1.433,1.421,288876.0,510360,sh,沪深300ETF广发
2025-02-05,1.424,1.41,1.43,1.408,724824.0,510360,sh,沪深300ETF广发
2025-02-06,1.41,1.429,1.43,1.41,521010.0,510360,sh,沪深300ETF广发
2025-02-07,1.427,1.447,1.458,1.426,630855.0,510360,sh,沪深300ETF广发
2025-02-10,1.447,1.451,1.453,1.442,1918245.0,510360,sh,沪深300ETF广发
2025-02-11,1.451,1.445,1.452,1.44,845328.0,510360,sh,沪深300ETF广发
2025-02-12,1.445,1.458,1.459,1.438,231584.0,510360,sh,沪深300ETF广发
2025-02-13,1.454,1.454,1.465,1.452,1220239.0,510360,sh,沪深300ETF广发
2025-02-14,1.453,1.465,1.469,1.45,829282.0,510360,sh,沪深300ETF广发
2025-02-17,1.468,1.468,1.472,1.458,728983.0,510360,sh,沪深300ETF广发
2025-02-18,1.466,1.458,1.477,1.45,1508175.0,510360,sh,沪深300ETF广发
2025-02-19,1.457,1.464,1.466,1.452,1434028.0,510360,sh,沪深300ETF广发
2025-02-20,1.461,1.462,1.465,1.456,1365005.0,510360,sh,沪深300ETF广发
2025-02-21,1.462,1.478,1.484,1.46,1113196.0,510360,sh,沪深300ETF广发
2025-02-24,1.478,1.476,1.485,1.467,697912.0,510360,sh,沪深300ETF广发
2025-02-25,1.471,1.46,1.471,1.456,375703.0,510360,sh,沪深300ETF广发
2025-02-26,1.46,1.472,1.472,1.46,379020.0,510360,sh,沪深300ETF广发
2025-02-27,1.472,1.476,1.477,1.462,598668.0,510360,sh,沪深300ETF广发
2025-02-28,1.474,1.453,1.476,1.445,1173593.0,510360,sh,沪深300ETF广发
2025-03-03,1.448,1.447,1.462,1.439,2125410.0,510360,sh,沪深300ETF广发
2025-03-04,1.441,1.444,1.447,1.435,197822.0,510360,sh,沪深300ETF广发
2025-03-05,1.449,1.45,1.452,1.441,272617.0,510360,sh,沪深300ETF广发
2025-03-06,1.453,1.47,1.474,1.453,2170323.0,510360,sh,沪深300ETF广发
2025-03-07,1.466,1.467,1.475,1.463,3179114.0,510360,sh,沪深300ETF广发
2025-03-10,1.467,1.461,1.467,1.451,1621366.0,510360,sh,沪深300ETF广发
2025-03-11,1.449,1.463,1.465,1.446,958411.0,510360,sh,沪深300ETF广发
2025-03-12,1.462,1.461,1.469,1.457,335343.0,510360,sh,沪深300ETF广发
2025-03-13,1.46,1.455,1.464,1.449,197600.0,510360,sh,沪深300ETF广发
2025-03-14,1.455,1.489,1.492,1.455,1553273.0,510360,sh,沪深300ETF广发
2025-03-17,1.49,1.485,1.495,1.484,2335368.0,510360,sh,沪深300ETF广发
2025-03-18,1.485,1.49,1.493,1.485,1674482.0,510360,sh,沪深300ETF广发
2025-03-19,1.487,1.491,1.497,1.482,401167.0,510360,sh,沪深300ETF广发
2025-03-20,1.487,1.479,1.491,1.478,1836280.0,510360,sh,沪深300ETF广发
2025-03-21,1.478,1.457,1.481,1.451,357320.0,510360,sh,沪深300ETF广发
2025-03-24,1.458,1.463,1.464,1.453,277977.0,510360,sh,沪深300ETF广发
2025-03-25,1.463,1.463,1.466,1.459,162430.0,510360,sh,沪深300ETF广发
2025-03-26,1.463,1.458,1.467,1.456,286321.0,510360,sh,沪深300ETF广发
2025-03-27,1.458,1.462,1.472,1.451,365260.0,510360,sh,沪深300ETF广发
2025-03-28,1.461,1.455,1.462,1.453,389964.0,510360,sh,沪深300ETF广发
2025-03-31,1.454,1.446,1.461,1.44,1784428.0,510360,sh,沪深300ETF广发
2025-04-01,1.448,1.447,1.453,1.444,353299.0,510360,sh,沪深300ETF广发
2025-04-02,1.448,1.445,1.452,1.442,853310.0,510360,sh,沪深300ETF广发
2025-04-03,1.435,1.438,1.445,1.432,630072.0,510360,sh,沪深300ETF广发
2025-04-07,1.41,1.329,1.41,1.309,1337498.0,510360,sh,沪深300ETF广发
2025-04-08,1.337,1.354,1.358,1.331,468034.0,510360,sh,沪深300ETF广发
2025-04-09,1.342,1.365,1.37,1.334,492937.0,510360,sh,沪深300ETF广发
2025-04-10,1.375,1.389,1.397,1.375,825555.0,510360,sh,沪深300ETF广发
2025-04-11,1.385,1.393,1.399,1.378,360808.0,510360,sh,沪深300ETF广发
2025-04-14,1.4,1.397,1.403,1.392,224183.0,510360,sh,沪深300ETF广发
2025-04-15,1.399,1.396,1.399,1.388,1121415.0,510360,sh,沪深300ETF广发
2025-04-16,1.392,1.401,1.403,1.385,222084.0,510360,sh,沪深300ETF广发
2025-04-17,1.398,1.401,1.405,1.395,396393.0,510360,sh,沪深300ETF广发
2025-04-18,1.403,1.405,1.41,1.396,598537.0,510360,sh,沪深300ETF广发
2025-04-21,1.402,1.406,1.41,1.4,290366.0,510360,sh,沪深300ETF广发
2025-04-22,1.406,1.407,1.413,1.406,276223.0,510360,sh,沪深300ETF广发
2025-04-23,1.41,1.409,1.417,1.407,412430.0,510360,sh,沪深300ETF广发
2025-04-24,1.409,1.41,1.418,1.405,221022.0,510360,sh,沪深300ETF广发
2025-04-25,1.409,1.41,1.414,1.406,588306.0,510360,sh,沪深300ETF广发
2025-04-28,1.41,1.407,1.411,1.404,347218.0,510360,sh,沪深300ETF广发
2025-04-29,1.407,1.405,1.408,1.402,1091999.0,510360,sh,沪深300ETF广发
2025-04-30,1.405,1.402,1.411,1.402,240300.0,510360,sh,沪深300ETF广发
2025-05-06,1.409,1.417,1.418,1.405,1363014.0,510360,sh,沪深300ETF广发
2025-05-07,1.432,1.427,1.439,1.419,698772.0,510360,sh,沪深300ETF广发
2025-05-08,1.427,1.436,1.44,1.415,981552.0,510360,sh,沪深300ETF广发
2025-05-09,1.436,1.432,1.436,1.428,1043256.0,510360,sh,沪深300ETF广发
2025-05-12,1.437,1.447,1.449,1.436,375050.0,510360,sh,沪深300ETF广发
2025-05-13,1.46,1.45,1.46,1.447,189295.0,510360,sh,沪深300ETF广发
2025-05-14,1.45,1.468,1.475,1.449,486233.0,510360,sh,沪深300ETF广发
2025-05-15,1.468,1.455,1.468,1.453,357780.0,510360,sh,沪深300ETF广发
2025-05-16,1.455,1.448,1.455,1.442,653293.0,510360,sh,沪深300ETF广发
2025-05-19,1.444,1.445,1.446,1.438,690620.0,510360,sh,沪深300ETF广发
2025-05-20,1.446,1.452,1.457,1.445,1053637.0,510360,sh,沪深300ETF广发
2025-05-21,1.451,1.459,1.463,1.451,296357.0,510360,sh,沪深300ETF广发
2025-05-22,1.458,1.457,1.461,1.453,168643.0,510360,sh,沪深300ETF广发
2025-05-23,1.456,1.447,1.465,1.446,308723.0,510360,sh,沪深300ETF广发
2025-05-26,1.447,1.438,1.448,1.434,240564.0,510360,sh,沪深300ETF广发
2025-05-27,1.438,1.431,1.439,1.429,209102.0,510360,sh,沪深300ETF广发
2025-05-28,1.431,1.43,1.435,1.429,123617.0,510360,sh,沪深300ETF广发
2025-05-29,1.43,1.438,1.443,1.429,477211.0,510360,sh,沪深300ETF广发
2025-05-30,1.436,1.435,1.438,1.427,374648.0,510360,sh,沪深300ETF广发
2025-06-03,1.435,1.435,1.44,1.43,220599.0,510360,sh,沪深300ETF广发
2025-06-04,1.435,1.441,1.445,1.435,286146.0,510360,sh,沪深300ETF广发
2025-06-05,1.441,1.445,1.447,1.439,356252.0,510360,sh,沪深300ETF广发
2025-06-06,1.448,1.445,1.451,1.443,223858.0,510360,sh,沪深300ETF广发
2025-06-09,1.445,1.45,1.453,1.445,350490.0,510360,sh,沪深300ETF广发
2025-06-10,1.449,1.44,1.453,1.435,532757.0,510360,sh,沪深300ETF广发
2025-06-11,1.441,1.452,1.46,1.441,1270248.0,510360,sh,沪深300ETF广发
2025-06-12,1.452,1.454,1.456,1.445,389781.0,510360,sh,沪深300ETF广发
2025-06-13,1.454,1.444,1.454,1.44,391590.0,510360,sh,沪深300ETF广发
2025-06-16,1.443,1.447,1.449,1.441,171362.0,510360,sh,沪深300ETF广发
2025-06-17,1.447,1.446,1.45,1.442,294856.0,510360,sh,沪深300ETF广发
2025-06-18,1.446,1.449,1.45,1.441,202650.0,510360,sh,沪深300ETF广发
2025-06-19,1.449,1.438,1.449,1.433,429942.0,510360,sh,沪深300ETF广发
2025-06-20,1.437,1.439,1.443,1.437,202980.0,510360,sh,沪深300ETF广发
2025-06-23,1.436,1.445,1.448,1.432,485320.0,510360,sh,沪深300ETF广发
2025-06-24,1.444,1.462,1.466,1.444,1789347.0,510360,sh,沪深300ETF广发
2025-06-25,1.463,1.482,1.485,1.46,4372504.0,510360,sh,沪深300ETF广发
2025-06-26,1.479,1.479,1.486,1.478,1162934.0,510360,sh,沪深300ETF广发
2025-06-27,1.479,1.471,1.488,1.468,1833687.0,510360,sh,沪深300ETF广发
2025-06-30,1.469,1.477,1.478,1.467,1309873.0,510360,sh,沪深300ETF广发
2025-07-01,1.478,1.479,1.48,1.472,269359.0,510360,sh,沪深300ETF广发
2025-07-02,1.478,1.481,1.484,1.475,1033155.0,510360,sh,沪深300ETF广发
2025-07-03,1.48,1.489,1.491,1.48,234762.0,510360,sh,沪深300ETF广发
2025-07-04,1.489,1.496,1.507,1.486,258559.0,510360,sh,沪深300ETF广发
2025-07-07,1.496,1.489,1.496,1.485,255971.0,510360,sh,沪深300ETF广发
2025-07-08,1.489,1.501,1.504,1.489,268052.0,510360,sh,沪深300ETF广发
2025-07-09,1.502,1.5,1.509,1.498,279131.0,510360,sh,沪深300ETF广发
2025-07-10,1.505,1.506,1.516,1.5,404940.0,510360,sh,沪深300ETF广发
2025-07-11,1.506,1.512,1.532,1.505,335962.0,510360,sh,沪深300ETF广发
2025-07-14,1.512,1.513,1.519,1.512,339044.0,510360,sh,沪深300ETF广发
2025-07-15,1.515,1.512,1.521,1.502,387749.0,510360,sh,沪深300ETF广发
2025-07-16,1.513,1.509,1.518,1.504,222137.0,510360,sh,沪深300ETF广发
2025-07-17,1.508,1.521,1.521,1.508,318686.0,510360,sh,沪深300ETF广发
2025-07-18,1.524,1.532,1.534,1.523,362676.0,510360,sh,沪深300ETF广发
2025-07-21,1.533,1.542,1.543,1.533,398026.0,510360,sh,沪深300ETF广发
2025-07-22,1.541,1.557,1.557,1.535,336208.0,510360,sh,沪深300ETF广发
2025-07-23,1.557,1.555,1.569,1.553,560068.0,510360,sh,沪深300ETF广发
2025-07-24,1.555,1.566,1.567,1.553,525828.0,510360,sh,沪深300ETF广发
2025-07-25,1.566,1.559,1.567,1.555,2334218.0,510360,sh,沪深300ETF广发
2025-07-28,1.559,1.563,1.565,1.552,860733.0,510360,sh,沪深300ETF广发
2025-07-29,1.562,1.57,1.571,1.554,570005.0,510360,sh,沪深300ETF广发
2025-07-30,1.57,1.571,1.582,1.561,397524.0,510360,sh,沪深300ETF广发
2025-07-31,1.567,1.541,1.567,1.534,1260247.0,510360,sh,沪深300ETF广发
2025-08-01,1.539,1.537,1.543,1.526,364388.0,510360,sh,沪深300ETF广发
2025-08-04,1.53,1.538,1.538,1.525,227458.0,510360,sh,沪深300ETF广发
2025-08-05,1.547,1.55,1.552,1.539,305243.0,510360,sh,沪深300ETF广发
2025-08-06,1.548,1.555,1.556,1.548,160006.0,510360,sh,沪深300ETF广发
2025-08-07,1.552,1.554,1.56,1.546,313953.0,510360,sh,沪深300ETF广发
2025-08-08,1.554,1.551,1.557,1.547,453941.0,510360,sh,沪深300ETF广发
2025-08-11,1.55,1.558,1.563,1.55,593721.0,510360,sh,沪深300ETF广发
2025-08-12,1.558,1.567,1.569,1.557,399015.0,510360,sh,沪深300ETF广发
2025-08-13,1.568,1.579,1.582,1.566,383866.0,510360,sh,沪深300ETF广发
2025-08-14,1.579,1.578,1.595,1.575,382550.0,510360,sh,沪深300ETF广发
2025-08-15,1.576,1.591,1.594,1.571,457723.0,510360,sh,沪深300ETF广发
2025-08-18,1.594,1.605,1.617,1.588,527454.0,510360,sh,沪深300ETF广发
2025-08-19,1.605,1.6,1.611,1.594,2093324.0,510360,sh,沪深300ETF广发
2025-08-20,1.594,1.616,1.617,1.583,761804.0,510360,sh,沪深300ETF广发
2025-08-21,1.617,1.624,1.629,1.614,1233813.0,510360,sh,沪深300ETF广发
2025-08-22,1.624,1.663,1.664,1.621,1005977.0,510360,sh,沪深300ETF广发
2025-08-25,1.667,1.691,1.691,1.663,2342832.0,510360,sh,沪深300ETF广发
2025-08-26,1.69,1.683,1.693,1.676,1109312.0,510360,sh,沪深300ETF广发
2025-08-27,1.683,1.662,1.699,1.657,823406.0,510360,sh,沪深300ETF广发
2025-08-28,1.662,1.687,1.688,1.649,1088398.0,510360,sh,沪深300ETF广发
2025-08-29,1.69,1.704,1.709,1.671,390405.0,510360,sh,沪深300ETF广发
2025-09-01,1.705,1.711,1.713,1.697,484201.0,510360,sh,沪深300ETF广发
2025-09-02,1.708,1.698,1.719,1.685,690403.0,510360,sh,沪深300ETF广发
2025-09-03,1.7,1.683,1.705,1.672,535384.0,510360,sh,沪深300ETF广发
2025-09-04,1.685,1.651,1.687,1.636,443336.0,510360,sh,沪深300ETF广发
2025-09-05,1.65,1.686,1.69,1.643,385027.0,510360,sh,沪深300ETF广发
2025-09-08,1.686,1.69,1.695,1.678,425959.0,510360,sh,沪深300ETF广发
2025-09-09,1.689,1.679,1.69,1.669,313567.0,510360,sh,沪深300ETF广发
2025-09-10,1.674,1.681,1.689,1.669,249301.0,510360,sh,沪深300ETF广发
2025-09-11,1.68,1.722,1.723,1.673,1141689.0,510360,sh,沪深300ETF广发
2025-09-12,1.721,1.711,1.726,1.707,1093924.0,510360,sh,沪深300ETF广发
2025-09-15,1.71,1.714,1.727,1.71,1587503.0,510360,sh,沪深300ETF广发
2025-09-16,1.714,1.71,1.722,1.699,821477.0,510360,sh,沪深300ETF广发
2025-09-17,1.71,1.724,1.725,1.702,466496.0,510360,sh,沪深300ETF广发
2025-09-18,1.724,1.703,1.732,1.683,850683.0,510360,sh,沪深300ETF广发
2025-09-19,1.702,1.704,1.715,1.698,315279.0,510360,sh,沪深300ETF广发
2025-09-22,1.708,1.71,1.711,1.697,201426.0,510360,sh,沪深300ETF广发
2025-09-23,1.71,1.713,1.724,1.686,450952.0,510360,sh,沪深300ETF广发
2025-09-24,1.703,1.726,1.727,1.7,791053.0,510360,sh,沪深300ETF广发
2025-09-25,1.726,1.738,1.746,1.721,1208661.0,510360,sh,沪深300ETF广发
2025-09-26,1.732,1.723,1.739,1.722,1027888.0,510360,sh,沪深300ETF广发
2025-09-29,1.723,1.75,1.76,1.718,1250047.0,510360,sh,沪深300ETF广发
2025-09-30,1.751,1.756,1.758,1.746,1571287.0,510360,sh,沪深300ETF广发
2025-10-09,1.757,1.782,1.789,1.757,210151.0,510360,sh,沪深300ETF广发
2025-10-10,1.775,1.748,1.776,1.742,389637.0,510360,sh,沪深300ETF广发
2025-10-13,1.714,1.738,1.744,1.709,211186.0,510360,sh,沪深300ETF广发
2025-10-14,1.748,1.719,1.755,1.71,344961.0,510360,sh,沪深300ETF广发
2025-10-15,1.72,1.743,1.745,1.714,426378.0,510360,sh,沪深300ETF广发
2025-10-16,1.736,1.747,1.757,1.735,470796.0,510360,sh,沪深300ETF广发
2025-10-17,1.747,1.716,1.748,1.706,488482.0,510360,sh,沪深300ETF广发
2025-10-20,1.719,1.719,1.733,1.713,704584.0,510360,sh,沪深300ETF广发
2025-10-21,1.724,1.745,1.75,1.72,479286.0,510360,sh,沪深300ETF广发
2025-10-22,1.745,1.74,1.745,1.728,196433.0,510360,sh,沪深300ETF广发
2025-10-23,1.739,1.746,1.748,1.718,232585.0,510360,sh,沪深300ETF广发
2025-10-24,1.747,1.766,1.767,1.747,268196.0,510360,sh,沪深300ETF广发
2025-10-27,1.775,1.789,1.789,1.774,303656.0,510360,sh,沪深300ETF广发
2025-10-28,1.78,1.779,1.795,1.774,233636.0,510360,sh,沪深300ETF广发
2025-10-29,1.779,1.8,1.8,1.779,233074.0,510360,sh,沪深300ETF广发
2025-10-30,1.8,1.786,1.803,1.782,468067.0,510360,sh,沪深300ETF广发
2025-10-31,1.782,1.763,1.785,1.761,344948.0,510360,sh,沪深300ETF广发
2025-11-03,1.761,1.763,1.764,1.741,246608.0,510360,sh,沪深300ETF广发
2025-11-04,1.763,1.751,1.767,1.741,440986.0,510360,sh,沪深300ETF广发
2025-11-05,1.731,1.752,1.759,1.728,257639.0,510360,sh,沪深300ETF广发
2025-11-06,1.754,1.777,1.781,1.754,360088.0,510360,sh,沪深300ETF广发
2025-11-07,1.775,1.774,1.781,1.768,775871.0,510360,sh,沪深300ETF广发
2025-11-10,1.774,1.779,1.781,1.762,494334.0,510360,sh,沪深300ETF广发
2025-11-11,1.78,1.765,1.785,1.762,290680.0,510360,sh,沪深300ETF广发
2025-11-12,1.766,1.762,1.77,1.751,197656.0,510360,sh,沪深300ETF广发
2025-11-13,1.76,1.781,1.782,1.76,223769.0,510360,sh,沪深300ETF广发
2025-11-14,1.776,1.754,1.776,1.754,287522.0,510360,sh,沪深300ETF广发
2025-11-17,1.755,1.745,1.755,1.736,268594.0,510360,sh,沪深300ETF广发
2025-11-18,1.741,1.736,1.746,1.728,336409.0,510360,sh,沪深300ETF广发
2025-11-19,1.734,1.74,1.746,1.731,598390.0,510360,sh,沪深300ETF广发
2025-11-20,1.747,1.73,1.751,1.728,620765.0,510360,sh,沪深300ETF广发
2025-11-21,1.713,1.689,1.72,1.686,752881.0,510360,sh,沪深300ETF广发
2025-11-24,1.693,1.688,1.697,1.678,338577.0,510360,sh,沪深300ETF广发
2025-11-25,1.7,1.701,1.712,1.693,578085.0,510360,sh,沪深300ETF广发
2025-11-26,1.704,1.712,1.719,1.699,451928.0,510360,sh,沪深300ETF广发
2025-11-27,1.712,1.711,1.729,1.709,301903.0,510360,sh,沪深300ETF广发
2025-11-28,1.707,1.713,1.718,1.704,243076.0,510360,sh,沪深300ETF广发
2025-12-01,1.717,1.736,1.736,1.717,316576.0,510360,sh,沪深300ETF广发
2025-12-02,1.736,1.725,1.736,1.721,300563.0,510360,sh,沪深300ETF广发
2025-12-03,1.725,1.719,1.734,1.715,188958.0,510360,sh,沪深300ETF广发
2025-12-04,1.718,1.723,1.729,1.712,225549.0,510360,sh,沪深300ETF广发
2025-12-05,1.725,1.736,1.743,1.718,587161.0,510360,sh,沪深300ETF广发
2025-12-08,1.745,1.749,1.759,1.742,610727.0,510360,sh,沪深300ETF广发
2025-12-09,1.747,1.743,1.754,1.737,672888.0,510360,sh,沪深300ETF广发
2025-12-10,1.742,1.738,1.742,1.723,242557.0,510360,sh,沪深300ETF广发
2025-12-11,1.74,1.727,1.747,1.724,588122.0,510360,sh,沪深300ETF广发
2025-12-12,1.729,1.737,1.74,1.72,291051.0,510360,sh,沪深300ETF广发
2025-12-15,1.724,1.728,1.744,1.724,217499.0,510360,sh,沪深300ETF广发
2025-12-16,1.727,1.706,1.727,1.7,755821.0,510360,sh,沪深300ETF广发
2025-12-17,1.706,1.735,1.745,1.706,663951.0,510360,sh,沪深300ETF广发
2025-12-18,1.727,1.726,1.736,1.724,592598.0,510360,sh,沪深300ETF广发
2025-12-19,1.729,1.733,1.744,1.726,343649.0,510360,sh,沪深300ETF广发
2025-12-22,1.737,1.749,1.752,1.737,413959.0,510360,sh,沪深300ETF广发
2025-12-23,1.749,1.752,1.763,1.747,1260407.0,510360,sh,沪深300ETF广发
2025-12-24,1.754,1.759,1.763,1.748,287059.0,510360,sh,沪深300ETF广发
2025-12-25,1.76,1.761,1.768,1.755,1282970.0,510360,sh,沪深300ETF广发
2025-12-26,1.764,1.77,1.777,1.76,545580.0,510360,sh,沪深300ETF广发
2025-12-29,1.77,1.762,1.774,1.758,597820.0,510360,sh,沪深300ETF广发
2025-12-30,1.757,1.767,1.772,1.752,356730.0,510360,sh,沪深300ETF广发
2025-12-31,1.766,1.76,1.774,1.756,414909.0,510360,sh,沪深300ETF广发
2026-01-05,1.765,1.791,1.795,1.763,422185.0,510360,sh,沪深300ETF广发
2026-01-06,1.792,1.82,1.82,1.791,510768.0,510360,sh,沪深300ETF广发
2026-01-07,1.82,1.813,1.823,1.803,352190.0,510360,sh,沪深300ETF广发
2026-01-08,1.81,1.799,1.81,1.791,798430.0,510360,sh,沪深300ETF广发
2026-01-09,1.8,1.806,1.813,1.792,1299124.0,510360,sh,沪深300ETF广发
2026-01-12,1.811,1.816,1.822,1.799,508145.0,510360,sh,沪深300ETF广发
2026-01-13,1.818,1.809,1.835,1.801,135274.0,510360,sh,沪深300ETF广发
2026-01-14,1.807,1.799,1.832,1.787,486928.0,510360,sh,沪深300ETF广发
2026-01-15,1.798,1.802,1.81,1.79,417605.0,510360,sh,沪深300ETF广发
2026-01-16,1.81,1.799,1.82,1.791,416933.0,510360,sh,沪深300ETF广发
2026-01-19,1.793,1.796,1.809,1.789,359529.0,510360,sh,沪深300ETF广发
2026-01-20,1.798,1.794,1.802,1.778,316766.0,510360,sh,沪深300ETF广发
2026-01-21,1.789,1.794,1.808,1.784,275029.0,510360,sh,沪深300ETF广发
2026-01-22,1.805,1.795,1.807,1.786,314623.0,510360,sh,沪深300ETF广发
2026-01-23,1.796,1.784,1.806,1.782,328083.0,510360,sh,沪深300ETF广发
2026-01-26,1.784,1.791,1.806,1.784,139555.0,510360,sh,沪深300ETF广发
2026-01-27,1.791,1.785,1.798,1.776,276987.0,510360,sh,沪深300ETF广发
2026-01-28,1.792,1.793,1.799,1.786,290277.0,510360,sh,沪深300ETF广发
2026-01-29,1.791,1.808,1.812,1.784,215466.0,510360,sh,沪深300ETF广发
2026-01-30,1.799,1.788,1.801,1.762,278643.0,510360,sh,沪深300ETF广发
2026-02-02,1.775,1.75,1.79,1.74,514591.0,510360,sh,沪深300ETF广发
2026-02-03,1.759,1.772,1.773,1.74,434197.0,510360,sh,沪深300ETF广发
2026-02-04,1.764,1.785,1.787,1.763,271100.0,510360,sh,沪深300ETF广发
2026-02-05,1.777,1.776,1.781,1.763,147088.0,510360,sh,沪深300ETF广发
2026-02-06,1.764,1.765,1.78,1.75,892911.0,510360,sh,沪深300ETF广发
2026-02-09,1.776,1.794,1.795,1.776,479810.0,510360,sh,沪深300ETF广发
2026-02-10,1.794,1.797,1.799,1.791,399024.0,510360,sh,沪深300ETF广发
2026-02-11,1.797,1.793,1.797,1.79,138883.0,510360,sh,沪深300ETF广发
2026-02-12,1.794,1.796,1.799,1.792,160156.0,510360,sh,沪深300ETF广发
2026-02-13,1.796,1.779,1.796,1.773,297076.0,510360,sh,沪深300ETF广发
2026-02-24,1.79,1.79,1.798,1.787,162374.0,510360,sh,沪深300ETF广发
2026-02-25,1.789,1.801,1.813,1.789,331487.0,510360,sh,沪深300ETF广发
2026-02-26,1.802,1.797,1.808,1.789,947442.0,510360,sh,沪深300ETF广发
2026-02-27,1.79,1.793,1.796,1.784,275457.0,510360,sh,沪深300ETF广发
2026-03-02,1.777,1.797,1.799,1.774,403115.0,510360,sh,沪深300ETF广发
2026-03-03,1.797,1.776,1.803,1.771,1520432.0,510360,sh,沪深300ETF广发
2026-03-04,1.771,1.753,1.771,1.74,531475.0,510360,sh,沪深300ETF广发
2026-03-05,1.761,1.766,1.775,1.76,369364.0,510360,sh,沪深300ETF广发
2026-03-06,1.762,1.77,1.777,1.753,152539.0,510360,sh,沪深300ETF广发
2026-03-09,1.759,1.753,1.762,1.73,327045.0,510360,sh,沪深300ETF广发
2026-03-10,1.759,1.776,1.779,1.759,284711.0,510360,sh,沪深300ETF广发
2026-03-11,1.777,1.787,1.791,1.776,584670.0,510360,sh,沪深300ETF广发
2026-03-12,1.785,1.782,1.788,1.768,256241.0,510360,sh,沪深300ETF广发
2026-03-13,1.78,1.775,1.789,1.771,142841.0,510360,sh,沪深300ETF广发
2026-03-16,1.775,1.778,1.779,1.758,194434.0,510360,sh,沪深300ETF广发
2026-03-17,1.778,1.765,1.796,1.764,287058.0,510360,sh,沪深300ETF广发
2026-03-18,1.765,1.771,1.773,1.752,211606.0,510360,sh,沪深300ETF广发
2026-03-19,1.757,1.746,1.761,1.738,289115.0,510360,sh,沪深300ETF广发
2026-03-20,1.744,1.743,1.76,1.736,274484.0,510360,sh,沪深300ETF广发
2026-03-23,1.733,1.703,1.736,1.675,597608.0,510360,sh,沪深300ETF广发
2026-03-24,1.707,1.7,1.707,1.672,455443.0,510360,sh,沪深300ETF广发
2026-03-25,1.705,1.727,1.727,1.705,440573.0,510360,sh,沪深300ETF广发
2026-03-26,1.723,1.703,1.726,1.699,293327.0,510360,sh,沪深300ETF广发
2026-03-27,1.687,1.711,1.719,1.685,233479.0,510360,sh,沪深300ETF广发
2026-03-30,1.698,1.709,1.71,1.689,412716.0,510360,sh,沪深300ETF广发
2026-03-31,1.708,1.696,1.719,1.694,303642.0,510360,sh,沪深300ETF广发
2026-04-01,1.713,1.72,1.723,1.708,292375.0,510360,sh,沪深300ETF广发
2026-04-02,1.718,1.704,1.718,1.694,204938.0,510360,sh,沪深300ETF广发
2026-04-03,1.714,1.693,1.714,1.688,184815.0,510360,sh,沪深300ETF广发
2026-04-07,1.695,1.689,1.696,1.683,355679.0,510360,sh,沪深300ETF广发
2026-04-08,1.711,1.746,1.746,1.711,390671.0,510360,sh,沪深300ETF广发
2026-04-09,1.735,1.735,1.74,1.726,323006.0,510360,sh,沪深300ETF广发
2026-04-10,1.744,1.76,1.769,1.744,330727.0,510360,sh,沪深300ETF广发
2026-04-13,1.755,1.767,1.769,1.754,295760.0,510360,sh,沪深300ETF广发
2026-04-14,1.775,1.787,1.788,1.769,198282.0,510360,sh,沪深300ETF广发
2026-04-15,1.793,1.784,1.8,1.778,301434.0,510360,sh,沪深300ETF广发
2026-04-16,1.784,1.8,1.802,1.784,243919.0,510360,sh,沪深300ETF广发
2026-04-17,1.798,1.799,1.804,1.793,238754.0,510360,sh,沪深300ETF广发
2026-04-20,1.799,1.808,1.814,1.795,197177.0,510360,sh,沪深300ETF广发
2026-04-21,1.808,1.814,1.817,1.796,199831.0,510360,sh,沪深300ETF广发
2026-04-22,1.812,1.826,1.829,1.806,198835.0,510360,sh,沪深300ETF广发
2026-04-23,1.828,1.823,1.835,1.81,238541.0,510360,sh,沪深300ETF广发
2026-04-24,1.814,1.816,1.823,1.804,772723.0,510360,sh,沪深300ETF广发
2026-04-27,1.815,1.817,1.826,1.814,474428.0,510360,sh,沪深300ETF广发
2026-04-28,1.815,1.812,1.818,1.806,213896.0,510360,sh,沪深300ETF广发
2026-04-29,1.807,1.832,1.835,1.807,322088.0,510360,sh,沪深300ETF广发
2026-04-30,1.829,1.833,1.842,1.827,252082.0,510360,sh,沪深300ETF广发
2026-05-06,1.843,1.857,1.867,1.835,453835.0,510360,sh,沪深300ETF广发
2026-05-07,1.867,1.865,1.868,1.853,324579.0,510360,sh,沪深300ETF广发
2026-05-08,1.863,1.855,1.863,1.847,305708.0,510360,sh,沪深300ETF广发
2026-05-11,1.861,1.887,1.892,1.861,437562.0,510360,sh,沪深300ETF广发
2026-05-12,1.897,1.885,1.897,1.877,1109991.0,510360,sh,沪深300ETF广发
2026-05-13,1.878,1.905,1.908,1.875,323562.0,510360,sh,沪深300ETF广发
2026-05-14,1.912,1.877,1.915,1.872,359289.0,510360,sh,沪深300ETF广发
2026-05-15,1.872,1.858,1.88,1.844,258026.0,510360,sh,沪深300ETF广发
2026-05-18,1.846,1.847,1.856,1.835,328527.0,510360,sh,沪深300ETF广发
2026-05-19,1.846,1.853,1.853,1.821,198500.0,510360,sh,沪深300ETF广发
2026-05-20,1.851,1.851,1.855,1.835,168225.0,510360,sh,沪深300ETF广发
2026-05-21,1.857,1.828,1.884,1.825,355855.0,510360,sh,沪深300ETF广发
2026-05-22,1.831,1.847,1.868,1.825,352012.0,510360,sh,沪深300ETF广发
2026-05-25,1.853,1.874,1.875,1.849,241847.0,510360,sh,沪深300ETF广发
2026-05-26,1.867,1.889,1.89,1.864,159639.0,510360,sh,沪深300ETF广发
2026-05-27,1.882,1.879,1.898,1.868,204619.0,510360,sh,沪深300ETF广发
2026-05-28,1.872,1.874,1.88,1.85,170574.0,510360,sh,沪深300ETF广发
2026-05-29,1.883,1.875,1.89,1.863,319899.0,510360,sh,沪深300ETF广发
2026-06-01,1.869,1.851,1.878,1.847,242460.0,510360,sh,沪深300ETF广发
2026-06-02,1.85,1.877,1.882,1.846,242927.0,510360,sh,沪深300ETF广发
2026-06-03,1.875,1.886,1.904,1.871,279355.0,510360,sh,沪深300ETF广发
2026-06-04,1.87,1.874,1.885,1.866,268282.0,510360,sh,沪深300ETF广发
2026-06-05,1.87,1.839,1.879,1.834,305582.0,510360,sh,沪深300ETF广发
2026-06-08,1.818,1.804,1.825,1.788,335678.0,510360,sh,沪深300ETF广发
2026-06-09,1.806,1.832,1.833,1.801,274922.0,510360,sh,沪深300ETF广发
2026-06-10,1.821,1.815,1.829,1.805,288944.0,510360,sh,沪深300ETF广发
2026-06-11,1.81,1.806,1.822,1.793,250793.0,510360,sh,沪深300ETF广发
2026-06-12,1.82,1.831,1.842,1.819,258067.0,510360,sh,沪深300ETF广发
2026-06-15,1.847,1.868,1.869,1.838,231050.0,510360,sh,沪深300ETF广发
2026-06-16,1.868,1.866,1.875,1.859,190729.0,510360,sh,沪深300ETF广发
2026-06-17,1.859,1.885,1.885,1.858,226809.0,510360,sh,沪深300ETF广发
2026-06-18,1.875,1.895,1.902,1.875,321806.0,510360,sh,沪深300ETF广发
2026-06-22,1.895,1.942,1.943,1.886,363784.0,510360,sh,沪深300ETF广发
2026-06-23,1.937,1.886,1.937,1.872,381850.0,510360,sh,沪深300ETF广发
2026-06-24,1.878,1.888,1.894,1.873,329311.0,510360,sh,沪深300ETF广发
2026-06-25,1.881,1.92,1.922,1.881,179947.0,510360,sh,沪深300ETF广发
2026-06-26,1.909,1.869,1.909,1.856,397966.0,510360,sh,沪深300ETF广发
2026-06-29,1.858,1.887,1.888,1.853,307466.0,510360,sh,沪深300ETF广发
2026-06-30,1.873,1.908,1.91,1.873,324806.0,510360,sh,沪深300ETF广发
2026-07-01,1.909,1.913,1.924,1.888,253363.0,510360,sh,沪深300ETF广发
2026-07-02,1.883,1.853,1.889,1.84,413170.0,510360,sh,沪深300ETF广发
2026-07-03,1.85,1.86,1.878,1.848,424609.0,510360,sh,沪深300ETF广发
