date,open,close,high,low,volume,code,market,name
2020-02-26,0.54,0.564,0.569,0.54,477947.0,515450,sh,红利低波50ETF南方
2020-02-27,0.561,0.565,0.571,0.561,170934.0,515450,sh,红利低波50ETF南方
2020-02-28,0.563,0.543,0.563,0.537,181642.0,515450,sh,红利低波50ETF南方
2020-03-02,0.543,0.568,0.571,0.543,223791.0,515450,sh,红利低波50ETF南方
2020-03-03,0.573,0.572,0.578,0.569,299508.0,515450,sh,红利低波50ETF南方
2020-03-04,0.569,0.575,0.576,0.569,151231.0,515450,sh,红利低波50ETF南方
2020-03-05,0.577,0.589,0.591,0.576,466181.0,515450,sh,红利低波50ETF南方
2020-03-06,0.58,0.581,0.585,0.578,61429.0,515450,sh,红利低波50ETF南方
2020-03-09,0.574,0.567,0.58,0.563,62949.0,515450,sh,红利低波50ETF南方
2020-03-10,0.564,0.578,0.583,0.56,108142.0,515450,sh,红利低波50ETF南方
2020-03-11,0.572,0.57,0.578,0.57,29017.0,515450,sh,红利低波50ETF南方
2020-03-12,0.57,0.556,0.57,0.553,43939.0,515450,sh,红利低波50ETF南方
2020-03-13,0.543,0.542,0.546,0.458,45864.0,515450,sh,红利低波50ETF南方
2020-03-16,0.542,0.53,0.55,0.528,44212.0,515450,sh,红利低波50ETF南方
2020-03-17,0.53,0.525,0.545,0.512,38170.0,515450,sh,红利低波50ETF南方
2020-03-18,0.524,0.511,0.531,0.511,17695.0,515450,sh,红利低波50ETF南方
2020-03-19,0.505,0.495,0.511,0.484,33383.0,515450,sh,红利低波50ETF南方
2020-03-20,0.495,0.507,0.507,0.493,38325.0,515450,sh,红利低波50ETF南方
2020-03-23,0.5,0.481,0.5,0.48,29904.0,515450,sh,红利低波50ETF南方
2020-03-24,0.49,0.499,0.5,0.488,83191.0,515450,sh,红利低波50ETF南方
2020-03-25,0.502,0.517,0.517,0.502,40885.0,515450,sh,红利低波50ETF南方
2020-03-26,0.508,0.51,0.514,0.508,24047.0,515450,sh,红利低波50ETF南方
2020-03-27,0.514,0.517,0.524,0.514,60237.0,515450,sh,红利低波50ETF南方
2020-03-30,0.508,0.513,0.517,0.507,35864.0,515450,sh,红利低波50ETF南方
2020-03-31,0.512,0.507,0.519,0.507,28350.0,515450,sh,红利低波50ETF南方
2020-04-01,0.507,0.502,0.512,0.501,15336.0,515450,sh,红利低波50ETF南方
2020-04-02,0.501,0.511,0.511,0.498,18458.0,515450,sh,红利低波50ETF南方
2020-04-03,0.511,0.508,0.511,0.505,70835.0,515450,sh,红利低波50ETF南方
2020-04-07,0.51,0.517,0.518,0.51,80211.0,515450,sh,红利低波50ETF南方
2020-04-08,0.515,0.515,0.517,0.511,86298.0,515450,sh,红利低波50ETF南方
2020-04-09,0.518,0.518,0.519,0.515,6622.0,515450,sh,红利低波50ETF南方
2020-04-10,0.518,0.511,0.518,0.508,30914.0,515450,sh,红利低波50ETF南方
2020-04-13,0.507,0.507,0.508,0.506,30881.0,515450,sh,红利低波50ETF南方
2020-04-14,0.509,0.515,0.516,0.509,34863.0,515450,sh,红利低波50ETF南方
2020-04-15,0.515,0.511,0.516,0.511,65399.0,515450,sh,红利低波50ETF南方
2020-04-16,0.509,0.514,0.515,0.507,16023.0,515450,sh,红利低波50ETF南方
2020-04-17,0.518,0.517,0.519,0.515,36754.0,515450,sh,红利低波50ETF南方
2020-04-20,0.517,0.514,0.517,0.512,34400.0,515450,sh,红利低波50ETF南方
2020-04-21,0.513,0.506,0.513,0.503,36270.0,515450,sh,红利低波50ETF南方
2020-04-22,0.501,0.508,0.508,0.48,73861.0,515450,sh,红利低波50ETF南方
2020-04-23,0.507,0.505,0.51,0.505,26406.0,515450,sh,红利低波50ETF南方
2020-04-24,0.505,0.499,0.505,0.498,34906.0,515450,sh,红利低波50ETF南方
2020-04-27,0.5,0.504,0.508,0.5,25463.0,515450,sh,红利低波50ETF南方
2020-04-28,0.503,0.499,0.503,0.489,22449.0,515450,sh,红利低波50ETF南方
2020-04-29,0.5,0.509,0.51,0.5,80780.0,515450,sh,红利低波50ETF南方
2020-04-30,0.512,0.521,0.522,0.512,100582.0,515450,sh,红利低波50ETF南方
2020-05-06,0.52,0.518,0.52,0.51,40387.0,515450,sh,红利低波50ETF南方
2020-05-07,0.518,0.512,0.518,0.511,68398.0,515450,sh,红利低波50ETF南方
2020-05-08,0.513,0.519,0.519,0.513,79785.0,515450,sh,红利低波50ETF南方
2020-05-11,0.519,0.52,0.522,0.517,88770.0,515450,sh,红利低波50ETF南方
2020-05-12,0.524,0.515,0.524,0.513,11332.0,515450,sh,红利低波50ETF南方
2020-05-13,0.515,0.515,0.515,0.509,64704.0,515450,sh,红利低波50ETF南方
2020-05-14,0.515,0.506,0.515,0.497,81794.0,515450,sh,红利低波50ETF南方
2020-05-15,0.508,0.503,0.509,0.503,102815.0,515450,sh,红利低波50ETF南方
2020-05-18,0.504,0.506,0.509,0.504,19694.0,515450,sh,红利低波50ETF南方
2020-05-19,0.506,0.509,0.514,0.506,22380.0,515450,sh,红利低波50ETF南方
2020-05-20,0.509,0.505,0.509,0.503,61911.0,515450,sh,红利低波50ETF南方
2020-05-21,0.506,0.501,0.507,0.5,11580.0,515450,sh,红利低波50ETF南方
2020-05-22,0.498,0.488,0.498,0.487,21467.0,515450,sh,红利低波50ETF南方
2020-05-25,0.489,0.487,0.49,0.485,11109.0,515450,sh,红利低波50ETF南方
2020-05-26,0.488,0.491,0.491,0.488,31483.0,515450,sh,红利低波50ETF南方
2020-05-27,0.49,0.493,0.494,0.49,32235.0,515450,sh,红利低波50ETF南方
2020-05-28,0.494,0.496,0.5,0.493,125765.0,515450,sh,红利低波50ETF南方
2020-05-29,0.496,0.492,0.496,0.49,122227.0,515450,sh,红利低波50ETF南方
2020-06-01,0.497,0.503,0.504,0.496,133672.0,515450,sh,红利低波50ETF南方
2020-06-02,0.503,0.507,0.507,0.503,135861.0,515450,sh,红利低波50ETF南方
2020-06-03,0.51,0.509,0.516,0.507,133873.0,515450,sh,红利低波50ETF南方
2020-06-04,0.509,0.503,0.509,0.502,89417.0,515450,sh,红利低波50ETF南方
2020-06-05,0.497,0.504,0.504,0.497,140344.0,515450,sh,红利低波50ETF南方
2020-06-08,0.503,0.507,0.509,0.503,91128.0,515450,sh,红利低波50ETF南方
2020-06-09,0.505,0.51,0.511,0.505,125070.0,515450,sh,红利低波50ETF南方
2020-06-10,0.511,0.506,0.511,0.504,136405.0,515450,sh,红利低波50ETF南方
2020-06-11,0.503,0.497,0.504,0.497,145886.0,515450,sh,红利低波50ETF南方
2020-06-12,0.49,0.495,0.495,0.488,145978.0,515450,sh,红利低波50ETF南方
2020-06-15,0.489,0.487,0.494,0.486,149575.0,515450,sh,红利低波50ETF南方
2020-06-16,0.49,0.496,0.496,0.489,128103.0,515450,sh,红利低波50ETF南方
2020-06-17,0.494,0.499,0.5,0.494,122969.0,515450,sh,红利低波50ETF南方
2020-06-18,0.499,0.506,0.507,0.495,110292.0,515450,sh,红利低波50ETF南方
2020-06-19,0.523,0.507,0.523,0.5,101462.0,515450,sh,红利低波50ETF南方
2020-06-22,0.505,0.504,0.508,0.503,120449.0,515450,sh,红利低波50ETF南方
2020-06-23,0.502,0.5,0.502,0.499,45483.0,515450,sh,红利低波50ETF南方
2020-06-24,0.502,0.506,0.506,0.502,82083.0,515450,sh,红利低波50ETF南方
2020-06-29,0.506,0.498,0.506,0.497,103967.0,515450,sh,红利低波50ETF南方
2020-06-30,0.497,0.502,0.505,0.497,130680.0,515450,sh,红利低波50ETF南方
2020-07-01,0.503,0.516,0.517,0.503,75939.0,515450,sh,红利低波50ETF南方
2020-07-02,0.516,0.539,0.54,0.516,115933.0,515450,sh,红利低波50ETF南方
2020-07-03,0.539,0.559,0.56,0.539,124731.0,515450,sh,红利低波50ETF南方
2020-07-06,0.561,0.626,0.626,0.561,420335.0,515450,sh,红利低波50ETF南方
2020-07-07,0.64,0.611,0.651,0.611,210054.0,515450,sh,红利低波50ETF南方
2020-07-08,0.611,0.622,0.638,0.606,211464.0,515450,sh,红利低波50ETF南方
2020-07-09,0.622,0.628,0.632,0.613,174024.0,515450,sh,红利低波50ETF南方
2020-07-10,0.628,0.605,0.628,0.604,103662.0,515450,sh,红利低波50ETF南方
2020-07-13,0.601,0.621,0.626,0.599,103287.0,515450,sh,红利低波50ETF南方
2020-07-14,0.615,0.614,0.628,0.602,110562.0,515450,sh,红利低波50ETF南方
2020-07-15,0.618,0.598,0.618,0.597,74693.0,515450,sh,红利低波50ETF南方
2020-07-16,0.598,0.584,0.618,0.583,91024.0,515450,sh,红利低波50ETF南方
2020-07-17,0.583,0.581,0.593,0.574,125835.0,515450,sh,红利低波50ETF南方
2020-07-20,0.586,0.612,0.612,0.585,110743.0,515450,sh,红利低波50ETF南方
2020-07-21,0.61,0.609,0.619,0.608,108404.0,515450,sh,红利低波50ETF南方
2020-07-22,0.619,0.613,0.628,0.61,150129.0,515450,sh,红利低波50ETF南方
2020-07-23,0.61,0.607,0.613,0.594,70919.0,515450,sh,红利低波50ETF南方
2020-07-24,0.607,0.582,0.607,0.578,82370.0,515450,sh,红利低波50ETF南方
2020-07-27,0.582,0.58,0.585,0.576,119826.0,515450,sh,红利低波50ETF南方
2020-07-28,0.578,0.583,0.588,0.578,60189.0,515450,sh,红利低波50ETF南方
2020-07-29,0.575,0.592,0.593,0.574,70774.0,515450,sh,红利低波50ETF南方
2020-07-30,0.593,0.59,0.596,0.589,87359.0,515450,sh,红利低波50ETF南方
2020-07-31,0.59,0.591,0.601,0.585,41016.0,515450,sh,红利低波50ETF南方
2020-08-03,0.59,0.601,0.602,0.59,98343.0,515450,sh,红利低波50ETF南方
2020-08-04,0.605,0.613,0.615,0.597,166162.0,515450,sh,红利低波50ETF南方
2020-08-05,0.605,0.602,0.605,0.595,73859.0,515450,sh,红利低波50ETF南方
2020-08-06,0.602,0.602,0.606,0.595,124539.0,515450,sh,红利低波50ETF南方
2020-08-07,0.595,0.599,0.605,0.593,69278.0,515450,sh,红利低波50ETF南方
2020-08-10,0.599,0.613,0.615,0.595,28460.0,515450,sh,红利低波50ETF南方
2020-08-11,0.61,0.609,0.627,0.608,68203.0,515450,sh,红利低波50ETF南方
2020-08-12,0.591,0.617,0.617,0.591,64314.0,515450,sh,红利低波50ETF南方
2020-08-13,0.617,0.62,0.626,0.617,67410.0,515450,sh,红利低波50ETF南方
2020-08-14,0.625,0.63,0.637,0.619,56609.0,515450,sh,红利低波50ETF南方
2020-08-17,0.629,0.653,0.659,0.611,79443.0,515450,sh,红利低波50ETF南方
2020-08-18,0.652,0.65,0.655,0.645,81918.0,515450,sh,红利低波50ETF南方
2020-08-19,0.644,0.653,0.661,0.644,82555.0,515450,sh,红利低波50ETF南方
2020-08-20,0.653,0.641,0.653,0.64,33392.0,515450,sh,红利低波50ETF南方
2020-08-21,0.641,0.643,0.65,0.641,18495.0,515450,sh,红利低波50ETF南方
2020-08-24,0.646,0.642,0.648,0.641,55041.0,515450,sh,红利低波50ETF南方
2020-08-25,0.643,0.637,0.646,0.634,15196.0,515450,sh,红利低波50ETF南方
2020-08-26,0.638,0.63,0.64,0.626,109645.0,515450,sh,红利低波50ETF南方
2020-08-27,0.63,0.631,0.633,0.629,74090.0,515450,sh,红利低波50ETF南方
2020-08-28,0.63,0.647,0.647,0.63,12970.0,515450,sh,红利低波50ETF南方
2020-08-31,0.647,0.644,0.657,0.644,70138.0,515450,sh,红利低波50ETF南方
2020-09-01,0.645,0.65,0.65,0.642,77859.0,515450,sh,红利低波50ETF南方
2020-09-02,0.651,0.642,0.651,0.637,85090.0,515450,sh,红利低波50ETF南方
2020-09-03,0.64,0.642,0.651,0.628,90520.0,515450,sh,红利低波50ETF南方
2020-09-04,0.639,0.637,0.639,0.629,123999.0,515450,sh,红利低波50ETF南方
2020-09-07,0.635,0.63,0.641,0.63,40826.0,515450,sh,红利低波50ETF南方
2020-09-08,0.63,0.644,0.646,0.63,35303.0,515450,sh,红利低波50ETF南方
2020-09-09,0.644,0.635,0.646,0.635,56556.0,515450,sh,红利低波50ETF南方
2020-09-10,0.635,0.63,0.64,0.63,33831.0,515450,sh,红利低波50ETF南方
2020-09-11,0.625,0.631,0.631,0.625,56196.0,515450,sh,红利低波50ETF南方
2020-09-14,0.631,0.633,0.633,0.628,51962.0,515450,sh,红利低波50ETF南方
2020-09-15,0.632,0.635,0.635,0.629,44502.0,515450,sh,红利低波50ETF南方
2020-09-16,0.635,0.638,0.643,0.633,46795.0,515450,sh,红利低波50ETF南方
2020-09-17,0.638,0.635,0.639,0.634,42926.0,515450,sh,红利低波50ETF南方
2020-09-18,0.64,0.651,0.652,0.64,19805.0,515450,sh,红利低波50ETF南方
2020-09-21,0.649,0.645,0.651,0.644,13172.0,515450,sh,红利低波50ETF南方
2020-09-22,0.643,0.631,0.643,0.631,25296.0,515450,sh,红利低波50ETF南方
2020-09-23,0.632,0.628,0.632,0.628,4265.0,515450,sh,红利低波50ETF南方
2020-09-24,0.625,0.611,0.625,0.611,5412.0,515450,sh,红利低波50ETF南方
2020-09-25,0.615,0.608,0.615,0.607,1970.0,515450,sh,红利低波50ETF南方
2020-09-28,0.614,0.611,0.614,0.609,15404.0,515450,sh,红利低波50ETF南方
2020-09-29,0.614,0.612,0.615,0.611,6183.0,515450,sh,红利低波50ETF南方
2020-09-30,0.613,0.606,0.614,0.602,7272.0,515450,sh,红利低波50ETF南方
2020-10-09,0.606,0.616,0.628,0.606,2056.0,515450,sh,红利低波50ETF南方
2020-10-12,0.617,0.63,0.631,0.617,14907.0,515450,sh,红利低波50ETF南方
2020-10-13,0.63,0.631,0.632,0.626,17077.0,515450,sh,红利低波50ETF南方
2020-10-14,0.626,0.628,0.63,0.626,42793.0,515450,sh,红利低波50ETF南方
2020-10-15,0.628,0.632,0.636,0.627,49107.0,515450,sh,红利低波50ETF南方
2020-10-16,0.633,0.639,0.643,0.631,44598.0,515450,sh,红利低波50ETF南方
2020-10-19,0.64,0.636,0.654,0.636,32623.0,515450,sh,红利低波50ETF南方
2020-10-20,0.635,0.633,0.635,0.628,20944.0,515450,sh,红利低波50ETF南方
2020-10-21,0.634,0.638,0.638,0.629,28457.0,515450,sh,红利低波50ETF南方
2020-10-22,0.635,0.636,0.636,0.632,13867.0,515450,sh,红利低波50ETF南方
2020-10-23,0.64,0.638,0.645,0.637,34812.0,515450,sh,红利低波50ETF南方
2020-10-26,0.637,0.63,0.637,0.629,19928.0,515450,sh,红利低波50ETF南方
2020-10-27,0.632,0.628,0.632,0.626,18689.0,515450,sh,红利低波50ETF南方
2020-10-28,0.633,0.624,0.633,0.62,30615.0,515450,sh,红利低波50ETF南方
2020-10-29,0.624,0.625,0.627,0.615,41850.0,515450,sh,红利低波50ETF南方
2020-10-30,0.625,0.619,0.634,0.619,30746.0,515450,sh,红利低波50ETF南方
2020-11-02,0.62,0.625,0.625,0.62,65695.0,515450,sh,红利低波50ETF南方
2020-11-03,0.628,0.633,0.635,0.628,51650.0,515450,sh,红利低波50ETF南方
2020-11-04,0.633,0.64,0.64,0.631,51107.0,515450,sh,红利低波50ETF南方
2020-11-05,0.64,0.648,0.65,0.64,42370.0,515450,sh,红利低波50ETF南方
2020-11-06,0.649,0.656,0.656,0.647,83539.0,515450,sh,红利低波50ETF南方
2020-11-09,0.653,0.665,0.669,0.653,54660.0,515450,sh,红利低波50ETF南方
2020-11-10,0.665,0.665,0.675,0.663,31175.0,515450,sh,红利低波50ETF南方
2020-11-11,0.666,0.673,0.679,0.664,49957.0,515450,sh,红利低波50ETF南方
2020-11-12,0.672,0.665,0.672,0.664,47694.0,515450,sh,红利低波50ETF南方
2020-11-13,0.665,0.655,0.665,0.65,50602.0,515450,sh,红利低波50ETF南方
2020-11-16,0.656,0.665,0.665,0.656,58476.0,515450,sh,红利低波50ETF南方
2020-11-17,0.665,0.666,0.67,0.665,87585.0,515450,sh,红利低波50ETF南方
2020-11-18,0.666,0.671,0.679,0.664,62321.0,515450,sh,红利低波50ETF南方
2020-11-19,0.671,0.674,0.677,0.67,55428.0,515450,sh,红利低波50ETF南方
2020-11-20,0.672,0.676,0.677,0.67,42875.0,515450,sh,红利低波50ETF南方
2020-11-23,0.68,0.691,0.697,0.68,52909.0,515450,sh,红利低波50ETF南方
2020-11-24,0.69,0.691,0.692,0.688,36818.0,515450,sh,红利低波50ETF南方
2020-11-25,0.699,0.686,0.701,0.683,54160.0,515450,sh,红利低波50ETF南方
2020-11-26,0.688,0.694,0.695,0.685,47655.0,515450,sh,红利低波50ETF南方
2020-11-27,0.696,0.707,0.708,0.695,57367.0,515450,sh,红利低波50ETF南方
2020-11-30,0.724,0.707,0.735,0.706,61067.0,515450,sh,红利低波50ETF南方
2020-12-01,0.71,0.715,0.717,0.702,55433.0,515450,sh,红利低波50ETF南方
2020-12-02,0.718,0.714,0.722,0.708,63167.0,515450,sh,红利低波50ETF南方
2020-12-03,0.712,0.703,0.713,0.703,63720.0,515450,sh,红利低波50ETF南方
2020-12-04,0.706,0.697,0.706,0.69,52620.0,515450,sh,红利低波50ETF南方
2020-12-07,0.705,0.68,0.705,0.679,65024.0,515450,sh,红利低波50ETF南方
2020-12-08,0.68,0.673,0.685,0.673,50878.0,515450,sh,红利低波50ETF南方
2020-12-09,0.68,0.67,0.682,0.67,56578.0,515450,sh,红利低波50ETF南方
2020-12-10,0.674,0.667,0.676,0.667,69091.0,515450,sh,红利低波50ETF南方
2020-12-11,0.67,0.661,0.672,0.657,48693.0,515450,sh,红利低波50ETF南方
2020-12-14,0.66,0.655,0.661,0.651,55217.0,515450,sh,红利低波50ETF南方
2020-12-15,0.655,0.649,0.662,0.554,45567.0,515450,sh,红利低波50ETF南方
2020-12-16,0.648,0.653,0.656,0.647,32295.0,515450,sh,红利低波50ETF南方
2020-12-17,0.653,0.661,0.671,0.642,56119.0,515450,sh,红利低波50ETF南方
2020-12-18,0.677,0.665,0.677,0.658,40939.0,515450,sh,红利低波50ETF南方
2020-12-21,0.665,0.67,0.67,0.662,47121.0,515450,sh,红利低波50ETF南方
2020-12-22,0.659,0.642,0.665,0.641,69889.0,515450,sh,红利低波50ETF南方
2020-12-23,0.645,0.648,0.65,0.641,62201.0,515450,sh,红利低波50ETF南方
2020-12-24,0.649,0.65,0.654,0.644,45182.0,515450,sh,红利低波50ETF南方
2020-12-25,0.651,0.658,0.661,0.646,62468.0,515450,sh,红利低波50ETF南方
2020-12-28,0.658,0.661,0.664,0.657,57165.0,515450,sh,红利低波50ETF南方
2020-12-29,0.662,0.654,0.663,0.651,27676.0,515450,sh,红利低波50ETF南方
2020-12-30,0.654,0.653,0.659,0.651,51763.0,515450,sh,红利低波50ETF南方
2020-12-31,0.654,0.66,0.661,0.651,44413.0,515450,sh,红利低波50ETF南方
2021-01-04,0.656,0.658,0.66,0.651,52354.0,515450,sh,红利低波50ETF南方
2021-01-05,0.652,0.649,0.652,0.641,40468.0,515450,sh,红利低波50ETF南方
2021-01-06,0.651,0.662,0.663,0.651,37452.0,515450,sh,红利低波50ETF南方
2021-01-07,0.663,0.668,0.669,0.659,45103.0,515450,sh,红利低波50ETF南方
2021-01-08,0.668,0.676,0.678,0.668,43633.0,515450,sh,红利低波50ETF南方
2021-01-11,0.678,0.668,0.684,0.667,42060.0,515450,sh,红利低波50ETF南方
2021-01-12,0.668,0.678,0.678,0.665,55829.0,515450,sh,红利低波50ETF南方
2021-01-13,0.678,0.688,0.693,0.672,66929.0,515450,sh,红利低波50ETF南方
2021-01-14,0.688,0.687,0.697,0.68,60506.0,515450,sh,红利低波50ETF南方
2021-01-15,0.685,0.692,0.703,0.681,58310.0,515450,sh,红利低波50ETF南方
2021-01-18,0.695,0.696,0.7,0.69,57413.0,515450,sh,红利低波50ETF南方
2021-01-19,0.695,0.7,0.706,0.692,62616.0,515450,sh,红利低波50ETF南方
2021-01-20,0.7,0.696,0.707,0.695,57932.0,515450,sh,红利低波50ETF南方
2021-01-21,0.703,0.704,0.709,0.699,41525.0,515450,sh,红利低波50ETF南方
2021-01-22,0.7,0.691,0.7,0.687,42951.0,515450,sh,红利低波50ETF南方
2021-01-25,0.68,0.686,0.686,0.675,60330.0,515450,sh,红利低波50ETF南方
2021-01-26,0.673,0.68,0.689,0.673,39129.0,515450,sh,红利低波50ETF南方
2021-01-27,0.68,0.685,0.693,0.68,54976.0,515450,sh,红利低波50ETF南方
2021-01-28,0.678,0.679,0.68,0.673,55826.0,515450,sh,红利低波50ETF南方
2021-01-29,0.675,0.666,0.678,0.661,60396.0,515450,sh,红利低波50ETF南方
2021-02-01,0.668,0.669,0.669,0.662,44011.0,515450,sh,红利低波50ETF南方
2021-02-02,0.675,0.666,0.675,0.664,45377.0,515450,sh,红利低波50ETF南方
2021-02-03,0.666,0.658,0.666,0.657,79577.0,515450,sh,红利低波50ETF南方
2021-02-04,0.66,0.655,0.66,0.648,33588.0,515450,sh,红利低波50ETF南方
2021-02-05,0.664,0.671,0.672,0.661,56919.0,515450,sh,红利低波50ETF南方
2021-02-08,0.668,0.671,0.674,0.665,52956.0,515450,sh,红利低波50ETF南方
2021-02-09,0.67,0.675,0.675,0.666,33418.0,515450,sh,红利低波50ETF南方
2021-02-10,0.676,0.678,0.683,0.675,28349.0,515450,sh,红利低波50ETF南方
2021-02-18,0.68,0.7,0.706,0.68,39589.0,515450,sh,红利低波50ETF南方
2021-02-19,0.7,0.718,0.722,0.7,62991.0,515450,sh,红利低波50ETF南方
2021-02-22,0.718,0.738,0.747,0.718,62268.0,515450,sh,红利低波50ETF南方
2021-02-23,0.75,0.726,0.75,0.721,52057.0,515450,sh,红利低波50ETF南方
2021-02-24,0.726,0.714,0.733,0.711,50664.0,515450,sh,红利低波50ETF南方
2021-02-25,0.701,0.739,0.745,0.701,22243.0,515450,sh,红利低波50ETF南方
2021-02-26,0.77,0.718,0.77,0.715,31223.0,515450,sh,红利低波50ETF南方
2021-03-01,0.703,0.722,0.722,0.701,24937.0,515450,sh,红利低波50ETF南方
2021-03-02,0.722,0.716,0.73,0.709,17792.0,515450,sh,红利低波50ETF南方
2021-03-03,0.719,0.738,0.739,0.718,66717.0,515450,sh,红利低波50ETF南方
2021-03-04,0.735,0.742,0.743,0.727,45931.0,515450,sh,红利低波50ETF南方
2021-03-05,0.74,0.734,0.74,0.725,30127.0,515450,sh,红利低波50ETF南方
2021-03-08,0.733,0.734,0.749,0.733,52897.0,515450,sh,红利低波50ETF南方
2021-03-09,0.734,0.732,0.746,0.721,49969.0,515450,sh,红利低波50ETF南方
2021-03-10,0.726,0.724,0.734,0.722,31190.0,515450,sh,红利低波50ETF南方
2021-03-11,0.732,0.746,0.746,0.732,49956.0,515450,sh,红利低波50ETF南方
2021-03-12,0.746,0.778,0.781,0.745,92020.0,515450,sh,红利低波50ETF南方
2021-03-15,0.769,0.786,0.788,0.769,165032.0,515450,sh,红利低波50ETF南方
2021-03-16,0.788,0.79,0.792,0.774,73358.0,515450,sh,红利低波50ETF南方
2021-03-17,0.79,0.776,0.79,0.764,64437.0,515450,sh,红利低波50ETF南方
2021-03-18,0.779,0.782,0.784,0.769,64508.0,515450,sh,红利低波50ETF南方
2021-03-19,0.784,0.77,0.784,0.749,60306.0,515450,sh,红利低波50ETF南方
2021-03-22,0.768,0.786,0.786,0.768,46374.0,515450,sh,红利低波50ETF南方
2021-03-23,0.786,0.774,0.786,0.762,51317.0,515450,sh,红利低波50ETF南方
2021-03-24,0.769,0.758,0.769,0.753,37306.0,515450,sh,红利低波50ETF南方
2021-03-25,0.752,0.759,0.759,0.747,75761.0,515450,sh,红利低波50ETF南方
2021-03-26,0.746,0.759,0.764,0.746,34140.0,515450,sh,红利低波50ETF南方
2021-03-29,0.761,0.78,0.78,0.761,51337.0,515450,sh,红利低波50ETF南方
2021-03-30,0.781,0.781,0.786,0.766,66988.0,515450,sh,红利低波50ETF南方
2021-03-31,0.781,0.782,0.785,0.765,46456.0,515450,sh,红利低波50ETF南方
2021-04-01,0.782,0.782,0.783,0.777,29382.0,515450,sh,红利低波50ETF南方
2021-04-02,0.777,0.769,0.777,0.767,27528.0,515450,sh,红利低波50ETF南方
2021-04-06,0.761,0.769,0.773,0.761,49837.0,515450,sh,红利低波50ETF南方
2021-04-07,0.742,0.772,0.778,0.735,24114.0,515450,sh,红利低波50ETF南方
2021-04-08,0.772,0.771,0.782,0.766,43844.0,515450,sh,红利低波50ETF南方
2021-04-09,0.771,0.774,0.774,0.765,29998.0,515450,sh,红利低波50ETF南方
2021-04-12,0.774,0.777,0.778,0.767,56942.0,515450,sh,红利低波50ETF南方
2021-04-13,0.78,0.759,0.78,0.758,28393.0,515450,sh,红利低波50ETF南方
2021-04-14,0.758,0.758,0.76,0.75,44544.0,515450,sh,红利低波50ETF南方
2021-04-15,0.758,0.752,0.758,0.75,36763.0,515450,sh,红利低波50ETF南方
2021-04-16,0.752,0.764,0.766,0.752,53128.0,515450,sh,红利低波50ETF南方
2021-04-19,0.765,0.767,0.77,0.765,59279.0,515450,sh,红利低波50ETF南方
2021-04-20,0.766,0.764,0.767,0.763,58188.0,515450,sh,红利低波50ETF南方
2021-04-21,0.762,0.761,0.762,0.756,72391.0,515450,sh,红利低波50ETF南方
2021-04-22,0.758,0.758,0.766,0.756,67957.0,515450,sh,红利低波50ETF南方
2021-04-23,0.755,0.751,0.755,0.748,154495.0,515450,sh,红利低波50ETF南方
2021-04-26,0.751,0.743,0.756,0.743,118292.0,515450,sh,红利低波50ETF南方
2021-04-27,0.743,0.739,0.743,0.734,108237.0,515450,sh,红利低波50ETF南方
2021-04-28,0.739,0.744,0.744,0.739,112169.0,515450,sh,红利低波50ETF南方
2021-04-29,0.744,0.754,0.757,0.744,161602.0,515450,sh,红利低波50ETF南方
2021-04-30,0.757,0.745,0.757,0.739,124304.0,515450,sh,红利低波50ETF南方
2021-05-06,0.74,0.752,0.757,0.74,135727.0,515450,sh,红利低波50ETF南方
2021-05-07,0.764,0.766,0.77,0.758,135483.0,515450,sh,红利低波50ETF南方
2021-05-10,0.763,0.773,0.775,0.763,119507.0,515450,sh,红利低波50ETF南方
2021-05-11,0.77,0.776,0.776,0.762,128783.0,515450,sh,红利低波50ETF南方
2021-05-12,0.776,0.777,0.777,0.771,114354.0,515450,sh,红利低波50ETF南方
2021-05-13,0.777,0.766,0.777,0.762,146733.0,515450,sh,红利低波50ETF南方
2021-05-14,0.767,0.767,0.767,0.76,138380.0,515450,sh,红利低波50ETF南方
2021-05-17,0.767,0.77,0.775,0.765,124108.0,515450,sh,红利低波50ETF南方
2021-05-18,0.77,0.777,0.778,0.77,82240.0,515450,sh,红利低波50ETF南方
2021-05-19,0.768,0.764,0.771,0.762,106493.0,515450,sh,红利低波50ETF南方
2021-05-20,0.764,0.757,0.764,0.749,153691.0,515450,sh,红利低波50ETF南方
2021-05-21,0.759,0.758,0.763,0.756,140337.0,515450,sh,红利低波50ETF南方
2021-05-24,0.764,0.759,0.767,0.756,143179.0,515450,sh,红利低波50ETF南方
2021-05-25,0.755,0.771,0.773,0.752,141580.0,515450,sh,红利低波50ETF南方
2021-05-26,0.771,0.777,0.779,0.77,133618.0,515450,sh,红利低波50ETF南方
2021-05-27,0.772,0.775,0.778,0.772,152510.0,515450,sh,红利低波50ETF南方
2021-05-28,0.775,0.772,0.78,0.768,165093.0,515450,sh,红利低波50ETF南方
2021-05-31,0.772,0.769,0.772,0.763,154128.0,515450,sh,红利低波50ETF南方
2021-06-01,0.766,0.768,0.77,0.76,148999.0,515450,sh,红利低波50ETF南方
2021-06-02,0.768,0.774,0.774,0.767,174265.0,515450,sh,红利低波50ETF南方
2021-06-03,0.77,0.782,0.787,0.77,157971.0,515450,sh,红利低波50ETF南方
2021-06-04,0.778,0.78,0.783,0.774,160226.0,515450,sh,红利低波50ETF南方
2021-06-07,0.783,0.773,0.783,0.769,167937.0,515450,sh,红利低波50ETF南方
2021-06-08,0.771,0.776,0.778,0.771,160917.0,515450,sh,红利低波50ETF南方
2021-06-09,0.778,0.783,0.786,0.775,175448.0,515450,sh,红利低波50ETF南方
2021-06-10,0.783,0.781,0.788,0.781,179237.0,515450,sh,红利低波50ETF南方
2021-06-11,0.785,0.782,0.787,0.781,169942.0,515450,sh,红利低波50ETF南方
2021-06-15,0.786,0.772,0.786,0.769,149488.0,515450,sh,红利低波50ETF南方
2021-06-16,0.771,0.774,0.779,0.767,172976.0,515450,sh,红利低波50ETF南方
2021-06-17,0.764,0.768,0.777,0.764,147896.0,515450,sh,红利低波50ETF南方
2021-06-18,0.767,0.758,0.767,0.756,171790.0,515450,sh,红利低波50ETF南方
2021-06-21,0.76,0.757,0.76,0.752,174322.0,515450,sh,红利低波50ETF南方
2021-06-22,0.76,0.762,0.766,0.758,162249.0,515450,sh,红利低波50ETF南方
2021-06-23,0.762,0.771,0.772,0.762,173702.0,515450,sh,红利低波50ETF南方
2021-06-24,0.772,0.777,0.78,0.771,161449.0,515450,sh,红利低波50ETF南方
2021-06-25,0.781,0.786,0.787,0.778,186951.0,515450,sh,红利低波50ETF南方
2021-06-28,0.788,0.783,0.789,0.782,154531.0,515450,sh,红利低波50ETF南方
2021-06-29,0.78,0.772,0.78,0.772,156499.0,515450,sh,红利低波50ETF南方
2021-06-30,0.773,0.775,0.777,0.772,147784.0,515450,sh,红利低波50ETF南方
2021-07-01,0.78,0.777,0.785,0.775,188689.0,515450,sh,红利低波50ETF南方
2021-07-02,0.782,0.769,0.783,0.768,120150.0,515450,sh,红利低波50ETF南方
2021-07-05,0.766,0.772,0.775,0.766,137499.0,515450,sh,红利低波50ETF南方
2021-07-06,0.773,0.783,0.784,0.773,212048.0,515450,sh,红利低波50ETF南方
2021-07-07,0.78,0.777,0.782,0.772,183796.0,515450,sh,红利低波50ETF南方
2021-07-08,0.78,0.763,0.78,0.761,194629.0,515450,sh,红利低波50ETF南方
2021-07-09,0.765,0.763,0.767,0.761,166076.0,515450,sh,红利低波50ETF南方
2021-07-12,0.77,0.759,0.772,0.756,161548.0,515450,sh,红利低波50ETF南方
2021-07-13,0.759,0.771,0.772,0.758,134845.0,515450,sh,红利低波50ETF南方
2021-07-14,0.77,0.763,0.77,0.76,174954.0,515450,sh,红利低波50ETF南方
2021-07-15,0.763,0.771,0.773,0.759,164282.0,515450,sh,红利低波50ETF南方
2021-07-16,0.772,0.771,0.777,0.77,170080.0,515450,sh,红利低波50ETF南方
2021-07-19,0.77,0.762,0.77,0.757,166393.0,515450,sh,红利低波50ETF南方
2021-07-20,0.762,0.761,0.762,0.75,190123.0,515450,sh,红利低波50ETF南方
2021-07-21,0.753,0.748,0.76,0.747,168247.0,515450,sh,红利低波50ETF南方
2021-07-22,0.75,0.758,0.76,0.75,157845.0,515450,sh,红利低波50ETF南方
2021-07-23,0.758,0.752,0.763,0.752,133492.0,515450,sh,红利低波50ETF南方
2021-07-26,0.751,0.734,0.751,0.73,177876.0,515450,sh,红利低波50ETF南方
2021-07-27,0.734,0.708,0.736,0.707,216466.0,515450,sh,红利低波50ETF南方
2021-07-28,0.704,0.709,0.715,0.703,144069.0,515450,sh,红利低波50ETF南方
2021-07-29,0.713,0.704,0.715,0.701,152752.0,515450,sh,红利低波50ETF南方
2021-07-30,0.705,0.706,0.712,0.698,192220.0,515450,sh,红利低波50ETF南方
2021-08-02,0.7,0.72,0.724,0.697,184777.0,515450,sh,红利低波50ETF南方
2021-08-03,0.714,0.719,0.72,0.714,188804.0,515450,sh,红利低波50ETF南方
2021-08-04,0.718,0.715,0.719,0.713,199320.0,515450,sh,红利低波50ETF南方
2021-08-05,0.717,0.722,0.729,0.717,180842.0,515450,sh,红利低波50ETF南方
2021-08-06,0.731,0.723,0.731,0.713,159334.0,515450,sh,红利低波50ETF南方
2021-08-09,0.719,0.739,0.745,0.719,148192.0,515450,sh,红利低波50ETF南方
2021-08-10,0.739,0.744,0.746,0.732,166116.0,515450,sh,红利低波50ETF南方
2021-08-11,0.749,0.755,0.762,0.747,129093.0,515450,sh,红利低波50ETF南方
2021-08-12,0.757,0.752,0.757,0.751,158525.0,515450,sh,红利低波50ETF南方
2021-08-13,0.751,0.747,0.751,0.745,152522.0,515450,sh,红利低波50ETF南方
2021-08-16,0.746,0.757,0.76,0.746,178229.0,515450,sh,红利低波50ETF南方
2021-08-17,0.757,0.754,0.769,0.752,179743.0,515450,sh,红利低波50ETF南方
2021-08-18,0.752,0.768,0.768,0.75,150829.0,515450,sh,红利低波50ETF南方
2021-08-19,0.764,0.756,0.764,0.755,199567.0,515450,sh,红利低波50ETF南方
2021-08-20,0.757,0.754,0.759,0.748,167044.0,515450,sh,红利低波50ETF南方
2021-08-23,0.756,0.761,0.763,0.755,167001.0,515450,sh,红利低波50ETF南方
2021-08-24,0.762,0.764,0.772,0.761,177124.0,515450,sh,红利低波50ETF南方
2021-08-25,0.762,0.765,0.767,0.761,185572.0,515450,sh,红利低波50ETF南方
2021-08-26,0.765,0.762,0.767,0.761,150798.0,515450,sh,红利低波50ETF南方
2021-08-27,0.761,0.762,0.765,0.758,164563.0,515450,sh,红利低波50ETF南方
2021-08-30,0.762,0.752,0.762,0.749,141735.0,515450,sh,红利低波50ETF南方
2021-08-31,0.75,0.772,0.772,0.75,157988.0,515450,sh,红利低波50ETF南方
2021-09-01,0.774,0.802,0.808,0.774,199099.0,515450,sh,红利低波50ETF南方
2021-09-02,0.802,0.821,0.821,0.798,205723.0,515450,sh,红利低波50ETF南方
2021-09-03,0.823,0.83,0.838,0.818,190019.0,515450,sh,红利低波50ETF南方
2021-09-06,0.831,0.843,0.846,0.831,165444.0,515450,sh,红利低波50ETF南方
2021-09-07,0.844,0.853,0.855,0.834,223688.0,515450,sh,红利低波50ETF南方
2021-09-08,0.851,0.875,0.878,0.851,196895.0,515450,sh,红利低波50ETF南方
2021-09-09,0.888,0.892,0.895,0.861,234689.0,515450,sh,红利低波50ETF南方
2021-09-10,0.892,0.882,0.903,0.879,191734.0,515450,sh,红利低波50ETF南方
2021-09-13,0.879,0.903,0.903,0.879,236870.0,515450,sh,红利低波50ETF南方
2021-09-14,0.903,0.87,0.903,0.865,268956.0,515450,sh,红利低波50ETF南方
2021-09-15,0.866,0.859,0.871,0.854,186255.0,515450,sh,红利低波50ETF南方
2021-09-16,0.86,0.846,0.869,0.846,186093.0,515450,sh,红利低波50ETF南方
2021-09-17,0.846,0.853,0.864,0.841,178115.0,515450,sh,红利低波50ETF南方
2021-09-22,0.852,0.9,0.9,0.842,212478.0,515450,sh,红利低波50ETF南方
2021-09-23,0.916,0.908,0.931,0.901,196867.0,515450,sh,红利低波50ETF南方
2021-09-24,0.908,0.878,0.908,0.878,177737.0,515450,sh,红利低波50ETF南方
2021-09-27,0.878,0.861,0.895,0.85,236331.0,515450,sh,红利低波50ETF南方
2021-09-28,0.861,0.892,0.894,0.861,196892.0,515450,sh,红利低波50ETF南方
2021-09-29,0.9,0.871,0.9,0.865,217836.0,515450,sh,红利低波50ETF南方
2021-09-30,0.877,0.879,0.883,0.86,372978.0,515450,sh,红利低波50ETF南方
2021-10-08,0.871,0.872,0.893,0.862,183086.0,515450,sh,红利低波50ETF南方
2021-10-11,0.885,0.872,0.885,0.869,197487.0,515450,sh,红利低波50ETF南方
2021-10-12,0.872,0.853,0.874,0.845,218523.0,515450,sh,红利低波50ETF南方
2021-10-13,0.851,0.835,0.851,0.823,202346.0,515450,sh,红利低波50ETF南方
2021-10-14,0.834,0.828,0.835,0.823,239535.0,515450,sh,红利低波50ETF南方
2021-10-15,0.823,0.834,0.834,0.821,264858.0,515450,sh,红利低波50ETF南方
2021-10-18,0.836,0.836,0.839,0.823,237192.0,515450,sh,红利低波50ETF南方
2021-10-19,0.836,0.836,0.841,0.826,212564.0,515450,sh,红利低波50ETF南方
2021-10-20,0.834,0.838,0.842,0.832,202915.0,515450,sh,红利低波50ETF南方
2021-10-21,0.843,0.851,0.854,0.838,201921.0,515450,sh,红利低波50ETF南方
2021-10-22,0.862,0.836,0.862,0.835,210913.0,515450,sh,红利低波50ETF南方
2021-10-25,0.823,0.841,0.845,0.82,245775.0,515450,sh,红利低波50ETF南方
2021-10-26,0.847,0.83,0.847,0.829,212632.0,515450,sh,红利低波50ETF南方
2021-10-27,0.826,0.823,0.829,0.819,206083.0,515450,sh,红利低波50ETF南方
2021-10-28,0.822,0.809,0.822,0.806,246251.0,515450,sh,红利低波50ETF南方
2021-10-29,0.808,0.799,0.809,0.788,230279.0,515450,sh,红利低波50ETF南方
2021-11-01,0.799,0.804,0.805,0.793,372658.0,515450,sh,红利低波50ETF南方
2021-11-02,0.799,0.778,0.804,0.771,223598.0,515450,sh,红利低波50ETF南方
2021-11-03,0.777,0.785,0.791,0.777,218295.0,515450,sh,红利低波50ETF南方
2021-11-04,0.786,0.786,0.787,0.777,200126.0,515450,sh,红利低波50ETF南方
2021-11-05,0.781,0.764,0.781,0.762,232371.0,515450,sh,红利低波50ETF南方
2021-11-08,0.764,0.76,0.767,0.759,200461.0,515450,sh,红利低波50ETF南方
2021-11-09,0.755,0.759,0.766,0.755,227362.0,515450,sh,红利低波50ETF南方
2021-11-10,0.761,0.758,0.761,0.743,232014.0,515450,sh,红利低波50ETF南方
2021-11-11,0.755,0.783,0.785,0.755,226290.0,515450,sh,红利低波50ETF南方
2021-11-12,0.782,0.778,0.785,0.772,162750.0,515450,sh,红利低波50ETF南方
2021-11-15,0.8,0.787,0.8,0.773,204886.0,515450,sh,红利低波50ETF南方
2021-11-16,0.783,0.777,0.785,0.773,211105.0,515450,sh,红利低波50ETF南方
2021-11-17,0.777,0.775,0.777,0.77,142886.0,515450,sh,红利低波50ETF南方
2021-11-18,0.775,0.77,0.776,0.77,210246.0,515450,sh,红利低波50ETF南方
2021-11-19,0.775,0.784,0.787,0.767,218147.0,515450,sh,红利低波50ETF南方
2021-11-22,0.784,0.777,0.784,0.776,182083.0,515450,sh,红利低波50ETF南方
2021-11-23,0.777,0.785,0.788,0.776,221553.0,515450,sh,红利低波50ETF南方
2021-11-24,0.787,0.79,0.792,0.784,218782.0,515450,sh,红利低波50ETF南方
2021-11-25,0.793,0.789,0.795,0.789,221980.0,515450,sh,红利低波50ETF南方
2021-11-26,0.788,0.78,0.788,0.778,185172.0,515450,sh,红利低波50ETF南方
2021-11-29,0.771,0.781,0.782,0.769,198515.0,515450,sh,红利低波50ETF南方
2021-11-30,0.78,0.781,0.788,0.773,200226.0,515450,sh,红利低波50ETF南方
2021-12-01,0.775,0.791,0.792,0.775,207135.0,515450,sh,红利低波50ETF南方
2021-12-02,0.788,0.8,0.8,0.788,211380.0,515450,sh,红利低波50ETF南方
2021-12-03,0.798,0.817,0.82,0.798,243309.0,515450,sh,红利低波50ETF南方
2021-12-06,0.825,0.819,0.834,0.819,192981.0,515450,sh,红利低波50ETF南方
2021-12-07,0.819,0.84,0.84,0.819,228728.0,515450,sh,红利低波50ETF南方
2021-12-08,0.831,0.833,0.835,0.824,238345.0,515450,sh,红利低波50ETF南方
2021-12-09,0.829,0.845,0.85,0.829,228672.0,515450,sh,红利低波50ETF南方
2021-12-10,0.84,0.838,0.848,0.832,234227.0,515450,sh,红利低波50ETF南方
2021-12-13,0.838,0.832,0.849,0.831,228727.0,515450,sh,红利低波50ETF南方
2021-12-14,0.828,0.826,0.829,0.82,237543.0,515450,sh,红利低波50ETF南方
2021-12-15,0.822,0.837,0.839,0.82,224050.0,515450,sh,红利低波50ETF南方
2021-12-16,0.835,0.846,0.846,0.834,203466.0,515450,sh,红利低波50ETF南方
2021-12-17,0.847,0.846,0.852,0.84,252333.0,515450,sh,红利低波50ETF南方
2021-12-20,0.842,0.838,0.846,0.834,220288.0,515450,sh,红利低波50ETF南方
2021-12-21,0.835,0.854,0.855,0.835,226089.0,515450,sh,红利低波50ETF南方
2021-12-22,0.861,0.848,0.861,0.845,225449.0,515450,sh,红利低波50ETF南方
2021-12-23,0.842,0.86,0.863,0.842,262799.0,515450,sh,红利低波50ETF南方
2021-12-24,0.86,0.857,0.863,0.854,227170.0,515450,sh,红利低波50ETF南方
2021-12-27,0.858,0.865,0.873,0.858,182509.0,515450,sh,红利低波50ETF南方
2021-12-28,0.865,0.856,0.865,0.85,198824.0,515450,sh,红利低波50ETF南方
2021-12-29,0.852,0.845,0.852,0.844,238389.0,515450,sh,红利低波50ETF南方
2021-12-30,0.845,0.852,0.855,0.845,280598.0,515450,sh,红利低波50ETF南方
2021-12-31,0.854,0.871,0.872,0.854,292950.0,515450,sh,红利低波50ETF南方
2022-01-04,0.871,0.864,0.871,0.86,420680.0,515450,sh,红利低波50ETF南方
2022-01-05,0.86,0.866,0.872,0.858,250682.0,515450,sh,红利低波50ETF南方
2022-01-06,0.866,0.862,0.867,0.858,232381.0,515450,sh,红利低波50ETF南方
2022-01-07,0.868,0.877,0.883,0.864,226194.0,515450,sh,红利低波50ETF南方
2022-01-10,0.876,0.879,0.883,0.87,200130.0,515450,sh,红利低波50ETF南方
2022-01-11,0.883,0.884,0.896,0.87,232908.0,515450,sh,红利低波50ETF南方
2022-01-12,0.888,0.873,0.888,0.863,214716.0,515450,sh,红利低波50ETF南方
2022-01-13,0.878,0.867,0.881,0.867,219580.0,515450,sh,红利低波50ETF南方
2022-01-14,0.873,0.846,0.873,0.843,212655.0,515450,sh,红利低波50ETF南方
2022-01-17,0.848,0.843,0.852,0.843,244477.0,515450,sh,红利低波50ETF南方
2022-01-18,0.845,0.878,0.88,0.844,226118.0,515450,sh,红利低波50ETF南方
2022-01-19,0.872,0.883,0.886,0.872,206474.0,515450,sh,红利低波50ETF南方
2022-01-20,0.883,0.889,0.895,0.88,217105.0,515450,sh,红利低波50ETF南方
2022-01-21,0.895,0.885,0.895,0.876,199947.0,515450,sh,红利低波50ETF南方
2022-01-24,0.885,0.877,0.888,0.871,228177.0,515450,sh,红利低波50ETF南方
2022-01-25,0.865,0.851,0.88,0.851,195286.0,515450,sh,红利低波50ETF南方
2022-01-26,0.847,0.859,0.861,0.847,214077.0,515450,sh,红利低波50ETF南方
2022-01-27,0.852,0.855,0.865,0.848,246802.0,515450,sh,红利低波50ETF南方
2022-01-28,0.861,0.844,0.861,0.836,270505.0,515450,sh,红利低波50ETF南方
2022-02-07,0.859,0.874,0.874,0.846,215882.0,515450,sh,红利低波50ETF南方
2022-02-08,0.873,0.895,0.895,0.872,224396.0,515450,sh,红利低波50ETF南方
2022-02-09,0.898,0.895,0.901,0.891,193234.0,515450,sh,红利低波50ETF南方
2022-02-10,0.901,0.909,0.909,0.888,204596.0,515450,sh,红利低波50ETF南方
2022-02-11,0.909,0.911,0.92,0.909,242374.0,515450,sh,红利低波50ETF南方
2022-02-14,0.911,0.893,0.911,0.885,220406.0,515450,sh,红利低波50ETF南方
2022-02-15,0.882,0.884,0.899,0.873,239253.0,515450,sh,红利低波50ETF南方
2022-02-16,0.884,0.887,0.891,0.879,217988.0,515450,sh,红利低波50ETF南方
2022-02-17,0.887,0.882,0.887,0.879,226660.0,515450,sh,红利低波50ETF南方
2022-02-18,0.882,0.895,0.897,0.877,208557.0,515450,sh,红利低波50ETF南方
2022-02-21,0.895,0.895,0.895,0.883,242190.0,515450,sh,红利低波50ETF南方
2022-02-22,0.886,0.884,0.889,0.878,251741.0,515450,sh,红利低波50ETF南方
2022-02-23,0.884,0.878,0.884,0.872,223441.0,515450,sh,红利低波50ETF南方
2022-02-24,0.88,0.856,0.88,0.854,191334.0,515450,sh,红利低波50ETF南方
2022-02-25,0.862,0.855,0.864,0.851,224279.0,515450,sh,红利低波50ETF南方
2022-02-28,0.855,0.855,0.859,0.849,209308.0,515450,sh,红利低波50ETF南方
2022-03-01,0.857,0.864,0.865,0.852,217574.0,515450,sh,红利低波50ETF南方
2022-03-02,0.859,0.867,0.867,0.859,229190.0,515450,sh,红利低波50ETF南方
2022-03-03,0.867,0.885,0.885,0.867,220136.0,515450,sh,红利低波50ETF南方
2022-03-04,0.885,0.871,0.885,0.862,205517.0,515450,sh,红利低波50ETF南方
2022-03-07,0.877,0.856,0.877,0.855,206914.0,515450,sh,红利低波50ETF南方
2022-03-08,0.833,0.83,0.858,0.829,234686.0,515450,sh,红利低波50ETF南方
2022-03-09,0.829,0.81,0.837,0.781,291958.0,515450,sh,红利低波50ETF南方
2022-03-10,0.819,0.823,0.826,0.814,239653.0,515450,sh,红利低波50ETF南方
2022-03-11,0.812,0.824,0.825,0.794,255486.0,515450,sh,红利低波50ETF南方
2022-03-14,0.812,0.803,0.824,0.801,302317.0,515450,sh,红利低波50ETF南方
2022-03-15,0.795,0.746,0.795,0.74,285100.0,515450,sh,红利低波50ETF南方
2022-03-16,0.746,0.765,0.773,0.729,237911.0,515450,sh,红利低波50ETF南方
2022-03-17,0.761,0.778,0.789,0.761,280989.0,515450,sh,红利低波50ETF南方
2022-03-18,0.778,0.8,0.802,0.774,277399.0,515450,sh,红利低波50ETF南方
2022-03-21,0.801,0.79,0.801,0.784,248827.0,515450,sh,红利低波50ETF南方
2022-03-22,0.791,0.808,0.814,0.791,231040.0,515450,sh,红利低波50ETF南方
2022-03-23,0.821,0.816,0.821,0.8,219742.0,515450,sh,红利低波50ETF南方
2022-03-24,0.81,0.812,0.82,0.807,233397.0,515450,sh,红利低波50ETF南方
2022-03-25,0.81,0.81,0.819,0.806,231196.0,515450,sh,红利低波50ETF南方
2022-03-28,0.795,0.825,0.826,0.795,224846.0,515450,sh,红利低波50ETF南方
2022-03-29,0.827,0.818,0.827,0.815,251412.0,515450,sh,红利低波50ETF南方
2022-03-30,0.824,0.839,0.84,0.82,239996.0,515450,sh,红利低波50ETF南方
2022-03-31,0.837,0.85,0.858,0.837,303337.0,515450,sh,红利低波50ETF南方
2022-04-01,0.85,0.868,0.871,0.844,271975.0,515450,sh,红利低波50ETF南方
2022-04-06,0.871,0.888,0.894,0.867,208437.0,515450,sh,红利低波50ETF南方
2022-04-07,0.887,0.871,0.889,0.87,192878.0,515450,sh,红利低波50ETF南方
2022-04-08,0.877,0.887,0.888,0.864,194841.0,515450,sh,红利低波50ETF南方
2022-04-11,0.881,0.867,0.883,0.865,245540.0,515450,sh,红利低波50ETF南方
2022-04-12,0.866,0.874,0.877,0.855,335829.0,515450,sh,红利低波50ETF南方
2022-04-13,0.87,0.865,0.877,0.861,226739.0,515450,sh,红利低波50ETF南方
2022-04-14,0.859,0.871,0.878,0.859,238891.0,515450,sh,红利低波50ETF南方
2022-04-15,0.868,0.873,0.882,0.867,222603.0,515450,sh,红利低波50ETF南方
2022-04-18,0.867,0.856,0.867,0.853,308089.0,515450,sh,红利低波50ETF南方
2022-04-19,0.856,0.864,0.868,0.85,217383.0,515450,sh,红利低波50ETF南方
2022-04-20,0.862,0.846,0.864,0.839,320440.0,515450,sh,红利低波50ETF南方
2022-04-21,0.84,0.824,0.845,0.82,251959.0,515450,sh,红利低波50ETF南方
2022-04-22,0.821,0.849,0.85,0.817,393104.0,515450,sh,红利低波50ETF南方
2022-04-25,0.84,0.816,0.842,0.8,386486.0,515450,sh,红利低波50ETF南方
2022-04-26,0.81,0.793,0.819,0.792,389895.0,515450,sh,红利低波50ETF南方
2022-04-27,0.784,0.796,0.804,0.784,297289.0,515450,sh,红利低波50ETF南方
2022-04-28,0.791,0.81,0.816,0.791,314564.0,515450,sh,红利低波50ETF南方
2022-04-29,0.801,0.834,0.837,0.801,273091.0,515450,sh,红利低波50ETF南方
2022-05-05,0.829,0.84,0.843,0.829,210155.0,515450,sh,红利低波50ETF南方
2022-05-06,0.834,0.81,0.834,0.808,218230.0,515450,sh,红利低波50ETF南方
2022-05-09,0.81,0.811,0.817,0.805,189111.0,515450,sh,红利低波50ETF南方
2022-05-10,0.797,0.816,0.819,0.791,308220.0,515450,sh,红利低波50ETF南方
2022-05-11,0.807,0.815,0.82,0.807,206355.0,515450,sh,红利低波50ETF南方
2022-05-12,0.801,0.806,0.813,0.8,222531.0,515450,sh,红利低波50ETF南方
2022-05-13,0.81,0.822,0.825,0.81,266022.0,515450,sh,红利低波50ETF南方
2022-05-16,0.823,0.823,0.83,0.816,374125.0,515450,sh,红利低波50ETF南方
2022-05-17,0.81,0.819,0.825,0.81,230867.0,515450,sh,红利低波50ETF南方
2022-05-18,0.813,0.812,0.822,0.807,244569.0,515450,sh,红利低波50ETF南方
2022-05-19,0.803,0.812,0.812,0.801,254277.0,515450,sh,红利低波50ETF南方
2022-05-20,0.805,0.819,0.822,0.805,258229.0,515450,sh,红利低波50ETF南方
2022-05-23,0.819,0.812,0.819,0.81,241997.0,515450,sh,红利低波50ETF南方
2022-05-24,0.807,0.799,0.814,0.795,264302.0,515450,sh,红利低波50ETF南方
2022-05-25,0.799,0.807,0.808,0.793,201210.0,515450,sh,红利低波50ETF南方
2022-05-26,0.807,0.817,0.818,0.807,272349.0,515450,sh,红利低波50ETF南方
2022-05-27,0.808,0.817,0.821,0.808,253280.0,515450,sh,红利低波50ETF南方
2022-05-30,0.815,0.817,0.823,0.813,229905.0,515450,sh,红利低波50ETF南方
2022-05-31,0.813,0.817,0.818,0.811,281461.0,515450,sh,红利低波50ETF南方
2022-06-01,0.81,0.817,0.819,0.81,237454.0,515450,sh,红利低波50ETF南方
2022-06-02,0.814,0.809,0.814,0.808,293127.0,515450,sh,红利低波50ETF南方
2022-06-06,0.807,0.806,0.81,0.799,255832.0,515450,sh,红利低波50ETF南方
2022-06-07,0.805,0.808,0.811,0.802,290265.0,515450,sh,红利低波50ETF南方
2022-06-08,0.803,0.813,0.813,0.802,286585.0,515450,sh,红利低波50ETF南方
2022-06-09,0.809,0.815,0.821,0.809,311344.0,515450,sh,红利低波50ETF南方
2022-06-10,0.81,0.822,0.823,0.808,304421.0,515450,sh,红利低波50ETF南方
2022-06-13,0.822,0.809,0.822,0.802,285010.0,515450,sh,红利低波50ETF南方
2022-06-14,0.806,0.828,0.828,0.803,311233.0,515450,sh,红利低波50ETF南方
2022-06-15,0.827,0.841,0.854,0.827,271750.0,515450,sh,红利低波50ETF南方
2022-06-16,0.841,0.82,0.844,0.819,361795.0,515450,sh,红利低波50ETF南方
2022-06-17,0.82,0.827,0.829,0.815,321052.0,515450,sh,红利低波50ETF南方
2022-06-20,0.821,0.827,0.827,0.821,254319.0,515450,sh,红利低波50ETF南方
2022-06-21,0.827,0.825,0.83,0.819,283212.0,515450,sh,红利低波50ETF南方
2022-06-22,0.819,0.814,0.826,0.812,298585.0,515450,sh,红利低波50ETF南方
2022-06-23,0.813,0.823,0.823,0.809,241624.0,515450,sh,红利低波50ETF南方
2022-06-24,0.817,0.826,0.826,0.817,301895.0,515450,sh,红利低波50ETF南方
2022-06-27,0.822,0.823,0.825,0.82,244024.0,515450,sh,红利低波50ETF南方
2022-06-28,0.823,0.826,0.83,0.821,277353.0,515450,sh,红利低波50ETF南方
2022-06-29,0.825,0.833,0.836,0.825,309754.0,515450,sh,红利低波50ETF南方
2022-06-30,0.834,0.838,0.839,0.828,330894.0,515450,sh,红利低波50ETF南方
2022-07-01,0.835,0.836,0.839,0.832,252419.0,515450,sh,红利低波50ETF南方
2022-07-04,0.834,0.834,0.837,0.83,294698.0,515450,sh,红利低波50ETF南方
2022-07-05,0.838,0.836,0.842,0.832,242744.0,515450,sh,红利低波50ETF南方
2022-07-06,0.836,0.827,0.836,0.821,234383.0,515450,sh,红利低波50ETF南方
2022-07-07,0.827,0.821,0.829,0.821,211547.0,515450,sh,红利低波50ETF南方
2022-07-08,0.827,0.828,0.832,0.824,272327.0,515450,sh,红利低波50ETF南方
2022-07-11,0.832,0.829,0.832,0.826,253366.0,515450,sh,红利低波50ETF南方
2022-07-12,0.829,0.841,0.842,0.829,261979.0,515450,sh,红利低波50ETF南方
2022-07-13,0.842,0.832,0.842,0.83,251398.0,515450,sh,红利低波50ETF南方
2022-07-14,0.83,0.814,0.83,0.814,190436.0,515450,sh,红利低波50ETF南方
2022-07-15,0.81,0.795,0.818,0.794,264292.0,515450,sh,红利低波50ETF南方
2022-07-18,0.798,0.813,0.814,0.798,289979.0,515450,sh,红利低波50ETF南方
2022-07-19,0.813,0.816,0.817,0.81,221017.0,515450,sh,红利低波50ETF南方
2022-07-20,0.816,0.82,0.821,0.816,258377.0,515450,sh,红利低波50ETF南方
2022-07-21,0.818,0.808,0.818,0.806,246706.0,515450,sh,红利低波50ETF南方
2022-07-22,0.814,0.811,0.814,0.802,260836.0,515450,sh,红利低波50ETF南方
2022-07-25,0.805,0.803,0.809,0.802,272133.0,515450,sh,红利低波50ETF南方
2022-07-26,0.801,0.813,0.818,0.801,274690.0,515450,sh,红利低波50ETF南方
2022-07-27,0.817,0.807,0.817,0.807,230875.0,515450,sh,红利低波50ETF南方
2022-07-28,0.811,0.807,0.813,0.805,292549.0,515450,sh,红利低波50ETF南方
2022-07-29,0.803,0.801,0.813,0.799,298289.0,515450,sh,红利低波50ETF南方
2022-08-01,0.801,0.797,0.801,0.795,246183.0,515450,sh,红利低波50ETF南方
2022-08-02,0.797,0.777,0.797,0.768,264655.0,515450,sh,红利低波50ETF南方
2022-08-03,0.779,0.77,0.783,0.769,204948.0,515450,sh,红利低波50ETF南方
2022-08-04,0.773,0.775,0.775,0.769,201477.0,515450,sh,红利低波50ETF南方
2022-08-05,0.776,0.788,0.79,0.773,244440.0,515450,sh,红利低波50ETF南方
2022-08-08,0.791,0.792,0.792,0.787,237311.0,515450,sh,红利低波50ETF南方
2022-08-09,0.791,0.789,0.791,0.785,256322.0,515450,sh,红利低波50ETF南方
2022-08-10,0.786,0.787,0.79,0.782,263537.0,515450,sh,红利低波50ETF南方
2022-08-11,0.786,0.797,0.799,0.786,191253.0,515450,sh,红利低波50ETF南方
2022-08-12,0.797,0.804,0.807,0.797,225026.0,515450,sh,红利低波50ETF南方
2022-08-15,0.804,0.801,0.804,0.798,254146.0,515450,sh,红利低波50ETF南方
2022-08-16,0.801,0.799,0.801,0.797,259254.0,515450,sh,红利低波50ETF南方
2022-08-17,0.799,0.804,0.804,0.793,254907.0,515450,sh,红利低波50ETF南方
2022-08-18,0.802,0.797,0.802,0.792,256977.0,515450,sh,红利低波50ETF南方
2022-08-19,0.794,0.798,0.8,0.794,236943.0,515450,sh,红利低波50ETF南方
2022-08-22,0.798,0.802,0.805,0.798,222330.0,515450,sh,红利低波50ETF南方
2022-08-23,0.802,0.799,0.802,0.795,265811.0,515450,sh,红利低波50ETF南方
2022-08-24,0.799,0.791,0.802,0.79,215915.0,515450,sh,红利低波50ETF南方
2022-08-25,0.791,0.804,0.804,0.791,267437.0,515450,sh,红利低波50ETF南方
2022-08-26,0.802,0.803,0.805,0.797,235999.0,515450,sh,红利低波50ETF南方
2022-08-29,0.797,0.803,0.804,0.788,214116.0,515450,sh,红利低波50ETF南方
2022-08-30,0.798,0.807,0.809,0.798,220664.0,515450,sh,红利低波50ETF南方
2022-08-31,0.809,0.808,0.815,0.806,234421.0,515450,sh,红利低波50ETF南方
2022-09-01,0.809,0.81,0.817,0.808,265562.0,515450,sh,红利低波50ETF南方
2022-09-02,0.807,0.811,0.814,0.807,248521.0,515450,sh,红利低波50ETF南方
2022-09-05,0.811,0.82,0.821,0.808,208601.0,515450,sh,红利低波50ETF南方
2022-09-06,0.822,0.825,0.827,0.822,300403.0,515450,sh,红利低波50ETF南方
2022-09-07,0.834,0.819,0.834,0.818,276571.0,515450,sh,红利低波50ETF南方
2022-09-08,0.823,0.824,0.826,0.819,258819.0,515450,sh,红利低波50ETF南方
2022-09-09,0.834,0.836,0.838,0.825,267934.0,515450,sh,红利低波50ETF南方
2022-09-13,0.845,0.835,0.845,0.832,255630.0,515450,sh,红利低波50ETF南方
2022-09-14,0.828,0.83,0.832,0.825,268821.0,515450,sh,红利低波50ETF南方
2022-09-15,0.83,0.833,0.837,0.823,274590.0,515450,sh,红利低波50ETF南方
2022-09-16,0.827,0.8,0.827,0.8,234469.0,515450,sh,红利低波50ETF南方
2022-09-19,0.8,0.798,0.801,0.794,283718.0,515450,sh,红利低波50ETF南方
2022-09-20,0.794,0.792,0.804,0.792,246604.0,515450,sh,红利低波50ETF南方
2022-09-21,0.791,0.804,0.805,0.786,281494.0,515450,sh,红利低波50ETF南方
2022-09-22,0.798,0.799,0.799,0.795,260548.0,515450,sh,红利低波50ETF南方
2022-09-23,0.797,0.802,0.808,0.796,207501.0,515450,sh,红利低波50ETF南方
2022-09-26,0.795,0.778,0.799,0.776,279024.0,515450,sh,红利低波50ETF南方
2022-09-27,0.778,0.787,0.789,0.773,276490.0,515450,sh,红利低波50ETF南方
2022-09-28,0.782,0.781,0.788,0.778,287825.0,515450,sh,红利低波50ETF南方
2022-09-29,0.771,0.768,0.787,0.767,260896.0,515450,sh,红利低波50ETF南方
2022-09-30,0.763,0.777,0.781,0.763,189387.0,515450,sh,红利低波50ETF南方
2022-10-10,0.761,0.776,0.787,0.761,259354.0,515450,sh,红利低波50ETF南方
2022-10-11,0.762,0.774,0.777,0.762,357410.0,515450,sh,红利低波50ETF南方
2022-10-12,0.764,0.786,0.787,0.764,260706.0,515450,sh,红利低波50ETF南方
2022-10-13,0.777,0.778,0.783,0.774,206291.0,515450,sh,红利低波50ETF南方
2022-10-14,0.775,0.789,0.791,0.775,253208.0,515450,sh,红利低波50ETF南方
2022-10-17,0.779,0.79,0.793,0.779,241555.0,515450,sh,红利低波50ETF南方
2022-10-18,0.783,0.79,0.796,0.783,194993.0,515450,sh,红利低波50ETF南方
2022-10-19,0.784,0.778,0.791,0.778,240381.0,515450,sh,红利低波50ETF南方
2022-10-20,0.781,0.774,0.782,0.774,211595.0,515450,sh,红利低波50ETF南方
2022-10-21,0.773,0.777,0.784,0.773,177140.0,515450,sh,红利低波50ETF南方
2022-10-24,0.776,0.76,0.782,0.757,205680.0,515450,sh,红利低波50ETF南方
2022-10-25,0.747,0.756,0.764,0.747,229125.0,515450,sh,红利低波50ETF南方
2022-10-26,0.755,0.755,0.766,0.752,194471.0,515450,sh,红利低波50ETF南方
2022-10-27,0.751,0.762,0.765,0.751,223463.0,515450,sh,红利低波50ETF南方
2022-10-28,0.753,0.742,0.759,0.74,231029.0,515450,sh,红利低波50ETF南方
2022-10-31,0.751,0.725,0.751,0.725,238688.0,515450,sh,红利低波50ETF南方
2022-11-01,0.725,0.745,0.745,0.725,218349.0,515450,sh,红利低波50ETF南方
2022-11-02,0.726,0.75,0.751,0.726,221487.0,515450,sh,红利低波50ETF南方
2022-11-03,0.74,0.744,0.748,0.74,255610.0,515450,sh,红利低波50ETF南方
2022-11-04,0.735,0.761,0.763,0.735,260305.0,515450,sh,红利低波50ETF南方
2022-11-07,0.756,0.763,0.765,0.756,234226.0,515450,sh,红利低波50ETF南方
2022-11-08,0.753,0.761,0.763,0.753,200616.0,515450,sh,红利低波50ETF南方
2022-11-09,0.752,0.759,0.767,0.752,217088.0,515450,sh,红利低波50ETF南方
2022-11-10,0.753,0.759,0.761,0.751,257623.0,515450,sh,红利低波50ETF南方
2022-11-11,0.763,0.779,0.786,0.763,249003.0,515450,sh,红利低波50ETF南方
2022-11-14,0.775,0.785,0.794,0.775,222547.0,515450,sh,红利低波50ETF南方
2022-11-15,0.783,0.794,0.796,0.782,242228.0,515450,sh,红利低波50ETF南方
2022-11-16,0.789,0.792,0.798,0.789,207300.0,515450,sh,红利低波50ETF南方
2022-11-17,0.788,0.792,0.794,0.784,237180.0,515450,sh,红利低波50ETF南方
2022-11-18,0.789,0.789,0.796,0.789,234378.0,515450,sh,红利低波50ETF南方
2022-11-21,0.784,0.783,0.784,0.777,235699.0,515450,sh,红利低波50ETF南方
2022-11-22,0.777,0.799,0.81,0.777,295902.0,515450,sh,红利低波50ETF南方
2022-11-23,0.795,0.811,0.818,0.795,219620.0,515450,sh,红利低波50ETF南方
2022-11-24,0.815,0.806,0.817,0.805,238652.0,515450,sh,红利低波50ETF南方
2022-11-25,0.8,0.825,0.827,0.8,260318.0,515450,sh,红利低波50ETF南方
2022-11-28,0.822,0.814,0.822,0.801,242030.0,515450,sh,红利低波50ETF南方
2022-11-29,0.805,0.837,0.842,0.805,252859.0,515450,sh,红利低波50ETF南方
2022-11-30,0.823,0.844,0.845,0.823,241647.0,515450,sh,红利低波50ETF南方
2022-12-01,0.842,0.837,0.853,0.836,253001.0,515450,sh,红利低波50ETF南方
2022-12-02,0.838,0.835,0.838,0.832,235993.0,515450,sh,红利低波50ETF南方
2022-12-05,0.832,0.871,0.875,0.832,274064.0,515450,sh,红利低波50ETF南方
2022-12-06,0.861,0.867,0.876,0.861,248269.0,515450,sh,红利低波50ETF南方
2022-12-07,0.862,0.864,0.874,0.858,240044.0,515450,sh,红利低波50ETF南方
2022-12-08,0.859,0.864,0.867,0.859,229665.0,515450,sh,红利低波50ETF南方
2022-12-09,0.859,0.866,0.87,0.857,210974.0,515450,sh,红利低波50ETF南方
2022-12-12,0.884,0.856,0.884,0.854,207328.0,515450,sh,红利低波50ETF南方
2022-12-13,0.853,0.855,0.859,0.852,271450.0,515450,sh,红利低波50ETF南方
2022-12-14,0.85,0.846,0.853,0.845,332937.0,515450,sh,红利低波50ETF南方
2022-12-15,0.844,0.838,0.85,0.838,226650.0,515450,sh,红利低波50ETF南方
2022-12-16,0.838,0.855,0.855,0.835,235762.0,515450,sh,红利低波50ETF南方
2022-12-19,0.849,0.832,0.856,0.827,236312.0,515450,sh,红利低波50ETF南方
2022-12-20,0.825,0.818,0.832,0.817,191592.0,515450,sh,红利低波50ETF南方
2022-12-21,0.815,0.821,0.826,0.814,204492.0,515450,sh,红利低波50ETF南方
2022-12-22,0.817,0.818,0.83,0.816,199243.0,515450,sh,红利低波50ETF南方
2022-12-23,0.814,0.816,0.822,0.812,211881.0,515450,sh,红利低波50ETF南方
2022-12-26,0.815,0.812,0.816,0.812,216450.0,515450,sh,红利低波50ETF南方
2022-12-27,0.811,0.823,0.826,0.811,205964.0,515450,sh,红利低波50ETF南方
2022-12-28,0.817,0.822,0.827,0.817,216487.0,515450,sh,红利低波50ETF南方
2022-12-29,0.815,0.813,0.818,0.811,212843.0,515450,sh,红利低波50ETF南方
2022-12-30,0.81,0.823,0.825,0.81,230006.0,515450,sh,红利低波50ETF南方
2023-01-03,0.813,0.833,0.833,0.813,223559.0,515450,sh,红利低波50ETF南方
2023-01-04,0.826,0.839,0.839,0.826,193308.0,515450,sh,红利低波50ETF南方
2023-01-05,0.833,0.84,0.844,0.833,196344.0,515450,sh,红利低波50ETF南方
2023-01-06,0.834,0.839,0.841,0.834,205514.0,515450,sh,红利低波50ETF南方
2023-01-09,0.831,0.836,0.841,0.831,201496.0,515450,sh,红利低波50ETF南方
2023-01-10,0.831,0.831,0.837,0.831,193871.0,515450,sh,红利低波50ETF南方
2023-01-11,0.83,0.834,0.839,0.83,197422.0,515450,sh,红利低波50ETF南方
2023-01-12,0.83,0.833,0.836,0.829,192816.0,515450,sh,红利低波50ETF南方
2023-01-13,0.83,0.846,0.846,0.83,198380.0,515450,sh,红利低波50ETF南方
2023-01-16,0.846,0.852,0.86,0.846,210731.0,515450,sh,红利低波50ETF南方
2023-01-17,0.852,0.851,0.854,0.848,194680.0,515450,sh,红利低波50ETF南方
2023-01-18,0.846,0.855,0.857,0.846,184176.0,515450,sh,红利低波50ETF南方
2023-01-19,0.848,0.857,0.859,0.848,184066.0,515450,sh,红利低波50ETF南方
2023-01-20,0.852,0.867,0.868,0.852,192756.0,515450,sh,红利低波50ETF南方
2023-01-30,0.871,0.865,0.927,0.865,164453.0,515450,sh,红利低波50ETF南方
2023-01-31,0.862,0.861,0.868,0.861,204473.0,515450,sh,红利低波50ETF南方
2023-02-01,0.86,0.871,0.871,0.86,218740.0,515450,sh,红利低波50ETF南方
2023-02-02,0.867,0.865,0.871,0.864,238231.0,515450,sh,红利低波50ETF南方
2023-02-03,0.861,0.86,0.863,0.853,233950.0,515450,sh,红利低波50ETF南方
2023-02-06,0.855,0.851,0.855,0.85,218220.0,515450,sh,红利低波50ETF南方
2023-02-07,0.848,0.853,0.854,0.848,212267.0,515450,sh,红利低波50ETF南方
2023-02-08,0.85,0.848,0.856,0.847,200505.0,515450,sh,红利低波50ETF南方
2023-02-09,0.846,0.855,0.858,0.846,296145.0,515450,sh,红利低波50ETF南方
2023-02-10,0.85,0.86,0.862,0.85,223803.0,515450,sh,红利低波50ETF南方
2023-02-13,0.861,0.87,0.87,0.859,189534.0,515450,sh,红利低波50ETF南方
2023-02-14,0.865,0.871,0.871,0.865,211015.0,515450,sh,红利低波50ETF南方
2023-02-15,0.861,0.87,0.873,0.861,223431.0,515450,sh,红利低波50ETF南方
2023-02-16,0.865,0.867,0.883,0.863,351970.0,515450,sh,红利低波50ETF南方
2023-02-17,0.862,0.857,0.872,0.856,248371.0,515450,sh,红利低波50ETF南方
2023-02-20,0.857,0.887,0.887,0.857,483250.0,515450,sh,红利低波50ETF南方
2023-02-21,0.882,0.895,0.895,0.882,245538.0,515450,sh,红利低波50ETF南方
2023-02-22,0.889,0.886,0.891,0.886,255474.0,515450,sh,红利低波50ETF南方
2023-02-23,0.885,0.885,0.892,0.882,376724.0,515450,sh,红利低波50ETF南方
2023-02-24,0.887,0.883,0.887,0.878,255769.0,515450,sh,红利低波50ETF南方
2023-02-27,0.879,0.879,0.883,0.877,191692.0,515450,sh,红利低波50ETF南方
2023-02-28,0.876,0.89,0.891,0.876,242983.0,515450,sh,红利低波50ETF南方
2023-03-01,0.892,0.906,0.912,0.889,265934.0,515450,sh,红利低波50ETF南方
2023-03-02,0.91,0.914,0.918,0.906,221719.0,515450,sh,红利低波50ETF南方
2023-03-03,0.916,0.933,0.933,0.916,281588.0,515450,sh,红利低波50ETF南方
2023-03-06,0.932,0.929,0.98,0.928,229923.0,515450,sh,红利低波50ETF南方
2023-03-07,0.929,0.922,0.947,0.92,313798.0,515450,sh,红利低波50ETF南方
2023-03-08,0.918,0.924,0.926,0.914,253974.0,515450,sh,红利低波50ETF南方
2023-03-09,0.919,0.925,0.935,0.919,246215.0,515450,sh,红利低波50ETF南方
2023-03-10,0.923,0.908,0.94,0.907,241962.0,515450,sh,红利低波50ETF南方
2023-03-13,0.906,0.933,0.933,0.906,319742.0,515450,sh,红利低波50ETF南方
2023-03-14,0.94,0.925,0.94,0.918,217355.0,515450,sh,红利低波50ETF南方
2023-03-15,0.93,0.937,0.94,0.924,250349.0,515450,sh,红利低波50ETF南方
2023-03-16,0.94,0.933,0.944,0.93,266926.0,515450,sh,红利低波50ETF南方
2023-03-17,0.945,0.959,0.96,0.942,488781.0,515450,sh,红利低波50ETF南方
2023-03-20,0.97,0.948,0.975,0.948,296083.0,515450,sh,红利低波50ETF南方
2023-03-21,0.95,0.943,0.96,0.941,242603.0,515450,sh,红利低波50ETF南方
2023-03-22,0.939,0.961,0.961,0.939,287940.0,515450,sh,红利低波50ETF南方
2023-03-23,0.955,0.968,0.969,0.954,242321.0,515450,sh,红利低波50ETF南方
2023-03-24,0.977,0.96,0.977,0.954,214176.0,515450,sh,红利低波50ETF南方
2023-03-27,0.971,0.944,0.971,0.935,259435.0,515450,sh,红利低波50ETF南方
2023-03-28,0.957,0.943,0.957,0.941,205757.0,515450,sh,红利低波50ETF南方
2023-03-29,0.96,0.939,0.96,0.934,188762.0,515450,sh,红利低波50ETF南方
2023-03-30,0.944,0.951,0.953,0.933,222492.0,515450,sh,红利低波50ETF南方
2023-03-31,0.959,0.954,0.959,0.941,171292.0,515450,sh,红利低波50ETF南方
2023-04-03,0.959,0.962,0.964,0.955,159720.0,515450,sh,红利低波50ETF南方
2023-04-04,0.967,0.983,0.985,0.96,251023.0,515450,sh,红利低波50ETF南方
2023-04-06,0.991,0.985,0.991,0.976,201563.0,515450,sh,红利低波50ETF南方
2023-04-07,0.994,0.98,0.994,0.977,249151.0,515450,sh,红利低波50ETF南方
2023-04-10,0.988,0.981,0.988,0.979,177726.0,515450,sh,红利低波50ETF南方
2023-04-11,0.989,0.988,0.989,0.977,179769.0,515450,sh,红利低波50ETF南方
2023-04-12,1.0,1.003,1.005,0.986,158118.0,515450,sh,红利低波50ETF南方
2023-04-13,1.011,0.997,1.011,0.992,210832.0,515450,sh,红利低波50ETF南方
2023-04-14,1.008,1.003,1.008,0.993,165522.0,515450,sh,红利低波50ETF南方
2023-04-17,1.01,1.024,1.026,0.998,224268.0,515450,sh,红利低波50ETF南方
2023-04-18,1.03,1.033,1.035,1.02,161283.0,515450,sh,红利低波50ETF南方
2023-04-19,1.039,1.022,1.039,1.018,187126.0,515450,sh,红利低波50ETF南方
2023-04-20,1.025,1.039,1.039,1.019,196147.0,515450,sh,红利低波50ETF南方
2023-04-21,1.038,1.017,1.049,1.016,238368.0,515450,sh,红利低波50ETF南方
2023-04-24,1.023,1.025,1.034,1.017,220090.0,515450,sh,红利低波50ETF南方
2023-04-25,1.026,1.032,1.037,1.019,222112.0,515450,sh,红利低波50ETF南方
2023-04-26,1.035,1.015,1.035,1.003,216760.0,515450,sh,红利低波50ETF南方
2023-04-27,1.016,1.024,1.027,1.007,188622.0,515450,sh,红利低波50ETF南方
2023-04-28,1.026,1.037,1.041,1.024,178364.0,515450,sh,红利低波50ETF南方
2023-05-04,1.038,1.059,1.064,1.022,192002.0,515450,sh,红利低波50ETF南方
2023-05-05,1.059,1.059,1.075,1.052,179017.0,515450,sh,红利低波50ETF南方
2023-05-08,1.056,1.096,1.106,1.056,267503.0,515450,sh,红利低波50ETF南方
2023-05-09,1.096,1.081,1.112,1.079,214263.0,515450,sh,红利低波50ETF南方
2023-05-10,1.078,1.048,1.079,1.043,173523.0,515450,sh,红利低波50ETF南方
2023-05-11,1.056,1.041,1.059,1.04,201274.0,515450,sh,红利低波50ETF南方
2023-05-12,1.056,1.032,1.056,1.032,179003.0,515450,sh,红利低波50ETF南方
2023-05-15,1.025,1.037,1.039,1.004,200018.0,515450,sh,红利低波50ETF南方
2023-05-16,1.037,1.027,1.043,1.025,164136.0,515450,sh,红利低波50ETF南方
2023-05-17,1.027,1.025,1.032,1.017,178073.0,515450,sh,红利低波50ETF南方
2023-05-18,1.032,1.039,1.05,1.029,278304.0,515450,sh,红利低波50ETF南方
2023-05-19,1.038,1.021,1.038,1.019,200606.0,515450,sh,红利低波50ETF南方
2023-05-22,1.032,1.02,1.032,1.016,170134.0,515450,sh,红利低波50ETF南方
2023-05-23,1.03,1.002,1.03,1.002,204808.0,515450,sh,红利低波50ETF南方
2023-05-24,1.008,0.976,1.008,0.975,179448.0,515450,sh,红利低波50ETF南方
2023-05-25,0.977,0.979,0.981,0.964,261319.0,515450,sh,红利低波50ETF南方
2023-05-26,0.98,0.988,0.993,0.975,148073.0,515450,sh,红利低波50ETF南方
2023-05-29,0.996,1.011,1.015,0.988,161742.0,515450,sh,红利低波50ETF南方
2023-05-30,1.01,1.019,1.021,1.003,195184.0,515450,sh,红利低波50ETF南方
2023-05-31,1.022,1.017,1.022,1.012,230536.0,515450,sh,红利低波50ETF南方
2023-06-01,1.017,1.013,1.024,1.007,163806.0,515450,sh,红利低波50ETF南方
2023-06-02,1.02,1.021,1.022,1.014,235551.0,515450,sh,红利低波50ETF南方
2023-06-05,1.036,1.026,1.036,1.015,158563.0,515450,sh,红利低波50ETF南方
2023-06-06,1.028,1.016,1.037,1.011,167462.0,515450,sh,红利低波50ETF南方
2023-06-07,1.009,1.024,1.026,1.009,155608.0,515450,sh,红利低波50ETF南方
2023-06-08,1.026,1.045,1.045,1.016,180150.0,515450,sh,红利低波50ETF南方
2023-06-09,1.045,1.053,1.053,1.038,227463.0,515450,sh,红利低波50ETF南方
2023-06-12,1.055,1.036,1.055,1.036,308525.0,515450,sh,红利低波50ETF南方
2023-06-13,1.043,1.04,1.043,1.034,169150.0,515450,sh,红利低波50ETF南方
2023-06-14,1.045,1.037,1.051,1.036,164397.0,515450,sh,红利低波50ETF南方
2023-06-15,1.044,1.04,1.045,1.034,156603.0,515450,sh,红利低波50ETF南方
2023-06-16,1.04,1.041,1.047,1.039,175060.0,515450,sh,红利低波50ETF南方
2023-06-19,1.047,1.038,1.047,1.029,155553.0,515450,sh,红利低波50ETF南方
2023-06-20,1.041,1.026,1.041,1.024,137283.0,515450,sh,红利低波50ETF南方
2023-06-21,1.026,1.019,1.031,1.015,194400.0,515450,sh,红利低波50ETF南方
2023-06-26,1.019,0.996,1.019,0.995,175999.0,515450,sh,红利低波50ETF南方
2023-06-27,1.001,1.019,1.022,0.996,194500.0,515450,sh,红利低波50ETF南方
2023-06-28,1.019,1.025,1.027,1.012,185161.0,515450,sh,红利低波50ETF南方
2023-06-29,1.025,1.03,1.032,1.022,141989.0,515450,sh,红利低波50ETF南方
2023-06-30,1.03,1.039,1.04,1.027,157859.0,515450,sh,红利低波50ETF南方
2023-07-03,1.042,1.053,1.053,1.04,140211.0,515450,sh,红利低波50ETF南方
2023-07-04,1.053,1.044,1.053,1.039,222131.0,515450,sh,红利低波50ETF南方
2023-07-05,1.045,1.041,1.047,1.038,217632.0,515450,sh,红利低波50ETF南方
2023-07-06,1.044,1.038,1.047,1.036,138043.0,515450,sh,红利低波50ETF南方
2023-07-07,1.037,1.042,1.045,1.035,116098.0,515450,sh,红利低波50ETF南方
2023-07-10,1.042,1.044,1.047,1.036,126943.0,515450,sh,红利低波50ETF南方
2023-07-11,1.042,1.048,1.049,1.04,116634.0,515450,sh,红利低波50ETF南方
2023-07-12,1.055,1.037,1.056,1.025,126904.0,515450,sh,红利低波50ETF南方
2023-07-13,1.044,1.068,1.068,1.043,226030.0,515450,sh,红利低波50ETF南方
2023-07-14,1.069,1.08,1.085,1.067,126096.0,515450,sh,红利低波50ETF南方
2023-07-17,1.08,1.076,1.08,1.067,151869.0,515450,sh,红利低波50ETF南方
2023-07-18,1.076,1.073,1.076,1.067,156230.0,515450,sh,红利低波50ETF南方
2023-07-19,1.075,1.076,1.078,1.068,152663.0,515450,sh,红利低波50ETF南方
2023-07-20,1.083,1.064,1.083,1.06,172650.0,515450,sh,红利低波50ETF南方
2023-07-21,1.062,1.062,1.066,1.057,161149.0,515450,sh,红利低波50ETF南方
2023-07-24,1.069,1.065,1.07,1.055,149889.0,515450,sh,红利低波50ETF南方
2023-07-25,1.066,1.084,1.084,1.066,174530.0,515450,sh,红利低波50ETF南方
2023-07-26,1.091,1.075,1.091,1.072,195093.0,515450,sh,红利低波50ETF南方
2023-07-27,1.082,1.07,1.084,1.068,159548.0,515450,sh,红利低波50ETF南方
2023-07-28,1.072,1.098,1.099,1.069,145486.0,515450,sh,红利低波50ETF南方
2023-07-31,1.105,1.104,1.111,1.095,211158.0,515450,sh,红利低波50ETF南方
2023-08-01,1.103,1.099,1.109,1.098,230735.0,515450,sh,红利低波50ETF南方
2023-08-02,1.105,1.087,1.105,1.083,201999.0,515450,sh,红利低波50ETF南方
2023-08-03,1.084,1.094,1.094,1.079,203010.0,515450,sh,红利低波50ETF南方
2023-08-04,1.097,1.094,1.107,1.092,191734.0,515450,sh,红利低波50ETF南方
2023-08-07,1.094,1.082,1.094,1.08,207456.0,515450,sh,红利低波50ETF南方
2023-08-08,1.087,1.081,1.087,1.074,265725.0,515450,sh,红利低波50ETF南方
2023-08-09,1.081,1.082,1.082,1.076,322366.0,515450,sh,红利低波50ETF南方
2023-08-10,1.081,1.083,1.085,1.076,164076.0,515450,sh,红利低波50ETF南方
2023-08-11,1.085,1.06,1.085,1.059,191388.0,515450,sh,红利低波50ETF南方
2023-08-14,1.057,1.055,1.08,1.044,208911.0,515450,sh,红利低波50ETF南方
2023-08-15,1.067,1.068,1.071,1.054,246983.0,515450,sh,红利低波50ETF南方
2023-08-16,1.074,1.068,1.074,1.06,277915.0,515450,sh,红利低波50ETF南方
2023-08-17,1.062,1.065,1.069,1.056,245873.0,515450,sh,红利低波50ETF南方
2023-08-18,1.067,1.063,1.076,1.063,307875.0,515450,sh,红利低波50ETF南方
2023-08-21,1.056,1.054,1.071,1.053,402379.0,515450,sh,红利低波50ETF南方
2023-08-22,1.055,1.063,1.064,1.048,227103.0,515450,sh,红利低波50ETF南方
2023-08-23,1.063,1.056,1.067,1.056,235071.0,515450,sh,红利低波50ETF南方
2023-08-24,1.06,1.05,1.061,1.047,198899.0,515450,sh,红利低波50ETF南方
2023-08-25,1.048,1.053,1.061,1.046,236899.0,515450,sh,红利低波50ETF南方
2023-08-28,1.096,1.065,1.111,1.058,271143.0,515450,sh,红利低波50ETF南方
2023-08-29,1.072,1.058,1.072,1.049,319459.0,515450,sh,红利低波50ETF南方
2023-08-30,1.054,1.052,1.06,1.049,481132.0,515450,sh,红利低波50ETF南方
2023-08-31,1.051,1.052,1.059,1.046,262631.0,515450,sh,红利低波50ETF南方
2023-09-01,1.054,1.064,1.064,1.052,206053.0,515450,sh,红利低波50ETF南方
2023-09-04,1.064,1.09,1.09,1.064,338038.0,515450,sh,红利低波50ETF南方
2023-09-05,1.09,1.08,1.09,1.073,242005.0,515450,sh,红利低波50ETF南方
2023-09-06,1.079,1.076,1.079,1.07,278947.0,515450,sh,红利低波50ETF南方
2023-09-07,1.076,1.067,1.08,1.067,318509.0,515450,sh,红利低波50ETF南方
2023-09-08,1.07,1.062,1.07,1.058,273565.0,515450,sh,红利低波50ETF南方
2023-09-11,1.058,1.076,1.077,1.058,222510.0,515450,sh,红利低波50ETF南方
2023-09-12,1.076,1.074,1.076,1.071,202012.0,515450,sh,红利低波50ETF南方
2023-09-13,1.074,1.076,1.081,1.069,293512.0,515450,sh,红利低波50ETF南方
2023-09-14,1.078,1.087,1.088,1.073,279752.0,515450,sh,红利低波50ETF南方
2023-09-15,1.093,1.08,1.093,1.074,258945.0,515450,sh,红利低波50ETF南方
2023-09-18,1.074,1.079,1.082,1.07,239272.0,515450,sh,红利低波50ETF南方
2023-09-19,1.079,1.089,1.092,1.079,219978.0,515450,sh,红利低波50ETF南方
2023-09-20,1.094,1.093,1.096,1.086,271757.0,515450,sh,红利低波50ETF南方
2023-09-21,1.092,1.087,1.094,1.08,306586.0,515450,sh,红利低波50ETF南方
2023-09-22,1.086,1.093,1.094,1.078,235692.0,515450,sh,红利低波50ETF南方
2023-09-25,1.093,1.093,1.097,1.086,250340.0,515450,sh,红利低波50ETF南方
2023-09-26,1.096,1.088,1.096,1.084,301272.0,515450,sh,红利低波50ETF南方
2023-09-27,1.084,1.081,1.088,1.075,296864.0,515450,sh,红利低波50ETF南方
2023-09-28,1.082,1.075,1.082,1.072,175876.0,515450,sh,红利低波50ETF南方
2023-10-09,1.072,1.07,1.073,1.058,259090.0,515450,sh,红利低波50ETF南方
2023-10-10,1.072,1.06,1.075,1.059,293021.0,515450,sh,红利低波50ETF南方
2023-10-11,1.062,1.053,1.063,1.052,326317.0,515450,sh,红利低波50ETF南方
2023-10-12,1.058,1.067,1.068,1.056,227988.0,515450,sh,红利低波50ETF南方
2023-10-13,1.065,1.064,1.067,1.058,256218.0,515450,sh,红利低波50ETF南方
2023-10-16,1.065,1.066,1.067,1.059,225806.0,515450,sh,红利低波50ETF南方
2023-10-17,1.066,1.074,1.074,1.065,230690.0,515450,sh,红利低波50ETF南方
2023-10-18,1.074,1.069,1.077,1.067,266105.0,515450,sh,红利低波50ETF南方
2023-10-19,1.067,1.037,1.067,1.037,227622.0,515450,sh,红利低波50ETF南方
2023-10-20,1.037,1.036,1.04,1.03,404632.0,515450,sh,红利低波50ETF南方
2023-10-23,1.031,1.018,1.032,1.012,249454.0,515450,sh,红利低波50ETF南方
2023-10-24,1.017,1.026,1.026,1.014,193420.0,515450,sh,红利低波50ETF南方
2023-10-25,1.032,1.033,1.036,1.028,282903.0,515450,sh,红利低波50ETF南方
2023-10-26,1.034,1.042,1.043,1.024,259699.0,515450,sh,红利低波50ETF南方
2023-10-27,1.041,1.05,1.053,1.041,235549.0,515450,sh,红利低波50ETF南方
2023-10-30,1.05,1.03,1.05,1.026,421872.0,515450,sh,红利低波50ETF南方
2023-10-31,1.029,1.027,1.03,1.02,297775.0,515450,sh,红利低波50ETF南方
2023-11-01,1.027,1.027,1.029,1.02,214679.0,515450,sh,红利低波50ETF南方
2023-11-02,1.03,1.027,1.036,1.025,181711.0,515450,sh,红利低波50ETF南方
2023-11-03,1.031,1.025,1.033,1.024,297097.0,515450,sh,红利低波50ETF南方
2023-11-06,1.023,1.018,1.027,1.016,239168.0,515450,sh,红利低波50ETF南方
2023-11-07,1.018,1.018,1.02,1.012,165144.0,515450,sh,红利低波50ETF南方
2023-11-08,1.017,1.013,1.017,1.007,324344.0,515450,sh,红利低波50ETF南方
2023-11-09,1.008,1.018,1.018,1.008,303314.0,515450,sh,红利低波50ETF南方
2023-11-10,1.018,1.011,1.018,1.006,199392.0,515450,sh,红利低波50ETF南方
2023-11-13,1.011,1.009,1.012,1.001,187897.0,515450,sh,红利低波50ETF南方
2023-11-14,1.009,1.012,1.013,1.006,224763.0,515450,sh,红利低波50ETF南方
2023-11-15,1.014,1.019,1.019,1.013,189128.0,515450,sh,红利低波50ETF南方
2023-11-16,1.019,1.015,1.02,1.014,1393887.0,515450,sh,红利低波50ETF南方
2023-11-17,1.016,1.014,1.016,1.008,172069.0,515450,sh,红利低波50ETF南方
2023-11-20,1.014,1.016,1.018,1.01,110161.0,515450,sh,红利低波50ETF南方
2023-11-21,1.016,1.023,1.029,1.016,309486.0,515450,sh,红利低波50ETF南方
2023-11-22,1.022,1.018,1.025,1.018,135840.0,515450,sh,红利低波50ETF南方
2023-11-23,1.023,1.022,1.023,1.014,157896.0,515450,sh,红利低波50ETF南方
2023-11-24,1.022,1.024,1.024,1.02,216660.0,515450,sh,红利低波50ETF南方
2023-11-27,1.027,1.021,1.028,1.012,160502.0,515450,sh,红利低波50ETF南方
2023-11-28,1.023,1.021,1.023,1.014,156383.0,515450,sh,红利低波50ETF南方
2023-11-29,1.02,1.013,1.021,1.011,145770.0,515450,sh,红利低波50ETF南方
2023-11-30,1.013,1.021,1.021,1.012,147748.0,515450,sh,红利低波50ETF南方
2023-12-01,1.019,1.02,1.022,1.015,137127.0,515450,sh,红利低波50ETF南方
2023-12-04,1.02,1.018,1.022,0.991,159555.0,515450,sh,红利低波50ETF南方
2023-12-05,1.016,1.002,1.018,1.001,177196.0,515450,sh,红利低波50ETF南方
2023-12-06,1.002,0.995,1.002,0.99,180143.0,515450,sh,红利低波50ETF南方
2023-12-07,0.996,0.998,1.003,0.988,371156.0,515450,sh,红利低波50ETF南方
2023-12-08,0.998,1.001,1.008,0.996,168202.0,515450,sh,红利低波50ETF南方
2023-12-11,0.999,1.0,1.006,0.98,200857.0,515450,sh,红利低波50ETF南方
2023-12-12,1.0,1.007,1.009,0.996,200777.0,515450,sh,红利低波50ETF南方
2023-12-13,1.009,0.998,1.013,0.998,268312.0,515450,sh,红利低波50ETF南方
2023-12-14,0.998,0.999,1.005,0.997,232328.0,515450,sh,红利低波50ETF南方
2023-12-15,1.003,0.99,1.003,0.989,145934.0,515450,sh,红利低波50ETF南方
2023-12-18,0.999,0.989,0.999,0.983,253448.0,515450,sh,红利低波50ETF南方
2023-12-19,0.989,0.985,0.989,0.981,439351.0,515450,sh,红利低波50ETF南方
2023-12-20,0.986,0.981,0.992,0.98,177160.0,515450,sh,红利低波50ETF南方
2023-12-21,0.981,0.984,0.984,0.973,328754.0,515450,sh,红利低波50ETF南方
2023-12-22,0.984,0.986,0.99,0.981,166595.0,515450,sh,红利低波50ETF南方
2023-12-25,0.985,0.987,0.988,0.981,202143.0,515450,sh,红利低波50ETF南方
2023-12-26,0.988,0.991,0.992,0.987,275479.0,515450,sh,红利低波50ETF南方
2023-12-27,0.99,0.998,0.998,0.985,324475.0,515450,sh,红利低波50ETF南方
2023-12-28,0.996,0.998,1.002,0.995,429526.0,515450,sh,红利低波50ETF南方
2023-12-29,0.997,1.0,1.002,0.996,425302.0,515450,sh,红利低波50ETF南方
2024-01-02,1.0,1.006,1.011,1.0,198398.0,515450,sh,红利低波50ETF南方
2024-01-03,1.013,1.016,1.016,1.005,176549.0,515450,sh,红利低波50ETF南方
2024-01-04,1.014,1.018,1.02,1.009,241241.0,515450,sh,红利低波50ETF南方
2024-01-05,1.017,1.021,1.033,1.014,199946.0,515450,sh,红利低波50ETF南方
2024-01-08,1.022,1.011,1.022,1.01,206513.0,515450,sh,红利低波50ETF南方
2024-01-09,1.004,1.018,1.018,1.003,220039.0,515450,sh,红利低波50ETF南方
2024-01-10,1.019,1.018,1.019,1.014,167861.0,515450,sh,红利低波50ETF南方
2024-01-11,1.018,1.014,1.018,1.01,210646.0,515450,sh,红利低波50ETF南方
2024-01-12,1.01,1.02,1.025,1.009,190261.0,515450,sh,红利低波50ETF南方
2024-01-15,1.021,1.031,1.033,1.019,303156.0,515450,sh,红利低波50ETF南方
2024-01-16,1.033,1.038,1.038,1.025,296759.0,515450,sh,红利低波50ETF南方
2024-01-17,1.038,1.023,1.038,1.022,201697.0,515450,sh,红利低波50ETF南方
2024-01-18,1.022,1.021,1.022,0.989,463535.0,515450,sh,红利低波50ETF南方
2024-01-19,1.017,1.017,1.022,1.008,291881.0,515450,sh,红利低波50ETF南方
2024-01-22,1.018,0.994,1.018,0.985,241106.0,515450,sh,红利低波50ETF南方
2024-01-23,0.984,0.996,1.002,0.98,261653.0,515450,sh,红利低波50ETF南方
2024-01-24,1.002,1.021,1.023,0.999,248647.0,515450,sh,红利低波50ETF南方
2024-01-25,1.025,1.05,1.051,1.025,376606.0,515450,sh,红利低波50ETF南方
2024-01-26,1.054,1.068,1.069,1.048,898591.0,515450,sh,红利低波50ETF南方
2024-01-29,1.069,1.077,1.087,1.068,394203.0,515450,sh,红利低波50ETF南方
2024-01-30,1.079,1.065,1.082,1.062,461881.0,515450,sh,红利低波50ETF南方
2024-01-31,1.06,1.066,1.071,1.056,278576.0,515450,sh,红利低波50ETF南方
2024-02-01,1.065,1.06,1.066,1.054,271089.0,515450,sh,红利低波50ETF南方
2024-02-02,1.06,1.06,1.074,1.035,437263.0,515450,sh,红利低波50ETF南方
2024-02-05,1.045,1.078,1.079,1.042,478673.0,515450,sh,红利低波50ETF南方
2024-02-06,1.077,1.094,1.095,1.063,2181967.0,515450,sh,红利低波50ETF南方
2024-02-07,1.088,1.103,1.105,1.08,556435.0,515450,sh,红利低波50ETF南方
2024-02-08,1.103,1.101,1.107,1.093,497114.0,515450,sh,红利低波50ETF南方
2024-02-19,1.101,1.12,1.12,1.089,1405487.0,515450,sh,红利低波50ETF南方
2024-02-20,1.121,1.133,1.135,1.113,271321.0,515450,sh,红利低波50ETF南方
2024-02-21,1.132,1.138,1.15,1.126,372178.0,515450,sh,红利低波50ETF南方
2024-02-22,1.136,1.143,1.143,1.13,454335.0,515450,sh,红利低波50ETF南方
2024-02-23,1.143,1.136,1.15,1.133,462262.0,515450,sh,红利低波50ETF南方
2024-02-26,1.136,1.114,1.138,1.113,445882.0,515450,sh,红利低波50ETF南方
2024-02-27,1.108,1.118,1.123,1.108,387761.0,515450,sh,红利低波50ETF南方
2024-02-28,1.121,1.118,1.129,1.112,327478.0,515450,sh,红利低波50ETF南方
2024-02-29,1.119,1.127,1.129,1.114,260562.0,515450,sh,红利低波50ETF南方
2024-03-01,1.128,1.129,1.133,1.126,199222.0,515450,sh,红利低波50ETF南方
2024-03-04,1.125,1.131,1.132,1.124,235006.0,515450,sh,红利低波50ETF南方
2024-03-05,1.13,1.144,1.146,1.128,233829.0,515450,sh,红利低波50ETF南方
2024-03-06,1.145,1.142,1.15,1.14,288304.0,515450,sh,红利低波50ETF南方
2024-03-07,1.141,1.151,1.157,1.141,404901.0,515450,sh,红利低波50ETF南方
2024-03-08,1.152,1.154,1.154,1.144,455235.0,515450,sh,红利低波50ETF南方
2024-03-11,1.154,1.145,1.159,1.136,2168558.0,515450,sh,红利低波50ETF南方
2024-03-12,1.143,1.119,1.144,1.118,987662.0,515450,sh,红利低波50ETF南方
2024-03-13,1.118,1.115,1.119,1.109,1321972.0,515450,sh,红利低波50ETF南方
2024-03-14,1.117,1.119,1.123,1.11,683947.0,515450,sh,红利低波50ETF南方
2024-03-15,1.121,1.123,1.124,1.115,391322.0,515450,sh,红利低波50ETF南方
2024-03-18,1.123,1.123,1.126,1.117,381306.0,515450,sh,红利低波50ETF南方
2024-03-19,1.12,1.118,1.124,1.115,269244.0,515450,sh,红利低波50ETF南方
2024-03-20,1.118,1.117,1.121,1.109,217868.0,515450,sh,红利低波50ETF南方
2024-03-21,1.117,1.117,1.121,1.115,844771.0,515450,sh,红利低波50ETF南方
2024-03-22,1.117,1.111,1.117,1.103,248379.0,515450,sh,红利低波50ETF南方
2024-03-25,1.112,1.117,1.129,1.11,619887.0,515450,sh,红利低波50ETF南方
2024-03-26,1.12,1.122,1.122,1.115,230201.0,515450,sh,红利低波50ETF南方
2024-03-27,1.121,1.122,1.13,1.116,404797.0,515450,sh,红利低波50ETF南方
2024-03-28,1.117,1.114,1.122,1.108,376888.0,515450,sh,红利低波50ETF南方
2024-03-29,1.109,1.13,1.13,1.109,667539.0,515450,sh,红利低波50ETF南方
2024-04-01,1.13,1.136,1.136,1.127,417024.0,515450,sh,红利低波50ETF南方
2024-04-02,1.136,1.145,1.146,1.136,284428.0,515450,sh,红利低波50ETF南方
2024-04-03,1.144,1.147,1.147,1.136,671313.0,515450,sh,红利低波50ETF南方
2024-04-08,1.141,1.147,1.158,1.137,371044.0,515450,sh,红利低波50ETF南方
2024-04-09,1.146,1.138,1.148,1.134,438072.0,515450,sh,红利低波50ETF南方
2024-04-10,1.138,1.14,1.149,1.136,489940.0,515450,sh,红利低波50ETF南方
2024-04-11,1.139,1.152,1.156,1.132,674943.0,515450,sh,红利低波50ETF南方
2024-04-12,1.152,1.149,1.156,1.146,181834.0,515450,sh,红利低波50ETF南方
2024-04-15,1.152,1.176,1.178,1.148,447355.0,515450,sh,红利低波50ETF南方
2024-04-16,1.176,1.181,1.19,1.167,343102.0,515450,sh,红利低波50ETF南方
2024-04-17,1.18,1.196,1.196,1.162,383778.0,515450,sh,红利低波50ETF南方
2024-04-18,1.19,1.196,1.21,1.19,383448.0,515450,sh,红利低波50ETF南方
2024-04-19,1.191,1.206,1.21,1.189,325609.0,515450,sh,红利低波50ETF南方
2024-04-22,1.21,1.184,1.214,1.183,448815.0,515450,sh,红利低波50ETF南方
2024-04-23,1.185,1.164,1.189,1.162,386991.0,515450,sh,红利低波50ETF南方
2024-04-24,1.162,1.171,1.172,1.158,233125.0,515450,sh,红利低波50ETF南方
2024-04-25,1.172,1.175,1.175,1.164,238287.0,515450,sh,红利低波50ETF南方
2024-04-26,1.175,1.171,1.178,1.157,404539.0,515450,sh,红利低波50ETF南方
2024-04-29,1.165,1.164,1.168,1.152,364875.0,515450,sh,红利低波50ETF南方
2024-04-30,1.153,1.172,1.176,1.153,215787.0,515450,sh,红利低波50ETF南方
2024-05-06,1.171,1.18,1.181,1.168,225581.0,515450,sh,红利低波50ETF南方
2024-05-07,1.181,1.176,1.181,1.171,331616.0,515450,sh,红利低波50ETF南方
2024-05-08,1.171,1.176,1.181,1.171,420529.0,515450,sh,红利低波50ETF南方
2024-05-09,1.171,1.187,1.189,1.171,265077.0,515450,sh,红利低波50ETF南方
2024-05-10,1.189,1.194,1.196,1.185,358408.0,515450,sh,红利低波50ETF南方
2024-05-13,1.19,1.205,1.207,1.188,662805.0,515450,sh,红利低波50ETF南方
2024-05-14,1.202,1.197,1.205,1.194,580846.0,515450,sh,红利低波50ETF南方
2024-05-15,1.193,1.187,1.198,1.187,721301.0,515450,sh,红利低波50ETF南方
2024-05-16,1.19,1.188,1.197,1.187,417861.0,515450,sh,红利低波50ETF南方
2024-05-17,1.188,1.2,1.201,1.184,486967.0,515450,sh,红利低波50ETF南方
2024-05-20,1.196,1.201,1.207,1.195,344658.0,515450,sh,红利低波50ETF南方
2024-05-21,1.197,1.202,1.203,1.196,234659.0,515450,sh,红利低波50ETF南方
2024-05-22,1.203,1.204,1.213,1.2,394950.0,515450,sh,红利低波50ETF南方
2024-05-23,1.202,1.19,1.204,1.187,228727.0,515450,sh,红利低波50ETF南方
2024-05-24,1.189,1.192,1.203,1.188,202526.0,515450,sh,红利低波50ETF南方
2024-05-27,1.192,1.208,1.208,1.192,209827.0,515450,sh,红利低波50ETF南方
2024-05-28,1.209,1.203,1.211,1.2,445560.0,515450,sh,红利低波50ETF南方
2024-05-29,1.203,1.2,1.21,1.197,202736.0,515450,sh,红利低波50ETF南方
2024-05-30,1.202,1.199,1.214,1.196,220337.0,515450,sh,红利低波50ETF南方
2024-05-31,1.201,1.198,1.204,1.195,207364.0,515450,sh,红利低波50ETF南方
2024-06-03,1.197,1.188,1.197,1.18,258354.0,515450,sh,红利低波50ETF南方
2024-06-04,1.188,1.196,1.197,1.182,285788.0,515450,sh,红利低波50ETF南方
2024-06-05,1.191,1.183,1.195,1.181,204070.0,515450,sh,红利低波50ETF南方
2024-06-06,1.184,1.185,1.194,1.181,418896.0,515450,sh,红利低波50ETF南方
2024-06-07,1.185,1.194,1.195,1.184,185599.0,515450,sh,红利低波50ETF南方
2024-06-11,1.193,1.176,1.194,1.17,371552.0,515450,sh,红利低波50ETF南方
2024-06-12,1.174,1.183,1.184,1.168,333184.0,515450,sh,红利低波50ETF南方
2024-06-13,1.184,1.172,1.185,1.168,332468.0,515450,sh,红利低波50ETF南方
2024-06-14,1.166,1.171,1.175,1.164,178745.0,515450,sh,红利低波50ETF南方
2024-06-17,1.171,1.158,1.171,1.154,157238.0,515450,sh,红利低波50ETF南方
2024-06-18,1.158,1.165,1.166,1.148,217513.0,515450,sh,红利低波50ETF南方
2024-06-19,1.165,1.164,1.169,1.162,264870.0,515450,sh,红利低波50ETF南方
2024-06-20,1.164,1.163,1.168,1.161,341647.0,515450,sh,红利低波50ETF南方
2024-06-21,1.164,1.166,1.169,1.16,258744.0,515450,sh,红利低波50ETF南方
2024-06-24,1.165,1.157,1.166,1.152,233062.0,515450,sh,红利低波50ETF南方
2024-06-25,1.157,1.165,1.17,1.156,187332.0,515450,sh,红利低波50ETF南方
2024-06-26,1.165,1.168,1.17,1.16,206310.0,515450,sh,红利低波50ETF南方
2024-06-27,1.168,1.171,1.175,1.163,347359.0,515450,sh,红利低波50ETF南方
2024-06-28,1.173,1.183,1.183,1.167,299081.0,515450,sh,红利低波50ETF南方
2024-07-01,1.184,1.199,1.199,1.179,271745.0,515450,sh,红利低波50ETF南方
2024-07-02,1.2,1.203,1.203,1.193,176996.0,515450,sh,红利低波50ETF南方
2024-07-03,1.204,1.193,1.204,1.19,187876.0,515450,sh,红利低波50ETF南方
2024-07-04,1.19,1.191,1.201,1.187,264341.0,515450,sh,红利低波50ETF南方
2024-07-05,1.188,1.183,1.194,1.172,300928.0,515450,sh,红利低波50ETF南方
2024-07-08,1.183,1.181,1.186,1.178,198950.0,515450,sh,红利低波50ETF南方
2024-07-09,1.18,1.195,1.198,1.175,179213.0,515450,sh,红利低波50ETF南方
2024-07-10,1.195,1.185,1.196,1.183,298554.0,515450,sh,红利低波50ETF南方
2024-07-11,1.191,1.193,1.194,1.185,149654.0,515450,sh,红利低波50ETF南方
2024-07-12,1.193,1.194,1.196,1.191,155444.0,515450,sh,红利低波50ETF南方
2024-07-15,1.192,1.202,1.203,1.186,271317.0,515450,sh,红利低波50ETF南方
2024-07-16,1.201,1.2,1.204,1.193,178778.0,515450,sh,红利低波50ETF南方
2024-07-17,1.201,1.2,1.202,1.192,234987.0,515450,sh,红利低波50ETF南方
2024-07-18,1.195,1.206,1.207,1.188,1080472.0,515450,sh,红利低波50ETF南方
2024-07-19,1.207,1.201,1.207,1.193,398533.0,515450,sh,红利低波50ETF南方
2024-07-22,1.206,1.189,1.207,1.179,305712.0,515450,sh,红利低波50ETF南方
2024-07-23,1.186,1.178,1.189,1.177,606261.0,515450,sh,红利低波50ETF南方
2024-07-24,1.174,1.179,1.182,1.171,226619.0,515450,sh,红利低波50ETF南方
2024-07-25,1.179,1.171,1.18,1.163,344491.0,515450,sh,红利低波50ETF南方
2024-07-26,1.176,1.17,1.177,1.162,190413.0,515450,sh,红利低波50ETF南方
2024-07-29,1.17,1.178,1.179,1.164,179169.0,515450,sh,红利低波50ETF南方
2024-07-30,1.171,1.167,1.174,1.163,218404.0,515450,sh,红利低波50ETF南方
2024-07-31,1.167,1.173,1.176,1.166,723595.0,515450,sh,红利低波50ETF南方
2024-08-01,1.17,1.175,1.182,1.17,260622.0,515450,sh,红利低波50ETF南方
2024-08-02,1.175,1.174,1.178,1.169,235980.0,515450,sh,红利低波50ETF南方
2024-08-05,1.173,1.162,1.177,1.16,296909.0,515450,sh,红利低波50ETF南方
2024-08-06,1.158,1.152,1.163,1.143,230561.0,515450,sh,红利低波50ETF南方
2024-08-07,1.151,1.156,1.16,1.148,323063.0,515450,sh,红利低波50ETF南方
2024-08-08,1.157,1.164,1.167,1.154,341010.0,515450,sh,红利低波50ETF南方
2024-08-09,1.165,1.16,1.168,1.159,332043.0,515450,sh,红利低波50ETF南方
2024-08-12,1.16,1.158,1.165,1.156,225873.0,515450,sh,红利低波50ETF南方
2024-08-13,1.16,1.161,1.164,1.155,156623.0,515450,sh,红利低波50ETF南方
2024-08-14,1.157,1.155,1.16,1.153,126998.0,515450,sh,红利低波50ETF南方
2024-08-15,1.156,1.168,1.169,1.151,242025.0,515450,sh,红利低波50ETF南方
2024-08-16,1.17,1.17,1.173,1.166,170204.0,515450,sh,红利低波50ETF南方
2024-08-19,1.172,1.183,1.183,1.17,129040.0,515450,sh,红利低波50ETF南方
2024-08-20,1.184,1.176,1.184,1.171,197015.0,515450,sh,红利低波50ETF南方
2024-08-21,1.174,1.17,1.174,1.165,206042.0,515450,sh,红利低波50ETF南方
2024-08-22,1.169,1.17,1.173,1.168,239666.0,515450,sh,红利低波50ETF南方
2024-08-23,1.172,1.179,1.179,1.168,129788.0,515450,sh,红利低波50ETF南方
2024-08-26,1.178,1.172,1.179,1.164,335233.0,515450,sh,红利低波50ETF南方
2024-08-27,1.172,1.171,1.173,1.168,142700.0,515450,sh,红利低波50ETF南方
2024-08-28,1.17,1.161,1.171,1.156,193542.0,515450,sh,红利低波50ETF南方
2024-08-29,1.16,1.143,1.16,1.142,196981.0,515450,sh,红利低波50ETF南方
2024-08-30,1.146,1.141,1.15,1.135,643147.0,515450,sh,红利低波50ETF南方
2024-09-02,1.138,1.137,1.142,1.131,234957.0,515450,sh,红利低波50ETF南方
2024-09-03,1.137,1.133,1.138,1.127,415682.0,515450,sh,红利低波50ETF南方
2024-09-04,1.131,1.13,1.136,1.127,159351.0,515450,sh,红利低波50ETF南方
2024-09-05,1.13,1.13,1.132,1.123,162173.0,515450,sh,红利低波50ETF南方
2024-09-06,1.129,1.122,1.136,1.12,121574.0,515450,sh,红利低波50ETF南方
2024-09-09,1.119,1.105,1.119,1.102,135742.0,515450,sh,红利低波50ETF南方
2024-09-10,1.104,1.108,1.11,1.099,230483.0,515450,sh,红利低波50ETF南方
2024-09-11,1.106,1.092,1.106,1.087,456517.0,515450,sh,红利低波50ETF南方
2024-09-12,1.091,1.092,1.096,1.088,184150.0,515450,sh,红利低波50ETF南方
2024-09-13,1.09,1.089,1.103,1.089,240013.0,515450,sh,红利低波50ETF南方
2024-09-18,1.088,1.101,1.101,1.085,396456.0,515450,sh,红利低波50ETF南方
2024-09-19,1.1,1.106,1.11,1.093,127151.0,515450,sh,红利低波50ETF南方
2024-09-20,1.105,1.108,1.108,1.098,81528.0,515450,sh,红利低波50ETF南方
2024-09-23,1.106,1.118,1.119,1.106,86708.0,515450,sh,红利低波50ETF南方
2024-09-24,1.119,1.161,1.162,1.119,193616.0,515450,sh,红利低波50ETF南方
2024-09-25,1.17,1.18,1.202,1.168,265691.0,515450,sh,红利低波50ETF南方
2024-09-26,1.18,1.231,1.231,1.178,144773.0,515450,sh,红利低波50ETF南方
2024-09-27,1.245,1.232,1.259,1.192,188616.0,515450,sh,红利低波50ETF南方
2024-09-30,1.232,1.322,1.355,1.232,758740.0,515450,sh,红利低波50ETF南方
2024-10-08,1.46,1.361,1.46,1.32,349709.0,515450,sh,红利低波50ETF南方
2024-10-09,1.34,1.244,1.34,1.222,227423.0,515450,sh,红利低波50ETF南方
2024-10-10,1.259,1.293,1.317,1.252,693754.0,515450,sh,红利低波50ETF南方
2024-10-11,1.3,1.269,1.3,1.256,209074.0,515450,sh,红利低波50ETF南方
2024-10-14,1.27,1.299,1.309,1.27,217666.0,515450,sh,红利低波50ETF南方
2024-10-15,1.3,1.273,1.307,1.272,196963.0,515450,sh,红利低波50ETF南方
2024-10-16,1.27,1.291,1.3,1.268,359756.0,515450,sh,红利低波50ETF南方
2024-10-17,1.3,1.274,1.303,1.272,137735.0,515450,sh,红利低波50ETF南方
2024-10-18,1.273,1.285,1.3,1.251,252308.0,515450,sh,红利低波50ETF南方
2024-10-21,1.298,1.272,1.3,1.258,140810.0,515450,sh,红利低波50ETF南方
2024-10-22,1.27,1.277,1.279,1.267,129996.0,515450,sh,红利低波50ETF南方
2024-10-23,1.275,1.281,1.284,1.275,668484.0,515450,sh,红利低波50ETF南方
2024-10-24,1.277,1.27,1.281,1.267,88764.0,515450,sh,红利低波50ETF南方
2024-10-25,1.27,1.271,1.275,1.265,220773.0,515450,sh,红利低波50ETF南方
2024-10-28,1.271,1.273,1.273,1.258,197262.0,515450,sh,红利低波50ETF南方
2024-10-29,1.27,1.26,1.279,1.259,198278.0,515450,sh,红利低波50ETF南方
2024-10-30,1.26,1.25,1.267,1.244,221341.0,515450,sh,红利低波50ETF南方
2024-10-31,1.244,1.248,1.254,1.238,152358.0,515450,sh,红利低波50ETF南方
2024-11-01,1.248,1.262,1.268,1.244,215688.0,515450,sh,红利低波50ETF南方
2024-11-04,1.26,1.269,1.27,1.25,177269.0,515450,sh,红利低波50ETF南方
2024-11-05,1.265,1.287,1.288,1.264,228526.0,515450,sh,红利低波50ETF南方
2024-11-06,1.287,1.288,1.292,1.28,302595.0,515450,sh,红利低波50ETF南方
2024-11-07,1.281,1.321,1.322,1.281,250108.0,515450,sh,红利低波50ETF南方
2024-11-08,1.325,1.307,1.33,1.298,201314.0,515450,sh,红利低波50ETF南方
2024-11-11,1.305,1.3,1.305,1.279,272710.0,515450,sh,红利低波50ETF南方
2024-11-12,1.303,1.303,1.322,1.3,420877.0,515450,sh,红利低波50ETF南方
2024-11-13,1.305,1.31,1.315,1.3,362040.0,515450,sh,红利低波50ETF南方
2024-11-14,1.309,1.29,1.309,1.288,250238.0,515450,sh,红利低波50ETF南方
2024-11-15,1.29,1.288,1.299,1.284,619375.0,515450,sh,红利低波50ETF南方
2024-11-18,1.297,1.3,1.321,1.294,354498.0,515450,sh,红利低波50ETF南方
2024-11-19,1.299,1.297,1.306,1.283,202844.0,515450,sh,红利低波50ETF南方
2024-11-20,1.295,1.299,1.3,1.291,153642.0,515450,sh,红利低波50ETF南方
2024-11-21,1.297,1.298,1.298,1.291,546841.0,515450,sh,红利低波50ETF南方
2024-11-22,1.298,1.265,1.3,1.263,286790.0,515450,sh,红利低波50ETF南方
2024-11-25,1.261,1.265,1.276,1.26,342995.0,515450,sh,红利低波50ETF南方
2024-11-26,1.259,1.268,1.273,1.259,185183.0,515450,sh,红利低波50ETF南方
2024-11-27,1.267,1.283,1.284,1.259,363344.0,515450,sh,红利低波50ETF南方
2024-11-28,1.283,1.28,1.288,1.279,173678.0,515450,sh,红利低波50ETF南方
2024-11-29,1.28,1.294,1.298,1.28,214120.0,515450,sh,红利低波50ETF南方
2024-12-02,1.293,1.297,1.297,1.287,176942.0,515450,sh,红利低波50ETF南方
2024-12-03,1.297,1.313,1.313,1.291,498314.0,515450,sh,红利低波50ETF南方
2024-12-04,1.312,1.313,1.319,1.302,440436.0,515450,sh,红利低波50ETF南方
2024-12-05,1.31,1.313,1.316,1.309,237439.0,515450,sh,红利低波50ETF南方
2024-12-06,1.313,1.335,1.335,1.313,217326.0,515450,sh,红利低波50ETF南方
2024-12-09,1.346,1.34,1.348,1.327,398456.0,515450,sh,红利低波50ETF南方
2024-12-10,1.366,1.341,1.368,1.337,612921.0,515450,sh,红利低波50ETF南方
2024-12-11,1.333,1.341,1.347,1.333,179090.0,515450,sh,红利低波50ETF南方
2024-12-12,1.347,1.367,1.369,1.339,467020.0,515450,sh,红利低波50ETF南方
2024-12-13,1.363,1.344,1.365,1.341,746882.0,515450,sh,红利低波50ETF南方
2024-12-16,1.345,1.358,1.365,1.343,519841.0,515450,sh,红利低波50ETF南方
2024-12-17,1.361,1.364,1.376,1.354,738206.0,515450,sh,红利低波50ETF南方
2024-12-18,1.364,1.381,1.388,1.364,822473.0,515450,sh,红利低波50ETF南方
2024-12-19,1.379,1.358,1.379,1.354,1720567.0,515450,sh,红利低波50ETF南方
2024-12-20,1.358,1.345,1.358,1.342,1231215.0,515450,sh,红利低波50ETF南方
2024-12-23,1.346,1.35,1.36,1.342,752664.0,515450,sh,红利低波50ETF南方
2024-12-24,1.35,1.36,1.36,1.346,534218.0,515450,sh,红利低波50ETF南方
2024-12-25,1.36,1.368,1.37,1.357,856221.0,515450,sh,红利低波50ETF南方
2024-12-26,1.37,1.361,1.373,1.356,1052610.0,515450,sh,红利低波50ETF南方
2024-12-27,1.361,1.364,1.365,1.349,1273658.0,515450,sh,红利低波50ETF南方
2024-12-30,1.363,1.371,1.374,1.363,590561.0,515450,sh,红利低波50ETF南方
2024-12-31,1.373,1.363,1.379,1.362,963848.0,515450,sh,红利低波50ETF南方
2025-01-02,1.367,1.334,1.37,1.326,1541804.0,515450,sh,红利低波50ETF南方
2025-01-03,1.336,1.32,1.338,1.317,1444183.0,515450,sh,红利低波50ETF南方
2025-01-06,1.324,1.321,1.324,1.305,861445.0,515450,sh,红利低波50ETF南方
2025-01-07,1.321,1.323,1.323,1.309,567170.0,515450,sh,红利低波50ETF南方
2025-01-08,1.321,1.327,1.332,1.31,1130289.0,515450,sh,红利低波50ETF南方
2025-01-09,1.326,1.315,1.326,1.313,849134.0,515450,sh,红利低波50ETF南方
2025-01-10,1.315,1.297,1.317,1.296,794814.0,515450,sh,红利低波50ETF南方
2025-01-13,1.29,1.28,1.295,1.273,1294260.0,515450,sh,红利低波50ETF南方
2025-01-14,1.282,1.304,1.308,1.282,714347.0,515450,sh,红利低波50ETF南方
2025-01-15,1.305,1.306,1.317,1.3,312020.0,515450,sh,红利低波50ETF南方
2025-01-16,1.311,1.313,1.318,1.306,498036.0,515450,sh,红利低波50ETF南方
2025-01-17,1.312,1.313,1.318,1.302,634488.0,515450,sh,红利低波50ETF南方
2025-01-20,1.318,1.31,1.32,1.308,518381.0,515450,sh,红利低波50ETF南方
2025-01-21,1.311,1.303,1.313,1.298,555779.0,515450,sh,红利低波50ETF南方
2025-01-22,1.298,1.289,1.303,1.284,556665.0,515450,sh,红利低波50ETF南方
2025-01-23,1.295,1.308,1.314,1.295,606699.0,515450,sh,红利低波50ETF南方
2025-01-24,1.309,1.316,1.319,1.299,529116.0,515450,sh,红利低波50ETF南方
2025-01-27,1.313,1.33,1.334,1.313,464912.0,515450,sh,红利低波50ETF南方
2025-02-05,1.335,1.304,1.336,1.302,958662.0,515450,sh,红利低波50ETF南方
2025-02-06,1.302,1.305,1.309,1.295,1147750.0,515450,sh,红利低波50ETF南方
2025-02-07,1.302,1.309,1.311,1.297,1195645.0,515450,sh,红利低波50ETF南方
2025-02-10,1.309,1.308,1.314,1.305,648101.0,515450,sh,红利低波50ETF南方
2025-02-11,1.308,1.314,1.315,1.308,936149.0,515450,sh,红利低波50ETF南方
2025-02-12,1.314,1.311,1.314,1.304,624013.0,515450,sh,红利低波50ETF南方
2025-02-13,1.31,1.309,1.318,1.308,770160.0,515450,sh,红利低波50ETF南方
2025-02-14,1.309,1.317,1.318,1.306,750386.0,515450,sh,红利低波50ETF南方
2025-02-17,1.317,1.314,1.318,1.306,724077.0,515450,sh,红利低波50ETF南方
2025-02-18,1.314,1.319,1.326,1.312,854460.0,515450,sh,红利低波50ETF南方
2025-02-19,1.318,1.314,1.318,1.31,623591.0,515450,sh,红利低波50ETF南方
2025-02-20,1.314,1.309,1.316,1.305,566355.0,515450,sh,红利低波50ETF南方
2025-02-21,1.31,1.302,1.31,1.298,586041.0,515450,sh,红利低波50ETF南方
2025-02-24,1.302,1.301,1.306,1.298,418890.0,515450,sh,红利低波50ETF南方
2025-02-25,1.301,1.29,1.301,1.288,1026842.0,515450,sh,红利低波50ETF南方
2025-02-26,1.294,1.3,1.301,1.291,581476.0,515450,sh,红利低波50ETF南方
2025-02-27,1.3,1.314,1.321,1.298,638048.0,515450,sh,红利低波50ETF南方
2025-02-28,1.311,1.306,1.32,1.305,782567.0,515450,sh,红利低波50ETF南方
2025-03-03,1.309,1.305,1.312,1.291,752666.0,515450,sh,红利低波50ETF南方
2025-03-04,1.306,1.302,1.306,1.298,461637.0,515450,sh,红利低波50ETF南方
2025-03-05,1.302,1.309,1.312,1.3,859878.0,515450,sh,红利低波50ETF南方
2025-03-06,1.31,1.307,1.313,1.301,717581.0,515450,sh,红利低波50ETF南方
2025-03-07,1.307,1.306,1.31,1.303,570878.0,515450,sh,红利低波50ETF南方
2025-03-10,1.308,1.3,1.308,1.296,410500.0,515450,sh,红利低波50ETF南方
2025-03-11,1.3,1.305,1.306,1.292,540876.0,515450,sh,红利低波50ETF南方
2025-03-12,1.303,1.3,1.306,1.299,369198.0,515450,sh,红利低波50ETF南方
2025-03-13,1.3,1.305,1.31,1.299,641875.0,515450,sh,红利低波50ETF南方
2025-03-14,1.307,1.321,1.322,1.307,699878.0,515450,sh,红利低波50ETF南方
2025-03-17,1.323,1.321,1.324,1.32,790122.0,515450,sh,红利低波50ETF南方
2025-03-18,1.322,1.318,1.322,1.315,588178.0,515450,sh,红利低波50ETF南方
2025-03-19,1.318,1.325,1.326,1.316,508226.0,515450,sh,红利低波50ETF南方
2025-03-20,1.325,1.317,1.326,1.315,575577.0,515450,sh,红利低波50ETF南方
2025-03-21,1.315,1.317,1.327,1.312,441036.0,515450,sh,红利低波50ETF南方
2025-03-24,1.318,1.326,1.327,1.316,775238.0,515450,sh,红利低波50ETF南方
2025-03-25,1.326,1.336,1.337,1.324,753304.0,515450,sh,红利低波50ETF南方
2025-03-26,1.332,1.331,1.335,1.327,540970.0,515450,sh,红利低波50ETF南方
2025-03-27,1.328,1.335,1.339,1.328,728278.0,515450,sh,红利低波50ETF南方
2025-03-28,1.336,1.334,1.337,1.331,919867.0,515450,sh,红利低波50ETF南方
2025-03-31,1.337,1.339,1.349,1.333,856081.0,515450,sh,红利低波50ETF南方
2025-04-01,1.339,1.344,1.345,1.334,1232898.0,515450,sh,红利低波50ETF南方
2025-04-02,1.341,1.348,1.35,1.341,898340.0,515450,sh,红利低波50ETF南方
2025-04-03,1.344,1.35,1.352,1.336,646981.0,515450,sh,红利低波50ETF南方
2025-04-07,1.331,1.287,1.334,1.254,1397487.0,515450,sh,红利低波50ETF南方
2025-04-08,1.285,1.317,1.319,1.285,1249535.0,515450,sh,红利低波50ETF南方
2025-04-09,1.309,1.313,1.318,1.291,1545063.0,515450,sh,红利低波50ETF南方
2025-04-10,1.32,1.321,1.324,1.311,1451953.0,515450,sh,红利低波50ETF南方
2025-04-11,1.317,1.314,1.32,1.306,745115.0,515450,sh,红利低波50ETF南方
2025-04-14,1.319,1.319,1.32,1.312,384881.0,515450,sh,红利低波50ETF南方
2025-04-15,1.32,1.33,1.331,1.317,650412.0,515450,sh,红利低波50ETF南方
2025-04-16,1.325,1.343,1.345,1.325,821064.0,515450,sh,红利低波50ETF南方
2025-04-17,1.34,1.343,1.344,1.335,545546.0,515450,sh,红利低波50ETF南方
2025-04-18,1.339,1.345,1.347,1.339,768254.0,515450,sh,红利低波50ETF南方
2025-04-21,1.345,1.34,1.351,1.338,594029.0,515450,sh,红利低波50ETF南方
2025-04-22,1.339,1.344,1.349,1.338,498140.0,515450,sh,红利低波50ETF南方
2025-04-23,1.348,1.336,1.348,1.335,664390.0,515450,sh,红利低波50ETF南方
2025-04-24,1.336,1.344,1.346,1.334,660795.0,515450,sh,红利低波50ETF南方
2025-04-25,1.344,1.339,1.347,1.335,704692.0,515450,sh,红利低波50ETF南方
2025-04-28,1.344,1.351,1.353,1.34,558909.0,515450,sh,红利低波50ETF南方
2025-04-29,1.345,1.345,1.35,1.341,519608.0,515450,sh,红利低波50ETF南方
2025-04-30,1.343,1.331,1.345,1.329,1128475.0,515450,sh,红利低波50ETF南方
2025-05-06,1.331,1.329,1.334,1.321,1342098.0,515450,sh,红利低波50ETF南方
2025-05-07,1.332,1.34,1.341,1.331,548878.0,515450,sh,红利低波50ETF南方
2025-05-08,1.34,1.344,1.346,1.337,648629.0,515450,sh,红利低波50ETF南方
2025-05-09,1.345,1.353,1.354,1.344,960714.0,515450,sh,红利低波50ETF南方
2025-05-12,1.351,1.354,1.358,1.348,688036.0,515450,sh,红利低波50ETF南方
2025-05-13,1.354,1.362,1.364,1.353,616485.0,515450,sh,红利低波50ETF南方
2025-05-14,1.362,1.369,1.369,1.356,1080625.0,515450,sh,红利低波50ETF南方
2025-05-15,1.369,1.364,1.373,1.364,611576.0,515450,sh,红利低波50ETF南方
2025-05-16,1.364,1.357,1.365,1.349,585957.0,515450,sh,红利低波50ETF南方
2025-05-19,1.358,1.363,1.364,1.358,806273.0,515450,sh,红利低波50ETF南方
2025-05-20,1.365,1.368,1.37,1.363,583703.0,515450,sh,红利低波50ETF南方
2025-05-21,1.365,1.377,1.38,1.365,703246.0,515450,sh,红利低波50ETF南方
2025-05-22,1.375,1.38,1.381,1.371,550389.0,515450,sh,红利低波50ETF南方
2025-05-23,1.382,1.369,1.388,1.368,781416.0,515450,sh,红利低波50ETF南方
2025-05-26,1.365,1.36,1.371,1.357,1197853.0,515450,sh,红利低波50ETF南方
2025-05-27,1.36,1.362,1.366,1.358,913705.0,515450,sh,红利低波50ETF南方
2025-05-28,1.362,1.365,1.367,1.36,767151.0,515450,sh,红利低波50ETF南方
2025-05-29,1.368,1.364,1.368,1.362,950051.0,515450,sh,红利低波50ETF南方
2025-05-30,1.364,1.373,1.374,1.363,1123514.0,515450,sh,红利低波50ETF南方
2025-06-03,1.368,1.376,1.379,1.363,649495.0,515450,sh,红利低波50ETF南方
2025-06-04,1.376,1.381,1.382,1.375,615791.0,515450,sh,红利低波50ETF南方
2025-06-05,1.382,1.372,1.384,1.369,702696.0,515450,sh,红利低波50ETF南方
2025-06-06,1.372,1.373,1.376,1.371,1429651.0,515450,sh,红利低波50ETF南方
2025-06-09,1.372,1.375,1.376,1.369,887016.0,515450,sh,红利低波50ETF南方
2025-06-10,1.375,1.376,1.386,1.371,980456.0,515450,sh,红利低波50ETF南方
2025-06-11,1.376,1.381,1.382,1.375,1026439.0,515450,sh,红利低波50ETF南方
2025-06-12,1.379,1.38,1.381,1.373,602861.0,515450,sh,红利低波50ETF南方
2025-06-13,1.378,1.373,1.381,1.37,1323222.0,515450,sh,红利低波50ETF南方
2025-06-16,1.372,1.375,1.377,1.369,1911702.0,515450,sh,红利低波50ETF南方
2025-06-17,1.375,1.375,1.381,1.372,800580.0,515450,sh,红利低波50ETF南方
2025-06-18,1.375,1.379,1.38,1.372,805123.0,515450,sh,红利低波50ETF南方
2025-06-19,1.378,1.375,1.379,1.37,849707.0,515450,sh,红利低波50ETF南方
2025-06-20,1.372,1.386,1.387,1.372,1182309.0,515450,sh,红利低波50ETF南方
2025-06-23,1.384,1.388,1.389,1.373,987839.0,515450,sh,红利低波50ETF南方
2025-06-24,1.384,1.39,1.393,1.383,1205696.0,515450,sh,红利低波50ETF南方
2025-06-25,1.39,1.396,1.398,1.384,1291660.0,515450,sh,红利低波50ETF南方
2025-06-26,1.394,1.401,1.403,1.393,784931.0,515450,sh,红利低波50ETF南方
2025-06-27,1.398,1.387,1.408,1.383,1195824.0,515450,sh,红利低波50ETF南方
2025-06-30,1.387,1.385,1.388,1.379,2020896.0,515450,sh,红利低波50ETF南方
2025-07-01,1.385,1.393,1.394,1.385,1082162.0,515450,sh,红利低波50ETF南方
2025-07-02,1.393,1.406,1.407,1.393,1256332.0,515450,sh,红利低波50ETF南方
2025-07-03,1.408,1.406,1.411,1.401,991496.0,515450,sh,红利低波50ETF南方
2025-07-04,1.407,1.42,1.424,1.406,1111942.0,515450,sh,红利低波50ETF南方
2025-07-07,1.42,1.421,1.421,1.413,728777.0,515450,sh,红利低波50ETF南方
2025-07-08,1.42,1.417,1.425,1.413,1217992.0,515450,sh,红利低波50ETF南方
2025-07-09,1.418,1.427,1.428,1.418,1773120.0,515450,sh,红利低波50ETF南方
2025-07-10,1.423,1.434,1.438,1.423,1575279.0,515450,sh,红利低波50ETF南方
2025-07-11,1.434,1.425,1.443,1.423,2106484.0,515450,sh,红利低波50ETF南方
2025-07-14,1.425,1.432,1.439,1.424,3184370.0,515450,sh,红利低波50ETF南方
2025-07-15,1.436,1.423,1.436,1.417,3159351.0,515450,sh,红利低波50ETF南方
2025-07-16,1.424,1.418,1.424,1.412,2025016.0,515450,sh,红利低波50ETF南方
2025-07-17,1.419,1.418,1.423,1.414,3488942.0,515450,sh,红利低波50ETF南方
2025-07-18,1.418,1.424,1.425,1.418,1205137.0,515450,sh,红利低波50ETF南方
2025-07-21,1.425,1.432,1.433,1.425,1224642.0,515450,sh,红利低波50ETF南方
2025-07-22,1.433,1.445,1.446,1.425,1575976.0,515450,sh,红利低波50ETF南方
2025-07-23,1.443,1.441,1.452,1.438,1151383.0,515450,sh,红利低波50ETF南方
2025-07-24,1.442,1.435,1.442,1.431,1444615.0,515450,sh,红利低波50ETF南方
2025-07-25,1.431,1.426,1.436,1.423,1394113.0,515450,sh,红利低波50ETF南方
2025-07-28,1.425,1.42,1.427,1.417,1880276.0,515450,sh,红利低波50ETF南方
2025-07-29,1.418,1.412,1.421,1.408,1802109.0,515450,sh,红利低波50ETF南方
2025-07-30,1.412,1.421,1.429,1.411,920715.0,515450,sh,红利低波50ETF南方
2025-07-31,1.42,1.4,1.42,1.396,1494019.0,515450,sh,红利低波50ETF南方
2025-08-01,1.4,1.398,1.404,1.393,1082893.0,515450,sh,红利低波50ETF南方
2025-08-04,1.394,1.403,1.403,1.393,1410553.0,515450,sh,红利低波50ETF南方
2025-08-05,1.402,1.413,1.416,1.401,1242400.0,515450,sh,红利低波50ETF南方
2025-08-06,1.413,1.415,1.418,1.411,650932.0,515450,sh,红利低波50ETF南方
2025-08-07,1.415,1.419,1.42,1.413,767088.0,515450,sh,红利低波50ETF南方
2025-08-08,1.415,1.422,1.425,1.415,549684.0,515450,sh,红利低波50ETF南方
2025-08-11,1.423,1.412,1.423,1.411,1570966.0,515450,sh,红利低波50ETF南方
2025-08-12,1.412,1.416,1.423,1.411,924775.0,515450,sh,红利低波50ETF南方
2025-08-13,1.416,1.41,1.419,1.407,1251898.0,515450,sh,红利低波50ETF南方
2025-08-14,1.41,1.406,1.416,1.403,1154461.0,515450,sh,红利低波50ETF南方
2025-08-15,1.406,1.402,1.406,1.391,1602242.0,515450,sh,红利低波50ETF南方
2025-08-18,1.405,1.398,1.405,1.395,1426429.0,515450,sh,红利低波50ETF南方
2025-08-19,1.398,1.398,1.4,1.396,1458405.0,515450,sh,红利低波50ETF南方
2025-08-20,1.396,1.407,1.409,1.39,1453952.0,515450,sh,红利低波50ETF南方
2025-08-21,1.408,1.415,1.416,1.403,873081.0,515450,sh,红利低波50ETF南方
2025-08-22,1.415,1.413,1.416,1.402,1057907.0,515450,sh,红利低波50ETF南方
2025-08-25,1.413,1.427,1.428,1.41,1336490.0,515450,sh,红利低波50ETF南方
2025-08-26,1.424,1.421,1.427,1.42,833325.0,515450,sh,红利低波50ETF南方
2025-08-27,1.424,1.397,1.424,1.395,1348415.0,515450,sh,红利低波50ETF南方
2025-08-28,1.397,1.394,1.401,1.382,1010071.0,515450,sh,红利低波50ETF南方
2025-08-29,1.395,1.393,1.412,1.392,1228381.0,515450,sh,红利低波50ETF南方
2025-09-01,1.393,1.388,1.401,1.385,1439292.0,515450,sh,红利低波50ETF南方
2025-09-02,1.387,1.396,1.396,1.386,1333970.0,515450,sh,红利低波50ETF南方
2025-09-03,1.394,1.382,1.399,1.38,780078.0,515450,sh,红利低波50ETF南方
2025-09-04,1.381,1.385,1.388,1.369,1270026.0,515450,sh,红利低波50ETF南方
2025-09-05,1.386,1.384,1.386,1.376,737024.0,515450,sh,红利低波50ETF南方
2025-09-08,1.385,1.39,1.391,1.378,865780.0,515450,sh,红利低波50ETF南方
2025-09-09,1.389,1.393,1.393,1.386,908844.0,515450,sh,红利低波50ETF南方
2025-09-10,1.394,1.39,1.394,1.385,626020.0,515450,sh,红利低波50ETF南方
2025-09-11,1.389,1.397,1.398,1.383,927997.0,515450,sh,红利低波50ETF南方
2025-09-12,1.397,1.387,1.4,1.384,1105541.0,515450,sh,红利低波50ETF南方
2025-09-15,1.385,1.377,1.387,1.376,1110915.0,515450,sh,红利低波50ETF南方
2025-09-16,1.377,1.37,1.38,1.369,1007365.0,515450,sh,红利低波50ETF南方
2025-09-17,1.369,1.375,1.377,1.367,790540.0,515450,sh,红利低波50ETF南方
2025-09-18,1.374,1.355,1.374,1.35,1695240.0,515450,sh,红利低波50ETF南方
2025-09-19,1.354,1.359,1.36,1.348,1062655.0,515450,sh,红利低波50ETF南方
2025-09-22,1.359,1.349,1.359,1.345,760551.0,515450,sh,红利低波50ETF南方
2025-09-23,1.349,1.355,1.359,1.342,1961001.0,515450,sh,红利低波50ETF南方
2025-09-24,1.355,1.364,1.365,1.352,1335582.0,515450,sh,红利低波50ETF南方
2025-09-25,1.364,1.365,1.367,1.359,1438468.0,515450,sh,红利低波50ETF南方
2025-09-26,1.366,1.366,1.37,1.361,833627.0,515450,sh,红利低波50ETF南方
2025-09-29,1.367,1.365,1.372,1.356,1158079.0,515450,sh,红利低波50ETF南方
2025-09-30,1.361,1.357,1.363,1.357,554307.0,515450,sh,红利低波50ETF南方
2025-10-09,1.357,1.371,1.372,1.354,1122974.0,515450,sh,红利低波50ETF南方
2025-10-10,1.37,1.388,1.393,1.366,1673409.0,515450,sh,红利低波50ETF南方
2025-10-13,1.378,1.383,1.384,1.361,1258146.0,515450,sh,红利低波50ETF南方
2025-10-14,1.382,1.396,1.397,1.376,1887907.0,515450,sh,红利低波50ETF南方
2025-10-15,1.396,1.401,1.403,1.393,1331351.0,515450,sh,红利低波50ETF南方
2025-10-16,1.401,1.41,1.411,1.4,1053159.0,515450,sh,红利低波50ETF南方
2025-10-17,1.408,1.404,1.419,1.4,1463262.0,515450,sh,红利低波50ETF南方
2025-10-20,1.403,1.407,1.407,1.392,1505656.0,515450,sh,红利低波50ETF南方
2025-10-21,1.404,1.404,1.41,1.401,1255377.0,515450,sh,红利低波50ETF南方
2025-10-22,1.403,1.414,1.416,1.402,939470.0,515450,sh,红利低波50ETF南方
2025-10-23,1.415,1.42,1.423,1.41,1654265.0,515450,sh,红利低波50ETF南方
2025-10-24,1.42,1.415,1.423,1.414,1055130.0,515450,sh,红利低波50ETF南方
2025-10-27,1.415,1.424,1.429,1.411,1207442.0,515450,sh,红利低波50ETF南方
2025-10-28,1.423,1.415,1.426,1.414,1922952.0,515450,sh,红利低波50ETF南方
2025-10-29,1.418,1.411,1.418,1.403,912357.0,515450,sh,红利低波50ETF南方
2025-10-30,1.41,1.421,1.428,1.41,1319957.0,515450,sh,红利低波50ETF南方
2025-10-31,1.419,1.417,1.422,1.41,802533.0,515450,sh,红利低波50ETF南方
2025-11-03,1.416,1.429,1.429,1.416,855692.0,515450,sh,红利低波50ETF南方
2025-11-04,1.428,1.434,1.441,1.427,938641.0,515450,sh,红利低波50ETF南方
2025-11-05,1.43,1.43,1.435,1.422,1234761.0,515450,sh,红利低波50ETF南方
2025-11-06,1.425,1.441,1.445,1.425,996969.0,515450,sh,红利低波50ETF南方
2025-11-07,1.44,1.442,1.448,1.439,906849.0,515450,sh,红利低波50ETF南方
2025-11-10,1.443,1.455,1.456,1.438,879371.0,515450,sh,红利低波50ETF南方
2025-11-11,1.454,1.451,1.455,1.445,697889.0,515450,sh,红利低波50ETF南方
2025-11-12,1.453,1.46,1.465,1.451,1012834.0,515450,sh,红利低波50ETF南方
2025-11-13,1.461,1.455,1.461,1.445,1023145.0,515450,sh,红利低波50ETF南方
2025-11-14,1.455,1.45,1.462,1.448,1152379.0,515450,sh,红利低波50ETF南方
2025-11-17,1.447,1.437,1.449,1.435,1269249.0,515450,sh,红利低波50ETF南方
2025-11-18,1.441,1.431,1.442,1.426,1645479.0,515450,sh,红利低波50ETF南方
2025-11-19,1.431,1.44,1.443,1.43,1038982.0,515450,sh,红利低波50ETF南方
2025-11-20,1.437,1.444,1.453,1.435,1148122.0,515450,sh,红利低波50ETF南方
2025-11-21,1.439,1.425,1.445,1.423,1521068.0,515450,sh,红利低波50ETF南方
2025-11-24,1.425,1.416,1.43,1.416,1144851.0,515450,sh,红利低波50ETF南方
2025-11-25,1.416,1.424,1.425,1.411,1741534.0,515450,sh,红利低波50ETF南方
2025-11-26,1.424,1.419,1.429,1.415,1226164.0,515450,sh,红利低波50ETF南方
2025-11-27,1.419,1.423,1.427,1.413,1052768.0,515450,sh,红利低波50ETF南方
2025-11-28,1.42,1.418,1.423,1.416,1003382.0,515450,sh,红利低波50ETF南方
2025-12-01,1.419,1.427,1.427,1.418,1115710.0,515450,sh,红利低波50ETF南方
2025-12-02,1.427,1.429,1.431,1.424,883304.0,515450,sh,红利低波50ETF南方
2025-12-03,1.429,1.432,1.438,1.425,857442.0,515450,sh,红利低波50ETF南方
2025-12-04,1.43,1.425,1.434,1.422,709076.0,515450,sh,红利低波50ETF南方
2025-12-05,1.426,1.423,1.428,1.416,803225.0,515450,sh,红利低波50ETF南方
2025-12-08,1.425,1.416,1.427,1.41,1175618.0,515450,sh,红利低波50ETF南方
2025-12-09,1.417,1.405,1.418,1.401,1161718.0,515450,sh,红利低波50ETF南方
2025-12-10,1.405,1.401,1.406,1.396,1601816.0,515450,sh,红利低波50ETF南方
2025-12-11,1.403,1.395,1.404,1.393,857390.0,515450,sh,红利低波50ETF南方
2025-12-12,1.396,1.393,1.396,1.389,1224084.0,515450,sh,红利低波50ETF南方
2025-12-15,1.395,1.395,1.4,1.389,1034121.0,515450,sh,红利低波50ETF南方
2025-12-16,1.394,1.39,1.397,1.387,1620599.0,515450,sh,红利低波50ETF南方
2025-12-17,1.392,1.397,1.399,1.384,1356424.0,515450,sh,红利低波50ETF南方
2025-12-18,1.396,1.405,1.407,1.391,854340.0,515450,sh,红利低波50ETF南方
2025-12-19,1.405,1.406,1.41,1.4,1323772.0,515450,sh,红利低波50ETF南方
2025-12-22,1.407,1.401,1.408,1.399,1319212.0,515450,sh,红利低波50ETF南方
2025-12-23,1.401,1.402,1.407,1.399,707148.0,515450,sh,红利低波50ETF南方
2025-12-24,1.401,1.402,1.402,1.395,712126.0,515450,sh,红利低波50ETF南方
2025-12-25,1.403,1.403,1.407,1.4,960778.0,515450,sh,红利低波50ETF南方
2025-12-26,1.404,1.401,1.404,1.397,801306.0,515450,sh,红利低波50ETF南方
2025-12-29,1.399,1.398,1.405,1.398,899061.0,515450,sh,红利低波50ETF南方
2025-12-30,1.398,1.395,1.398,1.39,827317.0,515450,sh,红利低波50ETF南方
2025-12-31,1.394,1.401,1.401,1.394,758570.0,515450,sh,红利低波50ETF南方
2026-01-05,1.404,1.398,1.405,1.395,1410326.0,515450,sh,红利低波50ETF南方
2026-01-06,1.397,1.408,1.408,1.394,1296189.0,515450,sh,红利低波50ETF南方
2026-01-07,1.406,1.412,1.415,1.406,1244084.0,515450,sh,红利低波50ETF南方
2026-01-08,1.412,1.408,1.412,1.404,641038.0,515450,sh,红利低波50ETF南方
2026-01-09,1.408,1.414,1.415,1.406,837016.0,515450,sh,红利低波50ETF南方
2026-01-12,1.414,1.413,1.414,1.407,506788.0,515450,sh,红利低波50ETF南方
2026-01-13,1.413,1.412,1.421,1.41,870292.0,515450,sh,红利低波50ETF南方
2026-01-14,1.411,1.402,1.416,1.401,1102981.0,515450,sh,红利低波50ETF南方
2026-01-15,1.398,1.395,1.404,1.392,1175792.0,515450,sh,红利低波50ETF南方
2026-01-16,1.396,1.39,1.4,1.385,1201585.0,515450,sh,红利低波50ETF南方
2026-01-19,1.385,1.392,1.395,1.385,958472.0,515450,sh,红利低波50ETF南方
2026-01-20,1.393,1.415,1.416,1.391,1815068.0,515450,sh,红利低波50ETF南方
2026-01-21,1.416,1.404,1.416,1.401,1177140.0,515450,sh,红利低波50ETF南方
2026-01-22,1.403,1.405,1.41,1.403,1068125.0,515450,sh,红利低波50ETF南方
2026-01-23,1.403,1.399,1.406,1.397,984599.0,515450,sh,红利低波50ETF南方
2026-01-26,1.399,1.404,1.407,1.392,1121875.0,515450,sh,红利低波50ETF南方
2026-01-27,1.402,1.391,1.404,1.39,983252.0,515450,sh,红利低波50ETF南方
2026-01-28,1.391,1.405,1.413,1.39,1303136.0,515450,sh,红利低波50ETF南方
2026-01-29,1.404,1.425,1.426,1.399,1738319.0,515450,sh,红利低波50ETF南方
2026-01-30,1.425,1.412,1.428,1.408,1134597.0,515450,sh,红利低波50ETF南方
2026-02-02,1.407,1.399,1.418,1.396,2552661.0,515450,sh,红利低波50ETF南方
2026-02-03,1.399,1.392,1.409,1.384,1550557.0,515450,sh,红利低波50ETF南方
2026-02-04,1.389,1.413,1.414,1.389,1221951.0,515450,sh,红利低波50ETF南方
2026-02-05,1.414,1.422,1.425,1.411,1188283.0,515450,sh,红利低波50ETF南方
2026-02-06,1.423,1.418,1.423,1.412,820945.0,515450,sh,红利低波50ETF南方
2026-02-09,1.42,1.427,1.427,1.418,801151.0,515450,sh,红利低波50ETF南方
2026-02-10,1.426,1.428,1.429,1.423,684689.0,515450,sh,红利低波50ETF南方
2026-02-11,1.426,1.431,1.432,1.422,508512.0,515450,sh,红利低波50ETF南方
2026-02-12,1.43,1.421,1.431,1.42,802519.0,515450,sh,红利低波50ETF南方
2026-02-13,1.423,1.41,1.423,1.407,1370387.0,515450,sh,红利低波50ETF南方
2026-02-24,1.414,1.416,1.42,1.412,1108865.0,515450,sh,红利低波50ETF南方
2026-02-25,1.417,1.41,1.426,1.409,1228559.0,515450,sh,红利低波50ETF南方
2026-02-26,1.413,1.411,1.42,1.407,763373.0,515450,sh,红利低波50ETF南方
2026-02-27,1.41,1.417,1.42,1.409,784508.0,515450,sh,红利低波50ETF南方
2026-03-02,1.417,1.429,1.431,1.41,1223980.0,515450,sh,红利低波50ETF南方
2026-03-03,1.426,1.436,1.45,1.426,1382237.0,515450,sh,红利低波50ETF南方
2026-03-04,1.436,1.42,1.436,1.412,1366211.0,515450,sh,红利低波50ETF南方
2026-03-05,1.423,1.423,1.427,1.415,810218.0,515450,sh,红利低波50ETF南方
2026-03-06,1.424,1.432,1.433,1.419,913930.0,515450,sh,红利低波50ETF南方
2026-03-09,1.437,1.43,1.44,1.429,994164.0,515450,sh,红利低波50ETF南方
2026-03-10,1.427,1.428,1.431,1.419,813602.0,515450,sh,红利低波50ETF南方
2026-03-11,1.429,1.446,1.45,1.421,1155679.0,515450,sh,红利低波50ETF南方
2026-03-12,1.445,1.455,1.458,1.443,1326313.0,515450,sh,红利低波50ETF南方
2026-03-13,1.455,1.457,1.466,1.452,1255129.0,515450,sh,红利低波50ETF南方
2026-03-16,1.457,1.461,1.464,1.452,1310420.0,515450,sh,红利低波50ETF南方
2026-03-17,1.458,1.466,1.469,1.458,1070953.0,515450,sh,红利低波50ETF南方
2026-03-18,1.464,1.457,1.469,1.448,2048892.0,515450,sh,红利低波50ETF南方
2026-03-19,1.452,1.456,1.463,1.449,1357699.0,515450,sh,红利低波50ETF南方
2026-03-20,1.454,1.443,1.459,1.441,1555590.0,515450,sh,红利低波50ETF南方
2026-03-23,1.437,1.401,1.44,1.397,2063571.0,515450,sh,红利低波50ETF南方
2026-03-24,1.409,1.429,1.432,1.404,1756845.0,515450,sh,红利低波50ETF南方
2026-03-25,1.43,1.435,1.437,1.414,1641070.0,515450,sh,红利低波50ETF南方
2026-03-26,1.434,1.436,1.443,1.434,1012920.0,515450,sh,红利低波50ETF南方
2026-03-27,1.435,1.435,1.44,1.428,1104269.0,515450,sh,红利低波50ETF南方
2026-03-30,1.427,1.437,1.438,1.425,1074509.0,515450,sh,红利低波50ETF南方
2026-03-31,1.437,1.437,1.449,1.435,1241087.0,515450,sh,红利低波50ETF南方
2026-04-01,1.439,1.44,1.444,1.436,1334307.0,515450,sh,红利低波50ETF南方
2026-04-02,1.438,1.445,1.445,1.436,905940.0,515450,sh,红利低波50ETF南方
2026-04-03,1.445,1.428,1.445,1.424,980261.0,515450,sh,红利低波50ETF南方
2026-04-07,1.429,1.419,1.429,1.415,1586756.0,515450,sh,红利低波50ETF南方
2026-04-08,1.423,1.43,1.431,1.418,1527449.0,515450,sh,红利低波50ETF南方
2026-04-09,1.425,1.419,1.43,1.418,970096.0,515450,sh,红利低波50ETF南方
2026-04-10,1.42,1.418,1.421,1.416,1455706.0,515450,sh,红利低波50ETF南方
2026-04-13,1.417,1.411,1.418,1.407,1163525.0,515450,sh,红利低波50ETF南方
2026-04-14,1.413,1.415,1.416,1.4,1323060.0,515450,sh,红利低波50ETF南方
2026-04-15,1.415,1.424,1.425,1.415,922186.0,515450,sh,红利低波50ETF南方
2026-04-16,1.424,1.426,1.43,1.422,804347.0,515450,sh,红利低波50ETF南方
2026-04-17,1.421,1.419,1.425,1.419,664649.0,515450,sh,红利低波50ETF南方
2026-04-20,1.419,1.423,1.424,1.416,811901.0,515450,sh,红利低波50ETF南方
2026-04-21,1.423,1.437,1.438,1.423,910134.0,515450,sh,红利低波50ETF南方
2026-04-22,1.433,1.43,1.434,1.428,734154.0,515450,sh,红利低波50ETF南方
2026-04-23,1.43,1.439,1.44,1.428,1103827.0,515450,sh,红利低波50ETF南方
2026-04-24,1.437,1.439,1.44,1.431,616059.0,515450,sh,红利低波50ETF南方
2026-04-27,1.438,1.433,1.441,1.431,729391.0,515450,sh,红利低波50ETF南方
2026-04-28,1.433,1.441,1.442,1.429,2143288.0,515450,sh,红利低波50ETF南方
2026-04-29,1.441,1.445,1.45,1.439,824589.0,515450,sh,红利低波50ETF南方
2026-04-30,1.444,1.441,1.448,1.437,1105537.0,515450,sh,红利低波50ETF南方
2026-05-06,1.438,1.436,1.44,1.425,1458380.0,515450,sh,红利低波50ETF南方
2026-05-07,1.436,1.431,1.437,1.429,2420396.0,515450,sh,红利低波50ETF南方
2026-05-08,1.431,1.429,1.437,1.427,1191930.0,515450,sh,红利低波50ETF南方
2026-05-11,1.427,1.437,1.438,1.423,1121959.0,515450,sh,红利低波50ETF南方
2026-05-12,1.437,1.437,1.443,1.434,1284063.0,515450,sh,红利低波50ETF南方
2026-05-13,1.438,1.432,1.44,1.428,874541.0,515450,sh,红利低波50ETF南方
2026-05-14,1.431,1.431,1.438,1.428,1486550.0,515450,sh,红利低波50ETF南方
2026-05-15,1.431,1.423,1.432,1.421,1670408.0,515450,sh,红利低波50ETF南方
2026-05-18,1.423,1.421,1.426,1.416,1522907.0,515450,sh,红利低波50ETF南方
2026-05-19,1.42,1.437,1.44,1.42,1624173.0,515450,sh,红利低波50ETF南方
2026-05-20,1.434,1.422,1.435,1.42,1552541.0,515450,sh,红利低波50ETF南方
2026-05-21,1.421,1.415,1.424,1.412,1513571.0,515450,sh,红利低波50ETF南方
2026-05-22,1.415,1.408,1.415,1.403,1226255.0,515450,sh,红利低波50ETF南方
2026-05-25,1.408,1.409,1.413,1.401,1092783.0,515450,sh,红利低波50ETF南方
2026-05-26,1.409,1.412,1.412,1.403,1010531.0,515450,sh,红利低波50ETF南方
2026-05-27,1.408,1.409,1.412,1.401,1149814.0,515450,sh,红利低波50ETF南方
2026-05-28,1.409,1.404,1.412,1.402,961138.0,515450,sh,红利低波50ETF南方
2026-05-29,1.402,1.43,1.432,1.4,1726874.0,515450,sh,红利低波50ETF南方
2026-06-01,1.43,1.446,1.446,1.422,2436808.0,515450,sh,红利低波50ETF南方
2026-06-02,1.443,1.443,1.457,1.439,2007215.0,515450,sh,红利低波50ETF南方
2026-06-03,1.443,1.432,1.443,1.421,1499655.0,515450,sh,红利低波50ETF南方
2026-06-04,1.429,1.417,1.434,1.413,1502364.0,515450,sh,红利低波50ETF南方
2026-06-05,1.417,1.416,1.43,1.414,1322457.0,515450,sh,红利低波50ETF南方
2026-06-08,1.412,1.41,1.416,1.404,1863577.0,515450,sh,红利低波50ETF南方
2026-06-09,1.41,1.413,1.417,1.406,1149947.0,515450,sh,红利低波50ETF南方
2026-06-10,1.413,1.422,1.422,1.41,1258029.0,515450,sh,红利低波50ETF南方
2026-06-11,1.423,1.418,1.424,1.412,1353772.0,515450,sh,红利低波50ETF南方
2026-06-12,1.413,1.43,1.43,1.411,1379765.0,515450,sh,红利低波50ETF南方
2026-06-15,1.428,1.416,1.43,1.411,1829026.0,515450,sh,红利低波50ETF南方
2026-06-16,1.416,1.4,1.417,1.396,3194277.0,515450,sh,红利低波50ETF南方
2026-06-17,1.399,1.389,1.402,1.385,2974806.0,515450,sh,红利低波50ETF南方
2026-06-18,1.384,1.361,1.387,1.353,3680605.0,515450,sh,红利低波50ETF南方
2026-06-22,1.355,1.364,1.368,1.33,2879604.0,515450,sh,红利低波50ETF南方
2026-06-23,1.362,1.362,1.381,1.361,2645106.0,515450,sh,红利低波50ETF南方
2026-06-24,1.368,1.344,1.368,1.341,1659067.0,515450,sh,红利低波50ETF南方
2026-06-25,1.337,1.334,1.349,1.332,1606081.0,515450,sh,红利低波50ETF南方
2026-06-26,1.334,1.32,1.336,1.315,1621390.0,515450,sh,红利低波50ETF南方
2026-06-29,1.317,1.335,1.335,1.3,1627734.0,515450,sh,红利低波50ETF南方
2026-06-30,1.329,1.31,1.331,1.305,1357761.0,515450,sh,红利低波50ETF南方
2026-07-01,1.306,1.327,1.333,1.306,2208839.0,515450,sh,红利低波50ETF南方
2026-07-02,1.333,1.345,1.35,1.33,1749817.0,515450,sh,红利低波50ETF南方
2026-07-03,1.35,1.347,1.356,1.337,2636240.0,515450,sh,红利低波50ETF南方
