date,open,close,high,low,volume,code,market,name
2020-01-02,2.666,2.696,2.708,2.657,881096.0,512500,sh,中证500ETF华夏
2020-01-03,2.7,2.703,2.715,2.693,733719.0,512500,sh,中证500ETF华夏
2020-01-06,2.695,2.73,2.761,2.694,1144176.0,512500,sh,中证500ETF华夏
2020-01-07,2.732,2.767,2.769,2.732,920537.0,512500,sh,中证500ETF华夏
2020-01-08,2.745,2.734,2.767,2.723,1065322.0,512500,sh,中证500ETF华夏
2020-01-09,2.755,2.765,2.767,2.745,1092139.0,512500,sh,中证500ETF华夏
2020-01-10,2.771,2.755,2.777,2.743,589256.0,512500,sh,中证500ETF华夏
2020-01-13,2.752,2.804,2.805,2.739,797174.0,512500,sh,中证500ETF华夏
2020-01-14,2.812,2.791,2.813,2.787,785339.0,512500,sh,中证500ETF华夏
2020-01-15,2.791,2.782,2.794,2.764,680518.0,512500,sh,中证500ETF华夏
2020-01-16,2.782,2.787,2.795,2.777,507052.0,512500,sh,中证500ETF华夏
2020-01-17,2.787,2.772,2.798,2.765,629817.0,512500,sh,中证500ETF华夏
2020-01-20,2.777,2.817,2.818,2.765,923463.0,512500,sh,中证500ETF华夏
2020-01-21,2.811,2.781,2.811,2.773,879622.0,512500,sh,中证500ETF华夏
2020-01-22,2.771,2.814,2.823,2.738,1489477.0,512500,sh,中证500ETF华夏
2020-01-23,2.774,2.708,2.795,2.686,1305711.0,512500,sh,中证500ETF华夏
2020-02-03,2.446,2.437,2.495,2.437,997781.0,512500,sh,中证500ETF华夏
2020-02-04,2.38,2.516,2.534,2.38,885071.0,512500,sh,中证500ETF华夏
2020-02-05,2.52,2.578,2.599,2.515,967176.0,512500,sh,中证500ETF华夏
2020-02-06,2.575,2.654,2.669,2.562,676635.0,512500,sh,中证500ETF华夏
2020-02-07,2.654,2.682,2.682,2.636,699516.0,512500,sh,中证500ETF华夏
2020-02-10,2.682,2.707,2.708,2.66,697847.0,512500,sh,中证500ETF华夏
2020-02-11,2.707,2.698,2.714,2.683,468283.0,512500,sh,中证500ETF华夏
2020-02-12,2.696,2.747,2.749,2.686,784219.0,512500,sh,中证500ETF华夏
2020-02-13,2.738,2.727,2.755,2.719,548518.0,512500,sh,中证500ETF华夏
2020-02-14,2.726,2.728,2.756,2.708,498155.0,512500,sh,中证500ETF华夏
2020-02-17,2.739,2.821,2.822,2.739,887564.0,512500,sh,中证500ETF华夏
2020-02-18,2.822,2.847,2.848,2.805,886676.0,512500,sh,中证500ETF华夏
2020-02-19,2.866,2.826,2.866,2.819,631224.0,512500,sh,中证500ETF华夏
2020-02-20,2.825,2.879,2.886,2.81,701856.0,512500,sh,中证500ETF华夏
2020-02-21,2.866,2.924,2.937,2.865,662434.0,512500,sh,中证500ETF华夏
2020-02-24,2.912,2.95,2.965,2.898,675049.0,512500,sh,中证500ETF华夏
2020-02-25,2.894,2.965,2.974,2.846,1098368.0,512500,sh,中证500ETF华夏
2020-02-26,2.938,2.899,2.956,2.89,1174579.0,512500,sh,中证500ETF华夏
2020-02-27,2.907,2.9,2.928,2.873,510639.0,512500,sh,中证500ETF华夏
2020-02-28,2.83,2.76,2.848,2.748,907955.0,512500,sh,中证500ETF华夏
2020-03-02,2.771,2.842,2.869,2.771,858684.0,512500,sh,中证500ETF华夏
2020-03-03,2.9,2.869,2.935,2.847,1109944.0,512500,sh,中证500ETF华夏
2020-03-04,2.871,2.876,2.879,2.82,613832.0,512500,sh,中证500ETF华夏
2020-03-05,2.919,2.92,2.93,2.884,633119.0,512500,sh,中证500ETF华夏
2020-03-06,2.896,2.901,2.92,2.886,460339.0,512500,sh,中证500ETF华夏
2020-03-09,2.876,2.788,2.876,2.788,1028154.0,512500,sh,中证500ETF华夏
2020-03-10,2.788,2.85,2.852,2.737,1205787.0,512500,sh,中证500ETF华夏
2020-03-11,2.856,2.814,2.87,2.814,1221461.0,512500,sh,中证500ETF华夏
2020-03-12,2.777,2.773,2.8,2.748,748908.0,512500,sh,中证500ETF华夏
2020-03-13,2.68,2.752,2.773,2.635,1200405.0,512500,sh,中证500ETF华夏
2020-03-16,2.763,2.623,2.763,2.618,962631.0,512500,sh,中证500ETF华夏
2020-03-17,2.643,2.624,2.69,2.55,1449004.0,512500,sh,中证500ETF华夏
2020-03-18,2.64,2.583,2.686,2.582,1051415.0,512500,sh,中证500ETF华夏
2020-03-19,2.585,2.601,2.619,2.527,1785833.0,512500,sh,中证500ETF华夏
2020-03-20,2.624,2.629,2.634,2.584,681400.0,512500,sh,中证500ETF华夏
2020-03-23,2.58,2.524,2.59,2.512,870532.0,512500,sh,中证500ETF华夏
2020-03-24,2.56,2.561,2.584,2.505,1155208.0,512500,sh,中证500ETF华夏
2020-03-25,2.613,2.626,2.637,2.595,992667.0,512500,sh,中证500ETF华夏
2020-03-26,2.614,2.599,2.63,2.598,674759.0,512500,sh,中证500ETF华夏
2020-03-27,2.622,2.591,2.636,2.589,1237725.0,512500,sh,中证500ETF华夏
2020-03-30,2.575,2.54,2.575,2.509,700213.0,512500,sh,中证500ETF华夏
2020-03-31,2.559,2.535,2.568,2.532,793994.0,512500,sh,中证500ETF华夏
2020-04-01,2.528,2.527,2.575,2.524,642570.0,512500,sh,中证500ETF华夏
2020-04-02,2.52,2.604,2.608,2.519,660873.0,512500,sh,中证500ETF华夏
2020-04-03,2.606,2.576,2.606,2.563,792868.0,512500,sh,中证500ETF华夏
2020-04-07,2.62,2.649,2.656,2.62,728903.0,512500,sh,中证500ETF华夏
2020-04-08,2.641,2.66,2.67,2.633,837541.0,512500,sh,中证500ETF华夏
2020-04-09,2.67,2.678,2.688,2.667,627580.0,512500,sh,中证500ETF华夏
2020-04-10,2.676,2.632,2.677,2.62,910467.0,512500,sh,中证500ETF华夏
2020-04-13,2.62,2.605,2.622,2.595,923690.0,512500,sh,中证500ETF华夏
2020-04-14,2.615,2.66,2.662,2.615,744217.0,512500,sh,中证500ETF华夏
2020-04-15,2.661,2.651,2.678,2.651,726107.0,512500,sh,中证500ETF华夏
2020-04-16,2.648,2.68,2.687,2.642,885930.0,512500,sh,中证500ETF华夏
2020-04-17,2.687,2.679,2.714,2.673,757873.0,512500,sh,中证500ETF华夏
2020-04-20,2.686,2.709,2.71,2.674,696663.0,512500,sh,中证500ETF华夏
2020-04-21,2.698,2.691,2.705,2.662,771800.0,512500,sh,中证500ETF华夏
2020-04-22,2.675,2.718,2.719,2.667,842817.0,512500,sh,中证500ETF华夏
2020-04-23,2.718,2.705,2.724,2.699,840844.0,512500,sh,中证500ETF华夏
2020-04-24,2.695,2.663,2.702,2.652,549295.0,512500,sh,中证500ETF华夏
2020-04-27,2.666,2.654,2.677,2.649,738105.0,512500,sh,中证500ETF华夏
2020-04-28,2.657,2.633,2.658,2.576,1301371.0,512500,sh,中证500ETF华夏
2020-04-29,2.624,2.64,2.656,2.62,661323.0,512500,sh,中证500ETF华夏
2020-04-30,2.648,2.707,2.714,2.648,915616.0,512500,sh,中证500ETF华夏
2020-05-06,2.68,2.747,2.753,2.68,871617.0,512500,sh,中证500ETF华夏
2020-05-07,2.747,2.746,2.756,2.732,1041451.0,512500,sh,中证500ETF华夏
2020-05-08,2.755,2.774,2.79,2.755,1027362.0,512500,sh,中证500ETF华夏
2020-05-11,2.775,2.768,2.801,2.757,634223.0,512500,sh,中证500ETF华夏
2020-05-12,2.768,2.777,2.782,2.748,826271.0,512500,sh,中证500ETF华夏
2020-05-13,2.777,2.791,2.795,2.761,753523.0,512500,sh,中证500ETF华夏
2020-05-14,2.788,2.774,2.789,2.769,1232005.0,512500,sh,中证500ETF华夏
2020-05-15,2.776,2.775,2.799,2.77,1090773.0,512500,sh,中证500ETF华夏
2020-05-18,2.775,2.762,2.791,2.757,693664.0,512500,sh,中证500ETF华夏
2020-05-19,2.775,2.797,2.797,2.775,685256.0,512500,sh,中证500ETF华夏
2020-05-20,2.798,2.776,2.798,2.765,792462.0,512500,sh,中证500ETF华夏
2020-05-21,2.775,2.739,2.783,2.737,595161.0,512500,sh,中证500ETF华夏
2020-05-22,2.738,2.697,2.741,2.685,868916.0,512500,sh,中证500ETF华夏
2020-05-25,2.697,2.683,2.701,2.673,679685.0,512500,sh,中证500ETF华夏
2020-05-26,2.695,2.735,2.739,2.695,956411.0,512500,sh,中证500ETF华夏
2020-05-27,2.735,2.718,2.737,2.708,798469.0,512500,sh,中证500ETF华夏
2020-05-28,2.718,2.703,2.726,2.675,645031.0,512500,sh,中证500ETF华夏
2020-05-29,2.7,2.73,2.736,2.693,723429.0,512500,sh,中证500ETF华夏
2020-06-01,2.741,2.821,2.823,2.741,644141.0,512500,sh,中证500ETF华夏
2020-06-02,2.823,2.817,2.836,2.805,570624.0,512500,sh,中证500ETF华夏
2020-06-03,2.819,2.816,2.841,2.814,705398.0,512500,sh,中证500ETF华夏
2020-06-04,2.817,2.818,2.828,2.803,500959.0,512500,sh,中证500ETF华夏
2020-06-05,2.817,2.827,2.827,2.804,769158.0,512500,sh,中证500ETF华夏
2020-06-08,2.833,2.821,2.849,2.815,852925.0,512500,sh,中证500ETF华夏
2020-06-09,2.821,2.836,2.841,2.813,1122095.0,512500,sh,中证500ETF华夏
2020-06-10,2.834,2.838,2.843,2.82,1023743.0,512500,sh,中证500ETF华夏
2020-06-11,2.837,2.833,2.877,2.815,1167504.0,512500,sh,中证500ETF华夏
2020-06-12,2.808,2.836,2.854,2.792,850660.0,512500,sh,中证500ETF华夏
2020-06-15,2.838,2.838,2.872,2.833,1233698.0,512500,sh,中证500ETF华夏
2020-06-16,2.852,2.888,2.889,2.851,827649.0,512500,sh,中证500ETF华夏
2020-06-17,2.888,2.908,2.912,2.88,586273.0,512500,sh,中证500ETF华夏
2020-06-18,2.905,2.913,2.918,2.896,646043.0,512500,sh,中证500ETF华夏
2020-06-19,2.913,2.934,2.949,2.912,741466.0,512500,sh,中证500ETF华夏
2020-06-22,2.936,2.936,2.957,2.933,931394.0,512500,sh,中证500ETF华夏
2020-06-23,2.93,2.944,2.948,2.918,782649.0,512500,sh,中证500ETF华夏
2020-06-24,2.946,2.948,2.957,2.932,1046856.0,512500,sh,中证500ETF华夏
2020-06-29,2.938,2.932,2.947,2.915,767082.0,512500,sh,中证500ETF华夏
2020-06-30,2.943,2.978,2.993,2.939,947289.0,512500,sh,中证500ETF华夏
2020-07-01,2.996,2.989,2.996,2.958,662597.0,512500,sh,中证500ETF华夏
2020-07-02,2.989,3.044,3.049,2.981,1136795.0,512500,sh,中证500ETF华夏
2020-07-03,3.045,3.082,3.083,3.034,1316826.0,512500,sh,中证500ETF华夏
2020-07-06,3.111,3.222,3.246,3.109,1885403.0,512500,sh,中证500ETF华夏
2020-07-07,3.253,3.254,3.304,3.221,1605386.0,512500,sh,中证500ETF华夏
2020-07-08,3.251,3.32,3.333,3.241,1120261.0,512500,sh,中证500ETF华夏
2020-07-09,3.321,3.417,3.425,3.321,1273015.0,512500,sh,中证500ETF华夏
2020-07-10,3.414,3.403,3.444,3.385,1198964.0,512500,sh,中证500ETF华夏
2020-07-13,3.412,3.512,3.516,3.412,1111522.0,512500,sh,中证500ETF华夏
2020-07-14,3.512,3.466,3.512,3.4,1553558.0,512500,sh,中证500ETF华夏
2020-07-15,3.467,3.395,3.493,3.368,1406796.0,512500,sh,中证500ETF华夏
2020-07-16,3.395,3.233,3.432,3.218,1645487.0,512500,sh,中证500ETF华夏
2020-07-17,3.236,3.229,3.29,3.202,1331322.0,512500,sh,中证500ETF华夏
2020-07-20,3.249,3.325,3.326,3.23,1380243.0,512500,sh,中证500ETF华夏
2020-07-21,3.338,3.343,3.361,3.317,594098.0,512500,sh,中证500ETF华夏
2020-07-22,3.341,3.372,3.428,3.333,815394.0,512500,sh,中证500ETF华夏
2020-07-23,3.344,3.376,3.387,3.289,1001693.0,512500,sh,中证500ETF华夏
2020-07-24,3.366,3.215,3.368,3.206,1086173.0,512500,sh,中证500ETF华夏
2020-07-27,3.22,3.213,3.239,3.181,745301.0,512500,sh,中证500ETF华夏
2020-07-28,3.23,3.24,3.258,3.215,985066.0,512500,sh,中证500ETF华夏
2020-07-29,3.228,3.343,3.345,3.225,816610.0,512500,sh,中证500ETF华夏
2020-07-30,3.366,3.324,3.367,3.316,747074.0,512500,sh,中证500ETF华夏
2020-07-31,3.328,3.354,3.388,3.295,1060482.0,512500,sh,中证500ETF华夏
2020-08-03,3.381,3.436,3.438,3.378,923443.0,512500,sh,中证500ETF华夏
2020-08-04,3.449,3.433,3.45,3.412,844776.0,512500,sh,中证500ETF华夏
2020-08-05,3.433,3.46,3.467,3.398,619662.0,512500,sh,中证500ETF华夏
2020-08-06,3.46,3.465,3.475,3.4,462859.0,512500,sh,中证500ETF华夏
2020-08-07,3.455,3.412,3.455,3.365,610128.0,512500,sh,中证500ETF华夏
2020-08-10,3.402,3.437,3.462,3.39,626241.0,512500,sh,中证500ETF华夏
2020-08-11,3.436,3.367,3.456,3.366,541891.0,512500,sh,中证500ETF华夏
2020-08-12,3.367,3.328,3.368,3.273,920892.0,512500,sh,中证500ETF华夏
2020-08-13,3.335,3.342,3.364,3.33,530399.0,512500,sh,中证500ETF华夏
2020-08-14,3.344,3.391,3.395,3.325,786294.0,512500,sh,中证500ETF华夏
2020-08-17,3.412,3.442,3.45,3.38,816239.0,512500,sh,中证500ETF华夏
2020-08-18,3.438,3.466,3.481,3.438,644833.0,512500,sh,中证500ETF华夏
2020-08-19,3.477,3.406,3.477,3.405,663224.0,512500,sh,中证500ETF华夏
2020-08-20,3.388,3.379,3.414,3.363,668010.0,512500,sh,中证500ETF华夏
2020-08-21,3.379,3.397,3.421,3.37,589531.0,512500,sh,中证500ETF华夏
2020-08-24,3.4,3.409,3.422,3.368,766044.0,512500,sh,中证500ETF华夏
2020-08-25,3.416,3.392,3.442,3.386,584857.0,512500,sh,中证500ETF华夏
2020-08-26,3.392,3.341,3.402,3.325,652256.0,512500,sh,中证500ETF华夏
2020-08-27,3.333,3.367,3.367,3.321,451656.0,512500,sh,中证500ETF华夏
2020-08-28,3.36,3.425,3.431,3.348,837381.0,512500,sh,中证500ETF华夏
2020-08-31,3.445,3.407,3.462,3.403,922894.0,512500,sh,中证500ETF华夏
2020-09-01,3.407,3.435,3.435,3.396,480549.0,512500,sh,中证500ETF华夏
2020-09-02,3.434,3.429,3.445,3.395,714438.0,512500,sh,中证500ETF华夏
2020-09-03,3.429,3.41,3.44,3.392,293121.0,512500,sh,中证500ETF华夏
2020-09-04,3.353,3.39,3.404,3.35,871376.0,512500,sh,中证500ETF华夏
2020-09-07,3.381,3.316,3.413,3.3,769891.0,512500,sh,中证500ETF华夏
2020-09-08,3.321,3.335,3.35,3.293,814243.0,512500,sh,中证500ETF华夏
2020-09-09,3.31,3.252,3.314,3.229,1091697.0,512500,sh,中证500ETF华夏
2020-09-10,3.266,3.196,3.281,3.182,636438.0,512500,sh,中证500ETF华夏
2020-09-11,3.182,3.222,3.23,3.181,755555.0,512500,sh,中证500ETF华夏
2020-09-14,3.24,3.251,3.26,3.219,748578.0,512500,sh,中证500ETF华夏
2020-09-15,3.24,3.262,3.269,3.235,390109.0,512500,sh,中证500ETF华夏
2020-09-16,3.263,3.253,3.264,3.237,547968.0,512500,sh,中证500ETF华夏
2020-09-17,3.252,3.258,3.288,3.22,869993.0,512500,sh,中证500ETF华夏
2020-09-18,3.26,3.318,3.318,3.25,822991.0,512500,sh,中证500ETF华夏
2020-09-21,3.338,3.3,3.338,3.29,741694.0,512500,sh,中证500ETF华夏
2020-09-22,3.287,3.256,3.31,3.238,775203.0,512500,sh,中证500ETF华夏
2020-09-23,3.255,3.27,3.28,3.251,410524.0,512500,sh,中证500ETF华夏
2020-09-24,3.25,3.204,3.256,3.196,453882.0,512500,sh,中证500ETF华夏
2020-09-25,3.206,3.2,3.222,3.181,647542.0,512500,sh,中证500ETF华夏
2020-09-28,3.2,3.168,3.211,3.159,617894.0,512500,sh,中证500ETF华夏
2020-09-29,3.18,3.187,3.219,3.169,1194841.0,512500,sh,中证500ETF华夏
2020-09-30,3.19,3.168,3.214,3.146,1152250.0,512500,sh,中证500ETF华夏
2020-10-09,3.213,3.249,3.263,3.213,483370.0,512500,sh,中证500ETF华夏
2020-10-12,3.268,3.351,3.351,3.268,683504.0,512500,sh,中证500ETF华夏
2020-10-13,3.37,3.351,3.37,3.315,695805.0,512500,sh,中证500ETF华夏
2020-10-14,3.351,3.335,3.351,3.327,479075.0,512500,sh,中证500ETF华夏
2020-10-15,3.336,3.312,3.34,3.307,506618.0,512500,sh,中证500ETF华夏
2020-10-16,3.314,3.292,3.321,3.267,514377.0,512500,sh,中证500ETF华夏
2020-10-19,3.305,3.256,3.325,3.246,903815.0,512500,sh,中证500ETF华夏
2020-10-20,3.248,3.284,3.287,3.241,617871.0,512500,sh,中证500ETF华夏
2020-10-21,3.281,3.255,3.288,3.236,876809.0,512500,sh,中证500ETF华夏
2020-10-22,3.25,3.238,3.25,3.205,652430.0,512500,sh,中证500ETF华夏
2020-10-23,3.236,3.188,3.262,3.179,709624.0,512500,sh,中证500ETF华夏
2020-10-26,3.176,3.186,3.2,3.137,698933.0,512500,sh,中证500ETF华夏
2020-10-27,3.17,3.182,3.192,3.163,579371.0,512500,sh,中证500ETF华夏
2020-10-28,3.185,3.201,3.204,3.156,551022.0,512500,sh,中证500ETF华夏
2020-10-29,3.15,3.205,3.224,3.15,1715270.0,512500,sh,中证500ETF华夏
2020-10-30,3.205,3.136,3.219,3.131,823506.0,512500,sh,中证500ETF华夏
2020-11-02,3.138,3.146,3.164,3.13,637697.0,512500,sh,中证500ETF华夏
2020-11-03,3.157,3.194,3.203,3.152,622857.0,512500,sh,中证500ETF华夏
2020-11-04,3.204,3.191,3.207,3.164,893607.0,512500,sh,中证500ETF华夏
2020-11-05,3.223,3.257,3.263,3.209,709783.0,512500,sh,中证500ETF华夏
2020-11-06,3.265,3.233,3.265,3.202,531225.0,512500,sh,中证500ETF华夏
2020-11-09,3.236,3.285,3.31,3.236,1409976.0,512500,sh,中证500ETF华夏
2020-11-10,3.3,3.262,3.3,3.244,682932.0,512500,sh,中证500ETF华夏
2020-11-11,3.252,3.223,3.269,3.222,525741.0,512500,sh,中证500ETF华夏
2020-11-12,3.223,3.232,3.249,3.217,549007.0,512500,sh,中证500ETF华夏
2020-11-13,3.23,3.233,3.24,3.196,856344.0,512500,sh,中证500ETF华夏
2020-11-16,3.243,3.272,3.277,3.228,689710.0,512500,sh,中证500ETF华夏
2020-11-17,3.27,3.249,3.27,3.234,369584.0,512500,sh,中证500ETF华夏
2020-11-18,3.245,3.244,3.276,3.236,586377.0,512500,sh,中证500ETF华夏
2020-11-19,3.238,3.266,3.27,3.223,485316.0,512500,sh,中证500ETF华夏
2020-11-20,3.262,3.291,3.3,3.26,691937.0,512500,sh,中证500ETF华夏
2020-11-23,3.291,3.315,3.345,3.278,675969.0,512500,sh,中证500ETF华夏
2020-11-24,3.313,3.311,3.325,3.304,432064.0,512500,sh,中证500ETF华夏
2020-11-25,3.319,3.26,3.327,3.259,541705.0,512500,sh,中证500ETF华夏
2020-11-26,3.252,3.249,3.264,3.228,659278.0,512500,sh,中证500ETF华夏
2020-11-27,3.249,3.26,3.262,3.213,727357.0,512500,sh,中证500ETF华夏
2020-11-30,3.261,3.239,3.284,3.23,768985.0,512500,sh,中证500ETF华夏
2020-12-01,3.239,3.291,3.305,3.234,1385796.0,512500,sh,中证500ETF华夏
2020-12-02,3.296,3.292,3.3,3.272,771524.0,512500,sh,中证500ETF华夏
2020-12-03,3.29,3.305,3.315,3.271,1070541.0,512500,sh,中证500ETF华夏
2020-12-04,3.295,3.316,3.319,3.28,592596.0,512500,sh,中证500ETF华夏
2020-12-07,3.316,3.293,3.323,3.284,755858.0,512500,sh,中证500ETF华夏
2020-12-08,3.293,3.291,3.312,3.288,598825.0,512500,sh,中证500ETF华夏
2020-12-09,3.294,3.238,3.299,3.235,803741.0,512500,sh,中证500ETF华夏
2020-12-10,3.238,3.249,3.261,3.218,525742.0,512500,sh,中证500ETF华夏
2020-12-11,3.243,3.197,3.26,3.171,680245.0,512500,sh,中证500ETF华夏
2020-12-14,3.197,3.219,3.228,3.181,635644.0,512500,sh,中证500ETF华夏
2020-12-15,3.219,3.224,3.228,3.204,409833.0,512500,sh,中证500ETF华夏
2020-12-16,3.254,3.213,3.254,3.201,316992.0,512500,sh,中证500ETF华夏
2020-12-17,3.213,3.25,3.254,3.185,859281.0,512500,sh,中证500ETF华夏
2020-12-18,3.25,3.239,3.259,3.225,693809.0,512500,sh,中证500ETF华夏
2020-12-21,3.23,3.289,3.3,3.23,575829.0,512500,sh,中证500ETF华夏
2020-12-22,3.28,3.227,3.288,3.22,937486.0,512500,sh,中证500ETF华夏
2020-12-23,3.27,3.244,3.27,3.217,700037.0,512500,sh,中证500ETF华夏
2020-12-24,3.245,3.203,3.245,3.193,820958.0,512500,sh,中证500ETF华夏
2020-12-25,3.203,3.234,3.241,3.19,724383.0,512500,sh,中证500ETF华夏
2020-12-28,3.23,3.213,3.241,3.202,918378.0,512500,sh,中证500ETF华夏
2020-12-29,3.211,3.198,3.24,3.191,796617.0,512500,sh,中证500ETF华夏
2020-12-30,3.196,3.224,3.243,3.186,539515.0,512500,sh,中证500ETF华夏
2020-12-31,3.225,3.276,3.28,3.225,1597321.0,512500,sh,中证500ETF华夏
2021-01-04,3.282,3.327,3.351,3.269,1166488.0,512500,sh,中证500ETF华夏
2021-01-05,3.326,3.36,3.366,3.313,868234.0,512500,sh,中证500ETF华夏
2021-01-06,3.357,3.356,3.388,3.33,724786.0,512500,sh,中证500ETF华夏
2021-01-07,3.351,3.374,3.382,3.339,377735.0,512500,sh,中证500ETF华夏
2021-01-08,3.374,3.38,3.402,3.343,717057.0,512500,sh,中证500ETF华夏
2021-01-11,3.378,3.334,3.382,3.3,921011.0,512500,sh,中证500ETF华夏
2021-01-12,3.329,3.363,3.368,3.316,1375080.0,512500,sh,中证500ETF华夏
2021-01-13,3.37,3.347,3.37,3.327,1005042.0,512500,sh,中证500ETF华夏
2021-01-14,3.345,3.325,3.361,3.301,724205.0,512500,sh,中证500ETF华夏
2021-01-15,3.341,3.301,3.341,3.27,774087.0,512500,sh,中证500ETF华夏
2021-01-18,3.299,3.354,3.362,3.29,1216909.0,512500,sh,中证500ETF华夏
2021-01-19,3.354,3.335,3.367,3.33,567731.0,512500,sh,中证500ETF华夏
2021-01-20,3.338,3.363,3.368,3.325,591977.0,512500,sh,中证500ETF华夏
2021-01-21,3.366,3.41,3.427,3.366,467508.0,512500,sh,中证500ETF华夏
2021-01-22,3.41,3.416,3.422,3.386,617897.0,512500,sh,中证500ETF华夏
2021-01-25,3.415,3.426,3.455,3.4,463050.0,512500,sh,中证500ETF华夏
2021-01-26,3.42,3.368,3.42,3.356,354442.0,512500,sh,中证500ETF华夏
2021-01-27,3.36,3.376,3.383,3.346,440788.0,512500,sh,中证500ETF华夏
2021-01-28,3.361,3.315,3.361,3.307,396960.0,512500,sh,中证500ETF华夏
2021-01-29,3.321,3.268,3.337,3.22,710890.0,512500,sh,中证500ETF华夏
2021-02-01,3.283,3.291,3.295,3.265,621534.0,512500,sh,中证500ETF华夏
2021-02-02,3.292,3.321,3.327,3.277,685237.0,512500,sh,中证500ETF华夏
2021-02-03,3.316,3.303,3.337,3.302,438735.0,512500,sh,中证500ETF华夏
2021-02-04,3.301,3.265,3.302,3.226,590648.0,512500,sh,中证500ETF华夏
2021-02-05,3.261,3.221,3.286,3.217,435478.0,512500,sh,中证500ETF华夏
2021-02-08,3.221,3.26,3.274,3.208,578902.0,512500,sh,中证500ETF华夏
2021-02-09,3.267,3.324,3.335,3.261,466038.0,512500,sh,中证500ETF华夏
2021-02-10,3.325,3.363,3.373,3.31,1082838.0,512500,sh,中证500ETF华夏
2021-02-18,3.416,3.41,3.453,3.38,352224.0,512500,sh,中证500ETF华夏
2021-02-19,3.406,3.459,3.46,3.379,856710.0,512500,sh,中证500ETF华夏
2021-02-22,3.465,3.434,3.522,3.433,814266.0,512500,sh,中证500ETF华夏
2021-02-23,3.433,3.42,3.449,3.408,912006.0,512500,sh,中证500ETF华夏
2021-02-24,3.418,3.369,3.436,3.344,981031.0,512500,sh,中证500ETF华夏
2021-02-25,3.385,3.359,3.409,3.338,529251.0,512500,sh,中证500ETF华夏
2021-02-26,3.309,3.281,3.335,3.268,682649.0,512500,sh,中证500ETF华夏
2021-03-01,3.287,3.344,3.345,3.287,622944.0,512500,sh,中证500ETF华夏
2021-03-02,3.35,3.316,3.35,3.295,565045.0,512500,sh,中证500ETF华夏
2021-03-03,3.322,3.36,3.364,3.315,377942.0,512500,sh,中证500ETF华夏
2021-03-04,3.35,3.307,3.35,3.29,627998.0,512500,sh,中证500ETF华夏
2021-03-05,3.29,3.31,3.327,3.265,983577.0,512500,sh,中证500ETF华夏
2021-03-08,3.315,3.232,3.354,3.224,732677.0,512500,sh,中证500ETF华夏
2021-03-09,3.231,3.157,3.231,3.118,1901949.0,512500,sh,中证500ETF华夏
2021-03-10,3.183,3.121,3.193,3.118,786527.0,512500,sh,中证500ETF华夏
2021-03-11,3.133,3.209,3.21,3.112,813375.0,512500,sh,中证500ETF华夏
2021-03-12,3.228,3.209,3.228,3.161,1104153.0,512500,sh,中证500ETF华夏
2021-03-15,3.185,3.191,3.213,3.153,607746.0,512500,sh,中证500ETF华夏
2021-03-16,3.19,3.189,3.212,3.162,574048.0,512500,sh,中证500ETF华夏
2021-03-17,3.183,3.207,3.214,3.153,454404.0,512500,sh,中证500ETF华夏
2021-03-18,3.207,3.229,3.25,3.205,514538.0,512500,sh,中证500ETF华夏
2021-03-19,3.2,3.208,3.228,3.182,620821.0,512500,sh,中证500ETF华夏
2021-03-22,3.209,3.244,3.254,3.201,590322.0,512500,sh,中证500ETF华夏
2021-03-23,3.245,3.213,3.256,3.195,683123.0,512500,sh,中证500ETF华夏
2021-03-24,3.201,3.176,3.22,3.167,467527.0,512500,sh,中证500ETF华夏
2021-03-25,3.17,3.183,3.2,3.153,531697.0,512500,sh,中证500ETF华夏
2021-03-26,3.185,3.222,3.233,3.185,509606.0,512500,sh,中证500ETF华夏
2021-03-29,3.222,3.225,3.236,3.203,631230.0,512500,sh,中证500ETF华夏
2021-03-30,3.224,3.235,3.243,3.207,323804.0,512500,sh,中证500ETF华夏
2021-03-31,3.236,3.231,3.236,3.198,447946.0,512500,sh,中证500ETF华夏
2021-04-01,3.23,3.253,3.264,3.218,321616.0,512500,sh,中证500ETF华夏
2021-04-02,3.254,3.261,3.271,3.242,505181.0,512500,sh,中证500ETF华夏
2021-04-06,3.266,3.267,3.29,3.257,479912.0,512500,sh,中证500ETF华夏
2021-04-07,3.267,3.271,3.277,3.242,397000.0,512500,sh,中证500ETF华夏
2021-04-08,3.271,3.284,3.294,3.252,250765.0,512500,sh,中证500ETF华夏
2021-04-09,3.279,3.274,3.285,3.257,417417.0,512500,sh,中证500ETF华夏
2021-04-12,3.27,3.222,3.274,3.207,490008.0,512500,sh,中证500ETF华夏
2021-04-13,3.218,3.21,3.232,3.201,266053.0,512500,sh,中证500ETF华夏
2021-04-14,3.209,3.236,3.247,3.207,358164.0,512500,sh,中证500ETF华夏
2021-04-15,3.237,3.236,3.246,3.204,273154.0,512500,sh,中证500ETF华夏
2021-04-16,3.24,3.283,3.284,3.24,584937.0,512500,sh,中证500ETF华夏
2021-04-19,3.281,3.313,3.323,3.263,522847.0,512500,sh,中证500ETF华夏
2021-04-20,3.31,3.322,3.336,3.303,362843.0,512500,sh,中证500ETF华夏
2021-04-21,3.311,3.315,3.325,3.29,220742.0,512500,sh,中证500ETF华夏
2021-04-22,3.326,3.325,3.34,3.313,391690.0,512500,sh,中证500ETF华夏
2021-04-23,3.325,3.34,3.343,3.307,332101.0,512500,sh,中证500ETF华夏
2021-04-26,3.34,3.327,3.382,3.324,339633.0,512500,sh,中证500ETF华夏
2021-04-27,3.322,3.325,3.343,3.309,405297.0,512500,sh,中证500ETF华夏
2021-04-28,3.324,3.351,3.355,3.305,253038.0,512500,sh,中证500ETF华夏
2021-04-29,3.348,3.351,3.358,3.334,280822.0,512500,sh,中证500ETF华夏
2021-04-30,3.352,3.355,3.364,3.322,302530.0,512500,sh,中证500ETF华夏
2021-05-06,3.354,3.343,3.384,3.326,243891.0,512500,sh,中证500ETF华夏
2021-05-07,3.346,3.335,3.375,3.33,247419.0,512500,sh,中证500ETF华夏
2021-05-10,3.335,3.342,3.358,3.325,315735.0,512500,sh,中证500ETF华夏
2021-05-11,3.336,3.335,3.343,3.283,264441.0,512500,sh,中证500ETF华夏
2021-05-12,3.329,3.37,3.376,3.315,317932.0,512500,sh,中证500ETF华夏
2021-05-13,3.348,3.33,3.363,3.323,454335.0,512500,sh,中证500ETF华夏
2021-05-14,3.336,3.384,3.386,3.325,637876.0,512500,sh,中证500ETF华夏
2021-05-17,3.372,3.4,3.422,3.372,845471.0,512500,sh,中证500ETF华夏
2021-05-18,3.395,3.411,3.419,3.395,523670.0,512500,sh,中证500ETF华夏
2021-05-19,3.411,3.412,3.413,3.384,594556.0,512500,sh,中证500ETF华夏
2021-05-20,3.403,3.393,3.409,3.366,438174.0,512500,sh,中证500ETF华夏
2021-05-21,3.393,3.38,3.403,3.37,326299.0,512500,sh,中证500ETF华夏
2021-05-24,3.38,3.389,3.403,3.361,346319.0,512500,sh,中证500ETF华夏
2021-05-25,3.389,3.428,3.438,3.384,464295.0,512500,sh,中证500ETF华夏
2021-05-26,3.435,3.43,3.437,3.42,319682.0,512500,sh,中证500ETF华夏
2021-05-27,3.43,3.457,3.463,3.425,565726.0,512500,sh,中证500ETF华夏
2021-05-28,3.457,3.459,3.476,3.44,593935.0,512500,sh,中证500ETF华夏
2021-05-31,3.456,3.48,3.485,3.45,423829.0,512500,sh,中证500ETF华夏
2021-06-01,3.477,3.487,3.492,3.444,918337.0,512500,sh,中证500ETF华夏
2021-06-02,3.485,3.469,3.494,3.459,420518.0,512500,sh,中证500ETF华夏
2021-06-03,3.467,3.45,3.494,3.45,329548.0,512500,sh,中证500ETF华夏
2021-06-04,3.444,3.474,3.49,3.435,330696.0,512500,sh,中证500ETF华夏
2021-06-07,3.474,3.482,3.491,3.464,652706.0,512500,sh,中证500ETF华夏
2021-06-08,3.487,3.468,3.504,3.451,446266.0,512500,sh,中证500ETF华夏
2021-06-09,3.468,3.473,3.484,3.459,222465.0,512500,sh,中证500ETF华夏
2021-06-10,3.472,3.513,3.52,3.472,375143.0,512500,sh,中证500ETF华夏
2021-06-11,3.514,3.498,3.522,3.491,218410.0,512500,sh,中证500ETF华夏
2021-06-15,3.496,3.46,3.51,3.452,215945.0,512500,sh,中证500ETF华夏
2021-06-16,3.46,3.411,3.46,3.406,884392.0,512500,sh,中证500ETF华夏
2021-06-17,3.4,3.43,3.438,3.398,237481.0,512500,sh,中证500ETF华夏
2021-06-18,3.434,3.468,3.471,3.424,346340.0,512500,sh,中证500ETF华夏
2021-06-21,3.452,3.481,3.496,3.452,325549.0,512500,sh,中证500ETF华夏
2021-06-22,3.49,3.501,3.505,3.477,335014.0,512500,sh,中证500ETF华夏
2021-06-23,3.501,3.535,3.54,3.495,394215.0,512500,sh,中证500ETF华夏
2021-06-24,3.535,3.521,3.535,3.51,419156.0,512500,sh,中证500ETF华夏
2021-06-25,3.52,3.549,3.558,3.513,599301.0,512500,sh,中证500ETF华夏
2021-06-28,3.559,3.545,3.564,3.536,345932.0,512500,sh,中证500ETF华夏
2021-06-29,3.542,3.525,3.557,3.513,337998.0,512500,sh,中证500ETF华夏
2021-06-30,3.522,3.537,3.549,3.519,316693.0,512500,sh,中证500ETF华夏
2021-07-01,3.547,3.506,3.56,3.498,403881.0,512500,sh,中证500ETF华夏
2021-07-02,3.5,3.472,3.503,3.468,356466.0,512500,sh,中证500ETF华夏
2021-07-05,3.474,3.492,3.501,3.473,397760.0,512500,sh,中证500ETF华夏
2021-07-06,3.492,3.494,3.512,3.46,365644.0,512500,sh,中证500ETF华夏
2021-07-07,3.487,3.525,3.53,3.47,297506.0,512500,sh,中证500ETF华夏
2021-07-08,3.537,3.519,3.543,3.515,222890.0,512500,sh,中证500ETF华夏
2021-07-09,3.517,3.55,3.553,3.493,269884.0,512500,sh,中证500ETF华夏
2021-07-12,3.56,3.599,3.616,3.558,317070.0,512500,sh,中证500ETF华夏
2021-07-13,3.6,3.634,3.638,3.592,330763.0,512500,sh,中证500ETF华夏
2021-07-14,3.636,3.612,3.637,3.598,454810.0,512500,sh,中证500ETF华夏
2021-07-15,3.603,3.619,3.622,3.574,382105.0,512500,sh,中证500ETF华夏
2021-07-16,3.617,3.626,3.65,3.61,743966.0,512500,sh,中证500ETF华夏
2021-07-19,3.619,3.606,3.626,3.568,290173.0,512500,sh,中证500ETF华夏
2021-07-20,3.591,3.604,3.61,3.578,394902.0,512500,sh,中证500ETF华夏
2021-07-21,3.604,3.647,3.656,3.604,404541.0,512500,sh,中证500ETF华夏
2021-07-22,3.66,3.669,3.672,3.64,298028.0,512500,sh,中证500ETF华夏
2021-07-23,3.663,3.664,3.69,3.643,331079.0,512500,sh,中证500ETF华夏
2021-07-26,3.661,3.602,3.661,3.556,551953.0,512500,sh,中证500ETF华夏
2021-07-27,3.599,3.524,3.62,3.518,755835.0,512500,sh,中证500ETF华夏
2021-07-28,3.517,3.472,3.517,3.428,1476426.0,512500,sh,中证500ETF华夏
2021-07-29,3.49,3.531,3.539,3.49,884194.0,512500,sh,中证500ETF华夏
2021-07-30,3.521,3.543,3.544,3.504,583999.0,512500,sh,中证500ETF华夏
2021-08-02,3.554,3.589,3.598,3.53,917626.0,512500,sh,中证500ETF华夏
2021-08-03,3.567,3.567,3.594,3.559,538923.0,512500,sh,中证500ETF华夏
2021-08-04,3.554,3.616,3.62,3.554,363767.0,512500,sh,中证500ETF华夏
2021-08-05,3.6,3.615,3.631,3.598,420532.0,512500,sh,中证500ETF华夏
2021-08-06,3.626,3.628,3.634,3.604,343191.0,512500,sh,中证500ETF华夏
2021-08-09,3.626,3.645,3.654,3.602,245523.0,512500,sh,中证500ETF华夏
2021-08-10,3.645,3.671,3.672,3.638,220470.0,512500,sh,中证500ETF华夏
2021-08-11,3.672,3.696,3.7,3.661,193006.0,512500,sh,中证500ETF华夏
2021-08-12,3.692,3.72,3.73,3.683,229200.0,512500,sh,中证500ETF华夏
2021-08-13,3.705,3.718,3.732,3.692,303040.0,512500,sh,中证500ETF华夏
2021-08-16,3.709,3.697,3.722,3.689,591307.0,512500,sh,中证500ETF华夏
2021-08-17,3.696,3.613,3.699,3.604,469268.0,512500,sh,中证500ETF华夏
2021-08-18,3.609,3.627,3.639,3.598,446939.0,512500,sh,中证500ETF华夏
2021-08-19,3.627,3.635,3.652,3.591,521532.0,512500,sh,中证500ETF华夏
2021-08-20,3.63,3.622,3.638,3.587,619970.0,512500,sh,中证500ETF华夏
2021-08-23,3.622,3.679,3.687,3.622,511349.0,512500,sh,中证500ETF华夏
2021-08-24,3.683,3.713,3.727,3.664,404263.0,512500,sh,中证500ETF华夏
2021-08-25,3.713,3.742,3.742,3.695,190015.0,512500,sh,中证500ETF华夏
2021-08-26,3.74,3.728,3.755,3.724,606480.0,512500,sh,中证500ETF华夏
2021-08-27,3.725,3.754,3.764,3.712,349576.0,512500,sh,中证500ETF华夏
2021-08-30,3.756,3.777,3.795,3.755,330780.0,512500,sh,中证500ETF华夏
2021-08-31,3.78,3.794,3.795,3.732,333915.0,512500,sh,中证500ETF华夏
2021-09-01,3.797,3.769,3.809,3.722,812973.0,512500,sh,中证500ETF华夏
2021-09-02,3.763,3.832,3.842,3.754,506867.0,512500,sh,中证500ETF华夏
2021-09-03,3.847,3.814,3.865,3.786,374112.0,512500,sh,中证500ETF华夏
2021-09-06,3.802,3.838,3.85,3.789,373147.0,512500,sh,中证500ETF华夏
2021-09-07,3.836,3.925,3.935,3.836,338647.0,512500,sh,中证500ETF华夏
2021-09-08,3.927,3.948,3.955,3.925,377707.0,512500,sh,中证500ETF华夏
2021-09-09,3.94,3.988,3.995,3.935,491799.0,512500,sh,中证500ETF华夏
2021-09-10,3.988,3.987,4.015,3.963,424146.0,512500,sh,中证500ETF华夏
2021-09-13,3.969,3.998,4.006,3.957,448554.0,512500,sh,中证500ETF华夏
2021-09-14,3.997,3.958,4.034,3.944,581909.0,512500,sh,中证500ETF华夏
2021-09-15,3.931,3.972,3.995,3.931,445426.0,512500,sh,中证500ETF华夏
2021-09-16,3.971,3.898,4.005,3.894,543149.0,512500,sh,中证500ETF华夏
2021-09-17,3.885,3.865,3.918,3.815,487477.0,512500,sh,中证500ETF华夏
2021-09-22,3.808,3.904,3.906,3.808,477290.0,512500,sh,中证500ETF华夏
2021-09-23,3.92,3.923,3.944,3.903,474226.0,512500,sh,中证500ETF华夏
2021-09-24,3.92,3.871,3.926,3.866,863168.0,512500,sh,中证500ETF华夏
2021-09-27,3.871,3.762,3.882,3.74,1322494.0,512500,sh,中证500ETF华夏
2021-09-28,3.756,3.764,3.785,3.749,854820.0,512500,sh,中证500ETF华夏
2021-09-29,3.735,3.68,3.76,3.666,1103567.0,512500,sh,中证500ETF华夏
2021-09-30,3.695,3.715,3.729,3.683,641370.0,512500,sh,中证500ETF华夏
2021-10-08,3.729,3.707,3.766,3.689,415922.0,512500,sh,中证500ETF华夏
2021-10-11,3.706,3.706,3.725,3.685,459927.0,512500,sh,中证500ETF华夏
2021-10-12,3.702,3.634,3.705,3.606,713527.0,512500,sh,中证500ETF华夏
2021-10-13,3.631,3.65,3.659,3.607,455740.0,512500,sh,中证500ETF华夏
2021-10-14,3.623,3.664,3.673,3.623,308619.0,512500,sh,中证500ETF华夏
2021-10-15,3.657,3.68,3.682,3.648,339069.0,512500,sh,中证500ETF华夏
2021-10-18,3.676,3.693,3.695,3.651,946870.0,512500,sh,中证500ETF华夏
2021-10-19,3.695,3.723,3.728,3.682,566922.0,512500,sh,中证500ETF华夏
2021-10-20,3.709,3.721,3.741,3.694,539864.0,512500,sh,中证500ETF华夏
2021-10-21,3.722,3.712,3.735,3.694,403974.0,512500,sh,中证500ETF华夏
2021-10-22,3.702,3.683,3.721,3.677,305441.0,512500,sh,中证500ETF华夏
2021-10-25,3.683,3.711,3.712,3.669,351352.0,512500,sh,中证500ETF华夏
2021-10-26,3.712,3.717,3.743,3.703,493841.0,512500,sh,中证500ETF华夏
2021-10-27,3.716,3.685,3.716,3.668,313259.0,512500,sh,中证500ETF华夏
2021-10-28,3.669,3.641,3.686,3.631,493259.0,512500,sh,中证500ETF华夏
2021-10-29,3.641,3.678,3.678,3.626,430368.0,512500,sh,中证500ETF华夏
2021-11-01,3.664,3.693,3.705,3.662,397006.0,512500,sh,中证500ETF华夏
2021-11-02,3.689,3.658,3.716,3.623,623283.0,512500,sh,中证500ETF华夏
2021-11-03,3.656,3.669,3.684,3.648,608216.0,512500,sh,中证500ETF华夏
2021-11-04,3.664,3.695,3.699,3.664,412426.0,512500,sh,中证500ETF华夏
2021-11-05,3.692,3.665,3.7,3.661,486352.0,512500,sh,中证500ETF华夏
2021-11-08,3.66,3.674,3.683,3.65,413230.0,512500,sh,中证500ETF华夏
2021-11-09,3.671,3.7,3.706,3.671,368444.0,512500,sh,中证500ETF华夏
2021-11-10,3.696,3.692,3.696,3.639,746692.0,512500,sh,中证500ETF华夏
2021-11-11,3.676,3.723,3.724,3.676,297772.0,512500,sh,中证500ETF华夏
2021-11-12,3.723,3.744,3.751,3.723,307279.0,512500,sh,中证500ETF华夏
2021-11-15,3.737,3.715,3.762,3.704,264050.0,512500,sh,中证500ETF华夏
2021-11-16,3.717,3.689,3.726,3.684,279689.0,512500,sh,中证500ETF华夏
2021-11-17,3.689,3.711,3.713,3.683,293015.0,512500,sh,中证500ETF华夏
2021-11-18,3.706,3.709,3.732,3.692,502542.0,512500,sh,中证500ETF华夏
2021-11-19,3.7,3.757,3.76,3.699,339067.0,512500,sh,中证500ETF华夏
2021-11-22,3.762,3.788,3.794,3.759,368175.0,512500,sh,中证500ETF华夏
2021-11-23,3.787,3.797,3.812,3.751,435491.0,512500,sh,中证500ETF华夏
2021-11-24,3.782,3.791,3.806,3.782,252205.0,512500,sh,中证500ETF华夏
2021-11-25,3.795,3.791,3.799,3.783,217612.0,512500,sh,中证500ETF华夏
2021-11-26,3.79,3.781,3.799,3.766,289326.0,512500,sh,中证500ETF华夏
2021-11-29,3.756,3.782,3.786,3.75,424703.0,512500,sh,中证500ETF华夏
2021-11-30,3.786,3.79,3.807,3.773,404842.0,512500,sh,中证500ETF华夏
2021-12-01,3.79,3.811,3.815,3.779,236210.0,512500,sh,中证500ETF华夏
2021-12-02,3.808,3.788,3.81,3.776,382938.0,512500,sh,中证500ETF华夏
2021-12-03,3.791,3.822,3.822,3.785,302814.0,512500,sh,中证500ETF华夏
2021-12-06,3.824,3.79,3.835,3.788,487854.0,512500,sh,中证500ETF华夏
2021-12-07,3.8,3.771,3.808,3.746,293328.0,512500,sh,中证500ETF华夏
2021-12-08,3.783,3.819,3.821,3.772,308194.0,512500,sh,中证500ETF华夏
2021-12-09,3.818,3.833,3.839,3.815,470535.0,512500,sh,中证500ETF华夏
2021-12-10,3.822,3.829,3.838,3.815,506983.0,512500,sh,中证500ETF华夏
2021-12-13,3.826,3.838,3.85,3.823,434921.0,512500,sh,中证500ETF华夏
2021-12-14,3.822,3.831,3.843,3.822,301688.0,512500,sh,中证500ETF华夏
2021-12-15,3.829,3.819,3.842,3.812,700213.0,512500,sh,中证500ETF华夏
2021-12-16,3.823,3.856,3.857,3.823,428512.0,512500,sh,中证500ETF华夏
2021-12-17,3.851,3.83,3.855,3.824,657528.0,512500,sh,中证500ETF华夏
2021-12-20,3.818,3.77,3.828,3.766,1096368.0,512500,sh,中证500ETF华夏
2021-12-21,3.766,3.797,3.81,3.762,733256.0,512500,sh,中证500ETF华夏
2021-12-22,3.801,3.813,3.82,3.796,674842.0,512500,sh,中证500ETF华夏
2021-12-23,3.82,3.831,3.841,3.806,240974.0,512500,sh,中证500ETF华夏
2021-12-24,3.832,3.812,3.832,3.793,553893.0,512500,sh,中证500ETF华夏
2021-12-27,3.812,3.803,3.832,3.797,1182610.0,512500,sh,中证500ETF华夏
2021-12-28,3.803,3.805,3.811,3.781,416986.0,512500,sh,中证500ETF华夏
2021-12-29,3.805,3.796,3.808,3.788,525826.0,512500,sh,中证500ETF华夏
2021-12-30,3.796,3.822,3.828,3.79,721142.0,512500,sh,中证500ETF华夏
2021-12-31,3.821,3.842,3.855,3.821,686123.0,512500,sh,中证500ETF华夏
2022-01-04,3.851,3.845,3.856,3.818,802622.0,512500,sh,中证500ETF华夏
2022-01-05,3.847,3.767,3.847,3.764,806841.0,512500,sh,中证500ETF华夏
2022-01-06,3.759,3.772,3.779,3.741,636939.0,512500,sh,中证500ETF华夏
2022-01-07,3.772,3.754,3.788,3.747,861672.0,512500,sh,中证500ETF华夏
2022-01-10,3.74,3.754,3.759,3.726,377770.0,512500,sh,中证500ETF华夏
2022-01-11,3.754,3.732,3.766,3.717,561586.0,512500,sh,中证500ETF华夏
2022-01-12,3.731,3.754,3.758,3.731,330663.0,512500,sh,中证500ETF华夏
2022-01-13,3.755,3.712,3.758,3.708,759113.0,512500,sh,中证500ETF华夏
2022-01-14,3.695,3.697,3.726,3.686,531914.0,512500,sh,中证500ETF华夏
2022-01-17,3.695,3.732,3.745,3.695,499116.0,512500,sh,中证500ETF华夏
2022-01-18,3.733,3.741,3.752,3.721,424452.0,512500,sh,中证500ETF华夏
2022-01-19,3.74,3.714,3.752,3.697,656818.0,512500,sh,中证500ETF华夏
2022-01-20,3.718,3.689,3.728,3.678,675315.0,512500,sh,中证500ETF华夏
2022-01-21,3.684,3.65,3.684,3.641,845304.0,512500,sh,中证500ETF华夏
2022-01-24,3.634,3.644,3.657,3.617,868120.0,512500,sh,中证500ETF华夏
2022-01-25,3.633,3.527,3.641,3.522,846047.0,512500,sh,中证500ETF华夏
2022-01-26,3.53,3.538,3.55,3.517,924641.0,512500,sh,中证500ETF华夏
2022-01-27,3.528,3.459,3.541,3.451,991449.0,512500,sh,中证500ETF华夏
2022-01-28,3.47,3.434,3.487,3.396,783258.0,512500,sh,中证500ETF华夏
2022-02-07,3.446,3.482,3.498,3.446,342496.0,512500,sh,中证500ETF华夏
2022-02-08,3.483,3.522,3.525,3.446,557206.0,512500,sh,中证500ETF华夏
2022-02-09,3.533,3.571,3.576,3.516,471409.0,512500,sh,中证500ETF华夏
2022-02-10,3.571,3.573,3.585,3.553,563748.0,512500,sh,中证500ETF华夏
2022-02-11,3.57,3.528,3.576,3.519,635429.0,512500,sh,中证500ETF华夏
2022-02-14,3.508,3.501,3.538,3.487,693503.0,512500,sh,中证500ETF华夏
2022-02-15,3.499,3.527,3.53,3.493,451888.0,512500,sh,中证500ETF华夏
2022-02-16,3.533,3.534,3.544,3.521,368844.0,512500,sh,中证500ETF华夏
2022-02-17,3.53,3.533,3.552,3.511,478216.0,512500,sh,中证500ETF华夏
2022-02-18,3.525,3.567,3.569,3.506,449129.0,512500,sh,中证500ETF华夏
2022-02-21,3.568,3.582,3.584,3.559,849091.0,512500,sh,中证500ETF华夏
2022-02-22,3.574,3.547,3.574,3.52,442690.0,512500,sh,中证500ETF华夏
2022-02-23,3.548,3.594,3.595,3.548,320338.0,512500,sh,中证500ETF华夏
2022-02-24,3.594,3.535,3.599,3.497,773352.0,512500,sh,中证500ETF华夏
2022-02-25,3.545,3.56,3.604,3.545,560251.0,512500,sh,中证500ETF华夏
2022-02-28,3.563,3.575,3.579,3.535,350670.0,512500,sh,中证500ETF华夏
2022-03-01,3.576,3.585,3.596,3.565,960914.0,512500,sh,中证500ETF华夏
2022-03-02,3.567,3.586,3.592,3.562,339936.0,512500,sh,中证500ETF华夏
2022-03-03,3.593,3.581,3.608,3.569,325842.0,512500,sh,中证500ETF华夏
2022-03-04,3.564,3.558,3.59,3.543,396852.0,512500,sh,中证500ETF华夏
2022-03-07,3.555,3.478,3.555,3.461,428375.0,512500,sh,中证500ETF华夏
2022-03-08,3.477,3.358,3.479,3.349,1001623.0,512500,sh,中证500ETF华夏
2022-03-09,3.36,3.292,3.382,3.169,751421.0,512500,sh,中证500ETF华夏
2022-03-10,3.345,3.344,3.378,3.327,634552.0,512500,sh,中证500ETF华夏
2022-03-11,3.31,3.393,3.397,3.272,816915.0,512500,sh,中证500ETF华夏
2022-03-14,3.36,3.302,3.395,3.301,672390.0,512500,sh,中证500ETF华夏
2022-03-15,3.28,3.109,3.283,3.107,1094290.0,512500,sh,中证500ETF华夏
2022-03-16,3.148,3.214,3.23,3.036,1194031.0,512500,sh,中证500ETF华夏
2022-03-17,3.255,3.267,3.327,3.25,547992.0,512500,sh,中证500ETF华夏
2022-03-18,3.266,3.299,3.311,3.249,437652.0,512500,sh,中证500ETF华夏
2022-03-21,3.3,3.322,3.333,3.275,543391.0,512500,sh,中证500ETF华夏
2022-03-22,3.311,3.323,3.35,3.293,214552.0,512500,sh,中证500ETF华夏
2022-03-23,3.343,3.338,3.356,3.316,193421.0,512500,sh,中证500ETF华夏
2022-03-24,3.322,3.315,3.334,3.3,192286.0,512500,sh,中证500ETF华夏
2022-03-25,3.32,3.271,3.33,3.27,319731.0,512500,sh,中证500ETF华夏
2022-03-28,3.27,3.291,3.307,3.223,397810.0,512500,sh,中证500ETF华夏
2022-03-29,3.296,3.265,3.301,3.255,255830.0,512500,sh,中证500ETF华夏
2022-03-30,3.282,3.336,3.337,3.276,345827.0,512500,sh,中证500ETF华夏
2022-03-31,3.336,3.305,3.336,3.298,257854.0,512500,sh,中证500ETF华夏
2022-04-01,3.282,3.327,3.332,3.28,386423.0,512500,sh,中证500ETF华夏
2022-04-06,3.317,3.321,3.323,3.274,387677.0,512500,sh,中证500ETF华夏
2022-04-07,3.296,3.246,3.322,3.243,727372.0,512500,sh,中证500ETF华夏
2022-04-08,3.25,3.257,3.257,3.189,396469.0,512500,sh,中证500ETF华夏
2022-04-11,3.24,3.155,3.24,3.14,345526.0,512500,sh,中证500ETF华夏
2022-04-12,3.152,3.207,3.209,3.115,591909.0,512500,sh,中证500ETF华夏
2022-04-13,3.179,3.155,3.198,3.153,402145.0,512500,sh,中证500ETF华夏
2022-04-14,3.181,3.195,3.219,3.166,307250.0,512500,sh,中证500ETF华夏
2022-04-15,3.183,3.168,3.195,3.155,418044.0,512500,sh,中证500ETF华夏
2022-04-18,3.16,3.172,3.188,3.114,392544.0,512500,sh,中证500ETF华夏
2022-04-19,3.162,3.181,3.191,3.161,285493.0,512500,sh,中证500ETF华夏
2022-04-20,3.19,3.105,3.19,3.104,388649.0,512500,sh,中证500ETF华夏
2022-04-21,3.099,3.008,3.117,2.998,523584.0,512500,sh,中证500ETF华夏
2022-04-22,3.008,2.992,3.03,2.955,479814.0,512500,sh,中证500ETF华夏
2022-04-25,2.96,2.829,2.96,2.806,996278.0,512500,sh,中证500ETF华夏
2022-04-26,2.836,2.749,2.843,2.733,768997.0,512500,sh,中证500ETF华夏
2022-04-27,2.721,2.843,2.845,2.7,1205505.0,512500,sh,中证500ETF华夏
2022-04-28,2.821,2.834,2.853,2.784,827342.0,512500,sh,中证500ETF华夏
2022-04-29,2.849,2.948,2.95,2.84,1179345.0,512500,sh,中证500ETF华夏
2022-05-05,2.933,2.966,2.99,2.925,780327.0,512500,sh,中证500ETF华夏
2022-05-06,2.918,2.904,2.937,2.893,849002.0,512500,sh,中证500ETF华夏
2022-05-09,2.9,2.929,2.94,2.887,420127.0,512500,sh,中证500ETF华夏
2022-05-10,2.892,2.974,2.983,2.876,429917.0,512500,sh,中证500ETF华夏
2022-05-11,2.976,2.995,3.06,2.975,860927.0,512500,sh,中证500ETF华夏
2022-05-12,2.994,2.999,3.022,2.969,535636.0,512500,sh,中证500ETF华夏
2022-05-13,3.01,3.038,3.039,2.992,740902.0,512500,sh,中证500ETF华夏
2022-05-16,3.041,3.025,3.064,3.019,787209.0,512500,sh,中证500ETF华夏
2022-05-17,3.027,3.041,3.042,2.998,380618.0,512500,sh,中证500ETF华夏
2022-05-18,3.042,3.031,3.061,3.022,360850.0,512500,sh,中证500ETF华夏
2022-05-19,2.996,3.057,3.058,2.99,530171.0,512500,sh,中证500ETF华夏
2022-05-20,3.057,3.108,3.11,3.056,543074.0,512500,sh,中证500ETF华夏
2022-05-23,3.114,3.113,3.124,3.09,325427.0,512500,sh,中证500ETF华夏
2022-05-24,3.113,3.008,3.121,3.007,487178.0,512500,sh,中证500ETF华夏
2022-05-25,3.008,3.065,3.065,3.008,352008.0,512500,sh,中证500ETF华夏
2022-05-26,3.069,3.096,3.109,3.021,392893.0,512500,sh,中证500ETF华夏
2022-05-27,3.101,3.092,3.123,3.071,373574.0,512500,sh,中证500ETF华夏
2022-05-30,3.105,3.11,3.113,3.074,265913.0,512500,sh,中证500ETF华夏
2022-05-31,3.106,3.155,3.168,3.087,530096.0,512500,sh,中证500ETF华夏
2022-06-01,3.158,3.155,3.17,3.129,446161.0,512500,sh,中证500ETF华夏
2022-06-02,3.146,3.189,3.196,3.135,505286.0,512500,sh,中证500ETF华夏
2022-06-06,3.2,3.243,3.254,3.183,870796.0,512500,sh,中证500ETF华夏
2022-06-07,3.24,3.246,3.255,3.228,778220.0,512500,sh,中证500ETF华夏
2022-06-08,3.246,3.268,3.278,3.214,659030.0,512500,sh,中证500ETF华夏
2022-06-09,3.265,3.231,3.268,3.201,445413.0,512500,sh,中证500ETF华夏
2022-06-10,3.22,3.294,3.3,3.211,541600.0,512500,sh,中证500ETF华夏
2022-06-13,3.28,3.28,3.293,3.249,556599.0,512500,sh,中证500ETF华夏
2022-06-14,3.245,3.312,3.316,3.198,689325.0,512500,sh,中证500ETF华夏
2022-06-15,3.31,3.302,3.379,3.297,552278.0,512500,sh,中证500ETF华夏
2022-06-16,3.303,3.3,3.342,3.295,561075.0,512500,sh,中证500ETF华夏
2022-06-17,3.285,3.334,3.343,3.254,606159.0,512500,sh,中证500ETF华夏
2022-06-20,3.334,3.333,3.356,3.307,530141.0,512500,sh,中证500ETF华夏
2022-06-21,3.332,3.311,3.342,3.286,432783.0,512500,sh,中证500ETF华夏
2022-06-22,3.309,3.26,3.32,3.258,399826.0,512500,sh,中证500ETF华夏
2022-06-23,3.26,3.336,3.336,3.25,363788.0,512500,sh,中证500ETF华夏
2022-06-24,3.339,3.371,3.377,3.33,516217.0,512500,sh,中证500ETF华夏
2022-06-27,3.371,3.386,3.415,3.371,499711.0,512500,sh,中证500ETF华夏
2022-06-28,3.384,3.437,3.447,3.378,414148.0,512500,sh,中证500ETF华夏
2022-06-29,3.43,3.386,3.441,3.376,403765.0,512500,sh,中证500ETF华夏
2022-06-30,3.381,3.414,3.434,3.381,1061185.0,512500,sh,中证500ETF华夏
2022-07-01,3.408,3.405,3.43,3.398,311819.0,512500,sh,中证500ETF华夏
2022-07-04,3.404,3.449,3.452,3.384,497926.0,512500,sh,中证500ETF华夏
2022-07-05,3.453,3.44,3.466,3.404,362116.0,512500,sh,中证500ETF华夏
2022-07-06,3.438,3.4,3.441,3.367,613028.0,512500,sh,中证500ETF华夏
2022-07-07,3.403,3.413,3.435,3.383,528794.0,512500,sh,中证500ETF华夏
2022-07-08,3.425,3.392,3.434,3.39,374593.0,512500,sh,中证500ETF华夏
2022-07-11,3.388,3.348,3.388,3.326,434196.0,512500,sh,中证500ETF华夏
2022-07-12,3.331,3.305,3.363,3.303,494740.0,512500,sh,中证500ETF华夏
2022-07-13,3.302,3.319,3.33,3.292,589957.0,512500,sh,中证500ETF华夏
2022-07-14,3.311,3.345,3.364,3.311,329726.0,512500,sh,中证500ETF华夏
2022-07-15,3.349,3.293,3.358,3.286,409494.0,512500,sh,中证500ETF华夏
2022-07-18,3.29,3.349,3.358,3.29,361135.0,512500,sh,中证500ETF华夏
2022-07-19,3.349,3.36,3.369,3.332,364525.0,512500,sh,中证500ETF华夏
2022-07-20,3.37,3.404,3.41,3.369,342864.0,512500,sh,中证500ETF华夏
2022-07-21,3.405,3.367,3.405,3.365,317893.0,512500,sh,中证500ETF华夏
2022-07-22,3.368,3.342,3.384,3.307,471793.0,512500,sh,中证500ETF华夏
2022-07-25,3.331,3.312,3.353,3.3,419548.0,512500,sh,中证500ETF华夏
2022-07-26,3.31,3.351,3.361,3.301,421596.0,512500,sh,中证500ETF华夏
2022-07-27,3.351,3.366,3.372,3.333,370868.0,512500,sh,中证500ETF华夏
2022-07-28,3.371,3.372,3.405,3.364,297351.0,512500,sh,中证500ETF华夏
2022-07-29,3.381,3.34,3.384,3.334,528503.0,512500,sh,中证500ETF华夏
2022-08-01,3.331,3.369,3.371,3.32,349034.0,512500,sh,中证500ETF华夏
2022-08-02,3.351,3.289,3.351,3.243,839631.0,512500,sh,中证500ETF华夏
2022-08-03,3.292,3.258,3.335,3.245,647253.0,512500,sh,中证500ETF华夏
2022-08-04,3.283,3.273,3.285,3.227,674039.0,512500,sh,中证500ETF华夏
2022-08-05,3.273,3.336,3.341,3.272,505257.0,512500,sh,中证500ETF华夏
2022-08-08,3.327,3.357,3.365,3.327,309849.0,512500,sh,中证500ETF华夏
2022-08-09,3.357,3.368,3.37,3.34,292919.0,512500,sh,中证500ETF华夏
2022-08-10,3.366,3.362,3.38,3.345,253179.0,512500,sh,中证500ETF华夏
2022-08-11,3.378,3.425,3.426,3.37,463683.0,512500,sh,中证500ETF华夏
2022-08-12,3.42,3.422,3.436,3.411,241794.0,512500,sh,中证500ETF华夏
2022-08-15,3.402,3.423,3.442,3.402,255302.0,512500,sh,中证500ETF华夏
2022-08-16,3.423,3.437,3.458,3.423,250952.0,512500,sh,中证500ETF华夏
2022-08-17,3.437,3.459,3.466,3.418,294260.0,512500,sh,中证500ETF华夏
2022-08-18,3.464,3.445,3.464,3.432,229977.0,512500,sh,中证500ETF华夏
2022-08-19,3.446,3.405,3.453,3.402,369067.0,512500,sh,中证500ETF华夏
2022-08-22,3.4,3.44,3.453,3.386,470170.0,512500,sh,中证500ETF华夏
2022-08-23,3.432,3.443,3.445,3.422,245240.0,512500,sh,中证500ETF华夏
2022-08-24,3.439,3.351,3.446,3.341,427569.0,512500,sh,中证500ETF华夏
2022-08-25,3.355,3.37,3.371,3.321,421561.0,512500,sh,中证500ETF华夏
2022-08-26,3.357,3.361,3.396,3.346,255916.0,512500,sh,中证500ETF华夏
2022-08-29,3.32,3.36,3.366,3.314,485157.0,512500,sh,中证500ETF华夏
2022-08-30,3.353,3.353,3.361,3.326,300407.0,512500,sh,中证500ETF华夏
2022-08-31,3.34,3.28,3.349,3.272,448487.0,512500,sh,中证500ETF华夏
2022-09-01,3.28,3.268,3.307,3.258,284736.0,512500,sh,中证500ETF华夏
2022-09-02,3.275,3.278,3.292,3.263,313481.0,512500,sh,中证500ETF华夏
2022-09-05,3.273,3.289,3.294,3.259,347269.0,512500,sh,中证500ETF华夏
2022-09-06,3.294,3.347,3.35,3.294,246764.0,512500,sh,中证500ETF华夏
2022-09-07,3.337,3.354,3.36,3.333,253565.0,512500,sh,中证500ETF华夏
2022-09-08,3.347,3.342,3.361,3.34,180649.0,512500,sh,中证500ETF华夏
2022-09-09,3.342,3.361,3.372,3.335,290467.0,512500,sh,中证500ETF华夏
2022-09-13,3.372,3.352,3.381,3.349,210554.0,512500,sh,中证500ETF华夏
2022-09-14,3.339,3.329,3.341,3.313,309203.0,512500,sh,中证500ETF华夏
2022-09-15,3.332,3.252,3.342,3.227,387198.0,512500,sh,中证500ETF华夏
2022-09-16,3.244,3.176,3.251,3.169,469266.0,512500,sh,中证500ETF华夏
2022-09-19,3.175,3.155,3.175,3.132,377643.0,512500,sh,中证500ETF华夏
2022-09-20,3.157,3.169,3.2,3.157,306903.0,512500,sh,中证500ETF华夏
2022-09-21,3.169,3.183,3.194,3.133,391472.0,512500,sh,中证500ETF华夏
2022-09-22,3.168,3.178,3.202,3.161,263932.0,512500,sh,中证500ETF华夏
2022-09-23,3.17,3.142,3.185,3.106,416942.0,512500,sh,中证500ETF华夏
2022-09-26,3.128,3.094,3.158,3.092,552237.0,512500,sh,中证500ETF华夏
2022-09-27,3.094,3.15,3.156,3.094,494838.0,512500,sh,中证500ETF华夏
2022-09-28,3.14,3.078,3.148,3.075,370529.0,512500,sh,中证500ETF华夏
2022-09-29,3.098,3.084,3.124,3.059,465297.0,512500,sh,中证500ETF华夏
2022-09-30,3.082,3.042,3.094,3.04,366596.0,512500,sh,中证500ETF华夏
2022-10-10,3.042,3.004,3.07,2.993,372836.0,512500,sh,中证500ETF华夏
2022-10-11,3.003,3.026,3.039,2.992,389389.0,512500,sh,中证500ETF华夏
2022-10-12,3.02,3.097,3.099,2.976,476103.0,512500,sh,中证500ETF华夏
2022-10-13,3.082,3.102,3.126,3.081,321779.0,512500,sh,中证500ETF华夏
2022-10-14,3.118,3.186,3.199,3.118,578952.0,512500,sh,中证500ETF华夏
2022-10-17,3.178,3.198,3.209,3.168,298650.0,512500,sh,中证500ETF华夏
2022-10-18,3.204,3.21,3.232,3.19,338406.0,512500,sh,中证500ETF华夏
2022-10-19,3.211,3.185,3.216,3.179,247006.0,512500,sh,中证500ETF华夏
2022-10-20,3.18,3.173,3.217,3.132,515630.0,512500,sh,中证500ETF华夏
2022-10-21,3.175,3.176,3.193,3.149,465265.0,512500,sh,中证500ETF华夏
2022-10-24,3.174,3.15,3.235,3.115,558803.0,512500,sh,中证500ETF华夏
2022-10-25,3.14,3.126,3.16,3.082,883144.0,512500,sh,中证500ETF华夏
2022-10-26,3.126,3.182,3.209,3.126,473577.0,512500,sh,中证500ETF华夏
2022-10-27,3.185,3.178,3.21,3.176,476549.0,512500,sh,中证500ETF华夏
2022-10-28,3.173,3.078,3.173,3.075,746148.0,512500,sh,中证500ETF华夏
2022-10-31,3.068,3.092,3.126,3.06,594859.0,512500,sh,中证500ETF华夏
2022-11-01,3.102,3.167,3.173,3.081,826463.0,512500,sh,中证500ETF华夏
2022-11-02,3.159,3.193,3.211,3.156,832937.0,512500,sh,中证500ETF华夏
2022-11-03,3.181,3.192,3.205,3.176,589705.0,512500,sh,中证500ETF华夏
2022-11-04,3.193,3.272,3.284,3.193,482677.0,512500,sh,中证500ETF华夏
2022-11-07,3.282,3.267,3.287,3.247,368748.0,512500,sh,中证500ETF华夏
2022-11-08,3.257,3.267,3.268,3.25,238530.0,512500,sh,中证500ETF华夏
2022-11-09,3.26,3.259,3.291,3.255,407164.0,512500,sh,中证500ETF华夏
2022-11-10,3.243,3.246,3.258,3.228,362863.0,512500,sh,中证500ETF华夏
2022-11-11,3.316,3.268,3.334,3.267,613664.0,512500,sh,中证500ETF华夏
2022-11-14,3.263,3.263,3.301,3.255,504077.0,512500,sh,中证500ETF华夏
2022-11-15,3.261,3.317,3.323,3.259,457984.0,512500,sh,中证500ETF华夏
2022-11-16,3.316,3.301,3.332,3.296,278250.0,512500,sh,中证500ETF华夏
2022-11-17,3.301,3.31,3.311,3.272,492986.0,512500,sh,中证500ETF华夏
2022-11-18,3.313,3.304,3.33,3.296,471342.0,512500,sh,中证500ETF华夏
2022-11-21,3.294,3.298,3.303,3.265,275241.0,512500,sh,中证500ETF华夏
2022-11-22,3.297,3.266,3.298,3.252,442377.0,512500,sh,中证500ETF华夏
2022-11-23,3.257,3.258,3.273,3.22,381691.0,512500,sh,中证500ETF华夏
2022-11-24,3.261,3.261,3.279,3.246,334231.0,512500,sh,中证500ETF华夏
2022-11-25,3.258,3.243,3.258,3.226,517902.0,512500,sh,中证500ETF华夏
2022-11-28,3.223,3.226,3.231,3.178,367550.0,512500,sh,中证500ETF华夏
2022-11-29,3.232,3.28,3.293,3.23,365776.0,512500,sh,中证500ETF华夏
2022-11-30,3.273,3.272,3.293,3.258,228217.0,512500,sh,中证500ETF华夏
2022-12-01,3.29,3.291,3.322,3.29,299002.0,512500,sh,中证500ETF华夏
2022-12-02,3.284,3.285,3.31,3.28,320187.0,512500,sh,中证500ETF华夏
2022-12-05,3.3,3.303,3.313,3.291,316949.0,512500,sh,中证500ETF华夏
2022-12-06,3.297,3.304,3.328,3.289,350033.0,512500,sh,中证500ETF华夏
2022-12-07,3.3,3.299,3.324,3.288,208182.0,512500,sh,中证500ETF华夏
2022-12-08,3.3,3.291,3.301,3.28,246534.0,512500,sh,中证500ETF华夏
2022-12-09,3.291,3.295,3.308,3.274,350994.0,512500,sh,中证500ETF华夏
2022-12-12,3.295,3.282,3.295,3.273,720478.0,512500,sh,中证500ETF华夏
2022-12-13,3.283,3.265,3.284,3.258,615310.0,512500,sh,中证500ETF华夏
2022-12-14,3.257,3.25,3.274,3.238,564159.0,512500,sh,中证500ETF华夏
2022-12-15,3.25,3.254,3.258,3.236,489782.0,512500,sh,中证500ETF华夏
2022-12-16,3.24,3.242,3.246,3.223,722703.0,512500,sh,中证500ETF华夏
2022-12-19,3.247,3.172,3.247,3.157,523509.0,512500,sh,中证500ETF华夏
2022-12-20,3.17,3.14,3.17,3.125,536023.0,512500,sh,中证500ETF华夏
2022-12-21,3.136,3.118,3.146,3.1,374478.0,512500,sh,中证500ETF华夏
2022-12-22,3.127,3.085,3.133,3.067,430517.0,512500,sh,中证500ETF华夏
2022-12-23,3.078,3.076,3.1,3.054,496916.0,512500,sh,中证500ETF华夏
2022-12-26,3.091,3.115,3.122,3.076,440396.0,512500,sh,中证500ETF华夏
2022-12-27,3.126,3.136,3.138,3.108,295365.0,512500,sh,中证500ETF华夏
2022-12-28,3.133,3.127,3.137,3.117,304369.0,512500,sh,中证500ETF华夏
2022-12-29,3.124,3.122,3.146,3.11,227938.0,512500,sh,中证500ETF华夏
2022-12-30,3.131,3.124,3.138,3.114,407168.0,512500,sh,中证500ETF华夏
2023-01-03,3.123,3.17,3.178,3.112,469583.0,512500,sh,中证500ETF华夏
2023-01-04,3.17,3.17,3.179,3.155,253298.0,512500,sh,中证500ETF华夏
2023-01-05,3.174,3.204,3.212,3.171,533355.0,512500,sh,中证500ETF华夏
2023-01-06,3.204,3.206,3.227,3.197,250096.0,512500,sh,中证500ETF华夏
2023-01-09,3.207,3.216,3.236,3.207,319491.0,512500,sh,中证500ETF华夏
2023-01-10,3.211,3.219,3.225,3.207,167243.0,512500,sh,中证500ETF华夏
2023-01-11,3.219,3.208,3.235,3.201,275923.0,512500,sh,中证500ETF华夏
2023-01-12,3.204,3.205,3.225,3.197,184537.0,512500,sh,中证500ETF华夏
2023-01-13,3.206,3.232,3.234,3.206,273747.0,512500,sh,中证500ETF华夏
2023-01-16,3.235,3.263,3.291,3.235,346228.0,512500,sh,中证500ETF华夏
2023-01-17,3.264,3.267,3.276,3.259,261611.0,512500,sh,中证500ETF华夏
2023-01-18,3.269,3.277,3.291,3.269,292883.0,512500,sh,中证500ETF华夏
2023-01-19,3.277,3.312,3.312,3.267,281279.0,512500,sh,中证500ETF华夏
2023-01-20,3.309,3.335,3.338,3.308,351141.0,512500,sh,中证500ETF华夏
2023-01-30,3.35,3.345,3.39,3.342,315105.0,512500,sh,中证500ETF华夏
2023-01-31,3.348,3.351,3.365,3.337,286145.0,512500,sh,中证500ETF华夏
2023-02-01,3.35,3.385,3.39,3.35,313177.0,512500,sh,中证500ETF华夏
2023-02-02,3.394,3.391,3.41,3.377,252051.0,512500,sh,中证500ETF华夏
2023-02-03,3.381,3.378,3.387,3.34,384371.0,512500,sh,中证500ETF华夏
2023-02-06,3.361,3.359,3.37,3.341,270760.0,512500,sh,中证500ETF华夏
2023-02-07,3.36,3.362,3.366,3.338,435559.0,512500,sh,中证500ETF华夏
2023-02-08,3.362,3.338,3.369,3.333,479975.0,512500,sh,中证500ETF华夏
2023-02-09,3.331,3.387,3.389,3.33,242568.0,512500,sh,中证500ETF华夏
2023-02-10,3.386,3.38,3.389,3.352,413034.0,512500,sh,中证500ETF华夏
2023-02-13,3.372,3.4,3.4,3.369,467140.0,512500,sh,中证500ETF华夏
2023-02-14,3.398,3.407,3.415,3.391,159997.0,512500,sh,中证500ETF华夏
2023-02-15,3.407,3.399,3.415,3.389,168916.0,512500,sh,中证500ETF华夏
2023-02-16,3.397,3.353,3.428,3.333,417776.0,512500,sh,中证500ETF华夏
2023-02-17,3.352,3.324,3.362,3.318,461393.0,512500,sh,中证500ETF华夏
2023-02-20,3.33,3.378,3.383,3.312,414871.0,512500,sh,中证500ETF华夏
2023-02-21,3.38,3.398,3.409,3.373,541698.0,512500,sh,中证500ETF华夏
2023-02-22,3.389,3.4,3.408,3.38,584279.0,512500,sh,中证500ETF华夏
2023-02-23,3.396,3.39,3.405,3.367,670668.0,512500,sh,中证500ETF华夏
2023-02-24,3.383,3.381,3.396,3.357,354601.0,512500,sh,中证500ETF华夏
2023-02-27,3.364,3.363,3.38,3.346,307073.0,512500,sh,中证500ETF华夏
2023-02-28,3.367,3.386,3.39,3.35,406304.0,512500,sh,中证500ETF华夏
2023-03-01,3.384,3.407,3.414,3.379,303909.0,512500,sh,中证500ETF华夏
2023-03-02,3.4,3.4,3.415,3.393,438079.0,512500,sh,中证500ETF华夏
2023-03-03,3.406,3.4,3.409,3.377,691730.0,512500,sh,中证500ETF华夏
2023-03-06,3.4,3.402,3.413,3.385,307794.0,512500,sh,中证500ETF华夏
2023-03-07,3.396,3.348,3.403,3.347,523697.0,512500,sh,中证500ETF华夏
2023-03-08,3.344,3.354,3.36,3.336,259367.0,512500,sh,中证500ETF华夏
2023-03-09,3.364,3.35,3.364,3.332,219936.0,512500,sh,中证500ETF华夏
2023-03-10,3.342,3.31,3.342,3.305,244963.0,512500,sh,中证500ETF华夏
2023-03-13,3.304,3.327,3.328,3.297,220026.0,512500,sh,中证500ETF华夏
2023-03-14,3.327,3.298,3.327,3.27,361071.0,512500,sh,中证500ETF华夏
2023-03-15,3.314,3.316,3.333,3.311,210831.0,512500,sh,中证500ETF华夏
2023-03-16,3.32,3.275,3.32,3.268,311784.0,512500,sh,中证500ETF华夏
2023-03-17,3.304,3.295,3.324,3.285,639423.0,512500,sh,中证500ETF华夏
2023-03-20,3.3,3.284,3.307,3.277,286349.0,512500,sh,中证500ETF华夏
2023-03-21,3.306,3.319,3.321,3.293,454564.0,512500,sh,中证500ETF华夏
2023-03-22,3.324,3.334,3.338,3.324,360018.0,512500,sh,中证500ETF华夏
2023-03-23,3.338,3.355,3.355,3.327,241066.0,512500,sh,中证500ETF华夏
2023-03-24,3.355,3.358,3.36,3.343,365690.0,512500,sh,中证500ETF华夏
2023-03-27,3.357,3.357,3.363,3.334,395046.0,512500,sh,中证500ETF华夏
2023-03-28,3.351,3.35,3.367,3.343,270628.0,512500,sh,中证500ETF华夏
2023-03-29,3.345,3.336,3.359,3.327,213669.0,512500,sh,中证500ETF华夏
2023-03-30,3.33,3.354,3.355,3.315,295548.0,512500,sh,中证500ETF华夏
2023-03-31,3.354,3.377,3.378,3.351,238599.0,512500,sh,中证500ETF华夏
2023-04-03,3.383,3.411,3.42,3.383,381838.0,512500,sh,中证500ETF华夏
2023-04-04,3.412,3.415,3.417,3.397,174962.0,512500,sh,中证500ETF华夏
2023-04-06,3.411,3.414,3.42,3.403,204684.0,512500,sh,中证500ETF华夏
2023-04-07,3.414,3.439,3.444,3.414,250835.0,512500,sh,中证500ETF华夏
2023-04-10,3.439,3.416,3.443,3.411,271459.0,512500,sh,中证500ETF华夏
2023-04-11,3.415,3.416,3.43,3.404,784498.0,512500,sh,中证500ETF华夏
2023-04-12,3.414,3.428,3.43,3.413,714014.0,512500,sh,中证500ETF华夏
2023-04-13,3.429,3.411,3.43,3.409,176301.0,512500,sh,中证500ETF华夏
2023-04-14,3.411,3.422,3.432,3.407,190285.0,512500,sh,中证500ETF华夏
2023-04-17,3.412,3.437,3.438,3.412,161208.0,512500,sh,中证500ETF华夏
2023-04-18,3.434,3.431,3.437,3.414,163831.0,512500,sh,中证500ETF华夏
2023-04-19,3.429,3.416,3.435,3.408,103402.0,512500,sh,中证500ETF华夏
2023-04-20,3.412,3.41,3.412,3.397,377842.0,512500,sh,中证500ETF华夏
2023-04-21,3.41,3.335,3.41,3.331,325903.0,512500,sh,中证500ETF华夏
2023-04-24,3.336,3.312,3.338,3.297,248811.0,512500,sh,中证500ETF华夏
2023-04-25,3.315,3.257,3.315,3.223,479300.0,512500,sh,中证500ETF华夏
2023-04-26,3.249,3.272,3.285,3.248,384817.0,512500,sh,中证500ETF华夏
2023-04-27,3.271,3.285,3.301,3.264,363453.0,512500,sh,中证500ETF华夏
2023-04-28,3.286,3.332,3.335,3.279,705413.0,512500,sh,中证500ETF华夏
2023-05-04,3.311,3.332,3.334,3.309,176395.0,512500,sh,中证500ETF华夏
2023-05-05,3.328,3.304,3.332,3.288,237183.0,512500,sh,中证500ETF华夏
2023-05-08,3.303,3.324,3.336,3.302,192581.0,512500,sh,中证500ETF华夏
2023-05-09,3.325,3.291,3.339,3.291,275295.0,512500,sh,中证500ETF华夏
2023-05-10,3.291,3.286,3.307,3.274,176142.0,512500,sh,中证500ETF华夏
2023-05-11,3.3,3.277,3.3,3.275,128228.0,512500,sh,中证500ETF华夏
2023-05-12,3.276,3.243,3.294,3.242,349767.0,512500,sh,中证500ETF华夏
2023-05-15,3.248,3.282,3.286,3.224,403635.0,512500,sh,中证500ETF华夏
2023-05-16,3.279,3.26,3.282,3.252,196198.0,512500,sh,中证500ETF华夏
2023-05-17,3.26,3.261,3.275,3.248,258071.0,512500,sh,中证500ETF华夏
2023-05-18,3.261,3.267,3.281,3.252,238880.0,512500,sh,中证500ETF华夏
2023-05-19,3.269,3.27,3.287,3.247,339139.0,512500,sh,中证500ETF华夏
2023-05-22,3.27,3.268,3.28,3.25,237484.0,512500,sh,中证500ETF华夏
2023-05-23,3.268,3.233,3.27,3.232,569231.0,512500,sh,中证500ETF华夏
2023-05-24,3.225,3.208,3.239,3.204,375230.0,512500,sh,中证500ETF华夏
2023-05-25,3.201,3.207,3.223,3.164,507502.0,512500,sh,中证500ETF华夏
2023-05-26,3.2,3.222,3.233,3.184,384154.0,512500,sh,中证500ETF华夏
2023-05-29,3.222,3.223,3.239,3.212,459463.0,512500,sh,中证500ETF华夏
2023-05-30,3.223,3.239,3.242,3.19,464051.0,512500,sh,中证500ETF华夏
2023-05-31,3.239,3.24,3.243,3.218,794377.0,512500,sh,中证500ETF华夏
2023-06-01,3.247,3.239,3.262,3.217,391235.0,512500,sh,中证500ETF华夏
2023-06-02,3.25,3.266,3.276,3.243,448010.0,512500,sh,中证500ETF华夏
2023-06-05,3.268,3.26,3.268,3.252,178025.0,512500,sh,中证500ETF华夏
2023-06-06,3.25,3.198,3.259,3.195,240694.0,512500,sh,中证500ETF华夏
2023-06-07,3.208,3.203,3.22,3.199,267388.0,512500,sh,中证500ETF华夏
2023-06-08,3.203,3.199,3.213,3.175,371359.0,512500,sh,中证500ETF华夏
2023-06-09,3.202,3.221,3.23,3.198,420616.0,512500,sh,中证500ETF华夏
2023-06-12,3.215,3.233,3.244,3.215,436756.0,512500,sh,中证500ETF华夏
2023-06-13,3.24,3.241,3.249,3.225,393665.0,512500,sh,中证500ETF华夏
2023-06-14,3.249,3.249,3.261,3.242,566971.0,512500,sh,中证500ETF华夏
2023-06-15,3.248,3.28,3.283,3.248,257151.0,512500,sh,中证500ETF华夏
2023-06-16,3.275,3.304,3.314,3.27,455543.0,512500,sh,中证500ETF华夏
2023-06-19,3.316,3.295,3.316,3.29,426228.0,512500,sh,中证500ETF华夏
2023-06-20,3.295,3.294,3.305,3.282,474912.0,512500,sh,中证500ETF华夏
2023-06-21,3.281,3.226,3.284,3.224,662878.0,512500,sh,中证500ETF华夏
2023-06-26,3.213,3.17,3.217,3.166,821898.0,512500,sh,中证500ETF华夏
2023-06-27,3.181,3.198,3.202,3.173,404100.0,512500,sh,中证500ETF华夏
2023-06-28,3.2,3.202,3.203,3.153,497631.0,512500,sh,中证500ETF华夏
2023-06-29,3.202,3.2,3.211,3.188,309159.0,512500,sh,中证500ETF华夏
2023-06-30,3.191,3.235,3.241,3.191,398885.0,512500,sh,中证500ETF华夏
2023-07-03,3.245,3.253,3.263,3.233,526711.0,512500,sh,中证500ETF华夏
2023-07-04,3.251,3.259,3.261,3.249,326436.0,512500,sh,中证500ETF华夏
2023-07-05,3.25,3.246,3.262,3.237,444208.0,512500,sh,中证500ETF华夏
2023-07-06,3.23,3.225,3.258,3.223,605748.0,512500,sh,中证500ETF华夏
2023-07-07,3.212,3.22,3.23,3.202,457144.0,512500,sh,中证500ETF华夏
2023-07-10,3.226,3.228,3.243,3.213,324961.0,512500,sh,中证500ETF华夏
2023-07-11,3.227,3.254,3.256,3.225,369508.0,512500,sh,中证500ETF华夏
2023-07-12,3.256,3.222,3.257,3.219,304922.0,512500,sh,中证500ETF华夏
2023-07-13,3.225,3.265,3.267,3.225,340792.0,512500,sh,中证500ETF华夏
2023-07-14,3.269,3.255,3.271,3.254,278647.0,512500,sh,中证500ETF华夏
2023-07-17,3.251,3.246,3.255,3.229,459221.0,512500,sh,中证500ETF华夏
2023-07-18,3.241,3.242,3.252,3.229,546589.0,512500,sh,中证500ETF华夏
2023-07-19,3.238,3.238,3.25,3.221,396753.0,512500,sh,中证500ETF华夏
2023-07-20,3.24,3.201,3.248,3.197,706887.0,512500,sh,中证500ETF华夏
2023-07-21,3.203,3.203,3.225,3.193,421218.0,512500,sh,中证500ETF华夏
2023-07-24,3.197,3.199,3.221,3.188,595311.0,512500,sh,中证500ETF华夏
2023-07-25,3.234,3.249,3.253,3.23,485097.0,512500,sh,中证500ETF华夏
2023-07-26,3.238,3.243,3.251,3.233,440969.0,512500,sh,中证500ETF华夏
2023-07-27,3.242,3.222,3.25,3.216,511669.0,512500,sh,中证500ETF华夏
2023-07-28,3.212,3.269,3.274,3.206,519507.0,512500,sh,中证500ETF华夏
2023-07-31,3.269,3.288,3.322,3.269,746714.0,512500,sh,中证500ETF华夏
2023-08-01,3.284,3.292,3.306,3.284,539090.0,512500,sh,中证500ETF华夏
2023-08-02,3.289,3.281,3.302,3.271,589047.0,512500,sh,中证500ETF华夏
2023-08-03,3.274,3.292,3.293,3.265,424135.0,512500,sh,中证500ETF华夏
2023-08-04,3.31,3.309,3.331,3.296,577511.0,512500,sh,中证500ETF华夏
2023-08-07,3.308,3.293,3.31,3.287,825897.0,512500,sh,中证500ETF华夏
2023-08-08,3.28,3.281,3.293,3.266,405957.0,512500,sh,中证500ETF华夏
2023-08-09,3.261,3.257,3.28,3.254,863110.0,512500,sh,中证500ETF华夏
2023-08-10,3.257,3.256,3.269,3.245,1189378.0,512500,sh,中证500ETF华夏
2023-08-11,3.258,3.199,3.258,3.197,1077780.0,512500,sh,中证500ETF华夏
2023-08-14,3.185,3.199,3.203,3.154,704730.0,512500,sh,中证500ETF华夏
2023-08-15,3.199,3.18,3.208,3.155,602395.0,512500,sh,中证500ETF华夏
2023-08-16,3.18,3.156,3.183,3.156,833012.0,512500,sh,中证500ETF华夏
2023-08-17,3.153,3.175,3.182,3.127,718378.0,512500,sh,中证500ETF华夏
2023-08-18,3.189,3.128,3.192,3.125,553202.0,512500,sh,中证500ETF华夏
2023-08-21,3.123,3.088,3.14,3.085,628269.0,512500,sh,中证500ETF华夏
2023-08-22,3.096,3.101,3.112,3.053,685496.0,512500,sh,中证500ETF华夏
2023-08-23,3.095,3.044,3.095,3.038,634195.0,512500,sh,中证500ETF华夏
2023-08-24,3.055,3.053,3.083,3.039,579542.0,512500,sh,中证500ETF华夏
2023-08-25,3.041,3.017,3.057,3.002,783523.0,512500,sh,中证500ETF华夏
2023-08-28,3.225,3.055,3.225,3.04,1017123.0,512500,sh,中证500ETF华夏
2023-08-29,3.042,3.116,3.134,3.041,2732606.0,512500,sh,中证500ETF华夏
2023-08-30,3.129,3.119,3.145,3.11,1127604.0,512500,sh,中证500ETF华夏
2023-08-31,3.11,3.105,3.126,3.097,920109.0,512500,sh,中证500ETF华夏
2023-09-01,3.116,3.109,3.123,3.099,619624.0,512500,sh,中证500ETF华夏
2023-09-04,3.125,3.149,3.154,3.112,1384838.0,512500,sh,中证500ETF华夏
2023-09-05,3.139,3.129,3.149,3.123,1454874.0,512500,sh,中证500ETF华夏
2023-09-06,3.126,3.128,3.137,3.107,1380006.0,512500,sh,中证500ETF华夏
2023-09-07,3.115,3.084,3.124,3.08,1025650.0,512500,sh,中证500ETF华夏
2023-09-08,3.07,3.08,3.095,3.07,1272004.0,512500,sh,中证500ETF华夏
2023-09-11,3.082,3.117,3.136,3.081,1287309.0,512500,sh,中证500ETF华夏
2023-09-12,3.12,3.119,3.129,3.113,983687.0,512500,sh,中证500ETF华夏
2023-09-13,3.119,3.089,3.119,3.072,1456177.0,512500,sh,中证500ETF华夏
2023-09-14,3.083,3.085,3.089,3.067,955985.0,512500,sh,中证500ETF华夏
2023-09-15,3.087,3.088,3.106,3.071,1023059.0,512500,sh,中证500ETF华夏
2023-09-18,3.08,3.092,3.103,3.064,3073506.0,512500,sh,中证500ETF华夏
2023-09-19,3.092,3.079,3.092,3.068,1521963.0,512500,sh,中证500ETF华夏
2023-09-20,3.071,3.06,3.079,3.058,1475663.0,512500,sh,中证500ETF华夏
2023-09-21,3.06,3.033,3.066,3.031,1445639.0,512500,sh,中证500ETF华夏
2023-09-22,3.033,3.086,3.086,3.032,1891650.0,512500,sh,中证500ETF华夏
2023-09-25,3.089,3.068,3.089,3.059,1487635.0,512500,sh,中证500ETF华夏
2023-09-26,3.066,3.057,3.074,3.056,1772833.0,512500,sh,中证500ETF华夏
2023-09-27,3.056,3.071,3.085,3.056,2362498.0,512500,sh,中证500ETF华夏
2023-09-28,3.073,3.075,3.081,3.067,1890127.0,512500,sh,中证500ETF华夏
2023-10-09,3.068,3.056,3.074,3.042,1761667.0,512500,sh,中证500ETF华夏
2023-10-10,3.058,3.044,3.074,3.04,1443269.0,512500,sh,中证500ETF华夏
2023-10-11,3.044,3.041,3.071,3.033,1349285.0,512500,sh,中证500ETF华夏
2023-10-12,3.057,3.061,3.066,3.048,1258495.0,512500,sh,中证500ETF华夏
2023-10-13,3.05,3.048,3.051,3.037,1056383.0,512500,sh,中证500ETF华夏
2023-10-16,3.044,3.019,3.05,3.006,1177353.0,512500,sh,中证500ETF华夏
2023-10-17,3.02,3.024,3.026,3.004,1511273.0,512500,sh,中证500ETF华夏
2023-10-18,3.015,2.988,3.021,2.981,1007852.0,512500,sh,中证500ETF华夏
2023-10-19,2.982,2.952,2.989,2.95,1330229.0,512500,sh,中证500ETF华夏
2023-10-20,2.95,2.932,2.959,2.922,1441516.0,512500,sh,中证500ETF华夏
2023-10-23,2.929,2.857,2.929,2.845,1583704.0,512500,sh,中证500ETF华夏
2023-10-24,2.87,2.887,2.895,2.855,1826057.0,512500,sh,中证500ETF华夏
2023-10-25,2.902,2.899,2.931,2.898,1358354.0,512500,sh,中证500ETF华夏
2023-10-26,2.898,2.915,2.923,2.883,1095081.0,512500,sh,中证500ETF华夏
2023-10-27,2.905,2.97,2.984,2.905,1221451.0,512500,sh,中证500ETF华夏
2023-10-30,2.962,2.994,3.006,2.962,931970.0,512500,sh,中证500ETF华夏
2023-10-31,2.989,2.99,2.999,2.973,1388624.0,512500,sh,中证500ETF华夏
2023-11-01,2.995,2.98,2.995,2.968,972780.0,512500,sh,中证500ETF华夏
2023-11-02,2.98,2.954,2.99,2.95,721263.0,512500,sh,中证500ETF华夏
2023-11-03,2.957,2.976,2.996,2.955,2065324.0,512500,sh,中证500ETF华夏
2023-11-06,2.991,3.025,3.03,2.991,1723979.0,512500,sh,中证500ETF华夏
2023-11-07,3.024,3.029,3.043,3.013,1046311.0,512500,sh,中证500ETF华夏
2023-11-08,3.024,3.027,3.042,3.01,1180679.0,512500,sh,中证500ETF华夏
2023-11-09,3.029,3.022,3.048,3.013,1361550.0,512500,sh,中证500ETF华夏
2023-11-10,3.019,3.009,3.019,2.997,1468005.0,512500,sh,中证500ETF华夏
2023-11-13,3.009,3.024,3.027,3.002,1547039.0,512500,sh,中证500ETF华夏
2023-11-14,3.024,3.04,3.045,3.023,1590239.0,512500,sh,中证500ETF华夏
2023-11-15,3.07,3.057,3.072,3.048,1725950.0,512500,sh,中证500ETF华夏
2023-11-16,3.054,3.03,3.054,3.029,991172.0,512500,sh,中证500ETF华夏
2023-11-17,3.025,3.038,3.039,3.02,1222156.0,512500,sh,中证500ETF华夏
2023-11-20,3.038,3.056,3.064,3.026,1283405.0,512500,sh,中证500ETF华夏
2023-11-21,3.059,3.048,3.08,3.042,868247.0,512500,sh,中证500ETF华夏
2023-11-22,3.032,3.01,3.047,3.008,1165611.0,512500,sh,中证500ETF华夏
2023-11-23,3.007,3.037,3.041,2.994,1450972.0,512500,sh,中证500ETF华夏
2023-11-24,3.037,3.01,3.037,2.999,1866356.0,512500,sh,中证500ETF华夏
2023-11-27,3.01,3.005,3.014,2.986,1251884.0,512500,sh,中证500ETF华夏
2023-11-28,3.005,3.021,3.024,2.982,998296.0,512500,sh,中证500ETF华夏
2023-11-29,3.018,3.006,3.018,2.997,729455.0,512500,sh,中证500ETF华夏
2023-11-30,2.999,2.994,3.006,2.976,659807.0,512500,sh,中证500ETF华夏
2023-12-01,2.986,3.007,3.014,2.98,817935.0,512500,sh,中证500ETF华夏
2023-12-04,3.02,3.0,3.021,3.0,690965.0,512500,sh,中证500ETF华夏
2023-12-05,2.994,2.95,2.996,2.947,613704.0,512500,sh,中证500ETF华夏
2023-12-06,2.951,2.958,2.98,2.941,872951.0,512500,sh,中证500ETF华夏
2023-12-07,2.95,2.963,2.973,2.938,1398125.0,512500,sh,中证500ETF华夏
2023-12-08,2.965,2.968,2.983,2.96,1481006.0,512500,sh,中证500ETF华夏
2023-12-11,2.964,3.008,3.014,2.937,2137663.0,512500,sh,中证500ETF华夏
2023-12-12,3.017,3.006,3.017,2.994,1053391.0,512500,sh,中证500ETF华夏
2023-12-13,3.001,2.974,3.001,2.97,1498930.0,512500,sh,中证500ETF华夏
2023-12-14,2.981,2.965,3.001,2.959,967318.0,512500,sh,中证500ETF华夏
2023-12-15,2.977,2.942,2.979,2.935,1648295.0,512500,sh,中证500ETF华夏
2023-12-18,2.943,2.911,2.943,2.902,1066825.0,512500,sh,中证500ETF华夏
2023-12-19,2.909,2.904,2.92,2.886,1471730.0,512500,sh,中证500ETF华夏
2023-12-20,2.904,2.872,2.911,2.868,1198927.0,512500,sh,中证500ETF华夏
2023-12-21,2.864,2.879,2.892,2.837,1630026.0,512500,sh,中证500ETF华夏
2023-12-22,2.879,2.869,2.897,2.855,1679646.0,512500,sh,中证500ETF华夏
2023-12-25,2.861,2.865,2.884,2.855,1494902.0,512500,sh,中证500ETF华夏
2023-12-26,2.873,2.841,2.873,2.829,2275270.0,512500,sh,中证500ETF华夏
2023-12-27,2.839,2.848,2.859,2.824,1328336.0,512500,sh,中证500ETF华夏
2023-12-28,2.842,2.904,2.917,2.842,2593814.0,512500,sh,中证500ETF华夏
2023-12-29,2.904,2.932,2.937,2.898,1708808.0,512500,sh,中证500ETF华夏
2024-01-02,2.928,2.917,2.933,2.916,1816837.0,512500,sh,中证500ETF华夏
2024-01-03,2.919,2.917,2.927,2.897,1169034.0,512500,sh,中证500ETF华夏
2024-01-04,2.905,2.894,2.907,2.875,1800244.0,512500,sh,中证500ETF华夏
2024-01-05,2.891,2.851,2.897,2.84,993771.0,512500,sh,中证500ETF华夏
2024-01-08,2.84,2.781,2.854,2.78,1540131.0,512500,sh,中证500ETF华夏
2024-01-09,2.785,2.801,2.816,2.777,1369198.0,512500,sh,中证500ETF华夏
2024-01-10,2.79,2.782,2.814,2.759,1026851.0,512500,sh,中证500ETF华夏
2024-01-11,2.774,2.819,2.831,2.774,1398260.0,512500,sh,中证500ETF华夏
2024-01-12,2.816,2.804,2.842,2.803,1508259.0,512500,sh,中证500ETF华夏
2024-01-15,2.8,2.8,2.828,2.78,702654.0,512500,sh,中证500ETF华夏
2024-01-16,2.789,2.799,2.814,2.764,1051431.0,512500,sh,中证500ETF华夏
2024-01-17,2.778,2.732,2.792,2.73,591819.0,512500,sh,中证500ETF华夏
2024-01-18,2.728,2.735,2.738,2.655,1034379.0,512500,sh,中证500ETF华夏
2024-01-19,2.717,2.715,2.74,2.707,940265.0,512500,sh,中证500ETF华夏
2024-01-22,2.714,2.586,2.714,2.567,730791.0,512500,sh,中证500ETF华夏
2024-01-23,2.578,2.627,2.641,2.546,952644.0,512500,sh,中证500ETF华夏
2024-01-24,2.639,2.662,2.67,2.568,996163.0,512500,sh,中证500ETF华夏
2024-01-25,2.66,2.74,2.742,2.644,1695203.0,512500,sh,中证500ETF华夏
2024-01-26,2.73,2.713,2.742,2.7,944772.0,512500,sh,中证500ETF华夏
2024-01-29,2.724,2.662,2.727,2.661,602198.0,512500,sh,中证500ETF华夏
2024-01-30,2.657,2.599,2.667,2.593,697162.0,512500,sh,中证500ETF华夏
2024-01-31,2.595,2.538,2.608,2.533,843200.0,512500,sh,中证500ETF华夏
2024-02-01,2.531,2.53,2.577,2.495,1012278.0,512500,sh,中证500ETF华夏
2024-02-02,2.533,2.46,2.553,2.388,1175836.0,512500,sh,中证500ETF华夏
2024-02-05,2.442,2.404,2.484,2.312,1572950.0,512500,sh,中证500ETF华夏
2024-02-06,2.393,2.602,2.613,2.373,3243572.0,512500,sh,中证500ETF华夏
2024-02-07,2.601,2.77,2.775,2.596,1974681.0,512500,sh,中证500ETF华夏
2024-02-08,2.81,2.792,2.909,2.769,6535424.0,512500,sh,中证500ETF华夏
2024-02-19,2.798,2.765,2.822,2.739,13075274.0,512500,sh,中证500ETF华夏
2024-02-20,2.756,2.768,2.775,2.731,1110720.0,512500,sh,中证500ETF华夏
2024-02-21,2.76,2.765,2.834,2.742,1514905.0,512500,sh,中证500ETF华夏
2024-02-22,2.766,2.786,2.797,2.758,1144591.0,512500,sh,中证500ETF华夏
2024-02-23,2.783,2.8,2.803,2.757,1288843.0,512500,sh,中证500ETF华夏
2024-02-26,2.792,2.8,2.834,2.782,1443608.0,512500,sh,中证500ETF华夏
2024-02-27,2.795,2.866,2.869,2.784,1162564.0,512500,sh,中证500ETF华夏
2024-02-28,2.866,2.793,2.905,2.791,1716763.0,512500,sh,中证500ETF华夏
2024-02-29,2.779,2.882,2.888,2.779,3445903.0,512500,sh,中证500ETF华夏
2024-03-01,2.885,2.901,2.909,2.87,2603068.0,512500,sh,中证500ETF华夏
2024-03-04,2.901,2.9,2.913,2.869,970089.0,512500,sh,中证500ETF华夏
2024-03-05,2.88,2.883,2.904,2.875,6991971.0,512500,sh,中证500ETF华夏
2024-03-06,2.878,2.882,2.917,2.857,2190801.0,512500,sh,中证500ETF华夏
2024-03-07,2.879,2.845,2.904,2.843,966883.0,512500,sh,中证500ETF华夏
2024-03-08,2.855,2.884,2.894,2.84,1505724.0,512500,sh,中证500ETF华夏
2024-03-11,2.881,2.936,2.939,2.877,1897332.0,512500,sh,中证500ETF华夏
2024-03-12,2.936,2.923,2.954,2.905,1308919.0,512500,sh,中证500ETF华夏
2024-03-13,2.923,2.918,2.946,2.905,683230.0,512500,sh,中证500ETF华夏
2024-03-14,2.916,2.905,2.937,2.885,1495860.0,512500,sh,中证500ETF华夏
2024-03-15,2.907,2.945,2.945,2.886,1642471.0,512500,sh,中证500ETF华夏
2024-03-18,2.945,2.985,2.986,2.942,844249.0,512500,sh,中证500ETF华夏
2024-03-19,2.985,2.953,2.985,2.949,1073600.0,512500,sh,中证500ETF华夏
2024-03-20,2.954,2.958,2.967,2.942,940666.0,512500,sh,中证500ETF华夏
2024-03-21,2.967,2.945,2.971,2.938,1638188.0,512500,sh,中证500ETF华夏
2024-03-22,2.941,2.902,2.946,2.885,1014537.0,512500,sh,中证500ETF华夏
2024-03-25,2.89,2.859,2.913,2.851,1163425.0,512500,sh,中证500ETF华夏
2024-03-26,2.858,2.844,2.869,2.826,1331028.0,512500,sh,中证500ETF华夏
2024-03-27,2.837,2.78,2.846,2.778,2054533.0,512500,sh,中证500ETF华夏
2024-03-28,2.784,2.815,2.846,2.784,1507927.0,512500,sh,中证500ETF华夏
2024-03-29,2.807,2.85,2.853,2.806,1541298.0,512500,sh,中证500ETF华夏
2024-04-01,2.855,2.91,2.915,2.855,1267465.0,512500,sh,中证500ETF华夏
2024-04-02,2.904,2.898,2.912,2.883,1709255.0,512500,sh,中证500ETF华夏
2024-04-03,2.898,2.896,2.901,2.88,1376519.0,512500,sh,中证500ETF华夏
2024-04-08,2.894,2.855,2.901,2.853,1401406.0,512500,sh,中证500ETF华夏
2024-04-09,2.855,2.879,2.88,2.852,635881.0,512500,sh,中证500ETF华夏
2024-04-10,2.874,2.844,2.874,2.823,1042589.0,512500,sh,中证500ETF华夏
2024-04-11,2.825,2.859,2.887,2.824,1240170.0,512500,sh,中证500ETF华夏
2024-04-12,2.858,2.843,2.877,2.837,1318543.0,512500,sh,中证500ETF华夏
2024-04-15,2.843,2.88,2.898,2.814,1562242.0,512500,sh,中证500ETF华夏
2024-04-16,2.86,2.804,2.883,2.792,1579034.0,512500,sh,中证500ETF华夏
2024-04-17,2.808,2.878,2.879,2.806,1312222.0,512500,sh,中证500ETF华夏
2024-04-18,2.863,2.881,2.919,2.855,2157837.0,512500,sh,中证500ETF华夏
2024-04-19,2.869,2.861,2.893,2.85,1547778.0,512500,sh,中证500ETF华夏
2024-04-22,2.86,2.84,2.881,2.833,1285380.0,512500,sh,中证500ETF华夏
2024-04-23,2.844,2.808,2.853,2.801,1220949.0,512500,sh,中证500ETF华夏
2024-04-24,2.803,2.838,2.839,2.791,1591594.0,512500,sh,中证500ETF华夏
2024-04-25,2.83,2.834,2.857,2.818,1127790.0,512500,sh,中证500ETF华夏
2024-04-26,2.837,2.894,2.903,2.837,2488023.0,512500,sh,中证500ETF华夏
2024-04-29,2.899,2.953,2.963,2.899,1751279.0,512500,sh,中证500ETF华夏
2024-04-30,2.952,2.933,2.96,2.931,875603.0,512500,sh,中证500ETF华夏
2024-05-06,2.956,2.976,2.987,2.955,1837445.0,512500,sh,中证500ETF华夏
2024-05-07,2.974,2.976,2.99,2.966,937497.0,512500,sh,中证500ETF华夏
2024-05-08,2.975,2.94,2.975,2.937,1343415.0,512500,sh,中证500ETF华夏
2024-05-09,2.95,2.994,3.002,2.948,1301253.0,512500,sh,中证500ETF华夏
2024-05-10,2.995,2.983,3.006,2.961,1779879.0,512500,sh,中证500ETF华夏
2024-05-13,2.962,2.967,2.981,2.942,1033085.0,512500,sh,中证500ETF华夏
2024-05-14,2.961,2.964,2.989,2.955,1220391.0,512500,sh,中证500ETF华夏
2024-05-15,2.965,2.938,2.965,2.933,626751.0,512500,sh,中证500ETF华夏
2024-05-16,2.944,2.929,2.958,2.916,1088020.0,512500,sh,中证500ETF华夏
2024-05-17,2.93,2.963,2.967,2.92,1410871.0,512500,sh,中证500ETF华夏
2024-05-20,2.975,2.979,2.99,2.958,1838733.0,512500,sh,中证500ETF华夏
2024-05-21,2.965,2.958,2.975,2.948,770864.0,512500,sh,中证500ETF华夏
2024-05-22,2.953,2.951,2.962,2.947,382018.0,512500,sh,中证500ETF华夏
2024-05-23,2.95,2.9,2.95,2.889,1018244.0,512500,sh,中证500ETF华夏
2024-05-24,2.895,2.871,2.92,2.869,1134965.0,512500,sh,中证500ETF华夏
2024-05-27,2.873,2.902,2.904,2.854,696134.0,512500,sh,中证500ETF华夏
2024-05-28,2.898,2.875,2.899,2.869,713593.0,512500,sh,中证500ETF华夏
2024-05-29,2.876,2.88,2.902,2.87,1268530.0,512500,sh,中证500ETF华夏
2024-05-30,2.886,2.877,2.898,2.863,795697.0,512500,sh,中证500ETF华夏
2024-05-31,2.877,2.875,2.903,2.874,980228.0,512500,sh,中证500ETF华夏
2024-06-03,2.873,2.853,2.879,2.831,1014821.0,512500,sh,中证500ETF华夏
2024-06-04,2.846,2.892,2.9,2.842,752188.0,512500,sh,中证500ETF华夏
2024-06-05,2.888,2.86,2.895,2.858,706899.0,512500,sh,中证500ETF华夏
2024-06-06,2.868,2.839,2.878,2.828,1039695.0,512500,sh,中证500ETF华夏
2024-06-07,2.851,2.824,2.859,2.808,742333.0,512500,sh,中证500ETF华夏
2024-06-11,2.807,2.833,2.841,2.801,693075.0,512500,sh,中证500ETF华夏
2024-06-12,2.833,2.84,2.85,2.827,421345.0,512500,sh,中证500ETF华夏
2024-06-13,2.845,2.826,2.846,2.815,361866.0,512500,sh,中证500ETF华夏
2024-06-14,2.824,2.839,2.85,2.809,880933.0,512500,sh,中证500ETF华夏
2024-06-17,2.834,2.831,2.841,2.823,497731.0,512500,sh,中证500ETF华夏
2024-06-18,2.835,2.843,2.854,2.831,639478.0,512500,sh,中证500ETF华夏
2024-06-19,2.847,2.814,2.852,2.812,791405.0,512500,sh,中证500ETF华夏
2024-06-20,2.814,2.771,2.822,2.77,776344.0,512500,sh,中证500ETF华夏
2024-06-21,2.771,2.777,2.792,2.762,657479.0,512500,sh,中证500ETF华夏
2024-06-24,2.769,2.721,2.77,2.715,630847.0,512500,sh,中证500ETF华夏
2024-06-25,2.725,2.7,2.73,2.678,983132.0,512500,sh,中证500ETF华夏
2024-06-26,2.699,2.734,2.74,2.679,514870.0,512500,sh,中证500ETF华夏
2024-06-27,2.731,2.689,2.731,2.682,711545.0,512500,sh,中证500ETF华夏
2024-06-28,2.681,2.693,2.731,2.681,737236.0,512500,sh,中证500ETF华夏
2024-07-01,2.697,2.724,2.738,2.685,683565.0,512500,sh,中证500ETF华夏
2024-07-02,2.724,2.699,2.727,2.689,525967.0,512500,sh,中证500ETF华夏
2024-07-03,2.698,2.675,2.703,2.673,749260.0,512500,sh,中证500ETF华夏
2024-07-04,2.685,2.636,2.689,2.632,692413.0,512500,sh,中证500ETF华夏
2024-07-05,2.635,2.659,2.665,2.618,1039353.0,512500,sh,中证500ETF华夏
2024-07-08,2.657,2.615,2.657,2.603,426364.0,512500,sh,中证500ETF华夏
2024-07-09,2.605,2.662,2.673,2.594,887880.0,512500,sh,中证500ETF华夏
2024-07-10,2.66,2.645,2.673,2.643,592841.0,512500,sh,中证500ETF华夏
2024-07-11,2.669,2.697,2.702,2.66,825349.0,512500,sh,中证500ETF华夏
2024-07-12,2.697,2.685,2.698,2.679,450405.0,512500,sh,中证500ETF华夏
2024-07-15,2.68,2.666,2.68,2.659,688421.0,512500,sh,中证500ETF华夏
2024-07-16,2.666,2.675,2.683,2.65,571840.0,512500,sh,中证500ETF华夏
2024-07-17,2.669,2.655,2.677,2.652,456494.0,512500,sh,中证500ETF华夏
2024-07-18,2.646,2.67,2.671,2.621,699146.0,512500,sh,中证500ETF华夏
2024-07-19,2.656,2.67,2.682,2.648,647862.0,512500,sh,中证500ETF华夏
2024-07-22,2.668,2.657,2.677,2.645,351319.0,512500,sh,中证500ETF华夏
2024-07-23,2.656,2.582,2.668,2.581,437422.0,512500,sh,中证500ETF华夏
2024-07-24,2.584,2.552,2.592,2.548,463861.0,512500,sh,中证500ETF华夏
2024-07-25,2.547,2.55,2.58,2.536,464577.0,512500,sh,中证500ETF华夏
2024-07-26,2.551,2.589,2.599,2.551,489605.0,512500,sh,中证500ETF华夏
2024-07-29,2.59,2.574,2.595,2.573,403788.0,512500,sh,中证500ETF华夏
2024-07-30,2.571,2.571,2.581,2.544,567048.0,512500,sh,中证500ETF华夏
2024-07-31,2.575,2.68,2.681,2.564,1600743.0,512500,sh,中证500ETF华夏
2024-08-01,2.677,2.657,2.699,2.645,717922.0,512500,sh,中证500ETF华夏
2024-08-02,2.64,2.622,2.67,2.617,587159.0,512500,sh,中证500ETF华夏
2024-08-05,2.613,2.574,2.656,2.569,825928.0,512500,sh,中证500ETF华夏
2024-08-06,2.6,2.597,2.617,2.569,517195.0,512500,sh,中证500ETF华夏
2024-08-07,2.597,2.599,2.62,2.58,568625.0,512500,sh,中证500ETF华夏
2024-08-08,2.59,2.605,2.625,2.573,530127.0,512500,sh,中证500ETF华夏
2024-08-09,2.61,2.583,2.632,2.582,502794.0,512500,sh,中证500ETF华夏
2024-08-12,2.584,2.582,2.596,2.57,757540.0,512500,sh,中证500ETF华夏
2024-08-13,2.584,2.588,2.59,2.561,966369.0,512500,sh,中证500ETF华夏
2024-08-14,2.59,2.552,2.59,2.552,1042765.0,512500,sh,中证500ETF华夏
2024-08-15,2.551,2.57,2.6,2.545,846062.0,512500,sh,中证500ETF华夏
2024-08-16,2.571,2.556,2.578,2.554,581024.0,512500,sh,中证500ETF华夏
2024-08-19,2.557,2.563,2.592,2.555,845324.0,512500,sh,中证500ETF华夏
2024-08-20,2.563,2.519,2.567,2.512,920977.0,512500,sh,中证500ETF华夏
2024-08-21,2.513,2.513,2.526,2.51,333892.0,512500,sh,中证500ETF华夏
2024-08-22,2.514,2.487,2.519,2.479,855236.0,512500,sh,中证500ETF华夏
2024-08-23,2.482,2.485,2.495,2.474,727720.0,512500,sh,中证500ETF华夏
2024-08-26,2.485,2.486,2.498,2.477,734590.0,512500,sh,中证500ETF华夏
2024-08-27,2.48,2.459,2.481,2.456,806742.0,512500,sh,中证500ETF华夏
2024-08-28,2.452,2.462,2.481,2.452,219348.0,512500,sh,中证500ETF华夏
2024-08-29,2.451,2.497,2.509,2.45,541490.0,512500,sh,中证500ETF华夏
2024-08-30,2.496,2.54,2.579,2.493,993801.0,512500,sh,中证500ETF华夏
2024-09-02,2.541,2.49,2.541,2.486,720224.0,512500,sh,中证500ETF华夏
2024-09-03,2.487,2.515,2.527,2.487,599633.0,512500,sh,中证500ETF华夏
2024-09-04,2.509,2.509,2.533,2.49,465488.0,512500,sh,中证500ETF华夏
2024-09-05,2.507,2.519,2.538,2.507,456353.0,512500,sh,中证500ETF华夏
2024-09-06,2.525,2.488,2.528,2.481,1218921.0,512500,sh,中证500ETF华夏
2024-09-09,2.482,2.468,2.49,2.458,420432.0,512500,sh,中证500ETF华夏
2024-09-10,2.468,2.468,2.481,2.425,723057.0,512500,sh,中证500ETF华夏
2024-09-11,2.464,2.474,2.481,2.452,410382.0,512500,sh,中证500ETF华夏
2024-09-12,2.477,2.465,2.503,2.461,503740.0,512500,sh,中证500ETF华夏
2024-09-13,2.464,2.438,2.471,2.437,526801.0,512500,sh,中证500ETF华夏
2024-09-18,2.438,2.445,2.453,2.404,702489.0,512500,sh,中证500ETF华夏
2024-09-19,2.45,2.481,2.503,2.427,742588.0,512500,sh,中证500ETF华夏
2024-09-20,2.475,2.463,2.475,2.451,1252998.0,512500,sh,中证500ETF华夏
2024-09-23,2.462,2.462,2.493,2.451,1363197.0,512500,sh,中证500ETF华夏
2024-09-24,2.49,2.578,2.579,2.468,2588592.0,512500,sh,中证500ETF华夏
2024-09-25,2.599,2.594,2.658,2.588,1253674.0,512500,sh,中证500ETF华夏
2024-09-26,2.582,2.724,2.724,2.582,1436870.0,512500,sh,中证500ETF华夏
2024-09-27,2.757,2.89,2.928,2.752,1020358.0,512500,sh,中证500ETF华夏
2024-09-30,3.041,3.179,3.179,2.966,1573814.0,512500,sh,中证500ETF华夏
2024-10-08,3.497,3.368,3.497,3.18,1687292.0,512500,sh,中证500ETF华夏
2024-10-09,3.33,3.154,3.7,3.068,1960544.0,512500,sh,中证500ETF华夏
2024-10-10,3.16,3.124,3.22,3.076,1305937.0,512500,sh,中证500ETF华夏
2024-10-11,3.121,2.997,3.121,2.958,1049051.0,512500,sh,中证500ETF华夏
2024-10-14,3.01,3.066,3.081,2.961,1080412.0,512500,sh,中证500ETF华夏
2024-10-15,3.063,2.997,3.101,2.993,833473.0,512500,sh,中证500ETF华夏
2024-10-16,2.97,2.99,3.041,2.961,687125.0,512500,sh,中证500ETF华夏
2024-10-17,3.002,2.966,3.038,2.964,1468835.0,512500,sh,中证500ETF华夏
2024-10-18,2.96,3.087,3.193,2.96,1476384.0,512500,sh,中证500ETF华夏
2024-10-21,3.096,3.12,3.178,3.082,1176245.0,512500,sh,中证500ETF华夏
2024-10-22,3.122,3.15,3.163,3.104,850130.0,512500,sh,中证500ETF华夏
2024-10-23,3.142,3.163,3.209,3.138,958160.0,512500,sh,中证500ETF华夏
2024-10-24,3.15,3.135,3.154,3.117,625247.0,512500,sh,中证500ETF华夏
2024-10-25,3.146,3.184,3.206,3.136,707485.0,512500,sh,中证500ETF华夏
2024-10-28,3.184,3.22,3.227,3.169,642422.0,512500,sh,中证500ETF华夏
2024-10-29,3.221,3.189,3.245,3.181,1640357.0,512500,sh,中证500ETF华夏
2024-10-30,3.188,3.204,3.224,3.168,3386866.0,512500,sh,中证500ETF华夏
2024-10-31,3.202,3.233,3.257,3.183,1517732.0,512500,sh,中证500ETF华夏
2024-11-01,3.22,3.203,3.248,3.179,1121900.0,512500,sh,中证500ETF华夏
2024-11-04,3.203,3.251,3.252,3.2,826876.0,512500,sh,中证500ETF华夏
2024-11-05,3.25,3.363,3.368,3.235,3660882.0,512500,sh,中证500ETF华夏
2024-11-06,3.363,3.351,3.399,3.333,1566500.0,512500,sh,中证500ETF华夏
2024-11-07,3.319,3.419,3.42,3.313,852888.0,512500,sh,中证500ETF华夏
2024-11-08,3.445,3.408,3.468,3.399,1154306.0,512500,sh,中证500ETF华夏
2024-11-11,3.38,3.467,3.474,3.376,1212119.0,512500,sh,中证500ETF华夏
2024-11-12,3.47,3.426,3.493,3.401,2793403.0,512500,sh,中证500ETF华夏
2024-11-13,3.401,3.424,3.446,3.377,1080763.0,512500,sh,中证500ETF华夏
2024-11-14,3.422,3.337,3.422,3.323,2449548.0,512500,sh,中证500ETF华夏
2024-11-15,3.323,3.245,3.339,3.244,1755862.0,512500,sh,中证500ETF华夏
2024-11-18,3.247,3.197,3.271,3.175,1384150.0,512500,sh,中证500ETF华夏
2024-11-19,3.204,3.245,3.25,3.165,1441244.0,512500,sh,中证500ETF华夏
2024-11-20,3.249,3.282,3.294,3.231,972935.0,512500,sh,中证500ETF华夏
2024-11-21,3.283,3.274,3.291,3.255,729502.0,512500,sh,中证500ETF华夏
2024-11-22,3.27,3.153,3.273,3.149,739827.0,512500,sh,中证500ETF华夏
2024-11-25,3.151,3.139,3.162,3.1,1489602.0,512500,sh,中证500ETF华夏
2024-11-26,3.133,3.118,3.159,3.115,663277.0,512500,sh,中证500ETF华夏
2024-11-27,3.106,3.174,3.18,3.073,1173764.0,512500,sh,中证500ETF华夏
2024-11-28,3.176,3.157,3.188,3.147,792653.0,512500,sh,中证500ETF华夏
2024-11-29,3.155,3.205,3.235,3.143,1178019.0,512500,sh,中证500ETF华夏
2024-12-02,3.206,3.251,3.267,3.203,770878.0,512500,sh,中证500ETF华夏
2024-12-03,3.254,3.247,3.265,3.222,837567.0,512500,sh,中证500ETF华夏
2024-12-04,3.245,3.221,3.254,3.204,782202.0,512500,sh,中证500ETF华夏
2024-12-05,3.2,3.231,3.247,3.2,492288.0,512500,sh,中证500ETF华夏
2024-12-06,3.23,3.273,3.294,3.216,1186114.0,512500,sh,中证500ETF华夏
2024-12-09,3.275,3.257,3.285,3.235,943863.0,512500,sh,中证500ETF华夏
2024-12-10,3.457,3.28,3.457,3.273,1588922.0,512500,sh,中证500ETF华夏
2024-12-11,3.278,3.307,3.311,3.271,1749848.0,512500,sh,中证500ETF华夏
2024-12-12,3.308,3.337,3.345,3.297,784011.0,512500,sh,中证500ETF华夏
2024-12-13,3.316,3.29,3.326,3.278,1687347.0,512500,sh,中证500ETF华夏
2024-12-16,3.279,3.238,3.285,3.227,605482.0,512500,sh,中证500ETF华夏
2024-12-17,3.227,3.205,3.248,3.199,795004.0,512500,sh,中证500ETF华夏
2024-12-18,3.21,3.227,3.247,3.206,825882.0,512500,sh,中证500ETF华夏
2024-12-19,3.198,3.237,3.245,3.19,851589.0,512500,sh,中证500ETF华夏
2024-12-20,3.231,3.242,3.266,3.226,578471.0,512500,sh,中证500ETF华夏
2024-12-23,3.231,3.19,3.25,3.187,717979.0,512500,sh,中证500ETF华夏
2024-12-24,3.186,3.229,3.231,3.186,868902.0,512500,sh,中证500ETF华夏
2024-12-25,3.234,3.202,3.234,3.173,739730.0,512500,sh,中证500ETF华夏
2024-12-26,3.2,3.224,3.231,3.197,665444.0,512500,sh,中证500ETF华夏
2024-12-27,3.229,3.233,3.278,3.219,659624.0,512500,sh,中证500ETF华夏
2024-12-30,3.231,3.231,3.248,3.214,521678.0,512500,sh,中证500ETF华夏
2024-12-31,3.231,3.139,3.237,3.135,950478.0,512500,sh,中证500ETF华夏
2025-01-02,3.128,3.045,3.136,3.013,816271.0,512500,sh,中证500ETF华夏
2025-01-03,3.044,2.979,3.057,2.973,1192990.0,512500,sh,中证500ETF华夏
2025-01-06,2.978,2.974,3.006,2.953,924525.0,512500,sh,中证500ETF华夏
2025-01-07,2.979,3.005,3.007,2.963,619176.0,512500,sh,中证500ETF华夏
2025-01-08,2.995,2.993,3.018,2.919,808718.0,512500,sh,中证500ETF华夏
2025-01-09,2.981,2.99,3.011,2.981,669342.0,512500,sh,中证500ETF华夏
2025-01-10,2.985,2.948,3.015,2.947,772787.0,512500,sh,中证500ETF华夏
2025-01-13,2.922,2.951,2.974,2.921,572086.0,512500,sh,中证500ETF华夏
2025-01-14,2.956,3.052,3.061,2.946,1641275.0,512500,sh,中证500ETF华夏
2025-01-15,3.051,3.029,3.051,3.021,769832.0,512500,sh,中证500ETF华夏
2025-01-16,3.033,3.038,3.089,3.017,697340.0,512500,sh,中证500ETF华夏
2025-01-17,3.041,3.062,3.082,3.024,622492.0,512500,sh,中证500ETF华夏
2025-01-20,3.073,3.077,3.107,3.067,637037.0,512500,sh,中证500ETF华夏
2025-01-21,3.086,3.087,3.096,3.053,579124.0,512500,sh,中证500ETF华夏
2025-01-22,3.082,3.076,3.083,3.049,730219.0,512500,sh,中证500ETF华夏
2025-01-23,3.096,3.06,3.136,3.058,912274.0,512500,sh,中证500ETF华夏
2025-01-24,3.058,3.102,3.105,3.057,961311.0,512500,sh,中证500ETF华夏
2025-01-27,3.115,3.059,3.115,3.057,732653.0,512500,sh,中证500ETF华夏
2025-02-05,3.094,3.075,3.094,3.062,533417.0,512500,sh,中证500ETF华夏
2025-02-06,3.075,3.146,3.153,3.067,668679.0,512500,sh,中证500ETF华夏
2025-02-07,3.146,3.2,3.231,3.144,1872045.0,512500,sh,中证500ETF华夏
2025-02-10,3.201,3.227,3.238,3.2,685059.0,512500,sh,中证500ETF华夏
2025-02-11,3.226,3.212,3.227,3.194,462785.0,512500,sh,中证500ETF华夏
2025-02-12,3.211,3.254,3.261,3.203,440383.0,512500,sh,中证500ETF华夏
2025-02-13,3.254,3.241,3.265,3.229,485726.0,512500,sh,中证500ETF华夏
2025-02-14,3.228,3.263,3.269,3.228,354601.0,512500,sh,中证500ETF华夏
2025-02-17,3.276,3.259,3.284,3.235,583977.0,512500,sh,中证500ETF华夏
2025-02-18,3.254,3.206,3.26,3.188,685136.0,512500,sh,中证500ETF华夏
2025-02-19,3.204,3.254,3.261,3.196,371568.0,512500,sh,中证500ETF华夏
2025-02-20,3.254,3.264,3.278,3.243,608724.0,512500,sh,中证500ETF华夏
2025-02-21,3.263,3.317,3.326,3.257,515935.0,512500,sh,中证500ETF华夏
2025-02-24,3.317,3.313,3.328,3.29,816568.0,512500,sh,中证500ETF华夏
2025-02-25,3.267,3.279,3.308,3.261,426955.0,512500,sh,中证500ETF华夏
2025-02-26,3.28,3.313,3.322,3.271,1464532.0,512500,sh,中证500ETF华夏
2025-02-27,3.312,3.305,3.321,3.256,756151.0,512500,sh,中证500ETF华夏
2025-02-28,3.281,3.221,3.292,3.206,931064.0,512500,sh,中证500ETF华夏
2025-03-03,3.222,3.224,3.271,3.209,628502.0,512500,sh,中证500ETF华夏
2025-03-04,3.208,3.252,3.258,3.204,431922.0,512500,sh,中证500ETF华夏
2025-03-05,3.252,3.259,3.266,3.225,984320.0,512500,sh,中证500ETF华夏
2025-03-06,3.268,3.314,3.325,3.268,495346.0,512500,sh,中证500ETF华夏
2025-03-07,3.305,3.296,3.323,3.285,979519.0,512500,sh,中证500ETF华夏
2025-03-10,3.295,3.294,3.307,3.271,1053512.0,512500,sh,中证500ETF华夏
2025-03-11,3.252,3.311,3.312,3.252,810723.0,512500,sh,中证500ETF华夏
2025-03-12,3.317,3.312,3.345,3.307,600630.0,512500,sh,中证500ETF华夏
2025-03-13,3.308,3.284,3.316,3.26,480267.0,512500,sh,中证500ETF华夏
2025-03-14,3.283,3.341,3.345,3.276,794441.0,512500,sh,中证500ETF华夏
2025-03-17,3.355,3.344,3.357,3.339,662831.0,512500,sh,中证500ETF华夏
2025-03-18,3.357,3.36,3.379,3.35,751414.0,512500,sh,中证500ETF华夏
2025-03-19,3.352,3.347,3.358,3.328,833090.0,512500,sh,中证500ETF华夏
2025-03-20,3.344,3.323,3.347,3.32,676302.0,512500,sh,中证500ETF华夏
2025-03-21,3.311,3.274,3.327,3.261,635118.0,512500,sh,中证500ETF华夏
2025-03-24,3.272,3.268,3.28,3.223,671999.0,512500,sh,中证500ETF华夏
2025-03-25,3.27,3.259,3.282,3.247,523726.0,512500,sh,中证500ETF华夏
2025-03-26,3.253,3.258,3.282,3.253,1737626.0,512500,sh,中证500ETF华夏
2025-03-27,3.25,3.265,3.29,3.227,674683.0,512500,sh,中证500ETF华夏
2025-03-28,3.266,3.242,3.274,3.234,615301.0,512500,sh,中证500ETF华夏
2025-03-31,3.228,3.211,3.239,3.178,493912.0,512500,sh,中证500ETF华夏
2025-04-01,3.207,3.229,3.251,3.207,408019.0,512500,sh,中证500ETF华夏
2025-04-02,3.227,3.233,3.256,3.225,431759.0,512500,sh,中证500ETF华夏
2025-04-03,3.205,3.205,3.24,3.19,633463.0,512500,sh,中证500ETF华夏
2025-04-07,3.04,2.888,3.09,2.885,1063728.0,512500,sh,中证500ETF华夏
2025-04-08,2.895,2.918,2.941,2.869,844768.0,512500,sh,中证500ETF华夏
2025-04-09,2.879,2.975,2.995,2.82,707279.0,512500,sh,中证500ETF华夏
2025-04-10,3.018,3.036,3.079,3.018,683616.0,512500,sh,中证500ETF华夏
2025-04-11,3.029,3.055,3.088,3.026,419158.0,512500,sh,中证500ETF华夏
2025-04-14,3.077,3.082,3.102,3.071,411650.0,512500,sh,中证500ETF华夏
2025-04-15,3.082,3.069,3.084,3.051,429769.0,512500,sh,中证500ETF华夏
2025-04-16,3.052,3.041,3.062,3.014,395292.0,512500,sh,中证500ETF华夏
2025-04-17,3.023,3.044,3.073,3.023,255115.0,512500,sh,中证500ETF华夏
2025-04-18,3.044,3.043,3.058,3.029,311396.0,512500,sh,中证500ETF华夏
2025-04-21,3.045,3.09,3.095,3.031,399107.0,512500,sh,中证500ETF华夏
2025-04-22,3.089,3.082,3.097,3.077,226350.0,512500,sh,中证500ETF华夏
2025-04-23,3.095,3.087,3.115,3.077,399230.0,512500,sh,中证500ETF华夏
2025-04-24,3.087,3.075,3.097,3.059,159489.0,512500,sh,中证500ETF华夏
2025-04-25,3.077,3.083,3.107,3.067,186744.0,512500,sh,中证500ETF华夏
2025-04-28,3.091,3.071,3.091,3.061,331500.0,512500,sh,中证500ETF华夏
2025-04-29,3.069,3.073,3.085,3.054,503902.0,512500,sh,中证500ETF华夏
2025-04-30,3.079,3.085,3.095,3.07,388633.0,512500,sh,中证500ETF华夏
2025-05-06,3.097,3.145,3.146,3.097,350720.0,512500,sh,中证500ETF华夏
2025-05-07,3.173,3.149,3.196,3.131,350234.0,512500,sh,中证500ETF华夏
2025-05-08,3.14,3.166,3.174,3.14,261060.0,512500,sh,中证500ETF华夏
2025-05-09,3.161,3.141,3.163,3.125,432243.0,512500,sh,中证500ETF华夏
2025-05-12,3.158,3.178,3.18,3.147,673109.0,512500,sh,中证500ETF华夏
2025-05-13,3.195,3.169,3.202,3.163,394126.0,512500,sh,中证500ETF华夏
2025-05-14,3.169,3.181,3.204,3.152,448816.0,512500,sh,中证500ETF华夏
2025-05-15,3.18,3.138,3.18,3.134,546981.0,512500,sh,中证500ETF华夏
2025-05-16,3.128,3.131,3.146,3.128,641722.0,512500,sh,中证500ETF华夏
2025-05-19,3.13,3.139,3.144,3.107,275145.0,512500,sh,中证500ETF华夏
2025-05-20,3.14,3.153,3.16,3.128,222180.0,512500,sh,中证500ETF华夏
2025-05-21,3.153,3.156,3.16,3.145,235877.0,512500,sh,中证500ETF华夏
2025-05-22,3.146,3.131,3.164,3.13,277601.0,512500,sh,中证500ETF华夏
2025-05-23,3.128,3.106,3.154,3.104,505001.0,512500,sh,中证500ETF华夏
2025-05-26,3.112,3.113,3.13,3.097,242256.0,512500,sh,中证500ETF华夏
2025-05-27,3.111,3.104,3.115,3.092,212381.0,512500,sh,中证500ETF华夏
2025-05-28,3.105,3.101,3.112,3.093,268066.0,512500,sh,中证500ETF华夏
2025-05-29,3.101,3.143,3.149,3.1,454618.0,512500,sh,中证500ETF华夏
2025-05-30,3.13,3.125,3.137,3.113,584534.0,512500,sh,中证500ETF华夏
2025-06-03,3.109,3.128,3.143,3.109,355014.0,512500,sh,中证500ETF华夏
2025-06-04,3.142,3.156,3.162,3.13,394913.0,512500,sh,中证500ETF华夏
2025-06-05,3.156,3.171,3.18,3.146,167247.0,512500,sh,中证500ETF华夏
2025-06-06,3.184,3.175,3.184,3.167,233842.0,512500,sh,中证500ETF华夏
2025-06-09,3.175,3.195,3.21,3.175,637972.0,512500,sh,中证500ETF华夏
2025-06-10,3.199,3.169,3.199,3.151,393269.0,512500,sh,中证500ETF华夏
2025-06-11,3.177,3.19,3.208,3.171,496548.0,512500,sh,中证500ETF华夏
2025-06-12,3.178,3.195,3.2,3.173,351985.0,512500,sh,中证500ETF华夏
2025-06-13,3.193,3.169,3.193,3.157,610917.0,512500,sh,中证500ETF华夏
2025-06-16,3.164,3.183,3.19,3.161,1261037.0,512500,sh,中证500ETF华夏
2025-06-17,3.189,3.174,3.189,3.165,998251.0,512500,sh,中证500ETF华夏
2025-06-18,3.166,3.171,3.177,3.151,159291.0,512500,sh,中证500ETF华夏
2025-06-19,3.168,3.138,3.174,3.126,329753.0,512500,sh,中证500ETF华夏
2025-06-20,3.131,3.12,3.143,3.116,309798.0,512500,sh,中证500ETF华夏
2025-06-23,3.116,3.134,3.142,3.107,326685.0,512500,sh,中证500ETF华夏
2025-06-24,3.137,3.184,3.186,3.136,384751.0,512500,sh,中证500ETF华夏
2025-06-25,3.195,3.245,3.247,3.187,496072.0,512500,sh,中证500ETF华夏
2025-06-26,3.24,3.229,3.251,3.228,430426.0,512500,sh,中证500ETF华夏
2025-06-27,3.233,3.243,3.269,3.229,611949.0,512500,sh,中证500ETF华夏
2025-06-30,3.253,3.272,3.274,3.246,748289.0,512500,sh,中证500ETF华夏
2025-07-01,3.27,3.282,3.285,3.257,271019.0,512500,sh,中证500ETF华夏
2025-07-02,3.279,3.265,3.279,3.251,387109.0,512500,sh,中证500ETF华夏
2025-07-03,3.262,3.275,3.281,3.255,1220903.0,512500,sh,中证500ETF华夏
2025-07-04,3.275,3.272,3.304,3.26,1175922.0,512500,sh,中证500ETF华夏
2025-07-07,3.261,3.263,3.272,3.259,222800.0,512500,sh,中证500ETF华夏
2025-07-08,3.26,3.31,3.313,3.26,188405.0,512500,sh,中证500ETF华夏
2025-07-09,3.31,3.297,3.316,3.293,160258.0,512500,sh,中证500ETF华夏
2025-07-10,3.298,3.311,3.326,3.291,172019.0,512500,sh,中证500ETF华夏
2025-07-11,3.311,3.341,3.362,3.301,640068.0,512500,sh,中证500ETF华夏
2025-07-14,3.34,3.335,3.347,3.331,428821.0,512500,sh,中证500ETF华夏
2025-07-15,3.335,3.335,3.354,3.308,453424.0,512500,sh,中证500ETF华夏
2025-07-16,3.334,3.333,3.361,3.321,446927.0,512500,sh,中证500ETF华夏
2025-07-17,3.327,3.372,3.374,3.327,301566.0,512500,sh,中证500ETF华夏
2025-07-18,3.373,3.384,3.392,3.368,400544.0,512500,sh,中证500ETF华夏
2025-07-21,3.408,3.414,3.416,3.39,374602.0,512500,sh,中证500ETF华夏
2025-07-22,3.416,3.453,3.459,3.411,441462.0,512500,sh,中证500ETF华夏
2025-07-23,3.453,3.44,3.475,3.43,422040.0,512500,sh,中证500ETF华夏
2025-07-24,3.433,3.486,3.495,3.433,502930.0,512500,sh,中证500ETF华夏
2025-07-25,3.492,3.492,3.5,3.478,917338.0,512500,sh,中证500ETF华夏
2025-07-28,3.487,3.504,3.513,3.478,317608.0,512500,sh,中证500ETF华夏
2025-07-29,3.495,3.529,3.531,3.476,272229.0,512500,sh,中证500ETF华夏
2025-07-30,3.521,3.503,3.537,3.481,539261.0,512500,sh,中证500ETF华夏
2025-07-31,3.487,3.454,3.504,3.441,520602.0,512500,sh,中证500ETF华夏
2025-08-01,3.448,3.446,3.471,3.428,232972.0,512500,sh,中证500ETF华夏
2025-08-04,3.44,3.476,3.478,3.431,225731.0,512500,sh,中证500ETF华夏
2025-08-05,3.476,3.498,3.499,3.476,501783.0,512500,sh,中证500ETF华夏
2025-08-06,3.498,3.527,3.53,3.489,703228.0,512500,sh,中证500ETF华夏
2025-08-07,3.527,3.514,3.535,3.492,534189.0,512500,sh,中证500ETF华夏
2025-08-08,3.508,3.51,3.526,3.497,279605.0,512500,sh,中证500ETF华夏
2025-08-11,3.517,3.545,3.557,3.516,427344.0,512500,sh,中证500ETF华夏
2025-08-12,3.545,3.562,3.563,3.531,352169.0,512500,sh,中证500ETF华夏
2025-08-13,3.569,3.613,3.619,3.565,338344.0,512500,sh,中证500ETF华夏
2025-08-14,3.624,3.574,3.624,3.562,514740.0,512500,sh,中证500ETF华夏
2025-08-15,3.558,3.653,3.654,3.558,406329.0,512500,sh,中证500ETF华夏
2025-08-18,3.67,3.7,3.727,3.652,505560.0,512500,sh,中证500ETF华夏
2025-08-19,3.699,3.693,3.722,3.683,437391.0,512500,sh,中证500ETF华夏
2025-08-20,3.683,3.742,3.743,3.657,594926.0,512500,sh,中证500ETF华夏
2025-08-21,3.742,3.726,3.757,3.708,400289.0,512500,sh,中证500ETF华夏
2025-08-22,3.714,3.793,3.795,3.714,704010.0,512500,sh,中证500ETF华夏
2025-08-25,3.88,3.858,3.88,3.812,559106.0,512500,sh,中证500ETF华夏
2025-08-26,3.854,3.866,3.894,3.835,529094.0,512500,sh,中证500ETF华夏
2025-08-27,3.859,3.81,3.927,3.805,500994.0,512500,sh,中证500ETF华夏
2025-08-28,3.8,3.897,3.897,3.775,598461.0,512500,sh,中证500ETF华夏
2025-08-29,3.897,3.926,3.937,3.876,884137.0,512500,sh,中证500ETF华夏
2025-09-01,3.934,3.947,3.951,3.904,301883.0,512500,sh,中证500ETF华夏
2025-09-02,3.942,3.877,3.943,3.835,371632.0,512500,sh,中证500ETF华夏
2025-09-03,3.877,3.813,3.886,3.795,268960.0,512500,sh,中证500ETF华夏
2025-09-04,3.813,3.724,3.836,3.67,464757.0,512500,sh,中证500ETF华夏
2025-09-05,3.727,3.843,3.856,3.707,514087.0,512500,sh,中证500ETF华夏
2025-09-08,3.842,3.882,3.884,3.822,377232.0,512500,sh,中证500ETF华夏
2025-09-09,3.879,3.843,3.883,3.824,253579.0,512500,sh,中证500ETF华夏
2025-09-10,3.828,3.842,3.876,3.814,363925.0,512500,sh,中证500ETF华夏
2025-09-11,3.842,3.96,3.964,3.821,497045.0,512500,sh,中证500ETF华夏
2025-09-12,3.96,3.972,4.0,3.951,405219.0,512500,sh,中证500ETF华夏
2025-09-15,3.968,3.961,3.987,3.954,452536.0,512500,sh,中证500ETF华夏
2025-09-16,3.96,3.994,4.0,3.934,324395.0,512500,sh,中证500ETF华夏
2025-09-17,3.987,4.038,4.04,3.974,426385.0,512500,sh,中证500ETF华夏
2025-09-18,4.027,4.009,4.087,3.959,412427.0,512500,sh,中证500ETF华夏
2025-09-19,4.011,3.985,4.02,3.968,271299.0,512500,sh,中证500ETF华夏
2025-09-22,4.015,4.015,4.019,3.965,222002.0,512500,sh,中证500ETF华夏
2025-09-23,4.012,3.992,4.024,3.914,493905.0,512500,sh,中证500ETF华夏
2025-09-24,3.968,4.074,4.078,3.963,318793.0,512500,sh,中证500ETF华夏
2025-09-25,4.074,4.086,4.104,4.067,267213.0,512500,sh,中证500ETF华夏
2025-09-26,4.068,4.026,4.089,4.025,382408.0,512500,sh,中证500ETF华夏
2025-09-29,4.023,4.094,4.106,4.012,391940.0,512500,sh,中证500ETF华夏
2025-09-30,4.097,4.124,4.135,4.095,518456.0,512500,sh,中证500ETF华夏
2025-10-09,4.15,4.198,4.208,4.134,397057.0,512500,sh,中证500ETF华夏
2025-10-10,4.198,4.113,4.198,4.104,543550.0,512500,sh,中证500ETF华夏
2025-10-13,3.98,4.093,4.111,3.98,832435.0,512500,sh,中证500ETF华夏
2025-10-14,4.13,4.002,4.142,3.983,547056.0,512500,sh,中证500ETF华夏
2025-10-15,3.995,4.059,4.059,3.976,298292.0,512500,sh,中证500ETF华夏
2025-10-16,4.055,4.022,4.06,4.006,487073.0,512500,sh,中证500ETF华夏
2025-10-17,4.022,3.905,4.035,3.9,269396.0,512500,sh,中证500ETF华夏
2025-10-20,3.935,3.926,3.965,3.91,311541.0,512500,sh,中证500ETF华夏
2025-10-21,3.935,3.992,4.003,3.935,281176.0,512500,sh,中证500ETF华夏
2025-10-22,3.955,3.964,3.993,3.948,192743.0,512500,sh,中证500ETF华夏
2025-10-23,3.961,3.973,3.978,3.902,593608.0,512500,sh,中证500ETF华夏
2025-10-24,3.988,4.041,4.042,3.977,414281.0,512500,sh,中证500ETF华夏
2025-10-27,4.068,4.101,4.107,4.061,366617.0,512500,sh,中证500ETF华夏
2025-10-28,4.085,4.081,4.12,4.062,292643.0,512500,sh,中证500ETF华夏
2025-10-29,4.077,4.162,4.166,4.075,236024.0,512500,sh,中证500ETF华夏
2025-10-30,4.162,4.113,4.162,4.102,357391.0,512500,sh,中证500ETF华夏
2025-10-31,4.117,4.079,4.136,4.076,478548.0,512500,sh,中证500ETF华夏
2025-11-03,4.069,4.086,4.086,4.011,540474.0,512500,sh,中证500ETF华夏
2025-11-04,4.075,4.016,4.075,3.986,384830.0,512500,sh,中证500ETF华夏
2025-11-05,3.971,4.019,4.036,3.96,259616.0,512500,sh,中证500ETF华夏
2025-11-06,4.033,4.086,4.093,4.025,301971.0,512500,sh,中证500ETF华夏
2025-11-07,4.066,4.078,4.1,4.05,284148.0,512500,sh,中证500ETF华夏
2025-11-10,4.092,4.084,4.112,4.053,200552.0,512500,sh,中证500ETF华夏
2025-11-11,4.106,4.055,4.112,4.049,233638.0,512500,sh,中证500ETF华夏
2025-11-12,4.047,4.035,4.07,4.0,222182.0,512500,sh,中证500ETF华夏
2025-11-13,4.025,4.094,4.102,4.025,310439.0,512500,sh,中证500ETF华夏
2025-11-14,4.069,4.027,4.078,4.025,288382.0,512500,sh,中证500ETF华夏
2025-11-17,4.025,4.021,4.042,4.006,267402.0,512500,sh,中证500ETF华夏
2025-11-18,4.02,3.985,4.022,3.961,319292.0,512500,sh,中证500ETF华夏
2025-11-19,3.992,3.967,4.0,3.946,260163.0,512500,sh,中证500ETF华夏
2025-11-20,3.999,3.936,4.002,3.93,220820.0,512500,sh,中证500ETF华夏
2025-11-21,3.872,3.804,3.919,3.802,771704.0,512500,sh,中证500ETF华夏
2025-11-24,3.799,3.826,3.848,3.787,498413.0,512500,sh,中证500ETF华夏
2025-11-25,3.848,3.865,3.91,3.848,393929.0,512500,sh,中证500ETF华夏
2025-11-26,3.869,3.876,3.909,3.861,370727.0,512500,sh,中证500ETF华夏
2025-11-27,3.876,3.87,3.923,3.861,263002.0,512500,sh,中证500ETF华夏
2025-11-28,3.868,3.909,3.916,3.863,773942.0,512500,sh,中证500ETF华夏
2025-12-01,3.915,3.952,3.955,3.914,262693.0,512500,sh,中证500ETF华夏
2025-12-02,3.947,3.92,3.947,3.909,172571.0,512500,sh,中证500ETF华夏
2025-12-03,3.918,3.901,3.933,3.887,189680.0,512500,sh,中证500ETF华夏
2025-12-04,3.912,3.907,3.923,3.876,181461.0,512500,sh,中证500ETF华夏
2025-12-05,3.91,3.958,3.96,3.879,278400.0,512500,sh,中证500ETF华夏
2025-12-08,3.962,3.993,4.006,3.962,266673.0,512500,sh,中证500ETF华夏
2025-12-09,3.978,3.96,3.997,3.955,227539.0,512500,sh,中证500ETF华夏
2025-12-10,3.96,3.98,3.991,3.933,269869.0,512500,sh,中证500ETF华夏
2025-12-11,3.987,3.945,3.994,3.942,503342.0,512500,sh,中证500ETF华夏
2025-12-12,3.96,3.996,4.006,3.939,665157.0,512500,sh,中证500ETF华夏
2025-12-15,3.985,3.973,4.009,3.966,1047505.0,512500,sh,中证500ETF华夏
2025-12-16,3.967,3.913,3.967,3.886,1572464.0,512500,sh,中证500ETF华夏
2025-12-17,3.907,3.989,4.002,3.9,1111690.0,512500,sh,中证500ETF华夏
2025-12-18,3.978,3.97,4.005,3.966,1075865.0,512500,sh,中证500ETF华夏
2025-12-19,3.971,4.002,4.018,3.971,449507.0,512500,sh,中证500ETF华夏
2025-12-22,4.059,4.048,4.061,4.019,344944.0,512500,sh,中证500ETF华夏
2025-12-23,4.053,4.046,4.073,4.035,295854.0,512500,sh,中证500ETF华夏
2025-12-24,4.046,4.1,4.113,4.044,711733.0,512500,sh,中证500ETF华夏
2025-12-25,4.09,4.136,4.148,4.088,364832.0,512500,sh,中证500ETF华夏
2025-12-26,4.158,4.161,4.18,4.132,588326.0,512500,sh,中证500ETF华夏
2025-12-29,4.151,4.146,4.178,4.137,454738.0,512500,sh,中证500ETF华夏
2025-12-30,4.116,4.163,4.187,4.116,361483.0,512500,sh,中证500ETF华夏
2025-12-31,4.174,4.166,4.178,4.148,466332.0,512500,sh,中证500ETF华夏
2026-01-05,4.179,4.28,4.282,4.179,455350.0,512500,sh,中证500ETF华夏
2026-01-06,4.281,4.378,4.38,4.28,534984.0,512500,sh,中证500ETF华夏
2026-01-07,4.385,4.391,4.415,4.37,560197.0,512500,sh,中证500ETF华夏
2026-01-08,4.376,4.405,4.433,4.37,339690.0,512500,sh,中证500ETF华夏
2026-01-09,4.408,4.513,4.515,4.408,820427.0,512500,sh,中证500ETF华夏
2026-01-12,4.537,4.624,4.638,4.52,461773.0,512500,sh,中证500ETF华夏
2026-01-13,4.626,4.56,4.63,4.534,462464.0,512500,sh,中证500ETF华夏
2026-01-14,4.55,4.6,4.682,4.527,950107.0,512500,sh,中证500ETF华夏
2026-01-15,4.567,4.593,4.613,4.544,939119.0,512500,sh,中证500ETF华夏
2026-01-16,4.601,4.59,4.623,4.58,754135.0,512500,sh,中证500ETF华夏
2026-01-19,4.569,4.626,4.647,4.569,687901.0,512500,sh,中证500ETF华夏
2026-01-20,4.626,4.607,4.66,4.547,539579.0,512500,sh,中证500ETF华夏
2026-01-21,4.576,4.664,4.668,4.576,380536.0,512500,sh,中证500ETF华夏
2026-01-22,4.666,4.689,4.699,4.651,342694.0,512500,sh,中证500ETF华夏
2026-01-23,4.695,4.819,4.822,4.695,845891.0,512500,sh,中证500ETF华夏
2026-01-26,4.899,4.746,4.899,4.716,726957.0,512500,sh,中证500ETF华夏
2026-01-27,4.707,4.778,4.794,4.673,661938.0,512500,sh,中证500ETF华夏
2026-01-28,4.773,4.83,4.835,4.754,8466949.0,512500,sh,中证500ETF华夏
2026-01-29,4.796,4.755,4.839,4.741,1301873.0,512500,sh,中证500ETF华夏
2026-01-30,4.718,4.665,4.747,4.551,1036520.0,512500,sh,中证500ETF华夏
2026-02-02,4.603,4.472,4.648,4.448,1973762.0,512500,sh,中证500ETF华夏
2026-02-03,4.532,4.627,4.629,4.496,1019799.0,512500,sh,中证500ETF华夏
2026-02-04,4.606,4.639,4.645,4.564,1033432.0,512500,sh,中证500ETF华夏
2026-02-05,4.579,4.545,4.595,4.506,850455.0,512500,sh,中证500ETF华夏
2026-02-06,4.486,4.539,4.609,4.466,901471.0,512500,sh,中证500ETF华夏
2026-02-09,4.598,4.643,4.645,4.594,545544.0,512500,sh,中证500ETF华夏
2026-02-10,4.643,4.634,4.65,4.606,460830.0,512500,sh,中证500ETF华夏
2026-02-11,4.63,4.654,4.677,4.625,245633.0,512500,sh,中证500ETF华夏
2026-02-12,4.664,4.712,4.718,4.656,513622.0,512500,sh,中证500ETF华夏
2026-02-13,4.672,4.64,4.702,4.626,749265.0,512500,sh,中证500ETF华夏
2026-02-24,4.679,4.689,4.722,4.652,595593.0,512500,sh,中证500ETF华夏
2026-02-25,4.685,4.762,4.777,4.685,763557.0,512500,sh,中证500ETF华夏
2026-02-26,4.766,4.774,4.789,4.738,492249.0,512500,sh,中证500ETF华夏
2026-02-27,4.747,4.838,4.839,4.736,888546.0,512500,sh,中证500ETF华夏
2026-03-02,4.81,4.835,4.851,4.771,773173.0,512500,sh,中证500ETF华夏
2026-03-03,4.822,4.629,4.833,4.621,1772250.0,512500,sh,中证500ETF华夏
2026-03-04,4.517,4.598,4.683,4.517,704823.0,512500,sh,中证500ETF华夏
2026-03-05,4.692,4.637,4.692,4.601,904998.0,512500,sh,中证500ETF华夏
2026-03-06,4.619,4.665,4.69,4.606,431959.0,512500,sh,中证500ETF华夏
2026-03-09,4.615,4.621,4.641,4.501,892110.0,512500,sh,中证500ETF华夏
2026-03-10,4.661,4.693,4.698,4.647,1127827.0,512500,sh,中证500ETF华夏
2026-03-11,4.691,4.684,4.712,4.673,726740.0,512500,sh,中证500ETF华夏
2026-03-12,4.66,4.664,4.704,4.627,700784.0,512500,sh,中证500ETF华夏
2026-03-13,4.642,4.606,4.678,4.586,438694.0,512500,sh,中证500ETF华夏
2026-03-16,4.6,4.573,4.6,4.498,762184.0,512500,sh,中证500ETF华夏
2026-03-17,4.56,4.472,4.584,4.471,1206618.0,512500,sh,中证500ETF华夏
2026-03-18,4.485,4.516,4.522,4.44,938638.0,512500,sh,中证500ETF华夏
2026-03-19,4.436,4.403,4.469,4.374,1061465.0,512500,sh,中证500ETF华夏
2026-03-20,4.399,4.322,4.435,4.32,935722.0,512500,sh,中证500ETF华夏
2026-03-23,4.27,4.159,4.309,4.131,663367.0,512500,sh,中证500ETF华夏
2026-03-24,4.207,4.24,4.242,4.121,908200.0,512500,sh,中证500ETF华夏
2026-03-25,4.27,4.348,4.365,4.27,1251623.0,512500,sh,中证500ETF华夏
2026-03-26,4.323,4.265,4.34,4.255,635291.0,512500,sh,中证500ETF华夏
2026-03-27,4.195,4.324,4.348,4.195,618863.0,512500,sh,中证500ETF华夏
2026-03-30,4.27,4.329,4.337,4.244,543558.0,512500,sh,中证500ETF华夏
2026-03-31,4.314,4.263,4.351,4.251,827795.0,512500,sh,中证500ETF华夏
2026-04-01,4.316,4.323,4.346,4.294,844190.0,512500,sh,中证500ETF华夏
2026-04-02,4.315,4.251,4.323,4.219,955246.0,512500,sh,中证500ETF华夏
2026-04-03,4.253,4.211,4.265,4.198,477861.0,512500,sh,中证500ETF华夏
2026-04-07,4.216,4.231,4.266,4.207,620084.0,512500,sh,中证500ETF华夏
2026-04-08,4.326,4.445,4.449,4.323,2273559.0,512500,sh,中证500ETF华夏
2026-04-09,4.4,4.41,4.436,4.379,1095911.0,512500,sh,中证500ETF华夏
2026-04-10,4.43,4.45,4.512,4.43,802016.0,512500,sh,中证500ETF华夏
2026-04-13,4.408,4.445,4.463,4.408,819688.0,512500,sh,中证500ETF华夏
2026-04-14,4.48,4.516,4.519,4.465,947218.0,512500,sh,中证500ETF华夏
2026-04-15,4.541,4.496,4.557,4.484,978859.0,512500,sh,中证500ETF华夏
2026-04-16,4.498,4.569,4.579,4.498,811246.0,512500,sh,中证500ETF华夏
2026-04-17,4.57,4.592,4.597,4.548,905330.0,512500,sh,中证500ETF华夏
2026-04-20,4.58,4.623,4.648,4.58,1628839.0,512500,sh,中证500ETF华夏
2026-04-21,4.618,4.613,4.62,4.572,1188861.0,512500,sh,中证500ETF华夏
2026-04-22,4.581,4.679,4.681,4.581,1714116.0,512500,sh,中证500ETF华夏
2026-04-23,4.68,4.638,4.692,4.593,2088445.0,512500,sh,中证500ETF华夏
2026-04-24,4.606,4.604,4.639,4.561,1571634.0,512500,sh,中证500ETF华夏
2026-04-27,4.606,4.633,4.65,4.591,2606105.0,512500,sh,中证500ETF华夏
2026-04-28,4.65,4.581,4.65,4.563,2884565.0,512500,sh,中证500ETF华夏
2026-04-29,4.564,4.662,4.668,4.56,4045989.0,512500,sh,中证500ETF华夏
2026-04-30,4.659,4.667,4.678,4.633,5271685.0,512500,sh,中证500ETF华夏
2026-05-06,4.691,4.794,4.818,4.691,4012295.0,512500,sh,中证500ETF华夏
2026-05-07,4.82,4.856,4.862,4.801,988543.0,512500,sh,中证500ETF华夏
2026-05-08,4.825,4.853,4.867,4.812,1127858.0,512500,sh,中证500ETF华夏
2026-05-11,4.875,4.931,4.952,4.867,1869799.0,512500,sh,中证500ETF华夏
2026-05-12,4.933,4.908,4.947,4.883,2803709.0,512500,sh,中证500ETF华夏
2026-05-13,4.862,4.989,4.992,4.857,1412148.0,512500,sh,中证500ETF华夏
2026-05-14,4.997,4.864,5.0,4.856,1965304.0,512500,sh,中证500ETF华夏
2026-05-15,4.85,4.768,4.873,4.738,1556498.0,512500,sh,中证500ETF华夏
2026-05-18,4.731,4.775,4.815,4.73,1442449.0,512500,sh,中证500ETF华夏
2026-05-19,4.779,4.819,4.822,4.698,1083826.0,512500,sh,中证500ETF华夏
2026-05-20,4.814,4.837,4.855,4.776,1019517.0,512500,sh,中证500ETF华夏
2026-05-21,4.868,4.719,4.92,4.698,1453893.0,512500,sh,中证500ETF华夏
2026-05-22,4.749,4.787,4.807,4.711,1624903.0,512500,sh,中证500ETF华夏
2026-05-25,4.812,4.863,4.867,4.773,1256633.0,512500,sh,中证500ETF华夏
2026-05-26,4.843,4.842,4.857,4.77,989286.0,512500,sh,中证500ETF华夏
2026-05-27,4.83,4.769,4.887,4.75,1149942.0,512500,sh,中证500ETF华夏
2026-05-28,4.756,4.785,4.813,4.712,1073101.0,512500,sh,中证500ETF华夏
2026-05-29,4.785,4.678,4.808,4.644,1371382.0,512500,sh,中证500ETF华夏
2026-06-01,4.677,4.637,4.727,4.628,1592273.0,512500,sh,中证500ETF华夏
2026-06-02,4.645,4.655,4.697,4.562,1166819.0,512500,sh,中证500ETF华夏
2026-06-03,4.659,4.683,4.747,4.644,1228402.0,512500,sh,中证500ETF华夏
2026-06-04,4.632,4.68,4.702,4.632,1233199.0,512500,sh,中证500ETF华夏
2026-06-05,4.666,4.617,4.709,4.608,1724446.0,512500,sh,中证500ETF华夏
2026-06-08,4.495,4.471,4.562,4.423,1798277.0,512500,sh,中证500ETF华夏
2026-06-09,4.499,4.574,4.586,4.464,1182137.0,512500,sh,中证500ETF华夏
2026-06-10,4.535,4.529,4.564,4.477,904756.0,512500,sh,中证500ETF华夏
2026-06-11,4.521,4.508,4.54,4.47,745719.0,512500,sh,中证500ETF华夏
2026-06-12,4.555,4.564,4.64,4.55,975076.0,512500,sh,中证500ETF华夏
2026-06-15,4.658,4.731,4.736,4.608,1635426.0,512500,sh,中证500ETF华夏
2026-06-16,4.76,4.788,4.805,4.724,1189866.0,512500,sh,中证500ETF华夏
2026-06-17,4.75,4.859,4.86,4.749,898840.0,512500,sh,中证500ETF华夏
2026-06-18,4.845,4.898,4.917,4.839,899663.0,512500,sh,中证500ETF华夏
2026-06-22,4.905,4.992,5.0,4.854,1310636.0,512500,sh,中证500ETF华夏
2026-06-23,4.974,4.896,5.007,4.862,829600.0,512500,sh,中证500ETF华夏
2026-06-24,4.911,4.98,4.988,4.857,838201.0,512500,sh,中证500ETF华夏
2026-06-25,4.997,5.044,5.045,4.962,763602.0,512500,sh,中证500ETF华夏
2026-06-26,5.018,4.915,5.034,4.885,812305.0,512500,sh,中证500ETF华夏
2026-06-29,4.924,4.971,4.987,4.854,884973.0,512500,sh,中证500ETF华夏
2026-06-30,4.971,5.11,5.111,4.951,688417.0,512500,sh,中证500ETF华夏
2026-07-01,5.13,5.108,5.174,5.056,1080252.0,512500,sh,中证500ETF华夏
2026-07-02,5.084,4.919,5.084,4.896,1255252.0,512500,sh,中证500ETF华夏
2026-07-03,4.919,4.941,5.0,4.879,1279033.0,512500,sh,中证500ETF华夏
