date,open,close,high,low,volume,code,market,name
2020-01-02,0.607,0.613,0.616,0.607,38242.0,510210,sh,上证指数ETF富国
2020-01-03,0.605,0.612,0.615,0.599,8048.0,510210,sh,上证指数ETF富国
2020-01-06,0.611,0.613,0.618,0.608,45951.0,510210,sh,上证指数ETF富国
2020-01-07,0.611,0.618,0.618,0.611,9030.0,510210,sh,上证指数ETF富国
2020-01-08,0.618,0.609,0.618,0.607,5225.0,510210,sh,上证指数ETF富国
2020-01-09,0.611,0.614,0.616,0.611,16273.0,510210,sh,上证指数ETF富国
2020-01-10,0.613,0.613,0.617,0.611,12715.0,510210,sh,上证指数ETF富国
2020-01-13,0.613,0.618,0.618,0.611,18131.0,510210,sh,上证指数ETF富国
2020-01-14,0.618,0.616,0.621,0.615,2134.0,510210,sh,上证指数ETF富国
2020-01-15,0.616,0.611,0.617,0.609,5144.0,510210,sh,上证指数ETF富国
2020-01-16,0.612,0.608,0.612,0.606,2988.0,510210,sh,上证指数ETF富国
2020-01-17,0.608,0.607,0.612,0.606,56348.0,510210,sh,上证指数ETF富国
2020-01-20,0.601,0.614,0.614,0.601,2857.0,510210,sh,上证指数ETF富国
2020-01-21,0.614,0.602,0.614,0.602,4412.0,510210,sh,上证指数ETF富国
2020-01-22,0.599,0.604,0.607,0.593,37111.0,510210,sh,上证指数ETF富国
2020-01-23,0.603,0.585,0.603,0.578,17920.0,510210,sh,上证指数ETF富国
2020-02-03,0.525,0.526,0.567,0.52,24307.0,510210,sh,上证指数ETF富国
2020-02-04,0.524,0.541,0.557,0.523,40396.0,510210,sh,上证指数ETF富国
2020-02-05,0.543,0.553,0.557,0.542,11619.0,510210,sh,上证指数ETF富国
2020-02-06,0.553,0.565,0.569,0.552,7562.0,510210,sh,上证指数ETF富国
2020-02-07,0.565,0.568,0.569,0.559,6209.0,510210,sh,上证指数ETF富国
2020-02-10,0.561,0.575,0.575,0.557,6412.0,510210,sh,上证指数ETF富国
2020-02-11,0.575,0.575,0.578,0.571,34458.0,510210,sh,上证指数ETF富国
2020-02-12,0.571,0.582,0.582,0.571,19909.0,510210,sh,上证指数ETF富国
2020-02-13,0.582,0.58,0.586,0.578,5968.0,510210,sh,上证指数ETF富国
2020-02-14,0.58,0.583,0.586,0.578,3793.0,510210,sh,上证指数ETF富国
2020-02-17,0.583,0.6,0.6,0.583,14404.0,510210,sh,上证指数ETF富国
2020-02-18,0.603,0.601,0.604,0.597,25140.0,510210,sh,上证指数ETF富国
2020-02-19,0.601,0.601,0.607,0.601,8490.0,510210,sh,上证指数ETF富国
2020-02-20,0.603,0.614,0.615,0.601,8832.0,510210,sh,上证指数ETF富国
2020-02-21,0.614,0.616,0.62,0.611,14079.0,510210,sh,上证指数ETF富国
2020-02-24,0.616,0.615,0.616,0.608,8642.0,510210,sh,上证指数ETF富国
2020-02-25,0.599,0.608,0.608,0.592,21117.0,510210,sh,上证指数ETF富国
2020-02-26,0.608,0.605,0.613,0.593,43437.0,510210,sh,上证指数ETF富国
2020-02-27,0.602,0.608,0.611,0.602,11591.0,510210,sh,上证指数ETF富国
2020-02-28,0.6,0.585,0.6,0.581,19431.0,510210,sh,上证指数ETF富国
2020-03-02,0.585,0.608,0.609,0.585,14063.0,510210,sh,上证指数ETF富国
2020-03-03,0.616,0.615,0.622,0.61,11389.0,510210,sh,上证指数ETF富国
2020-03-04,0.614,0.622,0.622,0.608,8339.0,510210,sh,上证指数ETF富国
2020-03-05,0.638,0.636,0.638,0.619,8217.0,510210,sh,上证指数ETF富国
2020-03-06,0.636,0.626,0.636,0.624,6279.0,510210,sh,上证指数ETF富国
2020-03-09,0.623,0.602,0.623,0.601,14160.0,510210,sh,上证指数ETF富国
2020-03-10,0.601,0.616,0.616,0.591,20044.0,510210,sh,上证指数ETF富国
2020-03-11,0.619,0.607,0.619,0.606,4036.0,510210,sh,上证指数ETF富国
2020-03-12,0.605,0.593,0.605,0.589,10678.0,510210,sh,上证指数ETF富国
2020-03-13,0.581,0.585,0.593,0.561,16339.0,510210,sh,上证指数ETF富国
2020-03-16,0.586,0.564,0.593,0.562,17117.0,510210,sh,上证指数ETF富国
2020-03-17,0.573,0.56,0.576,0.543,14689.0,510210,sh,上证指数ETF富国
2020-03-18,0.568,0.548,0.568,0.545,11721.0,510210,sh,上证指数ETF富国
2020-03-19,0.54,0.54,0.553,0.527,30427.0,510210,sh,上证指数ETF富国
2020-03-20,0.545,0.551,0.552,0.539,14543.0,510210,sh,上证指数ETF富国
2020-03-23,0.544,0.533,0.545,0.529,23530.0,510210,sh,上证指数ETF富国
2020-03-24,0.539,0.544,0.545,0.532,21858.0,510210,sh,上证指数ETF富国
2020-03-25,0.566,0.559,0.566,0.554,26062.0,510210,sh,上证指数ETF富国
2020-03-26,0.558,0.556,0.562,0.553,9904.0,510210,sh,上证指数ETF富国
2020-03-27,0.562,0.56,0.568,0.56,7266.0,510210,sh,上证指数ETF富国
2020-03-30,0.555,0.555,0.557,0.547,12578.0,510210,sh,上证指数ETF富国
2020-03-31,0.557,0.552,0.559,0.551,7116.0,510210,sh,上证指数ETF富国
2020-04-01,0.549,0.549,0.558,0.547,15398.0,510210,sh,上证指数ETF富国
2020-04-02,0.547,0.558,0.559,0.544,13730.0,510210,sh,上证指数ETF富国
2020-04-03,0.558,0.558,0.56,0.554,9492.0,510210,sh,上证指数ETF富国
2020-04-07,0.564,0.568,0.571,0.564,9578.0,510210,sh,上证指数ETF富国
2020-04-08,0.567,0.569,0.57,0.564,6053.0,510210,sh,上证指数ETF富国
2020-04-09,0.569,0.571,0.572,0.569,6968.0,510210,sh,上证指数ETF富国
2020-04-10,0.57,0.567,0.574,0.564,16331.0,510210,sh,上证指数ETF富国
2020-04-13,0.566,0.562,0.566,0.559,4324.0,510210,sh,上证指数ETF富国
2020-04-14,0.563,0.572,0.573,0.563,9634.0,510210,sh,上证指数ETF富国
2020-04-15,0.572,0.567,0.573,0.567,9064.0,510210,sh,上证指数ETF富国
2020-04-16,0.566,0.57,0.571,0.565,5969.0,510210,sh,上证指数ETF富国
2020-04-17,0.571,0.576,0.581,0.57,13906.0,510210,sh,上证指数ETF富国
2020-04-20,0.576,0.58,0.581,0.575,3357.0,510210,sh,上证指数ETF富国
2020-04-21,0.58,0.572,0.58,0.565,7274.0,510210,sh,上证指数ETF富国
2020-04-22,0.567,0.579,0.579,0.567,2758.0,510210,sh,上证指数ETF富国
2020-04-23,0.579,0.576,0.58,0.576,7360.0,510210,sh,上证指数ETF富国
2020-04-24,0.575,0.569,0.576,0.568,6238.0,510210,sh,上证指数ETF富国
2020-04-27,0.568,0.572,0.576,0.568,7128.0,510210,sh,上证指数ETF富国
2020-04-28,0.571,0.57,0.572,0.557,10180.0,510210,sh,上证指数ETF富国
2020-04-29,0.567,0.573,0.575,0.567,8116.0,510210,sh,上证指数ETF富国
2020-04-30,0.575,0.585,0.585,0.575,10134.0,510210,sh,上证指数ETF富国
2020-05-06,0.582,0.588,0.589,0.578,4970.0,510210,sh,上证指数ETF富国
2020-05-07,0.588,0.586,0.589,0.583,2476.0,510210,sh,上证指数ETF富国
2020-05-08,0.586,0.594,0.596,0.586,6046.0,510210,sh,上证指数ETF富国
2020-05-11,0.594,0.594,0.6,0.589,4400.0,510210,sh,上证指数ETF富国
2020-05-12,0.592,0.592,0.594,0.587,8514.0,510210,sh,上证指数ETF富国
2020-05-13,0.59,0.593,0.593,0.588,10099.0,510210,sh,上证指数ETF富国
2020-05-14,0.589,0.587,0.591,0.587,5900.0,510210,sh,上证指数ETF富国
2020-05-15,0.588,0.586,0.589,0.586,3711.0,510210,sh,上证指数ETF富国
2020-05-18,0.588,0.591,0.595,0.587,10104.0,510210,sh,上证指数ETF富国
2020-05-19,0.591,0.597,0.6,0.591,11824.0,510210,sh,上证指数ETF富国
2020-05-20,0.595,0.594,0.596,0.591,5045.0,510210,sh,上证指数ETF富国
2020-05-21,0.594,0.591,0.596,0.59,6754.0,510210,sh,上证指数ETF富国
2020-05-22,0.591,0.579,0.591,0.571,14146.0,510210,sh,上证指数ETF富国
2020-05-25,0.579,0.577,0.579,0.574,16238.0,510210,sh,上证指数ETF富国
2020-05-26,0.577,0.584,0.584,0.577,14088.0,510210,sh,上证指数ETF富国
2020-05-27,0.583,0.583,0.586,0.582,4287.0,510210,sh,上证指数ETF富国
2020-05-28,0.583,0.586,0.591,0.579,5713.0,510210,sh,上证指数ETF富国
2020-05-29,0.585,0.588,0.589,0.584,3221.0,510210,sh,上证指数ETF富国
2020-06-01,0.588,0.604,0.605,0.588,9538.0,510210,sh,上证指数ETF富国
2020-06-02,0.611,0.607,0.611,0.604,4643.0,510210,sh,上证指数ETF富国
2020-06-03,0.607,0.608,0.615,0.607,10525.0,510210,sh,上证指数ETF富国
2020-06-04,0.61,0.607,0.61,0.604,10090.0,510210,sh,上证指数ETF富国
2020-06-05,0.607,0.609,0.609,0.603,7232.0,510210,sh,上证指数ETF富国
2020-06-08,0.609,0.61,0.615,0.609,8454.0,510210,sh,上证指数ETF富国
2020-06-09,0.61,0.613,0.613,0.609,6027.0,510210,sh,上证指数ETF富国
2020-06-10,0.618,0.61,0.618,0.608,3178.0,510210,sh,上证指数ETF富国
2020-06-11,0.61,0.605,0.612,0.604,7750.0,510210,sh,上证指数ETF富国
2020-06-12,0.603,0.603,0.606,0.593,2737.0,510210,sh,上证指数ETF富国
2020-06-15,0.603,0.598,0.606,0.598,5542.0,510210,sh,上证指数ETF富国
2020-06-16,0.604,0.608,0.61,0.603,5787.0,510210,sh,上证指数ETF富国
2020-06-17,0.61,0.61,0.61,0.605,5944.0,510210,sh,上证指数ETF富国
2020-06-18,0.607,0.613,0.614,0.606,3519.0,510210,sh,上证指数ETF富国
2020-06-19,0.613,0.619,0.621,0.613,6727.0,510210,sh,上证指数ETF富国
2020-06-22,0.633,0.621,0.699,0.619,215392.0,510210,sh,上证指数ETF富国
2020-06-23,0.621,0.622,0.622,0.617,58589.0,510210,sh,上证指数ETF富国
2020-06-24,0.623,0.628,0.628,0.621,51771.0,510210,sh,上证指数ETF富国
2020-06-29,0.626,0.622,0.627,0.62,56020.0,510210,sh,上证指数ETF富国
2020-06-30,0.623,0.629,0.632,0.623,53197.0,510210,sh,上证指数ETF富国
2020-07-01,0.629,0.644,0.645,0.629,50524.0,510210,sh,上证指数ETF富国
2020-07-02,0.645,0.664,0.665,0.644,58489.0,510210,sh,上证指数ETF富国
2020-07-03,0.664,0.681,0.683,0.664,75306.0,510210,sh,上证指数ETF富国
2020-07-06,0.691,0.745,0.758,0.69,143401.0,510210,sh,上证指数ETF富国
2020-07-07,0.76,0.736,0.801,0.727,218265.0,510210,sh,上证指数ETF富国
2020-07-08,0.734,0.751,0.755,0.729,80847.0,510210,sh,上证指数ETF富国
2020-07-09,0.752,0.762,0.763,0.745,92084.0,510210,sh,上证指数ETF富国
2020-07-10,0.758,0.748,0.758,0.743,97175.0,510210,sh,上证指数ETF富国
2020-07-13,0.745,0.761,0.765,0.741,78300.0,510210,sh,上证指数ETF富国
2020-07-14,0.761,0.753,0.764,0.741,80288.0,510210,sh,上证指数ETF富国
2020-07-15,0.755,0.743,0.756,0.735,78748.0,510210,sh,上证指数ETF富国
2020-07-16,0.743,0.706,0.743,0.701,157407.0,510210,sh,上证指数ETF富国
2020-07-17,0.705,0.703,0.714,0.695,102898.0,510210,sh,上证指数ETF富国
2020-07-20,0.71,0.733,0.733,0.706,114738.0,510210,sh,上证指数ETF富国
2020-07-21,0.737,0.733,0.739,0.729,109365.0,510210,sh,上证指数ETF富国
2020-07-22,0.741,0.738,0.752,0.732,504057.0,510210,sh,上证指数ETF富国
2020-07-23,0.729,0.735,0.739,0.717,252225.0,510210,sh,上证指数ETF富国
2020-07-24,0.727,0.702,0.733,0.697,289625.0,510210,sh,上证指数ETF富国
2020-07-27,0.704,0.705,0.708,0.697,111647.0,510210,sh,上证指数ETF富国
2020-07-28,0.707,0.712,0.716,0.706,110899.0,510210,sh,上证指数ETF富国
2020-07-29,0.71,0.727,0.728,0.697,167440.0,510210,sh,上证指数ETF富国
2020-07-30,0.728,0.726,0.733,0.721,97432.0,510210,sh,上证指数ETF富国
2020-07-31,0.724,0.732,0.738,0.719,163309.0,510210,sh,上证指数ETF富国
2020-08-03,0.735,0.748,0.749,0.735,117066.0,510210,sh,上证指数ETF富国
2020-08-04,0.749,0.751,0.757,0.744,87522.0,510210,sh,上证指数ETF富国
2020-08-05,0.752,0.753,0.754,0.741,102455.0,510210,sh,上证指数ETF富国
2020-08-06,0.753,0.757,0.758,0.745,68723.0,510210,sh,上证指数ETF富国
2020-08-07,0.753,0.749,0.755,0.738,97404.0,510210,sh,上证指数ETF富国
2020-08-10,0.747,0.758,0.762,0.743,108662.0,510210,sh,上证指数ETF富国
2020-08-11,0.758,0.747,0.764,0.743,72678.0,510210,sh,上证指数ETF富国
2020-08-12,0.745,0.74,0.745,0.726,97740.0,510210,sh,上证指数ETF富国
2020-08-13,0.737,0.739,0.744,0.737,56690.0,510210,sh,上证指数ETF富国
2020-08-14,0.739,0.752,0.752,0.735,68552.0,510210,sh,上证指数ETF富国
2020-08-17,0.752,0.774,0.776,0.752,101414.0,510210,sh,上证指数ETF富国
2020-08-18,0.774,0.777,0.778,0.772,71727.0,510210,sh,上证指数ETF富国
2020-08-19,0.776,0.764,0.777,0.763,78775.0,510210,sh,上证指数ETF富国
2020-08-20,0.757,0.753,0.759,0.749,89482.0,510210,sh,上证指数ETF富国
2020-08-21,0.753,0.756,0.759,0.749,46143.0,510210,sh,上证指数ETF富国
2020-08-24,0.756,0.757,0.759,0.752,37134.0,510210,sh,上证指数ETF富国
2020-08-25,0.758,0.754,0.762,0.75,54323.0,510210,sh,上证指数ETF富国
2020-08-26,0.753,0.741,0.754,0.737,82173.0,510210,sh,上证指数ETF富国
2020-08-27,0.739,0.746,0.746,0.736,46782.0,510210,sh,上证指数ETF富国
2020-08-28,0.743,0.762,0.762,0.743,99160.0,510210,sh,上证指数ETF富国
2020-08-31,0.763,0.76,0.773,0.759,70062.0,510210,sh,上证指数ETF富国
2020-09-01,0.758,0.763,0.763,0.755,27087.0,510210,sh,上证指数ETF富国
2020-09-02,0.763,0.759,0.771,0.752,35778.0,510210,sh,上证指数ETF富国
2020-09-03,0.757,0.754,0.765,0.752,49241.0,510210,sh,上证指数ETF富国
2020-09-04,0.741,0.749,0.753,0.74,54456.0,510210,sh,上证指数ETF富国
2020-09-07,0.749,0.734,0.753,0.732,74907.0,510210,sh,上证指数ETF富国
2020-09-08,0.736,0.74,0.741,0.73,53483.0,510210,sh,上证指数ETF富国
2020-09-09,0.735,0.725,0.735,0.72,95276.0,510210,sh,上证指数ETF富国
2020-09-10,0.729,0.722,0.733,0.72,66350.0,510210,sh,上证指数ETF富国
2020-09-11,0.721,0.727,0.727,0.717,77265.0,510210,sh,上证指数ETF富国
2020-09-14,0.727,0.732,0.733,0.727,52232.0,510210,sh,上证指数ETF富国
2020-09-15,0.732,0.737,0.739,0.728,56782.0,510210,sh,上证指数ETF富国
2020-09-16,0.735,0.733,0.739,0.73,32106.0,510210,sh,上证指数ETF富国
2020-09-17,0.73,0.728,0.734,0.723,42203.0,510210,sh,上证指数ETF富国
2020-09-18,0.727,0.748,0.748,0.727,69112.0,510210,sh,上证指数ETF富国
2020-09-21,0.75,0.742,0.753,0.741,36096.0,510210,sh,上证指数ETF富国
2020-09-22,0.741,0.732,0.742,0.729,45789.0,510210,sh,上证指数ETF富国
2020-09-23,0.733,0.731,0.734,0.727,26434.0,510210,sh,上证指数ETF富国
2020-09-24,0.725,0.714,0.73,0.714,86470.0,510210,sh,上证指数ETF富国
2020-09-25,0.715,0.715,0.72,0.712,41516.0,510210,sh,上证指数ETF富国
2020-09-28,0.715,0.717,0.72,0.715,48102.0,510210,sh,上证指数ETF富国
2020-09-29,0.718,0.72,0.723,0.718,37737.0,510210,sh,上证指数ETF富国
2020-09-30,0.721,0.715,0.722,0.71,50192.0,510210,sh,上证指数ETF富国
2020-10-09,0.72,0.73,0.732,0.72,66094.0,510210,sh,上证指数ETF富国
2020-10-12,0.731,0.754,0.754,0.731,97914.0,510210,sh,上证指数ETF富国
2020-10-13,0.754,0.752,0.754,0.746,71124.0,510210,sh,上证指数ETF富国
2020-10-14,0.752,0.746,0.752,0.744,29597.0,510210,sh,上证指数ETF富国
2020-10-15,0.745,0.745,0.75,0.744,26707.0,510210,sh,上证指数ETF富国
2020-10-16,0.745,0.749,0.75,0.743,26959.0,510210,sh,上证指数ETF富国
2020-10-19,0.75,0.744,0.759,0.742,72639.0,510210,sh,上证指数ETF富国
2020-10-20,0.739,0.746,0.746,0.738,29859.0,510210,sh,上证指数ETF富国
2020-10-21,0.748,0.746,0.748,0.741,28185.0,510210,sh,上证指数ETF富国
2020-10-22,0.746,0.743,0.746,0.736,44059.0,510210,sh,上证指数ETF富国
2020-10-23,0.744,0.738,0.747,0.736,46062.0,510210,sh,上证指数ETF富国
2020-10-26,0.738,0.727,0.738,0.715,42285.0,510210,sh,上证指数ETF富国
2020-10-27,0.725,0.727,0.728,0.719,38911.0,510210,sh,上证指数ETF富国
2020-10-28,0.726,0.729,0.731,0.721,36716.0,510210,sh,上证指数ETF富国
2020-10-29,0.723,0.73,0.734,0.719,38038.0,510210,sh,上证指数ETF富国
2020-10-30,0.728,0.717,0.731,0.715,61563.0,510210,sh,上证指数ETF富国
2020-11-02,0.717,0.717,0.722,0.713,44363.0,510210,sh,上证指数ETF富国
2020-11-03,0.717,0.732,0.732,0.717,55569.0,510210,sh,上证指数ETF富国
2020-11-04,0.731,0.732,0.735,0.726,45733.0,510210,sh,上证指数ETF富国
2020-11-05,0.737,0.743,0.744,0.736,54733.0,510210,sh,上证指数ETF富国
2020-11-06,0.743,0.743,0.744,0.737,43660.0,510210,sh,上证指数ETF富国
2020-11-09,0.744,0.759,0.761,0.744,98042.0,510210,sh,上证指数ETF富国
2020-11-10,0.763,0.754,0.763,0.75,40974.0,510210,sh,上证指数ETF富国
2020-11-11,0.753,0.75,0.757,0.749,43234.0,510210,sh,上证指数ETF富国
2020-11-12,0.747,0.751,0.753,0.747,28410.0,510210,sh,上证指数ETF富国
2020-11-13,0.751,0.742,0.751,0.737,58326.0,510210,sh,上证指数ETF富国
2020-11-16,0.743,0.752,0.753,0.743,49228.0,510210,sh,上证指数ETF富国
2020-11-17,0.752,0.752,0.753,0.747,29287.0,510210,sh,上证指数ETF富国
2020-11-18,0.751,0.755,0.758,0.75,33942.0,510210,sh,上证指数ETF富国
2020-11-19,0.752,0.759,0.76,0.751,27344.0,510210,sh,上证指数ETF富国
2020-11-20,0.758,0.763,0.764,0.756,46447.0,510210,sh,上证指数ETF富国
2020-11-23,0.763,0.773,0.779,0.763,65830.0,510210,sh,上证指数ETF富国
2020-11-24,0.774,0.77,0.774,0.769,35707.0,510210,sh,上证指数ETF富国
2020-11-25,0.772,0.762,0.778,0.761,52924.0,510210,sh,上证指数ETF富国
2020-11-26,0.759,0.766,0.766,0.758,31144.0,510210,sh,上证指数ETF富国
2020-11-27,0.766,0.775,0.775,0.762,28315.0,510210,sh,上证指数ETF富国
2020-11-30,0.777,0.771,0.788,0.77,61217.0,510210,sh,上证指数ETF富国
2020-12-01,0.769,0.786,0.787,0.767,44544.0,510210,sh,上证指数ETF富国
2020-12-02,0.786,0.784,0.787,0.779,35611.0,510210,sh,上证指数ETF富国
2020-12-03,0.784,0.78,0.784,0.777,30968.0,510210,sh,上证指数ETF富国
2020-12-04,0.779,0.781,0.781,0.773,21357.0,510210,sh,上证指数ETF富国
2020-12-07,0.781,0.773,0.782,0.772,28052.0,510210,sh,上证指数ETF富国
2020-12-08,0.773,0.773,0.777,0.771,18992.0,510210,sh,上证指数ETF富国
2020-12-09,0.775,0.763,0.775,0.762,38110.0,510210,sh,上证指数ETF富国
2020-12-10,0.762,0.761,0.764,0.758,29027.0,510210,sh,上证指数ETF富国
2020-12-11,0.762,0.754,0.762,0.746,70187.0,510210,sh,上证指数ETF富国
2020-12-14,0.753,0.758,0.758,0.75,35618.0,510210,sh,上证指数ETF富国
2020-12-15,0.757,0.757,0.759,0.752,21940.0,510210,sh,上证指数ETF富国
2020-12-16,0.757,0.758,0.761,0.755,34391.0,510210,sh,上证指数ETF富国
2020-12-17,0.758,0.769,0.769,0.755,49889.0,510210,sh,上证指数ETF富国
2020-12-18,0.769,0.767,0.772,0.764,34252.0,510210,sh,上证指数ETF富国
2020-12-21,0.767,0.774,0.776,0.765,36614.0,510210,sh,上证指数ETF富国
2020-12-22,0.773,0.757,0.773,0.756,36361.0,510210,sh,上证指数ETF富国
2020-12-23,0.763,0.765,0.768,0.757,32835.0,510210,sh,上证指数ETF富国
2020-12-24,0.765,0.762,0.767,0.759,30300.0,510210,sh,上证指数ETF富国
2020-12-25,0.761,0.77,0.77,0.756,35106.0,510210,sh,上证指数ETF富国
2020-12-28,0.768,0.771,0.774,0.767,26774.0,510210,sh,上证指数ETF富国
2020-12-29,0.771,0.765,0.771,0.763,29143.0,510210,sh,上证指数ETF富国
2020-12-30,0.765,0.774,0.774,0.761,38116.0,510210,sh,上证指数ETF富国
2020-12-31,0.775,0.791,0.792,0.775,59077.0,510210,sh,上证指数ETF富国
2021-01-04,0.791,0.798,0.801,0.786,42398.0,510210,sh,上证指数ETF富国
2021-01-05,0.798,0.804,0.805,0.791,49358.0,510210,sh,上证指数ETF富国
2021-01-06,0.804,0.811,0.814,0.801,42395.0,510210,sh,上证指数ETF富国
2021-01-07,0.811,0.822,0.822,0.808,46370.0,510210,sh,上证指数ETF富国
2021-01-08,0.822,0.819,0.824,0.812,48976.0,510210,sh,上证指数ETF富国
2021-01-11,0.821,0.81,0.827,0.805,52415.0,510210,sh,上证指数ETF富国
2021-01-12,0.808,0.835,0.835,0.804,32677.0,510210,sh,上证指数ETF富国
2021-01-13,0.835,0.832,0.839,0.825,38482.0,510210,sh,上证指数ETF富国
2021-01-14,0.826,0.82,0.828,0.817,29021.0,510210,sh,上证指数ETF富国
2021-01-15,0.821,0.82,0.826,0.811,28185.0,510210,sh,上证指数ETF富国
2021-01-18,0.818,0.824,0.829,0.813,25636.0,510210,sh,上证指数ETF富国
2021-01-19,0.824,0.817,0.828,0.814,22765.0,510210,sh,上证指数ETF富国
2021-01-20,0.817,0.819,0.822,0.813,28952.0,510210,sh,上证指数ETF富国
2021-01-21,0.819,0.829,0.833,0.819,39856.0,510210,sh,上证指数ETF富国
2021-01-25,0.823,0.831,0.834,0.818,171000.0,510210,sh,上证指数ETF富国
2021-01-26,0.822,0.815,0.826,0.813,126920.0,510210,sh,上证指数ETF富国
2021-01-27,0.815,0.815,0.818,0.808,110757.0,510210,sh,上证指数ETF富国
2021-01-28,0.806,0.798,0.812,0.794,211697.0,510210,sh,上证指数ETF富国
2021-01-29,0.8,0.792,0.804,0.782,291174.0,510210,sh,上证指数ETF富国
2021-02-01,0.793,0.797,0.797,0.787,173927.0,510210,sh,上证指数ETF富国
2021-02-02,0.797,0.802,0.804,0.793,227407.0,510210,sh,上证指数ETF富国
2021-02-03,0.802,0.8,0.807,0.796,235857.0,510210,sh,上证指数ETF富国
2021-02-04,0.799,0.801,0.805,0.789,379685.0,510210,sh,上证指数ETF富国
2021-02-05,0.801,0.799,0.809,0.796,303780.0,510210,sh,上证指数ETF富国
2021-02-08,0.795,0.803,0.809,0.795,291480.0,510210,sh,上证指数ETF富国
2021-02-09,0.804,0.827,0.828,0.803,336601.0,510210,sh,上证指数ETF富国
2021-02-10,0.825,0.842,0.844,0.825,270173.0,510210,sh,上证指数ETF富国
2021-02-18,0.862,0.85,0.873,0.843,265919.0,510210,sh,上证指数ETF富国
2021-02-19,0.848,0.851,0.853,0.835,194756.0,510210,sh,上证指数ETF富国
2021-02-22,0.853,0.838,0.859,0.837,211239.0,510210,sh,上证指数ETF富国
2021-02-23,0.827,0.84,0.846,0.826,156333.0,510210,sh,上证指数ETF富国
2021-02-24,0.836,0.816,0.841,0.81,869491.0,510210,sh,上证指数ETF富国
2021-02-25,0.82,0.825,0.829,0.818,468386.0,510210,sh,上证指数ETF富国
2021-02-26,0.819,0.804,0.819,0.802,644215.0,510210,sh,上证指数ETF富国
2021-03-01,0.807,0.812,0.815,0.803,304569.0,510210,sh,上证指数ETF富国
2021-03-02,0.814,0.802,0.814,0.794,448069.0,510210,sh,上证指数ETF富国
2021-03-03,0.799,0.818,0.82,0.798,476903.0,510210,sh,上证指数ETF富国
2021-03-04,0.813,0.802,0.814,0.797,520705.0,510210,sh,上证指数ETF富国
2021-03-05,0.795,0.802,0.805,0.787,493127.0,510210,sh,上证指数ETF富国
2021-03-08,0.804,0.785,0.809,0.775,697077.0,510210,sh,上证指数ETF富国
2021-03-09,0.778,0.762,0.781,0.751,585885.0,510210,sh,上证指数ETF富国
2021-03-10,0.768,0.762,0.771,0.76,272613.0,510210,sh,上证指数ETF富国
2021-03-11,0.762,0.783,0.783,0.762,444302.0,510210,sh,上证指数ETF富国
2021-03-12,0.785,0.788,0.789,0.778,239567.0,510210,sh,上证指数ETF富国
2021-03-15,0.785,0.781,0.791,0.774,234176.0,510210,sh,上证指数ETF富国
2021-03-16,0.782,0.789,0.79,0.777,179425.0,510210,sh,上证指数ETF富国
2021-03-17,0.785,0.786,0.788,0.777,156026.0,510210,sh,上证指数ETF富国
2021-03-18,0.786,0.789,0.794,0.785,344791.0,510210,sh,上证指数ETF富国
2021-03-19,0.781,0.773,0.782,0.769,240339.0,510210,sh,上证指数ETF富国
2021-03-22,0.77,0.783,0.783,0.77,381532.0,510210,sh,上证指数ETF富国
2021-03-23,0.781,0.774,0.783,0.767,292364.0,510210,sh,上证指数ETF富国
2021-03-24,0.768,0.764,0.773,0.761,323870.0,510210,sh,上证指数ETF富国
2021-03-25,0.761,0.759,0.764,0.756,281013.0,510210,sh,上证指数ETF富国
2021-03-26,0.763,0.775,0.775,0.761,404208.0,510210,sh,上证指数ETF富国
2021-03-29,0.775,0.777,0.782,0.771,196292.0,510210,sh,上证指数ETF富国
2021-03-30,0.776,0.782,0.784,0.774,161353.0,510210,sh,上证指数ETF富国
2021-03-31,0.781,0.779,0.781,0.775,147640.0,510210,sh,上证指数ETF富国
2021-04-01,0.779,0.785,0.786,0.777,156114.0,510210,sh,上证指数ETF富国
2021-04-02,0.785,0.789,0.791,0.783,171188.0,510210,sh,上证指数ETF富国
2021-04-06,0.79,0.79,0.793,0.786,128659.0,510210,sh,上证指数ETF富国
2021-04-07,0.788,0.785,0.789,0.779,205334.0,510210,sh,上证指数ETF富国
2021-04-08,0.783,0.784,0.788,0.779,129893.0,510210,sh,上证指数ETF富国
2021-04-09,0.783,0.775,0.783,0.774,141427.0,510210,sh,上证指数ETF富国
2021-04-12,0.775,0.767,0.778,0.764,145325.0,510210,sh,上证指数ETF富国
2021-04-13,0.766,0.763,0.77,0.76,196933.0,510210,sh,上证指数ETF富国
2021-04-14,0.761,0.767,0.768,0.76,162492.0,510210,sh,上证指数ETF富国
2021-04-15,0.766,0.763,0.766,0.756,225068.0,510210,sh,上证指数ETF富国
2021-04-16,0.763,0.77,0.773,0.761,249568.0,510210,sh,上证指数ETF富国
2021-04-19,0.77,0.784,0.785,0.766,315900.0,510210,sh,上证指数ETF富国
2021-04-20,0.781,0.782,0.789,0.78,264025.0,510210,sh,上证指数ETF富国
2021-04-21,0.777,0.782,0.783,0.775,119338.0,510210,sh,上证指数ETF富国
2021-04-22,0.781,0.779,0.784,0.775,122524.0,510210,sh,上证指数ETF富国
2021-04-23,0.776,0.78,0.782,0.775,119669.0,510210,sh,上证指数ETF富国
2021-04-26,0.78,0.773,0.788,0.77,309601.0,510210,sh,上证指数ETF富国
2021-04-27,0.772,0.771,0.772,0.764,249812.0,510210,sh,上证指数ETF富国
2021-04-28,0.77,0.774,0.774,0.765,94709.0,510210,sh,上证指数ETF富国
2021-04-29,0.774,0.779,0.78,0.771,135498.0,510210,sh,上证指数ETF富国
2021-04-30,0.777,0.77,0.778,0.765,268316.0,510210,sh,上证指数ETF富国
2021-05-06,0.769,0.77,0.776,0.765,230398.0,510210,sh,上证指数ETF富国
2021-05-07,0.771,0.764,0.775,0.763,232769.0,510210,sh,上证指数ETF富国
2021-05-10,0.764,0.767,0.768,0.76,183277.0,510210,sh,上证指数ETF富国
2021-05-11,0.765,0.773,0.774,0.756,288548.0,510210,sh,上证指数ETF富国
2021-05-12,0.769,0.777,0.779,0.765,191158.0,510210,sh,上证指数ETF富国
2021-05-13,0.773,0.767,0.773,0.764,239684.0,510210,sh,上证指数ETF富国
2021-05-14,0.769,0.783,0.785,0.765,349165.0,510210,sh,上证指数ETF富国
2021-05-17,0.784,0.793,0.796,0.782,387189.0,510210,sh,上证指数ETF富国
2021-05-18,0.791,0.796,0.797,0.789,274248.0,510210,sh,上证指数ETF富国
2021-05-19,0.793,0.794,0.795,0.789,121045.0,510210,sh,上证指数ETF富国
2021-05-20,0.79,0.794,0.795,0.786,194932.0,510210,sh,上证指数ETF富国
2021-05-21,0.794,0.787,0.795,0.784,210045.0,510210,sh,上证指数ETF富国
2021-05-24,0.785,0.791,0.791,0.783,255997.0,510210,sh,上证指数ETF富国
2021-05-25,0.79,0.814,0.815,0.789,465933.0,510210,sh,上证指数ETF富国
2021-05-26,0.815,0.819,0.822,0.812,327012.0,510210,sh,上证指数ETF富国
2021-05-27,0.816,0.823,0.829,0.816,239194.0,510210,sh,上证指数ETF富国
2021-05-28,0.823,0.822,0.827,0.816,171290.0,510210,sh,上证指数ETF富国
2021-05-31,0.822,0.823,0.825,0.815,264336.0,510210,sh,上证指数ETF富国
2021-06-01,0.821,0.823,0.824,0.812,182371.0,510210,sh,上证指数ETF富国
2021-06-02,0.822,0.816,0.824,0.814,264777.0,510210,sh,上证指数ETF富国
2021-06-03,0.815,0.816,0.823,0.815,157590.0,510210,sh,上证指数ETF富国
2021-06-04,0.813,0.819,0.826,0.81,285898.0,510210,sh,上证指数ETF富国
2021-06-07,0.817,0.819,0.819,0.814,187101.0,510210,sh,上证指数ETF富国
2021-06-08,0.817,0.814,0.824,0.809,292975.0,510210,sh,上证指数ETF富国
2021-06-09,0.814,0.816,0.818,0.811,109333.0,510210,sh,上证指数ETF富国
2021-06-10,0.816,0.82,0.825,0.815,234408.0,510210,sh,上证指数ETF富国
2021-06-11,0.82,0.814,0.822,0.813,203283.0,510210,sh,上证指数ETF富国
2021-06-15,0.814,0.802,0.814,0.801,250269.0,510210,sh,上证指数ETF富国
2021-06-16,0.802,0.796,0.803,0.794,219669.0,510210,sh,上证指数ETF富国
2021-06-17,0.795,0.795,0.797,0.792,205987.0,510210,sh,上证指数ETF富国
2021-06-18,0.795,0.794,0.796,0.786,324362.0,510210,sh,上证指数ETF富国
2021-06-21,0.789,0.789,0.794,0.785,277122.0,510210,sh,上证指数ETF富国
2021-06-22,0.79,0.795,0.796,0.789,354222.0,510210,sh,上证指数ETF富国
2021-06-23,0.795,0.797,0.8,0.793,306479.0,510210,sh,上证指数ETF富国
2021-06-24,0.797,0.799,0.8,0.794,204023.0,510210,sh,上证指数ETF富国
2021-06-25,0.799,0.813,0.815,0.799,283822.0,510210,sh,上证指数ETF富国
2021-06-28,0.813,0.81,0.814,0.807,177661.0,510210,sh,上证指数ETF富国
2021-06-29,0.809,0.801,0.809,0.801,138409.0,510210,sh,上证指数ETF富国
2021-06-30,0.802,0.808,0.808,0.799,229146.0,510210,sh,上证指数ETF富国
2021-07-01,0.807,0.802,0.81,0.8,210534.0,510210,sh,上证指数ETF富国
2021-07-02,0.801,0.787,0.801,0.786,238988.0,510210,sh,上证指数ETF富国
2021-07-05,0.787,0.791,0.791,0.785,162721.0,510210,sh,上证指数ETF富国
2021-07-06,0.791,0.798,0.798,0.788,183631.0,510210,sh,上证指数ETF富国
2021-07-07,0.797,0.8,0.801,0.792,190911.0,510210,sh,上证指数ETF富国
2021-07-08,0.8,0.792,0.801,0.792,215825.0,510210,sh,上证指数ETF富国
2021-07-09,0.788,0.795,0.795,0.785,231614.0,510210,sh,上证指数ETF富国
2021-07-12,0.799,0.798,0.805,0.795,255609.0,510210,sh,上证指数ETF富国
2021-07-13,0.798,0.803,0.804,0.796,204146.0,510210,sh,上证指数ETF富国
2021-07-14,0.802,0.794,0.802,0.791,175318.0,510210,sh,上证指数ETF富国
2021-07-15,0.793,0.802,0.804,0.789,207002.0,510210,sh,上证指数ETF富国
2021-07-16,0.801,0.8,0.803,0.797,134544.0,510210,sh,上证指数ETF富国
2021-07-19,0.797,0.801,0.802,0.79,191191.0,510210,sh,上证指数ETF富国
2021-07-20,0.794,0.798,0.8,0.794,105289.0,510210,sh,上证指数ETF富国
2021-07-21,0.798,0.804,0.808,0.798,210921.0,510210,sh,上证指数ETF富国
2021-07-22,0.804,0.811,0.811,0.803,189591.0,510210,sh,上证指数ETF富国
2021-07-23,0.811,0.809,0.812,0.805,199535.0,510210,sh,上证指数ETF富国
2021-07-26,0.808,0.785,0.808,0.773,504586.0,510210,sh,上证指数ETF富国
2021-07-27,0.783,0.765,0.788,0.761,492511.0,510210,sh,上证指数ETF富国
2021-07-28,0.764,0.757,0.769,0.744,543739.0,510210,sh,上证指数ETF富国
2021-07-29,0.761,0.764,0.767,0.758,423553.0,510210,sh,上证指数ETF富国
2021-07-30,0.763,0.762,0.764,0.754,206108.0,510210,sh,上证指数ETF富国
2021-08-02,0.755,0.783,0.783,0.753,393942.0,510210,sh,上证指数ETF富国
2021-08-03,0.776,0.777,0.784,0.774,177362.0,510210,sh,上证指数ETF富国
2021-08-04,0.777,0.781,0.783,0.774,166460.0,510210,sh,上证指数ETF富国
2021-08-05,0.781,0.779,0.786,0.776,208638.0,510210,sh,上证指数ETF富国
2021-08-06,0.779,0.778,0.779,0.774,136625.0,510210,sh,上证指数ETF富国
2021-08-09,0.775,0.791,0.793,0.775,244758.0,510210,sh,上证指数ETF富国
2021-08-10,0.789,0.802,0.802,0.786,287026.0,510210,sh,上证指数ETF富国
2021-08-11,0.8,0.8,0.806,0.797,122414.0,510210,sh,上证指数ETF富国
2021-08-12,0.799,0.798,0.803,0.797,91439.0,510210,sh,上证指数ETF富国
2021-08-13,0.799,0.798,0.804,0.794,112213.0,510210,sh,上证指数ETF富国
2021-08-16,0.797,0.801,0.807,0.797,159612.0,510210,sh,上证指数ETF富国
2021-08-17,0.801,0.787,0.807,0.782,218440.0,510210,sh,上证指数ETF富国
2021-08-18,0.787,0.795,0.796,0.78,154714.0,510210,sh,上证指数ETF富国
2021-08-19,0.789,0.788,0.793,0.783,146712.0,510210,sh,上证指数ETF富国
2021-08-20,0.788,0.78,0.788,0.77,340374.0,510210,sh,上证指数ETF富国
2021-08-23,0.78,0.789,0.79,0.779,259285.0,510210,sh,上证指数ETF富国
2021-08-24,0.788,0.8,0.802,0.788,296902.0,510210,sh,上证指数ETF富国
2021-08-25,0.8,0.804,0.805,0.796,149545.0,510210,sh,上证指数ETF富国
2021-08-26,0.799,0.794,0.801,0.791,95921.0,510210,sh,上证指数ETF富国
2021-08-27,0.794,0.804,0.805,0.791,120625.0,510210,sh,上证指数ETF富国
2021-08-30,0.805,0.81,0.812,0.802,152678.0,510210,sh,上证指数ETF富国
2021-08-31,0.809,0.814,0.814,0.8,163910.0,510210,sh,上证指数ETF富国
2021-09-01,0.811,0.825,0.829,0.809,265186.0,510210,sh,上证指数ETF富国
2021-09-02,0.828,0.838,0.838,0.823,266664.0,510210,sh,上证指数ETF富国
2021-09-03,0.836,0.834,0.846,0.829,322482.0,510210,sh,上证指数ETF富国
2021-09-06,0.834,0.845,0.845,0.833,192795.0,510210,sh,上证指数ETF富国
2021-09-07,0.847,0.861,0.862,0.841,259967.0,510210,sh,上证指数ETF富国
2021-09-08,0.86,0.857,0.866,0.853,287002.0,510210,sh,上证指数ETF富国
2021-09-09,0.852,0.865,0.865,0.851,188334.0,510210,sh,上证指数ETF富国
2021-09-10,0.865,0.867,0.877,0.86,239200.0,510210,sh,上证指数ETF富国
2021-09-13,0.868,0.872,0.873,0.861,182958.0,510210,sh,上证指数ETF富国
2021-09-14,0.872,0.86,0.875,0.855,375840.0,510210,sh,上证指数ETF富国
2021-09-15,0.856,0.854,0.86,0.848,264390.0,510210,sh,上证指数ETF富国
2021-09-16,0.852,0.845,0.86,0.843,337535.0,510210,sh,上证指数ETF富国
2021-09-17,0.844,0.843,0.847,0.831,424000.0,510210,sh,上证指数ETF富国
2021-09-22,0.832,0.847,0.847,0.83,302959.0,510210,sh,上证指数ETF富国
2021-09-23,0.848,0.851,0.858,0.846,326123.0,510210,sh,上证指数ETF富国
2021-09-24,0.849,0.839,0.851,0.837,240832.0,510210,sh,上证指数ETF富国
2021-09-27,0.839,0.838,0.846,0.829,350009.0,510210,sh,上证指数ETF富国
2021-09-28,0.837,0.844,0.845,0.833,308703.0,510210,sh,上证指数ETF富国
2021-09-29,0.837,0.83,0.837,0.821,961008.0,510210,sh,上证指数ETF富国
2021-09-30,0.83,0.83,0.832,0.824,445392.0,510210,sh,上证指数ETF富国
2021-10-08,0.84,0.841,0.844,0.832,572313.0,510210,sh,上证指数ETF富国
2021-10-11,0.841,0.844,0.847,0.84,402386.0,510210,sh,上证指数ETF富国
2021-10-12,0.843,0.837,0.843,0.825,648972.0,510210,sh,上证指数ETF富国
2021-10-13,0.836,0.837,0.838,0.824,560282.0,510210,sh,上证指数ETF富国
2021-10-14,0.832,0.831,0.835,0.828,276626.0,510210,sh,上证指数ETF富国
2021-10-15,0.83,0.835,0.836,0.826,393866.0,510210,sh,上证指数ETF富国
2021-10-18,0.835,0.832,0.835,0.826,288841.0,510210,sh,上证指数ETF富国
2021-10-19,0.83,0.835,0.838,0.828,356227.0,510210,sh,上证指数ETF富国
2021-10-20,0.835,0.834,0.836,0.831,193195.0,510210,sh,上证指数ETF富国
2021-10-21,0.834,0.839,0.844,0.833,409079.0,510210,sh,上证指数ETF富国
2021-10-22,0.837,0.838,0.844,0.835,207666.0,510210,sh,上证指数ETF富国
2021-10-25,0.835,0.845,0.845,0.832,302675.0,510210,sh,上证指数ETF富国
2021-10-26,0.845,0.842,0.848,0.839,232307.0,510210,sh,上证指数ETF富国
2021-10-27,0.84,0.828,0.841,0.827,450398.0,510210,sh,上证指数ETF富国
2021-10-28,0.828,0.818,0.828,0.813,839829.0,510210,sh,上证指数ETF富国
2021-10-29,0.818,0.82,0.821,0.812,665906.0,510210,sh,上证指数ETF富国
2021-11-01,0.814,0.819,0.823,0.81,544634.0,510210,sh,上证指数ETF富国
2021-11-02,0.819,0.807,0.822,0.8,714563.0,510210,sh,上证指数ETF富国
2021-11-03,0.806,0.805,0.808,0.801,368544.0,510210,sh,上证指数ETF富国
2021-11-04,0.807,0.811,0.812,0.804,474897.0,510210,sh,上证指数ETF富国
2021-11-05,0.808,0.802,0.811,0.802,438252.0,510210,sh,上证指数ETF富国
2021-11-08,0.801,0.802,0.804,0.798,234401.0,510210,sh,上证指数ETF富国
2021-11-09,0.802,0.805,0.807,0.799,238179.0,510210,sh,上证指数ETF富国
2021-11-10,0.804,0.803,0.805,0.789,677933.0,510210,sh,上证指数ETF富国
2021-11-11,0.8,0.811,0.812,0.797,617605.0,510210,sh,上证指数ETF富国
2021-11-12,0.811,0.813,0.815,0.809,344062.0,510210,sh,上证指数ETF富国
2021-11-15,0.815,0.814,0.818,0.809,233355.0,510210,sh,上证指数ETF富国
2021-11-16,0.814,0.807,0.816,0.805,279993.0,510210,sh,上证指数ETF富国
2021-11-17,0.807,0.808,0.81,0.805,171733.0,510210,sh,上证指数ETF富国
2021-11-18,0.806,0.807,0.81,0.803,221168.0,510210,sh,上证指数ETF富国
2021-11-19,0.805,0.818,0.818,0.804,366545.0,510210,sh,上证指数ETF富国
2021-11-22,0.818,0.823,0.825,0.814,402800.0,510210,sh,上证指数ETF富国
2021-11-23,0.823,0.825,0.829,0.819,479070.0,510210,sh,上证指数ETF富国
2021-11-24,0.825,0.827,0.83,0.822,268160.0,510210,sh,上证指数ETF富国
2021-11-25,0.827,0.826,0.829,0.825,101356.0,510210,sh,上证指数ETF富国
2021-11-26,0.825,0.822,0.825,0.817,476447.0,510210,sh,上证指数ETF富国
2021-11-29,0.815,0.818,0.819,0.813,352427.0,510210,sh,上证指数ETF富国
2021-11-30,0.819,0.819,0.824,0.816,292450.0,510210,sh,上证指数ETF富国
2021-12-01,0.818,0.824,0.824,0.817,178515.0,510210,sh,上证指数ETF富国
2021-12-02,0.823,0.823,0.826,0.82,276870.0,510210,sh,上证指数ETF富国
2021-12-03,0.823,0.833,0.834,0.822,641510.0,510210,sh,上证指数ETF富国
2021-12-06,0.835,0.83,0.839,0.828,295492.0,510210,sh,上证指数ETF富国
2021-12-07,0.831,0.83,0.836,0.824,338057.0,510210,sh,上证指数ETF富国
2021-12-08,0.831,0.842,0.842,0.828,379909.0,510210,sh,上证指数ETF富国
2021-12-09,0.84,0.849,0.855,0.84,410946.0,510210,sh,上证指数ETF富国
2021-12-10,0.847,0.846,0.847,0.843,220093.0,510210,sh,上证指数ETF富国
2021-12-13,0.849,0.85,0.858,0.847,306957.0,510210,sh,上证指数ETF富国
2021-12-14,0.849,0.845,0.849,0.843,174989.0,510210,sh,上证指数ETF富国
2021-12-15,0.846,0.842,0.848,0.842,175690.0,510210,sh,上证指数ETF富国
2021-12-16,0.844,0.851,0.852,0.842,251887.0,510210,sh,上证指数ETF富国
2021-12-17,0.851,0.841,0.852,0.84,384934.0,510210,sh,上证指数ETF富国
2021-12-20,0.837,0.83,0.843,0.828,754112.0,510210,sh,上证指数ETF富国
2021-12-21,0.827,0.836,0.837,0.827,434447.0,510210,sh,上证指数ETF富国
2021-12-22,0.836,0.835,0.838,0.834,180433.0,510210,sh,上证指数ETF富国
2021-12-23,0.835,0.844,0.844,0.833,383885.0,510210,sh,上证指数ETF富国
2021-12-24,0.844,0.838,0.847,0.836,237360.0,510210,sh,上证指数ETF富国
2021-12-27,0.84,0.837,0.842,0.834,302905.0,510210,sh,上证指数ETF富国
2021-12-28,0.837,0.839,0.84,0.835,228291.0,510210,sh,上证指数ETF富国
2021-12-29,0.84,0.831,0.84,0.831,346784.0,510210,sh,上证指数ETF富国
2021-12-30,0.831,0.838,0.84,0.83,387908.0,510210,sh,上证指数ETF富国
2021-12-31,0.839,0.845,0.847,0.838,369823.0,510210,sh,上证指数ETF富国
2022-01-04,0.846,0.845,0.847,0.837,434085.0,510210,sh,上证指数ETF富国
2022-01-05,0.842,0.839,0.846,0.833,482996.0,510210,sh,上证指数ETF富国
2022-01-06,0.835,0.836,0.836,0.827,533793.0,510210,sh,上证指数ETF富国
2022-01-07,0.835,0.835,0.84,0.832,428450.0,510210,sh,上证指数ETF富国
2022-01-10,0.835,0.837,0.839,0.829,1260648.0,510210,sh,上证指数ETF富国
2022-01-11,0.838,0.831,0.839,0.83,428898.0,510210,sh,上证指数ETF富国
2022-01-12,0.833,0.838,0.84,0.832,319081.0,510210,sh,上证指数ETF富国
2022-01-13,0.838,0.83,0.841,0.829,404314.0,510210,sh,上证指数ETF富国
2022-01-14,0.827,0.82,0.828,0.818,920439.0,510210,sh,上证指数ETF富国
2022-01-17,0.818,0.824,0.824,0.818,503614.0,510210,sh,上证指数ETF富国
2022-01-18,0.822,0.83,0.834,0.821,793474.0,510210,sh,上证指数ETF富国
2022-01-19,0.828,0.83,0.834,0.825,391337.0,510210,sh,上证指数ETF富国
2022-01-20,0.83,0.831,0.835,0.825,349454.0,510210,sh,上证指数ETF富国
2022-01-21,0.829,0.822,0.829,0.817,992066.0,510210,sh,上证指数ETF富国
2022-01-24,0.818,0.82,0.822,0.813,532663.0,510210,sh,上证指数ETF富国
2022-01-25,0.816,0.796,0.818,0.795,1078017.0,510210,sh,上证指数ETF富国
2022-01-26,0.796,0.802,0.802,0.791,658110.0,510210,sh,上证指数ETF富国
2022-01-27,0.796,0.788,0.802,0.785,755604.0,510210,sh,上证指数ETF富国
2022-01-28,0.786,0.778,0.791,0.772,727575.0,510210,sh,上证指数ETF富国
2022-02-07,0.784,0.793,0.796,0.782,704574.0,510210,sh,上证指数ETF富国
2022-02-08,0.792,0.802,0.803,0.784,606125.0,510210,sh,上证指数ETF富国
2022-02-09,0.801,0.808,0.811,0.799,683919.0,510210,sh,上证指数ETF富国
2022-02-10,0.807,0.812,0.814,0.805,562562.0,510210,sh,上证指数ETF富国
2022-02-11,0.808,0.808,0.818,0.807,591221.0,510210,sh,上证指数ETF富国
2022-02-14,0.806,0.798,0.807,0.795,678462.0,510210,sh,上证指数ETF富国
2022-02-15,0.795,0.803,0.804,0.795,396539.0,510210,sh,上证指数ETF富国
2022-02-16,0.804,0.805,0.808,0.803,470447.0,510210,sh,上证指数ETF富国
2022-02-17,0.804,0.806,0.81,0.801,633401.0,510210,sh,上证指数ETF富国
2022-02-18,0.803,0.815,0.815,0.802,412367.0,510210,sh,上证指数ETF富国
2022-02-21,0.813,0.814,0.815,0.807,323465.0,510210,sh,上证指数ETF富国
2022-02-22,0.809,0.804,0.815,0.798,527293.0,510210,sh,上证指数ETF富国
2022-02-23,0.804,0.81,0.813,0.803,396577.0,510210,sh,上证指数ETF富国
2022-02-24,0.807,0.795,0.809,0.788,602579.0,510210,sh,上证指数ETF富国
2022-02-25,0.799,0.8,0.807,0.796,485286.0,510210,sh,上证指数ETF富国
2022-02-28,0.798,0.801,0.802,0.792,411575.0,510210,sh,上证指数ETF富国
2022-03-01,0.801,0.812,0.813,0.801,565209.0,510210,sh,上证指数ETF富国
2022-03-02,0.807,0.812,0.813,0.806,336491.0,510210,sh,上证指数ETF富国
2022-03-03,0.814,0.811,0.815,0.808,361236.0,510210,sh,上证指数ETF富国
2022-03-04,0.806,0.8,0.809,0.799,675541.0,510210,sh,上证指数ETF富国
2022-03-07,0.796,0.783,0.798,0.777,971844.0,510210,sh,上证指数ETF富国
2022-03-08,0.781,0.762,0.787,0.756,1129176.0,510210,sh,上证指数ETF富国
2022-03-09,0.763,0.752,0.766,0.718,1533283.0,510210,sh,上证指数ETF富国
2022-03-10,0.76,0.756,0.765,0.752,1085217.0,510210,sh,上证指数ETF富国
2022-03-11,0.744,0.76,0.761,0.733,885189.0,510210,sh,上证指数ETF富国
2022-03-14,0.748,0.738,0.757,0.736,847711.0,510210,sh,上证指数ETF富国
2022-03-15,0.733,0.697,0.734,0.69,1955593.0,510210,sh,上证指数ETF富国
2022-03-16,0.7,0.719,0.721,0.676,1749900.0,510210,sh,上证指数ETF富国
2022-03-17,0.727,0.73,0.741,0.723,1586263.0,510210,sh,上证指数ETF富国
2022-03-18,0.725,0.741,0.744,0.725,798163.0,510210,sh,上证指数ETF富国
2022-03-21,0.743,0.742,0.746,0.733,541111.0,510210,sh,上证指数ETF富国
2022-03-22,0.737,0.745,0.749,0.737,559755.0,510210,sh,上证指数ETF富国
2022-03-23,0.744,0.747,0.75,0.74,513405.0,510210,sh,上证指数ETF富国
2022-03-24,0.744,0.744,0.747,0.739,495253.0,510210,sh,上证指数ETF富国
2022-03-25,0.743,0.737,0.747,0.735,465481.0,510210,sh,上证指数ETF富国
2022-03-28,0.734,0.737,0.741,0.722,604596.0,510210,sh,上证指数ETF富国
2022-03-29,0.737,0.735,0.74,0.732,468682.0,510210,sh,上证指数ETF富国
2022-03-30,0.738,0.753,0.754,0.737,708852.0,510210,sh,上证指数ETF富国
2022-03-31,0.751,0.749,0.755,0.746,572831.0,510210,sh,上证指数ETF富国
2022-04-01,0.745,0.76,0.761,0.743,569116.0,510210,sh,上证指数ETF富国
2022-04-06,0.757,0.763,0.763,0.753,440954.0,510210,sh,上证指数ETF富国
2022-04-07,0.759,0.749,0.762,0.748,637802.0,510210,sh,上证指数ETF富国
2022-04-08,0.749,0.756,0.756,0.742,590189.0,510210,sh,上证指数ETF富国
2022-04-11,0.754,0.738,0.754,0.731,838636.0,510210,sh,上证指数ETF富国
2022-04-12,0.733,0.744,0.745,0.725,789420.0,510210,sh,上证指数ETF富国
2022-04-13,0.737,0.738,0.747,0.735,548873.0,510210,sh,上证指数ETF富国
2022-04-14,0.742,0.748,0.751,0.739,668651.0,510210,sh,上证指数ETF富国
2022-04-15,0.744,0.745,0.749,0.741,519902.0,510210,sh,上证指数ETF富国
2022-04-18,0.74,0.736,0.74,0.732,569921.0,510210,sh,上证指数ETF富国
2022-04-19,0.737,0.738,0.74,0.733,499230.0,510210,sh,上证指数ETF富国
2022-04-20,0.74,0.726,0.74,0.723,752256.0,510210,sh,上证指数ETF富国
2022-04-21,0.724,0.707,0.729,0.705,1130217.0,510210,sh,上证指数ETF富国
2022-04-22,0.702,0.711,0.715,0.7,823523.0,510210,sh,上证指数ETF富国
2022-04-25,0.7,0.673,0.703,0.665,2400226.0,510210,sh,上证指数ETF富国
2022-04-26,0.67,0.658,0.675,0.653,1913567.0,510210,sh,上证指数ETF富国
2022-04-27,0.648,0.676,0.676,0.647,1714861.0,510210,sh,上证指数ETF富国
2022-04-28,0.67,0.683,0.687,0.668,1554043.0,510210,sh,上证指数ETF富国
2022-04-29,0.686,0.702,0.705,0.681,1302261.0,510210,sh,上证指数ETF富国
2022-05-05,0.701,0.71,0.713,0.699,898562.0,510210,sh,上证指数ETF富国
2022-05-06,0.698,0.69,0.699,0.688,1074254.0,510210,sh,上证指数ETF富国
2022-05-09,0.687,0.689,0.694,0.685,733533.0,510210,sh,上证指数ETF富国
2022-05-10,0.684,0.696,0.699,0.675,1204104.0,510210,sh,上证指数ETF富国
2022-05-11,0.693,0.701,0.711,0.692,1492073.0,510210,sh,上证指数ETF富国
2022-05-12,0.698,0.702,0.705,0.696,710425.0,510210,sh,上证指数ETF富国
2022-05-13,0.702,0.71,0.711,0.702,836918.0,510210,sh,上证指数ETF富国
2022-05-16,0.712,0.706,0.714,0.702,594945.0,510210,sh,上证指数ETF富国
2022-05-17,0.704,0.711,0.711,0.702,642553.0,510210,sh,上证指数ETF富国
2022-05-18,0.711,0.708,0.714,0.704,549445.0,510210,sh,上证指数ETF富国
2022-05-19,0.697,0.712,0.712,0.697,596608.0,510210,sh,上证指数ETF富国
2022-05-20,0.714,0.727,0.728,0.713,785341.0,510210,sh,上证指数ETF富国
2022-05-23,0.728,0.725,0.728,0.72,492154.0,510210,sh,上证指数ETF富国
2022-05-24,0.725,0.706,0.727,0.705,760046.0,510210,sh,上证指数ETF富国
2022-05-25,0.704,0.719,0.72,0.703,646963.0,510210,sh,上证指数ETF富国
2022-05-26,0.717,0.72,0.724,0.709,620627.0,510210,sh,上证指数ETF富国
2022-05-27,0.723,0.723,0.728,0.719,675129.0,510210,sh,上证指数ETF富国
2022-05-30,0.724,0.727,0.729,0.721,539495.0,510210,sh,上证指数ETF富国
2022-05-31,0.726,0.737,0.738,0.725,647177.0,510210,sh,上证指数ETF富国
2022-06-01,0.734,0.736,0.738,0.73,727758.0,510210,sh,上证指数ETF富国
2022-06-02,0.733,0.738,0.74,0.729,544842.0,510210,sh,上证指数ETF富国
2022-06-06,0.736,0.748,0.748,0.733,564541.0,510210,sh,上证指数ETF富国
2022-06-07,0.746,0.75,0.753,0.744,501193.0,510210,sh,上证指数ETF富国
2022-06-08,0.749,0.759,0.76,0.743,641225.0,510210,sh,上证指数ETF富国
2022-06-09,0.755,0.754,0.761,0.75,611580.0,510210,sh,上证指数ETF富国
2022-06-10,0.751,0.765,0.766,0.747,575298.0,510210,sh,上证指数ETF富国
2022-06-13,0.761,0.758,0.763,0.75,582721.0,510210,sh,上证指数ETF富国
2022-06-14,0.753,0.77,0.771,0.742,722043.0,510210,sh,上证指数ETF富国
2022-06-15,0.769,0.778,0.789,0.767,926998.0,510210,sh,上证指数ETF富国
2022-06-16,0.775,0.766,0.78,0.764,647619.0,510210,sh,上证指数ETF富国
2022-06-17,0.758,0.776,0.777,0.758,757892.0,510210,sh,上证指数ETF富国
2022-06-20,0.778,0.776,0.779,0.767,616365.0,510210,sh,上证指数ETF富国
2022-06-21,0.774,0.771,0.777,0.763,654167.0,510210,sh,上证指数ETF富国
2022-06-22,0.77,0.761,0.771,0.76,547458.0,510210,sh,上证指数ETF富国
2022-06-23,0.76,0.777,0.777,0.759,625196.0,510210,sh,上证指数ETF富国
2022-06-24,0.777,0.783,0.785,0.774,653364.0,510210,sh,上证指数ETF富国
2022-06-27,0.783,0.792,0.796,0.783,963854.0,510210,sh,上证指数ETF富国
2022-06-28,0.789,0.802,0.803,0.786,558587.0,510210,sh,上证指数ETF富国
2022-06-29,0.8,0.786,0.802,0.785,1075396.0,510210,sh,上证指数ETF富国
2022-06-30,0.786,0.799,0.803,0.786,633700.0,510210,sh,上证指数ETF富国
2022-07-01,0.798,0.797,0.801,0.793,824979.0,510210,sh,上证指数ETF富国
2022-07-04,0.795,0.799,0.8,0.789,512579.0,510210,sh,上证指数ETF富国
2022-07-05,0.797,0.8,0.805,0.792,575294.0,510210,sh,上证指数ETF富国
2022-07-06,0.793,0.79,0.797,0.78,825212.0,510210,sh,上证指数ETF富国
2022-07-07,0.786,0.791,0.792,0.781,671432.0,510210,sh,上证指数ETF富国
2022-07-08,0.791,0.786,0.794,0.784,609987.0,510210,sh,上证指数ETF富国
2022-07-11,0.784,0.774,0.784,0.77,754108.0,510210,sh,上证指数ETF富国
2022-07-12,0.773,0.774,0.781,0.77,811389.0,510210,sh,上证指数ETF富国
2022-07-13,0.77,0.772,0.776,0.766,730572.0,510210,sh,上证指数ETF富国
2022-07-14,0.77,0.771,0.775,0.764,733359.0,510210,sh,上证指数ETF富国
2022-07-15,0.77,0.761,0.777,0.76,866218.0,510210,sh,上证指数ETF富国
2022-07-18,0.759,0.777,0.778,0.757,860419.0,510210,sh,上证指数ETF富国
2022-07-19,0.776,0.773,0.777,0.768,782481.0,510210,sh,上证指数ETF富国
2022-07-20,0.775,0.781,0.782,0.774,761744.0,510210,sh,上证指数ETF富国
2022-07-21,0.778,0.773,0.78,0.773,797780.0,510210,sh,上证指数ETF富国
2022-07-22,0.772,0.77,0.778,0.765,729467.0,510210,sh,上证指数ETF富国
2022-07-25,0.77,0.767,0.772,0.764,568127.0,510210,sh,上证指数ETF富国
2022-07-26,0.766,0.773,0.774,0.765,544249.0,510210,sh,上证指数ETF富国
2022-07-27,0.772,0.772,0.774,0.769,519317.0,510210,sh,上证指数ETF富国
2022-07-28,0.774,0.773,0.781,0.772,998078.0,510210,sh,上证指数ETF富国
2022-07-29,0.773,0.765,0.778,0.763,711223.0,510210,sh,上证指数ETF富国
2022-08-01,0.763,0.765,0.767,0.756,681204.0,510210,sh,上证指数ETF富国
2022-08-02,0.76,0.746,0.761,0.735,1242644.0,510210,sh,上证指数ETF富国
2022-08-03,0.744,0.74,0.752,0.737,809577.0,510210,sh,上证指数ETF富国
2022-08-04,0.742,0.746,0.746,0.736,724548.0,510210,sh,上证指数ETF富国
2022-08-05,0.747,0.759,0.76,0.744,845772.0,510210,sh,上证指数ETF富国
2022-08-08,0.757,0.761,0.762,0.754,635961.0,510210,sh,上证指数ETF富国
2022-08-09,0.759,0.764,0.764,0.757,545691.0,510210,sh,上证指数ETF富国
2022-08-10,0.763,0.759,0.764,0.755,513109.0,510210,sh,上证指数ETF富国
2022-08-11,0.76,0.774,0.775,0.759,698448.0,510210,sh,上证指数ETF富国
2022-08-12,0.773,0.773,0.777,0.77,508568.0,510210,sh,上证指数ETF富国
2022-08-15,0.772,0.773,0.777,0.77,522683.0,510210,sh,上证指数ETF富国
2022-08-16,0.773,0.775,0.781,0.773,564220.0,510210,sh,上证指数ETF富国
2022-08-17,0.774,0.78,0.78,0.77,544466.0,510210,sh,上证指数ETF富国
2022-08-18,0.778,0.775,0.779,0.772,489508.0,510210,sh,上证指数ETF富国
2022-08-19,0.775,0.773,0.778,0.771,483689.0,510210,sh,上证指数ETF富国
2022-08-22,0.769,0.775,0.775,0.766,477844.0,510210,sh,上证指数ETF富国
2022-08-23,0.772,0.773,0.775,0.77,465654.0,510210,sh,上证指数ETF富国
2022-08-24,0.773,0.758,0.775,0.755,812372.0,510210,sh,上证指数ETF富国
2022-08-25,0.758,0.764,0.765,0.752,689795.0,510210,sh,上证指数ETF富国
2022-08-26,0.763,0.764,0.769,0.762,744364.0,510210,sh,上证指数ETF富国
2022-08-29,0.755,0.762,0.762,0.754,488484.0,510210,sh,上证指数ETF富国
2022-08-30,0.761,0.757,0.763,0.754,492793.0,510210,sh,上证指数ETF富国
2022-08-31,0.753,0.752,0.758,0.746,804414.0,510210,sh,上证指数ETF富国
2022-09-01,0.75,0.747,0.755,0.747,600002.0,510210,sh,上证指数ETF富国
2022-09-02,0.748,0.749,0.751,0.744,744558.0,510210,sh,上证指数ETF富国
2022-09-05,0.747,0.752,0.752,0.744,498352.0,510210,sh,上证指数ETF富国
2022-09-06,0.752,0.764,0.765,0.752,841314.0,510210,sh,上证指数ETF富国
2022-09-07,0.76,0.762,0.764,0.759,557222.0,510210,sh,上证指数ETF富国
2022-09-08,0.763,0.758,0.764,0.757,733943.0,510210,sh,上证指数ETF富国
2022-09-09,0.76,0.768,0.769,0.758,803565.0,510210,sh,上证指数ETF富国
2022-09-13,0.768,0.767,0.772,0.766,463046.0,510210,sh,上证指数ETF富国
2022-09-14,0.763,0.761,0.764,0.757,598305.0,510210,sh,上证指数ETF富国
2022-09-15,0.761,0.752,0.764,0.744,1194793.0,510210,sh,上证指数ETF富国
2022-09-16,0.747,0.731,0.749,0.729,1878008.0,510210,sh,上证指数ETF富国
2022-09-19,0.728,0.728,0.731,0.723,949572.0,510210,sh,上证指数ETF富国
2022-09-20,0.729,0.728,0.732,0.725,775111.0,510210,sh,上证指数ETF富国
2022-09-21,0.725,0.729,0.73,0.719,869100.0,510210,sh,上证指数ETF富国
2022-09-22,0.725,0.724,0.727,0.72,686658.0,510210,sh,上证指数ETF富国
2022-09-23,0.72,0.721,0.728,0.715,852108.0,510210,sh,上证指数ETF富国
2022-09-26,0.713,0.71,0.722,0.707,1110612.0,510210,sh,上证指数ETF富国
2022-09-27,0.71,0.72,0.72,0.707,893794.0,510210,sh,上证指数ETF富国
2022-09-28,0.715,0.707,0.717,0.706,851437.0,510210,sh,上证指数ETF富国
2022-09-29,0.711,0.708,0.715,0.703,942129.0,510210,sh,上证指数ETF富国
2022-09-30,0.707,0.705,0.711,0.702,719594.0,510210,sh,上证指数ETF富国
2022-10-10,0.705,0.69,0.705,0.687,1234008.0,510210,sh,上证指数ETF富国
2022-10-11,0.69,0.692,0.693,0.684,851596.0,510210,sh,上证指数ETF富国
2022-10-12,0.691,0.704,0.705,0.678,1512406.0,510210,sh,上证指数ETF富国
2022-10-13,0.699,0.7,0.704,0.695,1110335.0,510210,sh,上证指数ETF富国
2022-10-14,0.703,0.716,0.719,0.702,1638804.0,510210,sh,上证指数ETF富国
2022-10-17,0.713,0.717,0.719,0.709,709690.0,510210,sh,上证指数ETF富国
2022-10-18,0.718,0.715,0.721,0.714,727733.0,510210,sh,上证指数ETF富国
2022-10-19,0.715,0.707,0.715,0.705,824872.0,510210,sh,上证指数ETF富国
2022-10-20,0.703,0.705,0.712,0.697,1086443.0,510210,sh,上证指数ETF富国
2022-10-21,0.704,0.703,0.708,0.701,727025.0,510210,sh,上证指数ETF富国
2022-10-24,0.703,0.686,0.71,0.682,1610905.0,510210,sh,上证指数ETF富国
2022-10-25,0.685,0.687,0.692,0.676,1158839.0,510210,sh,上证指数ETF富国
2022-10-26,0.686,0.692,0.698,0.684,1224099.0,510210,sh,上证指数ETF富国
2022-10-27,0.694,0.688,0.696,0.686,882920.0,510210,sh,上证指数ETF富国
2022-10-28,0.685,0.668,0.685,0.665,2150147.0,510210,sh,上证指数ETF富国
2022-10-31,0.663,0.666,0.669,0.658,1955377.0,510210,sh,上证指数ETF富国
2022-11-01,0.663,0.682,0.683,0.661,1942223.0,510210,sh,上证指数ETF富国
2022-11-02,0.678,0.69,0.695,0.677,1859777.0,510210,sh,上证指数ETF富国
2022-11-03,0.685,0.692,0.693,0.684,744250.0,510210,sh,上证指数ETF富国
2022-11-04,0.689,0.709,0.711,0.688,1658820.0,510210,sh,上证指数ETF富国
2022-11-07,0.705,0.711,0.714,0.702,999742.0,510210,sh,上证指数ETF富国
2022-11-08,0.709,0.706,0.71,0.703,654639.0,510210,sh,上证指数ETF富国
2022-11-09,0.706,0.703,0.709,0.703,596736.0,510210,sh,上证指数ETF富国
2022-11-10,0.699,0.702,0.703,0.696,811615.0,510210,sh,上证指数ETF富国
2022-11-11,0.715,0.717,0.725,0.71,1652328.0,510210,sh,上证指数ETF富国
2022-11-14,0.72,0.72,0.727,0.715,1098872.0,510210,sh,上证指数ETF富国
2022-11-15,0.712,0.734,0.734,0.712,1204016.0,510210,sh,上证指数ETF富国
2022-11-16,0.729,0.726,0.734,0.724,616096.0,510210,sh,上证指数ETF富国
2022-11-17,0.722,0.725,0.726,0.716,740552.0,510210,sh,上证指数ETF富国
2022-11-18,0.723,0.719,0.727,0.717,643783.0,510210,sh,上证指数ETF富国
2022-11-21,0.714,0.713,0.715,0.705,877085.0,510210,sh,上证指数ETF富国
2022-11-22,0.714,0.714,0.722,0.709,1022999.0,510210,sh,上证指数ETF富国
2022-11-23,0.712,0.719,0.722,0.711,723022.0,510210,sh,上证指数ETF富国
2022-11-24,0.719,0.714,0.723,0.714,580924.0,510210,sh,上证指数ETF富国
2022-11-25,0.714,0.72,0.722,0.712,743248.0,510210,sh,上证指数ETF富国
2022-11-28,0.714,0.716,0.717,0.701,1031133.0,510210,sh,上证指数ETF富国
2022-11-29,0.716,0.737,0.738,0.716,1311782.0,510210,sh,上证指数ETF富国
2022-11-30,0.732,0.736,0.739,0.732,783583.0,510210,sh,上证指数ETF富国
2022-12-01,0.743,0.739,0.75,0.738,1064352.0,510210,sh,上证指数ETF富国
2022-12-02,0.737,0.737,0.741,0.735,773299.0,510210,sh,上证指数ETF富国
2022-12-05,0.742,0.756,0.758,0.742,1055259.0,510210,sh,上证指数ETF富国
2022-12-06,0.752,0.753,0.757,0.749,667423.0,510210,sh,上证指数ETF富国
2022-12-07,0.752,0.748,0.756,0.746,752452.0,510210,sh,上证指数ETF富国
2022-12-08,0.747,0.749,0.751,0.745,536818.0,510210,sh,上证指数ETF富国
2022-12-09,0.747,0.752,0.753,0.743,597395.0,510210,sh,上证指数ETF富国
2022-12-12,0.748,0.744,0.75,0.741,616848.0,510210,sh,上证指数ETF富国
2022-12-13,0.741,0.743,0.745,0.74,434318.0,510210,sh,上证指数ETF富国
2022-12-14,0.743,0.743,0.746,0.74,497828.0,510210,sh,上证指数ETF富国
2022-12-15,0.743,0.742,0.744,0.738,581310.0,510210,sh,上证指数ETF富国
2022-12-16,0.738,0.74,0.743,0.737,734514.0,510210,sh,上证指数ETF富国
2022-12-19,0.742,0.724,0.742,0.72,1285533.0,510210,sh,上证指数ETF富国
2022-12-20,0.721,0.715,0.721,0.71,1878209.0,510210,sh,上证指数ETF富国
2022-12-21,0.715,0.713,0.717,0.709,1292519.0,510210,sh,上证指数ETF富国
2022-12-22,0.716,0.711,0.719,0.705,1287993.0,510210,sh,上证指数ETF富国
2022-12-23,0.706,0.706,0.711,0.703,1383938.0,510210,sh,上证指数ETF富国
2022-12-26,0.706,0.711,0.711,0.706,1065199.0,510210,sh,上证指数ETF富国
2022-12-27,0.713,0.718,0.719,0.712,1334088.0,510210,sh,上证指数ETF富国
2022-12-28,0.715,0.715,0.718,0.713,708481.0,510210,sh,上证指数ETF富国
2022-12-29,0.711,0.713,0.716,0.709,2026538.0,510210,sh,上证指数ETF富国
2022-12-30,0.715,0.718,0.72,0.714,1174078.0,510210,sh,上证指数ETF富国
2023-01-03,0.716,0.727,0.728,0.713,1507117.0,510210,sh,上证指数ETF富国
2023-01-04,0.725,0.728,0.729,0.723,823490.0,510210,sh,上证指数ETF富国
2023-01-05,0.73,0.739,0.74,0.73,1067186.0,510210,sh,上证指数ETF富国
2023-01-06,0.738,0.739,0.743,0.736,699069.0,510210,sh,上证指数ETF富国
2023-01-09,0.74,0.745,0.747,0.74,725442.0,510210,sh,上证指数ETF富国
2023-01-10,0.744,0.743,0.745,0.74,494405.0,510210,sh,上证指数ETF富国
2023-01-11,0.742,0.74,0.748,0.733,652834.0,510210,sh,上证指数ETF富国
2023-01-12,0.742,0.743,0.745,0.739,509931.0,510210,sh,上证指数ETF富国
2023-01-13,0.744,0.754,0.756,0.743,662043.0,510210,sh,上证指数ETF富国
2023-01-16,0.754,0.761,0.769,0.753,632036.0,510210,sh,上证指数ETF富国
2023-01-17,0.761,0.761,0.763,0.758,408587.0,510210,sh,上证指数ETF富国
2023-01-18,0.76,0.761,0.764,0.759,550215.0,510210,sh,上证指数ETF富国
2023-01-19,0.759,0.767,0.767,0.756,549815.0,510210,sh,上证指数ETF富国
2023-01-20,0.767,0.774,0.774,0.767,489723.0,510210,sh,上证指数ETF富国
2023-01-30,0.783,0.774,0.786,0.773,604783.0,510210,sh,上证指数ETF富国
2023-01-31,0.771,0.77,0.778,0.767,530857.0,510210,sh,上证指数ETF富国
2023-02-01,0.77,0.78,0.782,0.767,666823.0,510210,sh,上证指数ETF富国
2023-02-02,0.78,0.777,0.781,0.774,541428.0,510210,sh,上证指数ETF富国
2023-02-03,0.773,0.771,0.774,0.762,737484.0,510210,sh,上证指数ETF富国
2023-02-06,0.764,0.765,0.767,0.758,701271.0,510210,sh,上证指数ETF富国
2023-02-07,0.763,0.767,0.774,0.762,596040.0,510210,sh,上证指数ETF富国
2023-02-08,0.768,0.762,0.769,0.761,497053.0,510210,sh,上证指数ETF富国
2023-02-09,0.758,0.775,0.777,0.758,766475.0,510210,sh,上证指数ETF富国
2023-02-10,0.774,0.77,0.774,0.767,560575.0,510210,sh,上证指数ETF富国
2023-02-13,0.768,0.777,0.779,0.767,737425.0,510210,sh,上证指数ETF富国
2023-02-14,0.778,0.779,0.78,0.774,427967.0,510210,sh,上证指数ETF富国
2023-02-15,0.778,0.776,0.779,0.773,501108.0,510210,sh,上证指数ETF富国
2023-02-16,0.773,0.766,0.784,0.76,913632.0,510210,sh,上证指数ETF富国
2023-02-17,0.766,0.759,0.771,0.758,670990.0,510210,sh,上证指数ETF富国
2023-02-20,0.76,0.784,0.786,0.76,958517.0,510210,sh,上证指数ETF富国
2023-02-21,0.781,0.786,0.786,0.777,685242.0,510210,sh,上证指数ETF富国
2023-02-22,0.781,0.781,0.785,0.778,622157.0,510210,sh,上证指数ETF富国
2023-02-23,0.781,0.779,0.785,0.776,621727.0,510210,sh,上证指数ETF富国
2023-02-24,0.78,0.773,0.78,0.77,616458.0,510210,sh,上证指数ETF富国
2023-02-27,0.771,0.771,0.777,0.77,625227.0,510210,sh,上证指数ETF富国
2023-02-28,0.773,0.781,0.781,0.768,595093.0,510210,sh,上证指数ETF富国
2023-03-01,0.779,0.792,0.793,0.776,904022.0,510210,sh,上证指数ETF富国
2023-03-02,0.788,0.789,0.792,0.787,544380.0,510210,sh,上证指数ETF富国
2023-03-03,0.79,0.793,0.795,0.785,648965.0,510210,sh,上证指数ETF富国
2023-03-06,0.793,0.79,0.793,0.785,635096.0,510210,sh,上证指数ETF富国
2023-03-07,0.787,0.777,0.795,0.776,1011462.0,510210,sh,上证指数ETF富国
2023-03-08,0.774,0.781,0.783,0.771,611121.0,510210,sh,上证指数ETF富国
2023-03-09,0.778,0.777,0.781,0.772,532508.0,510210,sh,上证指数ETF富国
2023-03-10,0.772,0.765,0.773,0.764,896171.0,510210,sh,上证指数ETF富国
2023-03-13,0.765,0.774,0.776,0.761,858089.0,510210,sh,上证指数ETF富国
2023-03-14,0.774,0.769,0.774,0.761,787100.0,510210,sh,上证指数ETF富国
2023-03-15,0.772,0.775,0.778,0.772,732521.0,510210,sh,上证指数ETF富国
2023-03-16,0.77,0.77,0.774,0.768,678294.0,510210,sh,上证指数ETF富国
2023-03-17,0.772,0.778,0.787,0.772,1105116.0,510210,sh,上证指数ETF富国
2023-03-20,0.778,0.772,0.781,0.771,708338.0,510210,sh,上证指数ETF富国
2023-03-21,0.773,0.778,0.779,0.771,652626.0,510210,sh,上证指数ETF富国
2023-03-22,0.779,0.783,0.784,0.778,722185.0,510210,sh,上证指数ETF富国
2023-03-23,0.78,0.787,0.788,0.778,675876.0,510210,sh,上证指数ETF富国
2023-03-24,0.786,0.779,0.786,0.777,880146.0,510210,sh,上证指数ETF富国
2023-03-27,0.778,0.778,0.779,0.77,828799.0,510210,sh,上证指数ETF富国
2023-03-28,0.777,0.777,0.782,0.775,677567.0,510210,sh,上证指数ETF富国
2023-03-29,0.778,0.776,0.78,0.773,846238.0,510210,sh,上证指数ETF富国
2023-03-30,0.775,0.779,0.78,0.769,863567.0,510210,sh,上证指数ETF富国
2023-03-31,0.778,0.784,0.786,0.777,964695.0,510210,sh,上证指数ETF富国
2023-04-03,0.783,0.79,0.791,0.782,879158.0,510210,sh,上证指数ETF富国
2023-04-04,0.789,0.793,0.795,0.786,2811444.0,510210,sh,上证指数ETF富国
2023-04-06,0.793,0.793,0.794,0.79,615910.0,510210,sh,上证指数ETF富国
2023-04-07,0.793,0.797,0.799,0.791,573427.0,510210,sh,上证指数ETF富国
2023-04-10,0.798,0.796,0.801,0.795,626340.0,510210,sh,上证指数ETF富国
2023-04-11,0.797,0.797,0.798,0.789,672308.0,510210,sh,上证指数ETF富国
2023-04-12,0.798,0.8,0.805,0.797,2753525.0,510210,sh,上证指数ETF富国
2023-04-13,0.799,0.798,0.802,0.795,605146.0,510210,sh,上证指数ETF富国
2023-04-14,0.8,0.804,0.805,0.799,536500.0,510210,sh,上证指数ETF富国
2023-04-17,0.804,0.822,0.823,0.803,890097.0,510210,sh,上证指数ETF富国
2023-04-18,0.823,0.824,0.825,0.818,777622.0,510210,sh,上证指数ETF富国
2023-04-19,0.823,0.817,0.824,0.815,813955.0,510210,sh,上证指数ETF富国
2023-04-20,0.817,0.817,0.817,0.809,949752.0,510210,sh,上证指数ETF富国
2023-04-21,0.816,0.796,0.816,0.795,2145612.0,510210,sh,上证指数ETF富国
2023-04-24,0.793,0.792,0.797,0.787,1113508.0,510210,sh,上证指数ETF富国
2023-04-25,0.792,0.787,0.793,0.777,2664372.0,510210,sh,上证指数ETF富国
2023-04-26,0.785,0.786,0.789,0.778,1340114.0,510210,sh,上证指数ETF富国
2023-04-27,0.783,0.792,0.797,0.782,2498760.0,510210,sh,上证指数ETF富国
2023-04-28,0.791,0.805,0.805,0.791,1174580.0,510210,sh,上证指数ETF富国
2023-05-04,0.801,0.813,0.813,0.798,994781.0,510210,sh,上证指数ETF富国
2023-05-05,0.811,0.807,0.818,0.803,976846.0,510210,sh,上证指数ETF富国
2023-05-08,0.807,0.824,0.824,0.807,1258078.0,510210,sh,上证指数ETF富国
2023-05-09,0.823,0.811,0.827,0.81,1315861.0,510210,sh,上证指数ETF富国
2023-05-10,0.808,0.801,0.808,0.796,1304061.0,510210,sh,上证指数ETF富国
2023-05-11,0.799,0.798,0.803,0.796,844703.0,510210,sh,上证指数ETF富国
2023-05-12,0.798,0.785,0.801,0.785,1747120.0,510210,sh,上证指数ETF富国
2023-05-15,0.785,0.8,0.8,0.778,3370991.0,510210,sh,上证指数ETF富国
2023-05-16,0.798,0.792,0.801,0.792,2730728.0,510210,sh,上证指数ETF富国
2023-05-17,0.79,0.793,0.796,0.786,1366745.0,510210,sh,上证指数ETF富国
2023-05-18,0.793,0.794,0.798,0.79,1695749.0,510210,sh,上证指数ETF富国
2023-05-19,0.791,0.792,0.795,0.786,1793618.0,510210,sh,上证指数ETF富国
2023-05-22,0.789,0.796,0.798,0.788,1464219.0,510210,sh,上证指数ETF富国
2023-05-23,0.794,0.782,0.795,0.78,2824969.0,510210,sh,上证指数ETF富国
2023-05-24,0.779,0.77,0.78,0.769,3873236.0,510210,sh,上证指数ETF富国
2023-05-25,0.765,0.769,0.772,0.759,3308661.0,510210,sh,上证指数ETF富国
2023-05-26,0.766,0.771,0.774,0.762,2491200.0,510210,sh,上证指数ETF富国
2023-05-29,0.772,0.774,0.776,0.769,1928899.0,510210,sh,上证指数ETF富国
2023-05-30,0.772,0.775,0.776,0.764,2129113.0,510210,sh,上证指数ETF富国
2023-05-31,0.771,0.768,0.772,0.765,2037001.0,510210,sh,上证指数ETF富国
2023-06-01,0.766,0.768,0.773,0.765,1761112.0,510210,sh,上证指数ETF富国
2023-06-02,0.77,0.775,0.775,0.769,2137502.0,510210,sh,上证指数ETF富国
2023-06-05,0.774,0.774,0.777,0.771,1180655.0,510210,sh,上证指数ETF富国
2023-06-06,0.773,0.767,0.78,0.764,2490116.0,510210,sh,上证指数ETF富国
2023-06-07,0.767,0.768,0.77,0.764,1572143.0,510210,sh,上证指数ETF富国
2023-06-08,0.766,0.771,0.775,0.762,4992977.0,510210,sh,上证指数ETF富国
2023-06-09,0.771,0.778,0.778,0.769,6276016.0,510210,sh,上证指数ETF富国
2023-06-12,0.777,0.777,0.781,0.771,4244789.0,510210,sh,上证指数ETF富国
2023-06-13,0.775,0.78,0.78,0.774,1614618.0,510210,sh,上证指数ETF富国
2023-06-14,0.778,0.779,0.783,0.778,2807434.0,510210,sh,上证指数ETF富国
2023-06-15,0.779,0.786,0.787,0.778,1518598.0,510210,sh,上证指数ETF富国
2023-06-16,0.786,0.793,0.795,0.786,3812717.0,510210,sh,上证指数ETF富国
2023-06-19,0.791,0.793,0.794,0.787,3465722.0,510210,sh,上证指数ETF富国
2023-06-20,0.79,0.785,0.79,0.783,1395505.0,510210,sh,上证指数ETF富国
2023-06-21,0.783,0.776,0.784,0.775,1841109.0,510210,sh,上证指数ETF富国
2023-06-26,0.771,0.763,0.772,0.761,3611722.0,510210,sh,上证指数ETF富国
2023-06-27,0.763,0.77,0.772,0.761,2419279.0,510210,sh,上证指数ETF富国
2023-06-28,0.77,0.772,0.773,0.764,1862163.0,510210,sh,上证指数ETF富国
2023-06-29,0.77,0.771,0.775,0.769,1415876.0,510210,sh,上证指数ETF富国
2023-06-30,0.77,0.778,0.781,0.769,1649492.0,510210,sh,上证指数ETF富国
2023-07-03,0.779,0.787,0.788,0.779,1959260.0,510210,sh,上证指数ETF富国
2023-07-04,0.786,0.787,0.788,0.783,1643890.0,510210,sh,上证指数ETF富国
2023-07-05,0.787,0.784,0.788,0.781,1923193.0,510210,sh,上证指数ETF富国
2023-07-06,0.782,0.779,0.785,0.776,1969228.0,510210,sh,上证指数ETF富国
2023-07-07,0.777,0.776,0.78,0.774,1271920.0,510210,sh,上证指数ETF富国
2023-07-10,0.779,0.779,0.781,0.775,1221551.0,510210,sh,上证指数ETF富国
2023-07-11,0.779,0.784,0.785,0.777,1956632.0,510210,sh,上证指数ETF富国
2023-07-12,0.784,0.778,0.785,0.776,1347353.0,510210,sh,上证指数ETF富国
2023-07-13,0.78,0.788,0.789,0.78,2309656.0,510210,sh,上证指数ETF富国
2023-07-14,0.789,0.791,0.793,0.787,1631292.0,510210,sh,上证指数ETF富国
2023-07-17,0.788,0.786,0.789,0.782,1430123.0,510210,sh,上证指数ETF富国
2023-07-18,0.786,0.784,0.787,0.782,1271797.0,510210,sh,上证指数ETF富国
2023-07-19,0.783,0.785,0.786,0.78,1671246.0,510210,sh,上证指数ETF富国
2023-07-20,0.785,0.776,0.787,0.775,2713370.0,510210,sh,上证指数ETF富国
2023-07-21,0.776,0.777,0.78,0.773,1715507.0,510210,sh,上证指数ETF富国
2023-07-24,0.775,0.776,0.779,0.771,2128630.0,510210,sh,上证指数ETF富国
2023-07-25,0.784,0.797,0.798,0.784,5273291.0,510210,sh,上证指数ETF富国
2023-07-26,0.794,0.793,0.796,0.791,2726486.0,510210,sh,上证指数ETF富国
2023-07-27,0.794,0.792,0.799,0.79,2244355.0,510210,sh,上证指数ETF富国
2023-07-28,0.787,0.81,0.812,0.787,5207072.0,510210,sh,上证指数ETF富国
2023-07-31,0.811,0.813,0.823,0.81,2772145.0,510210,sh,上证指数ETF富国
2023-08-01,0.811,0.812,0.817,0.81,1153822.0,510210,sh,上证指数ETF富国
2023-08-02,0.81,0.807,0.814,0.802,1960727.0,510210,sh,上证指数ETF富国
2023-08-03,0.804,0.811,0.812,0.802,2247243.0,510210,sh,上证指数ETF富国
2023-08-04,0.817,0.814,0.822,0.812,4917927.0,510210,sh,上证指数ETF富国
2023-08-07,0.811,0.808,0.811,0.806,2485504.0,510210,sh,上证指数ETF富国
2023-08-08,0.807,0.807,0.811,0.803,1677329.0,510210,sh,上证指数ETF富国
2023-08-09,0.805,0.804,0.807,0.802,2197414.0,510210,sh,上证指数ETF富国
2023-08-10,0.803,0.805,0.806,0.799,2241718.0,510210,sh,上证指数ETF富国
2023-08-11,0.805,0.789,0.805,0.788,5509253.0,510210,sh,上证指数ETF富国
2023-08-14,0.781,0.786,0.786,0.774,5516009.0,510210,sh,上证指数ETF富国
2023-08-15,0.783,0.784,0.786,0.776,3336631.0,510210,sh,上证指数ETF富国
2023-08-16,0.78,0.778,0.784,0.778,3631800.0,510210,sh,上证指数ETF富国
2023-08-17,0.774,0.782,0.783,0.771,3766905.0,510210,sh,上证指数ETF富国
2023-08-18,0.781,0.775,0.786,0.775,3917401.0,510210,sh,上证指数ETF富国
2023-08-21,0.774,0.763,0.775,0.762,5494305.0,510210,sh,上证指数ETF富国
2023-08-22,0.764,0.771,0.772,0.758,4576980.0,510210,sh,上证指数ETF富国
2023-08-23,0.769,0.762,0.77,0.76,3220094.0,510210,sh,上证指数ETF富国
2023-08-24,0.763,0.764,0.767,0.759,3355100.0,510210,sh,上证指数ETF富国
2023-08-25,0.76,0.757,0.763,0.755,4546604.0,510210,sh,上证指数ETF富国
2023-08-28,0.797,0.768,0.802,0.765,12549213.0,510210,sh,上证指数ETF富国
2023-08-29,0.765,0.777,0.779,0.764,4474605.0,510210,sh,上证指数ETF富国
2023-08-30,0.776,0.777,0.78,0.774,2893917.0,510210,sh,上证指数ETF富国
2023-08-31,0.776,0.772,0.777,0.77,3668850.0,510210,sh,上证指数ETF富国
2023-09-01,0.774,0.774,0.777,0.772,2058079.0,510210,sh,上证指数ETF富国
2023-09-04,0.777,0.784,0.785,0.776,4501453.0,510210,sh,上证指数ETF富国
2023-09-05,0.783,0.78,0.783,0.779,1718852.0,510210,sh,上证指数ETF富国
2023-09-06,0.778,0.782,0.782,0.775,1879857.0,510210,sh,上证指数ETF富国
2023-09-07,0.779,0.771,0.78,0.77,3162764.0,510210,sh,上证指数ETF富国
2023-09-08,0.768,0.771,0.773,0.768,1749593.0,510210,sh,上证指数ETF富国
2023-09-11,0.772,0.776,0.779,0.77,2155663.0,510210,sh,上证指数ETF富国
2023-09-12,0.775,0.776,0.778,0.774,1078905.0,510210,sh,上证指数ETF富国
2023-09-13,0.775,0.772,0.777,0.768,1877077.0,510210,sh,上证指数ETF富国
2023-09-14,0.771,0.774,0.775,0.77,2007721.0,510210,sh,上证指数ETF富国
2023-09-15,0.775,0.771,0.778,0.768,2795295.0,510210,sh,上证指数ETF富国
2023-09-18,0.768,0.775,0.775,0.767,2226697.0,510210,sh,上证指数ETF富国
2023-09-19,0.774,0.775,0.777,0.771,1673722.0,510210,sh,上证指数ETF富国
2023-09-20,0.774,0.773,0.775,0.771,1620258.0,510210,sh,上证指数ETF富国
2023-09-21,0.771,0.767,0.773,0.766,2260836.0,510210,sh,上证指数ETF富国
2023-09-22,0.766,0.779,0.779,0.764,3286791.0,510210,sh,上证指数ETF富国
2023-09-25,0.777,0.774,0.778,0.773,1595752.0,510210,sh,上证指数ETF富国
2023-09-26,0.773,0.771,0.776,0.77,1872789.0,510210,sh,上证指数ETF富国
2023-09-27,0.771,0.775,0.777,0.77,2366810.0,510210,sh,上证指数ETF富国
2023-09-28,0.774,0.773,0.777,0.772,2172511.0,510210,sh,上证指数ETF富国
2023-10-09,0.772,0.769,0.772,0.762,3337782.0,510210,sh,上证指数ETF富国
2023-10-10,0.77,0.762,0.771,0.761,3114735.0,510210,sh,上证指数ETF富国
2023-10-11,0.764,0.763,0.766,0.76,2096938.0,510210,sh,上证指数ETF富国
2023-10-12,0.767,0.769,0.77,0.765,2919128.0,510210,sh,上证指数ETF富国
2023-10-13,0.765,0.765,0.767,0.763,2374363.0,510210,sh,上证指数ETF富国
2023-10-16,0.765,0.761,0.766,0.759,2231732.0,510210,sh,上证指数ETF富国
2023-10-17,0.762,0.764,0.764,0.759,1878549.0,510210,sh,上证指数ETF富国
2023-10-18,0.762,0.758,0.763,0.757,2525537.0,510210,sh,上证指数ETF富国
2023-10-19,0.755,0.742,0.756,0.741,6543741.0,510210,sh,上证指数ETF富国
2023-10-20,0.738,0.735,0.742,0.732,6228638.0,510210,sh,上证指数ETF富国
2023-10-23,0.732,0.725,0.733,0.72,5843846.0,510210,sh,上证指数ETF富国
2023-10-24,0.726,0.73,0.73,0.721,4148808.0,510210,sh,上证指数ETF富国
2023-10-25,0.735,0.734,0.739,0.733,4382791.0,510210,sh,上证指数ETF富国
2023-10-26,0.73,0.738,0.738,0.729,3449551.0,510210,sh,上证指数ETF富国
2023-10-27,0.735,0.744,0.75,0.733,4900508.0,510210,sh,上证指数ETF富国
2023-10-30,0.741,0.745,0.747,0.74,2962143.0,510210,sh,上证指数ETF富国
2023-10-31,0.744,0.741,0.744,0.737,3586555.0,510210,sh,上证指数ETF富国
2023-11-01,0.746,0.742,0.747,0.74,2078289.0,510210,sh,上证指数ETF富国
2023-11-02,0.743,0.74,0.747,0.739,2131412.0,510210,sh,上证指数ETF富国
2023-11-03,0.741,0.745,0.748,0.74,2738248.0,510210,sh,上证指数ETF富国
2023-11-06,0.749,0.753,0.753,0.747,3206938.0,510210,sh,上证指数ETF富国
2023-11-07,0.751,0.752,0.754,0.748,1729350.0,510210,sh,上证指数ETF富国
2023-11-08,0.751,0.751,0.753,0.747,3560851.0,510210,sh,上证指数ETF富国
2023-11-09,0.75,0.75,0.753,0.748,1959807.0,510210,sh,上证指数ETF富国
2023-11-10,0.747,0.747,0.748,0.744,1549934.0,510210,sh,上证指数ETF富国
2023-11-13,0.749,0.748,0.749,0.745,1264821.0,510210,sh,上证指数ETF富国
2023-11-14,0.749,0.753,0.754,0.748,3241826.0,510210,sh,上证指数ETF富国
2023-11-15,0.758,0.757,0.76,0.754,2362064.0,510210,sh,上证指数ETF富国
2023-11-16,0.755,0.751,0.756,0.751,1545157.0,510210,sh,上证指数ETF富国
2023-11-17,0.748,0.752,0.752,0.746,1686221.0,510210,sh,上证指数ETF富国
2023-11-20,0.752,0.756,0.758,0.749,3397166.0,510210,sh,上证指数ETF富国
2023-11-21,0.758,0.757,0.763,0.754,7886060.0,510210,sh,上证指数ETF富国
2023-11-22,0.754,0.75,0.757,0.748,3675242.0,510210,sh,上证指数ETF富国
2023-11-23,0.749,0.755,0.755,0.748,3951730.0,510210,sh,上证指数ETF富国
2023-11-24,0.754,0.748,0.754,0.747,2579638.0,510210,sh,上证指数ETF富国
2023-11-27,0.747,0.746,0.748,0.742,2064033.0,510210,sh,上证指数ETF富国
2023-11-28,0.745,0.746,0.747,0.743,1313757.0,510210,sh,上证指数ETF富国
2023-11-29,0.747,0.742,0.747,0.741,1249449.0,510210,sh,上证指数ETF富国
2023-11-30,0.742,0.744,0.744,0.739,1518324.0,510210,sh,上证指数ETF富国
2023-12-01,0.742,0.744,0.745,0.738,3090645.0,510210,sh,上证指数ETF富国
2023-12-04,0.744,0.741,0.746,0.74,1663171.0,510210,sh,上证指数ETF富国
2023-12-05,0.74,0.728,0.74,0.727,3957000.0,510210,sh,上证指数ETF富国
2023-12-06,0.726,0.727,0.73,0.724,2476506.0,510210,sh,上证指数ETF富国
2023-12-07,0.725,0.725,0.727,0.719,3300904.0,510210,sh,上证指数ETF富国
2023-12-08,0.724,0.726,0.728,0.722,1911481.0,510210,sh,上证指数ETF富国
2023-12-11,0.722,0.731,0.733,0.715,3627910.0,510210,sh,上证指数ETF富国
2023-12-12,0.728,0.734,0.735,0.728,2180689.0,510210,sh,上证指数ETF富国
2023-12-13,0.733,0.726,0.733,0.725,2082420.0,510210,sh,上证指数ETF富国
2023-12-14,0.729,0.723,0.73,0.722,1875119.0,510210,sh,上证指数ETF富国
2023-12-15,0.725,0.72,0.728,0.718,3041290.0,510210,sh,上证指数ETF富国
2023-12-18,0.717,0.717,0.721,0.713,2388244.0,510210,sh,上证指数ETF富国
2023-12-19,0.715,0.716,0.718,0.711,2861694.0,510210,sh,上证指数ETF富国
2023-12-20,0.717,0.71,0.718,0.709,3742361.0,510210,sh,上证指数ETF富国
2023-12-21,0.707,0.714,0.714,0.705,5348765.0,510210,sh,上证指数ETF富国
2023-12-22,0.712,0.713,0.717,0.71,5197845.0,510210,sh,上证指数ETF富国
2023-12-25,0.712,0.715,0.715,0.71,2253097.0,510210,sh,上证指数ETF富国
2023-12-26,0.714,0.711,0.715,0.708,3123748.0,510210,sh,上证指数ETF富国
2023-12-27,0.71,0.714,0.715,0.707,3530279.0,510210,sh,上证指数ETF富国
2023-12-28,0.713,0.724,0.725,0.712,5164452.0,510210,sh,上证指数ETF富国
2023-12-29,0.723,0.729,0.73,0.722,3146994.0,510210,sh,上证指数ETF富国
2024-01-02,0.728,0.726,0.729,0.725,2451937.0,510210,sh,上证指数ETF富国
2024-01-03,0.724,0.728,0.729,0.724,2116363.0,510210,sh,上证指数ETF富国
2024-01-04,0.727,0.724,0.728,0.72,2520906.0,510210,sh,上证指数ETF富国
2024-01-05,0.722,0.72,0.729,0.716,3218292.0,510210,sh,上证指数ETF富国
2024-01-08,0.719,0.71,0.72,0.709,4452776.0,510210,sh,上证指数ETF富国
2024-01-09,0.71,0.712,0.713,0.707,3177560.0,510210,sh,上证指数ETF富国
2024-01-10,0.709,0.707,0.713,0.705,3570885.0,510210,sh,上证指数ETF富国
2024-01-11,0.706,0.709,0.711,0.704,3548635.0,510210,sh,上证指数ETF富国
2024-01-12,0.707,0.708,0.712,0.706,2751378.0,510210,sh,上证指数ETF富国
2024-01-15,0.705,0.709,0.712,0.704,2311018.0,510210,sh,上证指数ETF富国
2024-01-16,0.707,0.709,0.71,0.701,4013689.0,510210,sh,上证指数ETF富国
2024-01-17,0.706,0.695,0.707,0.694,4738877.0,510210,sh,上证指数ETF富国
2024-01-18,0.691,0.697,0.698,0.676,8230968.0,510210,sh,上证指数ETF富国
2024-01-19,0.693,0.693,0.697,0.691,5276736.0,510210,sh,上证指数ETF富国
2024-01-22,0.692,0.675,0.693,0.671,7074337.0,510210,sh,上证指数ETF富国
2024-01-23,0.674,0.679,0.683,0.668,5836697.0,510210,sh,上证指数ETF富国
2024-01-24,0.68,0.69,0.692,0.672,7095183.0,510210,sh,上证指数ETF富国
2024-01-25,0.689,0.711,0.712,0.689,8751017.0,510210,sh,上证指数ETF富国
2024-01-26,0.708,0.713,0.716,0.707,6225061.0,510210,sh,上证指数ETF富国
2024-01-29,0.714,0.707,0.716,0.707,4727540.0,510210,sh,上证指数ETF富国
2024-01-30,0.705,0.695,0.707,0.694,5892910.0,510210,sh,上证指数ETF富国
2024-01-31,0.692,0.688,0.696,0.684,5576723.0,510210,sh,上证指数ETF富国
2024-02-01,0.684,0.682,0.689,0.677,7004431.0,510210,sh,上证指数ETF富国
2024-02-02,0.682,0.674,0.686,0.656,13633750.0,510210,sh,上证指数ETF富国
2024-02-05,0.667,0.666,0.675,0.65,11975157.0,510210,sh,上证指数ETF富国
2024-02-06,0.66,0.689,0.69,0.659,9270734.0,510210,sh,上证指数ETF富国
2024-02-07,0.687,0.699,0.7,0.683,7327665.0,510210,sh,上证指数ETF富国
2024-02-08,0.7,0.704,0.705,0.698,7400351.0,510210,sh,上证指数ETF富国
2024-02-19,0.708,0.715,0.716,0.704,6470445.0,510210,sh,上证指数ETF富国
2024-02-20,0.713,0.718,0.719,0.71,4210939.0,510210,sh,上证指数ETF富国
2024-02-21,0.715,0.727,0.736,0.713,7207305.0,510210,sh,上证指数ETF富国
2024-02-22,0.725,0.737,0.737,0.725,4038924.0,510210,sh,上证指数ETF富国
2024-02-23,0.737,0.741,0.743,0.735,3953826.0,510210,sh,上证指数ETF富国
2024-02-26,0.74,0.732,0.741,0.731,4172209.0,510210,sh,上证指数ETF富国
2024-02-27,0.729,0.743,0.743,0.728,5677457.0,510210,sh,上证指数ETF富国
2024-02-28,0.742,0.729,0.744,0.727,5311554.0,510210,sh,上证指数ETF富国
2024-02-29,0.726,0.739,0.74,0.725,4664920.0,510210,sh,上证指数ETF富国
2024-03-01,0.738,0.741,0.744,0.736,4911707.0,510210,sh,上证指数ETF富国
2024-03-04,0.74,0.743,0.744,0.736,3211668.0,510210,sh,上证指数ETF富国
2024-03-05,0.741,0.747,0.748,0.739,2907820.0,510210,sh,上证指数ETF富国
2024-03-06,0.746,0.745,0.75,0.744,2272541.0,510210,sh,上证指数ETF富国
2024-03-07,0.745,0.742,0.751,0.741,3378914.0,510210,sh,上证指数ETF富国
2024-03-08,0.742,0.746,0.746,0.738,2252506.0,510210,sh,上证指数ETF富国
2024-03-11,0.745,0.751,0.751,0.742,2416535.0,510210,sh,上证指数ETF富国
2024-03-12,0.751,0.748,0.752,0.745,2893410.0,510210,sh,上证指数ETF富国
2024-03-13,0.747,0.746,0.75,0.742,3791825.0,510210,sh,上证指数ETF富国
2024-03-14,0.744,0.745,0.751,0.741,2765722.0,510210,sh,上证指数ETF富国
2024-03-15,0.744,0.748,0.75,0.741,2700423.0,510210,sh,上证指数ETF富国
2024-03-18,0.748,0.756,0.756,0.747,2708285.0,510210,sh,上证指数ETF富国
2024-03-19,0.755,0.75,0.756,0.75,1932754.0,510210,sh,上证指数ETF富国
2024-03-20,0.75,0.752,0.753,0.747,1594754.0,510210,sh,上证指数ETF富国
2024-03-21,0.753,0.752,0.755,0.75,1792756.0,510210,sh,上证指数ETF富国
2024-03-22,0.751,0.744,0.751,0.739,3632685.0,510210,sh,上证指数ETF富国
2024-03-25,0.741,0.74,0.748,0.739,2814091.0,510210,sh,上证指数ETF富国
2024-03-26,0.74,0.741,0.742,0.735,2404655.0,510210,sh,上证指数ETF富国
2024-03-27,0.739,0.733,0.741,0.732,3187670.0,510210,sh,上证指数ETF富国
2024-03-28,0.732,0.735,0.74,0.729,3851806.0,510210,sh,上证指数ETF富国
2024-03-29,0.735,0.743,0.743,0.734,3653720.0,510210,sh,上证指数ETF富国
2024-04-01,0.745,0.752,0.752,0.744,4142703.0,510210,sh,上证指数ETF富国
2024-04-02,0.751,0.752,0.755,0.75,2603540.0,510210,sh,上证指数ETF富国
2024-04-03,0.752,0.752,0.753,0.748,1677331.0,510210,sh,上证指数ETF富国
2024-04-08,0.749,0.746,0.753,0.745,2042501.0,510210,sh,上证指数ETF富国
2024-04-09,0.745,0.746,0.747,0.741,1607955.0,510210,sh,上证指数ETF富国
2024-04-10,0.746,0.743,0.747,0.739,2327585.0,510210,sh,上证指数ETF富国
2024-04-11,0.739,0.743,0.746,0.738,2080654.0,510210,sh,上证指数ETF富国
2024-04-12,0.743,0.738,0.744,0.737,1863708.0,510210,sh,上证指数ETF富国
2024-04-15,0.738,0.747,0.75,0.732,4056913.0,510210,sh,上证指数ETF富国
2024-04-16,0.744,0.736,0.745,0.734,4577453.0,510210,sh,上证指数ETF富国
2024-04-17,0.734,0.749,0.749,0.732,4955122.0,510210,sh,上证指数ETF富国
2024-04-18,0.746,0.749,0.756,0.745,3880547.0,510210,sh,上证指数ETF富国
2024-04-19,0.747,0.747,0.75,0.744,2179648.0,510210,sh,上证指数ETF富国
2024-04-22,0.745,0.742,0.75,0.741,2880730.0,510210,sh,上证指数ETF富国
2024-04-23,0.742,0.737,0.742,0.736,3690867.0,510210,sh,上证指数ETF富国
2024-04-24,0.738,0.742,0.742,0.736,2885425.0,510210,sh,上证指数ETF富国
2024-04-25,0.74,0.744,0.746,0.739,2169781.0,510210,sh,上证指数ETF富国
2024-04-26,0.745,0.753,0.754,0.744,3939010.0,510210,sh,上证指数ETF富国
2024-04-29,0.753,0.759,0.76,0.75,3702433.0,510210,sh,上证指数ETF富国
2024-04-30,0.758,0.758,0.762,0.757,2402112.0,510210,sh,上证指数ETF富国
2024-05-06,0.764,0.765,0.766,0.761,4238349.0,510210,sh,上证指数ETF富国
2024-05-07,0.763,0.766,0.767,0.762,2615253.0,510210,sh,上证指数ETF富国
2024-05-08,0.764,0.762,0.766,0.761,1687012.0,510210,sh,上证指数ETF富国
2024-05-09,0.762,0.768,0.768,0.761,2489689.0,510210,sh,上证指数ETF富国
2024-05-10,0.767,0.769,0.771,0.763,2287963.0,510210,sh,上证指数ETF富国
2024-05-13,0.766,0.765,0.768,0.76,2359697.0,510210,sh,上证指数ETF富国
2024-05-14,0.764,0.765,0.768,0.762,1966729.0,510210,sh,上证指数ETF富国
2024-05-15,0.766,0.76,0.766,0.758,2926214.0,510210,sh,上证指数ETF富国
2024-05-16,0.761,0.759,0.763,0.757,4683570.0,510210,sh,上证指数ETF富国
2024-05-17,0.759,0.766,0.767,0.757,2895873.0,510210,sh,上证指数ETF富国
2024-05-20,0.766,0.772,0.772,0.766,2775622.0,510210,sh,上证指数ETF富国
2024-05-21,0.77,0.767,0.77,0.765,2175933.0,510210,sh,上证指数ETF富国
2024-05-22,0.766,0.768,0.769,0.766,1334513.0,510210,sh,上证指数ETF富国
2024-05-23,0.766,0.758,0.767,0.756,4004097.0,510210,sh,上证指数ETF富国
2024-05-24,0.756,0.752,0.76,0.751,3134923.0,510210,sh,上证指数ETF富国
2024-05-27,0.752,0.759,0.759,0.751,3132591.0,510210,sh,上证指数ETF富国
2024-05-28,0.758,0.756,0.761,0.754,2101559.0,510210,sh,上证指数ETF富国
2024-05-29,0.755,0.755,0.76,0.753,2052751.0,510210,sh,上证指数ETF富国
2024-05-30,0.753,0.751,0.758,0.748,6371389.0,510210,sh,上证指数ETF富国
2024-05-31,0.752,0.752,0.755,0.75,1871710.0,510210,sh,上证指数ETF富国
2024-06-03,0.75,0.748,0.752,0.743,3989953.0,510210,sh,上证指数ETF富国
2024-06-04,0.746,0.751,0.752,0.744,3352307.0,510210,sh,上证指数ETF富国
2024-06-05,0.75,0.746,0.751,0.745,3260450.0,510210,sh,上证指数ETF富国
2024-06-06,0.747,0.743,0.749,0.741,4576397.0,510210,sh,上证指数ETF富国
2024-06-07,0.744,0.744,0.747,0.739,3598843.0,510210,sh,上证指数ETF富国
2024-06-11,0.742,0.739,0.742,0.734,7035448.0,510210,sh,上证指数ETF富国
2024-06-12,0.737,0.741,0.742,0.736,4122559.0,510210,sh,上证指数ETF富国
2024-06-13,0.741,0.739,0.742,0.737,3171566.0,510210,sh,上证指数ETF富国
2024-06-14,0.737,0.74,0.741,0.735,3410228.0,510210,sh,上证指数ETF富国
2024-06-17,0.737,0.736,0.738,0.735,5946741.0,510210,sh,上证指数ETF富国
2024-06-18,0.736,0.738,0.739,0.735,3407202.0,510210,sh,上证指数ETF富国
2024-06-19,0.738,0.737,0.74,0.736,2701110.0,510210,sh,上证指数ETF富国
2024-06-20,0.736,0.734,0.739,0.733,4530926.0,510210,sh,上证指数ETF富国
2024-06-21,0.733,0.732,0.735,0.729,6750373.0,510210,sh,上证指数ETF富国
2024-06-24,0.73,0.724,0.73,0.723,7583048.0,510210,sh,上证指数ETF富国
2024-06-25,0.724,0.721,0.726,0.717,5497419.0,510210,sh,上证指数ETF富国
2024-06-26,0.719,0.728,0.728,0.718,5472028.0,510210,sh,上证指数ETF富国
2024-06-27,0.725,0.723,0.726,0.721,3603802.0,510210,sh,上证指数ETF富国
2024-06-28,0.721,0.729,0.733,0.72,6510650.0,510210,sh,上证指数ETF富国
2024-07-01,0.727,0.734,0.734,0.726,3434711.0,510210,sh,上证指数ETF富国
2024-07-02,0.732,0.734,0.736,0.731,4547252.0,510210,sh,上证指数ETF富国
2024-07-03,0.732,0.731,0.734,0.73,2728035.0,510210,sh,上证指数ETF富国
2024-07-04,0.731,0.726,0.734,0.725,4595834.0,510210,sh,上证指数ETF富国
2024-07-05,0.725,0.723,0.726,0.716,7254683.0,510210,sh,上证指数ETF富国
2024-07-08,0.721,0.718,0.723,0.716,4617103.0,510210,sh,上证指数ETF富国
2024-07-09,0.717,0.728,0.729,0.714,7136209.0,510210,sh,上证指数ETF富国
2024-07-10,0.726,0.724,0.728,0.722,4081667.0,510210,sh,上证指数ETF富国
2024-07-11,0.728,0.733,0.733,0.726,5190889.0,510210,sh,上证指数ETF富国
2024-07-12,0.731,0.732,0.734,0.731,3496179.0,510210,sh,上证指数ETF富国
2024-07-15,0.73,0.733,0.734,0.73,2892239.0,510210,sh,上证指数ETF富国
2024-07-16,0.732,0.736,0.736,0.731,3420014.0,510210,sh,上证指数ETF富国
2024-07-17,0.736,0.734,0.736,0.732,2915369.0,510210,sh,上证指数ETF富国
2024-07-18,0.732,0.736,0.736,0.727,4553121.0,510210,sh,上证指数ETF富国
2024-07-19,0.733,0.738,0.738,0.731,4357398.0,510210,sh,上证指数ETF富国
2024-07-22,0.737,0.732,0.737,0.729,5348250.0,510210,sh,上证指数ETF富国
2024-07-23,0.731,0.721,0.732,0.721,5186129.0,510210,sh,上证指数ETF富国
2024-07-24,0.72,0.718,0.723,0.715,5158699.0,510210,sh,上证指数ETF富国
2024-07-25,0.716,0.714,0.717,0.71,8463376.0,510210,sh,上证指数ETF富国
2024-07-26,0.713,0.715,0.717,0.711,4329497.0,510210,sh,上证指数ETF富国
2024-07-29,0.714,0.714,0.716,0.712,2705136.0,510210,sh,上证指数ETF富国
2024-07-30,0.713,0.71,0.713,0.708,4949271.0,510210,sh,上证指数ETF富国
2024-07-31,0.71,0.725,0.726,0.709,10857966.0,510210,sh,上证指数ETF富国
2024-08-01,0.724,0.723,0.727,0.722,3431039.0,510210,sh,上证指数ETF富国
2024-08-02,0.72,0.718,0.723,0.717,3718231.0,510210,sh,上证指数ETF富国
2024-08-05,0.715,0.707,0.72,0.706,8145086.0,510210,sh,上证指数ETF富国
2024-08-06,0.71,0.706,0.712,0.7,8408549.0,510210,sh,上证指数ETF富国
2024-08-07,0.706,0.708,0.712,0.704,5232922.0,510210,sh,上证指数ETF富国
2024-08-08,0.707,0.709,0.712,0.703,4711436.0,510210,sh,上证指数ETF富国
2024-08-09,0.71,0.706,0.712,0.706,4316310.0,510210,sh,上证指数ETF富国
2024-08-12,0.705,0.704,0.707,0.702,3662316.0,510210,sh,上证指数ETF富国
2024-08-13,0.704,0.706,0.706,0.701,3858970.0,510210,sh,上证指数ETF富国
2024-08-14,0.706,0.703,0.706,0.703,2290516.0,510210,sh,上证指数ETF富国
2024-08-15,0.702,0.71,0.712,0.701,4886787.0,510210,sh,上证指数ETF富国
2024-08-16,0.709,0.71,0.712,0.708,2296004.0,510210,sh,上证指数ETF富国
2024-08-19,0.71,0.713,0.715,0.709,3485554.0,510210,sh,上证指数ETF富国
2024-08-20,0.713,0.707,0.713,0.704,4393712.0,510210,sh,上证指数ETF富国
2024-08-21,0.704,0.704,0.705,0.702,2960935.0,510210,sh,上证指数ETF富国
2024-08-22,0.704,0.702,0.705,0.701,2572384.0,510210,sh,上证指数ETF富国
2024-08-23,0.701,0.703,0.705,0.7,2705899.0,510210,sh,上证指数ETF富国
2024-08-26,0.703,0.703,0.704,0.7,2722424.0,510210,sh,上证指数ETF富国
2024-08-27,0.702,0.701,0.703,0.7,3534988.0,510210,sh,上证指数ETF富国
2024-08-28,0.7,0.697,0.702,0.696,4589397.0,510210,sh,上证指数ETF富国
2024-08-29,0.696,0.695,0.696,0.692,4204473.0,510210,sh,上证指数ETF富国
2024-08-30,0.693,0.699,0.703,0.692,7420759.0,510210,sh,上证指数ETF富国
2024-09-02,0.696,0.69,0.697,0.69,5439773.0,510210,sh,上证指数ETF富国
2024-09-03,0.69,0.688,0.691,0.686,4120206.0,510210,sh,上证指数ETF富国
2024-09-04,0.686,0.685,0.688,0.684,3900962.0,510210,sh,上证指数ETF富国
2024-09-05,0.686,0.686,0.688,0.683,4233102.0,510210,sh,上证指数ETF富国
2024-09-06,0.687,0.681,0.69,0.68,5530516.0,510210,sh,上证指数ETF富国
2024-09-09,0.679,0.673,0.68,0.67,7362937.0,510210,sh,上证指数ETF富国
2024-09-10,0.673,0.675,0.676,0.669,4676579.0,510210,sh,上证指数ETF富国
2024-09-11,0.673,0.669,0.674,0.666,9236377.0,510210,sh,上证指数ETF富国
2024-09-12,0.669,0.667,0.671,0.667,5491766.0,510210,sh,上证指数ETF富国
2024-09-13,0.667,0.664,0.67,0.663,5052669.0,510210,sh,上证指数ETF富国
2024-09-18,0.664,0.667,0.668,0.66,5220537.0,510210,sh,上证指数ETF富国
2024-09-19,0.668,0.672,0.674,0.662,6979181.0,510210,sh,上证指数ETF富国
2024-09-20,0.669,0.672,0.673,0.667,4680996.0,510210,sh,上证指数ETF富国
2024-09-23,0.671,0.675,0.678,0.67,9435548.0,510210,sh,上证指数ETF富国
2024-09-24,0.679,0.703,0.704,0.678,14721307.0,510210,sh,上证指数ETF富国
2024-09-25,0.71,0.71,0.725,0.708,14095106.0,510210,sh,上证指数ETF富国
2024-09-26,0.708,0.737,0.738,0.708,17348908.0,510210,sh,上证指数ETF富国
2024-09-27,0.746,0.762,0.766,0.738,11988702.0,510210,sh,上证指数ETF富国
2024-09-30,0.786,0.838,0.838,0.77,21490063.0,510210,sh,上证指数ETF富国
2024-10-08,0.922,0.9,0.922,0.838,43253553.0,510210,sh,上证指数ETF富国
2024-10-09,0.863,0.81,0.863,0.81,33819165.0,510210,sh,上证指数ETF富国
2024-10-10,0.803,0.81,0.828,0.791,22928972.0,510210,sh,上证指数ETF富国
2024-10-11,0.804,0.789,0.81,0.781,17601052.0,510210,sh,上证指数ETF富国
2024-10-14,0.792,0.803,0.806,0.785,18372914.0,510210,sh,上证指数ETF富国
2024-10-15,0.798,0.786,0.804,0.784,11850389.0,510210,sh,上证指数ETF富国
2024-10-16,0.78,0.784,0.792,0.774,13343649.0,510210,sh,上证指数ETF富国
2024-10-17,0.787,0.776,0.793,0.776,9241003.0,510210,sh,上证指数ETF富国
2024-10-18,0.776,0.799,0.812,0.771,16208091.0,510210,sh,上证指数ETF富国
2024-10-21,0.798,0.798,0.804,0.791,10794303.0,510210,sh,上证指数ETF富国
2024-10-22,0.796,0.804,0.805,0.795,8125518.0,510210,sh,上证指数ETF富国
2024-10-23,0.803,0.808,0.814,0.801,7511849.0,510210,sh,上证指数ETF富国
2024-10-24,0.805,0.802,0.805,0.799,5109387.0,510210,sh,上证指数ETF富国
2024-10-25,0.801,0.806,0.809,0.8,5465296.0,510210,sh,上证指数ETF富国
2024-10-28,0.805,0.81,0.811,0.8,6589300.0,510210,sh,上证指数ETF富国
2024-10-29,0.811,0.803,0.815,0.801,9283761.0,510210,sh,上证指数ETF富国
2024-10-30,0.801,0.796,0.803,0.791,6734570.0,510210,sh,上证指数ETF富国
2024-10-31,0.795,0.797,0.801,0.791,5023705.0,510210,sh,上证指数ETF富国
2024-11-01,0.794,0.798,0.805,0.794,6733608.0,510210,sh,上证指数ETF富国
2024-11-04,0.798,0.805,0.806,0.795,3654751.0,510210,sh,上证指数ETF富国
2024-11-05,0.806,0.826,0.826,0.803,10769781.0,510210,sh,上证指数ETF富国
2024-11-06,0.825,0.823,0.832,0.819,7419549.0,510210,sh,上证指数ETF富国
2024-11-07,0.818,0.845,0.847,0.817,7921496.0,510210,sh,上证指数ETF富国
2024-11-08,0.846,0.837,0.852,0.833,12079307.0,510210,sh,上证指数ETF富国
2024-11-11,0.834,0.841,0.842,0.827,6233889.0,510210,sh,上证指数ETF富国
2024-11-12,0.84,0.831,0.847,0.824,7230725.0,510210,sh,上证指数ETF富国
2024-11-13,0.827,0.835,0.836,0.825,4106300.0,510210,sh,上证指数ETF富国
2024-11-14,0.833,0.821,0.835,0.819,5308808.0,510210,sh,上证指数ETF富国
2024-11-15,0.819,0.813,0.825,0.811,5624360.0,510210,sh,上证指数ETF富国
2024-11-18,0.813,0.81,0.824,0.806,5810688.0,510210,sh,上证指数ETF富国
2024-11-19,0.81,0.815,0.816,0.8,5602775.0,510210,sh,上证指数ETF富国
2024-11-20,0.812,0.82,0.822,0.81,4920254.0,510210,sh,上证指数ETF富国
2024-11-21,0.818,0.82,0.822,0.815,2766049.0,510210,sh,上证指数ETF富国
2024-11-22,0.818,0.796,0.82,0.794,7052282.0,510210,sh,上证指数ETF富国
2024-11-25,0.795,0.794,0.799,0.786,4407082.0,510210,sh,上证指数ETF富国
2024-11-26,0.791,0.792,0.798,0.79,4018346.0,510210,sh,上证指数ETF富国
2024-11-27,0.791,0.806,0.806,0.785,4640175.0,510210,sh,上证指数ETF富国
2024-11-28,0.803,0.801,0.807,0.8,3279557.0,510210,sh,上证指数ETF富国
2024-11-29,0.801,0.809,0.815,0.8,4894087.0,510210,sh,上证指数ETF富国
2024-12-02,0.809,0.816,0.817,0.806,3706231.0,510210,sh,上证指数ETF富国
2024-12-03,0.815,0.821,0.822,0.812,3999071.0,510210,sh,上证指数ETF富国
2024-12-04,0.82,0.818,0.822,0.814,3732042.0,510210,sh,上证指数ETF富国
2024-12-05,0.815,0.818,0.819,0.814,2336105.0,510210,sh,上证指数ETF富国
2024-12-06,0.817,0.826,0.829,0.816,4256252.0,510210,sh,上证指数ETF富国
2024-12-09,0.825,0.825,0.831,0.821,3196745.0,510210,sh,上证指数ETF富国
2024-12-10,0.843,0.83,0.847,0.829,6968177.0,510210,sh,上证指数ETF富国
2024-12-11,0.827,0.833,0.834,0.827,3059949.0,510210,sh,上证指数ETF富国
2024-12-12,0.832,0.84,0.84,0.831,3572234.0,510210,sh,上证指数ETF富国
2024-12-13,0.836,0.824,0.837,0.823,5189954.0,510210,sh,上证指数ETF富国
2024-12-16,0.824,0.822,0.826,0.818,4064656.0,510210,sh,上证指数ETF富国
2024-12-17,0.821,0.817,0.825,0.816,3889104.0,510210,sh,上证指数ETF富国
2024-12-18,0.818,0.821,0.824,0.817,3126492.0,510210,sh,上证指数ETF富国
2024-12-19,0.816,0.818,0.819,0.812,2960940.0,510210,sh,上证指数ETF富国
2024-12-20,0.817,0.817,0.821,0.815,2797157.0,510210,sh,上证指数ETF富国
2024-12-23,0.816,0.813,0.82,0.812,3538578.0,510210,sh,上证指数ETF富国
2024-12-24,0.813,0.825,0.825,0.813,4272641.0,510210,sh,上证指数ETF富国
2024-12-25,0.824,0.824,0.826,0.819,2825262.0,510210,sh,上证指数ETF富国
2024-12-26,0.823,0.825,0.825,0.821,2061509.0,510210,sh,上证指数ETF富国
2024-12-27,0.824,0.826,0.829,0.822,3329932.0,510210,sh,上证指数ETF富国
2024-12-30,0.825,0.829,0.829,0.824,2619423.0,510210,sh,上证指数ETF富国
2024-12-31,0.829,0.817,0.83,0.816,3916586.0,510210,sh,上证指数ETF富国
2025-01-02,0.815,0.794,0.817,0.788,8476954.0,510210,sh,上证指数ETF富国
2025-01-03,0.794,0.783,0.796,0.781,6416549.0,510210,sh,上证指数ETF富国
2025-01-06,0.782,0.781,0.784,0.776,5301317.0,510210,sh,上证指数ETF富国
2025-01-07,0.78,0.786,0.786,0.777,4902116.0,510210,sh,上证指数ETF富国
2025-01-08,0.783,0.786,0.789,0.773,6464130.0,510210,sh,上证指数ETF富国
2025-01-09,0.784,0.783,0.786,0.78,3039428.0,510210,sh,上证指数ETF富国
2025-01-10,0.781,0.774,0.783,0.773,4142007.0,510210,sh,上证指数ETF富国
2025-01-13,0.77,0.77,0.773,0.765,3872307.0,510210,sh,上证指数ETF富国
2025-01-14,0.771,0.789,0.789,0.77,6514471.0,510210,sh,上证指数ETF富国
2025-01-15,0.787,0.785,0.79,0.784,2727881.0,510210,sh,上证指数ETF富国
2025-01-16,0.786,0.787,0.794,0.783,3329441.0,510210,sh,上证指数ETF富国
2025-01-17,0.785,0.79,0.792,0.784,3142727.0,510210,sh,上证指数ETF富国
2025-01-20,0.791,0.79,0.795,0.788,3153507.0,510210,sh,上证指数ETF富国
2025-01-21,0.791,0.788,0.792,0.785,2713133.0,510210,sh,上证指数ETF富国
2025-01-22,0.787,0.781,0.787,0.778,3794225.0,510210,sh,上证指数ETF富国
2025-01-23,0.785,0.787,0.796,0.785,5901332.0,510210,sh,上证指数ETF富国
2025-01-24,0.786,0.792,0.793,0.784,3054851.0,510210,sh,上证指数ETF富国
2025-01-27,0.794,0.794,0.797,0.792,3944297.0,510210,sh,上证指数ETF富国
2025-02-05,0.797,0.786,0.797,0.784,4603953.0,510210,sh,上证指数ETF富国
2025-02-06,0.784,0.795,0.795,0.784,4456430.0,510210,sh,上证指数ETF富国
2025-02-07,0.793,0.804,0.808,0.792,6399537.0,510210,sh,上证指数ETF富国
2025-02-10,0.804,0.806,0.807,0.801,3287732.0,510210,sh,上证指数ETF富国
2025-02-11,0.807,0.804,0.807,0.802,2681292.0,510210,sh,上证指数ETF富国
2025-02-12,0.804,0.814,0.814,0.802,3577129.0,510210,sh,上证指数ETF富国
2025-02-13,0.812,0.81,0.816,0.809,2865278.0,510210,sh,上证指数ETF富国
2025-02-14,0.809,0.812,0.814,0.807,2723855.0,510210,sh,上证指数ETF富国
2025-02-17,0.813,0.814,0.814,0.808,3623628.0,510210,sh,上证指数ETF富国
2025-02-18,0.812,0.807,0.816,0.804,4074439.0,510210,sh,上证指数ETF富国
2025-02-19,0.805,0.812,0.813,0.805,2732472.0,510210,sh,上证指数ETF富国
2025-02-20,0.811,0.813,0.814,0.809,2775364.0,510210,sh,上证指数ETF富国
2025-02-21,0.812,0.817,0.818,0.808,4489455.0,510210,sh,上证指数ETF富国
2025-02-24,0.816,0.816,0.819,0.812,5157333.0,510210,sh,上证指数ETF富国
2025-02-25,0.811,0.809,0.815,0.808,3200340.0,510210,sh,上证指数ETF富国
2025-02-26,0.809,0.818,0.818,0.809,3196823.0,510210,sh,上证指数ETF富国
2025-02-27,0.818,0.82,0.82,0.813,2847056.0,510210,sh,上证指数ETF富国
2025-02-28,0.817,0.805,0.819,0.803,3974481.0,510210,sh,上证指数ETF富国
2025-03-03,0.804,0.806,0.812,0.802,3415042.0,510210,sh,上证指数ETF富国
2025-03-04,0.803,0.806,0.807,0.801,1700736.0,510210,sh,上证指数ETF富国
2025-03-05,0.806,0.811,0.811,0.803,2772071.0,510210,sh,上证指数ETF富国
2025-03-06,0.812,0.818,0.819,0.811,6844698.0,510210,sh,上证指数ETF富国
2025-03-07,0.816,0.818,0.822,0.815,3114048.0,510210,sh,上证指数ETF富国
2025-03-10,0.817,0.815,0.819,0.811,1583324.0,510210,sh,上证指数ETF富国
2025-03-11,0.811,0.819,0.82,0.809,2197900.0,510210,sh,上证指数ETF富国
2025-03-12,0.819,0.818,0.822,0.816,1653117.0,510210,sh,上证指数ETF富国
2025-03-13,0.817,0.815,0.819,0.81,2492668.0,510210,sh,上证指数ETF富国
2025-03-14,0.815,0.83,0.83,0.814,5213492.0,510210,sh,上证指数ETF富国
2025-03-17,0.832,0.831,0.834,0.83,2015030.0,510210,sh,上证指数ETF富国
2025-03-18,0.833,0.833,0.834,0.83,1736772.0,510210,sh,上证指数ETF富国
2025-03-19,0.832,0.832,0.834,0.828,1546475.0,510210,sh,上证指数ETF富国
2025-03-20,0.831,0.828,0.832,0.827,1618466.0,510210,sh,上证指数ETF富国
2025-03-21,0.827,0.82,0.831,0.817,3024984.0,510210,sh,上证指数ETF富国
2025-03-24,0.818,0.822,0.822,0.813,2994185.0,510210,sh,上证指数ETF富国
2025-03-25,0.819,0.823,0.825,0.819,2102685.0,510210,sh,上证指数ETF富国
2025-03-26,0.822,0.822,0.826,0.821,2610209.0,510210,sh,上证指数ETF富国
2025-03-27,0.821,0.825,0.829,0.817,2135072.0,510210,sh,上证指数ETF富国
2025-03-28,0.824,0.819,0.825,0.817,1961215.0,510210,sh,上证指数ETF富国
2025-03-31,0.818,0.815,0.822,0.811,2518760.0,510210,sh,上证指数ETF富国
2025-04-01,0.815,0.819,0.821,0.814,2178050.0,510210,sh,上证指数ETF富国
2025-04-02,0.818,0.82,0.822,0.817,1740319.0,510210,sh,上证指数ETF富国
2025-04-03,0.815,0.815,0.82,0.812,2646593.0,510210,sh,上证指数ETF富国
2025-04-07,0.796,0.755,0.8,0.742,15178507.0,510210,sh,上证指数ETF富国
2025-04-08,0.755,0.765,0.765,0.751,6867884.0,510210,sh,上证指数ETF富国
2025-04-09,0.758,0.772,0.775,0.746,9053341.0,510210,sh,上证指数ETF富国
2025-04-10,0.78,0.78,0.787,0.776,7356851.0,510210,sh,上证指数ETF富国
2025-04-11,0.777,0.784,0.788,0.777,5201640.0,510210,sh,上证指数ETF富国
2025-04-14,0.787,0.791,0.794,0.786,2978088.0,510210,sh,上证指数ETF富国
2025-04-15,0.791,0.792,0.793,0.788,1965382.0,510210,sh,上证指数ETF富国
2025-04-16,0.791,0.793,0.794,0.784,2435372.0,510210,sh,上证指数ETF富国
2025-04-17,0.79,0.794,0.797,0.789,4005268.0,510210,sh,上证指数ETF富国
2025-04-18,0.794,0.797,0.798,0.792,2130721.0,510210,sh,上证指数ETF富国
2025-04-21,0.795,0.801,0.802,0.794,2180222.0,510210,sh,上证指数ETF富国
2025-04-22,0.8,0.805,0.807,0.799,2472136.0,510210,sh,上证指数ETF富国
2025-04-23,0.805,0.803,0.807,0.801,1691446.0,510210,sh,上证指数ETF富国
2025-04-24,0.803,0.804,0.807,0.8,2070199.0,510210,sh,上证指数ETF富国
2025-04-25,0.803,0.804,0.806,0.802,1308143.0,510210,sh,上证指数ETF富国
2025-04-28,0.802,0.802,0.804,0.799,1050726.0,510210,sh,上证指数ETF富国
2025-04-29,0.801,0.801,0.804,0.799,1150865.0,510210,sh,上证指数ETF富国
2025-04-30,0.802,0.801,0.803,0.8,1003016.0,510210,sh,上证指数ETF富国
2025-05-06,0.803,0.81,0.81,0.802,2256941.0,510210,sh,上证指数ETF富国
2025-05-07,0.816,0.817,0.82,0.812,2496095.0,510210,sh,上证指数ETF富国
2025-05-08,0.815,0.817,0.819,0.812,1476313.0,510210,sh,上证指数ETF富国
2025-05-09,0.817,0.815,0.818,0.813,1165038.0,510210,sh,上证指数ETF富国
2025-05-12,0.818,0.824,0.825,0.817,2009829.0,510210,sh,上证指数ETF富国
2025-05-13,0.827,0.824,0.829,0.822,1980125.0,510210,sh,上证指数ETF富国
2025-05-14,0.824,0.832,0.835,0.823,3521699.0,510210,sh,上证指数ETF富国
2025-05-15,0.831,0.829,0.834,0.827,1769684.0,510210,sh,上证指数ETF富国
2025-05-16,0.827,0.826,0.828,0.822,1677961.0,510210,sh,上证指数ETF富国
2025-05-19,0.825,0.828,0.829,0.824,1646997.0,510210,sh,上证指数ETF富国
2025-05-20,0.827,0.831,0.833,0.827,1971933.0,510210,sh,上证指数ETF富国
2025-05-21,0.832,0.835,0.837,0.831,2640741.0,510210,sh,上证指数ETF富国
2025-05-22,0.835,0.835,0.838,0.834,1621399.0,510210,sh,上证指数ETF富国
2025-05-23,0.835,0.829,0.837,0.828,1825051.0,510210,sh,上证指数ETF富国
2025-05-26,0.827,0.827,0.831,0.824,1600943.0,510210,sh,上证指数ETF富国
2025-05-27,0.826,0.824,0.827,0.822,1460767.0,510210,sh,上证指数ETF富国
2025-05-28,0.824,0.824,0.827,0.824,1215648.0,510210,sh,上证指数ETF富国
2025-05-29,0.825,0.835,0.836,0.824,2174209.0,510210,sh,上证指数ETF富国
2025-05-30,0.831,0.831,0.832,0.828,1446368.0,510210,sh,上证指数ETF富国
2025-06-03,0.828,0.834,0.835,0.828,1202559.0,510210,sh,上证指数ETF富国
2025-06-04,0.834,0.838,0.839,0.833,1395590.0,510210,sh,上证指数ETF富国
2025-06-05,0.839,0.84,0.84,0.836,1616183.0,510210,sh,上证指数ETF富国
2025-06-06,0.84,0.841,0.842,0.838,1539770.0,510210,sh,上证指数ETF富国
2025-06-09,0.841,0.844,0.844,0.839,1752185.0,510210,sh,上证指数ETF富国
2025-06-10,0.843,0.841,0.847,0.836,2253355.0,510210,sh,上证指数ETF富国
2025-06-11,0.84,0.846,0.848,0.84,3120265.0,510210,sh,上证指数ETF富国
2025-06-12,0.844,0.848,0.848,0.842,1187065.0,510210,sh,上证指数ETF富国
2025-06-13,0.846,0.842,0.847,0.84,1461095.0,510210,sh,上证指数ETF富国
2025-06-16,0.841,0.845,0.846,0.84,1162486.0,510210,sh,上证指数ETF富国
2025-06-17,0.845,0.844,0.847,0.842,886086.0,510210,sh,上证指数ETF富国
2025-06-18,0.844,0.846,0.846,0.84,1180531.0,510210,sh,上证指数ETF富国
2025-06-19,0.845,0.839,0.845,0.836,1970502.0,510210,sh,上证指数ETF富国
2025-06-20,0.838,0.839,0.842,0.837,1169017.0,510210,sh,上证指数ETF富国
2025-06-23,0.837,0.845,0.847,0.835,1793192.0,510210,sh,上证指数ETF富国
2025-06-24,0.844,0.854,0.855,0.844,2195285.0,510210,sh,上证指数ETF富国
2025-06-25,0.854,0.867,0.867,0.853,2213426.0,510210,sh,上证指数ETF富国
2025-06-26,0.864,0.862,0.865,0.86,1606064.0,510210,sh,上证指数ETF富国
2025-06-27,0.862,0.858,0.866,0.855,2693109.0,510210,sh,上证指数ETF富国
2025-06-30,0.857,0.86,0.86,0.853,1897298.0,510210,sh,上证指数ETF富国
2025-07-01,0.859,0.863,0.864,0.858,1812758.0,510210,sh,上证指数ETF富国
2025-07-02,0.863,0.864,0.866,0.862,1353046.0,510210,sh,上证指数ETF富国
2025-07-03,0.864,0.867,0.867,0.862,1288027.0,510210,sh,上证指数ETF富国
2025-07-04,0.866,0.87,0.876,0.865,2238475.0,510210,sh,上证指数ETF富国
2025-07-07,0.869,0.872,0.872,0.868,1001073.0,510210,sh,上证指数ETF富国
2025-07-08,0.872,0.877,0.878,0.871,2360256.0,510210,sh,上证指数ETF富国
2025-07-09,0.876,0.876,0.879,0.874,1693436.0,510210,sh,上证指数ETF富国
2025-07-10,0.875,0.88,0.884,0.874,2521918.0,510210,sh,上证指数ETF富国
2025-07-11,0.88,0.881,0.892,0.879,4038681.0,510210,sh,上证指数ETF富国
2025-07-14,0.879,0.884,0.887,0.879,1924434.0,510210,sh,上证指数ETF富国
2025-07-15,0.884,0.88,0.887,0.875,3032339.0,510210,sh,上证指数ETF富国
2025-07-16,0.881,0.881,0.882,0.877,2411175.0,510210,sh,上证指数ETF富国
2025-07-17,0.88,0.884,0.885,0.879,1540001.0,510210,sh,上证指数ETF富国
2025-07-18,0.885,0.889,0.89,0.884,2060280.0,510210,sh,上证指数ETF富国
2025-07-21,0.89,0.899,0.9,0.89,3304466.0,510210,sh,上证指数ETF富国
2025-07-22,0.899,0.903,0.904,0.893,3736504.0,510210,sh,上证指数ETF富国
2025-07-23,0.903,0.902,0.909,0.9,2606104.0,510210,sh,上证指数ETF富国
2025-07-24,0.901,0.907,0.908,0.899,3137264.0,510210,sh,上证指数ETF富国
2025-07-25,0.905,0.902,0.907,0.901,2178475.0,510210,sh,上证指数ETF富国
2025-07-28,0.902,0.904,0.905,0.899,1914359.0,510210,sh,上证指数ETF富国
2025-07-29,0.903,0.907,0.907,0.9,2204644.0,510210,sh,上证指数ETF富国
2025-07-30,0.906,0.907,0.913,0.902,2769154.0,510210,sh,上证指数ETF富国
2025-07-31,0.905,0.897,0.906,0.894,4362610.0,510210,sh,上证指数ETF富国
2025-08-01,0.896,0.896,0.9,0.892,2588835.0,510210,sh,上证指数ETF富国
2025-08-04,0.894,0.901,0.901,0.892,1935934.0,510210,sh,上证指数ETF富国
2025-08-05,0.901,0.91,0.91,0.9,2938824.0,510210,sh,上证指数ETF富国
2025-08-06,0.909,0.913,0.914,0.908,2378417.0,510210,sh,上证指数ETF富国
2025-08-07,0.913,0.915,0.917,0.91,2045986.0,510210,sh,上证指数ETF富国
2025-08-08,0.913,0.916,0.918,0.911,1765450.0,510210,sh,上证指数ETF富国
2025-08-11,0.915,0.918,0.92,0.913,2612101.0,510210,sh,上证指数ETF富国
2025-08-12,0.918,0.921,0.922,0.916,1961872.0,510210,sh,上证指数ETF富国
2025-08-13,0.921,0.927,0.928,0.921,2956291.0,510210,sh,上证指数ETF富国
2025-08-14,0.927,0.922,0.931,0.92,3263117.0,510210,sh,上证指数ETF富国
2025-08-15,0.92,0.931,0.932,0.919,3415085.0,510210,sh,上证指数ETF富国
2025-08-18,0.931,0.937,0.941,0.929,3405505.0,510210,sh,上证指数ETF富国
2025-08-19,0.937,0.933,0.94,0.931,2833720.0,510210,sh,上证指数ETF富国
2025-08-20,0.931,0.945,0.945,0.928,3007906.0,510210,sh,上证指数ETF富国
2025-08-21,0.945,0.945,0.949,0.942,3742053.0,510210,sh,上证指数ETF富国
2025-08-22,0.945,0.959,0.96,0.943,4565935.0,510210,sh,上证指数ETF富国
2025-08-25,0.96,0.973,0.973,0.959,6132609.0,510210,sh,上证指数ETF富国
2025-08-26,0.97,0.97,0.975,0.966,4748264.0,510210,sh,上证指数ETF富国
2025-08-27,0.97,0.952,0.973,0.951,9214322.0,510210,sh,上证指数ETF富国
2025-08-28,0.951,0.964,0.964,0.939,7889473.0,510210,sh,上证指数ETF富国
2025-08-29,0.96,0.966,0.968,0.958,5713613.0,510210,sh,上证指数ETF富国
2025-09-01,0.966,0.971,0.971,0.964,3882570.0,510210,sh,上证指数ETF富国
2025-09-02,0.97,0.969,0.973,0.959,5292521.0,510210,sh,上证指数ETF富国
2025-09-03,0.969,0.955,0.97,0.95,4976346.0,510210,sh,上证指数ETF富国
2025-09-04,0.955,0.949,0.956,0.94,9176778.0,510210,sh,上证指数ETF富国
2025-09-05,0.946,0.958,0.96,0.942,6165605.0,510210,sh,上证指数ETF富国
2025-09-08,0.957,0.963,0.965,0.956,4027735.0,510210,sh,上证指数ETF富国
2025-09-09,0.962,0.958,0.964,0.954,3131671.0,510210,sh,上证指数ETF富国
2025-09-10,0.957,0.958,0.962,0.953,2527357.0,510210,sh,上证指数ETF富国
2025-09-11,0.955,0.971,0.973,0.952,4811991.0,510210,sh,上证指数ETF富国
2025-09-12,0.971,0.968,0.974,0.966,4425389.0,510210,sh,上证指数ETF富国
2025-09-15,0.968,0.964,0.969,0.963,2291679.0,510210,sh,上证指数ETF富国
2025-09-16,0.965,0.964,0.967,0.957,2428631.0,510210,sh,上证指数ETF富国
2025-09-17,0.963,0.964,0.966,0.958,2416094.0,510210,sh,上证指数ETF富国
2025-09-18,0.964,0.951,0.967,0.945,4531630.0,510210,sh,上证指数ETF富国
2025-09-19,0.95,0.953,0.956,0.948,2923058.0,510210,sh,上证指数ETF富国
2025-09-22,0.951,0.952,0.953,0.947,2350049.0,510210,sh,上证指数ETF富国
2025-09-23,0.951,0.951,0.954,0.938,4330178.0,510210,sh,上证指数ETF富国
2025-09-24,0.947,0.956,0.957,0.945,3379951.0,510210,sh,上证指数ETF富国
2025-09-25,0.956,0.956,0.959,0.954,2451656.0,510210,sh,上证指数ETF富国
2025-09-26,0.954,0.952,0.958,0.952,1911353.0,510210,sh,上证指数ETF富国
2025-09-29,0.952,0.963,0.965,0.947,2560493.0,510210,sh,上证指数ETF富国
2025-09-30,0.962,0.967,0.967,0.961,3944664.0,510210,sh,上证指数ETF富国
2025-10-09,0.968,0.982,0.983,0.966,4716733.0,510210,sh,上证指数ETF富国
2025-10-10,0.979,0.973,0.981,0.969,4022120.0,510210,sh,上证指数ETF富国
2025-10-13,0.943,0.968,0.971,0.943,4174076.0,510210,sh,上证指数ETF富国
2025-10-14,0.969,0.963,0.976,0.959,4270066.0,510210,sh,上证指数ETF富国
2025-10-15,0.96,0.975,0.976,0.96,3999415.0,510210,sh,上证指数ETF富国
2025-10-16,0.972,0.977,0.981,0.971,2771382.0,510210,sh,上证指数ETF富国
2025-10-17,0.976,0.958,0.977,0.955,5536981.0,510210,sh,上证指数ETF富国
2025-10-20,0.962,0.962,0.965,0.959,3030024.0,510210,sh,上证指数ETF富国
2025-10-21,0.963,0.974,0.975,0.963,4005965.0,510210,sh,上证指数ETF富国
2025-10-22,0.971,0.974,0.975,0.97,2540792.0,510210,sh,上证指数ETF富国
2025-10-23,0.972,0.977,0.979,0.965,2933179.0,510210,sh,上证指数ETF富国
2025-10-24,0.978,0.983,0.984,0.977,2814632.0,510210,sh,上证指数ETF富国
2025-10-27,0.988,0.999,0.999,0.987,3877438.0,510210,sh,上证指数ETF富国
2025-10-28,0.998,0.995,1.0,0.992,3305736.0,510210,sh,上证指数ETF富国
2025-10-29,0.995,1.002,1.003,0.994,3438645.0,510210,sh,上证指数ETF富国
2025-10-30,1.0,0.995,1.003,0.993,3317088.0,510210,sh,上证指数ETF富国
2025-10-31,0.994,0.989,0.996,0.987,4972530.0,510210,sh,上证指数ETF富国
2025-11-03,0.989,0.993,0.993,0.983,3372811.0,510210,sh,上证指数ETF富国
2025-11-04,0.991,0.986,0.993,0.981,3968789.0,510210,sh,上证指数ETF富国
2025-11-05,0.978,0.989,0.992,0.978,3916890.0,510210,sh,上证指数ETF富国
2025-11-06,0.988,0.998,0.999,0.988,4809825.0,510210,sh,上证指数ETF富国
2025-11-07,0.994,0.998,1.002,0.994,3089334.0,510210,sh,上证指数ETF富国
2025-11-10,0.998,1.003,1.003,0.996,2442325.0,510210,sh,上证指数ETF富国
2025-11-11,1.003,0.998,1.005,0.994,2916923.0,510210,sh,上证指数ETF富国
2025-11-12,0.996,0.997,1.002,0.992,3195033.0,510210,sh,上证指数ETF富国
2025-11-13,0.995,1.005,1.006,0.995,3578133.0,510210,sh,上证指数ETF富国
2025-11-14,1.0,0.996,1.006,0.995,3995802.0,510210,sh,上证指数ETF富国
2025-11-17,0.993,0.988,0.994,0.986,5574880.0,510210,sh,上证指数ETF富国
2025-11-18,0.986,0.981,0.987,0.976,10033425.0,510210,sh,上证指数ETF富国
2025-11-19,0.979,0.982,0.985,0.978,6694073.0,510210,sh,上证指数ETF富国
2025-11-20,0.985,0.981,0.988,0.979,4593846.0,510210,sh,上证指数ETF富国
2025-11-21,0.975,0.96,0.978,0.957,17455531.0,510210,sh,上证指数ETF富国
2025-11-24,0.96,0.956,0.962,0.951,7197045.0,510210,sh,上证指数ETF富国
2025-11-25,0.958,0.961,0.966,0.957,6839429.0,510210,sh,上证指数ETF富国
2025-11-26,0.962,0.96,0.965,0.959,5778775.0,510210,sh,上证指数ETF富国
2025-11-27,0.961,0.963,0.968,0.96,5183729.0,510210,sh,上证指数ETF富国
2025-11-28,0.963,0.967,0.967,0.96,4858399.0,510210,sh,上证指数ETF富国
2025-12-01,0.968,0.974,0.974,0.967,3813387.0,510210,sh,上证指数ETF富国
2025-12-02,0.974,0.97,0.974,0.968,2393515.0,510210,sh,上证指数ETF富国
2025-12-03,0.97,0.966,0.972,0.964,2540701.0,510210,sh,上证指数ETF富国
2025-12-04,0.966,0.965,0.969,0.962,2505478.0,510210,sh,上证指数ETF富国
2025-12-05,0.965,0.974,0.976,0.965,3927101.0,510210,sh,上证指数ETF富国
2025-12-08,0.975,0.978,0.982,0.975,3584746.0,510210,sh,上证指数ETF富国
2025-12-09,0.976,0.975,0.978,0.972,2235336.0,510210,sh,上证指数ETF富国
2025-12-10,0.973,0.973,0.974,0.966,2597430.0,510210,sh,上证指数ETF富国
2025-12-11,0.972,0.968,0.975,0.964,3914310.0,510210,sh,上证指数ETF富国
2025-12-12,0.968,0.97,0.971,0.962,3320756.0,510210,sh,上证指数ETF富国
2025-12-15,0.965,0.966,0.973,0.965,2588007.0,510210,sh,上证指数ETF富国
2025-12-16,0.965,0.958,0.966,0.954,7287854.0,510210,sh,上证指数ETF富国
2025-12-17,0.956,0.968,0.97,0.955,5616014.0,510210,sh,上证指数ETF富国
2025-12-18,0.966,0.97,0.973,0.964,3965289.0,510210,sh,上证指数ETF富国
2025-12-19,0.97,0.975,0.978,0.969,2647850.0,510210,sh,上证指数ETF富国
2025-12-22,0.975,0.981,0.982,0.975,3677193.0,510210,sh,上证指数ETF富国
2025-12-23,0.981,0.981,0.986,0.979,2601671.0,510210,sh,上证指数ETF富国
2025-12-24,0.98,0.987,0.988,0.979,3250106.0,510210,sh,上证指数ETF富国
2025-12-25,0.986,0.991,0.993,0.985,2238926.0,510210,sh,上证指数ETF富国
2025-12-26,0.991,0.992,0.995,0.987,2579947.0,510210,sh,上证指数ETF富国
2025-12-29,0.991,0.991,0.996,0.989,2326023.0,510210,sh,上证指数ETF富国
2025-12-30,0.989,0.992,0.994,0.987,2011855.0,510210,sh,上证指数ETF富国
2025-12-31,0.992,0.992,0.995,0.989,3074481.0,510210,sh,上证指数ETF富国
2026-01-05,0.994,1.005,1.006,0.994,3917046.0,510210,sh,上证指数ETF富国
2026-01-06,1.006,1.02,1.02,1.005,3047690.0,510210,sh,上证指数ETF富国
2026-01-07,1.02,1.02,1.024,1.016,3187334.0,510210,sh,上证指数ETF富国
2026-01-08,1.018,1.018,1.021,1.015,4564702.0,510210,sh,上证指数ETF富国
2026-01-09,1.018,1.028,1.028,1.018,3006576.0,510210,sh,上证指数ETF富国
2026-01-12,1.028,1.041,1.042,1.026,2819608.0,510210,sh,上证指数ETF富国
2026-01-13,1.041,1.032,1.041,1.027,3365028.0,510210,sh,上证指数ETF富国
2026-01-14,1.03,1.029,1.042,1.022,4031237.0,510210,sh,上证指数ETF富国
2026-01-15,1.024,1.028,1.031,1.022,2698849.0,510210,sh,上证指数ETF富国
2026-01-16,1.03,1.023,1.032,1.02,2856872.0,510210,sh,上证指数ETF富国
2026-01-19,1.02,1.028,1.029,1.019,3197593.0,510210,sh,上证指数ETF富国
2026-01-20,1.027,1.031,1.031,1.019,3014934.0,510210,sh,上证指数ETF富国
2026-01-21,1.027,1.03,1.033,1.025,3193552.0,510210,sh,上证指数ETF富国
2026-01-22,1.031,1.033,1.037,1.03,2363533.0,510210,sh,上证指数ETF富国
2026-01-23,1.034,1.041,1.042,1.034,3148097.0,510210,sh,上证指数ETF富国
2026-01-26,1.039,1.038,1.044,1.034,2359413.0,510210,sh,上证指数ETF富国
2026-01-27,1.037,1.037,1.042,1.03,2475950.0,510210,sh,上证指数ETF富国
2026-01-28,1.038,1.045,1.047,1.038,2974435.0,510210,sh,上证指数ETF富国
2026-01-29,1.044,1.047,1.047,1.039,2468121.0,510210,sh,上证指数ETF富国
2026-01-30,1.041,1.034,1.044,1.021,7376777.0,510210,sh,上证指数ETF富国
2026-02-02,1.026,1.008,1.031,1.006,12017377.0,510210,sh,上证指数ETF富国
2026-02-03,1.012,1.021,1.021,1.005,7799445.0,510210,sh,上证指数ETF富国
2026-02-04,1.019,1.029,1.03,1.018,6349880.0,510210,sh,上证指数ETF富国
2026-02-05,1.025,1.027,1.028,1.019,4390144.0,510210,sh,上证指数ETF富国
2026-02-06,1.019,1.024,1.03,1.014,4426077.0,510210,sh,上证指数ETF富国
2026-02-09,1.028,1.037,1.037,1.028,6518875.0,510210,sh,上证指数ETF富国
2026-02-10,1.037,1.038,1.039,1.035,2249808.0,510210,sh,上证指数ETF富国
2026-02-11,1.038,1.042,1.043,1.037,2088955.0,510210,sh,上证指数ETF富国
2026-02-12,1.041,1.043,1.044,1.039,2226702.0,510210,sh,上证指数ETF富国
2026-02-13,1.04,1.03,1.04,1.028,7059153.0,510210,sh,上证指数ETF富国
2026-02-24,1.035,1.037,1.04,1.033,4042533.0,510210,sh,上证指数ETF富国
2026-02-25,1.037,1.043,1.049,1.037,4301655.0,510210,sh,上证指数ETF富国
2026-02-26,1.044,1.044,1.045,1.039,2302148.0,510210,sh,上证指数ETF富国
2026-02-27,1.04,1.049,1.049,1.04,2668961.0,510210,sh,上证指数ETF富国
2026-03-02,1.046,1.056,1.056,1.042,5537659.0,510210,sh,上证指数ETF富国
2026-03-03,1.056,1.045,1.06,1.041,6501424.0,510210,sh,上证指数ETF富国
2026-03-04,1.036,1.031,1.037,1.024,7872347.0,510210,sh,上证指数ETF富国
2026-03-05,1.036,1.035,1.041,1.032,5839108.0,510210,sh,上证指数ETF富国
2026-03-06,1.032,1.041,1.042,1.03,3566483.0,510210,sh,上证指数ETF富国
2026-03-09,1.035,1.034,1.038,1.025,5173461.0,510210,sh,上证指数ETF富国
2026-03-10,1.036,1.041,1.041,1.035,4183095.0,510210,sh,上证指数ETF富国
2026-03-11,1.041,1.046,1.047,1.039,3350930.0,510210,sh,上证指数ETF富国
2026-03-12,1.044,1.044,1.047,1.036,3881600.0,510210,sh,上证指数ETF富国
2026-03-13,1.04,1.037,1.045,1.033,4765056.0,510210,sh,上证指数ETF富国
2026-03-16,1.034,1.032,1.035,1.023,8347449.0,510210,sh,上证指数ETF富国
2026-03-17,1.032,1.022,1.037,1.021,7582083.0,510210,sh,上证指数ETF富国
2026-03-18,1.022,1.026,1.026,1.015,8440767.0,510210,sh,上证指数ETF富国
2026-03-19,1.017,1.01,1.02,1.005,15463798.0,510210,sh,上证指数ETF富国
2026-03-20,1.008,0.998,1.013,0.997,12774325.0,510210,sh,上证指数ETF富国
2026-03-23,0.987,0.962,0.989,0.957,27066566.0,510210,sh,上证指数ETF富国
2026-03-24,0.966,0.975,0.975,0.96,13754836.0,510210,sh,上证指数ETF富国
2026-03-25,0.977,0.987,0.987,0.977,14386222.0,510210,sh,上证指数ETF富国
2026-03-26,0.986,0.978,0.989,0.975,9637129.0,510210,sh,上证指数ETF富国
2026-03-27,0.97,0.986,0.989,0.969,9484846.0,510210,sh,上证指数ETF富国
2026-03-30,0.976,0.989,0.99,0.976,6437319.0,510210,sh,上证指数ETF富国
2026-03-31,0.989,0.984,0.997,0.983,5823994.0,510210,sh,上证指数ETF富国
2026-04-01,0.993,0.996,0.998,0.99,6337707.0,510210,sh,上证指数ETF富国
2026-04-02,0.995,0.99,0.997,0.985,4643494.0,510210,sh,上证指数ETF富国
2026-04-03,0.99,0.982,0.991,0.978,4623234.0,510210,sh,上证指数ETF富国
2026-04-07,0.981,0.981,0.985,0.978,3946904.0,510210,sh,上证指数ETF富国
2026-04-08,0.993,1.008,1.008,0.991,9827862.0,510210,sh,上证指数ETF富国
2026-04-09,1.001,1.0,1.003,0.997,5221941.0,510210,sh,上证指数ETF富国
2026-04-10,1.003,1.003,1.01,1.002,6341823.0,510210,sh,上证指数ETF富国
2026-04-13,0.999,1.002,1.004,0.998,4263313.0,510210,sh,上证指数ETF富国
2026-04-14,1.007,1.012,1.012,1.003,5453503.0,510210,sh,上证指数ETF富国
2026-04-15,1.016,1.012,1.018,1.011,5042677.0,510210,sh,上证指数ETF富国
2026-04-16,1.014,1.019,1.02,1.013,4729860.0,510210,sh,上证指数ETF富国
2026-04-17,1.017,1.018,1.02,1.014,3406746.0,510210,sh,上证指数ETF富国
2026-04-20,1.017,1.027,1.028,1.017,3552804.0,510210,sh,上证指数ETF富国
2026-04-21,1.026,1.028,1.028,1.022,3256849.0,510210,sh,上证指数ETF富国
2026-04-22,1.026,1.035,1.035,1.025,3443259.0,510210,sh,上证指数ETF富国
2026-04-23,1.035,1.03,1.036,1.025,4654427.0,510210,sh,上证指数ETF富国
2026-04-24,1.026,1.025,1.029,1.021,3113218.0,510210,sh,上证指数ETF富国
2026-04-27,1.024,1.027,1.028,1.023,3546978.0,510210,sh,上证指数ETF富国
2026-04-28,1.026,1.024,1.027,1.02,3116446.0,510210,sh,上证指数ETF富国
2026-04-29,1.023,1.032,1.034,1.021,3418838.0,510210,sh,上证指数ETF富国
2026-04-30,1.031,1.032,1.034,1.029,4999975.0,510210,sh,上证指数ETF富国
2026-05-06,1.037,1.045,1.046,1.036,3932999.0,510210,sh,上证指数ETF富国
2026-05-07,1.047,1.05,1.051,1.046,2582458.0,510210,sh,上证指数ETF富国
2026-05-08,1.047,1.052,1.053,1.044,5039976.0,510210,sh,上证指数ETF富国
2026-05-11,1.052,1.062,1.062,1.051,4212947.0,510210,sh,上证指数ETF富国
2026-05-12,1.061,1.056,1.062,1.052,3575301.0,510210,sh,上证指数ETF富国
2026-05-13,1.053,1.067,1.067,1.052,3422422.0,510210,sh,上证指数ETF富国
2026-05-14,1.068,1.048,1.068,1.048,5627410.0,510210,sh,上证指数ETF富国
2026-05-15,1.047,1.039,1.052,1.033,6509076.0,510210,sh,上证指数ETF富国
2026-05-18,1.035,1.037,1.039,1.03,3949871.0,510210,sh,上证指数ETF富国
2026-05-19,1.035,1.044,1.045,1.031,5210479.0,510210,sh,上证指数ETF富国
2026-05-20,1.04,1.042,1.044,1.037,3437673.0,510210,sh,上证指数ETF富国
2026-05-21,1.045,1.025,1.052,1.023,7536904.0,510210,sh,上证指数ETF富国
2026-05-22,1.025,1.033,1.034,1.022,4646204.0,510210,sh,上证指数ETF富国
2026-05-25,1.033,1.039,1.04,1.033,4403312.0,510210,sh,上证指数ETF富国
2026-05-26,1.037,1.041,1.042,1.03,4328740.0,510210,sh,上证指数ETF富国
2026-05-27,1.04,1.033,1.045,1.027,5356745.0,510210,sh,上证指数ETF富国
2026-05-28,1.03,1.032,1.036,1.023,4806976.0,510210,sh,上证指数ETF富国
2026-05-29,1.032,1.024,1.034,1.021,6748216.0,510210,sh,上证指数ETF富国
2026-06-01,1.024,1.024,1.032,1.023,6508780.0,510210,sh,上证指数ETF富国
2026-06-02,1.023,1.028,1.032,1.018,5015139.0,510210,sh,上证指数ETF富国
2026-06-03,1.026,1.029,1.033,1.023,5362135.0,510210,sh,上证指数ETF富国
2026-06-04,1.024,1.023,1.027,1.019,5156696.0,510210,sh,上证指数ETF富国
2026-06-05,1.02,1.016,1.027,1.012,7917456.0,510210,sh,上证指数ETF富国
2026-06-08,1.0,0.996,1.012,0.989,16190912.0,510210,sh,上证指数ETF富国
2026-06-09,0.998,1.008,1.008,0.995,8183381.0,510210,sh,上证指数ETF富国
2026-06-10,1.001,1.003,1.006,0.997,6450708.0,510210,sh,上证指数ETF富国
2026-06-11,1.0,1.002,1.004,0.997,5803629.0,510210,sh,上证指数ETF富国
2026-06-12,1.006,1.014,1.02,1.006,9146392.0,510210,sh,上证指数ETF富国
2026-06-15,1.019,1.032,1.032,1.019,6804540.0,510210,sh,上证指数ETF富国
2026-06-16,1.03,1.027,1.031,1.024,6110793.0,510210,sh,上证指数ETF富国
2026-06-17,1.025,1.033,1.033,1.024,4169113.0,510210,sh,上证指数ETF富国
2026-06-18,1.03,1.028,1.033,1.026,5771288.0,510210,sh,上证指数ETF富国
2026-06-22,1.027,1.045,1.046,1.023,7984258.0,510210,sh,上证指数ETF富国
2026-06-23,1.042,1.029,1.047,1.024,9180688.0,510210,sh,上证指数ETF富国
2026-06-24,1.025,1.032,1.032,1.023,5958817.0,510210,sh,上证指数ETF富国
2026-06-25,1.031,1.034,1.036,1.025,5091865.0,510210,sh,上证指数ETF富国
2026-06-26,1.029,1.014,1.03,1.009,13774367.0,510210,sh,上证指数ETF富国
2026-06-29,1.012,1.02,1.021,1.005,7702546.0,510210,sh,上证指数ETF富国
2026-06-30,1.017,1.026,1.028,1.014,6694556.0,510210,sh,上证指数ETF富国
2026-07-01,1.024,1.03,1.039,1.024,9722478.0,510210,sh,上证指数ETF富国
2026-07-02,1.023,1.014,1.027,1.01,12619844.0,510210,sh,上证指数ETF富国
2026-07-03,1.012,1.019,1.024,1.012,6596438.0,510210,sh,上证指数ETF富国
