date,open,close,high,low,volume,code,market,name
2020-01-02,0.785,0.786,0.794,0.783,120025.0,512070,sh,证券保险ETF易方达
2020-01-03,0.786,0.785,0.791,0.782,100120.0,512070,sh,证券保险ETF易方达
2020-01-06,0.779,0.782,0.793,0.777,119971.0,512070,sh,证券保险ETF易方达
2020-01-07,0.784,0.787,0.79,0.779,93531.0,512070,sh,证券保险ETF易方达
2020-01-08,0.78,0.769,0.781,0.766,136455.0,512070,sh,证券保险ETF易方达
2020-01-09,0.779,0.776,0.781,0.772,93977.0,512070,sh,证券保险ETF易方达
2020-01-10,0.781,0.776,0.785,0.773,99852.0,512070,sh,证券保险ETF易方达
2020-01-13,0.778,0.788,0.788,0.769,118029.0,512070,sh,证券保险ETF易方达
2020-01-14,0.789,0.784,0.794,0.784,107309.0,512070,sh,证券保险ETF易方达
2020-01-15,0.783,0.776,0.786,0.776,91963.0,512070,sh,证券保险ETF易方达
2020-01-16,0.778,0.774,0.78,0.773,39165.0,512070,sh,证券保险ETF易方达
2020-01-17,0.775,0.777,0.787,0.775,47089.0,512070,sh,证券保险ETF易方达
2020-01-20,0.788,0.791,0.793,0.783,194366.0,512070,sh,证券保险ETF易方达
2020-01-21,0.791,0.775,0.792,0.774,162842.0,512070,sh,证券保险ETF易方达
2020-01-22,0.77,0.775,0.778,0.757,139617.0,512070,sh,证券保险ETF易方达
2020-01-23,0.771,0.748,0.771,0.743,204651.0,512070,sh,证券保险ETF易方达
2020-02-03,0.673,0.673,0.7,0.673,163398.0,512070,sh,证券保险ETF易方达
2020-02-04,0.674,0.698,0.703,0.674,260847.0,512070,sh,证券保险ETF易方达
2020-02-05,0.701,0.699,0.714,0.694,218515.0,512070,sh,证券保险ETF易方达
2020-02-06,0.7,0.714,0.718,0.699,144095.0,512070,sh,证券保险ETF易方达
2020-02-07,0.712,0.714,0.715,0.706,117126.0,512070,sh,证券保险ETF易方达
2020-02-10,0.71,0.714,0.717,0.707,60675.0,512070,sh,证券保险ETF易方达
2020-02-11,0.717,0.717,0.726,0.717,55467.0,512070,sh,证券保险ETF易方达
2020-02-12,0.71,0.722,0.724,0.71,70471.0,512070,sh,证券保险ETF易方达
2020-02-13,0.72,0.714,0.722,0.713,54032.0,512070,sh,证券保险ETF易方达
2020-02-14,0.713,0.723,0.727,0.712,73746.0,512070,sh,证券保险ETF易方达
2020-02-17,0.732,0.748,0.749,0.729,179338.0,512070,sh,证券保险ETF易方达
2020-02-18,0.748,0.743,0.748,0.737,72506.0,512070,sh,证券保险ETF易方达
2020-02-19,0.741,0.744,0.754,0.739,87757.0,512070,sh,证券保险ETF易方达
2020-02-20,0.744,0.775,0.777,0.74,177208.0,512070,sh,证券保险ETF易方达
2020-02-21,0.776,0.772,0.787,0.765,170414.0,512070,sh,证券保险ETF易方达
2020-02-24,0.766,0.765,0.769,0.759,96184.0,512070,sh,证券保险ETF易方达
2020-02-25,0.748,0.763,0.764,0.744,108677.0,512070,sh,证券保险ETF易方达
2020-02-26,0.751,0.755,0.769,0.75,105105.0,512070,sh,证券保险ETF易方达
2020-02-27,0.753,0.754,0.765,0.752,60512.0,512070,sh,证券保险ETF易方达
2020-02-28,0.745,0.72,0.746,0.719,126819.0,512070,sh,证券保险ETF易方达
2020-03-02,0.722,0.746,0.752,0.722,104977.0,512070,sh,证券保险ETF易方达
2020-03-03,0.753,0.749,0.763,0.745,110194.0,512070,sh,证券保险ETF易方达
2020-03-04,0.749,0.763,0.763,0.748,255824.0,512070,sh,证券保险ETF易方达
2020-03-05,0.767,0.783,0.791,0.76,337745.0,512070,sh,证券保险ETF易方达
2020-03-06,0.771,0.761,0.775,0.761,113529.0,512070,sh,证券保险ETF易方达
2020-03-09,0.748,0.736,0.748,0.731,146394.0,512070,sh,证券保险ETF易方达
2020-03-10,0.733,0.753,0.757,0.731,107559.0,512070,sh,证券保险ETF易方达
2020-03-11,0.753,0.738,0.753,0.737,66323.0,512070,sh,证券保险ETF易方达
2020-03-12,0.731,0.725,0.733,0.722,57549.0,512070,sh,证券保险ETF易方达
2020-03-13,0.684,0.714,0.723,0.683,129272.0,512070,sh,证券保险ETF易方达
2020-03-16,0.712,0.681,0.712,0.679,75243.0,512070,sh,证券保险ETF易方达
2020-03-17,0.683,0.681,0.696,0.667,76040.0,512070,sh,证券保险ETF易方达
2020-03-18,0.681,0.662,0.693,0.662,64783.0,512070,sh,证券保险ETF易方达
2020-03-19,0.662,0.656,0.671,0.639,106336.0,512070,sh,证券保险ETF易方达
2020-03-20,0.658,0.665,0.668,0.651,64053.0,512070,sh,证券保险ETF易方达
2020-03-23,0.648,0.642,0.652,0.641,42436.0,512070,sh,证券保险ETF易方达
2020-03-24,0.651,0.659,0.66,0.646,54292.0,512070,sh,证券保险ETF易方达
2020-03-25,0.672,0.673,0.682,0.668,68470.0,512070,sh,证券保险ETF易方达
2020-03-26,0.671,0.666,0.675,0.665,22841.0,512070,sh,证券保险ETF易方达
2020-03-27,0.672,0.668,0.678,0.666,63126.0,512070,sh,证券保险ETF易方达
2020-03-30,0.66,0.659,0.663,0.653,38007.0,512070,sh,证券保险ETF易方达
2020-03-31,0.663,0.657,0.667,0.657,26838.0,512070,sh,证券保险ETF易方达
2020-04-01,0.657,0.657,0.667,0.655,108584.0,512070,sh,证券保险ETF易方达
2020-04-02,0.657,0.665,0.665,0.652,33327.0,512070,sh,证券保险ETF易方达
2020-04-03,0.665,0.657,0.665,0.655,20764.0,512070,sh,证券保险ETF易方达
2020-04-07,0.663,0.669,0.671,0.663,43476.0,512070,sh,证券保险ETF易方达
2020-04-08,0.667,0.665,0.668,0.664,19909.0,512070,sh,证券保险ETF易方达
2020-04-09,0.671,0.669,0.675,0.669,73334.0,512070,sh,证券保险ETF易方达
2020-04-10,0.67,0.67,0.681,0.666,309956.0,512070,sh,证券保险ETF易方达
2020-04-13,0.668,0.664,0.668,0.661,118899.0,512070,sh,证券保险ETF易方达
2020-04-14,0.665,0.677,0.68,0.665,116669.0,512070,sh,证券保险ETF易方达
2020-04-15,0.676,0.671,0.68,0.671,49326.0,512070,sh,证券保险ETF易方达
2020-04-16,0.669,0.674,0.679,0.668,28617.0,512070,sh,证券保险ETF易方达
2020-04-17,0.677,0.683,0.688,0.676,112033.0,512070,sh,证券保险ETF易方达
2020-04-20,0.684,0.688,0.689,0.681,29593.0,512070,sh,证券保险ETF易方达
2020-04-21,0.687,0.679,0.687,0.672,51043.0,512070,sh,证券保险ETF易方达
2020-04-22,0.676,0.677,0.678,0.672,21649.0,512070,sh,证券保险ETF易方达
2020-04-23,0.678,0.675,0.681,0.674,28928.0,512070,sh,证券保险ETF易方达
2020-04-24,0.674,0.663,0.674,0.662,37036.0,512070,sh,证券保险ETF易方达
2020-04-27,0.663,0.667,0.671,0.663,53376.0,512070,sh,证券保险ETF易方达
2020-04-28,0.67,0.677,0.679,0.663,61800.0,512070,sh,证券保险ETF易方达
2020-04-29,0.671,0.683,0.687,0.671,70980.0,512070,sh,证券保险ETF易方达
2020-04-30,0.684,0.693,0.696,0.684,49138.0,512070,sh,证券保险ETF易方达
2020-05-06,0.688,0.692,0.693,0.681,57675.0,512070,sh,证券保险ETF易方达
2020-05-07,0.691,0.686,0.691,0.686,21456.0,512070,sh,证券保险ETF易方达
2020-05-08,0.687,0.696,0.7,0.687,56977.0,512070,sh,证券保险ETF易方达
2020-05-11,0.698,0.698,0.704,0.695,60184.0,512070,sh,证券保险ETF易方达
2020-05-12,0.698,0.696,0.7,0.691,42617.0,512070,sh,证券保险ETF易方达
2020-05-13,0.69,0.693,0.694,0.689,25931.0,512070,sh,证券保险ETF易方达
2020-05-14,0.692,0.684,0.692,0.684,20972.0,512070,sh,证券保险ETF易方达
2020-05-15,0.685,0.683,0.692,0.683,41355.0,512070,sh,证券保险ETF易方达
2020-05-18,0.683,0.682,0.686,0.679,28462.0,512070,sh,证券保险ETF易方达
2020-05-19,0.687,0.687,0.691,0.685,16505.0,512070,sh,证券保险ETF易方达
2020-05-20,0.686,0.684,0.687,0.683,12277.0,512070,sh,证券保险ETF易方达
2020-05-21,0.686,0.68,0.688,0.68,14049.0,512070,sh,证券保险ETF易方达
2020-05-22,0.677,0.661,0.683,0.66,50254.0,512070,sh,证券保险ETF易方达
2020-05-25,0.661,0.657,0.663,0.654,28986.0,512070,sh,证券保险ETF易方达
2020-05-26,0.659,0.665,0.665,0.659,28078.0,512070,sh,证券保险ETF易方达
2020-05-27,0.667,0.662,0.667,0.66,18483.0,512070,sh,证券保险ETF易方达
2020-05-28,0.662,0.668,0.675,0.659,35930.0,512070,sh,证券保险ETF易方达
2020-05-29,0.663,0.663,0.668,0.662,20555.0,512070,sh,证券保险ETF易方达
2020-06-01,0.67,0.684,0.686,0.67,51184.0,512070,sh,证券保险ETF易方达
2020-06-02,0.683,0.692,0.695,0.68,63953.0,512070,sh,证券保险ETF易方达
2020-06-03,0.693,0.692,0.705,0.692,142900.0,512070,sh,证券保险ETF易方达
2020-06-04,0.696,0.69,0.697,0.689,36089.0,512070,sh,证券保险ETF易方达
2020-06-05,0.693,0.695,0.696,0.687,41268.0,512070,sh,证券保险ETF易方达
2020-06-08,0.699,0.701,0.705,0.699,42102.0,512070,sh,证券保险ETF易方达
2020-06-09,0.699,0.704,0.709,0.699,51196.0,512070,sh,证券保险ETF易方达
2020-06-10,0.708,0.698,0.71,0.696,35781.0,512070,sh,证券保险ETF易方达
2020-06-11,0.698,0.691,0.702,0.687,56671.0,512070,sh,证券保险ETF易方达
2020-06-12,0.68,0.685,0.69,0.678,28865.0,512070,sh,证券保险ETF易方达
2020-06-15,0.684,0.681,0.694,0.68,19362.0,512070,sh,证券保险ETF易方达
2020-06-16,0.689,0.688,0.691,0.686,12420.0,512070,sh,证券保险ETF易方达
2020-06-17,0.69,0.688,0.69,0.683,11477.0,512070,sh,证券保险ETF易方达
2020-06-18,0.687,0.693,0.695,0.684,23395.0,512070,sh,证券保险ETF易方达
2020-06-19,0.695,0.707,0.711,0.693,65941.0,512070,sh,证券保险ETF易方达
2020-06-22,0.705,0.715,0.733,0.704,87969.0,512070,sh,证券保险ETF易方达
2020-06-23,0.715,0.717,0.717,0.708,99967.0,512070,sh,证券保险ETF易方达
2020-06-24,0.717,0.719,0.727,0.717,105872.0,512070,sh,证券保险ETF易方达
2020-06-29,0.716,0.702,0.716,0.699,53223.0,512070,sh,证券保险ETF易方达
2020-06-30,0.705,0.719,0.727,0.702,221192.0,512070,sh,证券保险ETF易方达
2020-07-01,0.723,0.734,0.736,0.716,88815.0,512070,sh,证券保险ETF易方达
2020-07-02,0.734,0.775,0.783,0.733,262297.0,512070,sh,证券保险ETF易方达
2020-07-03,0.783,0.823,0.834,0.781,635495.0,512070,sh,证券保险ETF易方达
2020-07-06,0.852,0.906,0.906,0.843,586384.0,512070,sh,证券保险ETF易方达
2020-07-07,0.923,0.878,0.923,0.873,468441.0,512070,sh,证券保险ETF易方达
2020-07-08,0.874,0.929,0.947,0.87,403511.0,512070,sh,证券保险ETF易方达
2020-07-09,0.926,0.925,0.94,0.903,328055.0,512070,sh,证券保险ETF易方达
2020-07-10,0.905,0.893,0.918,0.888,282939.0,512070,sh,证券保险ETF易方达
2020-07-13,0.885,0.901,0.922,0.88,261856.0,512070,sh,证券保险ETF易方达
2020-07-14,0.894,0.898,0.908,0.883,248547.0,512070,sh,证券保险ETF易方达
2020-07-15,0.904,0.885,0.913,0.883,306758.0,512070,sh,证券保险ETF易方达
2020-07-16,0.887,0.84,0.903,0.839,327757.0,512070,sh,证券保险ETF易方达
2020-07-17,0.845,0.822,0.86,0.812,206306.0,512070,sh,证券保险ETF易方达
2020-07-20,0.851,0.881,0.882,0.833,320106.0,512070,sh,证券保险ETF易方达
2020-07-21,0.893,0.86,0.905,0.85,415887.0,512070,sh,证券保险ETF易方达
2020-07-22,0.846,0.858,0.885,0.846,287839.0,512070,sh,证券保险ETF易方达
2020-07-23,0.845,0.853,0.859,0.834,253273.0,512070,sh,证券保险ETF易方达
2020-07-24,0.848,0.813,0.852,0.805,321371.0,512070,sh,证券保险ETF易方达
2020-07-27,0.813,0.81,0.818,0.798,128032.0,512070,sh,证券保险ETF易方达
2020-07-28,0.814,0.81,0.82,0.804,83819.0,512070,sh,证券保险ETF易方达
2020-07-29,0.813,0.837,0.84,0.806,326949.0,512070,sh,证券保险ETF易方达
2020-07-30,0.837,0.825,0.84,0.824,278845.0,512070,sh,证券保险ETF易方达
2020-07-31,0.823,0.832,0.846,0.823,147478.0,512070,sh,证券保险ETF易方达
2020-08-03,0.841,0.849,0.849,0.834,172902.0,512070,sh,证券保险ETF易方达
2020-08-04,0.849,0.854,0.865,0.843,305322.0,512070,sh,证券保险ETF易方达
2020-08-05,0.853,0.847,0.853,0.837,255241.0,512070,sh,证券保险ETF易方达
2020-08-06,0.846,0.865,0.871,0.834,496558.0,512070,sh,证券保险ETF易方达
2020-08-07,0.856,0.844,0.863,0.831,170661.0,512070,sh,证券保险ETF易方达
2020-08-10,0.841,0.854,0.865,0.833,227492.0,512070,sh,证券保险ETF易方达
2020-08-11,0.852,0.835,0.865,0.832,185844.0,512070,sh,证券保险ETF易方达
2020-08-12,0.826,0.832,0.839,0.818,204836.0,512070,sh,证券保险ETF易方达
2020-08-13,0.832,0.832,0.84,0.829,104957.0,512070,sh,证券保险ETF易方达
2020-08-14,0.832,0.851,0.852,0.828,150304.0,512070,sh,证券保险ETF易方达
2020-08-17,0.868,0.894,0.909,0.862,613300.0,512070,sh,证券保险ETF易方达
2020-08-18,0.899,0.884,0.899,0.878,406022.0,512070,sh,证券保险ETF易方达
2020-08-19,0.877,0.861,0.886,0.86,301771.0,512070,sh,证券保险ETF易方达
2020-08-20,0.857,0.852,0.859,0.847,222839.0,512070,sh,证券保险ETF易方达
2020-08-21,0.855,0.862,0.865,0.85,167258.0,512070,sh,证券保险ETF易方达
2020-08-24,0.862,0.858,0.866,0.857,165977.0,512070,sh,证券保险ETF易方达
2020-08-25,0.86,0.86,0.871,0.857,182981.0,512070,sh,证券保险ETF易方达
2020-08-26,0.859,0.84,0.86,0.838,176829.0,512070,sh,证券保险ETF易方达
2020-08-27,0.841,0.844,0.846,0.834,76446.0,512070,sh,证券保险ETF易方达
2020-08-28,0.842,0.867,0.867,0.838,183573.0,512070,sh,证券保险ETF易方达
2020-08-31,0.869,0.858,0.883,0.857,187085.0,512070,sh,证券保险ETF易方达
2020-09-01,0.853,0.858,0.859,0.851,130006.0,512070,sh,证券保险ETF易方达
2020-09-02,0.858,0.857,0.863,0.849,101529.0,512070,sh,证券保险ETF易方达
2020-09-03,0.857,0.851,0.866,0.848,150068.0,512070,sh,证券保险ETF易方达
2020-09-04,0.834,0.842,0.844,0.834,130951.0,512070,sh,证券保险ETF易方达
2020-09-07,0.84,0.826,0.846,0.824,174211.0,512070,sh,证券保险ETF易方达
2020-09-08,0.827,0.843,0.848,0.827,162002.0,512070,sh,证券保险ETF易方达
2020-09-09,0.835,0.828,0.84,0.826,159328.0,512070,sh,证券保险ETF易方达
2020-09-10,0.834,0.821,0.838,0.82,236231.0,512070,sh,证券保险ETF易方达
2020-09-11,0.819,0.824,0.826,0.817,148811.0,512070,sh,证券保险ETF易方达
2020-09-14,0.824,0.829,0.831,0.824,78061.0,512070,sh,证券保险ETF易方达
2020-09-15,0.829,0.834,0.836,0.825,97610.0,512070,sh,证券保险ETF易方达
2020-09-16,0.834,0.828,0.839,0.827,92528.0,512070,sh,证券保险ETF易方达
2020-09-17,0.828,0.826,0.834,0.822,89924.0,512070,sh,证券保险ETF易方达
2020-09-18,0.824,0.875,0.876,0.824,430319.0,512070,sh,证券保险ETF易方达
2020-09-21,0.888,0.862,0.894,0.862,300852.0,512070,sh,证券保险ETF易方达
2020-09-22,0.85,0.854,0.874,0.844,250014.0,512070,sh,证券保险ETF易方达
2020-09-23,0.851,0.847,0.856,0.845,130343.0,512070,sh,证券保险ETF易方达
2020-09-24,0.839,0.833,0.848,0.833,153702.0,512070,sh,证券保险ETF易方达
2020-09-25,0.834,0.844,0.849,0.834,187395.0,512070,sh,证券保险ETF易方达
2020-09-28,0.839,0.845,0.851,0.839,124372.0,512070,sh,证券保险ETF易方达
2020-09-29,0.847,0.844,0.852,0.842,178877.0,512070,sh,证券保险ETF易方达
2020-09-30,0.845,0.833,0.847,0.83,117275.0,512070,sh,证券保险ETF易方达
2020-10-09,0.842,0.849,0.852,0.842,108729.0,512070,sh,证券保险ETF易方达
2020-10-12,0.852,0.882,0.883,0.852,285800.0,512070,sh,证券保险ETF易方达
2020-10-13,0.872,0.875,0.878,0.866,185629.0,512070,sh,证券保险ETF易方达
2020-10-14,0.874,0.868,0.874,0.865,119884.0,512070,sh,证券保险ETF易方达
2020-10-15,0.87,0.872,0.881,0.868,173405.0,512070,sh,证券保险ETF易方达
2020-10-16,0.872,0.875,0.88,0.869,259697.0,512070,sh,证券保险ETF易方达
2020-10-19,0.883,0.87,0.894,0.868,213686.0,512070,sh,证券保险ETF易方达
2020-10-20,0.865,0.868,0.871,0.859,146414.0,512070,sh,证券保险ETF易方达
2020-10-21,0.867,0.873,0.874,0.864,164957.0,512070,sh,证券保险ETF易方达
2020-10-22,0.867,0.873,0.877,0.857,132553.0,512070,sh,证券保险ETF易方达
2020-10-23,0.873,0.871,0.887,0.869,313378.0,512070,sh,证券保险ETF易方达
2020-10-26,0.864,0.844,0.864,0.84,224216.0,512070,sh,证券保险ETF易方达
2020-10-27,0.842,0.842,0.845,0.837,144437.0,512070,sh,证券保险ETF易方达
2020-10-28,0.842,0.841,0.844,0.83,137754.0,512070,sh,证券保险ETF易方达
2020-10-29,0.833,0.842,0.847,0.826,182127.0,512070,sh,证券保险ETF易方达
2020-10-30,0.837,0.82,0.843,0.819,190330.0,512070,sh,证券保险ETF易方达
2020-11-02,0.821,0.813,0.831,0.805,255563.0,512070,sh,证券保险ETF易方达
2020-11-03,0.813,0.832,0.837,0.813,166922.0,512070,sh,证券保险ETF易方达
2020-11-04,0.83,0.828,0.833,0.821,145752.0,512070,sh,证券保险ETF易方达
2020-11-05,0.835,0.84,0.845,0.833,249843.0,512070,sh,证券保险ETF易方达
2020-11-06,0.843,0.841,0.848,0.836,147183.0,512070,sh,证券保险ETF易方达
2020-11-09,0.847,0.87,0.878,0.847,350162.0,512070,sh,证券保险ETF易方达
2020-11-10,0.878,0.865,0.879,0.86,199601.0,512070,sh,证券保险ETF易方达
2020-11-11,0.864,0.852,0.865,0.85,206235.0,512070,sh,证券保险ETF易方达
2020-11-12,0.853,0.844,0.857,0.842,215288.0,512070,sh,证券保险ETF易方达
2020-11-13,0.844,0.829,0.844,0.824,228926.0,512070,sh,证券保险ETF易方达
2020-11-16,0.836,0.844,0.845,0.832,190362.0,512070,sh,证券保险ETF易方达
2020-11-17,0.847,0.849,0.85,0.84,118429.0,512070,sh,证券保险ETF易方达
2020-11-18,0.848,0.858,0.864,0.845,218937.0,512070,sh,证券保险ETF易方达
2020-11-19,0.853,0.86,0.862,0.845,437023.0,512070,sh,证券保险ETF易方达
2020-11-20,0.86,0.856,0.86,0.849,234004.0,512070,sh,证券保险ETF易方达
2020-11-23,0.853,0.87,0.878,0.852,242487.0,512070,sh,证券保险ETF易方达
2020-11-24,0.867,0.861,0.872,0.859,208769.0,512070,sh,证券保险ETF易方达
2020-11-25,0.867,0.862,0.88,0.862,243506.0,512070,sh,证券保险ETF易方达
2020-11-26,0.859,0.873,0.874,0.857,200548.0,512070,sh,证券保险ETF易方达
2020-11-27,0.875,0.887,0.888,0.87,214602.0,512070,sh,证券保险ETF易方达
2020-11-30,0.897,0.894,0.927,0.89,446894.0,512070,sh,证券保险ETF易方达
2020-12-01,0.892,0.921,0.924,0.885,302433.0,512070,sh,证券保险ETF易方达
2020-12-02,0.918,0.917,0.93,0.912,349424.0,512070,sh,证券保险ETF易方达
2020-12-03,0.917,0.914,0.922,0.907,249326.0,512070,sh,证券保险ETF易方达
2020-12-04,0.913,0.909,0.913,0.895,398272.0,512070,sh,证券保险ETF易方达
2020-12-07,0.91,0.89,0.912,0.889,324887.0,512070,sh,证券保险ETF易方达
2020-12-08,0.889,0.884,0.897,0.881,170250.0,512070,sh,证券保险ETF易方达
2020-12-09,0.887,0.868,0.894,0.868,338011.0,512070,sh,证券保险ETF易方达
2020-12-10,0.867,0.867,0.872,0.86,224716.0,512070,sh,证券保险ETF易方达
2020-12-11,0.867,0.855,0.87,0.846,230712.0,512070,sh,证券保险ETF易方达
2020-12-14,0.847,0.858,0.861,0.847,172121.0,512070,sh,证券保险ETF易方达
2020-12-15,0.857,0.854,0.857,0.845,175528.0,512070,sh,证券保险ETF易方达
2020-12-16,0.853,0.852,0.861,0.849,197788.0,512070,sh,证券保险ETF易方达
2020-12-17,0.852,0.874,0.875,0.848,348340.0,512070,sh,证券保险ETF易方达
2020-12-18,0.872,0.86,0.873,0.857,343447.0,512070,sh,证券保险ETF易方达
2020-12-21,0.86,0.866,0.869,0.851,260895.0,512070,sh,证券保险ETF易方达
2020-12-22,0.863,0.831,0.863,0.829,378617.0,512070,sh,证券保险ETF易方达
2020-12-23,0.833,0.837,0.841,0.828,249591.0,512070,sh,证券保险ETF易方达
2020-12-24,0.837,0.832,0.843,0.828,376030.0,512070,sh,证券保险ETF易方达
2020-12-25,0.83,0.833,0.835,0.817,425391.0,512070,sh,证券保险ETF易方达
2020-12-28,0.831,0.836,0.844,0.827,309477.0,512070,sh,证券保险ETF易方达
2020-12-29,0.836,0.839,0.849,0.836,248407.0,512070,sh,证券保险ETF易方达
2020-12-30,0.838,0.849,0.85,0.832,443942.0,512070,sh,证券保险ETF易方达
2020-12-31,0.851,0.877,0.883,0.85,820246.0,512070,sh,证券保险ETF易方达
2021-01-04,0.878,0.877,0.882,0.863,463474.0,512070,sh,证券保险ETF易方达
2021-01-05,0.87,0.871,0.875,0.855,474794.0,512070,sh,证券保险ETF易方达
2021-01-06,0.871,0.878,0.883,0.866,382295.0,512070,sh,证券保险ETF易方达
2021-01-07,0.876,0.886,0.889,0.865,471996.0,512070,sh,证券保险ETF易方达
2021-01-08,0.886,0.883,0.894,0.878,344154.0,512070,sh,证券保险ETF易方达
2021-01-11,0.884,0.865,0.888,0.863,302766.0,512070,sh,证券保险ETF易方达
2021-01-12,0.863,0.914,0.918,0.858,876165.0,512070,sh,证券保险ETF易方达
2021-01-13,0.915,0.902,0.923,0.895,592803.0,512070,sh,证券保险ETF易方达
2021-01-14,0.903,0.883,0.903,0.88,597022.0,512070,sh,证券保险ETF易方达
2021-01-15,0.884,0.888,0.903,0.883,386052.0,512070,sh,证券保险ETF易方达
2021-01-18,0.888,0.895,0.902,0.883,702264.0,512070,sh,证券保险ETF易方达
2021-01-19,0.894,0.894,0.91,0.889,931579.0,512070,sh,证券保险ETF易方达
2021-01-20,0.892,0.886,0.898,0.883,605887.0,512070,sh,证券保险ETF易方达
2021-01-21,0.886,0.892,0.904,0.879,589699.0,512070,sh,证券保险ETF易方达
2021-01-22,0.892,0.876,0.893,0.872,336123.0,512070,sh,证券保险ETF易方达
2021-01-25,0.875,0.878,0.881,0.866,349525.0,512070,sh,证券保险ETF易方达
2021-01-26,0.875,0.848,0.876,0.848,531751.0,512070,sh,证券保险ETF易方达
2021-01-27,0.847,0.85,0.858,0.847,330692.0,512070,sh,证券保险ETF易方达
2021-01-28,0.844,0.838,0.846,0.834,401356.0,512070,sh,证券保险ETF易方达
2021-01-29,0.846,0.826,0.846,0.813,551681.0,512070,sh,证券保险ETF易方达
2021-02-01,0.825,0.826,0.833,0.82,313189.0,512070,sh,证券保险ETF易方达
2021-02-02,0.828,0.826,0.828,0.818,322418.0,512070,sh,证券保险ETF易方达
2021-02-03,0.825,0.812,0.825,0.81,399207.0,512070,sh,证券保险ETF易方达
2021-02-04,0.818,0.811,0.822,0.802,337915.0,512070,sh,证券保险ETF易方达
2021-02-05,0.81,0.811,0.818,0.807,390573.0,512070,sh,证券保险ETF易方达
2021-02-08,0.811,0.807,0.815,0.802,377418.0,512070,sh,证券保险ETF易方达
2021-02-09,0.807,0.819,0.821,0.796,395650.0,512070,sh,证券保险ETF易方达
2021-02-10,0.824,0.825,0.829,0.814,444707.0,512070,sh,证券保险ETF易方达
2021-02-18,0.839,0.839,0.852,0.837,1830979.0,512070,sh,证券保险ETF易方达
2021-02-19,0.84,0.857,0.857,0.833,638995.0,512070,sh,证券保险ETF易方达
2021-02-22,0.859,0.837,0.863,0.836,966065.0,512070,sh,证券保险ETF易方达
2021-02-23,0.833,0.842,0.853,0.833,930351.0,512070,sh,证券保险ETF易方达
2021-02-24,0.84,0.835,0.85,0.826,426658.0,512070,sh,证券保险ETF易方达
2021-02-25,0.835,0.85,0.859,0.833,972207.0,512070,sh,证券保险ETF易方达
2021-02-26,0.84,0.832,0.843,0.83,486995.0,512070,sh,证券保险ETF易方达
2021-03-01,0.832,0.827,0.834,0.818,1387176.0,512070,sh,证券保险ETF易方达
2021-03-02,0.827,0.813,0.827,0.81,276394.0,512070,sh,证券保险ETF易方达
2021-03-03,0.811,0.836,0.837,0.811,347145.0,512070,sh,证券保险ETF易方达
2021-03-04,0.832,0.826,0.838,0.824,277350.0,512070,sh,证券保险ETF易方达
2021-03-05,0.823,0.824,0.832,0.815,301463.0,512070,sh,证券保险ETF易方达
2021-03-08,0.827,0.817,0.843,0.816,412881.0,512070,sh,证券保险ETF易方达
2021-03-09,0.817,0.804,0.826,0.8,343934.0,512070,sh,证券保险ETF易方达
2021-03-10,0.805,0.796,0.808,0.794,346117.0,512070,sh,证券保险ETF易方达
2021-03-11,0.797,0.814,0.814,0.797,386818.0,512070,sh,证券保险ETF易方达
2021-03-12,0.814,0.812,0.815,0.802,314854.0,512070,sh,证券保险ETF易方达
2021-03-15,0.81,0.8,0.81,0.795,280032.0,512070,sh,证券保险ETF易方达
2021-03-16,0.802,0.804,0.805,0.795,370477.0,512070,sh,证券保险ETF易方达
2021-03-17,0.8,0.793,0.802,0.791,319873.0,512070,sh,证券保险ETF易方达
2021-03-18,0.793,0.79,0.796,0.787,314408.0,512070,sh,证券保险ETF易方达
2021-03-19,0.784,0.776,0.786,0.774,411047.0,512070,sh,证券保险ETF易方达
2021-03-22,0.777,0.784,0.788,0.776,282296.0,512070,sh,证券保险ETF易方达
2021-03-23,0.784,0.787,0.789,0.776,284974.0,512070,sh,证券保险ETF易方达
2021-03-24,0.783,0.785,0.797,0.782,266393.0,512070,sh,证券保险ETF易方达
2021-03-25,0.785,0.78,0.787,0.779,235597.0,512070,sh,证券保险ETF易方达
2021-03-26,0.781,0.788,0.791,0.781,269969.0,512070,sh,证券保险ETF易方达
2021-03-29,0.79,0.784,0.79,0.783,249375.0,512070,sh,证券保险ETF易方达
2021-03-30,0.784,0.785,0.786,0.78,259770.0,512070,sh,证券保险ETF易方达
2021-03-31,0.784,0.775,0.785,0.774,263431.0,512070,sh,证券保险ETF易方达
2021-04-01,0.778,0.78,0.782,0.775,308296.0,512070,sh,证券保险ETF易方达
2021-04-02,0.783,0.781,0.783,0.777,266041.0,512070,sh,证券保险ETF易方达
2021-04-06,0.783,0.782,0.785,0.78,209075.0,512070,sh,证券保险ETF易方达
2021-04-07,0.782,0.775,0.782,0.772,281740.0,512070,sh,证券保险ETF易方达
2021-04-08,0.773,0.777,0.782,0.771,285589.0,512070,sh,证券保险ETF易方达
2021-04-09,0.777,0.766,0.777,0.765,332323.0,512070,sh,证券保险ETF易方达
2021-04-12,0.766,0.756,0.767,0.754,307831.0,512070,sh,证券保险ETF易方达
2021-04-13,0.756,0.753,0.76,0.751,276089.0,512070,sh,证券保险ETF易方达
2021-04-14,0.753,0.759,0.761,0.753,213305.0,512070,sh,证券保险ETF易方达
2021-04-15,0.756,0.751,0.756,0.746,559097.0,512070,sh,证券保险ETF易方达
2021-04-16,0.751,0.755,0.757,0.748,235267.0,512070,sh,证券保险ETF易方达
2021-04-19,0.756,0.769,0.769,0.749,347792.0,512070,sh,证券保险ETF易方达
2021-04-20,0.764,0.761,0.769,0.76,343824.0,512070,sh,证券保险ETF易方达
2021-04-21,0.76,0.76,0.763,0.757,275006.0,512070,sh,证券保险ETF易方达
2021-04-22,0.764,0.763,0.767,0.761,306284.0,512070,sh,证券保险ETF易方达
2021-04-23,0.76,0.763,0.768,0.759,323486.0,512070,sh,证券保险ETF易方达
2021-04-26,0.762,0.749,0.765,0.748,384402.0,512070,sh,证券保险ETF易方达
2021-04-27,0.751,0.747,0.751,0.738,358033.0,512070,sh,证券保险ETF易方达
2021-04-28,0.742,0.75,0.752,0.742,382571.0,512070,sh,证券保险ETF易方达
2021-04-29,0.749,0.764,0.767,0.748,400313.0,512070,sh,证券保险ETF易方达
2021-04-30,0.762,0.755,0.763,0.75,381598.0,512070,sh,证券保险ETF易方达
2021-05-06,0.754,0.744,0.758,0.743,323721.0,512070,sh,证券保险ETF易方达
2021-05-07,0.746,0.734,0.746,0.734,378231.0,512070,sh,证券保险ETF易方达
2021-05-10,0.737,0.732,0.737,0.726,332343.0,512070,sh,证券保险ETF易方达
2021-05-11,0.729,0.738,0.742,0.725,306145.0,512070,sh,证券保险ETF易方达
2021-05-12,0.736,0.737,0.738,0.731,260164.0,512070,sh,证券保险ETF易方达
2021-05-13,0.729,0.73,0.736,0.728,262256.0,512070,sh,证券保险ETF易方达
2021-05-14,0.732,0.774,0.777,0.732,672956.0,512070,sh,证券保险ETF易方达
2021-05-17,0.767,0.762,0.77,0.759,424402.0,512070,sh,证券保险ETF易方达
2021-05-18,0.761,0.764,0.772,0.76,1019817.0,512070,sh,证券保险ETF易方达
2021-05-19,0.763,0.761,0.769,0.76,347176.0,512070,sh,证券保险ETF易方达
2021-05-20,0.76,0.77,0.776,0.76,389539.0,512070,sh,证券保险ETF易方达
2021-05-21,0.77,0.759,0.774,0.758,309057.0,512070,sh,证券保险ETF易方达
2021-05-24,0.76,0.768,0.773,0.76,390039.0,512070,sh,证券保险ETF易方达
2021-05-25,0.769,0.798,0.802,0.768,631702.0,512070,sh,证券保险ETF易方达
2021-05-26,0.802,0.797,0.809,0.796,423089.0,512070,sh,证券保险ETF易方达
2021-05-27,0.795,0.799,0.805,0.791,381770.0,512070,sh,证券保险ETF易方达
2021-05-28,0.799,0.807,0.816,0.797,391469.0,512070,sh,证券保险ETF易方达
2021-05-31,0.807,0.804,0.807,0.796,355456.0,512070,sh,证券保险ETF易方达
2021-06-01,0.802,0.793,0.802,0.786,399518.0,512070,sh,证券保险ETF易方达
2021-06-02,0.795,0.783,0.795,0.779,343927.0,512070,sh,证券保险ETF易方达
2021-06-03,0.782,0.78,0.792,0.779,292177.0,512070,sh,证券保险ETF易方达
2021-06-04,0.78,0.785,0.799,0.776,456955.0,512070,sh,证券保险ETF易方达
2021-06-07,0.785,0.786,0.792,0.782,338745.0,512070,sh,证券保险ETF易方达
2021-06-08,0.787,0.787,0.796,0.783,393853.0,512070,sh,证券保险ETF易方达
2021-06-09,0.787,0.783,0.79,0.781,320552.0,512070,sh,证券保险ETF易方达
2021-06-10,0.783,0.783,0.791,0.78,606124.0,512070,sh,证券保险ETF易方达
2021-06-11,0.784,0.772,0.784,0.77,464777.0,512070,sh,证券保险ETF易方达
2021-06-15,0.772,0.756,0.772,0.754,454268.0,512070,sh,证券保险ETF易方达
2021-06-16,0.755,0.751,0.76,0.749,330442.0,512070,sh,证券保险ETF易方达
2021-06-17,0.752,0.75,0.756,0.747,294113.0,512070,sh,证券保险ETF易方达
2021-06-18,0.75,0.75,0.754,0.745,421548.0,512070,sh,证券保险ETF易方达
2021-06-21,0.749,0.745,0.751,0.743,378319.0,512070,sh,证券保险ETF易方达
2021-06-22,0.748,0.749,0.754,0.743,383952.0,512070,sh,证券保险ETF易方达
2021-06-23,0.751,0.754,0.757,0.747,433783.0,512070,sh,证券保险ETF易方达
2021-06-24,0.754,0.756,0.763,0.752,536988.0,512070,sh,证券保险ETF易方达
2021-06-25,0.757,0.773,0.779,0.756,519702.0,512070,sh,证券保险ETF易方达
2021-06-28,0.776,0.766,0.776,0.762,404561.0,512070,sh,证券保险ETF易方达
2021-06-29,0.766,0.754,0.766,0.752,494074.0,512070,sh,证券保险ETF易方达
2021-06-30,0.754,0.759,0.76,0.751,428040.0,512070,sh,证券保险ETF易方达
2021-07-01,0.762,0.747,0.769,0.746,457725.0,512070,sh,证券保险ETF易方达
2021-07-02,0.743,0.722,0.743,0.722,614522.0,512070,sh,证券保险ETF易方达
2021-07-05,0.72,0.723,0.725,0.716,392189.0,512070,sh,证券保险ETF易方达
2021-07-06,0.722,0.73,0.731,0.721,454226.0,512070,sh,证券保险ETF易方达
2021-07-07,0.726,0.73,0.734,0.726,420692.0,512070,sh,证券保险ETF易方达
2021-07-08,0.732,0.722,0.734,0.72,406402.0,512070,sh,证券保险ETF易方达
2021-07-09,0.722,0.721,0.724,0.717,392958.0,512070,sh,证券保险ETF易方达
2021-07-12,0.724,0.728,0.734,0.723,494780.0,512070,sh,证券保险ETF易方达
2021-07-13,0.728,0.727,0.731,0.724,409331.0,512070,sh,证券保险ETF易方达
2021-07-14,0.725,0.714,0.726,0.713,620564.0,512070,sh,证券保险ETF易方达
2021-07-15,0.716,0.732,0.733,0.714,888148.0,512070,sh,证券保险ETF易方达
2021-07-16,0.733,0.729,0.736,0.725,817053.0,512070,sh,证券保险ETF易方达
2021-07-19,0.73,0.725,0.73,0.716,702789.0,512070,sh,证券保险ETF易方达
2021-07-20,0.72,0.721,0.726,0.717,479690.0,512070,sh,证券保险ETF易方达
2021-07-21,0.722,0.727,0.733,0.721,560002.0,512070,sh,证券保险ETF易方达
2021-07-22,0.726,0.738,0.741,0.723,757336.0,512070,sh,证券保险ETF易方达
2021-07-23,0.738,0.738,0.754,0.73,798941.0,512070,sh,证券保险ETF易方达
2021-07-26,0.737,0.713,0.737,0.709,799240.0,512070,sh,证券保险ETF易方达
2021-07-27,0.712,0.685,0.712,0.684,658557.0,512070,sh,证券保险ETF易方达
2021-07-28,0.684,0.683,0.694,0.681,1249499.0,512070,sh,证券保险ETF易方达
2021-07-29,0.696,0.688,0.696,0.684,556760.0,512070,sh,证券保险ETF易方达
2021-07-30,0.687,0.682,0.688,0.679,468140.0,512070,sh,证券保险ETF易方达
2021-08-02,0.677,0.702,0.713,0.672,635751.0,512070,sh,证券保险ETF易方达
2021-08-03,0.697,0.704,0.715,0.696,498050.0,512070,sh,证券保险ETF易方达
2021-08-04,0.704,0.702,0.705,0.698,428638.0,512070,sh,证券保险ETF易方达
2021-08-05,0.7,0.696,0.711,0.695,458257.0,512070,sh,证券保险ETF易方达
2021-08-06,0.694,0.696,0.699,0.693,448518.0,512070,sh,证券保险ETF易方达
2021-08-09,0.695,0.712,0.718,0.693,828217.0,512070,sh,证券保险ETF易方达
2021-08-10,0.712,0.722,0.723,0.705,683618.0,512070,sh,证券保险ETF易方达
2021-08-11,0.722,0.72,0.73,0.718,952029.0,512070,sh,证券保险ETF易方达
2021-08-12,0.719,0.71,0.72,0.709,575543.0,512070,sh,证券保险ETF易方达
2021-08-13,0.708,0.71,0.716,0.705,452005.0,512070,sh,证券保险ETF易方达
2021-08-16,0.712,0.716,0.724,0.71,692424.0,512070,sh,证券保险ETF易方达
2021-08-17,0.715,0.711,0.735,0.709,645756.0,512070,sh,证券保险ETF易方达
2021-08-18,0.711,0.751,0.752,0.708,1070565.0,512070,sh,证券保险ETF易方达
2021-08-19,0.748,0.733,0.757,0.732,783539.0,512070,sh,证券保险ETF易方达
2021-08-20,0.733,0.729,0.737,0.72,637238.0,512070,sh,证券保险ETF易方达
2021-08-23,0.731,0.729,0.738,0.724,509213.0,512070,sh,证券保险ETF易方达
2021-08-24,0.728,0.737,0.744,0.722,662758.0,512070,sh,证券保险ETF易方达
2021-08-25,0.737,0.728,0.738,0.726,540836.0,512070,sh,证券保险ETF易方达
2021-08-26,0.729,0.717,0.729,0.716,583758.0,512070,sh,证券保险ETF易方达
2021-08-27,0.721,0.721,0.729,0.718,541885.0,512070,sh,证券保险ETF易方达
2021-08-30,0.722,0.708,0.725,0.704,563956.0,512070,sh,证券保险ETF易方达
2021-08-31,0.707,0.718,0.722,0.697,737059.0,512070,sh,证券保险ETF易方达
2021-09-01,0.714,0.745,0.758,0.713,962263.0,512070,sh,证券保险ETF易方达
2021-09-02,0.745,0.752,0.754,0.738,638943.0,512070,sh,证券保险ETF易方达
2021-09-03,0.775,0.747,0.775,0.747,692575.0,512070,sh,证券保险ETF易方达
2021-09-06,0.749,0.764,0.768,0.747,596683.0,512070,sh,证券保险ETF易方达
2021-09-07,0.761,0.781,0.784,0.753,775091.0,512070,sh,证券保险ETF易方达
2021-09-08,0.784,0.779,0.797,0.775,617399.0,512070,sh,证券保险ETF易方达
2021-09-09,0.773,0.773,0.773,0.763,609598.0,512070,sh,证券保险ETF易方达
2021-09-13,0.782,0.783,0.792,0.777,1376571.0,512070,sh,证券保险ETF易方达
2021-09-14,0.782,0.758,0.786,0.757,2342264.0,512070,sh,证券保险ETF易方达
2021-09-15,0.756,0.754,0.763,0.751,1811008.0,512070,sh,证券保险ETF易方达
2021-09-16,0.755,0.745,0.759,0.741,1516574.0,512070,sh,证券保险ETF易方达
2021-09-17,0.741,0.747,0.751,0.74,1337165.0,512070,sh,证券保险ETF易方达
2021-09-22,0.736,0.738,0.743,0.731,2079578.0,512070,sh,证券保险ETF易方达
2021-09-23,0.745,0.747,0.757,0.74,1260645.0,512070,sh,证券保险ETF易方达
2021-09-24,0.746,0.742,0.754,0.74,1574783.0,512070,sh,证券保险ETF易方达
2021-09-27,0.742,0.732,0.749,0.726,1608682.0,512070,sh,证券保险ETF易方达
2021-09-28,0.733,0.742,0.745,0.73,1213556.0,512070,sh,证券保险ETF易方达
2021-09-29,0.736,0.734,0.736,0.723,1559093.0,512070,sh,证券保险ETF易方达
2021-09-30,0.734,0.725,0.737,0.723,1468343.0,512070,sh,证券保险ETF易方达
2021-10-08,0.738,0.749,0.75,0.736,1376953.0,512070,sh,证券保险ETF易方达
2021-10-11,0.75,0.751,0.758,0.748,1629152.0,512070,sh,证券保险ETF易方达
2021-10-12,0.744,0.73,0.745,0.723,1661246.0,512070,sh,证券保险ETF易方达
2021-10-13,0.731,0.731,0.734,0.721,1810149.0,512070,sh,证券保险ETF易方达
2021-10-14,0.73,0.727,0.733,0.722,1253538.0,512070,sh,证券保险ETF易方达
2021-10-15,0.725,0.727,0.73,0.721,1090487.0,512070,sh,证券保险ETF易方达
2021-10-18,0.728,0.721,0.73,0.718,1363258.0,512070,sh,证券保险ETF易方达
2021-10-19,0.721,0.732,0.736,0.721,1980803.0,512070,sh,证券保险ETF易方达
2021-10-20,0.732,0.73,0.737,0.728,1640896.0,512070,sh,证券保险ETF易方达
2021-10-21,0.73,0.744,0.75,0.73,2004439.0,512070,sh,证券保险ETF易方达
2021-10-22,0.745,0.745,0.748,0.738,2289106.0,512070,sh,证券保险ETF易方达
2021-10-25,0.745,0.752,0.753,0.737,2261455.0,512070,sh,证券保险ETF易方达
2021-10-26,0.75,0.742,0.752,0.74,1638510.0,512070,sh,证券保险ETF易方达
2021-10-27,0.74,0.726,0.741,0.725,1699760.0,512070,sh,证券保险ETF易方达
2021-10-28,0.723,0.72,0.725,0.718,1466035.0,512070,sh,证券保险ETF易方达
2021-10-29,0.718,0.713,0.72,0.706,2159972.0,512070,sh,证券保险ETF易方达
2021-11-01,0.709,0.72,0.723,0.708,1511893.0,512070,sh,证券保险ETF易方达
2021-11-02,0.717,0.707,0.723,0.701,1682656.0,512070,sh,证券保险ETF易方达
2021-11-03,0.708,0.71,0.715,0.706,1180112.0,512070,sh,证券保险ETF易方达
2021-11-04,0.712,0.709,0.715,0.706,1150562.0,512070,sh,证券保险ETF易方达
2021-11-05,0.707,0.707,0.713,0.704,1236030.0,512070,sh,证券保险ETF易方达
2021-11-08,0.707,0.715,0.718,0.703,1688896.0,512070,sh,证券保险ETF易方达
2021-11-09,0.716,0.714,0.718,0.709,1591990.0,512070,sh,证券保险ETF易方达
2021-11-10,0.712,0.71,0.713,0.703,1564880.0,512070,sh,证券保险ETF易方达
2021-11-11,0.709,0.732,0.734,0.707,2545637.0,512070,sh,证券保险ETF易方达
2021-11-12,0.734,0.73,0.734,0.723,1603270.0,512070,sh,证券保险ETF易方达
2021-11-15,0.729,0.728,0.734,0.724,1466337.0,512070,sh,证券保险ETF易方达
2021-11-16,0.726,0.721,0.73,0.717,1861125.0,512070,sh,证券保险ETF易方达
2021-11-17,0.72,0.718,0.722,0.716,1394331.0,512070,sh,证券保险ETF易方达
2021-11-18,0.716,0.71,0.717,0.709,1696556.0,512070,sh,证券保险ETF易方达
2021-11-19,0.709,0.72,0.724,0.708,1863385.0,512070,sh,证券保险ETF易方达
2021-11-22,0.719,0.723,0.727,0.717,2015843.0,512070,sh,证券保险ETF易方达
2021-11-23,0.721,0.723,0.732,0.72,1550905.0,512070,sh,证券保险ETF易方达
2021-11-24,0.722,0.723,0.727,0.719,1421651.0,512070,sh,证券保险ETF易方达
2021-11-25,0.724,0.719,0.724,0.718,1509257.0,512070,sh,证券保险ETF易方达
2021-11-26,0.718,0.713,0.719,0.712,1567557.0,512070,sh,证券保险ETF易方达
2021-11-29,0.709,0.708,0.71,0.705,1726850.0,512070,sh,证券保险ETF易方达
2021-11-30,0.708,0.708,0.714,0.704,1279880.0,512070,sh,证券保险ETF易方达
2021-12-01,0.707,0.715,0.717,0.706,1674962.0,512070,sh,证券保险ETF易方达
2021-12-02,0.712,0.719,0.723,0.711,1736123.0,512070,sh,证券保险ETF易方达
2021-12-03,0.721,0.723,0.724,0.714,1877466.0,512070,sh,证券保险ETF易方达
2021-12-06,0.729,0.732,0.75,0.726,3406513.0,512070,sh,证券保险ETF易方达
2021-12-07,0.738,0.738,0.743,0.729,2406591.0,512070,sh,证券保险ETF易方达
2021-12-08,0.741,0.746,0.746,0.733,1919463.0,512070,sh,证券保险ETF易方达
2021-12-09,0.747,0.758,0.771,0.743,2524299.0,512070,sh,证券保险ETF易方达
2021-12-10,0.752,0.751,0.756,0.75,2432203.0,512070,sh,证券保险ETF易方达
2021-12-13,0.759,0.756,0.776,0.753,5237099.0,512070,sh,证券保险ETF易方达
2021-12-14,0.75,0.751,0.758,0.749,1761493.0,512070,sh,证券保险ETF易方达
2021-12-15,0.752,0.752,0.76,0.75,1605950.0,512070,sh,证券保险ETF易方达
2021-12-16,0.752,0.759,0.76,0.749,1563125.0,512070,sh,证券保险ETF易方达
2021-12-17,0.757,0.75,0.761,0.748,1578286.0,512070,sh,证券保险ETF易方达
2021-12-20,0.747,0.741,0.753,0.739,1731473.0,512070,sh,证券保险ETF易方达
2021-12-21,0.74,0.75,0.75,0.739,1434272.0,512070,sh,证券保险ETF易方达
2021-12-22,0.75,0.742,0.752,0.74,1371759.0,512070,sh,证券保险ETF易方达
2021-12-23,0.742,0.74,0.745,0.735,1302000.0,512070,sh,证券保险ETF易方达
2021-12-24,0.739,0.738,0.744,0.736,1155288.0,512070,sh,证券保险ETF易方达
2021-12-27,0.736,0.738,0.741,0.736,1133992.0,512070,sh,证券保险ETF易方达
2021-12-28,0.738,0.745,0.747,0.738,1463291.0,512070,sh,证券保险ETF易方达
2021-12-29,0.747,0.738,0.748,0.737,1270986.0,512070,sh,证券保险ETF易方达
2021-12-30,0.738,0.745,0.75,0.736,2131144.0,512070,sh,证券保险ETF易方达
2021-12-31,0.745,0.745,0.75,0.743,1515402.0,512070,sh,证券保险ETF易方达
2022-01-04,0.746,0.745,0.747,0.736,1778766.0,512070,sh,证券保险ETF易方达
2022-01-05,0.745,0.744,0.751,0.741,1717051.0,512070,sh,证券保险ETF易方达
2022-01-06,0.741,0.73,0.741,0.729,1979003.0,512070,sh,证券保险ETF易方达
2022-01-07,0.731,0.738,0.742,0.731,1744107.0,512070,sh,证券保险ETF易方达
2022-01-10,0.738,0.738,0.743,0.736,1640783.0,512070,sh,证券保险ETF易方达
2022-01-11,0.739,0.738,0.746,0.734,1585426.0,512070,sh,证券保险ETF易方达
2022-01-12,0.739,0.739,0.739,0.731,2269249.0,512070,sh,证券保险ETF易方达
2022-01-13,0.738,0.734,0.746,0.733,1978394.0,512070,sh,证券保险ETF易方达
2022-01-14,0.731,0.716,0.731,0.713,2540358.0,512070,sh,证券保险ETF易方达
2022-01-17,0.716,0.718,0.721,0.712,2100989.0,512070,sh,证券保险ETF易方达
2022-01-18,0.717,0.721,0.726,0.715,1662709.0,512070,sh,证券保险ETF易方达
2022-01-19,0.72,0.724,0.731,0.72,2019718.0,512070,sh,证券保险ETF易方达
2022-01-20,0.723,0.74,0.745,0.722,2501343.0,512070,sh,证券保险ETF易方达
2022-01-21,0.74,0.737,0.742,0.734,1677237.0,512070,sh,证券保险ETF易方达
2022-01-24,0.734,0.729,0.735,0.728,1529619.0,512070,sh,证券保险ETF易方达
2022-01-25,0.726,0.712,0.728,0.71,2034070.0,512070,sh,证券保险ETF易方达
2022-01-26,0.712,0.721,0.723,0.71,1596367.0,512070,sh,证券保险ETF易方达
2022-01-27,0.717,0.707,0.718,0.706,1715689.0,512070,sh,证券保险ETF易方达
2022-01-28,0.71,0.699,0.716,0.697,1996768.0,512070,sh,证券保险ETF易方达
2022-02-07,0.709,0.713,0.718,0.704,1623070.0,512070,sh,证券保险ETF易方达
2022-02-08,0.711,0.724,0.724,0.71,1660980.0,512070,sh,证券保险ETF易方达
2022-02-09,0.724,0.724,0.732,0.72,4770574.0,512070,sh,证券保险ETF易方达
2022-02-10,0.725,0.729,0.73,0.722,1707777.0,512070,sh,证券保险ETF易方达
2022-02-11,0.73,0.736,0.748,0.727,4778427.0,512070,sh,证券保险ETF易方达
2022-02-14,0.731,0.706,0.732,0.701,3160781.0,512070,sh,证券保险ETF易方达
2022-02-15,0.705,0.703,0.705,0.698,1891521.0,512070,sh,证券保险ETF易方达
2022-02-16,0.705,0.706,0.711,0.704,1436125.0,512070,sh,证券保险ETF易方达
2022-02-17,0.705,0.701,0.71,0.699,2590373.0,512070,sh,证券保险ETF易方达
2022-02-18,0.699,0.706,0.706,0.697,1722949.0,512070,sh,证券保险ETF易方达
2022-02-21,0.703,0.703,0.705,0.698,1765284.0,512070,sh,证券保险ETF易方达
2022-02-22,0.698,0.688,0.698,0.685,2024956.0,512070,sh,证券保险ETF易方达
2022-02-23,0.69,0.694,0.694,0.686,1482023.0,512070,sh,证券保险ETF易方达
2022-02-24,0.69,0.673,0.69,0.669,2391013.0,512070,sh,证券保险ETF易方达
2022-02-25,0.678,0.675,0.684,0.674,1406127.0,512070,sh,证券保险ETF易方达
2022-02-28,0.675,0.673,0.676,0.666,1468681.0,512070,sh,证券保险ETF易方达
2022-03-01,0.672,0.68,0.68,0.672,1508429.0,512070,sh,证券保险ETF易方达
2022-03-02,0.676,0.674,0.677,0.672,1211923.0,512070,sh,证券保险ETF易方达
2022-03-03,0.676,0.675,0.679,0.672,1349502.0,512070,sh,证券保险ETF易方达
2022-03-04,0.672,0.664,0.672,0.662,2169013.0,512070,sh,证券保险ETF易方达
2022-03-07,0.66,0.646,0.661,0.643,2273680.0,512070,sh,证券保险ETF易方达
2022-03-08,0.644,0.63,0.65,0.629,2661272.0,512070,sh,证券保险ETF易方达
2022-03-09,0.634,0.617,0.635,0.595,3006766.0,512070,sh,证券保险ETF易方达
2022-03-10,0.625,0.617,0.629,0.616,1904253.0,512070,sh,证券保险ETF易方达
2022-03-11,0.604,0.625,0.63,0.599,2794055.0,512070,sh,证券保险ETF易方达
2022-03-14,0.614,0.612,0.624,0.611,2121774.0,512070,sh,证券保险ETF易方达
2022-03-15,0.605,0.582,0.612,0.58,5379750.0,512070,sh,证券保险ETF易方达
2022-03-16,0.588,0.616,0.62,0.58,4472002.0,512070,sh,证券保险ETF易方达
2022-03-17,0.624,0.62,0.633,0.616,3431974.0,512070,sh,证券保险ETF易方达
2022-03-18,0.618,0.634,0.637,0.615,2851994.0,512070,sh,证券保险ETF易方达
2022-03-21,0.631,0.624,0.631,0.62,1973328.0,512070,sh,证券保险ETF易方达
2022-03-22,0.617,0.626,0.632,0.616,1738471.0,512070,sh,证券保险ETF易方达
2022-03-23,0.627,0.627,0.629,0.622,1764458.0,512070,sh,证券保险ETF易方达
2022-03-24,0.625,0.623,0.63,0.62,1634565.0,512070,sh,证券保险ETF易方达
2022-03-25,0.623,0.617,0.63,0.616,1764037.0,512070,sh,证券保险ETF易方达
2022-03-28,0.61,0.618,0.622,0.602,1787667.0,512070,sh,证券保险ETF易方达
2022-03-29,0.62,0.612,0.621,0.61,1825685.0,512070,sh,证券保险ETF易方达
2022-03-30,0.618,0.634,0.635,0.615,2524039.0,512070,sh,证券保险ETF易方达
2022-03-31,0.63,0.634,0.636,0.628,1996411.0,512070,sh,证券保险ETF易方达
2022-04-01,0.628,0.638,0.64,0.625,2438384.0,512070,sh,证券保险ETF易方达
2022-04-06,0.632,0.643,0.643,0.632,2160475.0,512070,sh,证券保险ETF易方达
2022-04-07,0.64,0.627,0.644,0.626,2154118.0,512070,sh,证券保险ETF易方达
2022-04-08,0.626,0.639,0.64,0.623,2820182.0,512070,sh,证券保险ETF易方达
2022-04-11,0.628,0.618,0.636,0.615,2439367.0,512070,sh,证券保险ETF易方达
2022-04-12,0.615,0.634,0.64,0.615,2578691.0,512070,sh,证券保险ETF易方达
2022-04-13,0.629,0.627,0.637,0.625,2048261.0,512070,sh,证券保险ETF易方达
2022-04-14,0.634,0.636,0.64,0.629,2298032.0,512070,sh,证券保险ETF易方达
2022-04-15,0.634,0.635,0.641,0.631,1987884.0,512070,sh,证券保险ETF易方达
2022-04-18,0.629,0.619,0.63,0.614,2259197.0,512070,sh,证券保险ETF易方达
2022-04-19,0.619,0.612,0.621,0.609,2121190.0,512070,sh,证券保险ETF易方达
2022-04-20,0.613,0.603,0.614,0.601,2170480.0,512070,sh,证券保险ETF易方达
2022-04-21,0.6,0.604,0.616,0.599,2576240.0,512070,sh,证券保险ETF易方达
2022-04-22,0.603,0.608,0.612,0.599,2409471.0,512070,sh,证券保险ETF易方达
2022-04-25,0.6,0.584,0.603,0.583,3259507.0,512070,sh,证券保险ETF易方达
2022-04-26,0.588,0.567,0.588,0.562,3357779.0,512070,sh,证券保险ETF易方达
2022-04-27,0.56,0.573,0.575,0.557,2660657.0,512070,sh,证券保险ETF易方达
2022-04-28,0.567,0.564,0.57,0.558,2811085.0,512070,sh,证券保险ETF易方达
2022-04-29,0.572,0.586,0.591,0.566,4790905.0,512070,sh,证券保险ETF易方达
2022-05-05,0.58,0.581,0.585,0.578,2739892.0,512070,sh,证券保险ETF易方达
2022-05-06,0.575,0.566,0.576,0.566,2112052.0,512070,sh,证券保险ETF易方达
2022-05-09,0.566,0.57,0.571,0.563,2267506.0,512070,sh,证券保险ETF易方达
2022-05-10,0.564,0.575,0.578,0.562,2632043.0,512070,sh,证券保险ETF易方达
2022-05-11,0.574,0.579,0.587,0.572,2388930.0,512070,sh,证券保险ETF易方达
2022-05-12,0.574,0.577,0.582,0.572,2197899.0,512070,sh,证券保险ETF易方达
2022-05-13,0.579,0.579,0.582,0.574,1968482.0,512070,sh,证券保险ETF易方达
2022-05-16,0.584,0.573,0.585,0.571,2434959.0,512070,sh,证券保险ETF易方达
2022-05-17,0.571,0.577,0.578,0.569,2711867.0,512070,sh,证券保险ETF易方达
2022-05-18,0.581,0.576,0.581,0.574,2291858.0,512070,sh,证券保险ETF易方达
2022-05-19,0.568,0.573,0.575,0.567,2303378.0,512070,sh,证券保险ETF易方达
2022-05-20,0.575,0.584,0.586,0.575,2494946.0,512070,sh,证券保险ETF易方达
2022-05-23,0.584,0.584,0.586,0.578,2052305.0,512070,sh,证券保险ETF易方达
2022-05-24,0.582,0.57,0.587,0.57,2143819.0,512070,sh,证券保险ETF易方达
2022-05-25,0.571,0.573,0.574,0.569,2888552.0,512070,sh,证券保险ETF易方达
2022-05-26,0.574,0.577,0.584,0.567,2485945.0,512070,sh,证券保险ETF易方达
2022-05-27,0.58,0.578,0.585,0.575,1989198.0,512070,sh,证券保险ETF易方达
2022-05-30,0.581,0.579,0.582,0.576,2568764.0,512070,sh,证券保险ETF易方达
2022-05-31,0.579,0.586,0.588,0.576,2510557.0,512070,sh,证券保险ETF易方达
2022-06-01,0.584,0.583,0.588,0.579,1874217.0,512070,sh,证券保险ETF易方达
2022-06-02,0.58,0.584,0.585,0.576,1738846.0,512070,sh,证券保险ETF易方达
2022-06-06,0.584,0.594,0.595,0.579,2165477.0,512070,sh,证券保险ETF易方达
2022-06-07,0.593,0.596,0.603,0.591,2324108.0,512070,sh,证券保险ETF易方达
2022-06-08,0.597,0.604,0.605,0.594,2499987.0,512070,sh,证券保险ETF易方达
2022-06-09,0.603,0.604,0.616,0.602,4472817.0,512070,sh,证券保险ETF易方达
2022-06-10,0.598,0.614,0.618,0.597,2744512.0,512070,sh,证券保险ETF易方达
2022-06-13,0.608,0.605,0.611,0.601,2419644.0,512070,sh,证券保险ETF易方达
2022-06-14,0.6,0.628,0.632,0.593,3470647.0,512070,sh,证券保险ETF易方达
2022-06-15,0.631,0.664,0.68,0.631,8186300.0,512070,sh,证券保险ETF易方达
2022-06-16,0.661,0.63,0.661,0.63,5960477.0,512070,sh,证券保险ETF易方达
2022-06-17,0.624,0.637,0.643,0.622,4358230.0,512070,sh,证券保险ETF易方达
2022-06-20,0.633,0.632,0.642,0.627,6895266.0,512070,sh,证券保险ETF易方达
2022-06-21,0.632,0.637,0.643,0.63,4354083.0,512070,sh,证券保险ETF易方达
2022-06-22,0.635,0.628,0.641,0.627,2767280.0,512070,sh,证券保险ETF易方达
2022-06-23,0.627,0.648,0.652,0.626,3643156.0,512070,sh,证券保险ETF易方达
2022-06-24,0.648,0.649,0.654,0.643,4464005.0,512070,sh,证券保险ETF易方达
2022-06-27,0.654,0.651,0.658,0.647,2819892.0,512070,sh,证券保险ETF易方达
2022-06-28,0.648,0.653,0.658,0.641,3326395.0,512070,sh,证券保险ETF易方达
2022-06-29,0.651,0.643,0.658,0.641,4606070.0,512070,sh,证券保险ETF易方达
2022-06-30,0.642,0.648,0.654,0.642,3185063.0,512070,sh,证券保险ETF易方达
2022-07-01,0.646,0.642,0.65,0.639,2409826.0,512070,sh,证券保险ETF易方达
2022-07-04,0.641,0.645,0.645,0.633,3035961.0,512070,sh,证券保险ETF易方达
2022-07-05,0.645,0.639,0.652,0.634,3786743.0,512070,sh,证券保险ETF易方达
2022-07-06,0.637,0.632,0.637,0.628,2929828.0,512070,sh,证券保险ETF易方达
2022-07-07,0.632,0.629,0.634,0.627,2685562.0,512070,sh,证券保险ETF易方达
2022-07-08,0.632,0.625,0.635,0.623,3494065.0,512070,sh,证券保险ETF易方达
2022-07-11,0.625,0.617,0.625,0.615,3561367.0,512070,sh,证券保险ETF易方达
2022-07-12,0.619,0.617,0.625,0.615,2991005.0,512070,sh,证券保险ETF易方达
2022-07-13,0.618,0.616,0.621,0.613,2458630.0,512070,sh,证券保险ETF易方达
2022-07-14,0.615,0.608,0.616,0.604,2773014.0,512070,sh,证券保险ETF易方达
2022-07-15,0.606,0.595,0.609,0.592,2932583.0,512070,sh,证券保险ETF易方达
2022-07-18,0.596,0.605,0.608,0.596,2950794.0,512070,sh,证券保险ETF易方达
2022-07-19,0.605,0.607,0.61,0.6,2587332.0,512070,sh,证券保险ETF易方达
2022-07-20,0.608,0.608,0.612,0.606,3037899.0,512070,sh,证券保险ETF易方达
2022-07-21,0.607,0.601,0.607,0.599,2474791.0,512070,sh,证券保险ETF易方达
2022-07-22,0.602,0.603,0.608,0.598,3724094.0,512070,sh,证券保险ETF易方达
2022-07-25,0.602,0.597,0.603,0.596,2619107.0,512070,sh,证券保险ETF易方达
2022-07-26,0.598,0.6,0.603,0.597,1766580.0,512070,sh,证券保险ETF易方达
2022-07-27,0.599,0.597,0.6,0.596,2318364.0,512070,sh,证券保险ETF易方达
2022-07-28,0.6,0.602,0.608,0.6,2567519.0,512070,sh,证券保险ETF易方达
2022-07-29,0.603,0.592,0.606,0.591,5029429.0,512070,sh,证券保险ETF易方达
2022-08-01,0.591,0.588,0.592,0.584,2623844.0,512070,sh,证券保险ETF易方达
2022-08-02,0.584,0.573,0.584,0.566,3358845.0,512070,sh,证券保险ETF易方达
2022-08-03,0.572,0.57,0.579,0.569,3451333.0,512070,sh,证券保险ETF易方达
2022-08-04,0.573,0.575,0.577,0.571,2776803.0,512070,sh,证券保险ETF易方达
2022-08-05,0.577,0.586,0.586,0.573,3181113.0,512070,sh,证券保险ETF易方达
2022-08-08,0.585,0.585,0.586,0.581,2448686.0,512070,sh,证券保险ETF易方达
2022-08-09,0.584,0.582,0.585,0.58,2225600.0,512070,sh,证券保险ETF易方达
2022-08-10,0.581,0.577,0.586,0.575,2508958.0,512070,sh,证券保险ETF易方达
2022-08-11,0.58,0.602,0.604,0.58,4063828.0,512070,sh,证券保险ETF易方达
2022-08-12,0.596,0.603,0.606,0.596,3548835.0,512070,sh,证券保险ETF易方达
2022-08-15,0.6,0.598,0.605,0.595,2968591.0,512070,sh,证券保险ETF易方达
2022-08-16,0.599,0.596,0.602,0.594,2405570.0,512070,sh,证券保险ETF易方达
2022-08-17,0.597,0.604,0.607,0.592,3811385.0,512070,sh,证券保险ETF易方达
2022-08-18,0.604,0.599,0.604,0.596,3379096.0,512070,sh,证券保险ETF易方达
2022-08-19,0.598,0.598,0.603,0.598,2364677.0,512070,sh,证券保险ETF易方达
2022-08-22,0.596,0.597,0.6,0.594,2407374.0,512070,sh,证券保险ETF易方达
2022-08-23,0.596,0.594,0.603,0.592,2705279.0,512070,sh,证券保险ETF易方达
2022-08-24,0.596,0.595,0.609,0.593,3902829.0,512070,sh,证券保险ETF易方达
2022-08-25,0.596,0.608,0.61,0.594,3436563.0,512070,sh,证券保险ETF易方达
2022-08-26,0.609,0.606,0.61,0.601,3279940.0,512070,sh,证券保险ETF易方达
2022-08-29,0.6,0.602,0.604,0.596,2719310.0,512070,sh,证券保险ETF易方达
2022-08-30,0.601,0.602,0.606,0.596,2794836.0,512070,sh,证券保险ETF易方达
2022-08-31,0.599,0.61,0.617,0.599,4375283.0,512070,sh,证券保险ETF易方达
2022-09-01,0.605,0.607,0.613,0.604,4608320.0,512070,sh,证券保险ETF易方达
2022-09-02,0.607,0.603,0.611,0.6,3678207.0,512070,sh,证券保险ETF易方达
2022-09-05,0.601,0.605,0.607,0.598,3955854.0,512070,sh,证券保险ETF易方达
2022-09-06,0.608,0.613,0.613,0.607,2885980.0,512070,sh,证券保险ETF易方达
2022-09-07,0.609,0.61,0.611,0.605,3216672.0,512070,sh,证券保险ETF易方达
2022-09-08,0.608,0.609,0.615,0.608,2586819.0,512070,sh,证券保险ETF易方达
2022-09-09,0.61,0.62,0.623,0.609,4121259.0,512070,sh,证券保险ETF易方达
2022-09-13,0.623,0.622,0.628,0.617,2699090.0,512070,sh,证券保险ETF易方达
2022-09-14,0.616,0.615,0.619,0.612,2978523.0,512070,sh,证券保险ETF易方达
2022-09-15,0.615,0.616,0.623,0.611,3218251.0,512070,sh,证券保险ETF易方达
2022-09-16,0.614,0.586,0.614,0.584,4749951.0,512070,sh,证券保险ETF易方达
2022-09-19,0.585,0.58,0.587,0.576,3892029.0,512070,sh,证券保险ETF易方达
2022-09-20,0.581,0.577,0.584,0.575,2372876.0,512070,sh,证券保险ETF易方达
2022-09-21,0.576,0.576,0.579,0.569,2992904.0,512070,sh,证券保险ETF易方达
2022-09-22,0.571,0.57,0.575,0.569,3267425.0,512070,sh,证券保险ETF易方达
2022-09-23,0.571,0.574,0.579,0.57,3035804.0,512070,sh,证券保险ETF易方达
2022-09-26,0.572,0.565,0.574,0.563,3201602.0,512070,sh,证券保险ETF易方达
2022-09-27,0.563,0.568,0.568,0.562,3120458.0,512070,sh,证券保险ETF易方达
2022-09-28,0.565,0.559,0.567,0.558,3415227.0,512070,sh,证券保险ETF易方达
2022-09-29,0.562,0.553,0.565,0.549,2882673.0,512070,sh,证券保险ETF易方达
2022-09-30,0.552,0.552,0.558,0.552,2310634.0,512070,sh,证券保险ETF易方达
2022-10-10,0.553,0.549,0.557,0.547,2796444.0,512070,sh,证券保险ETF易方达
2022-10-11,0.548,0.548,0.555,0.546,3014843.0,512070,sh,证券保险ETF易方达
2022-10-12,0.55,0.561,0.562,0.546,3410193.0,512070,sh,证券保险ETF易方达
2022-10-13,0.56,0.558,0.56,0.554,2599169.0,512070,sh,证券保险ETF易方达
2022-10-14,0.563,0.566,0.569,0.56,3423634.0,512070,sh,证券保险ETF易方达
2022-10-17,0.563,0.567,0.568,0.56,2754459.0,512070,sh,证券保险ETF易方达
2022-10-18,0.569,0.564,0.572,0.562,3291134.0,512070,sh,证券保险ETF易方达
2022-10-19,0.564,0.557,0.566,0.556,1896024.0,512070,sh,证券保险ETF易方达
2022-10-20,0.554,0.558,0.565,0.554,2324890.0,512070,sh,证券保险ETF易方达
2022-10-21,0.565,0.557,0.568,0.554,2117626.0,512070,sh,证券保险ETF易方达
2022-10-24,0.556,0.538,0.564,0.535,3687740.0,512070,sh,证券保险ETF易方达
2022-10-25,0.537,0.528,0.539,0.524,2702218.0,512070,sh,证券保险ETF易方达
2022-10-26,0.53,0.531,0.538,0.527,2402054.0,512070,sh,证券保险ETF易方达
2022-10-27,0.532,0.533,0.539,0.53,3341914.0,512070,sh,证券保险ETF易方达
2022-10-28,0.53,0.522,0.535,0.52,2432420.0,512070,sh,证券保险ETF易方达
2022-10-31,0.519,0.52,0.526,0.515,2472677.0,512070,sh,证券保险ETF易方达
2022-11-01,0.52,0.539,0.539,0.52,2770656.0,512070,sh,证券保险ETF易方达
2022-11-02,0.536,0.539,0.543,0.533,2228076.0,512070,sh,证券保险ETF易方达
2022-11-03,0.536,0.534,0.537,0.531,2133046.0,512070,sh,证券保险ETF易方达
2022-11-04,0.534,0.554,0.558,0.533,3192108.0,512070,sh,证券保险ETF易方达
2022-11-07,0.55,0.556,0.56,0.548,2207083.0,512070,sh,证券保险ETF易方达
2022-11-08,0.556,0.553,0.558,0.55,1938482.0,512070,sh,证券保险ETF易方达
2022-11-09,0.555,0.55,0.555,0.549,1872199.0,512070,sh,证券保险ETF易方达
2022-11-10,0.547,0.553,0.555,0.545,1808620.0,512070,sh,证券保险ETF易方达
2022-11-11,0.567,0.573,0.581,0.562,3111934.0,512070,sh,证券保险ETF易方达
2022-11-14,0.581,0.583,0.592,0.578,4585197.0,512070,sh,证券保险ETF易方达
2022-11-15,0.578,0.598,0.606,0.577,3558661.0,512070,sh,证券保险ETF易方达
2022-11-16,0.596,0.589,0.599,0.588,2006453.0,512070,sh,证券保险ETF易方达
2022-11-17,0.588,0.594,0.594,0.584,3089936.0,512070,sh,证券保险ETF易方达
2022-11-18,0.594,0.585,0.594,0.584,2562328.0,512070,sh,证券保险ETF易方达
2022-11-21,0.58,0.575,0.58,0.569,2567188.0,512070,sh,证券保险ETF易方达
2022-11-22,0.575,0.582,0.588,0.573,2314977.0,512070,sh,证券保险ETF易方达
2022-11-23,0.579,0.581,0.589,0.578,2108170.0,512070,sh,证券保险ETF易方达
2022-11-24,0.584,0.578,0.589,0.578,1989717.0,512070,sh,证券保险ETF易方达
2022-11-25,0.579,0.588,0.592,0.578,2940008.0,512070,sh,证券保险ETF易方达
2022-11-28,0.577,0.577,0.578,0.569,2101709.0,512070,sh,证券保险ETF易方达
2022-11-29,0.582,0.609,0.61,0.58,4903884.0,512070,sh,证券保险ETF易方达
2022-11-30,0.604,0.605,0.617,0.603,3296064.0,512070,sh,证券保险ETF易方达
2022-12-01,0.616,0.609,0.627,0.608,3397836.0,512070,sh,证券保险ETF易方达
2022-12-02,0.61,0.606,0.612,0.603,2021131.0,512070,sh,证券保险ETF易方达
2022-12-05,0.612,0.635,0.636,0.612,3889274.0,512070,sh,证券保险ETF易方达
2022-12-06,0.629,0.633,0.641,0.628,5044280.0,512070,sh,证券保险ETF易方达
2022-12-07,0.628,0.627,0.635,0.622,8503076.0,512070,sh,证券保险ETF易方达
2022-12-08,0.623,0.628,0.63,0.622,2442598.0,512070,sh,证券保险ETF易方达
2022-12-09,0.626,0.633,0.637,0.621,3037429.0,512070,sh,证券保险ETF易方达
2022-12-12,0.629,0.615,0.629,0.614,1878850.0,512070,sh,证券保险ETF易方达
2022-12-13,0.615,0.619,0.623,0.615,2135357.0,512070,sh,证券保险ETF易方达
2022-12-14,0.617,0.626,0.627,0.614,3121746.0,512070,sh,证券保险ETF易方达
2022-12-15,0.624,0.615,0.624,0.614,2620747.0,512070,sh,证券保险ETF易方达
2022-12-16,0.61,0.619,0.622,0.61,2032194.0,512070,sh,证券保险ETF易方达
2022-12-19,0.619,0.605,0.624,0.6,2704235.0,512070,sh,证券保险ETF易方达
2022-12-20,0.6,0.598,0.605,0.592,3998551.0,512070,sh,证券保险ETF易方达
2022-12-21,0.598,0.599,0.602,0.596,1967748.0,512070,sh,证券保险ETF易方达
2022-12-22,0.605,0.603,0.608,0.599,3277004.0,512070,sh,证券保险ETF易方达
2022-12-23,0.599,0.601,0.605,0.597,1982254.0,512070,sh,证券保险ETF易方达
2022-12-26,0.603,0.598,0.604,0.594,2506320.0,512070,sh,证券保险ETF易方达
2022-12-27,0.601,0.606,0.609,0.598,2128408.0,512070,sh,证券保险ETF易方达
2022-12-28,0.605,0.608,0.611,0.603,5393743.0,512070,sh,证券保险ETF易方达
2022-12-29,0.606,0.603,0.606,0.597,5718176.0,512070,sh,证券保险ETF易方达
2022-12-30,0.605,0.611,0.614,0.604,8206818.0,512070,sh,证券保险ETF易方达
2023-01-03,0.606,0.607,0.61,0.594,4109967.0,512070,sh,证券保险ETF易方达
2023-01-04,0.606,0.617,0.618,0.605,4618662.0,512070,sh,证券保险ETF易方达
2023-01-05,0.621,0.627,0.629,0.621,4232753.0,512070,sh,证券保险ETF易方达
2023-01-06,0.627,0.629,0.633,0.625,3750385.0,512070,sh,证券保险ETF易方达
2023-01-09,0.63,0.64,0.644,0.63,3328030.0,512070,sh,证券保险ETF易方达
2023-01-10,0.64,0.632,0.646,0.631,4112598.0,512070,sh,证券保险ETF易方达
2023-01-11,0.632,0.636,0.642,0.632,3285426.0,512070,sh,证券保险ETF易方达
2023-01-12,0.639,0.641,0.643,0.636,4141935.0,512070,sh,证券保险ETF易方达
2023-01-13,0.642,0.656,0.657,0.641,7511032.0,512070,sh,证券保险ETF易方达
2023-01-16,0.658,0.67,0.685,0.656,6988176.0,512070,sh,证券保险ETF易方达
2023-01-17,0.667,0.669,0.67,0.661,6684596.0,512070,sh,证券保险ETF易方达
2023-01-18,0.665,0.667,0.671,0.664,2304719.0,512070,sh,证券保险ETF易方达
2023-01-19,0.662,0.675,0.675,0.662,2581923.0,512070,sh,证券保险ETF易方达
2023-01-20,0.675,0.675,0.678,0.668,3572678.0,512070,sh,证券保险ETF易方达
2023-01-30,0.689,0.668,0.692,0.668,3532911.0,512070,sh,证券保险ETF易方达
2023-01-31,0.669,0.662,0.676,0.659,4079113.0,512070,sh,证券保险ETF易方达
2023-02-01,0.664,0.677,0.677,0.659,4189689.0,512070,sh,证券保险ETF易方达
2023-02-02,0.684,0.663,0.688,0.663,6565459.0,512070,sh,证券保险ETF易方达
2023-02-03,0.659,0.657,0.661,0.649,2722290.0,512070,sh,证券保险ETF易方达
2023-02-06,0.65,0.64,0.65,0.637,6945606.0,512070,sh,证券保险ETF易方达
2023-02-07,0.644,0.645,0.647,0.641,4172420.0,512070,sh,证券保险ETF易方达
2023-02-08,0.647,0.64,0.65,0.639,2808994.0,512070,sh,证券保险ETF易方达
2023-02-09,0.64,0.652,0.653,0.639,3516034.0,512070,sh,证券保险ETF易方达
2023-02-10,0.652,0.65,0.652,0.645,2959684.0,512070,sh,证券保险ETF易方达
2023-02-13,0.646,0.652,0.652,0.64,2532240.0,512070,sh,证券保险ETF易方达
2023-02-14,0.652,0.655,0.655,0.648,1981838.0,512070,sh,证券保险ETF易方达
2023-02-15,0.652,0.646,0.654,0.644,2011824.0,512070,sh,证券保险ETF易方达
2023-02-16,0.646,0.642,0.658,0.638,5555159.0,512070,sh,证券保险ETF易方达
2023-02-17,0.641,0.637,0.646,0.634,3771567.0,512070,sh,证券保险ETF易方达
2023-02-20,0.64,0.657,0.659,0.638,4679890.0,512070,sh,证券保险ETF易方达
2023-02-21,0.656,0.662,0.662,0.653,2814055.0,512070,sh,证券保险ETF易方达
2023-02-22,0.658,0.653,0.66,0.65,2235834.0,512070,sh,证券保险ETF易方达
2023-02-23,0.651,0.653,0.661,0.65,2167524.0,512070,sh,证券保险ETF易方达
2023-02-24,0.654,0.64,0.654,0.64,2181688.0,512070,sh,证券保险ETF易方达
2023-02-27,0.635,0.637,0.641,0.634,2139528.0,512070,sh,证券保险ETF易方达
2023-02-28,0.638,0.642,0.642,0.633,2541319.0,512070,sh,证券保险ETF易方达
2023-03-01,0.641,0.657,0.657,0.639,3254634.0,512070,sh,证券保险ETF易方达
2023-03-02,0.657,0.657,0.659,0.653,4589253.0,512070,sh,证券保险ETF易方达
2023-03-03,0.657,0.66,0.661,0.653,2424101.0,512070,sh,证券保险ETF易方达
2023-03-06,0.659,0.647,0.659,0.644,2782898.0,512070,sh,证券保险ETF易方达
2023-03-07,0.645,0.635,0.653,0.633,4178302.0,512070,sh,证券保险ETF易方达
2023-03-08,0.632,0.631,0.632,0.627,2840288.0,512070,sh,证券保险ETF易方达
2023-03-09,0.632,0.627,0.633,0.624,2208958.0,512070,sh,证券保险ETF易方达
2023-03-10,0.621,0.618,0.626,0.616,3744511.0,512070,sh,证券保险ETF易方达
2023-03-13,0.616,0.623,0.625,0.615,1907176.0,512070,sh,证券保险ETF易方达
2023-03-14,0.62,0.612,0.62,0.608,2779238.0,512070,sh,证券保险ETF易方达
2023-03-15,0.618,0.619,0.623,0.616,1994479.0,512070,sh,证券保险ETF易方达
2023-03-16,0.614,0.61,0.616,0.609,1664551.0,512070,sh,证券保险ETF易方达
2023-03-17,0.615,0.625,0.631,0.615,2625712.0,512070,sh,证券保险ETF易方达
2023-03-20,0.62,0.617,0.629,0.616,2876310.0,512070,sh,证券保险ETF易方达
2023-03-21,0.621,0.62,0.623,0.616,2546904.0,512070,sh,证券保险ETF易方达
2023-03-22,0.622,0.619,0.625,0.616,1537038.0,512070,sh,证券保险ETF易方达
2023-03-23,0.616,0.627,0.627,0.615,2380105.0,512070,sh,证券保险ETF易方达
2023-03-24,0.628,0.624,0.629,0.62,1566313.0,512070,sh,证券保险ETF易方达
2023-03-27,0.624,0.624,0.625,0.617,1698012.0,512070,sh,证券保险ETF易方达
2023-03-28,0.624,0.619,0.626,0.617,1765805.0,512070,sh,证券保险ETF易方达
2023-03-29,0.62,0.616,0.623,0.613,2445858.0,512070,sh,证券保险ETF易方达
2023-03-30,0.616,0.618,0.62,0.608,1809506.0,512070,sh,证券保险ETF易方达
2023-03-31,0.618,0.618,0.623,0.616,1979681.0,512070,sh,证券保险ETF易方达
2023-04-03,0.618,0.639,0.641,0.617,4117396.0,512070,sh,证券保险ETF易方达
2023-04-04,0.639,0.64,0.644,0.637,2226324.0,512070,sh,证券保险ETF易方达
2023-04-06,0.64,0.634,0.641,0.631,2114656.0,512070,sh,证券保险ETF易方达
2023-04-07,0.636,0.643,0.645,0.632,2169005.0,512070,sh,证券保险ETF易方达
2023-04-10,0.65,0.642,0.652,0.64,1622258.0,512070,sh,证券保险ETF易方达
2023-04-11,0.643,0.642,0.654,0.64,2235245.0,512070,sh,证券保险ETF易方达
2023-04-12,0.643,0.645,0.65,0.641,1426453.0,512070,sh,证券保险ETF易方达
2023-04-13,0.643,0.638,0.643,0.635,1438889.0,512070,sh,证券保险ETF易方达
2023-04-14,0.641,0.64,0.644,0.636,1473158.0,512070,sh,证券保险ETF易方达
2023-04-17,0.639,0.662,0.663,0.637,4710261.0,512070,sh,证券保险ETF易方达
2023-04-18,0.663,0.668,0.675,0.659,5032352.0,512070,sh,证券保险ETF易方达
2023-04-19,0.668,0.66,0.668,0.658,2260373.0,512070,sh,证券保险ETF易方达
2023-04-20,0.661,0.665,0.666,0.656,4196251.0,512070,sh,证券保险ETF易方达
2023-04-21,0.662,0.639,0.663,0.638,3407602.0,512070,sh,证券保险ETF易方达
2023-04-24,0.639,0.631,0.644,0.628,1978091.0,512070,sh,证券保险ETF易方达
2023-04-25,0.633,0.632,0.638,0.626,2446304.0,512070,sh,证券保险ETF易方达
2023-04-26,0.628,0.629,0.631,0.625,1440137.0,512070,sh,证券保险ETF易方达
2023-04-27,0.629,0.653,0.656,0.629,3555539.0,512070,sh,证券保险ETF易方达
2023-04-28,0.655,0.667,0.674,0.65,4284117.0,512070,sh,证券保险ETF易方达
2023-05-04,0.66,0.682,0.686,0.654,6456029.0,512070,sh,证券保险ETF易方达
2023-05-05,0.683,0.688,0.702,0.683,5188230.0,512070,sh,证券保险ETF易方达
2023-05-08,0.688,0.705,0.712,0.685,9774063.0,512070,sh,证券保险ETF易方达
2023-05-09,0.707,0.703,0.734,0.701,7611931.0,512070,sh,证券保险ETF易方达
2023-05-10,0.696,0.694,0.703,0.679,6850257.0,512070,sh,证券保险ETF易方达
2023-05-11,0.686,0.683,0.694,0.681,3316341.0,512070,sh,证券保险ETF易方达
2023-05-12,0.682,0.671,0.685,0.669,5883371.0,512070,sh,证券保险ETF易方达
2023-05-15,0.668,0.692,0.695,0.662,7435392.0,512070,sh,证券保险ETF易方达
2023-05-16,0.693,0.687,0.698,0.682,5588795.0,512070,sh,证券保险ETF易方达
2023-05-17,0.683,0.677,0.684,0.671,3509665.0,512070,sh,证券保险ETF易方达
2023-05-18,0.675,0.677,0.685,0.672,4018063.0,512070,sh,证券保险ETF易方达
2023-05-19,0.67,0.665,0.674,0.663,5120255.0,512070,sh,证券保险ETF易方达
2023-05-22,0.663,0.667,0.671,0.662,2738105.0,512070,sh,证券保险ETF易方达
2023-05-23,0.667,0.651,0.668,0.65,4313650.0,512070,sh,证券保险ETF易方达
2023-05-24,0.649,0.635,0.65,0.634,3129110.0,512070,sh,证券保险ETF易方达
2023-05-25,0.636,0.638,0.639,0.628,2878873.0,512070,sh,证券保险ETF易方达
2023-05-26,0.635,0.638,0.642,0.63,2500242.0,512070,sh,证券保险ETF易方达
2023-05-29,0.638,0.631,0.64,0.629,1669173.0,512070,sh,证券保险ETF易方达
2023-05-30,0.629,0.635,0.636,0.625,3098452.0,512070,sh,证券保险ETF易方达
2023-05-31,0.631,0.624,0.633,0.623,2767820.0,512070,sh,证券保险ETF易方达
2023-06-01,0.623,0.629,0.634,0.622,2650581.0,512070,sh,证券保险ETF易方达
2023-06-02,0.632,0.638,0.639,0.63,2902051.0,512070,sh,证券保险ETF易方达
2023-06-05,0.636,0.632,0.638,0.63,2400334.0,512070,sh,证券保险ETF易方达
2023-06-06,0.63,0.63,0.644,0.628,3520405.0,512070,sh,证券保险ETF易方达
2023-06-07,0.631,0.635,0.639,0.63,3107738.0,512070,sh,证券保险ETF易方达
2023-06-08,0.632,0.639,0.644,0.627,5157481.0,512070,sh,证券保险ETF易方达
2023-06-09,0.641,0.639,0.642,0.636,1709643.0,512070,sh,证券保险ETF易方达
2023-06-12,0.636,0.633,0.638,0.63,1764725.0,512070,sh,证券保险ETF易方达
2023-06-13,0.633,0.642,0.646,0.63,2401864.0,512070,sh,证券保险ETF易方达
2023-06-14,0.644,0.636,0.646,0.635,3281699.0,512070,sh,证券保险ETF易方达
2023-06-15,0.637,0.642,0.646,0.634,2570491.0,512070,sh,证券保险ETF易方达
2023-06-16,0.643,0.646,0.647,0.639,3458598.0,512070,sh,证券保险ETF易方达
2023-06-19,0.645,0.637,0.645,0.634,2233538.0,512070,sh,证券保险ETF易方达
2023-06-20,0.634,0.632,0.637,0.63,3082762.0,512070,sh,证券保险ETF易方达
2023-06-21,0.628,0.622,0.631,0.62,3004263.0,512070,sh,证券保险ETF易方达
2023-06-26,0.616,0.608,0.617,0.606,3995674.0,512070,sh,证券保险ETF易方达
2023-06-27,0.608,0.615,0.616,0.607,2206004.0,512070,sh,证券保险ETF易方达
2023-06-28,0.613,0.616,0.617,0.61,2982720.0,512070,sh,证券保险ETF易方达
2023-06-29,0.614,0.615,0.617,0.611,2258383.0,512070,sh,证券保险ETF易方达
2023-06-30,0.613,0.621,0.624,0.613,1573203.0,512070,sh,证券保险ETF易方达
2023-07-03,0.62,0.635,0.639,0.62,6473102.0,512070,sh,证券保险ETF易方达
2023-07-04,0.635,0.634,0.638,0.631,2665492.0,512070,sh,证券保险ETF易方达
2023-07-05,0.634,0.629,0.636,0.629,1351229.0,512070,sh,证券保险ETF易方达
2023-07-06,0.627,0.628,0.637,0.626,5446580.0,512070,sh,证券保险ETF易方达
2023-07-07,0.626,0.631,0.635,0.624,3134762.0,512070,sh,证券保险ETF易方达
2023-07-10,0.634,0.628,0.636,0.626,2286446.0,512070,sh,证券保险ETF易方达
2023-07-11,0.629,0.632,0.633,0.628,1487381.0,512070,sh,证券保险ETF易方达
2023-07-12,0.631,0.629,0.636,0.627,2031507.0,512070,sh,证券保险ETF易方达
2023-07-13,0.632,0.643,0.645,0.632,9359658.0,512070,sh,证券保险ETF易方达
2023-07-14,0.645,0.644,0.646,0.641,1619043.0,512070,sh,证券保险ETF易方达
2023-07-17,0.641,0.636,0.641,0.634,1575441.0,512070,sh,证券保险ETF易方达
2023-07-18,0.635,0.635,0.638,0.633,1730635.0,512070,sh,证券保险ETF易方达
2023-07-19,0.633,0.637,0.639,0.632,7414401.0,512070,sh,证券保险ETF易方达
2023-07-20,0.639,0.632,0.641,0.63,1861927.0,512070,sh,证券保险ETF易方达
2023-07-21,0.633,0.63,0.636,0.627,1422986.0,512070,sh,证券保险ETF易方达
2023-07-24,0.627,0.627,0.632,0.625,2421374.0,512070,sh,证券保险ETF易方达
2023-07-25,0.644,0.667,0.669,0.644,7182722.0,512070,sh,证券保险ETF易方达
2023-07-26,0.661,0.665,0.667,0.656,4929525.0,512070,sh,证券保险ETF易方达
2023-07-27,0.665,0.661,0.673,0.659,4196821.0,512070,sh,证券保险ETF易方达
2023-07-28,0.657,0.707,0.71,0.657,8863071.0,512070,sh,证券保险ETF易方达
2023-07-31,0.72,0.706,0.726,0.706,8979227.0,512070,sh,证券保险ETF易方达
2023-08-01,0.699,0.696,0.714,0.694,6614260.0,512070,sh,证券保险ETF易方达
2023-08-02,0.694,0.7,0.714,0.694,4688236.0,512070,sh,证券保险ETF易方达
2023-08-03,0.7,0.721,0.723,0.694,8007400.0,512070,sh,证券保险ETF易方达
2023-08-04,0.738,0.721,0.75,0.72,10568836.0,512070,sh,证券保险ETF易方达
2023-08-07,0.709,0.717,0.718,0.705,4996057.0,512070,sh,证券保险ETF易方达
2023-08-08,0.714,0.717,0.728,0.697,4327515.0,512070,sh,证券保险ETF易方达
2023-08-09,0.709,0.715,0.721,0.709,3233218.0,512070,sh,证券保险ETF易方达
2023-08-10,0.713,0.723,0.723,0.712,3415223.0,512070,sh,证券保险ETF易方达
2023-08-11,0.72,0.694,0.721,0.693,9407423.0,512070,sh,证券保险ETF易方达
2023-08-14,0.678,0.685,0.692,0.677,3778186.0,512070,sh,证券保险ETF易方达
2023-08-15,0.683,0.695,0.698,0.683,5088597.0,512070,sh,证券保险ETF易方达
2023-08-16,0.691,0.691,0.706,0.683,3985786.0,512070,sh,证券保险ETF易方达
2023-08-17,0.686,0.688,0.692,0.678,2717058.0,512070,sh,证券保险ETF易方达
2023-08-18,0.687,0.687,0.705,0.683,3418512.0,512070,sh,证券保险ETF易方达
2023-08-21,0.68,0.662,0.682,0.661,5954486.0,512070,sh,证券保险ETF易方达
2023-08-22,0.664,0.673,0.676,0.66,4530058.0,512070,sh,证券保险ETF易方达
2023-08-23,0.669,0.661,0.671,0.66,2929210.0,512070,sh,证券保险ETF易方达
2023-08-24,0.662,0.665,0.675,0.662,5787224.0,512070,sh,证券保险ETF易方达
2023-08-25,0.662,0.67,0.677,0.661,4388100.0,512070,sh,证券保险ETF易方达
2023-08-28,0.737,0.685,0.737,0.682,8064251.0,512070,sh,证券保险ETF易方达
2023-08-29,0.677,0.685,0.691,0.67,4444434.0,512070,sh,证券保险ETF易方达
2023-08-30,0.684,0.673,0.684,0.672,4606395.0,512070,sh,证券保险ETF易方达
2023-08-31,0.672,0.666,0.678,0.665,4815732.0,512070,sh,证券保险ETF易方达
2023-09-01,0.67,0.677,0.682,0.67,2930308.0,512070,sh,证券保险ETF易方达
2023-09-04,0.678,0.687,0.692,0.677,4358587.0,512070,sh,证券保险ETF易方达
2023-09-05,0.683,0.676,0.684,0.675,2088602.0,512070,sh,证券保险ETF易方达
2023-09-06,0.672,0.678,0.68,0.671,4301742.0,512070,sh,证券保险ETF易方达
2023-09-07,0.677,0.672,0.68,0.671,5566105.0,512070,sh,证券保险ETF易方达
2023-09-08,0.67,0.673,0.677,0.667,3301816.0,512070,sh,证券保险ETF易方达
2023-09-11,0.675,0.681,0.686,0.671,3753650.0,512070,sh,证券保险ETF易方达
2023-09-12,0.679,0.675,0.679,0.673,1663915.0,512070,sh,证券保险ETF易方达
2023-09-13,0.674,0.666,0.675,0.664,2757770.0,512070,sh,证券保险ETF易方达
2023-09-14,0.665,0.668,0.671,0.665,3177937.0,512070,sh,证券保险ETF易方达
2023-09-15,0.67,0.666,0.675,0.662,4398181.0,512070,sh,证券保险ETF易方达
2023-09-18,0.661,0.665,0.667,0.658,2103082.0,512070,sh,证券保险ETF易方达
2023-09-19,0.665,0.665,0.669,0.663,2525341.0,512070,sh,证券保险ETF易方达
2023-09-20,0.663,0.662,0.665,0.66,2106370.0,512070,sh,证券保险ETF易方达
2023-09-21,0.659,0.657,0.665,0.656,2496328.0,512070,sh,证券保险ETF易方达
2023-09-22,0.656,0.677,0.678,0.654,3594910.0,512070,sh,证券保险ETF易方达
2023-09-25,0.673,0.662,0.673,0.662,1888054.0,512070,sh,证券保险ETF易方达
2023-09-26,0.66,0.661,0.666,0.66,2707976.0,512070,sh,证券保险ETF易方达
2023-09-27,0.662,0.661,0.665,0.659,1946610.0,512070,sh,证券保险ETF易方达
2023-09-28,0.663,0.657,0.663,0.655,1450092.0,512070,sh,证券保险ETF易方达
2023-10-09,0.652,0.651,0.654,0.644,1781804.0,512070,sh,证券保险ETF易方达
2023-10-10,0.652,0.647,0.658,0.647,1362809.0,512070,sh,证券保险ETF易方达
2023-10-11,0.648,0.649,0.653,0.646,2010528.0,512070,sh,证券保险ETF易方达
2023-10-12,0.661,0.659,0.663,0.655,2183599.0,512070,sh,证券保险ETF易方达
2023-10-13,0.652,0.653,0.655,0.649,1868612.0,512070,sh,证券保险ETF易方达
2023-10-16,0.651,0.649,0.653,0.646,1231558.0,512070,sh,证券保险ETF易方达
2023-10-17,0.65,0.656,0.66,0.648,2232230.0,512070,sh,证券保险ETF易方达
2023-10-18,0.655,0.654,0.657,0.652,1837978.0,512070,sh,证券保险ETF易方达
2023-10-19,0.648,0.643,0.651,0.641,2344927.0,512070,sh,证券保险ETF易方达
2023-10-20,0.639,0.638,0.643,0.636,2234920.0,512070,sh,证券保险ETF易方达
2023-10-23,0.637,0.631,0.639,0.627,1763226.0,512070,sh,证券保险ETF易方达
2023-10-24,0.635,0.641,0.644,0.631,2224273.0,512070,sh,证券保险ETF易方达
2023-10-25,0.648,0.643,0.65,0.642,7785428.0,512070,sh,证券保险ETF易方达
2023-10-26,0.64,0.645,0.645,0.638,2475538.0,512070,sh,证券保险ETF易方达
2023-10-27,0.64,0.643,0.647,0.631,3176793.0,512070,sh,证券保险ETF易方达
2023-10-30,0.639,0.641,0.642,0.634,2629905.0,512070,sh,证券保险ETF易方达
2023-10-31,0.641,0.645,0.646,0.639,2472331.0,512070,sh,证券保险ETF易方达
2023-11-01,0.648,0.641,0.649,0.639,1439433.0,512070,sh,证券保险ETF易方达
2023-11-02,0.641,0.637,0.646,0.637,1804909.0,512070,sh,证券保险ETF易方达
2023-11-03,0.639,0.643,0.645,0.636,1858682.0,512070,sh,证券保险ETF易方达
2023-11-06,0.655,0.662,0.665,0.652,2827351.0,512070,sh,证券保险ETF易方达
2023-11-07,0.659,0.659,0.662,0.657,2161754.0,512070,sh,证券保险ETF易方达
2023-11-08,0.659,0.651,0.659,0.648,2904289.0,512070,sh,证券保险ETF易方达
2023-11-09,0.648,0.646,0.649,0.64,2903324.0,512070,sh,证券保险ETF易方达
2023-11-10,0.642,0.639,0.644,0.636,3997615.0,512070,sh,证券保险ETF易方达
2023-11-13,0.64,0.636,0.64,0.633,2099521.0,512070,sh,证券保险ETF易方达
2023-11-14,0.638,0.643,0.649,0.637,2776909.0,512070,sh,证券保险ETF易方达
2023-11-15,0.648,0.646,0.651,0.645,3041046.0,512070,sh,证券保险ETF易方达
2023-11-16,0.643,0.642,0.648,0.64,1829096.0,512070,sh,证券保险ETF易方达
2023-11-17,0.639,0.641,0.642,0.636,1749704.0,512070,sh,证券保险ETF易方达
2023-11-20,0.641,0.641,0.642,0.633,2138365.0,512070,sh,证券保险ETF易方达
2023-11-21,0.64,0.641,0.651,0.64,2577461.0,512070,sh,证券保险ETF易方达
2023-11-22,0.639,0.636,0.642,0.636,1439820.0,512070,sh,证券保险ETF易方达
2023-11-23,0.636,0.639,0.639,0.632,1841627.0,512070,sh,证券保险ETF易方达
2023-11-24,0.637,0.633,0.639,0.631,1616952.0,512070,sh,证券保险ETF易方达
2023-11-27,0.629,0.624,0.631,0.62,1931341.0,512070,sh,证券保险ETF易方达
2023-11-28,0.624,0.623,0.626,0.62,1399210.0,512070,sh,证券保险ETF易方达
2023-11-29,0.623,0.613,0.623,0.611,2155304.0,512070,sh,证券保险ETF易方达
2023-11-30,0.612,0.615,0.617,0.612,1836689.0,512070,sh,证券保险ETF易方达
2023-12-01,0.614,0.618,0.619,0.61,2010793.0,512070,sh,证券保险ETF易方达
2023-12-04,0.617,0.613,0.62,0.613,1588726.0,512070,sh,证券保险ETF易方达
2023-12-05,0.613,0.602,0.613,0.602,2072200.0,512070,sh,证券保险ETF易方达
2023-12-06,0.602,0.601,0.605,0.6,1772369.0,512070,sh,证券保险ETF易方达
2023-12-07,0.6,0.603,0.606,0.596,1839938.0,512070,sh,证券保险ETF易方达
2023-12-08,0.601,0.6,0.605,0.599,1002837.0,512070,sh,证券保险ETF易方达
2023-12-11,0.597,0.606,0.608,0.59,2252231.0,512070,sh,证券保险ETF易方达
2023-12-12,0.604,0.607,0.608,0.602,1304466.0,512070,sh,证券保险ETF易方达
2023-12-13,0.606,0.598,0.606,0.597,1322921.0,512070,sh,证券保险ETF易方达
2023-12-14,0.6,0.595,0.603,0.594,1329090.0,512070,sh,证券保险ETF易方达
2023-12-15,0.596,0.595,0.603,0.592,1788361.0,512070,sh,证券保险ETF易方达
2023-12-18,0.592,0.592,0.597,0.589,1513494.0,512070,sh,证券保险ETF易方达
2023-12-19,0.591,0.593,0.595,0.588,1722147.0,512070,sh,证券保险ETF易方达
2023-12-20,0.593,0.58,0.593,0.579,1767914.0,512070,sh,证券保险ETF易方达
2023-12-21,0.578,0.583,0.585,0.577,2803338.0,512070,sh,证券保险ETF易方达
2023-12-22,0.582,0.585,0.588,0.579,2651663.0,512070,sh,证券保险ETF易方达
2023-12-25,0.583,0.583,0.585,0.581,904547.0,512070,sh,证券保险ETF易方达
2023-12-26,0.582,0.578,0.583,0.576,1100793.0,512070,sh,证券保险ETF易方达
2023-12-27,0.578,0.578,0.581,0.571,1960050.0,512070,sh,证券保险ETF易方达
2023-12-28,0.578,0.594,0.597,0.576,2598286.0,512070,sh,证券保险ETF易方达
2023-12-29,0.591,0.595,0.597,0.591,2247609.0,512070,sh,证券保险ETF易方达
2024-01-02,0.593,0.587,0.595,0.587,1393710.0,512070,sh,证券保险ETF易方达
2024-01-03,0.585,0.589,0.591,0.584,1171039.0,512070,sh,证券保险ETF易方达
2024-01-04,0.587,0.581,0.588,0.577,1525118.0,512070,sh,证券保险ETF易方达
2024-01-05,0.58,0.579,0.588,0.576,2767412.0,512070,sh,证券保险ETF易方达
2024-01-08,0.579,0.569,0.579,0.567,3925590.0,512070,sh,证券保险ETF易方达
2024-01-09,0.57,0.566,0.571,0.563,1686016.0,512070,sh,证券保险ETF易方达
2024-01-10,0.564,0.562,0.569,0.561,1497063.0,512070,sh,证券保险ETF易方达
2024-01-11,0.561,0.566,0.569,0.559,4143774.0,512070,sh,证券保险ETF易方达
2024-01-12,0.563,0.561,0.568,0.56,1420246.0,512070,sh,证券保险ETF易方达
2024-01-15,0.558,0.56,0.566,0.556,4335478.0,512070,sh,证券保险ETF易方达
2024-01-16,0.559,0.567,0.567,0.557,2130225.0,512070,sh,证券保险ETF易方达
2024-01-17,0.563,0.557,0.564,0.556,1606541.0,512070,sh,证券保险ETF易方达
2024-01-18,0.553,0.564,0.566,0.545,3321082.0,512070,sh,证券保险ETF易方达
2024-01-19,0.561,0.564,0.565,0.557,1986707.0,512070,sh,证券保险ETF易方达
2024-01-22,0.562,0.557,0.568,0.55,4599862.0,512070,sh,证券保险ETF易方达
2024-01-23,0.555,0.563,0.567,0.55,2060667.0,512070,sh,证券保险ETF易方达
2024-01-24,0.564,0.584,0.587,0.558,2902994.0,512070,sh,证券保险ETF易方达
2024-01-25,0.58,0.594,0.599,0.577,3996314.0,512070,sh,证券保险ETF易方达
2024-01-26,0.591,0.596,0.6,0.589,2371763.0,512070,sh,证券保险ETF易方达
2024-01-29,0.595,0.591,0.6,0.589,2733539.0,512070,sh,证券保险ETF易方达
2024-01-30,0.585,0.582,0.593,0.581,1760521.0,512070,sh,证券保险ETF易方达
2024-01-31,0.579,0.581,0.587,0.573,2048741.0,512070,sh,证券保险ETF易方达
2024-02-01,0.577,0.576,0.584,0.571,2240139.0,512070,sh,证券保险ETF易方达
2024-02-02,0.576,0.569,0.578,0.552,3797217.0,512070,sh,证券保险ETF易方达
2024-02-05,0.562,0.566,0.575,0.552,2693175.0,512070,sh,证券保险ETF易方达
2024-02-06,0.565,0.591,0.593,0.562,2480637.0,512070,sh,证券保险ETF易方达
2024-02-07,0.59,0.596,0.597,0.587,4200095.0,512070,sh,证券保险ETF易方达
2024-02-08,0.599,0.602,0.607,0.595,7517946.0,512070,sh,证券保险ETF易方达
2024-02-19,0.602,0.598,0.603,0.592,1389150.0,512070,sh,证券保险ETF易方达
2024-02-20,0.598,0.602,0.604,0.594,1690766.0,512070,sh,证券保险ETF易方达
2024-02-21,0.598,0.612,0.624,0.596,2946596.0,512070,sh,证券保险ETF易方达
2024-02-22,0.606,0.617,0.619,0.606,3921031.0,512070,sh,证券保险ETF易方达
2024-02-23,0.62,0.619,0.623,0.615,1991901.0,512070,sh,证券保险ETF易方达
2024-02-26,0.615,0.608,0.618,0.606,2054143.0,512070,sh,证券保险ETF易方达
2024-02-27,0.606,0.614,0.615,0.606,2309911.0,512070,sh,证券保险ETF易方达
2024-02-28,0.615,0.606,0.62,0.605,2584748.0,512070,sh,证券保险ETF易方达
2024-02-29,0.605,0.613,0.614,0.603,2423608.0,512070,sh,证券保险ETF易方达
2024-03-01,0.611,0.618,0.619,0.607,2255369.0,512070,sh,证券保险ETF易方达
2024-03-04,0.614,0.608,0.615,0.605,1627729.0,512070,sh,证券保险ETF易方达
2024-03-05,0.605,0.609,0.611,0.603,1540512.0,512070,sh,证券保险ETF易方达
2024-03-06,0.606,0.607,0.613,0.604,1914054.0,512070,sh,证券保险ETF易方达
2024-03-07,0.607,0.603,0.613,0.601,2201295.0,512070,sh,证券保险ETF易方达
2024-03-08,0.604,0.603,0.606,0.599,1233668.0,512070,sh,证券保险ETF易方达
2024-03-11,0.603,0.61,0.61,0.603,1551725.0,512070,sh,证券保险ETF易方达
2024-03-12,0.61,0.616,0.617,0.608,5146197.0,512070,sh,证券保险ETF易方达
2024-03-13,0.615,0.603,0.615,0.601,4496365.0,512070,sh,证券保险ETF易方达
2024-03-14,0.601,0.599,0.605,0.595,5594289.0,512070,sh,证券保险ETF易方达
2024-03-15,0.599,0.599,0.6,0.593,2570664.0,512070,sh,证券保险ETF易方达
2024-03-18,0.599,0.609,0.612,0.599,3149195.0,512070,sh,证券保险ETF易方达
2024-03-19,0.608,0.601,0.608,0.599,1701506.0,512070,sh,证券保险ETF易方达
2024-03-20,0.6,0.602,0.603,0.597,3977196.0,512070,sh,证券保险ETF易方达
2024-03-21,0.602,0.603,0.609,0.601,2496667.0,512070,sh,证券保险ETF易方达
2024-03-22,0.601,0.591,0.601,0.587,1811201.0,512070,sh,证券保险ETF易方达
2024-03-25,0.588,0.58,0.588,0.578,1367055.0,512070,sh,证券保险ETF易方达
2024-03-26,0.58,0.582,0.583,0.577,1288916.0,512070,sh,证券保险ETF易方达
2024-03-27,0.58,0.575,0.581,0.575,996770.0,512070,sh,证券保险ETF易方达
2024-03-28,0.574,0.576,0.583,0.573,4378906.0,512070,sh,证券保险ETF易方达
2024-03-29,0.577,0.578,0.578,0.573,1233644.0,512070,sh,证券保险ETF易方达
2024-04-01,0.581,0.585,0.586,0.581,2545026.0,512070,sh,证券保险ETF易方达
2024-04-02,0.585,0.581,0.588,0.58,2372455.0,512070,sh,证券保险ETF易方达
2024-04-03,0.58,0.578,0.583,0.577,1275652.0,512070,sh,证券保险ETF易方达
2024-04-08,0.574,0.569,0.575,0.566,2184336.0,512070,sh,证券保险ETF易方达
2024-04-09,0.569,0.568,0.572,0.567,1968899.0,512070,sh,证券保险ETF易方达
2024-04-10,0.568,0.558,0.568,0.555,2593674.0,512070,sh,证券保险ETF易方达
2024-04-11,0.555,0.555,0.559,0.553,2463299.0,512070,sh,证券保险ETF易方达
2024-04-12,0.555,0.541,0.556,0.54,2091961.0,512070,sh,证券保险ETF易方达
2024-04-15,0.54,0.553,0.556,0.539,2939156.0,512070,sh,证券保险ETF易方达
2024-04-16,0.551,0.548,0.556,0.546,1967790.0,512070,sh,证券保险ETF易方达
2024-04-17,0.549,0.557,0.557,0.543,2100880.0,512070,sh,证券保险ETF易方达
2024-04-18,0.554,0.566,0.572,0.553,3157102.0,512070,sh,证券保险ETF易方达
2024-04-19,0.562,0.562,0.565,0.559,1440663.0,512070,sh,证券保险ETF易方达
2024-04-22,0.56,0.563,0.569,0.559,1759929.0,512070,sh,证券保险ETF易方达
2024-04-23,0.564,0.563,0.566,0.561,1977796.0,512070,sh,证券保险ETF易方达
2024-04-24,0.565,0.567,0.568,0.562,1426265.0,512070,sh,证券保险ETF易方达
2024-04-25,0.567,0.57,0.573,0.562,3139432.0,512070,sh,证券保险ETF易方达
2024-04-26,0.577,0.592,0.594,0.573,3548442.0,512070,sh,证券保险ETF易方达
2024-04-29,0.593,0.599,0.607,0.588,3175103.0,512070,sh,证券保险ETF易方达
2024-04-30,0.596,0.589,0.598,0.587,1829804.0,512070,sh,证券保险ETF易方达
2024-05-06,0.608,0.597,0.612,0.595,4288671.0,512070,sh,证券保险ETF易方达
2024-05-07,0.596,0.597,0.599,0.593,2032998.0,512070,sh,证券保险ETF易方达
2024-05-08,0.596,0.588,0.596,0.587,1425652.0,512070,sh,证券保险ETF易方达
2024-05-09,0.589,0.592,0.596,0.588,2102807.0,512070,sh,证券保险ETF易方达
2024-05-10,0.593,0.599,0.602,0.593,11035350.0,512070,sh,证券保险ETF易方达
2024-05-13,0.595,0.6,0.604,0.59,2638116.0,512070,sh,证券保险ETF易方达
2024-05-14,0.601,0.6,0.601,0.594,1996309.0,512070,sh,证券保险ETF易方达
2024-05-15,0.6,0.588,0.601,0.587,3564113.0,512070,sh,证券保险ETF易方达
2024-05-16,0.589,0.594,0.598,0.587,5795298.0,512070,sh,证券保险ETF易方达
2024-05-17,0.595,0.61,0.611,0.595,5161136.0,512070,sh,证券保险ETF易方达
2024-05-20,0.611,0.612,0.62,0.609,7242276.0,512070,sh,证券保险ETF易方达
2024-05-21,0.608,0.611,0.614,0.608,3077781.0,512070,sh,证券保险ETF易方达
2024-05-22,0.608,0.611,0.616,0.607,3989548.0,512070,sh,证券保险ETF易方达
2024-05-23,0.608,0.602,0.609,0.6,3189211.0,512070,sh,证券保险ETF易方达
2024-05-24,0.598,0.591,0.602,0.59,2231857.0,512070,sh,证券保险ETF易方达
2024-05-27,0.593,0.598,0.598,0.591,2467668.0,512070,sh,证券保险ETF易方达
2024-05-28,0.595,0.592,0.6,0.59,1499519.0,512070,sh,证券保险ETF易方达
2024-05-29,0.59,0.591,0.597,0.588,1434690.0,512070,sh,证券保险ETF易方达
2024-05-30,0.588,0.589,0.593,0.585,1156852.0,512070,sh,证券保险ETF易方达
2024-05-31,0.59,0.588,0.596,0.586,1573265.0,512070,sh,证券保险ETF易方达
2024-06-03,0.588,0.585,0.588,0.58,1378052.0,512070,sh,证券保险ETF易方达
2024-06-04,0.585,0.586,0.589,0.583,1261107.0,512070,sh,证券保险ETF易方达
2024-06-05,0.584,0.585,0.589,0.584,1389670.0,512070,sh,证券保险ETF易方达
2024-06-06,0.586,0.579,0.587,0.577,1430514.0,512070,sh,证券保险ETF易方达
2024-06-07,0.579,0.576,0.582,0.569,1212734.0,512070,sh,证券保险ETF易方达
2024-06-11,0.575,0.574,0.577,0.571,1879907.0,512070,sh,证券保险ETF易方达
2024-06-12,0.574,0.572,0.575,0.57,865666.0,512070,sh,证券保险ETF易方达
2024-06-13,0.572,0.571,0.575,0.57,896364.0,512070,sh,证券保险ETF易方达
2024-06-14,0.57,0.585,0.589,0.57,2434090.0,512070,sh,证券保险ETF易方达
2024-06-17,0.58,0.582,0.585,0.576,1688587.0,512070,sh,证券保险ETF易方达
2024-06-18,0.581,0.586,0.59,0.581,1615370.0,512070,sh,证券保险ETF易方达
2024-06-19,0.585,0.581,0.587,0.581,1340010.0,512070,sh,证券保险ETF易方达
2024-06-20,0.58,0.577,0.582,0.576,1392416.0,512070,sh,证券保险ETF易方达
2024-06-21,0.575,0.577,0.58,0.573,2757631.0,512070,sh,证券保险ETF易方达
2024-06-24,0.574,0.574,0.58,0.571,1364459.0,512070,sh,证券保险ETF易方达
2024-06-25,0.574,0.569,0.576,0.564,1646618.0,512070,sh,证券保险ETF易方达
2024-06-26,0.567,0.571,0.573,0.565,1056187.0,512070,sh,证券保险ETF易方达
2024-06-27,0.569,0.567,0.571,0.566,1238758.0,512070,sh,证券保险ETF易方达
2024-06-28,0.566,0.559,0.572,0.557,1739536.0,512070,sh,证券保险ETF易方达
2024-07-01,0.559,0.562,0.563,0.551,1297666.0,512070,sh,证券保险ETF易方达
2024-07-02,0.559,0.561,0.569,0.559,1394493.0,512070,sh,证券保险ETF易方达
2024-07-03,0.56,0.562,0.564,0.558,1415570.0,512070,sh,证券保险ETF易方达
2024-07-04,0.563,0.555,0.565,0.555,1399128.0,512070,sh,证券保险ETF易方达
2024-07-05,0.554,0.551,0.557,0.549,1725981.0,512070,sh,证券保险ETF易方达
2024-07-08,0.549,0.544,0.55,0.539,1653332.0,512070,sh,证券保险ETF易方达
2024-07-09,0.542,0.55,0.553,0.538,2218028.0,512070,sh,证券保险ETF易方达
2024-07-10,0.548,0.555,0.559,0.546,1652709.0,512070,sh,证券保险ETF易方达
2024-07-11,0.558,0.558,0.563,0.556,1965517.0,512070,sh,证券保险ETF易方达
2024-07-12,0.558,0.56,0.562,0.557,987568.0,512070,sh,证券保险ETF易方达
2024-07-15,0.559,0.562,0.563,0.558,987602.0,512070,sh,证券保险ETF易方达
2024-07-16,0.56,0.561,0.561,0.555,1376782.0,512070,sh,证券保险ETF易方达
2024-07-17,0.561,0.568,0.571,0.559,2400258.0,512070,sh,证券保险ETF易方达
2024-07-18,0.568,0.572,0.573,0.564,1596024.0,512070,sh,证券保险ETF易方达
2024-07-19,0.57,0.579,0.579,0.569,1881162.0,512070,sh,证券保险ETF易方达
2024-07-22,0.581,0.581,0.585,0.575,2650499.0,512070,sh,证券保险ETF易方达
2024-07-23,0.58,0.573,0.581,0.57,1927312.0,512070,sh,证券保险ETF易方达
2024-07-24,0.572,0.565,0.572,0.563,1859239.0,512070,sh,证券保险ETF易方达
2024-07-25,0.564,0.568,0.571,0.564,1891391.0,512070,sh,证券保险ETF易方达
2024-07-26,0.568,0.573,0.579,0.567,1409341.0,512070,sh,证券保险ETF易方达
2024-07-29,0.571,0.572,0.576,0.569,1125615.0,512070,sh,证券保险ETF易方达
2024-07-30,0.569,0.573,0.574,0.568,945127.0,512070,sh,证券保险ETF易方达
2024-07-31,0.572,0.595,0.6,0.572,2853659.0,512070,sh,证券保险ETF易方达
2024-08-01,0.592,0.594,0.598,0.591,2329255.0,512070,sh,证券保险ETF易方达
2024-08-02,0.59,0.583,0.595,0.582,1163333.0,512070,sh,证券保险ETF易方达
2024-08-05,0.581,0.582,0.592,0.58,2407886.0,512070,sh,证券保险ETF易方达
2024-08-06,0.584,0.576,0.589,0.57,1812289.0,512070,sh,证券保险ETF易方达
2024-08-07,0.575,0.574,0.578,0.571,1291501.0,512070,sh,证券保险ETF易方达
2024-08-08,0.572,0.573,0.58,0.569,1869963.0,512070,sh,证券保险ETF易方达
2024-08-09,0.574,0.569,0.578,0.569,1861046.0,512070,sh,证券保险ETF易方达
2024-08-12,0.569,0.569,0.571,0.566,1301582.0,512070,sh,证券保险ETF易方达
2024-08-13,0.567,0.573,0.574,0.567,1610011.0,512070,sh,证券保险ETF易方达
2024-08-14,0.574,0.569,0.575,0.569,4411790.0,512070,sh,证券保险ETF易方达
2024-08-15,0.569,0.578,0.583,0.569,1685623.0,512070,sh,证券保险ETF易方达
2024-08-16,0.576,0.578,0.582,0.576,1739995.0,512070,sh,证券保险ETF易方达
2024-08-19,0.578,0.582,0.584,0.577,1980982.0,512070,sh,证券保险ETF易方达
2024-08-20,0.582,0.577,0.583,0.577,1140396.0,512070,sh,证券保险ETF易方达
2024-08-21,0.577,0.576,0.58,0.57,1617102.0,512070,sh,证券保险ETF易方达
2024-08-22,0.576,0.571,0.58,0.569,1845021.0,512070,sh,证券保险ETF易方达
2024-08-23,0.57,0.582,0.585,0.57,2540412.0,512070,sh,证券保险ETF易方达
2024-08-26,0.582,0.582,0.585,0.58,1663355.0,512070,sh,证券保险ETF易方达
2024-08-27,0.581,0.579,0.582,0.577,1625057.0,512070,sh,证券保险ETF易方达
2024-08-28,0.578,0.579,0.581,0.576,1736986.0,512070,sh,证券保险ETF易方达
2024-08-29,0.578,0.576,0.585,0.576,1956048.0,512070,sh,证券保险ETF易方达
2024-08-30,0.575,0.596,0.601,0.575,2764254.0,512070,sh,证券保险ETF易方达
2024-09-02,0.595,0.587,0.595,0.585,2170248.0,512070,sh,证券保险ETF易方达
2024-09-03,0.585,0.588,0.593,0.583,1579919.0,512070,sh,证券保险ETF易方达
2024-09-04,0.586,0.584,0.593,0.583,1402871.0,512070,sh,证券保险ETF易方达
2024-09-05,0.584,0.592,0.593,0.584,1763382.0,512070,sh,证券保险ETF易方达
2024-09-06,0.597,0.594,0.602,0.592,2549320.0,512070,sh,证券保险ETF易方达
2024-09-09,0.59,0.588,0.595,0.586,1523694.0,512070,sh,证券保险ETF易方达
2024-09-10,0.587,0.587,0.59,0.583,1329034.0,512070,sh,证券保险ETF易方达
2024-09-11,0.587,0.586,0.59,0.584,1194728.0,512070,sh,证券保险ETF易方达
2024-09-12,0.587,0.584,0.588,0.581,1843424.0,512070,sh,证券保险ETF易方达
2024-09-13,0.584,0.587,0.592,0.584,1253238.0,512070,sh,证券保险ETF易方达
2024-09-18,0.585,0.591,0.594,0.584,1768889.0,512070,sh,证券保险ETF易方达
2024-09-19,0.593,0.598,0.602,0.59,2053468.0,512070,sh,证券保险ETF易方达
2024-09-20,0.596,0.599,0.6,0.594,2377855.0,512070,sh,证券保险ETF易方达
2024-09-23,0.6,0.599,0.603,0.596,1766327.0,512070,sh,证券保险ETF易方达
2024-09-24,0.605,0.636,0.638,0.603,5114279.0,512070,sh,证券保险ETF易方达
2024-09-25,0.657,0.645,0.658,0.642,9226681.0,512070,sh,证券保险ETF易方达
2024-09-26,0.64,0.684,0.684,0.64,8420536.0,512070,sh,证券保险ETF易方达
2024-09-27,0.71,0.744,0.746,0.69,3642056.0,512070,sh,证券保险ETF易方达
2024-09-30,0.818,0.818,0.818,0.767,7614139.0,512070,sh,证券保险ETF易方达
2024-10-08,0.9,0.9,0.9,0.88,7609887.0,512070,sh,证券保险ETF易方达
2024-10-09,0.856,0.83,0.9,0.825,12492441.0,512070,sh,证券保险ETF易方达
2024-10-10,0.835,0.808,0.85,0.789,9442299.0,512070,sh,证券保险ETF易方达
2024-10-11,0.799,0.81,0.828,0.791,5383804.0,512070,sh,证券保险ETF易方达
2024-10-14,0.82,0.818,0.826,0.783,4555864.0,512070,sh,证券保险ETF易方达
2024-10-15,0.807,0.789,0.818,0.788,2701785.0,512070,sh,证券保险ETF易方达
2024-10-16,0.775,0.791,0.808,0.775,4056843.0,512070,sh,证券保险ETF易方达
2024-10-17,0.8,0.791,0.815,0.79,2642271.0,512070,sh,证券保险ETF易方达
2024-10-18,0.787,0.836,0.869,0.778,5164136.0,512070,sh,证券保险ETF易方达
2024-10-21,0.83,0.821,0.83,0.812,3169233.0,512070,sh,证券保险ETF易方达
2024-10-22,0.82,0.825,0.835,0.815,2306217.0,512070,sh,证券保险ETF易方达
2024-10-23,0.828,0.829,0.845,0.82,4626161.0,512070,sh,证券保险ETF易方达
2024-10-24,0.82,0.822,0.827,0.816,1897134.0,512070,sh,证券保险ETF易方达
2024-10-25,0.824,0.824,0.835,0.818,2340707.0,512070,sh,证券保险ETF易方达
2024-10-28,0.821,0.823,0.826,0.818,1679982.0,512070,sh,证券保险ETF易方达
2024-10-29,0.823,0.817,0.835,0.816,2660234.0,512070,sh,证券保险ETF易方达
2024-10-30,0.813,0.806,0.82,0.798,6527683.0,512070,sh,证券保险ETF易方达
2024-10-31,0.807,0.818,0.836,0.8,5017241.0,512070,sh,证券保险ETF易方达
2024-11-01,0.817,0.813,0.831,0.812,3400789.0,512070,sh,证券保险ETF易方达
2024-11-04,0.814,0.839,0.84,0.814,2309475.0,512070,sh,证券保险ETF易方达
2024-11-05,0.839,0.882,0.886,0.829,5739275.0,512070,sh,证券保险ETF易方达
2024-11-06,0.89,0.872,0.915,0.864,5598571.0,512070,sh,证券保险ETF易方达
2024-11-07,0.858,0.943,0.948,0.852,6691674.0,512070,sh,证券保险ETF易方达
2024-11-08,0.967,0.916,0.967,0.911,6484830.0,512070,sh,证券保险ETF易方达
2024-11-11,0.899,0.911,0.914,0.888,4318349.0,512070,sh,证券保险ETF易方达
2024-11-12,0.92,0.887,0.92,0.877,3985220.0,512070,sh,证券保险ETF易方达
2024-11-13,0.879,0.886,0.894,0.874,2617333.0,512070,sh,证券保险ETF易方达
2024-11-14,0.887,0.877,0.899,0.875,2649223.0,512070,sh,证券保险ETF易方达
2024-11-15,0.876,0.846,0.884,0.846,4693775.0,512070,sh,证券保险ETF易方达
2024-11-18,0.846,0.844,0.863,0.835,3623964.0,512070,sh,证券保险ETF易方达
2024-11-19,0.848,0.852,0.854,0.832,2628075.0,512070,sh,证券保险ETF易方达
2024-11-20,0.85,0.851,0.858,0.843,2253210.0,512070,sh,证券保险ETF易方达
2024-11-21,0.851,0.858,0.863,0.846,2274002.0,512070,sh,证券保险ETF易方达
2024-11-22,0.855,0.818,0.856,0.816,3195710.0,512070,sh,证券保险ETF易方达
2024-11-25,0.818,0.808,0.82,0.797,2821143.0,512070,sh,证券保险ETF易方达
2024-11-26,0.808,0.809,0.822,0.806,2167991.0,512070,sh,证券保险ETF易方达
2024-11-27,0.807,0.826,0.827,0.805,3307701.0,512070,sh,证券保险ETF易方达
2024-11-28,0.826,0.817,0.829,0.816,2625134.0,512070,sh,证券保险ETF易方达
2024-11-29,0.815,0.834,0.856,0.815,4209483.0,512070,sh,证券保险ETF易方达
2024-12-02,0.833,0.844,0.847,0.828,3874200.0,512070,sh,证券保险ETF易方达
2024-12-03,0.844,0.846,0.853,0.835,3074770.0,512070,sh,证券保险ETF易方达
2024-12-04,0.841,0.837,0.848,0.834,1902192.0,512070,sh,证券保险ETF易方达
2024-12-05,0.838,0.84,0.847,0.835,2272715.0,512070,sh,证券保险ETF易方达
2024-12-06,0.84,0.858,0.868,0.838,4456454.0,512070,sh,证券保险ETF易方达
2024-12-09,0.856,0.852,0.861,0.842,2760047.0,512070,sh,证券保险ETF易方达
2024-12-10,0.897,0.862,0.903,0.859,5582317.0,512070,sh,证券保险ETF易方达
2024-12-11,0.859,0.853,0.865,0.85,3884904.0,512070,sh,证券保险ETF易方达
2024-12-12,0.853,0.865,0.875,0.849,7313943.0,512070,sh,证券保险ETF易方达
2024-12-13,0.855,0.833,0.856,0.831,5005047.0,512070,sh,证券保险ETF易方达
2024-12-16,0.83,0.822,0.833,0.818,2191033.0,512070,sh,证券保险ETF易方达
2024-12-17,0.82,0.823,0.831,0.819,2865634.0,512070,sh,证券保险ETF易方达
2024-12-18,0.825,0.822,0.831,0.821,1741693.0,512070,sh,证券保险ETF易方达
2024-12-19,0.811,0.822,0.823,0.811,2183237.0,512070,sh,证券保险ETF易方达
2024-12-20,0.819,0.824,0.829,0.818,2591823.0,512070,sh,证券保险ETF易方达
2024-12-23,0.822,0.818,0.831,0.817,2548334.0,512070,sh,证券保险ETF易方达
2024-12-24,0.818,0.833,0.834,0.818,3148758.0,512070,sh,证券保险ETF易方达
2024-12-25,0.834,0.832,0.837,0.824,3796617.0,512070,sh,证券保险ETF易方达
2024-12-26,0.83,0.829,0.832,0.827,2580772.0,512070,sh,证券保险ETF易方达
2024-12-27,0.829,0.833,0.844,0.824,3837967.0,512070,sh,证券保险ETF易方达
2024-12-30,0.831,0.843,0.844,0.828,4494505.0,512070,sh,证券保险ETF易方达
2024-12-31,0.844,0.813,0.844,0.811,4980524.0,512070,sh,证券保险ETF易方达
2025-01-02,0.809,0.771,0.81,0.764,3168791.0,512070,sh,证券保险ETF易方达
2025-01-03,0.77,0.756,0.774,0.753,2659367.0,512070,sh,证券保险ETF易方达
2025-01-06,0.752,0.756,0.759,0.747,2530651.0,512070,sh,证券保险ETF易方达
2025-01-07,0.757,0.76,0.762,0.75,2920131.0,512070,sh,证券保险ETF易方达
2025-01-08,0.756,0.755,0.762,0.741,2918402.0,512070,sh,证券保险ETF易方达
2025-01-09,0.751,0.752,0.758,0.749,1330122.0,512070,sh,证券保险ETF易方达
2025-01-10,0.749,0.738,0.755,0.737,1960298.0,512070,sh,证券保险ETF易方达
2025-01-13,0.729,0.737,0.739,0.728,2787017.0,512070,sh,证券保险ETF易方达
2025-01-14,0.738,0.762,0.765,0.738,5262805.0,512070,sh,证券保险ETF易方达
2025-01-15,0.76,0.757,0.762,0.754,1966571.0,512070,sh,证券保险ETF易方达
2025-01-16,0.758,0.757,0.768,0.75,2198268.0,512070,sh,证券保险ETF易方达
2025-01-17,0.753,0.76,0.763,0.751,3189351.0,512070,sh,证券保险ETF易方达
2025-01-20,0.767,0.765,0.772,0.762,2406439.0,512070,sh,证券保险ETF易方达
2025-01-21,0.77,0.767,0.77,0.76,1502936.0,512070,sh,证券保险ETF易方达
2025-01-22,0.762,0.756,0.765,0.753,2664207.0,512070,sh,证券保险ETF易方达
2025-01-23,0.773,0.769,0.791,0.767,4739030.0,512070,sh,证券保险ETF易方达
2025-01-24,0.766,0.777,0.782,0.764,2775673.0,512070,sh,证券保险ETF易方达
2025-01-27,0.777,0.764,0.78,0.762,2352497.0,512070,sh,证券保险ETF易方达
2025-02-05,0.767,0.758,0.768,0.755,1786060.0,512070,sh,证券保险ETF易方达
2025-02-06,0.757,0.767,0.769,0.754,2623917.0,512070,sh,证券保险ETF易方达
2025-02-07,0.767,0.781,0.79,0.763,3957012.0,512070,sh,证券保险ETF易方达
2025-02-10,0.779,0.78,0.785,0.776,2763341.0,512070,sh,证券保险ETF易方达
2025-02-11,0.78,0.774,0.781,0.77,2556528.0,512070,sh,证券保险ETF易方达
2025-02-12,0.771,0.784,0.784,0.769,3000420.0,512070,sh,证券保险ETF易方达
2025-02-13,0.781,0.78,0.79,0.777,3451946.0,512070,sh,证券保险ETF易方达
2025-02-14,0.778,0.787,0.787,0.775,3208627.0,512070,sh,证券保险ETF易方达
2025-02-17,0.793,0.787,0.796,0.781,2782496.0,512070,sh,证券保险ETF易方达
2025-02-18,0.787,0.771,0.787,0.77,2780522.0,512070,sh,证券保险ETF易方达
2025-02-19,0.77,0.778,0.782,0.769,2476578.0,512070,sh,证券保险ETF易方达
2025-02-20,0.775,0.773,0.777,0.771,2367902.0,512070,sh,证券保险ETF易方达
2025-02-21,0.774,0.786,0.789,0.767,4181046.0,512070,sh,证券保险ETF易方达
2025-02-24,0.784,0.787,0.793,0.781,3817217.0,512070,sh,证券保险ETF易方达
2025-02-25,0.78,0.774,0.787,0.772,2864196.0,512070,sh,证券保险ETF易方达
2025-02-26,0.773,0.792,0.792,0.773,3487514.0,512070,sh,证券保险ETF易方达
2025-02-27,0.789,0.791,0.795,0.779,4079712.0,512070,sh,证券保险ETF易方达
2025-02-28,0.785,0.767,0.793,0.765,4215599.0,512070,sh,证券保险ETF易方达
2025-03-03,0.767,0.768,0.774,0.761,3996883.0,512070,sh,证券保险ETF易方达
2025-03-04,0.762,0.766,0.77,0.761,2803813.0,512070,sh,证券保险ETF易方达
2025-03-05,0.766,0.769,0.772,0.761,2420283.0,512070,sh,证券保险ETF易方达
2025-03-06,0.771,0.786,0.79,0.771,6219950.0,512070,sh,证券保险ETF易方达
2025-03-07,0.782,0.777,0.784,0.775,4029902.0,512070,sh,证券保险ETF易方达
2025-03-10,0.776,0.77,0.776,0.766,4914972.0,512070,sh,证券保险ETF易方达
2025-03-11,0.763,0.771,0.773,0.762,4096884.0,512070,sh,证券保险ETF易方达
2025-03-12,0.773,0.774,0.785,0.769,3639681.0,512070,sh,证券保险ETF易方达
2025-03-13,0.772,0.771,0.779,0.767,4143813.0,512070,sh,证券保险ETF易方达
2025-03-14,0.771,0.805,0.812,0.771,7429160.0,512070,sh,证券保险ETF易方达
2025-03-17,0.805,0.798,0.805,0.794,5376940.0,512070,sh,证券保险ETF易方达
2025-03-18,0.8,0.8,0.804,0.796,3872719.0,512070,sh,证券保险ETF易方达
2025-03-19,0.798,0.8,0.804,0.796,2867419.0,512070,sh,证券保险ETF易方达
2025-03-20,0.801,0.786,0.801,0.784,4566752.0,512070,sh,证券保险ETF易方达
2025-03-21,0.784,0.775,0.789,0.772,5462790.0,512070,sh,证券保险ETF易方达
2025-03-24,0.773,0.778,0.779,0.771,3899782.0,512070,sh,证券保险ETF易方达
2025-03-25,0.776,0.775,0.779,0.772,3470348.0,512070,sh,证券保险ETF易方达
2025-03-26,0.775,0.773,0.777,0.771,3349414.0,512070,sh,证券保险ETF易方达
2025-03-27,0.771,0.776,0.782,0.768,4457080.0,512070,sh,证券保险ETF易方达
2025-03-28,0.776,0.775,0.78,0.772,3301290.0,512070,sh,证券保险ETF易方达
2025-03-31,0.772,0.763,0.776,0.76,3338825.0,512070,sh,证券保险ETF易方达
2025-04-01,0.763,0.763,0.769,0.759,2788347.0,512070,sh,证券保险ETF易方达
2025-04-02,0.762,0.766,0.769,0.761,3020790.0,512070,sh,证券保险ETF易方达
2025-04-03,0.761,0.763,0.768,0.758,3245361.0,512070,sh,证券保险ETF易方达
2025-04-07,0.73,0.692,0.73,0.687,3962212.0,512070,sh,证券保险ETF易方达
2025-04-08,0.697,0.706,0.708,0.693,3386688.0,512070,sh,证券保险ETF易方达
2025-04-09,0.699,0.716,0.72,0.696,2440710.0,512070,sh,证券保险ETF易方达
2025-04-10,0.722,0.726,0.733,0.719,3217049.0,512070,sh,证券保险ETF易方达
2025-04-11,0.721,0.726,0.731,0.72,2838171.0,512070,sh,证券保险ETF易方达
2025-04-14,0.728,0.727,0.731,0.726,2039216.0,512070,sh,证券保险ETF易方达
2025-04-15,0.726,0.728,0.728,0.721,2415729.0,512070,sh,证券保险ETF易方达
2025-04-16,0.725,0.727,0.729,0.718,2845906.0,512070,sh,证券保险ETF易方达
2025-04-17,0.723,0.728,0.731,0.722,2019448.0,512070,sh,证券保险ETF易方达
2025-04-18,0.725,0.733,0.734,0.725,2163803.0,512070,sh,证券保险ETF易方达
2025-04-21,0.73,0.735,0.737,0.728,2142733.0,512070,sh,证券保险ETF易方达
2025-04-22,0.734,0.736,0.74,0.733,1685887.0,512070,sh,证券保险ETF易方达
2025-04-23,0.738,0.738,0.741,0.733,2308427.0,512070,sh,证券保险ETF易方达
2025-04-24,0.736,0.737,0.743,0.735,2122134.0,512070,sh,证券保险ETF易方达
2025-04-25,0.738,0.739,0.744,0.738,2275035.0,512070,sh,证券保险ETF易方达
2025-04-28,0.737,0.736,0.738,0.73,2853858.0,512070,sh,证券保险ETF易方达
2025-04-29,0.734,0.732,0.739,0.731,1716002.0,512070,sh,证券保险ETF易方达
2025-04-30,0.734,0.734,0.741,0.732,1486109.0,512070,sh,证券保险ETF易方达
2025-05-06,0.737,0.741,0.743,0.734,2853737.0,512070,sh,证券保险ETF易方达
2025-05-07,0.757,0.748,0.765,0.744,3315736.0,512070,sh,证券保险ETF易方达
2025-05-08,0.746,0.753,0.757,0.743,2209607.0,512070,sh,证券保险ETF易方达
2025-05-09,0.752,0.747,0.753,0.745,1889775.0,512070,sh,证券保险ETF易方达
2025-05-12,0.751,0.764,0.765,0.75,2869090.0,512070,sh,证券保险ETF易方达
2025-05-13,0.77,0.758,0.77,0.756,1487292.0,512070,sh,证券保险ETF易方达
2025-05-14,0.757,0.79,0.803,0.757,11774504.0,512070,sh,证券保险ETF易方达
2025-05-15,0.784,0.777,0.789,0.776,6102269.0,512070,sh,证券保险ETF易方达
2025-05-16,0.775,0.767,0.778,0.766,3590038.0,512070,sh,证券保险ETF易方达
2025-05-19,0.765,0.767,0.77,0.763,3075056.0,512070,sh,证券保险ETF易方达
2025-05-20,0.768,0.77,0.774,0.766,2291445.0,512070,sh,证券保险ETF易方达
2025-05-21,0.769,0.769,0.773,0.767,1907954.0,512070,sh,证券保险ETF易方达
2025-05-22,0.768,0.766,0.768,0.763,2428472.0,512070,sh,证券保险ETF易方达
2025-05-23,0.765,0.756,0.771,0.755,2630432.0,512070,sh,证券保险ETF易方达
2025-05-26,0.753,0.757,0.762,0.752,1949812.0,512070,sh,证券保险ETF易方达
2025-05-27,0.755,0.755,0.759,0.752,1785417.0,512070,sh,证券保险ETF易方达
2025-05-28,0.755,0.752,0.758,0.752,1083661.0,512070,sh,证券保险ETF易方达
2025-05-29,0.753,0.76,0.762,0.752,2502503.0,512070,sh,证券保险ETF易方达
2025-05-30,0.757,0.757,0.758,0.75,1827583.0,512070,sh,证券保险ETF易方达
2025-06-03,0.753,0.763,0.767,0.752,2800286.0,512070,sh,证券保险ETF易方达
2025-06-04,0.76,0.77,0.773,0.76,3581776.0,512070,sh,证券保险ETF易方达
2025-06-05,0.771,0.777,0.779,0.768,3953620.0,512070,sh,证券保险ETF易方达
2025-06-06,0.778,0.77,0.779,0.768,2419281.0,512070,sh,证券保险ETF易方达
2025-06-09,0.773,0.779,0.782,0.773,2376993.0,512070,sh,证券保险ETF易方达
2025-06-10,0.778,0.771,0.782,0.766,2782756.0,512070,sh,证券保险ETF易方达
2025-06-11,0.771,0.786,0.793,0.771,3524786.0,512070,sh,证券保险ETF易方达
2025-06-12,0.783,0.788,0.796,0.78,3509763.0,512070,sh,证券保险ETF易方达
2025-06-13,0.784,0.781,0.787,0.778,2363812.0,512070,sh,证券保险ETF易方达
2025-06-16,0.778,0.789,0.789,0.778,3229802.0,512070,sh,证券保险ETF易方达
2025-06-17,0.787,0.789,0.79,0.784,2114232.0,512070,sh,证券保险ETF易方达
2025-06-18,0.788,0.781,0.789,0.775,2166543.0,512070,sh,证券保险ETF易方达
2025-06-19,0.78,0.768,0.78,0.766,4031185.0,512070,sh,证券保险ETF易方达
2025-06-20,0.767,0.774,0.778,0.767,2266021.0,512070,sh,证券保险ETF易方达
2025-06-23,0.771,0.783,0.785,0.769,1928072.0,512070,sh,证券保险ETF易方达
2025-06-24,0.783,0.803,0.809,0.782,4384657.0,512070,sh,证券保险ETF易方达
2025-06-25,0.807,0.838,0.841,0.803,10248337.0,512070,sh,证券保险ETF易方达
2025-06-26,0.836,0.824,0.836,0.823,4911230.0,512070,sh,证券保险ETF易方达
2025-06-27,0.826,0.818,0.842,0.816,5368516.0,512070,sh,证券保险ETF易方达
2025-06-30,0.818,0.818,0.822,0.81,5480719.0,512070,sh,证券保险ETF易方达
2025-07-01,0.819,0.817,0.821,0.812,4144486.0,512070,sh,证券保险ETF易方达
2025-07-02,0.816,0.817,0.819,0.813,2985441.0,512070,sh,证券保险ETF易方达
2025-07-03,0.815,0.819,0.821,0.814,3513190.0,512070,sh,证券保险ETF易方达
2025-07-04,0.819,0.822,0.836,0.812,4116980.0,512070,sh,证券保险ETF易方达
2025-07-07,0.82,0.823,0.825,0.817,2461475.0,512070,sh,证券保险ETF易方达
2025-07-08,0.822,0.829,0.831,0.821,2787162.0,512070,sh,证券保险ETF易方达
2025-07-09,0.829,0.823,0.834,0.82,2359089.0,512070,sh,证券保险ETF易方达
2025-07-10,0.82,0.835,0.84,0.819,4111802.0,512070,sh,证券保险ETF易方达
2025-07-11,0.836,0.848,0.867,0.835,7445703.0,512070,sh,证券保险ETF易方达
2025-07-14,0.85,0.844,0.852,0.842,3613213.0,512070,sh,证券保险ETF易方达
2025-07-15,0.844,0.839,0.85,0.833,3682442.0,512070,sh,证券保险ETF易方达
2025-07-16,0.838,0.834,0.839,0.827,3694746.0,512070,sh,证券保险ETF易方达
2025-07-17,0.832,0.837,0.838,0.832,2708651.0,512070,sh,证券保险ETF易方达
2025-07-18,0.84,0.842,0.846,0.837,2576666.0,512070,sh,证券保险ETF易方达
2025-07-21,0.843,0.848,0.854,0.838,4299821.0,512070,sh,证券保险ETF易方达
2025-07-22,0.849,0.848,0.851,0.837,7347581.0,512070,sh,证券保险ETF易方达
2025-07-23,0.848,0.861,0.872,0.848,9258162.0,512070,sh,证券保险ETF易方达
2025-07-24,0.856,0.878,0.88,0.856,4677722.0,512070,sh,证券保险ETF易方达
2025-07-25,0.877,0.872,0.877,0.868,3757231.0,512070,sh,证券保险ETF易方达
2025-07-28,0.872,0.889,0.898,0.872,4879390.0,512070,sh,证券保险ETF易方达
2025-07-29,0.886,0.888,0.889,0.874,4864787.0,512070,sh,证券保险ETF易方达
2025-07-30,0.887,0.886,0.896,0.878,4359915.0,512070,sh,证券保险ETF易方达
2025-07-31,0.881,0.861,0.885,0.857,4516497.0,512070,sh,证券保险ETF易方达
2025-08-01,0.86,0.857,0.868,0.853,3429213.0,512070,sh,证券保险ETF易方达
2025-08-04,0.854,0.858,0.86,0.851,3689343.0,512070,sh,证券保险ETF易方达
2025-08-05,0.861,0.868,0.869,0.859,2739518.0,512070,sh,证券保险ETF易方达
2025-08-06,0.869,0.87,0.872,0.865,3392965.0,512070,sh,证券保险ETF易方达
2025-08-07,0.87,0.868,0.878,0.863,3328775.0,512070,sh,证券保险ETF易方达
2025-08-08,0.867,0.86,0.867,0.858,3224278.0,512070,sh,证券保险ETF易方达
2025-08-11,0.86,0.867,0.873,0.86,3665462.0,512070,sh,证券保险ETF易方达
2025-08-12,0.867,0.871,0.873,0.865,4500351.0,512070,sh,证券保险ETF易方达
2025-08-13,0.873,0.878,0.888,0.868,6620830.0,512070,sh,证券保险ETF易方达
2025-08-14,0.879,0.887,0.902,0.879,7085592.0,512070,sh,证券保险ETF易方达
2025-08-15,0.883,0.915,0.924,0.88,7310305.0,512070,sh,证券保险ETF易方达
2025-08-18,0.92,0.921,0.937,0.907,11713807.0,512070,sh,证券保险ETF易方达
2025-08-19,0.92,0.904,0.925,0.902,4692241.0,512070,sh,证券保险ETF易方达
2025-08-20,0.9,0.916,0.918,0.894,5016705.0,512070,sh,证券保险ETF易方达
2025-08-21,0.918,0.913,0.922,0.91,5151799.0,512070,sh,证券保险ETF易方达
2025-08-22,0.912,0.942,0.943,0.91,6341706.0,512070,sh,证券保险ETF易方达
2025-08-25,0.954,0.952,0.96,0.938,7915667.0,512070,sh,证券保险ETF易方达
2025-08-26,0.946,0.941,0.95,0.938,5206785.0,512070,sh,证券保险ETF易方达
2025-08-27,0.939,0.915,0.941,0.913,6801470.0,512070,sh,证券保险ETF易方达
2025-08-28,0.916,0.927,0.928,0.905,8050668.0,512070,sh,证券保险ETF易方达
2025-08-29,0.928,0.935,0.948,0.927,5703863.0,512070,sh,证券保险ETF易方达
2025-09-01,0.936,0.921,0.938,0.917,6473064.0,512070,sh,证券保险ETF易方达
2025-09-02,0.921,0.912,0.921,0.905,4940340.0,512070,sh,证券保险ETF易方达
2025-09-03,0.915,0.885,0.917,0.878,5128686.0,512070,sh,证券保险ETF易方达
2025-09-04,0.883,0.881,0.886,0.87,6534738.0,512070,sh,证券保险ETF易方达
2025-09-05,0.877,0.884,0.887,0.872,7700198.0,512070,sh,证券保险ETF易方达
2025-09-08,0.884,0.879,0.885,0.875,4063541.0,512070,sh,证券保险ETF易方达
2025-09-09,0.88,0.879,0.888,0.876,4563459.0,512070,sh,证券保险ETF易方达
2025-09-10,0.878,0.877,0.883,0.875,3172506.0,512070,sh,证券保险ETF易方达
2025-09-11,0.876,0.898,0.9,0.872,8894632.0,512070,sh,证券保险ETF易方达
2025-09-12,0.898,0.885,0.902,0.883,6294753.0,512070,sh,证券保险ETF易方达
2025-09-15,0.886,0.881,0.891,0.877,4202168.0,512070,sh,证券保险ETF易方达
2025-09-16,0.881,0.876,0.883,0.87,5529463.0,512070,sh,证券保险ETF易方达
2025-09-17,0.876,0.878,0.884,0.874,4649098.0,512070,sh,证券保险ETF易方达
2025-09-18,0.878,0.854,0.878,0.847,7185804.0,512070,sh,证券保险ETF易方达
2025-09-19,0.852,0.849,0.856,0.846,4246248.0,512070,sh,证券保险ETF易方达
2025-09-22,0.85,0.855,0.856,0.849,4005824.0,512070,sh,证券保险ETF易方达
2025-09-23,0.852,0.846,0.854,0.84,3930002.0,512070,sh,证券保险ETF易方达
2025-09-24,0.844,0.853,0.856,0.843,5250818.0,512070,sh,证券保险ETF易方达
2025-09-25,0.853,0.852,0.856,0.848,3193957.0,512070,sh,证券保险ETF易方达
2025-09-26,0.85,0.851,0.858,0.846,2818900.0,512070,sh,证券保险ETF易方达
2025-09-29,0.851,0.883,0.906,0.848,10105773.0,512070,sh,证券保险ETF易方达
2025-09-30,0.88,0.871,0.886,0.868,6005981.0,512070,sh,证券保险ETF易方达
2025-10-09,0.87,0.871,0.876,0.857,8989128.0,512070,sh,证券保险ETF易方达
2025-10-10,0.87,0.877,0.891,0.867,5437389.0,512070,sh,证券保险ETF易方达
2025-10-13,0.86,0.867,0.871,0.856,5890851.0,512070,sh,证券保险ETF易方达
2025-10-14,0.873,0.875,0.885,0.87,5741593.0,512070,sh,证券保险ETF易方达
2025-10-15,0.877,0.889,0.891,0.872,5882620.0,512070,sh,证券保险ETF易方达
2025-10-16,0.889,0.892,0.897,0.884,4660880.0,512070,sh,证券保险ETF易方达
2025-10-17,0.89,0.872,0.897,0.871,5216997.0,512070,sh,证券保险ETF易方达
2025-10-20,0.883,0.877,0.888,0.875,3671252.0,512070,sh,证券保险ETF易方达
2025-10-21,0.875,0.884,0.895,0.873,8410123.0,512070,sh,证券保险ETF易方达
2025-10-22,0.879,0.878,0.88,0.874,3801614.0,512070,sh,证券保险ETF易方达
2025-10-23,0.876,0.885,0.887,0.871,4632135.0,512070,sh,证券保险ETF易方达
2025-10-24,0.885,0.89,0.893,0.883,5576909.0,512070,sh,证券保险ETF易方达
2025-10-27,0.9,0.898,0.905,0.892,8773834.0,512070,sh,证券保险ETF易方达
2025-10-28,0.898,0.895,0.903,0.893,3921833.0,512070,sh,证券保险ETF易方达
2025-10-29,0.896,0.912,0.916,0.895,13205775.0,512070,sh,证券保险ETF易方达
2025-10-30,0.913,0.9,0.916,0.899,9124161.0,512070,sh,证券保险ETF易方达
2025-10-31,0.902,0.888,0.905,0.886,8615334.0,512070,sh,证券保险ETF易方达
2025-11-03,0.886,0.887,0.889,0.878,3781155.0,512070,sh,证券保险ETF易方达
2025-11-04,0.883,0.885,0.89,0.882,6839258.0,512070,sh,证券保险ETF易方达
2025-11-05,0.881,0.881,0.885,0.878,3976190.0,512070,sh,证券保险ETF易方达
2025-11-06,0.883,0.892,0.897,0.882,6073562.0,512070,sh,证券保险ETF易方达
2025-11-07,0.891,0.887,0.892,0.886,4837691.0,512070,sh,证券保险ETF易方达
2025-11-10,0.888,0.897,0.901,0.884,7160860.0,512070,sh,证券保险ETF易方达
2025-11-11,0.897,0.889,0.9,0.886,5888442.0,512070,sh,证券保险ETF易方达
2025-11-12,0.889,0.893,0.897,0.886,7661581.0,512070,sh,证券保险ETF易方达
2025-11-13,0.891,0.901,0.901,0.89,3657974.0,512070,sh,证券保险ETF易方达
2025-11-14,0.896,0.889,0.903,0.888,5571166.0,512070,sh,证券保险ETF易方达
2025-11-17,0.887,0.878,0.889,0.874,4226087.0,512070,sh,证券保险ETF易方达
2025-11-18,0.876,0.876,0.884,0.874,3278405.0,512070,sh,证券保险ETF易方达
2025-11-19,0.875,0.882,0.887,0.875,3003900.0,512070,sh,证券保险ETF易方达
2025-11-20,0.895,0.881,0.898,0.878,7066947.0,512070,sh,证券保险ETF易方达
2025-11-21,0.875,0.853,0.879,0.853,6118718.0,512070,sh,证券保险ETF易方达
2025-11-24,0.856,0.851,0.858,0.85,3272395.0,512070,sh,证券保险ETF易方达
2025-11-25,0.853,0.86,0.864,0.851,3699757.0,512070,sh,证券保险ETF易方达
2025-11-26,0.86,0.86,0.864,0.857,2187051.0,512070,sh,证券保险ETF易方达
2025-11-27,0.858,0.857,0.863,0.853,3180885.0,512070,sh,证券保险ETF易方达
2025-11-28,0.856,0.859,0.859,0.85,2272973.0,512070,sh,证券保险ETF易方达
2025-12-01,0.857,0.86,0.862,0.855,3320171.0,512070,sh,证券保险ETF易方达
2025-12-02,0.859,0.854,0.863,0.853,3571683.0,512070,sh,证券保险ETF易方达
2025-12-03,0.856,0.846,0.859,0.844,3129170.0,512070,sh,证券保险ETF易方达
2025-12-04,0.846,0.85,0.852,0.844,2312415.0,512070,sh,证券保险ETF易方达
2025-12-05,0.849,0.881,0.888,0.848,10784168.0,512070,sh,证券保险ETF易方达
2025-12-08,0.895,0.901,0.912,0.891,11538056.0,512070,sh,证券保险ETF易方达
2025-12-09,0.898,0.888,0.899,0.887,7179692.0,512070,sh,证券保险ETF易方达
2025-12-10,0.888,0.891,0.894,0.882,7937785.0,512070,sh,证券保险ETF易方达
2025-12-11,0.892,0.884,0.894,0.88,2604907.0,512070,sh,证券保险ETF易方达
2025-12-12,0.884,0.893,0.897,0.88,5609614.0,512070,sh,证券保险ETF易方达
2025-12-15,0.889,0.911,0.921,0.887,8176989.0,512070,sh,证券保险ETF易方达
2025-12-16,0.909,0.905,0.918,0.901,7501287.0,512070,sh,证券保险ETF易方达
2025-12-17,0.905,0.926,0.935,0.902,7347129.0,512070,sh,证券保险ETF易方达
2025-12-18,0.921,0.92,0.926,0.916,9162088.0,512070,sh,证券保险ETF易方达
2025-12-19,0.919,0.924,0.93,0.915,10819804.0,512070,sh,证券保险ETF易方达
2025-12-22,0.921,0.924,0.928,0.92,6234443.0,512070,sh,证券保险ETF易方达
2025-12-23,0.922,0.927,0.936,0.921,7822740.0,512070,sh,证券保险ETF易方达
2025-12-24,0.924,0.929,0.931,0.921,3717599.0,512070,sh,证券保险ETF易方达
2025-12-25,0.926,0.939,0.943,0.926,6925210.0,512070,sh,证券保险ETF易方达
2025-12-26,0.937,0.943,0.954,0.935,5987976.0,512070,sh,证券保险ETF易方达
2025-12-29,0.939,0.935,0.947,0.932,5654259.0,512070,sh,证券保险ETF易方达
2025-12-30,0.933,0.925,0.935,0.925,5560911.0,512070,sh,证券保险ETF易方达
2025-12-31,0.925,0.924,0.933,0.922,3585181.0,512070,sh,证券保险ETF易方达
2026-01-05,0.926,0.958,0.959,0.926,10368277.0,512070,sh,证券保险ETF易方达
2026-01-06,0.961,0.994,0.996,0.959,14990834.0,512070,sh,证券保险ETF易方达
2026-01-07,0.995,0.985,0.995,0.977,10550911.0,512070,sh,证券保险ETF易方达
2026-01-08,0.98,0.953,0.98,0.947,15097831.0,512070,sh,证券保险ETF易方达
2026-01-09,0.953,0.948,0.959,0.94,11505106.0,512070,sh,证券保险ETF易方达
2026-01-12,0.948,0.947,0.952,0.936,8638969.0,512070,sh,证券保险ETF易方达
2026-01-13,0.949,0.948,0.969,0.945,6909238.0,512070,sh,证券保险ETF易方达
2026-01-14,0.947,0.938,0.964,0.935,11440770.0,512070,sh,证券保险ETF易方达
2026-01-15,0.935,0.928,0.946,0.926,5893122.0,512070,sh,证券保险ETF易方达
2026-01-16,0.932,0.919,0.938,0.915,4946489.0,512070,sh,证券保险ETF易方达
2026-01-19,0.916,0.915,0.92,0.909,4881530.0,512070,sh,证券保险ETF易方达
2026-01-20,0.914,0.92,0.925,0.913,5626959.0,512070,sh,证券保险ETF易方达
2026-01-21,0.919,0.912,0.921,0.908,8814430.0,512070,sh,证券保险ETF易方达
2026-01-22,0.912,0.904,0.918,0.902,5708262.0,512070,sh,证券保险ETF易方达
2026-01-23,0.906,0.894,0.909,0.892,9040736.0,512070,sh,证券保险ETF易方达
2026-01-26,0.895,0.906,0.923,0.895,11702399.0,512070,sh,证券保险ETF易方达
2026-01-27,0.903,0.904,0.914,0.901,7302547.0,512070,sh,证券保险ETF易方达
2026-01-28,0.909,0.904,0.915,0.901,8314782.0,512070,sh,证券保险ETF易方达
2026-01-29,0.905,0.929,0.93,0.896,13535495.0,512070,sh,证券保险ETF易方达
2026-01-30,0.925,0.914,0.935,0.911,8459513.0,512070,sh,证券保险ETF易方达
2026-02-02,0.912,0.902,0.929,0.9,9337175.0,512070,sh,证券保险ETF易方达
2026-02-03,0.907,0.902,0.91,0.891,7023286.0,512070,sh,证券保险ETF易方达
2026-02-04,0.9,0.915,0.916,0.898,7721031.0,512070,sh,证券保险ETF易方达
2026-02-05,0.913,0.915,0.918,0.903,5787280.0,512070,sh,证券保险ETF易方达
2026-02-06,0.907,0.908,0.915,0.904,7908929.0,512070,sh,证券保险ETF易方达
2026-02-09,0.911,0.924,0.925,0.911,5089934.0,512070,sh,证券保险ETF易方达
2026-02-10,0.923,0.921,0.924,0.917,3364555.0,512070,sh,证券保险ETF易方达
2026-02-11,0.921,0.915,0.922,0.91,3618089.0,512070,sh,证券保险ETF易方达
2026-02-12,0.912,0.906,0.915,0.903,7358294.0,512070,sh,证券保险ETF易方达
2026-02-13,0.903,0.895,0.906,0.893,3952175.0,512070,sh,证券保险ETF易方达
2026-02-24,0.899,0.889,0.899,0.887,4346879.0,512070,sh,证券保险ETF易方达
2026-02-25,0.889,0.891,0.9,0.887,9159529.0,512070,sh,证券保险ETF易方达
2026-02-26,0.892,0.877,0.894,0.874,6780906.0,512070,sh,证券保险ETF易方达
2026-02-27,0.877,0.877,0.879,0.873,3714482.0,512070,sh,证券保险ETF易方达
2026-03-02,0.868,0.865,0.872,0.857,5294930.0,512070,sh,证券保险ETF易方达
2026-03-03,0.866,0.864,0.878,0.859,10165376.0,512070,sh,证券保险ETF易方达
2026-03-04,0.857,0.842,0.857,0.834,10968864.0,512070,sh,证券保险ETF易方达
2026-03-05,0.848,0.846,0.851,0.842,4340623.0,512070,sh,证券保险ETF易方达
2026-03-06,0.841,0.853,0.858,0.841,5729297.0,512070,sh,证券保险ETF易方达
2026-03-09,0.841,0.836,0.841,0.828,5092568.0,512070,sh,证券保险ETF易方达
2026-03-10,0.841,0.845,0.848,0.84,3725061.0,512070,sh,证券保险ETF易方达
2026-03-11,0.844,0.848,0.85,0.841,4386691.0,512070,sh,证券保险ETF易方达
2026-03-12,0.847,0.843,0.848,0.837,3639910.0,512070,sh,证券保险ETF易方达
2026-03-13,0.838,0.835,0.845,0.834,3539023.0,512070,sh,证券保险ETF易方达
2026-03-16,0.834,0.831,0.836,0.827,5339081.0,512070,sh,证券保险ETF易方达
2026-03-17,0.834,0.847,0.862,0.833,10887010.0,512070,sh,证券保险ETF易方达
2026-03-18,0.845,0.847,0.848,0.84,4309390.0,512070,sh,证券保险ETF易方达
2026-03-19,0.839,0.832,0.839,0.83,5747009.0,512070,sh,证券保险ETF易方达
2026-03-20,0.833,0.818,0.835,0.818,5329828.0,512070,sh,证券保险ETF易方达
2026-03-23,0.805,0.787,0.81,0.782,5932808.0,512070,sh,证券保险ETF易方达
2026-03-24,0.792,0.793,0.8,0.785,5592851.0,512070,sh,证券保险ETF易方达
2026-03-25,0.796,0.803,0.807,0.793,3585739.0,512070,sh,证券保险ETF易方达
2026-03-26,0.801,0.78,0.802,0.777,6066168.0,512070,sh,证券保险ETF易方达
2026-03-27,0.775,0.782,0.786,0.775,5534010.0,512070,sh,证券保险ETF易方达
2026-03-30,0.772,0.775,0.778,0.769,5359046.0,512070,sh,证券保险ETF易方达
2026-03-31,0.775,0.774,0.785,0.772,6402353.0,512070,sh,证券保险ETF易方达
2026-04-01,0.783,0.788,0.789,0.78,4050741.0,512070,sh,证券保险ETF易方达
2026-04-02,0.785,0.775,0.785,0.772,3822541.0,512070,sh,证券保险ETF易方达
2026-04-03,0.777,0.771,0.78,0.77,3498610.0,512070,sh,证券保险ETF易方达
2026-04-07,0.77,0.766,0.773,0.763,4270799.0,512070,sh,证券保险ETF易方达
2026-04-08,0.78,0.798,0.802,0.779,7856608.0,512070,sh,证券保险ETF易方达
2026-04-09,0.791,0.783,0.792,0.78,4207096.0,512070,sh,证券保险ETF易方达
2026-04-10,0.789,0.803,0.819,0.789,11300483.0,512070,sh,证券保险ETF易方达
2026-04-13,0.796,0.8,0.805,0.793,5382154.0,512070,sh,证券保险ETF易方达
2026-04-14,0.805,0.807,0.809,0.799,3795653.0,512070,sh,证券保险ETF易方达
2026-04-15,0.814,0.803,0.818,0.802,4326159.0,512070,sh,证券保险ETF易方达
2026-04-16,0.805,0.807,0.812,0.802,7402378.0,512070,sh,证券保险ETF易方达
2026-04-17,0.805,0.802,0.805,0.797,6919491.0,512070,sh,证券保险ETF易方达
2026-04-20,0.802,0.803,0.806,0.8,9047392.0,512070,sh,证券保险ETF易方达
2026-04-21,0.803,0.799,0.806,0.797,5528527.0,512070,sh,证券保险ETF易方达
2026-04-22,0.796,0.803,0.811,0.794,6131531.0,512070,sh,证券保险ETF易方达
2026-04-23,0.798,0.796,0.806,0.793,10596469.0,512070,sh,证券保险ETF易方达
2026-04-24,0.794,0.791,0.794,0.784,3850215.0,512070,sh,证券保险ETF易方达
2026-04-27,0.793,0.791,0.802,0.789,4724249.0,512070,sh,证券保险ETF易方达
2026-04-28,0.791,0.798,0.806,0.79,3818246.0,512070,sh,证券保险ETF易方达
2026-04-29,0.797,0.81,0.811,0.795,5192724.0,512070,sh,证券保险ETF易方达
2026-04-30,0.809,0.81,0.826,0.808,5292488.0,512070,sh,证券保险ETF易方达
2026-05-06,0.813,0.816,0.821,0.808,8144425.0,512070,sh,证券保险ETF易方达
2026-05-07,0.821,0.817,0.821,0.812,3714751.0,512070,sh,证券保险ETF易方达
2026-05-08,0.815,0.812,0.815,0.808,6336149.0,512070,sh,证券保险ETF易方达
2026-05-11,0.808,0.821,0.824,0.804,9626071.0,512070,sh,证券保险ETF易方达
2026-05-12,0.819,0.819,0.824,0.815,4609810.0,512070,sh,证券保险ETF易方达
2026-05-13,0.815,0.806,0.819,0.8,6133558.0,512070,sh,证券保险ETF易方达
2026-05-14,0.806,0.79,0.809,0.789,5398130.0,512070,sh,证券保险ETF易方达
2026-05-15,0.789,0.773,0.791,0.77,7268061.0,512070,sh,证券保险ETF易方达
2026-05-18,0.768,0.769,0.773,0.763,4625589.0,512070,sh,证券保险ETF易方达
2026-05-19,0.77,0.772,0.772,0.761,4184139.0,512070,sh,证券保险ETF易方达
2026-05-20,0.768,0.766,0.77,0.762,4554608.0,512070,sh,证券保险ETF易方达
2026-05-21,0.769,0.766,0.791,0.764,7762251.0,512070,sh,证券保险ETF易方达
2026-05-22,0.767,0.756,0.769,0.755,4019255.0,512070,sh,证券保险ETF易方达
2026-05-25,0.759,0.764,0.769,0.755,5148261.0,512070,sh,证券保险ETF易方达
2026-05-26,0.763,0.771,0.779,0.759,9020328.0,512070,sh,证券保险ETF易方达
2026-05-27,0.768,0.758,0.773,0.753,8545872.0,512070,sh,证券保险ETF易方达
2026-05-28,0.757,0.742,0.76,0.738,7711139.0,512070,sh,证券保险ETF易方达
2026-05-29,0.743,0.755,0.762,0.742,11319945.0,512070,sh,证券保险ETF易方达
2026-06-01,0.753,0.757,0.763,0.749,4282492.0,512070,sh,证券保险ETF易方达
2026-06-02,0.757,0.757,0.763,0.749,5512769.0,512070,sh,证券保险ETF易方达
2026-06-03,0.757,0.757,0.763,0.749,4448204.0,512070,sh,证券保险ETF易方达
2026-06-04,0.753,0.75,0.761,0.745,3554898.0,512070,sh,证券保险ETF易方达
2026-06-05,0.75,0.748,0.762,0.747,6371399.0,512070,sh,证券保险ETF易方达
2026-06-08,0.74,0.742,0.752,0.738,7669890.0,512070,sh,证券保险ETF易方达
2026-06-09,0.74,0.746,0.747,0.737,5049418.0,512070,sh,证券保险ETF易方达
2026-06-10,0.742,0.76,0.762,0.742,9080148.0,512070,sh,证券保险ETF易方达
2026-06-11,0.759,0.754,0.77,0.748,6695797.0,512070,sh,证券保险ETF易方达
2026-06-12,0.755,0.779,0.78,0.748,11391893.0,512070,sh,证券保险ETF易方达
2026-06-15,0.782,0.792,0.809,0.782,13021843.0,512070,sh,证券保险ETF易方达
2026-06-16,0.788,0.79,0.796,0.782,6573673.0,512070,sh,证券保险ETF易方达
2026-06-17,0.79,0.789,0.795,0.783,6599835.0,512070,sh,证券保险ETF易方达
2026-06-18,0.788,0.756,0.788,0.753,11180808.0,512070,sh,证券保险ETF易方达
2026-06-22,0.755,0.81,0.81,0.751,15938928.0,512070,sh,证券保险ETF易方达
2026-06-23,0.806,0.8,0.823,0.793,11500926.0,512070,sh,证券保险ETF易方达
2026-06-24,0.798,0.783,0.808,0.78,8349496.0,512070,sh,证券保险ETF易方达
2026-06-25,0.778,0.803,0.813,0.774,10038647.0,512070,sh,证券保险ETF易方达
2026-06-26,0.797,0.771,0.806,0.77,9189207.0,512070,sh,证券保险ETF易方达
2026-06-29,0.771,0.787,0.791,0.769,8645291.0,512070,sh,证券保险ETF易方达
2026-06-30,0.785,0.784,0.792,0.775,9096471.0,512070,sh,证券保险ETF易方达
2026-07-01,0.783,0.817,0.829,0.778,13236424.0,512070,sh,证券保险ETF易方达
2026-07-02,0.818,0.804,0.821,0.8,9663513.0,512070,sh,证券保险ETF易方达
2026-07-03,0.805,0.808,0.813,0.798,8076919.0,512070,sh,证券保险ETF易方达
