date,open,close,high,low,volume,code,market,name
2020-01-02,0.482,0.492,0.494,0.482,192205.0,512040,sh,价值100ETF富国
2020-01-03,0.492,0.492,0.494,0.49,72010.0,512040,sh,价值100ETF富国
2020-01-06,0.492,0.493,0.499,0.488,93355.0,512040,sh,价值100ETF富国
2020-01-07,0.493,0.499,0.499,0.493,96556.0,512040,sh,价值100ETF富国
2020-01-08,0.496,0.49,0.497,0.489,73914.0,512040,sh,价值100ETF富国
2020-01-09,0.491,0.498,0.5,0.491,63423.0,512040,sh,价值100ETF富国
2020-01-10,0.498,0.498,0.499,0.495,43490.0,512040,sh,价值100ETF富国
2020-01-13,0.496,0.501,0.501,0.494,58186.0,512040,sh,价值100ETF富国
2020-01-14,0.502,0.501,0.504,0.501,37635.0,512040,sh,价值100ETF富国
2020-01-15,0.501,0.498,0.501,0.496,34879.0,512040,sh,价值100ETF富国
2020-01-16,0.498,0.496,0.499,0.496,33997.0,512040,sh,价值100ETF富国
2020-01-17,0.497,0.494,0.498,0.493,36023.0,512040,sh,价值100ETF富国
2020-01-20,0.493,0.496,0.496,0.493,47114.0,512040,sh,价值100ETF富国
2020-01-21,0.494,0.489,0.494,0.488,58976.0,512040,sh,价值100ETF富国
2020-01-22,0.489,0.489,0.491,0.479,68388.0,512040,sh,价值100ETF富国
2020-01-23,0.486,0.469,0.486,0.467,109559.0,512040,sh,价值100ETF富国
2020-02-03,0.414,0.415,0.436,0.412,124086.0,512040,sh,价值100ETF富国
2020-02-04,0.414,0.433,0.434,0.414,134891.0,512040,sh,价值100ETF富国
2020-02-05,0.438,0.444,0.446,0.433,114647.0,512040,sh,价值100ETF富国
2020-02-06,0.449,0.457,0.459,0.442,79298.0,512040,sh,价值100ETF富国
2020-02-07,0.452,0.457,0.459,0.452,74012.0,512040,sh,价值100ETF富国
2020-02-10,0.457,0.463,0.464,0.453,84324.0,512040,sh,价值100ETF富国
2020-02-11,0.466,0.464,0.466,0.46,40006.0,512040,sh,价值100ETF富国
2020-02-12,0.463,0.469,0.471,0.463,53822.0,512040,sh,价值100ETF富国
2020-02-13,0.47,0.465,0.473,0.464,81956.0,512040,sh,价值100ETF富国
2020-02-14,0.468,0.47,0.471,0.467,30917.0,512040,sh,价值100ETF富国
2020-02-17,0.47,0.484,0.486,0.47,80703.0,512040,sh,价值100ETF富国
2020-02-18,0.484,0.484,0.487,0.478,76976.0,512040,sh,价值100ETF富国
2020-02-19,0.49,0.481,0.49,0.481,73021.0,512040,sh,价值100ETF富国
2020-02-20,0.484,0.49,0.491,0.482,104710.0,512040,sh,价值100ETF富国
2020-02-21,0.492,0.493,0.497,0.488,87348.0,512040,sh,价值100ETF富国
2020-02-24,0.493,0.495,0.495,0.487,72702.0,512040,sh,价值100ETF富国
2020-02-25,0.486,0.488,0.491,0.474,73227.0,512040,sh,价值100ETF富国
2020-02-26,0.482,0.486,0.495,0.48,79227.0,512040,sh,价值100ETF富国
2020-02-27,0.489,0.493,0.496,0.488,109449.0,512040,sh,价值100ETF富国
2020-02-28,0.481,0.474,0.491,0.471,74359.0,512040,sh,价值100ETF富国
2020-03-02,0.472,0.495,0.497,0.472,75000.0,512040,sh,价值100ETF富国
2020-03-03,0.496,0.498,0.504,0.493,127725.0,512040,sh,价值100ETF富国
2020-03-04,0.494,0.506,0.506,0.494,108024.0,512040,sh,价值100ETF富国
2020-03-05,0.507,0.515,0.516,0.507,107568.0,512040,sh,价值100ETF富国
2020-03-06,0.51,0.509,0.511,0.507,37231.0,512040,sh,价值100ETF富国
2020-03-09,0.503,0.487,0.503,0.486,79285.0,512040,sh,价值100ETF富国
2020-03-10,0.483,0.495,0.495,0.478,79252.0,512040,sh,价值100ETF富国
2020-03-11,0.495,0.489,0.497,0.488,39841.0,512040,sh,价值100ETF富国
2020-03-12,0.488,0.478,0.488,0.475,56972.0,512040,sh,价值100ETF富国
2020-03-13,0.463,0.471,0.475,0.446,70311.0,512040,sh,价值100ETF富国
2020-03-16,0.471,0.451,0.474,0.449,81746.0,512040,sh,价值100ETF富国
2020-03-17,0.451,0.449,0.46,0.437,77344.0,512040,sh,价值100ETF富国
2020-03-18,0.449,0.441,0.459,0.44,91744.0,512040,sh,价值100ETF富国
2020-03-19,0.435,0.44,0.443,0.426,76729.0,512040,sh,价值100ETF富国
2020-03-20,0.442,0.448,0.449,0.44,37185.0,512040,sh,价值100ETF富国
2020-03-23,0.446,0.432,0.446,0.43,23139.0,512040,sh,价值100ETF富国
2020-03-24,0.438,0.441,0.443,0.433,20322.0,512040,sh,价值100ETF富国
2020-03-25,0.447,0.454,0.455,0.447,18488.0,512040,sh,价值100ETF富国
2020-03-26,0.449,0.45,0.455,0.449,33585.0,512040,sh,价值100ETF富国
2020-03-27,0.456,0.456,0.461,0.453,40079.0,512040,sh,价值100ETF富国
2020-03-30,0.453,0.45,0.453,0.447,21078.0,512040,sh,价值100ETF富国
2020-03-31,0.453,0.452,0.455,0.45,22714.0,512040,sh,价值100ETF富国
2020-04-01,0.452,0.447,0.456,0.447,13884.0,512040,sh,价值100ETF富国
2020-04-02,0.446,0.454,0.454,0.445,17881.0,512040,sh,价值100ETF富国
2020-04-03,0.454,0.45,0.455,0.449,15425.0,512040,sh,价值100ETF富国
2020-04-07,0.456,0.465,0.466,0.456,46178.0,512040,sh,价值100ETF富国
2020-04-08,0.464,0.464,0.466,0.461,34974.0,512040,sh,价值100ETF富国
2020-04-09,0.466,0.465,0.467,0.464,8423.0,512040,sh,价值100ETF富国
2020-04-10,0.465,0.462,0.47,0.46,35485.0,512040,sh,价值100ETF富国
2020-04-13,0.458,0.462,0.464,0.458,12023.0,512040,sh,价值100ETF富国
2020-04-14,0.464,0.47,0.471,0.464,28615.0,512040,sh,价值100ETF富国
2020-04-15,0.47,0.468,0.472,0.468,2596.0,512040,sh,价值100ETF富国
2020-04-16,0.466,0.47,0.47,0.466,9361.0,512040,sh,价值100ETF富国
2020-04-17,0.472,0.472,0.477,0.471,25031.0,512040,sh,价值100ETF富国
2020-04-20,0.474,0.477,0.478,0.473,29799.0,512040,sh,价值100ETF富国
2020-04-21,0.475,0.475,0.476,0.471,21815.0,512040,sh,价值100ETF富国
2020-04-22,0.472,0.478,0.478,0.469,28349.0,512040,sh,价值100ETF富国
2020-04-23,0.479,0.478,0.481,0.476,15558.0,512040,sh,价值100ETF富国
2020-04-24,0.472,0.472,0.478,0.468,10398.0,512040,sh,价值100ETF富国
2020-04-27,0.472,0.472,0.476,0.471,18676.0,512040,sh,价值100ETF富国
2020-04-28,0.472,0.47,0.472,0.458,40057.0,512040,sh,价值100ETF富国
2020-04-29,0.47,0.471,0.473,0.47,12535.0,512040,sh,价值100ETF富国
2020-04-30,0.471,0.479,0.48,0.471,19761.0,512040,sh,价值100ETF富国
2020-05-06,0.476,0.482,0.484,0.476,23783.0,512040,sh,价值100ETF富国
2020-05-07,0.48,0.484,0.486,0.48,43125.0,512040,sh,价值100ETF富国
2020-05-08,0.487,0.489,0.49,0.486,5986.0,512040,sh,价值100ETF富国
2020-05-11,0.491,0.491,0.493,0.488,25821.0,512040,sh,价值100ETF富国
2020-05-12,0.49,0.487,0.491,0.485,54549.0,512040,sh,价值100ETF富国
2020-05-13,0.485,0.49,0.49,0.485,19251.0,512040,sh,价值100ETF富国
2020-05-14,0.488,0.481,0.488,0.481,30774.0,512040,sh,价值100ETF富国
2020-05-15,0.481,0.481,0.485,0.481,50306.0,512040,sh,价值100ETF富国
2020-05-18,0.482,0.482,0.484,0.48,23507.0,512040,sh,价值100ETF富国
2020-05-19,0.484,0.485,0.487,0.483,55867.0,512040,sh,价值100ETF富国
2020-05-20,0.482,0.48,0.484,0.479,57863.0,512040,sh,价值100ETF富国
2020-05-21,0.481,0.476,0.481,0.476,27141.0,512040,sh,价值100ETF富国
2020-05-22,0.476,0.467,0.476,0.465,12790.0,512040,sh,价值100ETF富国
2020-05-25,0.462,0.469,0.469,0.462,20120.0,512040,sh,价值100ETF富国
2020-05-26,0.471,0.476,0.476,0.471,16231.0,512040,sh,价值100ETF富国
2020-05-27,0.475,0.474,0.476,0.473,15960.0,512040,sh,价值100ETF富国
2020-05-28,0.475,0.474,0.478,0.47,9528.0,512040,sh,价值100ETF富国
2020-05-29,0.473,0.478,0.478,0.473,13953.0,512040,sh,价值100ETF富国
2020-06-01,0.477,0.492,0.492,0.477,18475.0,512040,sh,价值100ETF富国
2020-06-02,0.49,0.493,0.493,0.49,54767.0,512040,sh,价值100ETF富国
2020-06-03,0.492,0.492,0.495,0.491,31182.0,512040,sh,价值100ETF富国
2020-06-04,0.492,0.491,0.493,0.49,20278.0,512040,sh,价值100ETF富国
2020-06-05,0.491,0.491,0.491,0.488,40318.0,512040,sh,价值100ETF富国
2020-06-08,0.491,0.494,0.495,0.491,52262.0,512040,sh,价值100ETF富国
2020-06-09,0.494,0.498,0.499,0.494,35509.0,512040,sh,价值100ETF富国
2020-06-10,0.498,0.501,0.501,0.498,27477.0,512040,sh,价值100ETF富国
2020-06-11,0.501,0.496,0.503,0.493,7557.0,512040,sh,价值100ETF富国
2020-06-12,0.49,0.497,0.497,0.485,14134.0,512040,sh,价值100ETF富国
2020-06-15,0.494,0.494,0.5,0.494,9640.0,512040,sh,价值100ETF富国
2020-06-16,0.495,0.503,0.504,0.495,42981.0,512040,sh,价值100ETF富国
2020-06-17,0.503,0.507,0.508,0.501,84010.0,512040,sh,价值100ETF富国
2020-06-18,0.505,0.509,0.51,0.505,28390.0,512040,sh,价值100ETF富国
2020-06-19,0.509,0.51,0.511,0.507,6726.0,512040,sh,价值100ETF富国
2020-06-22,0.51,0.509,0.513,0.508,18260.0,512040,sh,价值100ETF富国
2020-06-23,0.511,0.511,0.511,0.509,38191.0,512040,sh,价值100ETF富国
2020-06-24,0.51,0.515,0.516,0.51,13646.0,512040,sh,价值100ETF富国
2020-06-29,0.515,0.51,0.515,0.507,37149.0,512040,sh,价值100ETF富国
2020-06-30,0.511,0.516,0.516,0.511,5856.0,512040,sh,价值100ETF富国
2020-07-01,0.517,0.531,0.531,0.517,49111.0,512040,sh,价值100ETF富国
2020-07-02,0.531,0.545,0.546,0.531,34387.0,512040,sh,价值100ETF富国
2020-07-03,0.545,0.555,0.556,0.545,23801.0,512040,sh,价值100ETF富国
2020-07-06,0.554,0.594,0.595,0.554,58517.0,512040,sh,价值100ETF富国
2020-07-07,0.595,0.591,0.607,0.587,116859.0,512040,sh,价值100ETF富国
2020-07-08,0.59,0.6,0.602,0.565,33757.0,512040,sh,价值100ETF富国
2020-07-09,0.6,0.615,0.615,0.6,32854.0,512040,sh,价值100ETF富国
2020-07-10,0.616,0.604,0.616,0.6,28280.0,512040,sh,价值100ETF富国
2020-07-13,0.604,0.622,0.623,0.604,13778.0,512040,sh,价值100ETF富国
2020-07-14,0.624,0.619,0.627,0.607,22755.0,512040,sh,价值100ETF富国
2020-07-15,0.619,0.604,0.622,0.604,33246.0,512040,sh,价值100ETF富国
2020-07-16,0.604,0.58,0.611,0.579,19658.0,512040,sh,价值100ETF富国
2020-07-17,0.58,0.587,0.595,0.579,42568.0,512040,sh,价值100ETF富国
2020-07-20,0.595,0.616,0.616,0.595,19105.0,512040,sh,价值100ETF富国
2020-07-21,0.617,0.615,0.62,0.612,49381.0,512040,sh,价值100ETF富国
2020-07-22,0.616,0.618,0.626,0.614,26548.0,512040,sh,价值100ETF富国
2020-07-23,0.611,0.616,0.621,0.604,32579.0,512040,sh,价值100ETF富国
2020-07-24,0.615,0.593,0.619,0.589,48484.0,512040,sh,价值100ETF富国
2020-07-27,0.596,0.594,0.599,0.589,12930.0,512040,sh,价值100ETF富国
2020-07-28,0.594,0.602,0.604,0.594,152090.0,512040,sh,价值100ETF富国
2020-07-29,0.6,0.617,0.617,0.598,24895.0,512040,sh,价值100ETF富国
2020-07-30,0.617,0.619,0.624,0.617,15648.0,512040,sh,价值100ETF富国
2020-07-31,0.621,0.626,0.631,0.615,20308.0,512040,sh,价值100ETF富国
2020-08-03,0.626,0.64,0.641,0.626,11554.0,512040,sh,价值100ETF富国
2020-08-04,0.641,0.643,0.649,0.641,18739.0,512040,sh,价值100ETF富国
2020-08-05,0.64,0.643,0.646,0.634,17016.0,512040,sh,价值100ETF富国
2020-08-06,0.644,0.645,0.649,0.636,22967.0,512040,sh,价值100ETF富国
2020-08-07,0.645,0.644,0.646,0.635,12027.0,512040,sh,价值100ETF富国
2020-08-10,0.644,0.653,0.658,0.643,45917.0,512040,sh,价值100ETF富国
2020-08-11,0.652,0.641,0.658,0.641,18754.0,512040,sh,价值100ETF富国
2020-08-12,0.641,0.642,0.642,0.625,58631.0,512040,sh,价值100ETF富国
2020-08-13,0.639,0.639,0.644,0.638,26762.0,512040,sh,价值100ETF富国
2020-08-14,0.636,0.649,0.65,0.636,31110.0,512040,sh,价值100ETF富国
2020-08-17,0.654,0.665,0.67,0.651,73353.0,512040,sh,价值100ETF富国
2020-08-18,0.666,0.668,0.67,0.666,29190.0,512040,sh,价值100ETF富国
2020-08-19,0.669,0.666,0.676,0.665,51945.0,512040,sh,价值100ETF富国
2020-08-20,0.665,0.655,0.665,0.653,119254.0,512040,sh,价值100ETF富国
2020-08-21,0.664,0.66,0.664,0.655,99485.0,512040,sh,价值100ETF富国
2020-08-24,0.661,0.662,0.671,0.658,163703.0,512040,sh,价值100ETF富国
2020-08-25,0.662,0.659,0.667,0.658,27702.0,512040,sh,价值100ETF富国
2020-08-26,0.658,0.649,0.662,0.646,25109.0,512040,sh,价值100ETF富国
2020-08-27,0.65,0.65,0.652,0.642,36249.0,512040,sh,价值100ETF富国
2020-08-28,0.646,0.659,0.664,0.646,58371.0,512040,sh,价值100ETF富国
2020-08-31,0.665,0.661,0.67,0.658,34723.0,512040,sh,价值100ETF富国
2020-09-01,0.661,0.658,0.661,0.651,30199.0,512040,sh,价值100ETF富国
2020-09-02,0.66,0.66,0.661,0.655,32864.0,512040,sh,价值100ETF富国
2020-09-03,0.66,0.656,0.664,0.655,45617.0,512040,sh,价值100ETF富国
2020-09-04,0.655,0.652,0.655,0.643,43130.0,512040,sh,价值100ETF富国
2020-09-07,0.651,0.64,0.656,0.638,33547.0,512040,sh,价值100ETF富国
2020-09-08,0.64,0.642,0.644,0.634,61508.0,512040,sh,价值100ETF富国
2020-09-09,0.642,0.624,0.642,0.609,26923.0,512040,sh,价值100ETF富国
2020-09-10,0.625,0.62,0.635,0.617,20425.0,512040,sh,价值100ETF富国
2020-09-11,0.62,0.626,0.626,0.616,21477.0,512040,sh,价值100ETF富国
2020-09-14,0.624,0.627,0.629,0.624,18819.0,512040,sh,价值100ETF富国
2020-09-15,0.627,0.633,0.634,0.625,7131.0,512040,sh,价值100ETF富国
2020-09-16,0.632,0.633,0.636,0.631,39330.0,512040,sh,价值100ETF富国
2020-09-17,0.632,0.637,0.637,0.63,30205.0,512040,sh,价值100ETF富国
2020-09-18,0.638,0.65,0.651,0.637,35253.0,512040,sh,价值100ETF富国
2020-09-21,0.65,0.644,0.65,0.644,11444.0,512040,sh,价值100ETF富国
2020-09-22,0.643,0.634,0.643,0.63,27339.0,512040,sh,价值100ETF富国
2020-09-23,0.634,0.635,0.636,0.631,7775.0,512040,sh,价值100ETF富国
2020-09-24,0.634,0.619,0.634,0.619,35328.0,512040,sh,价值100ETF富国
2020-09-25,0.62,0.618,0.625,0.618,26496.0,512040,sh,价值100ETF富国
2020-09-28,0.619,0.62,0.623,0.618,12674.0,512040,sh,价值100ETF富国
2020-09-29,0.62,0.622,0.626,0.62,11393.0,512040,sh,价值100ETF富国
2020-09-30,0.624,0.618,0.624,0.614,29255.0,512040,sh,价值100ETF富国
2020-10-09,0.624,0.634,0.636,0.624,28143.0,512040,sh,价值100ETF富国
2020-10-12,0.634,0.65,0.65,0.634,29317.0,512040,sh,价值100ETF富国
2020-10-13,0.65,0.65,0.652,0.646,14374.0,512040,sh,价值100ETF富国
2020-10-14,0.648,0.645,0.648,0.644,7152.0,512040,sh,价值100ETF富国
2020-10-15,0.646,0.646,0.648,0.641,4015.0,512040,sh,价值100ETF富国
2020-10-16,0.646,0.646,0.647,0.642,11459.0,512040,sh,价值100ETF富国
2020-10-19,0.646,0.643,0.655,0.641,17592.0,512040,sh,价值100ETF富国
2020-10-20,0.643,0.645,0.646,0.637,11311.0,512040,sh,价值100ETF富国
2020-10-21,0.646,0.642,0.646,0.637,14316.0,512040,sh,价值100ETF富国
2020-10-22,0.641,0.638,0.641,0.634,6595.0,512040,sh,价值100ETF富国
2020-10-23,0.638,0.633,0.641,0.632,12776.0,512040,sh,价值100ETF富国
2020-10-26,0.633,0.63,0.634,0.624,9176.0,512040,sh,价值100ETF富国
2020-10-27,0.63,0.629,0.63,0.625,5546.0,512040,sh,价值100ETF富国
2020-10-28,0.629,0.628,0.631,0.623,3433.0,512040,sh,价值100ETF富国
2020-10-29,0.628,0.632,0.632,0.621,2698.0,512040,sh,价值100ETF富国
2020-10-30,0.631,0.619,0.631,0.617,18646.0,512040,sh,价值100ETF富国
2020-11-02,0.618,0.621,0.624,0.618,3151.0,512040,sh,价值100ETF富国
2020-11-03,0.622,0.628,0.631,0.622,11184.0,512040,sh,价值100ETF富国
2020-11-04,0.628,0.631,0.632,0.627,9665.0,512040,sh,价值100ETF富国
2020-11-05,0.64,0.643,0.645,0.637,15650.0,512040,sh,价值100ETF富国
2020-11-06,0.643,0.644,0.644,0.64,13765.0,512040,sh,价值100ETF富国
2020-11-09,0.645,0.651,0.653,0.645,18303.0,512040,sh,价值100ETF富国
2020-11-10,0.652,0.648,0.654,0.648,3779.0,512040,sh,价值100ETF富国
2020-11-11,0.649,0.654,0.659,0.649,6938.0,512040,sh,价值100ETF富国
2020-11-12,0.651,0.655,0.656,0.65,5422.0,512040,sh,价值100ETF富国
2020-11-13,0.656,0.647,0.656,0.643,8006.0,512040,sh,价值100ETF富国
2020-11-16,0.648,0.663,0.663,0.648,20344.0,512040,sh,价值100ETF富国
2020-11-17,0.664,0.664,0.666,0.66,22193.0,512040,sh,价值100ETF富国
2020-11-18,0.663,0.664,0.667,0.661,9213.0,512040,sh,价值100ETF富国
2020-11-19,0.665,0.666,0.667,0.659,4880.0,512040,sh,价值100ETF富国
2020-11-20,0.663,0.67,0.67,0.662,6174.0,512040,sh,价值100ETF富国
2020-11-23,0.669,0.677,0.681,0.669,14053.0,512040,sh,价值100ETF富国
2020-11-24,0.674,0.672,0.674,0.67,5431.0,512040,sh,价值100ETF富国
2020-11-25,0.673,0.663,0.675,0.662,3530.0,512040,sh,价值100ETF富国
2020-11-26,0.661,0.662,0.662,0.655,6399.0,512040,sh,价值100ETF富国
2020-11-27,0.665,0.666,0.666,0.656,1235.0,512040,sh,价值100ETF富国
2020-11-30,0.672,0.663,0.676,0.662,5795.0,512040,sh,价值100ETF富国
2020-12-01,0.662,0.672,0.673,0.661,17322.0,512040,sh,价值100ETF富国
2020-12-02,0.672,0.674,0.676,0.67,21688.0,512040,sh,价值100ETF富国
2020-12-03,0.673,0.67,0.673,0.666,6844.0,512040,sh,价值100ETF富国
2020-12-04,0.67,0.667,0.67,0.66,3025.0,512040,sh,价值100ETF富国
2020-12-07,0.667,0.66,0.667,0.66,5120.0,512040,sh,价值100ETF富国
2020-12-08,0.662,0.658,0.662,0.657,3807.0,512040,sh,价值100ETF富国
2020-12-09,0.659,0.65,0.659,0.65,2334.0,512040,sh,价值100ETF富国
2020-12-10,0.647,0.651,0.654,0.647,1977.0,512040,sh,价值100ETF富国
2020-12-11,0.66,0.643,0.66,0.637,11859.0,512040,sh,价值100ETF富国
2020-12-14,0.643,0.644,0.644,0.641,1856.0,512040,sh,价值100ETF富国
2020-12-15,0.644,0.644,0.644,0.638,1396.0,512040,sh,价值100ETF富国
2020-12-16,0.643,0.641,0.643,0.64,788.0,512040,sh,价值100ETF富国
2020-12-17,0.64,0.645,0.646,0.634,4687.0,512040,sh,价值100ETF富国
2020-12-18,0.646,0.643,0.647,0.638,5887.0,512040,sh,价值100ETF富国
2020-12-21,0.638,0.644,0.647,0.638,5976.0,512040,sh,价值100ETF富国
2020-12-22,0.641,0.633,0.646,0.632,6702.0,512040,sh,价值100ETF富国
2020-12-23,0.633,0.632,0.633,0.629,4422.0,512040,sh,价值100ETF富国
2020-12-24,0.632,0.626,0.632,0.624,15169.0,512040,sh,价值100ETF富国
2020-12-25,0.625,0.628,0.629,0.621,9271.0,512040,sh,价值100ETF富国
2020-12-28,0.629,0.628,0.63,0.625,1847.0,512040,sh,价值100ETF富国
2020-12-29,0.628,0.63,0.632,0.625,179684.0,512040,sh,价值100ETF富国
2020-12-30,0.63,0.63,0.63,0.625,16701.0,512040,sh,价值100ETF富国
2020-12-31,0.632,0.64,0.64,0.632,7128.0,512040,sh,价值100ETF富国
2021-01-04,0.639,0.642,0.644,0.635,10698.0,512040,sh,价值100ETF富国
2021-01-05,0.644,0.646,0.647,0.636,2952.0,512040,sh,价值100ETF富国
2021-01-06,0.647,0.648,0.649,0.643,28432.0,512040,sh,价值100ETF富国
2021-01-07,0.648,0.643,0.648,0.638,7911.0,512040,sh,价值100ETF富国
2021-01-08,0.642,0.645,0.65,0.639,17103.0,512040,sh,价值100ETF富国
2021-01-11,0.645,0.641,0.65,0.638,17539.0,512040,sh,价值100ETF富国
2021-01-12,0.641,0.649,0.649,0.64,11845.0,512040,sh,价值100ETF富国
2021-01-13,0.649,0.647,0.649,0.643,21658.0,512040,sh,价值100ETF富国
2021-01-14,0.648,0.651,0.656,0.644,17037.0,512040,sh,价值100ETF富国
2021-01-15,0.654,0.655,0.656,0.65,31568.0,512040,sh,价值100ETF富国
2021-01-18,0.655,0.664,0.665,0.655,18822.0,512040,sh,价值100ETF富国
2021-01-19,0.663,0.667,0.672,0.662,26095.0,512040,sh,价值100ETF富国
2021-01-20,0.666,0.665,0.667,0.662,19034.0,512040,sh,价值100ETF富国
2021-01-21,0.665,0.673,0.673,0.665,45626.0,512040,sh,价值100ETF富国
2021-01-22,0.67,0.668,0.67,0.662,6542.0,512040,sh,价值100ETF富国
2021-01-25,0.652,0.661,0.664,0.652,13855.0,512040,sh,价值100ETF富国
2021-01-26,0.66,0.656,0.66,0.655,56723.0,512040,sh,价值100ETF富国
2021-01-27,0.659,0.662,0.663,0.658,11632.0,512040,sh,价值100ETF富国
2021-01-28,0.661,0.65,0.661,0.65,14470.0,512040,sh,价值100ETF富国
2021-01-29,0.649,0.645,0.656,0.638,16801.0,512040,sh,价值100ETF富国
2021-02-01,0.645,0.659,0.66,0.645,14659.0,512040,sh,价值100ETF富国
2021-02-02,0.659,0.666,0.666,0.659,16104.0,512040,sh,价值100ETF富国
2021-02-03,0.666,0.664,0.669,0.659,24873.0,512040,sh,价值100ETF富国
2021-02-04,0.662,0.651,0.663,0.648,5916.0,512040,sh,价值100ETF富国
2021-02-05,0.652,0.653,0.66,0.651,5719.0,512040,sh,价值100ETF富国
2021-02-08,0.651,0.659,0.662,0.651,15273.0,512040,sh,价值100ETF富国
2021-02-09,0.662,0.674,0.676,0.66,19665.0,512040,sh,价值100ETF富国
2021-02-10,0.675,0.683,0.683,0.675,4690.0,512040,sh,价值100ETF富国
2021-02-18,0.684,0.697,0.7,0.684,13573.0,512040,sh,价值100ETF富国
2021-02-19,0.695,0.713,0.713,0.691,29684.0,512040,sh,价值100ETF富国
2021-02-22,0.713,0.713,0.724,0.713,29643.0,512040,sh,价值100ETF富国
2021-02-23,0.712,0.707,0.714,0.705,32125.0,512040,sh,价值100ETF富国
2021-02-24,0.708,0.699,0.712,0.693,23189.0,512040,sh,价值100ETF富国
2021-02-25,0.7,0.711,0.714,0.7,21522.0,512040,sh,价值100ETF富国
2021-02-26,0.71,0.692,0.71,0.692,35130.0,512040,sh,价值100ETF富国
2021-03-01,0.693,0.711,0.711,0.693,12517.0,512040,sh,价值100ETF富国
2021-03-02,0.713,0.708,0.719,0.701,28386.0,512040,sh,价值100ETF富国
2021-03-03,0.711,0.725,0.725,0.71,28842.0,512040,sh,价值100ETF富国
2021-03-04,0.727,0.715,0.727,0.714,19959.0,512040,sh,价值100ETF富国
2021-03-05,0.716,0.71,0.716,0.704,29665.0,512040,sh,价值100ETF富国
2021-03-08,0.711,0.701,0.722,0.701,23725.0,512040,sh,价值100ETF富国
2021-03-09,0.7,0.681,0.7,0.673,42613.0,512040,sh,价值100ETF富国
2021-03-10,0.681,0.678,0.688,0.677,10579.0,512040,sh,价值100ETF富国
2021-03-11,0.671,0.698,0.699,0.671,61639.0,512040,sh,价值100ETF富国
2021-03-12,0.699,0.706,0.708,0.698,24715.0,512040,sh,价值100ETF富国
2021-03-15,0.707,0.71,0.711,0.696,80558.0,512040,sh,价值100ETF富国
2021-03-16,0.71,0.712,0.713,0.701,37120.0,512040,sh,价值100ETF富国
2021-03-17,0.714,0.709,0.714,0.703,58816.0,512040,sh,价值100ETF富国
2021-03-18,0.711,0.715,0.716,0.706,18464.0,512040,sh,价值100ETF富国
2021-03-19,0.706,0.703,0.712,0.699,37658.0,512040,sh,价值100ETF富国
2021-03-22,0.704,0.713,0.713,0.704,22715.0,512040,sh,价值100ETF富国
2021-03-23,0.714,0.703,0.714,0.698,50926.0,512040,sh,价值100ETF富国
2021-03-24,0.704,0.686,0.704,0.686,19585.0,512040,sh,价值100ETF富国
2021-03-25,0.685,0.688,0.689,0.679,17920.0,512040,sh,价值100ETF富国
2021-03-26,0.69,0.696,0.697,0.69,4710.0,512040,sh,价值100ETF富国
2021-03-29,0.695,0.702,0.703,0.695,24094.0,512040,sh,价值100ETF富国
2021-03-30,0.701,0.705,0.705,0.699,12405.0,512040,sh,价值100ETF富国
2021-03-31,0.705,0.708,0.708,0.702,6968.0,512040,sh,价值100ETF富国
2021-04-01,0.706,0.712,0.712,0.705,11346.0,512040,sh,价值100ETF富国
2021-04-02,0.713,0.711,0.713,0.709,10701.0,512040,sh,价值100ETF富国
2021-04-06,0.712,0.717,0.718,0.712,11876.0,512040,sh,价值100ETF富国
2021-04-07,0.716,0.719,0.719,0.712,9854.0,512040,sh,价值100ETF富国
2021-04-08,0.719,0.715,0.719,0.714,17576.0,512040,sh,价值100ETF富国
2021-04-09,0.713,0.713,0.716,0.711,19631.0,512040,sh,价值100ETF富国
2021-04-12,0.713,0.703,0.715,0.701,28778.0,512040,sh,价值100ETF富国
2021-04-13,0.702,0.699,0.702,0.697,6736.0,512040,sh,价值100ETF富国
2021-04-14,0.698,0.705,0.706,0.698,27240.0,512040,sh,价值100ETF富国
2021-04-15,0.706,0.702,0.706,0.696,23742.0,512040,sh,价值100ETF富国
2021-04-16,0.702,0.715,0.715,0.702,24904.0,512040,sh,价值100ETF富国
2021-04-19,0.715,0.72,0.721,0.71,18122.0,512040,sh,价值100ETF富国
2021-04-20,0.721,0.719,0.724,0.718,12794.0,512040,sh,价值100ETF富国
2021-04-21,0.716,0.723,0.724,0.714,16240.0,512040,sh,价值100ETF富国
2021-04-22,0.724,0.723,0.726,0.721,7649.0,512040,sh,价值100ETF富国
2021-04-23,0.722,0.72,0.722,0.717,11838.0,512040,sh,价值100ETF富国
2021-04-26,0.721,0.72,0.73,0.72,25937.0,512040,sh,价值100ETF富国
2021-04-27,0.72,0.718,0.72,0.713,8539.0,512040,sh,价值100ETF富国
2021-04-28,0.714,0.725,0.725,0.714,7871.0,512040,sh,价值100ETF富国
2021-04-29,0.724,0.731,0.731,0.724,9379.0,512040,sh,价值100ETF富国
2021-04-30,0.731,0.723,0.731,0.721,12747.0,512040,sh,价值100ETF富国
2021-05-06,0.725,0.727,0.731,0.723,25254.0,512040,sh,价值100ETF富国
2021-05-07,0.721,0.722,0.729,0.721,6209.0,512040,sh,价值100ETF富国
2021-05-10,0.72,0.719,0.721,0.716,26259.0,512040,sh,价值100ETF富国
2021-05-11,0.719,0.715,0.719,0.704,12739.0,512040,sh,价值100ETF富国
2021-05-12,0.715,0.721,0.721,0.714,9129.0,512040,sh,价值100ETF富国
2021-05-13,0.719,0.717,0.719,0.714,19899.0,512040,sh,价值100ETF富国
2021-05-14,0.72,0.72,0.722,0.718,20865.0,512040,sh,价值100ETF富国
2021-05-17,0.72,0.724,0.725,0.72,31461.0,512040,sh,价值100ETF富国
2021-05-18,0.724,0.728,0.729,0.724,8553.0,512040,sh,价值100ETF富国
2021-05-19,0.729,0.721,0.729,0.721,2977.0,512040,sh,价值100ETF富国
2021-05-20,0.719,0.717,0.72,0.712,23478.0,512040,sh,价值100ETF富国
2021-05-21,0.72,0.717,0.721,0.717,2410.0,512040,sh,价值100ETF富国
2021-05-24,0.717,0.724,0.724,0.717,9803.0,512040,sh,价值100ETF富国
2021-05-25,0.726,0.736,0.737,0.724,22325.0,512040,sh,价值100ETF富国
2021-05-26,0.738,0.742,0.745,0.738,4914.0,512040,sh,价值100ETF富国
2021-05-27,0.737,0.744,0.744,0.737,16879.0,512040,sh,价值100ETF富国
2021-05-28,0.745,0.74,0.747,0.739,13495.0,512040,sh,价值100ETF富国
2021-05-31,0.742,0.743,0.743,0.736,8016.0,512040,sh,价值100ETF富国
2021-06-01,0.744,0.744,0.744,0.734,7236.0,512040,sh,价值100ETF富国
2021-06-02,0.74,0.741,0.743,0.739,8103.0,512040,sh,价值100ETF富国
2021-06-03,0.744,0.739,0.745,0.738,8017.0,512040,sh,价值100ETF富国
2021-06-04,0.736,0.738,0.743,0.736,7883.0,512040,sh,价值100ETF富国
2021-06-07,0.74,0.741,0.741,0.737,6830.0,512040,sh,价值100ETF富国
2021-06-08,0.74,0.735,0.741,0.734,22173.0,512040,sh,价值100ETF富国
2021-06-09,0.736,0.736,0.739,0.736,3187.0,512040,sh,价值100ETF富国
2021-06-10,0.74,0.739,0.74,0.738,6521.0,512040,sh,价值100ETF富国
2021-06-11,0.739,0.733,0.739,0.733,6605.0,512040,sh,价值100ETF富国
2021-06-15,0.731,0.719,0.731,0.719,17060.0,512040,sh,价值100ETF富国
2021-06-16,0.717,0.715,0.72,0.715,5078.0,512040,sh,价值100ETF富国
2021-06-17,0.716,0.716,0.718,0.714,8316.0,512040,sh,价值100ETF富国
2021-06-18,0.709,0.714,0.715,0.709,4891.0,512040,sh,价值100ETF富国
2021-06-21,0.714,0.71,0.714,0.71,10931.0,512040,sh,价值100ETF富国
2021-06-22,0.71,0.714,0.718,0.71,5082.0,512040,sh,价值100ETF富国
2021-06-23,0.714,0.717,0.717,0.712,5563.0,512040,sh,价值100ETF富国
2021-06-24,0.717,0.722,0.723,0.717,3068.0,512040,sh,价值100ETF富国
2021-06-25,0.724,0.731,0.733,0.724,6257.0,512040,sh,价值100ETF富国
2021-06-28,0.731,0.733,0.734,0.731,2941.0,512040,sh,价值100ETF富国
2021-06-29,0.732,0.728,0.732,0.728,17744.0,512040,sh,价值100ETF富国
2021-06-30,0.728,0.731,0.731,0.727,6943.0,512040,sh,价值100ETF富国
2021-07-01,0.731,0.73,0.737,0.728,31009.0,512040,sh,价值100ETF富国
2021-07-02,0.726,0.723,0.726,0.72,12161.0,512040,sh,价值100ETF富国
2021-07-05,0.72,0.722,0.722,0.717,8559.0,512040,sh,价值100ETF富国
2021-07-06,0.722,0.727,0.727,0.722,7559.0,512040,sh,价值100ETF富国
2021-07-07,0.728,0.727,0.728,0.724,4865.0,512040,sh,价值100ETF富国
2021-07-08,0.729,0.718,0.729,0.718,7757.0,512040,sh,价值100ETF富国
2021-07-09,0.718,0.725,0.725,0.716,14846.0,512040,sh,价值100ETF富国
2021-07-12,0.724,0.729,0.732,0.724,11758.0,512040,sh,价值100ETF富国
2021-07-13,0.729,0.738,0.738,0.727,21203.0,512040,sh,价值100ETF富国
2021-07-14,0.735,0.731,0.736,0.731,19217.0,512040,sh,价值100ETF富国
2021-07-15,0.731,0.736,0.736,0.729,11871.0,512040,sh,价值100ETF富国
2021-07-16,0.735,0.735,0.739,0.735,31707.0,512040,sh,价值100ETF富国
2021-07-19,0.736,0.733,0.736,0.729,14776.0,512040,sh,价值100ETF富国
2021-07-20,0.731,0.725,0.731,0.722,11394.0,512040,sh,价值100ETF富国
2021-07-21,0.727,0.725,0.73,0.724,21033.0,512040,sh,价值100ETF富国
2021-07-22,0.727,0.733,0.733,0.727,7674.0,512040,sh,价值100ETF富国
2021-07-23,0.733,0.725,0.733,0.724,11242.0,512040,sh,价值100ETF富国
2021-07-26,0.72,0.705,0.72,0.703,26888.0,512040,sh,价值100ETF富国
2021-07-27,0.71,0.683,0.71,0.682,19087.0,512040,sh,价值100ETF富国
2021-07-28,0.683,0.675,0.683,0.665,10117.0,512040,sh,价值100ETF富国
2021-07-29,0.675,0.683,0.684,0.675,5377.0,512040,sh,价值100ETF富国
2021-07-30,0.684,0.694,0.694,0.68,21244.0,512040,sh,价值100ETF富国
2021-08-02,0.695,0.704,0.705,0.683,8787.0,512040,sh,价值100ETF富国
2021-08-03,0.707,0.702,0.707,0.701,6335.0,512040,sh,价值100ETF富国
2021-08-04,0.705,0.706,0.708,0.704,11086.0,512040,sh,价值100ETF富国
2021-08-05,0.707,0.706,0.713,0.704,14904.0,512040,sh,价值100ETF富国
2021-08-06,0.706,0.707,0.707,0.7,5721.0,512040,sh,价值100ETF富国
2021-08-09,0.714,0.725,0.726,0.714,36151.0,512040,sh,价值100ETF富国
2021-08-10,0.724,0.73,0.73,0.722,27118.0,512040,sh,价值100ETF富国
2021-08-11,0.73,0.74,0.743,0.73,5753.0,512040,sh,价值100ETF富国
2021-08-12,0.74,0.743,0.743,0.737,23551.0,512040,sh,价值100ETF富国
2021-08-13,0.743,0.746,0.747,0.74,17740.0,512040,sh,价值100ETF富国
2021-08-16,0.746,0.749,0.755,0.746,26142.0,512040,sh,价值100ETF富国
2021-08-17,0.748,0.74,0.758,0.738,9394.0,512040,sh,价值100ETF富国
2021-08-18,0.74,0.752,0.752,0.74,13081.0,512040,sh,价值100ETF富国
2021-08-19,0.752,0.742,0.752,0.74,7283.0,512040,sh,价值100ETF富国
2021-08-20,0.742,0.745,0.745,0.735,13473.0,512040,sh,价值100ETF富国
2021-08-23,0.747,0.754,0.754,0.747,3854.0,512040,sh,价值100ETF富国
2021-08-24,0.756,0.759,0.759,0.754,14137.0,512040,sh,价值100ETF富国
2021-08-25,0.759,0.764,0.764,0.756,21363.0,512040,sh,价值100ETF富国
2021-08-26,0.764,0.76,0.765,0.759,5452.0,512040,sh,价值100ETF富国
2021-08-27,0.761,0.764,0.764,0.76,7410.0,512040,sh,价值100ETF富国
2021-08-30,0.764,0.764,0.765,0.761,2569.0,512040,sh,价值100ETF富国
2021-08-31,0.766,0.78,0.781,0.764,142287.0,512040,sh,价值100ETF富国
2021-09-01,0.781,0.786,0.79,0.776,10603.0,512040,sh,价值100ETF富国
2021-09-02,0.786,0.801,0.801,0.784,32329.0,512040,sh,价值100ETF富国
2021-09-03,0.802,0.794,0.802,0.79,13482.0,512040,sh,价值100ETF富国
2021-09-06,0.802,0.807,0.807,0.796,8321.0,512040,sh,价值100ETF富国
2021-09-07,0.807,0.825,0.825,0.807,9297.0,512040,sh,价值100ETF富国
2021-09-08,0.826,0.834,0.836,0.826,22905.0,512040,sh,价值100ETF富国
2021-09-09,0.833,0.852,0.853,0.832,35608.0,512040,sh,价值100ETF富国
2021-09-10,0.852,0.845,0.859,0.843,37827.0,512040,sh,价值100ETF富国
2021-09-13,0.848,0.858,0.859,0.842,15896.0,512040,sh,价值100ETF富国
2021-09-14,0.858,0.839,0.858,0.835,33516.0,512040,sh,价值100ETF富国
2021-09-15,0.838,0.837,0.844,0.832,22494.0,512040,sh,价值100ETF富国
2021-09-16,0.837,0.824,0.85,0.824,41900.0,512040,sh,价值100ETF富国
2021-09-17,0.823,0.822,0.83,0.807,15761.0,512040,sh,价值100ETF富国
2021-09-22,0.821,0.832,0.832,0.812,15000.0,512040,sh,价值100ETF富国
2021-09-23,0.834,0.847,0.857,0.834,16366.0,512040,sh,价值100ETF富国
2021-09-24,0.848,0.826,0.848,0.826,12737.0,512040,sh,价值100ETF富国
2021-09-27,0.826,0.798,0.826,0.791,115823.0,512040,sh,价值100ETF富国
2021-09-28,0.8,0.815,0.817,0.8,40215.0,512040,sh,价值100ETF富国
2021-09-29,0.813,0.789,0.813,0.788,20450.0,512040,sh,价值100ETF富国
2021-09-30,0.792,0.796,0.797,0.785,21186.0,512040,sh,价值100ETF富国
2021-10-08,0.796,0.802,0.806,0.793,32600.0,512040,sh,价值100ETF富国
2021-10-11,0.802,0.798,0.806,0.797,5969.0,512040,sh,价值100ETF富国
2021-10-12,0.794,0.783,0.799,0.777,17028.0,512040,sh,价值100ETF富国
2021-10-13,0.783,0.779,0.783,0.769,4454.0,512040,sh,价值100ETF富国
2021-10-14,0.794,0.775,0.794,0.771,2031.0,512040,sh,价值100ETF富国
2021-10-15,0.775,0.773,0.779,0.771,6729.0,512040,sh,价值100ETF富国
2021-10-18,0.775,0.781,0.781,0.77,3217.0,512040,sh,价值100ETF富国
2021-10-19,0.781,0.79,0.79,0.78,8548.0,512040,sh,价值100ETF富国
2021-10-20,0.79,0.784,0.79,0.779,1497.0,512040,sh,价值100ETF富国
2021-10-21,0.783,0.79,0.794,0.783,5704.0,512040,sh,价值100ETF富国
2021-10-22,0.79,0.781,0.794,0.78,2664.0,512040,sh,价值100ETF富国
2021-10-25,0.778,0.782,0.782,0.778,31092.0,512040,sh,价值100ETF富国
2021-10-26,0.781,0.778,0.787,0.776,7003.0,512040,sh,价值100ETF富国
2021-10-27,0.77,0.771,0.773,0.765,7953.0,512040,sh,价值100ETF富国
2021-10-28,0.772,0.752,0.772,0.751,20018.0,512040,sh,价值100ETF富国
2021-10-29,0.753,0.757,0.758,0.746,22242.0,512040,sh,价值100ETF富国
2021-11-01,0.757,0.763,0.766,0.754,6159.0,512040,sh,价值100ETF富国
2021-11-02,0.763,0.747,0.764,0.739,5958.0,512040,sh,价值100ETF富国
2021-11-03,0.76,0.755,0.76,0.746,6033.0,512040,sh,价值100ETF富国
2021-11-04,0.754,0.759,0.759,0.753,7709.0,512040,sh,价值100ETF富国
2021-11-05,0.76,0.746,0.76,0.746,14813.0,512040,sh,价值100ETF富国
2021-11-08,0.746,0.749,0.75,0.744,6422.0,512040,sh,价值100ETF富国
2021-11-09,0.753,0.754,0.756,0.75,9873.0,512040,sh,价值100ETF富国
2021-11-10,0.745,0.756,0.756,0.741,15546.0,512040,sh,价值100ETF富国
2021-11-11,0.756,0.77,0.77,0.755,8096.0,512040,sh,价值100ETF富国
2021-11-12,0.77,0.773,0.774,0.766,8481.0,512040,sh,价值100ETF富国
2021-11-15,0.774,0.777,0.779,0.771,9075.0,512040,sh,价值100ETF富国
2021-11-16,0.778,0.769,0.779,0.769,13459.0,512040,sh,价值100ETF富国
2021-11-17,0.769,0.776,0.776,0.769,5987.0,512040,sh,价值100ETF富国
2021-11-18,0.776,0.77,0.776,0.769,7397.0,512040,sh,价值100ETF富国
2021-11-19,0.769,0.784,0.784,0.767,4944.0,512040,sh,价值100ETF富国
2021-11-22,0.784,0.784,0.784,0.78,3971.0,512040,sh,价值100ETF富国
2021-11-23,0.785,0.788,0.791,0.785,6661.0,512040,sh,价值100ETF富国
2021-11-24,0.788,0.787,0.79,0.786,1045.0,512040,sh,价值100ETF富国
2021-11-25,0.788,0.785,0.788,0.784,4313.0,512040,sh,价值100ETF富国
2021-11-26,0.781,0.785,0.785,0.779,6393.0,512040,sh,价值100ETF富国
2021-11-29,0.774,0.782,0.782,0.774,2933.0,512040,sh,价值100ETF富国
2021-11-30,0.783,0.786,0.79,0.783,9357.0,512040,sh,价值100ETF富国
2021-12-01,0.787,0.794,0.795,0.786,9501.0,512040,sh,价值100ETF富国
2021-12-02,0.795,0.797,0.797,0.779,6295.0,512040,sh,价值100ETF富国
2021-12-03,0.797,0.804,0.806,0.793,13029.0,512040,sh,价值100ETF富国
2021-12-06,0.806,0.805,0.817,0.804,13327.0,512040,sh,价值100ETF富国
2021-12-07,0.801,0.81,0.814,0.799,19718.0,512040,sh,价值100ETF富国
2021-12-08,0.81,0.816,0.816,0.808,4082.0,512040,sh,价值100ETF富国
2021-12-09,0.816,0.823,0.824,0.816,5997.0,512040,sh,价值100ETF富国
2021-12-10,0.823,0.82,0.823,0.817,6663.0,512040,sh,价值100ETF富国
2021-12-13,0.824,0.825,0.832,0.824,9135.0,512040,sh,价值100ETF富国
2021-12-14,0.825,0.814,0.825,0.812,12161.0,512040,sh,价值100ETF富国
2021-12-15,0.813,0.814,0.817,0.812,5125.0,512040,sh,价值100ETF富国
2021-12-16,0.814,0.826,0.826,0.814,7822.0,512040,sh,价值100ETF富国
2021-12-17,0.826,0.822,0.827,0.821,36907.0,512040,sh,价值100ETF富国
2021-12-20,0.821,0.817,0.824,0.815,44309.0,512040,sh,价值100ETF富国
2021-12-21,0.822,0.834,0.834,0.822,43416.0,512040,sh,价值100ETF富国
2021-12-22,0.834,0.833,0.835,0.828,58608.0,512040,sh,价值100ETF富国
2021-12-23,0.828,0.832,0.833,0.828,49278.0,512040,sh,价值100ETF富国
2021-12-24,0.827,0.826,0.828,0.822,41448.0,512040,sh,价值100ETF富国
2021-12-27,0.825,0.835,0.838,0.825,49946.0,512040,sh,价值100ETF富国
2021-12-28,0.835,0.833,0.835,0.83,52462.0,512040,sh,价值100ETF富国
2021-12-29,0.831,0.832,0.836,0.831,33273.0,512040,sh,价值100ETF富国
2021-12-30,0.834,0.834,0.837,0.834,35079.0,512040,sh,价值100ETF富国
2021-12-31,0.834,0.843,0.843,0.834,43279.0,512040,sh,价值100ETF富国
2022-01-04,0.844,0.852,0.855,0.844,46080.0,512040,sh,价值100ETF富国
2022-01-05,0.852,0.85,0.854,0.845,62208.0,512040,sh,价值100ETF富国
2022-01-06,0.849,0.864,0.865,0.849,80252.0,512040,sh,价值100ETF富国
2022-01-07,0.863,0.872,0.881,0.862,119553.0,512040,sh,价值100ETF富国
2022-01-10,0.875,0.881,0.883,0.872,59536.0,512040,sh,价值100ETF富国
2022-01-11,0.876,0.885,0.89,0.876,86049.0,512040,sh,价值100ETF富国
2022-01-12,0.886,0.879,0.886,0.869,47147.0,512040,sh,价值100ETF富国
2022-01-13,0.879,0.867,0.883,0.867,59869.0,512040,sh,价值100ETF富国
2022-01-14,0.865,0.855,0.865,0.854,47761.0,512040,sh,价值100ETF富国
2022-01-17,0.854,0.864,0.867,0.854,93847.0,512040,sh,价值100ETF富国
2022-01-18,0.866,0.874,0.877,0.86,86385.0,512040,sh,价值100ETF富国
2022-01-19,0.871,0.888,0.893,0.871,118883.0,512040,sh,价值100ETF富国
2022-01-20,0.893,0.882,0.893,0.881,114054.0,512040,sh,价值100ETF富国
2022-01-21,0.882,0.867,0.882,0.865,124283.0,512040,sh,价值100ETF富国
2022-01-24,0.868,0.865,0.87,0.853,64958.0,512040,sh,价值100ETF富国
2022-01-25,0.865,0.832,0.865,0.828,152606.0,512040,sh,价值100ETF富国
2022-01-26,0.832,0.834,0.84,0.828,65185.0,512040,sh,价值100ETF富国
2022-01-27,0.835,0.82,0.835,0.819,75354.0,512040,sh,价值100ETF富国
2022-01-28,0.822,0.813,0.828,0.809,98352.0,512040,sh,价值100ETF富国
2022-02-07,0.819,0.836,0.843,0.819,101665.0,512040,sh,价值100ETF富国
2022-02-08,0.838,0.858,0.858,0.838,153587.0,512040,sh,价值100ETF富国
2022-02-09,0.874,0.865,0.874,0.851,76341.0,512040,sh,价值100ETF富国
2022-02-10,0.866,0.881,0.881,0.851,83963.0,512040,sh,价值100ETF富国
2022-02-11,0.882,0.874,0.905,0.874,170219.0,512040,sh,价值100ETF富国
2022-02-14,0.873,0.855,0.873,0.85,78385.0,512040,sh,价值100ETF富国
2022-02-15,0.85,0.851,0.856,0.844,59203.0,512040,sh,价值100ETF富国
2022-02-16,0.849,0.863,0.864,0.849,67429.0,512040,sh,价值100ETF富国
2022-02-17,0.866,0.854,0.866,0.852,58415.0,512040,sh,价值100ETF富国
2022-02-18,0.848,0.875,0.875,0.848,65913.0,512040,sh,价值100ETF富国
2022-02-21,0.871,0.882,0.882,0.869,115834.0,512040,sh,价值100ETF富国
2022-02-22,0.883,0.869,0.883,0.862,68798.0,512040,sh,价值100ETF富国
2022-02-23,0.869,0.871,0.871,0.862,53178.0,512040,sh,价值100ETF富国
2022-02-24,0.863,0.843,0.868,0.834,100156.0,512040,sh,价值100ETF富国
2022-02-25,0.844,0.843,0.855,0.838,64488.0,512040,sh,价值100ETF富国
2022-02-28,0.836,0.841,0.843,0.829,63631.0,512040,sh,价值100ETF富国
2022-03-01,0.838,0.849,0.85,0.838,71912.0,512040,sh,价值100ETF富国
2022-03-02,0.846,0.852,0.853,0.843,46733.0,512040,sh,价值100ETF富国
2022-03-03,0.849,0.863,0.864,0.849,89126.0,512040,sh,价值100ETF富国
2022-03-04,0.861,0.855,0.862,0.847,53438.0,512040,sh,价值100ETF富国
2022-03-07,0.853,0.838,0.856,0.835,155400.0,512040,sh,价值100ETF富国
2022-03-08,0.833,0.807,0.841,0.806,46687.0,512040,sh,价值100ETF富国
2022-03-09,0.806,0.794,0.814,0.762,104468.0,512040,sh,价值100ETF富国
2022-03-10,0.8,0.81,0.815,0.797,77322.0,512040,sh,价值100ETF富国
2022-03-11,0.798,0.815,0.816,0.786,85365.0,512040,sh,价值100ETF富国
2022-03-14,0.81,0.791,0.817,0.791,81891.0,512040,sh,价值100ETF富国
2022-03-15,0.791,0.731,0.791,0.73,101916.0,512040,sh,价值100ETF富国
2022-03-16,0.74,0.75,0.754,0.712,114382.0,512040,sh,价值100ETF富国
2022-03-17,0.753,0.772,0.786,0.753,89420.0,512040,sh,价值100ETF富国
2022-03-18,0.768,0.795,0.796,0.766,84506.0,512040,sh,价值100ETF富国
2022-03-21,0.796,0.795,0.8,0.784,98720.0,512040,sh,价值100ETF富国
2022-03-22,0.791,0.808,0.814,0.789,91913.0,512040,sh,价值100ETF富国
2022-03-23,0.81,0.811,0.815,0.801,82006.0,512040,sh,价值100ETF富国
2022-03-24,0.811,0.807,0.813,0.804,57919.0,512040,sh,价值100ETF富国
2022-03-25,0.807,0.804,0.819,0.803,84348.0,512040,sh,价值100ETF富国
2022-03-28,0.804,0.812,0.818,0.793,60697.0,512040,sh,价值100ETF富国
2022-03-29,0.812,0.806,0.812,0.803,38107.0,512040,sh,价值100ETF富国
2022-03-30,0.808,0.827,0.827,0.807,63100.0,512040,sh,价值100ETF富国
2022-03-31,0.828,0.837,0.845,0.823,65563.0,512040,sh,价值100ETF富国
2022-04-01,0.837,0.848,0.849,0.827,86127.0,512040,sh,价值100ETF富国
2022-04-06,0.846,0.87,0.871,0.845,61960.0,512040,sh,价值100ETF富国
2022-04-07,0.87,0.851,0.87,0.851,133592.0,512040,sh,价值100ETF富国
2022-04-08,0.851,0.862,0.864,0.84,50073.0,512040,sh,价值100ETF富国
2022-04-11,0.864,0.843,0.864,0.837,94371.0,512040,sh,价值100ETF富国
2022-04-12,0.842,0.842,0.848,0.829,61897.0,512040,sh,价值100ETF富国
2022-04-13,0.842,0.831,0.844,0.825,67392.0,512040,sh,价值100ETF富国
2022-04-14,0.83,0.849,0.852,0.83,89287.0,512040,sh,价值100ETF富国
2022-04-15,0.843,0.844,0.856,0.839,106395.0,512040,sh,价值100ETF富国
2022-04-18,0.844,0.825,0.844,0.825,104343.0,512040,sh,价值100ETF富国
2022-04-19,0.824,0.83,0.834,0.821,67367.0,512040,sh,价值100ETF富国
2022-04-20,0.832,0.805,0.832,0.8,75130.0,512040,sh,价值100ETF富国
2022-04-21,0.808,0.78,0.808,0.776,117249.0,512040,sh,价值100ETF富国
2022-04-22,0.774,0.788,0.793,0.767,121672.0,512040,sh,价值100ETF富国
2022-04-25,0.786,0.739,0.786,0.736,116726.0,512040,sh,价值100ETF富国
2022-04-26,0.738,0.724,0.747,0.721,99359.0,512040,sh,价值100ETF富国
2022-04-27,0.712,0.739,0.739,0.712,120877.0,512040,sh,价值100ETF富国
2022-04-28,0.741,0.745,0.75,0.729,185970.0,512040,sh,价值100ETF富国
2022-04-29,0.747,0.764,0.764,0.739,122764.0,512040,sh,价值100ETF富国
2022-05-05,0.764,0.771,0.776,0.761,123418.0,512040,sh,价值100ETF富国
2022-05-06,0.767,0.75,0.767,0.748,137952.0,512040,sh,价值100ETF富国
2022-05-09,0.746,0.752,0.756,0.746,142830.0,512040,sh,价值100ETF富国
2022-05-10,0.751,0.757,0.758,0.666,145891.0,512040,sh,价值100ETF富国
2022-05-11,0.752,0.755,0.767,0.752,132764.0,512040,sh,价值100ETF富国
2022-05-12,0.752,0.751,0.759,0.742,170545.0,512040,sh,价值100ETF富国
2022-05-13,0.753,0.772,0.772,0.753,159149.0,512040,sh,价值100ETF富国
2022-05-16,0.774,0.781,0.784,0.774,274570.0,512040,sh,价值100ETF富国
2022-05-17,0.782,0.778,0.782,0.765,130224.0,512040,sh,价值100ETF富国
2022-05-18,0.775,0.773,0.778,0.769,96552.0,512040,sh,价值100ETF富国
2022-05-19,0.77,0.772,0.773,0.756,155850.0,512040,sh,价值100ETF富国
2022-05-20,0.769,0.782,0.782,0.769,159077.0,512040,sh,价值100ETF富国
2022-05-23,0.781,0.78,0.783,0.777,104775.0,512040,sh,价值100ETF富国
2022-05-24,0.776,0.754,0.779,0.753,176962.0,512040,sh,价值100ETF富国
2022-05-25,0.753,0.764,0.764,0.75,251447.0,512040,sh,价值100ETF富国
2022-05-26,0.764,0.775,0.778,0.76,168663.0,512040,sh,价值100ETF富国
2022-05-27,0.771,0.776,0.78,0.771,275939.0,512040,sh,价值100ETF富国
2022-05-30,0.773,0.775,0.778,0.769,127016.0,512040,sh,价值100ETF富国
2022-05-31,0.776,0.78,0.781,0.772,143847.0,512040,sh,价值100ETF富国
2022-06-01,0.776,0.784,0.786,0.776,110493.0,512040,sh,价值100ETF富国
2022-06-02,0.784,0.779,0.784,0.775,118762.0,512040,sh,价值100ETF富国
2022-06-06,0.774,0.785,0.785,0.774,155021.0,512040,sh,价值100ETF富国
2022-06-07,0.783,0.79,0.791,0.781,128398.0,512040,sh,价值100ETF富国
2022-06-08,0.79,0.794,0.794,0.779,137444.0,512040,sh,价值100ETF富国
2022-06-09,0.794,0.791,0.801,0.789,140054.0,512040,sh,价值100ETF富国
2022-06-10,0.788,0.797,0.798,0.784,148522.0,512040,sh,价值100ETF富国
2022-06-13,0.794,0.789,0.795,0.782,134744.0,512040,sh,价值100ETF富国
2022-06-14,0.785,0.796,0.796,0.773,173809.0,512040,sh,价值100ETF富国
2022-06-15,0.797,0.804,0.817,0.796,171277.0,512040,sh,价值100ETF富国
2022-06-16,0.804,0.8,0.812,0.795,143717.0,512040,sh,价值100ETF富国
2022-06-17,0.797,0.799,0.799,0.787,167855.0,512040,sh,价值100ETF富国
2022-06-20,0.795,0.799,0.802,0.795,147040.0,512040,sh,价值100ETF富国
2022-06-21,0.797,0.801,0.806,0.794,149414.0,512040,sh,价值100ETF富国
2022-06-22,0.798,0.787,0.8,0.787,137855.0,512040,sh,价值100ETF富国
2022-06-23,0.783,0.797,0.797,0.783,147472.0,512040,sh,价值100ETF富国
2022-06-24,0.796,0.803,0.804,0.796,135480.0,512040,sh,价值100ETF富国
2022-06-27,0.801,0.809,0.811,0.801,116496.0,512040,sh,价值100ETF富国
2022-06-28,0.809,0.813,0.814,0.804,119582.0,512040,sh,价值100ETF富国
2022-06-29,0.814,0.809,0.821,0.809,333674.0,512040,sh,价值100ETF富国
2022-06-30,0.809,0.815,0.818,0.807,133334.0,512040,sh,价值100ETF富国
2022-07-01,0.815,0.816,0.82,0.81,117241.0,512040,sh,价值100ETF富国
2022-07-04,0.817,0.821,0.821,0.814,132408.0,512040,sh,价值100ETF富国
2022-07-05,0.822,0.82,0.824,0.811,136989.0,512040,sh,价值100ETF富国
2022-07-06,0.817,0.801,0.817,0.794,198449.0,512040,sh,价值100ETF富国
2022-07-07,0.801,0.801,0.804,0.795,135140.0,512040,sh,价值100ETF富国
2022-07-08,0.803,0.8,0.805,0.796,150857.0,512040,sh,价值100ETF富国
2022-07-11,0.8,0.791,0.8,0.786,185159.0,512040,sh,价值100ETF富国
2022-07-12,0.788,0.792,0.796,0.788,142716.0,512040,sh,价值100ETF富国
2022-07-13,0.792,0.79,0.792,0.786,112772.0,512040,sh,价值100ETF富国
2022-07-14,0.785,0.784,0.786,0.78,118280.0,512040,sh,价值100ETF富国
2022-07-15,0.787,0.764,0.787,0.764,128202.0,512040,sh,价值100ETF富国
2022-07-18,0.764,0.782,0.782,0.764,130452.0,512040,sh,价值100ETF富国
2022-07-19,0.782,0.786,0.786,0.779,124855.0,512040,sh,价值100ETF富国
2022-07-20,0.787,0.791,0.791,0.786,92219.0,512040,sh,价值100ETF富国
2022-07-21,0.791,0.784,0.791,0.783,93590.0,512040,sh,价值100ETF富国
2022-07-22,0.784,0.779,0.787,0.774,117929.0,512040,sh,价值100ETF富国
2022-07-25,0.777,0.78,0.785,0.777,118802.0,512040,sh,价值100ETF富国
2022-07-26,0.78,0.787,0.788,0.775,122545.0,512040,sh,价值100ETF富国
2022-07-27,0.788,0.788,0.789,0.786,82918.0,512040,sh,价值100ETF富国
2022-07-28,0.79,0.792,0.795,0.79,113379.0,512040,sh,价值100ETF富国
2022-07-29,0.795,0.784,0.795,0.783,108695.0,512040,sh,价值100ETF富国
2022-08-01,0.786,0.783,0.786,0.777,53739.0,512040,sh,价值100ETF富国
2022-08-02,0.779,0.757,0.779,0.748,105375.0,512040,sh,价值100ETF富国
2022-08-03,0.762,0.75,0.767,0.749,112898.0,512040,sh,价值100ETF富国
2022-08-04,0.751,0.756,0.757,0.747,102507.0,512040,sh,价值100ETF富国
2022-08-05,0.757,0.766,0.768,0.753,103913.0,512040,sh,价值100ETF富国
2022-08-08,0.762,0.772,0.772,0.762,94197.0,512040,sh,价值100ETF富国
2022-08-09,0.775,0.776,0.776,0.768,82574.0,512040,sh,价值100ETF富国
2022-08-10,0.778,0.774,0.778,0.77,71117.0,512040,sh,价值100ETF富国
2022-08-11,0.773,0.789,0.79,0.773,56593.0,512040,sh,价值100ETF富国
2022-08-12,0.789,0.795,0.797,0.789,50032.0,512040,sh,价值100ETF富国
2022-08-15,0.797,0.796,0.799,0.793,81016.0,512040,sh,价值100ETF富国
2022-08-16,0.796,0.797,0.798,0.793,90289.0,512040,sh,价值100ETF富国
2022-08-17,0.793,0.799,0.801,0.793,58388.0,512040,sh,价值100ETF富国
2022-08-18,0.798,0.793,0.798,0.79,79903.0,512040,sh,价值100ETF富国
2022-08-19,0.795,0.793,0.798,0.792,55105.0,512040,sh,价值100ETF富国
2022-08-22,0.797,0.802,0.802,0.788,66476.0,512040,sh,价值100ETF富国
2022-08-23,0.802,0.803,0.804,0.798,88975.0,512040,sh,价值100ETF富国
2022-08-24,0.805,0.789,0.805,0.786,93033.0,512040,sh,价值100ETF富国
2022-08-25,0.791,0.798,0.798,0.78,112635.0,512040,sh,价值100ETF富国
2022-08-26,0.798,0.792,0.801,0.791,85833.0,512040,sh,价值100ETF富国
2022-08-29,0.79,0.795,0.795,0.782,89501.0,512040,sh,价值100ETF富国
2022-08-30,0.796,0.79,0.797,0.785,69601.0,512040,sh,价值100ETF富国
2022-08-31,0.788,0.779,0.789,0.776,92184.0,512040,sh,价值100ETF富国
2022-09-01,0.779,0.781,0.79,0.777,82279.0,512040,sh,价值100ETF富国
2022-09-02,0.779,0.781,0.784,0.777,125438.0,512040,sh,价值100ETF富国
2022-09-05,0.781,0.791,0.791,0.779,131102.0,512040,sh,价值100ETF富国
2022-09-06,0.794,0.798,0.798,0.791,137506.0,512040,sh,价值100ETF富国
2022-09-07,0.798,0.794,0.798,0.79,110581.0,512040,sh,价值100ETF富国
2022-09-08,0.79,0.789,0.794,0.789,119498.0,512040,sh,价值100ETF富国
2022-09-09,0.788,0.803,0.803,0.788,103963.0,512040,sh,价值100ETF富国
2022-09-13,0.805,0.799,0.806,0.797,68811.0,512040,sh,价值100ETF富国
2022-09-14,0.796,0.791,0.796,0.788,80583.0,512040,sh,价值100ETF富国
2022-09-15,0.793,0.783,0.798,0.775,90566.0,512040,sh,价值100ETF富国
2022-09-16,0.783,0.76,0.783,0.76,115186.0,512040,sh,价值100ETF富国
2022-09-19,0.756,0.756,0.76,0.751,95743.0,512040,sh,价值100ETF富国
2022-09-20,0.76,0.756,0.761,0.754,82029.0,512040,sh,价值100ETF富国
2022-09-21,0.753,0.761,0.762,0.748,96656.0,512040,sh,价值100ETF富国
2022-09-22,0.761,0.757,0.761,0.754,99637.0,512040,sh,价值100ETF富国
2022-09-23,0.757,0.748,0.76,0.744,115709.0,512040,sh,价值100ETF富国
2022-09-26,0.748,0.731,0.748,0.729,108747.0,512040,sh,价值100ETF富国
2022-09-27,0.733,0.742,0.743,0.727,79895.0,512040,sh,价值100ETF富国
2022-09-28,0.746,0.733,0.746,0.731,124858.0,512040,sh,价值100ETF富国
2022-09-29,0.732,0.732,0.742,0.726,102216.0,512040,sh,价值100ETF富国
2022-09-30,0.73,0.731,0.737,0.728,123499.0,512040,sh,价值100ETF富国
2022-10-10,0.728,0.724,0.738,0.722,123733.0,512040,sh,价值100ETF富国
2022-10-11,0.721,0.72,0.724,0.711,135905.0,512040,sh,价值100ETF富国
2022-10-12,0.717,0.731,0.731,0.708,161243.0,512040,sh,价值100ETF富国
2022-10-13,0.731,0.728,0.733,0.723,109627.0,512040,sh,价值100ETF富国
2022-10-14,0.726,0.748,0.75,0.726,108330.0,512040,sh,价值100ETF富国
2022-10-17,0.748,0.751,0.752,0.742,108656.0,512040,sh,价值100ETF富国
2022-10-18,0.751,0.751,0.756,0.749,109344.0,512040,sh,价值100ETF富国
2022-10-19,0.751,0.74,0.751,0.74,100844.0,512040,sh,价值100ETF富国
2022-10-20,0.744,0.736,0.745,0.732,84223.0,512040,sh,价值100ETF富国
2022-10-21,0.736,0.736,0.741,0.733,103586.0,512040,sh,价值100ETF富国
2022-10-24,0.736,0.721,0.745,0.717,105637.0,512040,sh,价值100ETF富国
2022-10-25,0.722,0.713,0.722,0.707,99411.0,512040,sh,价值100ETF富国
2022-10-26,0.717,0.72,0.728,0.712,67755.0,512040,sh,价值100ETF富国
2022-10-27,0.717,0.723,0.727,0.717,64260.0,512040,sh,价值100ETF富国
2022-10-28,0.719,0.697,0.72,0.696,87858.0,512040,sh,价值100ETF富国
2022-10-31,0.697,0.696,0.704,0.691,128570.0,512040,sh,价值100ETF富国
2022-11-01,0.699,0.714,0.715,0.698,113846.0,512040,sh,价值100ETF富国
2022-11-02,0.718,0.724,0.728,0.709,122473.0,512040,sh,价值100ETF富国
2022-11-03,0.723,0.717,0.723,0.715,124383.0,512040,sh,价值100ETF富国
2022-11-04,0.715,0.735,0.737,0.715,82291.0,512040,sh,价值100ETF富国
2022-11-07,0.731,0.741,0.743,0.731,134040.0,512040,sh,价值100ETF富国
2022-11-08,0.737,0.739,0.74,0.736,87005.0,512040,sh,价值100ETF富国
2022-11-09,0.743,0.74,0.744,0.74,34459.0,512040,sh,价值100ETF富国
2022-11-10,0.738,0.739,0.742,0.734,121175.0,512040,sh,价值100ETF富国
2022-11-11,0.745,0.754,0.764,0.745,151217.0,512040,sh,价值100ETF富国
2022-11-14,0.755,0.762,0.77,0.755,98019.0,512040,sh,价值100ETF富国
2022-11-15,0.762,0.773,0.773,0.76,82693.0,512040,sh,价值100ETF富国
2022-11-16,0.778,0.768,0.778,0.767,53659.0,512040,sh,价值100ETF富国
2022-11-17,0.766,0.769,0.771,0.762,81537.0,512040,sh,价值100ETF富国
2022-11-18,0.766,0.767,0.774,0.765,95713.0,512040,sh,价值100ETF富国
2022-11-21,0.765,0.767,0.767,0.753,112204.0,512040,sh,价值100ETF富国
2022-11-22,0.767,0.763,0.771,0.759,100620.0,512040,sh,价值100ETF富国
2022-11-23,0.759,0.758,0.763,0.755,91841.0,512040,sh,价值100ETF富国
2022-11-24,0.756,0.765,0.766,0.756,90594.0,512040,sh,价值100ETF富国
2022-11-25,0.759,0.771,0.771,0.759,131276.0,512040,sh,价值100ETF富国
2022-11-28,0.765,0.765,0.765,0.756,85928.0,512040,sh,价值100ETF富国
2022-11-29,0.765,0.794,0.794,0.765,144933.0,512040,sh,价值100ETF富国
2022-11-30,0.795,0.791,0.798,0.788,101991.0,512040,sh,价值100ETF富国
2022-12-01,0.791,0.791,0.801,0.789,113328.0,512040,sh,价值100ETF富国
2022-12-02,0.789,0.789,0.79,0.786,129750.0,512040,sh,价值100ETF富国
2022-12-05,0.789,0.801,0.802,0.789,93569.0,512040,sh,价值100ETF富国
2022-12-06,0.802,0.795,0.802,0.792,136425.0,512040,sh,价值100ETF富国
2022-12-07,0.795,0.794,0.798,0.788,101185.0,512040,sh,价值100ETF富国
2022-12-08,0.79,0.795,0.799,0.79,120036.0,512040,sh,价值100ETF富国
2022-12-09,0.792,0.801,0.803,0.792,118817.0,512040,sh,价值100ETF富国
2022-12-12,0.8,0.782,0.807,0.782,120701.0,512040,sh,价值100ETF富国
2022-12-13,0.787,0.788,0.79,0.784,175681.0,512040,sh,价值100ETF富国
2022-12-14,0.788,0.78,0.789,0.779,91050.0,512040,sh,价值100ETF富国
2022-12-15,0.778,0.775,0.781,0.772,138840.0,512040,sh,价值100ETF富国
2022-12-16,0.771,0.778,0.785,0.771,98398.0,512040,sh,价值100ETF富国
2022-12-19,0.78,0.762,0.781,0.757,101230.0,512040,sh,价值100ETF富国
2022-12-20,0.758,0.752,0.758,0.748,91752.0,512040,sh,价值100ETF富国
2022-12-21,0.749,0.749,0.757,0.748,93629.0,512040,sh,价值100ETF富国
2022-12-22,0.75,0.74,0.757,0.738,96384.0,512040,sh,价值100ETF富国
2022-12-23,0.736,0.741,0.751,0.735,93849.0,512040,sh,价值100ETF富国
2022-12-26,0.741,0.743,0.744,0.739,116818.0,512040,sh,价值100ETF富国
2022-12-27,0.738,0.75,0.75,0.738,139183.0,512040,sh,价值100ETF富国
2022-12-28,0.745,0.745,0.751,0.743,132342.0,512040,sh,价值100ETF富国
2022-12-29,0.745,0.735,0.745,0.733,138719.0,512040,sh,价值100ETF富国
2022-12-30,0.733,0.741,0.746,0.733,462395.0,512040,sh,价值100ETF富国
2023-01-03,0.741,0.747,0.747,0.738,107320.0,512040,sh,价值100ETF富国
2023-01-04,0.747,0.751,0.755,0.746,140647.0,512040,sh,价值100ETF富国
2023-01-05,0.748,0.754,0.755,0.748,109924.0,512040,sh,价值100ETF富国
2023-01-06,0.751,0.753,0.755,0.751,129586.0,512040,sh,价值100ETF富国
2023-01-09,0.755,0.755,0.759,0.753,72247.0,512040,sh,价值100ETF富国
2023-01-10,0.755,0.749,0.755,0.748,74435.0,512040,sh,价值100ETF富国
2023-01-11,0.749,0.755,0.759,0.749,101853.0,512040,sh,价值100ETF富国
2023-01-12,0.752,0.753,0.755,0.75,155515.0,512040,sh,价值100ETF富国
2023-01-13,0.753,0.759,0.759,0.753,126232.0,512040,sh,价值100ETF富国
2023-01-16,0.761,0.765,0.767,0.759,104099.0,512040,sh,价值100ETF富国
2023-01-17,0.765,0.76,0.765,0.759,129403.0,512040,sh,价值100ETF富国
2023-01-18,0.761,0.764,0.769,0.761,118064.0,512040,sh,价值100ETF富国
2023-01-19,0.76,0.767,0.769,0.76,104522.0,512040,sh,价值100ETF富国
2023-01-20,0.766,0.778,0.778,0.766,103236.0,512040,sh,价值100ETF富国
2023-01-30,0.783,0.775,0.786,0.775,195484.0,512040,sh,价值100ETF富国
2023-01-31,0.772,0.782,0.782,0.772,108047.0,512040,sh,价值100ETF富国
2023-02-01,0.782,0.787,0.787,0.778,120619.0,512040,sh,价值100ETF富国
2023-02-02,0.784,0.791,0.792,0.784,92685.0,512040,sh,价值100ETF富国
2023-02-03,0.789,0.783,0.789,0.777,96922.0,512040,sh,价值100ETF富国
2023-02-06,0.783,0.778,0.783,0.774,93493.0,512040,sh,价值100ETF富国
2023-02-07,0.778,0.787,0.793,0.778,101348.0,512040,sh,价值100ETF富国
2023-02-08,0.787,0.781,0.787,0.781,91039.0,512040,sh,价值100ETF富国
2023-02-09,0.78,0.788,0.788,0.779,83756.0,512040,sh,价值100ETF富国
2023-02-10,0.788,0.788,0.791,0.784,125187.0,512040,sh,价值100ETF富国
2023-02-13,0.788,0.795,0.796,0.785,106958.0,512040,sh,价值100ETF富国
2023-02-14,0.796,0.801,0.801,0.796,112794.0,512040,sh,价值100ETF富国
2023-02-15,0.804,0.795,0.804,0.795,105667.0,512040,sh,价值100ETF富国
2023-02-16,0.796,0.789,0.806,0.784,123396.0,512040,sh,价值100ETF富国
2023-02-17,0.789,0.789,0.797,0.787,107776.0,512040,sh,价值100ETF富国
2023-02-20,0.79,0.808,0.809,0.79,111130.0,512040,sh,价值100ETF富国
2023-02-21,0.808,0.819,0.82,0.808,97453.0,512040,sh,价值100ETF富国
2023-02-22,0.821,0.82,0.821,0.813,122263.0,512040,sh,价值100ETF富国
2023-02-23,0.82,0.82,0.827,0.817,285881.0,512040,sh,价值100ETF富国
2023-02-24,0.817,0.818,0.821,0.811,125691.0,512040,sh,价值100ETF富国
2023-02-27,0.818,0.816,0.823,0.814,102449.0,512040,sh,价值100ETF富国
2023-02-28,0.817,0.819,0.82,0.811,99633.0,512040,sh,价值100ETF富国
2023-03-01,0.82,0.824,0.825,0.819,148112.0,512040,sh,价值100ETF富国
2023-03-02,0.824,0.826,0.831,0.823,89982.0,512040,sh,价值100ETF富国
2023-03-03,0.827,0.829,0.83,0.824,110994.0,512040,sh,价值100ETF富国
2023-03-06,0.829,0.824,0.832,0.823,105381.0,512040,sh,价值100ETF富国
2023-03-07,0.822,0.813,0.829,0.813,116072.0,512040,sh,价值100ETF富国
2023-03-08,0.812,0.813,0.813,0.809,102023.0,512040,sh,价值100ETF富国
2023-03-09,0.813,0.812,0.816,0.808,103116.0,512040,sh,价值100ETF富国
2023-03-10,0.808,0.794,0.809,0.793,110737.0,512040,sh,价值100ETF富国
2023-03-13,0.795,0.802,0.803,0.793,89667.0,512040,sh,价值100ETF富国
2023-03-14,0.802,0.791,0.802,0.788,93840.0,512040,sh,价值100ETF富国
2023-03-15,0.793,0.804,0.806,0.793,119001.0,512040,sh,价值100ETF富国
2023-03-16,0.798,0.793,0.802,0.791,117751.0,512040,sh,价值100ETF富国
2023-03-17,0.798,0.801,0.807,0.798,80710.0,512040,sh,价值100ETF富国
2023-03-20,0.801,0.795,0.807,0.795,99020.0,512040,sh,价值100ETF富国
2023-03-21,0.795,0.8,0.801,0.795,73626.0,512040,sh,价值100ETF富国
2023-03-22,0.796,0.812,0.814,0.796,78743.0,512040,sh,价值100ETF富国
2023-03-23,0.806,0.812,0.813,0.806,104765.0,512040,sh,价值100ETF富国
2023-03-24,0.812,0.807,0.812,0.804,88070.0,512040,sh,价值100ETF富国
2023-03-27,0.803,0.802,0.809,0.797,103697.0,512040,sh,价值100ETF富国
2023-03-28,0.798,0.799,0.806,0.798,129845.0,512040,sh,价值100ETF富国
2023-03-29,0.799,0.794,0.802,0.793,126872.0,512040,sh,价值100ETF富国
2023-03-30,0.793,0.801,0.801,0.788,93158.0,512040,sh,价值100ETF富国
2023-03-31,0.801,0.804,0.807,0.8,102656.0,512040,sh,价值100ETF富国
2023-04-03,0.804,0.812,0.813,0.804,145471.0,512040,sh,价值100ETF富国
2023-04-04,0.813,0.81,0.814,0.808,100481.0,512040,sh,价值100ETF富国
2023-04-06,0.81,0.807,0.81,0.804,110030.0,512040,sh,价值100ETF富国
2023-04-07,0.807,0.811,0.812,0.806,102913.0,512040,sh,价值100ETF富国
2023-04-10,0.806,0.807,0.809,0.804,115783.0,512040,sh,价值100ETF富国
2023-04-11,0.804,0.809,0.81,0.802,122818.0,512040,sh,价值100ETF富国
2023-04-12,0.808,0.818,0.818,0.808,116426.0,512040,sh,价值100ETF富国
2023-04-13,0.813,0.819,0.822,0.813,115954.0,512040,sh,价值100ETF富国
2023-04-14,0.818,0.821,0.823,0.817,109745.0,512040,sh,价值100ETF富国
2023-04-17,0.821,0.833,0.833,0.819,100615.0,512040,sh,价值100ETF富国
2023-04-18,0.833,0.843,0.843,0.831,110327.0,512040,sh,价值100ETF富国
2023-04-19,0.845,0.836,0.845,0.836,95010.0,512040,sh,价值100ETF富国
2023-04-20,0.838,0.839,0.839,0.829,137923.0,512040,sh,价值100ETF富国
2023-04-21,0.839,0.827,0.844,0.826,111031.0,512040,sh,价值100ETF富国
2023-04-24,0.826,0.822,0.829,0.818,122884.0,512040,sh,价值100ETF富国
2023-04-25,0.822,0.819,0.826,0.805,115716.0,512040,sh,价值100ETF富国
2023-04-26,0.814,0.824,0.827,0.814,94732.0,512040,sh,价值100ETF富国
2023-04-27,0.827,0.826,0.829,0.819,101908.0,512040,sh,价值100ETF富国
2023-04-28,0.822,0.836,0.838,0.819,127312.0,512040,sh,价值100ETF富国
2023-05-04,0.836,0.847,0.849,0.829,115489.0,512040,sh,价值100ETF富国
2023-05-05,0.847,0.854,0.855,0.843,103694.0,512040,sh,价值100ETF富国
2023-05-08,0.856,0.87,0.874,0.856,221118.0,512040,sh,价值100ETF富国
2023-05-09,0.873,0.866,0.883,0.866,98063.0,512040,sh,价值100ETF富国
2023-05-10,0.864,0.854,0.864,0.847,471199.0,512040,sh,价值100ETF富国
2023-05-11,0.851,0.852,0.856,0.849,131112.0,512040,sh,价值100ETF富国
2023-05-12,0.847,0.841,0.855,0.84,118173.0,512040,sh,价值100ETF富国
2023-05-15,0.838,0.839,0.84,0.822,204704.0,512040,sh,价值100ETF富国
2023-05-16,0.832,0.832,0.842,0.829,112688.0,512040,sh,价值100ETF富国
2023-05-17,0.832,0.834,0.839,0.829,149633.0,512040,sh,价值100ETF富国
2023-05-18,0.834,0.839,0.842,0.834,157405.0,512040,sh,价值100ETF富国
2023-05-19,0.832,0.828,0.839,0.826,107551.0,512040,sh,价值100ETF富国
2023-05-22,0.828,0.828,0.831,0.823,160926.0,512040,sh,价值100ETF富国
2023-05-23,0.823,0.82,0.828,0.82,115677.0,512040,sh,价值100ETF富国
2023-05-24,0.819,0.807,0.819,0.805,123805.0,512040,sh,价值100ETF富国
2023-05-25,0.806,0.8,0.818,0.792,104710.0,512040,sh,价值100ETF富国
2023-05-26,0.796,0.806,0.807,0.794,102315.0,512040,sh,价值100ETF富国
2023-05-29,0.803,0.807,0.812,0.803,92760.0,512040,sh,价值100ETF富国
2023-05-30,0.806,0.813,0.813,0.8,104353.0,512040,sh,价值100ETF富国
2023-05-31,0.813,0.805,0.813,0.802,112172.0,512040,sh,价值100ETF富国
2023-06-01,0.801,0.805,0.811,0.798,66372.0,512040,sh,价值100ETF富国
2023-06-02,0.799,0.817,0.818,0.799,83363.0,512040,sh,价值100ETF富国
2023-06-05,0.819,0.819,0.819,0.812,95491.0,512040,sh,价值100ETF富国
2023-06-06,0.818,0.808,0.824,0.806,99360.0,512040,sh,价值100ETF富国
2023-06-07,0.804,0.812,0.815,0.804,91535.0,512040,sh,价值100ETF富国
2023-06-08,0.812,0.818,0.818,0.806,127605.0,512040,sh,价值100ETF富国
2023-06-09,0.819,0.819,0.819,0.811,135839.0,512040,sh,价值100ETF富国
2023-06-12,0.818,0.819,0.821,0.811,107600.0,512040,sh,价值100ETF富国
2023-06-13,0.812,0.81,0.818,0.809,80183.0,512040,sh,价值100ETF富国
2023-06-14,0.81,0.811,0.814,0.809,115898.0,512040,sh,价值100ETF富国
2023-06-15,0.811,0.815,0.815,0.806,92488.0,512040,sh,价值100ETF富国
2023-06-16,0.811,0.818,0.82,0.811,33093.0,512040,sh,价值100ETF富国
2023-06-19,0.819,0.813,0.82,0.812,74867.0,512040,sh,价值100ETF富国
2023-06-20,0.81,0.806,0.819,0.805,94192.0,512040,sh,价值100ETF富国
2023-06-21,0.804,0.801,0.813,0.801,96167.0,512040,sh,价值100ETF富国
2023-06-26,0.801,0.791,0.801,0.789,131393.0,512040,sh,价值100ETF富国
2023-06-27,0.791,0.806,0.807,0.791,69215.0,512040,sh,价值100ETF富国
2023-06-28,0.799,0.811,0.811,0.799,61389.0,512040,sh,价值100ETF富国
2023-06-29,0.812,0.812,0.815,0.807,128857.0,512040,sh,价值100ETF富国
2023-06-30,0.812,0.822,0.825,0.812,71400.0,512040,sh,价值100ETF富国
2023-07-03,0.823,0.829,0.829,0.823,48190.0,512040,sh,价值100ETF富国
2023-07-04,0.829,0.827,0.83,0.824,79163.0,512040,sh,价值100ETF富国
2023-07-05,0.827,0.824,0.828,0.823,89609.0,512040,sh,价值100ETF富国
2023-07-06,0.822,0.819,0.826,0.818,84404.0,512040,sh,价值100ETF富国
2023-07-07,0.813,0.821,0.824,0.813,89715.0,512040,sh,价值100ETF富国
2023-07-10,0.821,0.825,0.827,0.821,78739.0,512040,sh,价值100ETF富国
2023-07-11,0.822,0.825,0.827,0.822,71663.0,512040,sh,价值100ETF富国
2023-07-12,0.824,0.821,0.828,0.82,76066.0,512040,sh,价值100ETF富国
2023-07-13,0.82,0.829,0.831,0.82,83864.0,512040,sh,价值100ETF富国
2023-07-14,0.829,0.83,0.833,0.828,79251.0,512040,sh,价值100ETF富国
2023-07-17,0.83,0.825,0.83,0.822,87439.0,512040,sh,价值100ETF富国
2023-07-18,0.826,0.825,0.827,0.822,63761.0,512040,sh,价值100ETF富国
2023-07-19,0.827,0.828,0.829,0.823,68609.0,512040,sh,价值100ETF富国
2023-07-20,0.829,0.825,0.837,0.823,77419.0,512040,sh,价值100ETF富国
2023-07-21,0.823,0.824,0.828,0.821,68248.0,512040,sh,价值100ETF富国
2023-07-24,0.825,0.822,0.825,0.816,83405.0,512040,sh,价值100ETF富国
2023-07-25,0.823,0.84,0.841,0.823,72209.0,512040,sh,价值100ETF富国
2023-07-26,0.842,0.843,0.844,0.838,82349.0,512040,sh,价值100ETF富国
2023-07-27,0.844,0.838,0.844,0.836,68344.0,512040,sh,价值100ETF富国
2023-07-28,0.84,0.852,0.854,0.835,126353.0,512040,sh,价值100ETF富国
2023-07-31,0.857,0.856,0.866,0.854,104031.0,512040,sh,价值100ETF富国
2023-08-01,0.856,0.85,0.856,0.849,93583.0,512040,sh,价值100ETF富国
2023-08-02,0.865,0.845,0.865,0.843,85084.0,512040,sh,价值100ETF富国
2023-08-03,0.846,0.851,0.852,0.843,79618.0,512040,sh,价值100ETF富国
2023-08-04,0.852,0.849,0.861,0.849,109072.0,512040,sh,价值100ETF富国
2023-08-07,0.848,0.84,0.848,0.838,84644.0,512040,sh,价值100ETF富国
2023-08-08,0.836,0.841,0.847,0.835,73558.0,512040,sh,价值100ETF富国
2023-08-09,0.836,0.837,0.846,0.835,82106.0,512040,sh,价值100ETF富国
2023-08-10,0.836,0.84,0.842,0.835,61638.0,512040,sh,价值100ETF富国
2023-08-11,0.839,0.828,0.841,0.828,77488.0,512040,sh,价值100ETF富国
2023-08-14,0.828,0.827,0.828,0.815,126676.0,512040,sh,价值100ETF富国
2023-08-15,0.826,0.829,0.83,0.822,104857.0,512040,sh,价值100ETF富国
2023-08-16,0.826,0.828,0.834,0.826,91081.0,512040,sh,价值100ETF富国
2023-08-17,0.829,0.83,0.83,0.819,78048.0,512040,sh,价值100ETF富国
2023-08-18,0.829,0.821,0.832,0.82,73347.0,512040,sh,价值100ETF富国
2023-08-21,0.821,0.811,0.825,0.811,364517.0,512040,sh,价值100ETF富国
2023-08-22,0.813,0.813,0.821,0.802,80229.0,512040,sh,价值100ETF富国
2023-08-23,0.808,0.805,0.815,0.804,76145.0,512040,sh,价值100ETF富国
2023-08-24,0.805,0.805,0.809,0.8,112445.0,512040,sh,价值100ETF富国
2023-08-25,0.804,0.801,0.808,0.798,98748.0,512040,sh,价值100ETF富国
2023-08-28,0.843,0.817,0.847,0.813,79030.0,512040,sh,价值100ETF富国
2023-08-29,0.815,0.83,0.831,0.815,105525.0,512040,sh,价值100ETF富国
2023-08-30,0.827,0.827,0.834,0.824,235185.0,512040,sh,价值100ETF富国
2023-08-31,0.827,0.819,0.829,0.818,102512.0,512040,sh,价值100ETF富国
2023-09-01,0.816,0.83,0.83,0.816,50843.0,512040,sh,价值100ETF富国
2023-09-04,0.837,0.84,0.843,0.824,80033.0,512040,sh,价值100ETF富国
2023-09-05,0.842,0.834,0.842,0.832,73118.0,512040,sh,价值100ETF富国
2023-09-06,0.832,0.835,0.836,0.828,63514.0,512040,sh,价值100ETF富国
2023-09-07,0.836,0.828,0.836,0.827,89438.0,512040,sh,价值100ETF富国
2023-09-08,0.823,0.825,0.828,0.821,101956.0,512040,sh,价值100ETF富国
2023-09-11,0.82,0.832,0.833,0.82,70246.0,512040,sh,价值100ETF富国
2023-09-12,0.832,0.833,0.837,0.832,65903.0,512040,sh,价值100ETF富国
2023-09-13,0.834,0.834,0.838,0.829,243660.0,512040,sh,价值100ETF富国
2023-09-14,0.835,0.841,0.841,0.832,234501.0,512040,sh,价值100ETF富国
2023-09-15,0.842,0.841,0.846,0.838,96036.0,512040,sh,价值100ETF富国
2023-09-18,0.841,0.843,0.844,0.835,77586.0,512040,sh,价值100ETF富国
2023-09-19,0.838,0.844,0.845,0.838,94116.0,512040,sh,价值100ETF富国
2023-09-20,0.846,0.843,0.846,0.84,60167.0,512040,sh,价值100ETF富国
2023-09-21,0.839,0.836,0.843,0.835,82004.0,512040,sh,价值100ETF富国
2023-09-22,0.831,0.841,0.842,0.831,85361.0,512040,sh,价值100ETF富国
2023-09-25,0.841,0.841,0.845,0.838,89577.0,512040,sh,价值100ETF富国
2023-09-26,0.839,0.837,0.84,0.836,75259.0,512040,sh,价值100ETF富国
2023-09-27,0.835,0.839,0.841,0.835,110951.0,512040,sh,价值100ETF富国
2023-09-28,0.84,0.843,0.846,0.84,102647.0,512040,sh,价值100ETF富国
2023-10-09,0.843,0.838,0.843,0.832,95946.0,512040,sh,价值100ETF富国
2023-10-10,0.835,0.825,0.839,0.824,90340.0,512040,sh,价值100ETF富国
2023-10-11,0.824,0.822,0.833,0.819,642568.0,512040,sh,价值100ETF富国
2023-10-12,0.821,0.828,0.83,0.821,204376.0,512040,sh,价值100ETF富国
2023-10-13,0.824,0.826,0.826,0.822,153307.0,512040,sh,价值100ETF富国
2023-10-16,0.826,0.823,0.827,0.819,157120.0,512040,sh,价值100ETF富国
2023-10-17,0.823,0.823,0.823,0.816,155747.0,512040,sh,价值100ETF富国
2023-10-18,0.821,0.81,0.821,0.808,127703.0,512040,sh,价值100ETF富国
2023-10-19,0.806,0.797,0.808,0.795,127886.0,512040,sh,价值100ETF富国
2023-10-20,0.797,0.794,0.8,0.791,166789.0,512040,sh,价值100ETF富国
2023-10-23,0.788,0.776,0.795,0.771,164200.0,512040,sh,价值100ETF富国
2023-10-24,0.771,0.783,0.784,0.771,145303.0,512040,sh,价值100ETF富国
2023-10-25,0.789,0.793,0.796,0.789,154254.0,512040,sh,价值100ETF富国
2023-10-26,0.787,0.792,0.794,0.784,132325.0,512040,sh,价值100ETF富国
2023-10-27,0.792,0.806,0.808,0.79,177806.0,512040,sh,价值100ETF富国
2023-10-30,0.807,0.804,0.808,0.799,515438.0,512040,sh,价值100ETF富国
2023-10-31,0.807,0.807,0.807,0.802,172826.0,512040,sh,价值100ETF富国
2023-11-01,0.809,0.803,0.809,0.799,167602.0,512040,sh,价值100ETF富国
2023-11-02,0.8,0.799,0.811,0.796,138346.0,512040,sh,价值100ETF富国
2023-11-03,0.797,0.802,0.807,0.797,116153.0,512040,sh,价值100ETF富国
2023-11-06,0.804,0.81,0.81,0.804,162355.0,512040,sh,价值100ETF富国
2023-11-07,0.811,0.805,0.811,0.803,151020.0,512040,sh,价值100ETF富国
2023-11-08,0.803,0.808,0.81,0.801,145646.0,512040,sh,价值100ETF富国
2023-11-09,0.805,0.815,0.816,0.805,147068.0,512040,sh,价值100ETF富国
2023-11-10,0.809,0.815,0.815,0.807,117468.0,512040,sh,价值100ETF富国
2023-11-13,0.815,0.818,0.818,0.808,154783.0,512040,sh,价值100ETF富国
2023-11-14,0.813,0.817,0.818,0.81,133380.0,512040,sh,价值100ETF富国
2023-11-15,0.817,0.825,0.825,0.817,112643.0,512040,sh,价值100ETF富国
2023-11-16,0.818,0.822,0.825,0.817,147553.0,512040,sh,价值100ETF富国
2023-11-17,0.816,0.825,0.827,0.816,154277.0,512040,sh,价值100ETF富国
2023-11-20,0.826,0.829,0.829,0.824,188935.0,512040,sh,价值100ETF富国
2023-11-21,0.829,0.832,0.836,0.829,194909.0,512040,sh,价值100ETF富国
2023-11-22,0.828,0.828,0.831,0.826,121611.0,512040,sh,价值100ETF富国
2023-11-23,0.829,0.839,0.839,0.826,116057.0,512040,sh,价值100ETF富国
2023-11-24,0.833,0.841,0.843,0.833,157788.0,512040,sh,价值100ETF富国
2023-11-27,0.841,0.839,0.847,0.835,154547.0,512040,sh,价值100ETF富国
2023-11-28,0.839,0.843,0.843,0.833,157623.0,512040,sh,价值100ETF富国
2023-11-29,0.838,0.838,0.844,0.836,120485.0,512040,sh,价值100ETF富国
2023-11-30,0.835,0.839,0.839,0.832,131922.0,512040,sh,价值100ETF富国
2023-12-01,0.839,0.846,0.846,0.838,183376.0,512040,sh,价值100ETF富国
2023-12-04,0.844,0.844,0.846,0.842,109627.0,512040,sh,价值100ETF富国
2023-12-05,0.844,0.83,0.845,0.829,123289.0,512040,sh,价值100ETF富国
2023-12-06,0.829,0.834,0.835,0.827,114505.0,512040,sh,价值100ETF富国
2023-12-07,0.834,0.825,0.834,0.824,130373.0,512040,sh,价值100ETF富国
2023-12-08,0.825,0.82,0.827,0.82,273641.0,512040,sh,价值100ETF富国
2023-12-11,0.82,0.834,0.835,0.81,301793.0,512040,sh,价值100ETF富国
2023-12-12,0.834,0.838,0.84,0.829,119716.0,512040,sh,价值100ETF富国
2023-12-13,0.838,0.833,0.905,0.833,108797.0,512040,sh,价值100ETF富国
2023-12-14,0.83,0.832,0.837,0.83,125494.0,512040,sh,价值100ETF富国
2023-12-15,0.83,0.827,0.835,0.825,131385.0,512040,sh,价值100ETF富国
2023-12-18,0.828,0.821,0.828,0.819,184662.0,512040,sh,价值100ETF富国
2023-12-19,0.816,0.819,0.826,0.814,137659.0,512040,sh,价值100ETF富国
2023-12-20,0.819,0.814,0.822,0.813,135653.0,512040,sh,价值100ETF富国
2023-12-21,0.814,0.82,0.82,0.807,138139.0,512040,sh,价值100ETF富国
2023-12-22,0.82,0.817,0.826,0.815,148429.0,512040,sh,价值100ETF富国
2023-12-25,0.817,0.817,0.818,0.811,119486.0,512040,sh,价值100ETF富国
2023-12-26,0.813,0.809,0.818,0.808,132057.0,512040,sh,价值100ETF富国
2023-12-27,0.807,0.819,0.82,0.807,184082.0,512040,sh,价值100ETF富国
2023-12-28,0.813,0.824,0.825,0.813,208193.0,512040,sh,价值100ETF富国
2023-12-29,0.825,0.831,0.832,0.822,209198.0,512040,sh,价值100ETF富国
2024-01-02,0.833,0.838,0.842,0.83,222247.0,512040,sh,价值100ETF富国
2024-01-03,0.832,0.839,0.839,0.832,261006.0,512040,sh,价值100ETF富国
2024-01-04,0.835,0.842,0.842,0.835,242283.0,512040,sh,价值100ETF富国
2024-01-05,0.838,0.838,0.848,0.833,380283.0,512040,sh,价值100ETF富国
2024-01-08,0.835,0.826,0.838,0.825,221234.0,512040,sh,价值100ETF富国
2024-01-09,0.824,0.833,0.834,0.823,347613.0,512040,sh,价值100ETF富国
2024-01-10,0.827,0.829,0.834,0.827,364779.0,512040,sh,价值100ETF富国
2024-01-11,0.825,0.83,0.832,0.825,286765.0,512040,sh,价值100ETF富国
2024-01-12,0.826,0.833,0.839,0.826,467973.0,512040,sh,价值100ETF富国
2024-01-15,0.833,0.839,0.841,0.83,311380.0,512040,sh,价值100ETF富国
2024-01-16,0.838,0.84,0.842,0.832,353116.0,512040,sh,价值100ETF富国
2024-01-17,0.84,0.832,0.842,0.831,279843.0,512040,sh,价值100ETF富国
2024-01-18,0.826,0.825,0.83,0.806,584846.0,512040,sh,价值100ETF富国
2024-01-19,0.819,0.82,0.828,0.817,378026.0,512040,sh,价值100ETF富国
2024-01-22,0.82,0.787,0.82,0.78,514984.0,512040,sh,价值100ETF富国
2024-01-23,0.787,0.792,0.799,0.775,756282.0,512040,sh,价值100ETF富国
2024-01-24,0.792,0.807,0.807,0.783,380492.0,512040,sh,价值100ETF富国
2024-01-25,0.804,0.832,0.833,0.804,513268.0,512040,sh,价值100ETF富国
2024-01-26,0.829,0.838,0.841,0.827,348209.0,512040,sh,价值100ETF富国
2024-01-29,0.837,0.833,0.841,0.831,292189.0,512040,sh,价值100ETF富国
2024-01-30,0.833,0.819,0.833,0.814,553543.0,512040,sh,价值100ETF富国
2024-01-31,0.817,0.808,0.819,0.801,377409.0,512040,sh,价值100ETF富国
2024-02-01,0.802,0.799,0.809,0.792,288040.0,512040,sh,价值100ETF富国
2024-02-02,0.797,0.788,0.806,0.769,362993.0,512040,sh,价值100ETF富国
2024-02-05,0.781,0.781,0.797,0.759,718621.0,512040,sh,价值100ETF富国
2024-02-06,0.78,0.811,0.817,0.77,465432.0,512040,sh,价值100ETF富国
2024-02-07,0.806,0.832,0.832,0.805,632274.0,512040,sh,价值100ETF富国
2024-02-08,0.834,0.844,0.851,0.834,494736.0,512040,sh,价值100ETF富国
2024-02-19,0.844,0.855,0.855,0.841,470200.0,512040,sh,价值100ETF富国
2024-02-20,0.855,0.86,0.862,0.846,313915.0,512040,sh,价值100ETF富国
2024-02-21,0.858,0.865,0.881,0.853,489809.0,512040,sh,价值100ETF富国
2024-02-22,0.861,0.877,0.877,0.861,342259.0,512040,sh,价值100ETF富国
2024-02-23,0.874,0.876,0.88,0.868,268553.0,512040,sh,价值100ETF富国
2024-02-26,0.876,0.868,0.879,0.865,293020.0,512040,sh,价值100ETF富国
2024-02-27,0.865,0.877,0.878,0.863,319722.0,512040,sh,价值100ETF富国
2024-02-28,0.874,0.863,0.88,0.862,539000.0,512040,sh,价值100ETF富国
2024-02-29,0.861,0.878,0.879,0.86,333177.0,512040,sh,价值100ETF富国
2024-03-01,0.875,0.879,0.883,0.875,517310.0,512040,sh,价值100ETF富国
2024-03-04,0.879,0.89,0.892,0.876,481570.0,512040,sh,价值100ETF富国
2024-03-05,0.887,0.891,0.893,0.885,288906.0,512040,sh,价值100ETF富国
2024-03-06,0.89,0.894,0.897,0.888,259462.0,512040,sh,价值100ETF富国
2024-03-07,0.894,0.896,0.904,0.894,931773.0,512040,sh,价值100ETF富国
2024-03-08,0.895,0.902,0.903,0.893,372109.0,512040,sh,价值100ETF富国
2024-03-11,0.902,0.903,0.903,0.893,362156.0,512040,sh,价值100ETF富国
2024-03-12,0.903,0.895,0.903,0.889,465864.0,512040,sh,价值100ETF富国
2024-03-13,0.89,0.89,0.896,0.886,334383.0,512040,sh,价值100ETF富国
2024-03-14,0.891,0.893,0.896,0.885,381457.0,512040,sh,价值100ETF富国
2024-03-15,0.888,0.895,0.896,0.886,374023.0,512040,sh,价值100ETF富国
2024-03-18,0.896,0.899,0.899,0.89,302910.0,512040,sh,价值100ETF富国
2024-03-19,0.899,0.891,0.899,0.89,367422.0,512040,sh,价值100ETF富国
2024-03-20,0.886,0.891,0.893,0.886,550874.0,512040,sh,价值100ETF富国
2024-03-21,0.891,0.893,0.894,0.89,517603.0,512040,sh,价值100ETF富国
2024-03-22,0.893,0.886,0.893,0.878,338119.0,512040,sh,价值100ETF富国
2024-03-25,0.884,0.885,0.897,0.882,399914.0,512040,sh,价值100ETF富国
2024-03-26,0.885,0.885,0.887,0.877,495394.0,512040,sh,价值100ETF富国
2024-03-27,0.883,0.875,0.886,0.874,337271.0,512040,sh,价值100ETF富国
2024-03-28,0.875,0.884,0.889,0.874,314648.0,512040,sh,价值100ETF富国
2024-03-29,0.884,0.895,0.898,0.883,420888.0,512040,sh,价值100ETF富国
2024-04-01,0.896,0.906,0.906,0.896,227211.0,512040,sh,价值100ETF富国
2024-04-02,0.906,0.908,0.91,0.904,245565.0,512040,sh,价值100ETF富国
2024-04-03,0.908,0.915,0.915,0.907,384809.0,512040,sh,价值100ETF富国
2024-04-08,0.915,0.908,0.921,0.906,721363.0,512040,sh,价值100ETF富国
2024-04-09,0.908,0.91,0.911,0.903,331432.0,512040,sh,价值100ETF富国
2024-04-10,0.909,0.908,0.915,0.903,349952.0,512040,sh,价值100ETF富国
2024-04-11,0.908,0.917,0.922,0.902,1012124.0,512040,sh,价值100ETF富国
2024-04-12,0.92,0.915,0.924,0.915,333121.0,512040,sh,价值100ETF富国
2024-04-15,0.914,0.931,0.933,0.907,657558.0,512040,sh,价值100ETF富国
2024-04-16,0.931,0.923,0.934,0.918,704267.0,512040,sh,价值100ETF富国
2024-04-17,0.92,0.941,0.941,0.918,542505.0,512040,sh,价值100ETF富国
2024-04-18,0.941,0.947,0.953,0.938,740742.0,512040,sh,价值100ETF富国
2024-04-19,0.945,0.95,0.952,0.941,429373.0,512040,sh,价值100ETF富国
2024-04-22,0.951,0.938,0.952,0.934,783276.0,512040,sh,价值100ETF富国
2024-04-23,0.936,0.919,0.936,0.916,643925.0,512040,sh,价值100ETF富国
2024-04-24,0.916,0.926,0.928,0.915,692916.0,512040,sh,价值100ETF富国
2024-04-25,0.925,0.93,0.931,0.923,383278.0,512040,sh,价值100ETF富国
2024-04-26,0.929,0.928,0.931,0.92,371840.0,512040,sh,价值100ETF富国
2024-04-29,0.93,0.935,0.939,0.92,973463.0,512040,sh,价值100ETF富国
2024-04-30,0.933,0.94,0.944,0.933,1268840.0,512040,sh,价值100ETF富国
2024-05-06,0.945,0.955,0.955,0.94,553015.0,512040,sh,价值100ETF富国
2024-05-07,0.954,0.958,0.958,0.951,671334.0,512040,sh,价值100ETF富国
2024-05-08,0.956,0.95,0.956,0.948,637122.0,512040,sh,价值100ETF富国
2024-05-09,0.95,0.963,0.965,0.949,803786.0,512040,sh,价值100ETF富国
2024-05-10,0.963,0.967,0.968,0.957,750365.0,512040,sh,价值100ETF富国
2024-05-13,0.962,0.976,0.979,0.958,1179101.0,512040,sh,价值100ETF富国
2024-05-14,0.974,0.977,0.978,0.973,552031.0,512040,sh,价值100ETF富国
2024-05-15,0.976,0.973,0.981,0.971,492937.0,512040,sh,价值100ETF富国
2024-05-16,0.974,0.972,0.979,0.967,999455.0,512040,sh,价值100ETF富国
2024-05-17,0.97,0.975,0.977,0.96,1072403.0,512040,sh,价值100ETF富国
2024-05-20,0.974,0.979,0.982,0.971,575873.0,512040,sh,价值100ETF富国
2024-05-21,0.978,0.977,0.981,0.974,815458.0,512040,sh,价值100ETF富国
2024-05-22,0.976,0.975,0.982,0.973,951167.0,512040,sh,价值100ETF富国
2024-05-23,0.974,0.96,0.974,0.959,2387396.0,512040,sh,价值100ETF富国
2024-05-24,0.958,0.955,0.968,0.954,2201808.0,512040,sh,价值100ETF富国
2024-05-27,0.957,0.971,0.972,0.957,983162.0,512040,sh,价值100ETF富国
2024-05-28,0.972,0.963,0.972,0.961,764428.0,512040,sh,价值100ETF富国
2024-05-29,0.961,0.966,0.97,0.961,496516.0,512040,sh,价值100ETF富国
2024-05-30,0.965,0.959,0.968,0.955,482995.0,512040,sh,价值100ETF富国
2024-05-31,0.959,0.957,0.963,0.956,343139.0,512040,sh,价值100ETF富国
2024-06-03,0.956,0.952,0.961,0.945,702971.0,512040,sh,价值100ETF富国
2024-06-04,0.953,0.965,0.966,0.948,637274.0,512040,sh,价值100ETF富国
2024-06-05,0.966,0.949,0.966,0.946,943139.0,512040,sh,价值100ETF富国
2024-06-06,0.95,0.946,0.955,0.944,716929.0,512040,sh,价值100ETF富国
2024-06-07,0.946,0.95,0.952,0.943,664896.0,512040,sh,价值100ETF富国
2024-06-11,0.948,0.939,0.952,0.934,660770.0,512040,sh,价值100ETF富国
2024-06-12,0.939,0.947,0.949,0.937,597300.0,512040,sh,价值100ETF富国
2024-06-13,0.947,0.938,0.947,0.933,581266.0,512040,sh,价值100ETF富国
2024-06-14,0.937,0.941,0.943,0.934,428095.0,512040,sh,价值100ETF富国
2024-06-17,0.939,0.935,0.944,0.933,855313.0,512040,sh,价值100ETF富国
2024-06-18,0.936,0.938,0.939,0.931,538164.0,512040,sh,价值100ETF富国
2024-06-19,0.938,0.93,0.938,0.928,696597.0,512040,sh,价值100ETF富国
2024-06-20,0.929,0.914,0.931,0.913,807652.0,512040,sh,价值100ETF富国
2024-06-21,0.913,0.919,0.923,0.913,368677.0,512040,sh,价值100ETF富国
2024-06-24,0.917,0.903,0.917,0.899,630096.0,512040,sh,价值100ETF富国
2024-06-25,0.903,0.906,0.913,0.901,695402.0,512040,sh,价值100ETF富国
2024-06-26,0.903,0.912,0.915,0.898,753846.0,512040,sh,价值100ETF富国
2024-06-27,0.911,0.899,0.911,0.897,430842.0,512040,sh,价值100ETF富国
2024-06-28,0.898,0.906,0.912,0.897,455000.0,512040,sh,价值100ETF富国
2024-07-01,0.904,0.925,0.927,0.903,1093270.0,512040,sh,价值100ETF富国
2024-07-02,0.925,0.913,0.925,0.91,633886.0,512040,sh,价值100ETF富国
2024-07-03,0.912,0.904,0.913,0.902,620213.0,512040,sh,价值100ETF富国
2024-07-04,0.903,0.895,0.907,0.891,863071.0,512040,sh,价值100ETF富国
2024-07-05,0.894,0.897,0.897,0.884,646802.0,512040,sh,价值100ETF富国
2024-07-08,0.895,0.884,0.895,0.882,535513.0,512040,sh,价值100ETF富国
2024-07-09,0.884,0.893,0.897,0.874,937898.0,512040,sh,价值100ETF富国
2024-07-10,0.892,0.887,0.894,0.885,391907.0,512040,sh,价值100ETF富国
2024-07-11,0.89,0.897,0.898,0.888,614563.0,512040,sh,价值100ETF富国
2024-07-12,0.898,0.893,0.899,0.89,533488.0,512040,sh,价值100ETF富国
2024-07-15,0.892,0.891,0.893,0.887,382065.0,512040,sh,价值100ETF富国
2024-07-16,0.89,0.887,0.891,0.882,398226.0,512040,sh,价值100ETF富国
2024-07-17,0.885,0.879,0.887,0.876,403131.0,512040,sh,价值100ETF富国
2024-07-18,0.877,0.883,0.884,0.87,567214.0,512040,sh,价值100ETF富国
2024-07-19,0.881,0.88,0.882,0.875,350470.0,512040,sh,价值100ETF富国
2024-07-22,0.88,0.876,0.88,0.87,403840.0,512040,sh,价值100ETF富国
2024-07-23,0.874,0.857,0.875,0.856,550674.0,512040,sh,价值100ETF富国
2024-07-24,0.858,0.847,0.858,0.845,476206.0,512040,sh,价值100ETF富国
2024-07-25,0.847,0.849,0.852,0.843,374725.0,512040,sh,价值100ETF富国
2024-07-26,0.849,0.856,0.857,0.848,331931.0,512040,sh,价值100ETF富国
2024-07-29,0.856,0.85,0.856,0.849,626559.0,512040,sh,价值100ETF富国
2024-07-30,0.85,0.848,0.851,0.842,264494.0,512040,sh,价值100ETF富国
2024-07-31,0.847,0.873,0.874,0.845,584054.0,512040,sh,价值100ETF富国
2024-08-01,0.871,0.868,0.878,0.865,685379.0,512040,sh,价值100ETF富国
2024-08-02,0.864,0.862,0.868,0.859,343042.0,512040,sh,价值100ETF富国
2024-08-05,0.855,0.847,0.868,0.845,476263.0,512040,sh,价值100ETF富国
2024-08-06,0.852,0.85,0.857,0.842,438787.0,512040,sh,价值100ETF富国
2024-08-07,0.85,0.852,0.857,0.846,312930.0,512040,sh,价值100ETF富国
2024-08-08,0.851,0.861,0.863,0.849,437975.0,512040,sh,价值100ETF富国
2024-08-09,0.859,0.857,0.867,0.856,284388.0,512040,sh,价值100ETF富国
2024-08-12,0.855,0.856,0.859,0.853,216271.0,512040,sh,价值100ETF富国
2024-08-13,0.856,0.857,0.858,0.851,181214.0,512040,sh,价值100ETF富国
2024-08-14,0.858,0.848,0.858,0.848,246771.0,512040,sh,价值100ETF富国
2024-08-15,0.846,0.854,0.861,0.844,568916.0,512040,sh,价值100ETF富国
2024-08-16,0.856,0.852,0.856,0.849,198504.0,512040,sh,价值100ETF富国
2024-08-19,0.852,0.857,0.86,0.85,263687.0,512040,sh,价值100ETF富国
2024-08-20,0.857,0.845,0.858,0.84,284040.0,512040,sh,价值100ETF富国
2024-08-21,0.844,0.838,0.844,0.835,394556.0,512040,sh,价值100ETF富国
2024-08-22,0.838,0.835,0.839,0.833,283309.0,512040,sh,价值100ETF富国
2024-08-23,0.834,0.836,0.837,0.83,452317.0,512040,sh,价值100ETF富国
2024-08-26,0.836,0.834,0.838,0.828,301414.0,512040,sh,价值100ETF富国
2024-08-27,0.832,0.828,0.832,0.826,254438.0,512040,sh,价值100ETF富国
2024-08-28,0.827,0.825,0.83,0.824,148326.0,512040,sh,价值100ETF富国
2024-08-29,0.823,0.829,0.832,0.823,279583.0,512040,sh,价值100ETF富国
2024-08-30,0.83,0.839,0.849,0.825,436268.0,512040,sh,价值100ETF富国
2024-09-02,0.837,0.831,0.839,0.83,279891.0,512040,sh,价值100ETF富国
2024-09-03,0.83,0.833,0.836,0.83,205947.0,512040,sh,价值100ETF富国
2024-09-04,0.832,0.83,0.837,0.827,333742.0,512040,sh,价值100ETF富国
2024-09-05,0.83,0.834,0.835,0.83,1241790.0,512040,sh,价值100ETF富国
2024-09-06,0.831,0.825,0.835,0.824,376844.0,512040,sh,价值100ETF富国
2024-09-09,0.822,0.814,0.822,0.811,588698.0,512040,sh,价值100ETF富国
2024-09-10,0.813,0.812,0.816,0.801,498709.0,512040,sh,价值100ETF富国
2024-09-11,0.809,0.807,0.811,0.803,366308.0,512040,sh,价值100ETF富国
2024-09-12,0.807,0.805,0.813,0.804,297938.0,512040,sh,价值100ETF富国
2024-09-13,0.805,0.801,0.811,0.8,364635.0,512040,sh,价值100ETF富国
2024-09-18,0.798,0.808,0.813,0.798,1731991.0,512040,sh,价值100ETF富国
2024-09-19,0.812,0.82,0.825,0.806,429357.0,512040,sh,价值100ETF富国
2024-09-20,0.819,0.822,0.822,0.814,2172986.0,512040,sh,价值100ETF富国
2024-09-23,0.82,0.822,0.827,0.817,341283.0,512040,sh,价值100ETF富国
2024-09-24,0.825,0.855,0.856,0.825,855634.0,512040,sh,价值100ETF富国
2024-09-25,0.861,0.863,0.881,0.861,823555.0,512040,sh,价值100ETF富国
2024-09-26,0.863,0.896,0.897,0.86,1729922.0,512040,sh,价值100ETF富国
2024-09-27,0.906,0.922,0.925,0.901,491022.0,512040,sh,价值100ETF富国
2024-09-30,0.938,0.997,1.0,0.937,2094117.0,512040,sh,价值100ETF富国
2024-10-08,1.097,1.016,1.097,0.983,1922157.0,512040,sh,价值100ETF富国
2024-10-09,0.99,0.934,0.996,0.93,3681417.0,512040,sh,价值100ETF富国
2024-10-10,0.936,0.957,0.98,0.936,2288543.0,512040,sh,价值100ETF富国
2024-10-11,0.95,0.935,0.96,0.925,1606669.0,512040,sh,价值100ETF富国
2024-10-14,0.938,0.957,0.961,0.932,774974.0,512040,sh,价值100ETF富国
2024-10-15,0.953,0.933,0.959,0.932,544471.0,512040,sh,价值100ETF富国
2024-10-16,0.92,0.939,0.95,0.92,879365.0,512040,sh,价值100ETF富国
2024-10-17,0.943,0.926,0.949,0.926,582356.0,512040,sh,价值100ETF富国
2024-10-18,0.926,0.943,0.983,0.924,963248.0,512040,sh,价值100ETF富国
2024-10-21,0.947,0.944,0.952,0.933,712072.0,512040,sh,价值100ETF富国
2024-10-22,0.944,0.957,0.958,0.942,584143.0,512040,sh,价值100ETF富国
2024-10-23,0.953,0.957,0.965,0.953,587325.0,512040,sh,价值100ETF富国
2024-10-24,0.956,0.951,0.956,0.948,392203.0,512040,sh,价值100ETF富国
2024-10-25,0.948,0.958,0.962,0.947,417260.0,512040,sh,价值100ETF富国
2024-10-28,0.957,0.966,0.966,0.951,532999.0,512040,sh,价值100ETF富国
2024-10-29,0.966,0.95,0.97,0.949,460088.0,512040,sh,价值100ETF富国
2024-10-30,0.947,0.943,0.952,0.936,290787.0,512040,sh,价值100ETF富国
2024-10-31,0.94,0.944,0.948,0.935,730233.0,512040,sh,价值100ETF富国
2024-11-01,0.942,0.945,0.956,0.94,654719.0,512040,sh,价值100ETF富国
2024-11-04,0.947,0.958,0.959,0.946,433422.0,512040,sh,价值100ETF富国
2024-11-05,0.955,0.971,0.974,0.953,933458.0,512040,sh,价值100ETF富国
2024-11-06,0.971,0.974,0.98,0.965,1461117.0,512040,sh,价值100ETF富国
2024-11-07,0.969,0.998,0.999,0.967,839281.0,512040,sh,价值100ETF富国
2024-11-08,1.0,0.983,1.003,0.977,815269.0,512040,sh,价值100ETF富国
2024-11-11,0.974,0.983,0.986,0.968,931625.0,512040,sh,价值100ETF富国
2024-11-12,0.981,0.976,0.995,0.97,2592742.0,512040,sh,价值100ETF富国
2024-11-13,0.973,0.983,0.984,0.97,826899.0,512040,sh,价值100ETF富国
2024-11-14,0.98,0.965,0.984,0.963,649651.0,512040,sh,价值100ETF富国
2024-11-15,0.964,0.958,0.974,0.957,594392.0,512040,sh,价值100ETF富国
2024-11-18,0.957,0.96,0.977,0.955,748936.0,512040,sh,价值100ETF富国
2024-11-19,0.961,0.972,0.972,0.953,498095.0,512040,sh,价值100ETF富国
2024-11-20,0.969,0.982,0.983,0.964,672657.0,512040,sh,价值100ETF富国
2024-11-21,0.982,0.98,0.983,0.975,458282.0,512040,sh,价值100ETF富国
2024-11-22,0.978,0.956,0.986,0.956,516193.0,512040,sh,价值100ETF富国
2024-11-25,0.956,0.96,0.967,0.953,563850.0,512040,sh,价值100ETF富国
2024-11-26,0.96,0.955,0.962,0.954,326058.0,512040,sh,价值100ETF富国
2024-11-27,0.956,0.965,0.966,0.942,366034.0,512040,sh,价值100ETF富国
2024-11-28,0.962,0.958,0.965,0.956,343208.0,512040,sh,价值100ETF富国
2024-11-29,0.955,0.966,0.975,0.955,436201.0,512040,sh,价值100ETF富国
2024-12-02,0.966,0.975,0.977,0.964,420840.0,512040,sh,价值100ETF富国
2024-12-03,0.973,0.977,0.979,0.968,455002.0,512040,sh,价值100ETF富国
2024-12-04,0.972,0.974,0.979,0.968,722427.0,512040,sh,价值100ETF富国
2024-12-05,0.973,0.971,0.974,0.965,496371.0,512040,sh,价值100ETF富国
2024-12-06,0.968,0.983,0.985,0.968,451249.0,512040,sh,价值100ETF富国
2024-12-09,0.983,0.979,0.986,0.974,561557.0,512040,sh,价值100ETF富国
2024-12-10,0.996,0.984,1.01,0.982,500012.0,512040,sh,价值100ETF富国
2024-12-11,0.984,0.991,0.993,0.982,466662.0,512040,sh,价值100ETF富国
2024-12-12,0.994,1.002,1.004,0.99,1105291.0,512040,sh,价值100ETF富国
2024-12-13,0.998,0.983,0.998,0.98,648927.0,512040,sh,价值100ETF富国
2024-12-16,0.983,0.979,0.985,0.977,463460.0,512040,sh,价值100ETF富国
2024-12-17,0.979,0.976,0.986,0.973,1197344.0,512040,sh,价值100ETF富国
2024-12-18,0.976,0.981,0.985,0.976,463702.0,512040,sh,价值100ETF富国
2024-12-19,0.979,0.977,0.979,0.969,687492.0,512040,sh,价值100ETF富国
2024-12-20,0.974,0.973,0.976,0.97,381094.0,512040,sh,价值100ETF富国
2024-12-23,0.973,0.971,0.978,0.969,342034.0,512040,sh,价值100ETF富国
2024-12-24,0.97,0.981,0.982,0.97,1154918.0,512040,sh,价值100ETF富国
2024-12-25,0.983,0.982,0.984,0.976,639315.0,512040,sh,价值100ETF富国
2024-12-26,0.981,0.984,0.985,0.979,820704.0,512040,sh,价值100ETF富国
2024-12-27,0.983,0.984,0.987,0.979,441517.0,512040,sh,价值100ETF富国
2024-12-30,0.983,0.988,0.993,0.983,470544.0,512040,sh,价值100ETF富国
2024-12-31,0.988,0.981,0.992,0.979,392882.0,512040,sh,价值100ETF富国
2025-01-02,0.98,0.963,0.985,0.956,447275.0,512040,sh,价值100ETF富国
2025-01-03,0.964,0.953,0.973,0.95,451035.0,512040,sh,价值100ETF富国
2025-01-06,0.955,0.952,0.959,0.944,1868723.0,512040,sh,价值100ETF富国
2025-01-07,0.951,0.951,0.955,0.941,1531991.0,512040,sh,价值100ETF富国
2025-01-08,0.952,0.951,0.957,0.935,680678.0,512040,sh,价值100ETF富国
2025-01-09,0.951,0.942,0.951,0.94,497199.0,512040,sh,价值100ETF富国
2025-01-10,0.942,0.929,0.943,0.929,348121.0,512040,sh,价值100ETF富国
2025-01-13,0.925,0.923,0.932,0.919,412921.0,512040,sh,价值100ETF富国
2025-01-14,0.928,0.945,0.947,0.924,807825.0,512040,sh,价值100ETF富国
2025-01-15,0.941,0.942,0.947,0.94,295192.0,512040,sh,价值100ETF富国
2025-01-16,0.944,0.95,0.956,0.943,453898.0,512040,sh,价值100ETF富国
2025-01-17,0.949,0.956,0.959,0.946,324704.0,512040,sh,价值100ETF富国
2025-01-20,0.958,0.957,0.964,0.955,362167.0,512040,sh,价值100ETF富国
2025-01-21,0.959,0.953,0.96,0.95,226772.0,512040,sh,价值100ETF富国
2025-01-22,0.954,0.947,0.957,0.941,422877.0,512040,sh,价值100ETF富国
2025-01-23,0.951,0.949,0.959,0.948,355926.0,512040,sh,价值100ETF富国
2025-01-24,0.949,0.957,0.958,0.948,361603.0,512040,sh,价值100ETF富国
2025-01-27,0.958,0.965,0.97,0.958,372437.0,512040,sh,价值100ETF富国
2025-02-05,0.967,0.945,0.969,0.941,406043.0,512040,sh,价值100ETF富国
2025-02-06,0.948,0.947,0.948,0.94,445212.0,512040,sh,价值100ETF富国
2025-02-07,0.945,0.953,0.957,0.941,774423.0,512040,sh,价值100ETF富国
2025-02-10,0.954,0.95,0.954,0.946,586312.0,512040,sh,价值100ETF富国
2025-02-11,0.948,0.954,0.954,0.945,426664.0,512040,sh,价值100ETF富国
2025-02-12,0.954,0.955,0.956,0.95,812267.0,512040,sh,价值100ETF富国
2025-02-13,0.955,0.952,0.959,0.952,333495.0,512040,sh,价值100ETF富国
2025-02-14,0.952,0.952,0.952,0.946,441622.0,512040,sh,价值100ETF富国
2025-02-17,0.952,0.944,0.952,0.94,445543.0,512040,sh,价值100ETF富国
2025-02-18,0.944,0.937,0.948,0.934,420314.0,512040,sh,价值100ETF富国
2025-02-19,0.938,0.943,0.943,0.935,285038.0,512040,sh,价值100ETF富国
2025-02-20,0.943,0.94,0.943,0.936,267182.0,512040,sh,价值100ETF富国
2025-02-21,0.943,0.942,0.944,0.937,443832.0,512040,sh,价值100ETF富国
2025-02-24,0.943,0.943,0.945,0.936,358569.0,512040,sh,价值100ETF富国
2025-02-25,0.936,0.934,0.941,0.932,437240.0,512040,sh,价值100ETF富国
2025-02-26,0.935,0.945,0.945,0.935,433152.0,512040,sh,价值100ETF富国
2025-02-27,0.945,0.947,0.947,0.939,694469.0,512040,sh,价值100ETF富国
2025-02-28,0.947,0.937,0.949,0.935,479697.0,512040,sh,价值100ETF富国
2025-03-03,0.94,0.942,0.949,0.938,426616.0,512040,sh,价值100ETF富国
2025-03-04,0.942,0.944,0.944,0.935,523333.0,512040,sh,价值100ETF富国
2025-03-05,0.944,0.945,0.946,0.937,440862.0,512040,sh,价值100ETF富国
2025-03-06,0.944,0.95,0.951,0.944,417243.0,512040,sh,价值100ETF富国
2025-03-07,0.947,0.953,0.958,0.947,456677.0,512040,sh,价值100ETF富国
2025-03-10,0.954,0.958,0.958,0.952,523996.0,512040,sh,价值100ETF富国
2025-03-11,0.95,0.962,0.963,0.95,498599.0,512040,sh,价值100ETF富国
2025-03-12,0.962,0.962,0.966,0.959,321997.0,512040,sh,价值100ETF富国
2025-03-13,0.961,0.966,0.967,0.959,802165.0,512040,sh,价值100ETF富国
2025-03-14,0.964,0.977,0.977,0.964,655681.0,512040,sh,价值100ETF富国
2025-03-17,0.977,0.976,0.981,0.976,332809.0,512040,sh,价值100ETF富国
2025-03-18,0.976,0.976,0.978,0.974,422742.0,512040,sh,价值100ETF富国
2025-03-19,0.975,0.974,0.977,0.97,267676.0,512040,sh,价值100ETF富国
2025-03-20,0.975,0.97,0.976,0.97,416276.0,512040,sh,价值100ETF富国
2025-03-21,0.97,0.968,0.979,0.964,747264.0,512040,sh,价值100ETF富国
2025-03-24,0.967,0.974,0.975,0.965,498268.0,512040,sh,价值100ETF富国
2025-03-25,0.977,0.979,0.98,0.973,554450.0,512040,sh,价值100ETF富国
2025-03-26,0.979,0.976,0.98,0.974,515005.0,512040,sh,价值100ETF富国
2025-03-27,0.976,0.976,0.98,0.97,726231.0,512040,sh,价值100ETF富国
2025-03-28,0.976,0.968,0.977,0.967,339930.0,512040,sh,价值100ETF富国
2025-03-31,0.968,0.961,0.972,0.956,426905.0,512040,sh,价值100ETF富国
2025-04-01,0.959,0.966,0.968,0.959,387260.0,512040,sh,价值100ETF富国
2025-04-02,0.966,0.969,0.973,0.965,214480.0,512040,sh,价值100ETF富国
2025-04-03,0.962,0.958,0.963,0.953,450438.0,512040,sh,价值100ETF富国
2025-04-07,0.916,0.879,0.931,0.868,497950.0,512040,sh,价值100ETF富国
2025-04-08,0.879,0.892,0.892,0.878,372001.0,512040,sh,价值100ETF富国
2025-04-09,0.887,0.895,0.898,0.867,458370.0,512040,sh,价值100ETF富国
2025-04-10,0.897,0.912,0.918,0.897,400155.0,512040,sh,价值100ETF富国
2025-04-11,0.911,0.91,0.914,0.904,622673.0,512040,sh,价值100ETF富国
2025-04-14,0.913,0.916,0.918,0.913,540504.0,512040,sh,价值100ETF富国
2025-04-15,0.915,0.92,0.92,0.911,456228.0,512040,sh,价值100ETF富国
2025-04-16,0.919,0.916,0.919,0.907,316679.0,512040,sh,价值100ETF富国
2025-04-17,0.915,0.917,0.92,0.912,522909.0,512040,sh,价值100ETF富国
2025-04-18,0.917,0.917,0.919,0.912,384557.0,512040,sh,价值100ETF富国
2025-04-21,0.917,0.922,0.923,0.915,261215.0,512040,sh,价值100ETF富国
2025-04-22,0.919,0.924,0.926,0.919,627745.0,512040,sh,价值100ETF富国
2025-04-23,0.924,0.929,0.931,0.924,356640.0,512040,sh,价值100ETF富国
2025-04-24,0.929,0.929,0.934,0.927,267498.0,512040,sh,价值100ETF富国
2025-04-25,0.929,0.929,0.932,0.927,371663.0,512040,sh,价值100ETF富国
2025-04-28,0.929,0.923,0.929,0.92,310203.0,512040,sh,价值100ETF富国
2025-04-29,0.92,0.922,0.926,0.919,1294502.0,512040,sh,价值100ETF富国
2025-04-30,0.919,0.917,0.922,0.916,204926.0,512040,sh,价值100ETF富国
2025-05-06,0.921,0.923,0.923,0.916,989902.0,512040,sh,价值100ETF富国
2025-05-07,0.929,0.929,0.933,0.924,383412.0,512040,sh,价值100ETF富国
2025-05-08,0.928,0.932,0.934,0.926,1418227.0,512040,sh,价值100ETF富国
2025-05-09,0.932,0.933,0.936,0.928,599617.0,512040,sh,价值100ETF富国
2025-05-12,0.935,0.94,0.94,0.935,262067.0,512040,sh,价值100ETF富国
2025-05-13,0.943,0.946,0.947,0.943,385064.0,512040,sh,价值100ETF富国
2025-05-14,0.945,0.95,0.952,0.942,204595.0,512040,sh,价值100ETF富国
2025-05-15,0.949,0.946,0.951,0.943,813658.0,512040,sh,价值100ETF富国
2025-05-16,0.944,0.942,0.945,0.938,440405.0,512040,sh,价值100ETF富国
2025-05-19,0.94,0.944,0.945,0.94,309993.0,512040,sh,价值100ETF富国
2025-05-20,0.944,0.95,0.952,0.943,264819.0,512040,sh,价值100ETF富国
2025-05-21,0.949,0.957,0.957,0.949,294245.0,512040,sh,价值100ETF富国
2025-05-22,0.956,0.953,0.956,0.952,198258.0,512040,sh,价值100ETF富国
2025-05-23,0.953,0.948,0.958,0.948,280087.0,512040,sh,价值100ETF富国
2025-05-26,0.946,0.945,0.95,0.942,204349.0,512040,sh,价值100ETF富国
2025-05-27,0.943,0.942,0.946,0.939,327279.0,512040,sh,价值100ETF富国
2025-05-28,0.941,0.945,0.947,0.941,1138694.0,512040,sh,价值100ETF富国
2025-05-29,0.945,0.951,0.952,0.945,860557.0,512040,sh,价值100ETF富国
2025-05-30,0.948,0.949,0.951,0.947,296659.0,512040,sh,价值100ETF富国
2025-06-03,0.947,0.95,0.95,0.943,297542.0,512040,sh,价值100ETF富国
2025-06-04,0.95,0.956,0.956,0.95,322098.0,512040,sh,价值100ETF富国
2025-06-05,0.958,0.955,0.958,0.953,338184.0,512040,sh,价值100ETF富国
2025-06-06,0.956,0.955,0.956,0.953,315529.0,512040,sh,价值100ETF富国
2025-06-09,0.955,0.957,0.958,0.955,241342.0,512040,sh,价值100ETF富国
2025-06-10,0.958,0.959,0.963,0.952,482947.0,512040,sh,价值100ETF富国
2025-06-11,0.959,0.962,0.964,0.957,445659.0,512040,sh,价值100ETF富国
2025-06-12,0.962,0.965,0.965,0.96,313041.0,512040,sh,价值100ETF富国
2025-06-13,0.962,0.958,0.966,0.957,432422.0,512040,sh,价值100ETF富国
2025-06-16,0.96,0.954,0.96,0.954,411253.0,512040,sh,价值100ETF富国
2025-06-17,0.955,0.954,0.955,0.951,1164252.0,512040,sh,价值100ETF富国
2025-06-18,0.95,0.953,0.955,0.948,450332.0,512040,sh,价值100ETF富国
2025-06-19,0.951,0.946,0.952,0.942,619161.0,512040,sh,价值100ETF富国
2025-06-20,0.943,0.947,0.949,0.943,448736.0,512040,sh,价值100ETF富国
2025-06-23,0.946,0.946,0.947,0.939,401191.0,512040,sh,价值100ETF富国
2025-06-24,0.948,0.955,0.955,0.944,291695.0,512040,sh,价值100ETF富国
2025-06-25,0.954,0.962,0.962,0.953,361390.0,512040,sh,价值100ETF富国
2025-06-26,0.963,0.958,0.963,0.957,249692.0,512040,sh,价值100ETF富国
2025-06-27,0.956,0.958,0.965,0.956,320068.0,512040,sh,价值100ETF富国
2025-06-30,0.959,0.961,0.962,0.958,575080.0,512040,sh,价值100ETF富国
2025-07-01,0.964,0.966,0.966,0.96,401454.0,512040,sh,价值100ETF富国
2025-07-02,0.965,0.971,0.971,0.964,385182.0,512040,sh,价值100ETF富国
2025-07-03,0.969,0.975,0.975,0.969,389463.0,512040,sh,价值100ETF富国
2025-07-04,0.975,0.973,0.978,0.971,591845.0,512040,sh,价值100ETF富国
2025-07-07,0.974,0.975,0.975,0.971,435672.0,512040,sh,价值100ETF富国
2025-07-08,0.976,0.98,0.981,0.975,370407.0,512040,sh,价值100ETF富国
2025-07-09,0.981,0.98,0.983,0.977,409183.0,512040,sh,价值100ETF富国
2025-07-10,0.98,0.985,0.987,0.979,575864.0,512040,sh,价值100ETF富国
2025-07-11,0.984,0.985,0.991,0.982,411095.0,512040,sh,价值100ETF富国
2025-07-14,0.986,0.987,0.99,0.983,565635.0,512040,sh,价值100ETF富国
2025-07-15,0.989,0.985,0.993,0.979,921273.0,512040,sh,价值100ETF富国
2025-07-16,0.981,0.987,0.987,0.981,390564.0,512040,sh,价值100ETF富国
2025-07-17,0.988,0.988,0.99,0.984,882360.0,512040,sh,价值100ETF富国
2025-07-18,0.988,0.993,0.995,0.987,448670.0,512040,sh,价值100ETF富国
2025-07-21,0.994,1.002,1.004,0.994,512503.0,512040,sh,价值100ETF富国
2025-07-22,1.009,1.015,1.017,0.998,387768.0,512040,sh,价值100ETF富国
2025-07-23,1.02,1.014,1.022,1.012,580285.0,512040,sh,价值100ETF富国
2025-07-24,1.014,1.023,1.023,1.012,581907.0,512040,sh,价值100ETF富国
2025-07-25,1.021,1.02,1.027,1.018,480912.0,512040,sh,价值100ETF富国
2025-07-28,1.016,1.011,1.019,1.009,442225.0,512040,sh,价值100ETF富国
2025-07-29,1.009,1.011,1.012,1.004,430522.0,512040,sh,价值100ETF富国
2025-07-30,1.011,1.017,1.022,1.01,336284.0,512040,sh,价值100ETF富国
2025-07-31,1.017,1.001,1.017,0.996,593292.0,512040,sh,价值100ETF富国
2025-08-01,1.001,1.007,1.01,1.0,403740.0,512040,sh,价值100ETF富国
2025-08-04,1.005,1.011,1.011,1.001,336642.0,512040,sh,价值100ETF富国
2025-08-05,1.012,1.019,1.02,1.011,274988.0,512040,sh,价值100ETF富国
2025-08-06,1.021,1.024,1.025,1.019,300750.0,512040,sh,价值100ETF富国
2025-08-07,1.026,1.029,1.03,1.022,401824.0,512040,sh,价值100ETF富国
2025-08-08,1.029,1.032,1.035,1.025,381873.0,512040,sh,价值100ETF富国
2025-08-11,1.031,1.032,1.034,1.027,317385.0,512040,sh,价值100ETF富国
2025-08-12,1.032,1.036,1.038,1.031,305613.0,512040,sh,价值100ETF富国
2025-08-13,1.036,1.042,1.043,1.034,390210.0,512040,sh,价值100ETF富国
2025-08-14,1.042,1.034,1.045,1.033,387766.0,512040,sh,价值100ETF富国
2025-08-15,1.035,1.047,1.047,1.031,375763.0,512040,sh,价值100ETF富国
2025-08-18,1.048,1.053,1.054,1.043,1382618.0,512040,sh,价值100ETF富国
2025-08-19,1.048,1.047,1.05,1.043,408001.0,512040,sh,价值100ETF富国
2025-08-20,1.045,1.063,1.064,1.041,1836660.0,512040,sh,价值100ETF富国
2025-08-21,1.063,1.064,1.068,1.059,395876.0,512040,sh,价值100ETF富国
2025-08-22,1.064,1.065,1.066,1.056,448776.0,512040,sh,价值100ETF富国
2025-08-25,1.066,1.076,1.076,1.065,452663.0,512040,sh,价值100ETF富国
2025-08-26,1.073,1.079,1.083,1.071,378861.0,512040,sh,价值100ETF富国
2025-08-27,1.076,1.058,1.08,1.058,476320.0,512040,sh,价值100ETF富国
2025-08-28,1.058,1.067,1.069,1.044,1620543.0,512040,sh,价值100ETF富国
2025-08-29,1.066,1.073,1.074,1.066,234810.0,512040,sh,价值100ETF富国
2025-09-01,1.073,1.083,1.084,1.071,623369.0,512040,sh,价值100ETF富国
2025-09-02,1.083,1.075,1.086,1.067,429560.0,512040,sh,价值100ETF富国
2025-09-03,1.075,1.066,1.078,1.059,380379.0,512040,sh,价值100ETF富国
2025-09-04,1.064,1.06,1.066,1.045,457624.0,512040,sh,价值100ETF富国
2025-09-05,1.058,1.075,1.077,1.053,262304.0,512040,sh,价值100ETF富国
2025-09-08,1.075,1.084,1.084,1.071,470374.0,512040,sh,价值100ETF富国
2025-09-09,1.084,1.082,1.088,1.076,273656.0,512040,sh,价值100ETF富国
2025-09-10,1.082,1.08,1.084,1.074,412038.0,512040,sh,价值100ETF富国
2025-09-11,1.077,1.091,1.093,1.075,813545.0,512040,sh,价值100ETF富国
2025-09-12,1.093,1.088,1.094,1.087,260335.0,512040,sh,价值100ETF富国
2025-09-15,1.088,1.084,1.089,1.083,212009.0,512040,sh,价值100ETF富国
2025-09-16,1.085,1.083,1.087,1.072,218800.0,512040,sh,价值100ETF富国
2025-09-17,1.083,1.097,1.098,1.082,310114.0,512040,sh,价值100ETF富国
2025-09-18,1.095,1.083,1.099,1.074,342779.0,512040,sh,价值100ETF富国
2025-09-19,1.082,1.09,1.092,1.08,405627.0,512040,sh,价值100ETF富国
2025-09-22,1.088,1.084,1.091,1.078,348147.0,512040,sh,价值100ETF富国
2025-09-23,1.085,1.079,1.086,1.067,266084.0,512040,sh,价值100ETF富国
2025-09-24,1.081,1.093,1.096,1.077,238865.0,512040,sh,价值100ETF富国
2025-09-25,1.09,1.09,1.095,1.086,199727.0,512040,sh,价值100ETF富国
2025-09-26,1.088,1.09,1.093,1.086,199986.0,512040,sh,价值100ETF富国
2025-09-29,1.088,1.102,1.104,1.085,335716.0,512040,sh,价值100ETF富国
2025-09-30,1.1,1.106,1.106,1.099,218499.0,512040,sh,价值100ETF富国
2025-10-09,1.104,1.124,1.125,1.104,318026.0,512040,sh,价值100ETF富国
2025-10-10,1.12,1.12,1.127,1.113,252443.0,512040,sh,价值100ETF富国
2025-10-13,1.086,1.114,1.123,1.086,501119.0,512040,sh,价值100ETF富国
2025-10-14,1.114,1.108,1.122,1.102,243129.0,512040,sh,价值100ETF富国
2025-10-15,1.108,1.12,1.123,1.106,243240.0,512040,sh,价值100ETF富国
2025-10-16,1.122,1.119,1.127,1.115,232900.0,512040,sh,价值100ETF富国
2025-10-17,1.12,1.1,1.12,1.097,299863.0,512040,sh,价值100ETF富国
2025-10-20,1.101,1.105,1.106,1.098,436122.0,512040,sh,价值100ETF富国
2025-10-21,1.107,1.116,1.119,1.101,193374.0,512040,sh,价值100ETF富国
2025-10-22,1.112,1.118,1.118,1.106,266490.0,512040,sh,价值100ETF富国
2025-10-23,1.117,1.122,1.124,1.109,163294.0,512040,sh,价值100ETF富国
2025-10-24,1.124,1.124,1.126,1.118,159587.0,512040,sh,价值100ETF富国
2025-10-27,1.126,1.135,1.137,1.124,236342.0,512040,sh,价值100ETF富国
2025-10-28,1.135,1.127,1.135,1.126,1296514.0,512040,sh,价值100ETF富国
2025-10-29,1.132,1.145,1.147,1.127,353238.0,512040,sh,价值100ETF富国
2025-10-30,1.146,1.138,1.149,1.135,229984.0,512040,sh,价值100ETF富国
2025-10-31,1.138,1.137,1.142,1.134,251897.0,512040,sh,价值100ETF富国
2025-11-03,1.138,1.147,1.147,1.134,507235.0,512040,sh,价值100ETF富国
2025-11-04,1.143,1.142,1.152,1.133,453390.0,512040,sh,价值100ETF富国
2025-11-05,1.125,1.148,1.153,1.125,367049.0,512040,sh,价值100ETF富国
2025-11-06,1.148,1.169,1.171,1.148,513285.0,512040,sh,价值100ETF富国
2025-11-07,1.165,1.167,1.173,1.162,322740.0,512040,sh,价值100ETF富国
2025-11-10,1.173,1.175,1.178,1.168,494647.0,512040,sh,价值100ETF富国
2025-11-11,1.175,1.171,1.177,1.166,453098.0,512040,sh,价值100ETF富国
2025-11-12,1.17,1.172,1.178,1.163,332300.0,512040,sh,价值100ETF富国
2025-11-13,1.172,1.174,1.176,1.164,418005.0,512040,sh,价值100ETF富国
2025-11-14,1.168,1.164,1.176,1.162,331702.0,512040,sh,价值100ETF富国
2025-11-17,1.158,1.152,1.16,1.148,438118.0,512040,sh,价值100ETF富国
2025-11-18,1.148,1.138,1.15,1.133,634848.0,512040,sh,价值100ETF富国
2025-11-19,1.137,1.139,1.144,1.132,1129449.0,512040,sh,价值100ETF富国
2025-11-20,1.143,1.134,1.144,1.132,341107.0,512040,sh,价值100ETF富国
2025-11-21,1.125,1.104,1.128,1.103,541177.0,512040,sh,价值100ETF富国
2025-11-24,1.103,1.103,1.11,1.096,460042.0,512040,sh,价值100ETF富国
2025-11-25,1.104,1.112,1.118,1.104,344055.0,512040,sh,价值100ETF富国
2025-11-26,1.108,1.111,1.116,1.108,209082.0,512040,sh,价值100ETF富国
2025-11-27,1.112,1.114,1.119,1.111,160361.0,512040,sh,价值100ETF富国
2025-11-28,1.113,1.122,1.123,1.11,243625.0,512040,sh,价值100ETF富国
2025-12-01,1.121,1.131,1.132,1.121,320891.0,512040,sh,价值100ETF富国
2025-12-02,1.132,1.124,1.132,1.122,173557.0,512040,sh,价值100ETF富国
2025-12-03,1.126,1.129,1.135,1.126,822059.0,512040,sh,价值100ETF富国
2025-12-04,1.127,1.129,1.134,1.122,239910.0,512040,sh,价值100ETF富国
2025-12-05,1.129,1.139,1.141,1.126,500323.0,512040,sh,价值100ETF富国
2025-12-08,1.139,1.137,1.143,1.129,738844.0,512040,sh,价值100ETF富国
2025-12-09,1.138,1.127,1.138,1.125,340371.0,512040,sh,价值100ETF富国
2025-12-10,1.125,1.132,1.133,1.123,404298.0,512040,sh,价值100ETF富国
2025-12-11,1.13,1.122,1.137,1.12,319571.0,512040,sh,价值100ETF富国
2025-12-12,1.125,1.129,1.13,1.122,215969.0,512040,sh,价值100ETF富国
2025-12-15,1.121,1.129,1.135,1.121,373452.0,512040,sh,价值100ETF富国
2025-12-16,1.127,1.119,1.13,1.116,314503.0,512040,sh,价值100ETF富国
2025-12-17,1.119,1.135,1.138,1.117,515838.0,512040,sh,价值100ETF富国
2025-12-18,1.135,1.136,1.14,1.131,434889.0,512040,sh,价值100ETF富国
2025-12-19,1.141,1.145,1.148,1.137,214345.0,512040,sh,价值100ETF富国
2025-12-22,1.147,1.143,1.15,1.14,353078.0,512040,sh,价值100ETF富国
2025-12-23,1.144,1.143,1.147,1.14,332716.0,512040,sh,价值100ETF富国
2025-12-24,1.142,1.147,1.149,1.138,274352.0,512040,sh,价值100ETF富国
2025-12-25,1.15,1.154,1.156,1.146,476498.0,512040,sh,价值100ETF富国
2025-12-26,1.154,1.156,1.162,1.151,590526.0,512040,sh,价值100ETF富国
2025-12-29,1.156,1.151,1.158,1.149,301639.0,512040,sh,价值100ETF富国
2025-12-30,1.149,1.156,1.159,1.145,328626.0,512040,sh,价值100ETF富国
2025-12-31,1.158,1.154,1.158,1.15,706680.0,512040,sh,价值100ETF富国
2026-01-05,1.154,1.166,1.168,1.154,752486.0,512040,sh,价值100ETF富国
2026-01-06,1.168,1.181,1.182,1.168,350371.0,512040,sh,价值100ETF富国
2026-01-07,1.181,1.178,1.185,1.176,383114.0,512040,sh,价值100ETF富国
2026-01-08,1.177,1.178,1.182,1.17,365511.0,512040,sh,价值100ETF富国
2026-01-09,1.18,1.192,1.192,1.178,265910.0,512040,sh,价值100ETF富国
2026-01-12,1.194,1.201,1.202,1.188,340053.0,512040,sh,价值100ETF富国
2026-01-13,1.2,1.197,1.21,1.193,207012.0,512040,sh,价值100ETF富国
2026-01-14,1.19,1.203,1.215,1.19,418560.0,512040,sh,价值100ETF富国
2026-01-15,1.198,1.202,1.212,1.194,607381.0,512040,sh,价值100ETF富国
2026-01-16,1.207,1.206,1.214,1.199,253923.0,512040,sh,价值100ETF富国
2026-01-19,1.201,1.212,1.214,1.198,444689.0,512040,sh,价值100ETF富国
2026-01-20,1.216,1.221,1.222,1.202,450842.0,512040,sh,价值100ETF富国
2026-01-21,1.216,1.223,1.225,1.21,380039.0,512040,sh,价值100ETF富国
2026-01-22,1.224,1.222,1.227,1.219,650350.0,512040,sh,价值100ETF富国
2026-01-23,1.222,1.235,1.237,1.222,622873.0,512040,sh,价值100ETF富国
2026-01-26,1.237,1.242,1.249,1.231,413438.0,512040,sh,价值100ETF富国
2026-01-27,1.248,1.244,1.25,1.233,436388.0,512040,sh,价值100ETF富国
2026-01-28,1.241,1.262,1.265,1.235,507230.0,512040,sh,价值100ETF富国
2026-01-29,1.264,1.262,1.267,1.252,422391.0,512040,sh,价值100ETF富国
2026-01-30,1.258,1.249,1.26,1.233,432428.0,512040,sh,价值100ETF富国
2026-02-02,1.242,1.211,1.244,1.205,814541.0,512040,sh,价值100ETF富国
2026-02-03,1.209,1.233,1.235,1.209,590032.0,512040,sh,价值100ETF富国
2026-02-04,1.234,1.248,1.248,1.232,529994.0,512040,sh,价值100ETF富国
2026-02-05,1.245,1.239,1.246,1.229,843267.0,512040,sh,价值100ETF富国
2026-02-06,1.223,1.235,1.247,1.223,946696.0,512040,sh,价值100ETF富国
2026-02-09,1.242,1.251,1.254,1.24,617221.0,512040,sh,价值100ETF富国
2026-02-10,1.251,1.256,1.256,1.245,476416.0,512040,sh,价值100ETF富国
2026-02-11,1.257,1.256,1.26,1.251,598498.0,512040,sh,价值100ETF富国
2026-02-12,1.256,1.259,1.265,1.254,405994.0,512040,sh,价值100ETF富国
2026-02-13,1.255,1.236,1.256,1.234,620703.0,512040,sh,价值100ETF富国
2026-02-24,1.251,1.251,1.253,1.242,482481.0,512040,sh,价值100ETF富国
2026-02-25,1.252,1.26,1.269,1.252,502367.0,512040,sh,价值100ETF富国
2026-02-26,1.264,1.263,1.264,1.256,498275.0,512040,sh,价值100ETF富国
2026-02-27,1.262,1.272,1.275,1.24,1344006.0,512040,sh,价值100ETF富国
2026-03-02,1.268,1.29,1.291,1.264,1128064.0,512040,sh,价值100ETF富国
2026-03-03,1.288,1.272,1.295,1.268,964718.0,512040,sh,价值100ETF富国
2026-03-04,1.264,1.257,1.267,1.25,708404.0,512040,sh,价值100ETF富国
2026-03-05,1.266,1.265,1.27,1.254,1340846.0,512040,sh,价值100ETF富国
2026-03-06,1.26,1.277,1.279,1.246,414787.0,512040,sh,价值100ETF富国
2026-03-09,1.269,1.265,1.277,1.253,437005.0,512040,sh,价值100ETF富国
2026-03-10,1.261,1.274,1.275,1.259,664421.0,512040,sh,价值100ETF富国
2026-03-11,1.277,1.283,1.284,1.266,934319.0,512040,sh,价值100ETF富国
2026-03-12,1.276,1.284,1.291,1.276,917198.0,512040,sh,价值100ETF富国
2026-03-13,1.283,1.277,1.294,1.276,1201918.0,512040,sh,价值100ETF富国
2026-03-16,1.28,1.271,1.282,1.263,692631.0,512040,sh,价值100ETF富国
2026-03-17,1.27,1.265,1.284,1.262,633516.0,512040,sh,价值100ETF富国
2026-03-18,1.265,1.266,1.267,1.242,627161.0,512040,sh,价值100ETF富国
2026-03-19,1.255,1.239,1.266,1.235,1129568.0,512040,sh,价值100ETF富国
2026-03-20,1.234,1.232,1.254,1.23,1532222.0,512040,sh,价值100ETF富国
2026-03-23,1.215,1.188,1.226,1.177,1097466.0,512040,sh,价值100ETF富国
2026-03-24,1.196,1.21,1.212,1.189,1052521.0,512040,sh,价值100ETF富国
2026-03-25,1.217,1.226,1.23,1.214,1596954.0,512040,sh,价值100ETF富国
2026-03-26,1.22,1.215,1.232,1.212,605456.0,512040,sh,价值100ETF富国
2026-03-27,1.205,1.224,1.226,1.203,619328.0,512040,sh,价值100ETF富国
2026-03-30,1.208,1.226,1.226,1.208,957529.0,512040,sh,价值100ETF富国
2026-03-31,1.225,1.209,1.229,1.208,565363.0,512040,sh,价值100ETF富国
2026-04-01,1.22,1.221,1.227,1.219,1373529.0,512040,sh,价值100ETF富国
2026-04-02,1.222,1.22,1.228,1.214,774097.0,512040,sh,价值100ETF富国
2026-04-03,1.222,1.204,1.223,1.202,794156.0,512040,sh,价值100ETF富国
2026-04-07,1.202,1.206,1.211,1.2,454541.0,512040,sh,价值100ETF富国
2026-04-08,1.225,1.232,1.234,1.209,1344059.0,512040,sh,价值100ETF富国
2026-04-09,1.228,1.227,1.231,1.223,783004.0,512040,sh,价值100ETF富国
2026-04-10,1.227,1.232,1.241,1.227,599920.0,512040,sh,价值100ETF富国
2026-04-13,1.229,1.224,1.23,1.22,798857.0,512040,sh,价值100ETF富国
2026-04-14,1.228,1.232,1.232,1.222,642159.0,512040,sh,价值100ETF富国
2026-04-15,1.235,1.232,1.238,1.229,741651.0,512040,sh,价值100ETF富国
2026-04-16,1.233,1.243,1.245,1.232,514884.0,512040,sh,价值100ETF富国
2026-04-17,1.238,1.239,1.243,1.234,839081.0,512040,sh,价值100ETF富国
2026-04-20,1.241,1.242,1.244,1.234,439990.0,512040,sh,价值100ETF富国
2026-04-21,1.242,1.253,1.253,1.239,975369.0,512040,sh,价值100ETF富国
2026-04-22,1.249,1.252,1.253,1.244,692561.0,512040,sh,价值100ETF富国
2026-04-23,1.249,1.246,1.253,1.24,1136925.0,512040,sh,价值100ETF富国
2026-04-24,1.246,1.241,1.246,1.233,501024.0,512040,sh,价值100ETF富国
2026-04-27,1.241,1.237,1.243,1.235,497827.0,512040,sh,价值100ETF富国
2026-04-28,1.235,1.241,1.242,1.234,377082.0,512040,sh,价值100ETF富国
2026-04-29,1.241,1.255,1.258,1.237,583088.0,512040,sh,价值100ETF富国
2026-04-30,1.256,1.249,1.256,1.244,750963.0,512040,sh,价值100ETF富国
2026-05-06,1.251,1.263,1.264,1.245,638694.0,512040,sh,价值100ETF富国
2026-05-07,1.263,1.258,1.265,1.253,1204109.0,512040,sh,价值100ETF富国
2026-05-08,1.258,1.262,1.262,1.254,1219852.0,512040,sh,价值100ETF富国
2026-05-11,1.262,1.267,1.271,1.256,1264288.0,512040,sh,价值100ETF富国
2026-05-12,1.265,1.267,1.271,1.261,1067643.0,512040,sh,价值100ETF富国
2026-05-13,1.263,1.273,1.273,1.262,578812.0,512040,sh,价值100ETF富国
2026-05-14,1.273,1.253,1.273,1.249,948926.0,512040,sh,价值100ETF富国
2026-05-15,1.253,1.245,1.257,1.236,1512698.0,512040,sh,价值100ETF富国
2026-05-18,1.24,1.234,1.24,1.228,2130674.0,512040,sh,价值100ETF富国
2026-05-19,1.234,1.239,1.242,1.226,1151000.0,512040,sh,价值100ETF富国
2026-05-20,1.237,1.241,1.242,1.229,808253.0,512040,sh,价值100ETF富国
2026-05-21,1.241,1.222,1.25,1.22,831082.0,512040,sh,价值100ETF富国
2026-05-22,1.223,1.223,1.226,1.217,638601.0,512040,sh,价值100ETF富国
2026-05-25,1.222,1.217,1.226,1.211,863211.0,512040,sh,价值100ETF富国
2026-05-26,1.212,1.221,1.222,1.207,1149456.0,512040,sh,价值100ETF富国
2026-05-27,1.221,1.211,1.224,1.205,2102565.0,512040,sh,价值100ETF富国
2026-05-28,1.208,1.207,1.214,1.196,1225911.0,512040,sh,价值100ETF富国
2026-05-29,1.206,1.209,1.219,1.203,1382857.0,512040,sh,价值100ETF富国
2026-06-01,1.207,1.221,1.224,1.206,1285687.0,512040,sh,价值100ETF富国
2026-06-02,1.221,1.226,1.228,1.214,1830177.0,512040,sh,价值100ETF富国
2026-06-03,1.226,1.217,1.228,1.212,1267283.0,512040,sh,价值100ETF富国
2026-06-04,1.213,1.208,1.215,1.203,1290019.0,512040,sh,价值100ETF富国
2026-06-05,1.207,1.202,1.214,1.197,751690.0,512040,sh,价值100ETF富国
2026-06-08,1.184,1.182,1.195,1.172,1624349.0,512040,sh,价值100ETF富国
2026-06-09,1.184,1.193,1.197,1.182,3770466.0,512040,sh,价值100ETF富国
2026-06-10,1.191,1.192,1.193,1.182,991195.0,512040,sh,价值100ETF富国
2026-06-11,1.186,1.188,1.194,1.181,1944561.0,512040,sh,价值100ETF富国
2026-06-12,1.192,1.201,1.208,1.189,1099192.0,512040,sh,价值100ETF富国
2026-06-15,1.209,1.211,1.23,1.201,739459.0,512040,sh,价值100ETF富国
2026-06-16,1.212,1.192,1.213,1.19,3646948.0,512040,sh,价值100ETF富国
2026-06-17,1.192,1.187,1.192,1.182,1266160.0,512040,sh,价值100ETF富国
2026-06-18,1.184,1.172,1.184,1.168,2020415.0,512040,sh,价值100ETF富国
2026-06-22,1.17,1.187,1.196,1.155,3450939.0,512040,sh,价值100ETF富国
2026-06-23,1.186,1.174,1.192,1.167,1331911.0,512040,sh,价值100ETF富国
2026-06-24,1.17,1.164,1.174,1.16,1869521.0,512040,sh,价值100ETF富国
2026-06-25,1.162,1.153,1.165,1.149,3052918.0,512040,sh,价值100ETF富国
2026-06-26,1.154,1.134,1.154,1.133,1838879.0,512040,sh,价值100ETF富国
2026-06-29,1.136,1.149,1.153,1.12,3838616.0,512040,sh,价值100ETF富国
2026-06-30,1.149,1.138,1.149,1.13,2274140.0,512040,sh,价值100ETF富国
2026-07-01,1.138,1.157,1.159,1.13,2033573.0,512040,sh,价值100ETF富国
2026-07-02,1.156,1.157,1.164,1.151,1732672.0,512040,sh,价值100ETF富国
2026-07-03,1.156,1.175,1.179,1.156,1752023.0,512040,sh,价值100ETF富国
