date,open,close,high,low,volume,code,market,name
2020-01-02,1.057,1.065,1.065,1.057,326859.0,513500,sh,标普500ETF博时
2020-01-03,1.067,1.076,1.079,1.065,376425.0,513500,sh,标普500ETF博时
2020-01-06,1.065,1.055,1.065,1.055,721321.0,513500,sh,标普500ETF博时
2020-01-07,1.06,1.059,1.062,1.058,713366.0,513500,sh,标普500ETF博时
2020-01-08,1.046,1.046,1.051,1.036,665629.0,513500,sh,标普500ETF博时
2020-01-09,1.058,1.059,1.06,1.057,926987.0,513500,sh,标普500ETF博时
2020-01-10,1.065,1.07,1.072,1.063,242718.0,513500,sh,标普500ETF博时
2020-01-13,1.063,1.067,1.069,1.062,625713.0,513500,sh,标普500ETF博时
2020-01-14,1.072,1.074,1.077,1.07,524091.0,513500,sh,标普500ETF博时
2020-01-15,1.072,1.071,1.072,1.065,501524.0,513500,sh,标普500ETF博时
2020-01-16,1.07,1.065,1.07,1.064,511188.0,513500,sh,标普500ETF博时
2020-01-17,1.072,1.068,1.074,1.068,541676.0,513500,sh,标普500ETF博时
2020-01-20,1.072,1.069,1.072,1.068,404572.0,513500,sh,标普500ETF博时
2020-01-21,1.069,1.069,1.07,1.068,773490.0,513500,sh,标普500ETF博时
2020-01-22,1.069,1.078,1.078,1.069,468017.0,513500,sh,标普500ETF博时
2020-01-23,1.072,1.074,1.077,1.07,852205.0,513500,sh,标普500ETF博时
2020-02-03,1.028,1.058,1.062,1.028,260097.0,513500,sh,标普500ETF博时
2020-02-04,1.065,1.065,1.067,1.058,266740.0,513500,sh,标普500ETF博时
2020-02-05,1.072,1.071,1.075,1.07,458401.0,513500,sh,标普500ETF博时
2020-02-06,1.085,1.09,1.091,1.084,504273.0,513500,sh,标普500ETF博时
2020-02-07,1.09,1.093,1.093,1.088,536055.0,513500,sh,标普500ETF博时
2020-02-10,1.088,1.095,1.095,1.086,299269.0,513500,sh,标普500ETF博时
2020-02-11,1.097,1.11,1.112,1.097,457386.0,513500,sh,标普500ETF博时
2020-02-12,1.113,1.129,1.13,1.111,336644.0,513500,sh,标普500ETF博时
2020-02-13,1.15,1.175,1.184,1.139,639500.0,513500,sh,标普500ETF博时
2020-02-14,1.165,1.124,1.165,1.12,627195.0,513500,sh,标普500ETF博时
2020-02-17,1.126,1.131,1.141,1.116,556279.0,513500,sh,标普500ETF博时
2020-02-18,1.127,1.115,1.128,1.114,382636.0,513500,sh,标普500ETF博时
2020-02-19,1.112,1.112,1.118,1.108,407545.0,513500,sh,标普500ETF博时
2020-02-20,1.12,1.119,1.123,1.113,653223.0,513500,sh,标普500ETF博时
2020-02-21,1.11,1.108,1.124,1.108,873559.0,513500,sh,标普500ETF博时
2020-02-24,1.09,1.084,1.092,1.083,673218.0,513500,sh,标普500ETF博时
2020-02-25,1.064,1.084,1.084,1.064,1083573.0,513500,sh,标普500ETF博时
2020-02-26,1.044,1.055,1.064,1.044,460208.0,513500,sh,标普500ETF博时
2020-02-27,1.056,1.049,1.056,1.048,396568.0,513500,sh,标普500ETF博时
2020-02-28,1.012,1.015,1.022,1.008,435728.0,513500,sh,标普500ETF博时
2020-03-02,1.015,1.035,1.044,0.997,1512524.0,513500,sh,标普500ETF博时
2020-03-03,1.06,1.03,1.068,1.025,1389349.0,513500,sh,标普500ETF博时
2020-03-04,1.01,1.017,1.019,1.004,553585.0,513500,sh,标普500ETF博时
2020-03-05,1.035,1.031,1.038,1.026,562564.0,513500,sh,标普500ETF博时
2020-03-06,1.017,1.009,1.017,1.008,282658.0,513500,sh,标普500ETF博时
2020-03-09,0.982,0.954,0.982,0.95,486579.0,513500,sh,标普500ETF博时
2020-03-10,0.944,0.983,0.985,0.94,639131.0,513500,sh,标普500ETF博时
2020-03-11,0.979,0.965,0.979,0.96,514739.0,513500,sh,标普500ETF博时
2020-03-12,0.943,0.93,0.943,0.916,661927.0,513500,sh,标普500ETF博时
2020-03-13,0.844,0.912,0.944,0.837,962318.0,513500,sh,标普500ETF博时
2020-03-16,0.892,0.89,0.905,0.874,754650.0,513500,sh,标普500ETF博时
2020-03-17,0.882,0.882,0.945,0.875,824210.0,513500,sh,标普500ETF博时
2020-03-18,0.885,0.853,0.893,0.852,501323.0,513500,sh,标普500ETF博时
2020-03-19,0.86,0.85,0.864,0.817,722202.0,513500,sh,标普500ETF博时
2020-03-20,0.855,0.879,0.883,0.852,593960.0,513500,sh,标普500ETF博时
2020-03-23,0.838,0.826,0.852,0.824,558706.0,513500,sh,标普500ETF博时
2020-03-24,0.85,0.859,0.86,0.835,1125580.0,513500,sh,标普500ETF博时
2020-03-25,0.885,0.893,0.894,0.879,1184248.0,513500,sh,标普500ETF博时
2020-03-26,0.892,0.882,0.892,0.872,505634.0,513500,sh,标普500ETF博时
2020-03-27,0.902,0.884,0.904,0.883,722728.0,513500,sh,标普500ETF博时
2020-03-30,0.867,0.87,0.879,0.856,582996.0,513500,sh,标普500ETF博时
2020-03-31,0.886,0.882,0.889,0.88,403906.0,513500,sh,标普500ETF博时
2020-04-01,0.87,0.863,0.881,0.862,363958.0,513500,sh,标普500ETF博时
2020-04-02,0.861,0.872,0.873,0.851,557313.0,513500,sh,标普500ETF博时
2020-04-03,0.867,0.863,0.871,0.86,280043.0,513500,sh,标普500ETF博时
2020-04-07,0.895,0.905,0.906,0.891,540224.0,513500,sh,标普500ETF博时
2020-04-08,0.899,0.898,0.906,0.894,446020.0,513500,sh,标普500ETF博时
2020-04-09,0.914,0.925,0.927,0.914,882001.0,513500,sh,标普500ETF博时
2020-04-10,0.929,0.924,0.934,0.921,607176.0,513500,sh,标普500ETF博时
2020-04-13,0.919,0.916,0.919,0.912,471164.0,513500,sh,标普500ETF博时
2020-04-14,0.921,0.934,0.934,0.918,457153.0,513500,sh,标普500ETF博时
2020-04-15,0.943,0.941,0.948,0.939,765100.0,513500,sh,标普500ETF博时
2020-04-16,0.926,0.936,0.941,0.923,654698.0,513500,sh,标普500ETF博时
2020-04-17,0.958,0.956,0.961,0.953,984692.0,513500,sh,标普500ETF博时
2020-04-20,0.958,0.956,0.959,0.952,346759.0,513500,sh,标普500ETF博时
2020-04-21,0.951,0.937,0.951,0.931,653201.0,513500,sh,标普500ETF博时
2020-04-22,0.916,0.926,0.93,0.916,835998.0,513500,sh,标普500ETF博时
2020-04-23,0.934,0.936,0.938,0.929,548458.0,513500,sh,标普500ETF博时
2020-04-24,0.927,0.93,0.93,0.924,385822.0,513500,sh,标普500ETF博时
2020-04-27,0.942,0.949,0.956,0.94,462839.0,513500,sh,标普500ETF博时
2020-04-28,0.957,0.958,0.96,0.952,476583.0,513500,sh,标普500ETF博时
2020-04-29,0.964,0.966,0.971,0.962,489329.0,513500,sh,标普500ETF博时
2020-04-30,0.985,0.986,0.99,0.98,531510.0,513500,sh,标普500ETF博时
2020-05-06,0.967,0.974,0.974,0.962,718563.0,513500,sh,标普500ETF博时
2020-05-07,0.967,0.962,0.967,0.959,688961.0,513500,sh,标普500ETF博时
2020-05-08,0.97,0.971,0.974,0.967,826419.0,513500,sh,标普500ETF博时
2020-05-11,0.98,0.981,0.984,0.978,871086.0,513500,sh,标普500ETF博时
2020-05-12,0.976,0.967,0.977,0.967,720454.0,513500,sh,标普500ETF博时
2020-05-13,0.951,0.956,0.958,0.948,670651.0,513500,sh,标普500ETF博时
2020-05-14,0.943,0.942,0.945,0.938,960035.0,513500,sh,标普500ETF博时
2020-05-15,0.953,0.954,0.956,0.95,768741.0,513500,sh,标普500ETF博时
2020-05-18,0.963,0.968,0.969,0.961,374285.0,513500,sh,标普500ETF博时
2020-05-19,0.986,0.993,0.994,0.983,494835.0,513500,sh,标普500ETF博时
2020-05-20,0.985,0.982,0.985,0.979,1400237.0,513500,sh,标普500ETF博时
2020-05-21,0.991,0.984,0.991,0.984,931974.0,513500,sh,标普500ETF博时
2020-05-22,0.984,0.977,0.985,0.975,450563.0,513500,sh,标普500ETF博时
2020-05-25,0.985,0.994,0.995,0.985,729416.0,513500,sh,标普500ETF博时
2020-05-26,1.002,1.01,1.01,1.0,473933.0,513500,sh,标普500ETF博时
2020-05-27,1.005,1.01,1.012,1.003,459596.0,513500,sh,标普500ETF博时
2020-05-28,1.02,1.022,1.026,1.02,463557.0,513500,sh,标普500ETF博时
2020-05-29,1.011,1.015,1.016,1.01,592143.0,513500,sh,标普500ETF博时
2020-06-01,1.016,1.017,1.02,1.015,500418.0,513500,sh,标普500ETF博时
2020-06-02,1.017,1.018,1.02,1.015,555707.0,513500,sh,标普500ETF博时
2020-06-03,1.028,1.031,1.033,1.026,489800.0,513500,sh,标普500ETF博时
2020-06-04,1.04,1.035,1.041,1.035,319910.0,513500,sh,标普500ETF博时
2020-06-05,1.035,1.044,1.044,1.034,352392.0,513500,sh,标普500ETF博时
2020-06-08,1.057,1.059,1.06,1.057,368786.0,513500,sh,标普500ETF博时
2020-06-09,1.072,1.074,1.075,1.066,418668.0,513500,sh,标普500ETF博时
2020-06-10,1.073,1.071,1.074,1.068,515340.0,513500,sh,标普500ETF博时
2020-06-11,1.062,1.042,1.062,1.04,780987.0,513500,sh,标普500ETF博时
2020-06-12,1.001,1.01,1.017,1.0,804378.0,513500,sh,标普500ETF博时
2020-06-15,1.0,0.981,1.001,0.979,860692.0,513500,sh,标普500ETF博时
2020-06-16,1.018,1.029,1.037,1.016,786172.0,513500,sh,标普500ETF博时
2020-06-17,1.037,1.04,1.042,1.033,376929.0,513500,sh,标普500ETF博时
2020-06-18,1.025,1.03,1.032,1.023,498375.0,513500,sh,标普500ETF博时
2020-06-19,1.032,1.036,1.036,1.032,1141280.0,513500,sh,标普500ETF博时
2020-06-22,1.03,1.025,1.03,1.021,527486.0,513500,sh,标普500ETF博时
2020-06-23,1.025,1.033,1.036,1.023,474752.0,513500,sh,标普500ETF博时
2020-06-24,1.037,1.036,1.038,1.033,380053.0,513500,sh,标普500ETF博时
2020-06-29,1.008,1.003,1.008,0.999,543938.0,513500,sh,标普500ETF博时
2020-06-30,1.011,1.007,1.014,1.004,449848.0,513500,sh,标普500ETF博时
2020-07-01,1.02,1.022,1.022,1.017,431429.0,513500,sh,标普500ETF博时
2020-07-02,1.025,1.03,1.03,1.024,303132.0,513500,sh,标普500ETF博时
2020-07-03,1.032,1.036,1.036,1.031,444248.0,513500,sh,标普500ETF博时
2020-07-06,1.037,1.043,1.044,1.036,677160.0,513500,sh,标普500ETF博时
2020-07-07,1.046,1.034,1.046,1.032,505729.0,513500,sh,标普500ETF博时
2020-07-08,1.033,1.03,1.034,1.03,789733.0,513500,sh,标普500ETF博时
2020-07-09,1.034,1.031,1.039,1.029,1723361.0,513500,sh,标普500ETF博时
2020-07-10,1.029,1.019,1.029,1.012,646928.0,513500,sh,标普500ETF博时
2020-07-13,1.038,1.044,1.046,1.035,781988.0,513500,sh,标普500ETF博时
2020-07-14,1.033,1.036,1.037,1.026,635419.0,513500,sh,标普500ETF博时
2020-07-15,1.048,1.052,1.054,1.048,294267.0,513500,sh,标普500ETF博时
2020-07-16,1.059,1.048,1.059,1.046,279309.0,513500,sh,标普500ETF博时
2020-07-17,1.049,1.053,1.055,1.042,306770.0,513500,sh,标普500ETF博时
2020-07-20,1.053,1.049,1.054,1.046,327955.0,513500,sh,标普500ETF博时
2020-07-21,1.061,1.066,1.068,1.059,552391.0,513500,sh,标普500ETF博时
2020-07-22,1.064,1.063,1.07,1.06,593723.0,513500,sh,标普500ETF博时
2020-07-23,1.069,1.074,1.074,1.069,222793.0,513500,sh,标普500ETF博时
2020-07-24,1.059,1.054,1.063,1.051,298085.0,513500,sh,标普500ETF博时
2020-07-27,1.054,1.055,1.061,1.053,398525.0,513500,sh,标普500ETF博时
2020-07-28,1.062,1.061,1.067,1.06,413818.0,513500,sh,标普500ETF博时
2020-07-29,1.057,1.058,1.059,1.053,255381.0,513500,sh,标普500ETF博时
2020-07-30,1.064,1.062,1.067,1.062,172959.0,513500,sh,标普500ETF博时
2020-07-31,1.067,1.067,1.074,1.064,554486.0,513500,sh,标普500ETF博时
2020-08-03,1.071,1.068,1.077,1.068,442982.0,513500,sh,标普500ETF博时
2020-08-04,1.074,1.077,1.079,1.074,365512.0,513500,sh,标普500ETF博时
2020-08-05,1.077,1.081,1.085,1.077,177122.0,513500,sh,标普500ETF博时
2020-08-06,1.087,1.088,1.089,1.084,257608.0,513500,sh,标普500ETF博时
2020-08-07,1.092,1.1,1.1,1.092,256034.0,513500,sh,标普500ETF博时
2020-08-10,1.1,1.107,1.109,1.098,143616.0,513500,sh,标普500ETF博时
2020-08-11,1.106,1.103,1.11,1.101,147061.0,513500,sh,标普500ETF博时
2020-08-12,1.092,1.094,1.095,1.085,360321.0,513500,sh,标普500ETF博时
2020-08-13,1.101,1.106,1.108,1.101,631756.0,513500,sh,标普500ETF博时
2020-08-14,1.105,1.106,1.107,1.103,100449.0,513500,sh,标普500ETF博时
2020-08-17,1.106,1.106,1.107,1.102,214915.0,513500,sh,标普500ETF博时
2020-08-18,1.107,1.105,1.113,1.105,321946.0,513500,sh,标普500ETF博时
2020-08-19,1.107,1.111,1.111,1.107,139257.0,513500,sh,标普500ETF博时
2020-08-20,1.105,1.098,1.105,1.096,298162.0,513500,sh,标普500ETF博时
2020-08-21,1.101,1.103,1.105,1.101,396084.0,513500,sh,标普500ETF博时
2020-08-24,1.109,1.114,1.115,1.107,450820.0,513500,sh,标普500ETF博时
2020-08-25,1.125,1.142,1.147,1.124,351831.0,513500,sh,标普500ETF博时
2020-08-26,1.149,1.13,1.151,1.127,455716.0,513500,sh,标普500ETF博时
2020-08-27,1.145,1.145,1.146,1.136,314175.0,513500,sh,标普500ETF博时
2020-08-28,1.144,1.153,1.163,1.139,246264.0,513500,sh,标普500ETF博时
2020-08-31,1.159,1.163,1.165,1.158,155453.0,513500,sh,标普500ETF博时
2020-09-01,1.164,1.148,1.168,1.14,314731.0,513500,sh,标普500ETF博时
2020-09-02,1.162,1.167,1.167,1.155,261266.0,513500,sh,标普500ETF博时
2020-09-03,1.19,1.233,1.238,1.177,548908.0,513500,sh,标普500ETF博时
2020-09-04,1.15,1.159,1.189,1.14,872064.0,513500,sh,标普500ETF博时
2020-09-07,1.154,1.105,1.154,1.105,606961.0,513500,sh,标普500ETF博时
2020-09-08,1.119,1.126,1.128,1.108,670513.0,513500,sh,标普500ETF博时
2020-09-09,1.078,1.084,1.095,1.076,350911.0,513500,sh,标普500ETF博时
2020-09-10,1.108,1.098,1.108,1.097,583825.0,513500,sh,标普500ETF博时
2020-09-11,1.083,1.087,1.088,1.076,348856.0,513500,sh,标普500ETF博时
2020-09-14,1.085,1.088,1.089,1.081,418739.0,513500,sh,标普500ETF博时
2020-09-15,1.09,1.089,1.093,1.085,554115.0,513500,sh,标普500ETF博时
2020-09-16,1.092,1.095,1.101,1.092,389099.0,513500,sh,标普500ETF博时
2020-09-17,1.088,1.073,1.088,1.072,358530.0,513500,sh,标普500ETF博时
2020-09-18,1.07,1.077,1.078,1.067,321078.0,513500,sh,标普500ETF博时
2020-09-21,1.07,1.063,1.071,1.06,204634.0,513500,sh,标普500ETF博时
2020-09-22,1.056,1.05,1.057,1.048,241743.0,513500,sh,标普500ETF博时
2020-09-23,1.059,1.06,1.062,1.055,199328.0,513500,sh,标普500ETF博时
2020-09-24,1.039,1.036,1.048,1.036,221173.0,513500,sh,标普500ETF博时
2020-09-25,1.043,1.045,1.047,1.043,144410.0,513500,sh,标普500ETF博时
2020-09-28,1.06,1.062,1.066,1.056,646055.0,513500,sh,标普500ETF博时
2020-09-29,1.074,1.074,1.078,1.073,662784.0,513500,sh,标普500ETF博时
2020-09-30,1.074,1.062,1.075,1.058,310263.0,513500,sh,标普500ETF博时
2020-10-09,1.098,1.096,1.098,1.09,354009.0,513500,sh,标普500ETF博时
2020-10-12,1.102,1.104,1.105,1.101,418924.0,513500,sh,标普500ETF博时
2020-10-13,1.118,1.122,1.128,1.116,656111.0,513500,sh,标普500ETF博时
2020-10-14,1.116,1.117,1.118,1.112,638822.0,513500,sh,标普500ETF博时
2020-10-15,1.106,1.1,1.106,1.099,867347.0,513500,sh,标普500ETF博时
2020-10-16,1.103,1.105,1.108,1.102,266119.0,513500,sh,标普500ETF博时
2020-10-19,1.109,1.106,1.112,1.104,468339.0,513500,sh,标普500ETF博时
2020-10-20,1.091,1.088,1.091,1.086,180874.0,513500,sh,标普500ETF博时
2020-10-21,1.088,1.091,1.092,1.086,200681.0,513500,sh,标普500ETF博时
2020-10-22,1.084,1.078,1.084,1.075,547833.0,513500,sh,标普500ETF博时
2020-10-23,1.083,1.087,1.09,1.082,257091.0,513500,sh,标普500ETF博时
2020-10-26,1.086,1.081,1.086,1.078,237301.0,513500,sh,标普500ETF博时
2020-10-27,1.07,1.078,1.078,1.069,474406.0,513500,sh,标普500ETF博时
2020-10-28,1.068,1.063,1.069,1.063,296093.0,513500,sh,标普500ETF博时
2020-10-29,1.041,1.044,1.046,1.04,350239.0,513500,sh,标普500ETF博时
2020-10-30,1.038,1.024,1.038,1.022,505095.0,513500,sh,标普500ETF博时
2020-11-02,1.029,1.034,1.037,1.029,284003.0,513500,sh,标普500ETF博时
2020-11-03,1.046,1.053,1.055,1.046,291233.0,513500,sh,标普500ETF博时
2020-11-04,1.062,1.07,1.089,1.062,1028181.0,513500,sh,标普500ETF博时
2020-11-05,1.087,1.084,1.093,1.078,548292.0,513500,sh,标普500ETF博时
2020-11-06,1.093,1.088,1.093,1.085,341082.0,513500,sh,标普500ETF博时
2020-11-09,1.104,1.105,1.112,1.103,517038.0,513500,sh,标普500ETF博时
2020-11-10,1.105,1.1,1.109,1.096,391081.0,513500,sh,标普500ETF博时
2020-11-11,1.1,1.105,1.106,1.095,218039.0,513500,sh,标普500ETF博时
2020-11-12,1.108,1.107,1.113,1.105,200302.0,513500,sh,标普500ETF博时
2020-11-13,1.103,1.106,1.107,1.093,230811.0,513500,sh,标普500ETF博时
2020-11-16,1.117,1.121,1.124,1.117,183637.0,513500,sh,标普500ETF博时
2020-11-17,1.128,1.117,1.128,1.114,262215.0,513500,sh,标普500ETF博时
2020-11-18,1.115,1.106,1.115,1.106,178999.0,513500,sh,标普500ETF博时
2020-11-19,1.102,1.106,1.106,1.099,214331.0,513500,sh,标普500ETF博时
2020-11-20,1.101,1.101,1.11,1.099,179998.0,513500,sh,标普500ETF博时
2020-11-23,1.1,1.1,1.101,1.097,150697.0,513500,sh,标普500ETF博时
2020-11-24,1.108,1.116,1.116,1.108,166707.0,513500,sh,标普500ETF博时
2020-11-25,1.129,1.125,1.131,1.123,505099.0,513500,sh,标普500ETF博时
2020-11-26,1.123,1.125,1.126,1.118,818768.0,513500,sh,标普500ETF博时
2020-11-27,1.123,1.122,1.125,1.118,806015.0,513500,sh,标普500ETF博时
2020-11-30,1.121,1.116,1.123,1.115,159098.0,513500,sh,标普500ETF博时
2020-12-01,1.127,1.128,1.13,1.124,200050.0,513500,sh,标普500ETF博时
2020-12-02,1.127,1.125,1.127,1.123,149253.0,513500,sh,标普500ETF博时
2020-12-03,1.129,1.13,1.135,1.127,336101.0,513500,sh,标普500ETF博时
2020-12-04,1.129,1.127,1.131,1.126,206688.0,513500,sh,标普500ETF博时
2020-12-07,1.132,1.131,1.134,1.13,186832.0,513500,sh,标普500ETF博时
2020-12-08,1.13,1.129,1.13,1.127,177942.0,513500,sh,标普500ETF博时
2020-12-09,1.135,1.139,1.139,1.134,194483.0,513500,sh,标普500ETF博时
2020-12-10,1.128,1.132,1.133,1.127,654542.0,513500,sh,标普500ETF博时
2020-12-11,1.132,1.133,1.136,1.13,566550.0,513500,sh,标普500ETF博时
2020-12-14,1.133,1.136,1.149,1.133,464936.0,513500,sh,标普500ETF博时
2020-12-15,1.131,1.126,1.132,1.122,215240.0,513500,sh,标普500ETF博时
2020-12-16,1.134,1.135,1.137,1.134,101978.0,513500,sh,标普500ETF博时
2020-12-17,1.139,1.139,1.139,1.135,50351.0,513500,sh,标普500ETF博时
2020-12-18,1.143,1.143,1.143,1.135,154878.0,513500,sh,标普500ETF博时
2020-12-21,1.142,1.14,1.15,1.138,131674.0,513500,sh,标普500ETF博时
2020-12-22,1.135,1.129,1.142,1.127,237571.0,513500,sh,标普500ETF博时
2020-12-23,1.129,1.13,1.132,1.125,105347.0,513500,sh,标普500ETF博时
2020-12-24,1.132,1.133,1.138,1.131,238479.0,513500,sh,标普500ETF博时
2020-12-25,1.135,1.136,1.14,1.134,105772.0,513500,sh,标普500ETF博时
2020-12-28,1.137,1.142,1.143,1.137,105758.0,513500,sh,标普500ETF博时
2020-12-29,1.147,1.152,1.153,1.147,133658.0,513500,sh,标普500ETF博时
2020-12-30,1.148,1.145,1.148,1.144,151725.0,513500,sh,标普500ETF博时
2020-12-31,1.145,1.146,1.149,1.142,154074.0,513500,sh,标普500ETF博时
2021-01-04,1.147,1.14,1.149,1.139,436978.0,513500,sh,标普500ETF博时
2021-01-05,1.13,1.123,1.13,1.121,289516.0,513500,sh,标普500ETF博时
2021-01-06,1.125,1.125,1.129,1.123,188659.0,513500,sh,标普500ETF博时
2021-01-07,1.138,1.142,1.143,1.136,167649.0,513500,sh,标普500ETF博时
2021-01-08,1.154,1.159,1.161,1.154,227211.0,513500,sh,标普500ETF博时
2021-01-11,1.159,1.154,1.162,1.153,240130.0,513500,sh,标普500ETF博时
2021-01-12,1.156,1.156,1.159,1.149,146251.0,513500,sh,标普500ETF博时
2021-01-13,1.154,1.153,1.155,1.151,176732.0,513500,sh,标普500ETF博时
2021-01-14,1.155,1.161,1.162,1.155,131723.0,513500,sh,标普500ETF博时
2021-01-15,1.151,1.151,1.155,1.149,98972.0,513500,sh,标普500ETF博时
2021-01-18,1.15,1.147,1.15,1.143,160565.0,513500,sh,标普500ETF博时
2021-01-19,1.152,1.156,1.159,1.152,389491.0,513500,sh,标普500ETF博时
2021-01-20,1.158,1.154,1.163,1.153,209534.0,513500,sh,标普500ETF博时
2021-01-21,1.168,1.174,1.174,1.167,303626.0,513500,sh,标普500ETF博时
2021-01-22,1.172,1.168,1.173,1.166,323820.0,513500,sh,标普500ETF博时
2021-01-25,1.169,1.174,1.177,1.169,221094.0,513500,sh,标普500ETF博时
2021-01-26,1.173,1.164,1.173,1.163,83511.0,513500,sh,标普500ETF博时
2021-01-27,1.168,1.169,1.172,1.165,100612.0,513500,sh,标普500ETF博时
2021-01-28,1.152,1.139,1.152,1.139,126387.0,513500,sh,标普500ETF博时
2021-01-29,1.146,1.141,1.154,1.133,610635.0,513500,sh,标普500ETF博时
2021-02-01,1.128,1.134,1.134,1.12,167103.0,513500,sh,标普500ETF博时
2021-02-02,1.146,1.153,1.154,1.146,175776.0,513500,sh,标普500ETF博时
2021-02-03,1.165,1.166,1.17,1.162,74778.0,513500,sh,标普500ETF博时
2021-02-04,1.165,1.165,1.168,1.158,145408.0,513500,sh,标普500ETF博时
2021-02-05,1.175,1.185,1.185,1.175,161819.0,513500,sh,标普500ETF博时
2021-02-08,1.189,1.185,1.205,1.183,308732.0,513500,sh,标普500ETF博时
2021-02-09,1.199,1.192,1.199,1.186,75464.0,513500,sh,标普500ETF博时
2021-02-10,1.192,1.191,1.193,1.187,120172.0,513500,sh,标普500ETF博时
2021-02-18,1.193,1.193,1.193,1.189,161708.0,513500,sh,标普500ETF博时
2021-02-19,1.191,1.189,1.191,1.183,80807.0,513500,sh,标普500ETF博时
2021-02-22,1.188,1.185,1.19,1.184,152073.0,513500,sh,标普500ETF博时
2021-02-23,1.182,1.185,1.186,1.171,96866.0,513500,sh,标普500ETF博时
2021-02-24,1.185,1.176,1.186,1.175,188612.0,513500,sh,标普500ETF博时
2021-02-25,1.191,1.195,1.199,1.191,419496.0,513500,sh,标普500ETF博时
2021-02-26,1.167,1.163,1.175,1.162,269814.0,513500,sh,标普500ETF博时
2021-03-01,1.181,1.172,1.181,1.167,115218.0,513500,sh,标普500ETF博时
2021-03-02,1.19,1.189,1.19,1.182,139574.0,513500,sh,标普500ETF博时
2021-03-03,1.184,1.188,1.189,1.179,137428.0,513500,sh,标普500ETF博时
2021-03-04,1.18,1.164,1.18,1.161,121460.0,513500,sh,标普500ETF博时
2021-03-05,1.138,1.152,1.155,1.138,144597.0,513500,sh,标普500ETF博时
2021-03-08,1.176,1.177,1.179,1.171,200356.0,513500,sh,标普500ETF博时
2021-03-09,1.178,1.188,1.193,1.176,594387.0,513500,sh,标普500ETF博时
2021-03-10,1.19,1.187,1.196,1.186,108377.0,513500,sh,标普500ETF博时
2021-03-11,1.196,1.206,1.207,1.196,298746.0,513500,sh,标普500ETF博时
2021-03-12,1.218,1.207,1.218,1.206,155710.0,513500,sh,标普500ETF博时
2021-03-15,1.209,1.214,1.216,1.209,169258.0,513500,sh,标普500ETF博时
2021-03-16,1.221,1.222,1.224,1.216,250327.0,513500,sh,标普500ETF博时
2021-03-17,1.22,1.217,1.22,1.213,137450.0,513500,sh,标普500ETF博时
2021-03-18,1.223,1.218,1.225,1.216,157202.0,513500,sh,标普500ETF博时
2021-03-19,1.202,1.203,1.209,1.201,153796.0,513500,sh,标普500ETF博时
2021-03-22,1.2,1.203,1.204,1.193,101484.0,513500,sh,标普500ETF博时
2021-03-23,1.213,1.208,1.214,1.203,155972.0,513500,sh,标普500ETF博时
2021-03-24,1.208,1.2,1.208,1.198,202643.0,513500,sh,标普500ETF博时
2021-03-25,1.191,1.2,1.2,1.191,235640.0,513500,sh,标普500ETF博时
2021-03-26,1.204,1.213,1.213,1.204,86344.0,513500,sh,标普500ETF博时
2021-03-29,1.216,1.222,1.223,1.216,173413.0,513500,sh,标普500ETF博时
2021-03-30,1.225,1.23,1.232,1.223,91590.0,513500,sh,标普500ETF博时
2021-03-31,1.24,1.224,1.24,1.223,86925.0,513500,sh,标普500ETF博时
2021-04-01,1.23,1.237,1.237,1.23,75012.0,513500,sh,标普500ETF博时
2021-04-02,1.249,1.249,1.252,1.244,143960.0,513500,sh,标普500ETF博时
2021-04-06,1.264,1.265,1.268,1.26,236974.0,513500,sh,标普500ETF博时
2021-04-07,1.264,1.263,1.265,1.256,165311.0,513500,sh,标普500ETF博时
2021-04-08,1.266,1.268,1.27,1.266,208352.0,513500,sh,标普500ETF博时
2021-04-09,1.296,1.271,1.296,1.268,236071.0,513500,sh,标普500ETF博时
2021-04-12,1.275,1.279,1.28,1.275,189187.0,513500,sh,标普500ETF博时
2021-04-13,1.279,1.279,1.281,1.275,118240.0,513500,sh,标普500ETF博时
2021-04-14,1.282,1.285,1.285,1.281,187550.0,513500,sh,标普500ETF博时
2021-04-15,1.28,1.282,1.282,1.275,246880.0,513500,sh,标普500ETF博时
2021-04-16,1.289,1.292,1.295,1.288,239290.0,513500,sh,标普500ETF博时
2021-04-19,1.293,1.29,1.295,1.289,170224.0,513500,sh,标普500ETF博时
2021-04-20,1.284,1.28,1.285,1.28,200978.0,513500,sh,标普500ETF博时
2021-04-21,1.267,1.272,1.273,1.264,237937.0,513500,sh,标普500ETF博时
2021-04-22,1.281,1.279,1.282,1.277,100321.0,513500,sh,标普500ETF博时
2021-04-23,1.27,1.268,1.271,1.266,131813.0,513500,sh,标普500ETF博时
2021-04-26,1.279,1.28,1.281,1.277,100418.0,513500,sh,标普500ETF博时
2021-04-27,1.282,1.287,1.287,1.282,110228.0,513500,sh,标普500ETF博时
2021-04-28,1.286,1.285,1.286,1.283,73685.0,513500,sh,标普500ETF博时
2021-04-29,1.286,1.29,1.29,1.286,102160.0,513500,sh,标普500ETF博时
2021-04-30,1.29,1.29,1.291,1.284,182736.0,513500,sh,标普500ETF博时
2021-05-06,1.284,1.283,1.284,1.274,143093.0,513500,sh,标普500ETF博时
2021-05-07,1.293,1.29,1.293,1.285,154925.0,513500,sh,标普500ETF博时
2021-05-10,1.296,1.293,1.298,1.292,213150.0,513500,sh,标普500ETF博时
2021-05-11,1.273,1.273,1.274,1.262,214659.0,513500,sh,标普500ETF博时
2021-05-12,1.263,1.264,1.265,1.257,273711.0,513500,sh,标普500ETF博时
2021-05-13,1.24,1.24,1.243,1.24,224489.0,513500,sh,标普500ETF博时
2021-05-14,1.251,1.259,1.26,1.251,197900.0,513500,sh,标普500ETF博时
2021-05-17,1.269,1.269,1.272,1.266,257537.0,513500,sh,标普500ETF博时
2021-05-18,1.269,1.273,1.274,1.268,134573.0,513500,sh,标普500ETF博时
2021-05-19,1.255,1.252,1.255,1.25,170668.0,513500,sh,标普500ETF博时
2021-05-20,1.25,1.251,1.254,1.248,163317.0,513500,sh,标普500ETF博时
2021-05-21,1.263,1.267,1.269,1.262,149868.0,513500,sh,标普500ETF博时
2021-05-24,1.266,1.269,1.269,1.266,169091.0,513500,sh,标普500ETF博时
2021-05-25,1.277,1.276,1.278,1.273,329308.0,513500,sh,标普500ETF博时
2021-05-26,1.275,1.27,1.275,1.268,208999.0,513500,sh,标普500ETF博时
2021-05-27,1.268,1.261,1.268,1.261,145477.0,513500,sh,标普500ETF博时
2021-05-28,1.265,1.269,1.274,1.265,211971.0,513500,sh,标普500ETF博时
2021-05-31,1.268,1.266,1.27,1.266,173225.0,513500,sh,标普500ETF博时
2021-06-01,1.267,1.267,1.267,1.263,99355.0,513500,sh,标普500ETF博时
2021-06-02,1.268,1.267,1.268,1.266,78516.0,513500,sh,标普500ETF博时
2021-06-03,1.268,1.269,1.27,1.267,80162.0,513500,sh,标普500ETF博时
2021-06-04,1.268,1.267,1.268,1.263,177806.0,513500,sh,标普500ETF博时
2021-06-07,1.273,1.279,1.279,1.272,104389.0,513500,sh,标普500ETF博时
2021-06-08,1.279,1.279,1.281,1.277,122304.0,513500,sh,标普500ETF博时
2021-06-09,1.28,1.279,1.28,1.277,74973.0,513500,sh,标普500ETF博时
2021-06-10,1.279,1.275,1.279,1.273,66054.0,513500,sh,标普500ETF博时
2021-06-11,1.28,1.279,1.281,1.277,65792.0,513500,sh,标普500ETF博时
2021-06-15,1.286,1.287,1.289,1.151,227268.0,513500,sh,标普500ETF博时
2021-06-16,1.284,1.282,1.284,1.281,94407.0,513500,sh,标普500ETF博时
2021-06-17,1.274,1.276,1.28,1.273,82439.0,513500,sh,标普500ETF博时
2021-06-18,1.28,1.282,1.284,1.28,236225.0,513500,sh,标普500ETF博时
2021-06-21,1.268,1.265,1.268,1.26,279683.0,513500,sh,标普500ETF博时
2021-06-22,1.277,1.289,1.289,1.277,258770.0,513500,sh,标普500ETF博时
2021-06-23,1.295,1.3,1.301,1.294,149401.0,513500,sh,标普500ETF博时
2021-06-24,1.299,1.298,1.299,1.297,56575.0,513500,sh,标普500ETF博时
2021-06-25,1.304,1.302,1.306,1.302,80851.0,513500,sh,标普500ETF博时
2021-06-28,1.306,1.304,1.313,1.3,103000.0,513500,sh,标普500ETF博时
2021-06-29,1.308,1.305,1.309,1.304,71608.0,513500,sh,标普500ETF博时
2021-06-30,1.307,1.308,1.309,1.306,41054.0,513500,sh,标普500ETF博时
2021-07-01,1.311,1.312,1.313,1.311,44941.0,513500,sh,标普500ETF博时
2021-07-02,1.317,1.323,1.323,1.317,100008.0,513500,sh,标普500ETF博时
2021-07-05,1.33,1.33,1.333,1.327,355104.0,513500,sh,标普500ETF博时
2021-07-06,1.33,1.332,1.334,1.328,276096.0,513500,sh,标普500ETF博时
2021-07-07,1.33,1.33,1.332,1.327,124329.0,513500,sh,标普500ETF博时
2021-07-08,1.331,1.326,1.335,1.326,113101.0,513500,sh,标普500ETF博时
2021-07-09,1.316,1.327,1.328,1.315,204859.0,513500,sh,标普500ETF博时
2021-07-12,1.334,1.339,1.339,1.334,153101.0,513500,sh,标普500ETF博时
2021-07-13,1.341,1.338,1.344,1.337,162622.0,513500,sh,标普500ETF博时
2021-07-14,1.337,1.336,1.339,1.334,157537.0,513500,sh,标普500ETF博时
2021-07-15,1.333,1.337,1.339,1.333,94855.0,513500,sh,标普500ETF博时
2021-07-16,1.334,1.334,1.335,1.332,161566.0,513500,sh,标普500ETF博时
2021-07-19,1.319,1.323,1.325,1.317,62457.0,513500,sh,标普500ETF博时
2021-07-20,1.318,1.318,1.321,1.307,215494.0,513500,sh,标普500ETF博时
2021-07-21,1.328,1.328,1.33,1.323,137800.0,513500,sh,标普500ETF博时
2021-07-22,1.336,1.336,1.337,1.333,41430.0,513500,sh,标普500ETF博时
2021-07-23,1.338,1.339,1.34,1.338,186278.0,513500,sh,标普500ETF博时
2021-07-26,1.344,1.347,1.35,1.344,159720.0,513500,sh,标普500ETF博时
2021-07-27,1.351,1.353,1.356,1.35,124408.0,513500,sh,标普500ETF博时
2021-07-28,1.353,1.352,1.358,1.349,151373.0,513500,sh,标普500ETF博时
2021-07-29,1.351,1.349,1.351,1.344,112832.0,513500,sh,标普500ETF博时
2021-07-30,1.35,1.34,1.35,1.338,207817.0,513500,sh,标普500ETF博时
2021-08-02,1.348,1.352,1.354,1.346,124214.0,513500,sh,标普500ETF博时
2021-08-03,1.345,1.346,1.347,1.341,182306.0,513500,sh,标普500ETF博时
2021-08-04,1.353,1.35,1.357,1.349,141328.0,513500,sh,标普500ETF博时
2021-08-05,1.347,1.347,1.35,1.345,144168.0,513500,sh,标普500ETF博时
2021-08-06,1.353,1.354,1.355,1.35,122655.0,513500,sh,标普500ETF博时
2021-08-09,1.355,1.358,1.36,1.353,103183.0,513500,sh,标普500ETF博时
2021-08-10,1.358,1.356,1.361,1.353,196291.0,513500,sh,标普500ETF博时
2021-08-11,1.357,1.358,1.361,1.357,86216.0,513500,sh,标普500ETF博时
2021-08-12,1.36,1.359,1.363,1.359,159511.0,513500,sh,标普500ETF博时
2021-08-13,1.365,1.368,1.369,1.362,271125.0,513500,sh,标普500ETF博时
2021-08-16,1.368,1.363,1.369,1.362,200723.0,513500,sh,标普500ETF博时
2021-08-17,1.366,1.366,1.37,1.364,200067.0,513500,sh,标普500ETF博时
2021-08-18,1.361,1.365,1.365,1.358,121581.0,513500,sh,标普500ETF博时
2021-08-19,1.351,1.343,1.353,1.341,182790.0,513500,sh,标普500ETF博时
2021-08-20,1.351,1.35,1.353,1.348,161773.0,513500,sh,标普500ETF博时
2021-08-23,1.362,1.369,1.369,1.362,113332.0,513500,sh,标普500ETF博时
2021-08-24,1.377,1.377,1.378,1.374,144024.0,513500,sh,标普500ETF博时
2021-08-25,1.376,1.372,1.376,1.371,203596.0,513500,sh,标普500ETF博时
2021-08-26,1.373,1.373,1.374,1.372,131541.0,513500,sh,标普500ETF博时
2021-08-27,1.368,1.374,1.376,1.367,162648.0,513500,sh,标普500ETF博时
2021-08-30,1.379,1.379,1.383,1.378,127619.0,513500,sh,标普500ETF博时
2021-08-31,1.385,1.39,1.391,1.383,172084.0,513500,sh,标普500ETF博时
2021-09-01,1.388,1.39,1.39,1.384,134069.0,513500,sh,标普500ETF博时
2021-09-02,1.388,1.381,1.388,1.379,191007.0,513500,sh,标普500ETF博时
2021-09-03,1.384,1.387,1.389,1.384,134615.0,513500,sh,标普500ETF博时
2021-09-06,1.385,1.385,1.387,1.381,146825.0,513500,sh,标普500ETF博时
2021-09-07,1.385,1.385,1.386,1.383,139167.0,513500,sh,标普500ETF博时
2021-09-08,1.382,1.379,1.383,1.378,143531.0,513500,sh,标普500ETF博时
2021-09-09,1.375,1.374,1.375,1.372,150507.0,513500,sh,标普500ETF博时
2021-09-10,1.372,1.375,1.375,1.37,116373.0,513500,sh,标普500ETF博时
2021-09-13,1.364,1.365,1.365,1.36,153850.0,513500,sh,标普500ETF博时
2021-09-14,1.365,1.364,1.368,1.363,381864.0,513500,sh,标普500ETF博时
2021-09-15,1.356,1.356,1.359,1.354,114579.0,513500,sh,标普500ETF博时
2021-09-16,1.365,1.361,1.368,1.359,317691.0,513500,sh,标普500ETF博时
2021-09-17,1.361,1.368,1.369,1.36,136877.0,513500,sh,标普500ETF博时
2021-09-22,1.337,1.34,1.342,1.332,364049.0,513500,sh,标普500ETF博时
2021-09-23,1.352,1.351,1.353,1.348,175087.0,513500,sh,标普500ETF博时
2021-09-24,1.361,1.359,1.363,1.358,239278.0,513500,sh,标普500ETF博时
2021-09-27,1.365,1.368,1.368,1.362,166971.0,513500,sh,标普500ETF博时
2021-09-28,1.36,1.355,1.36,1.351,168626.0,513500,sh,标普500ETF博时
2021-09-29,1.33,1.334,1.339,1.33,359890.0,513500,sh,标普500ETF博时
2021-09-30,1.334,1.342,1.343,1.334,153168.0,513500,sh,标普500ETF博时
2021-10-08,1.349,1.341,1.35,1.341,108196.0,513500,sh,标普500ETF博时
2021-10-11,1.34,1.333,1.341,1.332,190157.0,513500,sh,标普500ETF博时
2021-10-12,1.325,1.319,1.33,1.318,361280.0,513500,sh,标普500ETF博时
2021-10-13,1.322,1.326,1.327,1.321,136520.0,513500,sh,标普500ETF博时
2021-10-14,1.331,1.338,1.339,1.331,113381.0,513500,sh,标普500ETF博时
2021-10-15,1.355,1.355,1.359,1.347,158495.0,513500,sh,标普500ETF博时
2021-10-18,1.357,1.355,1.369,1.354,145710.0,513500,sh,标普500ETF博时
2021-10-19,1.36,1.364,1.365,1.359,165303.0,513500,sh,标普500ETF博时
2021-10-20,1.367,1.368,1.37,1.366,145412.0,513500,sh,标普500ETF博时
2021-10-21,1.37,1.368,1.37,1.367,196687.0,513500,sh,标普500ETF博时
2021-10-22,1.372,1.374,1.375,1.372,81219.0,513500,sh,标普500ETF博时
2021-10-25,1.368,1.374,1.375,1.368,248207.0,513500,sh,标普500ETF博时
2021-10-26,1.381,1.383,1.384,1.381,48771.0,513500,sh,标普500ETF博时
2021-10-27,1.384,1.382,1.384,1.379,84600.0,513500,sh,标普500ETF博时
2021-10-28,1.375,1.377,1.378,1.375,95716.0,513500,sh,标普500ETF博时
2021-10-29,1.386,1.379,1.39,1.379,99502.0,513500,sh,标普500ETF博时
2021-11-01,1.393,1.396,1.398,1.393,95751.0,513500,sh,标普500ETF博时
2021-11-02,1.396,1.393,1.396,1.391,72157.0,513500,sh,标普500ETF博时
2021-11-03,1.399,1.403,1.403,1.398,81429.0,513500,sh,标普500ETF博时
2021-11-04,1.408,1.41,1.411,1.408,60028.0,513500,sh,标普500ETF博时
2021-11-05,1.413,1.416,1.417,1.413,89743.0,513500,sh,标普500ETF博时
2021-11-08,1.416,1.418,1.424,1.415,438967.0,513500,sh,标普500ETF博时
2021-11-09,1.417,1.417,1.426,1.416,668167.0,513500,sh,标普500ETF博时
2021-11-10,1.416,1.411,1.416,1.41,225055.0,513500,sh,标普500ETF博时
2021-11-11,1.406,1.408,1.41,1.405,109909.0,513500,sh,标普500ETF博时
2021-11-12,1.408,1.407,1.411,1.407,78888.0,513500,sh,标普500ETF博时
2021-11-15,1.413,1.416,1.418,1.413,135007.0,513500,sh,标普500ETF博时
2021-11-16,1.416,1.412,1.418,1.411,107436.0,513500,sh,标普500ETF博时
2021-11-17,1.42,1.422,1.422,1.418,72040.0,513500,sh,标普500ETF博时
2021-11-18,1.421,1.417,1.421,1.415,265195.0,513500,sh,标普500ETF博时
2021-11-19,1.42,1.426,1.426,1.42,452045.0,513500,sh,标普500ETF博时
2021-11-22,1.423,1.424,1.425,1.421,183413.0,513500,sh,标普500ETF博时
2021-11-23,1.415,1.411,1.418,1.411,447957.0,513500,sh,标普500ETF博时
2021-11-24,1.417,1.416,1.418,1.414,131444.0,513500,sh,标普500ETF博时
2021-11-25,1.423,1.426,1.426,1.422,108501.0,513500,sh,标普500ETF博时
2021-11-26,1.417,1.404,1.417,1.403,295835.0,513500,sh,标普500ETF博时
2021-11-29,1.395,1.403,1.404,1.392,219060.0,513500,sh,标普500ETF博时
2021-11-30,1.41,1.395,1.412,1.386,470950.0,513500,sh,标普500ETF博时
2021-12-01,1.388,1.389,1.39,1.383,636716.0,513500,sh,标普500ETF博时
2021-12-02,1.367,1.37,1.372,1.364,626371.0,513500,sh,标普500ETF博时
2021-12-03,1.375,1.379,1.382,1.37,215842.0,513500,sh,标普500ETF博时
2021-12-06,1.377,1.375,1.377,1.371,113591.0,513500,sh,标普500ETF博时
2021-12-07,1.386,1.392,1.393,1.384,201696.0,513500,sh,标普500ETF博时
2021-12-08,1.412,1.413,1.415,1.412,120813.0,513500,sh,标普500ETF博时
2021-12-09,1.413,1.413,1.414,1.407,220508.0,513500,sh,标普500ETF博时
2021-12-10,1.407,1.407,1.41,1.405,89169.0,513500,sh,标普500ETF博时
2021-12-13,1.421,1.423,1.424,1.421,116137.0,513500,sh,标普500ETF博时
2021-12-14,1.41,1.406,1.41,1.406,908895.0,513500,sh,标普500ETF博时
2021-12-15,1.393,1.399,1.402,1.393,335238.0,513500,sh,标普500ETF博时
2021-12-16,1.42,1.428,1.429,1.412,627040.0,513500,sh,标普500ETF博时
2021-12-17,1.416,1.404,1.416,1.403,172666.0,513500,sh,标普500ETF博时
2021-12-20,1.39,1.381,1.39,1.38,292416.0,513500,sh,标普500ETF博时
2021-12-21,1.381,1.389,1.411,1.381,645011.0,513500,sh,标普500ETF博时
2021-12-22,1.402,1.4,1.402,1.396,302479.0,513500,sh,标普500ETF博时
2021-12-23,1.412,1.415,1.418,1.412,133884.0,513500,sh,标普500ETF博时
2021-12-24,1.424,1.423,1.424,1.421,95693.0,513500,sh,标普500ETF博时
2021-12-27,1.424,1.426,1.428,1.424,124908.0,513500,sh,标普500ETF博时
2021-12-28,1.44,1.441,1.444,1.439,128646.0,513500,sh,标普500ETF博时
2021-12-29,1.442,1.444,1.446,1.44,285632.0,513500,sh,标普500ETF博时
2021-12-30,1.443,1.444,1.446,1.441,996026.0,513500,sh,标普500ETF博时
2021-12-31,1.441,1.44,1.441,1.431,239721.0,513500,sh,标普500ETF博时
2022-01-04,1.447,1.449,1.449,1.445,143701.0,513500,sh,标普500ETF博时
2022-01-05,1.446,1.443,1.446,1.44,184573.0,513500,sh,标普500ETF博时
2022-01-06,1.416,1.409,1.425,1.408,341038.0,513500,sh,标普500ETF博时
2022-01-07,1.416,1.418,1.42,1.416,185530.0,513500,sh,标普500ETF博时
2022-01-10,1.405,1.408,1.409,1.399,458966.0,513500,sh,标普500ETF博时
2022-01-11,1.408,1.402,1.408,1.401,285060.0,513500,sh,标普500ETF博时
2022-01-12,1.416,1.418,1.418,1.414,392037.0,513500,sh,标普500ETF博时
2022-01-13,1.419,1.415,1.419,1.413,182299.0,513500,sh,标普500ETF博时
2022-01-14,1.394,1.401,1.401,1.394,209279.0,513500,sh,标普500ETF博时
2022-01-17,1.397,1.397,1.4,1.394,180071.0,513500,sh,标普500ETF博时
2022-01-18,1.398,1.392,1.399,1.391,127913.0,513500,sh,标普500ETF博时
2022-01-19,1.377,1.37,1.38,1.367,394009.0,513500,sh,标普500ETF博时
2022-01-20,1.362,1.362,1.363,1.357,1053731.0,513500,sh,标普500ETF博时
2022-01-21,1.335,1.335,1.336,1.329,814386.0,513500,sh,标普500ETF博时
2022-01-24,1.327,1.319,1.327,1.318,890515.0,513500,sh,标普500ETF博时
2022-01-25,1.305,1.303,1.308,1.297,729030.0,513500,sh,标普500ETF博时
2022-01-26,1.3,1.301,1.303,1.297,378514.0,513500,sh,标普500ETF博时
2022-01-27,1.294,1.276,1.294,1.273,1414609.0,513500,sh,标普500ETF博时
2022-01-28,1.298,1.299,1.302,1.287,902588.0,513500,sh,标普500ETF博时
2022-02-07,1.338,1.347,1.347,1.334,606852.0,513500,sh,标普500ETF博时
2022-02-08,1.342,1.344,1.346,1.34,512353.0,513500,sh,标普500ETF博时
2022-02-09,1.354,1.361,1.362,1.354,478096.0,513500,sh,标普500ETF博时
2022-02-10,1.376,1.377,1.38,1.37,926129.0,513500,sh,标普500ETF博时
2022-02-11,1.348,1.34,1.351,1.337,1180552.0,513500,sh,标普500ETF博时
2022-02-14,1.327,1.328,1.329,1.323,806724.0,513500,sh,标普500ETF博时
2022-02-15,1.324,1.319,1.324,1.316,652310.0,513500,sh,标普500ETF博时
2022-02-16,1.335,1.336,1.336,1.333,341096.0,513500,sh,标普500ETF博时
2022-02-17,1.333,1.332,1.338,1.328,575826.0,513500,sh,标普500ETF博时
2022-02-18,1.311,1.314,1.32,1.308,757719.0,513500,sh,标普500ETF博时
2022-02-21,1.306,1.309,1.309,1.301,1231244.0,513500,sh,标普500ETF博时
2022-02-22,1.281,1.281,1.284,1.277,946668.0,513500,sh,标普500ETF博时
2022-02-23,1.291,1.287,1.301,1.285,1462951.0,513500,sh,标普500ETF博时
2022-02-24,1.25,1.233,1.254,1.23,1874264.0,513500,sh,标普500ETF博时
2022-02-25,1.271,1.267,1.273,1.266,1726450.0,513500,sh,标普500ETF博时
2022-02-28,1.282,1.277,1.283,1.269,651208.0,513500,sh,标普500ETF博时
2022-03-01,1.297,1.303,1.304,1.297,1248063.0,513500,sh,标普500ETF博时
2022-03-02,1.288,1.283,1.288,1.282,835690.0,513500,sh,标普500ETF博时
2022-03-03,1.304,1.306,1.306,1.3,797863.0,513500,sh,标普500ETF博时
2022-03-04,1.287,1.294,1.296,1.284,1042313.0,513500,sh,标普500ETF博时
2022-03-07,1.272,1.277,1.282,1.269,749157.0,513500,sh,标普500ETF博时
2022-03-08,1.265,1.237,1.265,1.234,1444797.0,513500,sh,标普500ETF博时
2022-03-09,1.245,1.25,1.251,1.241,1162539.0,513500,sh,标普500ETF博时
2022-03-10,1.273,1.273,1.276,1.271,389133.0,513500,sh,标普500ETF博时
2022-03-11,1.265,1.272,1.273,1.262,642366.0,513500,sh,标普500ETF博时
2022-03-14,1.265,1.269,1.271,1.263,583592.0,513500,sh,标普500ETF博时
2022-03-15,1.257,1.252,1.259,1.251,1429063.0,513500,sh,标普500ETF博时
2022-03-16,1.275,1.285,1.286,1.274,963753.0,513500,sh,标普500ETF博时
2022-03-17,1.307,1.31,1.311,1.3,924635.0,513500,sh,标普500ETF博时
2022-03-18,1.314,1.319,1.321,1.313,585142.0,513500,sh,标普500ETF博时
2022-03-21,1.337,1.338,1.339,1.333,495459.0,513500,sh,标普500ETF博时
2022-03-22,1.334,1.339,1.344,1.334,817059.0,513500,sh,标普500ETF博时
2022-03-23,1.355,1.361,1.362,1.355,1681555.0,513500,sh,标普500ETF博时
2022-03-24,1.342,1.344,1.348,1.341,826157.0,513500,sh,标普500ETF博时
2022-03-25,1.356,1.365,1.365,1.356,848564.0,513500,sh,标普500ETF博时
2022-03-28,1.365,1.368,1.371,1.364,1795436.0,513500,sh,标普500ETF博时
2022-03-30,1.395,1.39,1.396,1.385,936969.0,513500,sh,标普500ETF博时
2022-03-31,1.386,1.387,1.392,1.384,1392305.0,513500,sh,标普500ETF博时
2022-04-01,1.365,1.371,1.371,1.365,973527.0,513500,sh,标普500ETF博时
2022-04-06,1.36,1.371,1.372,1.36,529802.0,513500,sh,标普500ETF博时
2022-04-07,1.351,1.352,1.353,1.345,725145.0,513500,sh,标普500ETF博时
2022-04-08,1.356,1.365,1.365,1.356,1049582.0,513500,sh,标普500ETF博时
2022-04-11,1.355,1.353,1.356,1.349,857063.0,513500,sh,标普500ETF博时
2022-04-12,1.33,1.327,1.333,1.324,1388819.0,513500,sh,标普500ETF博时
2022-04-13,1.329,1.338,1.339,1.328,1185768.0,513500,sh,标普500ETF博时
2022-04-14,1.345,1.347,1.348,1.34,805672.0,513500,sh,标普500ETF博时
2022-04-15,1.327,1.334,1.335,1.327,809510.0,513500,sh,标普500ETF博时
2022-04-18,1.328,1.324,1.328,1.32,520349.0,513500,sh,标普500ETF博时
2022-04-19,1.334,1.334,1.336,1.331,476947.0,513500,sh,标普500ETF博时
2022-04-20,1.355,1.355,1.355,1.35,995290.0,513500,sh,标普500ETF博时
2022-04-21,1.361,1.372,1.375,1.359,983871.0,513500,sh,标普500ETF博时
2022-04-22,1.336,1.354,1.357,1.336,1055023.0,513500,sh,标普500ETF博时
2022-04-25,1.317,1.31,1.319,1.309,2119051.0,513500,sh,标普500ETF博时
2022-04-26,1.327,1.334,1.337,1.327,1218795.0,513500,sh,标普500ETF博时
2022-04-27,1.299,1.302,1.305,1.298,2396587.0,513500,sh,标普500ETF博时
2022-04-28,1.306,1.319,1.321,1.305,1093081.0,513500,sh,标普500ETF博时
2022-04-29,1.336,1.34,1.347,1.333,1740012.0,513500,sh,标普500ETF博时
2022-05-05,1.354,1.341,1.354,1.34,1997449.0,513500,sh,标普500ETF博时
2022-05-06,1.3,1.309,1.315,1.295,2360962.0,513500,sh,标普500ETF博时
2022-05-09,1.295,1.302,1.303,1.291,1542129.0,513500,sh,标普500ETF博时
2022-05-10,1.272,1.278,1.278,1.269,3437210.0,513500,sh,标普500ETF博时
2022-05-11,1.274,1.277,1.28,1.27,1829531.0,513500,sh,标普500ETF博时
2022-05-12,1.256,1.255,1.261,1.253,1556285.0,513500,sh,标普500ETF博时
2022-05-13,1.268,1.275,1.275,1.267,1556556.0,513500,sh,标普500ETF博时
2022-05-16,1.297,1.281,1.299,1.277,2104944.0,513500,sh,标普500ETF博时
2022-05-17,1.286,1.287,1.288,1.283,1734699.0,513500,sh,标普500ETF博时
2022-05-18,1.302,1.299,1.304,1.297,733864.0,513500,sh,标普500ETF博时
2022-05-19,1.25,1.251,1.258,1.247,3109521.0,513500,sh,标普500ETF博时
2022-05-20,1.249,1.243,1.251,1.242,2550865.0,513500,sh,标普500ETF博时
2022-05-23,1.246,1.247,1.248,1.241,1801333.0,513500,sh,标普500ETF博时
2022-05-24,1.245,1.237,1.246,1.235,1950109.0,513500,sh,标普500ETF博时
2022-05-25,1.241,1.248,1.249,1.241,2957436.0,513500,sh,标普500ETF博时
2022-05-26,1.256,1.259,1.26,1.253,3729271.0,513500,sh,标普500ETF博时
2022-05-27,1.285,1.287,1.295,1.282,2031444.0,513500,sh,标普500ETF博时
2022-05-30,1.318,1.309,1.318,1.304,1728891.0,513500,sh,标普500ETF博时
2022-05-31,1.303,1.304,1.309,1.301,1425599.0,513500,sh,标普500ETF博时
2022-06-01,1.305,1.307,1.309,1.303,1209277.0,513500,sh,标普500ETF博时
2022-06-02,1.295,1.292,1.297,1.29,1206947.0,513500,sh,标普500ETF博时
2022-06-06,1.289,1.296,1.296,1.286,1445314.0,513500,sh,标普500ETF博时
2022-06-07,1.292,1.289,1.292,1.285,1013821.0,513500,sh,标普500ETF博时
2022-06-08,1.305,1.305,1.307,1.302,726959.0,513500,sh,标普500ETF博时
2022-06-09,1.296,1.294,1.298,1.292,856815.0,513500,sh,标普500ETF博时
2022-06-10,1.268,1.271,1.273,1.266,1370379.0,513500,sh,标普500ETF博时
2022-06-13,1.23,1.218,1.23,1.215,1958989.0,513500,sh,标普500ETF博时
2022-06-14,1.2,1.205,1.206,1.196,3055580.0,513500,sh,标普500ETF博时
2022-06-15,1.196,1.192,1.196,1.187,2917586.0,513500,sh,标普500ETF博时
2022-06-16,1.21,1.188,1.21,1.187,2164642.0,513500,sh,标普500ETF博时
2022-06-17,1.166,1.169,1.173,1.16,2246812.0,513500,sh,标普500ETF博时
2022-06-20,1.167,1.167,1.168,1.162,1760526.0,513500,sh,标普500ETF博时
2022-06-21,1.173,1.181,1.184,1.171,2478063.0,513500,sh,标普500ETF博时
2022-06-22,1.186,1.182,1.19,1.179,1954714.0,513500,sh,标普500ETF博时
2022-06-23,1.188,1.19,1.191,1.184,2356021.0,513500,sh,标普500ETF博时
2022-06-24,1.198,1.209,1.211,1.198,1842788.0,513500,sh,标普500ETF博时
2022-06-27,1.23,1.235,1.24,1.229,1954253.0,513500,sh,标普500ETF博时
2022-06-28,1.235,1.237,1.238,1.228,1312903.0,513500,sh,标普500ETF博时
2022-06-29,1.208,1.208,1.214,1.207,1223090.0,513500,sh,标普500ETF博时
2022-06-30,1.207,1.195,1.208,1.193,1620303.0,513500,sh,标普500ETF博时
2022-07-01,1.196,1.191,1.198,1.188,1386357.0,513500,sh,标普500ETF博时
2022-07-04,1.197,1.206,1.207,1.195,2024509.0,513500,sh,标普500ETF博时
2022-07-05,1.213,1.216,1.216,1.21,1809278.0,513500,sh,标普500ETF博时
2022-07-06,1.216,1.21,1.218,1.205,1780001.0,513500,sh,标普500ETF博时
2022-07-07,1.214,1.221,1.223,1.213,1981103.0,513500,sh,标普500ETF博时
2022-07-08,1.236,1.23,1.238,1.228,2175950.0,513500,sh,标普500ETF博时
2022-07-11,1.23,1.223,1.23,1.222,1659244.0,513500,sh,标普500ETF博时
2022-07-12,1.219,1.217,1.221,1.215,1607641.0,513500,sh,标普500ETF博时
2022-07-13,1.215,1.217,1.217,1.212,2053090.0,513500,sh,标普500ETF博时
2022-07-14,1.21,1.204,1.21,1.201,1617663.0,513500,sh,标普500ETF博时
2022-07-15,1.21,1.209,1.215,1.208,1646054.0,513500,sh,标普500ETF博时
2022-07-18,1.229,1.237,1.238,1.228,1916848.0,513500,sh,标普500ETF博时
2022-07-19,1.222,1.222,1.224,1.22,1819476.0,513500,sh,标普500ETF博时
2022-07-20,1.255,1.259,1.26,1.255,2289537.0,513500,sh,标普500ETF博时
2022-07-21,1.261,1.262,1.265,1.258,1954638.0,513500,sh,标普500ETF博时
2022-07-22,1.27,1.271,1.272,1.268,1500782.0,513500,sh,标普500ETF博时
2022-07-25,1.258,1.26,1.262,1.257,1612424.0,513500,sh,标普500ETF博时
2022-07-26,1.259,1.259,1.262,1.257,1504244.0,513500,sh,标普500ETF博时
2022-07-27,1.259,1.263,1.263,1.258,2044830.0,513500,sh,标普500ETF博时
2022-07-28,1.279,1.277,1.281,1.275,1588838.0,513500,sh,标普500ETF博时
2022-07-29,1.3,1.304,1.306,1.299,1940370.0,513500,sh,标普500ETF博时
2022-08-01,1.309,1.31,1.313,1.307,3034474.0,513500,sh,标普500ETF博时
2022-08-02,1.31,1.306,1.311,1.306,2229976.0,513500,sh,标普500ETF博时
2022-08-03,1.306,1.306,1.307,1.303,1954403.0,513500,sh,标普500ETF博时
2022-08-04,1.321,1.319,1.324,1.319,1891833.0,513500,sh,标普500ETF博时
2022-08-05,1.322,1.324,1.325,1.32,1574873.0,513500,sh,标普500ETF博时
2022-08-08,1.32,1.328,1.328,1.317,3391028.0,513500,sh,标普500ETF博时
2022-08-09,1.32,1.321,1.323,1.319,1440125.0,513500,sh,标普500ETF博时
2022-08-10,1.316,1.313,1.317,1.312,1637385.0,513500,sh,标普500ETF博时
2022-08-11,1.341,1.342,1.344,1.339,1046644.0,513500,sh,标普500ETF博时
2022-08-12,1.338,1.342,1.343,1.338,898166.0,513500,sh,标普500ETF博时
2022-08-15,1.356,1.361,1.363,1.356,1905373.0,513500,sh,标普500ETF博时
2022-08-16,1.372,1.373,1.375,1.371,1547767.0,513500,sh,标普500ETF博时
2022-08-17,1.376,1.374,1.378,1.374,1280062.0,513500,sh,标普500ETF博时
2022-08-18,1.365,1.365,1.369,1.365,1615584.0,513500,sh,标普500ETF博时
2022-08-19,1.373,1.367,1.376,1.367,1557222.0,513500,sh,标普500ETF博时
2022-08-22,1.353,1.353,1.357,1.352,1893823.0,513500,sh,标普500ETF博时
2022-08-23,1.339,1.335,1.341,1.332,1946537.0,513500,sh,标普500ETF博时
2022-08-24,1.334,1.335,1.336,1.327,1768178.0,513500,sh,标普500ETF博时
2022-08-25,1.34,1.351,1.352,1.34,1439837.0,513500,sh,标普500ETF博时
2022-08-26,1.355,1.358,1.359,1.355,867581.0,513500,sh,标普500ETF博时
2022-08-29,1.311,1.314,1.316,1.3,3354632.0,513500,sh,标普500ETF博时
2022-08-30,1.314,1.318,1.319,1.312,1790069.0,513500,sh,标普500ETF博时
2022-08-31,1.302,1.305,1.307,1.302,1684580.0,513500,sh,标普500ETF博时
2022-09-01,1.284,1.282,1.285,1.277,1868294.0,513500,sh,标普500ETF博时
2022-09-02,1.29,1.295,1.295,1.289,1294544.0,513500,sh,标普500ETF博时
2022-09-05,1.281,1.291,1.291,1.281,1175273.0,513500,sh,标普500ETF博时
2022-09-06,1.294,1.291,1.294,1.287,1835147.0,513500,sh,标普500ETF博时
2022-09-07,1.278,1.281,1.282,1.274,4379781.0,513500,sh,标普500ETF博时
2022-09-08,1.303,1.304,1.308,1.302,2356394.0,513500,sh,标普500ETF博时
2022-09-09,1.312,1.312,1.315,1.31,1836649.0,513500,sh,标普500ETF博时
2022-09-13,1.338,1.345,1.345,1.338,1753779.0,513500,sh,标普500ETF博时
2022-09-14,1.291,1.29,1.293,1.284,4208355.0,513500,sh,标普500ETF博时
2022-09-15,1.29,1.291,1.294,1.29,1966013.0,513500,sh,标普500ETF博时
2022-09-16,1.273,1.27,1.274,1.268,3293881.0,513500,sh,标普500ETF博时
2022-09-19,1.271,1.267,1.274,1.266,2604021.0,513500,sh,标普500ETF博时
2022-09-20,1.281,1.284,1.285,1.279,1895304.0,513500,sh,标普500ETF博时
2022-09-21,1.269,1.267,1.272,1.265,3222044.0,513500,sh,标普500ETF博时
2022-09-22,1.24,1.245,1.248,1.238,4325231.0,513500,sh,标普500ETF博时
2022-09-23,1.244,1.238,1.244,1.236,1358245.0,513500,sh,标普500ETF博时
2022-09-26,1.218,1.216,1.225,1.214,2563223.0,513500,sh,标普500ETF博时
2022-09-27,1.22,1.231,1.232,1.22,1873079.0,513500,sh,标普500ETF博时
2022-09-28,1.223,1.216,1.223,1.212,1609754.0,513500,sh,标普500ETF博时
2022-09-29,1.239,1.238,1.242,1.233,1678345.0,513500,sh,标普500ETF博时
2022-09-30,1.215,1.215,1.219,1.21,2513905.0,513500,sh,标普500ETF博时
2022-10-10,1.21,1.207,1.212,1.203,923625.0,513500,sh,标普500ETF博时
2022-10-11,1.209,1.205,1.214,1.205,3630838.0,513500,sh,标普500ETF博时
2022-10-12,1.206,1.212,1.213,1.203,1818027.0,513500,sh,标普500ETF博时
2022-10-13,1.202,1.202,1.204,1.2,864297.0,513500,sh,标普500ETF博时
2022-10-14,1.228,1.24,1.242,1.228,1439707.0,513500,sh,标普500ETF博时
2022-10-17,1.212,1.216,1.217,1.21,2115781.0,513500,sh,标普500ETF博时
2022-10-18,1.243,1.256,1.258,1.24,1830215.0,513500,sh,标普500ETF博时
2022-10-19,1.26,1.253,1.264,1.251,1995524.0,513500,sh,标普500ETF博时
2022-10-20,1.237,1.242,1.244,1.234,1787892.0,513500,sh,标普500ETF博时
2022-10-21,1.232,1.232,1.235,1.229,1321896.0,513500,sh,标普500ETF博时
2022-10-24,1.264,1.264,1.271,1.262,2352988.0,513500,sh,标普500ETF博时
2022-10-25,1.283,1.288,1.289,1.282,2125839.0,513500,sh,标普500ETF博时
2022-10-26,1.292,1.286,1.296,1.283,2638096.0,513500,sh,标普500ETF博时
2022-10-27,1.291,1.298,1.299,1.29,2995979.0,513500,sh,标普500ETF博时
2022-10-28,1.286,1.275,1.287,1.275,919172.0,513500,sh,标普500ETF博时
2022-10-31,1.315,1.32,1.321,1.315,1743648.0,513500,sh,标普500ETF博时
2022-11-01,1.321,1.325,1.326,1.317,2165247.0,513500,sh,标普500ETF博时
2022-11-02,1.315,1.313,1.317,1.311,1545758.0,513500,sh,标普500ETF博时
2022-11-03,1.285,1.288,1.291,1.283,2687614.0,513500,sh,标普500ETF博时
2022-11-04,1.275,1.275,1.278,1.268,5587019.0,513500,sh,标普500ETF博时
2022-11-07,1.277,1.284,1.284,1.275,3063410.0,513500,sh,标普500ETF博时
2022-11-08,1.297,1.297,1.298,1.294,2279691.0,513500,sh,标普500ETF博时
2022-11-09,1.301,1.302,1.312,1.3,2653358.0,513500,sh,标普500ETF博时
2022-11-10,1.282,1.283,1.284,1.279,1786420.0,513500,sh,标普500ETF博时
2022-11-11,1.349,1.339,1.349,1.328,3653796.0,513500,sh,标普500ETF博时
2022-11-14,1.338,1.324,1.34,1.322,2385792.0,513500,sh,标普500ETF博时
2022-11-15,1.321,1.326,1.327,1.321,2375796.0,513500,sh,标普500ETF博时
2022-11-16,1.321,1.336,1.339,1.32,3282414.0,513500,sh,标普500ETF博时
2022-11-17,1.327,1.335,1.336,1.326,1980835.0,513500,sh,标普500ETF博时
2022-11-18,1.33,1.326,1.333,1.325,1314593.0,513500,sh,标普500ETF博时
2022-11-21,1.328,1.336,1.34,1.327,3255345.0,513500,sh,标普500ETF博时
2022-11-22,1.335,1.333,1.341,1.332,1668971.0,513500,sh,标普500ETF博时
2022-11-23,1.346,1.351,1.351,1.346,733470.0,513500,sh,标普500ETF博时
2022-11-24,1.362,1.361,1.364,1.36,946178.0,513500,sh,标普500ETF博时
2022-11-25,1.366,1.367,1.367,1.363,922633.0,513500,sh,标普500ETF博时
2022-11-28,1.365,1.361,1.367,1.358,1581041.0,513500,sh,标普500ETF博时
2022-11-29,1.349,1.346,1.351,1.342,2072365.0,513500,sh,标普500ETF博时
2022-11-30,1.336,1.337,1.339,1.335,1741530.0,513500,sh,标普500ETF博时
2022-12-01,1.363,1.363,1.371,1.358,2540019.0,513500,sh,标普500ETF博时
2022-12-02,1.354,1.358,1.358,1.354,958300.0,513500,sh,标普500ETF博时
2022-12-05,1.345,1.337,1.348,1.334,1998270.0,513500,sh,标普500ETF博时
2022-12-06,1.32,1.316,1.321,1.315,2509067.0,513500,sh,标普500ETF博时
2022-12-07,1.299,1.298,1.302,1.297,2886954.0,513500,sh,标普500ETF博时
2022-12-08,1.29,1.295,1.295,1.289,1751827.0,513500,sh,标普500ETF博时
2022-12-09,1.3,1.305,1.305,1.299,1380900.0,513500,sh,标普500ETF博时
2022-12-12,1.292,1.294,1.295,1.292,1087828.0,513500,sh,标普500ETF博时
2022-12-13,1.312,1.314,1.315,1.311,1366820.0,513500,sh,标普500ETF博时
2022-12-14,1.322,1.325,1.325,1.321,1064716.0,513500,sh,标普500ETF博时
2022-12-15,1.314,1.313,1.315,1.31,981047.0,513500,sh,标普500ETF博时
2022-12-16,1.282,1.284,1.285,1.281,1928690.0,513500,sh,标普500ETF博时
2022-12-19,1.271,1.27,1.273,1.27,1404986.0,513500,sh,标普500ETF博时
2022-12-20,1.26,1.251,1.263,1.246,3250357.0,513500,sh,标普500ETF博时
2022-12-21,1.262,1.266,1.267,1.262,1783452.0,513500,sh,标普500ETF博时
2022-12-22,1.282,1.281,1.284,1.281,1125892.0,513500,sh,标普500ETF博时
2022-12-23,1.261,1.266,1.266,1.261,1950698.0,513500,sh,标普500ETF博时
2022-12-26,1.27,1.27,1.272,1.269,704950.0,513500,sh,标普500ETF博时
2022-12-27,1.276,1.274,1.277,1.272,801650.0,513500,sh,标普500ETF博时
2022-12-28,1.26,1.26,1.262,1.258,1935517.0,513500,sh,标普500ETF博时
2022-12-29,1.245,1.244,1.248,1.242,2058254.0,513500,sh,标普500ETF博时
2022-12-30,1.261,1.255,1.263,1.255,1614353.0,513500,sh,标普500ETF博时
2023-01-03,1.25,1.25,1.252,1.246,3182964.0,513500,sh,标普500ETF博时
2023-01-04,1.247,1.245,1.249,1.243,2553710.0,513500,sh,标普500ETF博时
2023-01-05,1.25,1.246,1.251,1.245,3550161.0,513500,sh,标普500ETF博时
2023-01-06,1.237,1.238,1.241,1.235,2835184.0,513500,sh,标普500ETF博时
2023-01-09,1.254,1.254,1.255,1.251,1975588.0,513500,sh,标普500ETF博时
2023-01-10,1.248,1.248,1.249,1.242,2871258.0,513500,sh,标普500ETF博时
2023-01-11,1.255,1.256,1.258,1.254,2254070.0,513500,sh,标普500ETF博时
2023-01-12,1.264,1.264,1.266,1.262,2048980.0,513500,sh,标普500ETF博时
2023-01-13,1.263,1.261,1.263,1.259,1108488.0,513500,sh,标普500ETF博时
2023-01-16,1.263,1.262,1.264,1.26,1859250.0,513500,sh,标普500ETF博时
2023-01-17,1.264,1.267,1.268,1.263,1193614.0,513500,sh,标普500ETF博时
2023-01-18,1.266,1.273,1.275,1.265,1366548.0,513500,sh,标普500ETF博时
2023-01-19,1.25,1.248,1.252,1.248,2060328.0,513500,sh,标普500ETF博时
2023-01-20,1.243,1.25,1.251,1.242,1691937.0,513500,sh,标普500ETF博时
2023-01-30,1.284,1.284,1.287,1.283,2964520.0,513500,sh,标普500ETF博时
2023-01-31,1.276,1.273,1.278,1.272,1279524.0,513500,sh,标普500ETF博时
2023-02-01,1.287,1.29,1.29,1.286,1557982.0,513500,sh,标普500ETF博时
2023-02-02,1.301,1.303,1.304,1.3,1328144.0,513500,sh,标普500ETF博时
2023-02-03,1.315,1.314,1.316,1.313,1382468.0,513500,sh,标普500ETF博时
2023-02-06,1.315,1.309,1.318,1.309,1244153.0,513500,sh,标普500ETF博时
2023-02-07,1.312,1.311,1.313,1.31,708030.0,513500,sh,标普500ETF博时
2023-02-08,1.321,1.325,1.326,1.321,1501436.0,513500,sh,标普500ETF博时
2023-02-09,1.315,1.32,1.321,1.315,2589860.0,513500,sh,标普500ETF博时
2023-02-10,1.302,1.302,1.305,1.302,1090537.0,513500,sh,标普500ETF博时
2023-02-13,1.304,1.309,1.309,1.304,797244.0,513500,sh,标普500ETF博时
2023-02-14,1.322,1.326,1.326,1.322,1167357.0,513500,sh,标普500ETF博时
2023-02-15,1.325,1.323,1.326,1.322,736631.0,513500,sh,标普500ETF博时
2023-02-16,1.336,1.338,1.339,1.335,940281.0,513500,sh,标普500ETF博时
2023-02-17,1.323,1.316,1.324,1.315,731021.0,513500,sh,标普500ETF博时
2023-02-20,1.317,1.317,1.319,1.315,914389.0,513500,sh,标普500ETF博时
2023-02-21,1.312,1.313,1.314,1.311,659342.0,513500,sh,标普500ETF博时
2023-02-22,1.293,1.298,1.3,1.293,948190.0,513500,sh,标普500ETF博时
2023-02-23,1.301,1.3,1.301,1.298,677455.0,513500,sh,标普500ETF博时
2023-02-24,1.303,1.307,1.308,1.302,673538.0,513500,sh,标普500ETF博时
2023-02-27,1.302,1.301,1.304,1.3,736889.0,513500,sh,标普500ETF博时
2023-02-28,1.307,1.301,1.307,1.299,613022.0,513500,sh,标普500ETF博时
2023-03-01,1.293,1.291,1.294,1.29,1822190.0,513500,sh,标普500ETF博时
2023-03-02,1.282,1.278,1.282,1.274,1685387.0,513500,sh,标普500ETF博时
2023-03-03,1.288,1.292,1.292,1.287,1093549.0,513500,sh,标普500ETF博时
2023-03-06,1.312,1.316,1.318,1.311,1317973.0,513500,sh,标普500ETF博时
2023-03-07,1.321,1.32,1.324,1.32,1105346.0,513500,sh,标普500ETF博时
2023-03-08,1.306,1.304,1.308,1.303,881025.0,513500,sh,标普500ETF博时
2023-03-09,1.305,1.307,1.308,1.303,744654.0,513500,sh,标普500ETF博时
2023-03-10,1.279,1.275,1.28,1.273,1754948.0,513500,sh,标普500ETF博时
2023-03-13,1.27,1.277,1.278,1.268,2489614.0,513500,sh,标普500ETF博时
2023-03-14,1.251,1.251,1.261,1.246,2231361.0,513500,sh,标普500ETF博时
2023-03-15,1.27,1.272,1.272,1.268,1535255.0,513500,sh,标普500ETF博时
2023-03-16,1.265,1.264,1.271,1.264,1174695.0,513500,sh,标普500ETF博时
2023-03-17,1.283,1.281,1.283,1.278,1163353.0,513500,sh,标普500ETF博时
2023-03-20,1.275,1.259,1.276,1.256,1780639.0,513500,sh,标普500ETF博时
2023-03-21,1.278,1.281,1.282,1.278,1025774.0,513500,sh,标普500ETF博时
2023-03-22,1.293,1.295,1.297,1.293,1166899.0,513500,sh,标普500ETF博时
2023-03-23,1.274,1.274,1.277,1.272,1871087.0,513500,sh,标普500ETF博时
2023-03-24,1.273,1.276,1.277,1.269,1251170.0,513500,sh,标普500ETF博时
2023-03-27,1.287,1.292,1.293,1.287,1282239.0,513500,sh,标普500ETF博时
2023-03-28,1.287,1.291,1.292,1.286,821433.0,513500,sh,标普500ETF博时
2023-03-29,1.29,1.296,1.297,1.288,787513.0,513500,sh,标普500ETF博时
2023-03-30,1.306,1.305,1.308,1.304,959719.0,513500,sh,标普500ETF博时
2023-03-31,1.311,1.308,1.311,1.307,1014246.0,513500,sh,标普500ETF博时
2023-04-03,1.325,1.326,1.327,1.324,915338.0,513500,sh,标普500ETF博时
2023-04-04,1.331,1.334,1.334,1.331,827667.0,513500,sh,标普500ETF博时
2023-04-06,1.322,1.321,1.322,1.319,838756.0,513500,sh,标普500ETF博时
2023-04-07,1.326,1.326,1.327,1.324,948519.0,513500,sh,标普500ETF博时
2023-04-10,1.326,1.325,1.329,1.324,438843.0,513500,sh,标普500ETF博时
2023-04-11,1.331,1.332,1.332,1.33,538491.0,513500,sh,标普500ETF博时
2023-04-12,1.332,1.33,1.332,1.329,907352.0,513500,sh,标普500ETF博时
2023-04-13,1.323,1.325,1.326,1.321,868566.0,513500,sh,标普500ETF博时
2023-04-14,1.338,1.332,1.339,1.331,759902.0,513500,sh,标普500ETF博时
2023-04-17,1.339,1.339,1.341,1.337,531228.0,513500,sh,标普500ETF博时
2023-04-18,1.34,1.341,1.343,1.34,632172.0,513500,sh,标普500ETF博时
2023-04-19,1.342,1.341,1.342,1.34,540698.0,513500,sh,标普500ETF博时
2023-04-20,1.341,1.34,1.344,1.339,865885.0,513500,sh,标普500ETF博时
2023-04-21,1.336,1.336,1.337,1.334,594060.0,513500,sh,标普500ETF博时
2023-04-24,1.336,1.334,1.339,1.333,829944.0,513500,sh,标普500ETF博时
2023-04-25,1.339,1.339,1.34,1.338,583124.0,513500,sh,标普500ETF博时
2023-04-26,1.333,1.33,1.335,1.33,1161876.0,513500,sh,标普500ETF博时
2023-04-27,1.324,1.323,1.325,1.323,791090.0,513500,sh,标普500ETF博时
2023-04-28,1.343,1.343,1.345,1.341,1236774.0,513500,sh,标普500ETF博时
2023-05-04,1.327,1.331,1.331,1.325,1196714.0,513500,sh,标普500ETF博时
2023-05-05,1.326,1.326,1.327,1.323,667732.0,513500,sh,标普500ETF博时
2023-05-08,1.342,1.344,1.345,1.342,847383.0,513500,sh,标普500ETF博时
2023-05-09,1.344,1.345,1.346,1.344,721542.0,513500,sh,标普500ETF博时
2023-05-10,1.343,1.345,1.345,1.341,695832.0,513500,sh,标普500ETF博时
2023-05-11,1.351,1.352,1.354,1.351,1093224.0,513500,sh,标普500ETF博时
2023-05-12,1.354,1.353,1.355,1.352,654960.0,513500,sh,标普500ETF博时
2023-05-15,1.349,1.353,1.354,1.348,753742.0,513500,sh,标普500ETF博时
2023-05-16,1.352,1.352,1.354,1.351,581438.0,513500,sh,标普500ETF博时
2023-05-17,1.353,1.355,1.357,1.353,751271.0,513500,sh,标普500ETF博时
2023-05-18,1.369,1.373,1.373,1.368,918986.0,513500,sh,标普500ETF博时
2023-05-19,1.393,1.394,1.399,1.393,3499717.0,513500,sh,标普500ETF博时
2023-05-22,1.385,1.388,1.39,1.385,1259979.0,513500,sh,标普500ETF博时
2023-05-23,1.395,1.394,1.399,1.393,1108185.0,513500,sh,标普500ETF博时
2023-05-24,1.381,1.381,1.384,1.377,1451237.0,513500,sh,标普500ETF博时
2023-05-25,1.377,1.38,1.38,1.375,1723102.0,513500,sh,标普500ETF博时
2023-05-26,1.38,1.379,1.381,1.377,888793.0,513500,sh,标普500ETF博时
2023-05-29,1.403,1.407,1.407,1.402,1224982.0,513500,sh,标普500ETF博时
2023-05-30,1.404,1.413,1.414,1.403,1047513.0,513500,sh,标普500ETF博时
2023-05-31,1.406,1.402,1.41,1.4,1270819.0,513500,sh,标普500ETF博时
2023-06-01,1.4,1.404,1.405,1.397,869517.0,513500,sh,标普500ETF博时
2023-06-02,1.414,1.412,1.415,1.408,1172405.0,513500,sh,标普500ETF博时
2023-06-05,1.432,1.438,1.439,1.431,1435973.0,513500,sh,标普500ETF博时
2023-06-06,1.434,1.433,1.436,1.432,957900.0,513500,sh,标普500ETF博时
2023-06-07,1.436,1.44,1.442,1.435,1086606.0,513500,sh,标普500ETF博时
2023-06-08,1.436,1.433,1.439,1.432,1280196.0,513500,sh,标普500ETF博时
2023-06-09,1.44,1.441,1.445,1.438,1766414.0,513500,sh,标普500ETF博时
2023-06-12,1.448,1.453,1.453,1.448,977433.0,513500,sh,标普500ETF博时
2023-06-13,1.465,1.471,1.472,1.464,1983998.0,513500,sh,标普500ETF博时
2023-06-14,1.478,1.476,1.478,1.474,1242121.0,513500,sh,标普500ETF博时
2023-06-15,1.478,1.472,1.479,1.469,2172845.0,513500,sh,标普500ETF博时
2023-06-16,1.482,1.484,1.487,1.481,1656276.0,513500,sh,标普500ETF博时
2023-06-19,1.483,1.484,1.484,1.482,761145.0,513500,sh,标普500ETF博时
2023-06-20,1.484,1.487,1.49,1.484,787514.0,513500,sh,标普500ETF博时
2023-06-21,1.487,1.487,1.49,1.486,1205427.0,513500,sh,标普500ETF博时
2023-06-26,1.478,1.482,1.483,1.478,1139579.0,513500,sh,标普500ETF博时
2023-06-27,1.478,1.474,1.478,1.472,1126174.0,513500,sh,标普500ETF博时
2023-06-28,1.485,1.489,1.49,1.485,1100214.0,513500,sh,标普500ETF博时
2023-06-29,1.494,1.496,1.498,1.494,1089485.0,513500,sh,标普500ETF博时
2023-06-30,1.506,1.503,1.507,1.502,1328655.0,513500,sh,标普500ETF博时
2023-07-03,1.521,1.522,1.523,1.518,1627550.0,513500,sh,标普500ETF博时
2023-07-04,1.52,1.516,1.521,1.516,1039513.0,513500,sh,标普500ETF博时
2023-07-05,1.517,1.515,1.517,1.514,782437.0,513500,sh,标普500ETF博时
2023-07-06,1.517,1.512,1.518,1.511,1012752.0,513500,sh,标普500ETF博时
2023-07-07,1.503,1.502,1.507,1.501,1689896.0,513500,sh,标普500ETF博时
2023-07-10,1.494,1.492,1.496,1.492,826143.0,513500,sh,标普500ETF博时
2023-07-11,1.5,1.499,1.502,1.495,839456.0,513500,sh,标普500ETF博时
2023-07-12,1.505,1.506,1.506,1.502,777240.0,513500,sh,标普500ETF博时
2023-07-13,1.513,1.516,1.517,1.512,1198616.0,513500,sh,标普500ETF博时
2023-07-14,1.519,1.513,1.519,1.512,1136577.0,513500,sh,标普500ETF博时
2023-07-17,1.515,1.521,1.521,1.514,1015649.0,513500,sh,标普500ETF博时
2023-07-18,1.525,1.528,1.529,1.524,868373.0,513500,sh,标普500ETF博时
2023-07-19,1.543,1.552,1.553,1.543,1695441.0,513500,sh,标普500ETF博时
2023-07-20,1.549,1.541,1.549,1.54,1605045.0,513500,sh,标普500ETF博时
2023-07-21,1.531,1.536,1.537,1.53,1284214.0,513500,sh,标普500ETF博时
2023-07-24,1.535,1.541,1.542,1.534,1330105.0,513500,sh,标普500ETF博时
2023-07-25,1.54,1.538,1.54,1.535,1532622.0,513500,sh,标普500ETF博时
2023-07-26,1.541,1.541,1.542,1.539,805480.0,513500,sh,标普500ETF博时
2023-07-27,1.542,1.545,1.546,1.537,1521880.0,513500,sh,标普500ETF博时
2023-07-28,1.535,1.534,1.537,1.531,1831845.0,513500,sh,标普500ETF博时
2023-07-31,1.542,1.539,1.543,1.537,1466143.0,513500,sh,标普500ETF博时
2023-08-01,1.546,1.549,1.55,1.545,1157801.0,513500,sh,标普500ETF博时
2023-08-02,1.542,1.537,1.543,1.536,1725216.0,513500,sh,标普500ETF博时
2023-08-03,1.525,1.523,1.529,1.523,1695616.0,513500,sh,标普500ETF博时
2023-08-04,1.52,1.526,1.529,1.519,1343717.0,513500,sh,标普500ETF博时
2023-08-07,1.517,1.518,1.521,1.517,1327262.0,513500,sh,标普500ETF博时
2023-08-08,1.528,1.529,1.53,1.526,806956.0,513500,sh,标普500ETF博时
2023-08-09,1.528,1.529,1.529,1.525,779762.0,513500,sh,标普500ETF博时
2023-08-10,1.52,1.521,1.521,1.517,679413.0,513500,sh,标普500ETF博时
2023-08-11,1.521,1.522,1.523,1.519,566344.0,513500,sh,标普500ETF博时
2023-08-14,1.523,1.525,1.525,1.52,1079149.0,513500,sh,标普500ETF博时
2023-08-15,1.538,1.541,1.543,1.538,1362642.0,513500,sh,标普500ETF博时
2023-08-16,1.528,1.524,1.528,1.522,1042731.0,513500,sh,标普500ETF博时
2023-08-17,1.513,1.515,1.517,1.512,1335221.0,513500,sh,标普500ETF博时
2023-08-18,1.495,1.497,1.499,1.494,1720350.0,513500,sh,标普500ETF博时
2023-08-21,1.497,1.503,1.503,1.496,2291253.0,513500,sh,标普500ETF博时
2023-08-22,1.503,1.509,1.51,1.501,2101004.0,513500,sh,标普500ETF博时
2023-08-23,1.507,1.51,1.51,1.506,999433.0,513500,sh,标普500ETF博时
2023-08-24,1.528,1.532,1.536,1.527,3891149.0,513500,sh,标普500ETF博时
2023-08-25,1.503,1.501,1.504,1.499,1152175.0,513500,sh,标普500ETF博时
2023-08-28,1.508,1.515,1.516,1.507,827524.0,513500,sh,标普500ETF博时
2023-08-29,1.523,1.524,1.526,1.521,1029964.0,513500,sh,标普500ETF博时
2023-08-30,1.544,1.545,1.547,1.544,1083161.0,513500,sh,标普500ETF博时
2023-08-31,1.549,1.553,1.556,1.549,1472921.0,513500,sh,标普500ETF博时
2023-09-01,1.542,1.544,1.547,1.541,772000.0,513500,sh,标普500ETF博时
2023-09-04,1.546,1.547,1.549,1.545,802455.0,513500,sh,标普500ETF博时
2023-09-05,1.546,1.548,1.55,1.546,615692.0,513500,sh,标普500ETF博时
2023-09-06,1.548,1.548,1.55,1.546,681220.0,513500,sh,标普500ETF博时
2023-09-07,1.538,1.535,1.539,1.535,714217.0,513500,sh,标普500ETF博时
2023-09-08,1.538,1.544,1.545,1.537,816142.0,513500,sh,标普500ETF博时
2023-09-11,1.543,1.536,1.544,1.531,1248707.0,513500,sh,标普500ETF博时
2023-09-12,1.539,1.541,1.542,1.538,596768.0,513500,sh,标普500ETF博时
2023-09-13,1.532,1.53,1.533,1.528,1126912.0,513500,sh,标普500ETF博时
2023-09-14,1.533,1.537,1.538,1.532,891516.0,513500,sh,标普500ETF博时
2023-09-15,1.549,1.548,1.55,1.542,1146131.0,513500,sh,标普500ETF博时
2023-09-18,1.528,1.531,1.533,1.528,754705.0,513500,sh,标普500ETF博时
2023-09-19,1.531,1.53,1.533,1.529,641513.0,513500,sh,标普500ETF博时
2023-09-20,1.528,1.528,1.53,1.526,687076.0,513500,sh,标普500ETF博时
2023-09-21,1.512,1.512,1.512,1.507,1292650.0,513500,sh,标普500ETF博时
2023-09-22,1.489,1.493,1.493,1.488,1386959.0,513500,sh,标普500ETF博时
2023-09-25,1.488,1.49,1.491,1.485,1158746.0,513500,sh,标普500ETF博时
2023-09-26,1.489,1.483,1.49,1.483,1050651.0,513500,sh,标普500ETF博时
2023-09-27,1.473,1.475,1.476,1.47,2182767.0,513500,sh,标普500ETF博时
2023-09-28,1.477,1.471,1.477,1.47,1316512.0,513500,sh,标普500ETF博时
2023-10-09,1.472,1.47,1.473,1.466,1404122.0,513500,sh,标普500ETF博时
2023-10-10,1.489,1.49,1.49,1.487,867845.0,513500,sh,标普500ETF博时
2023-10-11,1.496,1.499,1.5,1.495,722789.0,513500,sh,标普500ETF博时
2023-10-12,1.507,1.51,1.51,1.507,808137.0,513500,sh,标普500ETF博时
2023-10-13,1.5,1.497,1.5,1.496,857126.0,513500,sh,标普500ETF博时
2023-10-16,1.492,1.496,1.496,1.492,979112.0,513500,sh,标普500ETF博时
2023-10-17,1.506,1.507,1.507,1.504,751921.0,513500,sh,标普500ETF博时
2023-10-18,1.504,1.505,1.508,1.502,1129600.0,513500,sh,标普500ETF博时
2023-10-19,1.493,1.485,1.494,1.482,1162066.0,513500,sh,标普500ETF博时
2023-10-20,1.471,1.467,1.472,1.465,2137497.0,513500,sh,标普500ETF博时
2023-10-23,1.455,1.457,1.457,1.453,1795474.0,513500,sh,标普500ETF博时
2023-10-24,1.453,1.455,1.456,1.448,1462603.0,513500,sh,标普500ETF博时
2023-10-25,1.458,1.456,1.46,1.455,605334.0,513500,sh,标普500ETF博时
2023-10-26,1.433,1.433,1.435,1.43,1447441.0,513500,sh,标普500ETF博时
2023-10-27,1.43,1.433,1.433,1.429,1032017.0,513500,sh,标普500ETF博时
2023-10-30,1.426,1.427,1.427,1.422,994988.0,513500,sh,标普500ETF博时
2023-10-31,1.432,1.431,1.433,1.428,967181.0,513500,sh,标普500ETF博时
2023-11-01,1.44,1.446,1.447,1.439,1081064.0,513500,sh,标普500ETF博时
2023-11-02,1.462,1.463,1.466,1.461,1046117.0,513500,sh,标普500ETF博时
2023-11-03,1.485,1.486,1.487,1.484,810324.0,513500,sh,标普500ETF博时
2023-11-06,1.494,1.494,1.496,1.493,783588.0,513500,sh,标普500ETF博时
2023-11-07,1.492,1.492,1.494,1.49,838509.0,513500,sh,标普500ETF博时
2023-11-08,1.497,1.497,1.499,1.495,635199.0,513500,sh,标普500ETF博时
2023-11-09,1.498,1.505,1.505,1.497,741040.0,513500,sh,标普500ETF博时
2023-11-10,1.495,1.493,1.495,1.49,567001.0,513500,sh,标普500ETF博时
2023-11-13,1.512,1.513,1.514,1.51,959236.0,513500,sh,标普500ETF博时
2023-11-14,1.512,1.518,1.518,1.511,976650.0,513500,sh,标普500ETF博时
2023-11-15,1.543,1.539,1.544,1.537,926938.0,513500,sh,标普500ETF博时
2023-11-16,1.538,1.541,1.542,1.535,1063853.0,513500,sh,标普500ETF博时
2023-11-17,1.542,1.54,1.544,1.538,2421909.0,513500,sh,标普500ETF博时
2023-11-20,1.532,1.524,1.534,1.523,1830395.0,513500,sh,标普500ETF博时
2023-11-21,1.53,1.53,1.533,1.529,524085.0,513500,sh,标普500ETF博时
2023-11-22,1.528,1.528,1.528,1.525,1348124.0,513500,sh,标普500ETF博时
2023-11-23,1.534,1.533,1.537,1.531,892123.0,513500,sh,标普500ETF博时
2023-11-24,1.534,1.535,1.536,1.533,439638.0,513500,sh,标普500ETF博时
2023-11-27,1.534,1.534,1.534,1.53,644983.0,513500,sh,标普500ETF博时
2023-11-28,1.533,1.535,1.535,1.533,471473.0,513500,sh,标普500ETF博时
2023-11-29,1.532,1.532,1.533,1.53,525499.0,513500,sh,标普500ETF博时
2023-11-30,1.532,1.531,1.535,1.529,699741.0,513500,sh,标普500ETF博时
2023-12-01,1.535,1.539,1.54,1.535,802561.0,513500,sh,标普500ETF博时
2023-12-04,1.544,1.547,1.548,1.543,940068.0,513500,sh,标普500ETF博时
2023-12-05,1.539,1.534,1.539,1.534,473204.0,513500,sh,标普500ETF博时
2023-12-06,1.545,1.546,1.546,1.544,609862.0,513500,sh,标普500ETF博时
2023-12-07,1.536,1.533,1.539,1.533,674724.0,513500,sh,标普500ETF博时
2023-12-08,1.544,1.545,1.547,1.543,846715.0,513500,sh,标普500ETF博时
2023-12-11,1.557,1.559,1.562,1.556,868830.0,513500,sh,标普500ETF博时
2023-12-12,1.566,1.567,1.57,1.565,1286467.0,513500,sh,标普500ETF博时
2023-12-13,1.575,1.576,1.579,1.574,1033878.0,513500,sh,标普500ETF博时
2023-12-14,1.594,1.593,1.596,1.591,1773817.0,513500,sh,标普500ETF博时
2023-12-15,1.587,1.586,1.589,1.584,1354442.0,513500,sh,标普500ETF博时
2023-12-18,1.59,1.593,1.593,1.589,728628.0,513500,sh,标普500ETF博时
2023-12-19,1.598,1.601,1.601,1.597,679754.0,513500,sh,标普500ETF博时
2023-12-20,1.605,1.609,1.61,1.605,1119707.0,513500,sh,标普500ETF博时
2023-12-21,1.587,1.588,1.589,1.583,2964855.0,513500,sh,标普500ETF博时
2023-12-22,1.598,1.597,1.599,1.594,985222.0,513500,sh,标普500ETF博时
2023-12-25,1.6,1.6,1.602,1.598,387992.0,513500,sh,标普500ETF博时
2023-12-26,1.601,1.605,1.606,1.6,1171438.0,513500,sh,标普500ETF博时
2023-12-27,1.608,1.608,1.609,1.605,1087976.0,513500,sh,标普500ETF博时
2023-12-28,1.61,1.605,1.61,1.603,1131789.0,513500,sh,标普500ETF博时
2023-12-29,1.602,1.603,1.605,1.598,1387400.0,513500,sh,标普500ETF博时
2024-01-02,1.6,1.607,1.607,1.6,635475.0,513500,sh,标普500ETF博时
2024-01-03,1.597,1.595,1.6,1.595,1084673.0,513500,sh,标普500ETF博时
2024-01-04,1.588,1.589,1.59,1.586,683809.0,513500,sh,标普500ETF博时
2024-01-05,1.586,1.582,1.588,1.582,866172.0,513500,sh,标普500ETF博时
2024-01-08,1.586,1.584,1.587,1.583,931610.0,513500,sh,标普500ETF博时
2024-01-09,1.605,1.611,1.611,1.605,1970037.0,513500,sh,标普500ETF博时
2024-01-10,1.611,1.61,1.613,1.609,1277460.0,513500,sh,标普500ETF博时
2024-01-11,1.62,1.623,1.623,1.619,1368574.0,513500,sh,标普500ETF博时
2024-01-12,1.615,1.616,1.616,1.612,923408.0,513500,sh,标普500ETF博时
2024-01-15,1.619,1.624,1.625,1.618,1240203.0,513500,sh,标普500ETF博时
2024-01-16,1.619,1.616,1.62,1.616,853985.0,513500,sh,标普500ETF博时
2024-01-17,1.619,1.609,1.62,1.608,2173808.0,513500,sh,标普500ETF博时
2024-01-18,1.609,1.61,1.611,1.605,1319013.0,513500,sh,标普500ETF博时
2024-01-19,1.623,1.626,1.628,1.622,2108838.0,513500,sh,标普500ETF博时
2024-01-22,1.651,1.652,1.655,1.648,3260748.0,513500,sh,标普500ETF博时
2024-01-23,1.651,1.656,1.665,1.645,3124121.0,513500,sh,标普500ETF博时
2024-01-24,1.66,1.674,1.688,1.658,2486817.0,513500,sh,标普500ETF博时
2024-01-25,1.672,1.666,1.672,1.655,1586860.0,513500,sh,标普500ETF博时
2024-01-26,1.665,1.654,1.671,1.653,2177410.0,513500,sh,标普500ETF博时
2024-01-29,1.654,1.661,1.662,1.654,968075.0,513500,sh,标普500ETF博时
2024-01-30,1.674,1.681,1.681,1.673,1393901.0,513500,sh,标普500ETF博时
2024-01-31,1.67,1.674,1.676,1.666,1602879.0,513500,sh,标普500ETF博时
2024-02-01,1.655,1.66,1.662,1.649,1660664.0,513500,sh,标普500ETF博时
2024-02-02,1.677,1.688,1.689,1.677,1270892.0,513500,sh,标普500ETF博时
2024-02-05,1.702,1.695,1.703,1.683,1756807.0,513500,sh,标普500ETF博时
2024-02-06,1.692,1.695,1.699,1.686,1301725.0,513500,sh,标普500ETF博时
2024-02-07,1.694,1.701,1.705,1.691,1249245.0,513500,sh,标普500ETF博时
2024-02-08,1.715,1.745,1.75,1.715,1725307.0,513500,sh,标普500ETF博时
2024-02-19,1.739,1.737,1.741,1.719,970140.0,513500,sh,标普500ETF博时
2024-02-20,1.738,1.731,1.739,1.727,733833.0,513500,sh,标普500ETF博时
2024-02-21,1.72,1.717,1.723,1.712,1890579.0,513500,sh,标普500ETF博时
2024-02-22,1.729,1.741,1.742,1.728,936389.0,513500,sh,标普500ETF博时
2024-02-23,1.762,1.766,1.775,1.762,1187910.0,513500,sh,标普500ETF博时
2024-02-26,1.764,1.755,1.764,1.752,1003777.0,513500,sh,标普500ETF博时
2024-02-27,1.751,1.761,1.764,1.747,1475569.0,513500,sh,标普500ETF博时
2024-02-28,1.762,1.783,1.786,1.759,1679058.0,513500,sh,标普500ETF博时
2024-02-29,1.777,1.772,1.778,1.765,2247553.0,513500,sh,标普500ETF博时
2024-03-01,1.782,1.781,1.789,1.78,1586048.0,513500,sh,标普500ETF博时
2024-03-04,1.789,1.794,1.796,1.789,1256753.0,513500,sh,标普500ETF博时
2024-03-05,1.784,1.789,1.792,1.781,1200737.0,513500,sh,标普500ETF博时
2024-03-06,1.776,1.781,1.784,1.772,1700494.0,513500,sh,标普500ETF博时
2024-03-07,1.784,1.776,1.788,1.772,1545118.0,513500,sh,标普500ETF博时
2024-03-08,1.791,1.8,1.801,1.791,1533657.0,513500,sh,标普500ETF博时
2024-03-11,1.79,1.794,1.794,1.78,1488654.0,513500,sh,标普500ETF博时
2024-03-12,1.794,1.788,1.799,1.785,1399737.0,513500,sh,标普500ETF博时
2024-03-13,1.8,1.783,1.8,1.78,1416734.0,513500,sh,标普500ETF博时
2024-03-14,1.784,1.784,1.784,1.778,751823.0,513500,sh,标普500ETF博时
2024-03-15,1.778,1.775,1.782,1.774,1072428.0,513500,sh,标普500ETF博时
2024-03-18,1.773,1.781,1.782,1.764,1535795.0,513500,sh,标普500ETF博时
2024-03-19,1.775,1.774,1.78,1.772,1177598.0,513500,sh,标普500ETF博时
2024-03-20,1.783,1.79,1.792,1.779,1261109.0,513500,sh,标普500ETF博时
2024-03-21,1.801,1.826,1.84,1.8,2423573.0,513500,sh,标普500ETF博时
2024-03-22,1.827,1.837,1.852,1.819,2359895.0,513500,sh,标普500ETF博时
2024-03-25,1.838,1.825,1.846,1.816,2226642.0,513500,sh,标普500ETF博时
2024-03-26,1.826,1.832,1.833,1.821,1045619.0,513500,sh,标普500ETF博时
2024-03-27,1.827,1.844,1.848,1.825,1283638.0,513500,sh,标普500ETF博时
2024-03-28,1.851,1.868,1.877,1.848,3028368.0,513500,sh,标普500ETF博时
2024-03-29,1.868,1.856,1.899,1.852,3633389.0,513500,sh,标普500ETF博时
2024-04-01,1.863,1.849,1.886,1.845,1996979.0,513500,sh,标普500ETF博时
2024-04-02,1.844,1.842,1.848,1.831,2725711.0,513500,sh,标普500ETF博时
2024-04-03,1.83,1.802,1.831,1.797,3380552.0,513500,sh,标普500ETF博时
2024-04-08,1.807,1.807,1.811,1.791,2210781.0,513500,sh,标普500ETF博时
2024-04-09,1.806,1.813,1.819,1.795,2603800.0,513500,sh,标普500ETF博时
2024-04-10,1.815,1.81,1.818,1.8,1042371.0,513500,sh,标普500ETF博时
2024-04-11,1.79,1.788,1.793,1.783,1672230.0,513500,sh,标普500ETF博时
2024-04-12,1.801,1.802,1.807,1.799,1279002.0,513500,sh,标普500ETF博时
2024-04-15,1.776,1.783,1.785,1.771,1198736.0,513500,sh,标普500ETF博时
2024-04-16,1.76,1.741,1.76,1.74,2160224.0,513500,sh,标普500ETF博时
2024-04-17,1.742,1.734,1.747,1.733,1254792.0,513500,sh,标普500ETF博时
2024-04-18,1.725,1.73,1.732,1.723,1443337.0,513500,sh,标普500ETF博时
2024-04-19,1.71,1.709,1.71,1.693,2029285.0,513500,sh,标普500ETF博时
2024-04-22,1.702,1.716,1.716,1.701,1694642.0,513500,sh,标普500ETF博时
2024-04-23,1.722,1.728,1.731,1.719,1779765.0,513500,sh,标普500ETF博时
2024-04-24,1.75,1.766,1.768,1.75,1869810.0,513500,sh,标普500ETF博时
2024-04-25,1.749,1.739,1.753,1.737,1279030.0,513500,sh,标普500ETF博时
2024-04-26,1.754,1.746,1.758,1.745,1290618.0,513500,sh,标普500ETF博时
2024-04-29,1.758,1.754,1.76,1.75,1007109.0,513500,sh,标普500ETF博时
2024-04-30,1.755,1.758,1.76,1.753,823675.0,513500,sh,标普500ETF博时
2024-05-06,1.758,1.759,1.76,1.753,920988.0,513500,sh,标普500ETF博时
2024-05-07,1.772,1.777,1.781,1.771,1147035.0,513500,sh,标普500ETF博时
2024-05-08,1.779,1.784,1.785,1.775,1091684.0,513500,sh,标普500ETF博时
2024-05-09,1.786,1.779,1.789,1.779,1466310.0,513500,sh,标普500ETF博时
2024-05-10,1.789,1.799,1.8,1.788,878813.0,513500,sh,标普500ETF博时
2024-05-13,1.801,1.807,1.81,1.799,788139.0,513500,sh,标普500ETF博时
2024-05-14,1.801,1.807,1.809,1.797,991864.0,513500,sh,标普500ETF博时
2024-05-15,1.817,1.826,1.827,1.816,1092086.0,513500,sh,标普500ETF博时
2024-05-16,1.849,1.85,1.858,1.845,1233365.0,513500,sh,标普500ETF博时
2024-05-17,1.844,1.844,1.846,1.84,942090.0,513500,sh,标普500ETF博时
2024-05-20,1.844,1.834,1.85,1.829,1863960.0,513500,sh,标普500ETF博时
2024-05-21,1.836,1.835,1.84,1.832,1113187.0,513500,sh,标普500ETF博时
2024-05-22,1.84,1.844,1.845,1.837,897985.0,513500,sh,标普500ETF博时
2024-05-23,1.843,1.849,1.853,1.841,1331571.0,513500,sh,标普500ETF博时
2024-05-24,1.829,1.818,1.829,1.818,1587953.0,513500,sh,标普500ETF博时
2024-05-27,1.829,1.834,1.836,1.828,654352.0,513500,sh,标普500ETF博时
2024-05-28,1.836,1.838,1.841,1.834,572041.0,513500,sh,标普500ETF博时
2024-05-29,1.835,1.829,1.835,1.827,509011.0,513500,sh,标普500ETF博时
2024-05-30,1.807,1.806,1.817,1.805,930375.0,513500,sh,标普500ETF博时
2024-05-31,1.793,1.807,1.808,1.793,823001.0,513500,sh,标普500ETF博时
2024-06-03,1.826,1.835,1.836,1.825,875753.0,513500,sh,标普500ETF博时
2024-06-04,1.835,1.838,1.838,1.827,775006.0,513500,sh,标普500ETF博时
2024-06-05,1.841,1.847,1.848,1.84,590447.0,513500,sh,标普500ETF博时
2024-06-06,1.874,1.873,1.88,1.871,984800.0,513500,sh,标普500ETF博时
2024-06-07,1.87,1.882,1.883,1.87,678200.0,513500,sh,标普500ETF博时
2024-06-11,1.884,1.889,1.897,1.884,989433.0,513500,sh,标普500ETF博时
2024-06-12,1.896,1.892,1.898,1.89,1141583.0,513500,sh,标普500ETF博时
2024-06-13,1.908,1.909,1.913,1.906,818673.0,513500,sh,标普500ETF博时
2024-06-14,1.907,1.903,1.909,1.9,1048154.0,513500,sh,标普500ETF博时
2024-06-17,1.903,1.893,1.907,1.883,1632288.0,513500,sh,标普500ETF博时
2024-06-18,1.906,1.902,1.909,1.899,1149279.0,513500,sh,标普500ETF博时
2024-06-19,1.904,1.904,1.907,1.902,634292.0,513500,sh,标普500ETF博时
2024-06-20,1.905,1.921,1.922,1.905,759909.0,513500,sh,标普500ETF博时
2024-06-21,1.907,1.914,1.916,1.9,1133320.0,513500,sh,标普500ETF博时
2024-06-24,1.912,1.91,1.913,1.904,621390.0,513500,sh,标普500ETF博时
2024-06-25,1.901,1.907,1.91,1.898,992034.0,513500,sh,标普500ETF博时
2024-06-26,1.92,1.933,1.935,1.914,941852.0,513500,sh,标普500ETF博时
2024-06-27,1.933,1.948,1.95,1.927,1468851.0,513500,sh,标普500ETF博时
2024-06-28,1.955,1.971,1.985,1.955,2087549.0,513500,sh,标普500ETF博时
2024-07-01,1.965,1.967,1.978,1.958,1245455.0,513500,sh,标普500ETF博时
2024-07-02,1.975,1.971,1.987,1.969,1405085.0,513500,sh,标普500ETF博时
2024-07-03,1.99,1.999,2.0,1.989,1121194.0,513500,sh,标普500ETF博时
2024-07-04,2.018,1.977,2.035,1.968,2556542.0,513500,sh,标普500ETF博时
2024-07-05,1.974,1.993,1.996,1.973,1339065.0,513500,sh,标普500ETF博时
2024-07-08,2.004,1.999,2.008,1.989,1127275.0,513500,sh,标普500ETF博时
2024-07-09,2.001,1.996,2.002,1.993,1207070.0,513500,sh,标普500ETF博时
2024-07-10,1.995,1.985,1.996,1.97,1315036.0,513500,sh,标普500ETF博时
2024-07-11,1.999,2.004,2.004,1.996,988551.0,513500,sh,标普500ETF博时
2024-07-12,1.984,1.974,1.984,1.945,1707796.0,513500,sh,标普500ETF博时
2024-07-15,1.983,2.024,2.025,1.983,1978925.0,513500,sh,标普500ETF博时
2024-07-16,2.029,2.028,2.045,2.015,1253185.0,513500,sh,标普500ETF博时
2024-07-17,2.039,2.053,2.067,2.038,1799228.0,513500,sh,标普500ETF博时
2024-07-18,2.002,2.027,2.032,1.984,1748145.0,513500,sh,标普500ETF博时
2024-07-19,2.01,1.979,2.014,1.977,1583370.0,513500,sh,标普500ETF博时
2024-07-22,1.955,1.956,1.965,1.95,1377124.0,513500,sh,标普500ETF博时
2024-07-23,1.979,1.983,1.992,1.978,1081700.0,513500,sh,标普500ETF博时
2024-07-24,1.975,1.968,1.98,1.966,776452.0,513500,sh,标普500ETF博时
2024-07-25,1.912,1.911,1.918,1.9,1311021.0,513500,sh,标普500ETF博时
2024-07-26,1.901,1.927,1.929,1.901,929012.0,513500,sh,标普500ETF博时
2024-07-29,1.948,1.972,1.973,1.948,1068190.0,513500,sh,标普500ETF博时
2024-07-30,1.963,1.962,1.97,1.947,944175.0,513500,sh,标普500ETF博时
2024-07-31,1.959,1.948,1.962,1.94,2268018.0,513500,sh,标普500ETF博时
2024-08-01,1.979,1.972,1.98,1.967,1343518.0,513500,sh,标普500ETF博时
2024-08-02,1.928,1.912,1.943,1.908,1486308.0,513500,sh,标普500ETF博时
2024-08-05,1.84,1.785,1.84,1.773,3336797.0,513500,sh,标普500ETF博时
2024-08-06,1.813,1.804,1.826,1.799,2723550.0,513500,sh,标普500ETF博时
2024-08-07,1.807,1.811,1.826,1.803,1790875.0,513500,sh,标普500ETF博时
2024-08-08,1.793,1.799,1.802,1.782,1068806.0,513500,sh,标普500ETF博时
2024-08-09,1.836,1.835,1.847,1.83,1285068.0,513500,sh,标普500ETF博时
2024-08-12,1.842,1.86,1.861,1.841,1351843.0,513500,sh,标普500ETF博时
2024-08-13,1.862,1.887,1.891,1.861,1171965.0,513500,sh,标普500ETF博时
2024-08-14,1.914,1.922,1.925,1.91,1271305.0,513500,sh,标普500ETF博时
2024-08-15,1.936,1.948,1.957,1.93,1198460.0,513500,sh,标普500ETF博时
2024-08-16,1.994,1.975,1.996,1.962,1957543.0,513500,sh,标普500ETF博时
2024-08-19,1.978,1.942,1.978,1.941,1397669.0,513500,sh,标普500ETF博时
2024-08-20,1.968,1.966,1.974,1.962,842582.0,513500,sh,标普500ETF博时
2024-08-21,1.957,1.967,1.969,1.948,689837.0,513500,sh,标普500ETF博时
2024-08-22,1.978,1.971,1.993,1.963,1484566.0,513500,sh,标普500ETF博时
2024-08-23,1.95,1.964,1.965,1.948,894428.0,513500,sh,标普500ETF博时
2024-08-26,1.988,1.978,1.993,1.97,851835.0,513500,sh,标普500ETF博时
2024-08-27,1.971,1.978,1.98,1.962,661214.0,513500,sh,标普500ETF博时
2024-08-28,1.982,1.997,2.008,1.975,2227796.0,513500,sh,标普500ETF博时
2024-08-29,1.971,1.974,1.981,1.961,1381173.0,513500,sh,标普500ETF博时
2024-08-30,1.977,1.978,1.983,1.972,765073.0,513500,sh,标普500ETF博时
2024-09-02,1.99,1.999,2.004,1.99,1087549.0,513500,sh,标普500ETF博时
2024-09-03,2.001,1.998,2.011,1.992,1059450.0,513500,sh,标普500ETF博时
2024-09-04,1.925,1.919,1.943,1.917,1798985.0,513500,sh,标普500ETF博时
2024-09-05,1.933,1.929,1.94,1.923,825363.0,513500,sh,标普500ETF博时
2024-09-06,1.92,1.919,1.925,1.912,885553.0,513500,sh,标普500ETF博时
2024-09-09,1.894,1.905,1.906,1.884,1459737.0,513500,sh,标普500ETF博时
2024-09-10,1.92,1.895,1.927,1.894,1678850.0,513500,sh,标普500ETF博时
2024-09-11,1.908,1.899,1.91,1.893,790319.0,513500,sh,标普500ETF博时
2024-09-12,1.927,1.931,1.937,1.923,1318809.0,513500,sh,标普500ETF博时
2024-09-13,1.944,1.941,1.95,1.939,1310968.0,513500,sh,标普500ETF博时
2024-09-18,1.95,1.939,1.954,1.935,918491.0,513500,sh,标普500ETF博时
2024-09-19,1.944,1.965,1.967,1.942,1012686.0,513500,sh,标普500ETF博时
2024-09-20,1.986,1.97,1.989,1.967,1256530.0,513500,sh,标普500ETF博时
2024-09-23,1.974,1.974,1.979,1.969,671941.0,513500,sh,标普500ETF博时
2024-09-24,1.977,1.96,1.978,1.95,1208342.0,513500,sh,标普500ETF博时
2024-09-25,1.951,1.945,1.954,1.938,1239282.0,513500,sh,标普500ETF博时
2024-09-26,1.949,1.948,1.955,1.938,1650332.0,513500,sh,标普500ETF博时
2024-09-27,1.92,1.919,1.934,1.916,985058.0,513500,sh,标普500ETF博时
2024-09-30,1.893,1.908,1.917,1.881,4295250.0,513500,sh,标普500ETF博时
2024-10-08,1.886,1.893,1.914,1.879,3528083.0,513500,sh,标普500ETF博时
2024-10-09,1.914,1.925,1.929,1.91,2960690.0,513500,sh,标普500ETF博时
2024-10-10,1.943,1.956,1.961,1.943,2530206.0,513500,sh,标普500ETF博时
2024-10-11,1.955,1.967,1.97,1.951,1730693.0,513500,sh,标普500ETF博时
2024-10-14,1.984,1.988,1.992,1.971,2086676.0,513500,sh,标普500ETF博时
2024-10-15,2.005,2.047,2.048,2.005,3144859.0,513500,sh,标普500ETF博时
2024-10-16,2.025,2.024,2.034,2.005,2328863.0,513500,sh,标普500ETF博时
2024-10-17,2.03,2.045,2.048,2.03,2033645.0,513500,sh,标普500ETF博时
2024-10-18,2.036,2.027,2.041,2.015,3077818.0,513500,sh,标普500ETF博时
2024-10-21,2.027,2.018,2.036,2.015,2048371.0,513500,sh,标普500ETF博时
2024-10-22,2.015,2.006,2.015,2.005,1531023.0,513500,sh,标普500ETF博时
2024-10-23,2.006,1.999,2.011,1.998,1162317.0,513500,sh,标普500ETF博时
2024-10-24,1.986,1.991,1.992,1.982,1646827.0,513500,sh,标普500ETF博时
2024-10-25,1.992,1.991,1.998,1.99,1019866.0,513500,sh,标普500ETF博时
2024-10-28,2.0,2.012,2.016,1.998,2281468.0,513500,sh,标普500ETF博时
2024-10-29,2.005,2.005,2.009,2.0,1346076.0,513500,sh,标普500ETF博时
2024-10-30,2.016,2.02,2.023,2.012,1395275.0,513500,sh,标普500ETF博时
2024-10-31,2.008,1.996,2.008,1.995,1048136.0,513500,sh,标普500ETF博时
2024-11-01,1.965,1.971,1.977,1.957,1676201.0,513500,sh,标普500ETF博时
2024-11-04,1.966,1.963,1.972,1.961,1533905.0,513500,sh,标普500ETF博时
2024-11-05,1.96,1.961,1.962,1.953,1124936.0,513500,sh,标普500ETF博时
2024-11-06,1.996,2.029,2.03,1.988,3330988.0,513500,sh,标普500ETF博时
2024-11-07,2.065,2.045,2.079,2.038,3815080.0,513500,sh,标普500ETF博时
2024-11-08,2.047,2.063,2.063,2.047,2309079.0,513500,sh,标普500ETF博时
2024-11-11,2.065,2.089,2.091,2.065,1935112.0,513500,sh,标普500ETF博时
2024-11-12,2.092,2.113,2.126,2.092,2807170.0,513500,sh,标普500ETF博时
2024-11-13,2.109,2.095,2.109,2.09,1987802.0,513500,sh,标普500ETF博时
2024-11-14,2.097,2.122,2.131,2.097,3260906.0,513500,sh,标普500ETF博时
2024-11-15,2.104,2.088,2.105,2.083,2328753.0,513500,sh,标普500ETF博时
2024-11-18,2.067,2.102,2.107,2.067,2789812.0,513500,sh,标普500ETF博时
2024-11-19,2.102,2.106,2.121,2.098,2558811.0,513500,sh,标普500ETF博时
2024-11-20,2.122,2.112,2.123,2.108,1737842.0,513500,sh,标普500ETF博时
2024-11-21,2.105,2.107,2.109,2.096,1156296.0,513500,sh,标普500ETF博时
2024-11-22,2.121,2.128,2.134,2.115,2244054.0,513500,sh,标普500ETF博时
2024-11-25,2.141,2.177,2.178,2.141,3434824.0,513500,sh,标普500ETF博时
2024-11-26,2.181,2.181,2.187,2.143,3995963.0,513500,sh,标普500ETF博时
2024-11-27,2.197,2.18,2.236,2.174,5099924.0,513500,sh,标普500ETF博时
2024-11-28,2.173,2.178,2.19,2.16,2601024.0,513500,sh,标普500ETF博时
2024-11-29,2.182,2.182,2.188,2.17,2147402.0,513500,sh,标普500ETF博时
2024-12-02,2.199,2.199,2.202,2.184,2388134.0,513500,sh,标普500ETF博时
2024-12-03,2.21,2.217,2.222,2.207,1921348.0,513500,sh,标普500ETF博时
2024-12-04,2.22,2.217,2.221,2.208,1570989.0,513500,sh,标普500ETF博时
2024-12-05,2.23,2.233,2.235,2.225,1565477.0,513500,sh,标普500ETF博时
2024-12-06,2.228,2.228,2.231,2.21,1458954.0,513500,sh,标普500ETF博时
2024-12-09,2.233,2.227,2.233,2.225,1365980.0,513500,sh,标普500ETF博时
2024-12-10,2.182,2.207,2.21,2.182,2246211.0,513500,sh,标普500ETF博时
2024-12-11,2.2,2.227,2.229,2.199,2116906.0,513500,sh,标普500ETF博时
2024-12-12,2.248,2.232,2.25,2.226,2115516.0,513500,sh,标普500ETF博时
2024-12-13,2.226,2.244,2.246,2.223,1507003.0,513500,sh,标普500ETF博时
2024-12-16,2.244,2.274,2.285,2.241,3267669.0,513500,sh,标普500ETF博时
2024-12-17,2.501,2.254,2.501,2.047,4655671.0,513500,sh,标普500ETF博时
2024-12-18,2.248,2.229,2.248,2.22,2469285.0,513500,sh,标普500ETF博时
2024-12-19,2.149,2.157,2.195,2.149,3024560.0,513500,sh,标普500ETF博时
2024-12-20,2.155,2.144,2.174,2.12,2840519.0,513500,sh,标普500ETF博时
2024-12-23,2.176,2.194,2.2,2.176,2725916.0,513500,sh,标普500ETF博时
2024-12-24,2.213,2.186,2.217,2.181,1996193.0,513500,sh,标普500ETF博时
2024-12-25,2.198,2.197,2.205,2.191,1035301.0,513500,sh,标普500ETF博时
2024-12-26,2.199,2.2,2.2,2.185,930463.0,513500,sh,标普500ETF博时
2024-12-27,2.197,2.191,2.199,2.19,824590.0,513500,sh,标普500ETF博时
2024-12-30,2.17,2.165,2.172,2.161,1165096.0,513500,sh,标普500ETF博时
2024-12-31,2.151,2.162,2.178,2.143,1603420.0,513500,sh,标普500ETF博时
2025-01-02,2.163,2.183,2.185,2.16,1579559.0,513500,sh,标普500ETF博时
2025-01-03,2.181,2.17,2.186,2.167,1141237.0,513500,sh,标普500ETF博时
2025-01-06,2.188,2.211,2.213,2.188,1848995.0,513500,sh,标普500ETF博时
2025-01-07,2.22,2.193,2.238,2.18,3000409.0,513500,sh,标普500ETF博时
2025-01-08,2.172,2.19,2.197,2.17,1411851.0,513500,sh,标普500ETF博时
2025-01-09,2.193,2.186,2.2,2.184,955483.0,513500,sh,标普500ETF博时
2025-01-10,2.181,2.173,2.198,2.172,1352753.0,513500,sh,标普500ETF博时
2025-01-13,2.152,2.139,2.16,2.135,1128826.0,513500,sh,标普500ETF博时
2025-01-14,2.152,2.162,2.164,2.146,1149908.0,513500,sh,标普500ETF博时
2025-01-15,2.161,2.158,2.167,2.152,749169.0,513500,sh,标普500ETF博时
2025-01-16,2.198,2.193,2.2,2.187,1182130.0,513500,sh,标普500ETF博时
2025-01-17,2.189,2.191,2.192,2.177,656203.0,513500,sh,标普500ETF博时
2025-01-20,2.202,2.201,2.207,2.197,960154.0,513500,sh,标普500ETF博时
2025-01-21,2.202,2.2,2.203,2.193,662009.0,513500,sh,标普500ETF博时
2025-01-22,2.212,2.218,2.22,2.209,927383.0,513500,sh,标普500ETF博时
2025-01-23,2.225,2.205,2.228,2.204,1259120.0,513500,sh,标普500ETF博时
2025-01-24,2.214,2.214,2.22,2.212,995621.0,513500,sh,标普500ETF博时
2025-01-27,2.2,2.196,2.2,2.165,2484108.0,513500,sh,标普500ETF博时
2025-02-05,2.191,2.192,2.195,2.178,894929.0,513500,sh,标普500ETF博时
2025-02-06,2.2,2.198,2.203,2.195,712735.0,513500,sh,标普500ETF博时
2025-02-07,2.198,2.192,2.201,2.187,934739.0,513500,sh,标普500ETF博时
2025-02-10,2.18,2.187,2.188,2.17,1013117.0,513500,sh,标普500ETF博时
2025-02-11,2.187,2.183,2.192,2.18,663169.0,513500,sh,标普500ETF博时
2025-02-12,2.183,2.175,2.185,2.17,584026.0,513500,sh,标普500ETF博时
2025-02-13,2.179,2.172,2.179,2.165,756592.0,513500,sh,标普500ETF博时
2025-02-14,2.18,2.173,2.184,2.171,912017.0,513500,sh,标普500ETF博时
2025-02-17,2.172,2.17,2.172,2.16,757005.0,513500,sh,标普500ETF博时
2025-02-18,2.17,2.185,2.189,2.167,693093.0,513500,sh,标普500ETF博时
2025-02-19,2.185,2.176,2.185,2.175,597854.0,513500,sh,标普500ETF博时
2025-02-20,2.18,2.174,2.181,2.173,464705.0,513500,sh,标普500ETF博时
2025-02-21,2.168,2.154,2.168,2.15,1217864.0,513500,sh,标普500ETF博时
2025-02-24,2.118,2.125,2.138,2.112,1481295.0,513500,sh,标普500ETF博时
2025-02-25,2.11,2.094,2.116,2.092,1422639.0,513500,sh,标普500ETF博时
2025-02-26,2.092,2.091,2.092,2.077,1666490.0,513500,sh,标普500ETF博时
2025-02-27,2.089,2.084,2.089,2.079,1367344.0,513500,sh,标普500ETF博时
2025-02-28,2.05,2.032,2.051,2.028,3038343.0,513500,sh,标普500ETF博时
2025-03-03,2.052,2.07,2.071,2.052,2279092.0,513500,sh,标普500ETF博时
2025-03-04,2.034,2.031,2.034,2.028,1637668.0,513500,sh,标普500ETF博时
2025-03-05,2.015,2.024,2.027,2.011,2151237.0,513500,sh,标普500ETF博时
2025-03-06,2.031,2.025,2.034,2.022,1229199.0,513500,sh,标普500ETF博时
2025-03-07,2.0,2.001,2.006,1.998,1436892.0,513500,sh,标普500ETF博时
2025-03-10,1.998,1.999,2.004,1.995,868611.0,513500,sh,标普500ETF博时
2025-03-11,1.937,1.949,1.949,1.931,2298535.0,513500,sh,标普500ETF博时
2025-03-12,1.938,1.938,1.941,1.93,1650503.0,513500,sh,标普500ETF博时
2025-03-13,1.944,1.932,1.947,1.927,1300855.0,513500,sh,标普500ETF博时
2025-03-14,1.92,1.93,1.931,1.917,1954379.0,513500,sh,标普500ETF博时
2025-03-17,1.94,1.929,1.943,1.928,1647829.0,513500,sh,标普500ETF博时
2025-03-18,1.938,1.948,1.949,1.938,2093329.0,513500,sh,标普500ETF博时
2025-03-19,1.935,1.933,1.935,1.928,814493.0,513500,sh,标普500ETF博时
2025-03-20,1.955,1.981,1.983,1.951,3178334.0,513500,sh,标普500ETF博时
2025-03-21,1.979,1.973,1.979,1.962,2256099.0,513500,sh,标普500ETF博时
2025-03-24,1.984,1.999,1.999,1.983,2507265.0,513500,sh,标普500ETF博时
2025-03-25,2.025,2.017,2.026,2.01,2451371.0,513500,sh,标普500ETF博时
2025-03-26,2.028,2.011,2.028,2.008,1746173.0,513500,sh,标普500ETF博时
2025-03-27,1.98,1.983,1.986,1.98,1622048.0,513500,sh,标普500ETF博时
2025-03-28,1.974,1.963,1.976,1.962,1564705.0,513500,sh,标普500ETF博时
2025-03-31,1.91,1.907,1.92,1.906,2001722.0,513500,sh,标普500ETF博时
2025-04-01,1.917,1.937,1.939,1.917,2248768.0,513500,sh,标普500ETF博时
2025-04-02,1.94,1.937,1.942,1.936,1966888.0,513500,sh,标普500ETF博时
2025-04-03,1.903,1.897,1.912,1.895,3416121.0,513500,sh,标普500ETF博时
2025-04-07,1.707,1.707,1.725,1.707,5655432.0,513500,sh,标普500ETF博时
2025-04-08,1.737,1.776,1.793,1.737,5082647.0,513500,sh,标普500ETF博时
2025-04-09,1.707,1.722,1.729,1.695,7420048.0,513500,sh,标普500ETF博时
2025-04-10,1.881,1.886,1.888,1.831,6701700.0,513500,sh,标普500ETF博时
2025-04-11,1.807,1.841,1.849,1.802,6209563.0,513500,sh,标普500ETF博时
2025-04-14,1.864,1.872,1.875,1.857,2963731.0,513500,sh,标普500ETF博时
2025-04-15,1.868,1.865,1.869,1.863,1515088.0,513500,sh,标普500ETF博时
2025-04-16,1.854,1.842,1.854,1.835,2154094.0,513500,sh,标普500ETF博时
2025-04-17,1.831,1.835,1.84,1.826,2632814.0,513500,sh,标普500ETF博时
2025-04-18,1.826,1.829,1.832,1.823,928764.0,513500,sh,标普500ETF博时
2025-04-21,1.811,1.806,1.815,1.804,1841734.0,513500,sh,标普500ETF博时
2025-04-22,1.792,1.803,1.804,1.787,2202368.0,513500,sh,标普500ETF博时
2025-04-23,1.846,1.855,1.858,1.842,5282818.0,513500,sh,标普500ETF博时
2025-04-24,1.855,1.846,1.859,1.846,3137396.0,513500,sh,标普500ETF博时
2025-04-25,1.891,1.895,1.898,1.889,3776175.0,513500,sh,标普500ETF博时
2025-04-28,1.892,1.901,1.902,1.889,2329212.0,513500,sh,标普500ETF博时
2025-04-29,1.903,1.897,1.907,1.895,2139831.0,513500,sh,标普500ETF博时
2025-04-30,1.903,1.9,1.903,1.897,1698314.0,513500,sh,标普500ETF博时
2025-05-06,1.922,1.918,1.927,1.915,1988920.0,513500,sh,标普500ETF博时
2025-05-07,1.92,1.922,1.925,1.919,1310773.0,513500,sh,标普500ETF博时
2025-05-08,1.931,1.94,1.942,1.93,2398358.0,513500,sh,标普500ETF博时
2025-05-09,1.94,1.942,1.944,1.937,1534709.0,513500,sh,标普500ETF博时
2025-05-12,1.964,1.963,1.966,1.957,2372225.0,513500,sh,标普500ETF博时
2025-05-13,1.987,1.977,1.987,1.977,2743638.0,513500,sh,标普500ETF博时
2025-05-14,1.998,2.013,2.013,1.998,2628048.0,513500,sh,标普500ETF博时
2025-05-15,2.007,1.999,2.007,1.998,1748776.0,513500,sh,标普500ETF博时
2025-05-16,2.007,2.012,2.014,2.007,1262025.0,513500,sh,标普500ETF博时
2025-05-19,2.009,2.006,2.015,2.006,2086891.0,513500,sh,标普500ETF博时
2025-05-20,2.026,2.025,2.032,2.024,1626987.0,513500,sh,标普500ETF博时
2025-05-21,2.019,2.01,2.021,2.009,1497482.0,513500,sh,标普500ETF博时
2025-05-22,1.989,1.989,1.994,1.985,2545229.0,513500,sh,标普500ETF博时
2025-05-23,1.987,1.986,1.993,1.983,1561138.0,513500,sh,标普500ETF博时
2025-05-26,1.985,1.991,1.992,1.983,1193597.0,513500,sh,标普500ETF博时
2025-05-27,1.99,1.997,1.997,1.987,1011548.0,513500,sh,标普500ETF博时
2025-05-28,2.015,2.012,2.017,2.011,1574523.0,513500,sh,标普500ETF博时
2025-05-29,2.032,2.032,2.036,2.031,2589658.0,513500,sh,标普500ETF博时
2025-05-30,2.001,2.004,2.009,1.999,2605744.0,513500,sh,标普500ETF博时
2025-06-03,2.013,2.01,2.016,2.009,1371410.0,513500,sh,标普500ETF博时
2025-06-04,2.026,2.029,2.03,2.023,1210579.0,513500,sh,标普500ETF博时
2025-06-05,2.025,2.025,2.027,2.023,1524792.0,513500,sh,标普500ETF博时
2025-06-06,2.018,2.024,2.025,2.016,850335.0,513500,sh,标普500ETF博时
2025-06-09,2.032,2.035,2.036,2.031,963823.0,513500,sh,标普500ETF博时
2025-06-10,2.042,2.036,2.047,2.033,1493926.0,513500,sh,标普500ETF博时
2025-06-11,2.044,2.046,2.046,2.042,1041704.0,513500,sh,标普500ETF博时
2025-06-12,2.04,2.04,2.042,2.036,1100902.0,513500,sh,标普500ETF博时
2025-06-13,2.02,2.023,2.025,2.011,2221110.0,513500,sh,标普500ETF博时
2025-06-16,2.029,2.038,2.038,2.028,1144822.0,513500,sh,标普500ETF博时
2025-06-17,2.039,2.038,2.043,2.036,1200707.0,513500,sh,标普500ETF博时
2025-06-18,2.033,2.035,2.039,2.032,1089067.0,513500,sh,标普500ETF博时
2025-06-19,2.028,2.025,2.03,2.022,1583901.0,513500,sh,标普500ETF博时
2025-06-20,2.023,2.027,2.03,2.019,956389.0,513500,sh,标普500ETF博时
2025-06-23,2.015,2.025,2.027,2.014,906971.0,513500,sh,标普500ETF博时
2025-06-24,2.051,2.061,2.062,2.048,2045860.0,513500,sh,标普500ETF博时
2025-06-25,2.062,2.065,2.066,2.059,1719257.0,513500,sh,标普500ETF博时
2025-06-26,2.063,2.071,2.072,2.061,1542598.0,513500,sh,标普500ETF博时
2025-06-27,2.08,2.091,2.093,2.08,2724125.0,513500,sh,标普500ETF博时
2025-06-30,2.102,2.102,2.104,2.096,1622426.0,513500,sh,标普500ETF博时
2025-07-01,2.102,2.096,2.104,2.095,1275137.0,513500,sh,标普500ETF博时
2025-07-02,2.098,2.11,2.111,2.098,1391608.0,513500,sh,标普500ETF博时
2025-07-03,2.114,2.114,2.115,2.109,1254423.0,513500,sh,标普500ETF博时
2025-07-04,2.125,2.125,2.132,2.122,2325591.0,513500,sh,标普500ETF博时
2025-07-07,2.121,2.121,2.127,2.118,1579035.0,513500,sh,标普500ETF博时
2025-07-08,2.114,2.121,2.121,2.112,1542763.0,513500,sh,标普500ETF博时
2025-07-09,2.118,2.113,2.118,2.112,1277141.0,513500,sh,标普500ETF博时
2025-07-10,2.119,2.121,2.128,2.119,1892997.0,513500,sh,标普500ETF博时
2025-07-11,2.124,2.124,2.126,2.122,1390238.0,513500,sh,标普500ETF博时
2025-07-14,2.115,2.107,2.116,2.107,2687672.0,513500,sh,标普500ETF博时
2025-07-15,2.118,2.131,2.131,2.117,1781706.0,513500,sh,标普500ETF博时
2025-07-16,2.117,2.115,2.119,2.114,1539316.0,513500,sh,标普500ETF博时
2025-07-17,2.123,2.131,2.135,2.123,2251254.0,513500,sh,标普500ETF博时
2025-07-18,2.141,2.143,2.146,2.141,1031171.0,513500,sh,标普500ETF博时
2025-07-21,2.142,2.14,2.142,2.137,1491100.0,513500,sh,标普500ETF博时
2025-07-22,2.138,2.136,2.141,2.135,1336900.0,513500,sh,标普500ETF博时
2025-07-23,2.137,2.144,2.144,2.137,1257314.0,513500,sh,标普500ETF博时
2025-07-24,2.155,2.153,2.156,2.152,1308246.0,513500,sh,标普500ETF博时
2025-07-25,2.157,2.164,2.167,2.156,1355980.0,513500,sh,标普500ETF博时
2025-07-28,2.176,2.185,2.187,2.176,1825007.0,513500,sh,标普500ETF博时
2025-07-29,2.183,2.184,2.185,2.173,1609620.0,513500,sh,标普500ETF博时
2025-07-30,2.175,2.18,2.181,2.174,974192.0,513500,sh,标普500ETF博时
2025-07-31,2.196,2.202,2.203,2.188,1444080.0,513500,sh,标普500ETF博时
2025-08-01,2.17,2.172,2.183,2.169,1791382.0,513500,sh,标普500ETF博时
2025-08-04,2.148,2.148,2.158,2.137,2940038.0,513500,sh,标普500ETF博时
2025-08-05,2.171,2.187,2.187,2.171,1743225.0,513500,sh,标普500ETF博时
2025-08-06,2.167,2.174,2.175,2.166,1897912.0,513500,sh,标普500ETF博时
2025-08-07,2.185,2.174,2.19,2.173,1354707.0,513500,sh,标普500ETF博时
2025-08-08,2.176,2.174,2.181,2.169,988571.0,513500,sh,标普500ETF博时
2025-08-11,2.185,2.192,2.194,2.185,1470859.0,513500,sh,标普500ETF博时
2025-08-12,2.188,2.187,2.191,2.183,1011301.0,513500,sh,标普500ETF博时
2025-08-13,2.202,2.204,2.207,2.202,830206.0,513500,sh,标普500ETF博时
2025-08-14,2.207,2.203,2.209,2.201,913248.0,513500,sh,标普500ETF博时
2025-08-15,2.208,2.217,2.218,2.205,923013.0,513500,sh,标普500ETF博时
2025-08-18,2.209,2.203,2.211,2.201,1457107.0,513500,sh,标普500ETF博时
2025-08-19,2.202,2.197,2.203,2.192,1035037.0,513500,sh,标普500ETF博时
2025-08-20,2.182,2.185,2.194,2.178,2200807.0,513500,sh,标普500ETF博时
2025-08-21,2.177,2.183,2.194,2.177,1907261.0,513500,sh,标普500ETF博时
2025-08-22,2.179,2.17,2.18,2.169,1850136.0,513500,sh,标普500ETF博时
2025-08-25,2.197,2.2,2.203,2.194,3091222.0,513500,sh,标普500ETF博时
2025-08-26,2.19,2.191,2.193,2.188,836753.0,513500,sh,标普500ETF博时
2025-08-27,2.2,2.206,2.207,2.198,1081363.0,513500,sh,标普500ETF博时
2025-08-28,2.201,2.194,2.203,2.192,1538029.0,513500,sh,标普500ETF博时
2025-08-29,2.196,2.195,2.201,2.194,912789.0,513500,sh,标普500ETF博时
2025-09-01,2.193,2.185,2.193,2.18,1191555.0,513500,sh,标普500ETF博时
2025-09-02,2.185,2.187,2.188,2.182,799735.0,513500,sh,标普500ETF博时
2025-09-03,2.177,2.177,2.18,2.173,1060301.0,513500,sh,标普500ETF博时
2025-09-04,2.187,2.189,2.192,2.185,869275.0,513500,sh,标普500ETF博时
2025-09-05,2.21,2.204,2.219,2.203,1296751.0,513500,sh,标普500ETF博时
2025-09-08,2.195,2.195,2.197,2.191,951844.0,513500,sh,标普500ETF博时
2025-09-09,2.197,2.198,2.2,2.194,1351638.0,513500,sh,标普500ETF博时
2025-09-10,2.202,2.207,2.208,2.202,1016544.0,513500,sh,标普500ETF博时
2025-09-11,2.21,2.21,2.211,2.206,1063295.0,513500,sh,标普500ETF博时
2025-09-12,2.221,2.222,2.224,2.22,1133535.0,513500,sh,标普500ETF博时
2025-09-15,2.223,2.229,2.23,2.222,999886.0,513500,sh,标普500ETF博时
2025-09-16,2.234,2.238,2.239,2.233,1234160.0,513500,sh,标普500ETF博时
2025-09-17,2.235,2.23,2.235,2.227,922670.0,513500,sh,标普500ETF博时
2025-09-18,2.231,2.241,2.243,2.231,1405032.0,513500,sh,标普500ETF博时
2025-09-19,2.249,2.252,2.254,2.244,1847227.0,513500,sh,标普500ETF博时
2025-09-22,2.258,2.269,2.271,2.258,1818886.0,513500,sh,标普500ETF博时
2025-09-23,2.283,2.288,2.291,2.282,1364793.0,513500,sh,标普500ETF博时
2025-09-24,2.275,2.28,2.28,2.267,1385152.0,513500,sh,标普500ETF博时
2025-09-25,2.277,2.27,2.278,2.267,1043312.0,513500,sh,标普500ETF博时
2025-09-26,2.264,2.265,2.266,2.256,956785.0,513500,sh,标普500ETF博时
2025-09-29,2.275,2.281,2.282,2.275,1117310.0,513500,sh,标普500ETF博时
2025-09-30,2.286,2.284,2.287,2.28,1351413.0,513500,sh,标普500ETF博时
2025-10-09,2.304,2.322,2.33,2.304,2187955.0,513500,sh,标普500ETF博时
2025-10-10,2.321,2.329,2.333,2.318,1567534.0,513500,sh,标普500ETF博时
2025-10-13,2.284,2.294,2.318,2.275,5482610.0,513500,sh,标普500ETF博时
2025-10-14,2.306,2.263,2.32,2.254,3404703.0,513500,sh,标普500ETF博时
2025-10-15,2.278,2.289,2.29,2.273,1381869.0,513500,sh,标普500ETF博时
2025-10-16,2.289,2.285,2.289,2.275,2726402.0,513500,sh,标普500ETF博时
2025-10-17,2.269,2.263,2.28,2.261,2266907.0,513500,sh,标普500ETF博时
2025-10-20,2.293,2.321,2.323,2.285,2509999.0,513500,sh,标普500ETF博时
2025-10-21,2.342,2.326,2.349,2.313,2737634.0,513500,sh,标普500ETF博时
2025-10-22,2.325,2.348,2.351,2.32,1775666.0,513500,sh,标普500ETF博时
2025-10-23,2.348,2.352,2.359,2.333,1974016.0,513500,sh,标普500ETF博时
2025-10-24,2.367,2.36,2.371,2.352,2050907.0,513500,sh,标普500ETF博时
2025-10-27,2.383,2.415,2.418,2.381,2546133.0,513500,sh,标普500ETF博时
2025-10-28,2.433,2.421,2.457,2.412,2146901.0,513500,sh,标普500ETF博时
2025-10-29,2.435,2.468,2.469,2.43,2075648.0,513500,sh,标普500ETF博时
2025-10-30,2.469,2.473,2.504,2.449,3503014.0,513500,sh,标普500ETF博时
2025-10-31,2.47,2.454,2.479,2.439,2090276.0,513500,sh,标普500ETF博时
2025-11-03,2.454,2.479,2.49,2.454,2281028.0,513500,sh,标普500ETF博时
2025-11-04,2.479,2.415,2.479,2.407,2340533.0,513500,sh,标普500ETF博时
2025-11-05,2.376,2.388,2.389,2.336,2664473.0,513500,sh,标普500ETF博时
2025-11-06,2.4,2.389,2.412,2.385,2455362.0,513500,sh,标普500ETF博时
2025-11-07,2.365,2.384,2.399,2.36,1949888.0,513500,sh,标普500ETF博时
2025-11-10,2.405,2.424,2.436,2.403,2032831.0,513500,sh,标普500ETF博时
2025-11-11,2.451,2.43,2.457,2.413,1895394.0,513500,sh,标普500ETF博时
2025-11-12,2.434,2.463,2.464,2.434,2040668.0,513500,sh,标普500ETF博时
2025-11-13,2.468,2.488,2.49,2.466,1791791.0,513500,sh,标普500ETF博时
2025-11-14,2.447,2.448,2.466,2.441,2013309.0,513500,sh,标普500ETF博时
2025-11-17,2.46,2.454,2.488,2.449,2102620.0,513500,sh,标普500ETF博时
2025-11-18,2.44,2.399,2.44,2.39,1953771.0,513500,sh,标普500ETF博时
2025-11-19,2.388,2.359,2.405,2.317,4080812.0,513500,sh,标普500ETF博时
2025-11-20,2.399,2.413,2.417,2.396,1933380.0,513500,sh,标普500ETF博时
2025-11-21,2.366,2.355,2.37,2.334,2843167.0,513500,sh,标普500ETF博时
2025-11-24,2.382,2.39,2.396,2.359,2575878.0,513500,sh,标普500ETF博时
2025-11-25,2.435,2.404,2.435,2.395,2150813.0,513500,sh,标普500ETF博时
2025-11-26,2.424,2.447,2.449,2.42,2240962.0,513500,sh,标普500ETF博时
2025-11-27,2.46,2.433,2.47,2.43,1330255.0,513500,sh,标普500ETF博时
2025-11-28,2.441,2.463,2.467,2.438,1759636.0,513500,sh,标普500ETF博时
2025-12-01,2.462,2.46,2.475,2.443,2340864.0,513500,sh,标普500ETF博时
2025-12-02,2.459,2.46,2.468,2.454,1225923.0,513500,sh,标普500ETF博时
2025-12-03,2.468,2.469,2.48,2.466,1877449.0,513500,sh,标普500ETF博时
2025-12-04,2.474,2.461,2.476,2.456,1767662.0,513500,sh,标普500ETF博时
2025-12-05,2.464,2.451,2.466,2.445,2605216.0,513500,sh,标普500ETF博时
2025-12-08,2.451,2.444,2.452,2.439,1432267.0,513500,sh,标普500ETF博时
2025-12-09,2.44,2.42,2.44,2.416,1172529.0,513500,sh,标普500ETF博时
2025-12-10,2.42,2.443,2.447,2.42,1613500.0,513500,sh,标普500ETF博时
2025-12-11,2.449,2.432,2.46,2.429,1538183.0,513500,sh,标普500ETF博时
2025-12-12,2.45,2.453,2.461,2.441,1471310.0,513500,sh,标普500ETF博时
2025-12-15,2.437,2.447,2.448,2.429,1353797.0,513500,sh,标普500ETF博时
2025-12-16,2.429,2.42,2.438,2.411,1233409.0,513500,sh,标普500ETF博时
2025-12-17,2.421,2.435,2.442,2.42,1341278.0,513500,sh,标普500ETF博时
2025-12-18,2.412,2.426,2.428,2.41,1162286.0,513500,sh,标普500ETF博时
2025-12-19,2.439,2.451,2.456,2.439,1515402.0,513500,sh,标普500ETF博时
2025-12-22,2.47,2.456,2.471,2.455,1914873.0,513500,sh,标普500ETF博时
2025-12-23,2.463,2.447,2.465,2.444,1329278.0,513500,sh,标普500ETF博时
2025-12-24,2.456,2.455,2.459,2.448,1117995.0,513500,sh,标普500ETF博时
2025-12-25,2.456,2.458,2.464,2.455,1114147.0,513500,sh,标普500ETF博时
2025-12-26,2.461,2.461,2.464,2.453,817915.0,513500,sh,标普500ETF博时
2025-12-29,2.461,2.447,2.465,2.44,1139450.0,513500,sh,标普500ETF博时
2025-12-30,2.444,2.439,2.451,2.426,1064966.0,513500,sh,标普500ETF博时
2025-12-31,2.436,2.432,2.437,2.426,655886.0,513500,sh,标普500ETF博时
2026-01-05,2.437,2.468,2.469,2.435,1332765.0,513500,sh,标普500ETF博时
2026-01-06,2.47,2.467,2.472,2.455,1096968.0,513500,sh,标普500ETF博时
2026-01-07,2.47,2.465,2.477,2.462,1003027.0,513500,sh,标普500ETF博时
2026-01-08,2.465,2.458,2.465,2.455,608726.0,513500,sh,标普500ETF博时
2026-01-09,2.458,2.46,2.46,2.451,724801.0,513500,sh,标普500ETF博时
2026-01-12,2.46,2.458,2.468,2.446,1213196.0,513500,sh,标普500ETF博时
2026-01-13,2.458,2.46,2.461,2.454,1045582.0,513500,sh,标普500ETF博时
2026-01-14,2.46,2.452,2.46,2.45,822806.0,513500,sh,标普500ETF博时
2026-01-15,2.44,2.445,2.447,2.434,909693.0,513500,sh,标普500ETF博时
2026-01-16,2.445,2.455,2.456,2.439,840316.0,513500,sh,标普500ETF博时
2026-01-19,2.446,2.441,2.452,2.435,892266.0,513500,sh,标普500ETF博时
2026-01-20,2.44,2.432,2.44,2.43,718749.0,513500,sh,标普500ETF博时
2026-01-21,2.41,2.427,2.437,2.408,1463315.0,513500,sh,标普500ETF博时
2026-01-22,2.439,2.459,2.46,2.439,986568.0,513500,sh,标普500ETF博时
2026-01-23,2.463,2.434,2.468,2.431,2354760.0,513500,sh,标普500ETF博时
2026-01-26,2.433,2.412,2.433,2.41,1147891.0,513500,sh,标普500ETF博时
2026-01-27,2.422,2.424,2.429,2.42,736775.0,513500,sh,标普500ETF博时
2026-01-28,2.432,2.433,2.438,2.426,889876.0,513500,sh,标普500ETF博时
2026-01-29,2.432,2.425,2.437,2.411,869670.0,513500,sh,标普500ETF博时
2026-01-30,2.423,2.439,2.439,2.415,1609274.0,513500,sh,标普500ETF博时
2026-02-02,2.435,2.364,2.435,2.358,2449969.0,513500,sh,标普500ETF博时
2026-02-03,2.399,2.375,2.405,2.368,2452086.0,513500,sh,标普500ETF博时
2026-02-04,2.355,2.375,2.38,2.344,1082316.0,513500,sh,标普500ETF博时
2026-02-05,2.369,2.368,2.372,2.352,843091.0,513500,sh,标普500ETF博时
2026-02-06,2.34,2.326,2.348,2.324,1654298.0,513500,sh,标普500ETF博时
2026-02-09,2.371,2.383,2.384,2.353,1894999.0,513500,sh,标普500ETF博时
2026-02-10,2.384,2.394,2.399,2.378,839064.0,513500,sh,标普500ETF博时
2026-02-11,2.395,2.395,2.397,2.384,575007.0,513500,sh,标普500ETF博时
2026-02-12,2.393,2.389,2.4,2.385,872677.0,513500,sh,标普500ETF博时
2026-02-13,2.363,2.382,2.383,2.36,796423.0,513500,sh,标普500ETF博时
2026-02-24,2.381,2.385,2.391,2.362,944075.0,513500,sh,标普500ETF博时
2026-02-25,2.393,2.382,2.407,2.378,994516.0,513500,sh,标普500ETF博时
2026-02-26,2.391,2.384,2.394,2.379,723444.0,513500,sh,标普500ETF博时
2026-02-27,2.381,2.387,2.391,2.367,674735.0,513500,sh,标普500ETF博时
2026-03-02,2.375,2.358,2.379,2.356,1202995.0,513500,sh,标普500ETF博时
2026-03-03,2.36,2.367,2.369,2.359,934609.0,513500,sh,标普500ETF博时
2026-03-04,2.355,2.338,2.355,2.338,854842.0,513500,sh,标普500ETF博时
2026-03-05,2.35,2.361,2.364,2.35,1287539.0,513500,sh,标普500ETF博时
2026-03-06,2.358,2.35,2.358,2.335,1039132.0,513500,sh,标普500ETF博时
2026-03-09,2.306,2.294,2.31,2.28,1444542.0,513500,sh,标普500ETF博时
2026-03-10,2.32,2.311,2.325,2.302,1234062.0,513500,sh,标普500ETF博时
2026-03-11,2.312,2.313,2.317,2.309,706048.0,513500,sh,标普500ETF博时
2026-03-12,2.304,2.318,2.327,2.3,1056923.0,513500,sh,标普500ETF博时
2026-03-13,2.307,2.286,2.307,2.28,1299375.0,513500,sh,标普500ETF博时
2026-03-16,2.284,2.279,2.285,2.27,1346419.0,513500,sh,标普500ETF博时
2026-03-17,2.286,2.283,2.294,2.279,990191.0,513500,sh,标普500ETF博时
2026-03-18,2.292,2.284,2.296,2.281,1289379.0,513500,sh,标普500ETF博时
2026-03-19,2.259,2.259,2.271,2.255,1092605.0,513500,sh,标普500ETF博时
2026-03-20,2.258,2.244,2.27,2.242,1036483.0,513500,sh,标普500ETF博时
2026-03-23,2.225,2.149,2.225,2.13,3025265.0,513500,sh,标普500ETF博时
2026-03-24,2.171,2.19,2.195,2.161,2319160.0,513500,sh,标普500ETF博时
2026-03-25,2.199,2.213,2.236,2.199,2273940.0,513500,sh,标普500ETF博时
2026-03-26,2.222,2.219,2.23,2.215,921780.0,513500,sh,标普500ETF博时
2026-03-27,2.19,2.209,2.218,2.182,1026027.0,513500,sh,标普500ETF博时
2026-03-30,2.159,2.171,2.18,2.156,1862203.0,513500,sh,标普500ETF博时
2026-03-31,2.168,2.164,2.192,2.16,1228516.0,513500,sh,标普500ETF博时
2026-04-01,2.217,2.238,2.244,2.203,1905977.0,513500,sh,标普500ETF博时
2026-04-02,2.241,2.206,2.241,2.186,1565828.0,513500,sh,标普500ETF博时
2026-04-03,2.223,2.206,2.227,2.205,859306.0,513500,sh,标普500ETF博时
2026-04-07,2.209,2.207,2.222,2.206,1158436.0,513500,sh,标普500ETF博时
2026-04-08,2.261,2.29,2.292,2.257,1973051.0,513500,sh,标普500ETF博时
2026-04-09,2.264,2.275,2.289,2.26,1172983.0,513500,sh,标普500ETF博时
2026-04-10,2.3,2.294,2.312,2.29,1007994.0,513500,sh,标普500ETF博时
2026-04-13,2.28,2.281,2.29,2.272,1005119.0,513500,sh,标普500ETF博时
2026-04-14,2.314,2.313,2.319,2.305,1218483.0,513500,sh,标普500ETF博时
2026-04-15,2.334,2.337,2.352,2.33,1363408.0,513500,sh,标普500ETF博时
2026-04-16,2.362,2.365,2.366,2.357,1444987.0,513500,sh,标普500ETF博时
2026-04-17,2.365,2.361,2.366,2.354,1348054.0,513500,sh,标普500ETF博时
2026-04-20,2.372,2.36,2.376,2.358,1304514.0,513500,sh,标普500ETF博时
2026-04-21,2.37,2.37,2.37,2.355,888684.0,513500,sh,标普500ETF博时
2026-04-22,2.369,2.373,2.377,2.358,950651.0,513500,sh,标普500ETF博时
2026-04-23,2.378,2.369,2.384,2.365,1179817.0,513500,sh,标普500ETF博时
2026-04-24,2.37,2.366,2.372,2.362,651124.0,513500,sh,标普500ETF博时
2026-04-27,2.383,2.384,2.385,2.373,1213047.0,513500,sh,标普500ETF博时
2026-04-28,2.385,2.407,2.41,2.384,1418572.0,513500,sh,标普500ETF博时
2026-04-29,2.4,2.411,2.432,2.395,1348282.0,513500,sh,标普500ETF博时
2026-04-30,2.42,2.419,2.431,2.411,1041308.0,513500,sh,标普500ETF博时
2026-05-06,2.455,2.454,2.463,2.448,1650968.0,513500,sh,标普500ETF博时
2026-05-07,2.469,2.482,2.483,2.469,1502243.0,513500,sh,标普500ETF博时
2026-05-08,2.479,2.483,2.484,2.45,1238384.0,513500,sh,标普500ETF博时
2026-05-11,2.493,2.492,2.497,2.483,1605490.0,513500,sh,标普500ETF博时
2026-05-12,2.491,2.477,2.491,2.476,1177570.0,513500,sh,标普500ETF博时
2026-05-13,2.475,2.488,2.489,2.469,1042329.0,513500,sh,标普500ETF博时
2026-05-14,2.499,2.489,2.507,2.486,1146810.0,513500,sh,标普500ETF博时
2026-05-15,2.491,2.48,2.505,2.473,1811004.0,513500,sh,标普500ETF博时
2026-05-18,2.44,2.44,2.456,2.433,1967608.0,513500,sh,标普500ETF博时
2026-05-19,2.441,2.44,2.452,2.432,1165104.0,513500,sh,标普500ETF博时
2026-05-20,2.427,2.432,2.439,2.417,1295226.0,513500,sh,标普500ETF博时
2026-05-21,2.454,2.452,2.469,2.448,1491904.0,513500,sh,标普500ETF博时
2026-05-22,2.465,2.485,2.49,2.465,1701672.0,513500,sh,标普500ETF博时
2026-05-25,2.531,2.546,2.548,2.515,2963298.0,513500,sh,标普500ETF博时
2026-05-26,2.546,2.529,2.56,2.525,1457970.0,513500,sh,标普500ETF博时
2026-05-27,2.545,2.541,2.552,2.535,1190641.0,513500,sh,标普500ETF博时
2026-05-28,2.547,2.524,2.548,2.503,1850242.0,513500,sh,标普500ETF博时
2026-05-29,2.537,2.557,2.558,2.536,1646606.0,513500,sh,标普500ETF博时
2026-06-01,2.562,2.625,2.63,2.562,2755651.0,513500,sh,标普500ETF博时
2026-06-02,2.636,2.611,2.671,2.591,3664452.0,513500,sh,标普500ETF博时
2026-06-03,2.623,2.602,2.634,2.593,1641121.0,513500,sh,标普500ETF博时
2026-06-04,2.564,2.566,2.575,2.555,1428359.0,513500,sh,标普500ETF博时
2026-06-05,2.569,2.568,2.588,2.561,1771835.0,513500,sh,标普500ETF博时
2026-06-08,2.499,2.515,2.525,2.49,2252619.0,513500,sh,标普500ETF博时
2026-06-09,2.522,2.552,2.554,2.522,1620887.0,513500,sh,标普500ETF博时
2026-06-10,2.522,2.515,2.54,2.501,1406705.0,513500,sh,标普500ETF博时
2026-06-11,2.482,2.498,2.503,2.451,1829083.0,513500,sh,标普500ETF博时
2026-06-12,2.55,2.515,2.558,2.512,1564368.0,513500,sh,标普500ETF博时
2026-06-15,2.555,2.574,2.575,2.554,2043625.0,513500,sh,标普500ETF博时
2026-06-16,2.581,2.586,2.596,2.576,1815490.0,513500,sh,标普500ETF博时
2026-06-17,2.581,2.578,2.584,2.571,1293941.0,513500,sh,标普500ETF博时
2026-06-18,2.57,2.564,2.57,2.557,1426885.0,513500,sh,标普500ETF博时
2026-06-22,2.569,2.565,2.58,2.549,1407050.0,513500,sh,标普500ETF博时
2026-06-23,2.54,2.505,2.552,2.496,1739872.0,513500,sh,标普500ETF博时
2026-06-24,2.501,2.523,2.534,2.486,1686226.0,513500,sh,标普500ETF博时
2026-06-25,2.528,2.518,2.535,2.506,1375455.0,513500,sh,标普500ETF博时
2026-06-26,2.5,2.482,2.508,2.461,1586905.0,513500,sh,标普500ETF博时
2026-06-29,2.492,2.478,2.498,2.469,2325150.0,513500,sh,标普500ETF博时
2026-06-30,2.496,2.483,2.5,2.473,2478970.0,513500,sh,标普500ETF博时
2026-07-01,2.498,2.491,2.5,2.486,1351140.0,513500,sh,标普500ETF博时
2026-07-02,2.49,2.483,2.502,2.48,1425867.0,513500,sh,标普500ETF博时
2026-07-03,2.49,2.503,2.509,2.488,1513511.0,513500,sh,标普500ETF博时
