date,open,close,high,low,volume,code,market,name
2020-01-02,1.894,1.914,1.916,1.881,314632.0,512100,sh,中证1000ETF南方
2020-01-03,1.919,1.922,1.925,1.908,121263.0,512100,sh,中证1000ETF南方
2020-01-06,1.914,1.941,1.957,1.905,199792.0,512100,sh,中证1000ETF南方
2020-01-07,1.935,1.974,1.974,1.935,150321.0,512100,sh,中证1000ETF南方
2020-01-08,1.96,1.949,1.979,1.938,165642.0,512100,sh,中证1000ETF南方
2020-01-09,1.963,1.976,1.979,1.96,227628.0,512100,sh,中证1000ETF南方
2020-01-10,1.979,1.974,1.985,1.963,199548.0,512100,sh,中证1000ETF南方
2020-01-13,1.974,2.001,2.001,1.96,163503.0,512100,sh,中证1000ETF南方
2020-01-14,2.007,1.996,2.009,1.993,170124.0,512100,sh,中证1000ETF南方
2020-01-15,1.996,1.993,2.001,1.957,166425.0,512100,sh,中证1000ETF南方
2020-01-16,1.998,1.996,2.004,1.99,208252.0,512100,sh,中证1000ETF南方
2020-01-17,1.996,1.985,2.004,1.982,291624.0,512100,sh,中证1000ETF南方
2020-01-20,1.985,2.015,2.015,1.982,173055.0,512100,sh,中证1000ETF南方
2020-01-21,2.015,1.993,2.015,1.993,282967.0,512100,sh,中证1000ETF南方
2020-01-22,1.985,2.007,2.012,1.955,231938.0,512100,sh,中证1000ETF南方
2020-01-23,1.998,1.933,1.998,1.908,349906.0,512100,sh,中证1000ETF南方
2020-02-03,1.749,1.733,1.796,1.733,177875.0,512100,sh,中证1000ETF南方
2020-02-04,1.722,1.758,1.823,1.722,178135.0,512100,sh,中证1000ETF南方
2020-02-05,1.755,1.821,1.837,1.755,286671.0,512100,sh,中证1000ETF南方
2020-02-06,1.823,1.873,1.881,1.801,206936.0,512100,sh,中证1000ETF南方
2020-02-07,1.859,1.892,1.897,1.859,220110.0,512100,sh,中证1000ETF南方
2020-02-10,1.875,1.919,1.925,1.875,196136.0,512100,sh,中证1000ETF南方
2020-02-11,1.919,1.914,1.922,1.897,187191.0,512100,sh,中证1000ETF南方
2020-02-12,1.911,1.96,1.96,1.903,153984.0,512100,sh,中证1000ETF南方
2020-02-13,1.949,1.949,1.968,1.941,198907.0,512100,sh,中证1000ETF南方
2020-02-14,1.946,1.957,1.976,1.933,229431.0,512100,sh,中证1000ETF南方
2020-02-17,1.96,2.034,2.037,1.96,293283.0,512100,sh,中证1000ETF南方
2020-02-18,2.039,2.089,2.089,2.034,300708.0,512100,sh,中证1000ETF南方
2020-02-19,2.089,2.072,2.097,2.061,359575.0,512100,sh,中证1000ETF南方
2020-02-20,2.069,2.105,2.108,2.048,236265.0,512100,sh,中证1000ETF南方
2020-02-21,2.102,2.154,2.16,2.1,308618.0,512100,sh,中证1000ETF南方
2020-02-24,2.146,2.198,2.212,2.143,535015.0,512100,sh,中证1000ETF南方
2020-02-25,2.16,2.209,2.214,2.094,412366.0,512100,sh,中证1000ETF南方
2020-02-26,2.154,2.135,2.198,2.127,264925.0,512100,sh,中证1000ETF南方
2020-02-27,2.143,2.135,2.165,2.105,299416.0,512100,sh,中证1000ETF南方
2020-02-28,2.08,1.998,2.086,1.996,455588.0,512100,sh,中证1000ETF南方
2020-03-02,2.012,2.111,2.113,2.004,380199.0,512100,sh,中证1000ETF南方
2020-03-03,2.152,2.127,2.176,2.105,310236.0,512100,sh,中证1000ETF南方
2020-03-04,2.102,2.138,2.143,2.089,353165.0,512100,sh,中证1000ETF南方
2020-03-05,2.168,2.176,2.179,2.149,272612.0,512100,sh,中证1000ETF南方
2020-03-06,2.152,2.163,2.179,2.143,187552.0,512100,sh,中证1000ETF南方
2020-03-09,2.121,2.072,2.132,2.069,186937.0,512100,sh,中证1000ETF南方
2020-03-10,2.056,2.13,2.13,2.012,191391.0,512100,sh,中证1000ETF南方
2020-03-11,2.135,2.1,2.152,2.097,169555.0,512100,sh,中证1000ETF南方
2020-03-12,2.078,2.05,2.111,2.028,179141.0,512100,sh,中证1000ETF南方
2020-03-13,1.996,2.037,2.059,1.944,210481.0,512100,sh,中证1000ETF南方
2020-03-16,2.045,1.933,2.053,1.927,244226.0,512100,sh,中证1000ETF南方
2020-03-17,1.952,1.93,1.963,1.864,468003.0,512100,sh,中证1000ETF南方
2020-03-18,1.935,1.9,1.979,1.897,391481.0,512100,sh,中证1000ETF南方
2020-03-19,1.883,1.919,1.93,1.862,239671.0,512100,sh,中证1000ETF南方
2020-03-20,1.935,1.946,1.946,1.905,191433.0,512100,sh,中证1000ETF南方
2020-03-23,1.892,1.856,1.908,1.842,188823.0,512100,sh,中证1000ETF南方
2020-03-24,1.886,1.886,1.911,1.829,189944.0,512100,sh,中证1000ETF南方
2020-03-25,1.922,1.933,1.935,1.897,205311.0,512100,sh,中证1000ETF南方
2020-03-26,1.905,1.916,1.938,1.905,104328.0,512100,sh,中证1000ETF南方
2020-03-27,1.935,1.905,1.938,1.897,123338.0,512100,sh,中证1000ETF南方
2020-03-30,1.892,1.851,1.894,1.832,186336.0,512100,sh,中证1000ETF南方
2020-03-31,1.873,1.851,1.873,1.848,187507.0,512100,sh,中证1000ETF南方
2020-04-01,1.851,1.845,1.875,1.842,186315.0,512100,sh,中证1000ETF南方
2020-04-02,1.834,1.894,1.894,1.834,118964.0,512100,sh,中证1000ETF南方
2020-04-03,1.894,1.881,1.9,1.87,82891.0,512100,sh,中证1000ETF南方
2020-04-07,1.914,1.952,1.952,1.911,184464.0,512100,sh,中证1000ETF南方
2020-04-08,1.946,1.955,1.966,1.935,90621.0,512100,sh,中证1000ETF南方
2020-04-09,1.96,1.979,1.987,1.96,172293.0,512100,sh,中证1000ETF南方
2020-04-10,1.985,1.946,1.985,1.925,276610.0,512100,sh,中证1000ETF南方
2020-04-13,1.927,1.911,1.927,1.9,170362.0,512100,sh,中证1000ETF南方
2020-04-14,1.914,1.949,1.949,1.914,221721.0,512100,sh,中证1000ETF南方
2020-04-15,1.949,1.933,1.96,1.933,174389.0,512100,sh,中证1000ETF南方
2020-04-16,1.933,1.955,1.96,1.922,130346.0,512100,sh,中证1000ETF南方
2020-04-17,1.963,1.957,1.974,1.952,125520.0,512100,sh,中证1000ETF南方
2020-04-20,1.96,1.996,1.996,1.96,212737.0,512100,sh,中证1000ETF南方
2020-04-21,1.976,1.979,1.987,1.96,135304.0,512100,sh,中证1000ETF南方
2020-04-22,1.971,1.998,2.001,1.957,138426.0,512100,sh,中证1000ETF南方
2020-04-23,2.001,1.987,2.007,1.985,119439.0,512100,sh,中证1000ETF南方
2020-04-24,1.987,1.955,1.987,1.938,151281.0,512100,sh,中证1000ETF南方
2020-04-27,1.952,1.938,1.955,1.93,113178.0,512100,sh,中证1000ETF南方
2020-04-28,1.938,1.911,1.941,1.851,188477.0,512100,sh,中证1000ETF南方
2020-04-29,1.908,1.911,1.925,1.894,96092.0,512100,sh,中证1000ETF南方
2020-04-30,1.914,1.96,1.963,1.914,154707.0,512100,sh,中证1000ETF南方
2020-05-06,1.938,1.998,2.001,1.938,150882.0,512100,sh,中证1000ETF南方
2020-05-07,1.982,1.996,2.012,1.982,100617.0,512100,sh,中证1000ETF南方
2020-05-08,2.001,2.023,2.031,2.001,111554.0,512100,sh,中证1000ETF南方
2020-05-11,2.026,2.018,2.039,2.007,87160.0,512100,sh,中证1000ETF南方
2020-05-12,2.018,2.023,2.023,1.993,145002.0,512100,sh,中证1000ETF南方
2020-05-13,2.018,2.039,2.042,2.009,89060.0,512100,sh,中证1000ETF南方
2020-05-14,2.039,2.023,2.042,2.02,57579.0,512100,sh,中证1000ETF南方
2020-05-15,2.026,2.034,2.045,2.02,80213.0,512100,sh,中证1000ETF南方
2020-05-18,2.034,2.02,2.042,2.015,90698.0,512100,sh,中证1000ETF南方
2020-05-19,2.028,2.053,2.053,2.028,132511.0,512100,sh,中证1000ETF南方
2020-05-20,2.053,2.037,2.053,2.023,193361.0,512100,sh,中证1000ETF南方
2020-05-21,2.037,2.001,2.037,1.996,153476.0,512100,sh,中证1000ETF南方
2020-05-22,2.001,1.963,2.001,1.955,92917.0,512100,sh,中证1000ETF南方
2020-05-25,1.96,1.963,1.968,1.949,103826.0,512100,sh,中证1000ETF南方
2020-05-26,1.966,2.009,2.009,1.963,136506.0,512100,sh,中证1000ETF南方
2020-05-27,2.009,1.996,2.012,1.987,130352.0,512100,sh,中证1000ETF南方
2020-05-28,1.993,1.99,2.001,1.963,84530.0,512100,sh,中证1000ETF南方
2020-05-29,1.979,2.015,2.023,1.974,95008.0,512100,sh,中证1000ETF南方
2020-06-01,2.018,2.083,2.083,2.004,140196.0,512100,sh,中证1000ETF南方
2020-06-02,2.086,2.08,2.094,2.072,103913.0,512100,sh,中证1000ETF南方
2020-06-03,2.097,2.078,2.097,2.078,136345.0,512100,sh,中证1000ETF南方
2020-06-04,2.08,2.091,2.094,2.075,165339.0,512100,sh,中证1000ETF南方
2020-06-05,2.091,2.089,2.094,2.067,97664.0,512100,sh,中证1000ETF南方
2020-06-08,2.097,2.089,2.105,2.083,126944.0,512100,sh,中证1000ETF南方
2020-06-09,2.089,2.102,2.102,2.08,227484.0,512100,sh,中证1000ETF南方
2020-06-10,2.097,2.1,2.1,2.083,101518.0,512100,sh,中证1000ETF南方
2020-06-11,2.1,2.094,2.124,2.083,242209.0,512100,sh,中证1000ETF南方
2020-06-12,2.067,2.097,2.102,2.05,123153.0,512100,sh,中证1000ETF南方
2020-06-15,2.097,2.097,2.124,2.091,217368.0,512100,sh,中证1000ETF南方
2020-06-16,2.102,2.141,2.141,2.102,166473.0,512100,sh,中证1000ETF南方
2020-06-17,2.138,2.149,2.152,2.13,190845.0,512100,sh,中证1000ETF南方
2020-06-18,2.149,2.143,2.149,2.135,199991.0,512100,sh,中证1000ETF南方
2020-06-19,2.143,2.163,2.165,2.141,245648.0,512100,sh,中证1000ETF南方
2020-06-22,2.168,2.173,2.179,2.165,106236.0,512100,sh,中证1000ETF南方
2020-06-23,2.179,2.179,2.179,2.163,233146.0,512100,sh,中证1000ETF南方
2020-06-24,2.179,2.171,2.184,2.163,122876.0,512100,sh,中证1000ETF南方
2020-06-29,2.173,2.168,2.173,2.154,81681.0,512100,sh,中证1000ETF南方
2020-06-30,2.168,2.201,2.206,2.168,96912.0,512100,sh,中证1000ETF南方
2020-07-01,2.206,2.214,2.22,2.187,134604.0,512100,sh,中证1000ETF南方
2020-07-02,2.214,2.242,2.242,2.206,155209.0,512100,sh,中证1000ETF南方
2020-07-03,2.245,2.272,2.272,2.234,242448.0,512100,sh,中证1000ETF南方
2020-07-06,2.297,2.37,2.384,2.283,275722.0,512100,sh,中证1000ETF南方
2020-07-07,2.398,2.401,2.439,2.373,220382.0,512100,sh,中证1000ETF南方
2020-07-08,2.379,2.45,2.455,2.379,183823.0,512100,sh,中证1000ETF南方
2020-07-09,2.461,2.537,2.54,2.452,388052.0,512100,sh,中证1000ETF南方
2020-07-10,2.518,2.529,2.559,2.51,267227.0,512100,sh,中证1000ETF南方
2020-07-13,2.507,2.655,2.658,2.507,291016.0,512100,sh,中证1000ETF南方
2020-07-14,2.644,2.614,2.647,2.551,329093.0,512100,sh,中证1000ETF南方
2020-07-15,2.584,2.524,2.647,2.504,254710.0,512100,sh,中证1000ETF南方
2020-07-16,2.513,2.395,2.545,2.384,221946.0,512100,sh,中证1000ETF南方
2020-07-17,2.395,2.409,2.452,2.37,238464.0,512100,sh,中证1000ETF南方
2020-07-20,2.425,2.491,2.491,2.406,224231.0,512100,sh,中证1000ETF南方
2020-07-21,2.496,2.51,2.521,2.485,155016.0,512100,sh,中证1000ETF南方
2020-07-22,2.51,2.537,2.559,2.499,160505.0,512100,sh,中证1000ETF南方
2020-07-23,2.51,2.535,2.54,2.463,158472.0,512100,sh,中证1000ETF南方
2020-07-24,2.521,2.411,2.545,2.403,175237.0,512100,sh,中证1000ETF南方
2020-07-27,2.401,2.414,2.433,2.387,134217.0,512100,sh,中证1000ETF南方
2020-07-28,2.425,2.442,2.452,2.42,147196.0,512100,sh,中证1000ETF南方
2020-07-29,2.439,2.521,2.524,2.428,151802.0,512100,sh,中证1000ETF南方
2020-07-30,2.526,2.513,2.535,2.502,130079.0,512100,sh,中证1000ETF南方
2020-07-31,2.513,2.556,2.559,2.491,158026.0,512100,sh,中证1000ETF南方
2020-08-03,2.57,2.644,2.647,2.57,174586.0,512100,sh,中证1000ETF南方
2020-08-04,2.658,2.63,2.674,2.611,331578.0,512100,sh,中证1000ETF南方
2020-08-05,2.625,2.652,2.658,2.6,169598.0,512100,sh,中证1000ETF南方
2020-08-06,2.674,2.669,2.674,2.608,252235.0,512100,sh,中证1000ETF南方
2020-08-07,2.658,2.625,2.658,2.576,312896.0,512100,sh,中证1000ETF南方
2020-08-10,2.611,2.639,2.655,2.603,170200.0,512100,sh,中证1000ETF南方
2020-08-11,2.639,2.576,2.644,2.57,183759.0,512100,sh,中证1000ETF南方
2020-08-12,2.576,2.532,2.576,2.469,152994.0,512100,sh,中证1000ETF南方
2020-08-13,2.532,2.543,2.559,2.532,103830.0,512100,sh,中证1000ETF南方
2020-08-14,2.545,2.581,2.581,2.524,104167.0,512100,sh,中证1000ETF南方
2020-08-17,2.581,2.639,2.644,2.578,192473.0,512100,sh,中证1000ETF南方
2020-08-18,2.647,2.666,2.666,2.636,149023.0,512100,sh,中证1000ETF南方
2020-08-19,2.663,2.614,2.663,2.603,129904.0,512100,sh,中证1000ETF南方
2020-08-20,2.611,2.573,2.611,2.562,110221.0,512100,sh,中证1000ETF南方
2020-08-21,2.581,2.597,2.611,2.576,382689.0,512100,sh,中证1000ETF南方
2020-08-24,2.603,2.628,2.639,2.576,425458.0,512100,sh,中证1000ETF南方
2020-08-25,2.639,2.63,2.652,2.619,135783.0,512100,sh,中证1000ETF南方
2020-08-26,2.628,2.559,2.628,2.551,142322.0,512100,sh,中证1000ETF南方
2020-08-27,2.57,2.595,2.597,2.548,152707.0,512100,sh,中证1000ETF南方
2020-08-28,2.587,2.633,2.633,2.578,183319.0,512100,sh,中证1000ETF南方
2020-08-31,2.647,2.633,2.666,2.633,194381.0,512100,sh,中证1000ETF南方
2020-09-01,2.639,2.649,2.649,2.619,133227.0,512100,sh,中证1000ETF南方
2020-09-02,2.652,2.66,2.669,2.63,168691.0,512100,sh,中证1000ETF南方
2020-09-03,2.66,2.63,2.663,2.619,109722.0,512100,sh,中证1000ETF南方
2020-09-04,2.608,2.63,2.63,2.584,135302.0,512100,sh,中证1000ETF南方
2020-09-07,2.625,2.578,2.649,2.57,132009.0,512100,sh,中证1000ETF南方
2020-09-08,2.576,2.603,2.603,2.556,137694.0,512100,sh,中证1000ETF南方
2020-09-09,2.589,2.515,2.589,2.51,168835.0,512100,sh,中证1000ETF南方
2020-09-10,2.529,2.431,2.535,2.417,146220.0,512100,sh,中证1000ETF南方
2020-09-11,2.417,2.469,2.472,2.414,137642.0,512100,sh,中证1000ETF南方
2020-09-14,2.477,2.502,2.518,2.469,96591.0,512100,sh,中证1000ETF南方
2020-09-15,2.504,2.521,2.524,2.496,129438.0,512100,sh,中证1000ETF南方
2020-09-16,2.521,2.499,2.521,2.483,122557.0,512100,sh,中证1000ETF南方
2020-09-17,2.499,2.513,2.532,2.477,277260.0,512100,sh,中证1000ETF南方
2020-09-18,2.515,2.556,2.556,2.51,144749.0,512100,sh,中证1000ETF南方
2020-09-21,2.556,2.556,2.57,2.548,134476.0,512100,sh,中证1000ETF南方
2020-09-22,2.54,2.504,2.554,2.499,305981.0,512100,sh,中证1000ETF南方
2020-09-23,2.51,2.532,2.537,2.494,272239.0,512100,sh,中证1000ETF南方
2020-09-24,2.518,2.463,2.518,2.458,630298.0,512100,sh,中证1000ETF南方
2020-09-25,2.466,2.45,2.513,2.433,522537.0,512100,sh,中证1000ETF南方
2020-09-28,2.444,2.42,2.452,2.414,202737.0,512100,sh,中证1000ETF南方
2020-09-29,2.417,2.444,2.455,2.417,271182.0,512100,sh,中证1000ETF南方
2020-09-30,2.444,2.431,2.455,2.417,907368.0,512100,sh,中证1000ETF南方
2020-10-09,2.455,2.504,2.513,2.455,1015478.0,512100,sh,中证1000ETF南方
2020-10-12,2.507,2.595,2.597,2.507,608646.0,512100,sh,中证1000ETF南方
2020-10-13,2.597,2.606,2.608,2.573,464789.0,512100,sh,中证1000ETF南方
2020-10-14,2.606,2.578,2.606,2.573,197873.0,512100,sh,中证1000ETF南方
2020-10-15,2.578,2.556,2.584,2.556,91314.0,512100,sh,中证1000ETF南方
2020-10-16,2.559,2.551,2.581,2.524,138643.0,512100,sh,中证1000ETF南方
2020-10-19,2.559,2.532,2.567,2.524,200705.0,512100,sh,中证1000ETF南方
2020-10-20,2.532,2.562,2.562,2.507,234263.0,512100,sh,中证1000ETF南方
2020-10-21,2.562,2.524,2.565,2.507,255749.0,512100,sh,中证1000ETF南方
2020-10-22,2.526,2.507,2.526,2.48,217059.0,512100,sh,中证1000ETF南方
2020-10-23,2.507,2.461,2.521,2.447,241515.0,512100,sh,中证1000ETF南方
2020-10-26,2.461,2.458,2.466,2.414,252211.0,512100,sh,中证1000ETF南方
2020-10-27,2.444,2.477,2.477,2.444,261013.0,512100,sh,中证1000ETF南方
2020-10-28,2.477,2.474,2.48,2.431,287320.0,512100,sh,中证1000ETF南方
2020-10-29,2.428,2.477,2.483,2.425,244166.0,512100,sh,中证1000ETF南方
2020-10-30,2.48,2.411,2.483,2.409,253362.0,512100,sh,中证1000ETF南方
2020-11-02,2.439,2.411,2.439,2.392,259358.0,512100,sh,中证1000ETF南方
2020-11-03,2.414,2.466,2.469,2.414,347141.0,512100,sh,中证1000ETF南方
2020-11-04,2.474,2.452,2.477,2.436,316576.0,512100,sh,中证1000ETF南方
2020-11-05,2.466,2.502,2.507,2.466,297502.0,512100,sh,中证1000ETF南方
2020-11-06,2.496,2.48,2.51,2.461,347331.0,512100,sh,中证1000ETF南方
2020-11-09,2.491,2.543,2.554,2.491,381355.0,512100,sh,中证1000ETF南方
2020-11-10,2.554,2.515,2.554,2.502,317703.0,512100,sh,中证1000ETF南方
2020-11-11,2.518,2.472,2.518,2.472,313113.0,512100,sh,中证1000ETF南方
2020-11-12,2.469,2.48,2.494,2.469,294889.0,512100,sh,中证1000ETF南方
2020-11-13,2.477,2.485,2.494,2.461,311693.0,512100,sh,中证1000ETF南方
2020-11-16,2.488,2.518,2.518,2.48,280868.0,512100,sh,中证1000ETF南方
2020-11-17,2.51,2.485,2.513,2.469,350705.0,512100,sh,中证1000ETF南方
2020-11-18,2.488,2.491,2.504,2.477,289637.0,512100,sh,中证1000ETF南方
2020-11-19,2.477,2.504,2.507,2.469,278575.0,512100,sh,中证1000ETF南方
2020-11-20,2.504,2.524,2.529,2.494,350079.0,512100,sh,中证1000ETF南方
2020-11-23,2.524,2.545,2.551,2.51,391089.0,512100,sh,中证1000ETF南方
2020-11-24,2.545,2.535,2.545,2.532,276334.0,512100,sh,中证1000ETF南方
2020-11-25,2.537,2.494,2.543,2.494,273592.0,512100,sh,中证1000ETF南方
2020-11-26,2.494,2.474,2.499,2.461,352244.0,512100,sh,中证1000ETF南方
2020-11-27,2.477,2.483,2.483,2.452,261968.0,512100,sh,中证1000ETF南方
2020-11-30,2.48,2.469,2.491,2.455,315355.0,512100,sh,中证1000ETF南方
2020-12-01,2.469,2.507,2.507,2.455,303136.0,512100,sh,中证1000ETF南方
2020-12-02,2.507,2.51,2.515,2.496,283077.0,512100,sh,中证1000ETF南方
2020-12-03,2.502,2.504,2.515,2.488,227811.0,512100,sh,中证1000ETF南方
2020-12-04,2.502,2.526,2.529,2.494,324281.0,512100,sh,中证1000ETF南方
2020-12-07,2.532,2.518,2.532,2.513,231037.0,512100,sh,中证1000ETF南方
2020-12-08,2.521,2.513,2.524,2.51,296477.0,512100,sh,中证1000ETF南方
2020-12-09,2.513,2.469,2.513,2.463,207959.0,512100,sh,中证1000ETF南方
2020-12-10,2.469,2.469,2.483,2.45,254013.0,512100,sh,中证1000ETF南方
2020-12-11,2.466,2.433,2.474,2.409,293932.0,512100,sh,中证1000ETF南方
2020-12-14,2.428,2.455,2.461,2.411,337949.0,512100,sh,中证1000ETF南方
2020-12-15,2.452,2.463,2.466,2.447,213249.0,512100,sh,中证1000ETF南方
2020-12-16,2.455,2.439,2.463,2.439,180078.0,512100,sh,中证1000ETF南方
2020-12-17,2.439,2.466,2.472,2.417,270102.0,512100,sh,中证1000ETF南方
2020-12-18,2.463,2.461,2.477,2.452,288850.0,512100,sh,中证1000ETF南方
2020-12-21,2.461,2.504,2.507,2.455,355524.0,512100,sh,中证1000ETF南方
2020-12-22,2.504,2.455,2.504,2.452,555244.0,512100,sh,中证1000ETF南方
2020-12-23,2.494,2.472,2.494,2.45,726410.0,512100,sh,中证1000ETF南方
2020-12-24,2.472,2.442,2.472,2.431,480584.0,512100,sh,中证1000ETF南方
2020-12-25,2.444,2.452,2.463,2.42,1316440.0,512100,sh,中证1000ETF南方
2020-12-28,2.447,2.444,2.455,2.425,288416.0,512100,sh,中证1000ETF南方
2020-12-29,2.442,2.431,2.458,2.425,294570.0,512100,sh,中证1000ETF南方
2020-12-30,2.428,2.436,2.444,2.414,300984.0,512100,sh,中证1000ETF南方
2020-12-31,2.45,2.488,2.491,2.442,918339.0,512100,sh,中证1000ETF南方
2021-01-04,2.494,2.537,2.545,2.488,1121520.0,512100,sh,中证1000ETF南方
2021-01-05,2.532,2.543,2.551,2.513,681448.0,512100,sh,中证1000ETF南方
2021-01-06,2.529,2.515,2.548,2.496,522011.0,512100,sh,中证1000ETF南方
2021-01-07,2.515,2.474,2.515,2.45,615050.0,512100,sh,中证1000ETF南方
2021-01-08,2.472,2.461,2.494,2.442,480410.0,512100,sh,中证1000ETF南方
2021-01-11,2.444,2.417,2.463,2.406,525832.0,512100,sh,中证1000ETF南方
2021-01-12,2.417,2.466,2.469,2.401,528629.0,512100,sh,中证1000ETF南方
2021-01-13,2.466,2.436,2.469,2.422,417380.0,512100,sh,中证1000ETF南方
2021-01-14,2.436,2.433,2.461,2.406,982211.0,512100,sh,中证1000ETF南方
2021-01-15,2.433,2.447,2.452,2.406,662186.0,512100,sh,中证1000ETF南方
2021-01-18,2.439,2.502,2.507,2.436,638562.0,512100,sh,中证1000ETF南方
2021-01-19,2.513,2.477,2.515,2.469,614205.0,512100,sh,中证1000ETF南方
2021-01-20,2.488,2.491,2.496,2.466,556050.0,512100,sh,中证1000ETF南方
2021-01-21,2.483,2.521,2.535,2.483,576805.0,512100,sh,中证1000ETF南方
2021-01-22,2.524,2.515,2.524,2.494,564176.0,512100,sh,中证1000ETF南方
2021-01-25,2.521,2.488,2.521,2.485,454886.0,512100,sh,中证1000ETF南方
2021-01-26,2.48,2.452,2.491,2.447,414508.0,512100,sh,中证1000ETF南方
2021-01-27,2.452,2.45,2.455,2.417,457195.0,512100,sh,中证1000ETF南方
2021-01-28,2.428,2.401,2.458,2.401,730511.0,512100,sh,中证1000ETF南方
2021-01-29,2.417,2.365,2.422,2.332,644754.0,512100,sh,中证1000ETF南方
2021-02-01,2.365,2.381,2.384,2.354,325107.0,512100,sh,中证1000ETF南方
2021-02-02,2.387,2.403,2.403,2.362,496004.0,512100,sh,中证1000ETF南方
2021-02-03,2.403,2.365,2.406,2.362,389257.0,512100,sh,中证1000ETF南方
2021-02-04,2.351,2.313,2.357,2.277,680981.0,512100,sh,中证1000ETF南方
2021-02-05,2.31,2.269,2.327,2.266,593885.0,512100,sh,中证1000ETF南方
2021-02-08,2.275,2.28,2.297,2.111,611637.0,512100,sh,中证1000ETF南方
2021-02-09,2.28,2.354,2.357,2.277,845504.0,512100,sh,中证1000ETF南方
2021-02-10,2.357,2.368,2.37,2.338,739973.0,512100,sh,中证1000ETF南方
2021-02-18,2.406,2.42,2.425,2.387,924546.0,512100,sh,中证1000ETF南方
2021-02-19,2.417,2.463,2.466,2.395,913034.0,512100,sh,中证1000ETF南方
2021-02-22,2.483,2.466,2.513,2.452,2166180.0,512100,sh,中证1000ETF南方
2021-02-23,2.428,2.439,2.463,2.417,1294664.0,512100,sh,中证1000ETF南方
2021-02-24,2.425,2.422,2.461,2.395,1455792.0,512100,sh,中证1000ETF南方
2021-02-25,2.444,2.411,2.447,2.398,888580.0,512100,sh,中证1000ETF南方
2021-02-26,2.381,2.373,2.398,2.359,889542.0,512100,sh,中证1000ETF南方
2021-03-01,2.376,2.439,2.442,2.376,1174464.0,512100,sh,中证1000ETF南方
2021-03-02,2.452,2.439,2.455,2.411,1367848.0,512100,sh,中证1000ETF南方
2021-03-03,2.436,2.469,2.469,2.422,1007412.0,512100,sh,中证1000ETF南方
2021-03-04,2.442,2.428,2.461,2.411,1884747.0,512100,sh,中证1000ETF南方
2021-03-05,2.401,2.431,2.439,2.39,1098252.0,512100,sh,中证1000ETF南方
2021-03-08,2.45,2.368,2.452,2.365,1065007.0,512100,sh,中证1000ETF南方
2021-03-09,2.357,2.299,2.37,2.258,1168479.0,512100,sh,中证1000ETF南方
2021-03-10,2.31,2.272,2.324,2.272,831665.0,512100,sh,中证1000ETF南方
2021-03-11,2.275,2.338,2.34,2.266,969799.0,512100,sh,中证1000ETF南方
2021-03-12,2.343,2.343,2.346,2.307,828329.0,512100,sh,中证1000ETF南方
2021-03-15,2.329,2.318,2.343,2.297,1077756.0,512100,sh,中证1000ETF南方
2021-03-16,2.321,2.346,2.346,2.302,1058271.0,512100,sh,中证1000ETF南方
2021-03-17,2.34,2.354,2.359,2.316,952675.0,512100,sh,中证1000ETF南方
2021-03-18,2.34,2.357,2.373,2.34,1054450.0,512100,sh,中证1000ETF南方
2021-03-19,2.335,2.351,2.368,2.327,1186416.0,512100,sh,中证1000ETF南方
2021-03-22,2.343,2.392,2.395,2.343,1180097.0,512100,sh,中证1000ETF南方
2021-03-23,2.392,2.37,2.401,2.351,1234211.0,512100,sh,中证1000ETF南方
2021-03-24,2.349,2.318,2.359,2.316,1028480.0,512100,sh,中证1000ETF南方
2021-03-25,2.316,2.324,2.343,2.299,1459562.0,512100,sh,中证1000ETF南方
2021-03-26,2.327,2.365,2.373,2.327,1319444.0,512100,sh,中证1000ETF南方
2021-03-29,2.351,2.37,2.392,2.351,956992.0,512100,sh,中证1000ETF南方
2021-03-30,2.368,2.368,2.373,2.351,855318.0,512100,sh,中证1000ETF南方
2021-03-31,2.359,2.368,2.37,2.349,937475.0,512100,sh,中证1000ETF南方
2021-04-01,2.365,2.381,2.39,2.362,931975.0,512100,sh,中证1000ETF南方
2021-04-02,2.392,2.384,2.395,2.379,896822.0,512100,sh,中证1000ETF南方
2021-04-06,2.39,2.414,2.417,2.387,1383768.0,512100,sh,中证1000ETF南方
2021-04-07,2.417,2.414,2.417,2.392,1301331.0,512100,sh,中证1000ETF南方
2021-04-08,2.414,2.409,2.417,2.398,1268177.0,512100,sh,中证1000ETF南方
2021-04-09,2.401,2.411,2.411,2.395,1697681.0,512100,sh,中证1000ETF南方
2021-04-12,2.409,2.351,2.411,2.349,1349099.0,512100,sh,中证1000ETF南方
2021-04-13,2.351,2.343,2.362,2.332,1293980.0,512100,sh,中证1000ETF南方
2021-04-14,2.343,2.376,2.379,2.338,1284988.0,512100,sh,中证1000ETF南方
2021-04-15,2.373,2.37,2.373,2.349,983513.0,512100,sh,中证1000ETF南方
2021-04-16,2.373,2.403,2.406,2.368,1175521.0,512100,sh,中证1000ETF南方
2021-04-19,2.401,2.433,2.444,2.392,1481411.0,512100,sh,中证1000ETF南方
2021-04-20,2.433,2.428,2.45,2.302,1393956.0,512100,sh,中证1000ETF南方
2021-04-21,2.409,2.431,2.436,2.406,1248138.0,512100,sh,中证1000ETF南方
2021-04-22,2.431,2.442,2.444,2.431,1087009.0,512100,sh,中证1000ETF南方
2021-04-23,2.444,2.433,2.444,2.42,1201407.0,512100,sh,中证1000ETF南方
2021-04-26,2.433,2.417,2.461,2.417,1170766.0,512100,sh,中证1000ETF南方
2021-04-27,2.414,2.411,2.428,2.387,1231166.0,512100,sh,中证1000ETF南方
2021-04-28,2.401,2.425,2.428,2.398,1272732.0,512100,sh,中证1000ETF南方
2021-04-29,2.428,2.414,2.433,2.414,1220708.0,512100,sh,中证1000ETF南方
2021-04-30,2.417,2.409,2.417,2.392,1180436.0,512100,sh,中证1000ETF南方
2021-05-06,2.395,2.417,2.422,2.395,1326935.0,512100,sh,中证1000ETF南方
2021-05-07,2.417,2.39,2.42,2.387,1334902.0,512100,sh,中证1000ETF南方
2021-05-10,2.39,2.39,2.395,2.376,1405543.0,512100,sh,中证1000ETF南方
2021-05-11,2.373,2.39,2.398,2.351,1545757.0,512100,sh,中证1000ETF南方
2021-05-12,2.381,2.433,2.439,2.379,1311293.0,512100,sh,中证1000ETF南方
2021-05-13,2.411,2.409,2.431,2.403,1195401.0,512100,sh,中证1000ETF南方
2021-05-14,2.417,2.455,2.458,2.409,1342613.0,512100,sh,中证1000ETF南方
2021-05-17,2.45,2.439,2.461,2.431,1265380.0,512100,sh,中证1000ETF南方
2021-05-18,2.433,2.455,2.455,2.428,1261794.0,512100,sh,中证1000ETF南方
2021-05-19,2.447,2.45,2.458,2.442,1134253.0,512100,sh,中证1000ETF南方
2021-05-20,2.45,2.452,2.463,2.439,1047387.0,512100,sh,中证1000ETF南方
2021-05-21,2.452,2.461,2.466,2.447,1154447.0,512100,sh,中证1000ETF南方
2021-05-24,2.452,2.48,2.48,2.45,1104533.0,512100,sh,中证1000ETF南方
2021-05-25,2.48,2.507,2.515,2.477,954781.0,512100,sh,中证1000ETF南方
2021-05-26,2.507,2.521,2.532,2.504,1158372.0,512100,sh,中证1000ETF南方
2021-05-27,2.518,2.551,2.551,2.515,1396013.0,512100,sh,中证1000ETF南方
2021-05-28,2.554,2.537,2.565,2.529,1482855.0,512100,sh,中证1000ETF南方
2021-05-31,2.543,2.595,2.595,2.537,1366398.0,512100,sh,中证1000ETF南方
2021-06-01,2.595,2.603,2.606,2.578,1280195.0,512100,sh,中证1000ETF南方
2021-06-02,2.6,2.567,2.606,2.562,1590816.0,512100,sh,中证1000ETF南方
2021-06-03,2.565,2.567,2.595,2.559,1285237.0,512100,sh,中证1000ETF南方
2021-06-04,2.556,2.584,2.592,2.543,1193073.0,512100,sh,中证1000ETF南方
2021-06-07,2.589,2.622,2.622,2.587,1372119.0,512100,sh,中证1000ETF南方
2021-06-08,2.622,2.603,2.63,2.578,1427533.0,512100,sh,中证1000ETF南方
2021-06-09,2.589,2.6,2.606,2.587,1310595.0,512100,sh,中证1000ETF南方
2021-06-10,2.603,2.641,2.647,2.595,1991695.0,512100,sh,中证1000ETF南方
2021-06-11,2.641,2.622,2.652,2.611,1700617.0,512100,sh,中证1000ETF南方
2021-06-15,2.606,2.603,2.619,2.595,1803864.0,512100,sh,中证1000ETF南方
2021-06-16,2.597,2.554,2.6,2.545,1539493.0,512100,sh,中证1000ETF南方
2021-06-17,2.545,2.595,2.597,2.545,1338541.0,512100,sh,中证1000ETF南方
2021-06-18,2.584,2.622,2.633,2.584,1571608.0,512100,sh,中证1000ETF南方
2021-06-21,2.622,2.677,2.68,2.617,2331833.0,512100,sh,中证1000ETF南方
2021-06-22,2.685,2.674,2.693,2.658,1702373.0,512100,sh,中证1000ETF南方
2021-06-23,2.68,2.707,2.71,2.666,1359635.0,512100,sh,中证1000ETF南方
2021-06-24,2.704,2.669,2.704,2.663,1769523.0,512100,sh,中证1000ETF南方
2021-06-25,2.671,2.682,2.693,2.658,1423602.0,512100,sh,中证1000ETF南方
2021-06-28,2.688,2.704,2.721,2.677,1660420.0,512100,sh,中证1000ETF南方
2021-06-29,2.701,2.682,2.715,2.677,1386632.0,512100,sh,中证1000ETF南方
2021-06-30,2.68,2.718,2.718,2.639,1502557.0,512100,sh,中证1000ETF南方
2021-07-01,2.718,2.671,2.737,2.666,1191988.0,512100,sh,中证1000ETF南方
2021-07-02,2.658,2.644,2.669,2.608,1936656.0,512100,sh,中证1000ETF南方
2021-07-05,2.633,2.696,2.696,2.633,1559327.0,512100,sh,中证1000ETF南方
2021-07-06,2.693,2.682,2.707,2.641,2150740.0,512100,sh,中证1000ETF南方
2021-07-07,2.663,2.726,2.726,2.652,1603809.0,512100,sh,中证1000ETF南方
2021-07-08,2.726,2.734,2.745,2.721,1673130.0,512100,sh,中证1000ETF南方
2021-07-09,2.732,2.745,2.759,2.693,1723469.0,512100,sh,中证1000ETF南方
2021-07-12,2.753,2.8,2.811,2.753,1679653.0,512100,sh,中证1000ETF南方
2021-07-13,2.808,2.822,2.825,2.794,1880056.0,512100,sh,中证1000ETF南方
2021-07-14,2.827,2.783,2.83,2.778,2288086.0,512100,sh,中证1000ETF南方
2021-07-15,2.77,2.775,2.783,2.729,2128384.0,512100,sh,中证1000ETF南方
2021-07-16,2.775,2.778,2.816,2.762,2033104.0,512100,sh,中证1000ETF南方
2021-07-19,2.764,2.775,2.789,2.756,1839159.0,512100,sh,中证1000ETF南方
2021-07-20,2.745,2.797,2.8,2.745,1634513.0,512100,sh,中证1000ETF南方
2021-07-21,2.8,2.849,2.86,2.797,1853627.0,512100,sh,中证1000ETF南方
2021-07-22,2.855,2.863,2.874,2.83,1426729.0,512100,sh,中证1000ETF南方
2021-07-23,2.866,2.846,2.879,2.833,1618358.0,512100,sh,中证1000ETF南方
2021-07-26,2.841,2.808,2.855,2.745,2144552.0,512100,sh,中证1000ETF南方
2021-07-27,2.811,2.726,2.841,2.721,2460532.0,512100,sh,中证1000ETF南方
2021-07-28,2.723,2.671,2.723,2.597,2138274.0,512100,sh,中证1000ETF南方
2021-07-29,2.693,2.778,2.792,2.688,2082209.0,512100,sh,中证1000ETF南方
2021-07-30,2.778,2.808,2.816,2.753,2034228.0,512100,sh,中证1000ETF南方
2021-08-02,2.8,2.871,2.874,2.794,1774131.0,512100,sh,中证1000ETF南方
2021-08-03,2.852,2.814,2.866,2.805,1894294.0,512100,sh,中证1000ETF南方
2021-08-04,2.805,2.887,2.893,2.794,1675010.0,512100,sh,中证1000ETF南方
2021-08-05,2.877,2.877,2.893,2.852,1714493.0,512100,sh,中证1000ETF南方
2021-08-06,2.879,2.893,2.893,2.86,1671288.0,512100,sh,中证1000ETF南方
2021-08-09,2.887,2.896,2.901,2.849,1976888.0,512100,sh,中证1000ETF南方
2021-08-10,2.893,2.92,2.923,2.882,1931227.0,512100,sh,中证1000ETF南方
2021-08-11,2.92,2.945,2.948,2.893,1730873.0,512100,sh,中证1000ETF南方
2021-08-12,2.945,2.967,2.975,2.937,1948084.0,512100,sh,中证1000ETF南方
2021-08-13,2.964,2.964,2.991,2.942,2225439.0,512100,sh,中证1000ETF南方
2021-08-16,2.959,2.926,2.959,2.918,2098195.0,512100,sh,中证1000ETF南方
2021-08-17,2.915,2.841,2.931,2.835,2200348.0,512100,sh,中证1000ETF南方
2021-08-18,2.844,2.871,2.879,2.835,2493623.0,512100,sh,中证1000ETF南方
2021-08-19,2.857,2.896,2.904,2.833,2112158.0,512100,sh,中证1000ETF南方
2021-08-20,2.885,2.907,2.909,2.844,2282243.0,512100,sh,中证1000ETF南方
2021-08-23,2.909,2.967,2.975,2.904,2799768.0,512100,sh,中证1000ETF南方
2021-08-24,2.986,2.997,3.011,2.948,2284138.0,512100,sh,中证1000ETF南方
2021-08-25,2.991,3.005,3.005,2.967,2199599.0,512100,sh,中证1000ETF南方
2021-08-26,2.997,2.967,3.011,2.961,2122770.0,512100,sh,中证1000ETF南方
2021-08-27,2.956,2.975,2.983,2.934,2618768.0,512100,sh,中证1000ETF南方
2021-08-30,2.972,2.989,3.027,2.972,2749339.0,512100,sh,中证1000ETF南方
2021-08-31,2.983,2.997,2.997,2.959,2591638.0,512100,sh,中证1000ETF南方
2021-09-01,3.0,2.939,3.002,2.896,2332888.0,512100,sh,中证1000ETF南方
2021-09-02,2.934,2.986,2.986,2.915,2009454.0,512100,sh,中证1000ETF南方
2021-09-03,2.994,2.953,3.013,2.92,2574594.0,512100,sh,中证1000ETF南方
2021-09-06,2.953,2.997,3.002,2.918,2071510.0,512100,sh,中证1000ETF南方
2021-09-07,2.994,3.054,3.063,2.986,2397445.0,512100,sh,中证1000ETF南方
2021-09-08,3.052,3.073,3.076,3.046,2008204.0,512100,sh,中证1000ETF南方
2021-09-09,3.063,3.057,3.071,3.032,1647579.0,512100,sh,中证1000ETF南方
2021-09-10,3.057,3.079,3.084,3.032,2556268.0,512100,sh,中证1000ETF南方
2021-09-13,3.068,3.082,3.087,3.054,1468980.0,512100,sh,中证1000ETF南方
2021-09-14,3.082,3.068,3.123,3.06,1872548.0,512100,sh,中证1000ETF南方
2021-09-15,3.054,3.095,3.098,3.043,1659561.0,512100,sh,中证1000ETF南方
2021-09-16,3.109,2.997,3.117,2.994,2971080.0,512100,sh,中证1000ETF南方
2021-09-17,2.989,3.002,3.019,2.926,3000672.0,512100,sh,中证1000ETF南方
2021-09-22,2.97,3.016,3.019,2.961,1666369.0,512100,sh,中证1000ETF南方
2021-09-23,3.027,3.024,3.046,3.013,1718460.0,512100,sh,中证1000ETF南方
2021-09-24,3.024,2.98,3.024,2.97,2097978.0,512100,sh,中证1000ETF南方
2021-09-27,2.972,2.882,2.991,2.857,2302070.0,512100,sh,中证1000ETF南方
2021-09-28,2.879,2.887,2.901,2.866,1601326.0,512100,sh,中证1000ETF南方
2021-09-29,2.863,2.792,2.871,2.783,1644135.0,512100,sh,中证1000ETF南方
2021-09-30,2.797,2.86,2.866,2.794,1659362.0,512100,sh,中证1000ETF南方
2021-10-08,2.885,2.877,2.909,2.857,1319948.0,512100,sh,中证1000ETF南方
2021-10-11,2.863,2.857,2.877,2.838,1476400.0,512100,sh,中证1000ETF南方
2021-10-12,2.844,2.783,2.849,2.751,1565933.0,512100,sh,中证1000ETF南方
2021-10-13,2.77,2.816,2.822,2.762,1319224.0,512100,sh,中证1000ETF南方
2021-10-14,2.794,2.841,2.852,2.794,1441086.0,512100,sh,中证1000ETF南方
2021-10-15,2.833,2.844,2.852,2.816,1036732.0,512100,sh,中证1000ETF南方
2021-10-18,2.827,2.871,2.874,2.827,1307042.0,512100,sh,中证1000ETF南方
2021-10-19,2.868,2.904,2.907,2.857,1324732.0,512100,sh,中证1000ETF南方
2021-10-20,2.893,2.915,2.923,2.879,1596648.0,512100,sh,中证1000ETF南方
2021-10-21,2.907,2.893,2.92,2.887,1326723.0,512100,sh,中证1000ETF南方
2021-10-22,2.893,2.874,2.912,2.868,2002173.0,512100,sh,中证1000ETF南方
2021-10-25,2.879,2.918,2.918,2.866,1303273.0,512100,sh,中证1000ETF南方
2021-10-26,2.92,2.912,2.937,2.896,1221912.0,512100,sh,中证1000ETF南方
2021-10-27,2.898,2.879,2.901,2.863,1372415.0,512100,sh,中证1000ETF南方
2021-10-28,2.871,2.814,2.871,2.808,1323527.0,512100,sh,中证1000ETF南方
2021-10-29,2.811,2.863,2.863,2.797,1130791.0,512100,sh,中证1000ETF南方
2021-11-01,2.849,2.885,2.896,2.841,1069710.0,512100,sh,中证1000ETF南方
2021-11-02,2.879,2.855,2.901,2.822,1248329.0,512100,sh,中证1000ETF南方
2021-11-03,2.844,2.857,2.86,2.825,1092438.0,512100,sh,中证1000ETF南方
2021-11-04,2.86,2.896,2.898,2.86,998343.0,512100,sh,中证1000ETF南方
2021-11-05,2.896,2.855,2.898,2.852,1173928.0,512100,sh,中证1000ETF南方
2021-11-08,2.855,2.874,2.874,2.841,1391797.0,512100,sh,中证1000ETF南方
2021-11-09,2.868,2.915,2.92,2.868,1361472.0,512100,sh,中证1000ETF南方
2021-11-10,2.915,2.918,2.92,2.874,1494123.0,512100,sh,中证1000ETF南方
2021-11-11,2.918,2.948,2.953,2.907,1402948.0,512100,sh,中证1000ETF南方
2021-11-12,2.948,2.986,2.989,2.939,1695359.0,512100,sh,中证1000ETF南方
2021-11-15,3.005,2.975,3.008,2.961,2143611.0,512100,sh,中证1000ETF南方
2021-11-16,2.972,2.942,2.983,2.931,1765195.0,512100,sh,中证1000ETF南方
2021-11-17,2.937,3.0,3.0,2.934,2138549.0,512100,sh,中证1000ETF南方
2021-11-18,2.997,2.989,3.013,2.972,2436716.0,512100,sh,中证1000ETF南方
2021-11-19,2.972,3.027,3.03,2.972,2116569.0,512100,sh,中证1000ETF南方
2021-11-22,3.027,3.093,3.095,3.027,2572718.0,512100,sh,中证1000ETF南方
2021-11-23,3.09,3.084,3.093,3.071,1730406.0,512100,sh,中证1000ETF南方
2021-11-24,3.082,3.082,3.093,3.065,1922848.0,512100,sh,中证1000ETF南方
2021-11-25,3.076,3.071,3.084,3.063,1588706.0,512100,sh,中证1000ETF南方
2021-11-26,3.065,3.079,3.09,3.057,1526751.0,512100,sh,中证1000ETF南方
2021-11-29,3.054,3.106,3.109,3.041,1710742.0,512100,sh,中证1000ETF南方
2021-11-30,3.117,3.125,3.139,3.098,3146955.0,512100,sh,中证1000ETF南方
2021-12-01,3.12,3.128,3.128,3.098,2779407.0,512100,sh,中证1000ETF南方
2021-12-02,3.117,3.087,3.12,3.082,2167359.0,512100,sh,中证1000ETF南方
2021-12-03,3.084,3.106,3.117,3.076,1904470.0,512100,sh,中证1000ETF南方
2021-12-06,3.106,3.06,3.109,3.057,2761308.0,512100,sh,中证1000ETF南方
2021-12-07,3.071,3.011,3.098,2.989,2891978.0,512100,sh,中证1000ETF南方
2021-12-08,3.016,3.063,3.071,3.016,2149617.0,512100,sh,中证1000ETF南方
2021-12-09,3.063,3.082,3.082,3.054,1877284.0,512100,sh,中证1000ETF南方
2021-12-10,3.071,3.117,3.136,3.063,1492084.0,512100,sh,中证1000ETF南方
2021-12-13,3.09,3.093,3.104,3.073,1581483.0,512100,sh,中证1000ETF南方
2021-12-14,3.079,3.101,3.104,3.076,1751684.0,512100,sh,中证1000ETF南方
2021-12-15,3.093,3.09,3.109,3.076,1515359.0,512100,sh,中证1000ETF南方
2021-12-16,3.095,3.101,3.106,3.082,1282433.0,512100,sh,中证1000ETF南方
2021-12-17,3.098,3.06,3.101,3.057,1631877.0,512100,sh,中证1000ETF南方
2021-12-20,3.054,3.008,3.071,2.997,1512043.0,512100,sh,中证1000ETF南方
2021-12-21,3.008,3.046,3.046,3.002,1252461.0,512100,sh,中证1000ETF南方
2021-12-22,3.054,3.071,3.076,3.041,1882650.0,512100,sh,中证1000ETF南方
2021-12-23,3.071,3.071,3.084,3.054,1289255.0,512100,sh,中证1000ETF南方
2021-12-24,3.071,3.019,3.076,3.013,1624183.0,512100,sh,中证1000ETF南方
2021-12-27,3.008,3.019,3.038,3.002,974295.0,512100,sh,中证1000ETF南方
2021-12-28,3.024,3.049,3.052,3.013,1217406.0,512100,sh,中证1000ETF南方
2021-12-29,3.052,3.049,3.057,3.038,1183058.0,512100,sh,中证1000ETF南方
2021-12-30,3.043,3.073,3.084,3.041,1187536.0,512100,sh,中证1000ETF南方
2021-12-31,3.073,3.112,3.117,3.073,1334923.0,512100,sh,中证1000ETF南方
2022-01-04,3.114,3.098,3.134,3.082,1765720.0,512100,sh,中证1000ETF南方
2022-01-05,3.098,3.016,3.098,3.002,2215219.0,512100,sh,中证1000ETF南方
2022-01-06,2.997,3.035,3.054,2.989,2491382.0,512100,sh,中证1000ETF南方
2022-01-07,3.041,2.98,3.046,2.97,2510088.0,512100,sh,中证1000ETF南方
2022-01-10,2.961,2.994,3.005,2.953,1955834.0,512100,sh,中证1000ETF南方
2022-01-11,2.989,2.964,3.008,2.956,1717007.0,512100,sh,中证1000ETF南方
2022-01-12,2.967,3.019,3.021,2.967,1581960.0,512100,sh,中证1000ETF南方
2022-01-13,3.011,2.961,3.016,2.961,1799002.0,512100,sh,中证1000ETF南方
2022-01-14,2.948,2.972,2.986,2.934,1563666.0,512100,sh,中证1000ETF南方
2022-01-17,2.967,3.03,3.032,2.967,1705336.0,512100,sh,中证1000ETF南方
2022-01-18,3.027,3.013,3.035,3.0,1856883.0,512100,sh,中证1000ETF南方
2022-01-19,3.0,2.97,3.008,2.953,1723690.0,512100,sh,中证1000ETF南方
2022-01-20,2.967,2.904,2.967,2.901,1893780.0,512100,sh,中证1000ETF南方
2022-01-21,2.893,2.857,2.904,2.855,1774048.0,512100,sh,中证1000ETF南方
2022-01-24,2.835,2.874,2.89,2.835,1961255.0,512100,sh,中证1000ETF南方
2022-01-25,2.852,2.759,2.877,2.756,2075250.0,512100,sh,中证1000ETF南方
2022-01-26,2.762,2.778,2.794,2.737,2442764.0,512100,sh,中证1000ETF南方
2022-01-27,2.764,2.69,2.783,2.688,1878438.0,512100,sh,中证1000ETF南方
2022-01-28,2.707,2.701,2.734,2.647,1816059.0,512100,sh,中证1000ETF南方
2022-02-07,2.723,2.729,2.74,2.712,1906118.0,512100,sh,中证1000ETF南方
2022-02-08,2.721,2.751,2.751,2.68,2030312.0,512100,sh,中证1000ETF南方
2022-02-09,2.751,2.789,2.792,2.726,1656229.0,512100,sh,中证1000ETF南方
2022-02-10,2.794,2.781,2.794,2.756,1999842.0,512100,sh,中证1000ETF南方
2022-02-11,2.77,2.721,2.77,2.712,2043169.0,512100,sh,中证1000ETF南方
2022-02-14,2.696,2.701,2.742,2.685,1703753.0,512100,sh,中证1000ETF南方
2022-02-15,2.701,2.759,2.762,2.699,1951141.0,512100,sh,中证1000ETF南方
2022-02-16,2.77,2.781,2.789,2.759,1493746.0,512100,sh,中证1000ETF南方
2022-02-17,2.778,2.792,2.814,2.756,1821238.0,512100,sh,中证1000ETF南方
2022-02-18,2.778,2.803,2.811,2.762,1465276.0,512100,sh,中证1000ETF南方
2022-02-21,2.8,2.838,2.844,2.8,1274357.0,512100,sh,中证1000ETF南方
2022-02-22,2.819,2.822,2.833,2.792,2537068.0,512100,sh,中证1000ETF南方
2022-02-23,2.827,2.89,2.89,2.822,1781536.0,512100,sh,中证1000ETF南方
2022-02-24,2.857,2.819,2.893,2.773,2717424.0,512100,sh,中证1000ETF南方
2022-02-25,2.846,2.846,2.882,2.833,1878104.0,512100,sh,中证1000ETF南方
2022-02-28,2.849,2.871,2.877,2.816,1827949.0,512100,sh,中证1000ETF南方
2022-03-01,2.879,2.877,2.89,2.852,1713232.0,512100,sh,中证1000ETF南方
2022-03-02,2.855,2.871,2.877,2.841,1397435.0,512100,sh,中证1000ETF南方
2022-03-03,2.882,2.841,2.89,2.833,1710740.0,512100,sh,中证1000ETF南方
2022-03-04,2.805,2.805,2.849,2.794,1483721.0,512100,sh,中证1000ETF南方
2022-03-07,2.786,2.732,2.794,2.721,1686390.0,512100,sh,中证1000ETF南方
2022-03-08,2.732,2.647,2.745,2.639,2315209.0,512100,sh,中证1000ETF南方
2022-03-09,2.647,2.617,2.671,2.515,2829517.0,512100,sh,中证1000ETF南方
2022-03-10,2.666,2.682,2.71,2.66,2268600.0,512100,sh,中证1000ETF南方
2022-03-11,2.636,2.701,2.704,2.617,2294035.0,512100,sh,中证1000ETF南方
2022-03-14,2.658,2.625,2.696,2.619,2543111.0,512100,sh,中证1000ETF南方
2022-03-15,2.6,2.496,2.622,2.491,2258385.0,512100,sh,中证1000ETF南方
2022-03-16,2.526,2.581,2.595,2.439,3199261.0,512100,sh,中证1000ETF南方
2022-03-17,2.595,2.63,2.674,2.595,3346206.0,512100,sh,中证1000ETF南方
2022-03-18,2.608,2.658,2.66,2.608,1686449.0,512100,sh,中证1000ETF南方
2022-03-21,2.68,2.688,2.696,2.655,1976916.0,512100,sh,中证1000ETF南方
2022-03-22,2.674,2.674,2.701,2.66,1557035.0,512100,sh,中证1000ETF南方
2022-03-23,2.685,2.693,2.699,2.666,1431458.0,512100,sh,中证1000ETF南方
2022-03-24,2.671,2.658,2.688,2.644,1596122.0,512100,sh,中证1000ETF南方
2022-03-25,2.66,2.636,2.68,2.628,1401992.0,512100,sh,中证1000ETF南方
2022-03-28,2.608,2.608,2.639,2.584,1617209.0,512100,sh,中证1000ETF南方
2022-03-29,2.622,2.592,2.625,2.587,1232755.0,512100,sh,中证1000ETF南方
2022-03-30,2.608,2.655,2.66,2.6,3219270.0,512100,sh,中证1000ETF南方
2022-03-31,2.649,2.617,2.652,2.611,1624972.0,512100,sh,中证1000ETF南方
2022-04-01,2.587,2.619,2.625,2.578,1433450.0,512100,sh,中证1000ETF南方
2022-04-06,2.606,2.608,2.614,2.587,1528416.0,512100,sh,中证1000ETF南方
2022-04-07,2.592,2.556,2.614,2.554,1395359.0,512100,sh,中证1000ETF南方
2022-04-08,2.556,2.537,2.565,2.499,1585305.0,512100,sh,中证1000ETF南方
2022-04-11,2.518,2.444,2.518,2.425,1873388.0,512100,sh,中证1000ETF南方
2022-04-12,2.447,2.474,2.477,2.409,1852042.0,512100,sh,中证1000ETF南方
2022-04-13,2.45,2.428,2.461,2.42,2370453.0,512100,sh,中证1000ETF南方
2022-04-14,2.444,2.444,2.463,2.425,2165846.0,512100,sh,中证1000ETF南方
2022-04-15,2.425,2.417,2.442,2.395,2445030.0,512100,sh,中证1000ETF南方
2022-04-18,2.398,2.439,2.442,2.373,1652789.0,512100,sh,中证1000ETF南方
2022-04-19,2.425,2.447,2.455,2.425,1592778.0,512100,sh,中证1000ETF南方
2022-04-20,2.439,2.395,2.452,2.39,1396146.0,512100,sh,中证1000ETF南方
2022-04-21,2.384,2.297,2.401,2.294,1776342.0,512100,sh,中证1000ETF南方
2022-04-22,2.283,2.269,2.297,2.25,2333810.0,512100,sh,中证1000ETF南方
2022-04-25,2.22,2.091,2.236,2.078,2863781.0,512100,sh,中证1000ETF南方
2022-04-26,2.078,2.023,2.105,2.012,4294683.0,512100,sh,中证1000ETF南方
2022-04-27,2.007,2.13,2.132,1.976,3177134.0,512100,sh,中证1000ETF南方
2022-04-28,2.1,2.102,2.138,2.08,2488472.0,512100,sh,中证1000ETF南方
2022-04-29,2.124,2.206,2.217,2.105,2700542.0,512100,sh,中证1000ETF南方
2022-05-05,2.195,2.247,2.266,2.173,2102215.0,512100,sh,中证1000ETF南方
2022-05-06,2.198,2.217,2.236,2.187,1876185.0,512100,sh,中证1000ETF南方
2022-05-09,2.198,2.247,2.253,2.193,1810666.0,512100,sh,中证1000ETF南方
2022-05-10,2.212,2.286,2.294,2.206,2298511.0,512100,sh,中证1000ETF南方
2022-05-11,2.294,2.31,2.368,2.286,1970927.0,512100,sh,中证1000ETF南方
2022-05-12,2.288,2.324,2.343,2.288,1717713.0,512100,sh,中证1000ETF南方
2022-05-13,2.335,2.343,2.359,2.307,2137794.0,512100,sh,中证1000ETF南方
2022-05-16,2.351,2.349,2.373,2.329,1547203.0,512100,sh,中证1000ETF南方
2022-05-17,2.34,2.359,2.362,2.313,1661488.0,512100,sh,中证1000ETF南方
2022-05-18,2.359,2.359,2.384,2.343,2151577.0,512100,sh,中证1000ETF南方
2022-05-19,2.324,2.39,2.392,2.316,1537470.0,512100,sh,中证1000ETF南方
2022-05-20,2.384,2.411,2.42,2.376,2067638.0,512100,sh,中证1000ETF南方
2022-05-23,2.417,2.452,2.455,2.414,1610781.0,512100,sh,中证1000ETF南方
2022-05-24,2.439,2.349,2.45,2.34,2186088.0,512100,sh,中证1000ETF南方
2022-05-25,2.346,2.39,2.39,2.338,2294867.0,512100,sh,中证1000ETF南方
2022-05-26,2.384,2.411,2.425,2.349,2499850.0,512100,sh,中证1000ETF南方
2022-05-27,2.42,2.406,2.425,2.376,2401286.0,512100,sh,中证1000ETF南方
2022-05-30,2.398,2.428,2.431,2.379,1709574.0,512100,sh,中证1000ETF南方
2022-05-31,2.425,2.452,2.463,2.401,2547785.0,512100,sh,中证1000ETF南方
2022-06-01,2.439,2.463,2.474,2.433,1577090.0,512100,sh,中证1000ETF南方
2022-06-02,2.461,2.491,2.502,2.447,2176874.0,512100,sh,中证1000ETF南方
2022-06-06,2.483,2.556,2.565,2.483,1978481.0,512100,sh,中证1000ETF南方
2022-06-07,2.554,2.551,2.567,2.532,1896363.0,512100,sh,中证1000ETF南方
2022-06-08,2.545,2.559,2.581,2.504,2163995.0,512100,sh,中证1000ETF南方
2022-06-09,2.54,2.513,2.554,2.496,2011356.0,512100,sh,中证1000ETF南方
2022-06-10,2.496,2.57,2.573,2.491,1516667.0,512100,sh,中证1000ETF南方
2022-06-13,2.556,2.589,2.595,2.529,1803241.0,512100,sh,中证1000ETF南方
2022-06-14,2.57,2.589,2.592,2.496,2481820.0,512100,sh,中证1000ETF南方
2022-06-15,2.581,2.578,2.625,2.576,2442639.0,512100,sh,中证1000ETF南方
2022-06-16,2.576,2.603,2.625,2.576,1923035.0,512100,sh,中证1000ETF南方
2022-06-17,2.578,2.633,2.636,2.567,2353100.0,512100,sh,中证1000ETF南方
2022-06-20,2.633,2.658,2.671,2.628,2079638.0,512100,sh,中证1000ETF南方
2022-06-21,2.655,2.628,2.66,2.606,2609780.0,512100,sh,中证1000ETF南方
2022-06-22,2.625,2.595,2.644,2.592,2302702.0,512100,sh,中证1000ETF南方
2022-06-23,2.589,2.658,2.66,2.578,2180010.0,512100,sh,中证1000ETF南方
2022-06-24,2.658,2.688,2.707,2.658,2805090.0,512100,sh,中证1000ETF南方
2022-06-27,2.693,2.718,2.729,2.693,2771544.0,512100,sh,中证1000ETF南方
2022-06-28,2.721,2.753,2.759,2.707,4076300.0,512100,sh,中证1000ETF南方
2022-06-29,2.745,2.693,2.751,2.68,2895121.0,512100,sh,中证1000ETF南方
2022-06-30,2.685,2.715,2.734,2.685,2341806.0,512100,sh,中证1000ETF南方
2022-07-01,2.71,2.723,2.74,2.701,2323891.0,512100,sh,中证1000ETF南方
2022-07-04,2.723,2.748,2.753,2.696,2330116.0,512100,sh,中证1000ETF南方
2022-07-05,2.745,2.74,2.764,2.701,2896786.0,512100,sh,中证1000ETF南方
2022-07-06,2.734,2.704,2.74,2.68,3428150.0,512100,sh,中证1000ETF南方
2022-07-07,2.704,2.737,2.745,2.685,3199694.0,512100,sh,中证1000ETF南方
2022-07-08,2.74,2.723,2.753,2.718,3669073.0,512100,sh,中证1000ETF南方
2022-07-11,2.707,2.682,2.707,2.652,4115606.0,512100,sh,中证1000ETF南方
2022-07-12,2.68,2.633,2.688,2.63,3657359.0,512100,sh,中证1000ETF南方
2022-07-13,2.633,2.655,2.663,2.617,3901807.0,512100,sh,中证1000ETF南方
2022-07-14,2.649,2.693,2.704,2.644,3306903.0,512100,sh,中证1000ETF南方
2022-07-15,2.685,2.663,2.712,2.66,3767229.0,512100,sh,中证1000ETF南方
2022-07-18,2.66,2.704,2.71,2.66,5888866.0,512100,sh,中证1000ETF南方
2022-07-19,2.712,2.729,2.742,2.699,6654451.0,512100,sh,中证1000ETF南方
2022-07-20,2.74,2.77,2.77,2.732,8965346.0,512100,sh,中证1000ETF南方
2022-07-21,2.77,2.753,2.781,2.751,11019136.0,512100,sh,中证1000ETF南方
2022-07-22,2.756,2.734,2.773,2.707,21120995.0,512100,sh,中证1000ETF南方
2022-07-25,2.729,2.696,2.748,2.69,13788702.0,512100,sh,中证1000ETF南方
2022-07-26,2.699,2.74,2.742,2.685,17316708.0,512100,sh,中证1000ETF南方
2022-07-27,2.734,2.764,2.767,2.723,17552357.0,512100,sh,中证1000ETF南方
2022-07-28,2.77,2.786,2.803,2.767,23067442.0,512100,sh,中证1000ETF南方
2022-07-29,2.786,2.775,2.797,2.767,26578040.0,512100,sh,中证1000ETF南方
2022-08-01,2.753,2.792,2.797,2.74,20572828.0,512100,sh,中证1000ETF南方
2022-08-02,2.764,2.712,2.764,2.666,23986035.0,512100,sh,中证1000ETF南方
2022-08-03,2.704,2.69,2.753,2.68,18641874.0,512100,sh,中证1000ETF南方
2022-08-04,2.693,2.704,2.71,2.658,22227521.0,512100,sh,中证1000ETF南方
2022-08-05,2.696,2.767,2.767,2.696,16269241.0,512100,sh,中证1000ETF南方
2022-08-08,2.756,2.789,2.797,2.751,13131817.0,512100,sh,中证1000ETF南方
2022-08-09,2.786,2.803,2.808,2.767,10741536.0,512100,sh,中证1000ETF南方
2022-08-10,2.783,2.803,2.811,2.783,12494378.0,512100,sh,中证1000ETF南方
2022-08-11,2.819,2.841,2.844,2.805,17569250.0,512100,sh,中证1000ETF南方
2022-08-12,2.833,2.814,2.849,2.811,12584968.0,512100,sh,中证1000ETF南方
2022-08-15,2.803,2.833,2.844,2.797,13542828.0,512100,sh,中证1000ETF南方
2022-08-16,2.833,2.849,2.868,2.827,13828761.0,512100,sh,中证1000ETF南方
2022-08-17,2.855,2.852,2.86,2.83,14245458.0,512100,sh,中证1000ETF南方
2022-08-18,2.841,2.866,2.868,2.841,13161196.0,512100,sh,中证1000ETF南方
2022-08-19,2.866,2.816,2.874,2.814,12714510.0,512100,sh,中证1000ETF南方
2022-08-22,2.805,2.833,2.841,2.786,15037480.0,512100,sh,中证1000ETF南方
2022-08-23,2.825,2.846,2.846,2.822,15346241.0,512100,sh,中证1000ETF南方
2022-08-24,2.835,2.74,2.846,2.732,19578000.0,512100,sh,中证1000ETF南方
2022-08-25,2.737,2.732,2.745,2.696,14226686.0,512100,sh,中证1000ETF南方
2022-08-26,2.726,2.715,2.762,2.704,12612576.0,512100,sh,中证1000ETF南方
2022-08-29,2.682,2.726,2.734,2.666,13815207.0,512100,sh,中证1000ETF南方
2022-08-30,2.726,2.712,2.732,2.699,17050916.0,512100,sh,中证1000ETF南方
2022-08-31,2.699,2.625,2.712,2.617,22256540.0,512100,sh,中证1000ETF南方
2022-09-01,2.611,2.608,2.647,2.597,19380579.0,512100,sh,中证1000ETF南方
2022-09-05,2.62,2.635,2.655,2.611,6338251.0,512100,sh,中证1000ETF南方
2022-09-06,2.647,2.688,2.689,2.632,6743230.0,512100,sh,中证1000ETF南方
2022-09-07,2.681,2.705,2.717,2.676,5550310.0,512100,sh,中证1000ETF南方
2022-09-08,2.708,2.683,2.714,2.68,5246127.0,512100,sh,中证1000ETF南方
2022-09-09,2.682,2.691,2.693,2.664,7221364.0,512100,sh,中证1000ETF南方
2022-09-13,2.695,2.682,2.707,2.673,5802034.0,512100,sh,中证1000ETF南方
2022-09-14,2.652,2.651,2.662,2.636,5767298.0,512100,sh,中证1000ETF南方
2022-09-15,2.653,2.566,2.666,2.535,8840341.0,512100,sh,中证1000ETF南方
2022-09-16,2.548,2.512,2.572,2.508,7637580.0,512100,sh,中证1000ETF南方
2022-09-19,2.499,2.483,2.522,2.463,6775496.0,512100,sh,中证1000ETF南方
2022-09-20,2.491,2.512,2.538,2.483,5193688.0,512100,sh,中证1000ETF南方
2022-09-21,2.508,2.512,2.525,2.473,6797740.0,512100,sh,中证1000ETF南方
2022-09-22,2.49,2.517,2.546,2.485,5611800.0,512100,sh,中证1000ETF南方
2022-09-23,2.519,2.469,2.526,2.443,7554883.0,512100,sh,中证1000ETF南方
2022-09-26,2.449,2.434,2.487,2.432,7391910.0,512100,sh,中证1000ETF南方
2022-09-27,2.438,2.482,2.485,2.436,9218457.0,512100,sh,中证1000ETF南方
2022-09-28,2.472,2.407,2.482,2.405,6053848.0,512100,sh,中证1000ETF南方
2022-09-29,2.427,2.416,2.446,2.397,7147457.0,512100,sh,中证1000ETF南方
2022-09-30,2.416,2.368,2.421,2.367,6433496.0,512100,sh,中证1000ETF南方
2022-10-10,2.362,2.317,2.381,2.304,5750055.0,512100,sh,中证1000ETF南方
2022-10-11,2.315,2.323,2.335,2.298,5653881.0,512100,sh,中证1000ETF南方
2022-10-12,2.32,2.394,2.395,2.284,8699466.0,512100,sh,中证1000ETF南方
2022-10-13,2.378,2.421,2.445,2.373,8511568.0,512100,sh,中证1000ETF南方
2022-10-14,2.434,2.488,2.495,2.432,5733861.0,512100,sh,中证1000ETF南方
2022-10-17,2.471,2.503,2.514,2.464,6074511.0,512100,sh,中证1000ETF南方
2022-10-18,2.512,2.52,2.54,2.494,6410229.0,512100,sh,中证1000ETF南方
2022-10-19,2.511,2.505,2.537,2.501,5459752.0,512100,sh,中证1000ETF南方
2022-10-20,2.485,2.497,2.536,2.452,10410664.0,512100,sh,中证1000ETF南方
2022-10-21,2.492,2.492,2.511,2.472,6012078.0,512100,sh,中证1000ETF南方
2022-10-24,2.492,2.482,2.55,2.449,8398588.0,512100,sh,中证1000ETF南方
2022-10-25,2.457,2.461,2.486,2.418,6870438.0,512100,sh,中证1000ETF南方
2022-10-26,2.461,2.522,2.546,2.461,12270815.0,512100,sh,中证1000ETF南方
2022-10-27,2.532,2.507,2.541,2.501,8051513.0,512100,sh,中证1000ETF南方
2022-10-28,2.488,2.412,2.502,2.402,8100327.0,512100,sh,中证1000ETF南方
2022-10-31,2.393,2.438,2.464,2.393,7206304.0,512100,sh,中证1000ETF南方
2022-11-01,2.441,2.506,2.507,2.429,8982036.0,512100,sh,中证1000ETF南方
2022-11-02,2.502,2.531,2.543,2.494,6435972.0,512100,sh,中证1000ETF南方
2022-11-03,2.516,2.544,2.554,2.514,4897121.0,512100,sh,中证1000ETF南方
2022-11-04,2.544,2.613,2.616,2.541,7497603.0,512100,sh,中证1000ETF南方
2022-11-07,2.609,2.602,2.625,2.581,6456919.0,512100,sh,中证1000ETF南方
2022-11-08,2.595,2.601,2.602,2.579,6227681.0,512100,sh,中证1000ETF南方
2022-11-09,2.599,2.589,2.616,2.581,5692791.0,512100,sh,中证1000ETF南方
2022-11-10,2.576,2.564,2.585,2.555,7701095.0,512100,sh,中证1000ETF南方
2022-11-11,2.63,2.574,2.639,2.572,10131569.0,512100,sh,中证1000ETF南方
2022-11-14,2.574,2.556,2.599,2.544,9216750.0,512100,sh,中证1000ETF南方
2022-11-15,2.546,2.618,2.619,2.546,6466110.0,512100,sh,中证1000ETF南方
2022-11-16,2.618,2.598,2.628,2.594,6236468.0,512100,sh,中证1000ETF南方
2022-11-17,2.592,2.604,2.607,2.57,6578993.0,512100,sh,中证1000ETF南方
2022-11-18,2.605,2.582,2.62,2.576,7789657.0,512100,sh,中证1000ETF南方
2022-11-21,2.564,2.593,2.596,2.554,4967542.0,512100,sh,中证1000ETF南方
2022-11-22,2.585,2.555,2.594,2.539,10397190.0,512100,sh,中证1000ETF南方
2022-11-23,2.547,2.549,2.559,2.5,5706180.0,512100,sh,中证1000ETF南方
2022-11-24,2.55,2.552,2.564,2.536,5344543.0,512100,sh,中证1000ETF南方
2022-11-25,2.545,2.526,2.547,2.521,3764477.0,512100,sh,中证1000ETF南方
2022-11-28,2.486,2.516,2.522,2.477,5395330.0,512100,sh,中证1000ETF南方
2022-11-29,2.521,2.556,2.568,2.519,7193491.0,512100,sh,中证1000ETF南方
2022-11-30,2.556,2.553,2.565,2.542,5776169.0,512100,sh,中证1000ETF南方
2022-12-01,2.586,2.58,2.602,2.573,5331708.0,512100,sh,中证1000ETF南方
2022-12-02,2.567,2.588,2.611,2.567,5096919.0,512100,sh,中证1000ETF南方
2022-12-05,2.602,2.601,2.61,2.586,5303539.0,512100,sh,中证1000ETF南方
2022-12-06,2.593,2.598,2.615,2.581,6282370.0,512100,sh,中证1000ETF南方
2022-12-07,2.596,2.596,2.613,2.582,5364379.0,512100,sh,中证1000ETF南方
2022-12-08,2.596,2.584,2.598,2.575,6345406.0,512100,sh,中证1000ETF南方
2022-12-09,2.581,2.591,2.597,2.567,5965858.0,512100,sh,中证1000ETF南方
2022-12-12,2.592,2.581,2.596,2.566,4649133.0,512100,sh,中证1000ETF南方
2022-12-13,2.577,2.561,2.584,2.555,3783817.0,512100,sh,中证1000ETF南方
2022-12-14,2.551,2.546,2.573,2.539,4871929.0,512100,sh,中证1000ETF南方
2022-12-15,2.54,2.555,2.562,2.538,4550363.0,512100,sh,中证1000ETF南方
2022-12-16,2.544,2.532,2.552,2.519,6026668.0,512100,sh,中证1000ETF南方
2022-12-19,2.534,2.48,2.539,2.47,6455240.0,512100,sh,中证1000ETF南方
2022-12-20,2.477,2.453,2.478,2.447,6630079.0,512100,sh,中证1000ETF南方
2022-12-21,2.457,2.439,2.461,2.418,6554398.0,512100,sh,中证1000ETF南方
2022-12-22,2.445,2.4,2.447,2.386,5198806.0,512100,sh,中证1000ETF南方
2022-12-23,2.388,2.382,2.403,2.366,6976723.0,512100,sh,中证1000ETF南方
2022-12-26,2.384,2.426,2.433,2.384,6523566.0,512100,sh,中证1000ETF南方
2022-12-27,2.438,2.446,2.448,2.418,4363436.0,512100,sh,中证1000ETF南方
2022-12-28,2.441,2.429,2.441,2.422,5905662.0,512100,sh,中证1000ETF南方
2022-12-29,2.41,2.424,2.447,2.41,5735949.0,512100,sh,中证1000ETF南方
2022-12-30,2.435,2.429,2.438,2.421,6107505.0,512100,sh,中证1000ETF南方
2023-01-03,2.427,2.486,2.493,2.423,8331312.0,512100,sh,中证1000ETF南方
2023-01-04,2.486,2.486,2.494,2.469,6126669.0,512100,sh,中证1000ETF南方
2023-01-05,2.491,2.513,2.514,2.482,5357602.0,512100,sh,中证1000ETF南方
2023-01-06,2.512,2.517,2.533,2.508,4714405.0,512100,sh,中证1000ETF南方
2023-01-09,2.522,2.529,2.546,2.52,5173508.0,512100,sh,中证1000ETF南方
2023-01-10,2.526,2.533,2.537,2.516,4731222.0,512100,sh,中证1000ETF南方
2023-01-11,2.531,2.514,2.544,2.509,6319171.0,512100,sh,中证1000ETF南方
2023-01-12,2.512,2.514,2.534,2.507,5401686.0,512100,sh,中证1000ETF南方
2023-01-13,2.515,2.53,2.532,2.509,5001341.0,512100,sh,中证1000ETF南方
2023-01-16,2.532,2.558,2.574,2.532,11846074.0,512100,sh,中证1000ETF南方
2023-01-17,2.558,2.555,2.571,2.551,6590668.0,512100,sh,中证1000ETF南方
2023-01-18,2.561,2.563,2.577,2.557,5735305.0,512100,sh,中证1000ETF南方
2023-01-19,2.561,2.594,2.595,2.553,7173348.0,512100,sh,中证1000ETF南方
2023-01-20,2.595,2.619,2.622,2.595,11808848.0,512100,sh,中证1000ETF南方
2023-01-30,2.648,2.63,2.661,2.628,8532419.0,512100,sh,中证1000ETF南方
2023-01-31,2.63,2.639,2.649,2.622,7322828.0,512100,sh,中证1000ETF南方
2023-02-01,2.642,2.683,2.684,2.641,7160094.0,512100,sh,中证1000ETF南方
2023-02-02,2.686,2.687,2.71,2.68,7916167.0,512100,sh,中证1000ETF南方
2023-02-03,2.68,2.684,2.691,2.646,7251938.0,512100,sh,中证1000ETF南方
2023-02-06,2.672,2.678,2.687,2.656,6523828.0,512100,sh,中证1000ETF南方
2023-02-07,2.683,2.686,2.687,2.659,10142395.0,512100,sh,中证1000ETF南方
2023-02-08,2.688,2.667,2.69,2.663,6714086.0,512100,sh,中证1000ETF南方
2023-02-09,2.659,2.722,2.725,2.654,10182072.0,512100,sh,中证1000ETF南方
2023-02-10,2.719,2.708,2.724,2.684,7780780.0,512100,sh,中证1000ETF南方
2023-02-13,2.696,2.734,2.736,2.696,7434313.0,512100,sh,中证1000ETF南方
2023-02-14,2.736,2.74,2.743,2.725,5456512.0,512100,sh,中证1000ETF南方
2023-02-15,2.741,2.739,2.746,2.729,4757291.0,512100,sh,中证1000ETF南方
2023-02-16,2.74,2.689,2.757,2.666,8613256.0,512100,sh,中证1000ETF南方
2023-02-17,2.688,2.664,2.697,2.658,7929048.0,512100,sh,中证1000ETF南方
2023-02-20,2.662,2.696,2.699,2.643,8785280.0,512100,sh,中证1000ETF南方
2023-02-21,2.697,2.709,2.721,2.687,5470174.0,512100,sh,中证1000ETF南方
2023-02-22,2.704,2.717,2.723,2.691,4692244.0,512100,sh,中证1000ETF南方
2023-02-23,2.716,2.704,2.721,2.683,4626301.0,512100,sh,中证1000ETF南方
2023-02-24,2.702,2.694,2.712,2.674,5318072.0,512100,sh,中证1000ETF南方
2023-02-27,2.682,2.676,2.694,2.662,6273385.0,512100,sh,中证1000ETF南方
2023-02-28,2.676,2.698,2.701,2.661,4707684.0,512100,sh,中证1000ETF南方
2023-03-01,2.698,2.718,2.721,2.686,4140546.0,512100,sh,中证1000ETF南方
2023-03-02,2.717,2.705,2.726,2.698,4402342.0,512100,sh,中证1000ETF南方
2023-03-03,2.705,2.701,2.717,2.681,5291725.0,512100,sh,中证1000ETF南方
2023-03-06,2.698,2.71,2.718,2.685,4844866.0,512100,sh,中证1000ETF南方
2023-03-07,2.714,2.66,2.714,2.656,5105719.0,512100,sh,中证1000ETF南方
2023-03-08,2.643,2.668,2.675,2.643,4470043.0,512100,sh,中证1000ETF南方
2023-03-09,2.668,2.675,2.677,2.653,4895643.0,512100,sh,中证1000ETF南方
2023-03-10,2.66,2.635,2.665,2.633,5658251.0,512100,sh,中证1000ETF南方
2023-03-13,2.629,2.648,2.651,2.614,4903908.0,512100,sh,中证1000ETF南方
2023-03-14,2.649,2.623,2.649,2.593,4891434.0,512100,sh,中证1000ETF南方
2023-03-15,2.635,2.636,2.656,2.63,3930104.0,512100,sh,中证1000ETF南方
2023-03-16,2.63,2.595,2.631,2.588,4580919.0,512100,sh,中证1000ETF南方
2023-03-17,2.607,2.615,2.632,2.601,5780563.0,512100,sh,中证1000ETF南方
2023-03-20,2.617,2.604,2.627,2.594,4679060.0,512100,sh,中证1000ETF南方
2023-03-21,2.603,2.638,2.64,2.603,4796690.0,512100,sh,中证1000ETF南方
2023-03-22,2.642,2.649,2.653,2.638,4138039.0,512100,sh,中证1000ETF南方
2023-03-23,2.649,2.659,2.661,2.642,4655454.0,512100,sh,中证1000ETF南方
2023-03-24,2.66,2.661,2.666,2.651,3736134.0,512100,sh,中证1000ETF南方
2023-03-27,2.661,2.665,2.674,2.646,3790344.0,512100,sh,中证1000ETF南方
2023-03-28,2.676,2.65,2.676,2.643,4212527.0,512100,sh,中证1000ETF南方
2023-03-29,2.657,2.64,2.669,2.632,4824041.0,512100,sh,中证1000ETF南方
2023-03-30,2.635,2.642,2.643,2.62,4781083.0,512100,sh,中证1000ETF南方
2023-03-31,2.64,2.664,2.666,2.64,3979778.0,512100,sh,中证1000ETF南方
2023-04-03,2.667,2.701,2.703,2.667,5558426.0,512100,sh,中证1000ETF南方
2023-04-04,2.706,2.697,2.706,2.681,4276213.0,512100,sh,中证1000ETF南方
2023-04-06,2.691,2.706,2.71,2.686,4159097.0,512100,sh,中证1000ETF南方
2023-04-07,2.706,2.73,2.735,2.703,2958890.0,512100,sh,中证1000ETF南方
2023-04-10,2.736,2.705,2.738,2.699,3614718.0,512100,sh,中证1000ETF南方
2023-04-11,2.7,2.706,2.714,2.695,3588093.0,512100,sh,中证1000ETF南方
2023-04-12,2.71,2.721,2.723,2.706,3856953.0,512100,sh,中证1000ETF南方
2023-04-13,2.722,2.704,2.723,2.701,3553957.0,512100,sh,中证1000ETF南方
2023-04-14,2.707,2.721,2.724,2.698,3838311.0,512100,sh,中证1000ETF南方
2023-04-17,2.721,2.723,2.726,2.713,2937657.0,512100,sh,中证1000ETF南方
2023-04-18,2.712,2.712,2.725,2.701,3558270.0,512100,sh,中证1000ETF南方
2023-04-19,2.71,2.7,2.719,2.696,3377295.0,512100,sh,中证1000ETF南方
2023-04-20,2.696,2.7,2.702,2.684,3629479.0,512100,sh,中证1000ETF南方
2023-04-21,2.697,2.63,2.699,2.629,4321147.0,512100,sh,中证1000ETF南方
2023-04-24,2.63,2.608,2.636,2.597,5185965.0,512100,sh,中证1000ETF南方
2023-04-25,2.604,2.56,2.611,2.525,7640157.0,512100,sh,中证1000ETF南方
2023-04-26,2.557,2.568,2.582,2.55,5582650.0,512100,sh,中证1000ETF南方
2023-04-27,2.56,2.574,2.589,2.559,7394135.0,512100,sh,中证1000ETF南方
2023-04-28,2.574,2.614,2.615,2.572,5702761.0,512100,sh,中证1000ETF南方
2023-05-04,2.605,2.607,2.615,2.594,4438145.0,512100,sh,中证1000ETF南方
2023-05-05,2.602,2.578,2.606,2.561,4419532.0,512100,sh,中证1000ETF南方
2023-05-08,2.573,2.594,2.605,2.573,5389085.0,512100,sh,中证1000ETF南方
2023-05-09,2.601,2.562,2.601,2.562,4097924.0,512100,sh,中证1000ETF南方
2023-05-10,2.557,2.567,2.581,2.55,4218297.0,512100,sh,中证1000ETF南方
2023-05-11,2.569,2.565,2.58,2.563,3685978.0,512100,sh,中证1000ETF南方
2023-05-12,2.559,2.532,2.574,2.531,3952464.0,512100,sh,中证1000ETF南方
2023-05-15,2.532,2.55,2.554,2.506,3873218.0,512100,sh,中证1000ETF南方
2023-05-16,2.551,2.526,2.552,2.518,3873097.0,512100,sh,中证1000ETF南方
2023-05-17,2.526,2.539,2.544,2.522,4467587.0,512100,sh,中证1000ETF南方
2023-05-18,2.537,2.551,2.556,2.537,4273411.0,512100,sh,中证1000ETF南方
2023-05-19,2.549,2.562,2.572,2.535,4421555.0,512100,sh,中证1000ETF南方
2023-05-22,2.558,2.557,2.567,2.54,3959473.0,512100,sh,中证1000ETF南方
2023-05-23,2.559,2.532,2.564,2.53,3616086.0,512100,sh,中证1000ETF南方
2023-05-24,2.532,2.526,2.55,2.515,4036863.0,512100,sh,中证1000ETF南方
2023-05-25,2.523,2.521,2.543,2.491,4692849.0,512100,sh,中证1000ETF南方
2023-05-26,2.513,2.544,2.55,2.501,4752977.0,512100,sh,中证1000ETF南方
2023-05-29,2.551,2.539,2.559,2.526,3676099.0,512100,sh,中证1000ETF南方
2023-05-30,2.539,2.55,2.554,2.51,4392254.0,512100,sh,中证1000ETF南方
2023-05-31,2.55,2.551,2.557,2.531,4409326.0,512100,sh,中证1000ETF南方
2023-06-01,2.548,2.557,2.574,2.533,4345874.0,512100,sh,中证1000ETF南方
2023-06-02,2.562,2.575,2.582,2.561,4418714.0,512100,sh,中证1000ETF南方
2023-06-05,2.575,2.576,2.583,2.568,3971506.0,512100,sh,中证1000ETF南方
2023-06-06,2.575,2.52,2.575,2.514,4794991.0,512100,sh,中证1000ETF南方
2023-06-07,2.526,2.52,2.536,2.514,3661063.0,512100,sh,中证1000ETF南方
2023-06-08,2.519,2.508,2.52,2.488,3785163.0,512100,sh,中证1000ETF南方
2023-06-09,2.507,2.526,2.528,2.499,3896222.0,512100,sh,中证1000ETF南方
2023-06-12,2.525,2.538,2.548,2.521,4246455.0,512100,sh,中证1000ETF南方
2023-06-13,2.54,2.549,2.553,2.537,4335080.0,512100,sh,中证1000ETF南方
2023-06-14,2.549,2.558,2.565,2.546,3904859.0,512100,sh,中证1000ETF南方
2023-06-15,2.566,2.573,2.58,2.557,3956823.0,512100,sh,中证1000ETF南方
2023-06-16,2.57,2.596,2.601,2.57,4241747.0,512100,sh,中证1000ETF南方
2023-06-19,2.595,2.605,2.611,2.593,5029946.0,512100,sh,中证1000ETF南方
2023-06-20,2.608,2.608,2.617,2.598,4878172.0,512100,sh,中证1000ETF南方
2023-06-21,2.608,2.555,2.608,2.554,5546871.0,512100,sh,中证1000ETF南方
2023-06-26,2.544,2.508,2.55,2.498,8070219.0,512100,sh,中证1000ETF南方
2023-06-27,2.51,2.533,2.54,2.507,4178830.0,512100,sh,中证1000ETF南方
2023-06-28,2.533,2.529,2.533,2.482,6959910.0,512100,sh,中证1000ETF南方
2023-06-29,2.525,2.54,2.548,2.519,6264818.0,512100,sh,中证1000ETF南方
2023-06-30,2.533,2.581,2.584,2.533,5189201.0,512100,sh,中证1000ETF南方
2023-07-03,2.582,2.575,2.595,2.563,3979243.0,512100,sh,中证1000ETF南方
2023-07-04,2.569,2.587,2.588,2.569,4586647.0,512100,sh,中证1000ETF南方
2023-07-05,2.581,2.567,2.594,2.563,4365407.0,512100,sh,中证1000ETF南方
2023-07-06,2.56,2.558,2.584,2.555,4782258.0,512100,sh,中证1000ETF南方
2023-07-07,2.557,2.547,2.558,2.528,4128959.0,512100,sh,中证1000ETF南方
2023-07-10,2.554,2.548,2.561,2.536,3415252.0,512100,sh,中证1000ETF南方
2023-07-11,2.549,2.569,2.57,2.543,3578223.0,512100,sh,中证1000ETF南方
2023-07-12,2.568,2.531,2.57,2.529,3835418.0,512100,sh,中证1000ETF南方
2023-07-13,2.538,2.556,2.561,2.533,4747572.0,512100,sh,中证1000ETF南方
2023-07-14,2.56,2.553,2.565,2.552,3855609.0,512100,sh,中证1000ETF南方
2023-07-17,2.545,2.544,2.547,2.527,4258532.0,512100,sh,中证1000ETF南方
2023-07-18,2.543,2.542,2.552,2.531,3198341.0,512100,sh,中证1000ETF南方
2023-07-19,2.539,2.536,2.55,2.522,3084999.0,512100,sh,中证1000ETF南方
2023-07-20,2.537,2.503,2.544,2.5,6729798.0,512100,sh,中证1000ETF南方
2023-07-21,2.5,2.5,2.519,2.491,6413246.0,512100,sh,中证1000ETF南方
2023-07-24,2.494,2.494,2.515,2.488,3636666.0,512100,sh,中证1000ETF南方
2023-07-25,2.511,2.535,2.541,2.511,6175507.0,512100,sh,中证1000ETF南方
2023-07-26,2.53,2.523,2.535,2.516,4228792.0,512100,sh,中证1000ETF南方
2023-07-27,2.526,2.503,2.531,2.498,3751108.0,512100,sh,中证1000ETF南方
2023-07-28,2.492,2.525,2.53,2.487,6037254.0,512100,sh,中证1000ETF南方
2023-07-31,2.525,2.542,2.562,2.525,4744875.0,512100,sh,中证1000ETF南方
2023-08-01,2.543,2.538,2.549,2.531,3735023.0,512100,sh,中证1000ETF南方
2023-08-02,2.538,2.533,2.543,2.524,4311270.0,512100,sh,中证1000ETF南方
2023-08-03,2.532,2.535,2.537,2.519,5120808.0,512100,sh,中证1000ETF南方
2023-08-04,2.543,2.55,2.565,2.537,4105511.0,512100,sh,中证1000ETF南方
2023-08-07,2.547,2.538,2.555,2.534,3769755.0,512100,sh,中证1000ETF南方
2023-08-08,2.533,2.527,2.539,2.517,3816484.0,512100,sh,中证1000ETF南方
2023-08-09,2.52,2.507,2.525,2.503,4377638.0,512100,sh,中证1000ETF南方
2023-08-10,2.507,2.505,2.514,2.493,3652491.0,512100,sh,中证1000ETF南方
2023-08-11,2.505,2.458,2.509,2.457,4216843.0,512100,sh,中证1000ETF南方
2023-08-14,2.447,2.464,2.467,2.421,4534113.0,512100,sh,中证1000ETF南方
2023-08-15,2.461,2.445,2.468,2.419,4628547.0,512100,sh,中证1000ETF南方
2023-08-16,2.432,2.413,2.442,2.411,3908604.0,512100,sh,中证1000ETF南方
2023-08-17,2.408,2.434,2.441,2.387,4663986.0,512100,sh,中证1000ETF南方
2023-08-18,2.44,2.385,2.443,2.383,3724776.0,512100,sh,中证1000ETF南方
2023-08-21,2.381,2.358,2.4,2.357,4977448.0,512100,sh,中证1000ETF南方
2023-08-22,2.367,2.373,2.378,2.329,6140117.0,512100,sh,中证1000ETF南方
2023-08-23,2.363,2.327,2.366,2.323,5807583.0,512100,sh,中证1000ETF南方
2023-08-24,2.331,2.329,2.357,2.314,4785892.0,512100,sh,中证1000ETF南方
2023-08-25,2.32,2.29,2.331,2.277,6318592.0,512100,sh,中证1000ETF南方
2023-08-28,2.429,2.305,2.429,2.297,9181696.0,512100,sh,中证1000ETF南方
2023-08-29,2.309,2.377,2.391,2.304,10673646.0,512100,sh,中证1000ETF南方
2023-08-30,2.377,2.389,2.415,2.375,6123536.0,512100,sh,中证1000ETF南方
2023-08-31,2.387,2.382,2.39,2.369,4530235.0,512100,sh,中证1000ETF南方
2023-09-01,2.383,2.38,2.396,2.369,4241653.0,512100,sh,中证1000ETF南方
2023-09-04,2.384,2.417,2.418,2.377,4903749.0,512100,sh,中证1000ETF南方
2023-09-05,2.411,2.403,2.419,2.396,5948221.0,512100,sh,中证1000ETF南方
2023-09-06,2.392,2.412,2.419,2.379,4742586.0,512100,sh,中证1000ETF南方
2023-09-07,2.411,2.37,2.411,2.368,6122885.0,512100,sh,中证1000ETF南方
2023-09-08,2.366,2.375,2.385,2.361,4797775.0,512100,sh,中证1000ETF南方
2023-09-11,2.372,2.411,2.419,2.367,4241470.0,512100,sh,中证1000ETF南方
2023-09-12,2.403,2.409,2.421,2.403,3098728.0,512100,sh,中证1000ETF南方
2023-09-13,2.405,2.377,2.407,2.358,4167541.0,512100,sh,中证1000ETF南方
2023-09-14,2.375,2.368,2.377,2.352,3550028.0,512100,sh,中证1000ETF南方
2023-09-15,2.368,2.369,2.385,2.354,4450205.0,512100,sh,中证1000ETF南方
2023-09-18,2.359,2.371,2.382,2.351,3845096.0,512100,sh,中证1000ETF南方
2023-09-19,2.369,2.353,2.373,2.342,3589780.0,512100,sh,中证1000ETF南方
2023-09-20,2.348,2.331,2.355,2.33,4178861.0,512100,sh,中证1000ETF南方
2023-09-21,2.322,2.313,2.338,2.309,3819428.0,512100,sh,中证1000ETF南方
2023-09-22,2.31,2.361,2.361,2.307,5186232.0,512100,sh,中证1000ETF南方
2023-09-25,2.352,2.348,2.362,2.342,4699682.0,512100,sh,中证1000ETF南方
2023-09-26,2.347,2.338,2.351,2.337,3358028.0,512100,sh,中证1000ETF南方
2023-09-27,2.337,2.353,2.364,2.333,4659021.0,512100,sh,中证1000ETF南方
2023-09-28,2.353,2.371,2.372,2.353,5011609.0,512100,sh,中证1000ETF南方
2023-10-09,2.362,2.361,2.369,2.344,4603525.0,512100,sh,中证1000ETF南方
2023-10-10,2.363,2.353,2.373,2.349,3650414.0,512100,sh,中证1000ETF南方
2023-10-11,2.362,2.358,2.382,2.35,6211826.0,512100,sh,中证1000ETF南方
2023-10-12,2.37,2.376,2.378,2.359,4844102.0,512100,sh,中证1000ETF南方
2023-10-13,2.362,2.371,2.372,2.362,3228735.0,512100,sh,中证1000ETF南方
2023-10-16,2.372,2.344,2.376,2.336,4866148.0,512100,sh,中证1000ETF南方
2023-10-17,2.344,2.34,2.347,2.323,2751098.0,512100,sh,中证1000ETF南方
2023-10-18,2.331,2.3,2.334,2.296,4114997.0,512100,sh,中证1000ETF南方
2023-10-19,2.291,2.275,2.307,2.271,4105787.0,512100,sh,中证1000ETF南方
2023-10-20,2.268,2.249,2.279,2.24,4255398.0,512100,sh,中证1000ETF南方
2023-10-23,2.239,2.19,2.241,2.177,4983422.0,512100,sh,中证1000ETF南方
2023-10-24,2.192,2.219,2.232,2.182,4171145.0,512100,sh,中证1000ETF南方
2023-10-25,2.238,2.245,2.259,2.235,4218015.0,512100,sh,中证1000ETF南方
2023-10-26,2.238,2.261,2.265,2.225,3870009.0,512100,sh,中证1000ETF南方
2023-10-27,2.254,2.305,2.313,2.244,3089521.0,512100,sh,中证1000ETF南方
2023-10-30,2.292,2.336,2.346,2.292,3111033.0,512100,sh,中证1000ETF南方
2023-10-31,2.329,2.323,2.34,2.31,2521476.0,512100,sh,中证1000ETF南方
2023-11-01,2.329,2.32,2.331,2.31,2409891.0,512100,sh,中证1000ETF南方
2023-11-02,2.319,2.294,2.331,2.293,3202206.0,512100,sh,中证1000ETF南方
2023-11-03,2.301,2.324,2.335,2.299,5105818.0,512100,sh,中证1000ETF南方
2023-11-06,2.337,2.373,2.377,2.336,4026041.0,512100,sh,中证1000ETF南方
2023-11-07,2.364,2.381,2.39,2.363,4219755.0,512100,sh,中证1000ETF南方
2023-11-08,2.377,2.391,2.401,2.372,3484172.0,512100,sh,中证1000ETF南方
2023-11-09,2.385,2.375,2.401,2.369,3030057.0,512100,sh,中证1000ETF南方
2023-11-10,2.369,2.371,2.375,2.357,2747060.0,512100,sh,中证1000ETF南方
2023-11-13,2.379,2.396,2.397,2.372,2652413.0,512100,sh,中证1000ETF南方
2023-11-14,2.394,2.409,2.415,2.39,2852381.0,512100,sh,中证1000ETF南方
2023-11-15,2.427,2.419,2.43,2.409,3035364.0,512100,sh,中证1000ETF南方
2023-11-16,2.409,2.393,2.414,2.392,3057778.0,512100,sh,中证1000ETF南方
2023-11-17,2.391,2.42,2.421,2.384,2999021.0,512100,sh,中证1000ETF南方
2023-11-20,2.415,2.437,2.441,2.406,2734174.0,512100,sh,中证1000ETF南方
2023-11-21,2.44,2.419,2.445,2.417,2393896.0,512100,sh,中证1000ETF南方
2023-11-22,2.415,2.392,2.428,2.388,2230827.0,512100,sh,中证1000ETF南方
2023-11-23,2.392,2.416,2.418,2.377,3086936.0,512100,sh,中证1000ETF南方
2023-11-24,2.415,2.381,2.415,2.374,3319319.0,512100,sh,中证1000ETF南方
2023-11-27,2.383,2.382,2.388,2.364,2410330.0,512100,sh,中证1000ETF南方
2023-11-28,2.377,2.391,2.396,2.359,2341341.0,512100,sh,中证1000ETF南方
2023-11-29,2.393,2.384,2.396,2.375,2238928.0,512100,sh,中证1000ETF南方
2023-11-30,2.382,2.368,2.383,2.346,2738405.0,512100,sh,中证1000ETF南方
2023-12-01,2.368,2.391,2.396,2.356,3084494.0,512100,sh,中证1000ETF南方
2023-12-04,2.39,2.38,2.397,2.378,2114072.0,512100,sh,中证1000ETF南方
2023-12-05,2.372,2.336,2.374,2.333,2557139.0,512100,sh,中证1000ETF南方
2023-12-06,2.334,2.346,2.364,2.324,2366311.0,512100,sh,中证1000ETF南方
2023-12-07,2.339,2.344,2.356,2.326,3315406.0,512100,sh,中证1000ETF南方
2023-12-08,2.344,2.339,2.362,2.337,3929045.0,512100,sh,中证1000ETF南方
2023-12-11,2.327,2.364,2.374,2.313,5185315.0,512100,sh,中证1000ETF南方
2023-12-12,2.362,2.37,2.372,2.357,3672445.0,512100,sh,中证1000ETF南方
2023-12-13,2.371,2.347,2.371,2.344,2731288.0,512100,sh,中证1000ETF南方
2023-12-14,2.359,2.339,2.37,2.334,3497929.0,512100,sh,中证1000ETF南方
2023-12-15,2.344,2.322,2.35,2.31,3576725.0,512100,sh,中证1000ETF南方
2023-12-18,2.313,2.284,2.319,2.276,2192727.0,512100,sh,中证1000ETF南方
2023-12-19,2.285,2.286,2.295,2.267,2484185.0,512100,sh,中证1000ETF南方
2023-12-20,2.285,2.244,2.289,2.243,2337495.0,512100,sh,中证1000ETF南方
2023-12-21,2.231,2.256,2.265,2.212,2994420.0,512100,sh,中证1000ETF南方
2023-12-22,2.254,2.236,2.266,2.225,2984808.0,512100,sh,中证1000ETF南方
2023-12-25,2.231,2.232,2.242,2.216,2871125.0,512100,sh,中证1000ETF南方
2023-12-26,2.228,2.202,2.23,2.193,3178739.0,512100,sh,中证1000ETF南方
2023-12-27,2.202,2.215,2.221,2.191,3695511.0,512100,sh,中证1000ETF南方
2023-12-28,2.207,2.262,2.269,2.2,4967557.0,512100,sh,中证1000ETF南方
2023-12-29,2.26,2.296,2.297,2.247,3659420.0,512100,sh,中证1000ETF南方
2024-01-02,2.293,2.276,2.298,2.276,4024697.0,512100,sh,中证1000ETF南方
2024-01-03,2.271,2.265,2.282,2.249,3848503.0,512100,sh,中证1000ETF南方
2024-01-04,2.261,2.251,2.265,2.237,3713291.0,512100,sh,中证1000ETF南方
2024-01-05,2.245,2.214,2.255,2.2,3170954.0,512100,sh,中证1000ETF南方
2024-01-08,2.207,2.155,2.207,2.152,2975931.0,512100,sh,中证1000ETF南方
2024-01-09,2.16,2.155,2.181,2.138,2996766.0,512100,sh,中证1000ETF南方
2024-01-10,2.146,2.14,2.171,2.119,2250083.0,512100,sh,中证1000ETF南方
2024-01-11,2.137,2.184,2.194,2.137,3490645.0,512100,sh,中证1000ETF南方
2024-01-12,2.173,2.165,2.197,2.165,2965608.0,512100,sh,中证1000ETF南方
2024-01-15,2.155,2.158,2.181,2.142,2200515.0,512100,sh,中证1000ETF南方
2024-01-16,2.156,2.152,2.162,2.121,2847257.0,512100,sh,中证1000ETF南方
2024-01-17,2.143,2.09,2.148,2.089,2129943.0,512100,sh,中证1000ETF南方
2024-01-18,2.09,2.084,2.104,2.02,4395183.0,512100,sh,中证1000ETF南方
2024-01-19,2.072,2.057,2.091,2.055,4561341.0,512100,sh,中证1000ETF南方
2024-01-22,2.057,1.94,2.057,1.923,3186689.0,512100,sh,中证1000ETF南方
2024-01-23,1.93,1.966,1.976,1.902,3332669.0,512100,sh,中证1000ETF南方
2024-01-24,1.97,1.998,2.0,1.913,3385648.0,512100,sh,中证1000ETF南方
2024-01-25,1.992,2.069,2.07,1.972,3613915.0,512100,sh,中证1000ETF南方
2024-01-26,2.064,2.042,2.077,2.034,3213052.0,512100,sh,中证1000ETF南方
2024-01-29,2.041,1.984,2.057,1.983,2971174.0,512100,sh,中证1000ETF南方
2024-01-30,1.972,1.927,1.994,1.923,2689563.0,512100,sh,中证1000ETF南方
2024-01-31,1.923,1.853,1.931,1.845,3777085.0,512100,sh,中证1000ETF南方
2024-02-01,1.842,1.836,1.881,1.808,5483662.0,512100,sh,中证1000ETF南方
2024-02-02,1.835,1.771,1.857,1.705,6058867.0,512100,sh,中证1000ETF南方
2024-02-05,1.742,1.659,1.745,1.603,49377633.0,512100,sh,中证1000ETF南方
2024-02-06,1.623,1.777,1.798,1.602,30463419.0,512100,sh,中证1000ETF南方
2024-02-07,1.761,1.86,1.877,1.761,20384000.0,512100,sh,中证1000ETF南方
2024-02-08,1.882,1.939,1.965,1.871,14718472.0,512100,sh,中证1000ETF南方
2024-02-19,1.949,1.942,1.972,1.908,18948572.0,512100,sh,中证1000ETF南方
2024-02-20,1.924,1.947,1.957,1.909,5775770.0,512100,sh,中证1000ETF南方
2024-02-21,1.934,1.957,2.018,1.923,9102136.0,512100,sh,中证1000ETF南方
2024-02-22,1.955,1.992,1.995,1.954,4912828.0,512100,sh,中证1000ETF南方
2024-02-23,1.993,2.027,2.028,1.975,5789010.0,512100,sh,中证1000ETF南方
2024-02-26,2.024,2.031,2.066,2.009,5693160.0,512100,sh,中证1000ETF南方
2024-02-27,2.022,2.095,2.098,2.016,5747718.0,512100,sh,中证1000ETF南方
2024-02-28,2.095,1.99,2.124,1.988,11701569.0,512100,sh,中证1000ETF南方
2024-02-29,1.979,2.073,2.074,1.975,6323872.0,512100,sh,中证1000ETF南方
2024-03-01,2.07,2.097,2.1,2.059,6397726.0,512100,sh,中证1000ETF南方
2024-03-04,2.096,2.101,2.108,2.061,5839041.0,512100,sh,中证1000ETF南方
2024-03-05,2.088,2.085,2.098,2.067,19703073.0,512100,sh,中证1000ETF南方
2024-03-06,2.078,2.083,2.108,2.055,5295808.0,512100,sh,中证1000ETF南方
2024-03-07,2.084,2.051,2.107,2.05,5171245.0,512100,sh,中证1000ETF南方
2024-03-08,2.056,2.079,2.089,2.043,3722463.0,512100,sh,中证1000ETF南方
2024-03-11,2.072,2.122,2.123,2.069,5732705.0,512100,sh,中证1000ETF南方
2024-03-12,2.122,2.132,2.145,2.107,4308202.0,512100,sh,中证1000ETF南方
2024-03-13,2.13,2.139,2.16,2.121,3736997.0,512100,sh,中证1000ETF南方
2024-03-14,2.136,2.126,2.15,2.105,3539056.0,512100,sh,中证1000ETF南方
2024-03-15,2.118,2.16,2.161,2.114,5199976.0,512100,sh,中证1000ETF南方
2024-03-18,2.162,2.197,2.198,2.153,5156826.0,512100,sh,中证1000ETF南方
2024-03-19,2.188,2.175,2.196,2.172,4547237.0,512100,sh,中证1000ETF南方
2024-03-20,2.174,2.195,2.201,2.172,3557120.0,512100,sh,中证1000ETF南方
2024-03-21,2.2,2.194,2.211,2.18,3047587.0,512100,sh,中证1000ETF南方
2024-03-22,2.192,2.168,2.196,2.151,4638141.0,512100,sh,中证1000ETF南方
2024-03-25,2.165,2.118,2.176,2.117,5086326.0,512100,sh,中证1000ETF南方
2024-03-26,2.116,2.108,2.13,2.087,4872958.0,512100,sh,中证1000ETF南方
2024-03-27,2.102,2.037,2.108,2.035,5169290.0,512100,sh,中证1000ETF南方
2024-03-28,2.033,2.086,2.107,2.033,5980010.0,512100,sh,中证1000ETF南方
2024-03-29,2.08,2.109,2.111,2.068,5380543.0,512100,sh,中证1000ETF南方
2024-04-01,2.114,2.155,2.159,2.114,6076510.0,512100,sh,中证1000ETF南方
2024-04-02,2.152,2.143,2.155,2.126,5517541.0,512100,sh,中证1000ETF南方
2024-04-03,2.143,2.136,2.143,2.113,5221133.0,512100,sh,中证1000ETF南方
2024-04-08,2.125,2.09,2.127,2.089,3274859.0,512100,sh,中证1000ETF南方
2024-04-09,2.09,2.118,2.121,2.084,2349480.0,512100,sh,中证1000ETF南方
2024-04-10,2.114,2.079,2.114,2.061,2466599.0,512100,sh,中证1000ETF南方
2024-04-11,2.066,2.084,2.11,2.062,3198142.0,512100,sh,中证1000ETF南方
2024-04-12,2.078,2.066,2.098,2.062,2649391.0,512100,sh,中证1000ETF南方
2024-04-15,2.06,2.047,2.077,2.015,3258943.0,512100,sh,中证1000ETF南方
2024-04-16,2.039,1.956,2.045,1.955,6948136.0,512100,sh,中证1000ETF南方
2024-04-17,1.973,2.048,2.049,1.971,5824024.0,512100,sh,中证1000ETF南方
2024-04-18,2.037,2.045,2.071,2.021,6208903.0,512100,sh,中证1000ETF南方
2024-04-19,2.033,2.035,2.057,2.019,4814520.0,512100,sh,中证1000ETF南方
2024-04-22,2.027,2.031,2.055,2.002,2440870.0,512100,sh,中证1000ETF南方
2024-04-23,2.027,2.017,2.04,2.006,2814310.0,512100,sh,中证1000ETF南方
2024-04-24,2.015,2.056,2.057,2.011,4414331.0,512100,sh,中证1000ETF南方
2024-04-25,2.054,2.055,2.077,2.042,3903094.0,512100,sh,中证1000ETF南方
2024-04-26,2.056,2.099,2.103,2.051,8162320.0,512100,sh,中证1000ETF南方
2024-04-29,2.107,2.152,2.156,2.102,9467197.0,512100,sh,中证1000ETF南方
2024-04-30,2.148,2.129,2.154,2.123,4637974.0,512100,sh,中证1000ETF南方
2024-05-06,2.159,2.17,2.191,2.158,7759707.0,512100,sh,中证1000ETF南方
2024-05-07,2.168,2.179,2.184,2.165,4513486.0,512100,sh,中证1000ETF南方
2024-05-08,2.172,2.143,2.172,2.141,5336885.0,512100,sh,中证1000ETF南方
2024-05-09,2.14,2.182,2.19,2.14,3818825.0,512100,sh,中证1000ETF南方
2024-05-10,2.189,2.162,2.193,2.15,7534177.0,512100,sh,中证1000ETF南方
2024-05-13,2.149,2.141,2.156,2.121,4717901.0,512100,sh,中证1000ETF南方
2024-05-14,2.142,2.151,2.167,2.139,3942747.0,512100,sh,中证1000ETF南方
2024-05-15,2.149,2.131,2.155,2.127,2245902.0,512100,sh,中证1000ETF南方
2024-05-16,2.135,2.126,2.152,2.122,3275784.0,512100,sh,中证1000ETF南方
2024-05-17,2.127,2.162,2.164,2.122,4795495.0,512100,sh,中证1000ETF南方
2024-05-20,2.162,2.17,2.18,2.154,5249128.0,512100,sh,中证1000ETF南方
2024-05-21,2.166,2.147,2.167,2.138,6430071.0,512100,sh,中证1000ETF南方
2024-05-22,2.144,2.15,2.155,2.135,2103647.0,512100,sh,中证1000ETF南方
2024-05-23,2.143,2.102,2.143,2.094,3188842.0,512100,sh,中证1000ETF南方
2024-05-24,2.091,2.076,2.112,2.076,2496852.0,512100,sh,中证1000ETF南方
2024-05-27,2.081,2.101,2.103,2.051,2729333.0,512100,sh,中证1000ETF南方
2024-05-28,2.091,2.076,2.1,2.072,2502269.0,512100,sh,中证1000ETF南方
2024-05-29,2.072,2.075,2.093,2.066,2246476.0,512100,sh,中证1000ETF南方
2024-05-30,2.065,2.074,2.088,2.059,2679855.0,512100,sh,中证1000ETF南方
2024-05-31,2.077,2.08,2.094,2.076,2995238.0,512100,sh,中证1000ETF南方
2024-06-03,2.076,2.051,2.08,2.035,3168990.0,512100,sh,中证1000ETF南方
2024-06-04,2.042,2.065,2.07,2.033,3059063.0,512100,sh,中证1000ETF南方
2024-06-05,2.059,2.039,2.072,2.038,2497357.0,512100,sh,中证1000ETF南方
2024-06-06,2.043,1.995,2.052,1.986,4392620.0,512100,sh,中证1000ETF南方
2024-06-07,2.012,2.003,2.019,1.981,4642476.0,512100,sh,中证1000ETF南方
2024-06-11,1.992,2.022,2.028,1.975,3365182.0,512100,sh,中证1000ETF南方
2024-06-12,2.013,2.028,2.035,2.011,3286368.0,512100,sh,中证1000ETF南方
2024-06-13,2.033,2.015,2.033,2.01,2130997.0,512100,sh,中证1000ETF南方
2024-06-14,2.008,2.021,2.027,2.001,3993800.0,512100,sh,中证1000ETF南方
2024-06-17,2.011,2.018,2.032,2.008,3477312.0,512100,sh,中证1000ETF南方
2024-06-18,2.018,2.037,2.042,2.016,5997631.0,512100,sh,中证1000ETF南方
2024-06-19,2.039,2.009,2.044,2.008,5789749.0,512100,sh,中证1000ETF南方
2024-06-20,2.005,1.971,2.014,1.965,4637103.0,512100,sh,中证1000ETF南方
2024-06-21,1.964,1.968,1.982,1.955,3407907.0,512100,sh,中证1000ETF南方
2024-06-24,1.956,1.902,1.957,1.9,3587795.0,512100,sh,中证1000ETF南方
2024-06-25,1.902,1.886,1.911,1.871,3854625.0,512100,sh,中证1000ETF南方
2024-06-26,1.882,1.944,1.946,1.872,4983791.0,512100,sh,中证1000ETF南方
2024-06-27,1.933,1.895,1.938,1.892,5411516.0,512100,sh,中证1000ETF南方
2024-06-28,1.889,1.905,1.938,1.888,7240613.0,512100,sh,中证1000ETF南方
2024-07-01,1.901,1.923,1.933,1.881,6439820.0,512100,sh,中证1000ETF南方
2024-07-02,1.92,1.909,1.93,1.901,4129806.0,512100,sh,中证1000ETF南方
2024-07-03,1.905,1.893,1.911,1.89,2787296.0,512100,sh,中证1000ETF南方
2024-07-04,1.897,1.854,1.902,1.843,7279207.0,512100,sh,中证1000ETF南方
2024-07-05,1.85,1.873,1.882,1.834,5645607.0,512100,sh,中证1000ETF南方
2024-07-08,1.864,1.827,1.867,1.818,4097540.0,512100,sh,中证1000ETF南方
2024-07-09,1.822,1.868,1.874,1.807,10851499.0,512100,sh,中证1000ETF南方
2024-07-10,1.862,1.859,1.881,1.857,4657979.0,512100,sh,中证1000ETF南方
2024-07-11,1.883,1.908,1.91,1.877,6271973.0,512100,sh,中证1000ETF南方
2024-07-12,1.906,1.9,1.91,1.891,3544970.0,512100,sh,中证1000ETF南方
2024-07-15,1.894,1.879,1.897,1.874,10678029.0,512100,sh,中证1000ETF南方
2024-07-16,1.874,1.884,1.888,1.862,6102245.0,512100,sh,中证1000ETF南方
2024-07-17,1.88,1.871,1.885,1.865,16556248.0,512100,sh,中证1000ETF南方
2024-07-18,1.857,1.876,1.881,1.836,14598055.0,512100,sh,中证1000ETF南方
2024-07-19,1.86,1.877,1.895,1.859,9201601.0,512100,sh,中证1000ETF南方
2024-07-22,1.876,1.88,1.889,1.867,5565293.0,512100,sh,中证1000ETF南方
2024-07-23,1.88,1.826,1.882,1.826,3420621.0,512100,sh,中证1000ETF南方
2024-07-24,1.824,1.8,1.833,1.799,5209922.0,512100,sh,中证1000ETF南方
2024-07-25,1.791,1.802,1.824,1.787,4823972.0,512100,sh,中证1000ETF南方
2024-07-26,1.801,1.832,1.837,1.8,3284995.0,512100,sh,中证1000ETF南方
2024-07-29,1.832,1.823,1.835,1.817,1909866.0,512100,sh,中证1000ETF南方
2024-07-30,1.817,1.831,1.84,1.803,3005945.0,512100,sh,中证1000ETF南方
2024-07-31,1.829,1.915,1.917,1.825,14631132.0,512100,sh,中证1000ETF南方
2024-08-01,1.912,1.902,1.929,1.89,7923880.0,512100,sh,中证1000ETF南方
2024-08-02,1.886,1.875,1.915,1.87,4509518.0,512100,sh,中证1000ETF南方
2024-08-05,1.86,1.823,1.896,1.82,10774062.0,512100,sh,中证1000ETF南方
2024-08-06,1.843,1.849,1.86,1.827,6371209.0,512100,sh,中证1000ETF南方
2024-08-07,1.843,1.847,1.86,1.835,6018690.0,512100,sh,中证1000ETF南方
2024-08-08,1.84,1.849,1.864,1.82,4142349.0,512100,sh,中证1000ETF南方
2024-08-09,1.858,1.83,1.87,1.83,3970033.0,512100,sh,中证1000ETF南方
2024-08-12,1.826,1.823,1.833,1.814,2846007.0,512100,sh,中证1000ETF南方
2024-08-13,1.821,1.828,1.833,1.807,4201222.0,512100,sh,中证1000ETF南方
2024-08-14,1.827,1.809,1.829,1.808,2755027.0,512100,sh,中证1000ETF南方
2024-08-15,1.802,1.826,1.851,1.801,8645092.0,512100,sh,中证1000ETF南方
2024-08-16,1.826,1.811,1.833,1.811,4298066.0,512100,sh,中证1000ETF南方
2024-08-19,1.81,1.815,1.839,1.807,3380325.0,512100,sh,中证1000ETF南方
2024-08-20,1.816,1.782,1.819,1.774,7526410.0,512100,sh,中证1000ETF南方
2024-08-21,1.775,1.772,1.789,1.77,2828268.0,512100,sh,中证1000ETF南方
2024-08-22,1.772,1.749,1.778,1.746,4234944.0,512100,sh,中证1000ETF南方
2024-08-23,1.747,1.75,1.756,1.737,4773327.0,512100,sh,中证1000ETF南方
2024-08-26,1.749,1.757,1.766,1.743,4636382.0,512100,sh,中证1000ETF南方
2024-08-27,1.752,1.737,1.752,1.731,9098309.0,512100,sh,中证1000ETF南方
2024-08-28,1.734,1.739,1.756,1.728,7342588.0,512100,sh,中证1000ETF南方
2024-08-29,1.732,1.769,1.777,1.73,8497532.0,512100,sh,中证1000ETF南方
2024-08-30,1.765,1.804,1.832,1.765,16068835.0,512100,sh,中证1000ETF南方
2024-09-02,1.799,1.764,1.807,1.761,8556059.0,512100,sh,中证1000ETF南方
2024-09-03,1.76,1.78,1.793,1.76,7891624.0,512100,sh,中证1000ETF南方
2024-09-04,1.766,1.773,1.792,1.762,4725017.0,512100,sh,中证1000ETF南方
2024-09-05,1.774,1.788,1.8,1.774,4408152.0,512100,sh,中证1000ETF南方
2024-09-06,1.791,1.757,1.793,1.752,6809007.0,512100,sh,中证1000ETF南方
2024-09-09,1.747,1.742,1.763,1.734,4083670.0,512100,sh,中证1000ETF南方
2024-09-10,1.742,1.748,1.756,1.71,5183600.0,512100,sh,中证1000ETF南方
2024-09-11,1.738,1.747,1.753,1.733,8607008.0,512100,sh,中证1000ETF南方
2024-09-12,1.75,1.741,1.771,1.738,6178761.0,512100,sh,中证1000ETF南方
2024-09-13,1.741,1.719,1.744,1.717,6580048.0,512100,sh,中证1000ETF南方
2024-09-18,1.717,1.711,1.721,1.687,5205862.0,512100,sh,中证1000ETF南方
2024-09-19,1.715,1.746,1.765,1.703,11194599.0,512100,sh,中证1000ETF南方
2024-09-20,1.741,1.736,1.745,1.721,15370800.0,512100,sh,中证1000ETF南方
2024-09-23,1.733,1.738,1.759,1.726,4521826.0,512100,sh,中证1000ETF南方
2024-09-24,1.755,1.814,1.816,1.736,20902280.0,512100,sh,中证1000ETF南方
2024-09-25,1.833,1.827,1.875,1.825,13585958.0,512100,sh,中证1000ETF南方
2024-09-26,1.819,1.916,1.92,1.819,27401386.0,512100,sh,中证1000ETF南方
2024-09-27,1.947,2.094,2.102,1.929,14159668.0,512100,sh,中证1000ETF南方
2024-09-30,2.192,2.311,2.311,2.083,58432656.0,512100,sh,中证1000ETF南方
2024-10-08,2.55,2.451,2.55,2.312,37497256.0,512100,sh,中证1000ETF南方
2024-10-09,2.352,2.246,2.402,2.225,23715581.0,512100,sh,中证1000ETF南方
2024-10-10,2.258,2.217,2.317,2.195,21691317.0,512100,sh,中证1000ETF南方
2024-10-11,2.203,2.125,2.206,2.092,25026797.0,512100,sh,中证1000ETF南方
2024-10-14,2.132,2.205,2.208,2.092,21085544.0,512100,sh,中证1000ETF南方
2024-10-15,2.187,2.158,2.24,2.153,25153400.0,512100,sh,中证1000ETF南方
2024-10-16,2.123,2.166,2.201,2.123,10538649.0,512100,sh,中证1000ETF南方
2024-10-17,2.182,2.157,2.208,2.155,15527264.0,512100,sh,中证1000ETF南方
2024-10-18,2.153,2.259,2.335,2.15,34565225.0,512100,sh,中证1000ETF南方
2024-10-21,2.27,2.301,2.34,2.26,17466540.0,512100,sh,中证1000ETF南方
2024-10-22,2.295,2.314,2.335,2.283,16085160.0,512100,sh,中证1000ETF南方
2024-10-23,2.318,2.32,2.362,2.3,9240243.0,512100,sh,中证1000ETF南方
2024-10-24,2.305,2.304,2.316,2.283,8342146.0,512100,sh,中证1000ETF南方
2024-10-25,2.305,2.359,2.371,2.305,13996390.0,512100,sh,中证1000ETF南方
2024-10-28,2.353,2.392,2.393,2.342,9716479.0,512100,sh,中证1000ETF南方
2024-10-29,2.402,2.355,2.405,2.35,19088793.0,512100,sh,中证1000ETF南方
2024-10-30,2.342,2.369,2.377,2.333,10071256.0,512100,sh,中证1000ETF南方
2024-10-31,2.372,2.405,2.431,2.357,10248289.0,512100,sh,中证1000ETF南方
2024-11-01,2.392,2.333,2.407,2.326,13378782.0,512100,sh,中证1000ETF南方
2024-11-04,2.322,2.388,2.391,2.321,7315794.0,512100,sh,中证1000ETF南方
2024-11-05,2.386,2.471,2.481,2.378,20339349.0,512100,sh,中证1000ETF南方
2024-11-06,2.472,2.479,2.511,2.457,11164942.0,512100,sh,中证1000ETF南方
2024-11-07,2.453,2.527,2.53,2.453,8553537.0,512100,sh,中证1000ETF南方
2024-11-08,2.542,2.529,2.571,2.517,10877442.0,512100,sh,中证1000ETF南方
2024-11-11,2.517,2.59,2.593,2.517,17378845.0,512100,sh,中证1000ETF南方
2024-11-12,2.592,2.563,2.609,2.534,9997543.0,512100,sh,中证1000ETF南方
2024-11-13,2.546,2.548,2.565,2.505,9527488.0,512100,sh,中证1000ETF南方
2024-11-14,2.543,2.471,2.547,2.467,15669183.0,512100,sh,中证1000ETF南方
2024-11-15,2.465,2.411,2.493,2.41,9606397.0,512100,sh,中证1000ETF南方
2024-11-18,2.417,2.352,2.427,2.329,11718113.0,512100,sh,中证1000ETF南方
2024-11-19,2.346,2.413,2.416,2.338,9772732.0,512100,sh,中证1000ETF南方
2024-11-20,2.403,2.459,2.463,2.397,14150981.0,512100,sh,中证1000ETF南方
2024-11-21,2.455,2.465,2.475,2.438,4584069.0,512100,sh,中证1000ETF南方
2024-11-22,2.46,2.369,2.47,2.367,6131744.0,512100,sh,中证1000ETF南方
2024-11-25,2.383,2.38,2.388,2.331,4134487.0,512100,sh,中证1000ETF南方
2024-11-26,2.373,2.348,2.399,2.347,5137346.0,512100,sh,中证1000ETF南方
2024-11-27,2.345,2.408,2.412,2.301,12000802.0,512100,sh,中证1000ETF南方
2024-11-28,2.406,2.394,2.427,2.388,8308942.0,512100,sh,中证1000ETF南方
2024-11-29,2.391,2.435,2.461,2.375,15632945.0,512100,sh,中证1000ETF南方
2024-12-02,2.436,2.486,2.495,2.433,10515096.0,512100,sh,中证1000ETF南方
2024-12-03,2.487,2.479,2.501,2.455,13765727.0,512100,sh,中证1000ETF南方
2024-12-04,2.475,2.445,2.479,2.428,10225550.0,512100,sh,中证1000ETF南方
2024-12-05,2.437,2.474,2.483,2.434,7072183.0,512100,sh,中证1000ETF南方
2024-12-06,2.473,2.502,2.517,2.448,19695967.0,512100,sh,中证1000ETF南方
2024-12-09,2.499,2.479,2.511,2.46,8439358.0,512100,sh,中证1000ETF南方
2024-12-10,2.567,2.506,2.571,2.499,19545004.0,512100,sh,中证1000ETF南方
2024-12-11,2.501,2.539,2.542,2.497,8682717.0,512100,sh,中证1000ETF南方
2024-12-12,2.539,2.559,2.561,2.515,7566059.0,512100,sh,中证1000ETF南方
2024-12-13,2.542,2.507,2.544,2.502,15281581.0,512100,sh,中证1000ETF南方
2024-12-16,2.507,2.474,2.509,2.464,6062445.0,512100,sh,中证1000ETF南方
2024-12-17,2.465,2.419,2.472,2.415,9148330.0,512100,sh,中证1000ETF南方
2024-12-18,2.422,2.439,2.457,2.41,6384272.0,512100,sh,中证1000ETF南方
2024-12-19,2.415,2.446,2.452,2.402,5925097.0,512100,sh,中证1000ETF南方
2024-12-20,2.438,2.471,2.49,2.437,6062495.0,512100,sh,中证1000ETF南方
2024-12-23,2.465,2.399,2.469,2.397,10280652.0,512100,sh,中证1000ETF南方
2024-12-24,2.402,2.426,2.427,2.389,6134644.0,512100,sh,中证1000ETF南方
2024-12-25,2.426,2.401,2.426,2.376,11742413.0,512100,sh,中证1000ETF南方
2024-12-26,2.397,2.425,2.434,2.396,9261007.0,512100,sh,中证1000ETF南方
2024-12-27,2.425,2.429,2.464,2.411,6801497.0,512100,sh,中证1000ETF南方
2024-12-30,2.424,2.422,2.439,2.402,6902789.0,512100,sh,中证1000ETF南方
2024-12-31,2.421,2.342,2.43,2.34,10874955.0,512100,sh,中证1000ETF南方
2025-01-02,2.338,2.277,2.353,2.254,11900493.0,512100,sh,中证1000ETF南方
2025-01-03,2.28,2.212,2.287,2.202,16731342.0,512100,sh,中证1000ETF南方
2025-01-06,2.207,2.199,2.232,2.182,12852560.0,512100,sh,中证1000ETF南方
2025-01-07,2.198,2.232,2.233,2.187,13347177.0,512100,sh,中证1000ETF南方
2025-01-08,2.224,2.221,2.242,2.154,16069241.0,512100,sh,中证1000ETF南方
2025-01-09,2.206,2.226,2.243,2.204,9143052.0,512100,sh,中证1000ETF南方
2025-01-10,2.224,2.177,2.246,2.175,5157845.0,512100,sh,中证1000ETF南方
2025-01-13,2.159,2.182,2.199,2.142,7402206.0,512100,sh,中证1000ETF南方
2025-01-14,2.185,2.286,2.287,2.18,16733196.0,512100,sh,中证1000ETF南方
2025-01-15,2.279,2.268,2.286,2.259,11601033.0,512100,sh,中证1000ETF南方
2025-01-16,2.277,2.278,2.324,2.258,10315379.0,512100,sh,中证1000ETF南方
2025-01-17,2.269,2.295,2.315,2.261,7155962.0,512100,sh,中证1000ETF南方
2025-01-20,2.307,2.308,2.332,2.301,6438543.0,512100,sh,中证1000ETF南方
2025-01-21,2.319,2.323,2.328,2.29,8011720.0,512100,sh,中证1000ETF南方
2025-01-22,2.313,2.304,2.318,2.288,7058445.0,512100,sh,中证1000ETF南方
2025-01-23,2.32,2.292,2.358,2.291,11878635.0,512100,sh,中证1000ETF南方
2025-01-24,2.288,2.339,2.341,2.288,12567369.0,512100,sh,中证1000ETF南方
2025-01-27,2.343,2.295,2.352,2.293,9875215.0,512100,sh,中证1000ETF南方
2025-02-05,2.313,2.311,2.335,2.298,8616721.0,512100,sh,中证1000ETF南方
2025-02-06,2.306,2.374,2.38,2.298,8014234.0,512100,sh,中证1000ETF南方
2025-02-07,2.375,2.414,2.443,2.373,13329891.0,512100,sh,中证1000ETF南方
2025-02-10,2.414,2.442,2.448,2.409,12072043.0,512100,sh,中证1000ETF南方
2025-02-11,2.439,2.437,2.447,2.412,6835438.0,512100,sh,中证1000ETF南方
2025-02-12,2.432,2.474,2.477,2.429,6192336.0,512100,sh,中证1000ETF南方
2025-02-13,2.471,2.45,2.473,2.442,6042251.0,512100,sh,中证1000ETF南方
2025-02-14,2.445,2.459,2.465,2.433,6233219.0,512100,sh,中证1000ETF南方
2025-02-17,2.467,2.47,2.482,2.449,14794974.0,512100,sh,中证1000ETF南方
2025-02-18,2.464,2.42,2.473,2.405,8990675.0,512100,sh,中证1000ETF南方
2025-02-19,2.412,2.475,2.477,2.412,6728712.0,512100,sh,中证1000ETF南方
2025-02-20,2.47,2.492,2.499,2.467,7040083.0,512100,sh,中证1000ETF南方
2025-02-21,2.496,2.54,2.55,2.484,5646132.0,512100,sh,中证1000ETF南方
2025-02-24,2.539,2.544,2.559,2.521,7270531.0,512100,sh,中证1000ETF南方
2025-02-25,2.512,2.533,2.558,2.505,4492029.0,512100,sh,中证1000ETF南方
2025-02-26,2.535,2.573,2.574,2.526,3903093.0,512100,sh,中证1000ETF南方
2025-02-27,2.567,2.559,2.578,2.519,4973689.0,512100,sh,中证1000ETF南方
2025-02-28,2.545,2.47,2.548,2.462,12701099.0,512100,sh,中证1000ETF南方
2025-03-03,2.473,2.467,2.511,2.455,6501573.0,512100,sh,中证1000ETF南方
2025-03-04,2.451,2.5,2.504,2.449,5598095.0,512100,sh,中证1000ETF南方
2025-03-05,2.499,2.517,2.518,2.483,5658353.0,512100,sh,中证1000ETF南方
2025-03-06,2.531,2.573,2.584,2.529,5586091.0,512100,sh,中证1000ETF南方
2025-03-07,2.567,2.562,2.589,2.547,5974757.0,512100,sh,中证1000ETF南方
2025-03-10,2.562,2.565,2.572,2.542,6620389.0,512100,sh,中证1000ETF南方
2025-03-11,2.539,2.583,2.584,2.536,3888834.0,512100,sh,中证1000ETF南方
2025-03-12,2.586,2.587,2.615,2.581,5935552.0,512100,sh,中证1000ETF南方
2025-03-13,2.581,2.547,2.586,2.52,6802312.0,512100,sh,中证1000ETF南方
2025-03-14,2.543,2.59,2.592,2.527,7766553.0,512100,sh,中证1000ETF南方
2025-03-17,2.589,2.593,2.602,2.58,7295971.0,512100,sh,中证1000ETF南方
2025-03-18,2.598,2.604,2.619,2.589,3130634.0,512100,sh,中证1000ETF南方
2025-03-19,2.594,2.586,2.599,2.573,4216305.0,512100,sh,中证1000ETF南方
2025-03-20,2.58,2.575,2.598,2.568,4287961.0,512100,sh,中证1000ETF南方
2025-03-21,2.567,2.521,2.572,2.514,5860703.0,512100,sh,中证1000ETF南方
2025-03-24,2.518,2.501,2.522,2.458,7494674.0,512100,sh,中证1000ETF南方
2025-03-25,2.495,2.484,2.51,2.475,6107610.0,512100,sh,中证1000ETF南方
2025-03-26,2.478,2.492,2.509,2.478,4915932.0,512100,sh,中证1000ETF南方
2025-03-27,2.488,2.492,2.519,2.459,4736483.0,512100,sh,中证1000ETF南方
2025-03-28,2.489,2.466,2.503,2.462,5095947.0,512100,sh,中证1000ETF南方
2025-03-31,2.456,2.451,2.465,2.418,7664354.0,512100,sh,中证1000ETF南方
2025-04-01,2.452,2.462,2.48,2.452,6734848.0,512100,sh,中证1000ETF南方
2025-04-02,2.456,2.47,2.489,2.455,2972338.0,512100,sh,中证1000ETF南方
2025-04-03,2.451,2.441,2.481,2.423,5387728.0,512100,sh,中证1000ETF南方
2025-04-07,2.316,2.193,2.355,2.193,14443036.0,512100,sh,中证1000ETF南方
2025-04-08,2.158,2.178,2.216,2.13,62425127.0,512100,sh,中证1000ETF南方
2025-04-09,2.136,2.217,2.235,2.052,15750496.0,512100,sh,中证1000ETF南方
2025-04-10,2.254,2.272,2.316,2.253,10595783.0,512100,sh,中证1000ETF南方
2025-04-11,2.256,2.302,2.331,2.254,5901326.0,512100,sh,中证1000ETF南方
2025-04-14,2.325,2.333,2.352,2.321,6348653.0,512100,sh,中证1000ETF南方
2025-04-15,2.331,2.324,2.339,2.308,5688299.0,512100,sh,中证1000ETF南方
2025-04-16,2.312,2.294,2.319,2.265,10451123.0,512100,sh,中证1000ETF南方
2025-04-17,2.282,2.295,2.32,2.279,6353111.0,512100,sh,中证1000ETF南方
2025-04-18,2.289,2.291,2.304,2.276,7408841.0,512100,sh,中证1000ETF南方
2025-04-21,2.287,2.339,2.341,2.277,6723381.0,512100,sh,中证1000ETF南方
2025-04-22,2.336,2.339,2.35,2.327,4213600.0,512100,sh,中证1000ETF南方
2025-04-23,2.351,2.353,2.368,2.341,6642926.0,512100,sh,中证1000ETF南方
2025-04-24,2.349,2.33,2.353,2.316,5323615.0,512100,sh,中证1000ETF南方
2025-04-25,2.33,2.335,2.355,2.32,5745957.0,512100,sh,中证1000ETF南方
2025-04-28,2.334,2.31,2.337,2.304,6132509.0,512100,sh,中证1000ETF南方
2025-04-29,2.304,2.322,2.331,2.296,4602556.0,512100,sh,中证1000ETF南方
2025-04-30,2.322,2.34,2.349,2.321,6087565.0,512100,sh,中证1000ETF南方
2025-05-06,2.354,2.401,2.401,2.354,6117000.0,512100,sh,中证1000ETF南方
2025-05-07,2.426,2.403,2.454,2.387,8668199.0,512100,sh,中证1000ETF南方
2025-05-08,2.398,2.425,2.43,2.396,5808381.0,512100,sh,中证1000ETF南方
2025-05-09,2.424,2.396,2.424,2.383,4176485.0,512100,sh,中证1000ETF南方
2025-05-12,2.411,2.43,2.431,2.404,5189412.0,512100,sh,中证1000ETF南方
2025-05-13,2.447,2.421,2.447,2.415,5913708.0,512100,sh,中证1000ETF南方
2025-05-14,2.421,2.427,2.444,2.404,5165883.0,512100,sh,中证1000ETF南方
2025-05-15,2.421,2.387,2.422,2.383,4192963.0,512100,sh,中证1000ETF南方
2025-05-16,2.382,2.391,2.403,2.381,4261753.0,512100,sh,中证1000ETF南方
2025-05-19,2.382,2.402,2.404,2.366,3503346.0,512100,sh,中证1000ETF南方
2025-05-20,2.398,2.422,2.426,2.391,3012478.0,512100,sh,中证1000ETF南方
2025-05-21,2.417,2.416,2.42,2.406,2313610.0,512100,sh,中证1000ETF南方
2025-05-22,2.409,2.392,2.424,2.389,3594519.0,512100,sh,中证1000ETF南方
2025-05-23,2.387,2.361,2.406,2.36,4113502.0,512100,sh,中证1000ETF南方
2025-05-26,2.36,2.375,2.382,2.357,3513484.0,512100,sh,中证1000ETF南方
2025-05-27,2.367,2.368,2.377,2.352,4387996.0,512100,sh,中证1000ETF南方
2025-05-28,2.367,2.362,2.378,2.355,3538410.0,512100,sh,中证1000ETF南方
2025-05-29,2.366,2.405,2.406,2.363,7397217.0,512100,sh,中证1000ETF南方
2025-05-30,2.396,2.382,2.397,2.374,8078257.0,512100,sh,中证1000ETF南方
2025-06-03,2.373,2.395,2.404,2.371,3790971.0,512100,sh,中证1000ETF南方
2025-06-04,2.396,2.417,2.42,2.393,2893139.0,512100,sh,中证1000ETF南方
2025-06-05,2.418,2.437,2.442,2.407,3463808.0,512100,sh,中证1000ETF南方
2025-06-06,2.438,2.432,2.438,2.424,2563635.0,512100,sh,中证1000ETF南方
2025-06-09,2.436,2.457,2.464,2.433,3864896.0,512100,sh,中证1000ETF南方
2025-06-10,2.459,2.435,2.459,2.413,3944410.0,512100,sh,中证1000ETF南方
2025-06-11,2.435,2.446,2.462,2.434,4036620.0,512100,sh,中证1000ETF南方
2025-06-12,2.436,2.45,2.455,2.429,1940887.0,512100,sh,中证1000ETF南方
2025-06-13,2.443,2.418,2.447,2.412,3550524.0,512100,sh,中证1000ETF南方
2025-06-16,2.41,2.432,2.437,2.409,2966595.0,512100,sh,中证1000ETF南方
2025-06-17,2.433,2.429,2.44,2.421,3257801.0,512100,sh,中证1000ETF南方
2025-06-18,2.428,2.426,2.432,2.407,2484049.0,512100,sh,中证1000ETF南方
2025-06-19,2.421,2.396,2.432,2.387,4074918.0,512100,sh,中证1000ETF南方
2025-06-20,2.393,2.376,2.402,2.375,5589962.0,512100,sh,中证1000ETF南方
2025-06-23,2.364,2.407,2.408,2.364,5001208.0,512100,sh,中证1000ETF南方
2025-06-24,2.408,2.453,2.455,2.407,5207289.0,512100,sh,中证1000ETF南方
2025-06-25,2.455,2.49,2.494,2.454,5732399.0,512100,sh,中证1000ETF南方
2025-06-26,2.487,2.479,2.501,2.478,6457280.0,512100,sh,中证1000ETF南方
2025-06-27,2.486,2.488,2.508,2.481,4649191.0,512100,sh,中证1000ETF南方
2025-06-30,2.492,2.521,2.523,2.492,5757628.0,512100,sh,中证1000ETF南方
2025-07-01,2.521,2.528,2.529,2.5,3883808.0,512100,sh,中证1000ETF南方
2025-07-02,2.522,2.505,2.523,2.495,3844243.0,512100,sh,中证1000ETF南方
2025-07-03,2.504,2.516,2.519,2.495,3519043.0,512100,sh,中证1000ETF南方
2025-07-04,2.509,2.506,2.532,2.496,3335741.0,512100,sh,中证1000ETF南方
2025-07-07,2.502,2.509,2.513,2.501,1624965.0,512100,sh,中证1000ETF南方
2025-07-08,2.508,2.545,2.546,2.503,4083411.0,512100,sh,中证1000ETF南方
2025-07-09,2.547,2.537,2.554,2.532,4434211.0,512100,sh,中证1000ETF南方
2025-07-10,2.536,2.542,2.555,2.528,3711829.0,512100,sh,中证1000ETF南方
2025-07-11,2.544,2.568,2.581,2.535,6811639.0,512100,sh,中证1000ETF南方
2025-07-14,2.57,2.566,2.571,2.557,4741596.0,512100,sh,中证1000ETF南方
2025-07-15,2.564,2.557,2.573,2.532,4021893.0,512100,sh,中证1000ETF南方
2025-07-16,2.558,2.568,2.58,2.554,3545032.0,512100,sh,中证1000ETF南方
2025-07-17,2.564,2.599,2.6,2.561,2966366.0,512100,sh,中证1000ETF南方
2025-07-18,2.6,2.605,2.612,2.591,2920691.0,512100,sh,中证1000ETF南方
2025-07-21,2.605,2.627,2.628,2.605,6383651.0,512100,sh,中证1000ETF南方
2025-07-22,2.629,2.643,2.644,2.62,3011105.0,512100,sh,中证1000ETF南方
2025-07-23,2.644,2.633,2.656,2.624,3870389.0,512100,sh,中证1000ETF南方
2025-07-24,2.631,2.669,2.671,2.627,5117805.0,512100,sh,中证1000ETF南方
2025-07-25,2.671,2.667,2.671,2.652,4134425.0,512100,sh,中证1000ETF南方
2025-07-28,2.668,2.675,2.682,2.652,6368247.0,512100,sh,中证1000ETF南方
2025-07-29,2.671,2.698,2.7,2.652,3629430.0,512100,sh,中证1000ETF南方
2025-07-30,2.695,2.673,2.695,2.652,4828015.0,512100,sh,中证1000ETF南方
2025-07-31,2.665,2.654,2.685,2.639,3922444.0,512100,sh,中证1000ETF南方
2025-08-01,2.65,2.652,2.67,2.636,3759888.0,512100,sh,中证1000ETF南方
2025-08-04,2.641,2.685,2.686,2.635,3898977.0,512100,sh,中证1000ETF南方
2025-08-05,2.685,2.701,2.702,2.681,3367306.0,512100,sh,中证1000ETF南方
2025-08-06,2.7,2.73,2.735,2.694,5454593.0,512100,sh,中证1000ETF南方
2025-08-07,2.733,2.731,2.74,2.71,5084602.0,512100,sh,中证1000ETF南方
2025-08-08,2.728,2.722,2.732,2.71,2675093.0,512100,sh,中证1000ETF南方
2025-08-11,2.724,2.762,2.773,2.723,8174219.0,512100,sh,中证1000ETF南方
2025-08-12,2.763,2.772,2.773,2.747,3929987.0,512100,sh,中证1000ETF南方
2025-08-13,2.775,2.813,2.82,2.775,6043962.0,512100,sh,中证1000ETF南方
2025-08-14,2.816,2.782,2.819,2.771,6189467.0,512100,sh,中证1000ETF南方
2025-08-15,2.769,2.84,2.842,2.767,7056194.0,512100,sh,中证1000ETF南方
2025-08-18,2.845,2.882,2.9,2.842,8914773.0,512100,sh,中证1000ETF南方
2025-08-19,2.879,2.884,2.904,2.865,5201864.0,512100,sh,中证1000ETF南方
2025-08-20,2.872,2.917,2.919,2.853,8077271.0,512100,sh,中证1000ETF南方
2025-08-21,2.922,2.89,2.93,2.875,8520156.0,512100,sh,中证1000ETF南方
2025-08-22,2.886,2.941,2.943,2.886,7095157.0,512100,sh,中证1000ETF南方
2025-08-25,2.954,2.98,2.998,2.951,6981360.0,512100,sh,中证1000ETF南方
2025-08-26,2.97,2.98,3.005,2.961,3500818.0,512100,sh,中证1000ETF南方
2025-08-27,2.979,2.927,3.016,2.921,5484478.0,512100,sh,中证1000ETF南方
2025-08-28,2.91,2.968,2.969,2.875,9167117.0,512100,sh,中证1000ETF南方
2025-08-29,2.961,2.965,2.985,2.937,5340852.0,512100,sh,中证1000ETF南方
2025-09-01,2.974,2.997,3.003,2.956,3899438.0,512100,sh,中证1000ETF南方
2025-09-02,2.987,2.918,2.989,2.89,6842851.0,512100,sh,中证1000ETF南方
2025-09-03,2.92,2.873,2.931,2.858,6291994.0,512100,sh,中证1000ETF南方
2025-09-04,2.87,2.805,2.893,2.765,13369104.0,512100,sh,中证1000ETF南方
2025-09-05,2.804,2.888,2.893,2.798,7687233.0,512100,sh,中证1000ETF南方
2025-09-08,2.887,2.912,2.921,2.874,11496582.0,512100,sh,中证1000ETF南方
2025-09-09,2.903,2.878,2.914,2.865,3516488.0,512100,sh,中证1000ETF南方
2025-09-10,2.874,2.88,2.91,2.861,4901063.0,512100,sh,中证1000ETF南方
2025-09-11,2.869,2.958,2.959,2.846,6125193.0,512100,sh,中证1000ETF南方
2025-09-12,2.959,2.959,2.981,2.946,4721036.0,512100,sh,中证1000ETF南方
2025-09-15,2.96,2.956,2.972,2.949,3658822.0,512100,sh,中证1000ETF南方
2025-09-16,2.956,2.988,2.992,2.932,3322431.0,512100,sh,中证1000ETF南方
2025-09-17,2.98,3.015,3.02,2.973,4038775.0,512100,sh,中证1000ETF南方
2025-09-18,3.018,2.976,3.058,2.943,6784084.0,512100,sh,中证1000ETF南方
2025-09-19,2.973,2.965,2.997,2.949,3138352.0,512100,sh,中证1000ETF南方
2025-09-22,2.966,2.99,2.992,2.955,2481714.0,512100,sh,中证1000ETF南方
2025-09-23,2.988,2.954,2.99,2.899,4299791.0,512100,sh,中证1000ETF南方
2025-09-24,2.935,3.006,3.008,2.925,4076013.0,512100,sh,中证1000ETF南方
2025-09-25,3.005,2.995,3.018,2.989,3750931.0,512100,sh,中证1000ETF南方
2025-09-26,2.985,2.954,3.002,2.952,2934122.0,512100,sh,中证1000ETF南方
2025-09-29,2.951,2.991,3.003,2.943,5993423.0,512100,sh,中证1000ETF南方
2025-09-30,3.002,3.022,3.034,2.997,3908299.0,512100,sh,中证1000ETF南方
2025-10-09,3.033,3.048,3.063,3.026,4197474.0,512100,sh,中证1000ETF南方
2025-10-10,3.039,3.007,3.039,2.998,5107071.0,512100,sh,中证1000ETF南方
2025-10-13,2.909,2.998,3.01,2.895,5423413.0,512100,sh,中证1000ETF南方
2025-10-14,3.012,2.944,3.035,2.929,5059742.0,512100,sh,中证1000ETF南方
2025-10-15,2.937,2.985,2.989,2.92,4311605.0,512100,sh,中证1000ETF南方
2025-10-16,2.971,2.954,2.981,2.945,3965898.0,512100,sh,中证1000ETF南方
2025-10-17,2.949,2.868,2.963,2.864,5420437.0,512100,sh,中证1000ETF南方
2025-10-20,2.883,2.886,2.915,2.87,3775552.0,512100,sh,中证1000ETF南方
2025-10-21,2.894,2.927,2.935,2.886,6038970.0,512100,sh,中证1000ETF南方
2025-10-22,2.912,2.917,2.932,2.9,3255757.0,512100,sh,中证1000ETF南方
2025-10-23,2.908,2.919,2.923,2.868,4191302.0,512100,sh,中证1000ETF南方
2025-10-24,2.929,2.967,2.969,2.928,4239473.0,512100,sh,中证1000ETF南方
2025-10-27,2.987,2.989,3.001,2.966,5077658.0,512100,sh,中证1000ETF南方
2025-10-28,2.985,2.984,3.011,2.97,3020402.0,512100,sh,中证1000ETF南方
2025-10-29,2.99,3.025,3.026,2.978,3534658.0,512100,sh,中证1000ETF南方
2025-10-30,3.02,2.994,3.023,2.983,4386358.0,512100,sh,中证1000ETF南方
2025-10-31,2.991,2.996,3.031,2.987,5306608.0,512100,sh,中证1000ETF南方
2025-11-03,2.994,3.008,3.013,2.957,4898346.0,512100,sh,中证1000ETF南方
2025-11-04,2.999,2.967,3.002,2.948,3424814.0,512100,sh,中证1000ETF南方
2025-11-05,2.937,2.982,2.991,2.933,3547432.0,512100,sh,中证1000ETF南方
2025-11-06,2.982,3.016,3.019,2.977,2218367.0,512100,sh,中证1000ETF南方
2025-11-07,3.006,3.014,3.028,2.988,1877563.0,512100,sh,中证1000ETF南方
2025-11-10,3.028,3.018,3.033,2.999,2077794.0,512100,sh,中证1000ETF南方
2025-11-11,3.027,3.011,3.038,3.004,2469450.0,512100,sh,中证1000ETF南方
2025-11-12,3.004,2.993,3.011,2.964,2601545.0,512100,sh,中证1000ETF南方
2025-11-13,2.985,3.035,3.039,2.981,3321699.0,512100,sh,中证1000ETF南方
2025-11-14,3.012,2.994,3.031,2.993,3351870.0,512100,sh,中证1000ETF南方
2025-11-17,2.994,3.001,3.013,2.986,2651587.0,512100,sh,中证1000ETF南方
2025-11-18,2.994,2.977,3.001,2.96,4025082.0,512100,sh,中证1000ETF南方
2025-11-19,2.971,2.951,2.987,2.933,4355182.0,512100,sh,中证1000ETF南方
2025-11-20,2.967,2.932,2.973,2.929,4134139.0,512100,sh,中证1000ETF南方
2025-11-21,2.903,2.821,2.913,2.821,9746233.0,512100,sh,中证1000ETF南方
2025-11-24,2.829,2.854,2.868,2.818,5810025.0,512100,sh,中证1000ETF南方
2025-11-25,2.866,2.892,2.917,2.866,8173549.0,512100,sh,中证1000ETF南方
2025-11-26,2.894,2.892,2.916,2.88,3844660.0,512100,sh,中证1000ETF南方
2025-11-27,2.892,2.895,2.926,2.891,2558849.0,512100,sh,中证1000ETF南方
2025-11-28,2.894,2.926,2.929,2.887,1826992.0,512100,sh,中证1000ETF南方
2025-12-01,2.935,2.946,2.952,2.928,2962288.0,512100,sh,中证1000ETF南方
2025-12-02,2.945,2.921,2.945,2.911,2149075.0,512100,sh,中证1000ETF南方
2025-12-03,2.923,2.894,2.927,2.885,2417443.0,512100,sh,中证1000ETF南方
2025-12-04,2.895,2.897,2.905,2.869,2552587.0,512100,sh,中证1000ETF南方
2025-12-05,2.893,2.937,2.939,2.871,5094740.0,512100,sh,中证1000ETF南方
2025-12-08,2.944,2.963,2.973,2.94,4043642.0,512100,sh,中证1000ETF南方
2025-12-09,2.96,2.946,2.971,2.943,2380182.0,512100,sh,中证1000ETF南方
2025-12-10,2.941,2.958,2.964,2.925,3787372.0,512100,sh,中证1000ETF南方
2025-12-11,2.963,2.927,2.968,2.923,4622932.0,512100,sh,中证1000ETF南方
2025-12-12,2.928,2.947,2.957,2.917,5350587.0,512100,sh,中证1000ETF南方
2025-12-15,2.937,2.926,2.95,2.92,2689199.0,512100,sh,中证1000ETF南方
2025-12-16,2.922,2.875,2.922,2.857,3378049.0,512100,sh,中证1000ETF南方
2025-12-17,2.868,2.914,2.924,2.858,4520324.0,512100,sh,中证1000ETF南方
2025-12-18,2.894,2.908,2.936,2.893,2917181.0,512100,sh,中证1000ETF南方
2025-12-19,2.919,2.933,2.944,2.909,3384447.0,512100,sh,中证1000ETF南方
2025-12-22,2.945,2.96,2.973,2.944,2720159.0,512100,sh,中证1000ETF南方
2025-12-23,2.958,2.957,2.975,2.945,2134442.0,512100,sh,中证1000ETF南方
2025-12-24,2.952,3.004,3.008,2.952,3183410.0,512100,sh,中证1000ETF南方
2025-12-25,3.003,3.03,3.04,2.998,3694471.0,512100,sh,中证1000ETF南方
2025-12-26,3.028,3.041,3.062,3.022,7637317.0,512100,sh,中证1000ETF南方
2025-12-29,3.041,3.036,3.056,3.025,4279847.0,512100,sh,中证1000ETF南方
2025-12-30,3.027,3.039,3.057,3.021,2961751.0,512100,sh,中证1000ETF南方
2025-12-31,3.046,3.038,3.049,3.02,4086187.0,512100,sh,中证1000ETF南方
2026-01-05,3.049,3.109,3.111,3.047,3941756.0,512100,sh,中证1000ETF南方
2026-01-06,3.116,3.154,3.159,3.107,5114932.0,512100,sh,中证1000ETF南方
2026-01-07,3.154,3.162,3.177,3.146,5601079.0,512100,sh,中证1000ETF南方
2026-01-08,3.155,3.19,3.203,3.155,3382575.0,512100,sh,中证1000ETF南方
2026-01-09,3.185,3.264,3.269,3.185,8691458.0,512100,sh,中证1000ETF南方
2026-01-12,3.282,3.365,3.373,3.27,10505042.0,512100,sh,中证1000ETF南方
2026-01-13,3.367,3.296,3.37,3.277,9595879.0,512100,sh,中证1000ETF南方
2026-01-14,3.278,3.304,3.379,3.261,17469369.0,512100,sh,中证1000ETF南方
2026-01-15,3.277,3.304,3.309,3.259,9707516.0,512100,sh,中证1000ETF南方
2026-01-16,3.326,3.295,3.33,3.269,19071445.0,512100,sh,中证1000ETF南方
2026-01-19,3.276,3.304,3.327,3.271,21489688.0,512100,sh,中证1000ETF南方
2026-01-20,3.308,3.277,3.32,3.242,15791204.0,512100,sh,中证1000ETF南方
2026-01-21,3.258,3.305,3.323,3.254,55315289.0,512100,sh,中证1000ETF南方
2026-01-22,3.315,3.33,3.33,3.3,19684846.0,512100,sh,中证1000ETF南方
2026-01-23,3.343,3.402,3.411,3.33,34122752.0,512100,sh,中证1000ETF南方
2026-01-26,3.406,3.344,3.424,3.319,27246605.0,512100,sh,中证1000ETF南方
2026-01-27,3.331,3.357,3.37,3.272,16583569.0,512100,sh,中证1000ETF南方
2026-01-28,3.355,3.366,3.374,3.332,22661383.0,512100,sh,中证1000ETF南方
2026-01-29,3.357,3.34,3.394,3.323,14961023.0,512100,sh,中证1000ETF南方
2026-01-30,3.321,3.311,3.34,3.229,8134446.0,512100,sh,中证1000ETF南方
2026-02-02,3.274,3.175,3.297,3.171,15018112.0,512100,sh,中证1000ETF南方
2026-02-03,3.215,3.284,3.293,3.204,8925549.0,512100,sh,中证1000ETF南方
2026-02-04,3.28,3.289,3.293,3.239,9890246.0,512100,sh,中证1000ETF南方
2026-02-05,3.259,3.232,3.265,3.21,7108639.0,512100,sh,中证1000ETF南方
2026-02-06,3.19,3.221,3.268,3.177,12217401.0,512100,sh,中证1000ETF南方
2026-02-09,3.262,3.302,3.304,3.261,9443624.0,512100,sh,中证1000ETF南方
2026-02-10,3.3,3.301,3.312,3.281,4345780.0,512100,sh,中证1000ETF南方
2026-02-11,3.295,3.303,3.328,3.295,3946264.0,512100,sh,中证1000ETF南方
2026-02-12,3.301,3.336,3.344,3.291,6362104.0,512100,sh,中证1000ETF南方
2026-02-13,3.32,3.285,3.332,3.281,10793248.0,512100,sh,中证1000ETF南方
2026-02-24,3.321,3.322,3.351,3.298,5719002.0,512100,sh,中证1000ETF南方
2026-02-25,3.328,3.371,3.382,3.327,13526611.0,512100,sh,中证1000ETF南方
2026-02-26,3.378,3.396,3.4,3.358,11200890.0,512100,sh,中证1000ETF南方
2026-02-27,3.383,3.431,3.432,3.366,6010958.0,512100,sh,中证1000ETF南方
2026-03-02,3.396,3.393,3.42,3.357,10312423.0,512100,sh,中证1000ETF南方
2026-03-03,3.396,3.268,3.405,3.255,10847751.0,512100,sh,中证1000ETF南方
2026-03-04,3.235,3.238,3.299,3.226,8067757.0,512100,sh,中证1000ETF南方
2026-03-05,3.285,3.266,3.295,3.248,7789341.0,512100,sh,中证1000ETF南方
2026-03-06,3.245,3.3,3.313,3.245,4540586.0,512100,sh,中证1000ETF南方
2026-03-09,3.25,3.287,3.298,3.197,7007415.0,512100,sh,中证1000ETF南方
2026-03-10,3.31,3.344,3.346,3.309,6273684.0,512100,sh,中证1000ETF南方
2026-03-11,3.346,3.346,3.36,3.335,4145813.0,512100,sh,中证1000ETF南方
2026-03-12,3.332,3.338,3.356,3.302,3986499.0,512100,sh,中证1000ETF南方
2026-03-13,3.32,3.291,3.345,3.282,3318061.0,512100,sh,中证1000ETF南方
2026-03-16,3.284,3.285,3.294,3.235,3843596.0,512100,sh,中证1000ETF南方
2026-03-17,3.285,3.212,3.292,3.21,5304662.0,512100,sh,中证1000ETF南方
2026-03-18,3.216,3.24,3.243,3.191,9884335.0,512100,sh,中证1000ETF南方
2026-03-19,3.195,3.17,3.209,3.152,5663677.0,512100,sh,中证1000ETF南方
2026-03-20,3.175,3.117,3.202,3.114,7906510.0,512100,sh,中证1000ETF南方
2026-03-23,3.07,2.967,3.093,2.944,10155031.0,512100,sh,中证1000ETF南方
2026-03-24,3.002,3.044,3.046,2.949,11529652.0,512100,sh,中证1000ETF南方
2026-03-25,3.062,3.101,3.117,3.062,11326936.0,512100,sh,中证1000ETF南方
2026-03-26,3.086,3.057,3.111,3.049,4344641.0,512100,sh,中证1000ETF南方
2026-03-27,3.016,3.106,3.119,3.016,4743006.0,512100,sh,中证1000ETF南方
2026-03-30,3.069,3.109,3.115,3.048,5720759.0,512100,sh,中证1000ETF南方
2026-03-31,3.105,3.051,3.12,3.05,5110449.0,512100,sh,中证1000ETF南方
2026-04-01,3.101,3.107,3.121,3.081,5827220.0,512100,sh,中证1000ETF南方
2026-04-02,3.09,3.055,3.111,3.032,5371187.0,512100,sh,中证1000ETF南方
2026-04-03,3.066,3.02,3.069,3.012,3657702.0,512100,sh,中证1000ETF南方
2026-04-07,3.026,3.045,3.062,3.025,6097545.0,512100,sh,中证1000ETF南方
2026-04-08,3.12,3.189,3.191,3.1,11816200.0,512100,sh,中证1000ETF南方
2026-04-09,3.156,3.171,3.186,3.152,8767362.0,512100,sh,中证1000ETF南方
2026-04-10,3.186,3.201,3.231,3.186,5455250.0,512100,sh,中证1000ETF南方
2026-04-13,3.185,3.213,3.219,3.174,5291688.0,512100,sh,中证1000ETF南方
2026-04-14,3.24,3.263,3.265,3.225,4642736.0,512100,sh,中证1000ETF南方
2026-04-15,3.283,3.246,3.284,3.24,4874965.0,512100,sh,中证1000ETF南方
2026-04-16,3.253,3.298,3.305,3.247,6375998.0,512100,sh,中证1000ETF南方
2026-04-17,3.29,3.33,3.343,3.288,6384134.0,512100,sh,中证1000ETF南方
2026-04-20,3.329,3.345,3.359,3.324,7715448.0,512100,sh,中证1000ETF南方
2026-04-21,3.337,3.344,3.348,3.31,5984205.0,512100,sh,中证1000ETF南方
2026-04-22,3.327,3.401,3.402,3.327,7269038.0,512100,sh,中证1000ETF南方
2026-04-23,3.401,3.355,3.406,3.329,8972800.0,512100,sh,中证1000ETF南方
2026-04-24,3.329,3.326,3.355,3.309,11291952.0,512100,sh,中证1000ETF南方
2026-04-27,3.323,3.339,3.353,3.309,11843603.0,512100,sh,中证1000ETF南方
2026-04-28,3.326,3.297,3.335,3.282,10473004.0,512100,sh,中证1000ETF南方
2026-04-29,3.284,3.346,3.351,3.274,16925825.0,512100,sh,中证1000ETF南方
2026-04-30,3.336,3.362,3.368,3.335,17847549.0,512100,sh,中证1000ETF南方
2026-05-06,3.383,3.433,3.455,3.383,13643136.0,512100,sh,中证1000ETF南方
2026-05-07,3.448,3.493,3.497,3.437,6443625.0,512100,sh,中证1000ETF南方
2026-05-08,3.472,3.506,3.516,3.466,8588784.0,512100,sh,中证1000ETF南方
2026-05-11,3.525,3.555,3.569,3.513,10080201.0,512100,sh,中证1000ETF南方
2026-05-12,3.555,3.54,3.558,3.514,5263474.0,512100,sh,中证1000ETF南方
2026-05-13,3.51,3.598,3.603,3.51,4866506.0,512100,sh,中证1000ETF南方
2026-05-14,3.61,3.529,3.613,3.525,6280729.0,512100,sh,中证1000ETF南方
2026-05-15,3.526,3.488,3.554,3.461,10989460.0,512100,sh,中证1000ETF南方
2026-05-18,3.473,3.503,3.527,3.461,6770396.0,512100,sh,中证1000ETF南方
2026-05-19,3.5,3.542,3.545,3.454,6463303.0,512100,sh,中证1000ETF南方
2026-05-20,3.517,3.545,3.546,3.492,6676468.0,512100,sh,中证1000ETF南方
2026-05-21,3.555,3.432,3.583,3.422,10142679.0,512100,sh,中证1000ETF南方
2026-05-22,3.446,3.495,3.531,3.431,10245746.0,512100,sh,中证1000ETF南方
2026-05-25,3.511,3.539,3.543,3.484,8761878.0,512100,sh,中证1000ETF南方
2026-05-26,3.515,3.499,3.522,3.445,5126266.0,512100,sh,中证1000ETF南方
2026-05-27,3.491,3.437,3.519,3.414,7122995.0,512100,sh,中证1000ETF南方
2026-05-28,3.437,3.472,3.485,3.404,6958363.0,512100,sh,中证1000ETF南方
2026-05-29,3.479,3.383,3.488,3.363,13518917.0,512100,sh,中证1000ETF南方
2026-06-01,3.368,3.359,3.42,3.355,11707167.0,512100,sh,中证1000ETF南方
2026-06-02,3.358,3.368,3.394,3.307,12491283.0,512100,sh,中证1000ETF南方
2026-06-03,3.37,3.389,3.436,3.359,13132783.0,512100,sh,中证1000ETF南方
2026-06-04,3.35,3.385,3.4,3.35,7576995.0,512100,sh,中证1000ETF南方
2026-06-05,3.366,3.358,3.423,3.34,7480480.0,512100,sh,中证1000ETF南方
2026-06-08,3.29,3.258,3.324,3.216,12993022.0,512100,sh,中证1000ETF南方
2026-06-09,3.283,3.341,3.348,3.259,15298071.0,512100,sh,中证1000ETF南方
2026-06-10,3.3,3.303,3.332,3.265,6314231.0,512100,sh,中证1000ETF南方
2026-06-11,3.279,3.286,3.313,3.258,5232782.0,512100,sh,中证1000ETF南方
2026-06-12,3.322,3.309,3.367,3.299,6537981.0,512100,sh,中证1000ETF南方
2026-06-15,3.344,3.439,3.44,3.342,9110165.0,512100,sh,中证1000ETF南方
2026-06-16,3.449,3.491,3.508,3.43,8231813.0,512100,sh,中证1000ETF南方
2026-06-17,3.475,3.519,3.52,3.468,4059303.0,512100,sh,中证1000ETF南方
2026-06-18,3.501,3.544,3.553,3.5,4106092.0,512100,sh,中证1000ETF南方
2026-06-22,3.555,3.58,3.595,3.482,5802124.0,512100,sh,中证1000ETF南方
2026-06-23,3.562,3.51,3.579,3.485,5804598.0,512100,sh,中证1000ETF南方
2026-06-24,3.507,3.551,3.556,3.472,8828682.0,512100,sh,中证1000ETF南方
2026-06-25,3.549,3.569,3.584,3.528,4177397.0,512100,sh,中证1000ETF南方
2026-06-26,3.55,3.484,3.56,3.461,5405177.0,512100,sh,中证1000ETF南方
2026-06-29,3.474,3.475,3.511,3.404,11048784.0,512100,sh,中证1000ETF南方
2026-06-30,3.467,3.577,3.581,3.458,7436022.0,512100,sh,中证1000ETF南方
2026-07-01,3.555,3.585,3.615,3.555,4472382.0,512100,sh,中证1000ETF南方
2026-07-02,3.563,3.491,3.583,3.48,8668077.0,512100,sh,中证1000ETF南方
2026-07-03,3.477,3.488,3.534,3.466,6574088.0,512100,sh,中证1000ETF南方
