date,open,close,high,low,volume,code,market,name
2020-01-02,84.452,84.336,84.606,84.336,1161.0,511060,sh,5年地方债ETF海富通
2020-01-03,84.336,84.301,84.646,84.296,902.0,511060,sh,5年地方债ETF海富通
2020-01-06,84.346,84.446,84.646,84.346,607.0,511060,sh,5年地方债ETF海富通
2020-01-07,84.347,84.298,84.348,84.276,680.0,511060,sh,5年地方债ETF海富通
2020-01-08,84.346,84.436,84.539,84.236,1225.0,511060,sh,5年地方债ETF海富通
2020-01-09,84.436,84.746,84.746,84.436,60.0,511060,sh,5年地方债ETF海富通
2020-01-10,84.404,84.546,84.546,84.404,21.0,511060,sh,5年地方债ETF海富通
2020-01-13,84.646,84.671,84.846,84.546,51128.0,511060,sh,5年地方债ETF海富通
2020-01-14,84.529,84.746,84.796,84.529,71.0,511060,sh,5年地方债ETF海富通
2020-01-15,84.746,84.751,84.751,84.746,14.0,511060,sh,5年地方债ETF海富通
2020-01-16,84.924,84.796,84.924,84.796,20.0,511060,sh,5年地方债ETF海富通
2020-01-17,84.696,84.842,84.945,84.696,20.0,511060,sh,5年地方债ETF海富通
2020-01-20,84.957,85.131,85.196,84.957,500.0,511060,sh,5年地方债ETF海富通
2020-01-21,85.015,85.065,85.065,85.015,20.0,511060,sh,5年地方债ETF海富通
2020-01-22,84.954,85.153,85.154,84.954,20.0,511060,sh,5年地方债ETF海富通
2020-01-23,85.346,85.395,85.396,85.346,72.0,511060,sh,5年地方债ETF海富通
2020-02-03,86.496,86.246,86.496,86.196,40.0,511060,sh,5年地方债ETF海富通
2020-02-04,86.196,86.196,86.196,86.196,11.0,511060,sh,5年地方债ETF海富通
2020-02-06,85.756,85.746,85.756,85.746,83.0,511060,sh,5年地方债ETF海富通
2020-02-07,85.746,86.096,86.096,85.746,19.0,511060,sh,5年地方债ETF海富通
2020-02-10,86.096,86.096,86.176,86.096,1.0,511060,sh,5年地方债ETF海富通
2020-02-11,85.946,86.102,86.396,85.946,3.0,511060,sh,5年地方债ETF海富通
2020-02-12,86.261,86.312,86.446,86.257,10.0,511060,sh,5年地方债ETF海富通
2020-02-13,86.246,86.266,86.296,86.246,0.0,511060,sh,5年地方债ETF海富通
2020-02-14,86.066,86.246,86.246,86.066,0.0,511060,sh,5年地方债ETF海富通
2020-02-17,86.247,86.381,86.394,86.246,22.0,511060,sh,5年地方债ETF海富通
2020-02-18,86.346,86.347,86.348,86.346,61.0,511060,sh,5年地方债ETF海富通
2020-02-19,86.347,86.348,86.348,86.347,51.0,511060,sh,5年地方债ETF海富通
2020-02-20,86.348,86.327,86.356,86.326,51.0,511060,sh,5年地方债ETF海富通
2020-02-21,86.257,86.346,86.346,86.256,54.0,511060,sh,5年地方债ETF海富通
2020-02-24,86.316,86.346,86.346,86.316,32.0,511060,sh,5年地方债ETF海富通
2020-02-25,86.346,86.301,86.346,86.301,15.0,511060,sh,5年地方债ETF海富通
2020-02-26,86.259,86.346,86.346,86.249,100.0,511060,sh,5年地方债ETF海富通
2020-02-27,86.316,86.316,86.316,86.296,114.0,511060,sh,5年地方债ETF海富通
2020-02-28,86.316,86.256,86.316,86.256,52.0,511060,sh,5年地方债ETF海富通
2020-03-02,87.076,86.436,87.076,86.436,143.0,511060,sh,5年地方债ETF海富通
2020-03-03,86.3,86.166,86.3,86.146,2335.0,511060,sh,5年地方债ETF海富通
2020-03-04,86.273,86.223,86.346,86.213,2114.0,511060,sh,5年地方债ETF海富通
2020-03-05,86.196,86.222,86.396,86.196,1864.0,511060,sh,5年地方债ETF海富通
2020-03-06,86.216,86.196,86.246,86.146,1722.0,511060,sh,5年地方债ETF海富通
2020-03-09,86.396,86.396,86.496,86.167,2504.0,511060,sh,5年地方债ETF海富通
2020-03-10,86.196,86.264,86.296,86.196,144.0,511060,sh,5年地方债ETF海富通
2020-03-11,86.396,86.396,86.396,86.396,52.0,511060,sh,5年地方债ETF海富通
2020-03-12,86.396,86.562,86.631,86.396,65.0,511060,sh,5年地方债ETF海富通
2020-03-13,86.496,86.581,86.746,86.496,58.0,511060,sh,5年地方债ETF海富通
2020-03-16,86.496,86.796,86.796,86.496,82.0,511060,sh,5年地方债ETF海富通
2020-03-17,86.636,86.616,86.636,86.553,123.0,511060,sh,5年地方债ETF海富通
2020-03-18,86.616,86.636,86.636,86.616,50.0,511060,sh,5年地方债ETF海富通
2020-03-19,86.696,86.646,86.696,86.646,109.0,511060,sh,5年地方债ETF海富通
2020-03-20,86.596,86.666,86.666,86.596,55.0,511060,sh,5年地方债ETF海富通
2020-03-23,86.796,86.836,86.876,86.796,81.0,511060,sh,5年地方债ETF海富通
2020-03-24,86.876,86.876,86.876,86.766,51.0,511060,sh,5年地方债ETF海富通
2020-03-25,86.876,86.896,86.896,86.846,2207.0,511060,sh,5年地方债ETF海富通
2020-03-26,86.896,86.946,86.946,86.876,2650.0,511060,sh,5年地方债ETF海富通
2020-03-27,86.946,86.896,86.946,86.896,59.0,511060,sh,5年地方债ETF海富通
2020-03-30,86.996,86.916,86.996,86.796,2242.0,511060,sh,5年地方债ETF海富通
2020-03-31,86.936,86.946,86.946,86.906,50.0,511060,sh,5年地方债ETF海富通
2020-04-01,87.087,87.196,87.196,87.087,4936.0,511060,sh,5年地方债ETF海富通
2020-04-02,87.332,87.396,87.396,87.295,114.0,511060,sh,5年地方债ETF海富通
2020-04-03,87.396,87.296,87.396,87.296,52.0,511060,sh,5年地方债ETF海富通
2020-04-07,87.496,87.886,87.886,87.496,19274.0,511060,sh,5年地方债ETF海富通
2020-04-08,87.896,87.946,87.946,87.797,156.0,511060,sh,5年地方债ETF海富通
2020-04-09,88.108,88.096,88.146,88.095,750.0,511060,sh,5年地方债ETF海富通
2020-04-10,88.246,88.196,88.356,88.196,1023.0,511060,sh,5年地方债ETF海富通
2020-04-13,88.246,88.266,88.266,88.246,50.0,511060,sh,5年地方债ETF海富通
2020-04-14,88.366,88.346,88.396,88.346,1778.0,511060,sh,5年地方债ETF海富通
2020-04-15,88.346,88.897,88.897,88.346,590.0,511060,sh,5年地方债ETF海富通
2020-04-16,88.646,88.846,88.846,88.446,170.0,511060,sh,5年地方债ETF海富通
2020-04-17,88.846,88.746,88.846,88.746,21.0,511060,sh,5年地方债ETF海富通
2020-04-20,88.746,88.696,88.746,88.696,52.0,511060,sh,5年地方债ETF海富通
2020-04-21,88.696,88.696,88.696,88.496,1669.0,511060,sh,5年地方债ETF海富通
2020-04-22,88.696,88.964,88.995,88.647,6122.0,511060,sh,5年地方债ETF海富通
2020-04-23,88.995,89.246,89.396,88.995,2060.0,511060,sh,5年地方债ETF海富通
2020-04-24,89.296,89.136,89.296,88.796,6310.0,511060,sh,5年地方债ETF海富通
2020-04-27,89.096,89.228,89.241,89.096,1783.0,511060,sh,5年地方债ETF海富通
2020-04-28,89.295,89.23,89.296,89.22,881.0,511060,sh,5年地方债ETF海富通
2020-04-29,89.196,89.293,89.295,89.196,115.0,511060,sh,5年地方债ETF海富通
2020-04-30,89.237,89.284,89.286,89.199,1117.0,511060,sh,5年地方债ETF海富通
2020-05-06,89.196,89.221,89.416,89.196,1110.0,511060,sh,5年地方债ETF海富通
2020-05-07,89.221,89.056,89.296,89.056,840.0,511060,sh,5年地方债ETF海富通
2020-05-08,89.146,89.192,89.336,89.134,1425.0,511060,sh,5年地方债ETF海富通
2020-05-11,89.146,88.896,89.295,88.896,933.0,511060,sh,5年地方债ETF海富通
2020-05-12,89.046,88.898,89.293,88.896,59.0,511060,sh,5年地方债ETF海富通
2020-05-13,89.072,89.026,89.295,88.886,167.0,511060,sh,5年地方债ETF海富通
2020-05-14,89.136,89.175,89.195,89.091,863.0,511060,sh,5年地方债ETF海富通
2020-05-15,89.166,89.184,89.184,89.146,1506.0,511060,sh,5年地方债ETF海富通
2020-05-18,89.146,88.995,89.176,88.995,2094.0,511060,sh,5年地方债ETF海富通
2020-05-19,88.946,88.946,88.996,88.946,2041.0,511060,sh,5年地方债ETF海富通
2020-05-20,89.016,88.946,89.016,88.945,5025.0,511060,sh,5年地方债ETF海富通
2020-05-21,89.646,89.211,89.646,89.138,4019.0,511060,sh,5年地方债ETF海富通
2020-05-22,89.046,89.245,89.245,89.046,5570.0,511060,sh,5年地方债ETF海富通
2020-05-25,89.245,89.146,89.246,89.146,5213.0,511060,sh,5年地方债ETF海富通
2020-05-26,89.096,88.696,89.096,88.696,5473.0,511060,sh,5年地方债ETF海富通
2020-05-27,88.896,88.414,88.896,88.414,2979.0,511060,sh,5年地方债ETF海富通
2020-05-28,88.546,88.471,88.572,88.471,2076.0,511060,sh,5年地方债ETF海富通
2020-05-29,88.546,88.396,88.546,88.346,6229.0,511060,sh,5年地方债ETF海富通
2020-06-01,88.446,88.047,88.446,87.876,3650.0,511060,sh,5年地方债ETF海富通
2020-06-02,88.098,87.791,88.102,87.646,4882.0,511060,sh,5年地方债ETF海富通
2020-06-03,87.546,87.546,87.564,87.496,78.0,511060,sh,5年地方债ETF海富通
2020-06-04,87.546,87.496,87.546,87.496,150.0,511060,sh,5年地方债ETF海富通
2020-06-05,87.396,87.248,87.396,87.246,482.0,511060,sh,5年地方债ETF海富通
2020-06-08,87.296,87.246,87.296,87.146,76.0,511060,sh,5年地方债ETF海富通
2020-06-09,87.286,87.246,87.286,87.246,4519.0,511060,sh,5年地方债ETF海富通
2020-06-10,87.196,87.146,87.236,87.146,121.0,511060,sh,5年地方债ETF海富通
2020-06-11,87.146,87.196,87.246,87.146,3124.0,511060,sh,5年地方债ETF海富通
2020-06-12,87.304,87.146,87.306,87.146,1136.0,511060,sh,5年地方债ETF海富通
2020-06-15,87.296,87.176,87.296,87.176,1717.0,511060,sh,5年地方债ETF海富通
2020-06-16,87.096,87.046,87.096,87.046,772.0,511060,sh,5年地方债ETF海富通
2020-06-17,87.096,87.015,87.096,86.996,605.0,511060,sh,5年地方债ETF海富通
2020-06-18,87.096,87.002,87.096,86.996,431.0,511060,sh,5年地方债ETF海富通
2020-06-19,87.142,86.996,87.142,86.996,741.0,511060,sh,5年地方债ETF海富通
2020-06-22,87.096,87.056,87.245,87.046,3167.0,511060,sh,5年地方债ETF海富通
2020-06-23,86.946,86.696,86.992,86.636,1671.0,511060,sh,5年地方债ETF海富通
2020-06-24,86.946,86.846,86.946,86.796,535.0,511060,sh,5年地方债ETF海富通
2020-06-29,86.896,86.747,86.896,86.747,130.0,511060,sh,5年地方债ETF海富通
2020-06-30,86.796,86.776,86.796,86.745,69.0,511060,sh,5年地方债ETF海富通
2020-07-01,86.796,86.845,86.845,86.745,175.0,511060,sh,5年地方债ETF海富通
2020-07-02,86.796,86.786,86.826,86.746,2091.0,511060,sh,5年地方债ETF海富通
2020-07-03,86.796,86.783,86.836,86.783,116.0,511060,sh,5年地方债ETF海富通
2020-07-06,86.646,86.336,86.646,86.336,501.0,511060,sh,5年地方债ETF海富通
2020-07-07,86.546,86.476,86.546,86.446,187.0,511060,sh,5年地方债ETF海富通
2020-07-08,86.796,86.696,86.844,86.602,364.0,511060,sh,5年地方债ETF海富通
2020-07-09,86.545,86.543,86.545,86.446,167.0,511060,sh,5年地方债ETF海富通
2020-07-10,86.386,86.346,86.386,86.346,18.0,511060,sh,5年地方债ETF海富通
2020-07-13,86.346,86.165,86.346,86.159,123.0,511060,sh,5年地方债ETF海富通
2020-07-14,86.446,86.396,86.579,86.396,264.0,511060,sh,5年地方债ETF海富通
2020-07-15,86.446,86.437,86.446,86.346,52.0,511060,sh,5年地方债ETF海富通
2020-07-16,86.303,86.157,86.303,86.146,58.0,511060,sh,5年地方债ETF海富通
2020-07-17,86.1,86.117,86.144,85.942,237.0,511060,sh,5年地方债ETF海富通
2020-07-20,86.117,86.117,86.123,86.096,63.0,511060,sh,5年地方债ETF海富通
2020-07-21,86.646,85.646,86.646,85.646,1078.0,511060,sh,5年地方债ETF海富通
2020-07-22,86.646,86.034,86.646,85.746,1414.0,511060,sh,5年地方债ETF海富通
2020-07-23,86.046,86.045,86.046,85.846,3004.0,511060,sh,5年地方债ETF海富通
2020-07-24,86.057,86.046,86.084,85.946,3677.0,511060,sh,5年地方债ETF海富通
2020-07-27,86.034,86.024,86.034,85.93,6914.0,511060,sh,5年地方债ETF海富通
2020-07-28,86.024,85.894,86.024,85.749,1255.0,511060,sh,5年地方债ETF海富通
2020-07-29,85.846,85.901,86.046,85.741,655.0,511060,sh,5年地方债ETF海富通
2020-07-30,86.044,85.954,86.044,85.847,171.0,511060,sh,5年地方债ETF海富通
2020-07-31,85.846,85.675,85.954,85.675,790.0,511060,sh,5年地方债ETF海富通
2020-08-03,85.775,85.703,85.887,85.594,512.0,511060,sh,5年地方债ETF海富通
2020-08-04,85.803,85.591,85.803,85.568,2265.0,511060,sh,5年地方债ETF海富通
2020-08-05,85.646,85.523,85.646,85.516,3194.0,511060,sh,5年地方债ETF海富通
2020-08-06,85.623,85.526,85.644,85.496,3495.0,511060,sh,5年地方债ETF海富通
2020-08-07,85.596,85.512,85.745,85.496,16695.0,511060,sh,5年地方债ETF海富通
2020-08-10,85.612,85.561,85.736,85.561,1584.0,511060,sh,5年地方债ETF海富通
2020-08-11,85.646,85.561,85.659,85.528,528.0,511060,sh,5年地方债ETF海富通
2020-08-12,85.548,85.749,85.751,85.548,653.0,511060,sh,5年地方债ETF海富通
2020-08-13,85.651,85.896,85.896,85.634,376.0,511060,sh,5年地方债ETF海富通
2020-08-14,85.661,86.246,86.31,85.646,406.0,511060,sh,5年地方债ETF海富通
2020-08-17,86.307,86.432,86.446,86.304,306.0,511060,sh,5年地方债ETF海富通
2020-08-18,86.496,86.632,86.646,86.496,161.0,511060,sh,5年地方债ETF海富通
2020-08-19,86.547,86.834,86.846,86.547,278.0,511060,sh,5年地方债ETF海富通
2020-08-20,86.934,86.752,87.014,86.752,271.0,511060,sh,5年地方债ETF海富通
2020-08-21,86.711,86.88,86.907,86.666,172.0,511060,sh,5年地方债ETF海富通
2020-08-24,87.032,86.932,87.032,86.756,105.0,511060,sh,5年地方债ETF海富通
2020-08-25,86.932,86.954,86.966,86.776,316.0,511060,sh,5年地方债ETF海富通
2020-08-26,86.954,86.746,86.954,86.746,334.0,511060,sh,5年地方债ETF海富通
2020-08-27,86.546,86.548,86.846,86.546,559.0,511060,sh,5年地方债ETF海富通
2020-08-28,86.406,86.646,86.646,86.366,174.0,511060,sh,5年地方债ETF海富通
2020-08-31,86.846,86.58,86.846,86.551,401.0,511060,sh,5年地方债ETF海富通
2020-09-01,86.584,86.592,86.776,86.386,447.0,511060,sh,5年地方债ETF海富通
2020-09-02,86.735,86.486,86.767,86.451,223.0,511060,sh,5年地方债ETF海富通
2020-09-03,86.646,86.417,86.646,86.417,575.0,511060,sh,5年地方债ETF海富通
2020-09-04,86.246,86.34,86.465,86.22,174.0,511060,sh,5年地方债ETF海富通
2020-09-07,86.432,86.01,86.546,85.868,684.0,511060,sh,5年地方债ETF海富通
2020-09-08,86.163,85.847,86.311,85.82,508.0,511060,sh,5年地方债ETF海富通
2020-09-09,85.947,86.071,86.246,85.797,189.0,511060,sh,5年地方债ETF海富通
2020-09-10,86.146,86.047,86.146,85.886,115.0,511060,sh,5年地方债ETF海富通
2020-09-11,85.986,86.11,86.195,85.986,215.0,511060,sh,5年地方债ETF海富通
2020-09-14,86.096,85.943,86.245,85.934,753.0,511060,sh,5年地方债ETF海富通
2020-09-15,85.925,85.947,86.145,85.856,285.0,511060,sh,5年地方债ETF海富通
2020-09-16,85.879,85.834,85.905,85.596,580.0,511060,sh,5年地方债ETF海富通
2020-09-17,85.934,85.749,86.045,85.746,439.0,511060,sh,5年地方债ETF海富通
2020-09-18,85.756,85.786,85.945,85.756,132.0,511060,sh,5年地方债ETF海富通
2020-09-21,86.145,86.146,86.146,85.912,258.0,511060,sh,5年地方债ETF海富通
2020-09-22,86.146,85.946,86.146,85.946,103.0,511060,sh,5年地方债ETF海富通
2020-09-23,85.866,85.866,85.866,85.866,0.0,511060,sh,5年地方债ETF海富通
2020-09-24,85.846,85.764,86.045,85.762,213.0,511060,sh,5年地方债ETF海富通
2020-09-25,85.908,85.922,86.045,85.894,246.0,511060,sh,5年地方债ETF海富通
2020-09-28,85.956,86.047,86.047,85.941,86.0,511060,sh,5年地方债ETF海富通
2020-09-29,86.095,86.182,86.212,86.095,71.0,511060,sh,5年地方债ETF海富通
2020-09-30,86.231,86.247,86.346,86.231,65.0,511060,sh,5年地方债ETF海富通
2020-10-09,86.145,85.858,86.145,85.523,410.0,511060,sh,5年地方债ETF海富通
2020-10-13,85.846,85.696,85.949,85.647,286.0,511060,sh,5年地方债ETF海富通
2020-10-14,85.63,85.61,85.745,85.607,85.0,511060,sh,5年地方债ETF海富通
2020-10-15,85.54,85.746,85.956,85.502,235.0,511060,sh,5年地方债ETF海富通
2020-10-16,85.894,85.927,85.927,85.801,45.0,511060,sh,5年地方债ETF海富通
2020-10-19,85.921,85.939,86.011,85.895,213.0,511060,sh,5年地方债ETF海富通
2020-10-20,85.991,86.115,86.126,85.991,15.0,511060,sh,5年地方债ETF海富通
2020-10-21,86.19,86.155,86.244,86.155,6.0,511060,sh,5年地方债ETF海富通
2020-10-22,86.215,86.36,86.445,86.215,108.0,511060,sh,5年地方债ETF海富通
2020-10-23,86.446,86.446,86.446,86.354,19.0,511060,sh,5年地方债ETF海富通
2020-10-26,86.641,86.686,86.709,86.519,150.0,511060,sh,5年地方债ETF海富通
2020-10-27,86.786,86.711,86.786,86.706,23.0,511060,sh,5年地方债ETF海富通
2020-10-28,86.901,86.78,86.918,86.78,119.0,511060,sh,5年地方债ETF海富通
2020-10-29,86.768,86.802,86.92,86.768,358.0,511060,sh,5年地方债ETF海富通
2020-10-30,86.802,86.732,86.887,86.705,76.0,511060,sh,5年地方债ETF海富通
2020-11-02,86.476,86.579,86.642,86.416,118.0,511060,sh,5年地方债ETF海富通
2020-11-03,86.748,86.749,86.765,86.686,149.0,511060,sh,5年地方债ETF海富通
2020-11-04,86.75,86.726,86.845,86.546,301.0,511060,sh,5年地方债ETF海富通
2020-11-05,86.726,86.748,86.926,86.726,207.0,511060,sh,5年地方债ETF海富通
2020-11-06,86.912,86.779,86.925,86.779,134.0,511060,sh,5年地方债ETF海富通
2020-11-09,86.774,86.793,86.903,86.774,149.0,511060,sh,5年地方债ETF海富通
2020-11-10,86.88,86.908,86.926,86.864,142.0,511060,sh,5年地方债ETF海富通
2020-11-11,86.853,86.747,86.956,86.747,299.0,511060,sh,5年地方债ETF海富通
2020-11-12,86.967,87.022,87.022,86.911,105.0,511060,sh,5年地方债ETF海富通
2020-11-13,86.959,86.627,87.045,86.627,258.0,511060,sh,5年地方债ETF海富通
2020-11-16,86.609,86.444,86.609,86.426,98.0,511060,sh,5年地方债ETF海富通
2020-11-17,86.47,86.577,86.625,86.47,109.0,511060,sh,5年地方债ETF海富通
2020-11-18,86.666,86.548,86.666,86.443,54.0,511060,sh,5年地方债ETF海富通
2020-11-19,86.563,86.441,86.646,86.441,105.0,511060,sh,5年地方债ETF海富通
2020-11-20,86.419,86.404,86.544,86.354,139.0,511060,sh,5年地方债ETF海富通
2020-11-23,86.478,86.568,86.586,86.437,132.0,511060,sh,5年地方债ETF海富通
2020-11-24,87.366,87.366,87.572,87.366,127.0,511060,sh,5年地方债ETF海富通
2020-11-25,86.656,86.566,87.296,86.354,62.0,511060,sh,5年地方债ETF海富通
2020-11-26,86.476,86.697,86.716,86.476,183.0,511060,sh,5年地方债ETF海富通
2020-11-27,86.846,86.702,86.846,86.702,2.0,511060,sh,5年地方债ETF海富通
2020-11-30,86.901,86.898,87.046,86.898,6.0,511060,sh,5年地方债ETF海富通
2020-12-01,86.884,87.018,87.046,86.756,60.0,511060,sh,5年地方债ETF海富通
2020-12-02,87.067,87.047,87.146,87.046,6.0,511060,sh,5年地方债ETF海富通
2020-12-03,87.236,87.235,87.236,87.081,48.0,511060,sh,5年地方债ETF海富通
2020-12-04,87.246,87.203,87.246,87.203,2.0,511060,sh,5年地方债ETF海富通
2020-12-07,87.302,87.346,87.346,87.154,4.0,511060,sh,5年地方债ETF海富通
2020-12-08,87.248,87.456,87.456,87.248,44.0,511060,sh,5年地方债ETF海富通
2020-12-09,87.384,87.384,87.384,87.384,1.0,511060,sh,5年地方债ETF海富通
2020-12-10,87.546,87.506,87.601,87.349,165.0,511060,sh,5年地方债ETF海富通
2020-12-11,87.556,87.823,88.005,87.556,116.0,511060,sh,5年地方债ETF海富通
2020-12-14,87.821,87.654,87.821,87.654,24.0,511060,sh,5年地方债ETF海富通
2020-12-15,87.696,87.835,87.993,87.597,789.0,511060,sh,5年地方债ETF海富通
2020-12-16,87.876,87.915,88.046,87.846,709.0,511060,sh,5年地方债ETF海富通
2020-12-17,87.966,87.056,88.762,86.846,1744.0,511060,sh,5年地方债ETF海富通
2020-12-18,86.956,86.596,86.956,86.546,439.0,511060,sh,5年地方债ETF海富通
2020-12-21,86.547,86.846,86.846,86.547,26.0,511060,sh,5年地方债ETF海富通
2020-12-22,86.946,87.195,87.196,86.946,46.0,511060,sh,5年地方债ETF海富通
2020-12-23,87.125,87.151,87.19,86.931,28.0,511060,sh,5年地方债ETF海富通
2020-12-24,87.244,87.32,87.32,87.101,47.0,511060,sh,5年地方债ETF海富通
2020-12-25,87.221,87.146,87.221,87.146,51.0,511060,sh,5年地方债ETF海富通
2020-12-28,87.047,87.051,87.135,86.951,69.0,511060,sh,5年地方债ETF海富通
2020-12-29,87.119,87.052,87.143,86.953,23.0,511060,sh,5年地方债ETF海富通
2020-12-30,87.107,87.023,87.114,86.951,41.0,511060,sh,5年地方债ETF海富通
2020-12-31,87.121,87.028,87.121,87.02,13.0,511060,sh,5年地方债ETF海富通
2021-01-04,87.064,87.045,87.121,86.917,33.0,511060,sh,5年地方债ETF海富通
2021-01-05,87.045,86.646,87.045,86.385,177.0,511060,sh,5年地方债ETF海富通
2021-01-06,86.746,86.596,87.056,86.596,125.0,511060,sh,5年地方债ETF海富通
2021-01-07,86.695,86.745,86.745,86.657,51.0,511060,sh,5年地方债ETF海富通
2021-01-08,86.845,86.816,86.846,86.746,94.0,511060,sh,5年地方债ETF海富通
2021-01-11,86.876,86.871,86.876,86.871,2.0,511060,sh,5年地方债ETF海富通
2021-01-12,86.949,86.949,86.949,86.949,1.0,511060,sh,5年地方债ETF海富通
2021-01-13,87.044,87.221,87.223,87.036,84.0,511060,sh,5年地方债ETF海富通
2021-01-14,87.188,87.346,87.361,87.188,71.0,511060,sh,5年地方债ETF海富通
2021-01-15,87.571,87.423,87.571,87.366,64.0,511060,sh,5年地方债ETF海富通
2021-01-18,87.496,87.216,87.706,87.216,86.0,511060,sh,5年地方债ETF海富通
2021-01-19,87.259,87.222,87.295,87.149,35.0,511060,sh,5年地方债ETF海富通
2021-01-20,87.327,87.284,87.966,87.246,144.0,511060,sh,5年地方债ETF海富通
2021-01-21,88.046,87.306,88.046,87.05,164.0,511060,sh,5年地方债ETF海富通
2021-01-22,87.406,87.423,87.656,87.405,107.0,511060,sh,5年地方债ETF海富通
2021-01-25,87.396,87.451,87.46,87.297,39.0,511060,sh,5年地方债ETF海富通
2021-01-26,87.471,87.146,87.471,86.863,229.0,511060,sh,5年地方债ETF海富通
2021-01-27,87.048,87.066,87.189,87.046,36.0,511060,sh,5年地方债ETF海富通
2021-01-28,87.166,87.078,87.166,86.987,20.0,511060,sh,5年地方债ETF海富通
2021-01-29,86.978,86.952,86.981,86.846,26.0,511060,sh,5年地方债ETF海富通
2021-02-01,86.846,86.427,86.846,86.128,229.0,511060,sh,5年地方债ETF海富通
2021-02-02,86.527,86.854,87.323,86.495,336.0,511060,sh,5年地方债ETF海富通
2021-02-03,86.836,86.893,86.966,86.757,48.0,511060,sh,5年地方债ETF海富通
2021-02-04,86.733,86.725,86.794,86.544,75.0,511060,sh,5年地方债ETF海富通
2021-02-05,86.666,86.706,86.894,86.666,64.0,511060,sh,5年地方债ETF海富通
2021-02-08,86.772,86.937,87.036,86.669,139.0,511060,sh,5年地方债ETF海富通
2021-02-09,86.836,86.786,86.986,86.561,92.0,511060,sh,5年地方债ETF海富通
2021-02-10,86.835,86.729,86.906,86.714,42.0,511060,sh,5年地方债ETF海富通
2021-02-18,86.726,86.626,86.726,86.498,27.0,511060,sh,5年地方债ETF海富通
2021-02-19,86.531,86.541,86.662,86.486,20.0,511060,sh,5年地方债ETF海富通
2021-02-22,86.632,86.518,86.713,86.518,16.0,511060,sh,5年地方债ETF海富通
2021-02-23,86.618,86.767,87.246,86.618,131.0,511060,sh,5年地方债ETF海富通
2021-02-24,86.865,86.969,87.176,86.865,117.0,511060,sh,5年地方债ETF海富通
2021-02-25,86.971,87.032,87.032,86.971,6.0,511060,sh,5年地方债ETF海富通
2021-02-26,87.032,87.032,87.032,87.032,1.0,511060,sh,5年地方债ETF海富通
2021-03-01,86.926,86.962,86.996,86.881,13.0,511060,sh,5年地方债ETF海富通
2021-03-02,86.901,86.779,86.901,86.747,48.0,511060,sh,5年地方债ETF海富通
2021-03-03,86.56,86.746,86.772,86.532,105.0,511060,sh,5年地方债ETF海富通
2021-03-04,86.896,86.816,86.961,86.746,10.0,511060,sh,5年地方债ETF海富通
2021-03-05,86.625,86.906,86.906,86.625,4.0,511060,sh,5年地方债ETF海富通
2021-03-08,86.706,86.696,86.706,86.696,10.0,511060,sh,5年地方债ETF海富通
2021-03-09,86.647,86.769,86.796,86.646,10.0,511060,sh,5年地方债ETF海富通
2021-03-10,86.736,86.646,86.736,86.425,55.0,511060,sh,5年地方债ETF海富通
2021-03-11,86.706,86.746,86.746,86.706,5.0,511060,sh,5年地方债ETF海富通
2021-03-12,86.746,86.746,86.834,86.746,30.0,511060,sh,5年地方债ETF海富通
2021-03-15,86.746,86.791,86.791,86.746,14.0,511060,sh,5年地方债ETF海富通
2021-03-16,86.891,86.751,87.36,86.751,137.0,511060,sh,5年地方债ETF海富通
2021-03-17,86.751,86.937,86.937,86.751,2.0,511060,sh,5年地方债ETF海富通
2021-03-18,86.796,86.761,86.931,86.757,71.0,511060,sh,5年地方债ETF海富通
2021-03-19,86.861,86.756,87.627,86.749,93.0,511060,sh,5年地方债ETF海富通
2021-03-22,86.856,87.057,87.771,86.856,231.0,511060,sh,5年地方债ETF海富通
2021-03-23,86.589,86.816,86.868,86.338,212.0,511060,sh,5年地方债ETF海富通
2021-03-24,86.736,86.916,86.945,86.736,38.0,511060,sh,5年地方债ETF海富通
2021-03-25,86.836,86.826,86.836,86.826,6.0,511060,sh,5年地方债ETF海富通
2021-03-26,86.746,86.775,86.775,86.746,3.0,511060,sh,5年地方债ETF海富通
2021-03-29,86.874,86.879,87.23,86.874,76.0,511060,sh,5年地方债ETF海富通
2021-03-30,86.986,87.076,87.604,86.946,123.0,511060,sh,5年地方债ETF海富通
2021-03-31,87.166,87.165,87.337,87.031,104.0,511060,sh,5年地方债ETF海富通
2021-04-01,87.065,87.146,87.146,86.893,126.0,511060,sh,5年地方债ETF海富通
2021-04-02,86.941,87.067,87.141,86.941,6.0,511060,sh,5年地方债ETF海富通
2021-04-06,86.987,87.193,87.216,86.987,43.0,511060,sh,5年地方债ETF海富通
2021-04-07,87.099,87.188,87.189,87.03,4.0,511060,sh,5年地方债ETF海富通
2021-04-08,87.188,87.091,87.188,87.091,3.0,511060,sh,5年地方债ETF海富通
2021-04-09,87.041,87.186,87.186,87.041,92.0,511060,sh,5年地方债ETF海富通
2021-04-12,87.185,87.185,87.185,87.185,1.0,511060,sh,5年地方债ETF海富通
2021-04-13,87.346,87.336,87.346,87.114,65.0,511060,sh,5年地方债ETF海富通
2021-04-14,87.436,87.566,88.134,87.386,137.0,511060,sh,5年地方债ETF海富通
2021-04-15,87.725,87.721,87.734,87.468,269.0,511060,sh,5年地方债ETF海富通
2021-04-16,88.246,87.727,88.246,87.204,244.0,511060,sh,5年地方债ETF海富通
2021-04-19,87.825,87.616,87.946,87.146,572.0,511060,sh,5年地方债ETF海富通
2021-04-20,87.516,87.248,87.715,87.113,593.0,511060,sh,5年地方债ETF海富通
2021-04-21,87.148,87.186,87.187,87.145,37.0,511060,sh,5年地方债ETF海富通
2021-04-22,87.131,87.169,87.17,87.091,25.0,511060,sh,5年地方债ETF海富通
2021-04-23,87.276,87.274,87.276,87.256,54.0,511060,sh,5年地方债ETF海富通
2021-04-26,87.321,87.309,87.331,87.197,41.0,511060,sh,5年地方债ETF海富通
2021-04-27,87.394,87.385,87.394,87.294,14.0,511060,sh,5年地方债ETF海富通
2021-04-28,87.464,87.463,87.467,87.298,44.0,511060,sh,5年地方债ETF海富通
2021-04-29,87.561,87.38,87.645,87.376,132.0,511060,sh,5年地方债ETF海富通
2021-04-30,87.349,87.386,87.386,87.311,111.0,511060,sh,5年地方债ETF海富通
2021-05-06,87.485,87.401,87.496,87.326,116.0,511060,sh,5年地方债ETF海富通
2021-05-07,87.489,87.246,87.489,87.241,338.0,511060,sh,5年地方债ETF海富通
2021-05-10,87.296,87.217,87.297,87.196,96.0,511060,sh,5年地方债ETF海富通
2021-05-11,87.217,87.196,87.217,87.166,72.0,511060,sh,5年地方债ETF海富通
2021-05-12,87.245,87.296,87.301,87.198,90.0,511060,sh,5年地方债ETF海富通
2021-05-13,87.247,87.391,87.391,87.247,12.0,511060,sh,5年地方债ETF海富通
2021-05-14,87.396,87.515,87.515,87.396,83.0,511060,sh,5年地方债ETF海富通
2021-05-17,87.465,87.297,87.521,86.909,361.0,511060,sh,5年地方债ETF海富通
2021-05-18,87.22,87.293,87.334,87.199,128.0,511060,sh,5年地方债ETF海富通
2021-05-19,87.896,87.571,87.896,87.168,480.0,511060,sh,5年地方债ETF海富通
2021-05-20,87.506,87.781,87.785,87.506,310.0,511060,sh,5年地方债ETF海富通
2021-05-21,87.731,87.666,87.784,87.406,198.0,511060,sh,5年地方债ETF海富通
2021-05-24,87.617,87.744,87.744,87.616,8.0,511060,sh,5年地方债ETF海富通
2021-05-25,87.697,87.906,88.095,87.697,318.0,511060,sh,5年地方债ETF海富通
2021-05-26,87.856,87.884,88.196,87.856,247.0,511060,sh,5年地方债ETF海富通
2021-05-27,87.795,87.796,87.911,87.795,17.0,511060,sh,5年地方债ETF海富通
2021-05-28,87.845,87.956,88.025,87.843,138.0,511060,sh,5年地方债ETF海富通
2021-05-31,87.907,87.863,87.991,87.621,188.0,511060,sh,5年地方债ETF海富通
2021-06-01,87.961,87.887,88.091,87.701,733.0,511060,sh,5年地方债ETF海富通
2021-06-02,87.809,87.905,88.044,87.809,114.0,511060,sh,5年地方债ETF海富通
2021-06-03,87.861,87.846,88.021,87.721,237.0,511060,sh,5年地方债ETF海富通
2021-06-04,87.926,88.144,88.35,87.697,967.0,511060,sh,5年地方债ETF海富通
2021-06-07,87.936,88.245,88.385,87.852,941.0,511060,sh,5年地方债ETF海富通
2021-06-08,88.195,88.298,88.629,87.897,1317.0,511060,sh,5年地方债ETF海富通
2021-06-09,88.254,88.231,88.445,88.047,768.0,511060,sh,5年地方债ETF海富通
2021-06-10,87.856,88.197,88.374,87.854,403.0,511060,sh,5年地方债ETF海富通
2021-06-11,88.098,88.195,88.244,87.906,213.0,511060,sh,5年地方债ETF海富通
2021-06-15,88.295,88.048,88.295,88.046,100.0,511060,sh,5年地方债ETF海富通
2021-06-16,88.086,88.366,88.645,88.086,496.0,511060,sh,5年地方债ETF海富通
2021-06-17,88.298,88.396,88.735,88.247,360.0,511060,sh,5年地方债ETF海富通
2021-06-18,88.429,88.497,89.035,88.252,1397.0,511060,sh,5年地方债ETF海富通
2021-06-21,88.3,88.696,88.696,88.247,848.0,511060,sh,5年地方债ETF海富通
2021-06-22,88.646,89.046,89.195,88.497,1525.0,511060,sh,5年地方债ETF海富通
2021-06-23,88.996,89.102,89.744,88.866,2161.0,511060,sh,5年地方债ETF海富通
2021-06-24,89.004,89.386,89.395,88.876,1699.0,511060,sh,5年地方债ETF海富通
2021-06-25,89.576,89.476,89.595,89.146,1474.0,511060,sh,5年地方债ETF海富通
2021-06-28,89.426,89.035,89.73,89.011,447.0,511060,sh,5年地方债ETF海富通
2021-06-29,89.135,89.195,89.276,89.126,231.0,511060,sh,5年地方债ETF海富通
2021-06-30,89.196,89.184,89.196,89.104,4.0,511060,sh,5年地方债ETF海富通
2021-07-01,89.134,89.089,89.185,88.897,1462.0,511060,sh,5年地方债ETF海富通
2021-07-02,89.041,89.196,89.46,89.041,211.0,511060,sh,5年地方债ETF海富通
2021-07-05,89.196,89.149,89.246,89.149,29.0,511060,sh,5年地方债ETF海富通
2021-07-06,89.108,89.165,89.165,89.108,16.0,511060,sh,5年地方债ETF海富通
2021-07-07,89.215,89.197,90.225,89.197,159.0,511060,sh,5年地方债ETF海富通
2021-07-08,89.247,89.298,89.686,89.151,267.0,511060,sh,5年地方债ETF海富通
2021-07-09,89.348,89.184,89.745,89.006,2016.0,511060,sh,5年地方债ETF海富通
2021-07-12,89.296,89.301,89.495,89.296,216.0,511060,sh,5年地方债ETF海富通
2021-07-13,89.252,89.252,89.34,89.251,44.0,511060,sh,5年地方债ETF海富通
2021-07-14,89.302,89.302,91.596,89.296,344.0,511060,sh,5年地方债ETF海富通
2021-07-15,89.352,89.263,89.683,89.246,434.0,511060,sh,5年地方债ETF海富通
2021-07-16,89.313,89.313,89.313,89.219,152.0,511060,sh,5年地方债ETF海富通
2021-07-19,89.363,89.296,89.363,89.296,8.0,511060,sh,5年地方债ETF海富通
2021-07-20,89.346,89.464,89.796,89.346,364.0,511060,sh,5年地方债ETF海富通
2021-07-21,89.514,89.691,90.226,89.426,378.0,511060,sh,5年地方债ETF海富通
2021-07-22,89.641,89.642,89.642,89.641,14.0,511060,sh,5年地方债ETF海富通
2021-07-23,89.692,89.721,89.996,89.601,474.0,511060,sh,5年地方债ETF海富通
2021-07-26,89.771,89.696,89.771,89.696,70.0,511060,sh,5年地方债ETF海富通
2021-07-27,89.647,89.897,90.041,89.647,792.0,511060,sh,5年地方债ETF海富通
2021-07-28,89.947,89.896,90.394,89.851,301.0,511060,sh,5年地方债ETF海富通
2021-07-29,89.945,89.944,90.352,89.847,530.0,511060,sh,5年地方债ETF海富通
2021-07-30,89.994,89.983,90.273,89.896,294.0,511060,sh,5年地方债ETF海富通
2021-08-02,90.031,90.541,90.636,90.031,1714.0,511060,sh,5年地方债ETF海富通
2021-08-03,90.586,90.586,91.175,90.501,585.0,511060,sh,5年地方债ETF海富通
2021-08-04,90.591,90.591,91.096,90.581,288.0,511060,sh,5年地方债ETF海富通
2021-08-05,90.596,90.556,90.596,90.496,121.0,511060,sh,5年地方债ETF海富通
2021-08-06,90.511,90.611,91.227,90.506,223.0,511060,sh,5年地方债ETF海富通
2021-08-09,90.561,90.462,90.561,90.411,119.0,511060,sh,5年地方债ETF海富通
2021-08-10,90.512,90.575,90.946,90.512,188.0,511060,sh,5年地方债ETF海富通
2021-08-11,90.525,90.521,90.591,90.372,559.0,511060,sh,5年地方债ETF海富通
2021-08-12,90.571,90.471,90.996,90.376,546.0,511060,sh,5年地方债ETF海富通
2021-08-13,90.471,90.67,90.866,90.286,3226.0,511060,sh,5年地方债ETF海富通
2021-08-16,90.62,90.495,90.62,90.366,427.0,511060,sh,5年地方债ETF海富通
2021-08-17,90.447,90.399,90.516,90.399,402.0,511060,sh,5年地方债ETF海富通
2021-08-18,90.449,90.442,90.904,90.35,246.0,511060,sh,5年地方债ETF海富通
2021-08-19,90.491,90.472,90.758,90.397,301.0,511060,sh,5年地方债ETF海富通
2021-08-20,90.52,90.392,90.52,90.368,434.0,511060,sh,5年地方债ETF海富通
2021-08-23,90.386,90.442,90.676,90.386,197.0,511060,sh,5年地方债ETF海富通
2021-08-24,90.404,90.431,90.45,90.392,64.0,511060,sh,5年地方债ETF海富通
2021-08-25,90.397,90.376,90.408,90.346,399.0,511060,sh,5年地方债ETF海富通
2021-08-26,90.346,90.426,90.426,90.331,666.0,511060,sh,5年地方债ETF海富通
2021-08-27,90.426,90.315,90.431,90.241,105.0,511060,sh,5年地方债ETF海富通
2021-08-30,90.265,90.265,90.265,90.265,63.0,511060,sh,5年地方债ETF海富通
2021-08-31,90.216,90.296,90.31,90.216,239.0,511060,sh,5年地方债ETF海富通
2021-09-01,90.247,90.248,90.382,90.146,1806.0,511060,sh,5年地方债ETF海富通
2021-09-02,90.261,90.196,90.294,90.196,271.0,511060,sh,5年地方债ETF海富通
2021-09-03,90.245,90.196,90.324,90.196,168.0,511060,sh,5年地方债ETF海富通
2021-09-06,90.194,90.193,90.194,90.191,22.0,511060,sh,5年地方债ETF海富通
2021-09-07,90.147,90.147,90.147,90.147,1.0,511060,sh,5年地方债ETF海富通
2021-09-08,90.146,90.143,90.193,90.097,18.0,511060,sh,5年地方债ETF海富通
2021-09-09,90.106,90.096,90.111,90.096,32.0,511060,sh,5年地方债ETF海富通
2021-09-13,90.05,90.05,90.05,90.05,1.0,511060,sh,5年地方债ETF海富通
2021-09-14,90.096,90.078,90.257,90.001,1313.0,511060,sh,5年地方债ETF海富通
2021-09-15,90.128,90.086,90.336,90.03,458.0,511060,sh,5年地方债ETF海富通
2021-09-16,90.077,89.95,90.301,89.947,1078.0,511060,sh,5年地方债ETF海富通
2021-09-17,90.036,89.947,90.047,89.771,527.0,511060,sh,5年地方债ETF海富通
2021-09-22,89.997,90.268,90.495,89.972,1097.0,511060,sh,5年地方债ETF海富通
2021-09-23,90.318,90.354,91.124,90.219,545.0,511060,sh,5年地方债ETF海富通
2021-09-24,90.318,90.353,90.543,90.303,795.0,511060,sh,5年地方债ETF海富通
2021-09-27,90.403,90.404,90.623,90.347,522.0,511060,sh,5年地方债ETF海富通
2021-09-28,90.446,90.334,90.454,90.097,2103.0,511060,sh,5年地方债ETF海富通
2021-09-29,90.38,90.347,90.38,90.346,103.0,511060,sh,5年地方债ETF海富通
2021-09-30,90.38,90.38,90.38,90.376,386.0,511060,sh,5年地方债ETF海富通
2021-10-08,90.38,90.4,90.4,90.38,11.0,511060,sh,5年地方债ETF海富通
2021-10-11,90.35,90.259,90.35,90.228,150.0,511060,sh,5年地方债ETF海富通
2021-10-12,90.209,90.295,90.295,90.209,26.0,511060,sh,5年地方债ETF海富通
2021-10-14,90.245,90.245,90.245,90.245,30.0,511060,sh,5年地方债ETF海富通
2021-10-15,90.197,90.195,90.197,90.194,54.0,511060,sh,5年地方债ETF海富通
2021-10-18,90.046,90.034,90.046,90.034,105.0,511060,sh,5年地方债ETF海富通
2021-10-19,89.984,89.971,89.984,89.573,1283.0,511060,sh,5年地方债ETF海富通
2021-10-21,90.021,90.021,90.021,89.991,1002.0,511060,sh,5年地方债ETF海富通
2021-10-22,90.021,90.065,90.065,90.021,76.0,511060,sh,5年地方债ETF海富通
2021-10-25,90.114,90.183,90.195,90.114,130.0,511060,sh,5年地方债ETF海富通
2021-10-26,90.166,90.147,90.176,90.141,1976.0,511060,sh,5年地方债ETF海富通
2021-10-27,90.197,90.235,90.235,90.197,122.0,511060,sh,5年地方债ETF海富通
2021-10-29,90.226,90.226,90.226,90.226,2000.0,511060,sh,5年地方债ETF海富通
2021-11-01,90.276,90.57,90.646,90.276,527.0,511060,sh,5年地方债ETF海富通
2021-11-02,90.572,90.572,90.572,90.571,1005.0,511060,sh,5年地方债ETF海富通
2021-11-03,90.572,90.584,90.584,90.554,307.0,511060,sh,5年地方债ETF海富通
2021-11-04,90.634,90.724,90.746,90.536,309.0,511060,sh,5年地方债ETF海富通
2021-11-05,90.774,90.816,90.875,90.774,300.0,511060,sh,5年地方债ETF海富通
2021-11-08,90.767,90.767,90.767,90.767,98.0,511060,sh,5年地方债ETF海富通
2021-11-09,90.717,90.738,90.758,90.675,93.0,511060,sh,5年地方债ETF海富通
2021-11-10,90.746,90.746,90.746,90.746,3.0,511060,sh,5年地方债ETF海富通
2021-11-11,90.696,90.624,90.696,90.624,77.0,511060,sh,5年地方债ETF海富通
2021-11-12,90.626,90.626,90.626,90.624,37.0,511060,sh,5年地方债ETF海富通
2021-11-15,90.631,90.645,90.673,90.098,714.0,511060,sh,5年地方债ETF海富通
2021-11-16,90.674,90.946,90.961,90.674,428.0,511060,sh,5年地方债ETF海富通
2021-11-17,90.946,90.955,90.955,90.919,95.0,511060,sh,5年地方债ETF海富通
2021-11-18,90.896,90.735,90.896,90.487,270.0,511060,sh,5年地方债ETF海富通
2021-11-19,90.751,90.796,90.816,90.751,1086.0,511060,sh,5年地方债ETF海富通
2021-11-22,90.752,90.846,90.846,90.75,1116.0,511060,sh,5年地方债ETF海富通
2021-11-23,90.796,90.746,90.796,90.746,85.0,511060,sh,5年地方债ETF海富通
2021-11-24,90.795,90.795,90.795,90.795,11.0,511060,sh,5年地方债ETF海富通
2021-11-25,90.794,90.897,90.956,90.789,368.0,511060,sh,5年地方债ETF海富通
2021-11-26,90.922,90.985,90.986,90.922,107.0,511060,sh,5年地方债ETF海富通
2021-11-29,91.01,91.036,91.075,90.968,161.0,511060,sh,5年地方债ETF海富通
2021-11-30,90.986,90.971,91.075,90.794,894.0,511060,sh,5年地方债ETF海富通
2021-12-01,90.996,91.318,91.984,90.996,1840.0,511060,sh,5年地方债ETF海富通
2021-12-02,91.256,91.138,91.256,91.075,303.0,511060,sh,5年地方债ETF海富通
2021-12-03,91.176,91.06,92.096,91.046,833.0,511060,sh,5年地方债ETF海富通
2021-12-06,91.085,91.339,91.595,91.085,1986.0,511060,sh,5年地方债ETF海富通
2021-12-07,91.364,91.296,91.375,91.291,744.0,511060,sh,5年地方债ETF海富通
2021-12-08,91.271,91.12,91.271,90.846,1527.0,511060,sh,5年地方债ETF海富通
2021-12-09,91.145,91.159,91.169,91.145,278.0,511060,sh,5年地方债ETF海富通
2021-12-10,91.17,91.246,91.246,91.17,203.0,511060,sh,5年地方债ETF海富通
2021-12-13,91.261,91.214,91.261,91.214,40.0,511060,sh,5年地方债ETF海富通
2021-12-14,91.216,91.246,91.246,91.216,72.0,511060,sh,5年地方债ETF海富通
2021-12-15,91.253,91.196,91.255,91.055,1962.0,511060,sh,5年地方债ETF海富通
2021-12-16,91.221,91.046,91.316,91.046,3998.0,511060,sh,5年地方债ETF海富通
2021-12-17,91.071,90.806,91.195,90.806,6088.0,511060,sh,5年地方债ETF海富通
2021-12-20,90.831,90.412,90.981,90.334,6143.0,511060,sh,5年地方债ETF海富通
2021-12-21,90.437,90.453,90.945,90.336,2557.0,511060,sh,5年地方债ETF海富通
2021-12-22,90.478,90.428,90.764,90.366,2278.0,511060,sh,5年地方债ETF海富通
2021-12-23,90.453,90.431,90.478,90.406,991.0,511060,sh,5年地方债ETF海富通
2021-12-24,90.456,90.428,90.796,90.297,4736.0,511060,sh,5年地方债ETF海富通
2021-12-27,90.413,90.432,90.441,90.39,36.0,511060,sh,5年地方债ETF海富通
2021-12-28,90.383,90.417,90.481,90.383,1379.0,511060,sh,5年地方债ETF海富通
2021-12-29,90.393,90.038,90.495,90.031,1945.0,511060,sh,5年地方债ETF海富通
2021-12-30,90.009,90.045,90.365,89.997,2507.0,511060,sh,5年地方债ETF海富通
2021-12-31,90.045,90.249,90.905,90.022,3190.0,511060,sh,5年地方债ETF海富通
2022-01-04,90.199,90.671,90.769,90.199,1577.0,511060,sh,5年地方债ETF海富通
2022-01-05,90.621,90.796,90.906,90.621,539.0,511060,sh,5年地方债ETF海富通
2022-01-06,90.804,91.017,91.098,90.804,1128.0,511060,sh,5年地方债ETF海富通
2022-01-07,91.067,91.065,91.196,90.996,1383.0,511060,sh,5年地方债ETF海富通
2022-01-10,91.032,91.032,91.032,91.032,5.0,511060,sh,5年地方债ETF海富通
2022-01-11,91.075,91.196,91.272,91.075,827.0,511060,sh,5年地方债ETF海富通
2022-01-12,91.246,91.311,91.377,91.246,1117.0,511060,sh,5年地方债ETF海富通
2022-01-13,91.29,91.523,91.648,91.29,1446.0,511060,sh,5年地方债ETF海富通
2022-01-14,91.573,91.603,91.66,91.497,679.0,511060,sh,5年地方债ETF海富通
2022-01-17,91.573,91.731,91.852,91.573,332.0,511060,sh,5年地方债ETF海富通
2022-01-18,91.782,91.874,91.964,91.782,605.0,511060,sh,5年地方债ETF海富通
2022-01-19,91.924,92.001,92.269,91.924,196.0,511060,sh,5年地方债ETF海富通
2022-01-20,91.936,92.31,92.393,91.936,1889.0,511060,sh,5年地方债ETF海富通
2022-01-21,92.345,92.304,92.991,92.261,1655.0,511060,sh,5年地方债ETF海富通
2022-01-24,92.339,92.335,92.396,92.256,1177.0,511060,sh,5年地方债ETF海富通
2022-01-25,92.354,92.254,92.354,92.254,336.0,511060,sh,5年地方债ETF海富通
2022-01-26,92.217,92.204,92.332,92.204,763.0,511060,sh,5年地方债ETF海富通
2022-01-27,92.253,92.22,92.253,92.22,33.0,511060,sh,5年地方债ETF海富通
2022-01-28,92.171,92.314,92.346,92.171,206.0,511060,sh,5年地方债ETF海富通
2022-02-07,92.364,92.296,92.364,92.296,10.0,511060,sh,5年地方债ETF海富通
2022-02-08,92.346,92.402,92.444,92.346,67.0,511060,sh,5年地方债ETF海富通
2022-02-09,92.447,92.495,92.495,92.447,86.0,511060,sh,5年地方债ETF海富通
2022-02-10,92.448,92.496,92.545,92.448,56.0,511060,sh,5年地方债ETF海富通
2022-02-11,92.449,92.417,92.495,92.35,374.0,511060,sh,5年地方债ETF海富通
2022-02-14,92.371,92.33,92.396,92.33,192.0,511060,sh,5年地方债ETF海富通
2022-02-15,92.373,92.326,92.496,92.297,860.0,511060,sh,5年地方债ETF海富通
2022-02-16,92.376,92.332,92.376,92.332,88.0,511060,sh,5年地方债ETF海富通
2022-02-17,92.335,92.365,92.495,92.334,3292.0,511060,sh,5年地方债ETF海富通
2022-02-18,92.345,92.277,92.395,92.246,1377.0,511060,sh,5年地方债ETF海富通
2022-02-21,92.257,92.225,92.296,92.138,2416.0,511060,sh,5年地方债ETF海富通
2022-02-22,92.016,92.231,92.326,92.016,1150.0,511060,sh,5年地方债ETF海富通
2022-02-23,92.211,92.267,92.468,92.211,1219.0,511060,sh,5年地方债ETF海富通
2022-02-24,92.222,92.252,92.316,92.218,2128.0,511060,sh,5年地方债ETF海富通
2022-02-25,92.211,92.291,92.301,92.211,320.0,511060,sh,5年地方债ETF海富通
2022-02-28,92.249,92.359,92.4,92.249,1187.0,511060,sh,5年地方债ETF海富通
2022-03-01,92.318,92.314,92.397,92.314,193.0,511060,sh,5年地方债ETF海富通
2022-03-02,92.269,92.299,92.358,92.266,285.0,511060,sh,5年地方债ETF海富通
2022-03-03,92.255,92.249,92.348,92.249,160.0,511060,sh,5年地方债ETF海富通
2022-03-04,92.218,92.294,92.294,92.206,91.0,511060,sh,5年地方债ETF海富通
2022-03-07,92.282,92.276,92.328,92.244,2991.0,511060,sh,5年地方债ETF海富通
2022-03-08,92.251,92.303,92.324,92.227,4017.0,511060,sh,5年地方债ETF海富通
2022-03-09,92.268,92.327,92.337,92.253,1569.0,511060,sh,5年地方债ETF海富通
2022-03-10,92.296,92.311,92.376,92.277,1481.0,511060,sh,5年地方债ETF海富通
2022-03-11,92.322,92.281,92.369,92.281,1297.0,511060,sh,5年地方债ETF海富通
2022-03-14,92.311,92.479,92.496,92.311,978.0,511060,sh,5年地方债ETF海富通
2022-03-15,92.496,92.596,92.596,92.445,2014.0,511060,sh,5年地方债ETF海富通
2022-03-16,92.561,92.896,93.486,92.496,2528.0,511060,sh,5年地方债ETF海富通
2022-03-17,92.847,92.856,92.996,92.847,704.0,511060,sh,5年地方债ETF海富通
2022-03-18,92.896,92.735,92.896,92.497,830.0,511060,sh,5年地方债ETF海富通
2022-03-21,92.606,92.408,92.606,92.298,1340.0,511060,sh,5年地方债ETF海富通
2022-03-22,92.358,91.895,92.457,91.895,875.0,511060,sh,5年地方债ETF海富通
2022-03-23,91.852,91.873,91.939,91.852,2152.0,511060,sh,5年地方债ETF海富通
2022-03-24,91.923,91.846,91.923,91.838,1804.0,511060,sh,5年地方债ETF海富通
2022-03-25,91.866,92.311,92.352,91.866,1630.0,511060,sh,5年地方债ETF海富通
2022-03-28,92.326,92.376,92.472,92.296,1648.0,511060,sh,5年地方债ETF海富通
2022-03-29,92.348,92.376,92.425,92.348,2904.0,511060,sh,5年地方债ETF海富通
2022-03-30,92.351,92.186,92.394,92.147,3190.0,511060,sh,5年地方债ETF海富通
2022-03-31,92.221,92.014,92.221,91.98,2108.0,511060,sh,5年地方债ETF海富通
2022-04-01,91.965,91.971,91.996,91.896,2248.0,511060,sh,5年地方债ETF海富通
2022-04-06,92.021,92.148,92.295,92.021,3075.0,511060,sh,5年地方债ETF海富通
2022-04-07,92.188,92.344,92.395,92.145,4263.0,511060,sh,5年地方债ETF海富通
2022-04-08,92.296,92.494,92.494,92.296,3020.0,511060,sh,5年地方债ETF海富通
2022-04-11,92.503,92.486,92.541,92.445,2195.0,511060,sh,5年地方债ETF海富通
2022-04-12,92.446,92.514,92.529,92.444,346.0,511060,sh,5年地方债ETF海富通
2022-04-13,92.499,92.518,92.556,92.496,2083.0,511060,sh,5年地方债ETF海富通
2022-04-14,92.553,92.638,92.695,92.469,2972.0,511060,sh,5年地方债ETF海富通
2022-04-15,92.686,92.712,92.905,92.596,2745.0,511060,sh,5年地方债ETF海富通
2022-04-18,92.667,92.576,92.755,92.573,2508.0,511060,sh,5年地方债ETF海富通
2022-04-19,92.532,92.587,92.62,92.532,1170.0,511060,sh,5年地方债ETF海富通
2022-04-20,92.553,92.636,92.636,92.538,1892.0,511060,sh,5年地方债ETF海富通
2022-04-21,92.646,92.644,92.646,92.598,24.0,511060,sh,5年地方债ETF海富通
2022-04-22,92.609,92.615,92.675,92.6,2336.0,511060,sh,5年地方债ETF海富通
2022-04-25,92.595,92.606,92.664,92.595,2400.0,511060,sh,5年地方债ETF海富通
2022-04-26,92.586,92.595,92.646,92.556,4606.0,511060,sh,5年地方债ETF海富通
2022-04-27,92.586,92.593,92.644,92.551,2802.0,511060,sh,5年地方债ETF海富通
2022-04-28,92.64,92.609,92.64,92.495,3644.0,511060,sh,5年地方债ETF海富通
2022-04-29,92.589,92.621,92.621,92.559,1445.0,511060,sh,5年地方债ETF海富通
2022-05-05,92.601,92.571,92.606,92.571,2088.0,511060,sh,5年地方债ETF海富通
2022-05-06,92.596,92.59,92.62,92.546,1660.0,511060,sh,5年地方债ETF海富通
2022-05-09,92.589,92.656,92.702,92.541,11232.0,511060,sh,5年地方债ETF海富通
2022-05-10,92.673,92.816,92.845,92.673,4561.0,511060,sh,5年地方债ETF海富通
2022-05-11,92.816,92.68,92.865,92.58,5309.0,511060,sh,5年地方债ETF海富通
2022-05-12,92.685,92.681,92.734,92.609,6325.0,511060,sh,5年地方债ETF海富通
2022-05-13,92.681,92.751,92.87,92.681,4876.0,511060,sh,5年地方债ETF海富通
2022-05-16,92.711,92.704,92.795,92.63,5259.0,511060,sh,5年地方债ETF海富通
2022-05-17,92.67,92.741,92.746,92.67,4604.0,511060,sh,5年地方债ETF海富通
2022-05-18,92.743,92.751,92.775,92.693,4610.0,511060,sh,5年地方债ETF海富通
2022-05-19,92.756,92.887,92.995,92.756,6578.0,511060,sh,5年地方债ETF海富通
2022-05-20,92.85,92.877,92.959,92.839,5269.0,511060,sh,5年地方债ETF海富通
2022-05-23,92.9,92.944,92.959,92.866,4776.0,511060,sh,5年地方债ETF海富通
2022-05-24,92.917,92.99,92.993,92.907,3051.0,511060,sh,5年地方债ETF海富通
2022-05-25,92.976,93.117,93.185,92.976,6501.0,511060,sh,5年地方债ETF海富通
2022-05-26,93.152,93.252,93.29,93.106,7141.0,511060,sh,5年地方债ETF海富通
2022-05-27,93.252,93.256,93.301,93.203,2394.0,511060,sh,5年地方债ETF海富通
2022-05-30,93.696,93.282,93.696,92.834,5885.0,511060,sh,5年地方债ETF海富通
2022-05-31,93.247,93.234,93.319,93.216,4023.0,511060,sh,5年地方债ETF海富通
2022-06-01,93.244,93.264,93.383,93.185,6745.0,511060,sh,5年地方债ETF海富通
2022-06-02,93.243,93.384,93.498,93.243,4372.0,511060,sh,5年地方债ETF海富通
2022-06-06,93.352,93.314,93.395,93.248,4442.0,511060,sh,5年地方债ETF海富通
2022-06-07,93.287,93.334,93.395,93.266,4811.0,511060,sh,5年地方债ETF海富通
2022-06-08,93.372,93.384,93.384,93.296,4330.0,511060,sh,5年地方债ETF海富通
2022-06-09,93.346,93.416,93.42,93.335,9760.0,511060,sh,5年地方债ETF海富通
2022-06-10,93.395,93.381,93.466,93.367,5653.0,511060,sh,5年地方债ETF海富通
2022-06-13,93.361,93.404,93.429,93.336,5524.0,511060,sh,5年地方债ETF海富通
2022-06-14,93.376,93.312,93.386,93.267,3847.0,511060,sh,5年地方债ETF海富通
2022-06-15,93.31,93.313,93.335,93.269,3885.0,511060,sh,5年地方债ETF海富通
2022-06-16,93.341,93.36,93.491,93.341,6310.0,511060,sh,5年地方债ETF海富通
2022-06-17,93.364,93.38,93.408,93.337,3669.0,511060,sh,5年地方债ETF海富通
2022-06-20,93.386,93.354,93.427,93.331,3796.0,511060,sh,5年地方债ETF海富通
2022-06-21,93.356,93.351,93.383,93.316,4782.0,511060,sh,5年地方债ETF海富通
2022-06-22,93.331,93.34,93.393,93.302,6886.0,511060,sh,5年地方债ETF海富通
2022-06-23,93.334,93.307,93.389,93.307,3835.0,511060,sh,5年地方债ETF海富通
2022-06-24,93.314,93.315,93.345,93.303,5450.0,511060,sh,5年地方债ETF海富通
2022-06-27,93.334,93.146,93.359,93.097,5999.0,511060,sh,5年地方债ETF海富通
2022-06-28,93.146,93.17,93.185,93.126,5980.0,511060,sh,5年地方债ETF海富通
2022-06-29,93.18,93.17,93.219,93.137,8063.0,511060,sh,5年地方债ETF海富通
2022-06-30,93.151,93.158,93.186,93.146,5414.0,511060,sh,5年地方债ETF海富通
2022-07-01,93.166,93.138,93.166,93.134,6465.0,511060,sh,5年地方债ETF海富通
2022-07-04,93.12,93.069,93.12,93.054,6269.0,511060,sh,5年地方债ETF海富通
2022-07-05,93.069,93.041,93.085,93.031,4765.0,511060,sh,5年地方债ETF海富通
2022-07-06,93.053,93.034,93.06,93.021,5753.0,511060,sh,5年地方债ETF海富通
2022-07-07,93.05,93.054,93.076,93.027,5679.0,511060,sh,5年地方债ETF海富通
2022-07-08,93.046,93.022,93.085,93.012,7546.0,511060,sh,5年地方债ETF海富通
2022-07-11,93.032,93.044,93.071,92.979,5638.0,511060,sh,5年地方债ETF海富通
2022-07-12,93.044,93.056,93.12,93.044,9331.0,511060,sh,5年地方债ETF海富通
2022-07-13,93.068,93.084,93.105,93.047,5392.0,511060,sh,5年地方债ETF海富通
2022-07-14,93.065,93.071,93.095,93.058,4570.0,511060,sh,5年地方债ETF海富通
2022-07-15,93.079,93.077,93.12,93.062,4735.0,511060,sh,5年地方债ETF海富通
2022-07-18,93.087,93.072,93.12,93.06,3430.0,511060,sh,5年地方债ETF海富通
2022-07-19,93.064,93.048,93.083,93.026,6581.0,511060,sh,5年地方债ETF海富通
2022-07-20,93.052,93.036,93.074,93.015,4488.0,511060,sh,5年地方债ETF海富通
2022-07-21,93.051,93.114,93.146,93.023,7795.0,511060,sh,5年地方债ETF海富通
2022-07-22,93.143,93.458,93.612,93.094,17704.0,511060,sh,5年地方债ETF海富通
2022-07-25,93.443,93.48,93.497,93.443,10944.0,511060,sh,5年地方债ETF海富通
2022-07-26,93.466,93.555,93.589,93.466,12465.0,511060,sh,5年地方债ETF海富通
2022-07-27,93.58,93.579,93.595,93.534,10994.0,511060,sh,5年地方债ETF海富通
2022-07-28,93.579,93.548,93.597,93.51,10128.0,511060,sh,5年地方债ETF海富通
2022-07-29,93.511,93.598,93.598,93.499,16332.0,511060,sh,5年地方债ETF海富通
2022-08-01,93.606,93.718,93.751,93.601,23565.0,511060,sh,5年地方债ETF海富通
2022-08-02,93.731,93.754,93.844,93.707,20537.0,511060,sh,5年地方债ETF海富通
2022-08-03,93.756,93.783,93.788,93.715,14943.0,511060,sh,5年地方债ETF海富通
2022-08-04,93.776,93.82,93.832,93.757,15048.0,511060,sh,5年地方债ETF海富通
2022-08-05,93.83,93.864,93.895,93.812,15153.0,511060,sh,5年地方债ETF海富通
2022-08-08,93.866,93.843,93.894,93.814,7716.0,511060,sh,5年地方债ETF海富通
2022-08-09,93.872,93.841,93.873,93.824,8179.0,511060,sh,5年地方债ETF海富通
2022-08-10,93.859,93.935,94.016,93.792,30705.0,511060,sh,5年地方债ETF海富通
2022-08-11,93.917,93.92,93.956,93.886,19328.0,511060,sh,5年地方债ETF海富通
2022-08-12,93.92,94.004,94.033,93.916,20807.0,511060,sh,5年地方债ETF海富通
2022-08-15,94.004,94.352,94.593,94.004,21131.0,511060,sh,5年地方债ETF海富通
2022-08-16,94.402,94.904,95.246,94.402,16405.0,511060,sh,5年地方债ETF海富通
2022-08-17,94.904,94.653,95.821,94.535,20302.0,511060,sh,5年地方债ETF海富通
2022-08-18,94.692,94.74,95.596,94.606,14577.0,511060,sh,5年地方债ETF海富通
2022-08-19,94.767,94.656,94.768,94.626,19633.0,511060,sh,5年地方债ETF海富通
2022-08-22,94.686,94.376,95.399,94.335,11846.0,511060,sh,5年地方债ETF海富通
2022-08-23,94.415,94.306,94.423,94.246,10729.0,511060,sh,5年地方债ETF海富通
2022-08-24,94.321,94.399,94.496,94.321,10944.0,511060,sh,5年地方债ETF海富通
2022-08-25,94.414,94.423,94.735,94.35,18501.0,511060,sh,5年地方债ETF海富通
2022-08-26,94.446,94.126,94.466,93.396,25718.0,511060,sh,5年地方债ETF海富通
2022-08-29,94.126,94.062,94.175,94.046,13168.0,511060,sh,5年地方债ETF海富通
2022-08-30,94.072,94.108,94.112,94.013,26589.0,511060,sh,5年地方债ETF海富通
2022-08-31,94.118,94.212,94.629,94.118,20637.0,511060,sh,5年地方债ETF海富通
2022-09-01,94.221,94.21,94.26,94.198,22955.0,511060,sh,5年地方债ETF海富通
2022-09-02,94.21,94.366,94.38,94.21,30227.0,511060,sh,5年地方债ETF海富通
2022-09-05,94.366,94.465,94.53,94.366,26898.0,511060,sh,5年地方债ETF海富通
2022-09-06,94.476,94.586,94.775,94.476,22953.0,511060,sh,5年地方债ETF海富通
2022-09-07,94.601,94.654,94.772,94.571,27027.0,511060,sh,5年地方债ETF海富通
2022-09-08,94.677,94.623,94.703,94.604,17129.0,511060,sh,5年地方债ETF海富通
2022-09-09,94.631,94.589,94.67,94.574,22858.0,511060,sh,5年地方债ETF海富通
2022-09-13,94.597,94.395,94.638,94.368,23259.0,511060,sh,5年地方债ETF海富通
2022-09-14,94.376,94.355,94.445,94.318,26315.0,511060,sh,5年地方债ETF海富通
2022-09-15,94.358,94.345,94.404,94.318,27912.0,511060,sh,5年地方债ETF海富通
2022-09-16,94.357,94.385,94.402,94.207,27845.0,511060,sh,5年地方债ETF海富通
2022-09-19,94.396,94.397,94.435,94.317,12546.0,511060,sh,5年地方债ETF海富通
2022-09-20,94.397,94.416,94.446,94.348,25068.0,511060,sh,5年地方债ETF海富通
2022-09-21,94.43,94.393,94.465,94.367,26111.0,511060,sh,5年地方债ETF海富通
2022-09-22,94.396,94.4,94.428,94.377,20423.0,511060,sh,5年地方债ETF海富通
2022-09-23,94.399,94.322,94.45,94.249,22191.0,511060,sh,5年地方债ETF海富通
2022-09-26,94.324,94.108,94.366,94.052,35448.0,511060,sh,5年地方债ETF海富通
2022-09-27,94.154,94.049,94.157,93.97,16390.0,511060,sh,5年地方债ETF海富通
2022-09-28,94.074,94.115,94.289,94.017,23636.0,511060,sh,5年地方债ETF海富通
2022-09-29,94.127,94.124,94.164,94.066,15091.0,511060,sh,5年地方债ETF海富通
2022-09-30,94.137,94.106,94.623,94.027,19979.0,511060,sh,5年地方债ETF海富通
2022-10-10,94.062,94.123,94.165,94.058,18366.0,511060,sh,5年地方债ETF海富通
2022-10-11,94.136,94.206,94.415,94.113,26365.0,511060,sh,5年地方债ETF海富通
2022-10-12,94.206,94.231,94.528,94.206,31631.0,511060,sh,5年地方债ETF海富通
2022-10-13,94.229,94.216,94.28,94.158,26234.0,511060,sh,5年地方债ETF海富通
2022-10-14,94.215,94.245,94.263,94.203,24155.0,511060,sh,5年地方债ETF海富通
2022-10-17,94.252,94.337,94.496,94.246,31331.0,511060,sh,5年地方债ETF海富通
2022-10-18,94.334,94.346,94.383,94.297,25908.0,511060,sh,5年地方债ETF海富通
2022-10-19,94.346,94.364,94.386,94.317,25061.0,511060,sh,5年地方债ETF海富通
2022-10-20,94.374,94.374,94.413,94.347,28009.0,511060,sh,5年地方债ETF海富通
2022-10-21,94.384,94.446,94.481,94.374,30814.0,511060,sh,5年地方债ETF海富通
2022-10-24,94.456,94.452,94.494,94.427,28381.0,511060,sh,5年地方债ETF海富通
2022-10-25,94.462,94.484,94.551,94.407,36265.0,511060,sh,5年地方债ETF海富通
2022-10-26,94.495,94.706,94.706,94.495,35909.0,511060,sh,5年地方债ETF海富通
2022-10-27,94.722,94.878,95.1,94.718,45748.0,511060,sh,5年地方债ETF海富通
2022-10-28,94.881,94.84,95.045,94.778,21020.0,511060,sh,5年地方债ETF海富通
2022-10-31,94.857,94.895,95.016,94.84,37662.0,511060,sh,5年地方债ETF海富通
2022-11-01,94.911,94.911,94.935,94.856,27575.0,511060,sh,5年地方债ETF海富通
2022-11-02,94.916,94.813,94.945,94.786,32912.0,511060,sh,5年地方债ETF海富通
2022-11-03,94.83,94.791,95.043,94.755,26097.0,511060,sh,5年地方债ETF海富通
2022-11-04,94.809,94.727,94.84,94.71,14211.0,511060,sh,5年地方债ETF海富通
2022-11-07,94.744,94.846,94.962,94.726,27378.0,511060,sh,5年地方债ETF海富通
2022-11-08,94.861,94.85,94.895,94.816,24166.0,511060,sh,5年地方债ETF海富通
2022-11-09,94.86,94.865,94.895,94.817,19296.0,511060,sh,5年地方债ETF海富通
2022-11-10,94.875,94.831,94.906,94.806,23617.0,511060,sh,5年地方债ETF海富通
2022-11-11,94.825,94.723,95.094,94.711,34263.0,511060,sh,5年地方债ETF海富通
2022-11-14,94.713,94.526,94.773,94.487,69817.0,511060,sh,5年地方债ETF海富通
2022-11-15,94.541,94.433,94.877,94.396,30698.0,511060,sh,5年地方债ETF海富通
2022-11-16,94.45,94.431,94.475,94.401,22078.0,511060,sh,5年地方债ETF海富通
2022-11-17,94.445,94.347,94.481,94.317,24541.0,511060,sh,5年地方债ETF海富通
2022-11-18,94.336,94.465,94.809,94.297,22081.0,511060,sh,5年地方债ETF海富通
2022-11-21,94.48,94.461,94.584,94.446,29883.0,511060,sh,5年地方债ETF海富通
2022-11-22,94.48,94.402,94.506,94.387,24179.0,511060,sh,5年地方债ETF海富通
2022-11-23,94.406,94.425,94.451,94.354,45326.0,511060,sh,5年地方债ETF海富通
2022-11-24,94.435,94.601,94.607,94.417,32269.0,511060,sh,5年地方债ETF海富通
2022-11-25,94.61,94.506,94.648,94.496,34596.0,511060,sh,5年地方债ETF海富通
2022-11-28,94.551,94.554,94.595,94.509,42166.0,511060,sh,5年地方债ETF海富通
2022-11-29,94.564,94.409,94.564,94.397,34432.0,511060,sh,5年地方债ETF海富通
2022-11-30,94.404,94.346,94.458,94.312,28173.0,511060,sh,5年地方债ETF海富通
2022-12-01,94.356,94.298,94.388,94.261,27710.0,511060,sh,5年地方债ETF海富通
2022-12-02,94.308,94.301,94.346,94.289,24860.0,511060,sh,5年地方债ETF海富通
2022-12-05,94.31,94.306,94.335,94.252,37679.0,511060,sh,5年地方债ETF海富通
2022-12-06,94.314,94.329,94.354,94.198,31900.0,511060,sh,5年地方债ETF海富通
2022-12-07,94.374,94.286,94.374,94.279,32665.0,511060,sh,5年地方债ETF海富通
2022-12-08,94.237,94.28,94.292,94.237,14399.0,511060,sh,5年地方债ETF海富通
2022-12-09,94.23,94.245,94.246,94.23,31660.0,511060,sh,5年地方债ETF海富通
2022-12-12,94.236,94.171,94.247,94.115,22510.0,511060,sh,5年地方债ETF海富通
2022-12-13,94.19,94.051,94.19,94.051,19595.0,511060,sh,5年地方债ETF海富通
2022-12-14,94.036,94.051,94.054,94.033,27942.0,511060,sh,5年地方债ETF海富通
2022-12-15,94.061,94.014,94.07,93.968,23181.0,511060,sh,5年地方债ETF海富通
2022-12-16,94.864,94.276,94.864,94.217,31061.0,511060,sh,5年地方债ETF海富通
2022-12-19,94.266,94.279,94.325,94.227,26518.0,511060,sh,5年地方债ETF海富通
2022-12-20,94.264,94.272,94.28,94.236,33935.0,511060,sh,5年地方债ETF海富通
2022-12-21,94.257,94.282,94.321,94.222,28833.0,511060,sh,5年地方债ETF海富通
2022-12-22,94.267,94.29,94.331,94.243,36072.0,511060,sh,5年地方债ETF海富通
2022-12-23,94.275,94.263,94.296,94.191,41838.0,511060,sh,5年地方债ETF海富通
2022-12-26,94.248,94.255,94.307,94.214,28555.0,511060,sh,5年地方债ETF海富通
2022-12-27,94.242,94.156,94.298,94.114,46135.0,511060,sh,5年地方债ETF海富通
2022-12-28,94.141,94.074,94.206,94.02,16057.0,511060,sh,5年地方债ETF海富通
2022-12-29,94.067,94.079,94.164,94.043,13131.0,511060,sh,5年地方债ETF海富通
2022-12-30,94.098,94.046,94.109,94.029,17615.0,511060,sh,5年地方债ETF海富通
2023-01-03,94.043,94.03,94.051,94.011,11874.0,511060,sh,5年地方债ETF海富通
2023-01-04,94.071,94.092,94.114,94.065,34117.0,511060,sh,5年地方债ETF海富通
2023-01-05,94.089,94.132,94.142,94.047,42720.0,511060,sh,5年地方债ETF海富通
2023-01-06,94.089,94.107,94.181,94.089,27189.0,511060,sh,5年地方债ETF海富通
2023-01-09,94.095,94.003,94.155,93.996,34457.0,511060,sh,5年地方债ETF海富通
2023-01-10,94.004,93.784,94.035,93.697,26914.0,511060,sh,5年地方债ETF海富通
2023-01-11,93.784,93.801,93.831,93.735,27499.0,511060,sh,5年地方债ETF海富通
2023-01-12,93.786,93.84,93.851,93.767,21194.0,511060,sh,5年地方债ETF海富通
2023-01-13,93.852,93.851,93.889,93.796,24127.0,511060,sh,5年地方债ETF海富通
2023-01-16,93.838,94.187,94.243,93.802,13708.0,511060,sh,5年地方债ETF海富通
2023-01-17,94.172,94.21,94.389,94.142,22887.0,511060,sh,5年地方债ETF海富通
2023-01-18,94.193,94.173,94.26,94.16,38311.0,511060,sh,5年地方债ETF海富通
2023-01-19,94.16,94.11,94.166,94.061,31661.0,511060,sh,5年地方债ETF海富通
2023-01-20,94.1,94.146,94.158,94.061,29321.0,511060,sh,5年地方债ETF海富通
2023-01-30,94.156,94.132,94.194,94.097,17089.0,511060,sh,5年地方债ETF海富通
2023-01-31,94.118,94.153,94.159,94.097,34714.0,511060,sh,5年地方债ETF海富通
2023-02-01,94.147,94.241,94.246,94.147,27073.0,511060,sh,5年地方债ETF海富通
2023-02-02,94.231,94.35,94.376,94.231,28620.0,511060,sh,5年地方债ETF海富通
2023-02-03,94.338,94.348,94.385,94.302,28120.0,511060,sh,5年地方债ETF海富通
2023-02-06,94.339,94.337,94.388,94.321,49118.0,511060,sh,5年地方债ETF海富通
2023-02-07,94.326,94.316,94.386,94.287,22034.0,511060,sh,5年地方债ETF海富通
2023-02-08,94.321,94.465,94.478,94.315,38509.0,511060,sh,5年地方债ETF海富通
2023-02-09,94.48,94.486,94.555,94.447,30673.0,511060,sh,5年地方债ETF海富通
2023-02-10,94.473,94.526,94.576,94.46,23654.0,511060,sh,5年地方债ETF海富通
2023-02-13,94.541,94.546,94.575,94.513,19508.0,511060,sh,5年地方债ETF海富通
2023-02-14,94.551,94.525,94.59,94.497,34117.0,511060,sh,5年地方债ETF海富通
2023-02-15,94.521,94.519,94.574,94.511,45501.0,511060,sh,5年地方债ETF海富通
2023-02-16,94.521,94.516,94.567,94.516,36876.0,511060,sh,5年地方债ETF海富通
2023-02-17,94.526,94.525,94.565,94.516,29330.0,511060,sh,5年地方债ETF海富通
2023-02-20,94.521,94.508,94.536,94.496,13068.0,511060,sh,5年地方债ETF海富通
2023-02-21,94.521,94.486,94.523,94.475,21285.0,511060,sh,5年地方债ETF海富通
2023-02-22,94.466,94.481,94.534,94.466,15926.0,511060,sh,5年地方债ETF海富通
2023-02-23,94.439,94.506,94.529,94.439,34351.0,511060,sh,5年地方债ETF海富通
2023-02-24,94.526,94.485,94.539,94.464,27045.0,511060,sh,5年地方债ETF海富通
2023-02-27,94.485,94.478,94.531,94.456,13518.0,511060,sh,5年地方债ETF海富通
2023-02-28,94.516,94.464,94.516,94.433,33793.0,511060,sh,5年地方债ETF海富通
2023-03-01,94.494,94.482,94.526,94.436,19785.0,511060,sh,5年地方债ETF海富通
2023-03-02,94.505,94.39,94.516,94.376,7696.0,511060,sh,5年地方债ETF海富通
2023-03-03,94.381,94.354,94.414,94.34,16781.0,511060,sh,5年地方债ETF海富通
2023-03-06,94.358,94.38,94.401,94.346,66479.0,511060,sh,5年地方债ETF海富通
2023-03-07,94.38,94.419,94.468,94.378,71202.0,511060,sh,5年地方债ETF海富通
2023-03-08,94.45,94.438,94.465,94.387,88636.0,511060,sh,5年地方债ETF海富通
2023-03-09,94.429,94.514,94.594,94.429,69388.0,511060,sh,5年地方债ETF海富通
2023-03-10,94.531,94.673,94.694,94.51,42562.0,511060,sh,5年地方债ETF海富通
2023-03-13,94.695,94.801,94.847,94.676,90102.0,511060,sh,5年地方债ETF海富通
2023-03-14,94.848,94.826,94.848,94.766,72460.0,511060,sh,5年地方债ETF海富通
2023-03-15,94.827,94.821,94.869,94.777,103343.0,511060,sh,5年地方债ETF海富通
2023-03-16,94.821,94.802,94.87,94.782,45115.0,511060,sh,5年地方债ETF海富通
2023-03-17,94.771,94.782,94.822,94.768,46326.0,511060,sh,5年地方债ETF海富通
2023-03-20,94.779,94.795,94.805,94.736,54281.0,511060,sh,5年地方债ETF海富通
2023-03-21,94.786,94.813,94.845,94.766,45761.0,511060,sh,5年地方债ETF海富通
2023-03-22,94.813,94.811,94.814,94.797,44233.0,511060,sh,5年地方债ETF海富通
2023-03-23,94.787,94.845,94.855,94.787,96532.0,511060,sh,5年地方债ETF海富通
2023-03-24,94.866,94.801,94.896,94.776,49711.0,511060,sh,5年地方债ETF海富通
2023-03-27,94.809,94.825,94.845,94.797,55959.0,511060,sh,5年地方债ETF海富通
2023-03-28,94.797,94.819,94.845,94.796,26122.0,511060,sh,5年地方债ETF海富通
2023-03-29,94.826,94.83,94.861,94.81,33699.0,511060,sh,5年地方债ETF海富通
2023-03-30,94.846,94.84,94.846,94.797,43834.0,511060,sh,5年地方债ETF海富通
2023-03-31,94.843,94.872,94.886,94.803,61214.0,511060,sh,5年地方债ETF海富通
2023-04-03,94.866,94.907,94.916,94.836,40710.0,511060,sh,5年地方债ETF海富通
2023-04-04,94.907,94.92,94.956,94.907,53420.0,511060,sh,5年地方债ETF海富通
2023-04-06,94.921,94.942,94.968,94.906,57456.0,511060,sh,5年地方债ETF海富通
2023-04-07,94.986,94.945,94.986,94.924,100297.0,511060,sh,5年地方债ETF海富通
2023-04-10,94.982,94.984,94.994,94.928,82415.0,511060,sh,5年地方债ETF海富通
2023-04-11,94.961,95.076,95.092,94.961,81795.0,511060,sh,5年地方债ETF海富通
2023-04-12,95.096,95.174,95.574,95.077,68409.0,511060,sh,5年地方债ETF海富通
2023-04-13,95.158,95.16,95.224,95.136,51150.0,511060,sh,5年地方债ETF海富通
2023-04-14,95.147,95.087,95.181,95.07,57977.0,511060,sh,5年地方债ETF海富通
2023-04-17,95.087,95.078,95.116,94.996,20854.0,511060,sh,5年地方债ETF海富通
2023-04-18,95.079,95.067,95.092,95.03,51778.0,511060,sh,5年地方债ETF海富通
2023-04-19,95.067,95.162,95.293,95.067,41182.0,511060,sh,5年地方债ETF海富通
2023-04-20,95.162,95.194,95.266,95.162,39253.0,511060,sh,5年地方债ETF海富通
2023-04-21,95.194,95.267,95.29,95.182,43943.0,511060,sh,5年地方债ETF海富通
2023-04-24,95.271,95.497,95.542,95.236,26360.0,511060,sh,5年地方债ETF海富通
2023-04-25,95.497,95.453,95.547,95.43,43453.0,511060,sh,5年地方债ETF海富通
2023-04-26,95.451,95.434,95.501,95.393,35244.0,511060,sh,5年地方债ETF海富通
2023-04-27,95.436,95.536,95.626,95.436,18861.0,511060,sh,5年地方债ETF海富通
2023-04-28,95.536,95.473,95.536,95.402,21771.0,511060,sh,5年地方债ETF海富通
2023-05-04,95.473,95.475,95.518,95.413,24664.0,511060,sh,5年地方债ETF海富通
2023-05-05,95.506,95.547,95.576,95.486,25727.0,511060,sh,5年地方债ETF海富通
2023-05-08,95.549,95.65,95.816,95.502,25823.0,511060,sh,5年地方债ETF海富通
2023-05-09,95.696,95.786,95.947,95.686,33612.0,511060,sh,5年地方债ETF海富通
2023-05-10,95.791,95.899,96.266,95.77,23043.0,511060,sh,5年地方债ETF海富通
2023-05-11,95.948,96.023,96.117,95.915,39745.0,511060,sh,5年地方债ETF海富通
2023-05-12,96.046,95.986,96.186,95.951,42254.0,511060,sh,5年地方债ETF海富通
2023-05-15,96.03,95.936,96.187,95.897,72483.0,511060,sh,5年地方债ETF海富通
2023-05-16,95.955,95.887,96.146,95.861,64383.0,511060,sh,5年地方债ETF海富通
2023-05-17,95.934,95.767,96.036,95.748,84435.0,511060,sh,5年地方债ETF海富通
2023-05-18,95.773,95.634,95.876,95.552,56651.0,511060,sh,5年地方债ETF海富通
2023-05-19,95.645,95.642,95.676,95.597,53416.0,511060,sh,5年地方债ETF海富通
2023-05-22,95.646,95.737,95.746,95.64,59342.0,511060,sh,5年地方债ETF海富通
2023-05-23,95.784,95.962,95.966,95.74,40006.0,511060,sh,5年地方债ETF海富通
2023-05-24,95.965,95.953,96.012,95.914,50338.0,511060,sh,5年地方债ETF海富通
2023-05-25,95.953,95.946,95.965,95.903,44106.0,511060,sh,5年地方债ETF海富通
2023-05-26,95.984,95.892,95.996,95.836,49479.0,511060,sh,5年地方债ETF海富通
2023-05-29,95.892,95.981,95.987,95.861,46216.0,511060,sh,5年地方债ETF海富通
2023-05-30,95.986,95.993,96.03,95.946,50972.0,511060,sh,5年地方债ETF海富通
2023-05-31,95.991,96.134,96.141,95.981,41145.0,511060,sh,5年地方债ETF海富通
2023-06-01,96.11,96.229,96.254,96.11,57987.0,511060,sh,5年地方债ETF海富通
2023-06-02,96.275,96.104,96.275,96.087,56332.0,511060,sh,5年地方债ETF海富通
2023-06-05,96.095,96.227,96.286,96.095,52828.0,511060,sh,5年地方债ETF海富通
2023-06-06,96.231,96.287,96.296,96.216,48528.0,511060,sh,5年地方债ETF海富通
2023-06-07,96.331,96.326,96.372,96.246,64774.0,511060,sh,5年地方债ETF海富通
2023-06-08,96.326,96.351,96.371,96.316,53062.0,511060,sh,5年地方债ETF海富通
2023-06-09,96.358,96.456,96.517,96.358,38336.0,511060,sh,5年地方债ETF海富通
2023-06-12,96.466,96.542,96.546,96.456,46301.0,511060,sh,5年地方债ETF海富通
2023-06-13,96.55,96.717,96.796,96.55,48441.0,511060,sh,5年地方债ETF海富通
2023-06-14,96.7,96.796,96.928,96.7,51853.0,511060,sh,5年地方债ETF海富通
2023-06-15,96.799,96.703,96.932,96.661,45667.0,511060,sh,5年地方债ETF海富通
2023-06-16,96.646,96.596,96.753,96.575,39609.0,511060,sh,5年地方债ETF海富通
2023-06-19,96.64,96.798,96.799,96.64,28065.0,511060,sh,5年地方债ETF海富通
2023-06-20,96.791,96.776,97.478,96.696,40388.0,511060,sh,5年地方债ETF海富通
2023-06-21,96.806,96.892,96.946,96.737,48335.0,511060,sh,5年地方债ETF海富通
2023-06-26,96.936,96.914,96.976,96.855,40997.0,511060,sh,5年地方债ETF海富通
2023-06-27,96.926,96.843,96.956,96.739,43029.0,511060,sh,5年地方债ETF海富通
2023-06-28,96.851,96.846,96.892,96.802,48019.0,511060,sh,5年地方债ETF海富通
2023-06-29,96.851,96.883,96.891,96.761,74521.0,511060,sh,5年地方债ETF海富通
2023-06-30,96.888,96.916,96.932,96.859,61005.0,511060,sh,5年地方债ETF海富通
2023-07-03,96.92,96.821,96.96,96.788,29466.0,511060,sh,5年地方债ETF海富通
2023-07-04,96.822,96.811,96.856,96.805,80376.0,511060,sh,5年地方债ETF海富通
2023-07-05,96.812,96.722,96.831,96.701,35838.0,511060,sh,5年地方债ETF海富通
2023-07-06,96.766,96.699,96.766,96.619,53890.0,511060,sh,5年地方债ETF海富通
2023-07-07,96.72,96.741,96.742,96.649,39803.0,511060,sh,5年地方债ETF海富通
2023-07-10,96.741,96.847,96.956,96.741,44206.0,511060,sh,5年地方债ETF海富通
2023-07-11,96.847,96.873,96.897,96.847,44266.0,511060,sh,5年地方债ETF海富通
2023-07-12,96.895,96.887,96.895,96.856,38936.0,511060,sh,5年地方债ETF海富通
2023-07-13,96.887,96.88,96.889,96.838,34537.0,511060,sh,5年地方债ETF海富通
2023-07-14,96.872,96.835,96.872,96.796,41792.0,511060,sh,5年地方债ETF海富通
2023-07-17,96.832,96.865,96.874,96.811,45226.0,511060,sh,5年地方债ETF海富通
2023-07-18,96.866,96.992,97.043,96.866,34901.0,511060,sh,5年地方债ETF海富通
2023-07-19,96.992,96.961,97.041,96.944,39454.0,511060,sh,5年地方债ETF海富通
2023-07-20,96.996,96.943,96.996,96.927,31216.0,511060,sh,5年地方债ETF海富通
2023-07-21,96.985,97.072,97.128,96.966,30447.0,511060,sh,5年地方债ETF海富通
2023-07-24,97.116,97.165,97.246,97.076,31927.0,511060,sh,5年地方债ETF海富通
2023-07-25,97.015,96.965,97.015,96.921,32859.0,511060,sh,5年地方债ETF海富通
2023-07-26,96.994,97.054,97.091,96.938,45647.0,511060,sh,5年地方债ETF海富通
2023-07-27,97.057,97.179,97.276,97.037,31588.0,511060,sh,5年地方债ETF海富通
2023-07-28,97.203,97.089,97.203,96.952,27131.0,511060,sh,5年地方债ETF海富通
2023-07-31,97.047,97.091,97.138,96.967,40598.0,511060,sh,5年地方债ETF海富通
2023-08-01,97.091,97.166,97.218,97.091,39242.0,511060,sh,5年地方债ETF海富通
2023-08-02,97.202,97.36,97.496,97.157,37457.0,511060,sh,5年地方债ETF海富通
2023-08-03,97.361,97.363,97.399,97.333,34605.0,511060,sh,5年地方债ETF海富通
2023-08-04,97.366,97.32,97.391,97.226,35047.0,511060,sh,5年地方债ETF海富通
2023-08-07,97.282,97.311,97.346,97.238,26472.0,511060,sh,5年地方债ETF海富通
2023-08-08,97.297,97.331,97.354,97.296,4033.0,511060,sh,5年地方债ETF海富通
2023-08-09,97.326,97.336,97.379,97.309,30436.0,511060,sh,5年地方债ETF海富通
2023-08-10,97.31,97.344,97.359,97.31,25699.0,511060,sh,5年地方债ETF海富通
2023-08-11,97.352,97.344,97.375,97.323,29311.0,511060,sh,5年地方债ETF海富通
2023-08-14,97.379,97.361,97.379,97.311,26760.0,511060,sh,5年地方债ETF海富通
2023-08-15,97.321,97.461,97.572,97.321,26514.0,511060,sh,5年地方债ETF海富通
2023-08-16,97.459,97.486,97.511,97.434,26304.0,511060,sh,5年地方债ETF海富通
2023-08-17,97.532,97.45,97.532,97.441,25001.0,511060,sh,5年地方债ETF海富通
2023-08-18,97.464,97.498,97.5,97.438,35902.0,511060,sh,5年地方债ETF海富通
2023-08-21,97.496,97.539,97.548,97.496,27116.0,511060,sh,5年地方债ETF海富通
2023-08-22,97.511,97.514,97.575,97.5,23944.0,511060,sh,5年地方债ETF海富通
2023-08-23,97.561,97.555,97.686,97.506,26354.0,511060,sh,5年地方债ETF海富通
2023-08-24,97.506,97.491,97.606,97.447,26763.0,511060,sh,5年地方债ETF海富通
2023-08-25,97.53,97.469,97.561,97.447,27445.0,511060,sh,5年地方债ETF海富通
2023-08-28,97.351,97.271,97.358,97.197,55100.0,511060,sh,5年地方债ETF海富通
2023-08-29,97.244,97.25,97.296,97.229,38179.0,511060,sh,5年地方债ETF海富通
2023-08-30,97.249,97.259,97.329,97.201,28466.0,511060,sh,5年地方债ETF海富通
2023-08-31,97.264,97.328,97.349,97.264,32958.0,511060,sh,5年地方债ETF海富通
2023-09-01,97.287,97.305,97.333,97.267,22458.0,511060,sh,5年地方债ETF海富通
2023-09-04,97.251,97.182,97.251,97.151,25542.0,511060,sh,5年地方债ETF海富通
2023-09-05,97.184,97.245,97.26,97.184,26416.0,511060,sh,5年地方债ETF海富通
2023-09-06,97.292,97.244,97.301,97.215,26997.0,511060,sh,5年地方债ETF海富通
2023-09-07,97.217,97.232,97.291,97.216,27094.0,511060,sh,5年地方债ETF海富通
2023-09-08,97.242,97.23,97.301,97.23,26855.0,511060,sh,5年地方债ETF海富通
2023-09-11,97.177,97.209,97.244,97.177,32406.0,511060,sh,5年地方债ETF海富通
2023-09-12,97.197,97.186,97.256,97.186,31643.0,511060,sh,5年地方债ETF海富通
2023-09-13,97.187,97.236,97.256,97.187,27699.0,511060,sh,5年地方债ETF海富通
2023-09-14,97.285,97.23,97.356,97.227,40336.0,511060,sh,5年地方债ETF海富通
2023-09-15,97.267,97.212,97.279,97.212,27037.0,511060,sh,5年地方债ETF海富通
2023-09-18,97.161,97.1,97.162,97.068,27990.0,511060,sh,5年地方债ETF海富通
2023-09-19,97.104,97.111,97.149,97.096,32633.0,511060,sh,5年地方债ETF海富通
2023-09-20,97.088,97.025,97.12,97.025,27442.0,511060,sh,5年地方债ETF海富通
2023-09-21,97.025,96.995,97.035,96.97,27471.0,511060,sh,5年地方债ETF海富通
2023-09-22,96.986,96.964,97.055,96.964,24421.0,511060,sh,5年地方债ETF海富通
2023-09-25,96.984,96.959,97.005,96.918,38245.0,511060,sh,5年地方债ETF海富通
2023-09-26,97.593,97.059,97.593,96.996,33051.0,511060,sh,5年地方债ETF海富通
2023-09-27,97.013,97.103,97.108,97.013,25557.0,511060,sh,5年地方债ETF海富通
2023-09-28,97.153,97.163,97.225,97.137,26139.0,511060,sh,5年地方债ETF海富通
2023-10-09,97.195,97.199,97.212,97.146,31657.0,511060,sh,5年地方债ETF海富通
2023-10-10,97.235,97.242,97.295,97.181,30711.0,511060,sh,5年地方债ETF海富通
2023-10-11,97.216,96.954,97.216,96.921,31236.0,511060,sh,5年地方债ETF海富通
2023-10-12,96.904,96.913,96.924,96.826,26524.0,511060,sh,5年地方债ETF海富通
2023-10-13,96.962,96.924,96.977,96.911,20816.0,511060,sh,5年地方债ETF海富通
2023-10-16,96.956,96.963,96.976,96.947,26131.0,511060,sh,5年地方债ETF海富通
2023-10-17,96.916,96.859,96.933,96.849,19904.0,511060,sh,5年地方债ETF海富通
2023-10-18,96.846,96.859,96.895,96.837,25584.0,511060,sh,5年地方债ETF海富通
2023-10-19,96.841,96.799,96.875,96.792,24652.0,511060,sh,5年地方债ETF海富通
2023-10-20,96.816,96.926,96.933,96.79,18090.0,511060,sh,5年地方债ETF海富通
2023-10-23,96.955,96.96,96.995,96.926,11286.0,511060,sh,5年地方债ETF海富通
2023-10-24,96.892,96.881,96.93,96.846,33415.0,511060,sh,5年地方债ETF海富通
2023-10-25,96.791,96.795,96.888,96.791,31040.0,511060,sh,5年地方债ETF海富通
2023-10-26,96.835,96.829,96.883,96.788,25378.0,511060,sh,5年地方债ETF海富通
2023-10-27,96.846,96.85,96.891,96.826,26009.0,511060,sh,5年地方债ETF海富通
2023-10-30,96.809,96.82,96.896,96.809,28828.0,511060,sh,5年地方债ETF海富通
2023-10-31,96.801,96.894,96.896,96.801,25317.0,511060,sh,5年地方债ETF海富通
2023-11-01,96.972,96.938,96.974,96.899,32580.0,511060,sh,5年地方债ETF海富通
2023-11-02,96.956,97.006,97.017,96.931,17092.0,511060,sh,5年地方债ETF海富通
2023-11-03,97.049,97.011,97.051,96.985,28115.0,511060,sh,5年地方债ETF海富通
2023-11-06,97.011,97.092,97.104,97.005,38493.0,511060,sh,5年地方债ETF海富通
2023-11-07,97.092,97.092,97.11,97.077,35904.0,511060,sh,5年地方债ETF海富通
2023-11-08,97.095,97.116,97.132,97.056,32338.0,511060,sh,5年地方债ETF海富通
2023-11-09,97.119,97.119,97.161,97.101,33551.0,511060,sh,5年地方债ETF海富通
2023-11-10,97.096,97.144,97.281,97.076,11491.0,511060,sh,5年地方债ETF海富通
2023-11-13,97.175,97.21,97.236,97.175,24864.0,511060,sh,5年地方债ETF海富通
2023-11-14,97.216,97.151,97.226,97.136,24116.0,511060,sh,5年地方债ETF海富通
2023-11-15,97.185,97.172,97.2,97.017,29249.0,511060,sh,5年地方债ETF海富通
2023-11-16,97.175,97.213,97.237,97.157,27713.0,511060,sh,5年地方债ETF海富通
2023-11-17,97.217,97.216,97.294,97.196,20676.0,511060,sh,5年地方债ETF海富通
2023-11-20,97.221,97.233,97.306,97.221,26398.0,511060,sh,5年地方债ETF海富通
2023-11-21,97.211,97.14,97.254,97.102,15316.0,511060,sh,5年地方债ETF海富通
2023-11-22,97.176,97.057,97.185,96.986,15578.0,511060,sh,5年地方债ETF海富通
2023-11-23,97.096,96.997,97.096,96.955,28781.0,511060,sh,5年地方债ETF海富通
2023-11-24,97.074,97.092,97.096,97.037,26342.0,511060,sh,5年地方债ETF海富通
2023-11-27,97.086,97.098,97.139,97.086,27210.0,511060,sh,5年地方债ETF海富通
2023-11-28,97.155,97.157,97.191,97.123,38914.0,511060,sh,5年地方债ETF海富通
2023-11-29,97.186,97.165,97.186,97.141,34761.0,511060,sh,5年地方债ETF海富通
2023-11-30,97.186,97.157,97.191,97.151,25925.0,511060,sh,5年地方债ETF海富通
2023-12-01,97.161,97.228,97.294,97.161,27267.0,511060,sh,5年地方债ETF海富通
2023-12-04,97.265,97.308,97.319,97.263,34757.0,511060,sh,5年地方债ETF海富通
2023-12-05,97.375,97.426,97.426,97.375,30119.0,511060,sh,5年地方债ETF海富通
2023-12-06,97.386,97.395,97.396,97.341,40965.0,511060,sh,5年地方债ETF海富通
2023-12-07,97.396,97.412,97.416,97.392,30516.0,511060,sh,5年地方债ETF海富通
2023-12-08,97.412,97.467,97.495,97.412,31887.0,511060,sh,5年地方债ETF海富通
2023-12-11,97.516,97.552,97.574,97.486,20101.0,511060,sh,5年地方债ETF海富通
2023-12-12,97.506,97.561,97.586,97.506,47240.0,511060,sh,5年地方债ETF海富通
2023-12-13,97.592,97.622,97.65,97.591,27331.0,511060,sh,5年地方债ETF海富通
2023-12-14,97.586,97.63,97.681,97.586,32620.0,511060,sh,5年地方债ETF海富通
2023-12-15,97.632,97.806,97.986,97.632,39218.0,511060,sh,5年地方债ETF海富通
2023-12-18,97.756,97.862,97.895,97.716,34651.0,511060,sh,5年地方债ETF海富通
2023-12-19,97.813,97.715,97.813,97.679,30447.0,511060,sh,5年地方债ETF海富通
2023-12-20,97.784,97.716,97.784,97.682,19073.0,511060,sh,5年地方债ETF海富通
2023-12-21,97.766,97.755,97.786,97.708,25735.0,511060,sh,5年地方债ETF海富通
2023-12-22,97.761,97.722,97.784,97.684,907.0,511060,sh,5年地方债ETF海富通
2023-12-25,97.78,97.745,97.879,97.717,15877.0,511060,sh,5年地方债ETF海富通
2023-12-26,97.756,97.755,97.824,97.72,13960.0,511060,sh,5年地方债ETF海富通
2023-12-27,97.789,97.781,97.819,97.747,32423.0,511060,sh,5年地方债ETF海富通
2023-12-28,97.812,97.776,97.878,97.676,9461.0,511060,sh,5年地方债ETF海富通
2023-12-29,97.82,97.622,97.866,97.596,20751.0,511060,sh,5年地方债ETF海富通
2024-01-02,97.643,97.648,97.686,97.625,26183.0,511060,sh,5年地方债ETF海富通
2024-01-03,97.665,97.708,97.732,97.665,30433.0,511060,sh,5年地方债ETF海富通
2024-01-04,97.736,97.768,97.807,97.736,520.0,511060,sh,5年地方债ETF海富通
2024-01-05,97.791,97.948,97.994,97.772,990.0,511060,sh,5年地方债ETF海富通
2024-01-08,97.926,98.064,98.124,97.926,21609.0,511060,sh,5年地方债ETF海富通
2024-01-09,98.015,98.095,98.096,97.997,36341.0,511060,sh,5年地方债ETF海富通
2024-01-10,98.136,98.112,98.19,98.096,22830.0,511060,sh,5年地方债ETF海富通
2024-01-11,98.113,98.179,98.179,98.109,27915.0,511060,sh,5年地方债ETF海富通
2024-01-12,98.173,98.22,98.265,98.173,22895.0,511060,sh,5年地方债ETF海富通
2024-01-15,98.221,98.172,98.221,98.117,28192.0,511060,sh,5年地方债ETF海富通
2024-01-16,98.216,98.203,98.282,98.147,27057.0,511060,sh,5年地方债ETF海富通
2024-01-17,98.144,98.24,98.24,98.144,22717.0,511060,sh,5年地方债ETF海富通
2024-01-18,98.293,98.302,98.354,98.196,40532.0,511060,sh,5年地方债ETF海富通
2024-01-19,98.338,98.325,98.349,98.286,29315.0,511060,sh,5年地方债ETF海富通
2024-01-22,98.286,98.295,98.335,98.246,23222.0,511060,sh,5年地方债ETF海富通
2024-01-23,98.226,98.282,98.288,98.162,18425.0,511060,sh,5年地方债ETF海富通
2024-01-24,98.281,98.262,98.282,98.182,21078.0,511060,sh,5年地方债ETF海富通
2024-01-25,98.312,98.456,98.562,98.305,28451.0,511060,sh,5年地方债ETF海富通
2024-01-26,98.411,98.446,98.505,98.409,21604.0,511060,sh,5年地方债ETF海富通
2024-01-29,98.401,98.527,98.595,98.401,29639.0,511060,sh,5年地方债ETF海富通
2024-01-30,98.577,98.751,98.779,98.556,18514.0,511060,sh,5年地方债ETF海富通
2024-01-31,98.996,98.98,98.996,98.747,32824.0,511060,sh,5年地方债ETF海富通
2024-02-01,99.094,99.066,99.096,98.896,58923.0,511060,sh,5年地方债ETF海富通
2024-02-02,99.122,99.138,99.221,98.885,30895.0,511060,sh,5年地方债ETF海富通
2024-02-05,99.297,99.244,99.389,99.147,47736.0,511060,sh,5年地方债ETF海富通
2024-02-06,99.128,98.978,99.216,98.893,1857.0,511060,sh,5年地方债ETF海富通
2024-02-07,99.134,99.064,99.134,99.018,60701.0,511060,sh,5年地方债ETF海富通
2024-02-08,99.258,99.354,99.357,98.996,20964.0,511060,sh,5年地方债ETF海富通
2024-02-19,99.354,99.374,99.39,99.065,33762.0,511060,sh,5年地方债ETF海富通
2024-02-20,99.385,99.392,99.392,99.321,31299.0,511060,sh,5年地方债ETF海富通
2024-02-21,99.392,99.424,99.434,99.352,22830.0,511060,sh,5年地方债ETF海富通
2024-02-22,99.374,99.428,99.444,99.368,28310.0,511060,sh,5年地方债ETF海富通
2024-02-23,99.491,99.594,99.71,99.248,41780.0,511060,sh,5年地方债ETF海富通
2024-02-26,99.544,99.585,99.611,99.496,13464.0,511060,sh,5年地方债ETF海富通
2024-02-27,99.617,99.674,99.685,99.601,10713.0,511060,sh,5年地方债ETF海富通
2024-02-28,99.724,99.738,99.74,99.645,27915.0,511060,sh,5年地方债ETF海富通
2024-02-29,99.749,99.777,99.989,99.68,18252.0,511060,sh,5年地方债ETF海富通
2024-03-01,99.743,99.637,99.763,99.636,24708.0,511060,sh,5年地方债ETF海富通
2024-03-04,99.74,99.786,99.819,99.74,33820.0,511060,sh,5年地方债ETF海富通
2024-03-05,99.758,99.758,99.766,99.738,38546.0,511060,sh,5年地方债ETF海富通
2024-03-06,99.787,99.883,99.995,99.779,25764.0,511060,sh,5年地方债ETF海富通
2024-03-07,99.926,99.927,99.941,99.441,21427.0,511060,sh,5年地方债ETF海富通
2024-03-08,99.878,99.922,99.947,99.863,30585.0,511060,sh,5年地方债ETF海富通
2024-03-11,99.906,99.912,99.987,99.848,35372.0,511060,sh,5年地方债ETF海富通
2024-03-12,99.856,99.687,99.856,99.523,35705.0,511060,sh,5年地方债ETF海富通
2024-03-13,99.701,99.71,99.756,99.654,29326.0,511060,sh,5年地方债ETF海富通
2024-03-14,99.712,99.594,99.725,99.49,43050.0,511060,sh,5年地方债ETF海富通
2024-03-15,99.674,99.819,99.833,99.599,46380.0,511060,sh,5年地方债ETF海富通
2024-03-18,99.769,99.846,99.888,99.686,33272.0,511060,sh,5年地方债ETF海富通
2024-03-19,99.796,99.951,99.975,99.757,9379.0,511060,sh,5年地方债ETF海富通
2024-03-20,99.842,99.886,100.242,99.793,39439.0,511060,sh,5年地方债ETF海富通
2024-03-21,99.84,99.935,99.939,99.84,17722.0,511060,sh,5年地方债ETF海富通
2024-03-22,99.963,99.97,100.062,99.765,25800.0,511060,sh,5年地方债ETF海富通
2024-03-25,99.97,99.967,100.005,99.907,14614.0,511060,sh,5年地方债ETF海富通
2024-03-26,99.917,99.983,100.006,99.917,38792.0,511060,sh,5年地方债ETF海富通
2024-03-27,99.967,100.018,100.018,99.918,18473.0,511060,sh,5年地方债ETF海富通
2024-03-28,100.027,99.996,100.051,99.985,171.0,511060,sh,5年地方债ETF海富通
2024-03-29,100.029,100.054,100.055,100.029,27621.0,511060,sh,5年地方债ETF海富通
2024-04-01,100.013,100.026,100.106,100.012,4901.0,511060,sh,5年地方债ETF海富通
2024-04-02,100.072,100.158,100.171,100.072,20784.0,511060,sh,5年地方债ETF海富通
2024-04-03,100.178,100.285,100.289,100.171,14886.0,511060,sh,5年地方债ETF海富通
2024-04-08,100.288,100.284,100.523,100.192,24524.0,511060,sh,5年地方债ETF海富通
2024-04-09,100.262,100.374,100.393,100.262,38812.0,511060,sh,5年地方债ETF海富通
2024-04-10,100.324,100.352,100.44,100.282,22026.0,511060,sh,5年地方债ETF海富通
2024-04-11,100.352,100.372,100.402,100.297,18965.0,511060,sh,5年地方债ETF海富通
2024-04-12,100.391,100.491,100.528,100.391,18725.0,511060,sh,5年地方债ETF海富通
2024-04-15,100.506,100.537,100.591,100.506,15796.0,511060,sh,5年地方债ETF海富通
2024-04-16,100.566,100.668,100.743,100.566,23220.0,511060,sh,5年地方债ETF海富通
2024-04-17,100.676,100.689,100.696,100.617,11878.0,511060,sh,5年地方债ETF海富通
2024-04-18,100.641,100.706,100.736,100.626,21209.0,511060,sh,5年地方债ETF海富通
2024-04-19,100.706,100.744,100.767,100.673,22065.0,511060,sh,5年地方债ETF海富通
2024-04-22,100.744,100.912,100.935,100.744,23087.0,511060,sh,5年地方债ETF海富通
2024-04-23,100.882,101.019,101.026,100.822,17412.0,511060,sh,5年地方债ETF海富通
2024-04-24,100.833,100.773,100.918,100.733,26681.0,511060,sh,5年地方债ETF海富通
2024-04-25,100.772,100.852,100.869,100.772,15214.0,511060,sh,5年地方债ETF海富通
2024-04-26,100.816,100.563,100.816,100.51,3684.0,511060,sh,5年地方债ETF海富通
2024-04-29,100.754,100.163,100.754,100.046,6748.0,511060,sh,5年地方债ETF海富通
2024-04-30,100.163,100.422,100.426,100.163,18039.0,511060,sh,5年地方债ETF海富通
2024-05-06,100.498,100.465,100.557,100.222,23323.0,511060,sh,5年地方债ETF海富通
2024-05-07,100.586,100.635,100.648,100.485,13249.0,511060,sh,5年地方债ETF海富通
2024-05-08,100.635,100.665,100.678,100.586,17867.0,511060,sh,5年地方债ETF海富通
2024-05-09,100.661,100.698,100.716,100.621,57916.0,511060,sh,5年地方债ETF海富通
2024-05-10,100.715,100.575,100.778,100.503,17091.0,511060,sh,5年地方债ETF海富通
2024-05-13,100.648,100.572,100.71,100.521,26935.0,511060,sh,5年地方债ETF海富通
2024-05-14,100.726,100.636,100.726,100.557,17468.0,511060,sh,5年地方债ETF海富通
2024-05-15,100.722,100.636,100.765,100.586,19113.0,511060,sh,5年地方债ETF海富通
2024-05-16,100.703,100.573,100.78,100.5,19950.0,511060,sh,5年地方债ETF海富通
2024-05-17,100.577,100.453,100.59,100.387,32886.0,511060,sh,5年地方债ETF海富通
2024-05-20,100.454,100.395,100.495,100.319,12122.0,511060,sh,5年地方债ETF海富通
2024-05-21,100.405,100.424,100.57,100.346,59630.0,511060,sh,5年地方债ETF海富通
2024-05-22,100.414,100.424,100.504,100.399,36895.0,511060,sh,5年地方债ETF海富通
2024-05-23,100.468,100.446,100.544,100.394,47023.0,511060,sh,5年地方债ETF海富通
2024-05-24,100.514,100.496,100.514,100.417,52302.0,511060,sh,5年地方债ETF海富通
2024-05-27,100.466,100.504,100.524,100.366,25051.0,511060,sh,5年地方债ETF海富通
2024-05-28,100.468,100.674,100.681,100.468,13872.0,511060,sh,5年地方债ETF海富通
2024-05-29,100.676,100.766,100.766,100.676,24344.0,511060,sh,5年地方债ETF海富通
2024-05-30,100.704,100.747,100.795,100.703,30197.0,511060,sh,5年地方债ETF海富通
2024-05-31,100.703,100.594,100.703,100.554,18100.0,511060,sh,5年地方债ETF海富通
2024-06-03,100.693,100.726,100.738,100.603,48165.0,511060,sh,5年地方债ETF海富通
2024-06-04,100.77,100.776,100.78,100.707,28322.0,511060,sh,5年地方债ETF海富通
2024-06-05,100.796,100.962,100.963,100.769,3303.0,511060,sh,5年地方债ETF海富通
2024-06-06,100.963,100.943,100.963,100.9,11492.0,511060,sh,5年地方债ETF海富通
2024-06-07,100.956,101.046,101.055,100.956,22823.0,511060,sh,5年地方债ETF海富通
2024-06-11,101.046,101.143,101.156,101.046,16950.0,511060,sh,5年地方债ETF海富通
2024-06-12,101.192,101.168,101.225,101.131,21240.0,511060,sh,5年地方债ETF海富通
2024-06-13,101.152,101.164,101.187,101.118,12903.0,511060,sh,5年地方债ETF海富通
2024-06-14,101.171,101.157,101.176,101.141,20196.0,511060,sh,5年地方债ETF海富通
2024-06-17,101.168,101.165,101.188,101.097,37078.0,511060,sh,5年地方债ETF海富通
2024-06-18,101.181,101.228,101.25,101.181,34474.0,511060,sh,5年地方债ETF海富通
2024-06-19,101.232,101.249,101.284,101.173,27608.0,511060,sh,5年地方债ETF海富通
2024-06-20,101.259,101.292,101.303,101.216,28576.0,511060,sh,5年地方债ETF海富通
2024-06-21,101.291,101.187,101.32,101.138,29327.0,511060,sh,5年地方债ETF海富通
2024-06-24,101.166,101.38,101.393,101.14,19259.0,511060,sh,5年地方债ETF海富通
2024-06-25,101.37,101.514,101.561,101.37,47733.0,511060,sh,5年地方债ETF海富通
2024-06-26,101.516,101.519,101.534,101.44,34184.0,511060,sh,5年地方债ETF海富通
2024-06-27,101.545,101.544,101.545,101.446,54643.0,511060,sh,5年地方债ETF海富通
2024-06-28,101.595,101.569,101.656,101.504,43939.0,511060,sh,5年地方债ETF海富通
2024-07-01,101.622,101.486,101.689,101.259,3308.0,511060,sh,5年地方债ETF海富通
2024-07-02,101.588,101.677,101.678,101.266,17546.0,511060,sh,5年地方债ETF海富通
2024-07-03,101.715,101.751,101.81,101.674,29197.0,511060,sh,5年地方债ETF海富通
2024-07-04,101.767,101.755,101.781,101.711,72780.0,511060,sh,5年地方债ETF海富通
2024-07-05,101.786,101.698,101.805,101.698,19350.0,511060,sh,5年地方债ETF海富通
2024-07-08,101.631,101.567,101.631,101.496,25594.0,511060,sh,5年地方债ETF海富通
2024-07-09,101.68,101.751,101.753,101.68,39894.0,511060,sh,5年地方债ETF海富通
2024-07-10,101.751,101.731,101.786,101.716,19067.0,511060,sh,5年地方债ETF海富通
2024-07-11,101.731,101.761,101.816,101.72,55057.0,511060,sh,5年地方债ETF海富通
2024-07-12,101.761,101.815,101.86,101.761,6452.0,511060,sh,5年地方债ETF海富通
2024-07-15,101.816,101.836,101.862,101.791,33708.0,511060,sh,5年地方债ETF海富通
2024-07-16,101.835,101.835,101.87,101.816,73542.0,511060,sh,5年地方债ETF海富通
2024-07-17,101.866,101.867,101.921,101.864,57043.0,511060,sh,5年地方债ETF海富通
2024-07-18,101.867,101.868,101.917,101.856,20529.0,511060,sh,5年地方债ETF海富通
2024-07-19,101.914,101.964,101.966,101.914,22312.0,511060,sh,5年地方债ETF海富通
2024-07-22,102.025,102.095,102.116,101.988,31558.0,511060,sh,5年地方债ETF海富通
2024-07-23,102.095,102.146,102.162,102.069,23069.0,511060,sh,5年地方债ETF海富通
2024-07-24,102.194,102.187,102.245,102.146,25818.0,511060,sh,5年地方债ETF海富通
2024-07-25,102.264,102.314,102.323,102.248,28610.0,511060,sh,5年地方债ETF海富通
2024-07-26,102.32,102.334,102.374,102.278,5491.0,511060,sh,5年地方债ETF海富通
2024-07-29,102.348,102.356,102.369,102.308,30763.0,511060,sh,5年地方债ETF海富通
2024-07-30,102.399,102.447,102.449,102.382,23518.0,511060,sh,5年地方债ETF海富通
2024-07-31,102.541,102.575,102.924,102.496,27012.0,511060,sh,5年地方债ETF海富通
2024-08-01,102.606,102.709,102.996,102.525,8172.0,511060,sh,5年地方债ETF海富通
2024-08-02,102.709,102.703,102.789,102.62,18136.0,511060,sh,5年地方债ETF海富通
2024-08-05,102.756,102.731,102.799,102.647,23110.0,511060,sh,5年地方债ETF海富通
2024-08-06,102.656,102.693,102.693,102.574,18942.0,511060,sh,5年地方债ETF海富通
2024-08-07,102.633,102.746,102.754,102.632,15358.0,511060,sh,5年地方债ETF海富通
2024-08-08,102.696,102.626,102.71,102.574,36957.0,511060,sh,5年地方债ETF海富通
2024-08-09,102.626,102.59,102.626,102.543,17951.0,511060,sh,5年地方债ETF海富通
2024-08-12,102.483,102.286,102.483,102.253,45936.0,511060,sh,5年地方债ETF海富通
2024-08-13,102.436,102.524,102.557,102.436,34987.0,511060,sh,5年地方债ETF海富通
2024-08-14,102.564,102.567,102.659,102.5,46761.0,511060,sh,5年地方债ETF海富通
2024-08-15,102.567,102.364,102.611,102.324,5259.0,511060,sh,5年地方债ETF海富通
2024-08-16,102.511,102.532,102.558,102.463,32806.0,511060,sh,5年地方债ETF海富通
2024-08-19,102.584,102.627,102.693,102.563,17721.0,511060,sh,5年地方债ETF海富通
2024-08-20,102.637,102.685,102.723,102.623,4336.0,511060,sh,5年地方债ETF海富通
2024-08-21,102.676,102.524,102.676,102.451,17823.0,511060,sh,5年地方债ETF海富通
2024-08-22,102.587,102.613,102.666,102.587,15408.0,511060,sh,5年地方债ETF海富通
2024-08-23,102.646,102.726,102.726,102.624,29931.0,511060,sh,5年地方债ETF海富通
2024-08-26,102.672,102.653,102.696,102.624,12886.0,511060,sh,5年地方债ETF海富通
2024-08-27,102.603,102.59,102.655,102.576,31134.0,511060,sh,5年地方债ETF海富通
2024-08-28,102.603,102.636,102.675,102.581,29111.0,511060,sh,5年地方债ETF海富通
2024-08-29,102.666,102.586,102.666,102.55,28438.0,511060,sh,5年地方债ETF海富通
2024-08-30,102.611,102.542,102.611,102.496,26206.0,511060,sh,5年地方债ETF海富通
2024-09-02,102.755,102.749,102.824,102.717,48019.0,511060,sh,5年地方债ETF海富通
2024-09-03,102.783,102.856,102.857,102.783,20796.0,511060,sh,5年地方债ETF海富通
2024-09-04,102.922,102.875,102.974,102.86,19530.0,511060,sh,5年地方债ETF海富通
2024-09-05,102.923,102.954,102.975,102.923,24438.0,511060,sh,5年地方债ETF海富通
2024-09-06,102.906,102.971,102.971,102.901,20942.0,511060,sh,5年地方债ETF海富通
2024-09-09,103.119,103.091,103.119,103.037,14817.0,511060,sh,5年地方债ETF海富通
2024-09-10,103.091,103.126,103.166,103.061,26743.0,511060,sh,5年地方债ETF海富通
2024-09-11,103.156,103.202,103.232,103.156,14316.0,511060,sh,5年地方债ETF海富通
2024-09-12,103.251,103.226,103.324,103.202,733.0,511060,sh,5年地方债ETF海富通
2024-09-13,103.276,103.246,103.348,103.228,4994.0,511060,sh,5年地方债ETF海富通
2024-09-18,103.289,103.31,103.386,103.289,2058.0,511060,sh,5年地方债ETF海富通
2024-09-19,103.41,103.314,103.473,103.296,27681.0,511060,sh,5年地方债ETF海富通
2024-09-20,103.376,103.432,103.441,103.376,13752.0,511060,sh,5年地方债ETF海富通
2024-09-23,103.387,103.405,103.48,103.355,42947.0,511060,sh,5年地方债ETF海富通
2024-09-24,103.494,103.273,103.525,103.154,1912.0,511060,sh,5年地方债ETF海富通
2024-09-25,103.248,103.477,103.477,103.223,1556.0,511060,sh,5年地方债ETF海富通
2024-09-26,103.552,103.279,103.654,103.216,11943.0,511060,sh,5年地方债ETF海富通
2024-09-27,103.195,102.851,103.195,102.846,1634.0,511060,sh,5年地方债ETF海富通
2024-09-30,102.293,102.581,102.581,100.776,12699.0,511060,sh,5年地方债ETF海富通
2024-10-08,102.787,102.63,102.787,101.837,18545.0,511060,sh,5年地方债ETF海富通
2024-10-09,102.875,102.934,102.975,102.76,13765.0,511060,sh,5年地方债ETF海富通
2024-10-10,102.875,103.299,103.299,102.575,668.0,511060,sh,5年地方债ETF海富通
2024-10-11,103.068,103.089,103.148,102.969,16415.0,511060,sh,5年地方债ETF海富通
2024-10-14,103.057,102.941,103.057,102.916,29134.0,511060,sh,5年地方债ETF海富通
2024-10-15,102.947,102.968,103.007,102.918,28624.0,511060,sh,5年地方债ETF海富通
2024-10-16,103.017,102.966,103.068,102.941,27679.0,511060,sh,5年地方债ETF海富通
2024-10-17,103.022,103.066,103.072,102.971,2281.0,511060,sh,5年地方债ETF海富通
2024-10-18,103.161,103.025,103.251,102.98,1140.0,511060,sh,5年地方债ETF海富通
2024-10-21,103.102,103.041,103.102,102.964,35742.0,511060,sh,5年地方债ETF海富通
2024-10-22,103.109,103.022,103.155,103.016,21834.0,511060,sh,5年地方债ETF海富通
2024-10-23,103.104,102.998,103.104,102.997,12164.0,511060,sh,5年地方债ETF海富通
2024-10-24,103.001,102.996,103.051,102.955,21663.0,511060,sh,5年地方债ETF海富通
2024-10-25,103.015,103.001,103.04,102.973,22457.0,511060,sh,5年地方债ETF海富通
2024-10-28,102.972,102.971,103.05,102.924,20899.0,511060,sh,5年地方债ETF海富通
2024-10-29,102.957,102.909,102.957,102.896,7119.0,511060,sh,5年地方债ETF海富通
2024-10-30,102.924,102.963,102.968,102.913,23949.0,511060,sh,5年地方债ETF海富通
2024-10-31,102.945,102.962,102.991,102.919,21953.0,511060,sh,5年地方债ETF海富通
2024-11-01,102.962,102.989,103.021,102.926,653.0,511060,sh,5年地方债ETF海富通
2024-11-04,103.046,103.045,103.065,103.015,20355.0,511060,sh,5年地方债ETF海富通
2024-11-05,103.145,103.176,103.176,103.087,19972.0,511060,sh,5年地方债ETF海富通
2024-11-06,103.176,103.181,103.251,103.143,250.0,511060,sh,5年地方债ETF海富通
2024-11-07,103.262,103.286,103.319,103.156,12471.0,511060,sh,5年地方债ETF海富通
2024-11-08,103.312,103.324,103.336,103.241,11168.0,511060,sh,5年地方债ETF海富通
2024-11-11,103.398,103.4,103.444,103.345,26457.0,511060,sh,5年地方债ETF海富通
2024-11-12,103.464,103.564,103.564,103.464,16746.0,511060,sh,5年地方债ETF海富通
2024-11-13,103.597,103.534,103.597,103.494,569.0,511060,sh,5年地方债ETF海富通
2024-11-14,103.583,103.575,103.584,103.534,18443.0,511060,sh,5年地方债ETF海富通
2024-11-15,103.642,103.717,103.736,103.632,2528.0,511060,sh,5年地方债ETF海富通
2024-11-18,103.718,103.552,103.718,103.51,21279.0,511060,sh,5年地方债ETF海富通
2024-11-19,103.578,103.582,103.62,103.566,1478.0,511060,sh,5年地方债ETF海富通
2024-11-20,103.641,103.67,103.671,103.571,1658.0,511060,sh,5年地方债ETF海富通
2024-11-21,103.623,103.71,103.71,103.623,11278.0,511060,sh,5年地方债ETF海富通
2024-11-22,103.745,103.634,103.745,103.628,17315.0,511060,sh,5年地方债ETF海富通
2024-11-25,103.623,103.722,103.739,103.611,2420.0,511060,sh,5年地方债ETF海富通
2024-11-26,103.674,103.73,103.773,103.674,13163.0,511060,sh,5年地方债ETF海富通
2024-11-27,103.787,103.806,103.852,103.755,13907.0,511060,sh,5年地方债ETF海富通
2024-11-28,103.818,103.874,103.876,103.818,2150.0,511060,sh,5年地方债ETF海富通
2024-11-29,103.876,103.835,103.916,103.761,32042.0,511060,sh,5年地方债ETF海富通
2024-12-02,104.016,104.127,104.132,103.999,29068.0,511060,sh,5年地方债ETF海富通
2024-12-03,104.125,104.057,104.129,104.022,18512.0,511060,sh,5年地方债ETF海富通
2024-12-04,104.148,104.188,104.194,104.096,19254.0,511060,sh,5年地方债ETF海富通
2024-12-05,104.206,104.188,104.226,104.134,25870.0,511060,sh,5年地方债ETF海富通
2024-12-06,104.216,104.238,104.276,104.216,26552.0,511060,sh,5年地方债ETF海富通
2024-12-09,104.288,104.287,104.361,104.235,15614.0,511060,sh,5年地方债ETF海富通
2024-12-10,104.295,104.576,104.591,103.756,24703.0,511060,sh,5年地方债ETF海富通
2024-12-11,104.485,104.495,104.495,104.398,36534.0,511060,sh,5年地方债ETF海富通
2024-12-12,104.495,104.577,104.577,104.495,21986.0,511060,sh,5年地方债ETF海富通
2024-12-13,104.731,104.807,104.864,104.731,30020.0,511060,sh,5年地方债ETF海富通
2024-12-16,104.87,104.976,105.054,104.87,50992.0,511060,sh,5年地方债ETF海富通
2024-12-17,105.014,104.987,105.014,104.948,19278.0,511060,sh,5年地方债ETF海富通
2024-12-18,105.11,105.002,105.19,104.872,2190.0,511060,sh,5年地方债ETF海富通
2024-12-19,105.09,105.088,105.152,105.006,1313.0,511060,sh,5年地方债ETF海富通
2024-12-20,105.204,105.317,105.328,105.204,40781.0,511060,sh,5年地方债ETF海富通
2024-12-23,105.476,105.258,105.504,105.201,27388.0,511060,sh,5年地方债ETF海富通
2024-12-24,105.396,105.369,105.468,105.244,28244.0,511060,sh,5年地方债ETF海富通
2024-12-25,105.495,105.368,105.495,105.324,31651.0,511060,sh,5年地方债ETF海富通
2024-12-26,105.396,105.296,105.418,105.278,15497.0,511060,sh,5年地方债ETF海富通
2024-12-27,105.346,105.444,105.444,105.344,45646.0,511060,sh,5年地方债ETF海富通
2024-12-30,105.401,105.083,105.401,105.046,4510.0,511060,sh,5年地方债ETF海富通
2024-12-31,105.284,105.209,105.285,105.129,3774.0,511060,sh,5年地方债ETF海富通
2025-01-02,105.229,105.248,105.252,105.178,15128.0,511060,sh,5年地方债ETF海富通
2025-01-03,105.364,105.582,105.583,105.336,2591.0,511060,sh,5年地方债ETF海富通
2025-01-06,105.512,105.441,105.569,105.418,23932.0,511060,sh,5年地方债ETF海富通
2025-01-07,105.419,105.331,105.441,105.249,1756.0,511060,sh,5年地方债ETF海富通
2025-01-08,105.411,105.378,105.417,105.314,35217.0,511060,sh,5年地方债ETF海富通
2025-01-09,105.4,105.229,105.42,105.219,12840.0,511060,sh,5年地方债ETF海富通
2025-01-10,105.161,105.333,105.357,104.684,45778.0,511060,sh,5年地方债ETF海富通
2025-01-13,105.304,105.196,105.311,105.128,18999.0,511060,sh,5年地方债ETF海富通
2025-01-14,105.356,105.422,105.433,105.222,17110.0,511060,sh,5年地方债ETF海富通
2025-01-15,105.434,105.369,105.44,105.34,20283.0,511060,sh,5年地方债ETF海富通
2025-01-16,105.32,105.353,105.396,105.242,15558.0,511060,sh,5年地方债ETF海富通
2025-01-17,105.365,105.343,105.385,105.29,40614.0,511060,sh,5年地方债ETF海富通
2025-01-20,105.341,105.332,105.372,105.318,26606.0,511060,sh,5年地方债ETF海富通
2025-01-21,105.332,105.388,105.388,105.269,997.0,511060,sh,5年地方债ETF海富通
2025-01-22,105.373,105.339,105.373,105.286,15884.0,511060,sh,5年地方债ETF海富通
2025-01-23,105.309,105.261,105.354,105.227,32828.0,511060,sh,5年地方债ETF海富通
2025-01-24,105.268,105.212,105.277,105.195,25044.0,511060,sh,5年地方债ETF海富通
2025-01-27,105.274,105.374,105.424,105.274,48454.0,511060,sh,5年地方债ETF海富通
2025-02-05,105.44,105.374,105.44,105.325,28701.0,511060,sh,5年地方债ETF海富通
2025-02-06,105.415,105.49,105.501,105.363,52561.0,511060,sh,5年地方债ETF海富通
2025-02-07,105.475,105.306,105.475,105.282,66690.0,511060,sh,5年地方债ETF海富通
2025-02-10,105.314,105.185,105.314,105.152,57980.0,511060,sh,5年地方债ETF海富通
2025-02-11,105.209,105.312,105.364,105.209,61370.0,511060,sh,5年地方债ETF海富通
2025-02-12,105.283,105.316,105.373,105.283,106168.0,511060,sh,5年地方债ETF海富通
2025-02-13,105.31,105.323,105.38,105.309,54347.0,511060,sh,5年地方债ETF海富通
2025-02-14,105.323,105.191,105.323,105.156,66802.0,511060,sh,5年地方债ETF海富通
2025-02-17,105.27,105.197,105.28,105.142,81755.0,511060,sh,5年地方债ETF海富通
2025-02-18,105.188,105.096,105.263,105.014,58438.0,511060,sh,5年地方债ETF海富通
2025-02-19,105.159,105.196,105.206,105.092,77768.0,511060,sh,5年地方债ETF海富通
2025-02-20,105.16,104.937,105.16,104.92,12002.0,511060,sh,5年地方债ETF海富通
2025-02-21,104.96,104.861,104.96,104.795,5474.0,511060,sh,5年地方债ETF海富通
2025-02-24,104.851,104.569,104.861,104.569,23841.0,511060,sh,5年地方债ETF海富通
2025-02-25,104.791,104.766,104.891,104.576,14241.0,511060,sh,5年地方债ETF海富通
2025-02-26,104.735,104.724,104.794,104.658,28506.0,511060,sh,5年地方债ETF海富通
2025-02-27,104.674,104.497,104.675,104.496,40466.0,511060,sh,5年地方债ETF海富通
2025-02-28,104.547,104.62,104.664,104.466,65683.0,511060,sh,5年地方债ETF海富通
2025-03-03,104.662,104.79,104.79,104.569,63035.0,511060,sh,5年地方债ETF海富通
2025-03-04,104.74,104.519,104.75,104.507,16610.0,511060,sh,5年地方债ETF海富通
2025-03-05,104.596,104.631,104.664,104.529,43837.0,511060,sh,5年地方债ETF海富通
2025-03-06,104.581,104.475,104.608,104.415,22021.0,511060,sh,5年地方债ETF海富通
2025-03-07,104.487,104.239,104.487,104.236,11166.0,511060,sh,5年地方债ETF海富通
2025-03-10,104.375,104.447,104.462,104.375,80225.0,511060,sh,5年地方债ETF海富通
2025-03-11,104.375,104.146,104.375,104.124,24840.0,511060,sh,5年地方债ETF海富通
2025-03-12,104.283,104.671,104.676,104.283,36729.0,511060,sh,5年地方债ETF海富通
2025-03-13,104.394,104.416,104.502,104.294,43469.0,511060,sh,5年地方债ETF海富通
2025-03-14,104.372,104.446,104.479,104.318,82778.0,511060,sh,5年地方债ETF海富通
2025-03-17,103.881,104.099,104.262,103.881,11809.0,511060,sh,5年地方债ETF海富通
2025-03-18,104.196,104.32,104.389,104.196,11638.0,511060,sh,5年地方债ETF海富通
2025-03-19,104.268,104.08,104.269,104.039,7698.0,511060,sh,5年地方债ETF海富通
2025-03-20,104.164,104.322,104.329,104.164,12133.0,511060,sh,5年地方债ETF海富通
2025-03-21,104.296,104.186,104.316,104.141,18500.0,511060,sh,5年地方债ETF海富通
2025-03-24,104.186,104.171,104.186,104.076,48178.0,511060,sh,5年地方债ETF海富通
2025-03-25,104.235,104.225,104.298,104.206,64036.0,511060,sh,5年地方债ETF海富通
2025-03-26,104.245,104.318,104.326,104.196,16680.0,511060,sh,5年地方债ETF海富通
2025-03-27,104.23,104.294,104.311,104.229,162630.0,511060,sh,5年地方债ETF海富通
2025-03-28,104.316,104.292,104.323,104.237,19013.0,511060,sh,5年地方债ETF海富通
2025-03-31,104.292,104.272,104.335,104.204,14397.0,511060,sh,5年地方债ETF海富通
2025-04-01,104.309,104.296,104.354,104.253,94304.0,511060,sh,5年地方债ETF海富通
2025-04-02,104.352,104.514,104.526,104.352,21171.0,511060,sh,5年地方债ETF海富通
2025-04-03,104.746,104.831,104.874,104.647,4932.0,511060,sh,5年地方债ETF海富通
2025-04-07,105.136,105.08,105.145,105.029,21516.0,511060,sh,5年地方债ETF海富通
2025-04-08,104.992,104.973,104.992,104.884,80323.0,511060,sh,5年地方债ETF海富通
2025-04-09,105.0,105.066,105.204,105.0,12722.0,511060,sh,5年地方债ETF海富通
2025-04-10,105.058,105.142,105.184,104.899,80830.0,511060,sh,5年地方债ETF海富通
2025-04-11,105.118,105.047,105.216,105.027,19726.0,511060,sh,5年地方债ETF海富通
2025-04-14,105.023,105.044,105.078,104.985,163019.0,511060,sh,5年地方债ETF海富通
2025-04-15,105.058,105.052,105.142,105.021,22944.0,511060,sh,5年地方债ETF海富通
2025-04-16,105.087,105.131,105.155,105.082,115517.0,511060,sh,5年地方债ETF海富通
2025-04-17,105.164,105.084,105.206,105.073,76505.0,511060,sh,5年地方债ETF海富通
2025-04-18,105.108,105.105,105.176,105.065,22702.0,511060,sh,5年地方债ETF海富通
2025-04-21,105.149,105.097,105.248,105.072,17174.0,511060,sh,5年地方债ETF海富通
2025-04-22,105.256,105.226,105.256,105.157,68124.0,511060,sh,5年地方债ETF海富通
2025-04-23,105.146,105.124,105.211,105.082,21043.0,511060,sh,5年地方债ETF海富通
2025-04-24,105.152,105.074,105.211,105.047,137219.0,511060,sh,5年地方债ETF海富通
2025-04-25,105.176,105.207,105.271,105.078,19307.0,511060,sh,5年地方债ETF海富通
2025-04-28,105.197,105.235,105.235,105.191,12154.0,511060,sh,5年地方债ETF海富通
2025-04-29,105.211,105.291,105.292,105.209,11025.0,511060,sh,5年地方债ETF海富通
2025-04-30,105.296,105.293,105.325,105.226,11716.0,511060,sh,5年地方债ETF海富通
2025-05-06,105.295,105.296,105.351,105.279,116886.0,511060,sh,5年地方债ETF海富通
2025-05-07,105.383,105.34,105.412,105.305,90915.0,511060,sh,5年地方债ETF海富通
2025-05-08,105.476,105.493,105.51,105.41,245682.0,511060,sh,5年地方债ETF海富通
2025-05-09,105.493,105.429,105.516,105.4,81790.0,511060,sh,5年地方债ETF海富通
2025-05-12,105.416,105.5,105.555,105.375,164012.0,511060,sh,5年地方债ETF海富通
2025-05-13,105.474,105.491,105.548,105.474,16751.0,511060,sh,5年地方债ETF海富通
2025-05-14,105.562,105.409,105.562,105.391,37429.0,511060,sh,5年地方债ETF海富通
2025-05-15,105.426,105.435,105.501,105.346,236026.0,511060,sh,5年地方债ETF海富通
2025-05-16,105.461,105.432,105.472,105.348,226871.0,511060,sh,5年地方债ETF海富通
2025-05-19,105.462,105.488,105.547,105.462,274008.0,511060,sh,5年地方债ETF海富通
2025-05-20,105.493,105.469,105.544,105.429,215892.0,511060,sh,5年地方债ETF海富通
2025-05-21,105.472,105.509,105.536,105.466,36592.0,511060,sh,5年地方债ETF海富通
2025-05-22,105.461,105.499,105.542,105.461,17662.0,511060,sh,5年地方债ETF海富通
2025-05-23,105.474,105.492,105.595,105.385,44444.0,511060,sh,5年地方债ETF海富通
2025-05-26,105.483,105.459,105.49,105.406,50715.0,511060,sh,5年地方债ETF海富通
2025-05-27,105.449,105.417,105.535,105.402,233726.0,511060,sh,5年地方债ETF海富通
2025-05-28,105.515,105.434,105.515,105.403,172670.0,511060,sh,5年地方债ETF海富通
2025-05-29,105.435,105.332,105.484,105.307,12449.0,511060,sh,5年地方债ETF海富通
2025-05-30,105.449,105.459,105.478,105.433,190476.0,511060,sh,5年地方债ETF海富通
2025-06-03,105.427,105.406,105.44,105.365,114994.0,511060,sh,5年地方债ETF海富通
2025-06-04,105.429,105.461,105.473,105.413,155802.0,511060,sh,5年地方债ETF海富通
2025-06-05,105.412,105.45,105.504,105.41,96940.0,511060,sh,5年地方债ETF海富通
2025-06-06,105.481,105.514,105.533,105.477,149839.0,511060,sh,5年地方债ETF海富通
2025-06-09,105.504,105.481,105.525,105.478,110566.0,511060,sh,5年地方债ETF海富通
2025-06-10,105.518,105.533,105.566,105.518,140707.0,511060,sh,5年地方债ETF海富通
2025-06-11,105.552,105.539,105.563,105.52,165344.0,511060,sh,5年地方债ETF海富通
2025-06-12,105.556,105.552,105.556,105.513,197561.0,511060,sh,5年地方债ETF海富通
2025-06-13,105.586,105.568,105.599,105.539,161003.0,511060,sh,5年地方债ETF海富通
2025-06-16,105.598,105.606,105.675,105.591,40267.0,511060,sh,5年地方债ETF海富通
2025-06-17,105.609,105.701,105.707,105.603,110490.0,511060,sh,5年地方债ETF海富通
2025-06-18,105.726,105.679,105.726,105.641,70456.0,511060,sh,5年地方债ETF海富通
2025-06-19,105.761,105.68,105.761,105.679,14025.0,511060,sh,5年地方债ETF海富通
2025-06-20,105.701,105.736,105.747,105.7,29264.0,511060,sh,5年地方债ETF海富通
2025-06-23,105.749,105.734,105.749,105.724,65718.0,511060,sh,5年地方债ETF海富通
2025-06-24,105.751,105.665,105.751,105.629,158464.0,511060,sh,5年地方债ETF海富通
2025-06-25,105.713,105.744,105.781,105.628,269276.0,511060,sh,5年地方债ETF海富通
2025-06-26,105.705,105.725,105.793,105.705,236779.0,511060,sh,5年地方债ETF海富通
2025-06-27,105.716,105.765,105.776,105.714,139644.0,511060,sh,5年地方债ETF海富通
2025-06-30,105.771,105.705,105.771,105.697,52272.0,511060,sh,5年地方债ETF海富通
2025-07-01,105.737,105.766,105.794,105.736,219204.0,511060,sh,5年地方债ETF海富通
2025-07-02,105.763,105.801,105.811,105.763,251371.0,511060,sh,5年地方债ETF海富通
2025-07-03,105.819,105.836,105.857,105.801,168140.0,511060,sh,5年地方债ETF海富通
2025-07-04,105.85,105.843,105.851,105.801,85490.0,511060,sh,5年地方债ETF海富通
2025-07-07,105.887,105.841,105.887,105.823,161225.0,511060,sh,5年地方债ETF海富通
2025-07-08,105.9,105.827,105.9,105.796,27062.0,511060,sh,5年地方债ETF海富通
2025-07-09,105.836,105.864,105.865,105.83,133761.0,511060,sh,5年地方债ETF海富通
2025-07-10,105.865,105.815,105.866,105.802,136168.0,511060,sh,5年地方债ETF海富通
2025-07-11,105.862,105.845,105.875,105.785,12009.0,511060,sh,5年地方债ETF海富通
2025-07-14,105.841,105.801,105.89,105.796,19417.0,511060,sh,5年地方债ETF海富通
2025-07-15,105.827,105.872,105.886,105.827,154353.0,511060,sh,5年地方债ETF海富通
2025-07-16,105.883,105.86,105.883,105.816,195705.0,511060,sh,5年地方债ETF海富通
2025-07-17,105.888,105.894,105.896,105.861,143788.0,511060,sh,5年地方债ETF海富通
2025-07-18,105.904,105.888,105.904,105.856,242003.0,511060,sh,5年地方债ETF海富通
2025-07-21,105.837,105.821,105.837,105.79,40327.0,511060,sh,5年地方债ETF海富通
2025-07-22,105.873,105.748,105.873,105.719,160999.0,511060,sh,5年地方债ETF海富通
2025-07-23,105.792,105.727,105.792,105.638,18840.0,511060,sh,5年地方债ETF海富通
2025-07-24,105.681,105.562,105.708,105.534,120260.0,511060,sh,5年地方债ETF海富通
2025-07-25,105.695,105.594,105.707,105.594,19818.0,511060,sh,5年地方债ETF海富通
2025-07-28,105.718,105.702,105.782,105.633,227067.0,511060,sh,5年地方债ETF海富通
2025-07-29,105.629,105.531,105.644,105.511,216357.0,511060,sh,5年地方债ETF海富通
2025-07-30,105.71,105.654,105.71,105.547,113445.0,511060,sh,5年地方债ETF海富通
2025-07-31,105.667,105.74,105.746,105.667,126668.0,511060,sh,5年地方债ETF海富通
2025-08-01,105.643,105.716,105.742,105.643,195449.0,511060,sh,5年地方债ETF海富通
2025-08-04,105.76,105.725,105.856,105.715,115106.0,511060,sh,5年地方债ETF海富通
2025-08-05,105.704,105.763,105.801,105.704,106006.0,511060,sh,5年地方债ETF海富通
2025-08-06,105.72,105.817,105.845,105.72,152391.0,511060,sh,5年地方债ETF海富通
2025-08-07,105.834,105.801,105.844,105.765,201711.0,511060,sh,5年地方债ETF海富通
2025-08-08,105.805,105.757,105.805,105.722,157391.0,511060,sh,5年地方债ETF海富通
2025-08-11,105.74,105.653,105.741,105.617,142608.0,511060,sh,5年地方债ETF海富通
2025-08-12,105.736,105.663,105.736,105.641,116763.0,511060,sh,5年地方债ETF海富通
2025-08-13,105.565,105.706,105.707,105.565,234741.0,511060,sh,5年地方债ETF海富通
2025-08-14,105.668,105.64,105.672,105.594,137876.0,511060,sh,5年地方债ETF海富通
2025-08-15,105.679,105.674,105.736,105.658,129075.0,511060,sh,5年地方债ETF海富通
2025-08-18,105.541,105.448,105.64,105.396,17115.0,511060,sh,5年地方债ETF海富通
2025-08-19,105.584,105.511,105.584,105.414,11518.0,511060,sh,5年地方债ETF海富通
2025-08-20,105.589,105.402,105.589,105.388,53359.0,511060,sh,5年地方债ETF海富通
2025-08-21,105.381,105.397,105.433,105.266,111256.0,511060,sh,5年地方债ETF海富通
2025-08-22,105.411,105.376,105.457,105.236,180807.0,511060,sh,5年地方债ETF海富通
2025-08-25,105.384,105.465,105.48,105.384,14081.0,511060,sh,5年地方债ETF海富通
2025-08-26,105.472,105.466,105.506,105.436,166251.0,511060,sh,5年地方债ETF海富通
2025-08-27,105.48,105.518,105.531,105.388,213918.0,511060,sh,5年地方债ETF海富通
2025-08-28,105.55,105.409,105.561,105.407,137567.0,511060,sh,5年地方债ETF海富通
2025-08-29,105.463,105.47,105.56,105.443,213628.0,511060,sh,5年地方债ETF海富通
2025-09-01,105.438,105.527,105.534,105.438,291054.0,511060,sh,5年地方债ETF海富通
2025-09-02,105.527,105.479,105.563,105.472,173638.0,511060,sh,5年地方债ETF海富通
2025-09-03,105.556,105.624,105.64,105.556,210012.0,511060,sh,5年地方债ETF海富通
2025-09-04,105.573,105.623,105.669,105.573,194380.0,511060,sh,5年地方债ETF海富通
2025-09-05,105.649,105.49,105.666,105.474,106297.0,511060,sh,5年地方债ETF海富通
2025-09-08,105.498,105.518,105.54,105.4,228270.0,511060,sh,5年地方债ETF海富通
2025-09-09,105.575,105.491,105.586,105.44,202779.0,511060,sh,5年地方债ETF海富通
2025-09-10,105.496,105.444,105.548,105.412,142403.0,511060,sh,5年地方债ETF海富通
2025-09-11,105.487,105.48,105.55,105.448,188993.0,511060,sh,5年地方债ETF海富通
2025-09-12,105.457,105.501,105.504,105.457,123414.0,511060,sh,5年地方债ETF海富通
2025-09-15,105.521,105.515,105.558,105.493,173782.0,511060,sh,5年地方债ETF海富通
2025-09-16,105.452,105.533,105.549,105.36,164449.0,511060,sh,5年地方债ETF海富通
2025-09-17,105.521,105.562,105.583,105.41,201662.0,511060,sh,5年地方债ETF海富通
2025-09-18,105.586,105.491,105.586,105.429,68884.0,511060,sh,5年地方债ETF海富通
2025-09-19,105.582,105.494,105.61,105.442,7965.0,511060,sh,5年地方债ETF海富通
2025-09-22,105.57,105.519,105.644,105.499,48946.0,511060,sh,5年地方债ETF海富通
2025-09-23,105.519,105.451,105.586,105.395,168478.0,511060,sh,5年地方债ETF海富通
2025-09-24,105.571,105.432,105.571,105.367,10098.0,511060,sh,5年地方债ETF海富通
2025-09-25,105.441,105.355,105.441,105.212,2081.0,511060,sh,5年地方债ETF海富通
2025-09-26,105.396,105.41,105.492,105.333,8981.0,511060,sh,5年地方债ETF海富通
2025-09-29,105.475,105.39,105.475,105.344,36714.0,511060,sh,5年地方债ETF海富通
2025-09-30,105.461,105.531,105.56,105.334,35310.0,511060,sh,5年地方债ETF海富通
2025-10-09,105.521,105.62,105.692,105.521,127097.0,511060,sh,5年地方债ETF海富通
2025-10-10,105.63,105.548,105.663,105.533,91945.0,511060,sh,5年地方债ETF海富通
2025-10-13,105.637,105.568,105.7,105.522,211318.0,511060,sh,5年地方债ETF海富通
2025-10-14,105.599,105.607,105.692,105.502,181851.0,511060,sh,5年地方债ETF海富通
2025-10-15,105.656,105.629,105.713,105.521,139850.0,511060,sh,5年地方债ETF海富通
2025-10-16,105.672,105.735,105.755,105.672,151821.0,511060,sh,5年地方债ETF海富通
2025-10-17,105.747,105.764,105.783,105.696,232525.0,511060,sh,5年地方债ETF海富通
2025-10-20,105.69,105.682,105.737,105.651,207179.0,511060,sh,5年地方债ETF海富通
2025-10-21,105.701,105.776,105.779,105.553,192152.0,511060,sh,5年地方债ETF海富通
2025-10-22,105.778,105.761,105.778,105.744,193508.0,511060,sh,5年地方债ETF海富通
2025-10-23,105.751,105.75,105.813,105.734,222696.0,511060,sh,5年地方债ETF海富通
2025-10-24,105.681,105.726,105.768,105.681,212176.0,511060,sh,5年地方债ETF海富通
2025-10-27,105.636,105.774,105.794,105.636,182430.0,511060,sh,5年地方债ETF海富通
2025-10-28,105.832,105.886,105.925,105.832,249276.0,511060,sh,5年地方债ETF海富通
2025-10-29,105.753,105.916,105.98,105.753,53918.0,511060,sh,5年地方债ETF海富通
2025-10-30,105.861,105.953,105.955,105.861,5290.0,511060,sh,5年地方债ETF海富通
2025-10-31,105.926,105.976,105.989,105.861,197781.0,511060,sh,5年地方债ETF海富通
2025-11-03,106.032,105.967,106.032,105.938,236837.0,511060,sh,5年地方债ETF海富通
2025-11-04,105.966,105.952,105.989,105.923,337987.0,511060,sh,5年地方债ETF海富通
2025-11-05,106.042,106.003,106.138,105.964,247045.0,511060,sh,5年地方债ETF海富通
2025-11-06,105.999,106.021,106.058,105.999,220507.0,511060,sh,5年地方债ETF海富通
2025-11-07,106.011,106.027,106.106,106.011,197456.0,511060,sh,5年地方债ETF海富通
2025-11-10,106.041,106.049,106.074,106.04,158224.0,511060,sh,5年地方债ETF海富通
2025-11-11,106.036,106.075,106.093,106.036,219601.0,511060,sh,5年地方债ETF海富通
2025-11-12,106.075,106.102,106.136,106.055,281262.0,511060,sh,5年地方债ETF海富通
2025-11-13,106.122,106.081,106.122,106.03,60339.0,511060,sh,5年地方债ETF海富通
2025-11-14,106.118,106.123,106.16,106.086,68499.0,511060,sh,5年地方债ETF海富通
2025-11-17,106.129,106.161,106.225,106.129,187449.0,511060,sh,5年地方债ETF海富通
2025-11-18,106.247,106.209,106.247,106.155,173196.0,511060,sh,5年地方债ETF海富通
2025-11-19,106.266,106.232,106.276,106.197,80237.0,511060,sh,5年地方债ETF海富通
2025-11-20,106.236,106.301,106.351,106.236,159366.0,511060,sh,5年地方债ETF海富通
2025-11-21,106.356,106.285,106.356,106.197,74262.0,511060,sh,5年地方债ETF海富通
2025-11-24,106.283,106.328,106.379,106.283,139091.0,511060,sh,5年地方债ETF海富通
2025-11-25,106.328,106.343,106.374,106.278,157773.0,511060,sh,5年地方债ETF海富通
2025-11-26,106.387,106.225,106.387,106.191,5531.0,511060,sh,5年地方债ETF海富通
2025-11-27,106.271,106.202,106.335,106.099,19284.0,511060,sh,5年地方债ETF海富通
2025-11-28,106.26,106.231,106.313,106.167,63343.0,511060,sh,5年地方债ETF海富通
2025-12-01,106.231,106.278,106.311,106.228,66216.0,511060,sh,5年地方债ETF海富通
2025-12-02,106.279,106.281,106.298,106.221,163388.0,511060,sh,5年地方债ETF海富通
2025-12-03,106.31,106.338,106.339,106.271,188142.0,511060,sh,5年地方债ETF海富通
2025-12-04,106.255,106.141,106.255,106.128,12606.0,511060,sh,5年地方债ETF海富通
2025-12-05,106.143,106.255,106.264,106.143,183352.0,511060,sh,5年地方债ETF海富通
2025-12-08,106.21,106.126,106.21,106.073,15802.0,511060,sh,5年地方债ETF海富通
2025-12-09,106.174,106.204,106.212,106.173,211478.0,511060,sh,5年地方债ETF海富通
2025-12-10,106.128,106.244,106.244,106.128,157332.0,511060,sh,5年地方债ETF海富通
2025-12-11,106.244,106.264,106.269,106.233,54209.0,511060,sh,5年地方债ETF海富通
2025-12-12,106.293,106.227,106.346,106.192,61406.0,511060,sh,5年地方债ETF海富通
2025-12-15,106.215,106.217,106.239,106.193,19242.0,511060,sh,5年地方债ETF海富通
2025-12-16,106.217,106.229,106.262,106.186,173510.0,511060,sh,5年地方债ETF海富通
2025-12-17,106.236,106.191,106.236,106.172,27968.0,511060,sh,5年地方债ETF海富通
2025-12-18,106.191,106.164,106.223,106.155,6244.0,511060,sh,5年地方债ETF海富通
2025-12-19,106.235,106.134,106.235,105.989,81017.0,511060,sh,5年地方债ETF海富通
2025-12-22,106.155,106.07,106.173,106.057,38432.0,511060,sh,5年地方债ETF海富通
2025-12-23,106.136,106.124,106.136,106.066,3910.0,511060,sh,5年地方债ETF海富通
2025-12-24,106.176,106.128,106.183,106.066,2091.0,511060,sh,5年地方债ETF海富通
2025-12-25,106.176,106.136,106.176,106.123,7160.0,511060,sh,5年地方债ETF海富通
2025-12-26,106.207,106.256,106.283,106.146,104801.0,511060,sh,5年地方债ETF海富通
2025-12-29,106.298,106.261,106.38,106.157,33870.0,511060,sh,5年地方债ETF海富通
2025-12-30,106.235,106.234,106.28,106.196,24202.0,511060,sh,5年地方债ETF海富通
2025-12-31,106.241,106.189,106.264,106.106,6343.0,511060,sh,5年地方债ETF海富通
2026-01-05,106.212,106.166,106.256,106.151,7837.0,511060,sh,5年地方债ETF海富通
2026-01-06,106.198,106.168,106.248,105.999,28995.0,511060,sh,5年地方债ETF海富通
2026-01-07,106.147,106.16,106.167,106.087,126325.0,511060,sh,5年地方债ETF海富通
2026-01-08,106.183,106.16,106.183,106.127,150814.0,511060,sh,5年地方债ETF海富通
2026-01-09,106.182,106.164,106.195,106.146,32076.0,511060,sh,5年地方债ETF海富通
2026-01-12,106.167,106.168,106.266,106.12,1546.0,511060,sh,5年地方债ETF海富通
2026-01-13,106.222,106.255,106.284,106.098,3804.0,511060,sh,5年地方债ETF海富通
2026-01-14,106.289,106.316,106.33,106.219,9840.0,511060,sh,5年地方债ETF海富通
2026-01-15,106.371,106.371,106.44,106.289,3328.0,511060,sh,5年地方债ETF海富通
2026-01-16,106.406,106.434,106.44,106.372,16455.0,511060,sh,5年地方债ETF海富通
2026-01-19,106.491,106.473,106.497,106.435,154799.0,511060,sh,5年地方债ETF海富通
2026-01-20,106.512,106.576,106.576,106.476,51570.0,511060,sh,5年地方债ETF海富通
2026-01-21,106.608,106.644,106.644,106.575,42159.0,511060,sh,5年地方债ETF海富通
2026-01-22,106.658,106.608,106.658,106.57,35273.0,511060,sh,5年地方债ETF海富通
2026-01-23,106.622,106.612,106.697,106.565,10189.0,511060,sh,5年地方债ETF海富通
2026-01-26,106.633,106.599,106.663,106.572,898.0,511060,sh,5年地方债ETF海富通
2026-01-27,106.634,106.619,106.634,106.549,184154.0,511060,sh,5年地方债ETF海富通
2026-01-28,106.628,106.607,106.67,106.586,5422.0,511060,sh,5年地方债ETF海富通
2026-01-29,106.639,106.624,106.652,106.586,188547.0,511060,sh,5年地方债ETF海富通
2026-01-30,106.67,106.73,106.745,106.648,173799.0,511060,sh,5年地方债ETF海富通
2026-02-02,106.762,106.706,106.83,106.681,200782.0,511060,sh,5年地方债ETF海富通
2026-02-03,106.706,106.78,106.798,106.684,40060.0,511060,sh,5年地方债ETF海富通
2026-02-04,106.84,106.743,106.841,106.706,149647.0,511060,sh,5年地方债ETF海富通
2026-02-05,106.744,106.789,106.804,106.709,133156.0,511060,sh,5年地方债ETF海富通
2026-02-06,106.824,106.869,106.874,106.782,95134.0,511060,sh,5年地方债ETF海富通
2026-02-09,106.799,106.885,106.892,106.799,143152.0,511060,sh,5年地方债ETF海富通
2026-02-10,106.887,106.877,106.913,106.812,297211.0,511060,sh,5年地方债ETF海富通
2026-02-11,106.877,106.91,106.93,106.877,212634.0,511060,sh,5年地方债ETF海富通
2026-02-12,106.936,106.919,106.951,106.903,5225.0,511060,sh,5年地方债ETF海富通
2026-02-13,106.91,106.906,106.955,106.82,90515.0,511060,sh,5年地方债ETF海富通
2026-02-24,106.899,106.975,106.999,106.899,6724.0,511060,sh,5年地方债ETF海富通
2026-02-25,106.961,106.886,107.0,106.877,35991.0,511060,sh,5年地方债ETF海富通
2026-02-26,106.912,106.745,106.912,106.726,7904.0,511060,sh,5年地方债ETF海富通
2026-02-27,106.78,106.868,106.87,106.78,1755.0,511060,sh,5年地方债ETF海富通
2026-03-02,106.874,106.953,106.974,106.855,4955.0,511060,sh,5年地方债ETF海富通
2026-03-03,106.953,106.982,106.989,106.926,257886.0,511060,sh,5年地方债ETF海富通
2026-03-04,107.026,107.056,107.059,106.963,587.0,511060,sh,5年地方债ETF海富通
2026-03-05,106.998,107.037,107.055,106.998,79180.0,511060,sh,5年地方债ETF海富通
2026-03-06,107.054,107.048,107.077,107.038,2762.0,511060,sh,5年地方债ETF海富通
2026-03-09,107.048,106.943,107.048,106.895,61970.0,511060,sh,5年地方债ETF海富通
2026-03-10,107.022,107.034,107.063,106.904,25902.0,511060,sh,5年地方债ETF海富通
2026-03-11,107.018,107.038,107.087,106.994,2629.0,511060,sh,5年地方债ETF海富通
2026-03-12,107.037,107.03,107.078,107.004,84492.0,511060,sh,5年地方债ETF海富通
2026-03-13,107.031,107.085,107.088,107.012,97356.0,511060,sh,5年地方债ETF海富通
2026-03-16,107.045,107.05,107.088,107.032,12817.0,511060,sh,5年地方债ETF海富通
2026-03-17,107.132,107.062,107.132,107.033,109450.0,511060,sh,5年地方债ETF海富通
2026-03-18,107.067,107.089,107.127,107.067,6293.0,511060,sh,5年地方债ETF海富通
2026-03-19,107.115,107.167,107.177,107.089,243747.0,511060,sh,5年地方债ETF海富通
2026-03-20,107.177,107.128,107.199,107.11,15931.0,511060,sh,5年地方债ETF海富通
2026-03-23,107.126,107.021,107.126,106.987,184417.0,511060,sh,5年地方债ETF海富通
2026-03-24,107.08,107.023,107.08,106.977,59335.0,511060,sh,5年地方债ETF海富通
2026-03-25,107.024,107.14,107.168,106.989,174436.0,511060,sh,5年地方债ETF海富通
2026-03-26,107.13,107.138,107.157,107.119,225254.0,511060,sh,5年地方债ETF海富通
2026-03-27,107.165,107.15,107.193,107.138,134627.0,511060,sh,5年地方债ETF海富通
2026-03-30,107.157,107.209,107.238,107.157,6245.0,511060,sh,5年地方债ETF海富通
2026-03-31,107.21,107.188,107.25,107.152,3450.0,511060,sh,5年地方债ETF海富通
2026-04-01,107.215,107.174,107.274,107.162,3239.0,511060,sh,5年地方债ETF海富通
2026-04-02,107.204,107.294,107.303,107.166,7384.0,511060,sh,5年地方债ETF海富通
2026-04-03,107.314,107.309,107.324,107.265,3418.0,511060,sh,5年地方债ETF海富通
2026-04-07,107.308,107.299,107.319,107.269,3581.0,511060,sh,5年地方债ETF海富通
2026-04-08,107.276,107.285,107.293,107.268,3690.0,511060,sh,5年地方债ETF海富通
2026-04-09,107.302,107.324,107.324,107.292,189884.0,511060,sh,5年地方债ETF海富通
2026-04-10,107.348,107.324,107.38,107.301,161359.0,511060,sh,5年地方债ETF海富通
2026-04-13,107.342,107.385,107.392,107.325,7434.0,511060,sh,5年地方债ETF海富通
2026-04-14,107.39,107.473,107.475,107.384,152625.0,511060,sh,5年地方债ETF海富通
2026-04-15,107.473,107.539,107.545,107.434,13257.0,511060,sh,5年地方债ETF海富通
2026-04-16,107.543,107.511,107.543,107.493,174524.0,511060,sh,5年地方债ETF海富通
2026-04-17,107.52,107.594,107.594,107.52,162231.0,511060,sh,5年地方债ETF海富通
2026-04-20,107.599,107.64,107.697,107.599,247047.0,511060,sh,5年地方债ETF海富通
2026-04-21,107.64,107.699,107.715,107.64,183176.0,511060,sh,5年地方债ETF海富通
2026-04-22,107.76,107.753,107.76,107.706,186185.0,511060,sh,5年地方债ETF海富通
2026-04-23,107.738,107.734,107.742,107.692,178961.0,511060,sh,5年地方债ETF海富通
2026-04-24,107.773,107.724,107.773,107.72,6478.0,511060,sh,5年地方债ETF海富通
2026-04-27,107.725,107.6,107.725,107.564,161760.0,511060,sh,5年地方债ETF海富通
2026-04-28,107.665,107.68,107.729,107.624,93964.0,511060,sh,5年地方债ETF海富通
2026-04-29,107.729,107.76,107.775,107.692,197440.0,511060,sh,5年地方债ETF海富通
2026-04-30,107.76,107.75,107.8,107.728,8591.0,511060,sh,5年地方债ETF海富通
2026-05-06,107.75,107.684,107.75,107.611,16170.0,511060,sh,5年地方债ETF海富通
2026-05-07,107.684,107.68,107.724,107.64,179742.0,511060,sh,5年地方债ETF海富通
2026-05-08,107.71,107.683,107.759,107.613,17510.0,511060,sh,5年地方债ETF海富通
2026-05-11,107.73,107.691,107.73,107.629,8847.0,511060,sh,5年地方债ETF海富通
2026-05-12,107.73,107.805,107.82,107.703,8317.0,511060,sh,5年地方债ETF海富通
2026-05-13,107.822,107.91,107.991,107.807,209360.0,511060,sh,5年地方债ETF海富通
2026-05-14,107.871,107.9,107.93,107.871,192242.0,511060,sh,5年地方债ETF海富通
2026-05-15,107.95,107.955,107.985,107.915,10335.0,511060,sh,5年地方债ETF海富通
2026-05-18,107.947,107.982,107.982,107.867,178111.0,511060,sh,5年地方债ETF海富通
2026-05-19,107.983,107.986,108.012,107.951,207016.0,511060,sh,5年地方债ETF海富通
2026-05-20,107.94,107.989,108.012,107.94,5237.0,511060,sh,5年地方债ETF海富通
2026-05-21,108.001,107.975,108.029,107.953,360482.0,511060,sh,5年地方债ETF海富通
2026-05-22,108.029,108.008,108.029,107.961,143817.0,511060,sh,5年地方债ETF海富通
2026-05-25,108.045,108.025,108.045,107.971,1737.0,511060,sh,5年地方债ETF海富通
2026-05-26,108.024,108.09,108.107,108.021,3900.0,511060,sh,5年地方债ETF海富通
2026-05-27,107.997,108.097,108.097,107.997,211365.0,511060,sh,5年地方债ETF海富通
2026-05-28,108.097,108.148,108.153,108.094,206513.0,511060,sh,5年地方债ETF海富通
2026-05-29,108.105,108.19,108.193,108.104,57220.0,511060,sh,5年地方债ETF海富通
2026-06-01,108.145,108.19,108.213,108.145,217728.0,511060,sh,5年地方债ETF海富通
2026-06-02,108.191,108.209,108.215,108.165,9695.0,511060,sh,5年地方债ETF海富通
2026-06-03,108.164,108.163,108.19,108.128,263343.0,511060,sh,5年地方债ETF海富通
2026-06-04,108.17,108.202,108.22,108.13,215411.0,511060,sh,5年地方债ETF海富通
2026-06-05,108.188,108.249,108.258,108.169,14270.0,511060,sh,5年地方债ETF海富通
2026-06-08,108.217,108.169,108.217,108.142,79821.0,511060,sh,5年地方债ETF海富通
2026-06-09,108.196,108.121,108.196,108.111,32447.0,511060,sh,5年地方债ETF海富通
2026-06-10,108.121,108.059,108.151,108.03,11678.0,511060,sh,5年地方债ETF海富通
2026-06-11,108.065,107.964,108.13,107.943,15942.0,511060,sh,5年地方债ETF海富通
2026-06-12,108.029,108.026,108.029,107.96,7919.0,511060,sh,5年地方债ETF海富通
2026-06-15,108.061,108.048,108.075,107.971,7846.0,511060,sh,5年地方债ETF海富通
2026-06-16,108.027,108.111,108.123,108.027,9150.0,511060,sh,5年地方债ETF海富通
2026-06-17,108.081,108.152,108.152,108.081,17582.0,511060,sh,5年地方债ETF海富通
2026-06-18,108.146,108.194,108.2,108.1,93287.0,511060,sh,5年地方债ETF海富通
2026-06-22,108.156,108.148,108.156,108.069,10870.0,511060,sh,5年地方债ETF海富通
2026-06-23,108.147,108.079,108.147,108.052,198583.0,511060,sh,5年地方债ETF海富通
2026-06-24,108.099,108.153,108.158,108.081,276978.0,511060,sh,5年地方债ETF海富通
2026-06-25,108.15,108.145,108.19,108.114,23052.0,511060,sh,5年地方债ETF海富通
2026-06-26,108.16,108.135,108.16,108.111,1296.0,511060,sh,5年地方债ETF海富通
2026-06-29,108.133,108.145,108.163,108.133,55934.0,511060,sh,5年地方债ETF海富通
2026-06-30,108.162,108.097,108.162,108.089,53864.0,511060,sh,5年地方债ETF海富通
2026-07-01,108.06,108.015,108.09,107.995,376571.0,511060,sh,5年地方债ETF海富通
2026-07-02,108.044,108.149,108.17,107.998,37209.0,511060,sh,5年地方债ETF海富通
2026-07-03,108.06,108.097,108.142,108.042,185749.0,511060,sh,5年地方债ETF海富通
