date,open,close,high,low,volume,code,market,name
2020-01-02,0.967,0.979,0.982,0.967,96745.0,512960,sh,央企结构调整ETF博时
2020-01-03,0.98,0.978,0.98,0.975,443897.0,512960,sh,央企结构调整ETF博时
2020-01-06,0.979,0.978,0.986,0.972,941292.0,512960,sh,央企结构调整ETF博时
2020-01-07,0.981,0.984,0.984,0.976,786679.0,512960,sh,央企结构调整ETF博时
2020-01-08,0.98,0.972,0.982,0.97,2184149.0,512960,sh,央企结构调整ETF博时
2020-01-09,0.972,0.983,0.983,0.972,1540590.0,512960,sh,央企结构调整ETF博时
2020-01-10,0.984,0.976,0.984,0.973,33247.0,512960,sh,央企结构调整ETF博时
2020-01-13,0.975,0.982,0.984,0.973,159367.0,512960,sh,央企结构调整ETF博时
2020-01-14,0.985,0.979,0.986,0.979,38526.0,512960,sh,央企结构调整ETF博时
2020-01-15,0.981,0.973,0.981,0.97,47595.0,512960,sh,央企结构调整ETF博时
2020-01-16,0.974,0.969,0.974,0.966,2547517.0,512960,sh,央企结构调整ETF博时
2020-01-17,0.971,0.965,0.972,0.963,653077.0,512960,sh,央企结构调整ETF博时
2020-01-20,0.965,0.969,0.969,0.961,99581.0,512960,sh,央企结构调整ETF博时
2020-01-21,0.963,0.951,0.963,0.951,25757.0,512960,sh,央企结构调整ETF博时
2020-01-22,0.951,0.956,0.96,0.939,37180.0,512960,sh,央企结构调整ETF博时
2020-01-23,0.946,0.926,0.949,0.92,28468.0,512960,sh,央企结构调整ETF博时
2020-02-03,0.899,0.837,0.899,0.836,29202.0,512960,sh,央企结构调整ETF博时
2020-02-04,0.846,0.851,0.925,0.831,22657.0,512960,sh,央企结构调整ETF博时
2020-02-05,0.849,0.864,0.872,0.849,69108.0,512960,sh,央企结构调整ETF博时
2020-02-06,0.861,0.881,0.885,0.861,95941.0,512960,sh,央企结构调整ETF博时
2020-02-07,0.872,0.888,0.888,0.871,23008.0,512960,sh,央企结构调整ETF博时
2020-02-10,0.888,0.896,0.896,0.88,58802.0,512960,sh,央企结构调整ETF博时
2020-02-11,0.894,0.895,0.899,0.89,72277.0,512960,sh,央企结构调整ETF博时
2020-02-12,0.894,0.904,0.906,0.892,61809.0,512960,sh,央企结构调整ETF博时
2020-02-13,0.904,0.903,0.912,0.901,147801.0,512960,sh,央企结构调整ETF博时
2020-02-14,0.901,0.907,0.908,0.901,7730.0,512960,sh,央企结构调整ETF博时
2020-02-17,0.912,0.933,0.933,0.912,30922.0,512960,sh,央企结构调整ETF博时
2020-02-18,0.932,0.936,0.937,0.927,12492.0,512960,sh,央企结构调整ETF博时
2020-02-19,0.933,0.936,0.941,0.931,30356.0,512960,sh,央企结构调整ETF博时
2020-02-20,0.937,0.947,0.948,0.933,58707.0,512960,sh,央企结构调整ETF博时
2020-02-21,0.945,0.957,0.962,0.945,13800.0,512960,sh,央企结构调整ETF博时
2020-02-24,0.957,0.956,0.959,0.949,159134.0,512960,sh,央企结构调整ETF博时
2020-02-25,0.936,0.944,0.947,0.918,117529.0,512960,sh,央企结构调整ETF博时
2020-02-26,0.934,0.942,0.958,0.931,106436.0,512960,sh,央企结构调整ETF博时
2020-02-27,0.942,0.941,0.949,0.939,7541.0,512960,sh,央企结构调整ETF博时
2020-02-28,0.931,0.907,0.931,0.906,30486.0,512960,sh,央企结构调整ETF博时
2020-03-02,0.916,0.953,0.957,0.916,70358.0,512960,sh,央企结构调整ETF博时
2020-03-03,0.951,0.957,0.971,0.951,23935.0,512960,sh,央企结构调整ETF博时
2020-03-04,0.947,0.963,0.963,0.946,23454.0,512960,sh,央企结构调整ETF博时
2020-03-05,0.963,0.975,0.979,0.963,18024.0,512960,sh,央企结构调整ETF博时
2020-03-06,0.975,0.963,0.975,0.962,15424.0,512960,sh,央企结构调整ETF博时
2020-03-09,0.951,0.936,0.951,0.934,62116.0,512960,sh,央企结构调整ETF博时
2020-03-10,0.936,0.958,0.958,0.925,27991.0,512960,sh,央企结构调整ETF博时
2020-03-11,0.964,0.952,0.971,0.951,26376.0,512960,sh,央企结构调整ETF博时
2020-03-12,0.94,0.937,0.943,0.931,74478.0,512960,sh,央企结构调整ETF博时
2020-03-13,0.927,0.929,0.936,0.896,141150.0,512960,sh,央企结构调整ETF博时
2020-03-16,0.923,0.895,0.932,0.895,20898.0,512960,sh,央企结构调整ETF博时
2020-03-17,0.904,0.895,0.907,0.87,92357.0,512960,sh,央企结构调整ETF博时
2020-03-18,0.903,0.88,0.909,0.878,57721.0,512960,sh,央企结构调整ETF博时
2020-03-19,0.88,0.878,0.88,0.85,88683.0,512960,sh,央企结构调整ETF博时
2020-03-20,0.877,0.88,0.88,0.866,37004.0,512960,sh,央企结构调整ETF博时
2020-03-23,0.871,0.849,0.871,0.845,38057.0,512960,sh,央企结构调整ETF博时
2020-03-24,0.858,0.865,0.901,0.848,46786.0,512960,sh,央企结构调整ETF博时
2020-03-25,0.869,0.884,0.884,0.869,7120.0,512960,sh,央企结构调整ETF博时
2020-03-26,0.884,0.869,0.884,0.868,65858.0,512960,sh,央企结构调整ETF博时
2020-03-27,0.878,0.872,0.883,0.872,27829.0,512960,sh,央企结构调整ETF博时
2020-03-30,0.863,0.861,0.867,0.853,168064.0,512960,sh,央企结构调整ETF博时
2020-03-31,0.867,0.858,0.868,0.857,89632.0,512960,sh,央企结构调整ETF博时
2020-04-01,0.86,0.851,0.863,0.851,9011.0,512960,sh,央企结构调整ETF博时
2020-04-02,0.848,0.867,0.867,0.848,21402.0,512960,sh,央企结构调整ETF博时
2020-04-03,0.864,0.86,0.866,0.857,38249.0,512960,sh,央企结构调整ETF博时
2020-04-07,0.869,0.882,0.883,0.869,19800.0,512960,sh,央企结构调整ETF博时
2020-04-08,0.876,0.882,0.886,0.875,43137.0,512960,sh,央企结构调整ETF博时
2020-04-09,0.889,0.887,0.89,0.886,618.0,512960,sh,央企结构调整ETF博时
2020-04-10,0.88,0.874,0.883,0.871,10726.0,512960,sh,央企结构调整ETF博时
2020-04-13,0.874,0.869,0.874,0.865,6279.0,512960,sh,央企结构调整ETF博时
2020-04-14,0.874,0.884,0.884,0.874,4038.0,512960,sh,央企结构调整ETF博时
2020-04-15,0.88,0.876,0.884,0.876,131864.0,512960,sh,央企结构调整ETF博时
2020-04-16,0.874,0.88,0.881,0.873,12490.0,512960,sh,央企结构调整ETF博时
2020-04-17,0.887,0.886,0.892,0.885,13699.0,512960,sh,央企结构调整ETF博时
2020-04-20,0.889,0.893,0.894,0.888,69728.0,512960,sh,央企结构调整ETF博时
2020-04-21,0.893,0.89,0.893,0.881,79892.0,512960,sh,央企结构调整ETF博时
2020-04-22,0.883,0.89,0.891,0.881,75506.0,512960,sh,央企结构调整ETF博时
2020-04-23,0.89,0.888,0.894,0.888,71098.0,512960,sh,央企结构调整ETF博时
2020-04-24,0.891,0.877,0.891,0.876,28564.0,512960,sh,央企结构调整ETF博时
2020-04-27,0.877,0.876,0.884,0.876,61108.0,512960,sh,央企结构调整ETF博时
2020-04-28,0.874,0.868,0.874,0.85,50928.0,512960,sh,央企结构调整ETF博时
2020-04-29,0.861,0.868,0.872,0.861,9796.0,512960,sh,央企结构调整ETF博时
2020-04-30,0.877,0.889,0.889,0.877,17256.0,512960,sh,央企结构调整ETF博时
2020-05-06,0.888,0.894,0.894,0.884,33724.0,512960,sh,央企结构调整ETF博时
2020-05-07,0.893,0.889,0.893,0.888,35335.0,512960,sh,央企结构调整ETF博时
2020-05-08,0.889,0.897,0.898,0.889,17621.0,512960,sh,央企结构调整ETF博时
2020-05-11,0.896,0.893,0.902,0.893,39029.0,512960,sh,央企结构调整ETF博时
2020-05-12,0.893,0.892,0.895,0.888,45084.0,512960,sh,央企结构调整ETF博时
2020-05-13,0.89,0.893,0.893,0.888,50875.0,512960,sh,央企结构调整ETF博时
2020-05-14,0.889,0.884,0.889,0.884,16136.0,512960,sh,央企结构调整ETF博时
2020-05-15,0.886,0.882,0.887,0.882,32836.0,512960,sh,央企结构调整ETF博时
2020-05-18,0.884,0.881,0.886,0.88,22168.0,512960,sh,央企结构调整ETF博时
2020-05-19,0.883,0.889,0.89,0.883,82537.0,512960,sh,央企结构调整ETF博时
2020-05-20,0.888,0.881,0.888,0.881,5267.0,512960,sh,央企结构调整ETF博时
2020-05-21,0.883,0.871,0.883,0.87,43082.0,512960,sh,央企结构调整ETF博时
2020-05-22,0.873,0.856,0.873,0.854,21172.0,512960,sh,央企结构调整ETF博时
2020-05-25,0.856,0.851,0.856,0.849,14043.0,512960,sh,央企结构调整ETF博时
2020-05-26,0.857,0.86,0.861,0.856,1051.0,512960,sh,央企结构调整ETF博时
2020-05-27,0.859,0.855,0.86,0.855,8330.0,512960,sh,央企结构调整ETF博时
2020-05-28,0.858,0.858,0.862,0.852,7299.0,512960,sh,央企结构调整ETF博时
2020-05-29,0.855,0.853,0.855,0.852,34.0,512960,sh,央企结构调整ETF博时
2020-06-01,0.862,0.876,0.877,0.862,108264.0,512960,sh,央企结构调整ETF博时
2020-06-02,0.873,0.878,0.879,0.873,19365.0,512960,sh,央企结构调整ETF博时
2020-06-03,0.878,0.878,0.883,0.878,120673.0,512960,sh,央企结构调整ETF博时
2020-06-04,0.878,0.872,0.878,0.869,79014.0,512960,sh,央企结构调整ETF博时
2020-06-05,0.873,0.876,0.876,0.87,60439.0,512960,sh,央企结构调整ETF博时
2020-06-08,0.881,0.881,0.884,0.88,43100.0,512960,sh,央企结构调整ETF博时
2020-06-09,0.881,0.889,0.889,0.881,38253.0,512960,sh,央企结构调整ETF博时
2020-06-10,0.881,0.88,0.882,0.877,102256.0,512960,sh,央企结构调整ETF博时
2020-06-11,0.876,0.872,0.881,0.87,59609.0,512960,sh,央企结构调整ETF博时
2020-06-12,0.865,0.871,0.871,0.859,98101.0,512960,sh,央企结构调整ETF博时
2020-06-15,0.873,0.864,0.873,0.864,96139.0,512960,sh,央企结构调整ETF博时
2020-06-16,0.866,0.88,0.88,0.866,18945.0,512960,sh,央企结构调整ETF博时
2020-06-17,0.88,0.88,0.88,0.877,25499.0,512960,sh,央企结构调整ETF博时
2020-06-18,0.876,0.889,0.89,0.876,11391.0,512960,sh,央企结构调整ETF博时
2020-06-19,0.889,0.894,0.897,0.889,78442.0,512960,sh,央企结构调整ETF博时
2020-06-22,0.892,0.892,0.897,0.889,23107.0,512960,sh,央企结构调整ETF博时
2020-06-23,0.888,0.887,0.889,0.885,34907.0,512960,sh,央企结构调整ETF博时
2020-06-24,0.888,0.892,0.892,0.888,271919.0,512960,sh,央企结构调整ETF博时
2020-06-29,0.885,0.885,0.89,0.884,20487.0,512960,sh,央企结构调整ETF博时
2020-06-30,0.886,0.901,0.901,0.886,6687.0,512960,sh,央企结构调整ETF博时
2020-07-01,0.9,0.916,0.916,0.9,39449.0,512960,sh,央企结构调整ETF博时
2020-07-02,0.915,0.936,0.937,0.915,117332.0,512960,sh,央企结构调整ETF博时
2020-07-03,0.96,0.958,0.96,0.942,209757.0,512960,sh,央企结构调整ETF博时
2020-07-06,0.959,1.018,1.018,0.959,682365.0,512960,sh,央企结构调整ETF博时
2020-07-07,1.028,1.017,1.051,1.017,189727.0,512960,sh,央企结构调整ETF博时
2020-07-08,1.022,1.042,1.045,1.012,169936.0,512960,sh,央企结构调整ETF博时
2020-07-09,1.042,1.063,1.064,1.041,173067.0,512960,sh,央企结构调整ETF博时
2020-07-10,1.062,1.047,1.065,1.045,17726.0,512960,sh,央企结构调整ETF博时
2020-07-13,1.047,1.061,1.065,1.038,2083307.0,512960,sh,央企结构调整ETF博时
2020-07-14,1.061,1.048,1.069,1.032,138136.0,512960,sh,央企结构调整ETF博时
2020-07-15,1.049,1.029,1.049,1.024,15318.0,512960,sh,央企结构调整ETF博时
2020-07-16,1.028,0.981,1.028,0.98,19170.0,512960,sh,央企结构调整ETF博时
2020-07-17,0.991,0.99,0.998,0.981,19509.0,512960,sh,央企结构调整ETF博时
2020-07-20,0.983,1.032,1.032,0.983,100660.0,512960,sh,央企结构调整ETF博时
2020-07-21,1.03,1.027,1.032,1.024,19858.0,512960,sh,央企结构调整ETF博时
2020-07-22,1.027,1.036,1.053,1.027,3637.0,512960,sh,央企结构调整ETF博时
2020-07-23,1.035,1.036,1.036,1.012,7349.0,512960,sh,央企结构调整ETF博时
2020-07-24,1.035,0.993,1.036,0.993,42438.0,512960,sh,央企结构调整ETF博时
2020-07-27,0.993,0.989,1.0,0.987,46964.0,512960,sh,央企结构调整ETF博时
2020-07-28,0.99,0.996,1.002,0.99,7059.0,512960,sh,央企结构调整ETF博时
2020-07-29,0.995,1.023,1.023,0.995,21394.0,512960,sh,央企结构调整ETF博时
2020-07-30,1.024,1.022,1.028,1.018,29343.0,512960,sh,央企结构调整ETF博时
2020-07-31,1.024,1.029,1.037,1.013,11166.0,512960,sh,央企结构调整ETF博时
2020-08-03,1.031,1.055,1.055,1.031,21081.0,512960,sh,央企结构调整ETF博时
2020-08-04,1.052,1.051,1.056,1.048,24617.0,512960,sh,央企结构调整ETF博时
2020-08-05,1.052,1.054,1.058,1.043,18379.0,512960,sh,央企结构调整ETF博时
2020-08-06,1.054,1.059,1.059,1.043,25603.0,512960,sh,央企结构调整ETF博时
2020-08-07,1.047,1.056,1.06,1.041,9075.0,512960,sh,央企结构调整ETF博时
2020-08-10,1.056,1.058,1.069,1.052,9509.0,512960,sh,央企结构调整ETF博时
2020-08-11,1.052,1.045,1.071,1.045,702900.0,512960,sh,央企结构调整ETF博时
2020-08-12,1.043,1.037,1.043,1.023,26374.0,512960,sh,央企结构调整ETF博时
2020-08-13,1.038,1.043,1.046,1.037,10078.0,512960,sh,央企结构调整ETF博时
2020-08-14,1.042,1.055,1.055,1.039,46763.0,512960,sh,央企结构调整ETF博时
2020-08-17,1.061,1.076,1.076,1.059,1411015.0,512960,sh,央企结构调整ETF博时
2020-08-18,1.078,1.076,1.08,1.074,46111.0,512960,sh,央企结构调整ETF博时
2020-08-19,1.073,1.061,1.075,1.061,47802.0,512960,sh,央企结构调整ETF博时
2020-08-20,1.06,1.047,1.06,1.044,38513.0,512960,sh,央企结构调整ETF博时
2020-08-21,1.048,1.047,1.057,1.044,25891.0,512960,sh,央企结构调整ETF博时
2020-08-24,1.048,1.056,1.06,1.048,72089.0,512960,sh,央企结构调整ETF博时
2020-08-25,1.057,1.046,1.06,1.045,34116.0,512960,sh,央企结构调整ETF博时
2020-08-26,1.045,1.031,1.048,1.026,46076.0,512960,sh,央企结构调整ETF博时
2020-08-27,1.026,1.03,1.031,1.02,78292.0,512960,sh,央企结构调整ETF博时
2020-08-28,1.03,1.049,1.049,1.03,35991.0,512960,sh,央企结构调整ETF博时
2020-08-31,1.05,1.042,1.057,1.042,51174.0,512960,sh,央企结构调整ETF博时
2020-09-01,1.044,1.049,1.05,1.044,16078.0,512960,sh,央企结构调整ETF博时
2020-09-02,1.049,1.046,1.051,1.037,18573.0,512960,sh,央企结构调整ETF博时
2020-09-03,1.046,1.04,1.05,1.038,4271069.0,512960,sh,央企结构调整ETF博时
2020-09-04,1.039,1.034,1.039,1.024,3614988.0,512960,sh,央企结构调整ETF博时
2020-09-07,1.032,1.016,1.039,1.013,3938244.0,512960,sh,央企结构调整ETF博时
2020-09-08,1.019,1.02,1.024,1.016,3761615.0,512960,sh,央企结构调整ETF博时
2020-09-09,1.019,1.004,1.019,0.999,580823.0,512960,sh,央企结构调整ETF博时
2020-09-10,1.005,0.994,1.011,0.993,29944.0,512960,sh,央企结构调整ETF博时
2020-09-11,0.993,0.999,0.999,0.986,31950.0,512960,sh,央企结构调整ETF博时
2020-09-14,1.001,1.002,1.002,0.998,2650.0,512960,sh,央企结构调整ETF博时
2020-09-15,1.005,1.012,1.012,1.003,13970.0,512960,sh,央企结构调整ETF博时
2020-09-16,1.009,1.01,1.014,1.008,41057.0,512960,sh,央企结构调整ETF博时
2020-09-17,1.007,1.01,1.012,1.002,22527.0,512960,sh,央企结构调整ETF博时
2020-09-18,1.012,1.027,1.028,1.012,11194.0,512960,sh,央企结构调整ETF博时
2020-09-21,1.032,1.025,1.035,1.025,12579.0,512960,sh,央企结构调整ETF博时
2020-09-22,1.013,1.007,1.019,1.005,13485.0,512960,sh,央企结构调整ETF博时
2020-09-23,1.008,1.008,1.011,1.004,26687.0,512960,sh,央企结构调整ETF博时
2020-09-24,1.007,0.992,1.007,0.988,74927.0,512960,sh,央企结构调整ETF博时
2020-09-25,0.99,0.985,0.991,0.982,58349.0,512960,sh,央企结构调整ETF博时
2020-09-28,0.985,0.985,0.991,0.985,7087.0,512960,sh,央企结构调整ETF博时
2020-09-29,0.988,0.991,0.993,0.987,37597.0,512960,sh,央企结构调整ETF博时
2020-09-30,0.991,0.989,0.994,0.982,34639.0,512960,sh,央企结构调整ETF博时
2020-10-09,0.99,1.0,1.003,0.99,14324.0,512960,sh,央企结构调整ETF博时
2020-10-12,1.001,1.026,1.026,1.001,43740.0,512960,sh,央企结构调整ETF博时
2020-10-13,1.024,1.031,1.031,1.019,52496.0,512960,sh,央企结构调整ETF博时
2020-10-14,1.029,1.023,1.029,1.023,7840.0,512960,sh,央企结构调整ETF博时
2020-10-15,1.028,1.021,1.028,1.021,10285.0,512960,sh,央企结构调整ETF博时
2020-10-16,1.023,1.016,1.023,1.011,12706.0,512960,sh,央企结构调整ETF博时
2020-10-19,1.022,1.012,1.025,1.011,17649.0,512960,sh,央企结构调整ETF博时
2020-10-20,1.01,1.015,1.015,1.006,58693.0,512960,sh,央企结构调整ETF博时
2020-10-21,1.012,1.007,1.013,1.004,50007.0,512960,sh,央企结构调整ETF博时
2020-10-22,1.0,1.002,1.002,0.999,16323.0,512960,sh,央企结构调整ETF博时
2020-10-23,1.003,1.002,1.008,1.002,43775.0,512960,sh,央企结构调整ETF博时
2020-10-26,0.998,1.001,1.001,0.993,20201.0,512960,sh,央企结构调整ETF博时
2020-10-27,0.996,1.001,1.001,0.996,45734.0,512960,sh,央企结构调整ETF博时
2020-10-28,1.001,1.006,1.008,0.995,63113.0,512960,sh,央企结构调整ETF博时
2020-10-29,0.994,1.01,1.01,0.994,9563.0,512960,sh,央企结构调整ETF博时
2020-10-30,1.015,0.995,1.016,0.994,49489.0,512960,sh,央企结构调整ETF博时
2020-11-02,0.999,0.995,1.001,0.992,32682.0,512960,sh,央企结构调整ETF博时
2020-11-03,0.998,1.013,1.014,0.998,52005.0,512960,sh,央企结构调整ETF博时
2020-11-04,1.015,1.019,1.019,1.015,50272.0,512960,sh,央企结构调整ETF博时
2020-11-05,1.02,1.039,1.039,1.02,19401.0,512960,sh,央企结构调整ETF博时
2020-11-06,1.039,1.042,1.044,1.037,42200.0,512960,sh,央企结构调整ETF博时
2020-11-09,1.054,1.055,1.062,1.051,47559.0,512960,sh,央企结构调整ETF博时
2020-11-10,1.054,1.05,1.058,1.048,42152.0,512960,sh,央企结构调整ETF博时
2020-11-11,1.047,1.045,1.052,1.044,10735.0,512960,sh,央企结构调整ETF博时
2020-11-12,1.045,1.048,1.048,1.043,511019.0,512960,sh,央企结构调整ETF博时
2020-11-13,1.047,1.041,1.047,1.032,14374.0,512960,sh,央企结构调整ETF博时
2020-11-16,1.041,1.054,1.054,1.041,38385.0,512960,sh,央企结构调整ETF博时
2020-11-17,1.054,1.05,1.054,1.046,3830.0,512960,sh,央企结构调整ETF博时
2020-11-18,1.053,1.054,1.057,1.05,315245.0,512960,sh,央企结构调整ETF博时
2020-11-19,1.055,1.066,1.066,1.054,366893.0,512960,sh,央企结构调整ETF博时
2020-11-20,1.065,1.071,1.072,1.062,270670.0,512960,sh,央企结构调整ETF博时
2020-11-23,1.068,1.082,1.087,1.067,40627.0,512960,sh,央企结构调整ETF博时
2020-11-24,1.082,1.085,1.088,1.081,4384.0,512960,sh,央企结构调整ETF博时
2020-11-25,1.091,1.073,1.093,1.073,105669.0,512960,sh,央企结构调整ETF博时
2020-11-26,1.072,1.072,1.074,1.069,55516.0,512960,sh,央企结构调整ETF博时
2020-11-27,1.073,1.083,1.083,1.072,14719.0,512960,sh,央企结构调整ETF博时
2020-11-30,1.083,1.082,1.099,1.082,13701.0,512960,sh,央企结构调整ETF博时
2020-12-01,1.081,1.101,1.102,1.08,475581.0,512960,sh,央企结构调整ETF博时
2020-12-02,1.101,1.101,1.104,1.095,3560809.0,512960,sh,央企结构调整ETF博时
2020-12-03,1.1,1.093,1.1,1.087,1838284.0,512960,sh,央企结构调整ETF博时
2020-12-04,1.092,1.089,1.092,1.079,2748372.0,512960,sh,央企结构调整ETF博时
2020-12-07,1.085,1.074,1.085,1.074,4397.0,512960,sh,央企结构调整ETF博时
2020-12-08,1.074,1.074,1.077,1.072,6334.0,512960,sh,央企结构调整ETF博时
2020-12-09,1.071,1.055,1.072,1.055,472.0,512960,sh,央企结构调整ETF博时
2020-12-10,1.055,1.057,1.058,1.05,684.0,512960,sh,央企结构调整ETF博时
2020-12-11,1.056,1.039,1.056,1.034,20720.0,512960,sh,央企结构调整ETF博时
2020-12-14,1.039,1.048,1.049,1.039,258935.0,512960,sh,央企结构调整ETF博时
2020-12-15,1.046,1.053,1.055,1.045,23918.0,512960,sh,央企结构调整ETF博时
2020-12-16,1.054,1.051,1.055,1.049,12515.0,512960,sh,央企结构调整ETF博时
2020-12-17,1.05,1.06,1.06,1.045,83603.0,512960,sh,央企结构调整ETF博时
2020-12-18,1.062,1.063,1.068,1.062,15838.0,512960,sh,央企结构调整ETF博时
2020-12-21,1.057,1.074,1.076,1.057,7732998.0,512960,sh,央企结构调整ETF博时
2020-12-22,1.07,1.052,1.071,1.051,46315.0,512960,sh,央企结构调整ETF博时
2020-12-23,1.055,1.071,1.071,1.055,16253.0,512960,sh,央企结构调整ETF博时
2020-12-24,1.071,1.073,1.083,1.07,3386708.0,512960,sh,央企结构调整ETF博时
2020-12-25,1.072,1.084,1.085,1.067,1325646.0,512960,sh,央企结构调整ETF博时
2020-12-28,1.085,1.077,1.085,1.073,13493.0,512960,sh,央企结构调整ETF博时
2020-12-29,1.079,1.08,1.082,1.078,11199.0,512960,sh,央企结构调整ETF博时
2020-12-30,1.077,1.086,1.093,1.077,3215.0,512960,sh,央企结构调整ETF博时
2020-12-31,1.088,1.119,1.12,1.088,15920.0,512960,sh,央企结构调整ETF博时
2021-01-04,1.114,1.133,1.14,1.114,13806264.0,512960,sh,央企结构调整ETF博时
2021-01-05,1.132,1.149,1.151,1.131,7717423.0,512960,sh,央企结构调整ETF博时
2021-01-06,1.151,1.161,1.164,1.148,1231318.0,512960,sh,央企结构调整ETF博时
2021-01-07,1.16,1.18,1.18,1.16,12931.0,512960,sh,央企结构调整ETF博时
2021-01-08,1.183,1.178,1.187,1.171,3248.0,512960,sh,央企结构调整ETF博时
2021-01-11,1.179,1.17,1.2,1.165,13700.0,512960,sh,央企结构调整ETF博时
2021-01-12,1.169,1.201,1.201,1.169,26147.0,512960,sh,央企结构调整ETF博时
2021-01-13,1.202,1.21,1.218,1.202,14079.0,512960,sh,央企结构调整ETF博时
2021-01-14,1.204,1.188,1.206,1.188,12822.0,512960,sh,央企结构调整ETF博时
2021-01-15,1.188,1.175,1.192,1.165,73051.0,512960,sh,央企结构调整ETF博时
2021-01-18,1.173,1.194,1.2,1.173,44330.0,512960,sh,央企结构调整ETF博时
2021-01-19,1.194,1.184,1.201,1.184,13934.0,512960,sh,央企结构调整ETF博时
2021-01-20,1.184,1.194,1.194,1.184,554.0,512960,sh,央企结构调整ETF博时
2021-01-21,1.195,1.206,1.211,1.191,8732.0,512960,sh,央企结构调整ETF博时
2021-01-22,1.203,1.207,1.207,1.197,9880.0,512960,sh,央企结构调整ETF博时
2021-01-25,1.195,1.217,1.227,1.195,4720.0,512960,sh,央企结构调整ETF博时
2021-01-26,1.216,1.175,1.216,1.175,5224.0,512960,sh,央企结构调整ETF博时
2021-01-27,1.173,1.179,1.179,1.168,229.0,512960,sh,央企结构调整ETF博时
2021-01-28,1.163,1.149,1.163,1.147,20422.0,512960,sh,央企结构调整ETF博时
2021-01-29,1.149,1.134,1.156,1.121,10872.0,512960,sh,央企结构调整ETF博时
2021-02-01,1.139,1.14,1.141,1.128,2253.0,512960,sh,央企结构调整ETF博时
2021-02-02,1.14,1.152,1.154,1.138,3674.0,512960,sh,央企结构调整ETF博时
2021-02-03,1.148,1.132,1.153,1.132,12834.0,512960,sh,央企结构调整ETF博时
2021-02-04,1.131,1.115,1.131,1.103,1855.0,512960,sh,央企结构调整ETF博时
2021-02-05,1.118,1.109,1.12,1.109,571.0,512960,sh,央企结构调整ETF博时
2021-02-08,1.12,1.122,1.123,1.12,2111.0,512960,sh,央企结构调整ETF博时
2021-02-09,1.125,1.156,1.156,1.124,8449.0,512960,sh,央企结构调整ETF博时
2021-02-10,1.158,1.17,1.173,1.155,4389.0,512960,sh,央企结构调整ETF博时
2021-02-18,1.195,1.174,1.195,1.174,1578.0,512960,sh,央企结构调整ETF博时
2021-02-19,1.172,1.185,1.185,1.165,7720.0,512960,sh,央企结构调整ETF博时
2021-02-22,1.184,1.174,1.194,1.172,29351.0,512960,sh,央企结构调整ETF博时
2021-02-23,1.164,1.171,1.183,1.164,9541.0,512960,sh,央企结构调整ETF博时
2021-02-24,1.172,1.151,1.172,1.136,15969.0,512960,sh,央企结构调整ETF博时
2021-02-25,1.151,1.165,1.175,1.151,19046.0,512960,sh,央企结构调整ETF博时
2021-02-26,1.14,1.139,1.146,1.136,20664.0,512960,sh,央企结构调整ETF博时
2021-03-01,1.139,1.163,1.163,1.139,20799.0,512960,sh,央企结构调整ETF博时
2021-03-02,1.17,1.164,1.174,1.164,18082.0,512960,sh,央企结构调整ETF博时
2021-03-03,1.161,1.174,1.174,1.158,2727.0,512960,sh,央企结构调整ETF博时
2021-03-04,1.165,1.149,1.167,1.145,6267.0,512960,sh,央企结构调整ETF博时
2021-03-05,1.135,1.148,1.152,1.13,578.0,512960,sh,央企结构调整ETF博时
2021-03-08,1.149,1.113,1.158,1.113,503.0,512960,sh,央企结构调整ETF博时
2021-03-09,1.112,1.095,1.112,1.076,17846.0,512960,sh,央企结构调整ETF博时
2021-03-10,1.091,1.087,1.099,1.087,549.0,512960,sh,央企结构调整ETF博时
2021-03-11,1.088,1.105,1.105,1.088,297.0,512960,sh,央企结构调整ETF博时
2021-03-12,1.106,1.123,1.123,1.103,201.0,512960,sh,央企结构调整ETF博时
2021-03-15,1.116,1.106,1.116,1.099,2135.0,512960,sh,央企结构调整ETF博时
2021-03-16,1.107,1.109,1.117,1.101,73212.0,512960,sh,央企结构调整ETF博时
2021-03-17,1.113,1.121,1.121,1.104,5171.0,512960,sh,央企结构调整ETF博时
2021-03-18,1.121,1.122,1.128,1.12,11090.0,512960,sh,央企结构调整ETF博时
2021-03-19,1.106,1.11,1.117,1.105,10172.0,512960,sh,央企结构调整ETF博时
2021-03-22,1.11,1.131,1.131,1.11,14450.0,512960,sh,央企结构调整ETF博时
2021-03-23,1.127,1.11,1.129,1.105,16587.0,512960,sh,央企结构调整ETF博时
2021-03-24,1.109,1.086,1.109,1.086,32073.0,512960,sh,央企结构调整ETF博时
2021-03-25,1.085,1.085,1.089,1.082,22053.0,512960,sh,央企结构调整ETF博时
2021-03-26,1.092,1.114,1.114,1.092,6037.0,512960,sh,央企结构调整ETF博时
2021-03-29,1.117,1.117,1.124,1.115,11019.0,512960,sh,央企结构调整ETF博时
2021-03-30,1.112,1.123,1.125,1.112,47543.0,512960,sh,央企结构调整ETF博时
2021-03-31,1.116,1.115,1.116,1.11,22763.0,512960,sh,央企结构调整ETF博时
2021-04-01,1.116,1.126,1.126,1.116,211.0,512960,sh,央企结构调整ETF博时
2021-04-02,1.131,1.126,1.131,1.125,130.0,512960,sh,央企结构调整ETF博时
2021-04-06,1.126,1.125,1.126,1.123,12166.0,512960,sh,央企结构调整ETF博时
2021-04-07,1.128,1.128,1.128,1.119,38186.0,512960,sh,央企结构调整ETF博时
2021-04-08,1.123,1.129,1.129,1.122,12525.0,512960,sh,央企结构调整ETF博时
2021-04-09,1.128,1.116,1.128,1.114,16804.0,512960,sh,央企结构调整ETF博时
2021-04-12,1.111,1.097,1.111,1.097,12140.0,512960,sh,央企结构调整ETF博时
2021-04-13,1.097,1.085,1.097,1.084,12028.0,512960,sh,央企结构调整ETF博时
2021-04-14,1.089,1.104,1.104,1.089,6274.0,512960,sh,央企结构调整ETF博时
2021-04-15,1.092,1.096,1.096,1.089,4278.0,512960,sh,央企结构调整ETF博时
2021-04-16,1.096,1.105,1.106,1.095,68.0,512960,sh,央企结构调整ETF博时
2021-04-19,1.107,1.125,1.126,1.107,10406.0,512960,sh,央企结构调整ETF博时
2021-04-20,1.124,1.124,1.126,1.123,2722.0,512960,sh,央企结构调整ETF博时
2021-04-21,1.116,1.118,1.119,1.115,4020.0,512960,sh,央企结构调整ETF博时
2021-04-22,1.122,1.121,1.122,1.12,4108.0,512960,sh,央企结构调整ETF博时
2021-04-23,1.121,1.121,1.123,1.117,2914.0,512960,sh,央企结构调整ETF博时
2021-04-26,1.125,1.115,1.132,1.115,14507.0,512960,sh,央企结构调整ETF博时
2021-04-27,1.112,1.106,1.113,1.1,2073.0,512960,sh,央企结构调整ETF博时
2021-04-28,1.112,1.114,1.114,1.109,313.0,512960,sh,央企结构调整ETF博时
2021-04-29,1.12,1.122,1.126,1.119,11175.0,512960,sh,央企结构调整ETF博时
2021-04-30,1.121,1.105,1.121,1.1,12215.0,512960,sh,央企结构调整ETF博时
2021-05-06,1.104,1.106,1.108,1.103,192.0,512960,sh,央企结构调整ETF博时
2021-05-07,1.112,1.111,1.116,1.111,72.0,512960,sh,央企结构调整ETF博时
2021-05-10,1.106,1.103,1.106,1.098,1888.0,512960,sh,央企结构调整ETF博时
2021-05-11,1.099,1.104,1.104,1.085,343.0,512960,sh,央企结构调整ETF博时
2021-05-12,1.104,1.107,1.107,1.099,4509.0,512960,sh,央企结构调整ETF博时
2021-05-13,1.102,1.094,1.102,1.091,783.0,512960,sh,央企结构调整ETF博时
2021-05-14,1.094,1.111,1.111,1.091,24282.0,512960,sh,央企结构调整ETF博时
2021-05-17,1.117,1.123,1.128,1.117,21122.0,512960,sh,央企结构调整ETF博时
2021-05-18,1.128,1.136,1.136,1.128,4693.0,512960,sh,央企结构调整ETF博时
2021-05-19,1.133,1.13,1.133,1.13,799.0,512960,sh,央企结构调整ETF博时
2021-05-20,1.128,1.127,1.129,1.124,83155.0,512960,sh,央企结构调整ETF博时
2021-05-21,1.131,1.124,1.131,1.12,23125.0,512960,sh,央企结构调整ETF博时
2021-05-24,1.121,1.123,1.125,1.118,189138.0,512960,sh,央企结构调整ETF博时
2021-05-25,1.124,1.152,1.154,1.124,565258.0,512960,sh,央企结构调整ETF博时
2021-05-26,1.152,1.154,1.157,1.152,227476.0,512960,sh,央企结构调整ETF博时
2021-05-27,1.152,1.16,1.16,1.152,275521.0,512960,sh,央企结构调整ETF博时
2021-05-28,1.161,1.162,1.165,1.16,233204.0,512960,sh,央企结构调整ETF博时
2021-05-31,1.163,1.168,1.168,1.153,640187.0,512960,sh,央企结构调整ETF博时
2021-06-01,1.163,1.165,1.166,1.154,386864.0,512960,sh,央企结构调整ETF博时
2021-06-02,1.167,1.156,1.167,1.152,302188.0,512960,sh,央企结构调整ETF博时
2021-06-03,1.158,1.152,1.159,1.152,225075.0,512960,sh,央企结构调整ETF博时
2021-06-04,1.143,1.148,1.161,1.143,516711.0,512960,sh,央企结构调整ETF博时
2021-06-07,1.155,1.155,1.157,1.153,391006.0,512960,sh,央企结构调整ETF博时
2021-06-08,1.155,1.158,1.164,1.154,561778.0,512960,sh,央企结构调整ETF博时
2021-06-09,1.159,1.162,1.163,1.157,567150.0,512960,sh,央企结构调整ETF博时
2021-06-10,1.168,1.173,1.176,1.167,587241.0,512960,sh,央企结构调整ETF博时
2021-06-11,1.176,1.159,1.177,1.158,216372.0,512960,sh,央企结构调整ETF博时
2021-06-15,1.159,1.147,1.161,1.147,190441.0,512960,sh,央企结构调整ETF博时
2021-06-16,1.148,1.138,1.151,1.138,39157.0,512960,sh,央企结构调整ETF博时
2021-06-17,1.144,1.148,1.148,1.142,22080.0,512960,sh,央企结构调整ETF博时
2021-06-18,1.145,1.152,1.155,1.145,270087.0,512960,sh,央企结构调整ETF博时
2021-06-21,1.147,1.153,1.157,1.147,214447.0,512960,sh,央企结构调整ETF博时
2021-06-22,1.156,1.157,1.161,1.155,400315.0,512960,sh,央企结构调整ETF博时
2021-06-23,1.157,1.166,1.171,1.157,568179.0,512960,sh,央企结构调整ETF博时
2021-06-24,1.168,1.166,1.169,1.165,150098.0,512960,sh,央企结构调整ETF博时
2021-06-25,1.17,1.177,1.179,1.169,480942.0,512960,sh,央企结构调整ETF博时
2021-06-28,1.179,1.179,1.179,1.173,312968.0,512960,sh,央企结构调整ETF博时
2021-06-29,1.173,1.164,1.173,1.163,106125.0,512960,sh,央企结构调整ETF博时
2021-06-30,1.165,1.174,1.175,1.165,41068.0,512960,sh,央企结构调整ETF博时
2021-07-01,1.169,1.166,1.174,1.164,375.0,512960,sh,央企结构调整ETF博时
2021-07-02,1.161,1.145,1.161,1.145,232.0,512960,sh,央企结构调整ETF博时
2021-07-05,1.145,1.149,1.149,1.143,1084.0,512960,sh,央企结构调整ETF博时
2021-07-06,1.15,1.153,1.154,1.148,565.0,512960,sh,央企结构调整ETF博时
2021-07-07,1.148,1.163,1.165,1.148,54912.0,512960,sh,央企结构调整ETF博时
2021-07-08,1.165,1.162,1.166,1.16,67355.0,512960,sh,央企结构调整ETF博时
2021-07-09,1.158,1.157,1.159,1.149,80430.0,512960,sh,央企结构调整ETF博时
2021-07-12,1.161,1.179,1.181,1.161,63193.0,512960,sh,央企结构调整ETF博时
2021-07-13,1.181,1.191,1.195,1.181,47043.0,512960,sh,央企结构调整ETF博时
2021-07-14,1.181,1.177,1.185,1.176,52287.0,512960,sh,央企结构调整ETF博时
2021-07-15,1.174,1.18,1.181,1.164,52553.0,512960,sh,央企结构调整ETF博时
2021-07-16,1.178,1.182,1.19,1.178,56592.0,512960,sh,央企结构调整ETF博时
2021-07-19,1.177,1.185,1.187,1.173,42874.0,512960,sh,央企结构调整ETF博时
2021-07-20,1.18,1.184,1.184,1.17,56338.0,512960,sh,央企结构调整ETF博时
2021-07-21,1.187,1.19,1.195,1.183,52915.0,512960,sh,央企结构调整ETF博时
2021-07-22,1.193,1.2,1.201,1.192,161869.0,512960,sh,央企结构调整ETF博时
2021-07-23,1.199,1.198,1.202,1.193,185548.0,512960,sh,央企结构调整ETF博时
2021-07-26,1.201,1.186,1.202,1.185,77022.0,512960,sh,央企结构调整ETF博时
2021-07-27,1.189,1.157,1.189,1.157,56461.0,512960,sh,央企结构调整ETF博时
2021-07-28,1.148,1.14,1.152,1.123,65247.0,512960,sh,央企结构调整ETF博时
2021-07-29,1.149,1.164,1.167,1.149,32977.0,512960,sh,央企结构调整ETF博时
2021-07-30,1.159,1.17,1.17,1.158,57605.0,512960,sh,央企结构调整ETF博时
2021-08-02,1.174,1.197,1.2,1.165,105592.0,512960,sh,央企结构调整ETF博时
2021-08-03,1.195,1.191,1.204,1.191,20478.0,512960,sh,央企结构调整ETF博时
2021-08-04,1.195,1.209,1.209,1.192,14230.0,512960,sh,央企结构调整ETF博时
2021-08-05,1.202,1.206,1.211,1.201,12645.0,512960,sh,央企结构调整ETF博时
2021-08-06,1.201,1.207,1.207,1.199,8802.0,512960,sh,央企结构调整ETF博时
2021-08-09,1.208,1.219,1.221,1.208,126357.0,512960,sh,央企结构调整ETF博时
2021-08-10,1.222,1.229,1.229,1.218,130848.0,512960,sh,央企结构调整ETF博时
2021-08-11,1.23,1.24,1.245,1.23,134535.0,512960,sh,央企结构调整ETF博时
2021-08-12,1.239,1.232,1.239,1.231,1103.0,512960,sh,央企结构调整ETF博时
2021-08-13,1.226,1.221,1.231,1.216,2991.0,512960,sh,央企结构调整ETF博时
2021-08-16,1.223,1.216,1.223,1.215,14356.0,512960,sh,央企结构调整ETF博时
2021-08-17,1.216,1.2,1.218,1.2,8656.0,512960,sh,央企结构调整ETF博时
2021-08-18,1.201,1.219,1.219,1.198,8982.0,512960,sh,央企结构调整ETF博时
2021-08-19,1.214,1.211,1.214,1.208,6722.0,512960,sh,央企结构调整ETF博时
2021-08-20,1.213,1.213,1.218,1.205,5333.0,512960,sh,央企结构调整ETF博时
2021-08-23,1.212,1.24,1.24,1.212,91937.0,512960,sh,央企结构调整ETF博时
2021-08-24,1.242,1.241,1.244,1.238,15360.0,512960,sh,央企结构调整ETF博时
2021-08-25,1.245,1.251,1.251,1.24,118313.0,512960,sh,央企结构调整ETF博时
2021-08-26,1.254,1.243,1.259,1.243,246.0,512960,sh,央企结构调整ETF博时
2021-08-27,1.241,1.238,1.241,1.233,2931.0,512960,sh,央企结构调整ETF博时
2021-08-30,1.239,1.249,1.255,1.239,10187.0,512960,sh,央企结构调整ETF博时
2021-08-31,1.248,1.264,1.264,1.241,63995.0,512960,sh,央企结构调整ETF博时
2021-09-01,1.265,1.267,1.274,1.251,84223.0,512960,sh,央企结构调整ETF博时
2021-09-02,1.267,1.292,1.292,1.267,166579.0,512960,sh,央企结构调整ETF博时
2021-09-03,1.296,1.283,1.303,1.274,47566.0,512960,sh,央企结构调整ETF博时
2021-09-06,1.289,1.295,1.299,1.279,81668.0,512960,sh,央企结构调整ETF博时
2021-09-07,1.295,1.322,1.323,1.294,184146.0,512960,sh,央企结构调整ETF博时
2021-09-08,1.326,1.326,1.329,1.318,161557.0,512960,sh,央企结构调整ETF博时
2021-09-09,1.326,1.342,1.342,1.317,95351.0,512960,sh,央企结构调整ETF博时
2021-09-10,1.342,1.343,1.356,1.337,200119.0,512960,sh,央企结构调整ETF博时
2021-09-13,1.347,1.355,1.356,1.342,94251.0,512960,sh,央企结构调整ETF博时
2021-09-14,1.355,1.324,1.355,1.32,109704.0,512960,sh,央企结构调整ETF博时
2021-09-15,1.317,1.325,1.336,1.316,75797.0,512960,sh,央企结构调整ETF博时
2021-09-16,1.321,1.302,1.334,1.302,65500.0,512960,sh,央企结构调整ETF博时
2021-09-17,1.324,1.312,1.324,1.291,62509.0,512960,sh,央企结构调整ETF博时
2021-09-22,1.312,1.341,1.341,1.292,62973.0,512960,sh,央企结构调整ETF博时
2021-09-23,1.343,1.347,1.359,1.34,149021.0,512960,sh,央企结构调整ETF博时
2021-09-24,1.342,1.326,1.344,1.326,56420.0,512960,sh,央企结构调整ETF博时
2021-09-27,1.325,1.29,1.334,1.282,95355.0,512960,sh,央企结构调整ETF博时
2021-09-28,1.29,1.312,1.316,1.29,73781.0,512960,sh,央企结构调整ETF博时
2021-09-29,1.311,1.279,1.311,1.273,47485.0,512960,sh,央企结构调整ETF博时
2021-09-30,1.284,1.294,1.296,1.28,66923.0,512960,sh,央企结构调整ETF博时
2021-10-08,1.356,1.284,1.356,1.275,57168.0,512960,sh,央企结构调整ETF博时
2021-10-11,1.279,1.275,1.287,1.274,52305.0,512960,sh,央企结构调整ETF博时
2021-10-12,1.27,1.25,1.271,1.236,56636.0,512960,sh,央企结构调整ETF博时
2021-10-13,1.25,1.246,1.25,1.227,57380.0,512960,sh,央企结构调整ETF博时
2021-10-14,1.24,1.247,1.255,1.236,53406.0,512960,sh,央企结构调整ETF博时
2021-10-15,1.247,1.253,1.256,1.243,12768.0,512960,sh,央企结构调整ETF博时
2021-10-18,1.252,1.265,1.265,1.248,118969.0,512960,sh,央企结构调整ETF博时
2021-10-19,1.265,1.272,1.275,1.259,46963.0,512960,sh,央企结构调整ETF博时
2021-10-20,1.271,1.27,1.274,1.267,46944.0,512960,sh,央企结构调整ETF博时
2021-10-21,1.269,1.27,1.276,1.264,46973.0,512960,sh,央企结构调整ETF博时
2021-10-22,1.271,1.26,1.274,1.26,52508.0,512960,sh,央企结构调整ETF博时
2021-10-25,1.259,1.277,1.277,1.257,37071.0,512960,sh,央企结构调整ETF博时
2021-10-26,1.277,1.276,1.287,1.275,56502.0,512960,sh,央企结构调整ETF博时
2021-10-27,1.276,1.267,1.276,1.265,38136.0,512960,sh,央企结构调整ETF博时
2021-10-28,1.266,1.253,1.267,1.253,74209.0,512960,sh,央企结构调整ETF博时
2021-10-29,1.256,1.267,1.267,1.246,40303.0,512960,sh,央企结构调整ETF博时
2021-11-01,1.259,1.259,1.261,1.252,38638.0,512960,sh,央企结构调整ETF博时
2021-11-02,1.255,1.241,1.261,1.232,47267.0,512960,sh,央企结构调整ETF博时
2021-11-03,1.24,1.25,1.252,1.24,64150.0,512960,sh,央企结构调整ETF博时
2021-11-04,1.25,1.261,1.261,1.249,16578.0,512960,sh,央企结构调整ETF博时
2021-11-05,1.256,1.238,1.256,1.238,11141.0,512960,sh,央企结构调整ETF博时
2021-11-08,1.238,1.241,1.241,1.237,26127.0,512960,sh,央企结构调整ETF博时
2021-11-09,1.242,1.249,1.251,1.241,16104.0,512960,sh,央企结构调整ETF博时
2021-11-10,1.247,1.247,1.247,1.229,1255.0,512960,sh,央企结构调整ETF博时
2021-11-11,1.247,1.262,1.263,1.247,21288.0,512960,sh,央企结构调整ETF博时
2021-11-12,1.265,1.274,1.276,1.265,27378.0,512960,sh,央企结构调整ETF博时
2021-11-15,1.278,1.266,1.28,1.261,25401.0,512960,sh,央企结构调整ETF博时
2021-11-16,1.27,1.248,1.27,1.248,22004.0,512960,sh,央企结构调整ETF博时
2021-11-17,1.248,1.26,1.26,1.242,17034.0,512960,sh,央企结构调整ETF博时
2021-11-18,1.258,1.262,1.267,1.254,33764.0,512960,sh,央企结构调整ETF博时
2021-11-19,1.262,1.276,1.277,1.259,37298.0,512960,sh,央企结构调整ETF博时
2021-11-22,1.28,1.281,1.282,1.277,13916.0,512960,sh,央企结构调整ETF博时
2021-11-23,1.278,1.282,1.288,1.278,4562.0,512960,sh,央企结构调整ETF博时
2021-11-24,1.284,1.277,1.284,1.277,3617.0,512960,sh,央企结构调整ETF博时
2021-11-25,1.276,1.283,1.283,1.275,718.0,512960,sh,央企结构调整ETF博时
2021-11-26,1.283,1.272,1.283,1.272,30742.0,512960,sh,央企结构调整ETF博时
2021-11-29,1.263,1.27,1.278,1.263,49760.0,512960,sh,央企结构调整ETF博时
2021-11-30,1.277,1.28,1.288,1.273,52340.0,512960,sh,央企结构调整ETF博时
2021-12-01,1.28,1.286,1.286,1.277,37513.0,512960,sh,央企结构调整ETF博时
2021-12-02,1.283,1.292,1.296,1.283,85752.0,512960,sh,央企结构调整ETF博时
2021-12-03,1.296,1.311,1.312,1.29,38309.0,512960,sh,央企结构调整ETF博时
2021-12-06,1.31,1.308,1.326,1.307,24961.0,512960,sh,央企结构调整ETF博时
2021-12-07,1.318,1.306,1.32,1.3,17672.0,512960,sh,央企结构调整ETF博时
2021-12-08,1.307,1.318,1.318,1.305,38528.0,512960,sh,央企结构调整ETF博时
2021-12-09,1.316,1.322,1.327,1.316,19200.0,512960,sh,央企结构调整ETF博时
2021-12-10,1.331,1.309,1.331,1.307,45632.0,512960,sh,央企结构调整ETF博时
2021-12-13,1.322,1.324,1.333,1.322,16275.0,512960,sh,央企结构调整ETF博时
2021-12-14,1.315,1.315,1.321,1.314,20139.0,512960,sh,央企结构调整ETF博时
2021-12-15,1.316,1.318,1.326,1.316,44990.0,512960,sh,央企结构调整ETF博时
2021-12-16,1.321,1.333,1.333,1.321,2207.0,512960,sh,央企结构调整ETF博时
2021-12-17,1.331,1.32,1.336,1.32,22410.0,512960,sh,央企结构调整ETF博时
2021-12-20,1.322,1.302,1.322,1.299,7386.0,512960,sh,央企结构调整ETF博时
2021-12-21,1.305,1.311,1.313,1.302,45795.0,512960,sh,央企结构调整ETF博时
2021-12-22,1.313,1.309,1.313,1.305,4584070.0,512960,sh,央企结构调整ETF博时
2021-12-23,1.307,1.324,1.324,1.307,3894302.0,512960,sh,央企结构调整ETF博时
2021-12-24,1.324,1.316,1.325,1.311,1575830.0,512960,sh,央企结构调整ETF博时
2021-12-27,1.356,1.308,1.356,1.303,592438.0,512960,sh,央企结构调整ETF博时
2021-12-28,1.312,1.312,1.313,1.301,50727.0,512960,sh,央企结构调整ETF博时
2021-12-29,1.309,1.301,1.309,1.301,30987.0,512960,sh,央企结构调整ETF博时
2021-12-30,1.302,1.311,1.318,1.302,13374.0,512960,sh,央企结构调整ETF博时
2021-12-31,1.314,1.323,1.323,1.314,6659.0,512960,sh,央企结构调整ETF博时
2022-01-04,1.323,1.317,1.323,1.311,3937.0,512960,sh,央企结构调整ETF博时
2022-01-05,1.312,1.292,1.313,1.288,31523.0,512960,sh,央企结构调整ETF博时
2022-01-06,1.287,1.286,1.291,1.279,5005.0,512960,sh,央企结构调整ETF博时
2022-01-07,1.297,1.288,1.304,1.288,18132.0,512960,sh,央企结构调整ETF博时
2022-01-10,1.288,1.297,1.297,1.279,3219.0,512960,sh,央企结构调整ETF博时
2022-01-11,1.296,1.284,1.297,1.284,6781.0,512960,sh,央企结构调整ETF博时
2022-01-12,1.288,1.289,1.289,1.283,5018.0,512960,sh,央企结构调整ETF博时
2022-01-13,1.29,1.271,1.29,1.271,5279.0,512960,sh,央企结构调整ETF博时
2022-01-14,1.262,1.251,1.263,1.251,5059.0,512960,sh,央企结构调整ETF博时
2022-01-17,1.245,1.263,1.266,1.245,2621.0,512960,sh,央企结构调整ETF博时
2022-01-18,1.263,1.29,1.293,1.263,15092.0,512960,sh,央企结构调整ETF博时
2022-01-19,1.303,1.283,1.303,1.282,14434.0,512960,sh,央企结构调整ETF博时
2022-01-20,1.286,1.28,1.289,1.278,3297.0,512960,sh,央企结构调整ETF博时
2022-01-21,1.281,1.261,1.281,1.259,3325.0,512960,sh,央企结构调整ETF博时
2022-01-24,1.256,1.266,1.268,1.256,1709.0,512960,sh,央企结构调整ETF博时
2022-01-25,1.261,1.229,1.263,1.228,8070.0,512960,sh,央企结构调整ETF博时
2022-01-26,1.237,1.24,1.242,1.227,2117.0,512960,sh,央企结构调整ETF博时
2022-01-27,1.238,1.219,1.238,1.218,590.0,512960,sh,央企结构调整ETF博时
2022-01-28,1.224,1.201,1.224,1.198,19632.0,512960,sh,央企结构调整ETF博时
2022-02-07,1.205,1.23,1.233,1.205,29475.0,512960,sh,央企结构调整ETF博时
2022-02-08,1.227,1.241,1.241,1.214,5414.0,512960,sh,央企结构调整ETF博时
2022-02-09,1.239,1.252,1.255,1.239,4056.0,512960,sh,央企结构调整ETF博时
2022-02-10,1.259,1.253,1.263,1.251,1633.0,512960,sh,央企结构调整ETF博时
2022-02-11,1.263,1.246,1.263,1.245,3990.0,512960,sh,央企结构调整ETF博时
2022-02-14,1.243,1.222,1.243,1.222,4723.0,512960,sh,央企结构调整ETF博时
2022-02-15,1.227,1.228,1.23,1.226,3996.0,512960,sh,央企结构调整ETF博时
2022-02-16,1.24,1.238,1.245,1.237,7724.0,512960,sh,央企结构调整ETF博时
2022-02-17,1.235,1.242,1.242,1.233,3746.0,512960,sh,央企结构调整ETF博时
2022-02-18,1.24,1.25,1.25,1.24,11588.0,512960,sh,央企结构调整ETF博时
2022-02-21,1.245,1.253,1.253,1.245,679.0,512960,sh,央企结构调整ETF博时
2022-02-22,1.253,1.235,1.253,1.231,283.0,512960,sh,央企结构调整ETF博时
2022-02-23,1.243,1.252,1.252,1.243,48.0,512960,sh,央企结构调整ETF博时
2022-02-24,1.252,1.224,1.252,1.219,346.0,512960,sh,央企结构调整ETF博时
2022-02-25,1.236,1.232,1.244,1.232,10614.0,512960,sh,央企结构调整ETF博时
2022-02-28,1.236,1.236,1.236,1.226,4581.0,512960,sh,央企结构调整ETF博时
2022-03-01,1.241,1.252,1.252,1.241,1833.0,512960,sh,央企结构调整ETF博时
2022-03-02,1.252,1.251,1.252,1.247,1724.0,512960,sh,央企结构调整ETF博时
2022-03-03,1.258,1.255,1.26,1.252,2274.0,512960,sh,央企结构调整ETF博时
2022-03-04,1.255,1.243,1.255,1.24,297.0,512960,sh,央企结构调整ETF博时
2022-03-07,1.235,1.224,1.238,1.217,2097.0,512960,sh,央企结构调整ETF博时
2022-03-08,1.223,1.19,1.223,1.19,2401.0,512960,sh,央企结构调整ETF博时
2022-03-09,1.186,1.175,1.197,1.148,12394.0,512960,sh,央企结构调整ETF博时
2022-03-10,1.187,1.185,1.193,1.184,8075.0,512960,sh,央企结构调整ETF博时
2022-03-11,1.18,1.186,1.186,1.153,6172.0,512960,sh,央企结构调整ETF博时
2022-03-14,1.174,1.16,1.186,1.16,4513.0,512960,sh,央企结构调整ETF博时
2022-03-15,1.155,1.091,1.155,1.09,2617.0,512960,sh,央企结构调整ETF博时
2022-03-16,1.102,1.122,1.122,1.072,248.0,512960,sh,央企结构调整ETF博时
2022-03-17,1.133,1.141,1.148,1.133,90.0,512960,sh,央企结构调整ETF博时
2022-03-18,1.137,1.152,1.152,1.131,85.0,512960,sh,央企结构调整ETF博时
2022-03-21,1.152,1.141,1.152,1.141,91.0,512960,sh,央企结构调整ETF博时
2022-03-22,1.152,1.152,1.157,1.152,3004.0,512960,sh,央企结构调整ETF博时
2022-03-23,1.157,1.17,1.17,1.157,6514.0,512960,sh,央企结构调整ETF博时
2022-03-24,1.162,1.168,1.168,1.157,21556.0,512960,sh,央企结构调整ETF博时
2022-03-25,1.163,1.14,1.163,1.14,10131.0,512960,sh,央企结构调整ETF博时
2022-03-28,1.129,1.137,1.143,1.118,8429.0,512960,sh,央企结构调整ETF博时
2022-03-29,1.14,1.139,1.143,1.139,14328.0,512960,sh,央企结构调整ETF博时
2022-03-30,1.143,1.159,1.159,1.143,1611.0,512960,sh,央企结构调整ETF博时
2022-03-31,1.157,1.152,1.157,1.152,2141.0,512960,sh,央企结构调整ETF博时
2022-04-01,1.146,1.173,1.173,1.146,11766.0,512960,sh,央企结构调整ETF博时
2022-04-06,1.173,1.163,1.173,1.153,2262.0,512960,sh,央企结构调整ETF博时
2022-04-07,1.162,1.153,1.168,1.153,1615.0,512960,sh,央企结构调整ETF博时
2022-04-08,1.155,1.161,1.161,1.142,4030.0,512960,sh,央企结构调整ETF博时
2022-04-11,1.161,1.123,1.161,1.123,74.0,512960,sh,央企结构调整ETF博时
2022-04-12,1.121,1.132,1.133,1.11,13067.0,512960,sh,央企结构调整ETF博时
2022-04-13,1.127,1.132,1.136,1.121,21193.0,512960,sh,央企结构调整ETF博时
2022-04-14,1.13,1.145,1.148,1.13,8340.0,512960,sh,央企结构调整ETF博时
2022-04-15,1.14,1.139,1.145,1.137,360.0,512960,sh,央企结构调整ETF博时
2022-04-18,1.13,1.133,1.138,1.128,8245.0,512960,sh,央企结构调整ETF博时
2022-04-19,1.138,1.135,1.141,1.133,17898.0,512960,sh,央企结构调整ETF博时
2022-04-20,1.138,1.116,1.139,1.112,7965.0,512960,sh,央企结构调整ETF博时
2022-04-21,1.111,1.085,1.111,1.085,10171.0,512960,sh,央企结构调整ETF博时
2022-04-22,1.089,1.1,1.1,1.087,1182.0,512960,sh,央企结构调整ETF博时
2022-04-25,1.089,1.037,1.089,1.037,119278.0,512960,sh,央企结构调整ETF博时
2022-04-26,1.033,1.026,1.052,1.026,5911.0,512960,sh,央企结构调整ETF博时
2022-04-27,1.023,1.054,1.054,1.022,2632.0,512960,sh,央企结构调整ETF博时
2022-04-28,1.064,1.06,1.073,1.053,7585.0,512960,sh,央企结构调整ETF博时
2022-04-29,1.064,1.1,1.1,1.064,16219.0,512960,sh,央企结构调整ETF博时
2022-05-05,1.099,1.106,1.106,1.096,6545.0,512960,sh,央企结构调整ETF博时
2022-05-06,1.095,1.075,1.095,1.071,5083.0,512960,sh,央企结构调整ETF博时
2022-05-09,1.07,1.073,1.08,1.068,3086.0,512960,sh,央企结构调整ETF博时
2022-05-10,1.062,1.086,1.086,1.052,8110.0,512960,sh,央企结构调整ETF博时
2022-05-11,1.088,1.086,1.098,1.086,1681.0,512960,sh,央企结构调整ETF博时
2022-05-12,1.086,1.082,1.086,1.07,5052.0,512960,sh,央企结构调整ETF博时
2022-05-13,1.083,1.094,1.094,1.083,5112.0,512960,sh,央企结构调整ETF博时
2022-05-16,1.099,1.095,1.105,1.088,4102.0,512960,sh,央企结构调整ETF博时
2022-05-17,1.094,1.1,1.1,1.087,3496.0,512960,sh,央企结构调整ETF博时
2022-05-18,1.095,1.094,1.103,1.087,3289.0,512960,sh,央企结构调整ETF博时
2022-05-19,1.083,1.101,1.101,1.083,5071.0,512960,sh,央企结构调整ETF博时
2022-05-20,1.112,1.116,1.118,1.111,206.0,512960,sh,央企结构调整ETF博时
2022-05-23,1.116,1.11,1.116,1.104,9110.0,512960,sh,央企结构调整ETF博时
2022-05-24,1.109,1.081,1.112,1.081,8602.0,512960,sh,央企结构调整ETF博时
2022-05-25,1.083,1.098,1.098,1.082,5092.0,512960,sh,央企结构调整ETF博时
2022-05-26,1.1,1.111,1.114,1.1,2518.0,512960,sh,央企结构调整ETF博时
2022-05-27,1.119,1.111,1.122,1.111,3151.0,512960,sh,央企结构调整ETF博时
2022-05-30,1.116,1.118,1.12,1.111,223.0,512960,sh,央企结构调整ETF博时
2022-05-31,1.118,1.127,1.127,1.116,593.0,512960,sh,央企结构调整ETF博时
2022-06-01,1.124,1.132,1.132,1.124,5354.0,512960,sh,央企结构调整ETF博时
2022-06-02,1.126,1.132,1.132,1.125,1625.0,512960,sh,央企结构调整ETF博时
2022-06-06,1.13,1.144,1.144,1.13,6787.0,512960,sh,央企结构调整ETF博时
2022-06-07,1.146,1.146,1.146,1.141,252.0,512960,sh,央企结构调整ETF博时
2022-06-08,1.151,1.149,1.151,1.134,290.0,512960,sh,央企结构调整ETF博时
2022-06-09,1.148,1.142,1.148,1.141,4611.0,512960,sh,央企结构调整ETF博时
2022-06-10,1.138,1.152,1.153,1.138,9553.0,512960,sh,央企结构调整ETF博时
2022-06-13,1.149,1.139,1.149,1.135,1739.0,512960,sh,央企结构调整ETF博时
2022-06-14,1.13,1.148,1.148,1.118,2971.0,512960,sh,央企结构调整ETF博时
2022-06-15,1.157,1.173,1.182,1.156,332.0,512960,sh,央企结构调整ETF博时
2022-06-16,1.165,1.155,1.167,1.152,274.0,512960,sh,央企结构调整ETF博时
2022-06-17,1.153,1.158,1.161,1.144,166.0,512960,sh,央企结构调整ETF博时
2022-06-20,1.163,1.167,1.17,1.16,2837.0,512960,sh,央企结构调整ETF博时
2022-06-21,1.163,1.16,1.171,1.158,6294.0,512960,sh,央企结构调整ETF博时
2022-06-22,1.161,1.146,1.161,1.143,16056.0,512960,sh,央企结构调整ETF博时
2022-06-23,1.145,1.169,1.169,1.143,13751.0,512960,sh,央企结构调整ETF博时
2022-06-24,1.171,1.174,1.179,1.171,7039.0,512960,sh,央企结构调整ETF博时
2022-06-27,1.179,1.188,1.189,1.179,3676.0,512960,sh,央企结构调整ETF博时
2022-06-28,1.183,1.202,1.203,1.183,94.0,512960,sh,央企结构调整ETF博时
2022-06-29,1.204,1.186,1.205,1.186,2824.0,512960,sh,央企结构调整ETF博时
2022-06-30,1.181,1.195,1.198,1.181,4336.0,512960,sh,央企结构调整ETF博时
2022-07-01,1.195,1.193,1.196,1.193,2787.0,512960,sh,央企结构调整ETF博时
2022-07-04,1.189,1.203,1.203,1.189,3035.0,512960,sh,央企结构调整ETF博时
2022-07-05,1.211,1.203,1.211,1.193,4598.0,512960,sh,央企结构调整ETF博时
2022-07-06,1.206,1.177,1.206,1.177,3346.0,512960,sh,央企结构调整ETF博时
2022-07-07,1.189,1.199,1.2,1.186,13914.0,512960,sh,央企结构调整ETF博时
2022-07-08,1.204,1.197,1.206,1.197,20074.0,512960,sh,央企结构调整ETF博时
2022-07-11,1.185,1.187,1.188,1.181,8420.0,512960,sh,央企结构调整ETF博时
2022-07-12,1.187,1.182,1.199,1.182,15409.0,512960,sh,央企结构调整ETF博时
2022-07-13,1.176,1.187,1.191,1.176,11431.0,512960,sh,央企结构调整ETF博时
2022-07-14,1.182,1.182,1.189,1.182,6670.0,512960,sh,央企结构调整ETF博时
2022-07-15,1.187,1.167,1.188,1.167,22167.0,512960,sh,央企结构调整ETF博时
2022-07-18,1.171,1.186,1.186,1.166,12393.0,512960,sh,央企结构调整ETF博时
2022-07-19,1.184,1.189,1.189,1.184,4597.0,512960,sh,央企结构调整ETF博时
2022-07-20,1.191,1.196,1.196,1.191,10410.0,512960,sh,央企结构调整ETF博时
2022-07-21,1.196,1.176,1.196,1.176,9275.0,512960,sh,央企结构调整ETF博时
2022-07-22,1.181,1.169,1.184,1.169,555.0,512960,sh,央企结构调整ETF博时
2022-07-25,1.178,1.165,1.178,1.163,30035.0,512960,sh,央企结构调整ETF博时
2022-07-26,1.167,1.178,1.178,1.167,6077.0,512960,sh,央企结构调整ETF博时
2022-07-27,1.177,1.174,1.177,1.174,5032.0,512960,sh,央企结构调整ETF博时
2022-07-28,1.18,1.177,1.186,1.177,25643.0,512960,sh,央企结构调整ETF博时
2022-07-29,1.18,1.167,1.187,1.167,27323.0,512960,sh,央企结构调整ETF博时
2022-08-01,1.162,1.17,1.17,1.158,12861.0,512960,sh,央企结构调整ETF博时
2022-08-02,1.16,1.139,1.16,1.126,10210.0,512960,sh,央企结构调整ETF博时
2022-08-03,1.148,1.133,1.152,1.133,8116.0,512960,sh,央企结构调整ETF博时
2022-08-04,1.144,1.147,1.147,1.135,57896.0,512960,sh,央企结构调整ETF博时
2022-08-05,1.145,1.158,1.158,1.138,34252.0,512960,sh,央企结构调整ETF博时
2022-08-08,1.157,1.16,1.161,1.156,4409.0,512960,sh,央企结构调整ETF博时
2022-08-09,1.158,1.167,1.167,1.158,5514.0,512960,sh,央企结构调整ETF博时
2022-08-10,1.164,1.161,1.165,1.159,2474.0,512960,sh,央企结构调整ETF博时
2022-08-11,1.161,1.177,1.177,1.161,2596.0,512960,sh,央企结构调整ETF博时
2022-08-12,1.177,1.172,1.177,1.17,14056.0,512960,sh,央企结构调整ETF博时
2022-08-15,1.169,1.163,1.169,1.16,14096.0,512960,sh,央企结构调整ETF博时
2022-08-16,1.168,1.163,1.171,1.161,9840.0,512960,sh,央企结构调整ETF博时
2022-08-17,1.158,1.167,1.168,1.156,5985.0,512960,sh,央企结构调整ETF博时
2022-08-18,1.167,1.158,1.167,1.158,2094.0,512960,sh,央企结构调整ETF博时
2022-08-19,1.16,1.156,1.162,1.156,2084.0,512960,sh,央企结构调整ETF博时
2022-08-22,1.162,1.166,1.166,1.161,3681.0,512960,sh,央企结构调整ETF博时
2022-08-23,1.166,1.164,1.166,1.161,76.0,512960,sh,央企结构调整ETF博时
2022-08-24,1.163,1.134,1.163,1.134,3453.0,512960,sh,央企结构调整ETF博时
2022-08-25,1.14,1.143,1.145,1.135,2096.0,512960,sh,央企结构调整ETF博时
2022-08-26,1.146,1.141,1.148,1.139,3562.0,512960,sh,央企结构调整ETF博时
2022-08-29,1.131,1.148,1.148,1.13,18184.0,512960,sh,央企结构调整ETF博时
2022-08-30,1.148,1.146,1.15,1.142,8049.0,512960,sh,央企结构调整ETF博时
2022-08-31,1.144,1.135,1.145,1.131,26542.0,512960,sh,央企结构调整ETF博时
2022-09-01,1.134,1.128,1.141,1.128,18968.0,512960,sh,央企结构调整ETF博时
2022-09-02,1.127,1.126,1.127,1.121,1055.0,512960,sh,央企结构调整ETF博时
2022-09-05,1.12,1.127,1.127,1.117,12955.0,512960,sh,央企结构调整ETF博时
2022-09-06,1.138,1.145,1.145,1.136,24163.0,512960,sh,央企结构调整ETF博时
2022-09-07,1.149,1.146,1.149,1.14,27844.0,512960,sh,央企结构调整ETF博时
2022-09-08,1.147,1.146,1.151,1.146,14157.0,512960,sh,央企结构调整ETF博时
2022-09-09,1.153,1.16,1.162,1.152,13135.0,512960,sh,央企结构调整ETF博时
2022-09-13,1.164,1.161,1.164,1.16,11026.0,512960,sh,央企结构调整ETF博时
2022-09-14,1.15,1.153,1.158,1.148,15047.0,512960,sh,央企结构调整ETF博时
2022-09-15,1.153,1.142,1.159,1.131,15306.0,512960,sh,央企结构调整ETF博时
2022-09-16,1.139,1.119,1.139,1.119,1882.0,512960,sh,央企结构调整ETF博时
2022-09-19,1.113,1.11,1.117,1.107,20145.0,512960,sh,央企结构调整ETF博时
2022-09-20,1.115,1.112,1.115,1.109,23967.0,512960,sh,央企结构调整ETF博时
2022-09-21,1.112,1.111,1.112,1.096,14029.0,512960,sh,央企结构调整ETF博时
2022-09-22,1.103,1.108,1.114,1.102,2047.0,512960,sh,央企结构调整ETF博时
2022-09-23,1.109,1.104,1.109,1.097,2025.0,512960,sh,央企结构调整ETF博时
2022-09-26,1.093,1.082,1.097,1.081,2040.0,512960,sh,央企结构调整ETF博时
2022-09-27,1.084,1.095,1.095,1.081,7023.0,512960,sh,央企结构调整ETF博时
2022-09-28,1.092,1.073,1.092,1.073,9852.0,512960,sh,央企结构调整ETF博时
2022-09-29,1.08,1.071,1.084,1.064,4022.0,512960,sh,央企结构调整ETF博时
2022-09-30,1.069,1.068,1.074,1.068,110.0,512960,sh,央企结构调整ETF博时
2022-10-10,1.074,1.06,1.075,1.057,14965.0,512960,sh,央企结构调整ETF博时
2022-10-11,1.058,1.061,1.061,1.057,3934.0,512960,sh,央企结构调整ETF博时
2022-10-12,1.065,1.082,1.082,1.05,3495.0,512960,sh,央企结构调整ETF博时
2022-10-13,1.081,1.083,1.085,1.08,12360.0,512960,sh,央企结构调整ETF博时
2022-10-14,1.094,1.1,1.101,1.094,316.0,512960,sh,央企结构调整ETF博时
2022-10-17,1.1,1.108,1.109,1.1,7793.0,512960,sh,央企结构调整ETF博时
2022-10-18,1.11,1.103,1.111,1.103,17869.0,512960,sh,央企结构调整ETF博时
2022-10-19,1.103,1.096,1.105,1.096,15730.0,512960,sh,央企结构调整ETF博时
2022-10-20,1.101,1.098,1.103,1.084,25172.0,512960,sh,央企结构调整ETF博时
2022-10-21,1.095,1.096,1.099,1.091,11038.0,512960,sh,央企结构调整ETF博时
2022-10-24,1.102,1.086,1.102,1.085,3323.0,512960,sh,央企结构调整ETF博时
2022-10-25,1.082,1.081,1.088,1.071,335599.0,512960,sh,央企结构调整ETF博时
2022-10-26,1.086,1.089,1.101,1.085,10490.0,512960,sh,央企结构调整ETF博时
2022-10-27,1.096,1.09,1.099,1.089,338507.0,512960,sh,央企结构调整ETF博时
2022-10-28,1.086,1.064,1.086,1.061,8534.0,512960,sh,央企结构调整ETF博时
2022-10-31,1.064,1.058,1.064,1.05,13032.0,512960,sh,央企结构调整ETF博时
2022-11-01,1.059,1.077,1.077,1.058,320215.0,512960,sh,央企结构调整ETF博时
2022-11-02,1.077,1.088,1.088,1.071,19164.0,512960,sh,央企结构调整ETF博时
2022-11-03,1.082,1.081,1.082,1.077,9203.0,512960,sh,央企结构调整ETF博时
2022-11-04,1.081,1.102,1.104,1.081,303802.0,512960,sh,央企结构调整ETF博时
2022-11-07,1.103,1.1,1.105,1.097,12313.0,512960,sh,央企结构调整ETF博时
2022-11-08,1.099,1.101,1.101,1.098,58996.0,512960,sh,央企结构调整ETF博时
2022-11-09,1.104,1.096,1.107,1.096,59777.0,512960,sh,央企结构调整ETF博时
2022-11-10,1.092,1.087,1.092,1.083,73239.0,512960,sh,央企结构调整ETF博时
2022-11-11,1.098,1.112,1.121,1.098,37033.0,512960,sh,央企结构调整ETF博时
2022-11-14,1.123,1.106,1.123,1.106,64181.0,512960,sh,央企结构调整ETF博时
2022-11-15,1.108,1.126,1.126,1.108,58572.0,512960,sh,央企结构调整ETF博时
2022-11-16,1.126,1.121,1.128,1.119,69738.0,512960,sh,央企结构调整ETF博时
2022-11-17,1.113,1.124,1.124,1.11,64230.0,512960,sh,央企结构调整ETF博时
2022-11-18,1.122,1.123,1.131,1.122,40302.0,512960,sh,央企结构调整ETF博时
2022-11-21,1.116,1.117,1.12,1.112,14549.0,512960,sh,央企结构调整ETF博时
2022-11-22,1.118,1.131,1.143,1.118,22940.0,512960,sh,央企结构调整ETF博时
2022-11-23,1.14,1.138,1.143,1.135,11717.0,512960,sh,央企结构调整ETF博时
2022-11-24,1.14,1.127,1.14,1.125,72427.0,512960,sh,央企结构调整ETF博时
2022-11-25,1.127,1.137,1.141,1.127,40021.0,512960,sh,央企结构调整ETF博时
2022-11-28,1.127,1.129,1.131,1.116,82513.0,512960,sh,央企结构调整ETF博时
2022-11-29,1.137,1.152,1.154,1.133,47788.0,512960,sh,央企结构调整ETF博时
2022-11-30,1.147,1.148,1.153,1.147,98325.0,512960,sh,央企结构调整ETF博时
2022-12-01,1.159,1.16,1.168,1.158,59806.0,512960,sh,央企结构调整ETF博时
2022-12-02,1.158,1.152,1.158,1.15,88268.0,512960,sh,央企结构调整ETF博时
2022-12-05,1.154,1.186,1.188,1.154,89450.0,512960,sh,央企结构调整ETF博时
2022-12-06,1.191,1.184,1.309,1.18,110412.0,512960,sh,央企结构调整ETF博时
2022-12-07,1.181,1.175,1.185,1.17,246696.0,512960,sh,央企结构调整ETF博时
2022-12-08,1.17,1.169,1.174,1.165,83415.0,512960,sh,央企结构调整ETF博时
2022-12-09,1.169,1.17,1.171,1.16,107028.0,512960,sh,央企结构调整ETF博时
2022-12-12,1.164,1.161,1.165,1.161,73019.0,512960,sh,央企结构调整ETF博时
2022-12-13,1.16,1.152,1.161,1.152,100111.0,512960,sh,央企结构调整ETF博时
2022-12-14,1.155,1.151,1.157,1.151,72138.0,512960,sh,央企结构调整ETF博时
2022-12-15,1.146,1.148,1.149,1.146,99348.0,512960,sh,央企结构调整ETF博时
2022-12-16,1.146,1.147,1.152,1.143,92771.0,512960,sh,央企结构调整ETF博时
2022-12-19,1.147,1.121,1.149,1.12,62048.0,512960,sh,央企结构调整ETF博时
2022-12-20,1.124,1.112,1.124,1.108,71964.0,512960,sh,央企结构调整ETF博时
2022-12-21,1.114,1.106,1.114,1.104,26711.0,512960,sh,央企结构调整ETF博时
2022-12-22,1.113,1.104,1.118,1.101,77758.0,512960,sh,央企结构调整ETF博时
2022-12-23,1.1,1.102,1.11,1.1,37654.0,512960,sh,央企结构调整ETF博时
2022-12-26,1.097,1.111,1.114,1.097,11706.0,512960,sh,央企结构调整ETF博时
2022-12-27,1.116,1.118,1.12,1.114,31162.0,512960,sh,央企结构调整ETF博时
2022-12-28,1.114,1.11,1.116,1.109,39932.0,512960,sh,央企结构调整ETF博时
2022-12-29,1.105,1.109,1.111,1.102,24082.0,512960,sh,央企结构调整ETF博时
2022-12-30,1.114,1.114,1.115,1.109,32059.0,512960,sh,央企结构调整ETF博时
2023-01-03,1.113,1.134,1.137,1.111,18811.0,512960,sh,央企结构调整ETF博时
2023-01-04,1.133,1.134,1.137,1.131,14559.0,512960,sh,央企结构调整ETF博时
2023-01-05,1.139,1.145,1.146,1.139,8646.0,512960,sh,央企结构调整ETF博时
2023-01-06,1.14,1.137,1.143,1.137,33995.0,512960,sh,央企结构调整ETF博时
2023-01-09,1.142,1.134,1.144,1.133,31279.0,512960,sh,央企结构调整ETF博时
2023-01-10,1.136,1.134,1.136,1.13,38539.0,512960,sh,央企结构调整ETF博时
2023-01-11,1.136,1.131,1.141,1.131,22066.0,512960,sh,央企结构调整ETF博时
2023-01-12,1.136,1.135,1.139,1.13,22091.0,512960,sh,央企结构调整ETF博时
2023-01-13,1.137,1.134,1.137,1.134,22446.0,512960,sh,央企结构调整ETF博时
2023-01-16,1.14,1.156,1.163,1.14,36350.0,512960,sh,央企结构调整ETF博时
2023-01-17,1.151,1.154,1.159,1.151,55598.0,512960,sh,央企结构调整ETF博时
2023-01-18,1.156,1.161,1.164,1.155,70501.0,512960,sh,央企结构调整ETF博时
2023-01-19,1.162,1.175,1.175,1.16,18267.0,512960,sh,央企结构调整ETF博时
2023-01-20,1.186,1.193,1.195,1.186,68380.0,512960,sh,央企结构调整ETF博时
2023-01-30,1.193,1.195,1.21,1.193,26922.0,512960,sh,央企结构调整ETF博时
2023-01-31,1.191,1.188,1.193,1.187,46387.0,512960,sh,央企结构调整ETF博时
2023-02-01,1.188,1.2,1.2,1.185,232814.0,512960,sh,央企结构调整ETF博时
2023-02-02,1.203,1.199,1.205,1.197,150051.0,512960,sh,央企结构调整ETF博时
2023-02-03,1.193,1.197,1.198,1.182,50175.0,512960,sh,央企结构调整ETF博时
2023-02-06,1.201,1.19,1.201,1.189,60444.0,512960,sh,央企结构调整ETF博时
2023-02-07,1.194,1.196,1.198,1.191,133738.0,512960,sh,央企结构调整ETF博时
2023-02-08,1.198,1.189,1.198,1.185,60754.0,512960,sh,央企结构调整ETF博时
2023-02-09,1.19,1.202,1.203,1.19,105973.0,512960,sh,央企结构调整ETF博时
2023-02-10,1.202,1.201,1.207,1.195,63035.0,512960,sh,央企结构调整ETF博时
2023-02-13,1.205,1.204,1.205,1.198,113990.0,512960,sh,央企结构调整ETF博时
2023-02-14,1.205,1.205,1.207,1.201,49350.0,512960,sh,央企结构调整ETF博时
2023-02-15,1.206,1.208,1.211,1.201,132953.0,512960,sh,央企结构调整ETF博时
2023-02-16,1.211,1.201,1.229,1.196,312969.0,512960,sh,央企结构调整ETF博时
2023-02-17,1.205,1.18,1.205,1.18,50762.0,512960,sh,央企结构调整ETF博时
2023-02-20,1.189,1.219,1.219,1.189,230444.0,512960,sh,央企结构调整ETF博时
2023-02-21,1.214,1.224,1.229,1.212,155516.0,512960,sh,央企结构调整ETF博时
2023-02-22,1.223,1.221,1.225,1.216,132535.0,512960,sh,央企结构调整ETF博时
2023-02-23,1.219,1.212,1.222,1.207,28218.0,512960,sh,央企结构调整ETF博时
2023-02-24,1.211,1.21,1.215,1.203,35287.0,512960,sh,央企结构调整ETF博时
2023-02-27,1.204,1.202,1.214,1.202,55162.0,512960,sh,央企结构调整ETF博时
2023-02-28,1.214,1.218,1.22,1.203,133568.0,512960,sh,央企结构调整ETF博时
2023-03-01,1.218,1.244,1.247,1.218,66999.0,512960,sh,央企结构调整ETF博时
2023-03-02,1.248,1.249,1.254,1.241,272009.0,512960,sh,央企结构调整ETF博时
2023-03-03,1.249,1.264,1.264,1.245,234734.0,512960,sh,央企结构调整ETF博时
2023-03-06,1.274,1.264,1.275,1.26,243598.0,512960,sh,央企结构调整ETF博时
2023-03-07,1.263,1.244,1.273,1.244,254632.0,512960,sh,央企结构调整ETF博时
2023-03-08,1.24,1.249,1.249,1.237,143940.0,512960,sh,央企结构调整ETF博时
2023-03-09,1.248,1.245,1.251,1.234,91178.0,512960,sh,央企结构调整ETF博时
2023-03-10,1.243,1.225,1.243,1.225,104403.0,512960,sh,央企结构调整ETF博时
2023-03-13,1.22,1.258,1.258,1.22,341701.0,512960,sh,央企结构调整ETF博时
2023-03-14,1.255,1.252,1.259,1.239,122262.0,512960,sh,央企结构调整ETF博时
2023-03-15,1.261,1.26,1.264,1.254,306368.0,512960,sh,央企结构调整ETF博时
2023-03-16,1.259,1.241,1.259,1.24,200732.0,512960,sh,央企结构调整ETF博时
2023-03-17,1.243,1.27,1.281,1.243,217248.0,512960,sh,央企结构调整ETF博时
2023-03-20,1.274,1.256,1.29,1.254,272071.0,512960,sh,央企结构调整ETF博时
2023-03-21,1.256,1.262,1.267,1.252,189081.0,512960,sh,央企结构调整ETF博时
2023-03-22,1.262,1.269,1.27,1.253,390102.0,512960,sh,央企结构调整ETF博时
2023-03-23,1.27,1.294,1.295,1.262,482847.0,512960,sh,央企结构调整ETF博时
2023-03-24,1.294,1.283,1.294,1.27,309205.0,512960,sh,央企结构调整ETF博时
2023-03-27,1.28,1.267,1.28,1.255,337346.0,512960,sh,央企结构调整ETF博时
2023-03-28,1.268,1.262,1.27,1.258,222489.0,512960,sh,央企结构调整ETF博时
2023-03-29,1.301,1.255,1.301,1.242,238912.0,512960,sh,央企结构调整ETF博时
2023-03-30,1.251,1.254,1.258,1.237,321579.0,512960,sh,央企结构调整ETF博时
2023-03-31,1.254,1.266,1.267,1.25,210961.0,512960,sh,央企结构调整ETF博时
2023-04-03,1.266,1.286,1.288,1.266,263184.0,512960,sh,央企结构调整ETF博时
2023-04-04,1.285,1.305,1.312,1.283,428836.0,512960,sh,央企结构调整ETF博时
2023-04-06,1.311,1.309,1.311,1.294,246517.0,512960,sh,央企结构调整ETF博时
2023-04-07,1.305,1.319,1.321,1.305,191980.0,512960,sh,央企结构调整ETF博时
2023-04-10,1.323,1.306,1.328,1.304,165760.0,512960,sh,央企结构调整ETF博时
2023-04-11,1.306,1.303,1.307,1.293,159906.0,512960,sh,央企结构调整ETF博时
2023-04-12,1.304,1.324,1.326,1.304,163272.0,512960,sh,央企结构调整ETF博时
2023-04-13,1.326,1.309,1.326,1.306,154226.0,512960,sh,央企结构调整ETF博时
2023-04-14,1.31,1.317,1.319,1.303,151264.0,512960,sh,央企结构调整ETF博时
2023-04-17,1.317,1.326,1.329,1.31,215535.0,512960,sh,央企结构调整ETF博时
2023-04-18,1.33,1.336,1.336,1.316,208373.0,512960,sh,央企结构调整ETF博时
2023-04-19,1.341,1.319,1.341,1.317,309533.0,512960,sh,央企结构调整ETF博时
2023-04-20,1.319,1.33,1.334,1.313,319422.0,512960,sh,央企结构调整ETF博时
2023-04-21,1.334,1.295,1.335,1.292,581021.0,512960,sh,央企结构调整ETF博时
2023-04-24,1.29,1.289,1.303,1.28,292086.0,512960,sh,央企结构调整ETF博时
2023-04-25,1.286,1.272,1.289,1.26,293442.0,512960,sh,央企结构调整ETF博时
2023-04-26,1.271,1.254,1.272,1.25,348250.0,512960,sh,央企结构调整ETF博时
2023-04-27,1.254,1.258,1.264,1.252,201313.0,512960,sh,央企结构调整ETF博时
2023-04-28,1.264,1.284,1.285,1.261,230798.0,512960,sh,央企结构调整ETF博时
2023-05-04,1.285,1.285,1.285,1.267,186732.0,512960,sh,央企结构调整ETF博时
2023-05-05,1.285,1.274,1.288,1.27,105747.0,512960,sh,央企结构调整ETF博时
2023-05-08,1.28,1.307,1.309,1.28,131946.0,512960,sh,央企结构调整ETF博时
2023-05-09,1.307,1.289,1.315,1.288,246884.0,512960,sh,央企结构调整ETF博时
2023-05-10,1.276,1.276,1.289,1.268,216096.0,512960,sh,央企结构调整ETF博时
2023-05-11,1.276,1.267,1.278,1.266,190119.0,512960,sh,央企结构调整ETF博时
2023-05-12,1.267,1.25,1.273,1.248,161143.0,512960,sh,央企结构调整ETF博时
2023-05-15,1.25,1.257,1.259,1.231,194548.0,512960,sh,央企结构调整ETF博时
2023-05-16,1.258,1.245,1.258,1.24,161455.0,512960,sh,央企结构调整ETF博时
2023-05-17,1.235,1.242,1.246,1.234,144543.0,512960,sh,央企结构调整ETF博时
2023-05-18,1.245,1.251,1.258,1.245,199167.0,512960,sh,央企结构调整ETF博时
2023-05-19,1.246,1.247,1.251,1.239,150946.0,512960,sh,央企结构调整ETF博时
2023-05-22,1.248,1.245,1.25,1.238,146381.0,512960,sh,央企结构调整ETF博时
2023-05-23,1.245,1.227,1.245,1.227,171402.0,512960,sh,央企结构调整ETF博时
2023-05-24,1.221,1.206,1.221,1.206,182760.0,512960,sh,央企结构调整ETF博时
2023-05-25,1.206,1.208,1.213,1.193,194188.0,512960,sh,央企结构调整ETF博时
2023-05-26,1.206,1.214,1.217,1.201,189017.0,512960,sh,央企结构调整ETF博时
2023-05-29,1.215,1.22,1.228,1.215,197680.0,512960,sh,央企结构调整ETF博时
2023-05-30,1.219,1.236,1.237,1.218,242592.0,512960,sh,央企结构调整ETF博时
2023-05-31,1.236,1.235,1.239,1.228,329561.0,512960,sh,央企结构调整ETF博时
2023-06-01,1.231,1.241,1.251,1.231,237704.0,512960,sh,央企结构调整ETF博时
2023-06-02,1.241,1.249,1.25,1.241,220385.0,512960,sh,央企结构调整ETF博时
2023-06-05,1.249,1.245,1.25,1.241,214815.0,512960,sh,央企结构调整ETF博时
2023-06-06,1.242,1.23,1.249,1.224,343687.0,512960,sh,央企结构调整ETF博时
2023-06-07,1.229,1.228,1.232,1.224,234279.0,512960,sh,央企结构调整ETF博时
2023-06-08,1.227,1.235,1.238,1.22,229065.0,512960,sh,央企结构调整ETF博时
2023-06-09,1.236,1.245,1.245,1.229,272444.0,512960,sh,央企结构调整ETF博时
2023-06-12,1.245,1.239,1.247,1.237,266531.0,512960,sh,央企结构调整ETF博时
2023-06-13,1.239,1.248,1.249,1.236,224810.0,512960,sh,央企结构调整ETF博时
2023-06-14,1.249,1.245,1.253,1.245,232358.0,512960,sh,央企结构调整ETF博时
2023-06-15,1.248,1.255,1.256,1.247,204267.0,512960,sh,央企结构调整ETF博时
2023-06-16,1.275,1.273,1.275,1.257,289767.0,512960,sh,央企结构调整ETF博时
2023-06-19,1.272,1.271,1.273,1.264,406628.0,512960,sh,央企结构调整ETF博时
2023-06-20,1.271,1.275,1.279,1.268,271387.0,512960,sh,央企结构调整ETF博时
2023-06-21,1.275,1.256,1.275,1.256,226985.0,512960,sh,央企结构调整ETF博时
2023-06-26,1.238,1.234,1.252,1.231,264485.0,512960,sh,央企结构调整ETF博时
2023-06-27,1.234,1.253,1.256,1.233,208640.0,512960,sh,央企结构调整ETF博时
2023-06-28,1.253,1.253,1.255,1.236,202358.0,512960,sh,央企结构调整ETF博时
2023-06-29,1.252,1.253,1.258,1.249,234919.0,512960,sh,央企结构调整ETF博时
2023-06-30,1.257,1.259,1.262,1.254,196326.0,512960,sh,央企结构调整ETF博时
2023-07-03,1.255,1.273,1.276,1.255,239492.0,512960,sh,央企结构调整ETF博时
2023-07-04,1.279,1.281,1.281,1.272,219613.0,512960,sh,央企结构调整ETF博时
2023-07-05,1.28,1.273,1.283,1.271,249712.0,512960,sh,央企结构调整ETF博时
2023-07-06,1.273,1.265,1.278,1.264,204267.0,512960,sh,央企结构调整ETF博时
2023-07-07,1.263,1.263,1.271,1.255,245256.0,512960,sh,央企结构调整ETF博时
2023-07-10,1.269,1.265,1.269,1.257,192870.0,512960,sh,央企结构调整ETF博时
2023-07-11,1.268,1.274,1.274,1.264,193716.0,512960,sh,央企结构调整ETF博时
2023-07-12,1.284,1.257,1.284,1.252,267999.0,512960,sh,央企结构调整ETF博时
2023-07-13,1.264,1.272,1.272,1.262,254982.0,512960,sh,央企结构调整ETF博时
2023-07-14,1.266,1.279,1.286,1.266,262498.0,512960,sh,央企结构调整ETF博时
2023-07-17,1.279,1.275,1.279,1.271,257578.0,512960,sh,央企结构调整ETF博时
2023-07-18,1.275,1.27,1.279,1.269,314177.0,512960,sh,央企结构调整ETF博时
2023-07-19,1.272,1.272,1.275,1.265,227453.0,512960,sh,央企结构调整ETF博时
2023-07-20,1.272,1.252,1.273,1.25,185796.0,512960,sh,央企结构调整ETF博时
2023-07-21,1.252,1.249,1.256,1.245,243952.0,512960,sh,央企结构调整ETF博时
2023-07-24,1.246,1.249,1.259,1.244,471796.0,512960,sh,央企结构调整ETF博时
2023-07-25,1.255,1.276,1.276,1.255,339402.0,512960,sh,央企结构调整ETF博时
2023-07-26,1.277,1.265,1.277,1.263,475278.0,512960,sh,央企结构调整ETF博时
2023-07-27,1.268,1.261,1.273,1.259,472007.0,512960,sh,央企结构调整ETF博时
2023-07-28,1.26,1.282,1.286,1.256,477510.0,512960,sh,央企结构调整ETF博时
2023-07-31,1.288,1.29,1.301,1.288,206536.0,512960,sh,央企结构调整ETF博时
2023-08-01,1.296,1.292,1.296,1.286,312187.0,512960,sh,央企结构调整ETF博时
2023-08-02,1.289,1.283,1.293,1.278,289699.0,512960,sh,央企结构调整ETF博时
2023-08-03,1.283,1.286,1.286,1.276,304193.0,512960,sh,央企结构调整ETF博时
2023-08-04,1.298,1.296,1.305,1.293,300358.0,512960,sh,央企结构调整ETF博时
2023-08-07,1.293,1.29,1.296,1.286,257968.0,512960,sh,央企结构调整ETF博时
2023-08-08,1.288,1.285,1.291,1.284,291447.0,512960,sh,央企结构调整ETF博时
2023-08-09,1.285,1.278,1.287,1.276,285630.0,512960,sh,央企结构调整ETF博时
2023-08-10,1.278,1.28,1.282,1.272,175327.0,512960,sh,央企结构调整ETF博时
2023-08-11,1.281,1.257,1.281,1.256,195553.0,512960,sh,央企结构调整ETF博时
2023-08-14,1.255,1.261,1.261,1.239,276541.0,512960,sh,央企结构调整ETF博时
2023-08-15,1.258,1.257,1.263,1.246,274374.0,512960,sh,央企结构调整ETF博时
2023-08-16,1.257,1.236,1.257,1.233,293847.0,512960,sh,央企结构调整ETF博时
2023-08-17,1.23,1.242,1.243,1.222,277926.0,512960,sh,央企结构调整ETF博时
2023-08-18,1.245,1.229,1.249,1.228,274246.0,512960,sh,央企结构调整ETF博时
2023-08-21,1.225,1.22,1.235,1.22,293316.0,512960,sh,央企结构调整ETF博时
2023-08-22,1.225,1.239,1.24,1.218,282691.0,512960,sh,央企结构调整ETF博时
2023-08-23,1.234,1.219,1.236,1.217,241927.0,512960,sh,央企结构调整ETF博时
2023-08-24,1.217,1.204,1.217,1.203,286168.0,512960,sh,央企结构调整ETF博时
2023-08-25,1.198,1.193,1.202,1.189,253152.0,512960,sh,央企结构调整ETF博时
2023-08-28,1.22,1.21,1.255,1.205,144964.0,512960,sh,央企结构调整ETF博时
2023-08-29,1.205,1.221,1.228,1.205,199208.0,512960,sh,央企结构调整ETF博时
2023-08-30,1.227,1.227,1.236,1.222,267793.0,512960,sh,央企结构调整ETF博时
2023-08-31,1.227,1.219,1.227,1.215,215941.0,512960,sh,央企结构调整ETF博时
2023-09-01,1.226,1.224,1.227,1.217,188450.0,512960,sh,央企结构调整ETF博时
2023-09-04,1.23,1.241,1.242,1.23,215836.0,512960,sh,央企结构调整ETF博时
2023-09-05,1.243,1.23,1.243,1.23,222582.0,512960,sh,央企结构调整ETF博时
2023-09-06,1.226,1.232,1.232,1.221,348988.0,512960,sh,央企结构调整ETF博时
2023-09-07,1.231,1.219,1.231,1.217,289480.0,512960,sh,央企结构调整ETF博时
2023-09-08,1.211,1.216,1.22,1.21,256570.0,512960,sh,央企结构调整ETF博时
2023-09-11,1.215,1.224,1.23,1.215,270990.0,512960,sh,央企结构调整ETF博时
2023-09-12,1.228,1.222,1.228,1.22,259449.0,512960,sh,央企结构调整ETF博时
2023-09-13,1.219,1.213,1.222,1.207,254052.0,512960,sh,央企结构调整ETF博时
2023-09-14,1.214,1.218,1.221,1.212,293194.0,512960,sh,央企结构调整ETF博时
2023-09-15,1.217,1.21,1.22,1.203,250941.0,512960,sh,央企结构调整ETF博时
2023-09-18,1.202,1.204,1.222,1.201,318899.0,512960,sh,央企结构调整ETF博时
2023-09-19,1.202,1.199,1.203,1.197,281783.0,512960,sh,央企结构调整ETF博时
2023-09-20,1.198,1.193,1.2,1.193,193203.0,512960,sh,央企结构调整ETF博时
2023-09-21,1.189,1.188,1.199,1.187,299166.0,512960,sh,央企结构调整ETF博时
2023-09-22,1.187,1.209,1.21,1.185,220303.0,512960,sh,央企结构调整ETF博时
2023-09-25,1.215,1.199,1.215,1.198,279917.0,512960,sh,央企结构调整ETF博时
2023-09-26,1.204,1.195,1.205,1.194,258351.0,512960,sh,央企结构调整ETF博时
2023-09-27,1.197,1.194,1.2,1.191,248473.0,512960,sh,央企结构调整ETF博时
2023-09-28,1.198,1.196,1.199,1.194,254204.0,512960,sh,央企结构调整ETF博时
2023-10-09,1.194,1.202,1.207,1.185,250717.0,512960,sh,央企结构调整ETF博时
2023-10-10,1.202,1.19,1.203,1.187,236942.0,512960,sh,央企结构调整ETF博时
2023-10-11,1.187,1.196,1.2,1.187,251160.0,512960,sh,央企结构调整ETF博时
2023-10-12,1.2,1.204,1.205,1.198,214367.0,512960,sh,央企结构调整ETF博时
2023-10-13,1.198,1.192,1.198,1.189,221628.0,512960,sh,央企结构调整ETF博时
2023-10-16,1.191,1.182,1.191,1.179,275077.0,512960,sh,央企结构调整ETF博时
2023-10-17,1.176,1.192,1.193,1.176,294000.0,512960,sh,央企结构调整ETF博时
2023-10-18,1.187,1.182,1.19,1.182,233528.0,512960,sh,央企结构调整ETF博时
2023-10-19,1.177,1.166,1.182,1.165,213099.0,512960,sh,央企结构调整ETF博时
2023-10-20,1.159,1.15,1.161,1.148,260413.0,512960,sh,央企结构调整ETF博时
2023-10-23,1.147,1.137,1.15,1.131,173009.0,512960,sh,央企结构调整ETF博时
2023-10-24,1.138,1.134,1.14,1.125,317712.0,512960,sh,央企结构调整ETF博时
2023-10-25,1.14,1.145,1.152,1.14,304751.0,512960,sh,央企结构调整ETF博时
2023-10-26,1.145,1.145,1.146,1.137,299726.0,512960,sh,央企结构调整ETF博时
2023-10-27,1.157,1.157,1.16,1.145,177408.0,512960,sh,央企结构调整ETF博时
2023-10-30,1.156,1.157,1.161,1.15,192776.0,512960,sh,央企结构调整ETF博时
2023-10-31,1.154,1.157,1.157,1.149,273805.0,512960,sh,央企结构调整ETF博时
2023-11-01,1.157,1.153,1.157,1.147,230088.0,512960,sh,央企结构调整ETF博时
2023-11-02,1.157,1.149,1.158,1.148,179128.0,512960,sh,央企结构调整ETF博时
2023-11-03,1.149,1.155,1.159,1.149,293337.0,512960,sh,央企结构调整ETF博时
2023-11-06,1.159,1.162,1.163,1.155,239899.0,512960,sh,央企结构调整ETF博时
2023-11-07,1.158,1.165,1.166,1.157,348873.0,512960,sh,央企结构调整ETF博时
2023-11-08,1.161,1.162,1.167,1.156,310934.0,512960,sh,央企结构调整ETF博时
2023-11-09,1.161,1.168,1.169,1.161,258672.0,512960,sh,央企结构调整ETF博时
2023-11-10,1.168,1.157,1.168,1.153,203496.0,512960,sh,央企结构调整ETF博时
2023-11-13,1.163,1.167,1.169,1.159,319616.0,512960,sh,央企结构调整ETF博时
2023-11-14,1.17,1.17,1.175,1.167,173482.0,512960,sh,央企结构调整ETF博时
2023-11-15,1.172,1.176,1.181,1.172,200880.0,512960,sh,央企结构调整ETF博时
2023-11-16,1.171,1.168,1.174,1.166,312919.0,512960,sh,央企结构调整ETF博时
2023-11-17,1.165,1.163,1.167,1.159,240065.0,512960,sh,央企结构调整ETF博时
2023-11-20,1.164,1.171,1.173,1.162,153687.0,512960,sh,央企结构调整ETF博时
2023-11-21,1.174,1.169,1.178,1.167,240904.0,512960,sh,央企结构调整ETF博时
2023-11-22,1.164,1.158,1.165,1.158,215629.0,512960,sh,央企结构调整ETF博时
2023-11-23,1.157,1.167,1.168,1.155,205706.0,512960,sh,央企结构调整ETF博时
2023-11-24,1.166,1.16,1.166,1.155,229073.0,512960,sh,央企结构调整ETF博时
2023-11-27,1.161,1.158,1.161,1.153,254062.0,512960,sh,央企结构调整ETF博时
2023-11-28,1.154,1.159,1.161,1.154,213305.0,512960,sh,央企结构调整ETF博时
2023-11-29,1.16,1.151,1.16,1.148,198512.0,512960,sh,央企结构调整ETF博时
2023-11-30,1.149,1.151,1.155,1.148,238205.0,512960,sh,央企结构调整ETF博时
2023-12-01,1.147,1.158,1.159,1.146,216340.0,512960,sh,央企结构调整ETF博时
2023-12-04,1.16,1.158,1.166,1.158,234726.0,512960,sh,央企结构调整ETF博时
2023-12-05,1.152,1.134,1.152,1.134,231322.0,512960,sh,央企结构调整ETF博时
2023-12-06,1.129,1.132,1.138,1.129,202406.0,512960,sh,央企结构调整ETF博时
2023-12-07,1.13,1.131,1.134,1.125,254824.0,512960,sh,央企结构调整ETF博时
2023-12-08,1.128,1.131,1.136,1.128,262308.0,512960,sh,央企结构调整ETF博时
2023-12-11,1.125,1.142,1.146,1.117,310344.0,512960,sh,央企结构调整ETF博时
2023-12-12,1.142,1.15,1.15,1.142,257412.0,512960,sh,央企结构调整ETF博时
2023-12-13,1.145,1.139,1.146,1.139,204278.0,512960,sh,央企结构调整ETF博时
2023-12-14,1.145,1.134,1.145,1.134,254893.0,512960,sh,央企结构调整ETF博时
2023-12-15,1.135,1.13,1.14,1.128,283295.0,512960,sh,央企结构调整ETF博时
2023-12-18,1.124,1.122,1.131,1.12,201394.0,512960,sh,央企结构调整ETF博时
2023-12-19,1.118,1.122,1.125,1.114,144952.0,512960,sh,央企结构调整ETF博时
2023-12-20,1.124,1.107,1.124,1.107,281086.0,512960,sh,央企结构调整ETF博时
2023-12-21,1.107,1.115,1.115,1.102,278997.0,512960,sh,央企结构调整ETF博时
2023-12-22,1.116,1.118,1.125,1.114,275284.0,512960,sh,央企结构调整ETF博时
2023-12-25,1.12,1.125,1.125,1.117,249562.0,512960,sh,央企结构调整ETF博时
2023-12-26,1.12,1.118,1.12,1.114,269229.0,512960,sh,央企结构调整ETF博时
2023-12-27,1.119,1.126,1.126,1.114,246487.0,512960,sh,央企结构调整ETF博时
2023-12-28,1.124,1.138,1.14,1.124,321086.0,512960,sh,央企结构调整ETF博时
2023-12-29,1.137,1.143,1.143,1.137,326098.0,512960,sh,央企结构调整ETF博时
2024-01-02,1.142,1.139,1.143,1.138,135231.0,512960,sh,央企结构调整ETF博时
2024-01-03,1.136,1.137,1.14,1.133,168879.0,512960,sh,央企结构调整ETF博时
2024-01-04,1.136,1.128,1.136,1.122,207043.0,512960,sh,央企结构调整ETF博时
2024-01-05,1.129,1.121,1.134,1.115,117437.0,512960,sh,央企结构调整ETF博时
2024-01-08,1.113,1.1,1.113,1.099,174983.0,512960,sh,央企结构调整ETF博时
2024-01-09,1.098,1.097,1.102,1.093,149749.0,512960,sh,央企结构调整ETF博时
2024-01-10,1.088,1.087,1.097,1.087,151033.0,512960,sh,央企结构调整ETF博时
2024-01-11,1.084,1.09,1.092,1.082,163472.0,512960,sh,央企结构调整ETF博时
2024-01-12,1.089,1.087,1.094,1.086,144051.0,512960,sh,央企结构调整ETF博时
2024-01-15,1.084,1.093,1.097,1.083,115919.0,512960,sh,央企结构调整ETF博时
2024-01-16,1.088,1.091,1.093,1.079,174288.0,512960,sh,央企结构调整ETF博时
2024-01-17,1.087,1.072,1.089,1.072,133882.0,512960,sh,央企结构调整ETF博时
2024-01-18,1.071,1.077,1.077,1.045,198231.0,512960,sh,央企结构调整ETF博时
2024-01-19,1.078,1.076,1.08,1.071,149354.0,512960,sh,央企结构调整ETF博时
2024-01-22,1.071,1.049,1.074,1.041,163763.0,512960,sh,央企结构调整ETF博时
2024-01-23,1.039,1.055,1.059,1.039,137622.0,512960,sh,央企结构调整ETF博时
2024-01-24,1.061,1.082,1.082,1.05,194003.0,512960,sh,央企结构调整ETF博时
2024-01-25,1.082,1.132,1.132,1.081,304164.0,512960,sh,央企结构调整ETF博时
2024-01-26,1.132,1.129,1.132,1.117,197504.0,512960,sh,央企结构调整ETF博时
2024-01-29,1.129,1.125,1.145,1.125,172490.0,512960,sh,央企结构调整ETF博时
2024-01-30,1.112,1.112,1.13,1.108,133820.0,512960,sh,央企结构调整ETF博时
2024-01-31,1.106,1.093,1.11,1.089,228065.0,512960,sh,央企结构调整ETF博时
2024-02-01,1.099,1.088,1.099,1.08,244162.0,512960,sh,央企结构调整ETF博时
2024-02-02,1.089,1.078,1.094,1.05,158929.0,512960,sh,央企结构调整ETF博时
2024-02-05,1.073,1.071,1.085,1.043,208644.0,512960,sh,央企结构调整ETF博时
2024-02-06,1.066,1.105,1.108,1.063,173960.0,512960,sh,央企结构调整ETF博时
2024-02-07,1.102,1.124,1.124,1.102,83500.0,512960,sh,央企结构调整ETF博时
2024-02-08,1.13,1.137,1.14,1.128,94304.0,512960,sh,央企结构调整ETF博时
2024-02-19,1.148,1.151,1.151,1.139,105739.0,512960,sh,央企结构调整ETF博时
2024-02-20,1.151,1.154,1.157,1.144,104561.0,512960,sh,央企结构调整ETF博时
2024-02-21,1.15,1.161,1.177,1.15,228894.0,512960,sh,央企结构调整ETF博时
2024-02-22,1.158,1.178,1.178,1.158,212762.0,512960,sh,央企结构调整ETF博时
2024-02-23,1.177,1.179,1.182,1.171,221971.0,512960,sh,央企结构调整ETF博时
2024-02-26,1.179,1.169,1.179,1.166,221914.0,512960,sh,央企结构调整ETF博时
2024-02-27,1.163,1.187,1.187,1.163,150665.0,512960,sh,央企结构调整ETF博时
2024-02-28,1.187,1.172,1.191,1.171,124428.0,512960,sh,央企结构调整ETF博时
2024-02-29,1.166,1.194,1.194,1.166,251845.0,512960,sh,央企结构调整ETF博时
2024-03-01,1.194,1.201,1.206,1.191,209616.0,512960,sh,央企结构调整ETF博时
2024-03-04,1.203,1.204,1.206,1.197,190246.0,512960,sh,央企结构调整ETF博时
2024-03-05,1.206,1.214,1.214,1.204,253541.0,512960,sh,央企结构调整ETF博时
2024-03-06,1.211,1.211,1.216,1.209,205655.0,512960,sh,央企结构调整ETF博时
2024-03-07,1.211,1.2,1.217,1.199,200805.0,512960,sh,央企结构调整ETF博时
2024-03-08,1.203,1.21,1.212,1.196,224605.0,512960,sh,央企结构调整ETF博时
2024-03-11,1.21,1.216,1.216,1.204,243936.0,512960,sh,央企结构调整ETF博时
2024-03-12,1.216,1.204,1.216,1.201,139193.0,512960,sh,央企结构调整ETF博时
2024-03-13,1.206,1.202,1.208,1.198,220771.0,512960,sh,央企结构调整ETF博时
2024-03-14,1.202,1.199,1.205,1.191,290731.0,512960,sh,央企结构调整ETF博时
2024-03-15,1.197,1.202,1.202,1.187,196299.0,512960,sh,央企结构调整ETF博时
2024-03-18,1.2,1.216,1.217,1.2,279289.0,512960,sh,央企结构调整ETF博时
2024-03-19,1.214,1.205,1.215,1.205,271925.0,512960,sh,央企结构调整ETF博时
2024-03-20,1.205,1.21,1.213,1.205,297159.0,512960,sh,央企结构调整ETF博时
2024-03-21,1.212,1.211,1.214,1.207,321955.0,512960,sh,央企结构调整ETF博时
2024-03-22,1.21,1.201,1.21,1.192,229334.0,512960,sh,央企结构调整ETF博时
2024-03-25,1.198,1.194,1.211,1.193,287256.0,512960,sh,央企结构调整ETF博时
2024-03-26,1.196,1.19,1.196,1.184,238034.0,512960,sh,央企结构调整ETF博时
2024-03-27,1.188,1.178,1.192,1.178,377465.0,512960,sh,央企结构调整ETF博时
2024-03-28,1.178,1.191,1.199,1.178,229118.0,512960,sh,央企结构调整ETF博时
2024-03-29,1.196,1.205,1.205,1.195,283519.0,512960,sh,央企结构调整ETF博时
2024-04-01,1.205,1.211,1.216,1.205,234090.0,512960,sh,央企结构调整ETF博时
2024-04-02,1.214,1.207,1.214,1.205,206703.0,512960,sh,央企结构调整ETF博时
2024-04-03,1.203,1.201,1.203,1.198,226194.0,512960,sh,央企结构调整ETF博时
2024-04-08,1.197,1.2,1.212,1.196,266691.0,512960,sh,央企结构调整ETF博时
2024-04-09,1.2,1.195,1.2,1.189,260595.0,512960,sh,央企结构调整ETF博时
2024-04-10,1.187,1.185,1.196,1.181,171897.0,512960,sh,央企结构调整ETF博时
2024-04-11,1.184,1.195,1.201,1.184,271662.0,512960,sh,央企结构调整ETF博时
2024-04-12,1.195,1.186,1.198,1.184,205529.0,512960,sh,央企结构调整ETF博时
2024-04-15,1.187,1.221,1.223,1.187,181246.0,512960,sh,央企结构调整ETF博时
2024-04-16,1.215,1.208,1.222,1.205,178313.0,512960,sh,央企结构调整ETF博时
2024-04-17,1.208,1.231,1.231,1.203,171741.0,512960,sh,央企结构调整ETF博时
2024-04-18,1.237,1.227,1.237,1.219,100685.0,512960,sh,央企结构调整ETF博时
2024-04-19,1.228,1.227,1.232,1.222,160159.0,512960,sh,央企结构调整ETF博时
2024-04-22,1.226,1.219,1.231,1.217,126796.0,512960,sh,央企结构调整ETF博时
2024-04-23,1.214,1.197,1.214,1.195,240158.0,512960,sh,央企结构调整ETF博时
2024-04-24,1.197,1.212,1.212,1.197,138548.0,512960,sh,央企结构调整ETF博时
2024-04-25,1.207,1.209,1.209,1.203,25474.0,512960,sh,央企结构调整ETF博时
2024-04-26,1.212,1.221,1.221,1.21,159765.0,512960,sh,央企结构调整ETF博时
2024-04-29,1.219,1.222,1.224,1.214,95854.0,512960,sh,央企结构调整ETF博时
2024-04-30,1.219,1.213,1.22,1.211,80065.0,512960,sh,央企结构调整ETF博时
2024-05-06,1.223,1.22,1.223,1.216,108529.0,512960,sh,央企结构调整ETF博时
2024-05-07,1.218,1.219,1.222,1.216,145310.0,512960,sh,央企结构调整ETF博时
2024-05-08,1.219,1.213,1.219,1.213,146672.0,512960,sh,央企结构调整ETF博时
2024-05-09,1.214,1.228,1.229,1.214,88921.0,512960,sh,央企结构调整ETF博时
2024-05-10,1.231,1.232,1.233,1.224,292870.0,512960,sh,央企结构调整ETF博时
2024-05-13,1.23,1.239,1.243,1.223,272323.0,512960,sh,央企结构调整ETF博时
2024-05-14,1.239,1.235,1.241,1.231,225814.0,512960,sh,央企结构调整ETF博时
2024-05-15,1.233,1.22,1.233,1.22,187976.0,512960,sh,央企结构调整ETF博时
2024-05-16,1.22,1.22,1.228,1.219,107843.0,512960,sh,央企结构调整ETF博时
2024-05-17,1.222,1.235,1.236,1.221,143508.0,512960,sh,央企结构调整ETF博时
2024-05-20,1.238,1.244,1.245,1.238,146724.0,512960,sh,央企结构调整ETF博时
2024-05-21,1.243,1.239,1.243,1.235,203018.0,512960,sh,央企结构调整ETF博时
2024-05-22,1.235,1.237,1.242,1.235,156624.0,512960,sh,央企结构调整ETF博时
2024-05-23,1.227,1.221,1.23,1.22,141760.0,512960,sh,央企结构调整ETF博时
2024-05-24,1.224,1.215,1.226,1.213,308435.0,512960,sh,央企结构调整ETF博时
2024-05-27,1.219,1.235,1.235,1.218,186749.0,512960,sh,央企结构调整ETF博时
2024-05-28,1.233,1.228,1.237,1.228,35853.0,512960,sh,央企结构调整ETF博时
2024-05-29,1.228,1.229,1.233,1.225,46986.0,512960,sh,央企结构调整ETF博时
2024-05-30,1.229,1.225,1.236,1.225,152300.0,512960,sh,央企结构调整ETF博时
2024-05-31,1.227,1.227,1.231,1.226,169402.0,512960,sh,央企结构调整ETF博时
2024-06-03,1.226,1.227,1.233,1.225,197989.0,512960,sh,央企结构调整ETF博时
2024-06-04,1.227,1.243,1.245,1.227,287099.0,512960,sh,央企结构调整ETF博时
2024-06-05,1.244,1.24,1.249,1.237,87713.0,512960,sh,央企结构调整ETF博时
2024-06-06,1.24,1.239,1.251,1.236,118257.0,512960,sh,央企结构调整ETF博时
2024-06-07,1.236,1.242,1.246,1.233,132039.0,512960,sh,央企结构调整ETF博时
2024-06-11,1.244,1.237,1.244,1.227,87131.0,512960,sh,央企结构调整ETF博时
2024-06-12,1.232,1.236,1.238,1.229,185838.0,512960,sh,央企结构调整ETF博时
2024-06-13,1.236,1.233,1.24,1.229,177561.0,512960,sh,央企结构调整ETF博时
2024-06-14,1.231,1.233,1.237,1.23,201797.0,512960,sh,央企结构调整ETF博时
2024-06-17,1.23,1.228,1.238,1.227,224384.0,512960,sh,央企结构调整ETF博时
2024-06-18,1.233,1.242,1.242,1.231,213324.0,512960,sh,央企结构调整ETF博时
2024-06-19,1.242,1.237,1.242,1.234,192074.0,512960,sh,央企结构调整ETF博时
2024-06-20,1.237,1.227,1.237,1.225,178335.0,512960,sh,央企结构调整ETF博时
2024-06-21,1.227,1.233,1.233,1.222,238364.0,512960,sh,央企结构调整ETF博时
2024-06-24,1.227,1.217,1.229,1.217,170387.0,512960,sh,央企结构调整ETF博时
2024-06-25,1.214,1.21,1.22,1.206,156634.0,512960,sh,央企结构调整ETF博时
2024-06-26,1.211,1.222,1.223,1.203,206369.0,512960,sh,央企结构调整ETF博时
2024-06-27,1.224,1.212,1.224,1.209,180796.0,512960,sh,央企结构调整ETF博时
2024-06-28,1.204,1.233,1.236,1.204,152713.0,512960,sh,央企结构调整ETF博时
2024-07-01,1.234,1.246,1.247,1.233,82169.0,512960,sh,央企结构调整ETF博时
2024-07-02,1.243,1.24,1.245,1.237,152334.0,512960,sh,央企结构调整ETF博时
2024-07-03,1.24,1.237,1.24,1.233,179104.0,512960,sh,央企结构调整ETF博时
2024-07-04,1.237,1.229,1.241,1.226,150716.0,512960,sh,央企结构调整ETF博时
2024-07-05,1.218,1.226,1.227,1.209,168598.0,512960,sh,央企结构调整ETF博时
2024-07-08,1.218,1.219,1.226,1.216,192819.0,512960,sh,央企结构调整ETF博时
2024-07-09,1.214,1.231,1.231,1.21,165068.0,512960,sh,央企结构调整ETF博时
2024-07-10,1.225,1.221,1.228,1.217,235407.0,512960,sh,央企结构调整ETF博时
2024-07-11,1.227,1.235,1.236,1.224,512747.0,512960,sh,央企结构调整ETF博时
2024-07-12,1.234,1.231,1.235,1.227,155608.0,512960,sh,央企结构调整ETF博时
2024-07-15,1.227,1.23,1.235,1.225,474606.0,512960,sh,央企结构调整ETF博时
2024-07-16,1.229,1.239,1.24,1.229,497068.0,512960,sh,央企结构调整ETF博时
2024-07-17,1.239,1.233,1.239,1.229,174575.0,512960,sh,央企结构调整ETF博时
2024-07-18,1.227,1.244,1.244,1.222,326245.0,512960,sh,央企结构调整ETF博时
2024-07-19,1.239,1.247,1.25,1.236,679452.0,512960,sh,央企结构调整ETF博时
2024-07-22,1.246,1.242,1.247,1.237,157601.0,512960,sh,央企结构调整ETF博时
2024-07-23,1.24,1.223,1.241,1.223,181959.0,512960,sh,央企结构调整ETF博时
2024-07-24,1.222,1.223,1.229,1.218,189847.0,512960,sh,央企结构调整ETF博时
2024-07-25,1.22,1.219,1.222,1.21,198403.0,512960,sh,央企结构调整ETF博时
2024-07-26,1.218,1.222,1.223,1.213,185468.0,512960,sh,央企结构调整ETF博时
2024-07-29,1.223,1.22,1.227,1.219,159100.0,512960,sh,央企结构调整ETF博时
2024-07-30,1.21,1.214,1.214,1.206,180489.0,512960,sh,央企结构调整ETF博时
2024-07-31,1.21,1.226,1.226,1.208,166243.0,512960,sh,央企结构调整ETF博时
2024-08-01,1.227,1.223,1.233,1.223,181345.0,512960,sh,央企结构调整ETF博时
2024-08-02,1.216,1.211,1.222,1.21,186665.0,512960,sh,央企结构调整ETF博时
2024-08-05,1.205,1.188,1.212,1.187,154669.0,512960,sh,央企结构调整ETF博时
2024-08-06,1.19,1.19,1.193,1.18,147281.0,512960,sh,央企结构调整ETF博时
2024-08-07,1.191,1.193,1.201,1.189,157596.0,512960,sh,央企结构调整ETF博时
2024-08-08,1.187,1.185,1.191,1.178,176181.0,512960,sh,央企结构调整ETF博时
2024-08-09,1.189,1.183,1.192,1.183,76805.0,512960,sh,央企结构调整ETF博时
2024-08-12,1.179,1.176,1.182,1.174,137760.0,512960,sh,央企结构调整ETF博时
2024-08-13,1.179,1.182,1.182,1.174,124383.0,512960,sh,央企结构调整ETF博时
2024-08-14,1.18,1.178,1.184,1.177,148928.0,512960,sh,央企结构调整ETF博时
2024-08-15,1.178,1.189,1.192,1.177,170161.0,512960,sh,央企结构调整ETF博时
2024-08-16,1.19,1.187,1.19,1.183,160989.0,512960,sh,央企结构调整ETF博时
2024-08-19,1.185,1.189,1.198,1.185,118524.0,512960,sh,央企结构调整ETF博时
2024-08-20,1.184,1.175,1.184,1.17,124673.0,512960,sh,央企结构调整ETF博时
2024-08-21,1.172,1.17,1.173,1.169,45584.0,512960,sh,央企结构调整ETF博时
2024-08-22,1.171,1.167,1.172,1.167,126684.0,512960,sh,央企结构调整ETF博时
2024-08-23,1.169,1.173,1.175,1.167,130992.0,512960,sh,央企结构调整ETF博时
2024-08-26,1.168,1.168,1.168,1.163,164319.0,512960,sh,央企结构调整ETF博时
2024-08-27,1.163,1.162,1.163,1.158,149566.0,512960,sh,央企结构调整ETF博时
2024-08-28,1.165,1.162,1.165,1.156,194761.0,512960,sh,央企结构调整ETF博时
2024-08-29,1.156,1.153,1.156,1.15,175013.0,512960,sh,央企结构调整ETF博时
2024-08-30,1.153,1.164,1.17,1.153,155981.0,512960,sh,央企结构调整ETF博时
2024-09-02,1.153,1.147,1.156,1.144,163929.0,512960,sh,央企结构调整ETF博时
2024-09-03,1.146,1.147,1.149,1.141,146599.0,512960,sh,央企结构调整ETF博时
2024-09-04,1.145,1.137,1.145,1.136,142628.0,512960,sh,央企结构调整ETF博时
2024-09-05,1.139,1.135,1.139,1.131,194046.0,512960,sh,央企结构调整ETF博时
2024-09-06,1.138,1.125,1.138,1.125,186858.0,512960,sh,央企结构调整ETF博时
2024-09-09,1.121,1.111,1.121,1.106,114530.0,512960,sh,央企结构调整ETF博时
2024-09-10,1.121,1.112,1.121,1.102,155300.0,512960,sh,央企结构调整ETF博时
2024-09-11,1.104,1.101,1.105,1.097,324805.0,512960,sh,央企结构调整ETF博时
2024-09-12,1.104,1.099,1.106,1.099,183011.0,512960,sh,央企结构调整ETF博时
2024-09-13,1.102,1.101,1.107,1.098,94089.0,512960,sh,央企结构调整ETF博时
2024-09-18,1.097,1.105,1.11,1.096,105345.0,512960,sh,央企结构调整ETF博时
2024-09-19,1.111,1.113,1.116,1.098,115435.0,512960,sh,央企结构调整ETF博时
2024-09-20,1.111,1.117,1.117,1.105,81799.0,512960,sh,央企结构调整ETF博时
2024-09-23,1.116,1.125,1.129,1.116,50859.0,512960,sh,央企结构调整ETF博时
2024-09-24,1.13,1.16,1.161,1.127,369037.0,512960,sh,央企结构调整ETF博时
2024-09-25,1.167,1.181,1.206,1.167,767174.0,512960,sh,央企结构调整ETF博时
2024-09-26,1.19,1.215,1.215,1.179,224402.0,512960,sh,央企结构调整ETF博时
2024-09-27,1.225,1.26,1.264,1.216,23232.0,512960,sh,央企结构调整ETF博时
2024-09-30,1.298,1.35,1.367,1.272,143592.0,512960,sh,央企结构调整ETF博时
2024-10-08,1.485,1.404,1.485,1.368,86630.0,512960,sh,央企结构调整ETF博时
2024-10-09,1.4,1.339,1.404,1.296,415074.0,512960,sh,央企结构调整ETF博时
2024-10-10,1.302,1.34,1.37,1.302,47336.0,512960,sh,央企结构调整ETF博时
2024-10-11,1.334,1.299,1.337,1.285,46101.0,512960,sh,央企结构调整ETF博时
2024-10-14,1.295,1.324,1.327,1.295,29772.0,512960,sh,央企结构调整ETF博时
2024-10-15,1.324,1.291,1.326,1.29,69243.0,512960,sh,央企结构调整ETF博时
2024-10-16,1.283,1.286,1.304,1.278,77613.0,512960,sh,央企结构调整ETF博时
2024-10-17,1.286,1.274,1.302,1.273,231927.0,512960,sh,央企结构调整ETF博时
2024-10-18,1.273,1.31,1.328,1.266,156611.0,512960,sh,央企结构调整ETF博时
2024-10-21,1.323,1.323,1.335,1.312,120512.0,512960,sh,央企结构调整ETF博时
2024-10-22,1.318,1.331,1.332,1.318,75222.0,512960,sh,央企结构调整ETF博时
2024-10-23,1.331,1.333,1.341,1.328,99344.0,512960,sh,央企结构调整ETF博时
2024-10-24,1.327,1.319,1.327,1.313,92655.0,512960,sh,央企结构调整ETF博时
2024-10-25,1.32,1.318,1.325,1.311,98128.0,512960,sh,央企结构调整ETF博时
2024-10-28,1.311,1.324,1.324,1.306,138957.0,512960,sh,央企结构调整ETF博时
2024-10-29,1.324,1.316,1.328,1.314,100402.0,512960,sh,央企结构调整ETF博时
2024-10-30,1.309,1.302,1.316,1.295,145135.0,512960,sh,央企结构调整ETF博时
2024-10-31,1.294,1.302,1.31,1.29,155321.0,512960,sh,央企结构调整ETF博时
2024-11-01,1.296,1.313,1.322,1.296,120899.0,512960,sh,央企结构调整ETF博时
2024-11-04,1.309,1.32,1.32,1.305,92988.0,512960,sh,央企结构调整ETF博时
2024-11-05,1.32,1.346,1.347,1.319,213828.0,512960,sh,央企结构调整ETF博时
2024-11-06,1.346,1.342,1.355,1.338,132048.0,512960,sh,央企结构调整ETF博时
2024-11-07,1.33,1.38,1.381,1.33,141473.0,512960,sh,央企结构调整ETF博时
2024-11-08,1.393,1.367,1.393,1.367,121197.0,512960,sh,央企结构调整ETF博时
2024-11-11,1.361,1.38,1.38,1.357,144117.0,512960,sh,央企结构调整ETF博时
2024-11-12,1.38,1.355,1.386,1.347,134841.0,512960,sh,央企结构调整ETF博时
2024-11-13,1.348,1.372,1.374,1.348,161549.0,512960,sh,央企结构调整ETF博时
2024-11-14,1.372,1.345,1.372,1.344,163809.0,512960,sh,央企结构调整ETF博时
2024-11-15,1.341,1.337,1.361,1.336,192106.0,512960,sh,央企结构调整ETF博时
2024-11-18,1.337,1.337,1.363,1.33,151042.0,512960,sh,央企结构调整ETF博时
2024-11-19,1.328,1.331,1.332,1.305,129102.0,512960,sh,央企结构调整ETF博时
2024-11-20,1.331,1.333,1.338,1.325,181569.0,512960,sh,央企结构调整ETF博时
2024-11-21,1.327,1.331,1.337,1.327,178925.0,512960,sh,央企结构调整ETF博时
2024-11-22,1.334,1.292,1.335,1.292,166669.0,512960,sh,央企结构调整ETF博时
2024-11-25,1.292,1.281,1.297,1.271,128462.0,512960,sh,央企结构调整ETF博时
2024-11-26,1.277,1.277,1.286,1.276,152959.0,512960,sh,央企结构调整ETF博时
2024-11-27,1.277,1.293,1.293,1.265,150956.0,512960,sh,央企结构调整ETF博时
2024-11-28,1.293,1.284,1.295,1.284,118149.0,512960,sh,央企结构调整ETF博时
2024-11-29,1.285,1.296,1.306,1.285,161833.0,512960,sh,央企结构调整ETF博时
2024-12-02,1.299,1.311,1.312,1.295,128163.0,512960,sh,央企结构调整ETF博时
2024-12-03,1.311,1.313,1.317,1.299,112460.0,512960,sh,央企结构调整ETF博时
2024-12-04,1.313,1.315,1.319,1.308,153358.0,512960,sh,央企结构调整ETF博时
2024-12-05,1.315,1.311,1.315,1.307,119882.0,512960,sh,央企结构调整ETF博时
2024-12-06,1.316,1.32,1.325,1.312,118983.0,512960,sh,央企结构调整ETF博时
2024-12-09,1.322,1.322,1.332,1.318,143112.0,512960,sh,央企结构调整ETF博时
2024-12-10,1.367,1.328,1.367,1.327,132267.0,512960,sh,央企结构调整ETF博时
2024-12-11,1.321,1.33,1.335,1.321,112827.0,512960,sh,央企结构调整ETF博时
2024-12-12,1.33,1.338,1.339,1.321,146394.0,512960,sh,央企结构调整ETF博时
2024-12-13,1.327,1.311,1.327,1.31,106082.0,512960,sh,央企结构调整ETF博时
2024-12-16,1.308,1.311,1.317,1.307,110870.0,512960,sh,央企结构调整ETF博时
2024-12-17,1.311,1.311,1.32,1.308,132507.0,512960,sh,央企结构调整ETF博时
2024-12-18,1.318,1.323,1.331,1.318,100242.0,512960,sh,央企结构调整ETF博时
2024-12-19,1.316,1.323,1.324,1.306,142474.0,512960,sh,央企结构调整ETF博时
2024-12-20,1.32,1.318,1.327,1.316,104188.0,512960,sh,央企结构调整ETF博时
2024-12-23,1.318,1.327,1.335,1.318,112546.0,512960,sh,央企结构调整ETF博时
2024-12-24,1.326,1.338,1.341,1.325,110826.0,512960,sh,央企结构调整ETF博时
2024-12-25,1.339,1.344,1.349,1.338,130164.0,512960,sh,央企结构调整ETF博时
2024-12-26,1.339,1.339,1.343,1.336,166669.0,512960,sh,央企结构调整ETF博时
2024-12-27,1.345,1.341,1.348,1.338,210758.0,512960,sh,央企结构调整ETF博时
2024-12-30,1.344,1.348,1.351,1.33,151821.0,512960,sh,央企结构调整ETF博时
2024-12-31,1.355,1.335,1.361,1.333,155061.0,512960,sh,央企结构调整ETF博时
2025-01-02,1.331,1.284,1.342,1.283,362167.0,512960,sh,央企结构调整ETF博时
2025-01-03,1.29,1.273,1.296,1.272,175846.0,512960,sh,央企结构调整ETF博时
2025-01-06,1.272,1.265,1.275,1.26,132901.0,512960,sh,央企结构调整ETF博时
2025-01-07,1.265,1.272,1.272,1.257,129421.0,512960,sh,央企结构调整ETF博时
2025-01-08,1.277,1.269,1.277,1.251,158007.0,512960,sh,央企结构调整ETF博时
2025-01-09,1.261,1.264,1.268,1.259,124081.0,512960,sh,央企结构调整ETF博时
2025-01-10,1.269,1.249,1.269,1.248,253752.0,512960,sh,央企结构调整ETF博时
2025-01-13,1.243,1.245,1.248,1.239,115815.0,512960,sh,央企结构调整ETF博时
2025-01-14,1.257,1.271,1.272,1.233,132857.0,512960,sh,央企结构调整ETF博时
2025-01-15,1.263,1.262,1.279,1.248,123334.0,512960,sh,央企结构调整ETF博时
2025-01-16,1.26,1.268,1.277,1.26,117751.0,512960,sh,央企结构调整ETF博时
2025-01-17,1.267,1.272,1.318,1.218,137056.0,512960,sh,央企结构调整ETF博时
2025-01-20,1.278,1.265,1.283,1.263,115711.0,512960,sh,央企结构调整ETF博时
2025-01-21,1.262,1.262,1.267,1.259,100522.0,512960,sh,央企结构调整ETF博时
2025-01-22,1.261,1.256,1.261,1.25,104201.0,512960,sh,央企结构调整ETF博时
2025-01-23,1.256,1.259,1.277,1.256,120937.0,512960,sh,央企结构调整ETF博时
2025-01-24,1.257,1.266,1.269,1.256,98227.0,512960,sh,央企结构调整ETF博时
2025-01-27,1.273,1.268,1.275,1.268,76756.0,512960,sh,央企结构调整ETF博时
2025-02-05,1.274,1.262,1.279,1.259,114553.0,512960,sh,央企结构调整ETF博时
2025-02-06,1.26,1.274,1.275,1.257,117276.0,512960,sh,央企结构调整ETF博时
2025-02-07,1.275,1.285,1.292,1.272,119066.0,512960,sh,央企结构调整ETF博时
2025-02-10,1.286,1.294,1.298,1.286,128266.0,512960,sh,央企结构调整ETF博时
2025-02-11,1.293,1.291,1.294,1.287,117771.0,512960,sh,央企结构调整ETF博时
2025-02-12,1.292,1.295,1.296,1.285,146019.0,512960,sh,央企结构调整ETF博时
2025-02-13,1.294,1.292,1.3,1.291,140617.0,512960,sh,央企结构调整ETF博时
2025-02-14,1.289,1.3,1.302,1.288,145602.0,512960,sh,央企结构调整ETF博时
2025-02-17,1.312,1.304,1.312,1.288,149691.0,512960,sh,央企结构调整ETF博时
2025-02-18,1.305,1.292,1.308,1.29,111411.0,512960,sh,央企结构调整ETF博时
2025-02-19,1.303,1.297,1.308,1.286,134821.0,512960,sh,央企结构调整ETF博时
2025-02-20,1.29,1.289,1.292,1.284,135219.0,512960,sh,央企结构调整ETF博时
2025-02-21,1.289,1.31,1.31,1.289,131138.0,512960,sh,央企结构调整ETF博时
2025-02-24,1.315,1.306,1.315,1.303,165405.0,512960,sh,央企结构调整ETF博时
2025-02-25,1.3,1.287,1.3,1.285,188645.0,512960,sh,央企结构调整ETF博时
2025-02-26,1.29,1.297,1.297,1.287,200374.0,512960,sh,央企结构调整ETF博时
2025-02-27,1.294,1.29,1.294,1.281,151452.0,512960,sh,央企结构调整ETF博时
2025-02-28,1.29,1.273,1.293,1.273,158960.0,512960,sh,央企结构调整ETF博时
2025-03-03,1.278,1.276,1.286,1.27,182106.0,512960,sh,央企结构调整ETF博时
2025-03-04,1.276,1.277,1.278,1.269,145440.0,512960,sh,央企结构调整ETF博时
2025-03-05,1.282,1.285,1.285,1.274,151951.0,512960,sh,央企结构调整ETF博时
2025-03-06,1.284,1.3,1.3,1.284,156699.0,512960,sh,央企结构调整ETF博时
2025-03-07,1.294,1.298,1.304,1.294,164726.0,512960,sh,央企结构调整ETF博时
2025-03-10,1.296,1.287,1.298,1.283,145848.0,512960,sh,央企结构调整ETF博时
2025-03-11,1.278,1.293,1.293,1.278,134690.0,512960,sh,央企结构调整ETF博时
2025-03-12,1.294,1.293,1.296,1.288,140768.0,512960,sh,央企结构调整ETF博时
2025-03-13,1.288,1.287,1.294,1.284,126230.0,512960,sh,央企结构调整ETF博时
2025-03-14,1.292,1.305,1.305,1.289,128244.0,512960,sh,央企结构调整ETF博时
2025-03-17,1.304,1.303,1.311,1.303,118619.0,512960,sh,央企结构调整ETF博时
2025-03-18,1.304,1.303,1.306,1.301,100304.0,512960,sh,央企结构调整ETF博时
2025-03-19,1.302,1.296,1.302,1.293,115912.0,512960,sh,央企结构调整ETF博时
2025-03-20,1.293,1.29,1.297,1.289,93569.0,512960,sh,央企结构调整ETF博时
2025-03-21,1.29,1.283,1.3,1.281,136656.0,512960,sh,央企结构调整ETF博时
2025-03-24,1.282,1.283,1.286,1.273,143291.0,512960,sh,央企结构调整ETF博时
2025-03-25,1.284,1.287,1.29,1.282,81190.0,512960,sh,央企结构调整ETF博时
2025-03-26,1.287,1.282,1.288,1.281,154379.0,512960,sh,央企结构调整ETF博时
2025-03-27,1.279,1.282,1.287,1.275,125072.0,512960,sh,央企结构调整ETF博时
2025-03-28,1.278,1.275,1.28,1.272,134393.0,512960,sh,央企结构调整ETF博时
2025-03-31,1.275,1.268,1.276,1.261,131204.0,512960,sh,央企结构调整ETF博时
2025-04-01,1.274,1.27,1.274,1.266,149029.0,512960,sh,央企结构调整ETF博时
2025-04-02,1.266,1.265,1.268,1.262,118301.0,512960,sh,央企结构调整ETF博时
2025-04-03,1.26,1.27,1.273,1.258,162127.0,512960,sh,央企结构调整ETF博时
2025-04-07,1.241,1.162,1.251,1.158,112764.0,512960,sh,央企结构调整ETF博时
2025-04-08,1.19,1.234,1.234,1.19,97205.0,512960,sh,央企结构调整ETF博时
2025-04-09,1.274,1.252,1.274,1.214,166710.0,512960,sh,央企结构调整ETF博时
2025-04-10,1.279,1.256,1.279,1.24,126206.0,512960,sh,央企结构调整ETF博时
2025-04-11,1.251,1.251,1.255,1.243,122722.0,512960,sh,央企结构调整ETF博时
2025-04-14,1.251,1.255,1.256,1.249,189399.0,512960,sh,央企结构调整ETF博时
2025-04-15,1.252,1.253,1.253,1.245,111729.0,512960,sh,央企结构调整ETF博时
2025-04-16,1.25,1.261,1.261,1.245,135254.0,512960,sh,央企结构调整ETF博时
2025-04-17,1.254,1.258,1.26,1.253,97335.0,512960,sh,央企结构调整ETF博时
2025-04-18,1.252,1.26,1.26,1.252,138502.0,512960,sh,央企结构调整ETF博时
2025-04-21,1.26,1.259,1.262,1.255,134679.0,512960,sh,央企结构调整ETF博时
2025-04-22,1.257,1.255,1.26,1.255,84583.0,512960,sh,央企结构调整ETF博时
2025-04-23,1.258,1.249,1.258,1.248,119201.0,512960,sh,央企结构调整ETF博时
2025-04-24,1.249,1.245,1.252,1.243,134586.0,512960,sh,央企结构调整ETF博时
2025-04-25,1.247,1.246,1.25,1.244,124185.0,512960,sh,央企结构调整ETF博时
2025-04-28,1.246,1.242,1.247,1.242,138715.0,512960,sh,央企结构调整ETF博时
2025-04-29,1.237,1.236,1.24,1.235,101844.0,512960,sh,央企结构调整ETF博时
2025-04-30,1.237,1.232,1.237,1.232,97362.0,512960,sh,央企结构调整ETF博时
2025-05-06,1.236,1.246,1.246,1.235,117487.0,512960,sh,央企结构调整ETF博时
2025-05-07,1.258,1.258,1.259,1.25,127196.0,512960,sh,央企结构调整ETF博时
2025-05-08,1.254,1.264,1.264,1.254,109586.0,512960,sh,央企结构调整ETF博时
2025-05-09,1.258,1.256,1.262,1.254,105676.0,512960,sh,央企结构调整ETF博时
2025-05-12,1.258,1.265,1.271,1.258,126458.0,512960,sh,央企结构调整ETF博时
2025-05-13,1.271,1.266,1.271,1.264,122946.0,512960,sh,央企结构调整ETF博时
2025-05-14,1.265,1.271,1.276,1.262,149653.0,512960,sh,央企结构调整ETF博时
2025-05-15,1.274,1.262,1.274,1.261,92354.0,512960,sh,央企结构调整ETF博时
2025-05-16,1.258,1.259,1.264,1.253,113586.0,512960,sh,央企结构调整ETF博时
2025-05-19,1.259,1.26,1.262,1.257,122612.0,512960,sh,央企结构调整ETF博时
2025-05-20,1.262,1.266,1.267,1.261,103086.0,512960,sh,央企结构调整ETF博时
2025-05-21,1.266,1.268,1.27,1.266,96949.0,512960,sh,央企结构调整ETF博时
2025-05-22,1.265,1.266,1.269,1.265,69476.0,512960,sh,央企结构调整ETF博时
2025-05-23,1.267,1.256,1.27,1.255,108949.0,512960,sh,央企结构调整ETF博时
2025-05-26,1.253,1.254,1.259,1.252,113181.0,512960,sh,央企结构调整ETF博时
2025-05-27,1.254,1.249,1.254,1.248,89556.0,512960,sh,央企结构调整ETF博时
2025-05-28,1.249,1.248,1.253,1.248,86456.0,512960,sh,央企结构调整ETF博时
2025-05-29,1.25,1.257,1.258,1.25,129823.0,512960,sh,央企结构调整ETF博时
2025-05-30,1.256,1.255,1.258,1.249,117851.0,512960,sh,央企结构调整ETF博时
2025-06-03,1.257,1.254,1.257,1.251,91771.0,512960,sh,央企结构调整ETF博时
2025-06-04,1.256,1.256,1.258,1.255,89894.0,512960,sh,央企结构调整ETF博时
2025-06-05,1.258,1.26,1.261,1.255,29561.0,512960,sh,央企结构调整ETF博时
2025-06-06,1.263,1.265,1.265,1.261,52089.0,512960,sh,央企结构调整ETF博时
2025-06-09,1.268,1.268,1.272,1.265,102437.0,512960,sh,央企结构调整ETF博时
2025-06-10,1.266,1.258,1.266,1.252,108748.0,512960,sh,央企结构调整ETF博时
2025-06-11,1.256,1.265,1.267,1.256,95683.0,512960,sh,央企结构调整ETF博时
2025-06-12,1.263,1.262,1.263,1.259,111986.0,512960,sh,央企结构调整ETF博时
2025-06-13,1.262,1.262,1.265,1.259,96928.0,512960,sh,央企结构调整ETF博时
2025-06-16,1.261,1.262,1.262,1.258,88900.0,512960,sh,央企结构调整ETF博时
2025-06-17,1.261,1.265,1.266,1.258,103829.0,512960,sh,央企结构调整ETF博时
2025-06-18,1.265,1.265,1.268,1.262,69976.0,512960,sh,央企结构调整ETF博时
2025-06-19,1.264,1.257,1.264,1.25,126791.0,512960,sh,央企结构调整ETF博时
2025-06-20,1.254,1.255,1.258,1.254,70913.0,512960,sh,央企结构调整ETF博时
2025-06-23,1.253,1.258,1.259,1.25,105530.0,512960,sh,央企结构调整ETF博时
2025-06-24,1.256,1.265,1.265,1.251,90627.0,512960,sh,央企结构调整ETF博时
2025-06-25,1.261,1.279,1.279,1.261,112201.0,512960,sh,央企结构调整ETF博时
2025-06-26,1.269,1.278,1.283,1.269,94380.0,512960,sh,央企结构调整ETF博时
2025-06-27,1.272,1.273,1.281,1.272,146082.0,512960,sh,央企结构调整ETF博时
2025-06-30,1.276,1.281,1.281,1.276,87857.0,512960,sh,央企结构调整ETF博时
2025-07-01,1.282,1.281,1.282,1.277,72374.0,512960,sh,央企结构调整ETF博时
2025-07-02,1.281,1.28,1.284,1.276,100692.0,512960,sh,央企结构调整ETF博时
2025-07-03,1.278,1.282,1.286,1.278,77951.0,512960,sh,央企结构调整ETF博时
2025-07-04,1.28,1.285,1.292,1.28,110957.0,512960,sh,央企结构调整ETF博时
2025-07-07,1.283,1.284,1.285,1.281,19836.0,512960,sh,央企结构调整ETF博时
2025-07-08,1.286,1.291,1.294,1.285,73742.0,512960,sh,央企结构调整ETF博时
2025-07-09,1.293,1.288,1.296,1.288,81550.0,512960,sh,央企结构调整ETF博时
2025-07-10,1.291,1.292,1.299,1.288,83877.0,512960,sh,央企结构调整ETF博时
2025-07-11,1.291,1.297,1.308,1.291,115236.0,512960,sh,央企结构调整ETF博时
2025-07-14,1.301,1.3,1.307,1.3,23698.0,512960,sh,央企结构调整ETF博时
2025-07-15,1.297,1.299,1.304,1.292,106002.0,512960,sh,央企结构调整ETF博时
2025-07-16,1.299,1.297,1.302,1.293,61703.0,512960,sh,央企结构调整ETF博时
2025-07-17,1.296,1.301,1.302,1.294,95888.0,512960,sh,央企结构调整ETF博时
2025-07-18,1.305,1.308,1.309,1.304,74665.0,512960,sh,央企结构调整ETF博时
2025-07-21,1.312,1.333,1.334,1.312,104335.0,512960,sh,央企结构调整ETF博时
2025-07-22,1.333,1.355,1.355,1.33,72799.0,512960,sh,央企结构调整ETF博时
2025-07-23,1.355,1.338,1.358,1.338,48430.0,512960,sh,央企结构调整ETF博时
2025-07-24,1.338,1.35,1.351,1.335,56521.0,512960,sh,央企结构调整ETF博时
2025-07-25,1.352,1.341,1.352,1.338,40637.0,512960,sh,央企结构调整ETF博时
2025-07-28,1.328,1.336,1.353,1.328,27076.0,512960,sh,央企结构调整ETF博时
2025-07-29,1.334,1.34,1.343,1.329,11606.0,512960,sh,央企结构调整ETF博时
2025-07-30,1.328,1.338,1.348,1.328,9925.0,512960,sh,央企结构调整ETF博时
2025-07-31,1.333,1.315,1.333,1.315,20940.0,512960,sh,央企结构调整ETF博时
2025-08-01,1.316,1.311,1.321,1.307,41441.0,512960,sh,央企结构调整ETF博时
2025-08-04,1.312,1.317,1.317,1.308,61476.0,512960,sh,央企结构调整ETF博时
2025-08-05,1.317,1.326,1.326,1.317,33983.0,512960,sh,央企结构调整ETF博时
2025-08-06,1.321,1.334,1.334,1.321,11532.0,512960,sh,央企结构调整ETF博时
2025-08-07,1.335,1.332,1.335,1.329,31214.0,512960,sh,央企结构调整ETF博时
2025-08-08,1.328,1.333,1.334,1.328,24866.0,512960,sh,央企结构调整ETF博时
2025-08-11,1.339,1.332,1.339,1.329,30283.0,512960,sh,央企结构调整ETF博时
2025-08-12,1.334,1.333,1.335,1.33,43064.0,512960,sh,央企结构调整ETF博时
2025-08-13,1.321,1.336,1.346,1.321,65567.0,512960,sh,央企结构调整ETF博时
2025-08-14,1.335,1.328,1.343,1.328,39451.0,512960,sh,央企结构调整ETF博时
2025-08-15,1.325,1.336,1.34,1.325,48613.0,512960,sh,央企结构调整ETF博时
2025-08-18,1.338,1.345,1.35,1.338,38480.0,512960,sh,央企结构调整ETF博时
2025-08-19,1.345,1.332,1.345,1.332,35940.0,512960,sh,央企结构调整ETF博时
2025-08-20,1.326,1.344,1.344,1.326,27774.0,512960,sh,央企结构调整ETF博时
2025-08-21,1.343,1.349,1.356,1.343,15944.0,512960,sh,央企结构调整ETF博时
2025-08-22,1.348,1.374,1.374,1.348,104655.0,512960,sh,央企结构调整ETF博时
2025-08-25,1.368,1.396,1.398,1.368,35225.0,512960,sh,央企结构调整ETF博时
2025-08-26,1.396,1.39,1.396,1.383,74953.0,512960,sh,央企结构调整ETF博时
2025-08-27,1.392,1.372,1.403,1.369,36981.0,512960,sh,央企结构调整ETF博时
2025-08-28,1.385,1.398,1.4,1.372,42316.0,512960,sh,央企结构调整ETF博时
2025-08-29,1.411,1.398,1.439,1.39,9539.0,512960,sh,央企结构调整ETF博时
2025-09-01,1.401,1.399,1.401,1.391,4526.0,512960,sh,央企结构调整ETF博时
2025-09-02,1.387,1.386,1.412,1.376,8662.0,512960,sh,央企结构调整ETF博时
2025-09-03,1.399,1.362,1.399,1.36,12089.0,512960,sh,央企结构调整ETF博时
2025-09-04,1.362,1.343,1.374,1.335,45614.0,512960,sh,央企结构调整ETF博时
2025-09-05,1.342,1.358,1.358,1.339,10071.0,512960,sh,央企结构调整ETF博时
2025-09-08,1.371,1.365,1.371,1.357,37914.0,512960,sh,央企结构调整ETF博时
2025-09-09,1.362,1.356,1.365,1.353,39802.0,512960,sh,央企结构调整ETF博时
2025-09-10,1.356,1.365,1.368,1.356,34088.0,512960,sh,央企结构调整ETF博时
2025-09-11,1.353,1.384,1.384,1.353,101955.0,512960,sh,央企结构调整ETF博时
2025-09-12,1.384,1.378,1.387,1.377,68868.0,512960,sh,央企结构调整ETF博时
2025-09-15,1.38,1.375,1.381,1.372,61125.0,512960,sh,央企结构调整ETF博时
2025-09-16,1.378,1.371,1.378,1.366,45693.0,512960,sh,央企结构调整ETF博时
2025-09-17,1.367,1.38,1.38,1.367,43331.0,512960,sh,央企结构调整ETF博时
2025-09-18,1.381,1.365,1.389,1.355,84640.0,512960,sh,央企结构调整ETF博时
2025-09-19,1.363,1.373,1.381,1.363,8628.0,512960,sh,央企结构调整ETF博时
2025-09-22,1.386,1.378,1.386,1.366,31218.0,512960,sh,央企结构调整ETF博时
2025-09-23,1.374,1.374,1.381,1.36,21062.0,512960,sh,央企结构调整ETF博时
2025-09-24,1.374,1.389,1.39,1.374,3988.0,512960,sh,央企结构调整ETF博时
2025-09-25,1.39,1.389,1.392,1.384,35075.0,512960,sh,央企结构调整ETF博时
2025-09-26,1.389,1.383,1.392,1.383,22514.0,512960,sh,央企结构调整ETF博时
2025-09-29,1.378,1.399,1.4,1.378,17024.0,512960,sh,央企结构调整ETF博时
2025-09-30,1.407,1.416,1.417,1.404,14064.0,512960,sh,央企结构调整ETF博时
2025-10-09,1.416,1.445,1.453,1.416,18811.0,512960,sh,央企结构调整ETF博时
2025-10-10,1.437,1.431,1.444,1.429,13577.0,512960,sh,央企结构调整ETF博时
2025-10-13,1.417,1.438,1.542,1.412,9981.0,512960,sh,央企结构调整ETF博时
2025-10-14,1.438,1.426,1.446,1.421,10629.0,512960,sh,央企结构调整ETF博时
2025-10-15,1.426,1.433,1.434,1.414,10795.0,512960,sh,央企结构调整ETF博时
2025-10-16,1.43,1.434,1.444,1.429,9925.0,512960,sh,央企结构调整ETF博时
2025-10-17,1.423,1.406,1.423,1.405,4568.0,512960,sh,央企结构调整ETF博时
2025-10-20,1.404,1.404,1.413,1.399,5910.0,512960,sh,央企结构调整ETF博时
2025-10-21,1.399,1.418,1.421,1.399,8994.0,512960,sh,央企结构调整ETF博时
2025-10-22,1.418,1.415,1.429,1.409,4335.0,512960,sh,央企结构调整ETF博时
2025-10-23,1.406,1.42,1.421,1.402,7025.0,512960,sh,央企结构调整ETF博时
2025-10-24,1.43,1.435,1.435,1.427,6161.0,512960,sh,央企结构调整ETF博时
2025-10-27,1.435,1.452,1.452,1.435,4230.0,512960,sh,央企结构调整ETF博时
2025-10-28,1.443,1.44,1.447,1.438,4972.0,512960,sh,央企结构调整ETF博时
2025-10-29,1.439,1.451,1.452,1.439,4263.0,512960,sh,央企结构调整ETF博时
2025-10-30,1.454,1.448,1.462,1.447,12830.0,512960,sh,央企结构调整ETF博时
2025-10-31,1.439,1.42,1.461,1.42,9733.0,512960,sh,央企结构调整ETF博时
2025-11-03,1.414,1.424,1.424,1.409,7483.0,512960,sh,央企结构调整ETF博时
2025-11-04,1.427,1.416,1.431,1.41,18657.0,512960,sh,央企结构调整ETF博时
2025-11-05,1.403,1.418,1.43,1.401,6623.0,512960,sh,央企结构调整ETF博时
2025-11-06,1.419,1.436,1.441,1.419,8422.0,512960,sh,央企结构调整ETF博时
2025-11-07,1.431,1.434,1.44,1.431,10262.0,512960,sh,央企结构调整ETF博时
2025-11-10,1.438,1.441,1.461,1.433,2867.0,512960,sh,央企结构调整ETF博时
2025-11-11,1.441,1.435,1.443,1.428,8902.0,512960,sh,央企结构调整ETF博时
2025-11-12,1.428,1.43,1.437,1.422,5561.0,512960,sh,央企结构调整ETF博时
2025-11-13,1.431,1.437,1.438,1.428,2119.0,512960,sh,央企结构调整ETF博时
2025-11-14,1.45,1.419,1.45,1.419,11328.0,512960,sh,央企结构调整ETF博时
2025-11-17,1.44,1.41,1.44,1.408,8908.0,512960,sh,央企结构调整ETF博时
2025-11-18,1.41,1.399,1.41,1.396,1078.0,512960,sh,央企结构调整ETF博时
2025-11-19,1.42,1.401,1.42,1.397,28051.0,512960,sh,央企结构调整ETF博时
2025-11-20,1.428,1.397,1.431,1.396,23765.0,512960,sh,央企结构调整ETF博时
2025-11-21,1.42,1.37,1.42,1.369,33795.0,512960,sh,央企结构调整ETF博时
2025-11-24,1.396,1.368,1.396,1.363,13392.0,512960,sh,央企结构调整ETF博时
2025-11-25,1.365,1.375,1.38,1.365,4968.0,512960,sh,央企结构调整ETF博时
2025-11-26,1.394,1.371,1.394,1.371,9513.0,512960,sh,央企结构调整ETF博时
2025-11-27,1.38,1.367,1.38,1.36,13417.0,512960,sh,央企结构调整ETF博时
2025-11-28,1.38,1.374,1.38,1.36,10442.0,512960,sh,央企结构调整ETF博时
2025-12-01,1.382,1.387,1.387,1.375,35664.0,512960,sh,央企结构调整ETF博时
2025-12-02,1.398,1.382,1.398,1.375,19799.0,512960,sh,央企结构调整ETF博时
2025-12-03,1.396,1.378,1.396,1.378,34488.0,512960,sh,央企结构调整ETF博时
2025-12-04,1.386,1.38,1.386,1.376,23568.0,512960,sh,央企结构调整ETF博时
2025-12-05,1.387,1.386,1.388,1.377,39008.0,512960,sh,央企结构调整ETF博时
2025-12-08,1.395,1.39,1.395,1.388,48456.0,512960,sh,央企结构调整ETF博时
2025-12-09,1.39,1.376,1.39,1.376,35383.0,512960,sh,央企结构调整ETF博时
2025-12-10,1.385,1.378,1.385,1.367,38507.0,512960,sh,央企结构调整ETF博时
2025-12-11,1.383,1.368,1.385,1.366,48690.0,512960,sh,央企结构调整ETF博时
2025-12-12,1.376,1.375,1.377,1.362,29021.0,512960,sh,央企结构调整ETF博时
2025-12-15,1.381,1.371,1.381,1.371,40307.0,512960,sh,央企结构调整ETF博时
2025-12-16,1.379,1.362,1.379,1.356,38899.0,512960,sh,央企结构调整ETF博时
2025-12-17,1.371,1.373,1.375,1.356,43814.0,512960,sh,央企结构调整ETF博时
2025-12-18,1.383,1.378,1.383,1.369,53480.0,512960,sh,央企结构调整ETF博时
2025-12-19,1.386,1.383,1.387,1.373,42697.0,512960,sh,央企结构调整ETF博时
2025-12-22,1.382,1.394,1.397,1.382,47465.0,512960,sh,央企结构调整ETF博时
2025-12-23,1.4,1.39,1.4,1.382,37469.0,512960,sh,央企结构调整ETF博时
2025-12-24,1.384,1.399,1.401,1.384,38881.0,512960,sh,央企结构调整ETF博时
2025-12-25,1.399,1.403,1.405,1.399,68562.0,512960,sh,央企结构调整ETF博时
2025-12-26,1.403,1.408,1.411,1.399,28081.0,512960,sh,央企结构调整ETF博时
2025-12-29,1.408,1.407,1.417,1.405,27397.0,512960,sh,央企结构调整ETF博时
2025-12-30,1.407,1.411,1.416,1.407,4279.0,512960,sh,央企结构调整ETF博时
2025-12-31,1.411,1.416,1.418,1.41,15586.0,512960,sh,央企结构调整ETF博时
2026-01-05,1.417,1.438,1.439,1.417,21400.0,512960,sh,央企结构调整ETF博时
2026-01-06,1.438,1.465,1.465,1.438,36843.0,512960,sh,央企结构调整ETF博时
2026-01-07,1.465,1.459,1.47,1.455,25726.0,512960,sh,央企结构调整ETF博时
2026-01-08,1.459,1.469,1.473,1.459,60521.0,512960,sh,央企结构调整ETF博时
2026-01-09,1.483,1.485,1.488,1.474,22350.0,512960,sh,央企结构调整ETF博时
2026-01-12,1.485,1.502,1.502,1.485,18192.0,512960,sh,央企结构调整ETF博时
2026-01-13,1.502,1.484,1.502,1.478,20095.0,512960,sh,央企结构调整ETF博时
2026-01-14,1.484,1.473,1.503,1.473,26421.0,512960,sh,央企结构调整ETF博时
2026-01-15,1.484,1.474,1.541,1.463,39462.0,512960,sh,央企结构调整ETF博时
2026-01-16,1.483,1.466,1.486,1.465,30333.0,512960,sh,央企结构调整ETF博时
2026-01-19,1.467,1.478,1.483,1.464,10827.0,512960,sh,央企结构调整ETF博时
2026-01-20,1.49,1.486,1.49,1.471,21809.0,512960,sh,央企结构调整ETF博时
2026-01-21,1.5,1.491,1.501,1.485,49462.0,512960,sh,央企结构调整ETF博时
2026-01-22,1.505,1.503,1.517,1.5,75087.0,512960,sh,央企结构调整ETF博时
2026-01-23,1.508,1.505,1.51,1.498,64289.0,512960,sh,央企结构调整ETF博时
2026-01-26,1.506,1.509,1.515,1.5,6496.0,512960,sh,央企结构调整ETF博时
2026-01-27,1.503,1.502,1.507,1.49,5368.0,512960,sh,央企结构调整ETF博时
2026-01-28,1.508,1.515,1.523,1.506,25102.0,512960,sh,央企结构调整ETF博时
2026-01-29,1.506,1.512,1.512,1.5,12784.0,512960,sh,央企结构调整ETF博时
2026-01-30,1.505,1.502,1.505,1.475,25860.0,512960,sh,央企结构调整ETF博时
2026-02-02,1.487,1.46,1.496,1.458,53503.0,512960,sh,央企结构调整ETF博时
2026-02-03,1.47,1.479,1.48,1.461,33475.0,512960,sh,央企结构调整ETF博时
2026-02-04,1.475,1.494,1.494,1.475,48722.0,512960,sh,央企结构调整ETF博时
2026-02-05,1.486,1.479,1.486,1.471,50882.0,512960,sh,央企结构调整ETF博时
2026-02-06,1.465,1.476,1.484,1.465,39802.0,512960,sh,央企结构调整ETF博时
2026-02-09,1.486,1.493,1.493,1.486,23843.0,512960,sh,央企结构调整ETF博时
2026-02-10,1.494,1.498,1.499,1.494,29758.0,512960,sh,央企结构调整ETF博时
2026-02-11,1.494,1.497,1.502,1.492,25883.0,512960,sh,央企结构调整ETF博时
2026-02-12,1.501,1.504,1.508,1.497,20264.0,512960,sh,央企结构调整ETF博时
2026-02-13,1.495,1.482,1.495,1.48,57358.0,512960,sh,央企结构调整ETF博时
2026-02-24,1.483,1.517,1.519,1.483,39005.0,512960,sh,央企结构调整ETF博时
2026-02-25,1.517,1.516,1.532,1.513,33986.0,512960,sh,央企结构调整ETF博时
2026-02-26,1.51,1.525,1.525,1.51,38690.0,512960,sh,央企结构调整ETF博时
2026-02-27,1.516,1.527,1.528,1.515,41121.0,512960,sh,央企结构调整ETF博时
2026-03-02,1.527,1.56,1.56,1.527,13202.0,512960,sh,央企结构调整ETF博时
2026-03-03,1.557,1.538,1.558,1.536,61415.0,512960,sh,央企结构调整ETF博时
2026-03-04,1.523,1.535,1.535,1.513,13816.0,512960,sh,央企结构调整ETF博时
2026-03-05,1.535,1.542,1.548,1.534,35636.0,512960,sh,央企结构调整ETF博时
2026-03-06,1.534,1.547,1.547,1.531,38165.0,512960,sh,央企结构调整ETF博时
2026-03-09,1.532,1.542,1.55,1.53,50828.0,512960,sh,央企结构调整ETF博时
2026-03-10,1.538,1.542,1.548,1.538,35807.0,512960,sh,央企结构调整ETF博时
2026-03-11,1.542,1.55,1.552,1.54,23918.0,512960,sh,央企结构调整ETF博时
2026-03-12,1.565,1.55,1.565,1.541,23907.0,512960,sh,央企结构调整ETF博时
2026-03-13,1.546,1.535,1.55,1.533,42394.0,512960,sh,央企结构调整ETF博时
2026-03-16,1.534,1.519,1.534,1.509,50703.0,512960,sh,央企结构调整ETF博时
2026-03-17,1.52,1.5,1.524,1.498,60296.0,512960,sh,央企结构调整ETF博时
2026-03-18,1.501,1.508,1.508,1.487,37770.0,512960,sh,央企结构调整ETF博时
2026-03-19,1.508,1.485,1.508,1.482,76823.0,512960,sh,央企结构调整ETF博时
2026-03-20,1.482,1.463,1.491,1.463,32100.0,512960,sh,央企结构调整ETF博时
2026-03-23,1.449,1.418,1.479,1.412,16574.0,512960,sh,央企结构调整ETF博时
2026-03-24,1.434,1.435,1.435,1.408,54479.0,512960,sh,央企结构调整ETF博时
2026-03-25,1.44,1.452,1.453,1.44,17345.0,512960,sh,央企结构调整ETF博时
2026-03-26,1.447,1.43,1.447,1.428,37036.0,512960,sh,央企结构调整ETF博时
2026-03-27,1.426,1.435,1.437,1.424,38399.0,512960,sh,央企结构调整ETF博时
2026-03-30,1.428,1.435,1.437,1.418,48544.0,512960,sh,央企结构调整ETF博时
2026-03-31,1.433,1.42,1.443,1.419,27127.0,512960,sh,央企结构调整ETF博时
2026-04-01,1.434,1.431,1.438,1.431,38433.0,512960,sh,央企结构调整ETF博时
2026-04-02,1.429,1.422,1.438,1.417,18032.0,512960,sh,央企结构调整ETF博时
2026-04-03,1.424,1.41,1.424,1.407,33747.0,512960,sh,央企结构调整ETF博时
2026-04-07,1.417,1.418,1.418,1.413,36689.0,512960,sh,央企结构调整ETF博时
2026-04-08,1.422,1.454,1.454,1.422,27614.0,512960,sh,央企结构调整ETF博时
2026-04-09,1.44,1.444,1.447,1.44,32669.0,512960,sh,央企结构调整ETF博时
2026-04-10,1.454,1.457,1.461,1.453,38023.0,512960,sh,央企结构调整ETF博时
2026-04-13,1.452,1.462,1.462,1.447,20420.0,512960,sh,央企结构调整ETF博时
2026-04-14,1.466,1.469,1.469,1.461,37784.0,512960,sh,央企结构调整ETF博时
2026-04-15,1.472,1.463,1.475,1.463,41923.0,512960,sh,央企结构调整ETF博时
2026-04-16,1.465,1.473,1.473,1.465,36144.0,512960,sh,央企结构调整ETF博时
2026-04-17,1.472,1.471,1.475,1.468,22889.0,512960,sh,央企结构调整ETF博时
2026-04-20,1.474,1.487,1.489,1.474,43508.0,512960,sh,央企结构调整ETF博时
2026-04-21,1.484,1.493,1.494,1.484,46018.0,512960,sh,央企结构调整ETF博时
2026-04-22,1.491,1.495,1.495,1.486,42108.0,512960,sh,央企结构调整ETF博时
2026-04-23,1.492,1.496,1.501,1.49,57679.0,512960,sh,央企结构调整ETF博时
2026-04-24,1.489,1.491,1.494,1.482,91821.0,512960,sh,央企结构调整ETF博时
2026-04-27,1.494,1.501,1.505,1.494,31235.0,512960,sh,央企结构调整ETF博时
2026-04-28,1.508,1.499,1.526,1.486,40910.0,512960,sh,央企结构调整ETF博时
2026-04-29,1.503,1.507,1.507,1.496,39624.0,512960,sh,央企结构调整ETF博时
2026-04-30,1.505,1.507,1.51,1.503,54619.0,512960,sh,央企结构调整ETF博时
2026-05-06,1.519,1.531,1.536,1.516,41027.0,512960,sh,央企结构调整ETF博时
2026-05-07,1.533,1.536,1.536,1.527,47672.0,512960,sh,央企结构调整ETF博时
2026-05-08,1.522,1.538,1.539,1.522,34299.0,512960,sh,央企结构调整ETF博时
2026-05-11,1.55,1.571,1.574,1.532,29653.0,512960,sh,央企结构调整ETF博时
2026-05-12,1.57,1.56,1.57,1.558,534023.0,512960,sh,央企结构调整ETF博时
2026-05-13,1.545,1.583,1.584,1.545,546619.0,512960,sh,央企结构调整ETF博时
2026-05-14,1.597,1.557,1.607,1.557,48137.0,512960,sh,央企结构调整ETF博时
2026-05-15,1.557,1.526,1.559,1.522,58757.0,512960,sh,央企结构调整ETF博时
2026-05-18,1.526,1.525,1.537,1.52,37718.0,512960,sh,央企结构调整ETF博时
2026-05-19,1.525,1.538,1.538,1.513,45513.0,512960,sh,央企结构调整ETF博时
2026-05-20,1.538,1.545,1.545,1.533,43860.0,512960,sh,央企结构调整ETF博时
2026-05-21,1.56,1.517,1.561,1.517,52703.0,512960,sh,央企结构调整ETF博时
2026-05-22,1.527,1.533,1.533,1.518,47495.0,512960,sh,央企结构调整ETF博时
2026-05-25,1.544,1.558,1.558,1.532,53705.0,512960,sh,央企结构调整ETF博时
2026-05-26,1.562,1.549,1.562,1.536,49801.0,512960,sh,央企结构调整ETF博时
2026-05-27,1.548,1.526,1.548,1.521,28728.0,512960,sh,央企结构调整ETF博时
2026-05-28,1.524,1.528,1.535,1.518,58589.0,512960,sh,央企结构调整ETF博时
2026-05-29,1.529,1.518,1.531,1.514,49193.0,512960,sh,央企结构调整ETF博时
2026-06-01,1.507,1.506,1.523,1.503,44828.0,512960,sh,央企结构调整ETF博时
2026-06-02,1.5,1.51,1.511,1.495,72115.0,512960,sh,央企结构调整ETF博时
2026-06-03,1.516,1.515,1.52,1.506,33589.0,512960,sh,央企结构调整ETF博时
2026-06-04,1.504,1.504,1.512,1.504,52287.0,512960,sh,央企结构调整ETF博时
2026-06-05,1.497,1.484,1.509,1.483,46672.0,512960,sh,央企结构调整ETF博时
2026-06-08,1.48,1.452,1.48,1.446,42854.0,512960,sh,央企结构调整ETF博时
2026-06-09,1.464,1.467,1.467,1.448,51559.0,512960,sh,央企结构调整ETF博时
2026-06-10,1.457,1.455,1.462,1.445,54455.0,512960,sh,央企结构调整ETF博时
2026-06-11,1.454,1.451,1.457,1.445,45329.0,512960,sh,央企结构调整ETF博时
2026-06-12,1.465,1.469,1.483,1.465,28666.0,512960,sh,央企结构调整ETF博时
2026-06-15,1.473,1.494,1.495,1.472,36154.0,512960,sh,央企结构调整ETF博时
2026-06-16,1.493,1.495,1.503,1.493,43573.0,512960,sh,央企结构调整ETF博时
2026-06-17,1.503,1.522,1.522,1.503,39899.0,512960,sh,央企结构调整ETF博时
2026-06-18,1.514,1.52,1.523,1.512,45118.0,512960,sh,央企结构调整ETF博时
2026-06-22,1.535,1.562,1.565,1.521,154665.0,512960,sh,央企结构调整ETF博时
2026-06-23,1.562,1.55,1.562,1.51,85025.0,512960,sh,央企结构调整ETF博时
2026-06-24,1.534,1.536,1.538,1.518,33473.0,512960,sh,央企结构调整ETF博时
2026-06-25,1.546,1.55,1.553,1.541,141249.0,512960,sh,央企结构调整ETF博时
2026-06-26,1.54,1.508,1.541,1.499,11324.0,512960,sh,央企结构调整ETF博时
2026-06-29,1.507,1.525,1.525,1.488,25359.0,512960,sh,央企结构调整ETF博时
2026-06-30,1.51,1.533,1.536,1.51,42907.0,512960,sh,央企结构调整ETF博时
2026-07-01,1.528,1.539,1.557,1.525,133351.0,512960,sh,央企结构调整ETF博时
2026-07-02,1.507,1.493,1.536,1.49,62692.0,512960,sh,央企结构调整ETF博时
2026-07-03,1.487,1.504,1.521,1.487,67782.0,512960,sh,央企结构调整ETF博时
