date,open,close,high,low,volume,code,market,name
2020-01-02,3.753,3.782,3.812,3.753,2092814.0,510330,sh,沪深300ETF华夏
2020-01-03,3.792,3.778,3.8,3.772,1966673.0,510330,sh,沪深300ETF华夏
2020-01-06,3.768,3.762,3.809,3.73,1950920.0,510330,sh,沪深300ETF华夏
2020-01-07,3.771,3.789,3.796,3.764,1040239.0,510330,sh,沪深300ETF华夏
2020-01-08,3.779,3.751,3.785,3.733,1959976.0,510330,sh,沪深300ETF华夏
2020-01-09,3.782,3.791,3.8,3.772,1062590.0,510330,sh,沪深300ETF华夏
2020-01-10,3.802,3.799,3.812,3.783,1719605.0,510330,sh,沪深300ETF华夏
2020-01-13,3.797,3.843,3.844,3.782,1316930.0,510330,sh,沪深300ETF华夏
2020-01-14,3.869,3.828,3.869,3.823,2006173.0,510330,sh,沪深300ETF华夏
2020-01-15,3.828,3.794,3.833,3.788,1124084.0,510330,sh,沪深300ETF华夏
2020-01-16,3.802,3.785,3.804,3.776,1621290.0,510330,sh,沪深300ETF华夏
2020-01-17,3.791,3.79,3.811,3.775,1505633.0,510330,sh,沪深300ETF华夏
2020-01-20,3.794,3.819,3.822,3.785,877423.0,510330,sh,沪深300ETF华夏
2020-01-21,3.808,3.748,3.808,3.743,1466704.0,510330,sh,沪深300ETF华夏
2020-01-22,3.744,3.76,3.776,3.674,1641740.0,510330,sh,沪深300ETF华夏
2020-01-23,3.738,3.637,3.738,3.6,2652434.0,510330,sh,沪深300ETF华夏
2020-02-03,3.284,3.282,3.384,3.275,4047070.0,510330,sh,沪深300ETF华夏
2020-02-04,3.286,3.424,3.429,3.28,2530497.0,510330,sh,沪深300ETF华夏
2020-02-05,3.425,3.459,3.497,3.411,983974.0,510330,sh,沪深300ETF华夏
2020-02-06,3.461,3.532,3.553,3.444,1546535.0,510330,sh,沪深300ETF华夏
2020-02-07,3.527,3.53,3.532,3.485,885736.0,510330,sh,沪深300ETF华夏
2020-02-10,3.524,3.541,3.552,3.493,972325.0,510330,sh,沪深300ETF华夏
2020-02-11,3.546,3.585,3.6,3.546,1260880.0,510330,sh,沪深300ETF华夏
2020-02-12,3.579,3.619,3.621,3.57,945168.0,510330,sh,沪深300ETF华夏
2020-02-13,3.619,3.591,3.625,3.581,1110382.0,510330,sh,沪深300ETF华夏
2020-02-14,3.591,3.619,3.636,3.589,747452.0,510330,sh,沪深300ETF华夏
2020-02-17,3.623,3.702,3.709,3.623,1603344.0,510330,sh,沪深300ETF华夏
2020-02-18,3.704,3.683,3.707,3.654,2096893.0,510330,sh,沪深300ETF华夏
2020-02-19,3.68,3.682,3.716,3.673,2031592.0,510330,sh,沪深300ETF华夏
2020-02-20,3.687,3.774,3.788,3.682,2246404.0,510330,sh,沪深300ETF华夏
2020-02-21,3.77,3.789,3.823,3.764,1305725.0,510330,sh,沪深300ETF华夏
2020-02-24,3.77,3.758,3.781,3.726,1452601.0,510330,sh,沪深300ETF华夏
2020-02-25,3.709,3.747,3.757,3.657,1834270.0,510330,sh,沪深300ETF华夏
2020-02-26,3.714,3.707,3.758,3.69,2366595.0,510330,sh,沪深300ETF华夏
2020-02-27,3.72,3.71,3.739,3.702,2449376.0,510330,sh,沪深300ETF华夏
2020-02-28,3.665,3.571,3.679,3.565,2753555.0,510330,sh,沪深300ETF华夏
2020-03-02,3.573,3.696,3.727,3.572,1659286.0,510330,sh,沪深300ETF华夏
2020-03-03,3.748,3.713,3.78,3.697,1476830.0,510330,sh,沪深300ETF华夏
2020-03-04,3.709,3.745,3.746,3.689,1074314.0,510330,sh,沪深300ETF华夏
2020-03-05,3.774,3.829,3.845,3.753,1872380.0,510330,sh,沪深300ETF华夏
2020-03-06,3.804,3.765,3.808,3.762,912170.0,510330,sh,沪深300ETF华夏
2020-03-09,3.739,3.639,3.739,3.629,1730748.0,510330,sh,沪深300ETF华夏
2020-03-10,3.639,3.715,3.723,3.587,1942580.0,510330,sh,沪深300ETF华夏
2020-03-11,3.722,3.652,3.722,3.65,1674044.0,510330,sh,沪深300ETF华夏
2020-03-12,3.619,3.591,3.619,3.564,1366827.0,510330,sh,沪深300ETF华夏
2020-03-13,3.488,3.532,3.57,3.391,1931077.0,510330,sh,沪深300ETF华夏
2020-03-16,3.529,3.368,3.529,3.352,2366031.0,510330,sh,沪深300ETF华夏
2020-03-17,3.392,3.331,3.434,3.252,1970224.0,510330,sh,沪深300ETF华夏
2020-03-18,3.354,3.274,3.404,3.269,1820272.0,510330,sh,沪深300ETF华夏
2020-03-19,3.262,3.228,3.307,3.135,2150269.0,510330,sh,沪深300ETF华夏
2020-03-20,3.253,3.291,3.297,3.218,1385132.0,510330,sh,沪深300ETF华夏
2020-03-23,3.211,3.171,3.224,3.159,1352385.0,510330,sh,沪深300ETF华夏
2020-03-24,3.234,3.251,3.262,3.183,2151346.0,510330,sh,沪深300ETF华夏
2020-03-25,3.329,3.347,3.364,3.311,1223074.0,510330,sh,沪深300ETF华夏
2020-03-26,3.334,3.327,3.364,3.306,930298.0,510330,sh,沪深300ETF华夏
2020-03-27,3.362,3.343,3.398,3.342,1223906.0,510330,sh,沪深300ETF华夏
2020-03-30,3.304,3.307,3.324,3.273,1564357.0,510330,sh,沪深300ETF华夏
2020-03-31,3.344,3.311,3.347,3.303,1899479.0,510330,sh,沪深300ETF华夏
2020-04-01,3.305,3.306,3.366,3.296,1236985.0,510330,sh,沪深300ETF华夏
2020-04-02,3.297,3.363,3.368,3.285,1059635.0,510330,sh,沪深300ETF华夏
2020-04-03,3.358,3.342,3.366,3.328,898257.0,510330,sh,沪深300ETF华夏
2020-04-07,3.399,3.423,3.436,3.399,1332937.0,510330,sh,沪深300ETF华夏
2020-04-08,3.413,3.407,3.421,3.393,880459.0,510330,sh,沪深300ETF华夏
2020-04-09,3.42,3.428,3.435,3.414,1537769.0,510330,sh,沪深300ETF华夏
2020-04-10,3.432,3.406,3.456,3.39,1465168.0,510330,sh,沪深300ETF华夏
2020-04-13,3.387,3.387,3.401,3.376,1428274.0,510330,sh,沪深300ETF华夏
2020-04-14,3.402,3.45,3.453,3.398,1194471.0,510330,sh,沪深300ETF华夏
2020-04-15,3.451,3.426,3.459,3.424,850524.0,510330,sh,沪深300ETF华夏
2020-04-16,3.418,3.428,3.438,3.408,988355.0,510330,sh,沪深300ETF华夏
2020-04-17,3.442,3.462,3.487,3.442,1482785.0,510330,sh,沪深300ETF华夏
2020-04-20,3.47,3.479,3.482,3.454,910806.0,510330,sh,沪深300ETF华夏
2020-04-21,3.463,3.444,3.469,3.41,770169.0,510330,sh,沪深300ETF华夏
2020-04-22,3.424,3.471,3.472,3.414,927735.0,510330,sh,沪深300ETF华夏
2020-04-23,3.471,3.461,3.484,3.456,749743.0,510330,sh,沪深300ETF华夏
2020-04-24,3.454,3.429,3.456,3.42,1088946.0,510330,sh,沪深300ETF华夏
2020-04-27,3.429,3.452,3.474,3.425,2143488.0,510330,sh,沪深300ETF华夏
2020-04-28,3.454,3.473,3.489,3.401,1554866.0,510330,sh,沪深300ETF华夏
2020-04-29,3.467,3.495,3.509,3.463,1462795.0,510330,sh,沪深300ETF华夏
2020-04-30,3.5,3.551,3.556,3.5,1554978.0,510330,sh,沪深300ETF华夏
2020-05-06,3.507,3.561,3.568,3.503,1559130.0,510330,sh,沪深300ETF华夏
2020-05-07,3.56,3.555,3.568,3.542,1216556.0,510330,sh,沪深300ETF华夏
2020-05-08,3.564,3.594,3.616,3.564,1718473.0,510330,sh,沪深300ETF华夏
2020-05-11,3.608,3.591,3.635,3.58,1538214.0,510330,sh,沪深300ETF华夏
2020-05-12,3.591,3.591,3.604,3.561,2126706.0,510330,sh,沪深300ETF华夏
2020-05-13,3.575,3.6,3.604,3.564,1371926.0,510330,sh,沪深300ETF华夏
2020-05-14,3.589,3.563,3.589,3.559,1368459.0,510330,sh,沪深300ETF华夏
2020-05-15,3.57,3.543,3.588,3.54,1628701.0,510330,sh,沪深300ETF华夏
2020-05-18,3.542,3.557,3.583,3.535,1078581.0,510330,sh,沪深300ETF华夏
2020-05-19,3.578,3.586,3.603,3.575,1019987.0,510330,sh,沪深300ETF华夏
2020-05-20,3.579,3.57,3.588,3.56,1488358.0,510330,sh,沪深300ETF华夏
2020-05-21,3.57,3.546,3.582,3.543,1218941.0,510330,sh,沪深300ETF华夏
2020-05-22,3.542,3.46,3.542,3.456,1696636.0,510330,sh,沪深300ETF华夏
2020-05-25,3.46,3.461,3.471,3.439,1298236.0,510330,sh,沪深300ETF华夏
2020-05-26,3.469,3.507,3.508,3.469,1950823.0,510330,sh,沪深300ETF华夏
2020-05-27,3.507,3.488,3.508,3.474,1504027.0,510330,sh,沪深300ETF华夏
2020-05-28,3.493,3.488,3.528,3.455,1476811.0,510330,sh,沪深300ETF华夏
2020-05-29,3.475,3.505,3.511,3.466,1608070.0,510330,sh,沪深300ETF华夏
2020-06-01,3.53,3.614,3.62,3.53,2059548.0,510330,sh,沪深300ETF华夏
2020-06-02,3.614,3.624,3.633,3.604,1072167.0,510330,sh,沪深300ETF华夏
2020-06-03,3.636,3.622,3.667,3.622,1603458.0,510330,sh,沪深300ETF华夏
2020-06-04,3.642,3.622,3.642,3.611,1831775.0,510330,sh,沪深300ETF华夏
2020-06-05,3.621,3.647,3.647,3.61,2038193.0,510330,sh,沪深300ETF华夏
2020-06-08,3.664,3.668,3.691,3.657,2343073.0,510330,sh,沪深300ETF华夏
2020-06-09,3.665,3.688,3.696,3.659,1074281.0,510330,sh,沪深300ETF华夏
2020-06-10,3.687,3.687,3.69,3.672,1449949.0,510330,sh,沪深300ETF华夏
2020-06-11,3.684,3.651,3.696,3.63,1066515.0,510330,sh,沪深300ETF华夏
2020-06-12,3.614,3.657,3.669,3.594,1273236.0,510330,sh,沪深300ETF华夏
2020-06-15,3.628,3.605,3.656,3.604,1238600.0,510330,sh,沪深300ETF华夏
2020-06-16,3.634,3.658,3.664,3.634,1481121.0,510330,sh,沪深300ETF华夏
2020-06-17,3.658,3.666,3.667,3.64,1231254.0,510330,sh,沪深300ETF华夏
2020-06-18,3.661,3.702,3.703,3.653,1521893.0,510330,sh,沪深300ETF华夏
2020-06-19,3.701,3.746,3.767,3.698,1808397.0,510330,sh,沪深300ETF华夏
2020-06-22,3.746,3.754,3.784,3.742,3753510.0,510330,sh,沪深300ETF华夏
2020-06-23,3.749,3.773,3.779,3.733,3817991.0,510330,sh,沪深300ETF华夏
2020-06-24,3.781,3.808,3.813,3.781,1940220.0,510330,sh,沪深300ETF华夏
2020-06-29,3.804,3.773,3.806,3.755,1627495.0,510330,sh,沪深300ETF华夏
2020-06-30,3.789,3.823,3.844,3.789,1401448.0,510330,sh,沪深300ETF华夏
2020-07-01,3.834,3.917,3.923,3.829,2347157.0,510330,sh,沪深300ETF华夏
2020-07-02,3.915,4.014,4.02,3.914,2173729.0,510330,sh,沪深300ETF华夏
2020-07-03,4.02,4.097,4.103,4.015,2865739.0,510330,sh,沪深300ETF华夏
2020-07-06,4.129,4.41,4.45,4.129,4797526.0,510330,sh,沪深300ETF华夏
2020-07-07,4.462,4.378,4.49,4.376,3437663.0,510330,sh,沪深300ETF华夏
2020-07-08,4.368,4.444,4.482,4.357,2953027.0,510330,sh,沪深300ETF华夏
2020-07-09,4.445,4.52,4.534,4.423,2453081.0,510330,sh,沪深300ETF华夏
2020-07-10,4.495,4.434,4.505,4.412,2141910.0,510330,sh,沪深300ETF华夏
2020-07-13,4.444,4.533,4.574,4.429,4434307.0,510330,sh,沪深300ETF华夏
2020-07-14,4.531,4.496,4.549,4.417,2955243.0,510330,sh,沪深300ETF华夏
2020-07-15,4.507,4.435,4.534,4.417,2179270.0,510330,sh,沪深300ETF华夏
2020-07-16,4.436,4.206,4.473,4.194,4051743.0,510330,sh,沪深300ETF华夏
2020-07-17,4.206,4.236,4.301,4.186,3011621.0,510330,sh,沪深300ETF华夏
2020-07-20,4.272,4.372,4.383,4.235,1981767.0,510330,sh,沪深300ETF华夏
2020-07-21,4.39,4.388,4.411,4.361,1737580.0,510330,sh,沪深300ETF华夏
2020-07-22,4.39,4.427,4.505,4.378,2628635.0,510330,sh,沪深300ETF华夏
2020-07-23,4.378,4.412,4.44,4.309,1792714.0,510330,sh,沪深300ETF华夏
2020-07-24,4.386,4.205,4.392,4.184,2344220.0,510330,sh,沪深300ETF华夏
2020-07-27,4.228,4.228,4.264,4.191,1004554.0,510330,sh,沪深300ETF华夏
2020-07-28,4.269,4.265,4.291,4.235,1210737.0,510330,sh,沪深300ETF华夏
2020-07-29,4.26,4.393,4.395,4.25,1589231.0,510330,sh,沪深300ETF华夏
2020-07-30,4.392,4.362,4.41,4.358,1029484.0,510330,sh,沪深300ETF华夏
2020-07-31,4.362,4.392,4.455,4.324,2753777.0,510330,sh,沪深300ETF华夏
2020-08-03,4.43,4.474,4.479,4.421,1729831.0,510330,sh,沪深300ETF华夏
2020-08-04,4.48,4.476,4.508,4.454,1451173.0,510330,sh,沪深300ETF华夏
2020-08-05,4.476,4.48,4.498,4.411,1932026.0,510330,sh,沪深300ETF华夏
2020-08-06,4.48,4.461,4.499,4.392,1055347.0,510330,sh,沪深300ETF华夏
2020-08-07,4.458,4.415,4.458,4.35,937589.0,510330,sh,沪深300ETF华夏
2020-08-10,4.395,4.431,4.469,4.346,848297.0,510330,sh,沪深300ETF华夏
2020-08-11,4.431,4.395,4.504,4.384,969870.0,510330,sh,沪深300ETF华夏
2020-08-12,4.391,4.351,4.394,4.273,2031471.0,510330,sh,沪深300ETF华夏
2020-08-13,4.381,4.336,4.381,4.329,893854.0,510330,sh,沪深300ETF华夏
2020-08-14,4.333,4.427,4.43,4.326,2042322.0,510330,sh,沪深300ETF华夏
2020-08-17,4.454,4.525,4.559,4.435,1736003.0,510330,sh,沪深300ETF华夏
2020-08-18,4.528,4.519,4.541,4.496,1395748.0,510330,sh,沪深300ETF华夏
2020-08-19,4.524,4.444,4.528,4.443,1677827.0,510330,sh,沪深300ETF华夏
2020-08-20,4.419,4.394,4.432,4.373,1270016.0,510330,sh,沪深300ETF华夏
2020-08-21,4.411,4.431,4.457,4.392,883331.0,510330,sh,沪深300ETF华夏
2020-08-24,4.454,4.464,4.482,4.427,945791.0,510330,sh,沪深300ETF华夏
2020-08-25,4.476,4.476,4.52,4.454,779043.0,510330,sh,沪深300ETF华夏
2020-08-26,4.472,4.418,4.499,4.4,806036.0,510330,sh,沪深300ETF华夏
2020-08-27,4.418,4.449,4.45,4.395,821582.0,510330,sh,沪深300ETF华夏
2020-08-28,4.449,4.569,4.576,4.425,1841705.0,510330,sh,沪深300ETF华夏
2020-08-31,4.582,4.524,4.62,4.522,2093148.0,510330,sh,沪深300ETF华夏
2020-09-01,4.531,4.559,4.56,4.511,1348836.0,510330,sh,沪深300ETF华夏
2020-09-02,4.572,4.552,4.576,4.506,1840772.0,510330,sh,沪深300ETF华夏
2020-09-03,4.554,4.537,4.594,4.52,786118.0,510330,sh,沪深300ETF华夏
2020-09-04,4.484,4.483,4.498,4.445,1477517.0,510330,sh,沪深300ETF华夏
2020-09-07,4.475,4.381,4.506,4.362,1803921.0,510330,sh,沪深300ETF华夏
2020-09-08,4.394,4.403,4.419,4.358,1609196.0,510330,sh,沪深300ETF华夏
2020-09-09,4.369,4.29,4.369,4.264,2075818.0,510330,sh,沪深300ETF华夏
2020-09-10,4.33,4.298,4.356,4.281,1656667.0,510330,sh,沪深300ETF华夏
2020-09-11,4.274,4.334,4.348,4.272,1404742.0,510330,sh,沪深300ETF华夏
2020-09-14,4.353,4.364,4.378,4.336,1073468.0,510330,sh,沪深300ETF华夏
2020-09-15,4.379,4.395,4.408,4.346,1021464.0,510330,sh,沪深300ETF华夏
2020-09-16,4.39,4.37,4.401,4.352,1103474.0,510330,sh,沪深300ETF华夏
2020-09-17,4.355,4.343,4.384,4.316,844549.0,510330,sh,沪深300ETF华夏
2020-09-18,4.342,4.464,4.465,4.342,1380207.0,510330,sh,沪深300ETF华夏
2020-09-21,4.478,4.411,4.48,4.407,1446803.0,510330,sh,沪深300ETF华夏
2020-09-22,4.401,4.35,4.425,4.331,1841289.0,510330,sh,沪深300ETF华夏
2020-09-23,4.352,4.364,4.383,4.337,1445627.0,510330,sh,沪深300ETF华夏
2020-09-24,4.338,4.287,4.345,4.278,1179853.0,510330,sh,沪深300ETF华夏
2020-09-25,4.293,4.29,4.319,4.271,1085693.0,510330,sh,沪深300ETF华夏
2020-09-28,4.289,4.298,4.333,4.281,826843.0,510330,sh,沪深300ETF华夏
2020-09-29,4.319,4.308,4.337,4.302,797411.0,510330,sh,沪深300ETF华夏
2020-09-30,4.316,4.295,4.348,4.272,1662441.0,510330,sh,沪深300ETF华夏
2020-10-09,4.364,4.389,4.416,4.364,1089989.0,510330,sh,沪深300ETF华夏
2020-10-12,4.409,4.539,4.544,4.409,873489.0,510330,sh,沪深300ETF华夏
2020-10-13,4.537,4.555,4.565,4.513,1008837.0,510330,sh,沪深300ETF华夏
2020-10-14,4.548,4.53,4.548,4.515,811428.0,510330,sh,沪深300ETF华夏
2020-10-15,4.534,4.52,4.554,4.511,612338.0,510330,sh,沪深300ETF华夏
2020-10-16,4.521,4.506,4.546,4.476,699338.0,510330,sh,沪深300ETF华夏
2020-10-19,4.527,4.478,4.574,4.458,1500278.0,510330,sh,沪深300ETF华夏
2020-10-20,4.463,4.516,4.517,4.462,1757889.0,510330,sh,沪深300ETF华夏
2020-10-21,4.51,4.511,4.522,4.481,1263887.0,510330,sh,沪深300ETF华夏
2020-10-22,4.504,4.496,4.515,4.445,1644984.0,510330,sh,沪深300ETF华夏
2020-10-23,4.487,4.444,4.524,4.437,1459784.0,510330,sh,沪深300ETF华夏
2020-10-26,4.434,4.403,4.436,4.356,971732.0,510330,sh,沪深300ETF华夏
2020-10-27,4.395,4.415,4.425,4.387,950445.0,510330,sh,沪深300ETF华夏
2020-10-28,4.412,4.454,4.47,4.401,1506713.0,510330,sh,沪深300ETF华夏
2020-10-29,4.39,4.497,4.528,4.39,2279161.0,510330,sh,沪深300ETF华夏
2020-10-30,4.497,4.41,4.501,4.4,2039054.0,510330,sh,沪深300ETF华夏
2020-11-02,4.406,4.433,4.455,4.406,1895075.0,510330,sh,沪深300ETF华夏
2020-11-03,4.446,4.487,4.513,4.446,1508181.0,510330,sh,沪深300ETF华夏
2020-11-04,4.494,4.526,4.549,4.472,1390119.0,510330,sh,沪深300ETF华夏
2020-11-05,4.57,4.604,4.608,4.555,1174535.0,510330,sh,沪深300ETF华夏
2020-11-06,4.608,4.606,4.617,4.563,979015.0,510330,sh,沪深300ETF华夏
2020-11-09,4.622,4.701,4.727,4.622,1667326.0,510330,sh,沪深300ETF华夏
2020-11-10,4.725,4.673,4.725,4.647,1158876.0,510330,sh,沪深300ETF华夏
2020-11-11,4.664,4.629,4.68,4.624,1275226.0,510330,sh,沪深300ETF华夏
2020-11-12,4.629,4.624,4.649,4.611,910727.0,510330,sh,沪深300ETF华夏
2020-11-13,4.609,4.577,4.609,4.542,1087826.0,510330,sh,沪深300ETF华夏
2020-11-16,4.599,4.628,4.63,4.567,904530.0,510330,sh,沪深300ETF华夏
2020-11-17,4.623,4.617,4.623,4.589,883940.0,510330,sh,沪深300ETF华夏
2020-11-18,4.616,4.609,4.636,4.587,953612.0,510330,sh,沪深300ETF华夏
2020-11-19,4.605,4.651,4.664,4.592,917663.0,510330,sh,沪深300ETF华夏
2020-11-20,4.658,4.67,4.676,4.645,936533.0,510330,sh,沪深300ETF华夏
2020-11-23,4.683,4.724,4.758,4.661,1359580.0,510330,sh,沪深300ETF华夏
2020-11-24,4.723,4.695,4.73,4.687,829483.0,510330,sh,沪深300ETF华夏
2020-11-25,4.704,4.636,4.732,4.634,807033.0,510330,sh,沪深300ETF华夏
2020-11-26,4.634,4.637,4.647,4.593,1391940.0,510330,sh,沪深300ETF华夏
2020-11-27,4.637,4.711,4.712,4.633,1071095.0,510330,sh,沪深300ETF华夏
2020-11-30,4.712,4.689,4.786,4.684,1254266.0,510330,sh,沪深300ETF华夏
2020-12-01,4.69,4.795,4.805,4.69,1188947.0,510330,sh,沪深300ETF华夏
2020-12-02,4.805,4.787,4.819,4.764,848890.0,510330,sh,沪深300ETF华夏
2020-12-03,4.782,4.786,4.802,4.76,727625.0,510330,sh,沪深300ETF华夏
2020-12-04,4.779,4.793,4.802,4.734,1062831.0,510330,sh,沪深300ETF华夏
2020-12-07,4.796,4.752,4.797,4.731,1042499.0,510330,sh,沪深300ETF华夏
2020-12-08,4.753,4.734,4.772,4.726,1117598.0,510330,sh,沪深300ETF华夏
2020-12-09,4.744,4.674,4.761,4.666,1194540.0,510330,sh,沪深300ETF华夏
2020-12-10,4.666,4.663,4.686,4.644,1034281.0,510330,sh,沪深300ETF华夏
2020-12-11,4.674,4.607,4.689,4.57,1113367.0,510330,sh,沪深300ETF华夏
2020-12-14,4.611,4.651,4.655,4.603,777559.0,510330,sh,沪深300ETF华夏
2020-12-15,4.651,4.666,4.675,4.619,855112.0,510330,sh,沪深300ETF华夏
2020-12-16,4.669,4.675,4.685,4.657,717351.0,510330,sh,沪深300ETF华夏
2020-12-17,4.673,4.748,4.751,4.669,1174453.0,510330,sh,沪深300ETF华夏
2020-12-18,4.748,4.724,4.751,4.697,826821.0,510330,sh,沪深300ETF华夏
2020-12-21,4.721,4.761,4.775,4.686,1103850.0,510330,sh,沪深300ETF华夏
2020-12-22,4.75,4.685,4.771,4.68,1262774.0,510330,sh,沪深300ETF华夏
2020-12-23,4.681,4.727,4.754,4.681,800344.0,510330,sh,沪深300ETF华夏
2020-12-24,4.724,4.729,4.751,4.705,721274.0,510330,sh,沪深300ETF华夏
2020-12-25,4.714,4.769,4.771,4.699,1069511.0,510330,sh,沪深300ETF华夏
2020-12-28,4.756,4.788,4.817,4.756,587636.0,510330,sh,沪深300ETF华夏
2020-12-29,4.798,4.772,4.809,4.763,958754.0,510330,sh,沪深300ETF华夏
2020-12-30,4.747,4.832,4.835,4.747,1221286.0,510330,sh,沪深300ETF华夏
2020-12-31,4.848,4.946,4.95,4.846,2989244.0,510330,sh,沪深300ETF华夏
2021-01-04,4.966,4.989,5.022,4.915,1854367.0,510330,sh,沪深300ETF华夏
2021-01-05,4.963,5.087,5.1,4.962,1790982.0,510330,sh,沪深300ETF华夏
2021-01-06,5.096,5.138,5.169,5.076,1074463.0,510330,sh,沪深300ETF华夏
2021-01-07,5.139,5.255,5.257,5.139,1201428.0,510330,sh,沪深300ETF华夏
2021-01-08,5.268,5.231,5.29,5.179,1591530.0,510330,sh,沪深300ETF华夏
2021-01-11,5.234,5.169,5.281,5.134,1355843.0,510330,sh,沪深300ETF华夏
2021-01-12,5.164,5.324,5.327,5.152,1318140.0,510330,sh,沪深300ETF华夏
2021-01-13,5.338,5.304,5.373,5.27,1300880.0,510330,sh,沪深300ETF华夏
2021-01-14,5.306,5.203,5.306,5.196,1311546.0,510330,sh,沪深300ETF华夏
2021-01-15,5.205,5.183,5.233,5.116,1784126.0,510330,sh,沪深300ETF华夏
2021-01-18,5.184,5.241,5.279,5.142,984281.0,510330,sh,沪深300ETF华夏
2021-01-19,5.241,5.164,5.256,5.142,924837.0,510330,sh,沪深300ETF华夏
2021-01-20,5.164,5.196,5.226,5.159,1180207.0,510330,sh,沪深300ETF华夏
2021-01-21,5.214,5.289,5.32,5.214,1653304.0,510330,sh,沪深300ETF华夏
2021-01-22,5.285,5.321,5.323,5.24,1460117.0,510330,sh,沪深300ETF华夏
2021-01-25,5.3,5.347,5.381,5.276,439864.0,510330,sh,沪深300ETF华夏
2021-01-26,5.35,5.242,5.35,5.233,1172861.0,510330,sh,沪深300ETF华夏
2021-01-27,5.235,5.25,5.267,5.186,1347497.0,510330,sh,沪深300ETF华夏
2021-01-28,5.188,5.112,5.196,5.098,1102203.0,510330,sh,沪深300ETF华夏
2021-01-29,5.131,5.076,5.155,5.013,1520394.0,510330,sh,沪深300ETF华夏
2021-02-01,5.076,5.144,5.147,5.076,1300212.0,510330,sh,沪深300ETF华夏
2021-02-02,5.17,5.223,5.225,5.146,1313067.0,510330,sh,沪深300ETF华夏
2021-02-03,5.224,5.217,5.259,5.199,940033.0,510330,sh,沪深300ETF华夏
2021-02-04,5.188,5.206,5.243,5.149,1048283.0,510330,sh,沪深300ETF华夏
2021-02-05,5.215,5.209,5.276,5.205,2369496.0,510330,sh,沪深300ETF华夏
2021-02-08,5.247,5.285,5.302,5.211,1984967.0,510330,sh,沪深300ETF华夏
2021-02-09,5.297,5.41,5.415,5.283,937097.0,510330,sh,沪深300ETF华夏
2021-02-10,5.425,5.546,5.563,5.425,1200208.0,510330,sh,沪深300ETF华夏
2021-02-18,5.647,5.498,5.662,5.476,1295080.0,510330,sh,沪深300ETF华夏
2021-02-19,5.49,5.503,5.513,5.405,1873532.0,510330,sh,沪深300ETF华夏
2021-02-22,5.51,5.318,5.51,5.314,1256791.0,510330,sh,沪深300ETF华夏
2021-02-23,5.277,5.307,5.366,5.277,1171595.0,510330,sh,沪深300ETF华夏
2021-02-24,5.314,5.155,5.334,5.104,1879173.0,510330,sh,沪深300ETF华夏
2021-02-25,5.196,5.207,5.253,5.173,1337431.0,510330,sh,沪深300ETF华夏
2021-02-26,5.13,5.077,5.149,5.047,2060916.0,510330,sh,沪深300ETF华夏
2021-03-01,5.09,5.145,5.146,5.076,1200483.0,510330,sh,沪深300ETF华夏
2021-03-02,5.172,5.084,5.178,5.034,572091.0,510330,sh,沪深300ETF华夏
2021-03-03,5.082,5.176,5.178,5.049,496311.0,510330,sh,沪深300ETF华夏
2021-03-04,5.136,5.017,5.137,4.992,671649.0,510330,sh,沪深300ETF华夏
2021-03-05,4.926,4.995,5.041,4.908,1069587.0,510330,sh,沪深300ETF华夏
2021-03-08,5.023,4.801,5.057,4.798,1465277.0,510330,sh,沪深300ETF华夏
2021-03-09,4.796,4.707,4.824,4.655,2090904.0,510330,sh,沪深300ETF华夏
2021-03-10,4.762,4.728,4.791,4.711,1755489.0,510330,sh,沪深300ETF华夏
2021-03-11,4.745,4.858,4.863,4.745,1373982.0,510330,sh,沪深300ETF华夏
2021-03-12,4.877,4.872,4.877,4.812,630394.0,510330,sh,沪深300ETF华夏
2021-03-15,4.853,4.771,4.858,4.727,725292.0,510330,sh,沪深300ETF华夏
2021-03-16,4.769,4.802,4.815,4.741,737211.0,510330,sh,沪深300ETF华夏
2021-03-17,4.793,4.824,4.851,4.742,646572.0,510330,sh,沪深300ETF华夏
2021-03-18,4.842,4.865,4.891,4.834,458408.0,510330,sh,沪深300ETF华夏
2021-03-19,4.8,4.733,4.814,4.708,627476.0,510330,sh,沪深300ETF华夏
2021-03-22,4.733,4.779,4.798,4.717,523045.0,510330,sh,沪深300ETF华夏
2021-03-23,4.78,4.739,4.79,4.692,624686.0,510330,sh,沪深300ETF华夏
2021-03-24,4.71,4.662,4.76,4.645,1082203.0,510330,sh,沪深300ETF华夏
2021-03-25,4.643,4.66,4.68,4.618,650415.0,510330,sh,沪深300ETF华夏
2021-03-26,4.677,4.761,4.783,4.677,966083.0,510330,sh,沪深300ETF华夏
2021-03-29,4.771,4.773,4.813,4.733,1841436.0,510330,sh,沪深300ETF华夏
2021-03-30,4.772,4.816,4.83,4.761,448059.0,510330,sh,沪深300ETF华夏
2021-03-31,4.814,4.784,4.814,4.744,378229.0,510330,sh,沪深300ETF华夏
2021-04-01,4.785,4.835,4.851,4.784,1000343.0,510330,sh,沪深300ETF华夏
2021-04-02,4.848,4.886,4.894,4.842,542445.0,510330,sh,沪深300ETF华夏
2021-04-06,4.889,4.861,4.909,4.848,499420.0,510330,sh,沪深300ETF华夏
2021-04-07,4.865,4.828,4.869,4.795,337132.0,510330,sh,沪深300ETF华夏
2021-04-08,4.815,4.839,4.855,4.789,298036.0,510330,sh,沪深300ETF华夏
2021-04-09,4.834,4.766,4.834,4.756,612004.0,510330,sh,沪深300ETF华夏
2021-04-12,4.762,4.681,4.777,4.665,1148270.0,510330,sh,沪深300ETF华夏
2021-04-13,4.664,4.675,4.72,4.658,770432.0,510330,sh,沪深300ETF华夏
2021-04-14,4.678,4.702,4.717,4.672,718217.0,510330,sh,沪深300ETF华夏
2021-04-15,4.7,4.676,4.7,4.623,929841.0,510330,sh,沪深300ETF华夏
2021-04-16,4.683,4.693,4.706,4.644,1067475.0,510330,sh,沪深300ETF华夏
2021-04-19,4.693,4.816,4.822,4.665,1208865.0,510330,sh,沪深300ETF华夏
2021-04-20,4.812,4.812,4.848,4.786,993264.0,510330,sh,沪深300ETF华夏
2021-04-21,4.786,4.82,4.834,4.775,981154.0,510330,sh,沪深300ETF华夏
2021-04-22,4.825,4.819,4.851,4.794,1334482.0,510330,sh,沪深300ETF华夏
2021-04-23,4.815,4.869,4.883,4.813,779122.0,510330,sh,沪深300ETF华夏
2021-04-26,4.874,4.81,4.92,4.802,1303622.0,510330,sh,沪深300ETF华夏
2021-04-27,4.815,4.817,4.825,4.782,794727.0,510330,sh,沪深300ETF华夏
2021-04-28,4.81,4.856,4.858,4.784,843598.0,510330,sh,沪深300ETF华夏
2021-04-29,4.855,4.9,4.91,4.851,1333619.0,510330,sh,沪深300ETF华夏
2021-04-30,4.9,4.857,4.902,4.824,1277058.0,510330,sh,沪深300ETF华夏
2021-05-06,4.85,4.789,4.871,4.765,1162708.0,510330,sh,沪深300ETF华夏
2021-05-07,4.796,4.728,4.825,4.723,900511.0,510330,sh,沪深300ETF华夏
2021-05-10,4.737,4.728,4.754,4.683,738132.0,510330,sh,沪深300ETF华夏
2021-05-11,4.718,4.754,4.773,4.66,687359.0,510330,sh,沪深300ETF华夏
2021-05-12,4.74,4.784,4.789,4.725,634889.0,510330,sh,沪深300ETF华夏
2021-05-13,4.751,4.728,4.756,4.705,929451.0,510330,sh,沪深300ETF华夏
2021-05-14,4.748,4.851,4.854,4.721,2131028.0,510330,sh,沪深300ETF华夏
2021-05-17,4.855,4.915,4.945,4.852,2003709.0,510330,sh,沪深300ETF华夏
2021-05-18,4.929,4.917,4.941,4.894,669554.0,510330,sh,沪深300ETF华夏
2021-05-19,4.913,4.905,4.925,4.883,596187.0,510330,sh,沪深300ETF华夏
2021-05-20,4.904,4.923,4.936,4.882,748410.0,510330,sh,沪深300ETF华夏
2021-05-21,4.928,4.864,4.959,4.85,1464482.0,510330,sh,沪深300ETF华夏
2021-05-24,4.864,4.889,4.892,4.824,771664.0,510330,sh,沪深300ETF华夏
2021-05-25,4.89,5.055,5.068,4.89,2185692.0,510330,sh,沪深300ETF华夏
2021-05-26,5.064,5.056,5.081,5.045,786400.0,510330,sh,沪深300ETF华夏
2021-05-27,5.048,5.075,5.12,5.021,1228790.0,510330,sh,沪深300ETF华夏
2021-05-28,5.075,5.06,5.1,5.03,1394978.0,510330,sh,沪深300ETF华夏
2021-05-31,5.03,5.067,5.069,5.021,825235.0,510330,sh,沪深300ETF华夏
2021-06-01,5.065,5.074,5.08,5.003,1497957.0,510330,sh,沪深300ETF华夏
2021-06-02,5.08,5.033,5.088,5.005,1191557.0,510330,sh,沪深300ETF华夏
2021-06-03,5.025,4.992,5.053,4.991,1316168.0,510330,sh,沪深300ETF华夏
2021-06-04,4.979,5.025,5.083,4.964,1364283.0,510330,sh,沪深300ETF华夏
2021-06-07,5.025,5.02,5.027,4.983,750736.0,510330,sh,沪深300ETF华夏
2021-06-08,5.015,4.979,5.069,4.942,930045.0,510330,sh,沪深300ETF华夏
2021-06-09,4.973,4.983,4.997,4.96,922835.0,510330,sh,沪深300ETF华夏
2021-06-10,4.983,5.02,5.052,4.978,1001168.0,510330,sh,沪深300ETF华夏
2021-06-11,5.017,4.969,5.039,4.967,907136.0,510330,sh,沪深300ETF华夏
2021-06-15,4.981,4.908,4.981,4.882,1271063.0,510330,sh,沪深300ETF华夏
2021-06-16,4.908,4.838,4.911,4.823,1347698.0,510330,sh,沪深300ETF华夏
2021-06-17,4.834,4.847,4.871,4.828,1249613.0,510330,sh,沪深300ETF华夏
2021-06-18,4.848,4.856,4.884,4.817,1079241.0,510330,sh,沪深300ETF华夏
2021-06-21,4.842,4.847,4.885,4.814,1163466.0,510330,sh,沪深300ETF华夏
2021-06-22,4.861,4.873,4.884,4.84,2078983.0,510330,sh,沪深300ETF华夏
2021-06-23,4.88,4.902,4.933,4.867,863564.0,510330,sh,沪深300ETF华夏
2021-06-24,4.907,4.919,4.919,4.882,574109.0,510330,sh,沪深300ETF华夏
2021-06-25,4.928,4.997,5.02,4.921,1445996.0,510330,sh,沪深300ETF华夏
2021-06-28,5.005,5.008,5.019,4.986,1390198.0,510330,sh,沪深300ETF华夏
2021-06-29,5.007,4.955,5.007,4.946,541388.0,510330,sh,沪深300ETF华夏
2021-06-30,4.96,4.985,5.0,4.957,706890.0,510330,sh,沪深300ETF华夏
2021-07-01,4.997,4.984,5.015,4.948,898701.0,510330,sh,沪深300ETF华夏
2021-07-02,4.97,4.847,4.972,4.837,921261.0,510330,sh,沪深300ETF华夏
2021-07-05,4.845,4.853,4.86,4.818,576693.0,510330,sh,沪深300ETF华夏
2021-07-06,4.853,4.855,4.862,4.804,898656.0,510330,sh,沪深300ETF华夏
2021-07-07,4.84,4.911,4.933,4.826,755048.0,510330,sh,沪深300ETF华夏
2021-07-08,4.92,4.866,4.929,4.852,1006804.0,510330,sh,沪深300ETF华夏
2021-07-09,4.859,4.842,4.859,4.785,1313017.0,510330,sh,沪深300ETF华夏
2021-07-12,4.865,4.908,4.939,4.851,1463205.0,510330,sh,沪深300ETF华夏
2021-07-13,4.907,4.924,4.945,4.899,551113.0,510330,sh,沪深300ETF华夏
2021-07-14,4.92,4.87,4.92,4.856,1062607.0,510330,sh,沪深300ETF华夏
2021-07-15,4.86,4.935,4.945,4.855,693409.0,510330,sh,沪深300ETF华夏
2021-07-16,4.939,4.891,4.939,4.883,982490.0,510330,sh,沪深300ETF华夏
2021-07-19,4.88,4.907,4.919,4.837,874831.0,510330,sh,沪深300ETF华夏
2021-07-20,4.862,4.894,4.909,4.86,1134064.0,510330,sh,沪深300ETF华夏
2021-07-21,4.913,4.934,4.956,4.907,1205010.0,510330,sh,沪深300ETF华夏
2021-07-22,4.934,4.939,4.963,4.929,614256.0,510330,sh,沪深300ETF华夏
2021-07-23,4.925,4.887,4.936,4.875,538613.0,510330,sh,沪深300ETF华夏
2021-07-26,4.877,4.718,4.877,4.652,1374989.0,510330,sh,沪深300ETF华夏
2021-07-27,4.709,4.538,4.729,4.535,1351818.0,510330,sh,沪深300ETF华夏
2021-07-28,4.538,4.544,4.572,4.465,2202566.0,510330,sh,沪深300ETF华夏
2021-07-29,4.629,4.636,4.649,4.589,1307696.0,510330,sh,沪深300ETF华夏
2021-07-30,4.63,4.608,4.63,4.553,720064.0,510330,sh,沪深300ETF华夏
2021-08-02,4.608,4.731,4.74,4.559,860234.0,510330,sh,沪深300ETF华夏
2021-08-03,4.726,4.724,4.76,4.686,1097543.0,510330,sh,沪深300ETF华夏
2021-08-04,4.723,4.777,4.78,4.714,746236.0,510330,sh,沪深300ETF华夏
2021-08-05,4.762,4.737,4.788,4.718,578024.0,510330,sh,沪深300ETF华夏
2021-08-06,4.737,4.722,4.738,4.694,362832.0,510330,sh,沪深300ETF华夏
2021-08-09,4.716,4.776,4.797,4.685,710691.0,510330,sh,沪深300ETF华夏
2021-08-10,4.773,4.842,4.846,4.737,849354.0,510330,sh,沪深300ETF华夏
2021-08-11,4.821,4.812,4.856,4.81,580359.0,510330,sh,沪深300ETF华夏
2021-08-12,4.813,4.776,4.82,4.767,748845.0,510330,sh,沪深300ETF华夏
2021-08-13,4.774,4.75,4.798,4.719,662052.0,510330,sh,沪深300ETF华夏
2021-08-16,4.752,4.748,4.776,4.731,879964.0,510330,sh,沪深300ETF华夏
2021-08-17,4.74,4.635,4.775,4.622,1063138.0,510330,sh,沪深300ETF华夏
2021-08-18,4.639,4.69,4.715,4.624,1118982.0,510330,sh,沪深300ETF华夏
2021-08-19,4.672,4.656,4.689,4.631,1024954.0,510330,sh,沪深300ETF华夏
2021-08-20,4.634,4.57,4.639,4.517,688564.0,510330,sh,沪深300ETF华夏
2021-08-23,4.571,4.637,4.644,4.569,948166.0,510330,sh,沪深300ETF华夏
2021-08-24,4.639,4.69,4.711,4.639,646829.0,510330,sh,沪深300ETF华夏
2021-08-25,4.692,4.7,4.704,4.669,648868.0,510330,sh,沪深300ETF华夏
2021-08-26,4.7,4.618,4.7,4.603,622348.0,510330,sh,沪深300ETF华夏
2021-08-27,4.61,4.629,4.678,4.61,1243843.0,510330,sh,沪深300ETF华夏
2021-08-30,4.647,4.614,4.653,4.589,1640723.0,510330,sh,沪深300ETF华夏
2021-08-31,4.615,4.619,4.633,4.542,1292827.0,510330,sh,沪深300ETF华夏
2021-09-01,4.619,4.683,4.723,4.573,1083823.0,510330,sh,沪深300ETF华夏
2021-09-02,4.686,4.677,4.701,4.652,622027.0,510330,sh,沪深300ETF华夏
2021-09-03,4.676,4.652,4.703,4.643,1366003.0,510330,sh,沪深300ETF华夏
2021-09-06,4.652,4.736,4.75,4.649,1514015.0,510330,sh,沪深300ETF华夏
2021-09-07,4.736,4.798,4.824,4.719,2277971.0,510330,sh,沪深300ETF华夏
2021-09-08,4.799,4.776,4.829,4.762,738059.0,510330,sh,沪深300ETF华夏
2021-09-09,4.773,4.773,4.779,4.736,745232.0,510330,sh,沪深300ETF华夏
2021-09-10,4.778,4.824,4.86,4.773,1199625.0,510330,sh,沪深300ETF华夏
2021-09-13,4.819,4.796,4.843,4.768,1060935.0,510330,sh,沪深300ETF华夏
2021-09-14,4.796,4.727,4.813,4.71,1273949.0,510330,sh,沪深300ETF华夏
2021-09-15,4.718,4.679,4.718,4.649,725373.0,510330,sh,沪深300ETF华夏
2021-09-16,4.683,4.619,4.69,4.608,1171333.0,510330,sh,沪深300ETF华夏
2021-09-17,4.618,4.66,4.668,4.598,1293430.0,510330,sh,沪深300ETF华夏
2021-09-22,4.61,4.625,4.645,4.584,1419287.0,510330,sh,沪深300ETF华夏
2021-09-23,4.646,4.657,4.687,4.64,942538.0,510330,sh,沪深300ETF华夏
2021-09-24,4.657,4.663,4.709,4.65,1222483.0,510330,sh,沪深300ETF华夏
2021-09-27,4.668,4.696,4.73,4.651,1263883.0,510330,sh,沪深300ETF华夏
2021-09-28,4.696,4.687,4.716,4.66,686006.0,510330,sh,沪深300ETF华夏
2021-09-29,4.669,4.652,4.682,4.611,1654595.0,510330,sh,沪深300ETF华夏
2021-09-30,4.655,4.667,4.686,4.652,1037117.0,510330,sh,沪深300ETF华夏
2021-10-08,4.696,4.74,4.752,4.696,963823.0,510330,sh,沪深300ETF华夏
2021-10-11,4.746,4.739,4.796,4.734,568157.0,510330,sh,沪深300ETF华夏
2021-10-12,4.73,4.686,4.734,4.645,722273.0,510330,sh,沪深300ETF华夏
2021-10-13,4.682,4.741,4.763,4.678,634815.0,510330,sh,沪深300ETF华夏
2021-10-14,4.741,4.719,4.767,4.707,930076.0,510330,sh,沪深300ETF华夏
2021-10-15,4.719,4.741,4.751,4.691,780394.0,510330,sh,沪深300ETF华夏
2021-10-18,4.735,4.684,4.741,4.647,909583.0,510330,sh,沪深300ETF华夏
2021-10-19,4.68,4.722,4.739,4.671,653023.0,510330,sh,沪深300ETF华夏
2021-10-20,4.725,4.717,4.762,4.704,490598.0,510330,sh,沪深300ETF华夏
2021-10-21,4.717,4.738,4.761,4.695,684178.0,510330,sh,沪深300ETF华夏
2021-10-22,4.741,4.768,4.805,4.741,980408.0,510330,sh,沪深300ETF华夏
2021-10-25,4.763,4.787,4.797,4.747,690922.0,510330,sh,沪深300ETF华夏
2021-10-26,4.791,4.773,4.823,4.76,885750.0,510330,sh,沪深300ETF华夏
2021-10-27,4.76,4.709,4.773,4.691,910757.0,510330,sh,沪深300ETF华夏
2021-10-28,4.706,4.683,4.712,4.661,1047168.0,510330,sh,沪深300ETF华夏
2021-10-29,4.687,4.714,4.717,4.671,1050196.0,510330,sh,沪深300ETF华夏
2021-11-01,4.7,4.7,4.723,4.672,491705.0,510330,sh,沪深300ETF华夏
2021-11-02,4.692,4.648,4.73,4.606,1172650.0,510330,sh,沪深300ETF华夏
2021-11-03,4.648,4.625,4.671,4.612,790020.0,510330,sh,沪深300ETF华夏
2021-11-04,4.645,4.673,4.685,4.64,825002.0,510330,sh,沪深300ETF华夏
2021-11-05,4.678,4.657,4.702,4.655,841585.0,510330,sh,沪深300ETF华夏
2021-11-08,4.657,4.652,4.682,4.636,732715.0,510330,sh,沪深300ETF华夏
2021-11-09,4.655,4.652,4.686,4.624,992074.0,510330,sh,沪深300ETF华夏
2021-11-10,4.65,4.624,4.65,4.558,1243528.0,510330,sh,沪深300ETF华夏
2021-11-11,4.612,4.707,4.713,4.61,549169.0,510330,sh,沪深300ETF华夏
2021-11-12,4.71,4.703,4.726,4.687,482322.0,510330,sh,沪深300ETF华夏
2021-11-15,4.702,4.697,4.724,4.676,664401.0,510330,sh,沪深300ETF华夏
2021-11-16,4.7,4.697,4.729,4.684,830162.0,510330,sh,沪深300ETF华夏
2021-11-17,4.696,4.692,4.707,4.675,603084.0,510330,sh,沪深300ETF华夏
2021-11-18,4.692,4.65,4.693,4.637,874529.0,510330,sh,沪深300ETF华夏
2021-11-19,4.637,4.701,4.709,4.63,1011874.0,510330,sh,沪深300ETF华夏
2021-11-22,4.706,4.725,4.73,4.702,740901.0,510330,sh,沪深300ETF华夏
2021-11-23,4.724,4.719,4.741,4.705,421506.0,510330,sh,沪深300ETF华夏
2021-11-24,4.719,4.724,4.75,4.707,683760.0,510330,sh,沪深300ETF华夏
2021-11-25,4.725,4.708,4.73,4.699,751310.0,510330,sh,沪深300ETF华夏
2021-11-26,4.696,4.673,4.697,4.66,537804.0,510330,sh,沪深300ETF华夏
2021-11-29,4.653,4.663,4.672,4.633,904402.0,510330,sh,沪深300ETF华夏
2021-11-30,4.66,4.644,4.682,4.62,742011.0,510330,sh,沪深300ETF华夏
2021-12-01,4.643,4.653,4.66,4.636,1212837.0,510330,sh,沪深300ETF华夏
2021-12-02,4.641,4.668,4.679,4.634,554744.0,510330,sh,沪深300ETF华夏
2021-12-03,4.669,4.711,4.713,4.659,806462.0,510330,sh,沪深300ETF华夏
2021-12-06,4.714,4.704,4.75,4.7,1041180.0,510330,sh,沪深300ETF华夏
2021-12-07,4.728,4.73,4.74,4.707,1354025.0,510330,sh,沪深300ETF华夏
2021-12-08,4.737,4.804,4.808,4.721,1294321.0,510330,sh,沪深300ETF华夏
2021-12-09,4.803,4.881,4.929,4.803,3587800.0,510330,sh,沪深300ETF华夏
2021-12-10,4.866,4.866,4.875,4.851,2372076.0,510330,sh,沪深300ETF华夏
2021-12-13,4.88,4.887,4.958,4.88,1894026.0,510330,sh,沪深300ETF华夏
2021-12-14,4.877,4.859,4.894,4.85,1265043.0,510330,sh,沪深300ETF华夏
2021-12-15,4.835,4.811,4.869,4.809,929778.0,510330,sh,沪深300ETF华夏
2021-12-16,4.813,4.841,4.842,4.799,1125381.0,510330,sh,沪深300ETF华夏
2021-12-17,4.837,4.768,4.838,4.766,1436275.0,510330,sh,沪深300ETF华夏
2021-12-20,4.764,4.694,4.784,4.678,2473802.0,510330,sh,沪深300ETF华夏
2021-12-21,4.693,4.713,4.726,4.684,1216141.0,510330,sh,沪深300ETF华夏
2021-12-22,4.72,4.717,4.738,4.703,1556059.0,510330,sh,沪深300ETF华夏
2021-12-23,4.72,4.752,4.76,4.71,1213165.0,510330,sh,沪深300ETF华夏
2021-12-24,4.753,4.73,4.767,4.713,844150.0,510330,sh,沪深300ETF华夏
2021-12-27,4.73,4.733,4.752,4.703,2062564.0,510330,sh,沪深300ETF华夏
2021-12-28,4.733,4.756,4.771,4.725,1769773.0,510330,sh,沪深300ETF华夏
2021-12-29,4.76,4.693,4.762,4.692,1245602.0,510330,sh,沪深300ETF华夏
2021-12-30,4.688,4.728,4.75,4.686,1090939.0,510330,sh,沪深300ETF华夏
2021-12-31,4.74,4.741,4.76,4.724,1610565.0,510330,sh,沪深300ETF华夏
2022-01-04,4.75,4.723,4.761,4.674,1372981.0,510330,sh,沪深300ETF华夏
2022-01-05,4.717,4.674,4.723,4.651,1241881.0,510330,sh,沪深300ETF华夏
2022-01-06,4.66,4.616,4.662,4.585,3245480.0,510330,sh,沪深300ETF华夏
2022-01-07,4.621,4.628,4.658,4.62,1299272.0,510330,sh,沪深300ETF华夏
2022-01-10,4.626,4.64,4.651,4.589,1223157.0,510330,sh,沪深300ETF华夏
2022-01-11,4.64,4.597,4.654,4.592,1820810.0,510330,sh,沪深300ETF华夏
2022-01-12,4.614,4.65,4.664,4.614,1022857.0,510330,sh,沪深300ETF华夏
2022-01-13,4.658,4.567,4.662,4.566,1782019.0,510330,sh,沪深300ETF华夏
2022-01-14,4.567,4.526,4.57,4.521,1522043.0,510330,sh,沪深300ETF华夏
2022-01-17,4.53,4.571,4.582,4.53,1629251.0,510330,sh,沪深300ETF华夏
2022-01-18,4.579,4.614,4.63,4.55,1059569.0,510330,sh,沪深300ETF华夏
2022-01-19,4.612,4.582,4.64,4.562,1387454.0,510330,sh,沪深300ETF华夏
2022-01-20,4.579,4.618,4.652,4.571,1128338.0,510330,sh,沪深300ETF华夏
2022-01-21,4.619,4.589,4.621,4.568,1699477.0,510330,sh,沪深300ETF华夏
2022-01-24,4.589,4.59,4.603,4.551,1377650.0,510330,sh,沪深300ETF华夏
2022-01-25,4.577,4.484,4.58,4.479,1397982.0,510330,sh,沪深300ETF华夏
2022-01-26,4.492,4.509,4.517,4.455,1173733.0,510330,sh,沪深300ETF华夏
2022-01-27,4.508,4.428,4.508,4.418,1860522.0,510330,sh,沪深300ETF华夏
2022-01-28,4.432,4.362,4.463,4.36,1676206.0,510330,sh,沪深300ETF华夏
2022-02-07,4.399,4.432,4.473,4.399,654789.0,510330,sh,沪深300ETF华夏
2022-02-08,4.429,4.418,4.432,4.317,1117831.0,510330,sh,沪深300ETF华夏
2022-02-09,4.414,4.453,4.464,4.395,823439.0,510330,sh,沪深300ETF华夏
2022-02-10,4.409,4.439,4.459,4.409,721522.0,510330,sh,沪深300ETF华夏
2022-02-11,4.429,4.401,4.467,4.398,754087.0,510330,sh,沪深300ETF华夏
2022-02-14,4.39,4.355,4.4,4.331,693050.0,510330,sh,沪深300ETF华夏
2022-02-15,4.359,4.395,4.4,4.354,688159.0,510330,sh,沪深300ETF华夏
2022-02-16,4.413,4.414,4.44,4.405,496127.0,510330,sh,沪深300ETF华夏
2022-02-17,4.411,4.425,4.454,4.405,827336.0,510330,sh,沪深300ETF华夏
2022-02-18,4.399,4.449,4.451,4.399,490560.0,510330,sh,沪深300ETF华夏
2022-02-21,4.444,4.435,4.444,4.412,655284.0,510330,sh,沪深300ETF华夏
2022-02-22,4.409,4.375,4.409,4.351,714797.0,510330,sh,沪深300ETF华夏
2022-02-23,4.384,4.422,4.425,4.377,491129.0,510330,sh,沪深300ETF华夏
2022-02-24,4.4,4.334,4.407,4.293,1221780.0,510330,sh,沪深300ETF华夏
2022-02-25,4.351,4.37,4.418,4.351,1066297.0,510330,sh,沪深300ETF华夏
2022-02-28,4.369,4.375,4.377,4.329,1071338.0,510330,sh,沪深300ETF华夏
2022-03-01,4.399,4.415,4.42,4.38,1372325.0,510330,sh,沪深300ETF华夏
2022-03-02,4.395,4.38,4.395,4.353,957810.0,510330,sh,沪深300ETF华夏
2022-03-03,4.393,4.35,4.408,4.341,767316.0,510330,sh,沪深300ETF华夏
2022-03-04,4.329,4.299,4.338,4.282,986022.0,510330,sh,沪深300ETF华夏
2022-03-07,4.269,4.161,4.269,4.133,1387316.0,510330,sh,沪深300ETF华夏
2022-03-08,4.154,4.057,4.177,4.043,1722102.0,510330,sh,沪深300ETF华夏
2022-03-09,4.07,4.022,4.099,3.875,1406408.0,510330,sh,沪深300ETF华夏
2022-03-10,4.071,4.084,4.131,4.071,1026886.0,510330,sh,沪深300ETF华夏
2022-03-11,4.048,4.119,4.122,3.975,985059.0,510330,sh,沪深300ETF华夏
2022-03-14,4.059,3.975,4.093,3.972,1376103.0,510330,sh,沪深300ETF华夏
2022-03-15,3.934,3.774,3.971,3.767,1923839.0,510330,sh,沪深300ETF华夏
2022-03-16,3.849,3.953,3.973,3.744,1818547.0,510330,sh,沪深300ETF华夏
2022-03-17,4.034,4.037,4.1,4.012,1283071.0,510330,sh,沪深300ETF华夏
2022-03-18,4.029,4.064,4.081,3.992,1075445.0,510330,sh,沪深300ETF华夏
2022-03-21,4.073,4.056,4.085,4.021,798250.0,510330,sh,沪深300ETF华夏
2022-03-22,4.048,4.062,4.088,4.037,656909.0,510330,sh,沪深300ETF华夏
2022-03-23,4.065,4.073,4.092,4.019,650217.0,510330,sh,沪深300ETF华夏
2022-03-24,4.063,4.05,4.078,4.015,652431.0,510330,sh,沪深300ETF华夏
2022-03-25,4.051,3.978,4.061,3.969,1264546.0,510330,sh,沪深300ETF华夏
2022-03-28,3.953,3.947,3.982,3.886,1301737.0,510330,sh,沪深300ETF华夏
2022-03-29,3.964,3.926,3.982,3.925,1135680.0,510330,sh,沪深300ETF华夏
2022-03-30,3.954,4.057,4.059,3.954,1544735.0,510330,sh,沪深300ETF华夏
2022-03-31,4.041,4.022,4.049,4.015,1261787.0,510330,sh,沪深300ETF华夏
2022-04-01,4.005,4.072,4.094,3.99,903385.0,510330,sh,沪深300ETF华夏
2022-04-06,4.06,4.064,4.073,4.032,1123344.0,510330,sh,沪深300ETF华夏
2022-04-07,4.049,4.012,4.075,4.005,835015.0,510330,sh,沪深300ETF华夏
2022-04-08,4.019,4.037,4.04,3.981,961901.0,510330,sh,沪深300ETF华夏
2022-04-11,4.008,3.904,4.008,3.893,1296826.0,510330,sh,沪深300ETF华夏
2022-04-12,3.904,3.976,3.979,3.882,1357632.0,510330,sh,沪深300ETF华夏
2022-04-13,3.974,3.942,3.995,3.94,1114251.0,510330,sh,沪深300ETF华夏
2022-04-14,3.979,3.991,4.019,3.961,1042065.0,510330,sh,沪深300ETF华夏
2022-04-15,3.974,3.987,4.014,3.954,991380.0,510330,sh,沪深300ETF华夏
2022-04-18,3.958,3.966,3.971,3.921,844157.0,510330,sh,沪深300ETF华夏
2022-04-19,3.969,3.94,3.993,3.911,806977.0,510330,sh,沪深300ETF华夏
2022-04-20,3.94,3.873,3.942,3.862,1173439.0,510330,sh,沪深300ETF华夏
2022-04-21,3.868,3.799,3.886,3.782,1640501.0,510330,sh,沪深300ETF华夏
2022-04-22,3.774,3.811,3.842,3.756,1411216.0,510330,sh,沪深300ETF华夏
2022-04-25,3.757,3.612,3.762,3.61,2754256.0,510330,sh,沪深300ETF华夏
2022-04-26,3.617,3.587,3.677,3.57,2648001.0,510330,sh,沪深300ETF华夏
2022-04-27,3.586,3.693,3.696,3.571,2409844.0,510330,sh,沪深300ETF华夏
2022-04-28,3.673,3.721,3.739,3.671,1489883.0,510330,sh,沪深300ETF华夏
2022-04-29,3.737,3.82,3.823,3.697,1443092.0,510330,sh,沪深300ETF华夏
2022-05-05,3.802,3.805,3.836,3.794,1143478.0,510330,sh,沪深300ETF华夏
2022-05-06,3.729,3.716,3.749,3.701,1055990.0,510330,sh,沪深300ETF华夏
2022-05-09,3.689,3.684,3.711,3.652,1232948.0,510330,sh,沪深300ETF华夏
2022-05-10,3.642,3.72,3.738,3.607,1605642.0,510330,sh,沪深300ETF华夏
2022-05-11,3.72,3.773,3.832,3.719,1693719.0,510330,sh,沪深300ETF华夏
2022-05-12,3.761,3.755,3.786,3.736,1059977.0,510330,sh,沪深300ETF华夏
2022-05-13,3.772,3.786,3.805,3.756,619703.0,510330,sh,沪深300ETF华夏
2022-05-16,3.803,3.754,3.818,3.745,1022384.0,510330,sh,沪深300ETF华夏
2022-05-17,3.759,3.805,3.807,3.757,782618.0,510330,sh,沪深300ETF华夏
2022-05-18,3.808,3.79,3.825,3.762,909186.0,510330,sh,沪深300ETF华夏
2022-05-19,3.759,3.799,3.803,3.744,865944.0,510330,sh,沪深300ETF华夏
2022-05-20,3.81,3.883,3.886,3.81,1787103.0,510330,sh,沪深300ETF华夏
2022-05-23,3.886,3.851,3.886,3.827,1176052.0,510330,sh,沪深300ETF华夏
2022-05-24,3.855,3.768,3.859,3.764,1070559.0,510330,sh,沪深300ETF华夏
2022-05-25,3.768,3.787,3.788,3.754,923909.0,510330,sh,沪深300ETF华夏
2022-05-26,3.797,3.797,3.826,3.738,1052123.0,510330,sh,沪深300ETF华夏
2022-05-27,3.818,3.808,3.864,3.79,1200228.0,510330,sh,沪深300ETF华夏
2022-05-30,3.827,3.83,3.85,3.813,1062118.0,510330,sh,沪深300ETF华夏
2022-05-31,3.83,3.894,3.909,3.823,986974.0,510330,sh,沪深300ETF华夏
2022-06-01,3.896,3.889,3.903,3.865,1267338.0,510330,sh,沪深300ETF华夏
2022-06-02,3.882,3.9,3.906,3.866,894231.0,510330,sh,沪深300ETF华夏
2022-06-06,3.898,3.977,3.979,3.868,1378012.0,510330,sh,沪深300ETF华夏
2022-06-07,3.976,3.985,4.008,3.958,1464581.0,510330,sh,沪深300ETF华夏
2022-06-08,3.989,4.028,4.033,3.969,2103739.0,510330,sh,沪深300ETF华夏
2022-06-09,4.014,3.993,4.038,3.978,827928.0,510330,sh,沪深300ETF华夏
2022-06-10,3.962,4.051,4.065,3.962,1509245.0,510330,sh,沪深300ETF华夏
2022-06-13,4.034,4.004,4.034,3.975,1820536.0,510330,sh,沪深300ETF华夏
2022-06-14,3.964,4.045,4.047,3.919,1336094.0,510330,sh,沪深300ETF华夏
2022-06-15,4.042,4.091,4.172,4.042,2204789.0,510330,sh,沪深300ETF华夏
2022-06-16,4.094,4.064,4.124,4.057,2164930.0,510330,sh,沪深300ETF华夏
2022-06-17,4.034,4.131,4.143,4.034,1328579.0,510330,sh,沪深300ETF华夏
2022-06-20,4.132,4.148,4.196,4.115,1474913.0,510330,sh,沪深300ETF华夏
2022-06-21,4.149,4.151,4.185,4.111,1198494.0,510330,sh,沪深300ETF华夏
2022-06-22,4.148,4.098,4.152,4.093,942819.0,510330,sh,沪深300ETF华夏
2022-06-23,4.092,4.171,4.174,4.092,1118825.0,510330,sh,沪深300ETF华夏
2022-06-24,4.171,4.221,4.235,4.171,1052239.0,510330,sh,沪深300ETF华夏
2022-06-27,4.228,4.27,4.307,4.228,1416928.0,510330,sh,沪深300ETF华夏
2022-06-28,4.272,4.323,4.333,4.239,1170118.0,510330,sh,沪深300ETF华夏
2022-06-29,4.304,4.268,4.336,4.25,1574427.0,510330,sh,沪深300ETF华夏
2022-06-30,4.289,4.317,4.353,4.268,1299699.0,510330,sh,沪深300ETF华夏
2022-07-01,4.33,4.302,4.332,4.281,987509.0,510330,sh,沪深300ETF华夏
2022-07-04,4.296,4.329,4.332,4.257,1077996.0,510330,sh,沪深300ETF华夏
2022-07-05,4.337,4.32,4.373,4.271,884951.0,510330,sh,沪深300ETF华夏
2022-07-06,4.318,4.261,4.32,4.235,788142.0,510330,sh,沪深300ETF华夏
2022-07-07,4.266,4.277,4.297,4.231,709211.0,510330,sh,沪深300ETF华夏
2022-07-08,4.292,4.27,4.322,4.266,603291.0,510330,sh,沪深300ETF华夏
2022-07-11,4.263,4.197,4.263,4.178,867256.0,510330,sh,沪深300ETF华夏
2022-07-12,4.195,4.161,4.216,4.146,699832.0,510330,sh,沪深300ETF华夏
2022-07-13,4.166,4.167,4.188,4.134,1173148.0,510330,sh,沪深300ETF华夏
2022-07-14,4.17,4.17,4.197,4.138,1249482.0,510330,sh,沪深300ETF华夏
2022-07-15,4.163,4.112,4.209,4.103,1248180.0,510330,sh,沪深300ETF华夏
2022-07-18,4.114,4.148,4.164,4.076,1182706.0,510330,sh,沪深300ETF华夏
2022-07-19,4.143,4.128,4.147,4.094,831706.0,510330,sh,沪深300ETF华夏
2022-07-20,4.149,4.139,4.166,4.124,967529.0,510330,sh,沪深300ETF华夏
2022-07-21,4.128,4.095,4.147,4.094,822476.0,510330,sh,沪深300ETF华夏
2022-07-22,4.101,4.096,4.145,4.066,1046524.0,510330,sh,沪深300ETF华夏
2022-07-25,4.092,4.078,4.094,4.061,786832.0,510330,sh,沪深300ETF华夏
2022-07-26,4.083,4.106,4.127,4.081,925206.0,510330,sh,沪深300ETF华夏
2022-07-27,4.097,4.085,4.104,4.077,718321.0,510330,sh,沪深300ETF华夏
2022-07-28,4.114,4.089,4.139,4.083,846523.0,510330,sh,沪深300ETF华夏
2022-07-29,4.096,4.027,4.113,4.02,1178469.0,510330,sh,沪深300ETF华夏
2022-08-01,4.018,4.049,4.059,3.989,859049.0,510330,sh,沪深300ETF华夏
2022-08-02,4.025,3.975,4.027,3.938,1061490.0,510330,sh,沪深300ETF华夏
2022-08-03,3.981,3.929,4.02,3.92,864231.0,510330,sh,沪深300ETF华夏
2022-08-04,3.943,3.961,3.97,3.931,682286.0,510330,sh,沪深300ETF华夏
2022-08-05,3.962,4.024,4.033,3.962,924785.0,510330,sh,沪深300ETF华夏
2022-08-08,4.012,4.014,4.025,3.998,890257.0,510330,sh,沪深300ETF华夏
2022-08-09,4.012,4.02,4.029,3.998,824529.0,510330,sh,沪深300ETF华夏
2022-08-10,4.019,3.975,4.025,3.956,766653.0,510330,sh,沪深300ETF华夏
2022-08-11,3.991,4.063,4.067,3.986,701276.0,510330,sh,沪深300ETF华夏
2022-08-12,4.05,4.063,4.073,4.019,614726.0,510330,sh,沪深300ETF华夏
2022-08-15,4.047,4.053,4.094,4.037,677005.0,510330,sh,沪深300ETF华夏
2022-08-16,4.056,4.042,4.082,4.036,639234.0,510330,sh,沪深300ETF华夏
2022-08-17,4.042,4.084,4.098,4.021,697092.0,510330,sh,沪深300ETF华夏
2022-08-18,4.079,4.049,4.083,4.04,695691.0,510330,sh,沪深300ETF华夏
2022-08-19,4.052,4.02,4.06,4.017,707456.0,510330,sh,沪深300ETF华夏
2022-08-22,4.014,4.046,4.058,4.006,874682.0,510330,sh,沪深300ETF华夏
2022-08-23,4.045,4.033,4.064,4.014,713004.0,510330,sh,沪深300ETF华夏
2022-08-24,4.041,3.961,4.049,3.945,890365.0,510330,sh,沪深300ETF华夏
2022-08-25,3.975,3.99,3.995,3.932,856034.0,510330,sh,沪深300ETF华夏
2022-08-26,4.001,3.986,4.012,3.978,644539.0,510330,sh,沪深300ETF华夏
2022-08-29,3.92,3.96,3.971,3.92,834372.0,510330,sh,沪深300ETF华夏
2022-08-30,3.967,3.953,3.967,3.915,854148.0,510330,sh,沪深300ETF华夏
2022-08-31,3.931,3.948,3.992,3.923,1145501.0,510330,sh,沪深300ETF华夏
2022-09-01,3.948,3.917,3.963,3.908,943281.0,510330,sh,沪深300ETF华夏
2022-09-02,3.926,3.896,3.928,3.875,869809.0,510330,sh,沪深300ETF华夏
2022-09-05,3.885,3.89,3.892,3.85,762636.0,510330,sh,沪深300ETF华夏
2022-09-06,3.894,3.922,3.926,3.882,725758.0,510330,sh,沪深300ETF华夏
2022-09-07,3.918,3.929,3.94,3.905,610784.0,510330,sh,沪深300ETF华夏
2022-09-08,3.943,3.912,3.943,3.91,726906.0,510330,sh,沪深300ETF华夏
2022-09-09,3.932,3.968,3.976,3.92,1111329.0,510330,sh,沪深300ETF华夏
2022-09-13,3.984,3.98,4.005,3.973,750985.0,510330,sh,沪深300ETF华夏
2022-09-14,3.952,3.938,3.964,3.923,1026511.0,510330,sh,沪深300ETF华夏
2022-09-15,3.939,3.902,3.956,3.874,1021929.0,510330,sh,沪深300ETF华夏
2022-09-16,3.884,3.811,3.899,3.809,1299039.0,510330,sh,沪深300ETF华夏
2022-09-19,3.81,3.799,3.829,3.783,1019872.0,510330,sh,沪深300ETF华夏
2022-09-20,3.82,3.799,3.83,3.789,654583.0,510330,sh,沪深300ETF华夏
2022-09-21,3.78,3.771,3.799,3.753,783863.0,510330,sh,沪深300ETF华夏
2022-09-22,3.753,3.742,3.773,3.727,743543.0,510330,sh,沪深300ETF华夏
2022-09-23,3.744,3.731,3.761,3.701,1083919.0,510330,sh,沪深300ETF华夏
2022-09-26,3.703,3.705,3.768,3.701,1441148.0,510330,sh,沪深300ETF华夏
2022-09-27,3.713,3.757,3.765,3.702,1123071.0,510330,sh,沪深300ETF华夏
2022-09-28,3.745,3.7,3.745,3.699,1124206.0,510330,sh,沪深300ETF华夏
2022-09-29,3.722,3.702,3.747,3.681,1342172.0,510330,sh,沪深300ETF华夏
2022-09-30,3.702,3.674,3.721,3.67,1046934.0,510330,sh,沪深300ETF华夏
2022-10-10,3.679,3.59,3.681,3.58,947456.0,510330,sh,沪深300ETF华夏
2022-10-11,3.593,3.594,3.609,3.578,870094.0,510330,sh,沪深300ETF华夏
2022-10-12,3.598,3.651,3.653,3.525,987443.0,510330,sh,沪深300ETF华夏
2022-10-13,3.614,3.623,3.653,3.613,823007.0,510330,sh,沪深300ETF华夏
2022-10-14,3.656,3.712,3.733,3.653,927227.0,510330,sh,沪深300ETF华夏
2022-10-17,3.708,3.71,3.722,3.679,1293791.0,510330,sh,沪深300ETF华夏
2022-10-18,3.729,3.71,3.738,3.697,775131.0,510330,sh,沪深300ETF华夏
2022-10-19,3.708,3.641,3.713,3.639,1056954.0,510330,sh,沪深300ETF华夏
2022-10-20,3.623,3.629,3.681,3.597,919151.0,510330,sh,沪深300ETF华夏
2022-10-21,3.642,3.608,3.642,3.59,728833.0,510330,sh,沪深300ETF华夏
2022-10-24,3.61,3.511,3.638,3.492,1199199.0,510330,sh,沪深300ETF华夏
2022-10-25,3.503,3.49,3.544,3.465,1083464.0,510330,sh,沪深300ETF华夏
2022-10-26,3.493,3.521,3.574,3.493,904261.0,510330,sh,沪深300ETF华夏
2022-10-27,3.551,3.497,3.556,3.495,777819.0,510330,sh,沪深300ETF华夏
2022-10-28,3.476,3.409,3.488,3.399,1056748.0,510330,sh,沪深300ETF华夏
2022-10-31,3.404,3.373,3.42,3.356,1339535.0,510330,sh,沪深300ETF华夏
2022-11-01,3.386,3.505,3.507,3.385,1199427.0,510330,sh,沪深300ETF华夏
2022-11-02,3.508,3.545,3.573,3.481,1421937.0,510330,sh,沪深300ETF华夏
2022-11-03,3.528,3.514,3.539,3.5,874834.0,510330,sh,沪深300ETF华夏
2022-11-04,3.516,3.64,3.656,3.516,1242333.0,510330,sh,沪深300ETF华夏
2022-11-07,3.624,3.642,3.662,3.619,876384.0,510330,sh,沪深300ETF华夏
2022-11-08,3.64,3.618,3.65,3.593,793452.0,510330,sh,沪深300ETF华夏
2022-11-09,3.618,3.578,3.632,3.574,668325.0,510330,sh,沪深300ETF华夏
2022-11-10,3.564,3.556,3.573,3.536,709247.0,510330,sh,沪深300ETF华夏
2022-11-11,3.649,3.654,3.705,3.616,1248923.0,510330,sh,沪深300ETF华夏
2022-11-14,3.689,3.659,3.721,3.646,982619.0,510330,sh,沪深300ETF华夏
2022-11-15,3.65,3.734,3.742,3.644,962064.0,510330,sh,沪深300ETF华夏
2022-11-16,3.721,3.702,3.746,3.695,1209857.0,510330,sh,沪深300ETF华夏
2022-11-17,3.699,3.685,3.699,3.643,871674.0,510330,sh,沪深300ETF华夏
2022-11-18,3.689,3.674,3.712,3.669,1006842.0,510330,sh,沪深300ETF华夏
2022-11-21,3.649,3.642,3.649,3.599,808677.0,510330,sh,沪深300ETF华夏
2022-11-22,3.629,3.641,3.681,3.617,1414886.0,510330,sh,沪深300ETF华夏
2022-11-23,3.634,3.641,3.666,3.626,1588256.0,510330,sh,沪深300ETF华夏
2022-11-24,3.659,3.624,3.678,3.618,754278.0,510330,sh,沪深300ETF华夏
2022-11-25,3.624,3.644,3.662,3.614,779819.0,510330,sh,沪深300ETF华夏
2022-11-28,3.599,3.6,3.609,3.537,1350092.0,510330,sh,沪深300ETF华夏
2022-11-29,3.616,3.72,3.726,3.615,991511.0,510330,sh,沪深300ETF华夏
2022-11-30,3.709,3.719,3.736,3.703,1008285.0,510330,sh,沪深300ETF华夏
2022-12-01,3.785,3.764,3.822,3.763,1142139.0,510330,sh,沪深300ETF华夏
2022-12-02,3.76,3.74,3.773,3.739,1539465.0,510330,sh,沪深300ETF华夏
2022-12-05,3.793,3.813,3.817,3.766,1220875.0,510330,sh,沪深300ETF华夏
2022-12-06,3.804,3.836,3.863,3.79,1273979.0,510330,sh,沪深300ETF华夏
2022-12-07,3.834,3.828,3.878,3.815,1679436.0,510330,sh,沪深300ETF华夏
2022-12-08,3.827,3.835,3.846,3.814,1353378.0,510330,sh,沪深300ETF华夏
2022-12-09,3.835,3.869,3.88,3.818,1604366.0,510330,sh,沪深300ETF华夏
2022-12-12,3.864,3.824,3.864,3.816,2397944.0,510330,sh,沪深300ETF华夏
2022-12-13,3.827,3.812,3.834,3.806,769621.0,510330,sh,沪深300ETF华夏
2022-12-14,3.814,3.828,3.841,3.802,1670471.0,510330,sh,沪深300ETF华夏
2022-12-15,3.824,3.822,3.841,3.801,831944.0,510330,sh,沪深300ETF华夏
2022-12-16,3.811,3.826,3.837,3.802,1021998.0,510330,sh,沪深300ETF华夏
2022-12-19,3.837,3.768,3.843,3.751,1241365.0,510330,sh,沪深300ETF华夏
2022-12-20,3.755,3.705,3.758,3.682,1329701.0,510330,sh,沪深300ETF华夏
2022-12-21,3.707,3.701,3.722,3.692,887421.0,510330,sh,沪深300ETF华夏
2022-12-22,3.722,3.709,3.753,3.693,1088776.0,510330,sh,沪深300ETF华夏
2022-12-23,3.703,3.7,3.722,3.679,894948.0,510330,sh,沪深300ETF华夏
2022-12-26,3.708,3.713,3.731,3.701,1183447.0,510330,sh,沪深300ETF华夏
2022-12-27,3.737,3.76,3.768,3.729,1369510.0,510330,sh,沪深300ETF华夏
2022-12-28,3.741,3.745,3.762,3.73,1696090.0,510330,sh,沪深300ETF华夏
2022-12-29,3.733,3.733,3.746,3.709,1857990.0,510330,sh,沪深300ETF华夏
2022-12-30,3.748,3.75,3.763,3.745,1512186.0,510330,sh,沪深300ETF华夏
2023-01-03,3.747,3.758,3.771,3.703,1198621.0,510330,sh,沪深300ETF华夏
2023-01-04,3.756,3.769,3.776,3.747,1007537.0,510330,sh,沪深300ETF华夏
2023-01-05,3.782,3.839,3.845,3.776,941393.0,510330,sh,沪深300ETF华夏
2023-01-06,3.839,3.855,3.874,3.838,1350851.0,510330,sh,沪深300ETF华夏
2023-01-09,3.873,3.888,3.901,3.866,1256781.0,510330,sh,沪深300ETF华夏
2023-01-10,3.887,3.89,3.907,3.879,1060698.0,510330,sh,沪深300ETF华夏
2023-01-11,3.883,3.889,3.922,3.883,1008670.0,510330,sh,沪深300ETF华夏
2023-01-12,3.889,3.894,3.907,3.881,1985090.0,510330,sh,沪深300ETF华夏
2023-01-13,3.899,3.956,3.957,3.899,1315306.0,510330,sh,沪深300ETF华夏
2023-01-16,3.959,4.012,4.057,3.959,1566876.0,510330,sh,沪深300ETF华夏
2023-01-17,4.015,4.013,4.028,3.997,1473201.0,510330,sh,沪深300ETF华夏
2023-01-18,4.013,4.004,4.024,3.999,1395650.0,510330,sh,沪深300ETF华夏
2023-01-19,4.004,4.028,4.031,3.976,1196114.0,510330,sh,沪深300ETF华夏
2023-01-20,4.039,4.053,4.067,4.036,805723.0,510330,sh,沪深300ETF华夏
2023-01-30,4.127,4.077,4.139,4.071,1497661.0,510330,sh,沪深300ETF华夏
2023-01-31,4.079,4.028,4.091,4.026,1224293.0,510330,sh,沪深300ETF华夏
2023-02-01,4.04,4.064,4.067,4.008,1301737.0,510330,sh,沪深300ETF华夏
2023-02-02,4.074,4.056,4.074,4.039,1199380.0,510330,sh,沪深300ETF华夏
2023-02-03,4.041,4.02,4.041,3.975,1483636.0,510330,sh,沪深300ETF华夏
2023-02-06,3.985,3.952,3.985,3.934,3007585.0,510330,sh,沪深300ETF华夏
2023-02-07,3.962,3.967,3.977,3.946,2067605.0,510330,sh,沪深300ETF华夏
2023-02-08,3.967,3.947,3.987,3.941,1553256.0,510330,sh,沪深300ETF华夏
2023-02-09,3.939,4.001,4.007,3.938,1095656.0,510330,sh,沪深300ETF华夏
2023-02-10,4.0,3.978,4.0,3.962,989217.0,510330,sh,沪深300ETF华夏
2023-02-13,3.965,4.012,4.017,3.959,1635883.0,510330,sh,沪深300ETF华夏
2023-02-14,4.014,4.02,4.023,3.994,1005001.0,510330,sh,沪深300ETF华夏
2023-02-15,4.012,3.995,4.031,3.986,822000.0,510330,sh,沪深300ETF华夏
2023-02-16,3.994,3.963,4.046,3.94,1137869.0,510330,sh,沪深300ETF华夏
2023-02-17,3.965,3.904,3.977,3.9,1345990.0,510330,sh,沪深300ETF华夏
2023-02-20,3.908,4.01,4.013,3.904,1047369.0,510330,sh,沪深300ETF华夏
2023-02-21,4.01,4.014,4.028,3.991,1114629.0,510330,sh,沪深300ETF华夏
2023-02-22,3.994,3.975,4.011,3.968,1096625.0,510330,sh,沪深300ETF华夏
2023-02-23,3.982,3.976,4.001,3.956,956940.0,510330,sh,沪深300ETF华夏
2023-02-24,3.978,3.936,3.978,3.917,1083956.0,510330,sh,沪深300ETF华夏
2023-02-27,3.919,3.921,3.941,3.905,600473.0,510330,sh,沪深300ETF华夏
2023-02-28,3.934,3.948,3.952,3.897,980210.0,510330,sh,沪深300ETF华夏
2023-03-01,3.945,3.999,4.012,3.938,1207629.0,510330,sh,沪深300ETF华夏
2023-03-02,4.002,3.994,4.012,3.988,576597.0,510330,sh,沪深300ETF华夏
2023-03-03,4.002,4.001,4.012,3.972,749233.0,510330,sh,沪深300ETF华夏
2023-03-06,4.001,3.976,4.004,3.957,1313840.0,510330,sh,沪深300ETF华夏
2023-03-07,3.977,3.92,3.995,3.916,799355.0,510330,sh,沪深300ETF华夏
2023-03-08,3.909,3.905,3.914,3.885,734936.0,510330,sh,沪深300ETF华夏
2023-03-09,3.909,3.894,3.912,3.87,821852.0,510330,sh,沪深300ETF华夏
2023-03-10,3.874,3.838,3.881,3.835,962254.0,510330,sh,沪深300ETF华夏
2023-03-13,3.838,3.88,3.883,3.835,694514.0,510330,sh,沪深300ETF华夏
2023-03-14,3.874,3.857,3.876,3.821,743535.0,510330,sh,沪深300ETF华夏
2023-03-15,3.872,3.856,3.893,3.855,890895.0,510330,sh,沪深300ETF华夏
2023-03-16,3.83,3.811,3.855,3.805,912194.0,510330,sh,沪深300ETF华夏
2023-03-17,3.834,3.833,3.882,3.814,1551591.0,510330,sh,沪深300ETF华夏
2023-03-20,3.831,3.811,3.853,3.804,1637338.0,510330,sh,沪深300ETF华夏
2023-03-21,3.823,3.851,3.856,3.819,810483.0,510330,sh,沪深300ETF华夏
2023-03-22,3.859,3.869,3.885,3.855,820348.0,510330,sh,沪深300ETF华夏
2023-03-23,3.856,3.909,3.91,3.856,960272.0,510330,sh,沪深300ETF华夏
2023-03-24,3.909,3.903,3.911,3.891,677825.0,510330,sh,沪深300ETF华夏
2023-03-27,3.902,3.882,3.902,3.861,822559.0,510330,sh,沪深300ETF华夏
2023-03-28,3.879,3.875,3.894,3.871,853524.0,510330,sh,沪深300ETF华夏
2023-03-29,3.891,3.875,3.897,3.867,622791.0,510330,sh,沪深300ETF华夏
2023-03-30,3.879,3.916,3.917,3.858,899457.0,510330,sh,沪深300ETF华夏
2023-03-31,3.914,3.926,3.939,3.914,1542271.0,510330,sh,沪深300ETF华夏
2023-04-03,3.936,3.957,3.967,3.927,925763.0,510330,sh,沪深300ETF华夏
2023-04-04,3.957,3.976,3.98,3.948,1016908.0,510330,sh,沪深300ETF华夏
2023-04-06,3.949,3.966,3.969,3.949,632085.0,510330,sh,沪深300ETF华夏
2023-04-07,3.96,3.993,4.005,3.96,849005.0,510330,sh,沪深300ETF华夏
2023-04-10,3.997,3.977,4.001,3.974,727422.0,510330,sh,沪深300ETF华夏
2023-04-11,3.98,3.968,3.989,3.955,1140806.0,510330,sh,沪深300ETF华夏
2023-04-12,3.968,3.965,3.975,3.958,589137.0,510330,sh,沪深300ETF华夏
2023-04-13,3.949,3.941,3.962,3.932,717671.0,510330,sh,沪深300ETF华夏
2023-04-14,3.955,3.962,3.971,3.949,523908.0,510330,sh,沪深300ETF华夏
2023-04-17,3.952,4.022,4.023,3.952,1159034.0,510330,sh,沪深300ETF华夏
2023-04-18,4.024,4.029,4.04,4.016,772886.0,510330,sh,沪深300ETF华夏
2023-04-19,4.031,3.995,4.031,3.99,766058.0,510330,sh,沪深300ETF华夏
2023-04-20,3.999,3.979,3.999,3.966,651271.0,510330,sh,沪深300ETF华夏
2023-04-21,3.975,3.908,3.983,3.906,1638095.0,510330,sh,沪深300ETF华夏
2023-04-24,3.908,3.857,3.909,3.839,813159.0,510330,sh,沪深300ETF华夏
2023-04-25,3.867,3.838,3.867,3.802,1191811.0,510330,sh,沪深300ETF华夏
2023-04-26,3.829,3.828,3.846,3.812,814114.0,510330,sh,沪深300ETF华夏
2023-04-27,3.828,3.862,3.878,3.818,659675.0,510330,sh,沪深300ETF华夏
2023-04-28,3.871,3.902,3.907,3.87,1042693.0,510330,sh,沪深300ETF华夏
2023-05-04,3.874,3.902,3.906,3.872,554900.0,510330,sh,沪深300ETF华夏
2023-05-05,3.903,3.888,3.915,3.868,445862.0,510330,sh,沪深300ETF华夏
2023-05-08,3.897,3.931,3.94,3.889,528639.0,510330,sh,沪深300ETF华夏
2023-05-09,3.931,3.897,3.961,3.895,1502784.0,510330,sh,沪深300ETF华夏
2023-05-10,3.893,3.864,3.895,3.858,729402.0,510330,sh,沪深300ETF华夏
2023-05-11,3.869,3.86,3.885,3.857,473479.0,510330,sh,沪深300ETF华夏
2023-05-12,3.86,3.808,3.872,3.807,1101378.0,510330,sh,沪深300ETF华夏
2023-05-15,3.809,3.871,3.873,3.8,651906.0,510330,sh,沪深300ETF华夏
2023-05-16,3.871,3.855,3.877,3.841,355231.0,510330,sh,沪深300ETF华夏
2023-05-17,3.849,3.83,3.86,3.819,661798.0,510330,sh,沪深300ETF华夏
2023-05-18,3.834,3.827,3.855,3.808,736376.0,510330,sh,沪深300ETF华夏
2023-05-19,3.822,3.821,3.843,3.8,579121.0,510330,sh,沪深300ETF华夏
2023-05-22,3.82,3.842,3.865,3.808,648852.0,510330,sh,沪深300ETF华夏
2023-05-23,3.844,3.785,3.85,3.784,594602.0,510330,sh,沪深300ETF华夏
2023-05-24,3.782,3.736,3.804,3.733,726894.0,510330,sh,沪深300ETF华夏
2023-05-25,3.737,3.723,3.744,3.691,737923.0,510330,sh,沪深300ETF华夏
2023-05-26,3.717,3.725,3.738,3.691,809430.0,510330,sh,沪深300ETF华夏
2023-05-29,3.732,3.712,3.748,3.694,620129.0,510330,sh,沪深300ETF华夏
2023-05-30,3.708,3.713,3.722,3.664,839248.0,510330,sh,沪深300ETF华夏
2023-05-31,3.708,3.679,3.709,3.662,935749.0,510330,sh,沪深300ETF华夏
2023-06-01,3.678,3.686,3.718,3.672,810744.0,510330,sh,沪深300ETF华夏
2023-06-02,3.701,3.741,3.751,3.701,1021894.0,510330,sh,沪深300ETF华夏
2023-06-05,3.742,3.723,3.742,3.71,677283.0,510330,sh,沪深300ETF华夏
2023-06-06,3.721,3.685,3.751,3.68,1416627.0,510330,sh,沪深300ETF华夏
2023-06-07,3.69,3.674,3.705,3.661,742270.0,510330,sh,沪深300ETF华夏
2023-06-08,3.674,3.704,3.72,3.662,743951.0,510330,sh,沪深300ETF华夏
2023-06-09,3.71,3.721,3.723,3.698,963000.0,510330,sh,沪深300ETF华夏
2023-06-12,3.721,3.725,3.748,3.704,840014.0,510330,sh,沪深300ETF华夏
2023-06-13,3.719,3.75,3.754,3.716,1274703.0,510330,sh,沪深300ETF华夏
2023-06-14,3.752,3.753,3.78,3.752,844876.0,510330,sh,沪深300ETF华夏
2023-06-15,3.762,3.817,3.818,3.762,784551.0,510330,sh,沪深300ETF华夏
2023-06-16,3.821,3.854,3.866,3.821,648653.0,510330,sh,沪深300ETF华夏
2023-06-19,3.856,3.826,3.856,3.818,1697004.0,510330,sh,沪深300ETF华夏
2023-06-20,3.822,3.819,3.836,3.814,1269784.0,510330,sh,沪深300ETF华夏
2023-06-21,3.819,3.763,3.819,3.762,829542.0,510330,sh,沪深300ETF华夏
2023-06-26,3.754,3.721,3.76,3.709,920780.0,510330,sh,沪深300ETF华夏
2023-06-27,3.724,3.747,3.755,3.711,567435.0,510330,sh,沪深300ETF华夏
2023-06-28,3.744,3.754,3.755,3.713,896462.0,510330,sh,沪深300ETF华夏
2023-06-29,3.753,3.739,3.754,3.725,586485.0,510330,sh,沪深300ETF华夏
2023-06-30,3.735,3.76,3.779,3.733,639594.0,510330,sh,沪深300ETF华夏
2023-07-03,3.766,3.805,3.816,3.764,592770.0,510330,sh,沪深300ETF华夏
2023-07-04,3.804,3.817,3.819,3.797,1271319.0,510330,sh,沪深300ETF华夏
2023-07-05,3.815,3.783,3.816,3.778,604876.0,510330,sh,沪深300ETF华夏
2023-07-06,3.78,3.757,3.797,3.751,948475.0,510330,sh,沪深300ETF华夏
2023-07-07,3.748,3.744,3.76,3.736,503978.0,510330,sh,沪深300ETF华夏
2023-07-10,3.766,3.763,3.785,3.749,560577.0,510330,sh,沪深300ETF华夏
2023-07-11,3.769,3.788,3.793,3.765,743995.0,510330,sh,沪深300ETF华夏
2023-07-12,3.792,3.767,3.798,3.759,534518.0,510330,sh,沪深300ETF华夏
2023-07-13,3.789,3.831,3.835,3.784,895312.0,510330,sh,沪深300ETF华夏
2023-07-14,3.835,3.83,3.842,3.828,755545.0,510330,sh,沪深300ETF华夏
2023-07-17,3.819,3.802,3.826,3.786,726077.0,510330,sh,沪深300ETF华夏
2023-07-18,3.804,3.796,3.811,3.783,772073.0,510330,sh,沪深300ETF华夏
2023-07-19,3.789,3.794,3.802,3.774,828401.0,510330,sh,沪深300ETF华夏
2023-07-20,3.794,3.765,3.819,3.76,1249401.0,510330,sh,沪深300ETF华夏
2023-07-21,3.764,3.769,3.795,3.754,1075187.0,510330,sh,沪深300ETF华夏
2023-07-24,3.756,3.751,3.775,3.744,841276.0,510330,sh,沪深300ETF华夏
2023-07-25,3.792,3.862,3.863,3.792,1203396.0,510330,sh,沪深300ETF华夏
2023-07-26,3.855,3.854,3.861,3.84,1313857.0,510330,sh,沪深300ETF华夏
2023-07-27,3.862,3.849,3.876,3.837,1024590.0,510330,sh,沪深300ETF华夏
2023-07-28,3.832,3.947,3.955,3.831,2758550.0,510330,sh,沪深300ETF华夏
2023-07-31,3.966,3.962,4.019,3.955,2600095.0,510330,sh,沪深300ETF华夏
2023-08-01,3.957,3.947,3.983,3.934,1791077.0,510330,sh,沪深300ETF华夏
2023-08-02,3.943,3.917,3.959,3.907,1589643.0,510330,sh,沪深300ETF华夏
2023-08-03,3.912,3.952,3.952,3.906,1862076.0,510330,sh,沪深300ETF华夏
2023-08-04,3.999,3.97,4.012,3.961,3668070.0,510330,sh,沪深300ETF华夏
2023-08-07,3.961,3.942,3.963,3.929,3383104.0,510330,sh,沪深300ETF华夏
2023-08-08,3.924,3.928,3.953,3.914,3142713.0,510330,sh,沪深300ETF华夏
2023-08-09,3.919,3.918,3.935,3.915,3752215.0,510330,sh,沪深300ETF华夏
2023-08-10,3.918,3.924,3.929,3.894,3478966.0,510330,sh,沪深300ETF华夏
2023-08-11,3.93,3.827,3.934,3.826,3116922.0,510330,sh,沪深300ETF华夏
2023-08-14,3.798,3.802,3.81,3.762,3096627.0,510330,sh,沪深300ETF华夏
2023-08-15,3.798,3.797,3.814,3.758,2373082.0,510330,sh,沪深300ETF华夏
2023-08-16,3.785,3.767,3.799,3.766,2735385.0,510330,sh,沪深300ETF华夏
2023-08-17,3.745,3.781,3.787,3.734,3227686.0,510330,sh,沪深300ETF华夏
2023-08-18,3.78,3.73,3.793,3.729,2499320.0,510330,sh,沪深300ETF华夏
2023-08-21,3.729,3.674,3.733,3.673,1857192.0,510330,sh,沪深300ETF华夏
2023-08-22,3.689,3.703,3.716,3.65,2481120.0,510330,sh,沪深300ETF华夏
2023-08-23,3.687,3.646,3.7,3.636,2234850.0,510330,sh,沪深300ETF华夏
2023-08-24,3.659,3.668,3.697,3.65,1796162.0,510330,sh,沪深300ETF华夏
2023-08-25,3.664,3.659,3.686,3.644,2861311.0,510330,sh,沪深300ETF华夏
2023-08-28,3.875,3.7,3.962,3.688,4694112.0,510330,sh,沪深300ETF华夏
2023-08-29,3.702,3.736,3.764,3.698,4514547.0,510330,sh,沪深300ETF华夏
2023-08-30,3.738,3.737,3.763,3.727,2382391.0,510330,sh,沪深300ETF华夏
2023-08-31,3.734,3.718,3.744,3.709,2580848.0,510330,sh,沪深300ETF华夏
2023-09-01,3.73,3.741,3.759,3.728,2028335.0,510330,sh,沪深300ETF华夏
2023-09-04,3.763,3.803,3.81,3.753,2101339.0,510330,sh,沪深300ETF华夏
2023-09-05,3.792,3.774,3.794,3.763,1758352.0,510330,sh,沪深300ETF华夏
2023-09-06,3.761,3.763,3.772,3.744,1655629.0,510330,sh,沪深300ETF华夏
2023-09-07,3.757,3.707,3.757,3.703,2169789.0,510330,sh,沪深300ETF华夏
2023-09-08,3.702,3.688,3.705,3.674,2175876.0,510330,sh,沪深300ETF华夏
2023-09-11,3.688,3.717,3.739,3.681,2040522.0,510330,sh,沪深300ETF华夏
2023-09-12,3.714,3.713,3.726,3.694,1503675.0,510330,sh,沪深300ETF华夏
2023-09-13,3.713,3.687,3.72,3.665,2334497.0,510330,sh,沪深300ETF华夏
2023-09-14,3.683,3.685,3.695,3.663,2259006.0,510330,sh,沪深300ETF华夏
2023-09-15,3.693,3.666,3.696,3.65,2385135.0,510330,sh,沪深300ETF华夏
2023-09-18,3.659,3.679,3.692,3.643,2006398.0,510330,sh,沪深300ETF华夏
2023-09-19,3.677,3.673,3.677,3.651,1360490.0,510330,sh,沪深300ETF华夏
2023-09-20,3.664,3.656,3.672,3.654,1589127.0,510330,sh,沪深300ETF华夏
2023-09-21,3.653,3.62,3.66,3.62,2374431.0,510330,sh,沪深300ETF华夏
2023-09-22,3.612,3.697,3.698,3.612,2984268.0,510330,sh,沪深300ETF华夏
2023-09-25,3.685,3.668,3.692,3.66,1682678.0,510330,sh,沪深300ETF华夏
2023-09-26,3.666,3.648,3.674,3.645,2549626.0,510330,sh,沪深300ETF华夏
2023-09-27,3.642,3.656,3.683,3.642,2208739.0,510330,sh,沪深300ETF华夏
2023-09-28,3.664,3.64,3.668,3.634,2121541.0,510330,sh,沪深300ETF华夏
2023-10-09,3.639,3.634,3.646,3.59,2243148.0,510330,sh,沪深300ETF华夏
2023-10-10,3.644,3.604,3.656,3.601,1597105.0,510330,sh,沪深300ETF华夏
2023-10-11,3.622,3.613,3.64,3.606,1661580.0,510330,sh,沪深300ETF华夏
2023-10-12,3.636,3.649,3.662,3.629,1701364.0,510330,sh,沪深300ETF华夏
2023-10-13,3.624,3.613,3.634,3.603,1847604.0,510330,sh,沪深300ETF华夏
2023-10-16,3.614,3.572,3.616,3.562,2006722.0,510330,sh,沪深300ETF华夏
2023-10-17,3.579,3.583,3.59,3.565,1801443.0,510330,sh,沪深300ETF华夏
2023-10-18,3.577,3.553,3.581,3.552,1847548.0,510330,sh,沪深300ETF华夏
2023-10-19,3.539,3.477,3.542,3.475,3224231.0,510330,sh,沪深300ETF华夏
2023-10-20,3.469,3.461,3.478,3.442,3280729.0,510330,sh,沪深300ETF华夏
2023-10-23,3.45,3.416,3.45,3.39,2506868.0,510330,sh,沪深300ETF华夏
2023-10-24,3.429,3.431,3.442,3.397,3064761.0,510330,sh,沪深300ETF华夏
2023-10-25,3.469,3.449,3.481,3.446,2362001.0,510330,sh,沪深300ETF华夏
2023-10-26,3.439,3.459,3.464,3.425,2075588.0,510330,sh,沪深300ETF华夏
2023-10-27,3.45,3.515,3.527,3.444,2505749.0,510330,sh,沪深300ETF华夏
2023-10-30,3.503,3.534,3.545,3.501,2050735.0,510330,sh,沪深300ETF华夏
2023-10-31,3.534,3.522,3.535,3.501,1267135.0,510330,sh,沪深300ETF华夏
2023-11-01,3.549,3.52,3.551,3.509,1596254.0,510330,sh,沪深300ETF华夏
2023-11-02,3.526,3.504,3.546,3.502,1258691.0,510330,sh,沪深300ETF华夏
2023-11-03,3.505,3.532,3.546,3.505,1516628.0,510330,sh,沪深300ETF华夏
2023-11-06,3.551,3.582,3.584,3.549,3282323.0,510330,sh,沪深300ETF华夏
2023-11-07,3.574,3.57,3.58,3.555,1630084.0,510330,sh,沪深300ETF华夏
2023-11-08,3.558,3.56,3.576,3.538,1622648.0,510330,sh,沪深300ETF华夏
2023-11-09,3.549,3.563,3.575,3.548,1368735.0,510330,sh,沪深300ETF华夏
2023-11-10,3.553,3.534,3.553,3.523,1415365.0,510330,sh,沪深300ETF华夏
2023-11-13,3.54,3.528,3.546,3.51,1287095.0,510330,sh,沪深300ETF华夏
2023-11-14,3.529,3.529,3.548,3.514,1632613.0,510330,sh,沪深300ETF华夏
2023-11-15,3.562,3.554,3.57,3.542,1630135.0,510330,sh,沪深300ETF华夏
2023-11-16,3.553,3.518,3.554,3.516,1546293.0,510330,sh,沪深300ETF华夏
2023-11-17,3.509,3.513,3.518,3.493,3293391.0,510330,sh,沪深300ETF华夏
2023-11-20,3.516,3.523,3.537,3.49,1506950.0,510330,sh,沪深300ETF华夏
2023-11-21,3.533,3.529,3.565,3.52,1789123.0,510330,sh,沪深300ETF华夏
2023-11-22,3.515,3.489,3.524,3.487,1474439.0,510330,sh,沪深300ETF华夏
2023-11-23,3.485,3.509,3.51,3.474,2279120.0,510330,sh,沪深300ETF华夏
2023-11-24,3.503,3.484,3.503,3.478,2017174.0,510330,sh,沪深300ETF华夏
2023-11-27,3.484,3.46,3.484,3.435,1688387.0,510330,sh,沪深300ETF华夏
2023-11-28,3.454,3.463,3.466,3.444,1596988.0,510330,sh,沪深300ETF华夏
2023-11-29,3.463,3.436,3.465,3.424,1435418.0,510330,sh,沪深300ETF华夏
2023-11-30,3.432,3.441,3.451,3.425,1447622.0,510330,sh,沪深300ETF华夏
2023-12-01,3.438,3.428,3.44,3.397,5325087.0,510330,sh,沪深300ETF华夏
2023-12-04,3.43,3.403,3.433,3.402,1404099.0,510330,sh,沪深300ETF华夏
2023-12-05,3.396,3.337,3.398,3.335,2221244.0,510330,sh,沪深300ETF华夏
2023-12-06,3.334,3.341,3.362,3.322,1806837.0,510330,sh,沪深300ETF华夏
2023-12-07,3.34,3.335,3.351,3.312,1609002.0,510330,sh,沪深300ETF华夏
2023-12-08,3.336,3.343,3.354,3.329,1342190.0,510330,sh,沪深300ETF华夏
2023-12-11,3.327,3.37,3.379,3.294,1715721.0,510330,sh,沪深300ETF华夏
2023-12-12,3.354,3.374,3.376,3.35,1586402.0,510330,sh,沪深300ETF华夏
2023-12-13,3.362,3.316,3.369,3.311,1617342.0,510330,sh,沪深300ETF华夏
2023-12-14,3.329,3.301,3.346,3.295,1479637.0,510330,sh,沪深300ETF华夏
2023-12-15,3.308,3.293,3.335,3.283,1681833.0,510330,sh,沪深300ETF华夏
2023-12-18,3.282,3.277,3.298,3.258,2066455.0,510330,sh,沪深300ETF华夏
2023-12-19,3.272,3.282,3.294,3.259,2375974.0,510330,sh,沪深300ETF华夏
2023-12-20,3.287,3.248,3.29,3.246,2169657.0,510330,sh,沪深300ETF华夏
2023-12-21,3.239,3.28,3.29,3.236,3797471.0,510330,sh,沪深300ETF华夏
2023-12-22,3.277,3.286,3.311,3.262,4266028.0,510330,sh,沪深300ETF华夏
2023-12-25,3.285,3.295,3.3,3.282,2045296.0,510330,sh,沪深300ETF华夏
2023-12-26,3.297,3.275,3.297,3.263,3055447.0,510330,sh,沪深300ETF华夏
2023-12-27,3.275,3.284,3.292,3.258,1838087.0,510330,sh,沪深300ETF华夏
2023-12-28,3.284,3.368,3.377,3.282,5834731.0,510330,sh,沪深300ETF华夏
2023-12-29,3.371,3.38,3.386,3.363,5691898.0,510330,sh,沪深300ETF华夏
2024-01-02,3.384,3.332,3.386,3.332,2508455.0,510330,sh,沪深300ETF华夏
2024-01-03,3.325,3.324,3.342,3.31,2343308.0,510330,sh,沪深300ETF华夏
2024-01-04,3.322,3.297,3.323,3.268,6940084.0,510330,sh,沪深300ETF华夏
2024-01-05,3.289,3.277,3.321,3.262,2336470.0,510330,sh,沪深300ETF华夏
2024-01-08,3.272,3.228,3.283,3.225,5866651.0,510330,sh,沪深300ETF华夏
2024-01-09,3.23,3.237,3.252,3.219,7328174.0,510330,sh,沪深300ETF华夏
2024-01-10,3.235,3.221,3.262,3.213,2693065.0,510330,sh,沪深300ETF华夏
2024-01-11,3.223,3.243,3.26,3.214,2215592.0,510330,sh,沪深300ETF华夏
2024-01-12,3.233,3.228,3.258,3.225,1637518.0,510330,sh,沪深300ETF华夏
2024-01-15,3.219,3.224,3.254,3.205,1785641.0,510330,sh,沪深300ETF华夏
2024-01-16,3.219,3.245,3.247,3.206,12098555.0,510330,sh,沪深300ETF华夏
2024-01-17,3.237,3.171,3.237,3.166,13461420.0,510330,sh,沪深300ETF华夏
2024-01-18,3.161,3.217,3.23,3.111,13101848.0,510330,sh,沪深300ETF华夏
2024-01-19,3.205,3.225,3.232,3.194,11841550.0,510330,sh,沪深300ETF华夏
2024-01-22,3.219,3.156,3.226,3.133,20235621.0,510330,sh,沪深300ETF华夏
2024-01-23,3.146,3.176,3.197,3.135,3621224.0,510330,sh,沪深300ETF华夏
2024-01-24,3.184,3.222,3.226,3.133,5834736.0,510330,sh,沪深300ETF华夏
2024-01-25,3.222,3.287,3.295,3.215,3784744.0,510330,sh,沪深300ETF华夏
2024-01-26,3.279,3.277,3.299,3.263,3606206.0,510330,sh,沪深300ETF华夏
2024-01-29,3.284,3.252,3.299,3.249,1982960.0,510330,sh,沪深300ETF华夏
2024-01-30,3.225,3.191,3.245,3.188,2435994.0,510330,sh,沪深300ETF华夏
2024-01-31,3.176,3.17,3.199,3.143,4355750.0,510330,sh,沪深300ETF华夏
2024-02-01,3.156,3.164,3.198,3.137,11258423.0,510330,sh,沪深300ETF华夏
2024-02-02,3.161,3.135,3.188,3.043,10627831.0,510330,sh,沪深300ETF华夏
2024-02-05,3.101,3.146,3.178,3.056,20213779.0,510330,sh,沪深300ETF华夏
2024-02-06,3.124,3.255,3.257,3.116,3871376.0,510330,sh,沪深300ETF华夏
2024-02-07,3.255,3.286,3.293,3.238,24930039.0,510330,sh,沪深300ETF华夏
2024-02-08,3.296,3.314,3.318,3.282,9206422.0,510330,sh,沪深300ETF华夏
2024-02-19,3.359,3.342,3.359,3.311,7054883.0,510330,sh,沪深300ETF华夏
2024-02-20,3.337,3.353,3.359,3.327,3798429.0,510330,sh,沪深300ETF华夏
2024-02-21,3.35,3.401,3.452,3.336,3474075.0,510330,sh,沪深300ETF华夏
2024-02-22,3.393,3.431,3.433,3.393,2044290.0,510330,sh,沪深300ETF华夏
2024-02-23,3.431,3.432,3.454,3.42,1948003.0,510330,sh,沪深300ETF华夏
2024-02-26,3.43,3.396,3.437,3.391,2638193.0,510330,sh,沪深300ETF华夏
2024-02-27,3.394,3.439,3.44,3.383,1894497.0,510330,sh,沪深300ETF华夏
2024-02-28,3.439,3.399,3.47,3.397,5420090.0,510330,sh,沪深300ETF华夏
2024-02-29,3.399,3.46,3.461,3.391,4451095.0,510330,sh,沪深300ETF华夏
2024-03-01,3.459,3.486,3.496,3.444,3268878.0,510330,sh,沪深300ETF华夏
2024-03-04,3.483,3.482,3.493,3.467,1794548.0,510330,sh,沪深300ETF华夏
2024-03-05,3.471,3.508,3.52,3.465,11599640.0,510330,sh,沪深300ETF华夏
2024-03-06,3.507,3.499,3.528,3.494,3919827.0,510330,sh,沪深300ETF华夏
2024-03-07,3.492,3.479,3.519,3.47,3898822.0,510330,sh,沪深300ETF华夏
2024-03-08,3.474,3.49,3.498,3.459,3350373.0,510330,sh,沪深300ETF华夏
2024-03-11,3.486,3.538,3.542,3.486,4381045.0,510330,sh,沪深300ETF华夏
2024-03-12,3.539,3.544,3.556,3.526,3235081.0,510330,sh,沪深300ETF华夏
2024-03-13,3.544,3.521,3.544,3.514,1585190.0,510330,sh,沪深300ETF华夏
2024-03-14,3.521,3.509,3.546,3.491,1876392.0,510330,sh,沪深300ETF华夏
2024-03-15,3.498,3.518,3.523,3.478,2007627.0,510330,sh,沪深300ETF华夏
2024-03-18,3.518,3.551,3.552,3.518,2318072.0,510330,sh,沪深300ETF华夏
2024-03-19,3.541,3.528,3.558,3.523,1517955.0,510330,sh,沪深300ETF华夏
2024-03-20,3.519,3.529,3.538,3.516,2027217.0,510330,sh,沪深300ETF华夏
2024-03-21,3.532,3.527,3.549,3.522,2348354.0,510330,sh,沪深300ETF华夏
2024-03-22,3.52,3.491,3.525,3.466,5245820.0,510330,sh,沪深300ETF华夏
2024-03-25,3.487,3.476,3.511,3.472,2187194.0,510330,sh,沪深300ETF华夏
2024-03-26,3.473,3.487,3.494,3.467,2365903.0,510330,sh,沪深300ETF华夏
2024-03-27,3.483,3.449,3.488,3.448,2656886.0,510330,sh,沪深300ETF华夏
2024-03-28,3.445,3.466,3.501,3.435,2827569.0,510330,sh,沪深300ETF华夏
2024-03-29,3.463,3.482,3.485,3.46,2072305.0,510330,sh,沪深300ETF华夏
2024-04-01,3.49,3.541,3.551,3.49,2162217.0,510330,sh,沪深300ETF华夏
2024-04-02,3.544,3.529,3.545,3.516,2399651.0,510330,sh,沪深300ETF华夏
2024-04-03,3.524,3.514,3.528,3.504,2211382.0,510330,sh,沪深300ETF华夏
2024-04-08,3.513,3.485,3.514,3.48,1745807.0,510330,sh,沪深300ETF华夏
2024-04-09,3.484,3.48,3.49,3.466,1293438.0,510330,sh,沪深300ETF华夏
2024-04-10,3.48,3.452,3.48,3.433,1357192.0,510330,sh,沪深300ETF华夏
2024-04-11,3.438,3.45,3.466,3.43,1481877.0,510330,sh,沪深300ETF华夏
2024-04-12,3.445,3.42,3.459,3.411,2479271.0,510330,sh,沪深300ETF华夏
2024-04-15,3.416,3.495,3.502,3.416,1484849.0,510330,sh,沪深300ETF华夏
2024-04-16,3.486,3.46,3.49,3.446,1839897.0,510330,sh,沪深300ETF华夏
2024-04-17,3.461,3.509,3.513,3.445,1439376.0,510330,sh,沪深300ETF华夏
2024-04-18,3.506,3.514,3.551,3.497,1601703.0,510330,sh,沪深300ETF华夏
2024-04-19,3.509,3.489,3.51,3.474,2779130.0,510330,sh,沪深300ETF华夏
2024-04-22,3.489,3.481,3.508,3.474,1171540.0,510330,sh,沪深300ETF华夏
2024-04-23,3.47,3.452,3.486,3.445,1355880.0,510330,sh,沪深300ETF华夏
2024-04-24,3.458,3.467,3.472,3.442,1097441.0,510330,sh,沪深300ETF华夏
2024-04-25,3.463,3.477,3.493,3.449,1321345.0,510330,sh,沪深300ETF华夏
2024-04-26,3.477,3.529,3.539,3.477,2062225.0,510330,sh,沪深300ETF华夏
2024-04-29,3.531,3.574,3.597,3.529,2042628.0,510330,sh,沪深300ETF华夏
2024-04-30,3.569,3.554,3.581,3.552,889044.0,510330,sh,沪深300ETF华夏
2024-05-06,3.599,3.607,3.622,3.594,2094203.0,510330,sh,沪深300ETF华夏
2024-05-07,3.608,3.609,3.614,3.597,892321.0,510330,sh,沪深300ETF华夏
2024-05-08,3.606,3.579,3.606,3.576,1348940.0,510330,sh,沪深300ETF华夏
2024-05-09,3.574,3.614,3.619,3.574,1364264.0,510330,sh,沪深300ETF华夏
2024-05-10,3.617,3.617,3.628,3.59,2293022.0,510330,sh,沪深300ETF华夏
2024-05-13,3.599,3.614,3.624,3.579,1664939.0,510330,sh,沪深300ETF华夏
2024-05-14,3.614,3.609,3.629,3.596,1233454.0,510330,sh,沪深300ETF华夏
2024-05-15,3.603,3.581,3.609,3.576,1211248.0,510330,sh,沪深300ETF华夏
2024-05-16,3.591,3.595,3.61,3.579,1344391.0,510330,sh,沪深300ETF华夏
2024-05-17,3.589,3.637,3.64,3.581,1388268.0,510330,sh,沪深300ETF华夏
2024-05-20,3.638,3.645,3.66,3.629,1552486.0,510330,sh,沪深300ETF华夏
2024-05-21,3.638,3.632,3.643,3.62,1050074.0,510330,sh,沪深300ETF华夏
2024-05-22,3.625,3.639,3.646,3.625,2005872.0,510330,sh,沪深300ETF华夏
2024-05-23,3.63,3.6,3.63,3.589,1416254.0,510330,sh,沪深300ETF华夏
2024-05-24,3.589,3.559,3.609,3.552,2094745.0,510330,sh,沪深300ETF华夏
2024-05-27,3.559,3.59,3.592,3.559,1230492.0,510330,sh,沪深300ETF华夏
2024-05-28,3.587,3.567,3.591,3.559,1110663.0,510330,sh,沪深300ETF华夏
2024-05-29,3.567,3.568,3.591,3.558,1581541.0,510330,sh,沪深300ETF华夏
2024-05-30,3.562,3.554,3.583,3.544,1281134.0,510330,sh,沪深300ETF华夏
2024-05-31,3.558,3.539,3.573,3.538,1623437.0,510330,sh,沪深300ETF华夏
2024-06-03,3.539,3.543,3.555,3.522,1600494.0,510330,sh,沪深300ETF华夏
2024-06-04,3.537,3.57,3.581,3.535,1492032.0,510330,sh,沪深300ETF华夏
2024-06-05,3.563,3.555,3.579,3.554,1009277.0,510330,sh,沪深300ETF华夏
2024-06-06,3.561,3.555,3.586,3.542,855458.0,510330,sh,沪深300ETF华夏
2024-06-07,3.564,3.532,3.567,3.511,1170108.0,510330,sh,沪深300ETF华夏
2024-06-11,3.526,3.506,3.526,3.489,1011348.0,510330,sh,沪深300ETF华夏
2024-06-12,3.506,3.504,3.512,3.491,876898.0,510330,sh,沪深300ETF华夏
2024-06-13,3.507,3.489,3.513,3.48,978603.0,510330,sh,沪深300ETF华夏
2024-06-14,3.486,3.509,3.513,3.472,939046.0,510330,sh,沪深300ETF华夏
2024-06-17,3.489,3.5,3.508,3.488,1021703.0,510330,sh,沪深300ETF华夏
2024-06-18,3.5,3.509,3.519,3.497,872263.0,510330,sh,沪深300ETF华夏
2024-06-19,3.508,3.501,3.515,3.494,888858.0,510330,sh,沪深300ETF华夏
2024-06-20,3.502,3.474,3.506,3.47,631190.0,510330,sh,沪深300ETF华夏
2024-06-21,3.474,3.471,3.478,3.447,6974967.0,510330,sh,沪深300ETF华夏
2024-06-24,3.452,3.452,3.479,3.445,4146245.0,510330,sh,沪深300ETF华夏
2024-06-25,3.452,3.429,3.457,3.41,3262352.0,510330,sh,沪深300ETF华夏
2024-06-26,3.426,3.451,3.46,3.416,1955019.0,510330,sh,沪深300ETF华夏
2024-06-27,3.446,3.432,3.446,3.426,3471164.0,510330,sh,沪深300ETF华夏
2024-06-28,3.426,3.439,3.465,3.425,2231353.0,510330,sh,沪深300ETF华夏
2024-07-01,3.439,3.453,3.459,3.417,1752660.0,510330,sh,沪深300ETF华夏
2024-07-02,3.445,3.448,3.465,3.441,769899.0,510330,sh,沪深300ETF华夏
2024-07-03,3.446,3.444,3.455,3.432,2865720.0,510330,sh,沪深300ETF华夏
2024-07-04,3.448,3.424,3.462,3.423,5401413.0,510330,sh,沪深300ETF华夏
2024-07-05,3.423,3.412,3.429,3.378,3934953.0,510330,sh,沪深300ETF华夏
2024-07-08,3.401,3.383,3.407,3.377,3145360.0,510330,sh,沪深300ETF华夏
2024-07-09,3.378,3.422,3.435,3.367,1491839.0,510330,sh,沪深300ETF华夏
2024-07-10,3.415,3.416,3.433,3.412,760088.0,510330,sh,沪深300ETF华夏
2024-07-11,3.438,3.462,3.471,3.429,1251922.0,510330,sh,沪深300ETF华夏
2024-07-12,3.462,3.475,3.478,3.456,1637015.0,510330,sh,沪深300ETF华夏
2024-07-15,3.469,3.477,3.485,3.464,3241004.0,510330,sh,沪深300ETF华夏
2024-07-16,3.475,3.502,3.508,3.469,7898702.0,510330,sh,沪深300ETF华夏
2024-07-17,3.5,3.511,3.525,3.493,13893590.0,510330,sh,沪深300ETF华夏
2024-07-18,3.504,3.53,3.535,3.484,6427148.0,510330,sh,沪深300ETF华夏
2024-07-19,3.516,3.547,3.562,3.506,13807499.0,510330,sh,沪深300ETF华夏
2024-07-22,3.549,3.525,3.552,3.503,3484729.0,510330,sh,沪深300ETF华夏
2024-07-23,3.522,3.453,3.527,3.452,1131947.0,510330,sh,沪深300ETF华夏
2024-07-24,3.443,3.43,3.463,3.417,1681320.0,510330,sh,沪深300ETF华夏
2024-07-25,3.418,3.41,3.426,3.392,4424223.0,510330,sh,沪深300ETF华夏
2024-07-26,3.412,3.424,3.435,3.403,4391151.0,510330,sh,沪深300ETF华夏
2024-07-29,3.423,3.405,3.425,3.404,864959.0,510330,sh,沪深300ETF华夏
2024-07-30,3.4,3.384,3.4,3.367,5589293.0,510330,sh,沪深300ETF华夏
2024-07-31,3.376,3.461,3.464,3.376,2184862.0,510330,sh,沪深300ETF华夏
2024-08-01,3.465,3.436,3.468,3.432,839244.0,510330,sh,沪深300ETF华夏
2024-08-02,3.421,3.398,3.434,3.393,1080593.0,510330,sh,沪深300ETF华夏
2024-08-05,3.392,3.359,3.427,3.355,4016303.0,510330,sh,沪深300ETF华夏
2024-08-06,3.375,3.356,3.391,3.33,2608727.0,510330,sh,沪深300ETF华夏
2024-08-07,3.351,3.354,3.376,3.342,784965.0,510330,sh,沪深300ETF华夏
2024-08-08,3.35,3.356,3.38,3.334,790416.0,510330,sh,沪深300ETF华夏
2024-08-09,3.367,3.344,3.38,3.344,902918.0,510330,sh,沪深300ETF华夏
2024-08-12,3.339,3.341,3.354,3.335,542973.0,510330,sh,沪深300ETF华夏
2024-08-13,3.34,3.344,3.348,3.322,1100929.0,510330,sh,沪深300ETF华夏
2024-08-14,3.344,3.32,3.345,3.319,1136460.0,510330,sh,沪深300ETF华夏
2024-08-15,3.319,3.356,3.374,3.313,4595671.0,510330,sh,沪深300ETF华夏
2024-08-16,3.358,3.361,3.373,3.349,2995568.0,510330,sh,沪深300ETF华夏
2024-08-19,3.366,3.369,3.396,3.363,884335.0,510330,sh,沪深300ETF华夏
2024-08-20,3.37,3.354,3.376,3.336,4724693.0,510330,sh,沪深300ETF华夏
2024-08-21,3.344,3.336,3.357,3.324,4852906.0,510330,sh,沪深300ETF华夏
2024-08-22,3.335,3.329,3.344,3.319,5580216.0,510330,sh,沪深300ETF华夏
2024-08-23,3.325,3.344,3.355,3.324,1103158.0,510330,sh,沪深300ETF华夏
2024-08-26,3.344,3.344,3.356,3.329,4482502.0,510330,sh,沪深300ETF华夏
2024-08-27,3.336,3.327,3.339,3.317,4075260.0,510330,sh,沪深300ETF华夏
2024-08-28,3.324,3.309,3.325,3.294,5269369.0,510330,sh,沪深300ETF华夏
2024-08-29,3.297,3.296,3.311,3.289,1500013.0,510330,sh,沪深300ETF华夏
2024-08-30,3.296,3.341,3.374,3.295,2434876.0,510330,sh,沪深300ETF华夏
2024-09-02,3.341,3.28,3.341,3.278,1847612.0,510330,sh,沪深300ETF华夏
2024-09-03,3.279,3.288,3.3,3.276,5150715.0,510330,sh,沪深300ETF华夏
2024-09-04,3.274,3.267,3.29,3.265,1211974.0,510330,sh,沪深300ETF华夏
2024-09-05,3.27,3.275,3.286,3.265,3192278.0,510330,sh,沪深300ETF华夏
2024-09-06,3.283,3.247,3.293,3.243,1061814.0,510330,sh,沪深300ETF华夏
2024-09-09,3.234,3.206,3.241,3.193,1545041.0,510330,sh,沪深300ETF华夏
2024-09-10,3.206,3.206,3.222,3.183,1474135.0,510330,sh,沪深300ETF华夏
2024-09-11,3.199,3.199,3.212,3.186,1097697.0,510330,sh,沪深300ETF华夏
2024-09-12,3.202,3.19,3.217,3.187,1151777.0,510330,sh,沪深300ETF华夏
2024-09-13,3.191,3.172,3.204,3.171,1018764.0,510330,sh,沪深300ETF华夏
2024-09-18,3.173,3.182,3.196,3.157,4255002.0,510330,sh,沪深300ETF华夏
2024-09-19,3.184,3.211,3.232,3.161,1447589.0,510330,sh,沪深300ETF华夏
2024-09-20,3.207,3.217,3.226,3.185,11148409.0,510330,sh,沪深300ETF华夏
2024-09-23,3.212,3.229,3.247,3.209,955282.0,510330,sh,沪深300ETF华夏
2024-09-24,3.255,3.375,3.377,3.238,3726536.0,510330,sh,沪深300ETF华夏
2024-09-25,3.452,3.425,3.495,3.418,3424875.0,510330,sh,沪深300ETF华夏
2024-09-26,3.418,3.597,3.601,3.418,3759204.0,510330,sh,沪深300ETF华夏
2024-09-27,3.691,3.806,3.855,3.625,1995158.0,510330,sh,沪深300ETF华夏
2024-09-30,4.074,4.194,4.199,3.844,5742953.0,510330,sh,沪深300ETF华夏
2024-10-08,4.626,4.317,4.626,4.199,6290844.0,510330,sh,沪深300ETF华夏
2024-10-09,4.236,3.986,4.259,3.974,5889413.0,510330,sh,沪深300ETF华夏
2024-10-10,4.012,4.055,4.16,3.964,5498553.0,510330,sh,沪深300ETF华夏
2024-10-11,4.052,3.941,4.052,3.89,3941014.0,510330,sh,沪深300ETF华夏
2024-10-14,3.941,4.006,4.029,3.914,3406596.0,510330,sh,沪深300ETF华夏
2024-10-15,3.994,3.897,4.02,3.894,3039803.0,510330,sh,沪深300ETF华夏
2024-10-16,3.865,3.87,3.926,3.85,2249487.0,510330,sh,沪深300ETF华夏
2024-10-17,3.894,3.826,3.926,3.824,2843562.0,510330,sh,沪深300ETF华夏
2024-10-18,3.822,3.977,4.102,3.808,3110368.0,510330,sh,沪深300ETF华夏
2024-10-21,3.994,3.984,4.029,3.949,2153805.0,510330,sh,沪深300ETF华夏
2024-10-22,3.974,4.009,4.015,3.967,1773589.0,510330,sh,沪深300ETF华夏
2024-10-23,4.004,4.025,4.066,3.988,3098932.0,510330,sh,沪深300ETF华夏
2024-10-24,4.007,3.98,4.009,3.963,1737924.0,510330,sh,沪深300ETF华夏
2024-10-25,3.988,4.008,4.048,3.973,1873745.0,510330,sh,沪深300ETF华夏
2024-10-28,4.006,4.017,4.018,3.969,1584428.0,510330,sh,沪深300ETF华夏
2024-10-29,4.017,3.98,4.049,3.972,2744152.0,510330,sh,沪深300ETF华夏
2024-10-30,3.977,3.936,3.978,3.913,3517241.0,510330,sh,沪深300ETF华夏
2024-10-31,3.962,3.938,3.974,3.903,2029426.0,510330,sh,沪深300ETF华夏
2024-11-01,3.937,3.946,3.986,3.93,1621153.0,510330,sh,沪深300ETF华夏
2024-11-04,3.948,4.0,4.002,3.94,1554935.0,510330,sh,沪深300ETF华夏
2024-11-05,3.984,4.108,4.109,3.979,2595876.0,510330,sh,沪深300ETF华夏
2024-11-06,4.1,4.081,4.153,4.058,3158154.0,510330,sh,沪深300ETF华夏
2024-11-07,4.049,4.221,4.224,4.049,2928293.0,510330,sh,沪深300ETF华夏
2024-11-08,4.24,4.169,4.269,4.152,2779035.0,510330,sh,沪深300ETF华夏
2024-11-11,4.138,4.189,4.193,4.102,2941720.0,510330,sh,沪深300ETF华夏
2024-11-12,4.193,4.14,4.244,4.118,1802981.0,510330,sh,沪深300ETF华夏
2024-11-13,4.13,4.173,4.18,4.125,1657716.0,510330,sh,沪深300ETF华夏
2024-11-14,4.169,4.101,4.176,4.093,967875.0,510330,sh,沪深300ETF华夏
2024-11-15,4.092,4.024,4.107,4.02,2011251.0,510330,sh,沪深300ETF华夏
2024-11-18,4.029,4.005,4.087,3.981,1392462.0,510330,sh,沪深300ETF华夏
2024-11-19,4.013,4.027,4.032,3.946,1250655.0,510330,sh,沪深300ETF华夏
2024-11-20,4.018,4.038,4.055,4.009,905390.0,510330,sh,沪深300ETF华夏
2024-11-21,4.037,4.043,4.052,4.018,742258.0,510330,sh,沪深300ETF华夏
2024-11-22,4.039,3.921,4.046,3.917,1277526.0,510330,sh,沪深300ETF华夏
2024-11-25,3.92,3.895,3.939,3.857,969147.0,510330,sh,沪深300ETF华夏
2024-11-26,3.885,3.888,3.925,3.878,1326360.0,510330,sh,沪深300ETF华夏
2024-11-27,3.886,3.956,3.96,3.865,1106385.0,510330,sh,沪深300ETF华夏
2024-11-28,3.962,3.923,3.962,3.916,1126194.0,510330,sh,沪深300ETF华夏
2024-11-29,3.919,3.969,4.014,3.916,1514079.0,510330,sh,沪深300ETF华夏
2024-12-02,3.964,3.998,4.011,3.957,965267.0,510330,sh,沪深300ETF华夏
2024-12-03,3.995,4.0,4.02,3.973,1130563.0,510330,sh,沪深300ETF华夏
2024-12-04,3.995,3.98,4.01,3.97,1418423.0,510330,sh,沪深300ETF华夏
2024-12-05,3.973,3.976,3.99,3.96,580810.0,510330,sh,沪深300ETF华夏
2024-12-06,3.98,4.026,4.054,3.974,1275846.0,510330,sh,沪深300ETF华夏
2024-12-09,4.025,4.025,4.052,3.999,838420.0,510330,sh,沪深300ETF华夏
2024-12-10,4.171,4.058,4.171,4.046,1404891.0,510330,sh,沪深300ETF华夏
2024-12-11,4.05,4.045,4.064,4.035,1332741.0,510330,sh,沪深300ETF华夏
2024-12-12,4.046,4.086,4.092,4.039,788420.0,510330,sh,沪深300ETF华夏
2024-12-13,4.064,3.992,4.064,3.986,1604927.0,510330,sh,沪深300ETF华夏
2024-12-16,3.985,3.964,3.991,3.956,1282960.0,510330,sh,沪深300ETF华夏
2024-12-17,3.963,3.974,4.013,3.962,881963.0,510330,sh,沪深300ETF华夏
2024-12-18,3.986,3.995,4.008,3.982,1609256.0,510330,sh,沪深300ETF华夏
2024-12-19,3.965,4.002,4.009,3.95,1632752.0,510330,sh,沪深300ETF华夏
2024-12-20,4.002,3.982,4.014,3.979,1824208.0,510330,sh,沪深300ETF华夏
2024-12-23,3.988,3.991,4.021,3.985,885454.0,510330,sh,沪深300ETF华夏
2024-12-24,3.986,4.038,4.048,3.986,1172811.0,510330,sh,沪深300ETF华夏
2024-12-25,4.042,4.041,4.063,4.025,701750.0,510330,sh,沪深300ETF华夏
2024-12-26,4.042,4.044,4.049,4.027,1313513.0,510330,sh,沪深300ETF华夏
2024-12-27,4.043,4.037,4.069,4.029,1707046.0,510330,sh,沪深300ETF华夏
2024-12-30,4.033,4.056,4.064,4.032,1838753.0,510330,sh,沪深300ETF华夏
2024-12-31,4.058,3.989,4.063,3.987,3196421.0,510330,sh,沪深300ETF华夏
2025-01-02,3.984,3.875,3.991,3.847,1768592.0,510330,sh,沪深300ETF华夏
2025-01-03,3.876,3.837,3.887,3.818,2025111.0,510330,sh,沪深300ETF华夏
2025-01-06,3.824,3.817,3.838,3.791,1583794.0,510330,sh,沪深300ETF华夏
2025-01-07,3.813,3.847,3.848,3.803,2239739.0,510330,sh,沪深300ETF华夏
2025-01-08,3.845,3.837,3.866,3.782,3200416.0,510330,sh,沪深300ETF华夏
2025-01-09,3.827,3.831,3.848,3.823,1668746.0,510330,sh,沪深300ETF华夏
2025-01-10,3.83,3.79,3.841,3.786,3074190.0,510330,sh,沪深300ETF华夏
2025-01-13,3.784,3.773,3.838,3.405,1317798.0,510330,sh,沪深300ETF华夏
2025-01-14,3.773,3.87,3.882,3.771,3216706.0,510330,sh,沪深300ETF华夏
2025-01-15,3.87,3.847,3.87,3.84,574281.0,510330,sh,沪深300ETF华夏
2025-01-16,3.86,3.851,3.898,3.826,1285948.0,510330,sh,沪深300ETF华夏
2025-01-17,3.842,3.864,3.888,3.833,1614320.0,510330,sh,沪深300ETF华夏
2025-01-20,3.885,3.881,3.915,3.873,805921.0,510330,sh,沪深300ETF华夏
2025-01-21,3.897,3.886,3.905,3.869,879192.0,510330,sh,沪深300ETF华夏
2025-01-22,3.877,3.852,3.88,3.832,1251627.0,510330,sh,沪深300ETF华夏
2025-01-23,3.882,3.864,3.925,3.855,946608.0,510330,sh,沪深300ETF华夏
2025-01-24,3.864,3.893,3.909,3.856,1624577.0,510330,sh,沪深300ETF华夏
2025-01-27,3.901,3.876,3.908,3.875,1948447.0,510330,sh,沪深300ETF华夏
2025-02-05,3.888,3.852,3.897,3.84,1289120.0,510330,sh,沪深300ETF华夏
2025-02-06,3.85,3.897,3.902,3.847,1030399.0,510330,sh,沪深300ETF华夏
2025-02-07,3.897,3.953,3.981,3.89,2220020.0,510330,sh,沪深300ETF华夏
2025-02-10,3.952,3.958,3.968,3.939,1942671.0,510330,sh,沪深300ETF华夏
2025-02-11,3.96,3.941,3.961,3.928,1079638.0,510330,sh,沪深300ETF华夏
2025-02-12,3.94,3.978,3.985,3.924,1944506.0,510330,sh,沪深300ETF华夏
2025-02-13,3.976,3.969,4.0,3.964,1280786.0,510330,sh,沪深300ETF华夏
2025-02-14,3.96,3.999,4.005,3.96,1412311.0,510330,sh,沪深300ETF华夏
2025-02-17,4.01,4.008,4.017,3.98,1305290.0,510330,sh,沪深300ETF华夏
2025-02-18,4.005,3.977,4.024,3.961,1027147.0,510330,sh,沪深300ETF华夏
2025-02-19,3.972,4.0,4.006,3.966,967604.0,510330,sh,沪深300ETF华夏
2025-02-20,4.0,3.988,4.0,3.974,934117.0,510330,sh,沪深300ETF华夏
2025-02-21,3.995,4.041,4.046,3.986,1164851.0,510330,sh,沪深300ETF华夏
2025-02-24,4.037,4.028,4.055,4.006,1488544.0,510330,sh,沪深300ETF华夏
2025-02-25,3.999,3.987,4.016,3.974,1108808.0,510330,sh,沪深300ETF华夏
2025-02-26,3.989,4.019,4.02,3.984,759152.0,510330,sh,沪深300ETF华夏
2025-02-27,4.019,4.034,4.036,3.993,1363290.0,510330,sh,沪深300ETF华夏
2025-02-28,4.021,3.958,4.03,3.946,2401081.0,510330,sh,沪深300ETF华夏
2025-03-03,3.957,3.943,3.992,3.928,3717181.0,510330,sh,沪深300ETF华夏
2025-03-04,3.939,3.941,3.949,3.917,1418382.0,510330,sh,沪深300ETF华夏
2025-03-05,3.941,3.961,3.963,3.933,3740751.0,510330,sh,沪深300ETF华夏
2025-03-06,3.977,4.016,4.027,3.977,1486393.0,510330,sh,沪深300ETF华夏
2025-03-07,4.007,4.005,4.027,3.994,1778493.0,510330,sh,沪深300ETF华夏
2025-03-10,4.001,3.989,4.007,3.964,2091116.0,510330,sh,沪深300ETF华夏
2025-03-11,3.97,4.002,4.005,3.95,3326484.0,510330,sh,沪深300ETF华夏
2025-03-12,3.999,3.99,4.016,3.978,1017100.0,510330,sh,沪深300ETF华夏
2025-03-13,3.989,3.969,3.999,3.954,1497061.0,510330,sh,沪深300ETF华夏
2025-03-14,3.976,4.071,4.08,3.974,1904052.0,510330,sh,沪深300ETF华夏
2025-03-17,4.085,4.058,4.085,4.052,1903710.0,510330,sh,沪深300ETF华夏
2025-03-18,4.065,4.068,4.08,4.057,1394366.0,510330,sh,沪深300ETF华夏
2025-03-19,4.066,4.074,4.088,4.05,1326379.0,510330,sh,沪深300ETF华夏
2025-03-20,4.075,4.039,4.075,4.032,1016199.0,510330,sh,沪深300ETF华夏
2025-03-21,4.027,3.976,4.044,3.962,1566645.0,510330,sh,沪深300ETF华夏
2025-03-24,3.974,3.996,3.996,3.968,957676.0,510330,sh,沪深300ETF华夏
2025-03-25,3.999,3.995,4.004,3.982,689497.0,510330,sh,沪深300ETF华夏
2025-03-26,3.994,3.979,4.006,3.976,633848.0,510330,sh,沪深300ETF华夏
2025-03-27,3.976,3.992,4.017,3.961,981530.0,510330,sh,沪深300ETF华夏
2025-03-28,3.992,3.974,3.996,3.966,941501.0,510330,sh,沪深300ETF华夏
2025-03-31,3.97,3.95,3.99,3.929,1771717.0,510330,sh,沪深300ETF华夏
2025-04-01,3.95,3.946,3.967,3.94,634677.0,510330,sh,沪深300ETF华夏
2025-04-02,3.947,3.943,3.961,3.935,1000297.0,510330,sh,沪深300ETF华夏
2025-04-03,3.921,3.922,3.946,3.907,1816338.0,510330,sh,沪深300ETF华夏
2025-04-07,3.8,3.615,3.8,3.568,24877315.0,510330,sh,沪深300ETF华夏
2025-04-08,3.627,3.694,3.703,3.627,35749266.0,510330,sh,沪深300ETF华夏
2025-04-09,3.657,3.729,3.74,3.64,7430635.0,510330,sh,沪深300ETF华夏
2025-04-10,3.79,3.792,3.809,3.756,2512710.0,510330,sh,沪深300ETF华夏
2025-04-11,3.782,3.803,3.82,3.763,1486767.0,510330,sh,沪深300ETF华夏
2025-04-14,3.82,3.812,3.83,3.808,2407890.0,510330,sh,沪深300ETF华夏
2025-04-15,3.81,3.813,3.822,3.79,8267602.0,510330,sh,沪深300ETF华夏
2025-04-16,3.801,3.824,3.834,3.778,15245855.0,510330,sh,沪深300ETF华夏
2025-04-17,3.807,3.826,3.837,3.806,1612360.0,510330,sh,沪深300ETF华夏
2025-04-18,3.821,3.833,3.844,3.81,11999269.0,510330,sh,沪深300ETF华夏
2025-04-21,3.823,3.84,3.851,3.82,1352043.0,510330,sh,沪深300ETF华夏
2025-04-22,3.838,3.844,3.858,3.837,1169389.0,510330,sh,沪深300ETF华夏
2025-04-23,3.855,3.847,3.87,3.838,728276.0,510330,sh,沪深300ETF华夏
2025-04-24,3.847,3.846,3.869,3.833,444239.0,510330,sh,沪深300ETF华夏
2025-04-25,3.846,3.847,3.864,3.838,749541.0,510330,sh,沪深300ETF华夏
2025-04-28,3.844,3.841,3.85,3.829,470775.0,510330,sh,沪深300ETF华夏
2025-04-29,3.839,3.833,3.845,3.824,889246.0,510330,sh,沪深300ETF华夏
2025-04-30,3.828,3.828,3.852,3.827,830060.0,510330,sh,沪深300ETF华夏
2025-05-06,3.85,3.868,3.871,3.84,1131997.0,510330,sh,沪深300ETF华夏
2025-05-07,3.91,3.891,3.93,3.875,828801.0,510330,sh,沪深300ETF华夏
2025-05-08,3.889,3.918,3.932,3.883,1068368.0,510330,sh,沪深300ETF华夏
2025-05-09,3.911,3.912,3.917,3.898,1205858.0,510330,sh,沪深300ETF华夏
2025-05-12,3.927,3.957,3.958,3.926,721451.0,510330,sh,沪深300ETF华夏
2025-05-13,3.994,3.961,3.994,3.954,773269.0,510330,sh,沪深300ETF华夏
2025-05-14,3.962,4.011,4.03,3.958,1286187.0,510330,sh,沪深300ETF华夏
2025-05-15,4.007,3.976,4.009,3.969,1216428.0,510330,sh,沪深300ETF华夏
2025-05-16,3.971,3.954,3.975,3.941,704466.0,510330,sh,沪深300ETF华夏
2025-05-19,3.954,3.949,3.954,3.932,492121.0,510330,sh,沪深300ETF华夏
2025-05-20,3.95,3.967,3.981,3.946,822022.0,510330,sh,沪深300ETF华夏
2025-05-21,3.966,3.985,3.998,3.966,513150.0,510330,sh,沪深300ETF华夏
2025-05-22,3.979,3.984,3.994,3.969,663259.0,510330,sh,沪深300ETF华夏
2025-05-23,3.979,3.952,4.004,3.951,691847.0,510330,sh,沪深300ETF华夏
2025-05-26,3.951,3.932,3.958,3.921,854374.0,510330,sh,沪深300ETF华夏
2025-05-27,3.932,3.91,3.935,3.904,572303.0,510330,sh,沪深300ETF华夏
2025-05-28,3.912,3.905,3.921,3.904,1188550.0,510330,sh,沪深300ETF华夏
2025-05-29,3.907,3.93,3.944,3.903,1229372.0,510330,sh,沪深300ETF华夏
2025-05-30,3.929,3.924,3.929,3.896,970640.0,510330,sh,沪深300ETF华夏
2025-06-03,3.911,3.92,3.938,3.903,749831.0,510330,sh,沪深300ETF华夏
2025-06-04,3.93,3.939,3.95,3.925,573720.0,510330,sh,沪深300ETF华夏
2025-06-05,3.94,3.95,3.958,3.931,1923040.0,510330,sh,沪深300ETF华夏
2025-06-06,3.95,3.951,3.965,3.943,997023.0,510330,sh,沪深300ETF华夏
2025-06-09,3.952,3.962,3.975,3.949,845300.0,510330,sh,沪深300ETF华夏
2025-06-10,3.962,3.936,3.971,3.924,1084184.0,510330,sh,沪深300ETF华夏
2025-06-11,3.941,3.969,3.99,3.94,1186421.0,510330,sh,沪深300ETF华夏
2025-06-12,3.963,3.972,3.979,3.945,574727.0,510330,sh,沪深300ETF华夏
2025-06-13,3.963,3.944,3.968,3.932,1216788.0,510330,sh,沪深300ETF华夏
2025-06-16,3.94,3.955,3.958,3.936,423526.0,510330,sh,沪深300ETF华夏
2025-06-17,3.955,3.954,3.962,3.94,440272.0,510330,sh,沪深300ETF华夏
2025-06-18,3.948,3.957,3.964,3.936,382896.0,510330,sh,沪深300ETF华夏
2025-06-19,3.954,3.925,3.954,3.916,709674.0,510330,sh,沪深300ETF华夏
2025-06-20,3.923,3.931,3.941,3.923,576568.0,510330,sh,沪深300ETF华夏
2025-06-23,3.922,3.946,3.956,3.913,814364.0,510330,sh,沪深300ETF华夏
2025-06-24,3.955,3.991,4.006,3.95,1431589.0,510330,sh,沪深300ETF华夏
2025-06-25,3.994,4.059,4.06,3.991,1401883.0,510330,sh,沪深300ETF华夏
2025-06-26,4.055,4.042,4.061,4.041,1214228.0,510330,sh,沪深300ETF华夏
2025-06-27,4.044,4.02,4.072,4.014,2152788.0,510330,sh,沪深300ETF华夏
2025-06-30,4.02,4.039,4.041,4.012,950720.0,510330,sh,沪深300ETF华夏
2025-07-01,4.039,4.044,4.05,4.025,332318.0,510330,sh,沪深300ETF华夏
2025-07-02,4.044,4.048,4.055,4.032,391851.0,510330,sh,沪深300ETF华夏
2025-07-03,4.048,4.073,4.079,4.048,433963.0,510330,sh,沪深300ETF华夏
2025-07-04,4.07,4.087,4.123,4.063,871057.0,510330,sh,沪深300ETF华夏
2025-07-07,4.083,4.071,4.089,4.061,1077513.0,510330,sh,沪深300ETF华夏
2025-07-08,4.069,4.107,4.115,4.069,683753.0,510330,sh,沪深300ETF华夏
2025-07-09,4.112,4.103,4.128,4.098,791938.0,510330,sh,沪深300ETF华夏
2025-07-10,4.104,4.123,4.148,4.101,1015906.0,510330,sh,沪深300ETF华夏
2025-07-11,4.123,4.14,4.192,4.123,1261620.0,510330,sh,沪深300ETF华夏
2025-07-14,4.16,4.137,4.16,4.136,650589.0,510330,sh,沪深300ETF华夏
2025-07-15,4.145,4.139,4.165,4.113,726472.0,510330,sh,沪深300ETF华夏
2025-07-16,4.138,4.127,4.152,4.114,619530.0,510330,sh,沪深300ETF华夏
2025-07-17,4.13,4.163,4.163,4.126,720973.0,510330,sh,沪深300ETF华夏
2025-07-18,4.164,4.191,4.196,4.164,960257.0,510330,sh,沪深300ETF华夏
2025-07-21,4.194,4.218,4.22,4.194,900505.0,510330,sh,沪深300ETF华夏
2025-07-22,4.215,4.261,4.262,4.202,912529.0,510330,sh,沪深300ETF华夏
2025-07-23,4.261,4.258,4.297,4.25,1313630.0,510330,sh,沪深300ETF华夏
2025-07-24,4.258,4.285,4.29,4.25,998210.0,510330,sh,沪深300ETF华夏
2025-07-25,4.285,4.263,4.286,4.252,964198.0,510330,sh,沪深300ETF华夏
2025-07-28,4.263,4.275,4.284,4.246,1011112.0,510330,sh,沪深300ETF华夏
2025-07-29,4.267,4.295,4.296,4.253,956795.0,510330,sh,沪深300ETF华夏
2025-07-30,4.286,4.292,4.328,4.267,1201148.0,510330,sh,沪深300ETF华夏
2025-07-31,4.28,4.216,4.28,4.202,1177302.0,510330,sh,沪深300ETF华夏
2025-08-01,4.212,4.194,4.222,4.175,723216.0,510330,sh,沪深300ETF华夏
2025-08-04,4.185,4.209,4.209,4.178,558043.0,510330,sh,沪深300ETF华夏
2025-08-05,4.213,4.24,4.247,4.211,812736.0,510330,sh,沪深300ETF华夏
2025-08-06,4.242,4.253,4.26,4.236,538728.0,510330,sh,沪深300ETF华夏
2025-08-07,4.254,4.252,4.27,4.232,578966.0,510330,sh,沪深300ETF华夏
2025-08-08,4.252,4.244,4.262,4.236,748821.0,510330,sh,沪深300ETF华夏
2025-08-11,4.241,4.263,4.28,4.241,731019.0,510330,sh,沪深300ETF华夏
2025-08-12,4.262,4.288,4.299,4.259,475050.0,510330,sh,沪深300ETF华夏
2025-08-13,4.29,4.324,4.334,4.29,792940.0,510330,sh,沪深300ETF华夏
2025-08-14,4.324,4.316,4.366,4.311,1377480.0,510330,sh,沪深300ETF华夏
2025-08-15,4.307,4.357,4.365,4.301,922919.0,510330,sh,沪深300ETF华夏
2025-08-18,4.365,4.389,4.424,4.346,1149458.0,510330,sh,沪深300ETF华夏
2025-08-19,4.389,4.368,4.41,4.359,1223269.0,510330,sh,沪深300ETF华夏
2025-08-20,4.36,4.423,4.439,4.332,1337476.0,510330,sh,沪深300ETF华夏
2025-08-21,4.427,4.439,4.457,4.422,1188152.0,510330,sh,沪深300ETF华夏
2025-08-22,4.446,4.542,4.546,4.442,1256609.0,510330,sh,沪深300ETF华夏
2025-08-25,4.561,4.631,4.638,4.561,1910420.0,510330,sh,沪深300ETF华夏
2025-08-26,4.629,4.609,4.639,4.591,2093461.0,510330,sh,沪深300ETF华夏
2025-08-27,4.607,4.543,4.651,4.538,2032860.0,510330,sh,沪深300ETF华夏
2025-08-28,4.534,4.621,4.622,4.516,1212186.0,510330,sh,沪深300ETF华夏
2025-08-29,4.62,4.667,4.679,4.606,1240663.0,510330,sh,沪深300ETF华夏
2025-09-01,4.668,4.683,4.693,4.647,1023574.0,510330,sh,沪深300ETF华夏
2025-09-02,4.681,4.65,4.707,4.615,877198.0,510330,sh,沪深300ETF华夏
2025-09-03,4.658,4.618,4.669,4.585,686734.0,510330,sh,沪深300ETF华夏
2025-09-04,4.608,4.519,4.621,4.481,888479.0,510330,sh,沪深300ETF华夏
2025-09-05,4.519,4.619,4.63,4.505,842728.0,510330,sh,沪深300ETF华夏
2025-09-08,4.619,4.619,4.638,4.589,1793478.0,510330,sh,沪深300ETF华夏
2025-09-09,4.607,4.591,4.628,4.568,582555.0,510330,sh,沪深300ETF华夏
2025-09-10,4.59,4.606,4.626,4.573,497381.0,510330,sh,沪深300ETF华夏
2025-09-11,4.6,4.725,4.728,4.584,918120.0,510330,sh,沪深300ETF华夏
2025-09-12,4.73,4.692,4.73,4.681,616909.0,510330,sh,沪深300ETF华夏
2025-09-15,4.695,4.699,4.728,4.685,832064.0,510330,sh,沪深300ETF华夏
2025-09-16,4.699,4.685,4.718,4.656,651664.0,510330,sh,沪深300ETF华夏
2025-09-17,4.684,4.718,4.724,4.664,734119.0,510330,sh,沪深300ETF华夏
2025-09-18,4.718,4.664,4.741,4.62,1427949.0,510330,sh,沪深300ETF华夏
2025-09-19,4.662,4.669,4.698,4.653,771873.0,510330,sh,沪深300ETF华夏
2025-09-22,4.669,4.683,4.687,4.648,973630.0,510330,sh,沪深300ETF华夏
2025-09-23,4.684,4.684,4.723,4.624,998835.0,510330,sh,沪深300ETF华夏
2025-09-24,4.675,4.731,4.732,4.66,737009.0,510330,sh,沪深300ETF华夏
2025-09-25,4.726,4.762,4.784,4.719,554130.0,510330,sh,沪深300ETF华夏
2025-09-26,4.76,4.717,4.764,4.716,481122.0,510330,sh,沪深300ETF华夏
2025-09-29,4.714,4.792,4.824,4.708,1276032.0,510330,sh,沪深300ETF华夏
2025-09-30,4.793,4.811,4.822,4.787,1068142.0,510330,sh,沪深300ETF华夏
2025-10-09,4.816,4.884,4.904,4.815,567484.0,510330,sh,沪深300ETF华夏
2025-10-10,4.869,4.785,4.869,4.773,648001.0,510330,sh,沪深300ETF华夏
2025-10-13,4.69,4.76,4.775,4.689,1066233.0,510330,sh,沪深300ETF华夏
2025-10-14,4.786,4.715,4.808,4.69,1089870.0,510330,sh,沪深300ETF华夏
2025-10-15,4.715,4.776,4.782,4.695,537533.0,510330,sh,沪深300ETF华夏
2025-10-16,4.775,4.789,4.816,4.758,938698.0,510330,sh,沪深300ETF华夏
2025-10-17,4.78,4.693,4.791,4.68,722198.0,510330,sh,沪深300ETF华夏
2025-10-20,4.72,4.708,4.745,4.689,455127.0,510330,sh,沪深300ETF华夏
2025-10-21,4.716,4.777,4.789,4.714,696424.0,510330,sh,沪深300ETF华夏
2025-10-22,4.761,4.763,4.777,4.735,476953.0,510330,sh,沪深300ETF华夏
2025-10-23,4.756,4.782,4.787,4.71,452311.0,510330,sh,沪深300ETF华夏
2025-10-24,4.783,4.844,4.85,4.783,569689.0,510330,sh,沪深300ETF华夏
2025-10-27,4.872,4.897,4.905,4.866,815284.0,510330,sh,沪深300ETF华夏
2025-10-28,4.881,4.871,4.918,4.86,546407.0,510330,sh,沪深300ETF华夏
2025-10-29,4.877,4.931,4.932,4.877,596183.0,510330,sh,沪深300ETF华夏
2025-10-30,4.932,4.895,4.945,4.887,687538.0,510330,sh,沪深300ETF华夏
2025-10-31,4.895,4.827,4.895,4.823,1117484.0,510330,sh,沪深300ETF华夏
2025-11-03,4.819,4.832,4.838,4.773,1159394.0,510330,sh,沪深300ETF华夏
2025-11-04,4.829,4.795,4.841,4.77,1036688.0,510330,sh,沪深300ETF华夏
2025-11-05,4.742,4.805,4.82,4.736,736741.0,510330,sh,沪深300ETF华夏
2025-11-06,4.805,4.874,4.883,4.805,1094454.0,510330,sh,沪深300ETF华夏
2025-11-07,4.857,4.863,4.881,4.843,840033.0,510330,sh,沪深300ETF华夏
2025-11-10,4.861,4.874,4.882,4.832,721502.0,510330,sh,沪深300ETF华夏
2025-11-11,4.879,4.829,4.895,4.825,953605.0,510330,sh,沪深300ETF华夏
2025-11-12,4.824,4.836,4.851,4.797,824423.0,510330,sh,沪深300ETF华夏
2025-11-13,4.83,4.882,4.884,4.824,825867.0,510330,sh,沪深300ETF华夏
2025-11-14,4.862,4.806,4.867,4.804,509591.0,510330,sh,沪深300ETF华夏
2025-11-17,4.802,4.78,4.804,4.759,466748.0,510330,sh,沪深300ETF华夏
2025-11-18,4.777,4.751,4.786,4.73,612358.0,510330,sh,沪深300ETF华夏
2025-11-19,4.749,4.771,4.786,4.743,803710.0,510330,sh,沪深300ETF华夏
2025-11-20,4.794,4.747,4.798,4.737,948635.0,510330,sh,沪深300ETF华夏
2025-11-21,4.695,4.629,4.723,4.624,2081250.0,510330,sh,沪深300ETF华夏
2025-11-24,4.636,4.622,4.647,4.599,1295823.0,510330,sh,沪深300ETF华夏
2025-11-25,4.653,4.663,4.692,4.633,1124589.0,510330,sh,沪深300ETF华夏
2025-11-26,4.663,4.692,4.713,4.66,1375622.0,510330,sh,沪深300ETF华夏
2025-11-27,4.694,4.687,4.741,4.684,619564.0,510330,sh,沪深300ETF华夏
2025-11-28,4.691,4.7,4.71,4.668,711443.0,510330,sh,沪深300ETF华夏
2025-12-01,4.707,4.756,4.758,4.705,538511.0,510330,sh,沪深300ETF华夏
2025-12-02,4.753,4.732,4.757,4.718,596254.0,510330,sh,沪深300ETF华夏
2025-12-03,4.732,4.714,4.751,4.704,409470.0,510330,sh,沪深300ETF华夏
2025-12-04,4.715,4.723,4.739,4.693,511982.0,510330,sh,沪深300ETF华夏
2025-12-05,4.723,4.763,4.777,4.712,541845.0,510330,sh,沪深300ETF华夏
2025-12-08,4.773,4.8,4.823,4.773,1116718.0,510330,sh,沪深300ETF华夏
2025-12-09,4.799,4.776,4.808,4.761,623393.0,510330,sh,沪深300ETF华夏
2025-12-10,4.775,4.769,4.784,4.724,1022640.0,510330,sh,沪深300ETF华夏
2025-12-11,4.777,4.733,4.789,4.728,513648.0,510330,sh,沪深300ETF华夏
2025-12-12,4.739,4.758,4.77,4.716,936359.0,510330,sh,沪深300ETF华夏
2025-12-15,4.743,4.732,4.78,4.731,346262.0,510330,sh,沪深300ETF华夏
2025-12-16,4.735,4.684,4.739,4.665,941235.0,510330,sh,沪深300ETF华夏
2025-12-17,4.685,4.765,4.782,4.68,1164846.0,510330,sh,沪深300ETF华夏
2025-12-18,4.759,4.734,4.759,4.728,518775.0,510330,sh,沪深300ETF华夏
2025-12-19,4.74,4.755,4.78,4.734,701283.0,510330,sh,沪深300ETF华夏
2025-12-22,4.763,4.8,4.803,4.763,1483265.0,510330,sh,沪深300ETF华夏
2025-12-23,4.798,4.81,4.832,4.793,707576.0,510330,sh,沪深300ETF华夏
2025-12-24,4.803,4.828,4.833,4.792,642658.0,510330,sh,沪深300ETF华夏
2025-12-25,4.83,4.833,4.846,4.812,518669.0,510330,sh,沪深300ETF华夏
2025-12-26,4.833,4.85,4.871,4.824,891000.0,510330,sh,沪深300ETF华夏
2025-12-29,4.852,4.828,4.863,4.817,718925.0,510330,sh,沪深300ETF华夏
2025-12-30,4.818,4.841,4.859,4.808,1766719.0,510330,sh,沪深300ETF华夏
2025-12-31,4.844,4.823,4.858,4.808,827539.0,510330,sh,沪深300ETF华夏
2026-01-05,4.838,4.914,4.919,4.838,856230.0,510330,sh,沪深300ETF华夏
2026-01-06,4.914,4.99,4.991,4.913,1021773.0,510330,sh,沪深300ETF华夏
2026-01-07,4.983,4.97,4.997,4.947,1263468.0,510330,sh,沪深300ETF华夏
2026-01-08,4.961,4.931,4.962,4.913,1178306.0,510330,sh,沪深300ETF华夏
2026-01-09,4.934,4.955,4.974,4.916,1241384.0,510330,sh,沪深300ETF华夏
2026-01-12,4.956,4.996,5.0,4.932,1460262.0,510330,sh,沪深300ETF华夏
2026-01-13,4.996,4.963,5.037,4.944,863386.0,510330,sh,沪深300ETF华夏
2026-01-14,4.961,4.936,5.019,4.91,2208392.0,510330,sh,沪深300ETF华夏
2026-01-15,4.925,4.942,4.964,4.915,8783047.0,510330,sh,沪深300ETF华夏
2026-01-16,4.957,4.937,4.991,4.905,46027936.0,510330,sh,沪深300ETF华夏
2026-01-19,4.904,4.93,4.963,4.904,16993639.0,510330,sh,沪深300ETF华夏
2026-01-20,4.929,4.918,4.943,4.88,14108043.0,510330,sh,沪深300ETF华夏
2026-01-21,4.905,4.919,4.957,4.901,31289652.0,510330,sh,沪深300ETF华夏
2026-01-22,4.928,4.918,4.953,4.893,19750920.0,510330,sh,沪深300ETF华夏
2026-01-23,4.919,4.894,4.935,4.878,42444088.0,510330,sh,沪深300ETF华夏
2026-01-26,4.896,4.907,4.958,4.884,32339761.0,510330,sh,沪深300ETF华夏
2026-01-27,4.9,4.901,4.934,4.868,16875948.0,510330,sh,沪深300ETF华夏
2026-01-28,4.905,4.914,4.935,4.892,54636894.0,510330,sh,沪深300ETF华夏
2026-01-29,4.915,4.962,4.971,4.895,16374505.0,510330,sh,沪深300ETF华夏
2026-01-30,4.94,4.899,4.94,4.832,2714178.0,510330,sh,沪深300ETF华夏
2026-02-02,4.858,4.799,4.913,4.778,4698986.0,510330,sh,沪深300ETF华夏
2026-02-03,4.821,4.852,4.858,4.773,2274732.0,510330,sh,沪深300ETF华夏
2026-02-04,4.842,4.897,4.901,4.832,850600.0,510330,sh,沪深300ETF华夏
2026-02-05,4.897,4.869,4.897,4.834,798861.0,510330,sh,沪深300ETF华夏
2026-02-06,4.835,4.839,4.881,4.797,879763.0,510330,sh,沪深300ETF华夏
2026-02-09,4.881,4.921,4.924,4.88,781277.0,510330,sh,沪深300ETF华夏
2026-02-10,4.928,4.926,4.933,4.915,500629.0,510330,sh,沪深300ETF华夏
2026-02-11,4.917,4.919,4.926,4.906,502969.0,510330,sh,沪深300ETF华夏
2026-02-12,4.92,4.919,4.93,4.908,523598.0,510330,sh,沪深300ETF华夏
2026-02-13,4.909,4.862,4.909,4.857,867193.0,510330,sh,沪深300ETF华夏
2026-02-24,4.916,4.911,4.931,4.898,397175.0,510330,sh,沪深300ETF华夏
2026-02-25,4.911,4.937,4.975,4.911,968677.0,510330,sh,沪深300ETF华夏
2026-02-26,4.938,4.927,4.944,4.904,918059.0,510330,sh,沪深300ETF华夏
2026-02-27,4.902,4.917,4.925,4.89,717516.0,510330,sh,沪深300ETF华夏
2026-03-02,4.883,4.931,4.939,4.865,1321404.0,510330,sh,沪深300ETF华夏
2026-03-03,4.933,4.868,4.945,4.854,971292.0,510330,sh,沪深300ETF华夏
2026-03-04,4.82,4.796,4.837,4.773,867836.0,510330,sh,沪深300ETF华夏
2026-03-05,4.83,4.848,4.876,4.827,940595.0,510330,sh,沪深300ETF华夏
2026-03-06,4.828,4.861,4.876,4.812,503086.0,510330,sh,沪深300ETF华夏
2026-03-09,4.815,4.816,4.827,4.743,750102.0,510330,sh,沪深300ETF华夏
2026-03-10,4.836,4.875,4.881,4.836,444753.0,510330,sh,沪深300ETF华夏
2026-03-11,4.88,4.905,4.911,4.874,1267711.0,510330,sh,沪深300ETF华夏
2026-03-12,4.902,4.884,4.903,4.852,571661.0,510330,sh,沪深300ETF华夏
2026-03-13,4.874,4.867,4.909,4.863,566922.0,510330,sh,沪深300ETF华夏
2026-03-16,4.867,4.867,4.876,4.822,509007.0,510330,sh,沪深300ETF华夏
2026-03-17,4.873,4.835,4.923,4.834,1142552.0,510330,sh,沪深300ETF华夏
2026-03-18,4.838,4.86,4.861,4.803,757538.0,510330,sh,沪深300ETF华夏
2026-03-19,4.83,4.786,4.834,4.765,1263129.0,510330,sh,沪深300ETF华夏
2026-03-20,4.784,4.761,4.828,4.759,1188785.0,510330,sh,沪深300ETF华夏
2026-03-23,4.722,4.614,4.726,4.59,1418482.0,510330,sh,沪深300ETF华夏
2026-03-24,4.655,4.661,4.663,4.586,1770404.0,510330,sh,沪深300ETF华夏
2026-03-25,4.685,4.733,4.737,4.685,598897.0,510330,sh,沪深300ETF华夏
2026-03-26,4.733,4.671,4.735,4.662,485431.0,510330,sh,沪深300ETF华夏
2026-03-27,4.656,4.696,4.715,4.63,530609.0,510330,sh,沪深300ETF华夏
2026-03-30,4.661,4.686,4.691,4.633,450618.0,510330,sh,沪深300ETF华夏
2026-03-31,4.683,4.647,4.714,4.645,964488.0,510330,sh,沪深300ETF华夏
2026-04-01,4.702,4.717,4.724,4.684,800199.0,510330,sh,沪深300ETF华夏
2026-04-02,4.717,4.67,4.718,4.649,398957.0,510330,sh,沪深300ETF华夏
2026-04-03,4.672,4.636,4.689,4.627,403788.0,510330,sh,沪深300ETF华夏
2026-04-07,4.637,4.626,4.651,4.611,530661.0,510330,sh,沪深300ETF华夏
2026-04-08,4.687,4.789,4.791,4.687,1933832.0,510330,sh,沪深300ETF华夏
2026-04-09,4.759,4.76,4.772,4.744,1036005.0,510330,sh,沪深300ETF华夏
2026-04-10,4.771,4.834,4.853,4.771,1200114.0,510330,sh,沪深300ETF华夏
2026-04-13,4.824,4.843,4.851,4.813,466657.0,510330,sh,沪深300ETF华夏
2026-04-14,4.86,4.906,4.912,4.853,553786.0,510330,sh,沪深300ETF华夏
2026-04-15,4.919,4.883,4.938,4.876,527190.0,510330,sh,沪深300ETF华夏
2026-04-16,4.889,4.94,4.943,4.889,637165.0,510330,sh,沪深300ETF华夏
2026-04-17,4.936,4.93,4.943,4.915,486306.0,510330,sh,沪深300ETF华夏
2026-04-20,4.93,4.962,4.972,4.921,729044.0,510330,sh,沪深300ETF华夏
2026-04-21,4.961,5.011,5.105,4.924,1034636.0,510330,sh,沪深300ETF华夏
2026-04-22,4.968,5.012,5.015,4.953,971984.0,510330,sh,沪深300ETF华夏
2026-04-23,5.012,4.992,5.032,4.966,1447887.0,510330,sh,沪深300ETF华夏
2026-04-24,4.981,4.975,4.997,4.942,1202020.0,510330,sh,沪深300ETF华夏
2026-04-27,4.978,4.977,5.005,4.969,2248341.0,510330,sh,沪深300ETF华夏
2026-04-28,4.967,4.965,4.985,4.951,1404433.0,510330,sh,沪深300ETF华夏
2026-04-29,4.959,5.017,5.025,4.951,1652964.0,510330,sh,沪深300ETF华夏
2026-04-30,5.019,5.019,5.039,5.004,2735970.0,510330,sh,沪深300ETF华夏
2026-05-06,5.06,5.087,5.113,5.049,5437208.0,510330,sh,沪深300ETF华夏
2026-05-07,5.101,5.112,5.115,5.077,3959015.0,510330,sh,沪深300ETF华夏
2026-05-08,5.099,5.086,5.102,5.06,3599957.0,510330,sh,沪深300ETF华夏
2026-05-11,5.095,5.17,5.182,5.095,5753022.0,510330,sh,沪深300ETF华夏
2026-05-12,5.171,5.165,5.188,5.145,4337576.0,510330,sh,沪深300ETF华夏
2026-05-13,5.149,5.226,5.23,5.142,4425466.0,510330,sh,沪深300ETF华夏
2026-05-14,5.234,5.14,5.249,5.13,1245878.0,510330,sh,沪深300ETF华夏
2026-05-15,5.14,5.079,5.154,5.047,1766415.0,510330,sh,沪深300ETF华夏
2026-05-18,5.074,5.048,5.084,5.018,1062438.0,510330,sh,沪深300ETF华夏
2026-05-19,5.051,5.065,5.073,4.988,1979061.0,510330,sh,沪深300ETF华夏
2026-05-20,5.05,5.07,5.081,5.039,1804842.0,510330,sh,沪深300ETF华夏
2026-05-21,5.09,5.007,5.158,4.997,4059056.0,510330,sh,沪深300ETF华夏
2026-05-22,5.014,5.064,5.067,5.004,3743061.0,510330,sh,沪深300ETF华夏
2026-05-25,5.076,5.14,5.142,5.072,11926270.0,510330,sh,沪深300ETF华夏
2026-05-26,5.127,5.181,5.183,5.112,3464638.0,510330,sh,沪深300ETF华夏
2026-05-27,5.168,5.125,5.195,5.116,3519662.0,510330,sh,沪深300ETF华夏
2026-05-28,5.12,5.135,5.148,5.061,761451.0,510330,sh,沪深300ETF华夏
2026-05-29,5.143,5.124,5.18,5.105,1176937.0,510330,sh,沪深300ETF华夏
2026-06-01,5.12,5.075,5.142,5.06,538304.0,510330,sh,沪深300ETF华夏
2026-06-02,5.071,5.142,5.16,5.056,792523.0,510330,sh,沪深300ETF华夏
2026-06-03,5.136,5.172,5.222,5.132,1328918.0,510330,sh,沪深300ETF华夏
2026-06-04,5.143,5.13,5.165,5.112,717925.0,510330,sh,沪深300ETF华夏
2026-06-05,5.128,5.038,5.15,5.025,1213143.0,510330,sh,沪深300ETF华夏
2026-06-08,4.996,4.941,5.006,4.896,2606230.0,510330,sh,沪深300ETF华夏
2026-06-09,4.948,5.025,5.026,4.934,858292.0,510330,sh,沪深300ETF华夏
2026-06-10,4.984,4.974,5.01,4.947,673083.0,510330,sh,沪深300ETF华夏
2026-06-11,4.952,4.948,4.988,4.912,962705.0,510330,sh,沪深300ETF华夏
2026-06-12,4.99,5.012,5.043,4.984,2314376.0,510330,sh,沪深300ETF华夏
2026-06-15,5.054,5.118,5.12,5.036,5656059.0,510330,sh,沪深300ETF华夏
2026-06-16,5.122,5.113,5.138,5.099,4572235.0,510330,sh,沪深300ETF华夏
2026-06-17,5.101,5.165,5.166,5.095,5015823.0,510330,sh,沪深300ETF华夏
2026-06-18,5.15,5.191,5.209,5.146,6805190.0,510330,sh,沪深300ETF华夏
2026-06-22,5.185,5.302,5.303,5.165,3434640.0,510330,sh,沪深300ETF华夏
2026-06-23,5.29,5.15,5.305,5.121,11387337.0,510330,sh,沪深300ETF华夏
2026-06-24,5.147,5.176,5.185,5.12,12834490.0,510330,sh,沪深300ETF华夏
2026-06-25,5.176,5.259,5.268,5.172,18533869.0,510330,sh,沪深300ETF华夏
2026-06-26,5.228,5.112,5.228,5.085,1116468.0,510330,sh,沪深300ETF华夏
2026-06-29,5.122,5.176,5.178,5.071,5971556.0,510330,sh,沪深300ETF华夏
2026-06-30,5.158,5.23,5.236,5.149,8329941.0,510330,sh,沪深300ETF华夏
2026-07-01,5.23,5.209,5.267,5.173,1020006.0,510330,sh,沪深300ETF华夏
2026-07-02,5.187,5.059,5.187,5.041,1278016.0,510330,sh,沪深300ETF华夏
2026-07-03,5.042,5.096,5.14,5.042,1265202.0,510330,sh,沪深300ETF华夏
