date,open,close,high,low,volume,code,market,name
2020-01-02,0.603,0.614,0.617,0.603,76885.0,512890,sh,红利低波ETF华泰柏瑞
2020-01-03,0.614,0.612,0.614,0.611,70568.0,512890,sh,红利低波ETF华泰柏瑞
2020-01-06,0.614,0.611,0.616,0.609,121321.0,512890,sh,红利低波ETF华泰柏瑞
2020-01-07,0.612,0.613,0.614,0.611,56562.0,512890,sh,红利低波ETF华泰柏瑞
2020-01-08,0.612,0.605,0.612,0.605,40401.0,512890,sh,红利低波ETF华泰柏瑞
2020-01-09,0.614,0.611,0.614,0.609,59845.0,512890,sh,红利低波ETF华泰柏瑞
2020-01-10,0.613,0.609,0.613,0.607,27058.0,512890,sh,红利低波ETF华泰柏瑞
2020-01-13,0.607,0.611,0.611,0.606,22002.0,512890,sh,红利低波ETF华泰柏瑞
2020-01-14,0.612,0.612,0.613,0.61,36876.0,512890,sh,红利低波ETF华泰柏瑞
2020-01-15,0.612,0.608,0.612,0.606,23523.0,512890,sh,红利低波ETF华泰柏瑞
2020-01-16,0.608,0.604,0.608,0.603,17115.0,512890,sh,红利低波ETF华泰柏瑞
2020-01-17,0.605,0.603,0.606,0.602,24071.0,512890,sh,红利低波ETF华泰柏瑞
2020-01-20,0.603,0.603,0.603,0.601,16570.0,512890,sh,红利低波ETF华泰柏瑞
2020-01-21,0.604,0.593,0.604,0.593,9754.0,512890,sh,红利低波ETF华泰柏瑞
2020-01-22,0.592,0.594,0.595,0.587,33587.0,512890,sh,红利低波ETF华泰柏瑞
2020-01-23,0.588,0.578,0.591,0.575,13167.0,512890,sh,红利低波ETF华泰柏瑞
2020-02-03,0.565,0.524,0.565,0.52,22880.0,512890,sh,红利低波ETF华泰柏瑞
2020-02-04,0.529,0.543,0.545,0.529,67132.0,512890,sh,红利低波ETF华泰柏瑞
2020-02-05,0.542,0.547,0.551,0.542,7023.0,512890,sh,红利低波ETF华泰柏瑞
2020-02-06,0.547,0.553,0.554,0.546,9592.0,512890,sh,红利低波ETF华泰柏瑞
2020-02-07,0.56,0.55,0.56,0.545,15774.0,512890,sh,红利低波ETF华泰柏瑞
2020-02-10,0.55,0.558,0.558,0.546,4752.0,512890,sh,红利低波ETF华泰柏瑞
2020-02-11,0.557,0.561,0.564,0.557,10005.0,512890,sh,红利低波ETF华泰柏瑞
2020-02-12,0.561,0.564,0.564,0.56,3881.0,512890,sh,红利低波ETF华泰柏瑞
2020-02-13,0.564,0.562,0.567,0.562,12043.0,512890,sh,红利低波ETF华泰柏瑞
2020-02-14,0.563,0.565,0.566,0.562,4077.0,512890,sh,红利低波ETF华泰柏瑞
2020-02-17,0.565,0.576,0.576,0.565,9207.0,512890,sh,红利低波ETF华泰柏瑞
2020-02-18,0.573,0.573,0.576,0.57,18734.0,512890,sh,红利低波ETF华泰柏瑞
2020-02-19,0.573,0.572,0.575,0.571,12713.0,512890,sh,红利低波ETF华泰柏瑞
2020-02-20,0.573,0.579,0.579,0.57,180420.0,512890,sh,红利低波ETF华泰柏瑞
2020-02-21,0.574,0.579,0.581,0.574,25554.0,512890,sh,红利低波ETF华泰柏瑞
2020-02-24,0.579,0.572,0.579,0.57,41004.0,512890,sh,红利低波ETF华泰柏瑞
2020-02-25,0.56,0.567,0.567,0.555,23463.0,512890,sh,红利低波ETF华泰柏瑞
2020-02-26,0.561,0.57,0.575,0.56,23723.0,512890,sh,红利低波ETF华泰柏瑞
2020-02-27,0.573,0.574,0.575,0.572,21949.0,512890,sh,红利低波ETF华泰柏瑞
2020-02-28,0.57,0.56,0.571,0.558,36003.0,512890,sh,红利低波ETF华泰柏瑞
2020-03-02,0.565,0.58,0.582,0.565,14932.0,512890,sh,红利低波ETF华泰柏瑞
2020-03-03,0.585,0.58,0.586,0.575,13078.0,512890,sh,红利低波ETF华泰柏瑞
2020-03-04,0.585,0.588,0.588,0.579,19250.0,512890,sh,红利低波ETF华泰柏瑞
2020-03-05,0.588,0.595,0.595,0.588,5210.0,512890,sh,红利低波ETF华泰柏瑞
2020-03-06,0.59,0.586,0.59,0.584,13204.0,512890,sh,红利低波ETF华泰柏瑞
2020-03-09,0.58,0.571,0.58,0.57,13636.0,512890,sh,红利低波ETF华泰柏瑞
2020-03-10,0.571,0.578,0.578,0.565,21441.0,512890,sh,红利低波ETF华泰柏瑞
2020-03-11,0.575,0.573,0.578,0.572,17998.0,512890,sh,红利低波ETF华泰柏瑞
2020-03-12,0.572,0.565,0.572,0.562,29857.0,512890,sh,红利低波ETF华泰柏瑞
2020-03-13,0.559,0.555,0.559,0.543,16230.0,512890,sh,红利低波ETF华泰柏瑞
2020-03-16,0.555,0.541,0.555,0.54,31696.0,512890,sh,红利低波ETF华泰柏瑞
2020-03-17,0.547,0.541,0.547,0.532,24689.0,512890,sh,红利低波ETF华泰柏瑞
2020-03-18,0.542,0.532,0.547,0.531,18183.0,512890,sh,红利低波ETF华泰柏瑞
2020-03-19,0.53,0.522,0.532,0.515,57969.0,512890,sh,红利低波ETF华泰柏瑞
2020-03-20,0.527,0.533,0.533,0.525,17940.0,512890,sh,红利低波ETF华泰柏瑞
2020-03-23,0.527,0.517,0.527,0.516,49148.0,512890,sh,红利低波ETF华泰柏瑞
2020-03-24,0.52,0.53,0.53,0.52,22263.0,512890,sh,红利低波ETF华泰柏瑞
2020-03-25,0.533,0.542,0.543,0.533,31859.0,512890,sh,红利低波ETF华泰柏瑞
2020-03-26,0.536,0.538,0.541,0.524,17710.0,512890,sh,红利低波ETF华泰柏瑞
2020-03-27,0.541,0.542,0.546,0.54,7080.0,512890,sh,红利低波ETF华泰柏瑞
2020-03-30,0.535,0.538,0.539,0.534,20093.0,512890,sh,红利低波ETF华泰柏瑞
2020-03-31,0.542,0.536,0.542,0.535,24972.0,512890,sh,红利低波ETF华泰柏瑞
2020-04-01,0.537,0.533,0.54,0.533,24703.0,512890,sh,红利低波ETF华泰柏瑞
2020-04-02,0.532,0.539,0.539,0.531,9946.0,512890,sh,红利低波ETF华泰柏瑞
2020-04-03,0.538,0.537,0.539,0.535,10364.0,512890,sh,红利低波ETF华泰柏瑞
2020-04-07,0.544,0.545,0.545,0.543,1908.0,512890,sh,红利低波ETF华泰柏瑞
2020-04-08,0.545,0.544,0.545,0.54,11757.0,512890,sh,红利低波ETF华泰柏瑞
2020-04-09,0.545,0.545,0.546,0.544,10536.0,512890,sh,红利低波ETF华泰柏瑞
2020-04-10,0.545,0.543,0.548,0.542,7638.0,512890,sh,红利低波ETF华泰柏瑞
2020-04-13,0.541,0.543,0.543,0.54,9203.0,512890,sh,红利低波ETF华泰柏瑞
2020-04-14,0.545,0.547,0.547,0.544,635.0,512890,sh,红利低波ETF华泰柏瑞
2020-04-15,0.546,0.544,0.546,0.544,11417.0,512890,sh,红利低波ETF华泰柏瑞
2020-04-16,0.542,0.543,0.544,0.542,13126.0,512890,sh,红利低波ETF华泰柏瑞
2020-04-17,0.545,0.546,0.549,0.545,28643.0,512890,sh,红利低波ETF华泰柏瑞
2020-04-20,0.546,0.548,0.548,0.545,26344.0,512890,sh,红利低波ETF华泰柏瑞
2020-04-21,0.546,0.543,0.546,0.541,49627.0,512890,sh,红利低波ETF华泰柏瑞
2020-04-22,0.541,0.543,0.544,0.54,6825.0,512890,sh,红利低波ETF华泰柏瑞
2020-04-23,0.545,0.543,0.545,0.543,4408.0,512890,sh,红利低波ETF华泰柏瑞
2020-04-24,0.542,0.539,0.543,0.539,5652.0,512890,sh,红利低波ETF华泰柏瑞
2020-04-27,0.543,0.544,0.546,0.543,9375.0,512890,sh,红利低波ETF华泰柏瑞
2020-04-28,0.547,0.544,0.547,0.537,1902.0,512890,sh,红利低波ETF华泰柏瑞
2020-04-29,0.548,0.554,0.554,0.548,28884.0,512890,sh,红利低波ETF华泰柏瑞
2020-04-30,0.554,0.559,0.559,0.554,2754.0,512890,sh,红利低波ETF华泰柏瑞
2020-05-06,0.559,0.558,0.559,0.553,40886.0,512890,sh,红利低波ETF华泰柏瑞
2020-05-07,0.556,0.558,0.558,0.555,18762.0,512890,sh,红利低波ETF华泰柏瑞
2020-05-08,0.559,0.561,0.563,0.559,11763.0,512890,sh,红利低波ETF华泰柏瑞
2020-05-11,0.563,0.565,0.565,0.563,66356.0,512890,sh,红利低波ETF华泰柏瑞
2020-05-12,0.559,0.561,0.565,0.559,13929.0,512890,sh,红利低波ETF华泰柏瑞
2020-05-13,0.559,0.562,0.562,0.559,14271.0,512890,sh,红利低波ETF华泰柏瑞
2020-05-14,0.56,0.556,0.56,0.555,24313.0,512890,sh,红利低波ETF华泰柏瑞
2020-05-15,0.558,0.554,0.558,0.554,3219.0,512890,sh,红利低波ETF华泰柏瑞
2020-05-18,0.554,0.557,0.558,0.553,17408.0,512890,sh,红利低波ETF华泰柏瑞
2020-05-19,0.551,0.558,0.565,0.531,2597.0,512890,sh,红利低波ETF华泰柏瑞
2020-05-20,0.558,0.556,0.558,0.556,14249.0,512890,sh,红利低波ETF华泰柏瑞
2020-05-21,0.557,0.556,0.558,0.555,26346.0,512890,sh,红利低波ETF华泰柏瑞
2020-05-22,0.552,0.546,0.553,0.545,19258.0,512890,sh,红利低波ETF华泰柏瑞
2020-05-25,0.544,0.548,0.548,0.544,36008.0,512890,sh,红利低波ETF华泰柏瑞
2020-05-26,0.549,0.55,0.55,0.547,48617.0,512890,sh,红利低波ETF华泰柏瑞
2020-05-27,0.551,0.551,0.552,0.55,6296.0,512890,sh,红利低波ETF华泰柏瑞
2020-05-28,0.555,0.553,0.556,0.552,15250.0,512890,sh,红利低波ETF华泰柏瑞
2020-05-29,0.548,0.552,0.556,0.548,40254.0,512890,sh,红利低波ETF华泰柏瑞
2020-06-01,0.556,0.561,0.561,0.555,34155.0,512890,sh,红利低波ETF华泰柏瑞
2020-06-02,0.565,0.563,0.57,0.555,16283.0,512890,sh,红利低波ETF华泰柏瑞
2020-06-03,0.565,0.563,0.569,0.563,21320.0,512890,sh,红利低波ETF华泰柏瑞
2020-06-04,0.563,0.565,0.565,0.562,74873.0,512890,sh,红利低波ETF华泰柏瑞
2020-06-05,0.565,0.563,0.565,0.561,27252.0,512890,sh,红利低波ETF华泰柏瑞
2020-06-08,0.563,0.566,0.568,0.563,25038.0,512890,sh,红利低波ETF华泰柏瑞
2020-06-09,0.567,0.569,0.569,0.567,30203.0,512890,sh,红利低波ETF华泰柏瑞
2020-06-10,0.569,0.569,0.569,0.567,21600.0,512890,sh,红利低波ETF华泰柏瑞
2020-06-11,0.568,0.563,0.568,0.563,27779.0,512890,sh,红利低波ETF华泰柏瑞
2020-06-12,0.558,0.564,0.564,0.558,31731.0,512890,sh,红利低波ETF华泰柏瑞
2020-06-15,0.564,0.559,0.565,0.559,38328.0,512890,sh,红利低波ETF华泰柏瑞
2020-06-16,0.561,0.565,0.565,0.561,20340.0,512890,sh,红利低波ETF华泰柏瑞
2020-06-17,0.565,0.568,0.568,0.565,20223.0,512890,sh,红利低波ETF华泰柏瑞
2020-06-18,0.566,0.57,0.57,0.566,28553.0,512890,sh,红利低波ETF华泰柏瑞
2020-06-19,0.571,0.572,0.572,0.57,75724.0,512890,sh,红利低波ETF华泰柏瑞
2020-06-22,0.572,0.568,0.572,0.568,42782.0,512890,sh,红利低波ETF华泰柏瑞
2020-06-23,0.568,0.566,0.568,0.566,29144.0,512890,sh,红利低波ETF华泰柏瑞
2020-06-24,0.566,0.569,0.57,0.566,67014.0,512890,sh,红利低波ETF华泰柏瑞
2020-06-29,0.569,0.566,0.57,0.565,17322.0,512890,sh,红利低波ETF华泰柏瑞
2020-06-30,0.569,0.571,0.572,0.569,57500.0,512890,sh,红利低波ETF华泰柏瑞
2020-07-01,0.573,0.587,0.587,0.573,67359.0,512890,sh,红利低波ETF华泰柏瑞
2020-07-02,0.587,0.603,0.604,0.587,66628.0,512890,sh,红利低波ETF华泰柏瑞
2020-07-03,0.604,0.612,0.612,0.604,68792.0,512890,sh,红利低波ETF华泰柏瑞
2020-07-06,0.613,0.652,0.654,0.613,90350.0,512890,sh,红利低波ETF华泰柏瑞
2020-07-07,0.653,0.651,0.68,0.648,79218.0,512890,sh,红利低波ETF华泰柏瑞
2020-07-08,0.661,0.652,0.661,0.643,25717.0,512890,sh,红利低波ETF华泰柏瑞
2020-07-09,0.652,0.658,0.658,0.647,48018.0,512890,sh,红利低波ETF华泰柏瑞
2020-07-10,0.659,0.643,0.659,0.641,70846.0,512890,sh,红利低波ETF华泰柏瑞
2020-07-13,0.643,0.66,0.661,0.643,46888.0,512890,sh,红利低波ETF华泰柏瑞
2020-07-14,0.66,0.656,0.664,0.646,70687.0,512890,sh,红利低波ETF华泰柏瑞
2020-07-15,0.66,0.649,0.66,0.643,98192.0,512890,sh,红利低波ETF华泰柏瑞
2020-07-16,0.651,0.641,0.666,0.639,55673.0,512890,sh,红利低波ETF华泰柏瑞
2020-07-17,0.641,0.638,0.65,0.635,29387.0,512890,sh,红利低波ETF华泰柏瑞
2020-07-20,0.638,0.664,0.665,0.638,14873.0,512890,sh,红利低波ETF华泰柏瑞
2020-07-21,0.664,0.663,0.667,0.661,31687.0,512890,sh,红利低波ETF华泰柏瑞
2020-07-22,0.663,0.663,0.67,0.66,23074.0,512890,sh,红利低波ETF华泰柏瑞
2020-07-23,0.663,0.657,0.663,0.649,16733.0,512890,sh,红利低波ETF华泰柏瑞
2020-07-24,0.655,0.637,0.657,0.634,10573.0,512890,sh,红利低波ETF华泰柏瑞
2020-07-27,0.64,0.633,0.641,0.631,40279.0,512890,sh,红利低波ETF华泰柏瑞
2020-07-28,0.636,0.637,0.639,0.633,5059.0,512890,sh,红利低波ETF华泰柏瑞
2020-07-29,0.634,0.645,0.645,0.634,4207.0,512890,sh,红利低波ETF华泰柏瑞
2020-07-30,0.646,0.651,0.654,0.646,11535.0,512890,sh,红利低波ETF华泰柏瑞
2020-07-31,0.651,0.656,0.658,0.649,63964.0,512890,sh,红利低波ETF华泰柏瑞
2020-08-03,0.656,0.673,0.674,0.656,32638.0,512890,sh,红利低波ETF华泰柏瑞
2020-08-04,0.673,0.675,0.68,0.672,6778.0,512890,sh,红利低波ETF华泰柏瑞
2020-08-05,0.67,0.671,0.673,0.665,3805.0,512890,sh,红利低波ETF华泰柏瑞
2020-08-06,0.67,0.669,0.67,0.665,1014.0,512890,sh,红利低波ETF华泰柏瑞
2020-08-07,0.669,0.671,0.672,0.663,899.0,512890,sh,红利低波ETF华泰柏瑞
2020-08-10,0.671,0.677,0.679,0.669,1808.0,512890,sh,红利低波ETF华泰柏瑞
2020-08-11,0.68,0.674,0.685,0.674,18960.0,512890,sh,红利低波ETF华泰柏瑞
2020-08-12,0.675,0.67,0.675,0.662,2150.0,512890,sh,红利低波ETF华泰柏瑞
2020-08-13,0.672,0.676,0.68,0.672,2564.0,512890,sh,红利低波ETF华泰柏瑞
2020-08-14,0.674,0.68,0.68,0.674,9999.0,512890,sh,红利低波ETF华泰柏瑞
2020-08-17,0.684,0.699,0.702,0.684,11204.0,512890,sh,红利低波ETF华泰柏瑞
2020-08-18,0.699,0.699,0.702,0.698,7186.0,512890,sh,红利低波ETF华泰柏瑞
2020-08-19,0.7,0.696,0.703,0.694,35213.0,512890,sh,红利低波ETF华泰柏瑞
2020-08-20,0.693,0.688,0.695,0.687,12616.0,512890,sh,红利低波ETF华泰柏瑞
2020-08-21,0.688,0.687,0.692,0.685,14886.0,512890,sh,红利低波ETF华泰柏瑞
2020-08-24,0.689,0.691,0.694,0.689,12681.0,512890,sh,红利低波ETF华泰柏瑞
2020-08-25,0.694,0.688,0.697,0.687,14206.0,512890,sh,红利低波ETF华泰柏瑞
2020-08-26,0.688,0.679,0.688,0.677,22323.0,512890,sh,红利低波ETF华泰柏瑞
2020-08-27,0.679,0.678,0.679,0.674,4939.0,512890,sh,红利低波ETF华泰柏瑞
2020-08-28,0.677,0.688,0.688,0.676,35206.0,512890,sh,红利低波ETF华泰柏瑞
2020-08-31,0.691,0.684,0.691,0.683,7759.0,512890,sh,红利低波ETF华泰柏瑞
2020-09-01,0.678,0.68,0.68,0.675,73712.0,512890,sh,红利低波ETF华泰柏瑞
2020-09-02,0.681,0.677,0.681,0.673,8894.0,512890,sh,红利低波ETF华泰柏瑞
2020-09-03,0.675,0.674,0.68,0.673,108315.0,512890,sh,红利低波ETF华泰柏瑞
2020-09-04,0.674,0.67,0.674,0.664,13192.0,512890,sh,红利低波ETF华泰柏瑞
2020-09-07,0.67,0.662,0.675,0.662,14333.0,512890,sh,红利低波ETF华泰柏瑞
2020-09-08,0.663,0.666,0.668,0.661,7517.0,512890,sh,红利低波ETF华泰柏瑞
2020-09-09,0.666,0.655,0.666,0.654,963.0,512890,sh,红利低波ETF华泰柏瑞
2020-09-10,0.659,0.653,0.662,0.653,5825.0,512890,sh,红利低波ETF华泰柏瑞
2020-09-11,0.651,0.653,0.653,0.648,266.0,512890,sh,红利低波ETF华泰柏瑞
2020-09-14,0.655,0.653,0.656,0.651,3432.0,512890,sh,红利低波ETF华泰柏瑞
2020-09-15,0.653,0.655,0.686,0.652,1038.0,512890,sh,红利低波ETF华泰柏瑞
2020-09-16,0.655,0.657,0.66,0.655,861.0,512890,sh,红利低波ETF华泰柏瑞
2020-09-17,0.658,0.659,0.662,0.655,26104.0,512890,sh,红利低波ETF华泰柏瑞
2020-09-18,0.663,0.674,0.674,0.663,5519.0,512890,sh,红利低波ETF华泰柏瑞
2020-09-21,0.674,0.669,0.674,0.668,1097.0,512890,sh,红利低波ETF华泰柏瑞
2020-09-22,0.664,0.659,0.665,0.659,1136.0,512890,sh,红利低波ETF华泰柏瑞
2020-09-23,0.659,0.658,0.661,0.657,12108.0,512890,sh,红利低波ETF华泰柏瑞
2020-09-24,0.656,0.649,0.656,0.647,27925.0,512890,sh,红利低波ETF华泰柏瑞
2020-09-25,0.649,0.645,0.649,0.643,13563.0,512890,sh,红利低波ETF华泰柏瑞
2020-09-28,0.649,0.648,0.65,0.646,52771.0,512890,sh,红利低波ETF华泰柏瑞
2020-09-29,0.646,0.648,0.651,0.646,30296.0,512890,sh,红利低波ETF华泰柏瑞
2020-09-30,0.648,0.644,0.649,0.641,3729.0,512890,sh,红利低波ETF华泰柏瑞
2020-10-09,0.652,0.654,0.655,0.652,3208.0,512890,sh,红利低波ETF华泰柏瑞
2020-10-12,0.655,0.665,0.666,0.655,3751.0,512890,sh,红利低波ETF华泰柏瑞
2020-10-13,0.656,0.666,0.666,0.656,20026.0,512890,sh,红利低波ETF华泰柏瑞
2020-10-14,0.667,0.664,0.667,0.663,5259.0,512890,sh,红利低波ETF华泰柏瑞
2020-10-15,0.664,0.663,0.666,0.663,15442.0,512890,sh,红利低波ETF华泰柏瑞
2020-10-16,0.664,0.667,0.669,0.664,31098.0,512890,sh,红利低波ETF华泰柏瑞
2020-10-19,0.671,0.664,0.676,0.664,18602.0,512890,sh,红利低波ETF华泰柏瑞
2020-10-20,0.662,0.664,0.664,0.662,5335.0,512890,sh,红利低波ETF华泰柏瑞
2020-10-21,0.664,0.666,0.666,0.661,27525.0,512890,sh,红利低波ETF华泰柏瑞
2020-10-22,0.662,0.663,0.663,0.659,5163.0,512890,sh,红利低波ETF华泰柏瑞
2020-10-23,0.663,0.66,0.665,0.66,1657.0,512890,sh,红利低波ETF华泰柏瑞
2020-10-26,0.658,0.658,0.658,0.655,1020.0,512890,sh,红利低波ETF华泰柏瑞
2020-10-27,0.656,0.655,0.656,0.654,325.0,512890,sh,红利低波ETF华泰柏瑞
2020-10-28,0.65,0.654,0.654,0.65,490.0,512890,sh,红利低波ETF华泰柏瑞
2020-10-29,0.654,0.66,0.661,0.654,733.0,512890,sh,红利低波ETF华泰柏瑞
2020-10-30,0.66,0.65,0.66,0.65,2252.0,512890,sh,红利低波ETF华泰柏瑞
2020-11-02,0.651,0.657,0.658,0.651,1083.0,512890,sh,红利低波ETF华泰柏瑞
2020-11-03,0.659,0.663,0.663,0.659,271.0,512890,sh,红利低波ETF华泰柏瑞
2020-11-04,0.663,0.668,0.669,0.663,2507.0,512890,sh,红利低波ETF华泰柏瑞
2020-11-05,0.671,0.676,0.676,0.671,10524.0,512890,sh,红利低波ETF华泰柏瑞
2020-11-06,0.676,0.679,0.679,0.673,1726.0,512890,sh,红利低波ETF华泰柏瑞
2020-11-09,0.683,0.689,0.69,0.683,7897.0,512890,sh,红利低波ETF华泰柏瑞
2020-11-10,0.691,0.689,0.692,0.688,4653.0,512890,sh,红利低波ETF华泰柏瑞
2020-11-11,0.689,0.693,0.698,0.688,4484.0,512890,sh,红利低波ETF华泰柏瑞
2020-11-12,0.69,0.695,0.695,0.69,2208.0,512890,sh,红利低波ETF华泰柏瑞
2020-11-13,0.695,0.683,0.695,0.681,297.0,512890,sh,红利低波ETF华泰柏瑞
2020-11-16,0.692,0.706,0.706,0.692,6304.0,512890,sh,红利低波ETF华泰柏瑞
2020-11-17,0.707,0.706,0.711,0.704,12490.0,512890,sh,红利低波ETF华泰柏瑞
2020-11-18,0.707,0.71,0.711,0.706,15032.0,512890,sh,红利低波ETF华泰柏瑞
2020-11-19,0.71,0.705,0.71,0.703,2916.0,512890,sh,红利低波ETF华泰柏瑞
2020-11-20,0.703,0.708,0.709,0.703,7710.0,512890,sh,红利低波ETF华泰柏瑞
2020-11-23,0.71,0.72,0.723,0.71,7169.0,512890,sh,红利低波ETF华泰柏瑞
2020-11-24,0.72,0.715,0.72,0.714,12297.0,512890,sh,红利低波ETF华泰柏瑞
2020-11-25,0.715,0.705,0.719,0.705,20562.0,512890,sh,红利低波ETF华泰柏瑞
2020-11-26,0.706,0.707,0.707,0.701,2479.0,512890,sh,红利低波ETF华泰柏瑞
2020-11-27,0.709,0.711,0.711,0.702,1197.0,512890,sh,红利低波ETF华泰柏瑞
2020-11-30,0.716,0.717,0.722,0.706,720.0,512890,sh,红利低波ETF华泰柏瑞
2020-12-01,0.716,0.713,0.716,0.703,1676.0,512890,sh,红利低波ETF华泰柏瑞
2020-12-02,0.712,0.714,0.715,0.71,697.0,512890,sh,红利低波ETF华泰柏瑞
2020-12-03,0.714,0.705,0.714,0.705,174.0,512890,sh,红利低波ETF华泰柏瑞
2020-12-04,0.705,0.704,0.705,0.7,887.0,512890,sh,红利低波ETF华泰柏瑞
2020-12-07,0.705,0.695,0.705,0.695,1161.0,512890,sh,红利低波ETF华泰柏瑞
2020-12-08,0.695,0.693,0.698,0.693,662.0,512890,sh,红利低波ETF华泰柏瑞
2020-12-09,0.694,0.686,0.694,0.685,776.0,512890,sh,红利低波ETF华泰柏瑞
2020-12-10,0.686,0.683,0.686,0.683,80.0,512890,sh,红利低波ETF华泰柏瑞
2020-12-11,0.684,0.684,0.686,0.68,26280.0,512890,sh,红利低波ETF华泰柏瑞
2020-12-14,0.68,0.678,0.681,0.677,884.0,512890,sh,红利低波ETF华泰柏瑞
2020-12-15,0.678,0.676,0.678,0.67,928.0,512890,sh,红利低波ETF华泰柏瑞
2020-12-16,0.676,0.674,0.676,0.673,701.0,512890,sh,红利低波ETF华泰柏瑞
2020-12-17,0.674,0.676,0.678,0.667,714.0,512890,sh,红利低波ETF华泰柏瑞
2020-12-18,0.676,0.682,0.683,0.676,2127.0,512890,sh,红利低波ETF华泰柏瑞
2020-12-21,0.682,0.68,0.683,0.676,3490.0,512890,sh,红利低波ETF华泰柏瑞
2020-12-22,0.674,0.666,0.675,0.666,868.0,512890,sh,红利低波ETF华泰柏瑞
2020-12-23,0.666,0.665,0.668,0.664,1779.0,512890,sh,红利低波ETF华泰柏瑞
2020-12-24,0.665,0.66,0.667,0.659,911.0,512890,sh,红利低波ETF华泰柏瑞
2020-12-25,0.66,0.666,0.667,0.658,9576.0,512890,sh,红利低波ETF华泰柏瑞
2020-12-28,0.666,0.662,0.666,0.661,1753.0,512890,sh,红利低波ETF华泰柏瑞
2020-12-29,0.662,0.66,0.663,0.659,716.0,512890,sh,红利低波ETF华泰柏瑞
2020-12-30,0.657,0.662,0.663,0.657,126.0,512890,sh,红利低波ETF华泰柏瑞
2020-12-31,0.662,0.664,0.667,0.661,8114.0,512890,sh,红利低波ETF华泰柏瑞
2021-01-04,0.666,0.66,0.666,0.657,4878.0,512890,sh,红利低波ETF华泰柏瑞
2021-01-05,0.659,0.66,0.66,0.651,3639.0,512890,sh,红利低波ETF华泰柏瑞
2021-01-06,0.659,0.666,0.666,0.659,18084.0,512890,sh,红利低波ETF华泰柏瑞
2021-01-07,0.667,0.667,0.671,0.663,17780.0,512890,sh,红利低波ETF华泰柏瑞
2021-01-08,0.667,0.668,0.669,0.662,9128.0,512890,sh,红利低波ETF华泰柏瑞
2021-01-11,0.668,0.662,0.67,0.661,11663.0,512890,sh,红利低波ETF华泰柏瑞
2021-01-12,0.663,0.663,0.663,0.657,13957.0,512890,sh,红利低波ETF华泰柏瑞
2021-01-13,0.663,0.662,0.665,0.657,3761.0,512890,sh,红利低波ETF华泰柏瑞
2021-01-14,0.662,0.661,0.667,0.659,4664.0,512890,sh,红利低波ETF华泰柏瑞
2021-01-15,0.66,0.666,0.67,0.66,19021.0,512890,sh,红利低波ETF华泰柏瑞
2021-01-18,0.668,0.669,0.671,0.664,12119.0,512890,sh,红利低波ETF华泰柏瑞
2021-01-19,0.669,0.676,0.681,0.665,16124.0,512890,sh,红利低波ETF华泰柏瑞
2021-01-20,0.676,0.669,0.676,0.667,29503.0,512890,sh,红利低波ETF华泰柏瑞
2021-01-21,0.668,0.669,0.673,0.668,18574.0,512890,sh,红利低波ETF华泰柏瑞
2021-01-22,0.669,0.658,0.669,0.658,5600.0,512890,sh,红利低波ETF华泰柏瑞
2021-01-25,0.659,0.652,0.659,0.649,5613.0,512890,sh,红利低波ETF华泰柏瑞
2021-01-26,0.652,0.65,0.654,0.648,4545.0,512890,sh,红利低波ETF华泰柏瑞
2021-01-27,0.65,0.651,0.656,0.65,8897.0,512890,sh,红利低波ETF华泰柏瑞
2021-01-28,0.651,0.643,0.651,0.643,1714.0,512890,sh,红利低波ETF华泰柏瑞
2021-01-29,0.643,0.642,0.648,0.64,6663.0,512890,sh,红利低波ETF华泰柏瑞
2021-02-01,0.644,0.649,0.649,0.641,3893.0,512890,sh,红利低波ETF华泰柏瑞
2021-02-02,0.65,0.647,0.65,0.645,7048.0,512890,sh,红利低波ETF华泰柏瑞
2021-02-03,0.645,0.646,0.647,0.638,127324.0,512890,sh,红利低波ETF华泰柏瑞
2021-02-04,0.642,0.642,0.645,0.639,6861.0,512890,sh,红利低波ETF华泰柏瑞
2021-02-05,0.646,0.652,0.654,0.646,27662.0,512890,sh,红利低波ETF华泰柏瑞
2021-02-08,0.651,0.652,0.655,0.65,2480.0,512890,sh,红利低波ETF华泰柏瑞
2021-02-09,0.652,0.654,0.655,0.649,7451.0,512890,sh,红利低波ETF华泰柏瑞
2021-02-10,0.659,0.658,0.659,0.655,5342.0,512890,sh,红利低波ETF华泰柏瑞
2021-02-18,0.658,0.672,0.672,0.658,15629.0,512890,sh,红利低波ETF华泰柏瑞
2021-02-19,0.671,0.683,0.683,0.67,37827.0,512890,sh,红利低波ETF华泰柏瑞
2021-02-22,0.683,0.691,0.7,0.683,14638.0,512890,sh,红利低波ETF华泰柏瑞
2021-02-23,0.691,0.683,0.698,0.682,11440.0,512890,sh,红利低波ETF华泰柏瑞
2021-02-24,0.683,0.682,0.689,0.678,4412.0,512890,sh,红利低波ETF华泰柏瑞
2021-02-25,0.683,0.698,0.705,0.683,20377.0,512890,sh,红利低波ETF华泰柏瑞
2021-02-26,0.699,0.685,0.699,0.685,17374.0,512890,sh,红利低波ETF华泰柏瑞
2021-03-01,0.685,0.693,0.694,0.685,10996.0,512890,sh,红利低波ETF华泰柏瑞
2021-03-02,0.694,0.69,0.701,0.685,10257.0,512890,sh,红利低波ETF华泰柏瑞
2021-03-03,0.691,0.705,0.705,0.691,39833.0,512890,sh,红利低波ETF华泰柏瑞
2021-03-04,0.705,0.706,0.71,0.7,41909.0,512890,sh,红利低波ETF华泰柏瑞
2021-03-05,0.704,0.695,0.704,0.689,5275.0,512890,sh,红利低波ETF华泰柏瑞
2021-03-08,0.696,0.691,0.705,0.691,10133.0,512890,sh,红利低波ETF华泰柏瑞
2021-03-09,0.691,0.686,0.691,0.681,5890.0,512890,sh,红利低波ETF华泰柏瑞
2021-03-10,0.685,0.68,0.687,0.675,2597.0,512890,sh,红利低波ETF华泰柏瑞
2021-03-11,0.687,0.695,0.695,0.686,5514.0,512890,sh,红利低波ETF华泰柏瑞
2021-03-12,0.695,0.71,0.713,0.695,10496.0,512890,sh,红利低波ETF华泰柏瑞
2021-03-15,0.71,0.714,0.718,0.71,8116.0,512890,sh,红利低波ETF华泰柏瑞
2021-03-16,0.715,0.717,0.718,0.71,2266.0,512890,sh,红利低波ETF华泰柏瑞
2021-03-17,0.717,0.713,0.717,0.709,5258.0,512890,sh,红利低波ETF华泰柏瑞
2021-03-18,0.713,0.714,0.719,0.711,5714.0,512890,sh,红利低波ETF华泰柏瑞
2021-03-19,0.714,0.706,0.714,0.704,3088.0,512890,sh,红利低波ETF华泰柏瑞
2021-03-22,0.706,0.714,0.715,0.706,15905.0,512890,sh,红利低波ETF华泰柏瑞
2021-03-23,0.713,0.704,0.713,0.704,791.0,512890,sh,红利低波ETF华泰柏瑞
2021-03-24,0.703,0.697,0.703,0.694,2312.0,512890,sh,红利低波ETF华泰柏瑞
2021-03-25,0.697,0.696,0.699,0.693,399.0,512890,sh,红利低波ETF华泰柏瑞
2021-03-26,0.695,0.701,0.701,0.695,364.0,512890,sh,红利低波ETF华泰柏瑞
2021-03-29,0.704,0.713,0.713,0.704,1396.0,512890,sh,红利低波ETF华泰柏瑞
2021-03-30,0.704,0.711,0.711,0.704,2009.0,512890,sh,红利低波ETF华泰柏瑞
2021-03-31,0.71,0.71,0.711,0.707,725.0,512890,sh,红利低波ETF华泰柏瑞
2021-04-01,0.71,0.714,0.714,0.709,516.0,512890,sh,红利低波ETF华泰柏瑞
2021-04-02,0.715,0.708,0.715,0.707,591.0,512890,sh,红利低波ETF华泰柏瑞
2021-04-06,0.709,0.708,0.709,0.706,609.0,512890,sh,红利低波ETF华泰柏瑞
2021-04-07,0.708,0.714,0.715,0.708,1346.0,512890,sh,红利低波ETF华泰柏瑞
2021-04-08,0.715,0.713,0.716,0.71,611.0,512890,sh,红利低波ETF华泰柏瑞
2021-04-09,0.711,0.713,0.714,0.711,2239.0,512890,sh,红利低波ETF华泰柏瑞
2021-04-12,0.713,0.713,0.715,0.711,626.0,512890,sh,红利低波ETF华泰柏瑞
2021-04-13,0.713,0.709,0.713,0.708,765.0,512890,sh,红利低波ETF华泰柏瑞
2021-04-14,0.708,0.712,0.714,0.708,534.0,512890,sh,红利低波ETF华泰柏瑞
2021-04-15,0.713,0.713,0.713,0.709,577.0,512890,sh,红利低波ETF华泰柏瑞
2021-04-16,0.713,0.724,0.724,0.713,6588.0,512890,sh,红利低波ETF华泰柏瑞
2021-04-19,0.724,0.722,0.724,0.72,25358.0,512890,sh,红利低波ETF华泰柏瑞
2021-04-20,0.721,0.719,0.722,0.718,18733.0,512890,sh,红利低波ETF华泰柏瑞
2021-04-21,0.717,0.722,0.724,0.716,21855.0,512890,sh,红利低波ETF华泰柏瑞
2021-04-22,0.722,0.722,0.727,0.72,16037.0,512890,sh,红利低波ETF华泰柏瑞
2021-04-23,0.72,0.716,0.72,0.713,8735.0,512890,sh,红利低波ETF华泰柏瑞
2021-04-26,0.719,0.714,0.722,0.714,19906.0,512890,sh,红利低波ETF华泰柏瑞
2021-04-27,0.714,0.711,0.714,0.708,13331.0,512890,sh,红利低波ETF华泰柏瑞
2021-04-28,0.72,0.717,0.72,0.707,36410.0,512890,sh,红利低波ETF华泰柏瑞
2021-04-29,0.717,0.725,0.725,0.716,1525.0,512890,sh,红利低波ETF华泰柏瑞
2021-04-30,0.724,0.719,0.724,0.716,1630.0,512890,sh,红利低波ETF华泰柏瑞
2021-05-06,0.719,0.727,0.734,0.719,3535.0,512890,sh,红利低波ETF华泰柏瑞
2021-05-07,0.729,0.732,0.735,0.725,8556.0,512890,sh,红利低波ETF华泰柏瑞
2021-05-10,0.734,0.739,0.739,0.729,4093.0,512890,sh,红利低波ETF华泰柏瑞
2021-05-11,0.739,0.734,0.739,0.722,5108.0,512890,sh,红利低波ETF华泰柏瑞
2021-05-12,0.734,0.741,0.742,0.734,6656.0,512890,sh,红利低波ETF华泰柏瑞
2021-05-13,0.742,0.739,0.743,0.737,11282.0,512890,sh,红利低波ETF华泰柏瑞
2021-05-14,0.741,0.738,0.744,0.736,3965.0,512890,sh,红利低波ETF华泰柏瑞
2021-05-17,0.738,0.742,0.745,0.738,6307.0,512890,sh,红利低波ETF华泰柏瑞
2021-05-18,0.742,0.744,0.744,0.741,2379.0,512890,sh,红利低波ETF华泰柏瑞
2021-05-19,0.744,0.743,0.745,0.741,1417.0,512890,sh,红利低波ETF华泰柏瑞
2021-05-20,0.734,0.733,0.736,0.728,2385.0,512890,sh,红利低波ETF华泰柏瑞
2021-05-21,0.733,0.736,0.738,0.73,337.0,512890,sh,红利低波ETF华泰柏瑞
2021-05-24,0.736,0.741,0.743,0.736,5850.0,512890,sh,红利低波ETF华泰柏瑞
2021-05-25,0.741,0.752,0.753,0.741,6097.0,512890,sh,红利低波ETF华泰柏瑞
2021-05-26,0.756,0.756,0.759,0.755,16637.0,512890,sh,红利低波ETF华泰柏瑞
2021-05-27,0.756,0.761,0.761,0.755,11263.0,512890,sh,红利低波ETF华泰柏瑞
2021-05-28,0.763,0.764,0.769,0.763,15809.0,512890,sh,红利低波ETF华泰柏瑞
2021-05-31,0.763,0.769,0.769,0.759,44606.0,512890,sh,红利低波ETF华泰柏瑞
2021-06-01,0.769,0.769,0.77,0.759,9292.0,512890,sh,红利低波ETF华泰柏瑞
2021-06-02,0.767,0.77,0.771,0.765,4579.0,512890,sh,红利低波ETF华泰柏瑞
2021-06-03,0.77,0.768,0.775,0.768,3199.0,512890,sh,红利低波ETF华泰柏瑞
2021-06-04,0.762,0.767,0.774,0.761,7399.0,512890,sh,红利低波ETF华泰柏瑞
2021-06-07,0.767,0.759,0.767,0.757,2743.0,512890,sh,红利低波ETF华泰柏瑞
2021-06-08,0.76,0.761,0.762,0.757,25077.0,512890,sh,红利低波ETF华泰柏瑞
2021-06-09,0.761,0.762,0.766,0.759,1340.0,512890,sh,红利低波ETF华泰柏瑞
2021-06-10,0.761,0.762,0.765,0.76,707.0,512890,sh,红利低波ETF华泰柏瑞
2021-06-11,0.762,0.76,0.765,0.76,7736.0,512890,sh,红利低波ETF华泰柏瑞
2021-06-15,0.763,0.752,0.763,0.75,2178.0,512890,sh,红利低波ETF华泰柏瑞
2021-06-16,0.752,0.751,0.757,0.749,1528.0,512890,sh,红利低波ETF华泰柏瑞
2021-06-17,0.751,0.751,0.757,0.749,2605.0,512890,sh,红利低波ETF华泰柏瑞
2021-06-18,0.751,0.747,0.751,0.744,2223.0,512890,sh,红利低波ETF华泰柏瑞
2021-06-21,0.734,0.746,0.75,0.734,5396.0,512890,sh,红利低波ETF华泰柏瑞
2021-06-22,0.746,0.75,0.753,0.746,3578.0,512890,sh,红利低波ETF华泰柏瑞
2021-06-23,0.75,0.759,0.761,0.747,24587.0,512890,sh,红利低波ETF华泰柏瑞
2021-06-24,0.758,0.759,0.763,0.754,29533.0,512890,sh,红利低波ETF华泰柏瑞
2021-06-25,0.757,0.759,0.76,0.755,62747.0,512890,sh,红利低波ETF华泰柏瑞
2021-06-28,0.759,0.748,0.759,0.747,19692.0,512890,sh,红利低波ETF华泰柏瑞
2021-06-29,0.748,0.746,0.75,0.741,11847.0,512890,sh,红利低波ETF华泰柏瑞
2021-06-30,0.746,0.75,0.75,0.745,14576.0,512890,sh,红利低波ETF华泰柏瑞
2021-07-01,0.75,0.757,0.764,0.749,3512.0,512890,sh,红利低波ETF华泰柏瑞
2021-07-02,0.757,0.748,0.794,0.746,7448.0,512890,sh,红利低波ETF华泰柏瑞
2021-07-05,0.748,0.745,0.748,0.742,3857.0,512890,sh,红利低波ETF华泰柏瑞
2021-07-06,0.745,0.747,0.749,0.744,16744.0,512890,sh,红利低波ETF华泰柏瑞
2021-07-07,0.747,0.745,0.749,0.743,15582.0,512890,sh,红利低波ETF华泰柏瑞
2021-07-08,0.745,0.734,0.745,0.734,5557.0,512890,sh,红利低波ETF华泰柏瑞
2021-07-09,0.734,0.739,0.741,0.733,1660.0,512890,sh,红利低波ETF华泰柏瑞
2021-07-12,0.741,0.736,0.744,0.735,23409.0,512890,sh,红利低波ETF华泰柏瑞
2021-07-13,0.736,0.74,0.74,0.733,32413.0,512890,sh,红利低波ETF华泰柏瑞
2021-07-14,0.739,0.746,0.748,0.739,26577.0,512890,sh,红利低波ETF华泰柏瑞
2021-07-15,0.741,0.745,0.745,0.737,13227.0,512890,sh,红利低波ETF华泰柏瑞
2021-07-16,0.745,0.749,0.753,0.745,12898.0,512890,sh,红利低波ETF华泰柏瑞
2021-07-19,0.765,0.751,0.765,0.748,16526.0,512890,sh,红利低波ETF华泰柏瑞
2021-07-20,0.751,0.749,0.751,0.745,19630.0,512890,sh,红利低波ETF华泰柏瑞
2021-07-21,0.752,0.747,0.752,0.741,45662.0,512890,sh,红利低波ETF华泰柏瑞
2021-07-22,0.745,0.751,0.751,0.745,34730.0,512890,sh,红利低波ETF华泰柏瑞
2021-07-23,0.752,0.748,0.755,0.746,14076.0,512890,sh,红利低波ETF华泰柏瑞
2021-07-26,0.748,0.731,0.748,0.726,12448.0,512890,sh,红利低波ETF华泰柏瑞
2021-07-27,0.731,0.711,0.733,0.711,9864.0,512890,sh,红利低波ETF华泰柏瑞
2021-07-28,0.713,0.71,0.714,0.701,17828.0,512890,sh,红利低波ETF华泰柏瑞
2021-07-29,0.71,0.711,0.713,0.707,18650.0,512890,sh,红利低波ETF华泰柏瑞
2021-07-30,0.711,0.711,0.72,0.704,22973.0,512890,sh,红利低波ETF华泰柏瑞
2021-08-02,0.712,0.709,0.713,0.692,14226.0,512890,sh,红利低波ETF华泰柏瑞
2021-08-03,0.708,0.703,0.71,0.702,6839.0,512890,sh,红利低波ETF华泰柏瑞
2021-08-04,0.704,0.709,0.709,0.703,8892.0,512890,sh,红利低波ETF华泰柏瑞
2021-08-05,0.713,0.709,0.716,0.707,10773.0,512890,sh,红利低波ETF华泰柏瑞
2021-08-06,0.709,0.713,0.713,0.705,16513.0,512890,sh,红利低波ETF华泰柏瑞
2021-08-09,0.713,0.724,0.728,0.712,18994.0,512890,sh,红利低波ETF华泰柏瑞
2021-08-10,0.724,0.724,0.725,0.72,20685.0,512890,sh,红利低波ETF华泰柏瑞
2021-08-11,0.724,0.743,0.743,0.724,9823.0,512890,sh,红利低波ETF华泰柏瑞
2021-08-12,0.743,0.752,0.752,0.743,24511.0,512890,sh,红利低波ETF华泰柏瑞
2021-08-13,0.751,0.751,0.753,0.748,6811.0,512890,sh,红利低波ETF华泰柏瑞
2021-08-16,0.756,0.757,0.764,0.753,26262.0,512890,sh,红利低波ETF华泰柏瑞
2021-08-17,0.757,0.746,0.757,0.744,25612.0,512890,sh,红利低波ETF华泰柏瑞
2021-08-18,0.745,0.749,0.75,0.744,13247.0,512890,sh,红利低波ETF华泰柏瑞
2021-08-19,0.747,0.741,0.747,0.738,12549.0,512890,sh,红利低波ETF华泰柏瑞
2021-08-20,0.739,0.742,0.742,0.734,14864.0,512890,sh,红利低波ETF华泰柏瑞
2021-08-23,0.748,0.749,0.75,0.745,3385.0,512890,sh,红利低波ETF华泰柏瑞
2021-08-24,0.751,0.751,0.753,0.747,25407.0,512890,sh,红利低波ETF华泰柏瑞
2021-08-25,0.752,0.756,0.757,0.75,25100.0,512890,sh,红利低波ETF华泰柏瑞
2021-08-26,0.756,0.766,0.768,0.756,44985.0,512890,sh,红利低波ETF华泰柏瑞
2021-08-27,0.766,0.77,0.771,0.759,9543.0,512890,sh,红利低波ETF华泰柏瑞
2021-08-30,0.773,0.774,0.774,0.765,15111.0,512890,sh,红利低波ETF华泰柏瑞
2021-08-31,0.774,0.8,0.8,0.774,13026.0,512890,sh,红利低波ETF华泰柏瑞
2021-09-01,0.797,0.794,0.8,0.788,20090.0,512890,sh,红利低波ETF华泰柏瑞
2021-09-02,0.794,0.809,0.809,0.794,18044.0,512890,sh,红利低波ETF华泰柏瑞
2021-09-03,0.809,0.807,0.814,0.802,25100.0,512890,sh,红利低波ETF华泰柏瑞
2021-09-06,0.808,0.813,0.815,0.804,20170.0,512890,sh,红利低波ETF华泰柏瑞
2021-09-07,0.819,0.83,0.832,0.816,12469.0,512890,sh,红利低波ETF华泰柏瑞
2021-09-08,0.822,0.846,0.847,0.822,22084.0,512890,sh,红利低波ETF华泰柏瑞
2021-09-09,0.846,0.872,0.872,0.841,23290.0,512890,sh,红利低波ETF华泰柏瑞
2021-09-10,0.872,0.865,0.877,0.86,31036.0,512890,sh,红利低波ETF华泰柏瑞
2021-09-13,0.867,0.887,0.888,0.865,17142.0,512890,sh,红利低波ETF华泰柏瑞
2021-09-14,0.886,0.869,0.888,0.866,18786.0,512890,sh,红利低波ETF华泰柏瑞
2021-09-15,0.869,0.865,0.876,0.86,19187.0,512890,sh,红利低波ETF华泰柏瑞
2021-09-16,0.865,0.86,0.886,0.86,9858.0,512890,sh,红利低波ETF华泰柏瑞
2021-09-17,0.859,0.843,0.872,0.833,17474.0,512890,sh,红利低波ETF华泰柏瑞
2021-09-22,0.844,0.868,0.868,0.818,13244.0,512890,sh,红利低波ETF华泰柏瑞
2021-09-23,0.87,0.868,0.899,0.862,10910.0,512890,sh,红利低波ETF华泰柏瑞
2021-09-24,0.868,0.836,0.868,0.836,6299.0,512890,sh,红利低波ETF华泰柏瑞
2021-09-27,0.838,0.819,0.844,0.812,12544.0,512890,sh,红利低波ETF华泰柏瑞
2021-09-28,0.824,0.84,0.841,0.823,24084.0,512890,sh,红利低波ETF华泰柏瑞
2021-09-29,0.84,0.818,0.841,0.817,13503.0,512890,sh,红利低波ETF华泰柏瑞
2021-09-30,0.818,0.829,0.829,0.812,2168.0,512890,sh,红利低波ETF华泰柏瑞
2021-10-08,0.837,0.821,0.837,0.817,3226.0,512890,sh,红利低波ETF华泰柏瑞
2021-10-11,0.822,0.829,0.832,0.821,6410.0,512890,sh,红利低波ETF华泰柏瑞
2021-10-12,0.829,0.824,0.839,0.812,13495.0,512890,sh,红利低波ETF华泰柏瑞
2021-10-13,0.824,0.809,0.824,0.799,11491.0,512890,sh,红利低波ETF华泰柏瑞
2021-10-14,0.809,0.803,0.809,0.797,14343.0,512890,sh,红利低波ETF华泰柏瑞
2021-10-15,0.802,0.807,0.809,0.796,23229.0,512890,sh,红利低波ETF华泰柏瑞
2021-10-18,0.807,0.823,0.823,0.805,18309.0,512890,sh,红利低波ETF华泰柏瑞
2021-10-19,0.823,0.823,0.838,0.816,13672.0,512890,sh,红利低波ETF华泰柏瑞
2021-10-20,0.823,0.807,0.823,0.803,82984.0,512890,sh,红利低波ETF华泰柏瑞
2021-10-21,0.806,0.82,0.825,0.806,32801.0,512890,sh,红利低波ETF华泰柏瑞
2021-10-25,0.87,0.801,0.87,0.791,49350.0,512890,sh,红利低波ETF华泰柏瑞
2021-10-26,0.801,0.796,0.804,0.794,72199.0,512890,sh,红利低波ETF华泰柏瑞
2021-10-27,0.795,0.782,0.795,0.778,20190.0,512890,sh,红利低波ETF华泰柏瑞
2021-10-28,0.78,0.759,0.787,0.757,31980.0,512890,sh,红利低波ETF华泰柏瑞
2021-10-29,0.76,0.755,0.76,0.749,94326.0,512890,sh,红利低波ETF华泰柏瑞
2021-11-01,0.756,0.762,0.766,0.753,208767.0,512890,sh,红利低波ETF华泰柏瑞
2021-11-02,0.762,0.744,0.763,0.737,70170.0,512890,sh,红利低波ETF华泰柏瑞
2021-11-03,0.744,0.76,0.761,0.744,28257.0,512890,sh,红利低波ETF华泰柏瑞
2021-11-04,0.76,0.757,0.76,0.751,26425.0,512890,sh,红利低波ETF华泰柏瑞
2021-11-05,0.761,0.742,0.761,0.741,14483.0,512890,sh,红利低波ETF华泰柏瑞
2021-11-08,0.743,0.743,0.748,0.74,11306.0,512890,sh,红利低波ETF华泰柏瑞
2021-11-09,0.742,0.742,0.743,0.739,2943.0,512890,sh,红利低波ETF华泰柏瑞
2021-11-10,0.737,0.74,0.74,0.726,10027.0,512890,sh,红利低波ETF华泰柏瑞
2021-11-11,0.745,0.755,0.756,0.743,39812.0,512890,sh,红利低波ETF华泰柏瑞
2021-11-12,0.755,0.751,0.755,0.748,72285.0,512890,sh,红利低波ETF华泰柏瑞
2021-11-15,0.756,0.749,0.756,0.745,2957.0,512890,sh,红利低波ETF华泰柏瑞
2021-11-16,0.748,0.744,0.75,0.744,12868.0,512890,sh,红利低波ETF华泰柏瑞
2021-11-17,0.744,0.743,0.744,0.74,7945.0,512890,sh,红利低波ETF华泰柏瑞
2021-11-18,0.748,0.741,0.748,0.74,9677.0,512890,sh,红利低波ETF华泰柏瑞
2021-11-19,0.739,0.752,0.753,0.737,16480.0,512890,sh,红利低波ETF华泰柏瑞
2021-11-22,0.752,0.752,0.755,0.75,6637.0,512890,sh,红利低波ETF华泰柏瑞
2021-11-23,0.752,0.759,0.761,0.751,11711.0,512890,sh,红利低波ETF华泰柏瑞
2021-11-24,0.759,0.769,0.769,0.757,26835.0,512890,sh,红利低波ETF华泰柏瑞
2021-11-25,0.769,0.767,0.776,0.764,31836.0,512890,sh,红利低波ETF华泰柏瑞
2021-11-26,0.767,0.756,0.767,0.756,4360.0,512890,sh,红利低波ETF华泰柏瑞
2021-11-29,0.752,0.749,0.775,0.744,16455.0,512890,sh,红利低波ETF华泰柏瑞
2021-11-30,0.751,0.748,0.755,0.747,31765.0,512890,sh,红利低波ETF华泰柏瑞
2021-12-01,0.749,0.758,0.76,0.749,44838.0,512890,sh,红利低波ETF华泰柏瑞
2021-12-02,0.76,0.763,0.765,0.756,33842.0,512890,sh,红利低波ETF华泰柏瑞
2021-12-03,0.763,0.776,0.779,0.757,39857.0,512890,sh,红利低波ETF华泰柏瑞
2021-12-06,0.775,0.773,0.784,0.772,17685.0,512890,sh,红利低波ETF华泰柏瑞
2021-12-07,0.773,0.784,0.785,0.771,17327.0,512890,sh,红利低波ETF华泰柏瑞
2021-12-08,0.784,0.785,0.785,0.776,5381.0,512890,sh,红利低波ETF华泰柏瑞
2021-12-09,0.783,0.787,0.79,0.782,17864.0,512890,sh,红利低波ETF华泰柏瑞
2021-12-10,0.785,0.784,0.787,0.781,78636.0,512890,sh,红利低波ETF华泰柏瑞
2021-12-13,0.784,0.779,0.786,0.778,43403.0,512890,sh,红利低波ETF华泰柏瑞
2021-12-14,0.776,0.769,0.776,0.767,5591.0,512890,sh,红利低波ETF华泰柏瑞
2021-12-15,0.769,0.776,0.778,0.767,44615.0,512890,sh,红利低波ETF华泰柏瑞
2021-12-16,0.776,0.787,0.788,0.776,35781.0,512890,sh,红利低波ETF华泰柏瑞
2021-12-17,0.788,0.788,0.791,0.786,34027.0,512890,sh,红利低波ETF华泰柏瑞
2021-12-20,0.788,0.784,0.79,0.784,41300.0,512890,sh,红利低波ETF华泰柏瑞
2021-12-21,0.786,0.798,0.799,0.786,45066.0,512890,sh,红利低波ETF华泰柏瑞
2021-12-22,0.795,0.795,0.797,0.792,20924.0,512890,sh,红利低波ETF华泰柏瑞
2021-12-23,0.795,0.799,0.8,0.793,33473.0,512890,sh,红利低波ETF华泰柏瑞
2021-12-24,0.795,0.793,0.796,0.791,18740.0,512890,sh,红利低波ETF华泰柏瑞
2021-12-27,0.796,0.797,0.799,0.795,1547.0,512890,sh,红利低波ETF华泰柏瑞
2021-12-28,0.796,0.791,0.796,0.788,28263.0,512890,sh,红利低波ETF华泰柏瑞
2021-12-29,0.786,0.788,0.791,0.786,57290.0,512890,sh,红利低波ETF华泰柏瑞
2021-12-30,0.785,0.789,0.792,0.785,40024.0,512890,sh,红利低波ETF华泰柏瑞
2021-12-31,0.792,0.795,0.796,0.792,70693.0,512890,sh,红利低波ETF华泰柏瑞
2022-01-04,0.795,0.809,0.81,0.795,56662.0,512890,sh,红利低波ETF华泰柏瑞
2022-01-05,0.809,0.812,0.814,0.806,57766.0,512890,sh,红利低波ETF华泰柏瑞
2022-01-06,0.812,0.818,0.819,0.812,47527.0,512890,sh,红利低波ETF华泰柏瑞
2022-01-07,0.82,0.825,0.83,0.82,49588.0,512890,sh,红利低波ETF华泰柏瑞
2022-01-10,0.825,0.829,0.83,0.822,69076.0,512890,sh,红利低波ETF华泰柏瑞
2022-01-11,0.832,0.832,0.839,0.828,50064.0,512890,sh,红利低波ETF华泰柏瑞
2022-01-12,0.831,0.827,0.831,0.82,27315.0,512890,sh,红利低波ETF华泰柏瑞
2022-01-13,0.826,0.835,0.839,0.823,83799.0,512890,sh,红利低波ETF华泰柏瑞
2022-01-14,0.838,0.81,0.838,0.809,118698.0,512890,sh,红利低波ETF华泰柏瑞
2022-01-17,0.81,0.813,0.815,0.795,45345.0,512890,sh,红利低波ETF华泰柏瑞
2022-01-18,0.813,0.82,0.824,0.808,63537.0,512890,sh,红利低波ETF华泰柏瑞
2022-01-19,0.822,0.835,0.836,0.822,97117.0,512890,sh,红利低波ETF华泰柏瑞
2022-01-20,0.835,0.829,0.837,0.826,65803.0,512890,sh,红利低波ETF华泰柏瑞
2022-01-21,0.829,0.821,0.829,0.819,64965.0,512890,sh,红利低波ETF华泰柏瑞
2022-01-24,0.825,0.822,0.827,0.812,59143.0,512890,sh,红利低波ETF华泰柏瑞
2022-01-25,0.817,0.8,0.818,0.8,36616.0,512890,sh,红利低波ETF华泰柏瑞
2022-01-26,0.8,0.806,0.808,0.796,55176.0,512890,sh,红利低波ETF华泰柏瑞
2022-01-27,0.804,0.797,0.807,0.797,69186.0,512890,sh,红利低波ETF华泰柏瑞
2022-01-28,0.797,0.791,0.8,0.79,58655.0,512890,sh,红利低波ETF华泰柏瑞
2022-02-07,0.791,0.811,0.813,0.791,40293.0,512890,sh,红利低波ETF华泰柏瑞
2022-02-08,0.811,0.83,0.83,0.811,86440.0,512890,sh,红利低波ETF华泰柏瑞
2022-02-09,0.83,0.834,0.84,0.83,58277.0,512890,sh,红利低波ETF华泰柏瑞
2022-02-10,0.835,0.845,0.846,0.83,85349.0,512890,sh,红利低波ETF华泰柏瑞
2022-02-11,0.847,0.848,0.855,0.846,119080.0,512890,sh,红利低波ETF华泰柏瑞
2022-02-14,0.848,0.831,0.882,0.827,58147.0,512890,sh,红利低波ETF华泰柏瑞
2022-02-15,0.831,0.824,0.831,0.82,73943.0,512890,sh,红利低波ETF华泰柏瑞
2022-02-16,0.827,0.834,0.834,0.827,45019.0,512890,sh,红利低波ETF华泰柏瑞
2022-02-17,0.834,0.83,0.839,0.828,56061.0,512890,sh,红利低波ETF华泰柏瑞
2022-02-18,0.83,0.85,0.85,0.826,109507.0,512890,sh,红利低波ETF华泰柏瑞
2022-02-21,0.848,0.85,0.852,0.839,87153.0,512890,sh,红利低波ETF华泰柏瑞
2022-02-22,0.852,0.843,0.852,0.836,145404.0,512890,sh,红利低波ETF华泰柏瑞
2022-02-23,0.843,0.838,0.844,0.831,134017.0,512890,sh,红利低波ETF华泰柏瑞
2022-02-24,0.834,0.82,0.834,0.812,108227.0,512890,sh,红利低波ETF华泰柏瑞
2022-02-25,0.82,0.817,0.827,0.813,96021.0,512890,sh,红利低波ETF华泰柏瑞
2022-02-28,0.809,0.818,0.822,0.809,133682.0,512890,sh,红利低波ETF华泰柏瑞
2022-03-01,0.818,0.827,0.827,0.816,139454.0,512890,sh,红利低波ETF华泰柏瑞
2022-03-02,0.83,0.834,0.834,0.823,154975.0,512890,sh,红利低波ETF华泰柏瑞
2022-03-03,0.835,0.843,0.847,0.835,130598.0,512890,sh,红利低波ETF华泰柏瑞
2022-03-04,0.844,0.836,0.844,0.831,149590.0,512890,sh,红利低波ETF华泰柏瑞
2022-03-07,0.836,0.832,0.843,0.828,102429.0,512890,sh,红利低波ETF华泰柏瑞
2022-03-08,0.832,0.806,0.832,0.804,126394.0,512890,sh,红利低波ETF华泰柏瑞
2022-03-09,0.805,0.796,0.812,0.774,164682.0,512890,sh,红利低波ETF华泰柏瑞
2022-03-10,0.812,0.804,0.818,0.794,125532.0,512890,sh,红利低波ETF华泰柏瑞
2022-03-11,0.78,0.806,0.81,0.78,136307.0,512890,sh,红利低波ETF华泰柏瑞
2022-03-14,0.8,0.792,0.811,0.791,131456.0,512890,sh,红利低波ETF华泰柏瑞
2022-03-15,0.793,0.747,0.793,0.746,117078.0,512890,sh,红利低波ETF华泰柏瑞
2022-03-16,0.749,0.763,0.769,0.733,148744.0,512890,sh,红利低波ETF华泰柏瑞
2022-03-17,0.77,0.773,0.783,0.764,154002.0,512890,sh,红利低波ETF华泰柏瑞
2022-03-18,0.77,0.796,0.796,0.77,221593.0,512890,sh,红利低波ETF华泰柏瑞
2022-03-21,0.804,0.792,0.804,0.785,106287.0,512890,sh,红利低波ETF华泰柏瑞
2022-03-22,0.788,0.804,0.809,0.788,135627.0,512890,sh,红利低波ETF华泰柏瑞
2022-03-23,0.804,0.805,0.81,0.797,166060.0,512890,sh,红利低波ETF华泰柏瑞
2022-03-24,0.805,0.803,0.808,0.8,116308.0,512890,sh,红利低波ETF华泰柏瑞
2022-03-25,0.803,0.803,0.811,0.798,122997.0,512890,sh,红利低波ETF华泰柏瑞
2022-03-28,0.803,0.823,0.824,0.796,199041.0,512890,sh,红利低波ETF华泰柏瑞
2022-03-29,0.821,0.819,0.821,0.813,174712.0,512890,sh,红利低波ETF华泰柏瑞
2022-03-30,0.819,0.827,0.829,0.816,139096.0,512890,sh,红利低波ETF华泰柏瑞
2022-03-31,0.83,0.842,0.847,0.829,237093.0,512890,sh,红利低波ETF华泰柏瑞
2022-04-01,0.839,0.855,0.857,0.834,189964.0,512890,sh,红利低波ETF华泰柏瑞
2022-04-06,0.855,0.869,0.872,0.853,211071.0,512890,sh,红利低波ETF华泰柏瑞
2022-04-07,0.868,0.852,0.869,0.85,327672.0,512890,sh,红利低波ETF华泰柏瑞
2022-04-08,0.852,0.866,0.868,0.85,203779.0,512890,sh,红利低波ETF华泰柏瑞
2022-04-11,0.864,0.859,0.864,0.851,238755.0,512890,sh,红利低波ETF华泰柏瑞
2022-04-12,0.853,0.851,0.859,0.845,314505.0,512890,sh,红利低波ETF华泰柏瑞
2022-04-13,0.846,0.849,0.858,0.844,228376.0,512890,sh,红利低波ETF华泰柏瑞
2022-04-14,0.844,0.862,0.865,0.844,208689.0,512890,sh,红利低波ETF华泰柏瑞
2022-04-15,0.864,0.858,0.868,0.854,201207.0,512890,sh,红利低波ETF华泰柏瑞
2022-04-18,0.858,0.844,0.858,0.842,231688.0,512890,sh,红利低波ETF华泰柏瑞
2022-04-19,0.844,0.853,0.855,0.837,182973.0,512890,sh,红利低波ETF华泰柏瑞
2022-04-20,0.85,0.835,0.86,0.831,241139.0,512890,sh,红利低波ETF华泰柏瑞
2022-04-21,0.84,0.819,0.84,0.816,286175.0,512890,sh,红利低波ETF华泰柏瑞
2022-04-22,0.82,0.832,0.836,0.808,217030.0,512890,sh,红利低波ETF华泰柏瑞
2022-04-25,0.827,0.799,0.829,0.798,279553.0,512890,sh,红利低波ETF华泰柏瑞
2022-04-26,0.796,0.799,0.813,0.793,232869.0,512890,sh,红利低波ETF华泰柏瑞
2022-04-27,0.797,0.803,0.805,0.784,244171.0,512890,sh,红利低波ETF华泰柏瑞
2022-04-28,0.798,0.82,0.82,0.798,245408.0,512890,sh,红利低波ETF华泰柏瑞
2022-04-29,0.82,0.833,0.834,0.81,226394.0,512890,sh,红利低波ETF华泰柏瑞
2022-05-05,0.833,0.833,0.837,0.824,208370.0,512890,sh,红利低波ETF华泰柏瑞
2022-05-06,0.823,0.811,0.823,0.808,208302.0,512890,sh,红利低波ETF华泰柏瑞
2022-05-09,0.8,0.815,0.816,0.796,208237.0,512890,sh,红利低波ETF华泰柏瑞
2022-05-10,0.809,0.823,0.823,0.797,243735.0,512890,sh,红利低波ETF华泰柏瑞
2022-05-11,0.817,0.824,0.829,0.817,220075.0,512890,sh,红利低波ETF华泰柏瑞
2022-05-12,0.815,0.822,0.829,0.815,341099.0,512890,sh,红利低波ETF华泰柏瑞
2022-05-13,0.822,0.837,0.839,0.822,622197.0,512890,sh,红利低波ETF华泰柏瑞
2022-05-16,0.843,0.844,0.846,0.836,234792.0,512890,sh,红利低波ETF华泰柏瑞
2022-05-17,0.844,0.836,0.844,0.829,244268.0,512890,sh,红利低波ETF华泰柏瑞
2022-05-18,0.836,0.832,0.838,0.829,204201.0,512890,sh,红利低波ETF华泰柏瑞
2022-05-19,0.82,0.837,0.838,0.82,255944.0,512890,sh,红利低波ETF华泰柏瑞
2022-05-20,0.837,0.84,0.842,0.833,257236.0,512890,sh,红利低波ETF华泰柏瑞
2022-05-23,0.84,0.834,0.843,0.833,224291.0,512890,sh,红利低波ETF华泰柏瑞
2022-05-24,0.834,0.819,0.838,0.818,231006.0,512890,sh,红利低波ETF华泰柏瑞
2022-05-25,0.818,0.832,0.832,0.814,214399.0,512890,sh,红利低波ETF华泰柏瑞
2022-05-26,0.835,0.841,0.843,0.833,212482.0,512890,sh,红利低波ETF华泰柏瑞
2022-05-27,0.841,0.845,0.847,0.839,233431.0,512890,sh,红利低波ETF华泰柏瑞
2022-05-30,0.846,0.846,0.85,0.841,262579.0,512890,sh,红利低波ETF华泰柏瑞
2022-05-31,0.846,0.844,0.846,0.839,228625.0,512890,sh,红利低波ETF华泰柏瑞
2022-06-01,0.84,0.845,0.847,0.839,194879.0,512890,sh,红利低波ETF华泰柏瑞
2022-06-02,0.846,0.839,0.846,0.835,212971.0,512890,sh,红利低波ETF华泰柏瑞
2022-06-06,0.838,0.838,0.838,0.827,231472.0,512890,sh,红利低波ETF华泰柏瑞
2022-06-07,0.839,0.839,0.841,0.833,195137.0,512890,sh,红利低波ETF华泰柏瑞
2022-06-08,0.835,0.844,0.847,0.833,268066.0,512890,sh,红利低波ETF华泰柏瑞
2022-06-09,0.844,0.847,0.853,0.843,252358.0,512890,sh,红利低波ETF华泰柏瑞
2022-06-10,0.844,0.849,0.851,0.841,212802.0,512890,sh,红利低波ETF华泰柏瑞
2022-06-13,0.848,0.835,0.848,0.829,262953.0,512890,sh,红利低波ETF华泰柏瑞
2022-06-14,0.831,0.846,0.847,0.828,257117.0,512890,sh,红利低波ETF华泰柏瑞
2022-06-15,0.846,0.852,0.861,0.843,336723.0,512890,sh,红利低波ETF华泰柏瑞
2022-06-16,0.851,0.839,0.853,0.836,314592.0,512890,sh,红利低波ETF华泰柏瑞
2022-06-17,0.838,0.836,0.838,0.827,274465.0,512890,sh,红利低波ETF华泰柏瑞
2022-06-20,0.836,0.833,0.836,0.83,213117.0,512890,sh,红利低波ETF华泰柏瑞
2022-06-21,0.833,0.836,0.842,0.832,365930.0,512890,sh,红利低波ETF华泰柏瑞
2022-06-22,0.836,0.825,0.836,0.823,214429.0,512890,sh,红利低波ETF华泰柏瑞
2022-06-23,0.828,0.828,0.83,0.819,242069.0,512890,sh,红利低波ETF华泰柏瑞
2022-06-24,0.828,0.825,0.831,0.823,254773.0,512890,sh,红利低波ETF华泰柏瑞
2022-06-27,0.825,0.835,0.837,0.825,233148.0,512890,sh,红利低波ETF华泰柏瑞
2022-06-28,0.834,0.839,0.839,0.832,208639.0,512890,sh,红利低波ETF华泰柏瑞
2022-06-29,0.84,0.845,0.851,0.833,285536.0,512890,sh,红利低波ETF华泰柏瑞
2022-06-30,0.845,0.848,0.851,0.843,261410.0,512890,sh,红利低波ETF华泰柏瑞
2022-07-01,0.85,0.848,0.854,0.841,263594.0,512890,sh,红利低波ETF华泰柏瑞
2022-07-04,0.849,0.847,0.849,0.842,246902.0,512890,sh,红利低波ETF华泰柏瑞
2022-07-05,0.842,0.85,0.852,0.842,290145.0,512890,sh,红利低波ETF华泰柏瑞
2022-07-06,0.849,0.832,0.849,0.827,264430.0,512890,sh,红利低波ETF华泰柏瑞
2022-07-07,0.831,0.834,0.835,0.829,182630.0,512890,sh,红利低波ETF华泰柏瑞
2022-07-08,0.836,0.834,0.837,0.832,216047.0,512890,sh,红利低波ETF华泰柏瑞
2022-07-11,0.834,0.829,0.835,0.824,208441.0,512890,sh,红利低波ETF华泰柏瑞
2022-07-12,0.832,0.836,0.842,0.831,259710.0,512890,sh,红利低波ETF华泰柏瑞
2022-07-13,0.836,0.836,0.839,0.832,185257.0,512890,sh,红利低波ETF华泰柏瑞
2022-07-14,0.836,0.822,0.836,0.821,291493.0,512890,sh,红利低波ETF华泰柏瑞
2022-07-15,0.824,0.81,0.824,0.808,246205.0,512890,sh,红利低波ETF华泰柏瑞
2022-07-18,0.807,0.826,0.827,0.807,244192.0,512890,sh,红利低波ETF华泰柏瑞
2022-07-19,0.826,0.827,0.83,0.824,204747.0,512890,sh,红利低波ETF华泰柏瑞
2022-07-20,0.827,0.831,0.831,0.827,201488.0,512890,sh,红利低波ETF华泰柏瑞
2022-07-21,0.828,0.818,0.828,0.815,228768.0,512890,sh,红利低波ETF华泰柏瑞
2022-07-22,0.818,0.815,0.822,0.81,190207.0,512890,sh,红利低波ETF华泰柏瑞
2022-07-25,0.814,0.816,0.82,0.814,179080.0,512890,sh,红利低波ETF华泰柏瑞
2022-07-26,0.816,0.825,0.828,0.814,212011.0,512890,sh,红利低波ETF华泰柏瑞
2022-07-27,0.825,0.822,0.826,0.821,177782.0,512890,sh,红利低波ETF华泰柏瑞
2022-07-28,0.823,0.824,0.828,0.823,229410.0,512890,sh,红利低波ETF华泰柏瑞
2022-07-29,0.825,0.817,0.828,0.817,215710.0,512890,sh,红利低波ETF华泰柏瑞
2022-08-01,0.817,0.817,0.82,0.812,183272.0,512890,sh,红利低波ETF华泰柏瑞
2022-08-02,0.81,0.801,0.816,0.794,295412.0,512890,sh,红利低波ETF华泰柏瑞
2022-08-03,0.801,0.79,0.807,0.789,237341.0,512890,sh,红利低波ETF华泰柏瑞
2022-08-04,0.791,0.795,0.796,0.788,223538.0,512890,sh,红利低波ETF华泰柏瑞
2022-08-05,0.796,0.799,0.799,0.791,229265.0,512890,sh,红利低波ETF华泰柏瑞
2022-08-08,0.799,0.807,0.809,0.799,207689.0,512890,sh,红利低波ETF华泰柏瑞
2022-08-09,0.807,0.811,0.811,0.805,199494.0,512890,sh,红利低波ETF华泰柏瑞
2022-08-10,0.811,0.808,0.811,0.805,193494.0,512890,sh,红利低波ETF华泰柏瑞
2022-08-11,0.807,0.816,0.817,0.807,253481.0,512890,sh,红利低波ETF华泰柏瑞
2022-08-12,0.815,0.823,0.824,0.815,199203.0,512890,sh,红利低波ETF华泰柏瑞
2022-08-15,0.821,0.823,0.827,0.821,256750.0,512890,sh,红利低波ETF华泰柏瑞
2022-08-16,0.819,0.825,0.827,0.819,387036.0,512890,sh,红利低波ETF华泰柏瑞
2022-08-17,0.824,0.827,0.828,0.821,246174.0,512890,sh,红利低波ETF华泰柏瑞
2022-08-18,0.826,0.821,0.827,0.818,213898.0,512890,sh,红利低波ETF华泰柏瑞
2022-08-19,0.821,0.829,0.832,0.821,236800.0,512890,sh,红利低波ETF华泰柏瑞
2022-08-22,0.832,0.833,0.835,0.828,192400.0,512890,sh,红利低波ETF华泰柏瑞
2022-08-23,0.835,0.835,0.837,0.829,242678.0,512890,sh,红利低波ETF华泰柏瑞
2022-08-24,0.839,0.828,0.839,0.827,216013.0,512890,sh,红利低波ETF华泰柏瑞
2022-08-25,0.828,0.844,0.848,0.828,328760.0,512890,sh,红利低波ETF华泰柏瑞
2022-08-26,0.846,0.844,0.85,0.841,299325.0,512890,sh,红利低波ETF华泰柏瑞
2022-08-29,0.844,0.85,0.852,0.834,260938.0,512890,sh,红利低波ETF华泰柏瑞
2022-08-30,0.851,0.852,0.855,0.844,231340.0,512890,sh,红利低波ETF华泰柏瑞
2022-08-31,0.854,0.847,0.856,0.845,293811.0,512890,sh,红利低波ETF华泰柏瑞
2022-09-01,0.848,0.854,0.864,0.846,308949.0,512890,sh,红利低波ETF华泰柏瑞
2022-09-02,0.854,0.854,0.857,0.851,282524.0,512890,sh,红利低波ETF华泰柏瑞
2022-09-05,0.854,0.869,0.871,0.854,272539.0,512890,sh,红利低波ETF华泰柏瑞
2022-09-06,0.874,0.88,0.881,0.869,271866.0,512890,sh,红利低波ETF华泰柏瑞
2022-09-07,0.88,0.882,0.882,0.874,281396.0,512890,sh,红利低波ETF华泰柏瑞
2022-09-08,0.881,0.883,0.886,0.874,240695.0,512890,sh,红利低波ETF华泰柏瑞
2022-09-09,0.883,0.894,0.895,0.882,265900.0,512890,sh,红利低波ETF华泰柏瑞
2022-09-13,0.894,0.889,0.896,0.887,259375.0,512890,sh,红利低波ETF华泰柏瑞
2022-09-14,0.889,0.88,0.889,0.879,255958.0,512890,sh,红利低波ETF华泰柏瑞
2022-09-15,0.881,0.889,0.893,0.876,346944.0,512890,sh,红利低波ETF华泰柏瑞
2022-09-16,0.89,0.861,0.89,0.861,294241.0,512890,sh,红利低波ETF华泰柏瑞
2022-09-19,0.859,0.86,0.863,0.853,302042.0,512890,sh,红利低波ETF华泰柏瑞
2022-09-20,0.859,0.855,0.864,0.853,247433.0,512890,sh,红利低波ETF华泰柏瑞
2022-09-21,0.849,0.864,0.866,0.848,254720.0,512890,sh,红利低波ETF华泰柏瑞
2022-09-22,0.862,0.86,0.862,0.854,255370.0,512890,sh,红利低波ETF华泰柏瑞
2022-09-23,0.855,0.852,0.865,0.85,285875.0,512890,sh,红利低波ETF华泰柏瑞
2022-09-26,0.845,0.838,0.853,0.836,286908.0,512890,sh,红利低波ETF华泰柏瑞
2022-09-27,0.834,0.845,0.846,0.829,260849.0,512890,sh,红利低波ETF华泰柏瑞
2022-09-28,0.845,0.84,0.847,0.839,252742.0,512890,sh,红利低波ETF华泰柏瑞
2022-09-29,0.841,0.832,0.846,0.828,256342.0,512890,sh,红利低波ETF华泰柏瑞
2022-09-30,0.829,0.835,0.843,0.829,268367.0,512890,sh,红利低波ETF华泰柏瑞
2022-10-10,0.835,0.842,0.852,0.835,229583.0,512890,sh,红利低波ETF华泰柏瑞
2022-10-11,0.841,0.838,0.842,0.83,228940.0,512890,sh,红利低波ETF华泰柏瑞
2022-10-12,0.837,0.845,0.849,0.831,286527.0,512890,sh,红利低波ETF华泰柏瑞
2022-10-13,0.849,0.846,0.849,0.831,236805.0,512890,sh,红利低波ETF华泰柏瑞
2022-10-14,0.844,0.847,0.851,0.841,242049.0,512890,sh,红利低波ETF华泰柏瑞
2022-10-17,0.84,0.843,0.845,0.833,231055.0,512890,sh,红利低波ETF华泰柏瑞
2022-10-18,0.846,0.841,0.847,0.837,213221.0,512890,sh,红利低波ETF华泰柏瑞
2022-10-19,0.84,0.836,0.844,0.835,256261.0,512890,sh,红利低波ETF华泰柏瑞
2022-10-20,0.834,0.83,0.836,0.829,223158.0,512890,sh,红利低波ETF华泰柏瑞
2022-10-21,0.827,0.833,0.839,0.827,252989.0,512890,sh,红利低波ETF华泰柏瑞
2022-10-24,0.825,0.815,0.833,0.811,245929.0,512890,sh,红利低波ETF华泰柏瑞
2022-10-25,0.814,0.809,0.816,0.804,216741.0,512890,sh,红利低波ETF华泰柏瑞
2022-10-26,0.813,0.803,0.813,0.8,229925.0,512890,sh,红利低波ETF华泰柏瑞
2022-10-27,0.803,0.806,0.811,0.803,215194.0,512890,sh,红利低波ETF华泰柏瑞
2022-10-28,0.808,0.792,0.808,0.791,250576.0,512890,sh,红利低波ETF华泰柏瑞
2022-10-31,0.793,0.772,0.793,0.771,256495.0,512890,sh,红利低波ETF华泰柏瑞
2022-11-01,0.772,0.78,0.78,0.768,245764.0,512890,sh,红利低波ETF华泰柏瑞
2022-11-02,0.779,0.791,0.793,0.778,254714.0,512890,sh,红利低波ETF华泰柏瑞
2022-11-03,0.79,0.785,0.79,0.781,214420.0,512890,sh,红利低波ETF华泰柏瑞
2022-11-04,0.785,0.795,0.8,0.785,262456.0,512890,sh,红利低波ETF华泰柏瑞
2022-11-07,0.797,0.802,0.803,0.794,382606.0,512890,sh,红利低波ETF华泰柏瑞
2022-11-08,0.801,0.8,0.804,0.798,153801.0,512890,sh,红利低波ETF华泰柏瑞
2022-11-09,0.8,0.801,0.809,0.799,139273.0,512890,sh,红利低波ETF华泰柏瑞
2022-11-10,0.8,0.801,0.802,0.791,263042.0,512890,sh,红利低波ETF华泰柏瑞
2022-11-11,0.803,0.824,0.828,0.803,270782.0,512890,sh,红利低波ETF华泰柏瑞
2022-11-14,0.823,0.818,0.836,0.818,232247.0,512890,sh,红利低波ETF华泰柏瑞
2022-11-15,0.818,0.824,0.824,0.815,199034.0,512890,sh,红利低波ETF华泰柏瑞
2022-11-16,0.824,0.821,0.824,0.82,254557.0,512890,sh,红利低波ETF华泰柏瑞
2022-11-17,0.821,0.819,0.821,0.814,172532.0,512890,sh,红利低波ETF华泰柏瑞
2022-11-18,0.818,0.816,0.821,0.815,169283.0,512890,sh,红利低波ETF华泰柏瑞
2022-11-21,0.816,0.81,0.816,0.805,204227.0,512890,sh,红利低波ETF华泰柏瑞
2022-11-22,0.81,0.819,0.826,0.81,273641.0,512890,sh,红利低波ETF华泰柏瑞
2022-11-23,0.823,0.827,0.832,0.819,261021.0,512890,sh,红利低波ETF华泰柏瑞
2022-11-24,0.828,0.829,0.832,0.826,210002.0,512890,sh,红利低波ETF华泰柏瑞
2022-11-25,0.83,0.849,0.849,0.83,257509.0,512890,sh,红利低波ETF华泰柏瑞
2022-11-28,0.84,0.84,0.841,0.83,224100.0,512890,sh,红利低波ETF华泰柏瑞
2022-11-29,0.841,0.864,0.866,0.841,223879.0,512890,sh,红利低波ETF华泰柏瑞
2022-11-30,0.86,0.864,0.876,0.86,250299.0,512890,sh,红利低波ETF华泰柏瑞
2022-12-01,0.862,0.858,0.871,0.856,331294.0,512890,sh,红利低波ETF华泰柏瑞
2022-12-02,0.855,0.851,0.858,0.846,211326.0,512890,sh,红利低波ETF华泰柏瑞
2022-12-05,0.85,0.866,0.868,0.85,177918.0,512890,sh,红利低波ETF华泰柏瑞
2022-12-06,0.862,0.861,0.866,0.858,197018.0,512890,sh,红利低波ETF华泰柏瑞
2022-12-07,0.86,0.856,0.863,0.85,207782.0,512890,sh,红利低波ETF华泰柏瑞
2022-12-08,0.855,0.861,0.863,0.854,427889.0,512890,sh,红利低波ETF华泰柏瑞
2022-12-09,0.864,0.857,0.864,0.854,210308.0,512890,sh,红利低波ETF华泰柏瑞
2022-12-12,0.85,0.84,0.852,0.836,426581.0,512890,sh,红利低波ETF华泰柏瑞
2022-12-13,0.84,0.843,0.845,0.838,150771.0,512890,sh,红利低波ETF华泰柏瑞
2022-12-14,0.843,0.839,0.843,0.837,148791.0,512890,sh,红利低波ETF华泰柏瑞
2022-12-15,0.84,0.832,0.842,0.83,153363.0,512890,sh,红利低波ETF华泰柏瑞
2022-12-16,0.831,0.838,0.843,0.831,173115.0,512890,sh,红利低波ETF华泰柏瑞
2022-12-19,0.839,0.826,0.84,0.822,157749.0,512890,sh,红利低波ETF华泰柏瑞
2022-12-20,0.825,0.818,0.825,0.814,142187.0,512890,sh,红利低波ETF华泰柏瑞
2022-12-21,0.819,0.818,0.822,0.816,142447.0,512890,sh,红利低波ETF华泰柏瑞
2022-12-22,0.82,0.814,0.825,0.809,145078.0,512890,sh,红利低波ETF华泰柏瑞
2022-12-23,0.811,0.809,0.814,0.806,135462.0,512890,sh,红利低波ETF华泰柏瑞
2022-12-26,0.81,0.809,0.81,0.807,139597.0,512890,sh,红利低波ETF华泰柏瑞
2022-12-27,0.81,0.819,0.821,0.808,158362.0,512890,sh,红利低波ETF华泰柏瑞
2022-12-28,0.82,0.818,0.821,0.813,144006.0,512890,sh,红利低波ETF华泰柏瑞
2022-12-29,0.817,0.814,0.817,0.811,140782.0,512890,sh,红利低波ETF华泰柏瑞
2022-12-30,0.814,0.818,0.82,0.812,135264.0,512890,sh,红利低波ETF华泰柏瑞
2023-01-03,0.819,0.822,0.822,0.815,199669.0,512890,sh,红利低波ETF华泰柏瑞
2023-01-04,0.822,0.827,0.829,0.82,197511.0,512890,sh,红利低波ETF华泰柏瑞
2023-01-05,0.827,0.826,0.829,0.825,186023.0,512890,sh,红利低波ETF华泰柏瑞
2023-01-06,0.827,0.827,0.828,0.824,161330.0,512890,sh,红利低波ETF华泰柏瑞
2023-01-09,0.826,0.826,0.829,0.825,178548.0,512890,sh,红利低波ETF华泰柏瑞
2023-01-10,0.825,0.82,0.825,0.819,206143.0,512890,sh,红利低波ETF华泰柏瑞
2023-01-11,0.82,0.824,0.827,0.818,209443.0,512890,sh,红利低波ETF华泰柏瑞
2023-01-12,0.823,0.822,0.823,0.819,190372.0,512890,sh,红利低波ETF华泰柏瑞
2023-01-13,0.823,0.831,0.831,0.822,276154.0,512890,sh,红利低波ETF华泰柏瑞
2023-01-16,0.83,0.832,0.836,0.828,209664.0,512890,sh,红利低波ETF华泰柏瑞
2023-01-17,0.832,0.83,0.832,0.827,226767.0,512890,sh,红利低波ETF华泰柏瑞
2023-01-18,0.83,0.834,0.835,0.83,224446.0,512890,sh,红利低波ETF华泰柏瑞
2023-01-19,0.834,0.837,0.837,0.83,170435.0,512890,sh,红利低波ETF华泰柏瑞
2023-01-20,0.837,0.845,0.846,0.837,214552.0,512890,sh,红利低波ETF华泰柏瑞
2023-01-30,0.848,0.84,0.852,0.84,231988.0,512890,sh,红利低波ETF华泰柏瑞
2023-01-31,0.841,0.844,0.846,0.84,219378.0,512890,sh,红利低波ETF华泰柏瑞
2023-02-01,0.845,0.849,0.849,0.841,311054.0,512890,sh,红利低波ETF华泰柏瑞
2023-02-02,0.85,0.848,0.85,0.845,289992.0,512890,sh,红利低波ETF华泰柏瑞
2023-02-03,0.848,0.843,0.849,0.838,374438.0,512890,sh,红利低波ETF华泰柏瑞
2023-02-06,0.843,0.84,0.843,0.836,287838.0,512890,sh,红利低波ETF华泰柏瑞
2023-02-07,0.842,0.843,0.845,0.84,249878.0,512890,sh,红利低波ETF华泰柏瑞
2023-02-08,0.85,0.84,0.85,0.839,207712.0,512890,sh,红利低波ETF华泰柏瑞
2023-02-09,0.835,0.847,0.847,0.835,210340.0,512890,sh,红利低波ETF华泰柏瑞
2023-02-10,0.846,0.851,0.851,0.844,229430.0,512890,sh,红利低波ETF华泰柏瑞
2023-02-13,0.85,0.854,0.854,0.846,172190.0,512890,sh,红利低波ETF华泰柏瑞
2023-02-14,0.854,0.857,0.858,0.853,188376.0,512890,sh,红利低波ETF华泰柏瑞
2023-02-15,0.857,0.855,0.86,0.854,143574.0,512890,sh,红利低波ETF华泰柏瑞
2023-02-16,0.855,0.852,0.865,0.848,238989.0,512890,sh,红利低波ETF华泰柏瑞
2023-02-17,0.851,0.849,0.855,0.848,142736.0,512890,sh,红利低波ETF华泰柏瑞
2023-02-20,0.848,0.867,0.869,0.848,256677.0,512890,sh,红利低波ETF华泰柏瑞
2023-02-21,0.865,0.876,0.878,0.865,154928.0,512890,sh,红利低波ETF华泰柏瑞
2023-02-22,0.872,0.878,0.879,0.872,428351.0,512890,sh,红利低波ETF华泰柏瑞
2023-02-23,0.882,0.874,0.882,0.872,395176.0,512890,sh,红利低波ETF华泰柏瑞
2023-02-24,0.872,0.875,0.876,0.868,192069.0,512890,sh,红利低波ETF华泰柏瑞
2023-02-27,0.876,0.871,0.876,0.869,205968.0,512890,sh,红利低波ETF华泰柏瑞
2023-02-28,0.869,0.875,0.876,0.867,241790.0,512890,sh,红利低波ETF华泰柏瑞
2023-03-01,0.873,0.88,0.882,0.873,203994.0,512890,sh,红利低波ETF华泰柏瑞
2023-03-02,0.881,0.888,0.889,0.878,219764.0,512890,sh,红利低波ETF华泰柏瑞
2023-03-03,0.888,0.895,0.896,0.886,183586.0,512890,sh,红利低波ETF华泰柏瑞
2023-03-06,0.894,0.895,0.899,0.893,141280.0,512890,sh,红利低波ETF华泰柏瑞
2023-03-07,0.895,0.892,0.906,0.891,144245.0,512890,sh,红利低波ETF华泰柏瑞
2023-03-08,0.885,0.89,0.891,0.884,204127.0,512890,sh,红利低波ETF华泰柏瑞
2023-03-09,0.889,0.889,0.893,0.886,160756.0,512890,sh,红利低波ETF华泰柏瑞
2023-03-10,0.889,0.871,0.889,0.87,145306.0,512890,sh,红利低波ETF华泰柏瑞
2023-03-13,0.867,0.883,0.884,0.867,140803.0,512890,sh,红利低波ETF华泰柏瑞
2023-03-14,0.883,0.879,0.887,0.875,129975.0,512890,sh,红利低波ETF华泰柏瑞
2023-03-15,0.881,0.893,0.895,0.881,149674.0,512890,sh,红利低波ETF华泰柏瑞
2023-03-16,0.89,0.886,0.894,0.885,147338.0,512890,sh,红利低波ETF华泰柏瑞
2023-03-17,0.887,0.9,0.902,0.887,169395.0,512890,sh,红利低波ETF华泰柏瑞
2023-03-20,0.896,0.894,0.908,0.894,203102.0,512890,sh,红利低波ETF华泰柏瑞
2023-03-21,0.892,0.892,0.898,0.886,138582.0,512890,sh,红利低波ETF华泰柏瑞
2023-03-22,0.891,0.897,0.897,0.889,148016.0,512890,sh,红利低波ETF华泰柏瑞
2023-03-23,0.895,0.897,0.897,0.89,106683.0,512890,sh,红利低波ETF华泰柏瑞
2023-03-24,0.897,0.89,0.897,0.888,134080.0,512890,sh,红利低波ETF华泰柏瑞
2023-03-27,0.891,0.883,0.891,0.877,147986.0,512890,sh,红利低波ETF华泰柏瑞
2023-03-28,0.88,0.886,0.89,0.879,94232.0,512890,sh,红利低波ETF华泰柏瑞
2023-03-29,0.886,0.881,0.886,0.878,117190.0,512890,sh,红利低波ETF华泰柏瑞
2023-03-30,0.883,0.883,0.886,0.875,154171.0,512890,sh,红利低波ETF华泰柏瑞
2023-03-31,0.883,0.887,0.89,0.883,206599.0,512890,sh,红利低波ETF华泰柏瑞
2023-04-03,0.889,0.896,0.897,0.888,140668.0,512890,sh,红利低波ETF华泰柏瑞
2023-04-04,0.896,0.902,0.903,0.894,273478.0,512890,sh,红利低波ETF华泰柏瑞
2023-04-06,0.902,0.896,0.902,0.893,140914.0,512890,sh,红利低波ETF华泰柏瑞
2023-04-07,0.896,0.893,0.896,0.89,227287.0,512890,sh,红利低波ETF华泰柏瑞
2023-04-10,0.893,0.892,0.896,0.892,237585.0,512890,sh,红利低波ETF华泰柏瑞
2023-04-11,0.892,0.904,0.904,0.892,247408.0,512890,sh,红利低波ETF华泰柏瑞
2023-04-12,0.905,0.922,0.922,0.904,340621.0,512890,sh,红利低波ETF华泰柏瑞
2023-04-13,0.923,0.923,0.927,0.918,574355.0,512890,sh,红利低波ETF华泰柏瑞
2023-04-14,0.923,0.919,0.926,0.913,269309.0,512890,sh,红利低波ETF华泰柏瑞
2023-04-17,0.919,0.929,0.931,0.915,513421.0,512890,sh,红利低波ETF华泰柏瑞
2023-04-18,0.929,0.932,0.934,0.925,945981.0,512890,sh,红利低波ETF华泰柏瑞
2023-04-19,0.932,0.934,0.939,0.931,476435.0,512890,sh,红利低波ETF华泰柏瑞
2023-04-20,0.934,0.941,0.941,0.929,637988.0,512890,sh,红利低波ETF华泰柏瑞
2023-04-21,0.941,0.928,0.947,0.927,702798.0,512890,sh,红利低波ETF华泰柏瑞
2023-04-24,0.929,0.93,0.937,0.924,469814.0,512890,sh,红利低波ETF华泰柏瑞
2023-04-25,0.925,0.936,0.937,0.921,521261.0,512890,sh,红利低波ETF华泰柏瑞
2023-04-26,0.932,0.938,0.943,0.92,496674.0,512890,sh,红利低波ETF华泰柏瑞
2023-04-27,0.935,0.94,0.946,0.934,412990.0,512890,sh,红利低波ETF华泰柏瑞
2023-04-28,0.94,0.96,0.962,0.935,570396.0,512890,sh,红利低波ETF华泰柏瑞
2023-05-04,0.961,0.989,0.99,0.955,1278591.0,512890,sh,红利低波ETF华泰柏瑞
2023-05-05,0.988,0.984,1.002,0.978,1326977.0,512890,sh,红利低波ETF华泰柏瑞
2023-05-08,0.985,1.011,1.016,0.982,1140562.0,512890,sh,红利低波ETF华泰柏瑞
2023-05-09,1.011,0.998,1.022,0.996,826848.0,512890,sh,红利低波ETF华泰柏瑞
2023-05-10,0.995,0.973,0.997,0.97,2106985.0,512890,sh,红利低波ETF华泰柏瑞
2023-05-11,0.972,0.98,0.991,0.966,1579554.0,512890,sh,红利低波ETF华泰柏瑞
2023-05-12,0.972,0.963,0.977,0.96,666389.0,512890,sh,红利低波ETF华泰柏瑞
2023-05-15,0.959,0.959,0.963,0.936,1508861.0,512890,sh,红利低波ETF华泰柏瑞
2023-05-16,0.953,0.947,0.963,0.945,520636.0,512890,sh,红利低波ETF华泰柏瑞
2023-05-17,0.944,0.946,0.951,0.941,362776.0,512890,sh,红利低波ETF华泰柏瑞
2023-05-18,0.949,0.956,0.964,0.945,876529.0,512890,sh,红利低波ETF华泰柏瑞
2023-05-19,0.952,0.941,0.954,0.939,952828.0,512890,sh,红利低波ETF华泰柏瑞
2023-05-22,0.939,0.939,0.944,0.935,331878.0,512890,sh,红利低波ETF华泰柏瑞
2023-05-23,0.941,0.926,0.942,0.925,574354.0,512890,sh,红利低波ETF华泰柏瑞
2023-05-24,0.924,0.913,0.924,0.91,610148.0,512890,sh,红利低波ETF华泰柏瑞
2023-05-25,0.912,0.907,0.914,0.897,454978.0,512890,sh,红利低波ETF华泰柏瑞
2023-05-26,0.905,0.922,0.925,0.904,593418.0,512890,sh,红利低波ETF华泰柏瑞
2023-05-29,0.926,0.924,0.931,0.921,541708.0,512890,sh,红利低波ETF华泰柏瑞
2023-05-30,0.921,0.931,0.933,0.917,565200.0,512890,sh,红利低波ETF华泰柏瑞
2023-05-31,0.928,0.923,0.931,0.92,393655.0,512890,sh,红利低波ETF华泰柏瑞
2023-06-01,0.918,0.927,0.934,0.918,594082.0,512890,sh,红利低波ETF华泰柏瑞
2023-06-02,0.933,0.927,0.933,0.925,319570.0,512890,sh,红利低波ETF华泰柏瑞
2023-06-05,0.93,0.939,0.941,0.927,487664.0,512890,sh,红利低波ETF华泰柏瑞
2023-06-06,0.939,0.931,0.947,0.93,382539.0,512890,sh,红利低波ETF华泰柏瑞
2023-06-07,0.931,0.941,0.942,0.93,311409.0,512890,sh,红利低波ETF华泰柏瑞
2023-06-08,0.941,0.946,0.948,0.932,2233486.0,512890,sh,红利低波ETF华泰柏瑞
2023-06-09,0.947,0.949,0.952,0.944,1108457.0,512890,sh,红利低波ETF华泰柏瑞
2023-06-12,0.949,0.94,0.952,0.935,1115995.0,512890,sh,红利低波ETF华泰柏瑞
2023-06-13,0.938,0.938,0.941,0.934,610875.0,512890,sh,红利低波ETF华泰柏瑞
2023-06-14,0.936,0.931,0.946,0.93,2636715.0,512890,sh,红利低波ETF华泰柏瑞
2023-06-15,0.931,0.933,0.936,0.93,609893.0,512890,sh,红利低波ETF华泰柏瑞
2023-06-16,0.935,0.933,0.939,0.932,493320.0,512890,sh,红利低波ETF华泰柏瑞
2023-06-19,0.933,0.918,0.934,0.917,1213656.0,512890,sh,红利低波ETF华泰柏瑞
2023-06-20,0.916,0.912,0.919,0.909,543298.0,512890,sh,红利低波ETF华泰柏瑞
2023-06-21,0.911,0.906,0.915,0.903,671249.0,512890,sh,红利低波ETF华泰柏瑞
2023-06-26,0.898,0.887,0.902,0.884,471533.0,512890,sh,红利低波ETF华泰柏瑞
2023-06-27,0.887,0.905,0.908,0.885,703178.0,512890,sh,红利低波ETF华泰柏瑞
2023-06-28,0.905,0.909,0.91,0.9,657745.0,512890,sh,红利低波ETF华泰柏瑞
2023-06-29,0.91,0.906,0.911,0.904,375427.0,512890,sh,红利低波ETF华泰柏瑞
2023-06-30,0.906,0.911,0.914,0.905,231358.0,512890,sh,红利低波ETF华泰柏瑞
2023-07-03,0.912,0.922,0.925,0.911,319082.0,512890,sh,红利低波ETF华泰柏瑞
2023-07-04,0.922,0.921,0.924,0.915,683172.0,512890,sh,红利低波ETF华泰柏瑞
2023-07-05,0.921,0.919,0.922,0.916,316453.0,512890,sh,红利低波ETF华泰柏瑞
2023-07-06,0.919,0.916,0.923,0.913,340199.0,512890,sh,红利低波ETF华泰柏瑞
2023-07-07,0.913,0.918,0.922,0.912,527494.0,512890,sh,红利低波ETF华泰柏瑞
2023-07-10,0.922,0.92,0.923,0.917,343299.0,512890,sh,红利低波ETF华泰柏瑞
2023-07-11,0.92,0.921,0.925,0.917,371123.0,512890,sh,红利低波ETF华泰柏瑞
2023-07-12,0.922,0.922,0.93,0.92,770355.0,512890,sh,红利低波ETF华泰柏瑞
2023-07-13,0.924,0.933,0.934,0.921,272497.0,512890,sh,红利低波ETF华泰柏瑞
2023-07-14,0.934,0.937,0.939,0.932,454509.0,512890,sh,红利低波ETF华泰柏瑞
2023-07-17,0.935,0.93,0.935,0.925,458063.0,512890,sh,红利低波ETF华泰柏瑞
2023-07-18,0.93,0.928,0.931,0.925,225837.0,512890,sh,红利低波ETF华泰柏瑞
2023-07-19,0.929,0.935,0.936,0.929,479536.0,512890,sh,红利低波ETF华泰柏瑞
2023-07-20,0.938,0.929,0.939,0.928,307699.0,512890,sh,红利低波ETF华泰柏瑞
2023-07-21,0.927,0.928,0.932,0.925,345009.0,512890,sh,红利低波ETF华泰柏瑞
2023-07-24,0.931,0.93,0.933,0.925,451886.0,512890,sh,红利低波ETF华泰柏瑞
2023-07-25,0.935,0.947,0.949,0.934,566480.0,512890,sh,红利低波ETF华泰柏瑞
2023-07-26,0.947,0.945,0.949,0.941,1748027.0,512890,sh,红利低波ETF华泰柏瑞
2023-07-27,0.945,0.947,0.956,0.943,766675.0,512890,sh,红利低波ETF华泰柏瑞
2023-07-28,0.946,0.963,0.964,0.943,805660.0,512890,sh,红利低波ETF华泰柏瑞
2023-07-31,0.966,0.969,0.975,0.964,1111660.0,512890,sh,红利低波ETF华泰柏瑞
2023-08-01,0.969,0.969,0.976,0.967,512988.0,512890,sh,红利低波ETF华泰柏瑞
2023-08-02,0.97,0.959,0.97,0.955,531006.0,512890,sh,红利低波ETF华泰柏瑞
2023-08-03,0.958,0.961,0.964,0.952,596197.0,512890,sh,红利低波ETF华泰柏瑞
2023-08-04,0.968,0.962,0.971,0.962,675189.0,512890,sh,红利低波ETF华泰柏瑞
2023-08-07,0.962,0.953,0.962,0.952,469225.0,512890,sh,红利低波ETF华泰柏瑞
2023-08-08,0.952,0.957,0.959,0.952,454301.0,512890,sh,红利低波ETF华泰柏瑞
2023-08-09,0.955,0.95,0.956,0.947,515513.0,512890,sh,红利低波ETF华泰柏瑞
2023-08-10,0.951,0.95,0.955,0.947,369059.0,512890,sh,红利低波ETF华泰柏瑞
2023-08-11,0.951,0.94,0.953,0.937,946159.0,512890,sh,红利低波ETF华泰柏瑞
2023-08-14,0.932,0.938,0.94,0.924,729020.0,512890,sh,红利低波ETF华泰柏瑞
2023-08-15,0.938,0.944,0.945,0.934,1531771.0,512890,sh,红利低波ETF华泰柏瑞
2023-08-16,0.942,0.939,0.943,0.933,588434.0,512890,sh,红利低波ETF华泰柏瑞
2023-08-17,0.935,0.938,0.939,0.93,1086156.0,512890,sh,红利低波ETF华泰柏瑞
2023-08-18,0.937,0.936,0.946,0.934,585370.0,512890,sh,红利低波ETF华泰柏瑞
2023-08-21,0.936,0.929,0.939,0.928,492497.0,512890,sh,红利低波ETF华泰柏瑞
2023-08-22,0.93,0.942,0.942,0.928,511704.0,512890,sh,红利低波ETF华泰柏瑞
2023-08-23,0.936,0.939,0.947,0.935,726416.0,512890,sh,红利低波ETF华泰柏瑞
2023-08-24,0.941,0.935,0.943,0.932,966008.0,512890,sh,红利低波ETF华泰柏瑞
2023-08-25,0.932,0.934,0.939,0.929,911844.0,512890,sh,红利低波ETF华泰柏瑞
2023-08-28,0.97,0.945,0.976,0.942,741041.0,512890,sh,红利低波ETF华泰柏瑞
2023-08-29,0.945,0.946,0.948,0.939,905475.0,512890,sh,红利低波ETF华泰柏瑞
2023-08-30,0.947,0.937,0.947,0.936,1107853.0,512890,sh,红利低波ETF华泰柏瑞
2023-08-31,0.937,0.932,0.94,0.929,698036.0,512890,sh,红利低波ETF华泰柏瑞
2023-09-01,0.932,0.937,0.939,0.932,409737.0,512890,sh,红利低波ETF华泰柏瑞
2023-09-04,0.938,0.956,0.957,0.938,947639.0,512890,sh,红利低波ETF华泰柏瑞
2023-09-05,0.955,0.947,0.955,0.944,820348.0,512890,sh,红利低波ETF华泰柏瑞
2023-09-06,0.946,0.943,0.946,0.94,797330.0,512890,sh,红利低波ETF华泰柏瑞
2023-09-07,0.945,0.942,0.948,0.94,703455.0,512890,sh,红利低波ETF华泰柏瑞
2023-09-08,0.941,0.938,0.942,0.932,673450.0,512890,sh,红利低波ETF华泰柏瑞
2023-09-11,0.937,0.944,0.945,0.936,605973.0,512890,sh,红利低波ETF华泰柏瑞
2023-09-12,0.944,0.942,0.944,0.94,409944.0,512890,sh,红利低波ETF华泰柏瑞
2023-09-13,0.941,0.943,0.949,0.94,953486.0,512890,sh,红利低波ETF华泰柏瑞
2023-09-14,0.945,0.949,0.952,0.942,1048418.0,512890,sh,红利低波ETF华泰柏瑞
2023-09-15,0.951,0.95,0.96,0.948,1149402.0,512890,sh,红利低波ETF华泰柏瑞
2023-09-18,0.948,0.95,0.952,0.942,752061.0,512890,sh,红利低波ETF华泰柏瑞
2023-09-19,0.949,0.955,0.958,0.949,833981.0,512890,sh,红利低波ETF华泰柏瑞
2023-09-20,0.954,0.961,0.962,0.952,2396196.0,512890,sh,红利低波ETF华泰柏瑞
2023-09-21,0.958,0.953,0.961,0.952,910773.0,512890,sh,红利低波ETF华泰柏瑞
2023-09-22,0.95,0.958,0.96,0.949,1587467.0,512890,sh,红利低波ETF华泰柏瑞
2023-09-25,0.959,0.958,0.962,0.956,744079.0,512890,sh,红利低波ETF华泰柏瑞
2023-09-26,0.958,0.956,0.959,0.953,693900.0,512890,sh,红利低波ETF华泰柏瑞
2023-09-27,0.955,0.953,0.958,0.951,871525.0,512890,sh,红利低波ETF华泰柏瑞
2023-09-28,0.953,0.952,0.955,0.95,650308.0,512890,sh,红利低波ETF华泰柏瑞
2023-10-09,0.948,0.949,0.95,0.937,985705.0,512890,sh,红利低波ETF华泰柏瑞
2023-10-10,0.95,0.936,0.951,0.936,914472.0,512890,sh,红利低波ETF华泰柏瑞
2023-10-11,0.939,0.936,0.941,0.935,793693.0,512890,sh,红利低波ETF华泰柏瑞
2023-10-12,0.94,0.948,0.948,0.938,1214038.0,512890,sh,红利低波ETF华泰柏瑞
2023-10-13,0.941,0.947,0.949,0.941,703115.0,512890,sh,红利低波ETF华泰柏瑞
2023-10-16,0.946,0.951,0.951,0.942,552985.0,512890,sh,红利低波ETF华泰柏瑞
2023-10-17,0.95,0.956,0.958,0.95,767631.0,512890,sh,红利低波ETF华泰柏瑞
2023-10-18,0.957,0.951,0.957,0.949,788700.0,512890,sh,红利低波ETF华泰柏瑞
2023-10-19,0.948,0.931,0.948,0.931,1087348.0,512890,sh,红利低波ETF华泰柏瑞
2023-10-20,0.928,0.934,0.936,0.925,913773.0,512890,sh,红利低波ETF华泰柏瑞
2023-10-23,0.927,0.915,0.927,0.907,1423713.0,512890,sh,红利低波ETF华泰柏瑞
2023-10-24,0.916,0.92,0.922,0.912,685155.0,512890,sh,红利低波ETF华泰柏瑞
2023-10-25,0.925,0.931,0.935,0.925,718959.0,512890,sh,红利低波ETF华泰柏瑞
2023-10-26,0.927,0.934,0.934,0.925,779473.0,512890,sh,红利低波ETF华泰柏瑞
2023-10-27,0.933,0.938,0.94,0.932,665017.0,512890,sh,红利低波ETF华泰柏瑞
2023-10-30,0.935,0.922,0.935,0.919,2494343.0,512890,sh,红利低波ETF华泰柏瑞
2023-10-31,0.92,0.922,0.923,0.917,600812.0,512890,sh,红利低波ETF华泰柏瑞
2023-11-01,0.922,0.923,0.924,0.917,775697.0,512890,sh,红利低波ETF华泰柏瑞
2023-11-02,0.922,0.925,0.929,0.921,632090.0,512890,sh,红利低波ETF华泰柏瑞
2023-11-03,0.924,0.919,0.926,0.918,843963.0,512890,sh,红利低波ETF华泰柏瑞
2023-11-06,0.92,0.917,0.922,0.914,1356043.0,512890,sh,红利低波ETF华泰柏瑞
2023-11-07,0.916,0.919,0.92,0.912,1412989.0,512890,sh,红利低波ETF华泰柏瑞
2023-11-08,0.918,0.919,0.922,0.916,1138706.0,512890,sh,红利低波ETF华泰柏瑞
2023-11-09,0.918,0.921,0.924,0.917,738458.0,512890,sh,红利低波ETF华泰柏瑞
2023-11-10,0.92,0.916,0.92,0.911,822109.0,512890,sh,红利低波ETF华泰柏瑞
2023-11-13,0.916,0.919,0.919,0.912,565769.0,512890,sh,红利低波ETF华泰柏瑞
2023-11-14,0.919,0.92,0.921,0.916,1129553.0,512890,sh,红利低波ETF华泰柏瑞
2023-11-15,0.922,0.927,0.927,0.922,599199.0,512890,sh,红利低波ETF华泰柏瑞
2023-11-16,0.925,0.926,0.929,0.922,1516081.0,512890,sh,红利低波ETF华泰柏瑞
2023-11-17,0.925,0.924,0.926,0.92,400324.0,512890,sh,红利低波ETF华泰柏瑞
2023-11-20,0.925,0.928,0.928,0.92,697365.0,512890,sh,红利低波ETF华泰柏瑞
2023-11-21,0.927,0.931,0.935,0.926,1222884.0,512890,sh,红利低波ETF华泰柏瑞
2023-11-22,0.928,0.927,0.935,0.927,942104.0,512890,sh,红利低波ETF华泰柏瑞
2023-11-23,0.926,0.933,0.934,0.924,696007.0,512890,sh,红利低波ETF华泰柏瑞
2023-11-24,0.932,0.933,0.935,0.929,561937.0,512890,sh,红利低波ETF华泰柏瑞
2023-11-27,0.931,0.926,0.932,0.921,660349.0,512890,sh,红利低波ETF华泰柏瑞
2023-11-28,0.926,0.926,0.926,0.92,577189.0,512890,sh,红利低波ETF华泰柏瑞
2023-11-29,0.926,0.919,0.926,0.917,683804.0,512890,sh,红利低波ETF华泰柏瑞
2023-11-30,0.917,0.921,0.921,0.917,577157.0,512890,sh,红利低波ETF华泰柏瑞
2023-12-01,0.92,0.932,0.933,0.92,840639.0,512890,sh,红利低波ETF华泰柏瑞
2023-12-04,0.928,0.928,0.931,0.926,950195.0,512890,sh,红利低波ETF华泰柏瑞
2023-12-05,0.927,0.916,0.928,0.913,1644495.0,512890,sh,红利低波ETF华泰柏瑞
2023-12-06,0.912,0.913,0.916,0.903,737463.0,512890,sh,红利低波ETF华泰柏瑞
2023-12-07,0.911,0.912,0.914,0.906,703695.0,512890,sh,红利低波ETF华泰柏瑞
2023-12-08,0.912,0.911,0.916,0.909,752788.0,512890,sh,红利低波ETF华泰柏瑞
2023-12-11,0.909,0.92,0.922,0.896,923386.0,512890,sh,红利低波ETF华泰柏瑞
2023-12-12,0.921,0.925,0.926,0.914,715243.0,512890,sh,红利低波ETF华泰柏瑞
2023-12-13,0.922,0.919,0.926,0.918,897795.0,512890,sh,红利低波ETF华泰柏瑞
2023-12-14,0.919,0.918,0.923,0.915,425394.0,512890,sh,红利低波ETF华泰柏瑞
2023-12-15,0.917,0.913,0.92,0.91,456735.0,512890,sh,红利低波ETF华泰柏瑞
2023-12-18,0.91,0.912,0.917,0.908,433974.0,512890,sh,红利低波ETF华泰柏瑞
2023-12-19,0.912,0.911,0.913,0.906,585921.0,512890,sh,红利低波ETF华泰柏瑞
2023-12-20,0.91,0.908,0.919,0.908,628929.0,512890,sh,红利低波ETF华泰柏瑞
2023-12-21,0.908,0.906,0.908,0.898,703163.0,512890,sh,红利低波ETF华泰柏瑞
2023-12-22,0.904,0.907,0.913,0.904,757919.0,512890,sh,红利低波ETF华泰柏瑞
2023-12-25,0.908,0.906,0.908,0.899,581641.0,512890,sh,红利低波ETF华泰柏瑞
2023-12-26,0.906,0.905,0.914,0.905,1663328.0,512890,sh,红利低波ETF华泰柏瑞
2023-12-27,0.904,0.912,0.913,0.902,655904.0,512890,sh,红利低波ETF华泰柏瑞
2023-12-28,0.913,0.91,0.915,0.906,1003049.0,512890,sh,红利低波ETF华泰柏瑞
2023-12-29,0.909,0.914,0.915,0.907,926120.0,512890,sh,红利低波ETF华泰柏瑞
2024-01-02,0.913,0.925,0.929,0.913,1418845.0,512890,sh,红利低波ETF华泰柏瑞
2024-01-03,0.922,0.935,0.937,0.921,5676371.0,512890,sh,红利低波ETF华泰柏瑞
2024-01-04,0.936,0.946,0.947,0.935,2787012.0,512890,sh,红利低波ETF华泰柏瑞
2024-01-05,0.949,0.947,0.96,0.94,7835173.0,512890,sh,红利低波ETF华泰柏瑞
2024-01-08,0.943,0.936,0.947,0.936,2466271.0,512890,sh,红利低波ETF华泰柏瑞
2024-01-09,0.935,0.943,0.945,0.93,1732291.0,512890,sh,红利低波ETF华泰柏瑞
2024-01-10,0.941,0.938,0.944,0.937,1006328.0,512890,sh,红利低波ETF华泰柏瑞
2024-01-11,0.936,0.93,0.939,0.929,2876757.0,512890,sh,红利低波ETF华泰柏瑞
2024-01-12,0.928,0.934,0.94,0.926,1064067.0,512890,sh,红利低波ETF华泰柏瑞
2024-01-15,0.935,0.941,0.944,0.933,1735592.0,512890,sh,红利低波ETF华泰柏瑞
2024-01-16,0.941,0.947,0.95,0.937,2247587.0,512890,sh,红利低波ETF华泰柏瑞
2024-01-17,0.945,0.934,0.949,0.933,2764283.0,512890,sh,红利低波ETF华泰柏瑞
2024-01-18,0.936,0.928,0.936,0.902,3131709.0,512890,sh,红利低波ETF华泰柏瑞
2024-01-19,0.925,0.922,0.928,0.918,1494269.0,512890,sh,红利低波ETF华泰柏瑞
2024-01-22,0.922,0.898,0.922,0.887,3573096.0,512890,sh,红利低波ETF华泰柏瑞
2024-01-23,0.893,0.904,0.909,0.886,1888937.0,512890,sh,红利低波ETF华泰柏瑞
2024-01-24,0.904,0.925,0.926,0.904,1847208.0,512890,sh,红利低波ETF华泰柏瑞
2024-01-25,0.925,0.953,0.955,0.924,2342443.0,512890,sh,红利低波ETF华泰柏瑞
2024-01-26,0.953,0.969,0.97,0.951,2515718.0,512890,sh,红利低波ETF华泰柏瑞
2024-01-29,0.97,0.969,0.98,0.965,2420622.0,512890,sh,红利低波ETF华泰柏瑞
2024-01-30,0.965,0.962,0.972,0.956,2093586.0,512890,sh,红利低波ETF华泰柏瑞
2024-01-31,0.957,0.956,0.967,0.95,2237214.0,512890,sh,红利低波ETF华泰柏瑞
2024-02-01,0.955,0.946,0.955,0.941,1315366.0,512890,sh,红利低波ETF华泰柏瑞
2024-02-02,0.946,0.948,0.963,0.928,8634193.0,512890,sh,红利低波ETF华泰柏瑞
2024-02-05,0.943,0.95,0.953,0.925,3960890.0,512890,sh,红利低波ETF华泰柏瑞
2024-02-06,0.941,0.963,0.965,0.935,2893650.0,512890,sh,红利低波ETF华泰柏瑞
2024-02-07,0.963,0.974,0.98,0.952,3177168.0,512890,sh,红利低波ETF华泰柏瑞
2024-02-08,0.974,0.973,0.977,0.963,1988240.0,512890,sh,红利低波ETF华泰柏瑞
2024-02-19,0.974,0.996,0.998,0.965,2566606.0,512890,sh,红利低波ETF华泰柏瑞
2024-02-20,0.998,1.004,1.005,0.988,1802413.0,512890,sh,红利低波ETF华泰柏瑞
2024-02-21,0.997,1.009,1.021,0.995,3645283.0,512890,sh,红利低波ETF华泰柏瑞
2024-02-22,1.007,1.021,1.023,1.004,1619079.0,512890,sh,红利低波ETF华泰柏瑞
2024-02-23,1.019,1.023,1.034,1.018,1503529.0,512890,sh,红利低波ETF华泰柏瑞
2024-02-26,1.02,0.997,1.022,0.994,3543459.0,512890,sh,红利低波ETF华泰柏瑞
2024-02-27,0.996,1.004,1.007,0.993,1572080.0,512890,sh,红利低波ETF华泰柏瑞
2024-02-28,1.003,0.996,1.009,0.994,1959590.0,512890,sh,红利低波ETF华泰柏瑞
2024-02-29,0.995,1.004,1.005,0.989,1393833.0,512890,sh,红利低波ETF华泰柏瑞
2024-03-01,1.001,1.004,1.009,0.999,1320196.0,512890,sh,红利低波ETF华泰柏瑞
2024-03-04,1.004,1.009,1.009,0.997,1525870.0,512890,sh,红利低波ETF华泰柏瑞
2024-03-05,1.007,1.018,1.02,1.005,2495958.0,512890,sh,红利低波ETF华泰柏瑞
2024-03-06,1.016,1.018,1.027,1.015,1305557.0,512890,sh,红利低波ETF华泰柏瑞
2024-03-07,1.018,1.021,1.031,1.017,1175573.0,512890,sh,红利低波ETF华泰柏瑞
2024-03-08,1.023,1.027,1.029,1.015,2036054.0,512890,sh,红利低波ETF华泰柏瑞
2024-03-11,1.024,1.02,1.03,1.011,3933511.0,512890,sh,红利低波ETF华泰柏瑞
2024-03-12,1.016,0.995,1.018,0.992,4469738.0,512890,sh,红利低波ETF华泰柏瑞
2024-03-13,0.991,0.993,0.996,0.983,3095790.0,512890,sh,红利低波ETF华泰柏瑞
2024-03-14,0.991,0.996,1.0,0.987,1577178.0,512890,sh,红利低波ETF华泰柏瑞
2024-03-15,0.996,0.997,0.999,0.99,3053210.0,512890,sh,红利低波ETF华泰柏瑞
2024-03-18,0.997,0.998,0.998,0.991,1485705.0,512890,sh,红利低波ETF华泰柏瑞
2024-03-19,0.998,0.994,1.001,0.993,897343.0,512890,sh,红利低波ETF华泰柏瑞
2024-03-20,0.995,1.0,1.002,0.988,1129729.0,512890,sh,红利低波ETF华泰柏瑞
2024-03-21,0.998,1.006,1.007,0.995,1660843.0,512890,sh,红利低波ETF华泰柏瑞
2024-03-22,1.004,1.001,1.006,0.993,1356711.0,512890,sh,红利低波ETF华泰柏瑞
2024-03-25,1.0,1.003,1.014,0.997,1452677.0,512890,sh,红利低波ETF华泰柏瑞
2024-03-26,1.003,1.004,1.005,0.993,1358722.0,512890,sh,红利低波ETF华泰柏瑞
2024-03-27,1.003,0.998,1.01,0.995,2162568.0,512890,sh,红利低波ETF华泰柏瑞
2024-03-28,0.998,1.0,1.005,0.994,1146622.0,512890,sh,红利低波ETF华泰柏瑞
2024-03-29,0.998,1.015,1.016,0.997,2350912.0,512890,sh,红利低波ETF华泰柏瑞
2024-04-01,1.014,1.015,1.024,1.011,1390671.0,512890,sh,红利低波ETF华泰柏瑞
2024-04-02,1.016,1.023,1.026,1.015,935867.0,512890,sh,红利低波ETF华泰柏瑞
2024-04-03,1.025,1.033,1.033,1.018,4966159.0,512890,sh,红利低波ETF华泰柏瑞
2024-04-08,1.029,1.036,1.043,1.024,6237070.0,512890,sh,红利低波ETF华泰柏瑞
2024-04-09,1.033,1.029,1.042,1.025,1193677.0,512890,sh,红利低波ETF华泰柏瑞
2024-04-10,1.029,1.03,1.037,1.025,1693053.0,512890,sh,红利低波ETF华泰柏瑞
2024-04-11,1.029,1.043,1.047,1.025,2300679.0,512890,sh,红利低波ETF华泰柏瑞
2024-04-12,1.041,1.04,1.046,1.036,1703722.0,512890,sh,红利低波ETF华泰柏瑞
2024-04-15,1.041,1.063,1.065,1.037,3268639.0,512890,sh,红利低波ETF华泰柏瑞
2024-04-16,1.064,1.061,1.073,1.052,2742182.0,512890,sh,红利低波ETF华泰柏瑞
2024-04-17,1.061,1.082,1.083,1.053,3737670.0,512890,sh,红利低波ETF华泰柏瑞
2024-04-18,1.078,1.082,1.094,1.075,4505033.0,512890,sh,红利低波ETF华泰柏瑞
2024-04-19,1.074,1.084,1.091,1.074,2772687.0,512890,sh,红利低波ETF华泰柏瑞
2024-04-22,1.084,1.062,1.09,1.06,3500655.0,512890,sh,红利低波ETF华泰柏瑞
2024-04-23,1.056,1.046,1.058,1.042,3619366.0,512890,sh,红利低波ETF华泰柏瑞
2024-04-24,1.042,1.043,1.047,1.034,2128627.0,512890,sh,红利低波ETF华泰柏瑞
2024-04-25,1.043,1.052,1.053,1.039,1877485.0,512890,sh,红利低波ETF华泰柏瑞
2024-04-26,1.047,1.039,1.053,1.033,5013460.0,512890,sh,红利低波ETF华泰柏瑞
2024-04-29,1.035,1.036,1.038,1.028,12983285.0,512890,sh,红利低波ETF华泰柏瑞
2024-04-30,1.03,1.04,1.046,1.03,2877419.0,512890,sh,红利低波ETF华泰柏瑞
2024-05-06,1.042,1.047,1.048,1.036,2236476.0,512890,sh,红利低波ETF华泰柏瑞
2024-05-07,1.048,1.048,1.049,1.04,1704702.0,512890,sh,红利低波ETF华泰柏瑞
2024-05-08,1.044,1.053,1.059,1.044,2637057.0,512890,sh,红利低波ETF华泰柏瑞
2024-05-09,1.051,1.061,1.062,1.05,1675034.0,512890,sh,红利低波ETF华泰柏瑞
2024-05-10,1.06,1.066,1.068,1.057,2123880.0,512890,sh,红利低波ETF华泰柏瑞
2024-05-13,1.062,1.072,1.074,1.056,2951282.0,512890,sh,红利低波ETF华泰柏瑞
2024-05-14,1.068,1.068,1.071,1.061,1950948.0,512890,sh,红利低波ETF华泰柏瑞
2024-05-15,1.066,1.066,1.074,1.062,3559273.0,512890,sh,红利低波ETF华泰柏瑞
2024-05-16,1.068,1.068,1.073,1.065,1761702.0,512890,sh,红利低波ETF华泰柏瑞
2024-05-17,1.068,1.075,1.076,1.064,1605503.0,512890,sh,红利低波ETF华泰柏瑞
2024-05-20,1.076,1.087,1.09,1.075,2443983.0,512890,sh,红利低波ETF华泰柏瑞
2024-05-21,1.085,1.089,1.092,1.083,2371600.0,512890,sh,红利低波ETF华泰柏瑞
2024-05-22,1.089,1.088,1.098,1.086,1989113.0,512890,sh,红利低波ETF华泰柏瑞
2024-05-23,1.085,1.076,1.086,1.073,2449222.0,512890,sh,红利低波ETF华泰柏瑞
2024-05-24,1.074,1.076,1.088,1.073,2484445.0,512890,sh,红利低波ETF华泰柏瑞
2024-05-27,1.077,1.095,1.095,1.076,2066873.0,512890,sh,红利低波ETF华泰柏瑞
2024-05-28,1.095,1.09,1.097,1.086,2528860.0,512890,sh,红利低波ETF华泰柏瑞
2024-05-29,1.089,1.092,1.1,1.085,2145286.0,512890,sh,红利低波ETF华泰柏瑞
2024-05-30,1.087,1.083,1.098,1.08,2031720.0,512890,sh,红利低波ETF华泰柏瑞
2024-05-31,1.083,1.085,1.09,1.081,1345787.0,512890,sh,红利低波ETF华泰柏瑞
2024-06-03,1.084,1.071,1.084,1.066,1869284.0,512890,sh,红利低波ETF华泰柏瑞
2024-06-04,1.069,1.076,1.078,1.065,2023143.0,512890,sh,红利低波ETF华泰柏瑞
2024-06-05,1.076,1.06,1.077,1.059,2070208.0,512890,sh,红利低波ETF华泰柏瑞
2024-06-06,1.06,1.066,1.072,1.06,2074641.0,512890,sh,红利低波ETF华泰柏瑞
2024-06-07,1.065,1.075,1.075,1.064,1964046.0,512890,sh,红利低波ETF华泰柏瑞
2024-06-11,1.073,1.055,1.075,1.05,2282032.0,512890,sh,红利低波ETF华泰柏瑞
2024-06-12,1.053,1.066,1.068,1.049,1657816.0,512890,sh,红利低波ETF华泰柏瑞
2024-06-13,1.068,1.055,1.068,1.052,1702315.0,512890,sh,红利低波ETF华泰柏瑞
2024-06-14,1.054,1.058,1.061,1.052,1323256.0,512890,sh,红利低波ETF华泰柏瑞
2024-06-17,1.057,1.044,1.058,1.042,1790828.0,512890,sh,红利低波ETF华泰柏瑞
2024-06-18,1.043,1.047,1.049,1.037,1785188.0,512890,sh,红利低波ETF华泰柏瑞
2024-06-19,1.047,1.051,1.055,1.046,2029810.0,512890,sh,红利低波ETF华泰柏瑞
2024-06-20,1.05,1.05,1.054,1.045,1407511.0,512890,sh,红利低波ETF华泰柏瑞
2024-06-21,1.048,1.05,1.055,1.045,1214234.0,512890,sh,红利低波ETF华泰柏瑞
2024-06-24,1.048,1.036,1.048,1.031,1450021.0,512890,sh,红利低波ETF华泰柏瑞
2024-06-25,1.036,1.042,1.046,1.035,1600879.0,512890,sh,红利低波ETF华泰柏瑞
2024-06-26,1.04,1.047,1.048,1.035,1938458.0,512890,sh,红利低波ETF华泰柏瑞
2024-06-27,1.045,1.046,1.051,1.041,2339638.0,512890,sh,红利低波ETF华泰柏瑞
2024-06-28,1.046,1.059,1.062,1.043,3273726.0,512890,sh,红利低波ETF华泰柏瑞
2024-07-01,1.058,1.078,1.078,1.057,2014583.0,512890,sh,红利低波ETF华泰柏瑞
2024-07-02,1.077,1.08,1.08,1.069,2133977.0,512890,sh,红利低波ETF华泰柏瑞
2024-07-03,1.078,1.068,1.081,1.066,2199186.0,512890,sh,红利低波ETF华泰柏瑞
2024-07-04,1.068,1.064,1.075,1.062,1325878.0,512890,sh,红利低波ETF华泰柏瑞
2024-07-05,1.064,1.057,1.068,1.05,1867090.0,512890,sh,红利低波ETF华泰柏瑞
2024-07-08,1.057,1.052,1.062,1.05,2165033.0,512890,sh,红利低波ETF华泰柏瑞
2024-07-09,1.051,1.065,1.066,1.046,2164721.0,512890,sh,红利低波ETF华泰柏瑞
2024-07-10,1.062,1.044,1.063,1.044,3848583.0,512890,sh,红利低波ETF华泰柏瑞
2024-07-11,1.047,1.046,1.051,1.042,1609355.0,512890,sh,红利低波ETF华泰柏瑞
2024-07-12,1.046,1.047,1.054,1.044,3618035.0,512890,sh,红利低波ETF华泰柏瑞
2024-07-15,1.045,1.057,1.058,1.04,2038330.0,512890,sh,红利低波ETF华泰柏瑞
2024-07-16,1.055,1.053,1.06,1.048,1288408.0,512890,sh,红利低波ETF华泰柏瑞
2024-07-17,1.054,1.047,1.055,1.044,1096736.0,512890,sh,红利低波ETF华泰柏瑞
2024-07-18,1.045,1.051,1.052,1.038,1670942.0,512890,sh,红利低波ETF华泰柏瑞
2024-07-19,1.048,1.043,1.049,1.037,1981984.0,512890,sh,红利低波ETF华泰柏瑞
2024-07-22,1.042,1.033,1.043,1.024,2268352.0,512890,sh,红利低波ETF华泰柏瑞
2024-07-23,1.031,1.029,1.038,1.028,1540971.0,512890,sh,红利低波ETF华泰柏瑞
2024-07-24,1.027,1.029,1.035,1.024,1835225.0,512890,sh,红利低波ETF华泰柏瑞
2024-07-25,1.026,1.024,1.029,1.015,1705425.0,512890,sh,红利低波ETF华泰柏瑞
2024-07-26,1.022,1.016,1.025,1.01,1526349.0,512890,sh,红利低波ETF华泰柏瑞
2024-07-29,1.014,1.021,1.022,1.011,1328579.0,512890,sh,红利低波ETF华泰柏瑞
2024-07-30,1.019,1.013,1.02,1.011,1421796.0,512890,sh,红利低波ETF华泰柏瑞
2024-07-31,1.012,1.024,1.025,1.012,2131880.0,512890,sh,红利低波ETF华泰柏瑞
2024-08-01,1.023,1.025,1.03,1.021,1497218.0,512890,sh,红利低波ETF华泰柏瑞
2024-08-02,1.021,1.023,1.028,1.017,1612700.0,512890,sh,红利低波ETF华泰柏瑞
2024-08-05,1.022,1.013,1.025,1.008,2036130.0,512890,sh,红利低波ETF华泰柏瑞
2024-08-06,1.014,1.007,1.019,1.0,1948766.0,512890,sh,红利低波ETF华泰柏瑞
2024-08-07,1.006,1.012,1.016,1.003,1219792.0,512890,sh,红利低波ETF华泰柏瑞
2024-08-08,1.012,1.012,1.014,1.007,935344.0,512890,sh,红利低波ETF华泰柏瑞
2024-08-09,1.015,1.014,1.018,1.013,1087281.0,512890,sh,红利低波ETF华泰柏瑞
2024-08-12,1.013,1.017,1.02,1.01,1093747.0,512890,sh,红利低波ETF华泰柏瑞
2024-08-13,1.018,1.02,1.023,1.014,1203526.0,512890,sh,红利低波ETF华泰柏瑞
2024-08-14,1.018,1.017,1.023,1.016,1087149.0,512890,sh,红利低波ETF华泰柏瑞
2024-08-15,1.017,1.029,1.03,1.015,1593611.0,512890,sh,红利低波ETF华泰柏瑞
2024-08-16,1.027,1.033,1.034,1.027,1829661.0,512890,sh,红利低波ETF华泰柏瑞
2024-08-19,1.033,1.048,1.049,1.033,2191189.0,512890,sh,红利低波ETF华泰柏瑞
2024-08-20,1.048,1.039,1.048,1.032,1344896.0,512890,sh,红利低波ETF华泰柏瑞
2024-08-21,1.038,1.028,1.038,1.023,1807241.0,512890,sh,红利低波ETF华泰柏瑞
2024-08-22,1.027,1.031,1.037,1.027,1830956.0,512890,sh,红利低波ETF华泰柏瑞
2024-08-23,1.032,1.03,1.035,1.024,1734854.0,512890,sh,红利低波ETF华泰柏瑞
2024-08-26,1.027,1.031,1.032,1.021,2412149.0,512890,sh,红利低波ETF华泰柏瑞
2024-08-27,1.029,1.037,1.037,1.029,1463106.0,512890,sh,红利低波ETF华泰柏瑞
2024-08-28,1.035,1.031,1.039,1.027,1591946.0,512890,sh,红利低波ETF华泰柏瑞
2024-08-29,1.028,1.008,1.03,1.008,2945602.0,512890,sh,红利低波ETF华泰柏瑞
2024-08-30,1.009,1.003,1.016,0.998,2846214.0,512890,sh,红利低波ETF华泰柏瑞
2024-09-02,1.002,1.006,1.013,0.996,1685976.0,512890,sh,红利低波ETF华泰柏瑞
2024-09-03,1.005,0.995,1.01,0.99,1932464.0,512890,sh,红利低波ETF华泰柏瑞
2024-09-04,0.991,0.993,0.996,0.986,1321946.0,512890,sh,红利低波ETF华泰柏瑞
2024-09-05,0.991,0.99,0.996,0.985,1037923.0,512890,sh,红利低波ETF华泰柏瑞
2024-09-06,0.99,0.982,0.996,0.982,1564553.0,512890,sh,红利低波ETF华泰柏瑞
2024-09-09,0.981,0.966,0.982,0.964,2392488.0,512890,sh,红利低波ETF华泰柏瑞
2024-09-10,0.966,0.967,0.97,0.96,1999749.0,512890,sh,红利低波ETF华泰柏瑞
2024-09-11,0.964,0.944,0.965,0.941,2450383.0,512890,sh,红利低波ETF华泰柏瑞
2024-09-12,0.944,0.949,0.954,0.941,2544108.0,512890,sh,红利低波ETF华泰柏瑞
2024-09-13,0.951,0.946,0.957,0.945,2020806.0,512890,sh,红利低波ETF华泰柏瑞
2024-09-18,0.946,0.962,0.964,0.944,1812908.0,512890,sh,红利低波ETF华泰柏瑞
2024-09-19,0.96,0.962,0.963,0.95,1386529.0,512890,sh,红利低波ETF华泰柏瑞
2024-09-20,0.959,0.96,0.963,0.954,1559812.0,512890,sh,红利低波ETF华泰柏瑞
2024-09-23,0.958,0.971,0.975,0.957,2051718.0,512890,sh,红利低波ETF华泰柏瑞
2024-09-24,0.976,1.015,1.015,0.975,4495070.0,512890,sh,红利低波ETF华泰柏瑞
2024-09-25,1.025,1.031,1.049,1.025,3633597.0,512890,sh,红利低波ETF华泰柏瑞
2024-09-26,1.029,1.062,1.063,1.027,3788704.0,512890,sh,红利低波ETF华泰柏瑞
2024-09-27,1.07,1.062,1.08,1.039,3011192.0,512890,sh,红利低波ETF华泰柏瑞
2024-09-30,1.072,1.127,1.14,1.069,8563937.0,512890,sh,红利低波ETF华泰柏瑞
2024-10-08,1.222,1.142,1.24,1.106,4960306.0,512890,sh,红利低波ETF华泰柏瑞
2024-10-09,1.121,1.054,1.121,1.052,6026260.0,512890,sh,红利低波ETF华泰柏瑞
2024-10-10,1.054,1.102,1.125,1.054,5258854.0,512890,sh,红利低波ETF华泰柏瑞
2024-10-11,1.108,1.082,1.108,1.07,4553454.0,512890,sh,红利低波ETF华泰柏瑞
2024-10-14,1.089,1.113,1.121,1.089,3860666.0,512890,sh,红利低波ETF华泰柏瑞
2024-10-15,1.108,1.089,1.115,1.088,2202471.0,512890,sh,红利低波ETF华泰柏瑞
2024-10-16,1.084,1.108,1.117,1.081,2429611.0,512890,sh,红利低波ETF华泰柏瑞
2024-10-17,1.111,1.096,1.119,1.094,1860674.0,512890,sh,红利低波ETF华泰柏瑞
2024-10-18,1.093,1.102,1.113,1.078,4284343.0,512890,sh,红利低波ETF华泰柏瑞
2024-10-21,1.102,1.092,1.104,1.085,3922116.0,512890,sh,红利低波ETF华泰柏瑞
2024-10-22,1.088,1.096,1.099,1.088,1288379.0,512890,sh,红利低波ETF华泰柏瑞
2024-10-23,1.095,1.095,1.098,1.091,2551642.0,512890,sh,红利低波ETF华泰柏瑞
2024-10-24,1.091,1.089,1.094,1.086,780740.0,512890,sh,红利低波ETF华泰柏瑞
2024-10-25,1.087,1.087,1.091,1.083,1017512.0,512890,sh,红利低波ETF华泰柏瑞
2024-10-28,1.084,1.089,1.09,1.076,1609062.0,512890,sh,红利低波ETF华泰柏瑞
2024-10-29,1.089,1.073,1.091,1.072,1869235.0,512890,sh,红利低波ETF华泰柏瑞
2024-10-30,1.071,1.066,1.082,1.06,1635226.0,512890,sh,红利低波ETF华泰柏瑞
2024-10-31,1.064,1.063,1.07,1.055,3094210.0,512890,sh,红利低波ETF华泰柏瑞
2024-11-01,1.061,1.076,1.083,1.061,2057483.0,512890,sh,红利低波ETF华泰柏瑞
2024-11-04,1.08,1.085,1.086,1.07,1106048.0,512890,sh,红利低波ETF华泰柏瑞
2024-11-05,1.084,1.098,1.099,1.083,2131836.0,512890,sh,红利低波ETF华泰柏瑞
2024-11-06,1.098,1.095,1.102,1.091,2040750.0,512890,sh,红利低波ETF华泰柏瑞
2024-11-07,1.091,1.114,1.115,1.088,2833873.0,512890,sh,红利低波ETF华泰柏瑞
2024-11-08,1.116,1.099,1.118,1.092,2312510.0,512890,sh,红利低波ETF华泰柏瑞
2024-11-11,1.097,1.089,1.097,1.079,1500151.0,512890,sh,红利低波ETF华泰柏瑞
2024-11-12,1.086,1.079,1.096,1.075,2946644.0,512890,sh,红利低波ETF华泰柏瑞
2024-11-13,1.08,1.086,1.089,1.075,1452414.0,512890,sh,红利低波ETF华泰柏瑞
2024-11-14,1.082,1.078,1.091,1.077,1121125.0,512890,sh,红利低波ETF华泰柏瑞
2024-11-15,1.078,1.076,1.088,1.074,1384668.0,512890,sh,红利低波ETF华泰柏瑞
2024-11-18,1.081,1.095,1.109,1.081,3283326.0,512890,sh,红利低波ETF华泰柏瑞
2024-11-19,1.096,1.096,1.102,1.083,1527630.0,512890,sh,红利低波ETF华泰柏瑞
2024-11-20,1.094,1.098,1.098,1.088,1286981.0,512890,sh,红利低波ETF华泰柏瑞
2024-11-21,1.098,1.097,1.1,1.092,1814177.0,512890,sh,红利低波ETF华泰柏瑞
2024-11-22,1.097,1.068,1.099,1.067,2195338.0,512890,sh,红利低波ETF华泰柏瑞
2024-11-25,1.068,1.071,1.08,1.065,2663888.0,512890,sh,红利低波ETF华泰柏瑞
2024-11-26,1.068,1.073,1.077,1.067,2468478.0,512890,sh,红利低波ETF华泰柏瑞
2024-11-27,1.07,1.085,1.087,1.062,3514486.0,512890,sh,红利低波ETF华泰柏瑞
2024-11-28,1.086,1.083,1.089,1.08,988231.0,512890,sh,红利低波ETF华泰柏瑞
2024-11-29,1.083,1.085,1.091,1.082,1314755.0,512890,sh,红利低波ETF华泰柏瑞
2024-12-02,1.087,1.086,1.089,1.079,1879928.0,512890,sh,红利低波ETF华泰柏瑞
2024-12-03,1.087,1.099,1.1,1.08,3984755.0,512890,sh,红利低波ETF华泰柏瑞
2024-12-04,1.098,1.101,1.107,1.091,4748495.0,512890,sh,红利低波ETF华泰柏瑞
2024-12-05,1.1,1.101,1.105,1.098,4568294.0,512890,sh,红利低波ETF华泰柏瑞
2024-12-06,1.101,1.115,1.119,1.1,10718208.0,512890,sh,红利低波ETF华泰柏瑞
2024-12-09,1.115,1.119,1.125,1.11,5541493.0,512890,sh,红利低波ETF华泰柏瑞
2024-12-10,1.14,1.119,1.15,1.118,6454014.0,512890,sh,红利低波ETF华泰柏瑞
2024-12-11,1.118,1.122,1.125,1.116,2090417.0,512890,sh,红利低波ETF华泰柏瑞
2024-12-12,1.121,1.123,1.125,1.117,2364056.0,512890,sh,红利低波ETF华泰柏瑞
2024-12-13,1.121,1.104,1.122,1.102,2228306.0,512890,sh,红利低波ETF华泰柏瑞
2024-12-16,1.104,1.122,1.125,1.102,3878200.0,512890,sh,红利低波ETF华泰柏瑞
2024-12-17,1.119,1.114,1.127,1.113,5316433.0,512890,sh,红利低波ETF华泰柏瑞
2024-12-18,1.117,1.122,1.129,1.115,5096041.0,512890,sh,红利低波ETF华泰柏瑞
2024-12-19,1.116,1.108,1.119,1.105,5110160.0,512890,sh,红利低波ETF华泰柏瑞
2024-12-20,1.107,1.101,1.111,1.1,4558593.0,512890,sh,红利低波ETF华泰柏瑞
2024-12-23,1.101,1.106,1.114,1.1,3362035.0,512890,sh,红利低波ETF华泰柏瑞
2024-12-24,1.104,1.115,1.117,1.103,3657738.0,512890,sh,红利低波ETF华泰柏瑞
2024-12-25,1.116,1.122,1.125,1.115,3535162.0,512890,sh,红利低波ETF华泰柏瑞
2024-12-26,1.121,1.119,1.123,1.114,2361162.0,512890,sh,红利低波ETF华泰柏瑞
2024-12-27,1.116,1.123,1.124,1.107,3964643.0,512890,sh,红利低波ETF华泰柏瑞
2024-12-30,1.121,1.131,1.132,1.12,3633875.0,512890,sh,红利低波ETF华泰柏瑞
2024-12-31,1.131,1.124,1.137,1.122,4981641.0,512890,sh,红利低波ETF华泰柏瑞
2025-01-02,1.121,1.101,1.129,1.091,7048268.0,512890,sh,红利低波ETF华泰柏瑞
2025-01-03,1.101,1.086,1.105,1.082,5434431.0,512890,sh,红利低波ETF华泰柏瑞
2025-01-06,1.085,1.087,1.088,1.074,5208762.0,512890,sh,红利低波ETF华泰柏瑞
2025-01-07,1.087,1.091,1.091,1.078,3145316.0,512890,sh,红利低波ETF华泰柏瑞
2025-01-08,1.087,1.095,1.098,1.081,3164004.0,512890,sh,红利低波ETF华泰柏瑞
2025-01-09,1.093,1.084,1.093,1.081,3062338.0,512890,sh,红利低波ETF华泰柏瑞
2025-01-10,1.081,1.07,1.085,1.069,3149556.0,512890,sh,红利低波ETF华泰柏瑞
2025-01-13,1.067,1.058,1.069,1.053,3405709.0,512890,sh,红利低波ETF华泰柏瑞
2025-01-14,1.061,1.074,1.077,1.059,2732172.0,512890,sh,红利低波ETF华泰柏瑞
2025-01-15,1.073,1.078,1.088,1.072,2407234.0,512890,sh,红利低波ETF华泰柏瑞
2025-01-16,1.08,1.087,1.088,1.078,1474926.0,512890,sh,红利低波ETF华泰柏瑞
2025-01-17,1.086,1.084,1.09,1.079,2218250.0,512890,sh,红利低波ETF华泰柏瑞
2025-01-20,1.088,1.085,1.093,1.082,1918106.0,512890,sh,红利低波ETF华泰柏瑞
2025-01-21,1.088,1.076,1.089,1.074,2199804.0,512890,sh,红利低波ETF华泰柏瑞
2025-01-22,1.076,1.061,1.076,1.058,3288491.0,512890,sh,红利低波ETF华泰柏瑞
2025-01-23,1.069,1.078,1.082,1.069,3050142.0,512890,sh,红利低波ETF华泰柏瑞
2025-01-24,1.078,1.082,1.086,1.07,3222629.0,512890,sh,红利低波ETF华泰柏瑞
2025-01-27,1.085,1.097,1.1,1.084,2825034.0,512890,sh,红利低波ETF华泰柏瑞
2025-02-05,1.098,1.077,1.1,1.075,4061203.0,512890,sh,红利低波ETF华泰柏瑞
2025-02-06,1.077,1.078,1.082,1.071,3407471.0,512890,sh,红利低波ETF华泰柏瑞
2025-02-07,1.076,1.079,1.083,1.072,4614307.0,512890,sh,红利低波ETF华泰柏瑞
2025-02-10,1.078,1.079,1.081,1.075,3035317.0,512890,sh,红利低波ETF华泰柏瑞
2025-02-11,1.078,1.089,1.09,1.078,4218663.0,512890,sh,红利低波ETF华泰柏瑞
2025-02-12,1.088,1.091,1.092,1.084,3626286.0,512890,sh,红利低波ETF华泰柏瑞
2025-02-13,1.09,1.094,1.098,1.088,3400605.0,512890,sh,红利低波ETF华泰柏瑞
2025-02-14,1.091,1.094,1.095,1.086,3827126.0,512890,sh,红利低波ETF华泰柏瑞
2025-02-17,1.094,1.093,1.095,1.086,3689230.0,512890,sh,红利低波ETF华泰柏瑞
2025-02-18,1.092,1.095,1.103,1.09,4277275.0,512890,sh,红利低波ETF华泰柏瑞
2025-02-19,1.093,1.094,1.094,1.09,2624857.0,512890,sh,红利低波ETF华泰柏瑞
2025-02-20,1.091,1.09,1.092,1.087,3552135.0,512890,sh,红利低波ETF华泰柏瑞
2025-02-21,1.09,1.082,1.092,1.078,6919308.0,512890,sh,红利低波ETF华泰柏瑞
2025-02-24,1.08,1.079,1.084,1.076,2749712.0,512890,sh,红利低波ETF华泰柏瑞
2025-02-25,1.078,1.071,1.08,1.069,2460890.0,512890,sh,红利低波ETF华泰柏瑞
2025-02-26,1.072,1.079,1.081,1.072,3280706.0,512890,sh,红利低波ETF华泰柏瑞
2025-02-27,1.079,1.089,1.09,1.075,4632600.0,512890,sh,红利低波ETF华泰柏瑞
2025-02-28,1.088,1.084,1.091,1.082,3542247.0,512890,sh,红利低波ETF华泰柏瑞
2025-03-03,1.084,1.083,1.088,1.08,3837587.0,512890,sh,红利低波ETF华泰柏瑞
2025-03-04,1.08,1.084,1.085,1.079,1545811.0,512890,sh,红利低波ETF华泰柏瑞
2025-03-05,1.084,1.091,1.091,1.081,2201456.0,512890,sh,红利低波ETF华泰柏瑞
2025-03-06,1.091,1.087,1.093,1.083,4039856.0,512890,sh,红利低波ETF华泰柏瑞
2025-03-07,1.085,1.085,1.089,1.083,3810758.0,512890,sh,红利低波ETF华泰柏瑞
2025-03-10,1.085,1.079,1.085,1.076,2286356.0,512890,sh,红利低波ETF华泰柏瑞
2025-03-11,1.076,1.084,1.085,1.073,3266735.0,512890,sh,红利低波ETF华泰柏瑞
2025-03-12,1.084,1.086,1.088,1.082,1858186.0,512890,sh,红利低波ETF华泰柏瑞
2025-03-13,1.085,1.091,1.093,1.084,2722476.0,512890,sh,红利低波ETF华泰柏瑞
2025-03-14,1.091,1.1,1.101,1.091,2614531.0,512890,sh,红利低波ETF华泰柏瑞
2025-03-17,1.102,1.104,1.106,1.099,1999759.0,512890,sh,红利低波ETF华泰柏瑞
2025-03-18,1.105,1.102,1.105,1.099,2015759.0,512890,sh,红利低波ETF华泰柏瑞
2025-03-19,1.102,1.108,1.109,1.099,1700682.0,512890,sh,红利低波ETF华泰柏瑞
2025-03-20,1.109,1.105,1.112,1.102,3960304.0,512890,sh,红利低波ETF华泰柏瑞
2025-03-21,1.103,1.103,1.112,1.096,4079126.0,512890,sh,红利低波ETF华泰柏瑞
2025-03-24,1.101,1.108,1.109,1.101,2079479.0,512890,sh,红利低波ETF华泰柏瑞
2025-03-25,1.109,1.115,1.116,1.107,2773623.0,512890,sh,红利低波ETF华泰柏瑞
2025-03-26,1.114,1.112,1.116,1.11,3869195.0,512890,sh,红利低波ETF华泰柏瑞
2025-03-27,1.111,1.115,1.118,1.111,3381137.0,512890,sh,红利低波ETF华泰柏瑞
2025-03-28,1.115,1.112,1.115,1.108,3658647.0,512890,sh,红利低波ETF华泰柏瑞
2025-03-31,1.112,1.112,1.121,1.108,3728184.0,512890,sh,红利低波ETF华泰柏瑞
2025-04-01,1.111,1.115,1.116,1.108,2949802.0,512890,sh,红利低波ETF华泰柏瑞
2025-04-02,1.114,1.121,1.124,1.113,2553192.0,512890,sh,红利低波ETF华泰柏瑞
2025-04-03,1.118,1.125,1.126,1.115,3688667.0,512890,sh,红利低波ETF华泰柏瑞
2025-04-07,1.107,1.064,1.107,1.042,9033686.0,512890,sh,红利低波ETF华泰柏瑞
2025-04-08,1.065,1.088,1.089,1.064,5530893.0,512890,sh,红利低波ETF华泰柏瑞
2025-04-09,1.076,1.085,1.086,1.064,6359361.0,512890,sh,红利低波ETF华泰柏瑞
2025-04-10,1.088,1.09,1.095,1.082,4430997.0,512890,sh,红利低波ETF华泰柏瑞
2025-04-11,1.087,1.087,1.09,1.082,3542016.0,512890,sh,红利低波ETF华泰柏瑞
2025-04-14,1.089,1.095,1.096,1.085,2783425.0,512890,sh,红利低波ETF华泰柏瑞
2025-04-15,1.095,1.106,1.107,1.093,2331842.0,512890,sh,红利低波ETF华泰柏瑞
2025-04-16,1.104,1.116,1.117,1.104,3864371.0,512890,sh,红利低波ETF华泰柏瑞
2025-04-17,1.114,1.117,1.119,1.109,2406760.0,512890,sh,红利低波ETF华泰柏瑞
2025-04-18,1.116,1.12,1.123,1.115,2328792.0,512890,sh,红利低波ETF华泰柏瑞
2025-04-21,1.12,1.114,1.127,1.113,4548786.0,512890,sh,红利低波ETF华泰柏瑞
2025-04-22,1.115,1.121,1.122,1.113,2599283.0,512890,sh,红利低波ETF华泰柏瑞
2025-04-23,1.122,1.116,1.122,1.113,2740210.0,512890,sh,红利低波ETF华泰柏瑞
2025-04-24,1.115,1.126,1.127,1.115,3337050.0,512890,sh,红利低波ETF华泰柏瑞
2025-04-25,1.126,1.125,1.128,1.122,2450984.0,512890,sh,红利低波ETF华泰柏瑞
2025-04-28,1.124,1.13,1.133,1.123,4245755.0,512890,sh,红利低波ETF华泰柏瑞
2025-04-29,1.128,1.127,1.133,1.125,2492052.0,512890,sh,红利低波ETF华泰柏瑞
2025-04-30,1.126,1.109,1.126,1.106,7275387.0,512890,sh,红利低波ETF华泰柏瑞
2025-05-06,1.109,1.109,1.11,1.102,3644964.0,512890,sh,红利低波ETF华泰柏瑞
2025-05-07,1.113,1.118,1.118,1.11,2478784.0,512890,sh,红利低波ETF华泰柏瑞
2025-05-08,1.117,1.124,1.126,1.115,2688679.0,512890,sh,红利低波ETF华泰柏瑞
2025-05-09,1.123,1.132,1.134,1.122,3414349.0,512890,sh,红利低波ETF华泰柏瑞
2025-05-12,1.132,1.133,1.138,1.128,3641030.0,512890,sh,红利低波ETF华泰柏瑞
2025-05-13,1.134,1.144,1.145,1.131,2903447.0,512890,sh,红利低波ETF华泰柏瑞
2025-05-14,1.144,1.152,1.154,1.139,3371641.0,512890,sh,红利低波ETF华泰柏瑞
2025-05-15,1.151,1.148,1.156,1.147,2961505.0,512890,sh,红利低波ETF华泰柏瑞
2025-05-16,1.146,1.14,1.148,1.135,2708058.0,512890,sh,红利低波ETF华泰柏瑞
2025-05-19,1.139,1.142,1.147,1.138,1927285.0,512890,sh,红利低波ETF华泰柏瑞
2025-05-20,1.143,1.147,1.15,1.143,2413843.0,512890,sh,红利低波ETF华泰柏瑞
2025-05-21,1.147,1.155,1.157,1.146,2145223.0,512890,sh,红利低波ETF华泰柏瑞
2025-05-22,1.155,1.159,1.16,1.15,2312349.0,512890,sh,红利低波ETF华泰柏瑞
2025-05-23,1.159,1.15,1.166,1.15,3512245.0,512890,sh,红利低波ETF华泰柏瑞
2025-05-26,1.15,1.147,1.154,1.143,5154227.0,512890,sh,红利低波ETF华泰柏瑞
2025-05-27,1.148,1.149,1.152,1.145,2537202.0,512890,sh,红利低波ETF华泰柏瑞
2025-05-28,1.149,1.154,1.155,1.146,1860115.0,512890,sh,红利低波ETF华泰柏瑞
2025-05-29,1.154,1.152,1.157,1.15,4568498.0,512890,sh,红利低波ETF华泰柏瑞
2025-05-30,1.153,1.159,1.161,1.152,2741563.0,512890,sh,红利低波ETF华泰柏瑞
2025-06-03,1.157,1.169,1.171,1.155,2737945.0,512890,sh,红利低波ETF华泰柏瑞
2025-06-04,1.168,1.174,1.175,1.166,2275469.0,512890,sh,红利低波ETF华泰柏瑞
2025-06-05,1.174,1.165,1.176,1.164,7290635.0,512890,sh,红利低波ETF华泰柏瑞
2025-06-06,1.166,1.168,1.171,1.166,2281475.0,512890,sh,红利低波ETF华泰柏瑞
2025-06-09,1.169,1.169,1.17,1.161,5100966.0,512890,sh,红利低波ETF华泰柏瑞
2025-06-10,1.169,1.169,1.178,1.165,3009587.0,512890,sh,红利低波ETF华泰柏瑞
2025-06-11,1.169,1.173,1.174,1.169,1452589.0,512890,sh,红利低波ETF华泰柏瑞
2025-06-12,1.173,1.176,1.178,1.17,2143303.0,512890,sh,红利低波ETF华泰柏瑞
2025-06-13,1.176,1.169,1.179,1.166,7943733.0,512890,sh,红利低波ETF华泰柏瑞
2025-06-16,1.168,1.175,1.175,1.164,2333022.0,512890,sh,红利低波ETF华泰柏瑞
2025-06-17,1.175,1.172,1.178,1.17,2200686.0,512890,sh,红利低波ETF华泰柏瑞
2025-06-18,1.172,1.179,1.179,1.168,2896925.0,512890,sh,红利低波ETF华泰柏瑞
2025-06-19,1.177,1.177,1.18,1.172,2447781.0,512890,sh,红利低波ETF华泰柏瑞
2025-06-20,1.177,1.182,1.184,1.174,2566441.0,512890,sh,红利低波ETF华泰柏瑞
2025-06-23,1.181,1.19,1.191,1.172,2653469.0,512890,sh,红利低波ETF华泰柏瑞
2025-06-24,1.188,1.191,1.193,1.183,2604297.0,512890,sh,红利低波ETF华泰柏瑞
2025-06-25,1.191,1.201,1.203,1.186,2940735.0,512890,sh,红利低波ETF华泰柏瑞
2025-06-26,1.198,1.206,1.207,1.195,2749692.0,512890,sh,红利低波ETF华泰柏瑞
2025-06-27,1.206,1.188,1.21,1.185,7838908.0,512890,sh,红利低波ETF华泰柏瑞
2025-06-30,1.184,1.186,1.189,1.18,4212252.0,512890,sh,红利低波ETF华泰柏瑞
2025-07-01,1.188,1.197,1.197,1.186,3188777.0,512890,sh,红利低波ETF华泰柏瑞
2025-07-02,1.196,1.2,1.205,1.196,3436876.0,512890,sh,红利低波ETF华泰柏瑞
2025-07-03,1.2,1.201,1.206,1.195,3877320.0,512890,sh,红利低波ETF华泰柏瑞
2025-07-04,1.2,1.211,1.216,1.199,3853610.0,512890,sh,红利低波ETF华泰柏瑞
2025-07-07,1.211,1.218,1.219,1.208,3201919.0,512890,sh,红利低波ETF华泰柏瑞
2025-07-08,1.218,1.215,1.221,1.21,3488584.0,512890,sh,红利低波ETF华泰柏瑞
2025-07-09,1.213,1.223,1.226,1.213,4007273.0,512890,sh,红利低波ETF华泰柏瑞
2025-07-10,1.223,1.23,1.234,1.222,2608495.0,512890,sh,红利低波ETF华泰柏瑞
2025-07-11,1.23,1.219,1.236,1.218,7453726.0,512890,sh,红利低波ETF华泰柏瑞
2025-07-14,1.219,1.227,1.232,1.217,4879193.0,512890,sh,红利低波ETF华泰柏瑞
2025-07-15,1.227,1.216,1.229,1.212,5996822.0,512890,sh,红利低波ETF华泰柏瑞
2025-07-16,1.218,1.21,1.218,1.205,6124285.0,512890,sh,红利低波ETF华泰柏瑞
2025-07-17,1.209,1.208,1.213,1.205,6808947.0,512890,sh,红利低波ETF华泰柏瑞
2025-07-18,1.209,1.213,1.215,1.207,4452948.0,512890,sh,红利低波ETF华泰柏瑞
2025-07-21,1.213,1.213,1.217,1.21,4173355.0,512890,sh,红利低波ETF华泰柏瑞
2025-07-22,1.214,1.214,1.216,1.199,6377247.0,512890,sh,红利低波ETF华泰柏瑞
2025-07-23,1.216,1.217,1.227,1.215,4743945.0,512890,sh,红利低波ETF华泰柏瑞
2025-07-24,1.215,1.208,1.216,1.205,5796508.0,512890,sh,红利低波ETF华泰柏瑞
2025-07-25,1.207,1.199,1.208,1.198,5081028.0,512890,sh,红利低波ETF华泰柏瑞
2025-07-28,1.197,1.197,1.203,1.193,3788642.0,512890,sh,红利低波ETF华泰柏瑞
2025-07-29,1.195,1.189,1.198,1.185,4310558.0,512890,sh,红利低波ETF华泰柏瑞
2025-07-30,1.189,1.194,1.2,1.186,4335966.0,512890,sh,红利低波ETF华泰柏瑞
2025-07-31,1.194,1.18,1.194,1.175,5292901.0,512890,sh,红利低波ETF华泰柏瑞
2025-08-01,1.18,1.181,1.185,1.172,3575665.0,512890,sh,红利低波ETF华泰柏瑞
2025-08-04,1.176,1.187,1.188,1.175,4689917.0,512890,sh,红利低波ETF华泰柏瑞
2025-08-05,1.188,1.2,1.201,1.185,3992834.0,512890,sh,红利低波ETF华泰柏瑞
2025-08-06,1.201,1.201,1.204,1.197,3802381.0,512890,sh,红利低波ETF华泰柏瑞
2025-08-07,1.201,1.206,1.206,1.196,2982263.0,512890,sh,红利低波ETF华泰柏瑞
2025-08-08,1.205,1.207,1.21,1.204,2818922.0,512890,sh,红利低波ETF华泰柏瑞
2025-08-11,1.207,1.2,1.209,1.196,6401540.0,512890,sh,红利低波ETF华泰柏瑞
2025-08-12,1.198,1.202,1.208,1.197,2744768.0,512890,sh,红利低波ETF华泰柏瑞
2025-08-13,1.203,1.198,1.206,1.196,3705458.0,512890,sh,红利低波ETF华泰柏瑞
2025-08-14,1.197,1.199,1.207,1.196,3536393.0,512890,sh,红利低波ETF华泰柏瑞
2025-08-15,1.199,1.195,1.2,1.185,4575554.0,512890,sh,红利低波ETF华泰柏瑞
2025-08-18,1.193,1.197,1.201,1.191,5079024.0,512890,sh,红利低波ETF华泰柏瑞
2025-08-19,1.198,1.196,1.2,1.193,3514857.0,512890,sh,红利低波ETF华泰柏瑞
2025-08-20,1.195,1.207,1.207,1.192,3721719.0,512890,sh,红利低波ETF华泰柏瑞
2025-08-21,1.207,1.214,1.214,1.203,3916371.0,512890,sh,红利低波ETF华泰柏瑞
2025-08-22,1.212,1.209,1.213,1.202,3156459.0,512890,sh,红利低波ETF华泰柏瑞
2025-08-25,1.209,1.219,1.22,1.205,4499530.0,512890,sh,红利低波ETF华泰柏瑞
2025-08-26,1.219,1.216,1.22,1.214,3035343.0,512890,sh,红利低波ETF华泰柏瑞
2025-08-27,1.214,1.197,1.216,1.195,5072787.0,512890,sh,红利低波ETF华泰柏瑞
2025-08-28,1.196,1.197,1.2,1.185,3799989.0,512890,sh,红利低波ETF华泰柏瑞
2025-08-29,1.195,1.194,1.209,1.192,3285454.0,512890,sh,红利低波ETF华泰柏瑞
2025-09-01,1.194,1.191,1.201,1.186,4034757.0,512890,sh,红利低波ETF华泰柏瑞
2025-09-02,1.192,1.2,1.2,1.189,4048948.0,512890,sh,红利低波ETF华泰柏瑞
2025-09-03,1.2,1.187,1.201,1.183,4832740.0,512890,sh,红利低波ETF华泰柏瑞
2025-09-04,1.186,1.19,1.192,1.174,4805634.0,512890,sh,红利低波ETF华泰柏瑞
2025-09-05,1.189,1.185,1.189,1.179,3445357.0,512890,sh,红利低波ETF华泰柏瑞
2025-09-08,1.182,1.185,1.188,1.179,3027758.0,512890,sh,红利低波ETF华泰柏瑞
2025-09-09,1.185,1.191,1.191,1.184,2819114.0,512890,sh,红利低波ETF华泰柏瑞
2025-09-10,1.188,1.188,1.191,1.184,2204608.0,512890,sh,红利低波ETF华泰柏瑞
2025-09-11,1.188,1.192,1.192,1.18,3333541.0,512890,sh,红利低波ETF华泰柏瑞
2025-09-12,1.19,1.184,1.194,1.182,3039295.0,512890,sh,红利低波ETF华泰柏瑞
2025-09-15,1.184,1.174,1.184,1.171,4383281.0,512890,sh,红利低波ETF华泰柏瑞
2025-09-16,1.175,1.17,1.178,1.168,3846358.0,512890,sh,红利低波ETF华泰柏瑞
2025-09-17,1.17,1.175,1.176,1.167,3654209.0,512890,sh,红利低波ETF华泰柏瑞
2025-09-18,1.174,1.153,1.175,1.148,5756448.0,512890,sh,红利低波ETF华泰柏瑞
2025-09-19,1.153,1.159,1.16,1.146,3098748.0,512890,sh,红利低波ETF华泰柏瑞
2025-09-22,1.158,1.15,1.16,1.146,2838516.0,512890,sh,红利低波ETF华泰柏瑞
2025-09-23,1.15,1.157,1.159,1.143,4768138.0,512890,sh,红利低波ETF华泰柏瑞
2025-09-24,1.155,1.157,1.164,1.153,2965063.0,512890,sh,红利低波ETF华泰柏瑞
2025-09-25,1.157,1.149,1.158,1.145,2506558.0,512890,sh,红利低波ETF华泰柏瑞
2025-09-26,1.147,1.149,1.152,1.139,3064401.0,512890,sh,红利低波ETF华泰柏瑞
2025-09-29,1.148,1.147,1.155,1.141,3813359.0,512890,sh,红利低波ETF华泰柏瑞
2025-09-30,1.146,1.139,1.148,1.136,4841918.0,512890,sh,红利低波ETF华泰柏瑞
2025-10-09,1.138,1.142,1.142,1.133,3855682.0,512890,sh,红利低波ETF华泰柏瑞
2025-10-10,1.142,1.15,1.153,1.138,5451031.0,512890,sh,红利低波ETF华泰柏瑞
2025-10-13,1.146,1.156,1.159,1.136,10060687.0,512890,sh,红利低波ETF华泰柏瑞
2025-10-14,1.155,1.177,1.179,1.151,10123358.0,512890,sh,红利低波ETF华泰柏瑞
2025-10-15,1.176,1.182,1.184,1.173,9723090.0,512890,sh,红利低波ETF华泰柏瑞
2025-10-16,1.182,1.19,1.191,1.18,6641678.0,512890,sh,红利低波ETF华泰柏瑞
2025-10-17,1.189,1.185,1.198,1.183,10410989.0,512890,sh,红利低波ETF华泰柏瑞
2025-10-20,1.186,1.187,1.189,1.172,7444227.0,512890,sh,红利低波ETF华泰柏瑞
2025-10-21,1.184,1.19,1.193,1.183,5811620.0,512890,sh,红利低波ETF华泰柏瑞
2025-10-22,1.189,1.199,1.2,1.188,4210273.0,512890,sh,红利低波ETF华泰柏瑞
2025-10-23,1.199,1.206,1.207,1.195,3893271.0,512890,sh,红利低波ETF华泰柏瑞
2025-10-24,1.204,1.197,1.205,1.196,7254640.0,512890,sh,红利低波ETF华泰柏瑞
2025-10-27,1.194,1.198,1.204,1.189,8211433.0,512890,sh,红利低波ETF华泰柏瑞
2025-10-28,1.198,1.198,1.201,1.19,3646976.0,512890,sh,红利低波ETF华泰柏瑞
2025-10-29,1.196,1.187,1.196,1.181,5805445.0,512890,sh,红利低波ETF华泰柏瑞
2025-10-30,1.185,1.19,1.196,1.185,4435020.0,512890,sh,红利低波ETF华泰柏瑞
2025-10-31,1.189,1.188,1.191,1.181,4510713.0,512890,sh,红利低波ETF华泰柏瑞
2025-11-03,1.189,1.204,1.205,1.188,4588786.0,512890,sh,红利低波ETF华泰柏瑞
2025-11-04,1.204,1.217,1.22,1.202,7514109.0,512890,sh,红利低波ETF华泰柏瑞
2025-11-05,1.216,1.217,1.22,1.21,4830508.0,512890,sh,红利低波ETF华泰柏瑞
2025-11-06,1.216,1.216,1.22,1.209,3750806.0,512890,sh,红利低波ETF华泰柏瑞
2025-11-07,1.215,1.217,1.224,1.215,4024036.0,512890,sh,红利低波ETF华泰柏瑞
2025-11-10,1.217,1.227,1.228,1.212,4970860.0,512890,sh,红利低波ETF华泰柏瑞
2025-11-11,1.227,1.232,1.233,1.223,3913158.0,512890,sh,红利低波ETF华泰柏瑞
2025-11-12,1.232,1.243,1.247,1.232,5601328.0,512890,sh,红利低波ETF华泰柏瑞
2025-11-13,1.242,1.239,1.245,1.231,5095052.0,512890,sh,红利低波ETF华泰柏瑞
2025-11-14,1.237,1.235,1.248,1.235,4355600.0,512890,sh,红利低波ETF华泰柏瑞
2025-11-17,1.234,1.224,1.235,1.22,5085945.0,512890,sh,红利低波ETF华泰柏瑞
2025-11-18,1.222,1.217,1.226,1.211,6242098.0,512890,sh,红利低波ETF华泰柏瑞
2025-11-19,1.215,1.219,1.223,1.215,8773761.0,512890,sh,红利低波ETF华泰柏瑞
2025-11-20,1.217,1.228,1.235,1.214,7238702.0,512890,sh,红利低波ETF华泰柏瑞
2025-11-21,1.222,1.209,1.227,1.208,9356392.0,512890,sh,红利低波ETF华泰柏瑞
2025-11-24,1.212,1.202,1.215,1.202,4471537.0,512890,sh,红利低波ETF华泰柏瑞
2025-11-25,1.202,1.209,1.211,1.199,6934672.0,512890,sh,红利低波ETF华泰柏瑞
2025-11-26,1.209,1.203,1.214,1.201,5695181.0,512890,sh,红利低波ETF华泰柏瑞
2025-11-27,1.201,1.205,1.208,1.196,4216893.0,512890,sh,红利低波ETF华泰柏瑞
2025-11-28,1.203,1.204,1.205,1.199,4166746.0,512890,sh,红利低波ETF华泰柏瑞
2025-12-01,1.204,1.211,1.212,1.201,6444586.0,512890,sh,红利低波ETF华泰柏瑞
2025-12-02,1.211,1.208,1.212,1.205,4214352.0,512890,sh,红利低波ETF华泰柏瑞
2025-12-03,1.208,1.203,1.213,1.202,6457395.0,512890,sh,红利低波ETF华泰柏瑞
2025-12-04,1.203,1.198,1.205,1.197,4941449.0,512890,sh,红利低波ETF华泰柏瑞
2025-12-05,1.198,1.193,1.199,1.186,6553025.0,512890,sh,红利低波ETF华泰柏瑞
2025-12-08,1.191,1.19,1.193,1.186,4434785.0,512890,sh,红利低波ETF华泰柏瑞
2025-12-09,1.19,1.181,1.19,1.18,8161288.0,512890,sh,红利低波ETF华泰柏瑞
2025-12-10,1.181,1.176,1.185,1.173,3655979.0,512890,sh,红利低波ETF华泰柏瑞
2025-12-11,1.177,1.173,1.179,1.17,5626899.0,512890,sh,红利低波ETF华泰柏瑞
2025-12-12,1.174,1.174,1.176,1.17,5209792.0,512890,sh,红利低波ETF华泰柏瑞
2025-12-15,1.17,1.175,1.181,1.167,4931181.0,512890,sh,红利低波ETF华泰柏瑞
2025-12-16,1.176,1.169,1.179,1.167,5148522.0,512890,sh,红利低波ETF华泰柏瑞
2025-12-17,1.168,1.171,1.174,1.164,4226664.0,512890,sh,红利低波ETF华泰柏瑞
2025-12-18,1.17,1.181,1.184,1.166,5226024.0,512890,sh,红利低波ETF华泰柏瑞
2025-12-19,1.182,1.181,1.185,1.176,6132646.0,512890,sh,红利低波ETF华泰柏瑞
2025-12-22,1.181,1.173,1.182,1.173,6357585.0,512890,sh,红利低波ETF华泰柏瑞
2025-12-23,1.174,1.173,1.18,1.173,4337250.0,512890,sh,红利低波ETF华泰柏瑞
2025-12-24,1.173,1.177,1.177,1.17,4398274.0,512890,sh,红利低波ETF华泰柏瑞
2025-12-25,1.177,1.178,1.182,1.174,4429043.0,512890,sh,红利低波ETF华泰柏瑞
2025-12-26,1.177,1.175,1.179,1.173,3933813.0,512890,sh,红利低波ETF华泰柏瑞
2025-12-29,1.176,1.176,1.18,1.171,4846698.0,512890,sh,红利低波ETF华泰柏瑞
2025-12-30,1.174,1.175,1.177,1.171,4073740.0,512890,sh,红利低波ETF华泰柏瑞
2025-12-31,1.175,1.176,1.179,1.174,5660129.0,512890,sh,红利低波ETF华泰柏瑞
2026-01-05,1.176,1.173,1.177,1.168,8092287.0,512890,sh,红利低波ETF华泰柏瑞
2026-01-06,1.173,1.174,1.175,1.168,10032780.0,512890,sh,红利低波ETF华泰柏瑞
2026-01-07,1.174,1.17,1.175,1.168,4592864.0,512890,sh,红利低波ETF华泰柏瑞
2026-01-08,1.169,1.161,1.169,1.159,6509507.0,512890,sh,红利低波ETF华泰柏瑞
2026-01-09,1.161,1.162,1.163,1.157,6631652.0,512890,sh,红利低波ETF华泰柏瑞
2026-01-12,1.162,1.164,1.164,1.156,8296798.0,512890,sh,红利低波ETF华泰柏瑞
2026-01-13,1.164,1.166,1.172,1.163,9470158.0,512890,sh,红利低波ETF华泰柏瑞
2026-01-14,1.167,1.156,1.168,1.155,8290457.0,512890,sh,红利低波ETF华泰柏瑞
2026-01-15,1.157,1.153,1.159,1.151,5218086.0,512890,sh,红利低波ETF华泰柏瑞
2026-01-16,1.153,1.143,1.155,1.14,9197519.0,512890,sh,红利低波ETF华泰柏瑞
2026-01-19,1.143,1.144,1.147,1.14,6576319.0,512890,sh,红利低波ETF华泰柏瑞
2026-01-20,1.144,1.16,1.162,1.143,9913432.0,512890,sh,红利低波ETF华泰柏瑞
2026-01-21,1.16,1.151,1.163,1.149,7879853.0,512890,sh,红利低波ETF华泰柏瑞
2026-01-22,1.149,1.152,1.159,1.148,5914032.0,512890,sh,红利低波ETF华泰柏瑞
2026-01-23,1.151,1.148,1.154,1.145,5650693.0,512890,sh,红利低波ETF华泰柏瑞
2026-01-26,1.148,1.156,1.157,1.145,6298648.0,512890,sh,红利低波ETF华泰柏瑞
2026-01-27,1.155,1.148,1.156,1.147,7648733.0,512890,sh,红利低波ETF华泰柏瑞
2026-01-28,1.147,1.152,1.158,1.144,6196813.0,512890,sh,红利低波ETF华泰柏瑞
2026-01-29,1.15,1.169,1.169,1.149,7554576.0,512890,sh,红利低波ETF华泰柏瑞
2026-01-30,1.169,1.168,1.176,1.162,8147957.0,512890,sh,红利低波ETF华泰柏瑞
2026-02-02,1.165,1.154,1.17,1.151,8253242.0,512890,sh,红利低波ETF华泰柏瑞
2026-02-03,1.154,1.15,1.156,1.143,7543115.0,512890,sh,红利低波ETF华泰柏瑞
2026-02-04,1.149,1.166,1.167,1.149,6182244.0,512890,sh,红利低波ETF华泰柏瑞
2026-02-05,1.166,1.181,1.182,1.166,7544416.0,512890,sh,红利低波ETF华泰柏瑞
2026-02-06,1.179,1.178,1.183,1.172,6821132.0,512890,sh,红利低波ETF华泰柏瑞
2026-02-09,1.177,1.181,1.183,1.174,6036145.0,512890,sh,红利低波ETF华泰柏瑞
2026-02-10,1.182,1.186,1.187,1.18,4070762.0,512890,sh,红利低波ETF华泰柏瑞
2026-02-11,1.185,1.188,1.19,1.182,3963651.0,512890,sh,红利低波ETF华泰柏瑞
2026-02-12,1.187,1.177,1.188,1.176,5988615.0,512890,sh,红利低波ETF华泰柏瑞
2026-02-13,1.176,1.167,1.178,1.165,6457655.0,512890,sh,红利低波ETF华泰柏瑞
2026-02-24,1.17,1.172,1.176,1.17,4393234.0,512890,sh,红利低波ETF华泰柏瑞
2026-02-25,1.172,1.169,1.18,1.167,8081199.0,512890,sh,红利低波ETF华泰柏瑞
2026-02-26,1.171,1.168,1.175,1.163,4992802.0,512890,sh,红利低波ETF华泰柏瑞
2026-02-27,1.168,1.172,1.174,1.166,4455340.0,512890,sh,红利低波ETF华泰柏瑞
2026-03-02,1.17,1.183,1.184,1.168,7777120.0,512890,sh,红利低波ETF华泰柏瑞
2026-03-03,1.183,1.196,1.203,1.183,12015156.0,512890,sh,红利低波ETF华泰柏瑞
2026-03-04,1.194,1.18,1.194,1.173,11109682.0,512890,sh,红利低波ETF华泰柏瑞
2026-03-05,1.179,1.182,1.187,1.174,5721435.0,512890,sh,红利低波ETF华泰柏瑞
2026-03-06,1.18,1.188,1.189,1.178,5805774.0,512890,sh,红利低波ETF华泰柏瑞
2026-03-09,1.19,1.187,1.195,1.184,11680920.0,512890,sh,红利低波ETF华泰柏瑞
2026-03-10,1.184,1.185,1.186,1.177,4527513.0,512890,sh,红利低波ETF华泰柏瑞
2026-03-11,1.184,1.196,1.197,1.178,6019153.0,512890,sh,红利低波ETF华泰柏瑞
2026-03-12,1.196,1.202,1.205,1.193,4795029.0,512890,sh,红利低波ETF华泰柏瑞
2026-03-13,1.201,1.205,1.212,1.201,5583094.0,512890,sh,红利低波ETF华泰柏瑞
2026-03-16,1.205,1.205,1.211,1.198,7622685.0,512890,sh,红利低波ETF华泰柏瑞
2026-03-17,1.203,1.21,1.214,1.203,4753267.0,512890,sh,红利低波ETF华泰柏瑞
2026-03-18,1.21,1.204,1.21,1.197,7544368.0,512890,sh,红利低波ETF华泰柏瑞
2026-03-19,1.202,1.201,1.211,1.198,5873747.0,512890,sh,红利低波ETF华泰柏瑞
2026-03-20,1.199,1.196,1.21,1.196,5743151.0,512890,sh,红利低波ETF华泰柏瑞
2026-03-23,1.19,1.158,1.192,1.153,12345276.0,512890,sh,红利低波ETF华泰柏瑞
2026-03-24,1.161,1.178,1.18,1.161,7750521.0,512890,sh,红利低波ETF华泰柏瑞
2026-03-25,1.177,1.188,1.189,1.168,8438105.0,512890,sh,红利低波ETF华泰柏瑞
2026-03-26,1.186,1.185,1.193,1.184,5264498.0,512890,sh,红利低波ETF华泰柏瑞
2026-03-27,1.182,1.183,1.191,1.178,6031973.0,512890,sh,红利低波ETF华泰柏瑞
2026-03-30,1.179,1.193,1.194,1.178,6215118.0,512890,sh,红利低波ETF华泰柏瑞
2026-03-31,1.193,1.198,1.205,1.192,6383125.0,512890,sh,红利低波ETF华泰柏瑞
2026-04-01,1.199,1.197,1.206,1.195,5824470.0,512890,sh,红利低波ETF华泰柏瑞
2026-04-02,1.196,1.201,1.204,1.195,7076669.0,512890,sh,红利低波ETF华泰柏瑞
2026-04-03,1.201,1.188,1.202,1.184,9041118.0,512890,sh,红利低波ETF华泰柏瑞
2026-04-07,1.188,1.18,1.188,1.177,5622955.0,512890,sh,红利低波ETF华泰柏瑞
2026-04-08,1.18,1.19,1.19,1.176,7059633.0,512890,sh,红利低波ETF华泰柏瑞
2026-04-09,1.189,1.183,1.191,1.18,4827044.0,512890,sh,红利低波ETF华泰柏瑞
2026-04-10,1.182,1.181,1.186,1.18,5183802.0,512890,sh,红利低波ETF华泰柏瑞
2026-04-13,1.181,1.176,1.181,1.172,5911433.0,512890,sh,红利低波ETF华泰柏瑞
2026-04-14,1.177,1.181,1.182,1.176,4521595.0,512890,sh,红利低波ETF华泰柏瑞
2026-04-15,1.182,1.189,1.19,1.18,6669198.0,512890,sh,红利低波ETF华泰柏瑞
2026-04-16,1.188,1.189,1.192,1.185,4883968.0,512890,sh,红利低波ETF华泰柏瑞
2026-04-17,1.188,1.184,1.189,1.183,5409391.0,512890,sh,红利低波ETF华泰柏瑞
2026-04-20,1.184,1.19,1.191,1.181,5538224.0,512890,sh,红利低波ETF华泰柏瑞
2026-04-21,1.19,1.197,1.199,1.189,5004676.0,512890,sh,红利低波ETF华泰柏瑞
2026-04-22,1.196,1.192,1.198,1.191,3267805.0,512890,sh,红利低波ETF华泰柏瑞
2026-04-23,1.192,1.198,1.2,1.19,5038457.0,512890,sh,红利低波ETF华泰柏瑞
2026-04-24,1.198,1.198,1.203,1.193,6349638.0,512890,sh,红利低波ETF华泰柏瑞
2026-04-27,1.197,1.189,1.2,1.188,7054988.0,512890,sh,红利低波ETF华泰柏瑞
2026-04-28,1.188,1.192,1.193,1.186,4919056.0,512890,sh,红利低波ETF华泰柏瑞
2026-04-29,1.194,1.195,1.199,1.19,5064006.0,512890,sh,红利低波ETF华泰柏瑞
2026-04-30,1.196,1.188,1.196,1.186,7508592.0,512890,sh,红利低波ETF华泰柏瑞
2026-05-06,1.188,1.183,1.189,1.177,7710497.0,512890,sh,红利低波ETF华泰柏瑞
2026-05-07,1.182,1.178,1.183,1.176,7595759.0,512890,sh,红利低波ETF华泰柏瑞
2026-05-08,1.178,1.177,1.183,1.175,4717912.0,512890,sh,红利低波ETF华泰柏瑞
2026-05-11,1.176,1.178,1.178,1.172,6552670.0,512890,sh,红利低波ETF华泰柏瑞
2026-05-12,1.178,1.176,1.181,1.174,6080718.0,512890,sh,红利低波ETF华泰柏瑞
2026-05-13,1.175,1.177,1.179,1.173,5106468.0,512890,sh,红利低波ETF华泰柏瑞
2026-05-14,1.177,1.176,1.179,1.173,4758781.0,512890,sh,红利低波ETF华泰柏瑞
2026-05-15,1.175,1.167,1.176,1.164,7292359.0,512890,sh,红利低波ETF华泰柏瑞
2026-05-18,1.164,1.16,1.166,1.156,6970855.0,512890,sh,红利低波ETF华泰柏瑞
2026-05-19,1.159,1.169,1.169,1.159,4559820.0,512890,sh,红利低波ETF华泰柏瑞
2026-05-20,1.168,1.164,1.17,1.163,4453389.0,512890,sh,红利低波ETF华泰柏瑞
2026-05-21,1.163,1.161,1.165,1.158,3862617.0,512890,sh,红利低波ETF华泰柏瑞
2026-05-22,1.159,1.155,1.16,1.151,8157214.0,512890,sh,红利低波ETF华泰柏瑞
2026-05-25,1.154,1.152,1.157,1.149,5209176.0,512890,sh,红利低波ETF华泰柏瑞
2026-05-26,1.151,1.156,1.157,1.15,5158246.0,512890,sh,红利低波ETF华泰柏瑞
2026-05-27,1.156,1.15,1.157,1.146,6381913.0,512890,sh,红利低波ETF华泰柏瑞
2026-05-28,1.149,1.144,1.155,1.143,6535306.0,512890,sh,红利低波ETF华泰柏瑞
2026-05-29,1.144,1.167,1.169,1.142,7962365.0,512890,sh,红利低波ETF华泰柏瑞
2026-06-01,1.166,1.181,1.184,1.158,8183643.0,512890,sh,红利低波ETF华泰柏瑞
2026-06-02,1.179,1.182,1.191,1.178,7373936.0,512890,sh,红利低波ETF华泰柏瑞
2026-06-03,1.18,1.173,1.18,1.162,8019358.0,512890,sh,红利低波ETF华泰柏瑞
2026-06-04,1.17,1.158,1.173,1.156,6075092.0,512890,sh,红利低波ETF华泰柏瑞
2026-06-05,1.159,1.159,1.17,1.158,5178363.0,512890,sh,红利低波ETF华泰柏瑞
2026-06-08,1.158,1.165,1.167,1.155,7202209.0,512890,sh,红利低波ETF华泰柏瑞
2026-06-09,1.163,1.164,1.169,1.157,5800056.0,512890,sh,红利低波ETF华泰柏瑞
2026-06-10,1.163,1.172,1.175,1.16,8484262.0,512890,sh,红利低波ETF华泰柏瑞
2026-06-11,1.173,1.162,1.174,1.161,5146642.0,512890,sh,红利低波ETF华泰柏瑞
2026-06-12,1.16,1.172,1.172,1.154,6670172.0,512890,sh,红利低波ETF华泰柏瑞
2026-06-15,1.171,1.161,1.171,1.157,8545227.0,512890,sh,红利低波ETF华泰柏瑞
2026-06-16,1.158,1.145,1.16,1.143,8886490.0,512890,sh,红利低波ETF华泰柏瑞
2026-06-17,1.146,1.14,1.148,1.135,7246282.0,512890,sh,红利低波ETF华泰柏瑞
2026-06-18,1.138,1.115,1.138,1.111,14195527.0,512890,sh,红利低波ETF华泰柏瑞
2026-06-22,1.11,1.114,1.119,1.096,10285645.0,512890,sh,红利低波ETF华泰柏瑞
2026-06-23,1.111,1.118,1.13,1.11,8854411.0,512890,sh,红利低波ETF华泰柏瑞
2026-06-24,1.118,1.099,1.12,1.097,7918908.0,512890,sh,红利低波ETF华泰柏瑞
2026-06-25,1.093,1.086,1.098,1.084,6858951.0,512890,sh,红利低波ETF华泰柏瑞
2026-06-26,1.086,1.081,1.091,1.079,6395364.0,512890,sh,红利低波ETF华泰柏瑞
2026-06-29,1.079,1.089,1.093,1.062,8286960.0,512890,sh,红利低波ETF华泰柏瑞
2026-06-30,1.087,1.067,1.087,1.063,9762906.0,512890,sh,红利低波ETF华泰柏瑞
2026-07-01,1.067,1.079,1.083,1.062,8012457.0,512890,sh,红利低波ETF华泰柏瑞
2026-07-02,1.082,1.087,1.099,1.075,7260147.0,512890,sh,红利低波ETF华泰柏瑞
2026-07-03,1.087,1.09,1.098,1.081,6109692.0,512890,sh,红利低波ETF华泰柏瑞
