date,open,close,high,low,volume,code,market,name
2020-01-02,3.738,3.786,3.815,3.738,318317.0,510350,sh,沪深300ETF工银
2020-01-03,3.786,3.78,3.801,3.774,346140.0,510350,sh,沪深300ETF工银
2020-01-06,3.78,3.768,3.811,3.737,350388.0,510350,sh,沪深300ETF工银
2020-01-07,3.768,3.797,3.798,3.758,428450.0,510350,sh,沪深300ETF工银
2020-01-08,3.794,3.758,3.794,3.744,242103.0,510350,sh,沪深300ETF工银
2020-01-09,3.76,3.796,3.806,3.748,190371.0,510350,sh,沪深300ETF工银
2020-01-10,3.802,3.8,3.816,3.786,262894.0,510350,sh,沪深300ETF工银
2020-01-13,3.799,3.839,3.841,3.786,295374.0,510350,sh,沪深300ETF工银
2020-01-14,3.837,3.832,3.867,3.829,326601.0,510350,sh,沪深300ETF工银
2020-01-15,3.832,3.796,3.833,3.792,275169.0,510350,sh,沪深300ETF工银
2020-01-16,3.797,3.792,3.807,3.783,274994.0,510350,sh,沪深300ETF工银
2020-01-17,3.792,3.797,3.819,3.783,289472.0,510350,sh,沪深300ETF工银
2020-01-20,3.797,3.823,3.827,3.794,300840.0,510350,sh,沪深300ETF工银
2020-01-21,3.823,3.754,3.823,3.753,346432.0,510350,sh,沪深300ETF工银
2020-01-22,3.754,3.776,3.787,3.684,310221.0,510350,sh,沪深300ETF工银
2020-01-23,3.777,3.661,3.777,3.622,215771.0,510350,sh,沪深300ETF工银
2020-02-03,3.264,3.261,3.444,3.261,128152.0,510350,sh,沪深300ETF工银
2020-02-04,3.293,3.42,3.43,3.292,184793.0,510350,sh,沪深300ETF工银
2020-02-05,3.421,3.466,3.506,3.421,120992.0,510350,sh,沪深300ETF工银
2020-02-06,3.467,3.537,3.567,3.452,136794.0,510350,sh,沪深300ETF工银
2020-02-07,3.537,3.541,3.541,3.496,209249.0,510350,sh,沪深300ETF工银
2020-02-10,3.538,3.547,3.558,3.502,235046.0,510350,sh,沪深300ETF工银
2020-02-11,3.542,3.593,3.61,3.542,215704.0,510350,sh,沪深300ETF工银
2020-02-12,3.593,3.618,3.622,3.582,155553.0,510350,sh,沪深300ETF工银
2020-02-13,3.618,3.603,3.636,3.592,191587.0,510350,sh,沪深300ETF工银
2020-02-14,3.604,3.63,3.644,3.6,229123.0,510350,sh,沪深300ETF工银
2020-02-17,3.631,3.715,3.722,3.631,200729.0,510350,sh,沪深300ETF工银
2020-02-18,3.717,3.69,3.734,3.663,177194.0,510350,sh,沪深300ETF工银
2020-02-19,3.69,3.686,3.72,3.678,465939.0,510350,sh,沪深300ETF工银
2020-02-20,3.687,3.787,3.798,3.687,322797.0,510350,sh,沪深300ETF工银
2020-02-21,3.787,3.794,3.828,3.774,249889.0,510350,sh,沪深300ETF工银
2020-02-24,3.794,3.764,3.794,3.734,298084.0,510350,sh,沪深300ETF工银
2020-02-25,3.647,3.752,3.76,3.647,364204.0,510350,sh,沪深300ETF工银
2020-02-26,3.733,3.711,3.764,3.699,419516.0,510350,sh,沪深300ETF工银
2020-02-27,3.712,3.721,3.747,3.708,317726.0,510350,sh,沪深300ETF工银
2020-02-28,3.664,3.573,3.668,3.559,491518.0,510350,sh,沪深300ETF工银
2020-03-02,3.584,3.707,3.738,3.584,230668.0,510350,sh,沪深300ETF工银
2020-03-03,3.764,3.724,3.792,3.709,250783.0,510350,sh,沪深300ETF工银
2020-03-04,3.724,3.745,3.749,3.697,235529.0,510350,sh,沪深300ETF工银
2020-03-05,3.745,3.838,3.852,3.745,267720.0,510350,sh,沪深300ETF工银
2020-03-06,3.838,3.776,3.838,3.771,178567.0,510350,sh,沪深300ETF工银
2020-03-09,3.764,3.644,3.764,3.63,237970.0,510350,sh,沪深300ETF工银
2020-03-10,3.644,3.718,3.731,3.598,227320.0,510350,sh,沪深300ETF工银
2020-03-11,3.719,3.677,3.722,3.669,236246.0,510350,sh,沪深300ETF工银
2020-03-12,3.677,3.589,3.677,3.568,140162.0,510350,sh,沪深300ETF工银
2020-03-13,3.589,3.541,3.589,3.381,230203.0,510350,sh,沪深300ETF工银
2020-03-16,3.556,3.371,3.58,3.364,234545.0,510350,sh,沪深300ETF工银
2020-03-17,3.364,3.352,3.442,3.265,249524.0,510350,sh,沪深300ETF工银
2020-03-18,3.363,3.291,3.418,3.278,263889.0,510350,sh,沪深300ETF工银
2020-03-19,3.289,3.231,3.318,3.151,334525.0,510350,sh,沪深300ETF工银
2020-03-20,3.232,3.301,3.312,3.23,252193.0,510350,sh,沪深300ETF工银
2020-03-23,3.234,3.195,3.247,3.168,210374.0,510350,sh,沪深300ETF工银
2020-03-24,3.194,3.26,3.282,3.194,244439.0,510350,sh,沪深300ETF工银
2020-03-25,3.274,3.364,3.38,3.274,252839.0,510350,sh,沪深300ETF工银
2020-03-26,3.334,3.339,3.372,3.334,153937.0,510350,sh,沪深300ETF工银
2020-03-27,3.34,3.356,3.409,3.34,168168.0,510350,sh,沪深300ETF工银
2020-03-30,3.345,3.315,3.345,3.282,194660.0,510350,sh,沪深300ETF工银
2020-03-31,3.323,3.322,3.36,3.319,243189.0,510350,sh,沪深300ETF工银
2020-04-01,3.323,3.315,3.382,3.312,202141.0,510350,sh,沪深300ETF工银
2020-04-02,3.312,3.383,3.383,3.299,229257.0,510350,sh,沪深300ETF工银
2020-04-03,3.383,3.354,3.383,3.34,195148.0,510350,sh,沪深300ETF工银
2020-04-07,3.365,3.434,3.449,3.365,203335.0,510350,sh,沪深300ETF工银
2020-04-08,3.434,3.415,3.434,3.408,199295.0,510350,sh,沪深300ETF工银
2020-04-09,3.418,3.434,3.444,3.418,225456.0,510350,sh,沪深300ETF工银
2020-04-10,3.434,3.414,3.463,3.397,265677.0,510350,sh,沪深300ETF工银
2020-04-13,3.404,3.391,3.407,3.384,165272.0,510350,sh,沪深300ETF工银
2020-04-14,3.392,3.462,3.462,3.392,255987.0,510350,sh,沪深300ETF工银
2020-04-15,3.462,3.439,3.467,3.439,230172.0,510350,sh,沪深300ETF工银
2020-04-16,3.439,3.444,3.451,3.418,232981.0,510350,sh,沪深300ETF工银
2020-04-17,3.445,3.472,3.502,3.445,283977.0,510350,sh,沪深300ETF工银
2020-04-20,3.473,3.492,3.492,3.466,244335.0,510350,sh,沪深300ETF工银
2020-04-21,3.484,3.451,3.484,3.419,194708.0,510350,sh,沪深300ETF工银
2020-04-22,3.445,3.48,3.48,3.422,182966.0,510350,sh,沪深300ETF工银
2020-04-23,3.481,3.477,3.492,3.469,165597.0,510350,sh,沪深300ETF工银
2020-04-24,3.474,3.444,3.474,3.431,210578.0,510350,sh,沪深300ETF工银
2020-04-27,3.446,3.456,3.483,3.437,203498.0,510350,sh,沪深300ETF工银
2020-04-28,3.457,3.492,3.499,3.41,239062.0,510350,sh,沪深300ETF工银
2020-04-29,3.485,3.503,3.517,3.471,242662.0,510350,sh,沪深300ETF工银
2020-04-30,3.503,3.559,3.566,3.503,211333.0,510350,sh,沪深300ETF工银
2020-05-06,3.559,3.58,3.583,3.518,278184.0,510350,sh,沪深300ETF工银
2020-05-07,3.574,3.563,3.577,3.555,183375.0,510350,sh,沪深300ETF工银
2020-05-08,3.564,3.607,3.622,3.564,200439.0,510350,sh,沪深300ETF工银
2020-05-11,3.6,3.597,3.639,3.588,217842.0,510350,sh,沪深300ETF工银
2020-05-12,3.598,3.598,3.609,3.581,279591.0,510350,sh,沪深300ETF工银
2020-05-13,3.588,3.607,3.612,3.571,225536.0,510350,sh,沪深300ETF工银
2020-05-14,3.599,3.575,3.599,3.568,191799.0,510350,sh,沪深300ETF工银
2020-05-15,3.572,3.551,3.591,3.551,204648.0,510350,sh,沪深300ETF工银
2020-05-18,3.551,3.561,3.584,3.541,226819.0,510350,sh,沪深300ETF工银
2020-05-19,3.561,3.594,3.604,3.561,161050.0,510350,sh,沪深300ETF工银
2020-05-20,3.584,3.581,3.594,3.572,200156.0,510350,sh,沪深300ETF工银
2020-05-21,3.582,3.553,3.59,3.548,169099.0,510350,sh,沪深300ETF工银
2020-05-22,3.544,3.472,3.544,3.467,207800.0,510350,sh,沪深300ETF工银
2020-05-25,3.465,3.47,3.477,3.449,205030.0,510350,sh,沪深300ETF工银
2020-05-26,3.465,3.517,3.518,3.465,227947.0,510350,sh,沪深300ETF工银
2020-05-27,3.509,3.493,3.51,3.484,155203.0,510350,sh,沪深300ETF工银
2020-05-28,3.493,3.499,3.536,3.466,216415.0,510350,sh,沪深300ETF工银
2020-05-29,3.484,3.514,3.519,3.474,229794.0,510350,sh,沪深300ETF工银
2020-06-01,3.514,3.614,3.622,3.514,251953.0,510350,sh,沪深300ETF工银
2020-06-02,3.613,3.625,3.635,3.609,218319.0,510350,sh,沪深300ETF工银
2020-06-03,3.62,3.631,3.668,3.62,240645.0,510350,sh,沪深300ETF工银
2020-06-04,3.631,3.634,3.648,3.619,258777.0,510350,sh,沪深300ETF工银
2020-06-05,3.627,3.655,3.655,3.619,234253.0,510350,sh,沪深300ETF工银
2020-06-08,3.655,3.673,3.698,3.645,186062.0,510350,sh,沪深300ETF工银
2020-06-09,3.668,3.694,3.704,3.668,216128.0,510350,sh,沪深300ETF工银
2020-06-10,3.694,3.689,3.694,3.678,210881.0,510350,sh,沪深300ETF工银
2020-06-11,3.689,3.655,3.7,3.647,202255.0,510350,sh,沪深300ETF工银
2020-06-12,3.649,3.656,3.67,3.605,253850.0,510350,sh,沪深300ETF工银
2020-06-15,3.654,3.615,3.658,3.609,262237.0,510350,sh,沪深300ETF工银
2020-06-16,3.61,3.661,3.664,3.61,245413.0,510350,sh,沪深300ETF工银
2020-06-17,3.659,3.665,3.668,3.646,242608.0,510350,sh,沪深300ETF工银
2020-06-18,3.657,3.705,3.705,3.653,255615.0,510350,sh,沪深300ETF工银
2020-06-19,3.699,3.748,3.765,3.695,325140.0,510350,sh,沪深300ETF工银
2020-06-22,3.746,3.751,3.782,3.745,256088.0,510350,sh,沪深300ETF工银
2020-06-23,3.744,3.777,3.777,3.731,297012.0,510350,sh,沪深300ETF工银
2020-06-24,3.775,3.81,3.81,3.775,206680.0,510350,sh,沪深300ETF工银
2020-06-29,3.806,3.769,3.81,3.754,255385.0,510350,sh,沪深300ETF工银
2020-06-30,3.77,3.822,3.84,3.77,275271.0,510350,sh,沪深300ETF工银
2020-07-01,3.822,3.912,3.916,3.822,335033.0,510350,sh,沪深300ETF工银
2020-07-02,3.911,4.006,4.012,3.908,315468.0,510350,sh,沪深300ETF工银
2020-07-03,4.006,4.086,4.089,4.006,270111.0,510350,sh,沪深300ETF工银
2020-07-06,4.092,4.39,4.41,4.092,275519.0,510350,sh,沪深300ETF工银
2020-07-07,4.409,4.36,4.485,4.36,215548.0,510350,sh,沪深300ETF工银
2020-07-08,4.36,4.425,4.46,4.34,222886.0,510350,sh,沪深300ETF工银
2020-07-09,4.445,4.504,4.516,4.405,193284.0,510350,sh,沪深300ETF工银
2020-07-10,4.494,4.422,4.494,4.403,167199.0,510350,sh,沪深300ETF工银
2020-07-13,4.412,4.514,4.556,4.412,206105.0,510350,sh,沪深300ETF工银
2020-07-14,4.504,4.472,4.527,4.406,158393.0,510350,sh,沪深300ETF工银
2020-07-15,4.47,4.415,4.526,4.403,212428.0,510350,sh,沪深300ETF工银
2020-07-16,4.42,4.221,4.455,4.187,246460.0,510350,sh,沪深300ETF工银
2020-07-17,4.222,4.226,4.282,4.18,161986.0,510350,sh,沪深300ETF工银
2020-07-20,4.226,4.371,4.455,4.226,148589.0,510350,sh,沪深300ETF工银
2020-07-21,4.369,4.379,4.4,4.349,49279.0,510350,sh,沪深300ETF工银
2020-07-22,4.384,4.395,4.49,4.368,93349.0,510350,sh,沪深300ETF工银
2020-07-23,4.39,4.404,4.424,4.304,113000.0,510350,sh,沪深300ETF工银
2020-07-24,4.399,4.194,4.399,4.184,108573.0,510350,sh,沪深300ETF工银
2020-07-27,4.215,4.202,4.255,4.182,81152.0,510350,sh,沪深300ETF工银
2020-07-28,4.207,4.251,4.279,4.207,441820.0,510350,sh,沪深300ETF工银
2020-07-29,4.251,4.382,4.383,4.234,194617.0,510350,sh,沪深300ETF工银
2020-07-30,4.382,4.356,4.393,4.344,116771.0,510350,sh,沪深300ETF工银
2020-07-31,4.351,4.38,4.442,4.324,134065.0,510350,sh,沪深300ETF工银
2020-08-03,4.38,4.457,4.457,4.38,98752.0,510350,sh,沪深300ETF工银
2020-08-04,4.457,4.459,4.491,4.441,97287.0,510350,sh,沪深300ETF工银
2020-08-05,4.452,4.461,4.477,4.4,105751.0,510350,sh,沪深300ETF工银
2020-08-06,4.461,4.447,4.479,4.377,82978.0,510350,sh,沪深300ETF工银
2020-08-07,4.447,4.407,4.447,4.331,87847.0,510350,sh,沪深300ETF工银
2020-08-10,4.41,4.42,4.446,4.333,87996.0,510350,sh,沪深300ETF工银
2020-08-11,4.42,4.365,4.485,4.365,77803.0,510350,sh,沪深300ETF工银
2020-08-12,4.365,4.337,4.367,4.262,99435.0,510350,sh,沪深300ETF工银
2020-08-13,4.335,4.324,4.36,4.315,94892.0,510350,sh,沪深300ETF工银
2020-08-14,4.314,4.415,4.415,4.314,99843.0,510350,sh,沪深300ETF工银
2020-08-17,4.415,4.504,4.53,4.415,109112.0,510350,sh,沪深300ETF工银
2020-08-18,4.505,4.499,4.518,4.482,67244.0,510350,sh,沪深300ETF工银
2020-08-19,4.491,4.423,4.494,4.422,112206.0,510350,sh,沪深300ETF工银
2020-08-20,4.415,4.371,4.416,4.358,87909.0,510350,sh,沪深300ETF工银
2020-08-21,4.367,4.414,4.437,4.367,77713.0,510350,sh,沪深300ETF工银
2020-08-24,4.419,4.445,4.46,4.41,69442.0,510350,sh,沪深300ETF工银
2020-08-25,4.469,4.453,4.501,4.443,56438.0,510350,sh,沪深300ETF工银
2020-08-26,4.448,4.399,4.485,4.381,61282.0,510350,sh,沪深300ETF工银
2020-08-27,4.404,4.43,4.43,4.378,52284.0,510350,sh,沪深300ETF工银
2020-08-28,4.42,4.547,4.557,4.416,133969.0,510350,sh,沪深300ETF工银
2020-08-31,4.59,4.504,4.606,4.504,106465.0,510350,sh,沪深300ETF工银
2020-09-01,4.509,4.539,4.54,4.49,96730.0,510350,sh,沪深300ETF工银
2020-09-02,4.539,4.533,4.552,4.485,110135.0,510350,sh,沪深300ETF工银
2020-09-03,4.52,4.517,4.575,4.503,54726.0,510350,sh,沪深300ETF工银
2020-09-04,4.464,4.468,4.48,4.424,61527.0,510350,sh,沪深300ETF工银
2020-09-07,4.457,4.374,4.484,4.35,84437.0,510350,sh,沪深300ETF工银
2020-09-08,4.364,4.384,4.403,4.337,68841.0,510350,sh,沪深300ETF工银
2020-09-09,4.384,4.279,4.384,4.25,92910.0,510350,sh,沪深300ETF工银
2020-09-10,4.314,4.284,4.372,4.268,46284.0,510350,sh,沪深300ETF工银
2020-09-11,4.279,4.313,4.32,4.26,54508.0,510350,sh,沪深300ETF工银
2020-09-14,4.318,4.341,4.351,4.313,20680.0,510350,sh,沪深300ETF工银
2020-09-15,4.329,4.377,4.383,4.327,44775.0,510350,sh,沪深300ETF工银
2020-09-16,4.375,4.348,4.378,4.341,37731.0,510350,sh,沪深300ETF工银
2020-09-17,4.332,4.328,4.364,4.299,16659.0,510350,sh,沪深300ETF工银
2020-09-18,4.333,4.442,4.442,4.333,83299.0,510350,sh,沪深300ETF工银
2020-09-21,4.448,4.386,4.448,4.384,51279.0,510350,sh,沪深300ETF工银
2020-09-22,4.381,4.332,4.393,4.308,110796.0,510350,sh,沪深300ETF工银
2020-09-23,4.333,4.338,4.358,4.32,52437.0,510350,sh,沪深300ETF工银
2020-09-24,4.305,4.293,4.308,4.257,65929.0,510350,sh,沪深300ETF工银
2020-09-25,4.292,4.273,4.298,4.256,47380.0,510350,sh,沪深300ETF工银
2020-09-28,4.268,4.276,4.31,4.26,29719.0,510350,sh,沪深300ETF工银
2020-09-29,4.281,4.288,4.317,4.281,18351.0,510350,sh,沪深300ETF工银
2020-09-30,4.293,4.268,4.324,4.249,84034.0,510350,sh,沪深300ETF工银
2020-10-09,4.273,4.367,4.393,4.273,46978.0,510350,sh,沪深300ETF工银
2020-10-12,4.372,4.516,4.522,4.372,44085.0,510350,sh,沪深300ETF工银
2020-10-13,4.524,4.535,4.544,4.489,44285.0,510350,sh,沪深300ETF工银
2020-10-14,4.53,4.505,4.53,4.491,30515.0,510350,sh,沪深300ETF工银
2020-10-15,4.502,4.496,4.531,4.489,54564.0,510350,sh,沪深300ETF工银
2020-10-16,4.501,4.481,4.524,4.45,78785.0,510350,sh,沪深300ETF工银
2020-10-19,4.486,4.446,4.547,4.43,83847.0,510350,sh,沪深300ETF工银
2020-10-20,4.432,4.479,4.481,4.432,78230.0,510350,sh,沪深300ETF工银
2020-10-21,4.475,4.486,4.489,4.451,80901.0,510350,sh,沪深300ETF工银
2020-10-22,4.481,4.473,4.483,4.42,26033.0,510350,sh,沪深300ETF工银
2020-10-23,4.468,4.425,4.497,4.417,59674.0,510350,sh,沪深300ETF工银
2020-10-26,4.376,4.381,4.408,4.336,65999.0,510350,sh,沪深300ETF工银
2020-10-27,4.376,4.394,4.396,4.368,25820.0,510350,sh,沪深300ETF工银
2020-10-28,4.391,4.436,4.451,4.381,30790.0,510350,sh,沪深300ETF工银
2020-10-29,4.431,4.478,4.494,4.389,65748.0,510350,sh,沪深300ETF工银
2020-10-30,4.473,4.388,4.476,4.381,51159.0,510350,sh,沪深300ETF工银
2020-11-02,4.406,4.411,4.432,4.393,12638.0,510350,sh,沪深300ETF工银
2020-11-03,4.416,4.467,4.491,4.416,50606.0,510350,sh,沪深300ETF工银
2020-11-04,4.463,4.501,4.524,4.463,53904.0,510350,sh,沪深300ETF工银
2020-11-05,4.506,4.575,4.582,4.404,25847.0,510350,sh,沪深300ETF工银
2020-11-06,4.58,4.57,4.582,4.535,68707.0,510350,sh,沪深300ETF工银
2020-11-09,4.624,4.671,4.693,4.624,60188.0,510350,sh,沪深300ETF工银
2020-11-10,4.673,4.643,4.677,4.626,36584.0,510350,sh,沪深300ETF工银
2020-11-11,4.638,4.599,4.649,4.596,54958.0,510350,sh,沪深300ETF工银
2020-11-12,4.614,4.597,4.618,4.581,31832.0,510350,sh,沪深300ETF工银
2020-11-13,4.602,4.546,4.602,4.517,37674.0,510350,sh,沪深300ETF工银
2020-11-16,4.551,4.589,4.6,4.547,257827.0,510350,sh,沪深300ETF工银
2020-11-17,4.584,4.583,4.595,4.562,252815.0,510350,sh,沪深300ETF工银
2020-11-18,4.593,4.576,4.599,4.55,272259.0,510350,sh,沪深300ETF工银
2020-11-19,4.571,4.616,4.627,4.561,281649.0,510350,sh,沪深300ETF工银
2020-11-20,4.621,4.626,4.629,4.607,299398.0,510350,sh,沪深300ETF工银
2020-11-23,4.622,4.688,4.72,4.622,131907.0,510350,sh,沪深300ETF工银
2020-11-24,4.683,4.666,4.691,4.652,60935.0,510350,sh,沪深300ETF工银
2020-11-25,4.681,4.603,4.693,4.602,160495.0,510350,sh,沪深300ETF工银
2020-11-26,4.603,4.605,4.615,4.565,77325.0,510350,sh,沪深300ETF工银
2020-11-27,4.61,4.682,4.682,4.61,42500.0,510350,sh,沪深300ETF工银
2020-11-30,4.682,4.657,4.751,4.655,54878.0,510350,sh,沪深300ETF工银
2020-12-01,4.667,4.757,4.773,4.665,31814.0,510350,sh,沪深300ETF工银
2020-12-02,4.765,4.749,4.784,4.727,494839.0,510350,sh,沪深300ETF工银
2020-12-03,4.744,4.747,4.764,4.726,40220.0,510350,sh,沪深300ETF工银
2020-12-04,4.742,4.762,4.765,4.702,38502.0,510350,sh,沪深300ETF工银
2020-12-07,4.754,4.717,4.754,4.7,59403.0,510350,sh,沪深300ETF工银
2020-12-08,4.722,4.698,4.733,4.687,42435.0,510350,sh,沪深300ETF工银
2020-12-09,4.72,4.639,4.724,4.63,37037.0,510350,sh,沪深300ETF工银
2020-12-10,4.639,4.624,4.649,4.619,35270.0,510350,sh,沪深300ETF工银
2020-12-11,4.627,4.578,4.642,4.542,70502.0,510350,sh,沪深300ETF工银
2020-12-14,4.573,4.614,4.614,4.573,24452.0,510350,sh,沪深300ETF工银
2020-12-15,4.61,4.633,4.637,4.59,51011.0,510350,sh,沪深300ETF工银
2020-12-16,4.637,4.64,4.648,4.624,38252.0,510350,sh,沪深300ETF工银
2020-12-17,4.643,4.714,4.715,4.636,78858.0,510350,sh,沪深300ETF工银
2020-12-18,4.704,4.684,4.713,4.663,55995.0,510350,sh,沪深300ETF工银
2020-12-21,4.682,4.735,4.736,4.651,52252.0,510350,sh,沪深300ETF工银
2020-12-22,4.73,4.653,4.734,4.649,59584.0,510350,sh,沪深300ETF工银
2020-12-23,4.658,4.688,4.705,4.658,28326.0,510350,sh,沪深300ETF工银
2020-12-24,4.686,4.689,4.707,4.672,47052.0,510350,sh,沪深300ETF工银
2020-12-25,4.684,4.729,4.729,4.669,44483.0,510350,sh,沪深300ETF工银
2020-12-28,4.72,4.749,4.776,4.72,28834.0,510350,sh,沪深300ETF工银
2020-12-29,4.765,4.73,4.771,4.728,19067.0,510350,sh,沪深300ETF工银
2020-12-30,4.735,4.792,4.793,4.735,26108.0,510350,sh,沪深300ETF工银
2020-12-31,4.785,4.893,4.904,4.785,80793.0,510350,sh,沪深300ETF工银
2021-01-04,4.901,4.943,4.971,4.87,29518.0,510350,sh,沪深300ETF工银
2021-01-05,4.949,5.042,5.049,4.921,56725.0,510350,sh,沪深300ETF工银
2021-01-06,5.047,5.092,5.125,5.035,53233.0,510350,sh,沪深300ETF工银
2021-01-07,5.097,5.213,5.214,5.097,54937.0,510350,sh,沪深300ETF工银
2021-01-08,5.228,5.18,5.244,5.136,40576.0,510350,sh,沪深300ETF工银
2021-01-11,5.18,5.119,5.224,5.091,44259.0,510350,sh,沪深300ETF工银
2021-01-12,5.114,5.27,5.28,5.106,56283.0,510350,sh,沪深300ETF工银
2021-01-13,5.286,5.262,5.319,5.236,44778.0,510350,sh,沪深300ETF工银
2021-01-14,5.256,5.179,5.256,5.158,64036.0,510350,sh,沪深300ETF工银
2021-01-15,5.179,5.137,5.185,5.077,62425.0,510350,sh,沪深300ETF工银
2021-01-18,5.142,5.202,5.224,5.111,53519.0,510350,sh,沪深300ETF工银
2021-01-19,5.208,5.119,5.208,5.1,48312.0,510350,sh,沪深300ETF工银
2021-01-20,5.124,5.147,5.181,5.115,35393.0,510350,sh,沪深300ETF工银
2021-01-21,5.147,5.237,5.281,5.147,37859.0,510350,sh,沪深300ETF工银
2021-01-22,5.243,5.248,5.264,5.201,43023.0,510350,sh,沪深300ETF工银
2021-01-25,5.253,5.302,5.334,5.23,13658.0,510350,sh,沪深300ETF工银
2021-01-26,5.296,5.2,5.296,5.195,24598.0,510350,sh,沪深300ETF工银
2021-01-27,5.194,5.204,5.224,5.141,51354.0,510350,sh,沪深300ETF工银
2021-01-28,5.16,5.053,5.16,5.05,49013.0,510350,sh,沪深300ETF工银
2021-01-29,5.058,5.036,5.109,4.967,47811.0,510350,sh,沪深300ETF工银
2021-02-01,5.036,5.092,5.101,5.034,42247.0,510350,sh,沪深300ETF工银
2021-02-02,5.101,5.174,5.178,5.101,21475.0,510350,sh,沪深300ETF工银
2021-02-03,5.177,5.174,5.217,5.162,16440.0,510350,sh,沪深300ETF工银
2021-02-04,5.168,5.159,5.193,5.107,31826.0,510350,sh,沪深300ETF工银
2021-02-05,5.159,5.166,5.225,5.159,28275.0,510350,sh,沪深300ETF工银
2021-02-08,5.172,5.231,5.256,5.172,26808.0,510350,sh,沪深300ETF工银
2021-02-09,5.255,5.362,5.376,5.244,28712.0,510350,sh,沪深300ETF工银
2021-02-10,5.381,5.492,5.512,5.381,17697.0,510350,sh,沪深300ETF工银
2021-02-18,5.498,5.45,5.609,5.428,50166.0,510350,sh,沪深300ETF工银
2021-02-19,5.458,5.457,5.501,5.359,75862.0,510350,sh,沪深300ETF工银
2021-02-22,5.457,5.283,5.457,5.28,44423.0,510350,sh,沪深300ETF工银
2021-02-23,5.283,5.246,5.318,5.234,35574.0,510350,sh,沪深300ETF工银
2021-02-24,5.273,5.102,5.276,5.056,52895.0,510350,sh,沪深300ETF工银
2021-02-25,5.103,5.159,5.201,5.103,76915.0,510350,sh,沪深300ETF工银
2021-02-26,5.2,5.004,5.2,4.999,38214.0,510350,sh,沪深300ETF工银
2021-03-01,5.062,5.096,5.101,5.04,49405.0,510350,sh,沪深300ETF工银
2021-03-02,5.1,5.019,5.139,4.984,20063.0,510350,sh,沪深300ETF工银
2021-03-03,5.014,5.131,5.131,4.998,12558.0,510350,sh,沪深300ETF工银
2021-03-04,5.126,4.977,5.126,4.945,16729.0,510350,sh,沪深300ETF工银
2021-03-05,4.983,4.957,4.991,4.869,19851.0,510350,sh,沪深300ETF工银
2021-03-08,4.957,4.777,5.01,4.772,44439.0,510350,sh,沪深300ETF工银
2021-03-09,4.77,4.656,4.772,4.604,73177.0,510350,sh,沪深300ETF工银
2021-03-10,4.661,4.686,4.741,4.661,52975.0,510350,sh,沪深300ETF工银
2021-03-11,4.686,4.807,4.812,4.686,59307.0,510350,sh,沪深300ETF工银
2021-03-12,4.812,4.811,4.834,4.766,28797.0,510350,sh,沪深300ETF工银
2021-03-15,4.806,4.721,4.806,4.674,21768.0,510350,sh,沪深300ETF工银
2021-03-16,4.726,4.749,4.771,4.703,38008.0,510350,sh,沪深300ETF工银
2021-03-17,4.744,4.785,4.808,4.701,44814.0,510350,sh,沪深300ETF工银
2021-03-18,4.813,4.814,4.837,4.799,14479.0,510350,sh,沪深300ETF工银
2021-03-19,4.804,4.69,4.804,4.664,25782.0,510350,sh,沪深300ETF工银
2021-03-22,4.685,4.734,4.751,4.685,22268.0,510350,sh,沪深300ETF工银
2021-03-23,4.739,4.697,4.744,4.648,19500.0,510350,sh,沪深300ETF工银
2021-03-24,4.692,4.625,4.719,4.604,35145.0,510350,sh,沪深300ETF工银
2021-03-25,4.62,4.617,4.634,4.58,19498.0,510350,sh,沪深300ETF工银
2021-03-26,4.663,4.718,4.739,4.648,38203.0,510350,sh,沪深300ETF工银
2021-03-29,4.727,4.749,4.771,4.698,94562.0,510350,sh,沪深300ETF工银
2021-03-30,4.744,4.779,4.784,4.714,21449.0,510350,sh,沪深300ETF工银
2021-03-31,4.774,4.738,4.774,4.704,10720.0,510350,sh,沪深300ETF工银
2021-04-01,4.743,4.814,4.819,4.743,25957.0,510350,sh,沪深300ETF工银
2021-04-02,4.818,4.843,4.849,4.803,16612.0,510350,sh,沪深300ETF工银
2021-04-06,4.861,4.824,4.867,4.814,32150.0,510350,sh,沪深300ETF工银
2021-04-07,4.819,4.794,4.819,4.753,5635.0,510350,sh,沪深300ETF工银
2021-04-08,4.789,4.802,4.809,4.754,13870.0,510350,sh,沪深300ETF工银
2021-04-09,4.797,4.734,4.797,4.716,20644.0,510350,sh,沪深300ETF工银
2021-04-12,4.68,4.649,4.739,4.627,41241.0,510350,sh,沪深300ETF工银
2021-04-13,4.666,4.633,4.675,4.621,28547.0,510350,sh,沪深300ETF工银
2021-04-14,4.638,4.661,4.678,4.637,28378.0,510350,sh,沪深300ETF工银
2021-04-15,4.615,4.641,4.641,4.582,40145.0,510350,sh,沪深300ETF工银
2021-04-16,4.646,4.658,4.665,4.603,28775.0,510350,sh,沪深300ETF工银
2021-04-19,4.658,4.772,4.779,4.624,42952.0,510350,sh,沪深300ETF工银
2021-04-20,4.767,4.772,4.801,4.751,41933.0,510350,sh,沪深300ETF工银
2021-04-21,4.772,4.78,4.795,4.734,53319.0,510350,sh,沪深300ETF工银
2021-04-22,4.785,4.782,4.787,4.759,39339.0,510350,sh,沪深300ETF工银
2021-04-23,4.779,4.831,4.849,4.779,24376.0,510350,sh,沪深300ETF工银
2021-04-26,4.861,4.762,4.879,4.757,44567.0,510350,sh,沪深300ETF工银
2021-04-27,4.752,4.777,4.779,4.746,37750.0,510350,sh,沪深300ETF工银
2021-04-28,4.772,4.819,4.819,4.742,37358.0,510350,sh,沪深300ETF工银
2021-04-29,4.828,4.862,4.869,4.812,30846.0,510350,sh,沪深300ETF工银
2021-04-30,4.857,4.813,4.858,4.78,62213.0,510350,sh,沪深300ETF工银
2021-05-06,4.806,4.748,4.83,4.727,51788.0,510350,sh,沪深300ETF工银
2021-05-07,4.769,4.685,4.784,4.68,23176.0,510350,sh,沪深300ETF工银
2021-05-10,4.69,4.671,4.705,4.642,25783.0,510350,sh,沪深300ETF工银
2021-05-11,4.661,4.714,4.728,4.619,22514.0,510350,sh,沪深300ETF工银
2021-05-12,4.709,4.745,4.75,4.693,34103.0,510350,sh,沪深300ETF工银
2021-05-13,4.7,4.693,4.711,4.665,30643.0,510350,sh,沪深300ETF工银
2021-05-14,4.69,4.814,4.814,4.682,39435.0,510350,sh,沪深300ETF工银
2021-05-17,4.814,4.884,4.901,4.814,40930.0,510350,sh,沪深300ETF工银
2021-05-18,4.889,4.88,4.906,4.858,31497.0,510350,sh,沪深300ETF工银
2021-05-19,4.88,4.865,4.88,4.846,26015.0,510350,sh,沪深300ETF工银
2021-05-20,4.854,4.892,4.892,4.854,30612.0,510350,sh,沪深300ETF工银
2021-05-21,4.911,4.826,4.919,4.814,71420.0,510350,sh,沪深300ETF工银
2021-05-24,4.831,4.843,4.852,4.785,67715.0,510350,sh,沪深300ETF工银
2021-05-25,4.849,5.014,5.032,4.849,57177.0,510350,sh,沪深300ETF工银
2021-05-26,5.014,5.012,5.039,5.003,55420.0,510350,sh,沪深300ETF工银
2021-05-27,5.01,5.031,5.081,4.984,30122.0,510350,sh,沪深300ETF工银
2021-05-28,5.031,5.012,5.06,4.99,43115.0,510350,sh,沪深300ETF工银
2021-05-31,5.013,5.019,5.021,4.977,66325.0,510350,sh,沪深300ETF工银
2021-06-01,5.019,5.034,5.041,4.962,79347.0,510350,sh,沪深300ETF工银
2021-06-02,5.034,4.993,5.044,4.97,43099.0,510350,sh,沪深300ETF工银
2021-06-03,4.994,4.989,5.013,4.949,32135.0,510350,sh,沪深300ETF工银
2021-06-04,4.949,4.984,5.044,4.934,61942.0,510350,sh,沪深300ETF工银
2021-06-07,4.984,4.979,4.984,4.949,56612.0,510350,sh,沪深300ETF工银
2021-06-08,4.965,4.93,5.029,4.909,22543.0,510350,sh,沪深300ETF工银
2021-06-09,4.935,4.949,4.959,4.925,16261.0,510350,sh,沪深300ETF工银
2021-06-10,4.959,4.98,5.019,4.959,25263.0,510350,sh,沪深300ETF工银
2021-06-11,4.992,4.935,4.992,4.929,30984.0,510350,sh,沪深300ETF工银
2021-06-15,4.924,4.889,4.934,4.849,46071.0,510350,sh,沪深300ETF工银
2021-06-16,4.864,4.794,4.866,4.777,48239.0,510350,sh,沪深300ETF工银
2021-06-17,4.799,4.81,4.832,4.799,44913.0,510350,sh,沪深300ETF工银
2021-06-18,4.805,4.813,4.843,4.777,67479.0,510350,sh,沪深300ETF工银
2021-06-21,4.794,4.805,4.843,4.77,36364.0,510350,sh,沪深300ETF工银
2021-06-22,4.81,4.833,4.844,4.8,67717.0,510350,sh,沪深300ETF工银
2021-06-23,4.839,4.864,4.897,4.835,22463.0,510350,sh,沪深300ETF工银
2021-06-24,4.864,4.871,4.874,4.845,31997.0,510350,sh,沪深300ETF工银
2021-06-25,4.866,4.966,4.981,4.862,32326.0,510350,sh,沪深300ETF工银
2021-06-28,4.991,4.959,4.991,4.945,12287.0,510350,sh,沪深300ETF工银
2021-06-29,4.967,4.924,4.967,4.907,11620.0,510350,sh,沪深300ETF工银
2021-06-30,4.93,4.949,4.958,4.925,9915.0,510350,sh,沪深300ETF工银
2021-07-01,4.962,4.941,4.976,4.909,45588.0,510350,sh,沪深300ETF工银
2021-07-02,4.901,4.804,4.901,4.802,20663.0,510350,sh,沪深300ETF工银
2021-07-05,4.8,4.811,4.839,4.781,24747.0,510350,sh,沪深300ETF工银
2021-07-06,4.802,4.808,4.811,4.764,5748.0,510350,sh,沪深300ETF工银
2021-07-07,4.803,4.868,4.891,4.793,10418.0,510350,sh,沪深300ETF工银
2021-07-08,4.877,4.831,4.887,4.816,35579.0,510350,sh,沪深300ETF工银
2021-07-09,4.826,4.805,4.826,4.752,53053.0,510350,sh,沪深300ETF工银
2021-07-12,4.81,4.863,4.901,4.81,21990.0,510350,sh,沪深300ETF工银
2021-07-13,4.879,4.881,4.902,4.865,32165.0,510350,sh,沪深300ETF工银
2021-07-14,4.855,4.835,4.866,4.824,36183.0,510350,sh,沪深300ETF工银
2021-07-15,4.84,4.899,4.906,4.828,33112.0,510350,sh,沪深300ETF工银
2021-07-16,4.894,4.85,4.895,4.849,47802.0,510350,sh,沪深300ETF工银
2021-07-19,4.845,4.881,4.894,4.804,60405.0,510350,sh,沪深300ETF工银
2021-07-20,4.876,4.867,4.876,4.833,32261.0,510350,sh,沪深300ETF工银
2021-07-21,4.872,4.892,4.916,4.872,43684.0,510350,sh,沪深300ETF工银
2021-07-22,4.896,4.898,4.925,4.894,234138.0,510350,sh,沪深300ETF工银
2021-07-23,4.897,4.856,4.897,4.844,61467.0,510350,sh,沪深300ETF工银
2021-07-26,4.851,4.679,4.851,4.625,53628.0,510350,sh,沪深300ETF工银
2021-07-27,4.679,4.527,4.691,4.505,44177.0,510350,sh,沪深300ETF工银
2021-07-28,4.527,4.529,4.539,4.44,81165.0,510350,sh,沪深300ETF工银
2021-07-29,4.529,4.597,4.614,4.529,70881.0,510350,sh,沪深300ETF工银
2021-07-30,4.592,4.584,4.592,4.529,19660.0,510350,sh,沪深300ETF工银
2021-08-02,4.579,4.683,4.694,4.525,24586.0,510350,sh,沪深300ETF工银
2021-08-03,4.661,4.696,4.711,4.654,37072.0,510350,sh,沪深300ETF工银
2021-08-04,4.709,4.727,4.739,4.698,26280.0,510350,sh,沪深300ETF工银
2021-08-05,4.732,4.699,4.751,4.681,13206.0,510350,sh,沪深300ETF工银
2021-08-06,4.692,4.676,4.699,4.664,23611.0,510350,sh,沪深300ETF工银
2021-08-09,4.677,4.754,4.779,4.649,48710.0,510350,sh,沪深300ETF工银
2021-08-10,4.729,4.804,4.82,4.715,39620.0,510350,sh,沪深300ETF工银
2021-08-11,4.808,4.777,4.826,4.777,17970.0,510350,sh,沪深300ETF工银
2021-08-12,4.777,4.743,4.779,4.742,33721.0,510350,sh,沪深300ETF工银
2021-08-13,4.738,4.721,4.773,4.709,37925.0,510350,sh,沪深300ETF工银
2021-08-16,4.716,4.719,4.749,4.708,24823.0,510350,sh,沪深300ETF工银
2021-08-17,4.761,4.619,4.761,4.609,28500.0,510350,sh,沪深300ETF工银
2021-08-18,4.617,4.661,4.69,4.6,32573.0,510350,sh,沪深300ETF工银
2021-08-19,4.658,4.634,4.662,4.609,52659.0,510350,sh,沪深300ETF工银
2021-08-20,4.638,4.561,4.638,4.499,30489.0,510350,sh,沪深300ETF工银
2021-08-23,4.551,4.61,4.621,4.547,41857.0,510350,sh,沪深300ETF工银
2021-08-24,4.635,4.677,4.691,4.627,50294.0,510350,sh,沪深300ETF工银
2021-08-25,4.671,4.679,4.679,4.65,30002.0,510350,sh,沪深300ETF工银
2021-08-26,4.675,4.593,4.675,4.59,34251.0,510350,sh,沪深300ETF工银
2021-08-27,4.603,4.604,4.656,4.598,61087.0,510350,sh,沪深300ETF工银
2021-08-30,4.6,4.578,4.621,4.561,65751.0,510350,sh,沪深300ETF工银
2021-08-31,4.583,4.586,4.604,4.515,70508.0,510350,sh,沪深300ETF工银
2021-09-01,4.557,4.684,4.704,4.554,62995.0,510350,sh,沪深300ETF工银
2021-09-02,4.684,4.654,4.684,4.631,58505.0,510350,sh,沪深300ETF工银
2021-09-03,4.649,4.64,4.682,4.627,62142.0,510350,sh,沪深300ETF工银
2021-09-06,4.631,4.717,4.724,4.631,64478.0,510350,sh,沪深300ETF工银
2021-09-07,4.699,4.783,4.801,4.696,83277.0,510350,sh,沪深300ETF工银
2021-09-08,4.773,4.749,4.809,4.742,50897.0,510350,sh,沪深300ETF工银
2021-09-09,4.749,4.739,4.75,4.715,60183.0,510350,sh,沪深300ETF工银
2021-09-10,4.744,4.812,4.831,4.744,67394.0,510350,sh,沪深300ETF工银
2021-09-13,4.807,4.773,4.814,4.744,59486.0,510350,sh,沪深300ETF工银
2021-09-14,4.773,4.686,4.787,4.686,65207.0,510350,sh,沪深300ETF工银
2021-09-15,4.686,4.652,4.69,4.628,67066.0,510350,sh,沪深300ETF工银
2021-09-16,4.655,4.61,4.666,4.594,72919.0,510350,sh,沪深300ETF工银
2021-09-17,4.597,4.649,4.649,4.579,54653.0,510350,sh,沪深300ETF工银
2021-09-22,4.6,4.604,4.621,4.558,48494.0,510350,sh,沪深300ETF工银
2021-09-23,4.609,4.629,4.664,4.609,31468.0,510350,sh,沪深300ETF工银
2021-09-24,4.637,4.642,4.688,4.632,55017.0,510350,sh,沪深300ETF工银
2021-09-27,4.64,4.7,4.704,4.632,67313.0,510350,sh,沪深300ETF工银
2021-09-28,4.701,4.666,4.701,4.644,52204.0,510350,sh,沪深300ETF工银
2021-09-29,4.644,4.638,4.661,4.586,64658.0,510350,sh,沪深300ETF工银
2021-09-30,4.634,4.644,4.661,4.627,114344.0,510350,sh,沪深300ETF工银
2021-10-08,4.649,4.721,4.727,4.649,35337.0,510350,sh,沪深300ETF工银
2021-10-11,4.741,4.716,4.761,4.711,28603.0,510350,sh,沪深300ETF工银
2021-10-12,4.689,4.665,4.706,4.622,53593.0,510350,sh,沪深300ETF工银
2021-10-13,4.677,4.713,4.735,4.655,49479.0,510350,sh,沪深300ETF工银
2021-10-14,4.722,4.696,4.73,4.682,43225.0,510350,sh,沪深300ETF工银
2021-10-15,4.691,4.72,4.728,4.668,45058.0,510350,sh,沪深300ETF工银
2021-10-18,4.706,4.652,4.706,4.617,55711.0,510350,sh,沪深300ETF工银
2021-10-19,4.649,4.702,4.71,4.649,63640.0,510350,sh,沪深300ETF工银
2021-10-20,4.707,4.694,4.736,4.68,48562.0,510350,sh,沪深300ETF工银
2021-10-21,4.706,4.714,4.737,4.672,48549.0,510350,sh,沪深300ETF工银
2021-10-22,4.719,4.748,4.781,4.719,82476.0,510350,sh,沪深300ETF工银
2021-10-25,4.743,4.767,4.77,4.728,42455.0,510350,sh,沪深300ETF工银
2021-10-26,4.767,4.748,4.791,4.737,76074.0,510350,sh,沪深300ETF工银
2021-10-27,4.723,4.682,4.724,4.666,46885.0,510350,sh,沪深300ETF工银
2021-10-28,4.664,4.674,4.684,4.638,86145.0,510350,sh,沪深300ETF工银
2021-10-29,4.674,4.686,4.69,4.65,61609.0,510350,sh,沪深300ETF工银
2021-11-01,4.688,4.672,4.696,4.658,49120.0,510350,sh,沪深300ETF工银
2021-11-02,4.672,4.615,4.702,4.58,64183.0,510350,sh,沪深300ETF工银
2021-11-03,4.625,4.603,4.641,4.588,33105.0,510350,sh,沪深300ETF工银
2021-11-04,4.603,4.646,4.656,4.603,36123.0,510350,sh,沪深300ETF工银
2021-11-05,4.645,4.632,4.675,4.632,424675.0,510350,sh,沪深300ETF工银
2021-11-08,4.641,4.632,4.654,4.609,145750.0,510350,sh,沪深300ETF工银
2021-11-09,4.647,4.639,4.651,4.61,199643.0,510350,sh,沪深300ETF工银
2021-11-10,4.61,4.606,4.639,4.536,171946.0,510350,sh,沪深300ETF工银
2021-11-11,4.6,4.683,4.69,4.6,55651.0,510350,sh,沪深300ETF工银
2021-11-12,4.691,4.679,4.703,4.668,278615.0,510350,sh,沪深300ETF工银
2021-11-15,4.679,4.675,4.703,4.657,60593.0,510350,sh,沪深300ETF工银
2021-11-16,4.683,4.669,4.708,4.662,58863.0,510350,sh,沪深300ETF工银
2021-11-17,4.671,4.666,4.683,4.652,58863.0,510350,sh,沪深300ETF工银
2021-11-18,4.649,4.633,4.653,4.62,83346.0,510350,sh,沪深300ETF工银
2021-11-19,4.628,4.688,4.693,4.616,69845.0,510350,sh,沪深300ETF工银
2021-11-22,4.694,4.698,4.703,4.685,72269.0,510350,sh,沪深300ETF工银
2021-11-23,4.689,4.697,4.717,4.685,24352.0,510350,sh,沪深300ETF工银
2021-11-24,4.705,4.719,4.731,4.697,38949.0,510350,sh,沪深300ETF工银
2021-11-25,4.708,4.693,4.708,4.679,33085.0,510350,sh,沪深300ETF工银
2021-11-26,4.688,4.65,4.688,4.64,28618.0,510350,sh,沪深300ETF工银
2021-11-29,4.645,4.645,4.652,4.624,38135.0,510350,sh,沪深300ETF工银
2021-11-30,4.649,4.626,4.655,4.597,33090.0,510350,sh,沪深300ETF工银
2021-12-01,4.631,4.639,4.641,4.621,30334.0,510350,sh,沪深300ETF工银
2021-12-02,4.629,4.648,4.658,4.619,31910.0,510350,sh,沪深300ETF工银
2021-12-03,4.658,4.688,4.688,4.638,41876.0,510350,sh,沪深300ETF工银
2021-12-06,4.701,4.69,4.727,4.684,61429.0,510350,sh,沪深300ETF工银
2021-12-07,4.709,4.702,4.721,4.689,53500.0,510350,sh,沪深300ETF工银
2021-12-08,4.727,4.784,4.789,4.702,54544.0,510350,sh,沪深300ETF工银
2021-12-09,4.774,4.874,4.919,4.774,50523.0,510350,sh,沪深300ETF工银
2021-12-10,4.941,4.844,4.961,4.834,45486.0,510350,sh,沪深300ETF工银
2021-12-13,4.85,4.863,4.934,4.85,27741.0,510350,sh,沪深300ETF工银
2021-12-14,4.858,4.839,4.858,4.824,49149.0,510350,sh,沪深300ETF工银
2021-12-15,4.927,4.789,4.961,4.787,36805.0,510350,sh,沪深300ETF工银
2021-12-16,4.787,4.818,4.821,4.775,41950.0,510350,sh,沪深300ETF工银
2021-12-17,4.818,4.749,4.818,4.694,570354.0,510350,sh,沪深300ETF工银
2021-12-20,4.749,4.657,4.754,4.652,109615.0,510350,sh,沪深300ETF工银
2021-12-21,4.658,4.687,4.693,4.656,92419.0,510350,sh,沪深300ETF工银
2021-12-22,4.687,4.689,4.713,4.681,72551.0,510350,sh,沪深300ETF工银
2021-12-23,4.674,4.729,4.73,4.674,50070.0,510350,sh,沪深300ETF工银
2021-12-24,4.732,4.703,4.738,4.69,41623.0,510350,sh,沪深300ETF工银
2021-12-27,4.714,4.709,4.725,4.68,51824.0,510350,sh,沪深300ETF工银
2021-12-28,4.71,4.73,4.745,4.693,115018.0,510350,sh,沪深300ETF工银
2021-12-29,4.73,4.664,4.73,4.664,52237.0,510350,sh,沪深300ETF工银
2021-12-30,4.67,4.709,4.717,4.662,87086.0,510350,sh,沪深300ETF工银
2021-12-31,4.709,4.717,4.734,4.697,63662.0,510350,sh,沪深300ETF工银
2022-01-04,4.715,4.699,4.731,4.645,60633.0,510350,sh,沪深300ETF工银
2022-01-05,4.69,4.65,4.7,4.629,38066.0,510350,sh,沪深300ETF工银
2022-01-06,4.644,4.621,4.644,4.564,38863.0,510350,sh,沪深300ETF工银
2022-01-07,4.609,4.6,4.633,4.6,23392.0,510350,sh,沪深300ETF工银
2022-01-10,4.593,4.622,4.631,4.567,40513.0,510350,sh,沪深300ETF工银
2022-01-11,4.622,4.59,4.627,4.58,50512.0,510350,sh,沪深300ETF工银
2022-01-12,4.58,4.629,4.642,4.58,56891.0,510350,sh,沪深300ETF工银
2022-01-13,4.624,4.541,4.635,4.54,31839.0,510350,sh,沪深300ETF工银
2022-01-14,4.53,4.509,4.537,4.502,56897.0,510350,sh,沪深300ETF工银
2022-01-17,4.509,4.542,4.557,4.504,34752.0,510350,sh,沪深300ETF工银
2022-01-18,4.542,4.587,4.605,4.527,44793.0,510350,sh,沪深300ETF工银
2022-01-19,4.59,4.561,4.613,4.54,32151.0,510350,sh,沪深300ETF工银
2022-01-20,4.567,4.613,4.632,4.555,121230.0,510350,sh,沪深300ETF工银
2022-01-21,4.613,4.567,4.613,4.544,70299.0,510350,sh,沪深300ETF工银
2022-01-24,4.562,4.559,4.578,4.528,35041.0,510350,sh,沪深300ETF工银
2022-01-25,4.549,4.456,4.555,4.454,59682.0,510350,sh,沪深300ETF工银
2022-01-26,4.456,4.486,4.49,4.433,50319.0,510350,sh,沪深300ETF工银
2022-01-27,4.487,4.419,4.491,4.4,74726.0,510350,sh,沪深300ETF工银
2022-01-28,4.426,4.338,4.44,4.328,54186.0,510350,sh,沪深300ETF工银
2022-02-07,4.381,4.431,4.441,4.381,52234.0,510350,sh,沪深300ETF工银
2022-02-08,4.432,4.39,4.432,4.297,30819.0,510350,sh,沪深300ETF工银
2022-02-09,4.38,4.425,4.434,4.371,26076.0,510350,sh,沪深300ETF工银
2022-02-10,4.434,4.408,4.434,4.393,117413.0,510350,sh,沪深300ETF工银
2022-02-11,4.402,4.376,4.441,4.364,71491.0,510350,sh,沪深300ETF工银
2022-02-14,4.377,4.329,4.377,4.305,42749.0,510350,sh,沪深300ETF工银
2022-02-15,4.33,4.366,4.371,4.327,37906.0,510350,sh,沪深300ETF工银
2022-02-16,4.367,4.386,4.413,4.367,26551.0,510350,sh,沪深300ETF工银
2022-02-17,4.381,4.397,4.426,4.377,46734.0,510350,sh,沪深300ETF工银
2022-02-18,4.35,4.422,4.425,4.35,39293.0,510350,sh,沪深300ETF工银
2022-02-21,4.427,4.412,4.427,4.387,62251.0,510350,sh,沪深300ETF工银
2022-02-22,4.365,4.378,4.379,4.324,33616.0,510350,sh,沪深300ETF工银
2022-02-23,4.353,4.396,4.4,4.353,20282.0,510350,sh,沪深300ETF工银
2022-02-24,4.364,4.317,4.379,4.269,78886.0,510350,sh,沪深300ETF工银
2022-02-25,4.355,4.344,4.395,4.333,31819.0,510350,sh,沪深300ETF工银
2022-02-28,4.319,4.351,4.352,4.304,50924.0,510350,sh,沪深300ETF工银
2022-03-01,4.352,4.387,4.397,4.352,54388.0,510350,sh,沪深300ETF工银
2022-03-02,4.38,4.355,4.38,4.331,33801.0,510350,sh,沪深300ETF工银
2022-03-03,4.356,4.323,4.4,4.314,38089.0,510350,sh,沪深300ETF工银
2022-03-04,4.323,4.273,4.323,4.255,67731.0,510350,sh,沪深300ETF工银
2022-03-07,4.267,4.115,4.276,4.1,67241.0,510350,sh,沪深300ETF工银
2022-03-08,4.119,4.037,4.147,4.017,66497.0,510350,sh,沪深300ETF工银
2022-03-09,4.038,4.012,4.065,3.821,63890.0,510350,sh,沪深300ETF工银
2022-03-10,4.044,4.057,4.144,4.044,37675.0,510350,sh,沪深300ETF工银
2022-03-11,4.038,4.094,4.094,3.881,34481.0,510350,sh,沪深300ETF工银
2022-03-14,4.084,3.96,4.084,3.871,509067.0,510350,sh,沪深300ETF工银
2022-03-15,3.957,3.768,3.957,3.733,147985.0,510350,sh,沪深300ETF工银
2022-03-16,3.841,3.912,3.922,3.702,727680.0,510350,sh,沪深300ETF工银
2022-03-17,3.907,4.003,4.063,3.907,211188.0,510350,sh,沪深300ETF工银
2022-03-18,4.002,4.036,4.045,3.96,326304.0,510350,sh,沪深300ETF工银
2022-03-21,4.036,4.031,4.06,4.001,71602.0,510350,sh,沪深300ETF工银
2022-03-22,4.014,4.037,4.054,3.988,27186.0,510350,sh,沪深300ETF工银
2022-03-23,4.035,4.049,4.056,4.007,161529.0,510350,sh,沪深300ETF工银
2022-03-24,4.039,4.025,4.049,3.986,56996.0,510350,sh,沪深300ETF工银
2022-03-25,4.02,3.947,4.03,3.946,142066.0,510350,sh,沪深300ETF工银
2022-03-28,3.942,3.916,3.947,3.853,254113.0,510350,sh,沪深300ETF工银
2022-03-29,3.923,3.896,3.943,3.893,215298.0,510350,sh,沪深300ETF工银
2022-03-30,3.903,4.019,4.025,3.903,87222.0,510350,sh,沪深300ETF工银
2022-03-31,4.014,3.984,4.014,3.977,92757.0,510350,sh,沪深300ETF工银
2022-04-01,3.979,4.036,4.062,3.951,88851.0,510350,sh,沪深300ETF工银
2022-04-06,4.036,4.03,4.037,3.998,93512.0,510350,sh,沪深300ETF工银
2022-04-07,4.025,3.996,4.043,3.976,22663.0,510350,sh,沪深300ETF工银
2022-04-08,3.991,4.0,4.003,3.948,41947.0,510350,sh,沪深300ETF工银
2022-04-11,3.995,3.871,3.995,3.865,82549.0,510350,sh,沪深300ETF工银
2022-04-12,3.87,3.939,3.946,3.847,89077.0,510350,sh,沪深300ETF工银
2022-04-13,3.934,3.91,3.96,3.899,158451.0,510350,sh,沪深300ETF工银
2022-04-14,3.911,3.953,3.984,3.911,51993.0,510350,sh,沪深300ETF工银
2022-04-15,3.945,3.953,3.974,3.918,62995.0,510350,sh,沪深300ETF工银
2022-04-18,3.911,3.931,3.936,3.885,72792.0,510350,sh,沪深300ETF工银
2022-04-19,3.955,3.911,3.959,3.885,52350.0,510350,sh,沪深300ETF工银
2022-04-20,3.885,3.839,3.891,3.819,71305.0,510350,sh,沪深300ETF工银
2022-04-21,3.831,3.767,3.848,3.744,62055.0,510350,sh,沪深300ETF工银
2022-04-22,3.735,3.78,3.808,3.723,81140.0,510350,sh,沪深300ETF工银
2022-04-25,3.78,3.578,3.78,3.562,107301.0,510350,sh,沪深300ETF工银
2022-04-26,3.567,3.539,3.637,3.532,83895.0,510350,sh,沪深300ETF工银
2022-04-27,3.509,3.648,3.65,3.501,105994.0,510350,sh,沪深300ETF工银
2022-04-28,3.652,3.684,3.699,3.634,69011.0,510350,sh,沪深300ETF工银
2022-04-29,3.684,3.784,3.788,3.661,39069.0,510350,sh,沪深300ETF工银
2022-05-05,3.814,3.78,3.814,3.759,43685.0,510350,sh,沪深300ETF工银
2022-05-06,3.742,3.687,3.742,3.64,48165.0,510350,sh,沪深300ETF工银
2022-05-09,3.654,3.655,3.675,3.621,33592.0,510350,sh,沪深300ETF工银
2022-05-10,3.582,3.684,3.706,3.574,38328.0,510350,sh,沪深300ETF工银
2022-05-11,3.674,3.735,3.791,3.674,58466.0,510350,sh,沪深300ETF工银
2022-05-12,3.73,3.731,3.748,3.701,44502.0,510350,sh,沪深300ETF工银
2022-05-13,3.736,3.755,3.769,3.72,43456.0,510350,sh,沪深300ETF工银
2022-05-16,3.778,3.735,3.781,3.704,32151.0,510350,sh,沪深300ETF工银
2022-05-17,3.714,3.77,3.774,3.714,41242.0,510350,sh,沪深300ETF工银
2022-05-18,3.754,3.76,3.79,3.731,45039.0,510350,sh,沪深300ETF工银
2022-05-19,3.734,3.77,3.77,3.709,51277.0,510350,sh,沪深300ETF工银
2022-05-20,3.77,3.848,3.849,3.77,85708.0,510350,sh,沪深300ETF工银
2022-05-23,3.84,3.814,3.842,3.79,78328.0,510350,sh,沪深300ETF工银
2022-05-24,3.794,3.749,3.819,3.734,29794.0,510350,sh,沪深300ETF工银
2022-05-25,3.743,3.747,3.761,3.721,57191.0,510350,sh,沪深300ETF工银
2022-05-26,3.744,3.764,3.795,3.7,85804.0,510350,sh,沪深300ETF工银
2022-05-27,3.765,3.772,3.834,3.756,48685.0,510350,sh,沪深300ETF工银
2022-05-30,3.788,3.795,3.817,3.779,49919.0,510350,sh,沪深300ETF工银
2022-05-31,3.795,3.861,3.875,3.789,69224.0,510350,sh,沪深300ETF工银
2022-06-01,3.862,3.857,3.863,3.821,51137.0,510350,sh,沪深300ETF工银
2022-06-02,3.857,3.87,3.873,3.835,43206.0,510350,sh,沪深300ETF工银
2022-06-06,3.868,3.944,3.946,3.833,48753.0,510350,sh,沪深300ETF工银
2022-06-07,3.937,3.947,3.97,3.937,83384.0,510350,sh,沪深300ETF工银
2022-06-08,3.944,4.001,4.004,3.94,183186.0,510350,sh,沪深300ETF工银
2022-06-09,3.997,3.965,4.006,3.951,56846.0,510350,sh,沪深300ETF工银
2022-06-10,3.944,4.01,4.03,3.941,277716.0,510350,sh,沪深300ETF工银
2022-06-13,3.986,3.978,3.996,3.947,134076.0,510350,sh,沪深300ETF工银
2022-06-14,3.963,4.018,4.021,3.891,38870.0,510350,sh,沪深300ETF工银
2022-06-15,4.021,4.061,4.147,3.935,82504.0,510350,sh,沪深300ETF工银
2022-06-16,4.061,4.034,4.092,4.026,83344.0,510350,sh,沪深300ETF工银
2022-06-17,4.029,4.11,4.114,4.013,111276.0,510350,sh,沪深300ETF工银
2022-06-20,4.094,4.123,4.167,4.09,105486.0,510350,sh,沪深300ETF工银
2022-06-21,4.118,4.135,4.157,4.096,41193.0,510350,sh,沪深300ETF工银
2022-06-22,4.132,4.066,4.132,4.064,44078.0,510350,sh,沪深300ETF工银
2022-06-23,4.061,4.144,4.147,4.061,44651.0,510350,sh,沪深300ETF工银
2022-06-24,4.122,4.196,4.21,4.122,74480.0,510350,sh,沪深300ETF工银
2022-06-27,4.197,4.244,4.284,4.197,55007.0,510350,sh,沪深300ETF工银
2022-06-28,4.241,4.294,4.311,4.216,67723.0,510350,sh,沪深300ETF工银
2022-06-29,4.287,4.241,4.312,4.233,95532.0,510350,sh,沪深300ETF工银
2022-06-30,4.258,4.291,4.33,4.254,45469.0,510350,sh,沪深300ETF工银
2022-07-01,4.284,4.284,4.309,4.263,77893.0,510350,sh,沪深300ETF工银
2022-07-04,4.286,4.306,4.306,4.237,163819.0,510350,sh,沪深300ETF工银
2022-07-05,4.306,4.295,4.351,4.252,163672.0,510350,sh,沪深300ETF工银
2022-07-06,4.29,4.246,4.297,4.216,80040.0,510350,sh,沪深300ETF工银
2022-07-07,4.241,4.261,4.281,4.215,27824.0,510350,sh,沪深300ETF工银
2022-07-08,4.255,4.255,4.301,4.252,52660.0,510350,sh,沪深300ETF工银
2022-07-11,4.248,4.174,4.257,4.153,150741.0,510350,sh,沪深300ETF工银
2022-07-12,4.179,4.137,4.192,4.128,73771.0,510350,sh,沪深300ETF工银
2022-07-13,4.139,4.142,4.159,4.111,156674.0,510350,sh,沪深300ETF工银
2022-07-14,4.129,4.148,4.176,4.121,100281.0,510350,sh,沪深300ETF工银
2022-07-15,4.143,4.085,4.187,4.084,82389.0,510350,sh,沪深300ETF工银
2022-07-18,4.09,4.129,4.142,4.054,81469.0,510350,sh,沪深300ETF工银
2022-07-19,4.129,4.109,4.129,4.074,73016.0,510350,sh,沪深300ETF工银
2022-07-20,4.114,4.117,4.144,4.108,53974.0,510350,sh,沪深300ETF工银
2022-07-21,4.104,4.075,4.123,4.073,90313.0,510350,sh,沪深300ETF工银
2022-07-22,4.084,4.081,4.126,4.044,73829.0,510350,sh,沪深300ETF工银
2022-07-25,4.054,4.059,4.072,4.04,53481.0,510350,sh,沪深300ETF工银
2022-07-26,4.07,4.088,4.11,4.062,82437.0,510350,sh,沪深300ETF工银
2022-07-27,4.071,4.062,4.077,4.058,47504.0,510350,sh,沪深300ETF工银
2022-07-28,4.067,4.067,4.119,4.063,59736.0,510350,sh,沪深300ETF工银
2022-07-29,4.077,4.012,4.094,4.003,124566.0,510350,sh,沪深300ETF工银
2022-08-01,4.007,4.031,4.042,3.976,56138.0,510350,sh,沪深300ETF工银
2022-08-02,4.026,3.962,4.026,3.92,65787.0,510350,sh,沪深300ETF工银
2022-08-03,3.954,3.908,4.001,3.9,53274.0,510350,sh,沪深300ETF工银
2022-08-04,3.913,3.939,3.95,3.909,34242.0,510350,sh,沪深300ETF工银
2022-08-05,3.944,4.005,4.016,3.943,125119.0,510350,sh,沪深300ETF工银
2022-08-08,4.0,4.001,4.011,3.986,38834.0,510350,sh,沪深300ETF工银
2022-08-09,3.992,4.002,4.012,3.984,27378.0,510350,sh,沪深300ETF工银
2022-08-10,4.0,3.959,4.006,3.94,50266.0,510350,sh,沪深300ETF工银
2022-08-11,3.975,4.052,4.053,3.969,70705.0,510350,sh,沪深300ETF工银
2022-08-12,4.057,4.053,4.06,4.031,44508.0,510350,sh,沪深300ETF工银
2022-08-15,4.048,4.039,4.083,4.037,40248.0,510350,sh,沪深300ETF工银
2022-08-16,4.044,4.028,4.066,4.021,56298.0,510350,sh,沪深300ETF工银
2022-08-17,4.026,4.074,4.084,4.008,41987.0,510350,sh,沪深300ETF工银
2022-08-18,4.074,4.034,4.074,4.027,40708.0,510350,sh,沪深300ETF工银
2022-08-19,4.033,4.007,4.046,4.005,65411.0,510350,sh,沪深300ETF工银
2022-08-22,3.999,4.034,4.05,3.992,55715.0,510350,sh,沪深300ETF工银
2022-08-23,4.039,4.016,4.051,4.002,116431.0,510350,sh,沪深300ETF工银
2022-08-24,4.024,3.937,4.031,3.932,73403.0,510350,sh,沪深300ETF工银
2022-08-25,3.942,3.975,3.982,3.925,59238.0,510350,sh,沪深300ETF工银
2022-08-26,3.984,3.966,3.996,3.963,83106.0,510350,sh,沪深300ETF工银
2022-08-29,3.959,3.944,3.959,3.922,48368.0,510350,sh,沪深300ETF工银
2022-08-30,3.983,3.935,3.983,3.901,125190.0,510350,sh,沪深300ETF工银
2022-08-31,3.934,3.93,3.978,3.909,67187.0,510350,sh,沪深300ETF工银
2022-09-01,3.914,3.897,3.951,3.894,75396.0,510350,sh,沪深300ETF工银
2022-09-02,3.904,3.877,3.909,3.856,49032.0,510350,sh,沪深300ETF工银
2022-09-05,3.862,3.874,3.874,3.835,89849.0,510350,sh,沪深300ETF工银
2022-09-06,3.874,3.905,3.905,3.869,48126.0,510350,sh,沪深300ETF工银
2022-09-07,3.9,3.912,3.924,3.888,62194.0,510350,sh,沪深300ETF工银
2022-09-08,3.912,3.896,3.922,3.893,44541.0,510350,sh,沪深300ETF工银
2022-09-09,3.894,3.955,3.961,3.894,71453.0,510350,sh,沪深300ETF工银
2022-09-13,3.959,3.969,3.985,3.959,79796.0,510350,sh,沪深300ETF工银
2022-09-14,3.964,3.921,3.964,3.908,60276.0,510350,sh,沪深300ETF工银
2022-09-15,3.941,3.883,3.941,3.863,43345.0,510350,sh,沪深300ETF工银
2022-09-16,3.875,3.788,3.875,3.784,56611.0,510350,sh,沪深300ETF工银
2022-09-19,3.764,3.778,3.803,3.764,60096.0,510350,sh,沪深300ETF工银
2022-09-20,3.783,3.779,3.811,3.769,35902.0,510350,sh,沪深300ETF工银
2022-09-21,3.774,3.747,3.775,3.734,56297.0,510350,sh,沪深300ETF工银
2022-09-22,3.742,3.72,3.749,3.707,60679.0,510350,sh,沪深300ETF工银
2022-09-23,3.715,3.715,3.74,3.68,73400.0,510350,sh,沪深300ETF工银
2022-09-26,3.71,3.686,3.745,3.681,84927.0,510350,sh,沪深300ETF工银
2022-09-27,3.702,3.74,3.744,3.684,58886.0,510350,sh,沪深300ETF工银
2022-09-28,3.727,3.681,3.727,3.678,48860.0,510350,sh,沪深300ETF工银
2022-09-29,3.686,3.682,3.725,3.66,47975.0,510350,sh,沪深300ETF工银
2022-09-30,3.686,3.652,3.699,3.649,55159.0,510350,sh,沪深300ETF工银
2022-10-10,3.653,3.564,3.653,3.558,52461.0,510350,sh,沪深300ETF工银
2022-10-11,3.572,3.568,3.586,3.554,52441.0,510350,sh,沪深300ETF工银
2022-10-12,3.568,3.628,3.628,3.497,72257.0,510350,sh,沪深300ETF工银
2022-10-13,3.616,3.597,3.628,3.589,62987.0,510350,sh,沪深300ETF工银
2022-10-14,3.619,3.684,3.707,3.619,61087.0,510350,sh,沪深300ETF工银
2022-10-17,3.684,3.684,3.691,3.651,74557.0,510350,sh,沪深300ETF工银
2022-10-18,3.689,3.679,3.711,3.669,68277.0,510350,sh,沪深300ETF工银
2022-10-19,3.674,3.619,3.683,3.619,75977.0,510350,sh,沪深300ETF工银
2022-10-20,3.614,3.604,3.66,3.573,67907.0,510350,sh,沪深300ETF工银
2022-10-21,3.609,3.588,3.614,3.569,49755.0,510350,sh,沪深300ETF工银
2022-10-24,3.604,3.478,3.618,3.454,84992.0,510350,sh,沪深300ETF工银
2022-10-25,3.493,3.469,3.526,3.444,90493.0,510350,sh,沪深300ETF工银
2022-10-26,3.474,3.494,3.545,3.474,66175.0,510350,sh,沪深300ETF工银
2022-10-27,3.494,3.471,3.534,3.47,60435.0,510350,sh,沪深300ETF工银
2022-10-28,3.472,3.378,3.472,3.37,63928.0,510350,sh,沪深300ETF工银
2022-10-31,3.367,3.34,3.389,3.328,67237.0,510350,sh,沪深300ETF工银
2022-11-01,3.345,3.48,3.482,3.345,121488.0,510350,sh,沪深300ETF工银
2022-11-02,3.484,3.517,3.548,3.465,61578.0,510350,sh,沪深300ETF工银
2022-11-03,3.501,3.494,3.513,3.471,82258.0,510350,sh,沪深300ETF工银
2022-11-04,3.494,3.62,3.639,3.494,95662.0,510350,sh,沪深300ETF工银
2022-11-07,3.62,3.621,3.642,3.596,63631.0,510350,sh,沪深300ETF工银
2022-11-08,3.618,3.6,3.629,3.575,38742.0,510350,sh,沪深300ETF工银
2022-11-09,3.604,3.555,3.61,3.554,58477.0,510350,sh,沪深300ETF工银
2022-11-10,3.55,3.531,3.55,3.509,48027.0,510350,sh,沪深300ETF工银
2022-11-11,3.541,3.635,3.684,3.541,83124.0,510350,sh,沪深300ETF工银
2022-11-14,3.64,3.637,3.704,3.634,52475.0,510350,sh,沪深300ETF工银
2022-11-15,3.637,3.714,3.724,3.625,58714.0,510350,sh,沪深300ETF工银
2022-11-16,3.714,3.685,3.727,3.681,41907.0,510350,sh,沪深300ETF工银
2022-11-17,3.664,3.667,3.667,3.622,44361.0,510350,sh,沪深300ETF工银
2022-11-18,3.679,3.655,3.687,3.648,66847.0,510350,sh,沪深300ETF工银
2022-11-21,3.65,3.623,3.65,3.58,65790.0,510350,sh,沪深300ETF工银
2022-11-22,3.62,3.62,3.662,3.593,60140.0,510350,sh,沪深300ETF工银
2022-11-23,3.613,3.623,3.642,3.606,67258.0,510350,sh,沪深300ETF工银
2022-11-24,3.628,3.605,3.658,3.598,101745.0,510350,sh,沪深300ETF工银
2022-11-25,3.599,3.626,3.642,3.591,69789.0,510350,sh,沪深300ETF工银
2022-11-28,3.621,3.581,3.621,3.512,80286.0,510350,sh,沪深300ETF工银
2022-11-29,3.581,3.695,3.703,3.58,102621.0,510350,sh,沪深300ETF工银
2022-11-30,3.691,3.697,3.715,3.688,67769.0,510350,sh,沪深300ETF工银
2022-12-01,3.724,3.746,3.799,3.724,44226.0,510350,sh,沪深300ETF工银
2022-12-02,3.742,3.724,3.753,3.722,44567.0,510350,sh,沪深300ETF工银
2022-12-05,3.738,3.794,3.798,3.738,111344.0,510350,sh,沪深300ETF工银
2022-12-06,3.77,3.816,3.843,3.77,68937.0,510350,sh,沪深300ETF工银
2022-12-07,3.811,3.808,3.861,3.795,42644.0,510350,sh,沪深300ETF工银
2022-12-08,3.798,3.817,3.827,3.798,60070.0,510350,sh,沪深300ETF工银
2022-12-09,3.828,3.846,3.864,3.802,55662.0,510350,sh,沪深300ETF工银
2022-12-12,3.832,3.809,3.835,3.809,64039.0,510350,sh,沪深300ETF工银
2022-12-13,3.808,3.803,3.819,3.795,48648.0,510350,sh,沪深300ETF工银
2022-12-14,3.807,3.815,3.829,3.792,81942.0,510350,sh,沪深300ETF工银
2022-12-15,3.814,3.808,3.829,3.787,106993.0,510350,sh,沪深300ETF工银
2022-12-16,3.795,3.814,3.826,3.791,71821.0,510350,sh,沪深300ETF工银
2022-12-19,3.823,3.738,3.828,3.735,56265.0,510350,sh,沪深300ETF工银
2022-12-20,3.749,3.685,3.749,3.662,72632.0,510350,sh,沪深300ETF工银
2022-12-21,3.699,3.684,3.699,3.674,49504.0,510350,sh,沪深300ETF工银
2022-12-22,3.684,3.691,3.733,3.673,41895.0,510350,sh,沪深300ETF工银
2022-12-23,3.675,3.682,3.707,3.664,55466.0,510350,sh,沪深300ETF工银
2022-12-26,3.691,3.691,3.711,3.684,47600.0,510350,sh,沪深300ETF工银
2022-12-27,3.696,3.738,3.745,3.696,53782.0,510350,sh,沪深300ETF工银
2022-12-28,3.732,3.728,3.743,3.711,53220.0,510350,sh,沪深300ETF工银
2022-12-29,3.723,3.71,3.723,3.687,53403.0,510350,sh,沪深300ETF工银
2022-12-30,3.728,3.726,3.741,3.72,76451.0,510350,sh,沪深300ETF工银
2023-01-03,3.723,3.742,3.751,3.68,77073.0,510350,sh,沪深300ETF工银
2023-01-04,3.74,3.745,3.756,3.723,56043.0,510350,sh,沪深300ETF工银
2023-01-05,3.75,3.82,3.83,3.75,50598.0,510350,sh,沪深300ETF工银
2023-01-06,3.829,3.839,3.855,3.823,58439.0,510350,sh,沪深300ETF工银
2023-01-09,3.844,3.868,3.884,3.844,55953.0,510350,sh,沪深300ETF工银
2023-01-10,3.868,3.876,3.886,3.856,72339.0,510350,sh,沪深300ETF工银
2023-01-11,3.876,3.878,3.904,3.872,47496.0,510350,sh,沪深300ETF工银
2023-01-12,3.883,3.884,3.895,3.87,46580.0,510350,sh,沪深300ETF工银
2023-01-13,3.884,3.946,3.946,3.884,52530.0,510350,sh,沪深300ETF工银
2023-01-16,3.953,4.002,4.05,3.95,164260.0,510350,sh,沪深300ETF工银
2023-01-17,4.002,4.001,4.014,3.988,57826.0,510350,sh,沪深300ETF工银
2023-01-18,4.014,3.99,4.014,3.987,69383.0,510350,sh,沪深300ETF工银
2023-01-19,3.984,4.026,4.026,3.967,104678.0,510350,sh,沪深300ETF工银
2023-01-20,4.042,4.043,4.056,4.032,71134.0,510350,sh,沪深300ETF工银
2023-01-30,4.118,4.062,4.133,4.06,89523.0,510350,sh,沪深300ETF工银
2023-01-31,4.074,4.024,4.083,4.02,68869.0,510350,sh,沪深300ETF工银
2023-02-01,4.034,4.048,4.048,3.999,69895.0,510350,sh,沪深300ETF工银
2023-02-02,4.053,4.048,4.069,4.03,117718.0,510350,sh,沪深300ETF工银
2023-02-03,4.043,4.001,4.043,3.969,54163.0,510350,sh,沪深300ETF工银
2023-02-06,3.964,3.943,3.968,3.924,62328.0,510350,sh,沪深300ETF工银
2023-02-07,3.948,3.96,3.969,3.939,60450.0,510350,sh,沪深300ETF工银
2023-02-08,3.97,3.944,3.977,3.939,49960.0,510350,sh,沪深300ETF工银
2023-02-09,3.945,3.998,4.0,3.945,63289.0,510350,sh,沪深300ETF工银
2023-02-10,3.999,3.972,3.999,3.955,37937.0,510350,sh,沪深300ETF工银
2023-02-13,3.929,4.002,4.009,3.92,68575.0,510350,sh,沪深300ETF工银
2023-02-14,4.006,4.019,4.019,3.991,51882.0,510350,sh,沪深300ETF工银
2023-02-15,4.019,3.989,4.021,3.981,56081.0,510350,sh,沪深300ETF工银
2023-02-16,3.994,3.955,4.043,3.932,80069.0,510350,sh,沪深300ETF工银
2023-02-17,3.955,3.893,3.97,3.89,74340.0,510350,sh,沪深300ETF工银
2023-02-20,3.9,4.001,4.01,3.894,102903.0,510350,sh,沪深300ETF工银
2023-02-21,4.006,4.012,4.026,3.989,71200.0,510350,sh,沪深300ETF工银
2023-02-22,3.995,3.968,4.008,3.965,76489.0,510350,sh,沪深300ETF工银
2023-02-23,3.98,3.969,3.995,3.954,73328.0,510350,sh,沪深300ETF工银
2023-02-24,3.961,3.923,3.961,3.906,57886.0,510350,sh,沪深300ETF工银
2023-02-27,3.923,3.912,3.93,3.895,64730.0,510350,sh,沪深300ETF工银
2023-02-28,3.936,3.944,3.945,3.892,109585.0,510350,sh,沪深300ETF工银
2023-03-01,3.941,3.998,4.008,3.934,58481.0,510350,sh,沪深300ETF工银
2023-03-02,3.998,3.989,4.003,3.982,57529.0,510350,sh,沪深300ETF工银
2023-03-03,4.021,4.003,4.021,3.969,50818.0,510350,sh,沪深300ETF工银
2023-03-06,4.003,3.97,4.003,3.949,83001.0,510350,sh,沪深300ETF工银
2023-03-07,3.958,3.908,3.987,3.907,58938.0,510350,sh,沪深300ETF工银
2023-03-08,3.892,3.895,3.903,3.879,56923.0,510350,sh,沪深300ETF工银
2023-03-09,3.891,3.881,3.903,3.859,60720.0,510350,sh,沪深300ETF工银
2023-03-10,3.864,3.824,3.874,3.821,72630.0,510350,sh,沪深300ETF工银
2023-03-13,3.841,3.859,3.872,3.833,72482.0,510350,sh,沪深300ETF工银
2023-03-14,3.859,3.844,3.859,3.806,73353.0,510350,sh,沪深300ETF工银
2023-03-15,3.849,3.849,3.901,3.845,94574.0,510350,sh,沪深300ETF工银
2023-03-16,3.844,3.796,3.844,3.794,79405.0,510350,sh,沪深300ETF工银
2023-03-17,3.802,3.821,3.867,3.8,111908.0,510350,sh,沪深300ETF工银
2023-03-20,3.821,3.794,3.84,3.791,69679.0,510350,sh,沪深300ETF工银
2023-03-21,3.799,3.836,3.84,3.799,91118.0,510350,sh,沪深300ETF工银
2023-03-22,3.837,3.859,3.874,3.837,91304.0,510350,sh,沪深300ETF工银
2023-03-23,3.859,3.9,3.9,3.848,58922.0,510350,sh,沪深300ETF工银
2023-03-24,3.897,3.895,3.901,3.884,60884.0,510350,sh,沪深300ETF工银
2023-03-27,3.89,3.866,3.89,3.846,63066.0,510350,sh,沪深300ETF工银
2023-03-28,3.871,3.864,3.882,3.862,90230.0,510350,sh,沪深300ETF工银
2023-03-29,3.887,3.868,3.888,3.862,45276.0,510350,sh,沪深300ETF工银
2023-03-30,3.878,3.909,3.909,3.852,70099.0,510350,sh,沪深300ETF工银
2023-03-31,3.921,3.918,3.933,3.91,73888.0,510350,sh,沪深300ETF工银
2023-04-03,3.931,3.948,3.959,3.922,83997.0,510350,sh,沪深300ETF工银
2023-04-04,3.948,3.969,3.973,3.941,55880.0,510350,sh,沪深300ETF工银
2023-04-06,3.962,3.956,3.962,3.945,29528.0,510350,sh,沪深300ETF工银
2023-04-07,3.934,3.988,3.999,3.934,39906.0,510350,sh,沪深300ETF工银
2023-04-10,3.988,3.973,3.992,3.969,32406.0,510350,sh,沪深300ETF工银
2023-04-11,3.977,3.962,3.982,3.949,41086.0,510350,sh,沪深300ETF工银
2023-04-12,3.963,3.958,3.968,3.953,38231.0,510350,sh,沪深300ETF工银
2023-04-13,3.944,3.937,3.957,3.93,39064.0,510350,sh,沪深300ETF工银
2023-04-14,3.927,3.955,3.965,3.927,34560.0,510350,sh,沪深300ETF工银
2023-04-17,3.956,4.018,4.019,3.956,56358.0,510350,sh,沪深300ETF工银
2023-04-18,4.028,4.024,4.034,4.014,34513.0,510350,sh,沪深300ETF工银
2023-04-19,4.024,3.991,4.024,3.988,37508.0,510350,sh,沪深300ETF工银
2023-04-20,3.993,3.981,3.993,3.959,42231.0,510350,sh,沪深300ETF工银
2023-04-21,3.958,3.9,3.975,3.896,44432.0,510350,sh,沪深300ETF工银
2023-04-24,3.899,3.848,3.899,3.831,34827.0,510350,sh,沪深300ETF工银
2023-04-25,3.848,3.826,3.849,3.794,32671.0,510350,sh,沪深300ETF工银
2023-04-26,3.801,3.817,3.831,3.801,30541.0,510350,sh,沪深300ETF工银
2023-04-27,3.809,3.848,3.864,3.809,33879.0,510350,sh,沪深300ETF工银
2023-04-28,3.864,3.89,3.893,3.864,29834.0,510350,sh,沪深300ETF工银
2023-05-04,3.864,3.89,3.892,3.86,33859.0,510350,sh,沪深300ETF工银
2023-05-05,3.885,3.884,3.91,3.866,44293.0,510350,sh,沪深300ETF工银
2023-05-08,3.899,3.924,3.937,3.884,24932.0,510350,sh,沪深300ETF工银
2023-05-09,3.924,3.902,3.956,3.86,29816.0,510350,sh,沪深300ETF工银
2023-05-10,3.879,3.855,3.879,3.853,32342.0,510350,sh,沪深300ETF工银
2023-05-11,3.867,3.857,3.876,3.853,22376.0,510350,sh,沪深300ETF工银
2023-05-12,3.854,3.803,3.864,3.803,35145.0,510350,sh,沪深300ETF工银
2023-05-15,3.795,3.862,3.865,3.788,41530.0,510350,sh,沪深300ETF工银
2023-05-16,3.858,3.849,3.866,3.834,45904.0,510350,sh,沪深300ETF工银
2023-05-17,3.84,3.831,3.848,3.809,45265.0,510350,sh,沪深300ETF工银
2023-05-18,3.829,3.825,3.85,3.803,44749.0,510350,sh,沪深300ETF工银
2023-05-19,3.8,3.81,3.834,3.787,32623.0,510350,sh,沪深300ETF工银
2023-05-22,3.81,3.842,3.856,3.8,31603.0,510350,sh,沪深300ETF工银
2023-05-23,3.842,3.778,3.842,3.777,27683.0,510350,sh,沪深300ETF工银
2023-05-24,3.814,3.723,3.814,3.72,36530.0,510350,sh,沪深300ETF工银
2023-05-25,3.708,3.713,3.722,3.683,56028.0,510350,sh,沪深300ETF工银
2023-05-26,3.702,3.71,3.727,3.679,22750.0,510350,sh,沪深300ETF工银
2023-05-29,3.73,3.698,3.732,3.684,36494.0,510350,sh,沪深300ETF工银
2023-05-30,3.694,3.697,3.711,3.654,34040.0,510350,sh,沪深300ETF工银
2023-05-31,3.68,3.671,3.683,3.649,33231.0,510350,sh,沪深300ETF工银
2023-06-01,3.695,3.675,3.702,3.656,33554.0,510350,sh,沪深300ETF工银
2023-06-02,3.714,3.734,3.74,3.699,36415.0,510350,sh,沪深300ETF工银
2023-06-05,3.734,3.715,3.734,3.701,21726.0,510350,sh,沪深300ETF工银
2023-06-06,3.704,3.68,3.742,3.671,27133.0,510350,sh,沪深300ETF工银
2023-06-07,3.683,3.654,3.691,3.647,30953.0,510350,sh,沪深300ETF工银
2023-06-08,3.657,3.69,3.704,3.649,39392.0,510350,sh,沪深300ETF工银
2023-06-09,3.702,3.711,3.713,3.686,40022.0,510350,sh,沪深300ETF工银
2023-06-12,3.709,3.714,3.73,3.692,42083.0,510350,sh,沪深300ETF工银
2023-06-13,3.715,3.744,3.745,3.708,46340.0,510350,sh,沪深300ETF工银
2023-06-14,3.744,3.747,3.771,3.744,37905.0,510350,sh,沪深300ETF工银
2023-06-15,3.758,3.806,3.807,3.756,32455.0,510350,sh,沪深300ETF工银
2023-06-16,3.816,3.843,3.855,3.815,43553.0,510350,sh,沪深300ETF工银
2023-06-19,3.843,3.816,3.846,3.809,49925.0,510350,sh,沪深300ETF工银
2023-06-20,3.808,3.81,3.826,3.804,63455.0,510350,sh,沪深300ETF工银
2023-06-21,3.797,3.753,3.801,3.751,39856.0,510350,sh,沪深300ETF工银
2023-06-26,3.751,3.71,3.751,3.692,41871.0,510350,sh,沪深300ETF工银
2023-06-27,3.709,3.736,3.745,3.698,33714.0,510350,sh,沪深300ETF工银
2023-06-28,3.728,3.739,3.74,3.708,40575.0,510350,sh,沪深300ETF工银
2023-06-29,3.731,3.725,3.738,3.711,36020.0,510350,sh,沪深300ETF工银
2023-06-30,3.719,3.75,3.768,3.717,44665.0,510350,sh,沪深300ETF工银
2023-07-03,3.775,3.796,3.808,3.772,34366.0,510350,sh,沪深300ETF工银
2023-07-04,3.796,3.804,3.805,3.788,50248.0,510350,sh,沪深300ETF工银
2023-07-05,3.794,3.775,3.803,3.772,48170.0,510350,sh,沪深300ETF工银
2023-07-06,3.762,3.744,3.789,3.741,46674.0,510350,sh,沪深300ETF工银
2023-07-07,3.724,3.731,3.749,3.723,37072.0,510350,sh,沪深300ETF工银
2023-07-10,3.751,3.752,3.777,3.742,39971.0,510350,sh,沪深300ETF工银
2023-07-11,3.771,3.78,3.784,3.755,36151.0,510350,sh,沪深300ETF工银
2023-07-12,3.778,3.758,3.789,3.749,29829.0,510350,sh,沪深300ETF工银
2023-07-13,3.79,3.824,3.827,3.79,30411.0,510350,sh,沪深300ETF工银
2023-07-14,3.833,3.822,3.836,3.82,25143.0,510350,sh,沪深300ETF工银
2023-07-17,3.796,3.797,3.797,3.779,13141.0,510350,sh,沪深300ETF工银
2023-07-18,3.794,3.783,3.799,3.773,27210.0,510350,sh,沪深300ETF工银
2023-07-19,3.779,3.78,3.791,3.763,49959.0,510350,sh,沪深300ETF工银
2023-07-20,3.801,3.751,3.807,3.745,46082.0,510350,sh,沪深300ETF工银
2023-07-21,3.749,3.756,3.787,3.742,55699.0,510350,sh,沪深300ETF工银
2023-07-24,3.731,3.736,3.762,3.729,24877.0,510350,sh,沪深300ETF工银
2023-07-25,3.774,3.854,3.855,3.774,44909.0,510350,sh,沪深300ETF工银
2023-07-26,3.856,3.846,3.856,3.837,31185.0,510350,sh,沪深300ETF工银
2023-07-27,3.855,3.837,3.868,3.826,44433.0,510350,sh,沪深300ETF工银
2023-07-28,3.827,3.943,3.953,3.826,81567.0,510350,sh,沪深300ETF工银
2023-07-31,3.954,3.962,4.015,3.951,80002.0,510350,sh,沪深300ETF工银
2023-08-01,3.962,3.94,3.977,3.932,35748.0,510350,sh,沪深300ETF工银
2023-08-02,3.934,3.909,3.95,3.9,46060.0,510350,sh,沪深300ETF工银
2023-08-03,3.909,3.945,3.945,3.905,56003.0,510350,sh,沪深300ETF工银
2023-08-04,3.967,3.966,4.013,3.956,49465.0,510350,sh,沪深300ETF工银
2023-08-07,3.966,3.935,3.966,3.923,42311.0,510350,sh,沪深300ETF工银
2023-08-08,3.931,3.921,3.943,3.908,45820.0,510350,sh,沪深300ETF工银
2023-08-09,3.909,3.913,3.926,3.906,25576.0,510350,sh,沪深300ETF工银
2023-08-10,3.919,3.917,3.924,3.885,52260.0,510350,sh,沪深300ETF工银
2023-08-11,3.915,3.823,3.92,3.823,92711.0,510350,sh,沪深300ETF工银
2023-08-14,3.82,3.792,3.82,3.751,43447.0,510350,sh,沪深300ETF工银
2023-08-15,3.79,3.786,3.804,3.749,38261.0,510350,sh,沪深300ETF工银
2023-08-16,3.749,3.757,3.813,3.749,24148.0,510350,sh,沪深300ETF工银
2023-08-17,3.74,3.771,3.776,3.724,47012.0,510350,sh,沪深300ETF工银
2023-08-18,3.77,3.716,3.786,3.716,30755.0,510350,sh,沪深300ETF工银
2023-08-21,3.704,3.66,3.718,3.659,52010.0,510350,sh,沪深300ETF工银
2023-08-22,3.684,3.696,3.701,3.634,68483.0,510350,sh,沪深300ETF工银
2023-08-23,3.682,3.626,3.686,3.62,46157.0,510350,sh,沪深300ETF工银
2023-08-24,3.631,3.654,3.682,3.631,46857.0,510350,sh,沪深300ETF工银
2023-08-25,3.641,3.64,3.657,3.63,46766.0,510350,sh,沪深300ETF工银
2023-08-28,3.874,3.694,3.967,3.68,64145.0,510350,sh,沪深300ETF工银
2023-08-29,3.688,3.723,3.755,3.688,63336.0,510350,sh,沪深300ETF工银
2023-08-30,3.761,3.725,3.764,3.72,32148.0,510350,sh,沪深300ETF工银
2023-08-31,3.725,3.707,3.734,3.698,28365.0,510350,sh,沪深300ETF工银
2023-09-01,3.735,3.73,3.751,3.722,24315.0,510350,sh,沪深300ETF工银
2023-09-04,3.761,3.79,3.803,3.748,23746.0,510350,sh,沪深300ETF工银
2023-09-05,3.777,3.764,3.786,3.758,20591.0,510350,sh,沪深300ETF工银
2023-09-06,3.749,3.752,3.763,3.734,23774.0,510350,sh,沪深300ETF工银
2023-09-07,3.732,3.696,3.733,3.694,34495.0,510350,sh,沪深300ETF工银
2023-09-08,3.696,3.672,3.736,3.662,29119.0,510350,sh,沪深300ETF工银
2023-09-11,3.676,3.706,3.728,3.668,36540.0,510350,sh,沪深300ETF工银
2023-09-12,3.705,3.698,3.714,3.695,34938.0,510350,sh,沪深300ETF工银
2023-09-13,3.702,3.67,3.71,3.658,40244.0,510350,sh,沪深300ETF工银
2023-09-14,3.681,3.669,3.686,3.654,27841.0,510350,sh,沪深300ETF工银
2023-09-15,3.682,3.655,3.687,3.636,31715.0,510350,sh,沪深300ETF工银
2023-09-18,3.633,3.67,3.677,3.633,58228.0,510350,sh,沪深300ETF工银
2023-09-19,3.654,3.656,3.657,3.636,32264.0,510350,sh,沪深300ETF工银
2023-09-20,3.649,3.644,3.654,3.643,24537.0,510350,sh,沪深300ETF工银
2023-09-21,3.644,3.607,3.647,3.607,167114.0,510350,sh,沪深300ETF工银
2023-09-22,3.607,3.684,3.686,3.602,48400.0,510350,sh,沪深300ETF工银
2023-09-25,3.685,3.651,3.685,3.646,13490.0,510350,sh,沪深300ETF工银
2023-09-26,3.657,3.631,3.658,3.631,11080.0,510350,sh,沪深300ETF工银
2023-09-27,3.638,3.646,3.67,3.629,19644.0,510350,sh,沪深300ETF工银
2023-09-28,3.647,3.624,3.647,3.619,14445.0,510350,sh,沪深300ETF工银
2023-10-09,3.623,3.616,3.628,3.569,47628.0,510350,sh,沪深300ETF工银
2023-10-10,3.634,3.586,3.641,3.584,30688.0,510350,sh,沪深300ETF工银
2023-10-11,3.606,3.596,3.624,3.589,22567.0,510350,sh,沪深300ETF工银
2023-10-12,3.63,3.638,3.648,3.616,21055.0,510350,sh,沪深300ETF工银
2023-10-13,3.605,3.594,3.609,3.587,20857.0,510350,sh,沪深300ETF工银
2023-10-16,3.607,3.553,3.607,3.544,27004.0,510350,sh,沪深300ETF工银
2023-10-17,3.558,3.568,3.573,3.547,19229.0,510350,sh,沪深300ETF工银
2023-10-18,3.568,3.539,3.568,3.536,23400.0,510350,sh,沪深300ETF工银
2023-10-19,3.527,3.453,3.527,3.453,22652.0,510350,sh,沪深300ETF工银
2023-10-20,3.44,3.44,3.458,3.425,42171.0,510350,sh,沪深300ETF工银
2023-10-23,3.42,3.389,3.428,3.368,28835.0,510350,sh,沪深300ETF工银
2023-10-24,3.421,3.412,3.421,3.37,38405.0,510350,sh,沪深300ETF工银
2023-10-25,3.419,3.428,3.461,3.419,23624.0,510350,sh,沪深300ETF工银
2023-10-26,3.409,3.442,3.442,3.4,22785.0,510350,sh,沪深300ETF工银
2023-10-27,3.426,3.495,3.503,3.425,30755.0,510350,sh,沪深300ETF工银
2023-10-30,3.495,3.513,3.523,3.457,26158.0,510350,sh,沪深300ETF工银
2023-10-31,3.506,3.505,3.507,3.483,34727.0,510350,sh,沪深300ETF工银
2023-11-01,3.524,3.501,3.524,3.491,34094.0,510350,sh,沪深300ETF工银
2023-11-02,3.539,3.486,3.541,3.466,25382.0,510350,sh,沪深300ETF工银
2023-11-03,3.493,3.512,3.528,3.493,32615.0,510350,sh,沪深300ETF工银
2023-11-06,3.541,3.566,3.569,3.536,33067.0,510350,sh,沪深300ETF工银
2023-11-07,3.554,3.552,3.565,3.538,22984.0,510350,sh,沪深300ETF工银
2023-11-08,3.547,3.543,3.559,3.52,22096.0,510350,sh,沪深300ETF工银
2023-11-09,3.532,3.543,3.558,3.532,27268.0,510350,sh,沪深300ETF工银
2023-11-10,3.523,3.519,3.529,3.504,38306.0,510350,sh,沪深300ETF工银
2023-11-13,3.524,3.511,3.525,3.49,28378.0,510350,sh,沪深300ETF工银
2023-11-14,3.515,3.512,3.533,3.499,29157.0,510350,sh,沪深300ETF工银
2023-11-15,3.523,3.536,3.555,3.523,34195.0,510350,sh,沪深300ETF工银
2023-11-16,3.498,3.503,3.581,3.369,30647.0,510350,sh,沪深300ETF工银
2023-11-17,3.495,3.496,3.5,3.477,20670.0,510350,sh,沪深300ETF工银
2023-11-20,3.493,3.508,3.519,3.469,27691.0,510350,sh,沪深300ETF工银
2023-11-21,3.508,3.513,3.551,3.508,28501.0,510350,sh,沪深300ETF工银
2023-11-22,3.505,3.471,3.506,3.471,19373.0,510350,sh,沪深300ETF工银
2023-11-23,3.469,3.489,3.492,3.455,28241.0,510350,sh,沪深300ETF工银
2023-11-24,3.481,3.463,3.481,3.461,168911.0,510350,sh,沪深300ETF工银
2023-11-27,3.458,3.441,3.459,3.417,39718.0,510350,sh,沪深300ETF工银
2023-11-28,3.429,3.447,3.447,3.426,30541.0,510350,sh,沪深300ETF工银
2023-11-29,3.443,3.42,3.446,3.404,28931.0,510350,sh,沪深300ETF工银
2023-11-30,3.417,3.426,3.432,3.408,34699.0,510350,sh,沪深300ETF工银
2023-12-01,3.416,3.404,3.418,3.376,36688.0,510350,sh,沪深300ETF工银
2023-12-04,3.401,3.383,3.411,3.383,45130.0,510350,sh,沪深300ETF工银
2023-12-05,3.383,3.314,3.383,3.313,47697.0,510350,sh,沪深300ETF工银
2023-12-06,3.352,3.319,3.353,3.3,36854.0,510350,sh,沪深300ETF工银
2023-12-07,3.318,3.314,3.326,3.287,36386.0,510350,sh,沪深300ETF工银
2023-12-08,3.332,3.319,3.332,3.306,16217.0,510350,sh,沪深300ETF工银
2023-12-11,3.33,3.344,3.355,3.268,25210.0,510350,sh,沪深300ETF工银
2023-12-12,3.333,3.35,3.35,3.332,8582.0,510350,sh,沪深300ETF工银
2023-12-13,3.332,3.293,3.332,3.287,26051.0,510350,sh,沪深300ETF工银
2023-12-14,3.294,3.269,3.322,3.269,26584.0,510350,sh,沪深300ETF工银
2023-12-15,3.294,3.261,3.305,3.255,31143.0,510350,sh,沪深300ETF工银
2023-12-18,3.262,3.254,3.27,3.225,64473.0,510350,sh,沪深300ETF工银
2023-12-19,3.255,3.255,3.267,3.231,54090.0,510350,sh,沪深300ETF工银
2023-12-20,3.254,3.217,3.26,3.213,55847.0,510350,sh,沪深300ETF工银
2023-12-21,3.216,3.25,3.262,3.213,71185.0,510350,sh,沪深300ETF工银
2023-12-22,3.25,3.256,3.281,3.23,50614.0,510350,sh,沪深300ETF工银
2023-12-25,3.254,3.265,3.269,3.252,26559.0,510350,sh,沪深300ETF工银
2023-12-26,3.266,3.247,3.266,3.234,47497.0,510350,sh,沪深300ETF工银
2023-12-27,3.263,3.254,3.263,3.23,33023.0,510350,sh,沪深300ETF工银
2023-12-28,3.253,3.342,3.352,3.251,87862.0,510350,sh,沪深300ETF工银
2023-12-29,3.345,3.351,3.357,3.336,32658.0,510350,sh,沪深300ETF工银
2024-01-02,3.34,3.303,3.34,3.302,55138.0,510350,sh,沪深300ETF工银
2024-01-03,3.312,3.296,3.313,3.282,18825.0,510350,sh,沪深300ETF工银
2024-01-04,3.3,3.266,3.3,3.238,24133.0,510350,sh,沪深300ETF工银
2024-01-05,3.265,3.245,3.291,3.229,24032.0,510350,sh,沪深300ETF工银
2024-01-08,3.231,3.198,3.254,3.195,53635.0,510350,sh,沪深300ETF工银
2024-01-09,3.196,3.207,3.223,3.191,28785.0,510350,sh,沪深300ETF工银
2024-01-10,3.197,3.195,3.232,3.18,17824.0,510350,sh,沪深300ETF工银
2024-01-11,3.203,3.215,3.232,3.186,11948.0,510350,sh,沪深300ETF工银
2024-01-12,3.195,3.202,3.227,3.195,28860.0,510350,sh,沪深300ETF工银
2024-01-15,3.202,3.192,3.223,3.176,24038.0,510350,sh,沪深300ETF工银
2024-01-16,3.186,3.224,3.224,3.175,39787.0,510350,sh,沪深300ETF工银
2024-01-17,3.241,3.148,3.241,3.143,40238.0,510350,sh,沪深300ETF工银
2024-01-18,3.14,3.194,3.197,3.078,36921.0,510350,sh,沪深300ETF工银
2024-01-19,3.183,3.188,3.204,3.15,42161.0,510350,sh,沪深300ETF工银
2024-01-22,3.188,3.124,3.197,3.107,40169.0,510350,sh,沪深300ETF工银
2024-01-23,3.124,3.156,3.161,3.102,48204.0,510350,sh,沪深300ETF工银
2024-01-24,3.156,3.187,3.199,3.105,328125.0,510350,sh,沪深300ETF工银
2024-01-25,3.191,3.268,3.268,3.181,32810.0,510350,sh,沪深300ETF工银
2024-01-26,3.262,3.254,3.268,3.232,22429.0,510350,sh,沪深300ETF工银
2024-01-29,3.241,3.227,3.263,3.227,299356.0,510350,sh,沪深300ETF工银
2024-01-30,3.226,3.159,3.226,3.157,309134.0,510350,sh,沪深300ETF工银
2024-01-31,3.152,3.132,3.168,3.114,313554.0,510350,sh,沪深300ETF工银
2024-02-01,3.13,3.13,3.172,3.105,562169.0,510350,sh,沪深300ETF工银
2024-02-02,3.145,3.099,3.149,3.017,749843.0,510350,sh,沪深300ETF工银
2024-02-05,3.097,3.103,3.141,3.018,67862.0,510350,sh,沪深300ETF工银
2024-02-06,3.098,3.232,3.233,3.095,48479.0,510350,sh,沪深300ETF工银
2024-02-07,3.233,3.265,3.267,3.214,61182.0,510350,sh,沪深300ETF工银
2024-02-08,3.264,3.281,3.301,3.261,54744.0,510350,sh,沪深300ETF工银
2024-02-19,3.288,3.316,3.319,3.286,62416.0,510350,sh,沪深300ETF工银
2024-02-20,3.313,3.334,3.344,3.297,36116.0,510350,sh,沪深300ETF工银
2024-02-21,3.319,3.38,3.432,3.314,73945.0,510350,sh,沪深300ETF工银
2024-02-22,3.381,3.413,3.413,3.378,34889.0,510350,sh,沪深300ETF工银
2024-02-23,3.415,3.415,3.435,3.402,22520.0,510350,sh,沪深300ETF工银
2024-02-26,3.415,3.374,3.416,3.371,16435.0,510350,sh,沪深300ETF工银
2024-02-27,3.361,3.421,3.423,3.361,21204.0,510350,sh,沪深300ETF工银
2024-02-28,3.424,3.387,3.451,3.384,28119.0,510350,sh,沪深300ETF工银
2024-02-29,3.387,3.441,3.446,3.386,31859.0,510350,sh,沪深300ETF工银
2024-03-01,3.449,3.473,3.479,3.434,25352.0,510350,sh,沪深300ETF工银
2024-03-04,3.474,3.467,3.476,3.449,47945.0,510350,sh,沪深300ETF工银
2024-03-05,3.473,3.496,3.496,3.452,31548.0,510350,sh,沪深300ETF工银
2024-03-06,3.498,3.492,3.516,3.475,31528.0,510350,sh,沪深300ETF工银
2024-03-07,3.484,3.467,3.508,3.457,33917.0,510350,sh,沪深300ETF工银
2024-03-08,3.476,3.475,3.478,3.448,26346.0,510350,sh,沪深300ETF工银
2024-03-11,3.479,3.524,3.526,3.475,32443.0,510350,sh,沪深300ETF工银
2024-03-12,3.524,3.534,3.544,3.517,26838.0,510350,sh,沪深300ETF工银
2024-03-13,3.526,3.514,3.529,3.504,12194.0,510350,sh,沪深300ETF工银
2024-03-14,3.514,3.494,3.536,3.474,293902.0,510350,sh,沪深300ETF工银
2024-03-15,3.487,3.502,3.508,3.464,42340.0,510350,sh,沪深300ETF工银
2024-03-18,3.502,3.537,3.54,3.502,23882.0,510350,sh,沪深300ETF工银
2024-03-19,3.539,3.513,3.546,3.511,22500.0,510350,sh,沪深300ETF工银
2024-03-20,3.511,3.517,3.525,3.503,27125.0,510350,sh,沪深300ETF工银
2024-03-21,3.529,3.515,3.534,3.512,9353.0,510350,sh,沪深300ETF工银
2024-03-22,3.486,3.482,3.514,3.452,36501.0,510350,sh,沪深300ETF工银
2024-03-25,3.467,3.461,3.497,3.46,24769.0,510350,sh,沪深300ETF工银
2024-03-26,3.458,3.485,3.485,3.454,24457.0,510350,sh,沪深300ETF工银
2024-03-27,3.492,3.436,3.492,3.436,12411.0,510350,sh,沪深300ETF工银
2024-03-28,3.437,3.456,3.488,3.424,386010.0,510350,sh,沪深300ETF工银
2024-03-29,3.442,3.471,3.471,3.442,29207.0,510350,sh,沪深300ETF工银
2024-04-01,3.472,3.531,3.541,3.472,12977.0,510350,sh,沪深300ETF工银
2024-04-02,3.531,3.517,3.534,3.506,21458.0,510350,sh,沪深300ETF工银
2024-04-03,3.517,3.506,3.517,3.493,7640.0,510350,sh,沪深300ETF工银
2024-04-08,3.501,3.469,3.501,3.469,45352.0,510350,sh,沪深300ETF工银
2024-04-09,3.475,3.464,3.475,3.453,15603.0,510350,sh,沪深300ETF工银
2024-04-10,3.459,3.435,3.464,3.418,13518.0,510350,sh,沪深300ETF工银
2024-04-11,3.43,3.436,3.453,3.414,26117.0,510350,sh,沪深300ETF工银
2024-04-12,3.434,3.401,3.445,3.394,21690.0,510350,sh,沪深300ETF工银
2024-04-15,3.399,3.477,3.485,3.399,21116.0,510350,sh,沪深300ETF工银
2024-04-16,3.477,3.444,3.479,3.434,21164.0,510350,sh,沪深300ETF工银
2024-04-17,3.441,3.5,3.501,3.437,23707.0,510350,sh,沪深300ETF工银
2024-04-18,3.495,3.505,3.541,3.489,34127.0,510350,sh,沪深300ETF工银
2024-04-19,3.5,3.477,3.5,3.46,282233.0,510350,sh,沪深300ETF工银
2024-04-22,3.475,3.469,3.497,3.464,22258.0,510350,sh,沪深300ETF工银
2024-04-23,3.471,3.439,3.471,3.437,8647.0,510350,sh,沪深300ETF工银
2024-04-24,3.44,3.456,3.463,3.433,6211.0,510350,sh,沪深300ETF工银
2024-04-25,3.451,3.464,3.48,3.444,11387.0,510350,sh,沪深300ETF工银
2024-04-26,3.489,3.521,3.53,3.486,10842.0,510350,sh,沪深300ETF工银
2024-04-29,3.524,3.572,3.595,3.523,287452.0,510350,sh,沪深300ETF工银
2024-04-30,3.574,3.549,3.574,3.549,10039.0,510350,sh,沪深300ETF工银
2024-05-06,3.588,3.602,3.617,3.588,26660.0,510350,sh,沪深300ETF工银
2024-05-07,3.602,3.605,3.621,3.592,10513.0,510350,sh,沪深300ETF工银
2024-05-08,3.6,3.585,3.6,3.575,31178.0,510350,sh,沪深300ETF工银
2024-05-09,3.584,3.611,3.619,3.584,23658.0,510350,sh,沪深300ETF工银
2024-05-10,3.611,3.611,3.626,3.586,31206.0,510350,sh,沪深300ETF工银
2024-05-13,3.611,3.61,3.625,3.576,272027.0,510350,sh,沪深300ETF工银
2024-05-14,3.613,3.6,3.629,3.593,9908.0,510350,sh,沪深300ETF工银
2024-05-15,3.595,3.576,3.595,3.572,2920.0,510350,sh,沪深300ETF工银
2024-05-16,3.578,3.587,3.604,3.576,9836.0,510350,sh,沪深300ETF工银
2024-05-17,3.592,3.634,3.641,3.581,139888.0,510350,sh,沪深300ETF工银
2024-05-20,3.641,3.641,3.656,3.626,24274.0,510350,sh,沪深300ETF工银
2024-05-21,3.636,3.626,3.636,3.616,10741.0,510350,sh,沪深300ETF工银
2024-05-22,3.626,3.634,3.643,3.621,12475.0,510350,sh,沪深300ETF工银
2024-05-23,3.634,3.595,3.634,3.585,14183.0,510350,sh,沪深300ETF工银
2024-05-24,3.59,3.553,3.604,3.55,10006.0,510350,sh,沪深300ETF工银
2024-05-27,3.564,3.586,3.587,3.554,16252.0,510350,sh,沪深300ETF工银
2024-05-28,3.574,3.561,3.585,3.557,11419.0,510350,sh,沪深300ETF工银
2024-05-29,3.561,3.562,3.587,3.553,8399.0,510350,sh,沪深300ETF工银
2024-05-30,3.557,3.547,3.575,3.539,6539.0,510350,sh,沪深300ETF工银
2024-05-31,3.558,3.534,3.569,3.534,5655.0,510350,sh,沪深300ETF工银
2024-06-03,3.534,3.537,3.549,3.519,5821.0,510350,sh,沪深300ETF工银
2024-06-04,3.539,3.566,3.574,3.532,1519.0,510350,sh,沪深300ETF工银
2024-06-05,3.566,3.552,3.579,3.55,82919.0,510350,sh,沪深300ETF工银
2024-06-06,3.553,3.546,3.601,3.543,896536.0,510350,sh,沪深300ETF工银
2024-06-07,3.541,3.527,3.558,3.504,69065.0,510350,sh,沪深300ETF工银
2024-06-11,3.522,3.5,3.522,3.484,121327.0,510350,sh,沪深300ETF工银
2024-06-12,3.495,3.501,3.507,3.485,292881.0,510350,sh,沪深300ETF工银
2024-06-13,3.502,3.484,3.504,3.48,311212.0,510350,sh,沪深300ETF工银
2024-06-14,3.479,3.504,3.505,3.466,15755.0,510350,sh,沪深300ETF工银
2024-06-17,3.503,3.499,3.504,3.484,19165.0,510350,sh,沪深300ETF工银
2024-06-18,3.496,3.504,3.515,3.494,466406.0,510350,sh,沪深300ETF工银
2024-06-19,3.505,3.498,3.509,3.494,584085.0,510350,sh,沪深300ETF工银
2024-06-20,3.603,3.47,3.605,3.466,30317.0,510350,sh,沪深300ETF工银
2024-06-21,3.468,3.46,3.473,3.442,21837.0,510350,sh,沪深300ETF工银
2024-06-24,3.455,3.444,3.465,3.44,13754.0,510350,sh,沪深300ETF工银
2024-06-25,3.444,3.427,3.449,3.405,23007.0,510350,sh,沪深300ETF工银
2024-06-26,3.425,3.447,3.456,3.414,22271.0,510350,sh,沪深300ETF工银
2024-06-27,3.45,3.429,3.45,3.424,20226.0,510350,sh,沪深300ETF工银
2024-06-28,3.424,3.439,3.461,3.424,22817.0,510350,sh,沪深300ETF工银
2024-07-01,3.443,3.45,3.454,3.416,4612.0,510350,sh,沪深300ETF工银
2024-07-02,3.45,3.45,3.459,3.444,19344.0,510350,sh,沪深300ETF工银
2024-07-03,3.45,3.439,3.451,3.432,27736.0,510350,sh,沪深300ETF工银
2024-07-04,3.474,3.425,3.474,3.425,22262.0,510350,sh,沪深300ETF工银
2024-07-05,3.43,3.409,3.43,3.377,23445.0,510350,sh,沪深300ETF工银
2024-07-08,3.376,3.383,3.407,3.376,7900.0,510350,sh,沪深300ETF工银
2024-07-09,3.388,3.419,3.432,3.37,3454.0,510350,sh,沪深300ETF工银
2024-07-10,3.419,3.412,3.431,3.412,7417.0,510350,sh,沪深300ETF工银
2024-07-11,3.44,3.46,3.47,3.427,7361.0,510350,sh,沪深300ETF工银
2024-07-12,3.459,3.47,3.475,3.457,6795.0,510350,sh,沪深300ETF工银
2024-07-15,3.465,3.476,3.482,3.459,21201.0,510350,sh,沪深300ETF工银
2024-07-16,3.476,3.504,3.504,3.466,6801.0,510350,sh,沪深300ETF工银
2024-07-17,3.499,3.508,3.518,3.492,4427.0,510350,sh,沪深300ETF工银
2024-07-18,3.503,3.528,3.532,3.483,10646.0,510350,sh,沪深300ETF工银
2024-07-19,3.523,3.549,3.556,3.504,44278.0,510350,sh,沪深300ETF工银
2024-07-22,3.544,3.53,3.545,3.507,14806.0,510350,sh,沪深300ETF工银
2024-07-23,3.53,3.453,3.53,3.451,10883.0,510350,sh,沪深300ETF工银
2024-07-24,3.448,3.43,3.459,3.415,7146.0,510350,sh,沪深300ETF工银
2024-07-25,3.425,3.412,3.431,3.395,27559.0,510350,sh,沪深300ETF工银
2024-07-26,3.413,3.421,3.432,3.4,21960.0,510350,sh,沪深300ETF工银
2024-07-29,3.416,3.405,3.42,3.405,6247.0,510350,sh,沪深300ETF工银
2024-07-30,3.4,3.384,3.4,3.369,17150.0,510350,sh,沪深300ETF工银
2024-07-31,3.379,3.455,3.46,3.377,25771.0,510350,sh,沪深300ETF工银
2024-08-01,3.457,3.433,3.467,3.432,16428.0,510350,sh,沪深300ETF工银
2024-08-02,3.435,3.4,3.435,3.394,17377.0,510350,sh,沪深300ETF工银
2024-08-05,3.435,3.366,3.435,3.358,22907.0,510350,sh,沪深300ETF工银
2024-08-06,3.369,3.353,3.395,3.33,7696.0,510350,sh,沪深300ETF工银
2024-08-07,3.348,3.351,3.373,3.344,6406.0,510350,sh,沪深300ETF工银
2024-08-08,3.351,3.356,3.376,3.328,8777.0,510350,sh,沪深300ETF工银
2024-08-09,3.372,3.345,3.373,3.343,11069.0,510350,sh,沪深300ETF工银
2024-08-12,3.345,3.338,3.348,3.335,12699.0,510350,sh,沪深300ETF工银
2024-08-13,3.34,3.346,3.347,3.321,6604.0,510350,sh,沪深300ETF工银
2024-08-14,3.346,3.319,3.346,3.319,9900.0,510350,sh,沪深300ETF工银
2024-08-15,3.314,3.357,3.373,3.31,20988.0,510350,sh,沪深300ETF工银
2024-08-16,3.353,3.36,3.369,3.349,11767.0,510350,sh,沪深300ETF工银
2024-08-19,3.355,3.369,3.392,3.355,10949.0,510350,sh,沪深300ETF工银
2024-08-20,3.366,3.354,3.366,3.336,33926.0,510350,sh,沪深300ETF工银
2024-08-21,3.349,3.338,3.352,3.324,35541.0,510350,sh,沪深300ETF工银
2024-08-22,3.333,3.332,3.344,3.318,37909.0,510350,sh,沪深300ETF工银
2024-08-23,3.327,3.345,3.355,3.326,28985.0,510350,sh,沪深300ETF工银
2024-08-26,3.341,3.344,3.349,3.327,8417.0,510350,sh,沪深300ETF工银
2024-08-27,3.339,3.324,3.339,3.315,2988.0,510350,sh,沪深300ETF工银
2024-08-28,3.324,3.306,3.325,3.293,30944.0,510350,sh,沪深300ETF工银
2024-08-29,3.301,3.294,3.308,3.289,25445.0,510350,sh,沪深300ETF工银
2024-08-30,3.291,3.338,3.374,3.291,31525.0,510350,sh,沪深300ETF工银
2024-09-02,3.342,3.276,3.342,3.276,26402.0,510350,sh,沪深300ETF工银
2024-09-03,3.278,3.289,3.294,3.276,18866.0,510350,sh,沪深300ETF工银
2024-09-04,3.284,3.266,3.286,3.265,9714.0,510350,sh,沪深300ETF工银
2024-09-05,3.312,3.273,3.312,3.264,24970.0,510350,sh,沪深300ETF工银
2024-09-06,3.288,3.246,3.297,3.245,89874.0,510350,sh,沪深300ETF工银
2024-09-09,3.246,3.207,3.246,3.194,15021.0,510350,sh,沪深300ETF工银
2024-09-10,3.207,3.206,3.22,3.184,9623.0,510350,sh,沪深300ETF工银
2024-09-11,3.206,3.2,3.206,3.19,10792.0,510350,sh,沪深300ETF工银
2024-09-12,3.209,3.191,3.218,3.19,8632.0,510350,sh,沪深300ETF工银
2024-09-13,3.192,3.173,3.207,3.172,21310.0,510350,sh,沪深300ETF工银
2024-09-18,3.173,3.182,3.195,3.159,13137.0,510350,sh,沪深300ETF工银
2024-09-19,3.212,3.212,3.233,3.161,28455.0,510350,sh,沪深300ETF工银
2024-09-20,3.21,3.216,3.225,3.19,781037.0,510350,sh,沪深300ETF工银
2024-09-23,3.217,3.234,3.246,3.214,12363.0,510350,sh,沪深300ETF工银
2024-09-24,3.252,3.38,3.38,3.244,92003.0,510350,sh,沪深300ETF工银
2024-09-25,3.392,3.431,3.497,3.383,136526.0,510350,sh,沪深300ETF工银
2024-09-26,3.432,3.599,3.612,3.418,113190.0,510350,sh,沪深300ETF工银
2024-09-27,3.75,3.685,3.777,3.614,103386.0,510350,sh,沪深300ETF工银
2024-09-30,3.851,4.054,4.054,3.833,216977.0,510350,sh,沪深300ETF工银
2024-10-08,4.459,4.323,4.459,4.2,178409.0,510350,sh,沪深300ETF工银
2024-10-09,4.318,4.008,4.318,3.96,166390.0,510350,sh,沪深300ETF工银
2024-10-10,4.007,4.044,4.122,3.941,794093.0,510350,sh,沪深300ETF工银
2024-10-11,4.021,3.922,4.021,3.873,592502.0,510350,sh,沪深300ETF工银
2024-10-14,3.923,3.984,4.01,3.894,288254.0,510350,sh,沪深300ETF工银
2024-10-15,3.986,3.875,3.994,3.874,160200.0,510350,sh,沪深300ETF工银
2024-10-16,3.866,3.855,3.907,3.8,142026.0,510350,sh,沪深300ETF工银
2024-10-17,3.855,3.815,3.912,3.813,115834.0,510350,sh,沪深300ETF工银
2024-10-18,3.819,3.965,4.076,3.798,194496.0,510350,sh,沪深300ETF工银
2024-10-21,3.98,3.97,4.006,3.935,63345.0,510350,sh,沪深300ETF工银
2024-10-22,3.96,3.991,4.0,3.951,93211.0,510350,sh,沪深300ETF工银
2024-10-23,3.994,4.002,4.046,3.975,59943.0,510350,sh,沪深300ETF工银
2024-10-24,4.002,3.96,4.002,3.945,39406.0,510350,sh,沪深300ETF工银
2024-10-25,3.958,3.992,4.025,3.958,126777.0,510350,sh,沪深300ETF工银
2024-10-28,3.987,4.001,4.001,3.954,80606.0,510350,sh,沪深300ETF工银
2024-10-29,4.003,3.963,4.031,3.958,194488.0,510350,sh,沪深300ETF工银
2024-10-30,3.958,3.924,3.962,3.898,27315.0,510350,sh,沪深300ETF工银
2024-10-31,3.924,3.921,3.959,3.89,59039.0,510350,sh,沪深300ETF工银
2024-11-01,3.916,3.931,3.969,3.916,49136.0,510350,sh,沪深300ETF工银
2024-11-04,3.937,3.98,3.982,3.925,42675.0,510350,sh,沪深300ETF工银
2024-11-05,3.98,4.084,4.088,3.958,66669.0,510350,sh,沪深300ETF工银
2024-11-06,4.086,4.088,4.131,4.034,114820.0,510350,sh,沪深300ETF工银
2024-11-07,4.043,4.19,4.195,4.006,227363.0,510350,sh,沪深300ETF工银
2024-11-08,4.225,4.144,4.249,4.134,843475.0,510350,sh,沪深300ETF工银
2024-11-11,4.135,4.162,4.167,4.084,141246.0,510350,sh,沪深300ETF工银
2024-11-12,4.153,4.116,4.215,4.099,178795.0,510350,sh,沪深300ETF工银
2024-11-13,4.114,4.148,4.153,4.096,947677.0,510350,sh,沪深300ETF工银
2024-11-14,4.147,4.076,4.15,4.069,288780.0,510350,sh,沪深300ETF工银
2024-11-15,4.075,4.02,4.086,4.004,136749.0,510350,sh,沪深300ETF工银
2024-11-18,4.021,3.992,4.067,3.968,155933.0,510350,sh,沪深300ETF工银
2024-11-19,3.988,4.011,4.011,3.934,62984.0,510350,sh,沪深300ETF工银
2024-11-20,4.006,4.019,4.034,3.971,103571.0,510350,sh,沪深300ETF工银
2024-11-21,4.018,4.024,4.034,4.003,77783.0,510350,sh,沪深300ETF工银
2024-11-22,4.035,3.907,4.035,3.9,52288.0,510350,sh,沪深300ETF工银
2024-11-25,3.907,3.88,3.939,3.848,39951.0,510350,sh,沪深300ETF工银
2024-11-26,3.88,3.875,3.91,3.867,77171.0,510350,sh,沪深300ETF工银
2024-11-27,3.87,3.94,3.946,3.859,38572.0,510350,sh,沪深300ETF工银
2024-11-28,3.936,3.91,3.945,3.903,20371.0,510350,sh,沪深300ETF工银
2024-11-29,3.91,3.957,4.0,3.91,34026.0,510350,sh,沪深300ETF工银
2024-12-02,3.952,3.984,3.993,3.932,50273.0,510350,sh,沪深300ETF工银
2024-12-03,3.984,3.993,4.002,3.96,49531.0,510350,sh,沪深300ETF工银
2024-12-04,3.988,3.964,3.996,3.962,37122.0,510350,sh,沪深300ETF工银
2024-12-05,3.959,3.966,3.983,3.947,5412.0,510350,sh,沪深300ETF工银
2024-12-06,3.952,4.008,4.039,3.952,46370.0,510350,sh,沪深300ETF工银
2024-12-09,4.008,4.003,4.035,3.986,658492.0,510350,sh,沪深300ETF工银
2024-12-10,4.115,4.04,4.144,4.04,143148.0,510350,sh,沪深300ETF工银
2024-12-11,4.04,4.025,4.089,4.014,703059.0,510350,sh,沪深300ETF工银
2024-12-12,4.025,4.066,4.07,4.016,39453.0,510350,sh,沪深300ETF工银
2024-12-13,4.061,3.973,4.061,3.966,254655.0,510350,sh,沪深300ETF工银
2024-12-16,3.971,3.948,3.979,3.94,35783.0,510350,sh,沪深300ETF工银
2024-12-17,3.96,3.961,3.998,3.952,33069.0,510350,sh,沪深300ETF工银
2024-12-18,3.967,3.978,3.995,3.967,33500.0,510350,sh,沪深300ETF工银
2024-12-19,3.962,3.986,3.993,3.939,24800.0,510350,sh,沪深300ETF工银
2024-12-20,3.986,3.971,4.0,3.967,182429.0,510350,sh,沪深300ETF工银
2024-12-23,3.983,3.978,4.006,3.972,41242.0,510350,sh,沪深300ETF工银
2024-12-24,3.976,4.021,4.029,3.976,82771.0,510350,sh,沪深300ETF工银
2024-12-25,4.055,4.025,4.055,4.01,58366.0,510350,sh,沪深300ETF工银
2024-12-26,4.02,4.028,4.034,4.009,22907.0,510350,sh,沪深300ETF工银
2024-12-27,4.023,4.026,4.054,4.013,374365.0,510350,sh,沪深300ETF工银
2024-12-30,4.026,4.039,4.047,4.021,134884.0,510350,sh,沪深300ETF工银
2024-12-31,4.04,3.98,4.05,3.975,197441.0,510350,sh,沪深300ETF工银
2025-01-02,3.98,3.865,3.982,3.839,257231.0,510350,sh,沪深300ETF工银
2025-01-03,3.916,3.829,3.917,3.813,160073.0,510350,sh,沪深300ETF工银
2025-01-06,3.83,3.813,3.831,3.79,77865.0,510350,sh,沪深300ETF工银
2025-01-07,3.808,3.837,3.85,3.799,383095.0,510350,sh,沪深300ETF工银
2025-01-08,3.837,3.834,3.861,3.775,496134.0,510350,sh,沪深300ETF工银
2025-01-09,3.829,3.827,3.837,3.814,64799.0,510350,sh,沪深300ETF工银
2025-01-10,3.834,3.781,3.834,3.781,354349.0,510350,sh,沪深300ETF工银
2025-01-13,3.781,3.765,3.785,3.752,54150.0,510350,sh,沪深300ETF工银
2025-01-14,3.772,3.861,3.874,3.769,90273.0,510350,sh,沪深300ETF工银
2025-01-15,3.856,3.84,3.86,3.835,23446.0,510350,sh,沪深300ETF工银
2025-01-16,3.84,3.841,3.89,3.818,60280.0,510350,sh,沪深300ETF工银
2025-01-17,3.837,3.855,3.878,3.828,21599.0,510350,sh,沪深300ETF工银
2025-01-20,3.857,3.874,3.903,3.857,31926.0,510350,sh,沪深300ETF工银
2025-01-21,3.895,3.878,3.916,3.863,99392.0,510350,sh,沪深300ETF工银
2025-01-22,3.874,3.842,3.874,3.826,66549.0,510350,sh,沪深300ETF工银
2025-01-23,3.872,3.86,3.915,3.848,130112.0,510350,sh,沪深300ETF工银
2025-01-24,3.849,3.887,3.901,3.844,233692.0,510350,sh,沪深300ETF工银
2025-01-27,3.887,3.868,3.9,3.868,62868.0,510350,sh,沪深300ETF工银
2025-02-05,3.869,3.845,3.893,3.831,77116.0,510350,sh,沪深300ETF工银
2025-02-06,3.848,3.891,3.894,3.839,30691.0,510350,sh,沪深300ETF工银
2025-02-07,3.894,3.944,3.97,3.883,208991.0,510350,sh,沪深300ETF工银
2025-02-10,3.941,3.947,3.952,3.928,63753.0,510350,sh,沪深300ETF工银
2025-02-11,3.947,3.93,3.947,3.919,31921.0,510350,sh,沪深300ETF工银
2025-02-12,3.925,3.965,3.972,3.915,33959.0,510350,sh,沪深300ETF工银
2025-02-13,3.96,3.958,3.986,3.916,62248.0,510350,sh,沪深300ETF工银
2025-02-14,3.953,3.99,3.995,3.953,46333.0,510350,sh,沪深300ETF工银
2025-02-17,3.998,4.0,4.006,3.969,110026.0,510350,sh,沪深300ETF工银
2025-02-18,3.995,3.968,4.014,3.952,49411.0,510350,sh,沪深300ETF工银
2025-02-19,3.963,3.989,3.996,3.956,38032.0,510350,sh,沪深300ETF工银
2025-02-20,3.984,3.975,3.987,3.939,24257.0,510350,sh,沪深300ETF工银
2025-02-21,4.0,4.038,4.041,3.978,169515.0,510350,sh,沪深300ETF工银
2025-02-24,4.036,4.017,4.044,3.977,34076.0,510350,sh,沪深300ETF工银
2025-02-25,3.99,3.976,4.003,3.966,34224.0,510350,sh,沪深300ETF工银
2025-02-26,3.98,4.012,4.012,3.975,35646.0,510350,sh,沪深300ETF工银
2025-02-27,4.012,4.021,4.023,3.981,321051.0,510350,sh,沪深300ETF工银
2025-02-28,4.013,3.944,4.019,3.936,268207.0,510350,sh,沪深300ETF工银
2025-03-03,3.951,3.93,3.98,3.918,295850.0,510350,sh,沪深300ETF工银
2025-03-04,3.934,3.932,3.935,3.902,42847.0,510350,sh,沪深300ETF工银
2025-03-05,3.935,3.947,3.951,3.922,382721.0,510350,sh,沪深300ETF工银
2025-03-06,3.947,4.003,4.01,3.947,519444.0,510350,sh,沪深300ETF工银
2025-03-07,3.998,3.993,4.013,3.986,128876.0,510350,sh,沪深300ETF工银
2025-03-10,3.995,3.978,3.996,3.951,350392.0,510350,sh,沪深300ETF工银
2025-03-11,3.946,3.987,3.987,3.93,772955.0,510350,sh,沪深300ETF工银
2025-03-12,3.979,3.981,4.006,3.967,114105.0,510350,sh,沪深300ETF工银
2025-03-13,3.965,3.962,3.99,3.944,505709.0,510350,sh,沪深300ETF工银
2025-03-14,3.964,4.055,4.063,3.964,903326.0,510350,sh,沪深300ETF工银
2025-03-17,4.062,4.044,4.074,4.04,107619.0,510350,sh,沪深300ETF工银
2025-03-18,4.055,4.057,4.065,4.046,108392.0,510350,sh,沪深300ETF工银
2025-03-19,4.053,4.062,4.072,4.039,90135.0,510350,sh,沪深300ETF工银
2025-03-20,4.064,4.029,4.077,4.022,53257.0,510350,sh,沪深300ETF工银
2025-03-21,4.029,3.965,4.033,3.953,157441.0,510350,sh,沪深300ETF工银
2025-03-24,3.983,3.981,3.985,3.957,153874.0,510350,sh,沪深300ETF工银
2025-03-25,3.963,3.984,3.993,3.963,247534.0,510350,sh,沪深300ETF工银
2025-03-26,3.983,3.968,3.994,3.964,57515.0,510350,sh,沪深300ETF工银
2025-03-27,3.964,3.983,4.006,3.95,102710.0,510350,sh,沪深300ETF工银
2025-03-28,3.973,3.962,3.984,3.955,59757.0,510350,sh,沪深300ETF工银
2025-03-31,3.963,3.941,3.979,3.92,299721.0,510350,sh,沪深300ETF工银
2025-04-01,3.944,3.937,3.957,3.934,41366.0,510350,sh,沪深300ETF工银
2025-04-02,3.936,3.934,3.951,3.929,226792.0,510350,sh,沪深300ETF工银
2025-04-03,3.954,3.914,3.954,3.898,163388.0,510350,sh,沪深300ETF工银
2025-04-07,3.908,3.612,3.908,3.556,144594.0,510350,sh,沪深300ETF工银
2025-04-08,3.612,3.691,3.694,3.612,80651.0,510350,sh,沪深300ETF工银
2025-04-09,3.627,3.713,3.742,3.627,75766.0,510350,sh,沪深300ETF工银
2025-04-10,3.768,3.773,3.808,3.739,58264.0,510350,sh,沪深300ETF工银
2025-04-11,3.77,3.794,3.807,3.754,30072.0,510350,sh,沪深300ETF工银
2025-04-14,3.816,3.81,3.823,3.801,64105.0,510350,sh,沪深300ETF工银
2025-04-15,3.806,3.807,3.826,3.781,333392.0,510350,sh,沪深300ETF工银
2025-04-16,3.8,3.813,3.82,3.77,70193.0,510350,sh,沪深300ETF工银
2025-04-17,3.801,3.815,3.826,3.798,55392.0,510350,sh,沪深300ETF工银
2025-04-18,3.808,3.824,3.83,3.802,137883.0,510350,sh,沪深300ETF工银
2025-04-21,3.807,3.832,3.842,3.801,44100.0,510350,sh,沪深300ETF工银
2025-04-22,3.832,3.835,3.85,3.831,60809.0,510350,sh,沪深300ETF工银
2025-04-23,3.857,3.84,3.864,3.834,134249.0,510350,sh,沪深300ETF工银
2025-04-24,3.827,3.839,3.86,3.826,31885.0,510350,sh,沪深300ETF工银
2025-04-25,3.845,3.838,3.855,3.831,52869.0,510350,sh,沪深300ETF工银
2025-04-28,3.838,3.832,3.84,3.824,56735.0,510350,sh,沪深300ETF工银
2025-04-29,3.833,3.825,3.84,3.82,57418.0,510350,sh,沪深300ETF工银
2025-04-30,3.813,3.824,3.844,3.813,66538.0,510350,sh,沪深300ETF工银
2025-05-06,3.839,3.859,3.866,3.834,215378.0,510350,sh,沪深300ETF工银
2025-05-07,3.903,3.887,3.917,3.867,186624.0,510350,sh,沪深300ETF工银
2025-05-08,3.882,3.906,3.923,3.876,47489.0,510350,sh,沪深300ETF工银
2025-05-09,3.92,3.902,3.92,3.891,44380.0,510350,sh,沪深300ETF工银
2025-05-12,3.916,3.945,3.949,3.915,52878.0,510350,sh,沪深300ETF工银
2025-05-13,3.942,3.951,3.967,3.942,64729.0,510350,sh,沪深300ETF工银
2025-05-14,3.951,4.0,4.021,3.95,55515.0,510350,sh,沪深300ETF工银
2025-05-15,4.0,3.967,4.001,3.963,37547.0,510350,sh,沪深300ETF工银
2025-05-16,3.961,3.943,3.964,3.933,57490.0,510350,sh,沪深300ETF工银
2025-05-19,3.922,3.939,3.943,3.921,70205.0,510350,sh,沪深300ETF工银
2025-05-20,3.945,3.96,3.971,3.938,45102.0,510350,sh,沪深300ETF工银
2025-05-21,3.96,3.973,3.99,3.96,64100.0,510350,sh,沪深300ETF工银
2025-05-22,3.973,3.97,3.983,3.962,117137.0,510350,sh,沪深300ETF工银
2025-05-23,3.971,3.942,3.995,3.941,109184.0,510350,sh,沪深300ETF工银
2025-05-26,3.96,3.921,3.96,3.91,57460.0,510350,sh,沪深300ETF工银
2025-05-27,3.921,3.907,3.924,3.896,45356.0,510350,sh,沪深300ETF工银
2025-05-28,3.911,3.9,3.913,3.896,41148.0,510350,sh,沪深300ETF工银
2025-05-29,3.907,3.919,3.938,3.893,45831.0,510350,sh,沪深300ETF工银
2025-05-30,3.92,3.914,3.92,3.886,92580.0,510350,sh,沪深300ETF工银
2025-06-03,3.912,3.912,3.927,3.896,35199.0,510350,sh,沪深300ETF工银
2025-06-04,3.913,3.93,3.939,3.913,23418.0,510350,sh,沪深300ETF工银
2025-06-05,3.934,3.941,3.953,3.924,36192.0,510350,sh,沪深300ETF工银
2025-06-06,3.953,3.94,3.953,3.933,134028.0,510350,sh,沪深300ETF工银
2025-06-09,3.945,3.953,3.964,3.94,62356.0,510350,sh,沪深300ETF工银
2025-06-10,3.942,3.927,3.964,3.916,21175.0,510350,sh,沪深300ETF工银
2025-06-11,3.933,3.961,3.981,3.933,39309.0,510350,sh,沪深300ETF工银
2025-06-12,3.952,3.961,3.971,3.939,26609.0,510350,sh,沪深300ETF工银
2025-06-13,3.954,3.936,3.958,3.925,40013.0,510350,sh,沪深300ETF工银
2025-06-16,3.931,3.948,3.952,3.931,37497.0,510350,sh,沪深300ETF工银
2025-06-17,3.964,3.948,3.964,3.934,14755.0,510350,sh,沪深300ETF工银
2025-06-18,3.942,3.95,3.957,3.93,56911.0,510350,sh,沪深300ETF工银
2025-06-19,3.951,3.92,3.953,3.907,41057.0,510350,sh,沪深300ETF工银
2025-06-20,3.92,3.925,3.934,3.919,28120.0,510350,sh,沪深300ETF工银
2025-06-23,3.912,3.938,3.951,3.906,34182.0,510350,sh,沪深300ETF工银
2025-06-24,3.937,3.984,4.0,3.937,318031.0,510350,sh,沪深300ETF工银
2025-06-25,3.986,4.045,4.051,3.972,191466.0,510350,sh,沪深300ETF工银
2025-06-26,4.027,4.037,4.05,4.027,524061.0,510350,sh,沪深300ETF工银
2025-06-27,4.035,4.008,4.062,4.005,269524.0,510350,sh,沪深300ETF工银
2025-06-30,4.01,4.031,4.031,4.003,101367.0,510350,sh,沪深300ETF工银
2025-07-01,3.999,4.034,4.045,3.999,99562.0,510350,sh,沪深300ETF工银
2025-07-02,4.034,4.037,4.045,4.024,60286.0,510350,sh,沪深300ETF工银
2025-07-03,4.037,4.062,4.068,4.037,36905.0,510350,sh,沪深300ETF工银
2025-07-04,4.055,4.08,4.111,4.052,83689.0,510350,sh,沪深300ETF工银
2025-07-07,4.078,4.063,4.091,4.052,37920.0,510350,sh,沪深300ETF工银
2025-07-08,4.063,4.095,4.104,4.061,90443.0,510350,sh,沪深300ETF工银
2025-07-09,4.099,4.091,4.117,4.088,51267.0,510350,sh,沪深300ETF工银
2025-07-10,4.093,4.112,4.136,4.093,57994.0,510350,sh,沪深300ETF工银
2025-07-11,4.11,4.129,4.177,4.11,92443.0,510350,sh,沪深300ETF工银
2025-07-14,4.132,4.127,4.141,4.125,69370.0,510350,sh,沪深300ETF工银
2025-07-15,4.123,4.127,4.151,4.101,77625.0,510350,sh,沪深300ETF工银
2025-07-16,4.121,4.116,4.14,4.11,73542.0,510350,sh,沪深300ETF工银
2025-07-17,4.11,4.153,4.153,4.11,23713.0,510350,sh,沪深300ETF工银
2025-07-18,4.156,4.184,4.185,4.155,36457.0,510350,sh,沪深300ETF工银
2025-07-21,4.188,4.206,4.209,4.185,52637.0,510350,sh,沪深300ETF工银
2025-07-22,4.205,4.25,4.25,4.192,44289.0,510350,sh,沪深300ETF工银
2025-07-23,4.252,4.248,4.284,4.239,77225.0,510350,sh,沪深300ETF工银
2025-07-24,4.248,4.276,4.279,4.239,67493.0,510350,sh,沪深300ETF工银
2025-07-25,4.276,4.255,4.276,4.243,53962.0,510350,sh,沪深300ETF工银
2025-07-28,4.257,4.266,4.272,4.216,81343.0,510350,sh,沪深300ETF工银
2025-07-29,4.253,4.285,4.285,4.245,54788.0,510350,sh,沪深300ETF工银
2025-07-30,4.267,4.283,4.316,4.258,64685.0,510350,sh,沪深300ETF工银
2025-07-31,4.286,4.21,4.286,4.188,79381.0,510350,sh,沪深300ETF工银
2025-08-01,4.206,4.189,4.21,4.167,59178.0,510350,sh,沪深300ETF工银
2025-08-04,4.189,4.201,4.201,4.17,35802.0,510350,sh,沪深300ETF工银
2025-08-05,4.202,4.231,4.235,4.201,22817.0,510350,sh,沪深300ETF工银
2025-08-06,4.226,4.242,4.244,4.226,125055.0,510350,sh,沪深300ETF工银
2025-08-07,4.242,4.243,4.256,4.22,74897.0,510350,sh,沪深300ETF工银
2025-08-08,4.231,4.236,4.253,4.226,44465.0,510350,sh,沪深300ETF工银
2025-08-11,4.242,4.248,4.264,4.234,48940.0,510350,sh,沪深300ETF工银
2025-08-12,4.248,4.275,4.285,4.248,34856.0,510350,sh,沪深300ETF工银
2025-08-13,4.28,4.308,4.321,4.28,57281.0,510350,sh,沪深300ETF工银
2025-08-14,4.308,4.301,4.351,4.3,83149.0,510350,sh,沪深300ETF工银
2025-08-15,4.3,4.345,4.35,4.291,55552.0,510350,sh,沪深300ETF工银
2025-08-18,4.352,4.377,4.41,4.332,51106.0,510350,sh,沪深300ETF工银
2025-08-19,4.381,4.357,4.401,4.348,31576.0,510350,sh,沪深300ETF工银
2025-08-20,4.336,4.411,4.417,4.319,46350.0,510350,sh,沪深300ETF工银
2025-08-21,4.423,4.425,4.445,4.368,90682.0,510350,sh,沪深300ETF工银
2025-08-22,4.425,4.528,4.529,4.423,49971.0,510350,sh,沪深300ETF工银
2025-08-25,4.545,4.617,4.624,4.545,62916.0,510350,sh,沪深300ETF工银
2025-08-26,4.617,4.596,4.626,4.58,48433.0,510350,sh,沪深300ETF工银
2025-08-27,4.585,4.535,4.637,4.524,65001.0,510350,sh,沪深300ETF工银
2025-08-28,4.524,4.609,4.609,4.505,61455.0,510350,sh,沪深300ETF工银
2025-08-29,4.606,4.655,4.668,4.585,54057.0,510350,sh,沪深300ETF工银
2025-09-01,4.682,4.67,4.682,4.634,35313.0,510350,sh,沪深300ETF工银
2025-09-02,4.649,4.64,4.697,4.602,55326.0,510350,sh,沪深300ETF工银
2025-09-03,4.64,4.594,4.663,4.571,42549.0,510350,sh,沪深300ETF工银
2025-09-04,4.61,4.512,4.61,4.468,62254.0,510350,sh,沪深300ETF工银
2025-09-05,4.512,4.603,4.616,4.492,57151.0,510350,sh,沪深300ETF工银
2025-09-08,4.601,4.62,4.625,4.578,44315.0,510350,sh,沪深300ETF工银
2025-09-09,4.603,4.581,4.619,4.556,46745.0,510350,sh,沪深300ETF工银
2025-09-10,4.585,4.595,4.613,4.56,52587.0,510350,sh,沪深300ETF工银
2025-09-11,4.567,4.705,4.705,4.567,62675.0,510350,sh,沪深300ETF工银
2025-09-12,4.708,4.676,4.713,4.67,60932.0,510350,sh,沪深300ETF工银
2025-09-15,4.671,4.684,4.718,4.671,24629.0,510350,sh,沪深300ETF工银
2025-09-16,4.718,4.668,4.777,4.643,20473.0,510350,sh,沪深300ETF工银
2025-09-17,4.667,4.704,4.709,4.652,73987.0,510350,sh,沪深300ETF工银
2025-09-18,4.711,4.665,4.729,4.6,69098.0,510350,sh,沪深300ETF工银
2025-09-19,4.61,4.654,4.68,4.61,85620.0,510350,sh,沪深300ETF工银
2025-09-22,4.644,4.675,4.675,4.637,47634.0,510350,sh,沪深300ETF工银
2025-09-23,4.654,4.674,4.709,4.61,55457.0,510350,sh,沪深300ETF工银
2025-09-24,4.637,4.715,4.727,4.637,53009.0,510350,sh,沪深300ETF工银
2025-09-25,4.709,4.747,4.771,4.709,32437.0,510350,sh,沪深300ETF工银
2025-09-26,4.753,4.707,4.753,4.706,38303.0,510350,sh,沪深300ETF工银
2025-09-29,4.711,4.78,4.813,4.697,68591.0,510350,sh,沪深300ETF工银
2025-09-30,4.78,4.799,4.803,4.75,71582.0,510350,sh,沪深300ETF工银
2025-10-09,4.795,4.88,4.891,4.795,45618.0,510350,sh,沪深300ETF工银
2025-10-10,4.856,4.776,4.856,4.763,51158.0,510350,sh,沪深300ETF工银
2025-10-13,4.645,4.751,4.756,4.645,15953.0,510350,sh,沪深300ETF工银
2025-10-14,4.797,4.699,4.797,4.682,18763.0,510350,sh,沪深300ETF工银
2025-10-15,4.72,4.758,4.765,4.686,18861.0,510350,sh,沪深300ETF工银
2025-10-16,4.76,4.779,4.803,4.737,36845.0,510350,sh,沪深300ETF工银
2025-10-17,4.779,4.68,4.785,4.667,28390.0,510350,sh,沪深300ETF工银
2025-10-20,4.726,4.701,4.75,4.68,13038.0,510350,sh,沪深300ETF工银
2025-10-21,4.71,4.77,4.778,4.71,30836.0,510350,sh,沪深300ETF工银
2025-10-22,4.722,4.755,4.762,4.722,12498.0,510350,sh,沪深300ETF工银
2025-10-23,4.76,4.771,4.775,4.706,16596.0,510350,sh,沪深300ETF工银
2025-10-24,4.769,4.822,4.822,4.769,18545.0,510350,sh,沪深300ETF工银
2025-10-27,4.822,4.88,4.885,4.822,12275.0,510350,sh,沪深300ETF工银
2025-10-28,4.883,4.861,4.905,4.854,19495.0,510350,sh,沪深300ETF工银
2025-10-29,4.905,4.923,4.927,4.875,23694.0,510350,sh,沪深300ETF工银
2025-10-30,4.93,4.886,4.934,4.879,35054.0,510350,sh,沪深300ETF工银
2025-10-31,4.886,4.824,4.917,4.819,67374.0,510350,sh,沪深300ETF工银
2025-11-03,4.824,4.825,4.829,4.768,45526.0,510350,sh,沪深300ETF工银
2025-11-04,4.816,4.793,4.835,4.765,41792.0,510350,sh,沪深300ETF工银
2025-11-05,4.766,4.795,4.813,4.73,25217.0,510350,sh,沪深300ETF工银
2025-11-06,4.813,4.87,4.874,4.813,51370.0,510350,sh,沪深300ETF工银
2025-11-07,4.86,4.853,4.872,4.831,15186.0,510350,sh,沪深300ETF工银
2025-11-10,4.86,4.863,4.87,4.822,26170.0,510350,sh,沪深300ETF工银
2025-11-11,4.888,4.827,4.888,4.816,23449.0,510350,sh,沪深300ETF工银
2025-11-12,4.824,4.821,4.841,4.792,23105.0,510350,sh,沪深300ETF工银
2025-11-13,4.82,4.874,4.876,4.816,26714.0,510350,sh,沪深300ETF工银
2025-11-14,4.85,4.796,4.855,4.795,47994.0,510350,sh,沪深300ETF工银
2025-11-17,4.806,4.775,4.806,4.753,32091.0,510350,sh,沪深300ETF工银
2025-11-18,4.759,4.745,4.776,4.722,17620.0,510350,sh,沪深300ETF工银
2025-11-19,4.74,4.756,4.776,4.74,147011.0,510350,sh,沪深300ETF工银
2025-11-20,4.755,4.739,4.791,4.727,117922.0,510350,sh,沪深300ETF工银
2025-11-21,4.7,4.617,4.705,4.615,150398.0,510350,sh,沪深300ETF工银
2025-11-24,4.653,4.615,4.653,4.589,134962.0,510350,sh,沪深300ETF工银
2025-11-25,4.64,4.654,4.681,4.632,189716.0,510350,sh,沪深300ETF工银
2025-11-26,4.661,4.685,4.705,4.653,116390.0,510350,sh,沪深300ETF工银
2025-11-27,4.685,4.686,4.733,4.676,179831.0,510350,sh,沪深300ETF工银
2025-11-28,4.688,4.695,4.7,4.661,56637.0,510350,sh,沪深300ETF工银
2025-12-01,4.695,4.744,4.746,4.695,28478.0,510350,sh,沪深300ETF工银
2025-12-02,4.744,4.728,4.745,4.711,67647.0,510350,sh,沪深300ETF工银
2025-12-03,4.723,4.704,4.744,4.694,28652.0,510350,sh,沪深300ETF工银
2025-12-04,4.699,4.717,4.733,4.69,59663.0,510350,sh,沪深300ETF工银
2025-12-05,4.711,4.761,4.777,4.711,52620.0,510350,sh,沪深300ETF工银
2025-12-08,4.776,4.805,4.821,4.776,77078.0,510350,sh,沪深300ETF工银
2025-12-09,4.805,4.776,4.806,4.765,90026.0,510350,sh,沪深300ETF工银
2025-12-10,4.764,4.77,4.777,4.728,18320.0,510350,sh,沪深300ETF工银
2025-12-11,4.775,4.731,4.787,4.723,114129.0,510350,sh,沪深300ETF工银
2025-12-12,4.744,4.761,4.771,4.715,39460.0,510350,sh,沪深300ETF工银
2025-12-15,4.763,4.733,4.783,4.729,32417.0,510350,sh,沪深300ETF工银
2025-12-16,4.729,4.687,4.739,4.67,60280.0,510350,sh,沪深300ETF工银
2025-12-17,4.693,4.78,4.795,4.683,36388.0,510350,sh,沪深300ETF工银
2025-12-18,4.777,4.742,4.777,4.731,37650.0,510350,sh,沪深300ETF工银
2025-12-19,4.753,4.767,4.786,4.743,28485.0,510350,sh,沪深300ETF工银
2025-12-22,4.784,4.8,4.809,4.784,54292.0,510350,sh,沪深300ETF工银
2025-12-23,4.805,4.809,4.837,4.797,37516.0,510350,sh,沪深300ETF工银
2025-12-24,4.814,4.829,4.833,4.798,20400.0,510350,sh,沪深300ETF工银
2025-12-25,4.817,4.836,4.849,4.817,18657.0,510350,sh,沪深300ETF工银
2025-12-26,4.84,4.852,4.872,4.828,21090.0,510350,sh,沪深300ETF工银
2025-12-29,4.858,4.842,4.868,4.827,199547.0,510350,sh,沪深300ETF工银
2025-12-30,4.825,4.846,4.86,4.812,79534.0,510350,sh,沪深300ETF工银
2025-12-31,4.845,4.832,4.863,4.82,106633.0,510350,sh,沪深300ETF工银
2026-01-05,4.831,4.911,4.918,4.831,126805.0,510350,sh,沪深300ETF工银
2026-01-06,4.891,4.998,4.998,4.891,217563.0,510350,sh,沪深300ETF工银
2026-01-07,4.998,4.974,5.001,4.953,103264.0,510350,sh,沪深300ETF工银
2026-01-08,4.974,4.936,4.974,4.914,187571.0,510350,sh,沪深300ETF工银
2026-01-09,4.93,4.959,4.972,4.92,74599.0,510350,sh,沪深300ETF工银
2026-01-12,4.959,4.985,4.999,4.937,77106.0,510350,sh,沪深300ETF工银
2026-01-13,4.985,4.962,5.043,4.943,23519.0,510350,sh,沪深300ETF工银
2026-01-14,4.97,4.942,5.027,4.925,141368.0,510350,sh,沪深300ETF工银
2026-01-15,4.982,4.945,4.982,4.917,136114.0,510350,sh,沪深300ETF工银
2026-01-16,4.96,4.93,4.992,4.917,47676.0,510350,sh,沪深300ETF工银
2026-01-19,4.911,4.929,4.967,4.911,73528.0,510350,sh,沪深300ETF工银
2026-01-20,4.954,4.916,4.954,4.882,105881.0,510350,sh,沪深300ETF工银
2026-01-21,4.916,4.917,4.959,4.913,73629.0,510350,sh,沪深300ETF工银
2026-01-22,4.942,4.922,4.962,4.9,293101.0,510350,sh,沪深300ETF工银
2026-01-23,4.922,4.908,4.94,4.894,131184.0,510350,sh,沪深300ETF工银
2026-01-26,4.919,4.935,4.987,4.903,47899.0,510350,sh,沪深300ETF工银
2026-01-27,4.925,4.903,4.939,4.879,31573.0,510350,sh,沪深300ETF工银
2026-01-28,4.907,4.928,4.94,4.903,64111.0,510350,sh,沪深300ETF工银
2026-01-29,4.928,4.972,4.975,4.905,21967.0,510350,sh,沪深300ETF工银
2026-01-30,4.943,4.905,4.947,4.835,63771.0,510350,sh,沪深300ETF工银
2026-02-02,4.9,4.808,4.917,4.778,196543.0,510350,sh,沪深300ETF工银
2026-02-03,4.808,4.853,4.859,4.773,66259.0,510350,sh,沪深300ETF工银
2026-02-04,4.841,4.9,4.905,4.835,66490.0,510350,sh,沪深300ETF工银
2026-02-05,4.871,4.872,4.885,4.837,38849.0,510350,sh,沪深300ETF工银
2026-02-06,4.848,4.841,4.884,4.803,50691.0,510350,sh,沪深300ETF工银
2026-02-09,4.841,4.921,4.925,4.841,29515.0,510350,sh,沪深300ETF工银
2026-02-10,4.922,4.927,4.935,4.915,44457.0,510350,sh,沪深300ETF工银
2026-02-11,4.93,4.917,4.93,4.909,41330.0,510350,sh,沪深300ETF工银
2026-02-12,4.919,4.922,4.933,4.912,417932.0,510350,sh,沪深300ETF工银
2026-02-13,4.91,4.866,4.91,4.865,119692.0,510350,sh,沪深300ETF工银
2026-02-24,4.896,4.919,4.931,4.893,28004.0,510350,sh,沪深300ETF工银
2026-02-25,4.919,4.943,4.975,4.917,44006.0,510350,sh,沪深300ETF工银
2026-02-26,4.954,4.938,4.954,4.913,46524.0,510350,sh,沪深300ETF工银
2026-02-27,4.934,4.923,4.934,4.897,25903.0,510350,sh,沪深300ETF工银
2026-03-02,4.9,4.939,4.943,4.873,33680.0,510350,sh,沪深300ETF工银
2026-03-03,4.924,4.864,4.952,4.854,28551.0,510350,sh,沪深300ETF工银
2026-03-04,4.837,4.797,4.837,4.777,34193.0,510350,sh,沪深300ETF工银
2026-03-05,4.821,4.847,4.875,4.821,34225.0,510350,sh,沪深300ETF工银
2026-03-06,4.841,4.863,4.877,4.815,34042.0,510350,sh,沪深300ETF工银
2026-03-09,4.845,4.81,4.845,4.75,124298.0,510350,sh,沪深300ETF工银
2026-03-10,4.81,4.877,4.883,4.81,25014.0,510350,sh,沪深300ETF工银
2026-03-11,4.881,4.901,4.91,4.879,66497.0,510350,sh,沪深300ETF工银
2026-03-12,4.901,4.89,4.903,4.855,34603.0,510350,sh,沪深300ETF工银
2026-03-13,4.884,4.882,4.905,4.86,18356.0,510350,sh,沪深300ETF工银
2026-03-16,4.874,4.875,4.88,4.822,50480.0,510350,sh,沪深300ETF工银
2026-03-17,4.875,4.834,4.93,4.834,98967.0,510350,sh,沪深300ETF工银
2026-03-18,4.834,4.855,4.87,4.806,83039.0,510350,sh,沪深300ETF工银
2026-03-19,4.831,4.787,4.832,4.765,135577.0,510350,sh,沪深300ETF工银
2026-03-20,4.78,4.763,4.826,4.762,74640.0,510350,sh,沪深300ETF工银
2026-03-23,4.718,4.62,4.718,4.588,80303.0,510350,sh,沪深300ETF工银
2026-03-24,4.625,4.66,4.663,4.587,41608.0,510350,sh,沪深300ETF工银
2026-03-25,4.677,4.738,4.738,4.677,44748.0,510350,sh,沪深300ETF工银
2026-03-26,4.734,4.672,4.735,4.662,29638.0,510350,sh,沪深300ETF工银
2026-03-27,4.643,4.698,4.72,4.628,111461.0,510350,sh,沪深300ETF工银
2026-03-30,4.642,4.689,4.697,4.638,46258.0,510350,sh,沪深300ETF工银
2026-03-31,4.686,4.653,4.715,4.648,66683.0,510350,sh,沪深300ETF工银
2026-04-01,4.679,4.718,4.729,4.679,42050.0,510350,sh,沪深300ETF工银
2026-04-02,4.718,4.67,4.718,4.65,36836.0,510350,sh,沪深300ETF工银
2026-04-03,4.669,4.637,4.685,4.631,31078.0,510350,sh,沪深300ETF工银
2026-04-07,4.643,4.631,4.656,4.618,49210.0,510350,sh,沪深300ETF工银
2026-04-08,4.654,4.792,4.801,4.654,124829.0,510350,sh,沪深300ETF工银
2026-04-09,4.77,4.764,4.775,4.749,38594.0,510350,sh,沪深300ETF工银
2026-04-10,4.788,4.828,4.859,4.784,44723.0,510350,sh,沪深300ETF工银
2026-04-13,4.809,4.842,4.856,4.801,43940.0,510350,sh,沪深300ETF工银
2026-04-14,4.842,4.91,4.91,4.842,34083.0,510350,sh,沪深300ETF工银
2026-04-15,4.909,4.89,4.939,4.882,40323.0,510350,sh,沪深300ETF工银
2026-04-16,4.888,4.946,4.948,4.888,51125.0,510350,sh,沪深300ETF工银
2026-04-17,4.925,4.935,4.948,4.925,49122.0,510350,sh,沪深300ETF工银
2026-04-20,4.942,4.97,4.979,4.925,45759.0,510350,sh,沪深300ETF工银
2026-04-21,4.956,4.979,4.988,4.932,58774.0,510350,sh,沪深300ETF工银
2026-04-22,4.979,5.018,5.018,4.976,25796.0,510350,sh,沪深300ETF工银
2026-04-23,5.034,5.004,5.039,4.972,52598.0,510350,sh,沪深300ETF工银
2026-04-24,4.991,4.99,5.004,4.952,27651.0,510350,sh,沪深300ETF工银
2026-04-27,4.963,4.993,5.016,4.963,26168.0,510350,sh,沪深300ETF工银
2026-04-28,5.014,4.976,5.014,4.962,30465.0,510350,sh,沪深300ETF工银
2026-04-29,4.963,5.027,5.037,4.963,42869.0,510350,sh,沪深300ETF工银
2026-04-30,5.027,5.029,5.051,5.019,61463.0,510350,sh,沪深300ETF工银
2026-05-06,5.051,5.102,5.135,5.051,57218.0,510350,sh,沪深300ETF工银
2026-05-07,5.11,5.13,5.132,5.095,57639.0,510350,sh,沪深300ETF工银
2026-05-08,5.113,5.102,5.118,5.076,51216.0,510350,sh,沪深300ETF工银
2026-05-11,5.105,5.195,5.204,5.105,55547.0,510350,sh,沪深300ETF工银
2026-05-12,5.197,5.187,5.207,5.163,40795.0,510350,sh,沪深300ETF工银
2026-05-13,5.204,5.234,5.243,5.148,58470.0,510350,sh,沪深300ETF工银
2026-05-14,5.255,5.159,5.262,5.15,60136.0,510350,sh,沪深300ETF工银
2026-05-15,5.162,5.1,5.166,5.066,72905.0,510350,sh,沪深300ETF工银
2026-05-18,5.111,5.068,5.111,5.035,46404.0,510350,sh,沪深300ETF工银
2026-05-19,5.068,5.088,5.088,5.001,59840.0,510350,sh,沪深300ETF工银
2026-05-20,5.088,5.09,5.1,5.052,64350.0,510350,sh,沪深300ETF工银
2026-05-21,5.126,5.032,5.178,5.015,56206.0,510350,sh,沪深300ETF工银
2026-05-22,5.067,5.08,5.087,5.022,49479.0,510350,sh,沪深300ETF工银
2026-05-25,5.094,5.155,5.16,5.09,55602.0,510350,sh,沪深300ETF工银
2026-05-26,5.132,5.188,5.198,5.13,33016.0,510350,sh,沪深300ETF工银
2026-05-27,5.19,5.147,5.218,5.132,36973.0,510350,sh,沪深300ETF工银
2026-05-28,5.125,5.156,5.163,5.083,31328.0,510350,sh,沪深300ETF工银
2026-05-29,5.156,5.14,5.195,5.128,34268.0,510350,sh,沪深300ETF工银
2026-06-01,5.137,5.087,5.16,5.077,31461.0,510350,sh,沪深300ETF工银
2026-06-02,5.087,5.155,5.175,5.076,66036.0,510350,sh,沪深300ETF工银
2026-06-03,5.169,5.187,5.241,5.153,37590.0,510350,sh,沪深300ETF工银
2026-06-04,5.14,5.149,5.182,5.133,30351.0,510350,sh,沪深300ETF工银
2026-06-05,5.132,5.051,5.171,5.041,62357.0,510350,sh,沪深300ETF工银
2026-06-08,5.016,4.952,5.019,4.916,55164.0,510350,sh,沪深300ETF工银
2026-06-09,4.974,5.038,5.04,4.951,37485.0,510350,sh,沪深300ETF工银
2026-06-10,4.996,5.0,5.037,4.968,41557.0,510350,sh,沪深300ETF工银
2026-06-11,4.975,4.968,5.005,4.934,31336.0,510350,sh,沪深300ETF工银
2026-06-12,5.026,5.033,5.063,5.005,37003.0,510350,sh,沪深300ETF工银
2026-06-15,5.081,5.141,5.142,5.069,42625.0,510350,sh,沪深300ETF工银
2026-06-16,5.141,5.14,5.155,5.12,59383.0,510350,sh,沪深300ETF工银
2026-06-17,5.117,5.185,5.185,5.115,34864.0,510350,sh,沪深300ETF工银
2026-06-18,5.159,5.216,5.23,5.158,48854.0,510350,sh,沪深300ETF工银
2026-06-22,5.22,5.312,5.32,5.18,47341.0,510350,sh,沪深300ETF工银
2026-06-23,5.308,5.185,5.33,5.148,50097.0,510350,sh,沪深300ETF工银
2026-06-24,5.163,5.191,5.205,5.151,31175.0,510350,sh,沪深300ETF工银
2026-06-25,5.204,5.273,5.281,5.204,26046.0,510350,sh,沪深300ETF工银
2026-06-26,5.248,5.134,5.248,5.103,55106.0,510350,sh,沪深300ETF工银
2026-06-29,5.134,5.187,5.197,5.083,142153.0,510350,sh,沪深300ETF工银
2026-06-30,5.169,5.251,5.259,5.167,40039.0,510350,sh,沪深300ETF工银
2026-07-01,5.244,5.229,5.285,5.199,17558.0,510350,sh,沪深300ETF工银
2026-07-02,5.12,5.076,5.285,5.058,30775.0,510350,sh,沪深300ETF工银
2026-07-03,5.076,5.109,5.163,5.075,38571.0,510350,sh,沪深300ETF工银
