date,open,close,high,low,volume,code,market,name
2020-01-02,89.742,89.749,89.752,89.734,707245.0,511880,sh,银华日利ETF
2020-01-03,89.758,89.784,90.636,89.755,542982.0,511880,sh,银华日利ETF
2020-01-06,89.783,89.788,89.792,89.775,655013.0,511880,sh,银华日利ETF
2020-01-07,89.791,89.8,89.804,89.788,504405.0,511880,sh,银华日利ETF
2020-01-08,89.803,89.812,89.813,89.801,467584.0,511880,sh,银华日利ETF
2020-01-09,89.809,89.817,89.819,89.806,532310.0,511880,sh,银华日利ETF
2020-01-10,89.823,89.837,89.839,89.823,419767.0,511880,sh,银华日利ETF
2020-01-13,89.842,89.845,89.851,89.803,482930.0,511880,sh,银华日利ETF
2020-01-14,89.847,89.86,89.861,89.84,441980.0,511880,sh,银华日利ETF
2020-01-15,89.864,89.868,89.87,89.861,377866.0,511880,sh,银华日利ETF
2020-01-16,89.866,89.87,89.874,89.865,442389.0,511880,sh,银华日利ETF
2020-01-17,89.877,89.907,89.914,89.877,451516.0,511880,sh,银华日利ETF
2020-01-20,89.898,89.896,89.912,89.893,562545.0,511880,sh,银华日利ETF
2020-01-21,89.902,89.908,89.939,89.897,645088.0,511880,sh,银华日利ETF
2020-01-22,89.907,89.938,89.965,89.905,749830.0,511880,sh,银华日利ETF
2020-01-23,89.969,90.027,90.041,89.969,601375.0,511880,sh,银华日利ETF
2020-02-03,89.947,89.989,89.995,89.901,849606.0,511880,sh,银华日利ETF
2020-02-04,89.966,89.998,90.002,89.956,1085785.0,511880,sh,银华日利ETF
2020-02-05,89.998,90.029,90.04,89.998,749025.0,511880,sh,银华日利ETF
2020-02-06,90.031,90.038,90.045,90.026,820621.0,511880,sh,银华日利ETF
2020-02-07,90.042,90.061,90.064,90.042,587794.0,511880,sh,银华日利ETF
2020-02-10,90.063,90.056,90.068,90.044,619146.0,511880,sh,银华日利ETF
2020-02-11,90.05,90.046,90.055,90.037,601357.0,511880,sh,银华日利ETF
2020-02-12,90.055,90.052,90.057,90.048,632359.0,511880,sh,银华日利ETF
2020-02-13,90.058,90.06,90.062,90.053,629347.0,511880,sh,银华日利ETF
2020-02-14,90.069,90.078,90.079,90.069,611605.0,511880,sh,银华日利ETF
2020-02-17,90.082,90.07,90.085,90.053,775766.0,511880,sh,银华日利ETF
2020-02-18,90.072,90.089,90.091,90.072,715116.0,511880,sh,银华日利ETF
2020-02-19,90.097,90.104,90.106,90.092,650328.0,511880,sh,银华日利ETF
2020-02-20,90.106,90.1,90.111,90.074,801475.0,511880,sh,银华日利ETF
2020-02-21,90.113,90.11,90.118,90.099,870683.0,511880,sh,银华日利ETF
2020-02-24,90.117,90.129,90.131,90.117,770529.0,511880,sh,银华日利ETF
2020-02-25,90.127,90.133,90.135,90.125,741383.0,511880,sh,银华日利ETF
2020-02-26,90.136,90.157,90.158,90.135,737479.0,511880,sh,银华日利ETF
2020-02-27,90.155,90.163,90.18,90.152,672581.0,511880,sh,银华日利ETF
2020-02-28,90.162,90.216,90.235,90.161,701704.0,511880,sh,银华日利ETF
2020-03-02,90.197,90.201,90.216,90.181,784134.0,511880,sh,银华日利ETF
2020-03-03,90.185,90.205,90.21,90.185,821472.0,511880,sh,银华日利ETF
2020-03-04,90.206,90.207,90.212,90.201,845980.0,511880,sh,银华日利ETF
2020-03-05,90.203,90.207,90.21,90.193,1180149.0,511880,sh,银华日利ETF
2020-03-06,90.216,90.23,90.234,90.215,801611.0,511880,sh,银华日利ETF
2020-03-09,90.232,90.242,90.255,90.231,934643.0,511880,sh,银华日利ETF
2020-03-10,90.236,90.222,90.239,90.212,1109905.0,511880,sh,银华日利ETF
2020-03-11,90.226,90.247,90.251,90.225,952654.0,511880,sh,银华日利ETF
2020-03-12,90.247,90.257,90.269,90.246,802499.0,511880,sh,银华日利ETF
2020-03-13,90.253,90.261,90.263,90.241,893224.0,511880,sh,银华日利ETF
2020-03-16,90.261,90.279,90.286,90.261,929617.0,511880,sh,银华日利ETF
2020-03-17,90.272,90.287,90.291,90.266,946673.0,511880,sh,银华日利ETF
2020-03-18,90.282,90.292,90.294,90.281,914513.0,511880,sh,银华日利ETF
2020-03-19,90.292,90.296,90.299,90.287,1051217.0,511880,sh,银华日利ETF
2020-03-20,90.296,90.315,90.32,90.295,850278.0,511880,sh,银华日利ETF
2020-03-23,90.314,90.328,90.33,90.312,923202.0,511880,sh,银华日利ETF
2020-03-24,90.315,90.317,90.326,90.314,878788.0,511880,sh,银华日利ETF
2020-03-25,90.316,90.318,90.322,90.308,925290.0,511880,sh,银华日利ETF
2020-03-26,90.325,90.32,90.329,90.316,913479.0,511880,sh,银华日利ETF
2020-03-27,90.326,90.336,90.339,90.326,945918.0,511880,sh,银华日利ETF
2020-03-30,90.339,90.334,90.344,90.328,948612.0,511880,sh,银华日利ETF
2020-03-31,90.338,90.344,90.345,90.331,755666.0,511880,sh,银华日利ETF
2020-04-01,90.351,90.354,90.355,90.35,875426.0,511880,sh,银华日利ETF
2020-04-02,90.356,90.355,90.362,90.352,850805.0,511880,sh,银华日利ETF
2020-04-03,90.367,90.381,90.382,90.367,858329.0,511880,sh,银华日利ETF
2020-04-07,90.376,90.382,90.384,90.375,976753.0,511880,sh,银华日利ETF
2020-04-08,90.388,90.39,90.392,90.384,735023.0,511880,sh,银华日利ETF
2020-04-09,90.391,90.397,90.4,90.39,739151.0,511880,sh,银华日利ETF
2020-04-10,90.408,90.417,90.419,90.407,826440.0,511880,sh,银华日利ETF
2020-04-13,90.417,90.422,90.423,90.415,739992.0,511880,sh,银华日利ETF
2020-04-14,90.423,90.424,90.428,90.422,693629.0,511880,sh,银华日利ETF
2020-04-15,90.428,90.423,90.429,90.421,707361.0,511880,sh,银华日利ETF
2020-04-16,90.427,90.427,90.429,90.423,761708.0,511880,sh,银华日利ETF
2020-04-17,90.428,90.427,90.43,90.417,903845.0,511880,sh,银华日利ETF
2020-04-20,90.433,90.437,90.438,90.433,690933.0,511880,sh,银华日利ETF
2020-04-21,90.442,90.449,90.451,90.44,728520.0,511880,sh,银华日利ETF
2020-04-22,90.451,90.455,90.457,90.45,653349.0,511880,sh,银华日利ETF
2020-04-23,90.455,90.457,90.461,90.455,709525.0,511880,sh,银华日利ETF
2020-04-24,90.465,90.47,90.473,90.465,664091.0,511880,sh,银华日利ETF
2020-04-27,90.473,90.474,90.475,90.47,627603.0,511880,sh,银华日利ETF
2020-04-28,90.476,90.478,90.478,90.473,679334.0,511880,sh,银华日利ETF
2020-04-29,90.479,90.465,90.481,90.446,900608.0,511880,sh,银华日利ETF
2020-04-30,90.491,90.481,90.503,90.459,1014940.0,511880,sh,银华日利ETF
2020-05-06,90.467,90.488,90.494,90.45,1056252.0,511880,sh,银华日利ETF
2020-05-07,90.488,90.5,90.505,90.488,863320.0,511880,sh,银华日利ETF
2020-05-08,90.516,90.515,90.524,90.511,882179.0,511880,sh,银华日利ETF
2020-05-11,90.519,90.524,90.528,90.517,791048.0,511880,sh,银华日利ETF
2020-05-12,90.529,90.537,90.538,90.528,638734.0,511880,sh,银华日利ETF
2020-05-13,90.539,90.543,90.545,90.538,581301.0,511880,sh,银华日利ETF
2020-05-14,90.544,90.545,90.547,90.543,569508.0,511880,sh,银华日利ETF
2020-05-15,90.55,90.555,90.556,90.547,802216.0,511880,sh,银华日利ETF
2020-05-18,90.56,90.556,90.561,90.553,857726.0,511880,sh,银华日利ETF
2020-05-19,90.556,90.559,90.562,90.541,833408.0,511880,sh,银华日利ETF
2020-05-20,90.563,90.564,90.566,90.56,624172.0,511880,sh,银华日利ETF
2020-05-21,90.568,90.568,90.569,90.566,667720.0,511880,sh,银华日利ETF
2020-05-22,90.577,90.579,90.586,90.576,798991.0,511880,sh,银华日利ETF
2020-05-25,90.582,90.585,90.588,90.582,686376.0,511880,sh,银华日利ETF
2020-05-26,90.59,90.585,90.591,90.584,715828.0,511880,sh,银华日利ETF
2020-05-27,90.59,90.589,90.593,90.587,724710.0,511880,sh,银华日利ETF
2020-05-28,90.59,90.587,90.593,90.584,646637.0,511880,sh,银华日利ETF
2020-05-29,90.596,90.604,90.606,90.595,674901.0,511880,sh,银华日利ETF
2020-06-01,90.607,90.602,90.608,90.596,1069827.0,511880,sh,银华日利ETF
2020-06-02,90.602,90.609,90.61,90.6,833471.0,511880,sh,银华日利ETF
2020-06-03,90.609,90.617,90.618,90.609,842906.0,511880,sh,银华日利ETF
2020-06-04,90.617,90.622,90.626,90.616,621567.0,511880,sh,银华日利ETF
2020-06-05,90.631,90.641,90.643,90.631,634484.0,511880,sh,银华日利ETF
2020-06-08,90.636,90.645,90.646,90.636,712419.0,511880,sh,银华日利ETF
2020-06-09,90.646,90.647,90.649,90.644,649731.0,511880,sh,银华日利ETF
2020-06-10,90.648,90.642,90.651,90.641,780460.0,511880,sh,银华日利ETF
2020-06-11,90.647,90.651,90.656,90.642,901724.0,511880,sh,银华日利ETF
2020-06-12,90.658,90.665,90.666,90.649,1020266.0,511880,sh,银华日利ETF
2020-06-15,90.662,90.675,90.677,90.661,805301.0,511880,sh,银华日利ETF
2020-06-16,90.671,90.669,90.673,90.668,743737.0,511880,sh,银华日利ETF
2020-06-17,90.671,90.671,90.674,90.669,815309.0,511880,sh,银华日利ETF
2020-06-18,90.675,90.68,90.684,90.674,800730.0,511880,sh,银华日利ETF
2020-06-19,90.69,90.663,90.696,90.636,1169135.0,511880,sh,银华日利ETF
2020-06-22,90.663,90.677,90.685,90.663,1167725.0,511880,sh,银华日利ETF
2020-06-23,90.68,90.68,90.686,90.665,938458.0,511880,sh,银华日利ETF
2020-06-24,90.7,90.717,90.725,90.693,1010246.0,511880,sh,银华日利ETF
2020-06-29,90.717,90.703,90.717,90.694,1106094.0,511880,sh,银华日利ETF
2020-06-30,90.702,90.708,90.714,90.683,1146065.0,511880,sh,银华日利ETF
2020-07-01,90.712,90.727,90.729,90.709,1032816.0,511880,sh,银华日利ETF
2020-07-02,90.721,90.721,90.726,90.694,1078843.0,511880,sh,银华日利ETF
2020-07-03,90.718,90.739,90.756,90.687,1141578.0,511880,sh,银华日利ETF
2020-07-06,90.706,90.714,90.727,90.688,1404120.0,511880,sh,银华日利ETF
2020-07-07,90.689,90.763,90.765,90.686,1211465.0,511880,sh,银华日利ETF
2020-07-08,90.756,90.787,90.795,90.736,1008408.0,511880,sh,银华日利ETF
2020-07-09,90.776,90.793,90.796,90.766,840098.0,511880,sh,银华日利ETF
2020-07-10,90.784,90.844,90.846,90.784,726687.0,511880,sh,银华日利ETF
2020-07-13,90.794,90.83,90.836,90.787,854064.0,511880,sh,银华日利ETF
2020-07-14,90.803,90.877,90.886,90.803,921419.0,511880,sh,银华日利ETF
2020-07-15,90.876,90.918,90.924,90.832,764292.0,511880,sh,银华日利ETF
2020-07-16,90.856,90.895,90.936,90.853,1029697.0,511880,sh,银华日利ETF
2020-07-17,90.876,90.872,90.886,90.839,1262088.0,511880,sh,银华日利ETF
2020-07-20,90.861,90.835,90.861,90.827,1130725.0,511880,sh,银华日利ETF
2020-07-21,90.828,90.846,90.849,90.827,1056824.0,511880,sh,银华日利ETF
2020-07-22,90.843,90.832,90.846,90.827,1150356.0,511880,sh,银华日利ETF
2020-07-23,90.84,90.849,90.851,90.828,1038408.0,511880,sh,银华日利ETF
2020-07-24,90.856,90.865,90.88,90.851,998572.0,511880,sh,银华日利ETF
2020-07-27,90.857,90.867,90.875,90.852,961512.0,511880,sh,银华日利ETF
2020-07-28,90.867,90.866,90.872,90.861,917984.0,511880,sh,银华日利ETF
2020-07-29,90.871,90.85,90.871,90.845,1293702.0,511880,sh,银华日利ETF
2020-07-30,90.845,90.869,90.874,90.845,977383.0,511880,sh,银华日利ETF
2020-07-31,90.882,90.877,90.884,90.856,1207264.0,511880,sh,银华日利ETF
2020-08-03,90.876,90.879,90.883,90.874,1109462.0,511880,sh,银华日利ETF
2020-08-04,90.882,90.902,90.934,90.88,936172.0,511880,sh,银华日利ETF
2020-08-05,90.906,90.9,90.907,90.895,828821.0,511880,sh,银华日利ETF
2020-08-06,90.905,90.919,90.923,90.9,897830.0,511880,sh,银华日利ETF
2020-08-07,90.931,90.921,91.135,90.916,925631.0,511880,sh,银华日利ETF
2020-08-10,90.923,90.927,90.928,90.916,831954.0,511880,sh,银华日利ETF
2020-08-11,90.926,90.933,90.945,90.922,900468.0,511880,sh,银华日利ETF
2020-08-12,90.935,90.932,90.944,90.93,785629.0,511880,sh,银华日利ETF
2020-08-13,90.937,90.944,90.948,90.934,671729.0,511880,sh,银华日利ETF
2020-08-14,90.948,90.937,90.953,90.932,818862.0,511880,sh,银华日利ETF
2020-08-17,90.936,90.941,90.944,90.933,1172136.0,511880,sh,银华日利ETF
2020-08-18,90.946,90.951,90.953,90.94,798098.0,511880,sh,银华日利ETF
2020-08-19,90.956,90.96,90.966,90.952,820945.0,511880,sh,银华日利ETF
2020-08-20,90.951,90.979,90.983,90.951,830773.0,511880,sh,银华日利ETF
2020-08-21,90.979,90.987,90.992,90.977,786339.0,511880,sh,银华日利ETF
2020-08-24,90.988,90.986,90.991,90.981,811708.0,511880,sh,银华日利ETF
2020-08-25,90.987,90.994,90.998,90.985,808288.0,511880,sh,银华日利ETF
2020-08-26,90.997,91.008,91.011,90.993,852768.0,511880,sh,银华日利ETF
2020-08-27,91.011,91.004,91.024,91.001,1014397.0,511880,sh,银华日利ETF
2020-08-28,91.011,90.996,91.015,90.984,1080286.0,511880,sh,银华日利ETF
2020-08-31,91.005,91.011,91.019,90.984,1202164.0,511880,sh,银华日利ETF
2020-09-01,91.019,91.025,91.026,91.014,794542.0,511880,sh,银华日利ETF
2020-09-02,91.026,91.043,91.049,91.024,868130.0,511880,sh,银华日利ETF
2020-09-03,91.045,91.036,91.052,91.031,857758.0,511880,sh,银华日利ETF
2020-09-04,91.048,91.042,91.05,91.036,1029179.0,511880,sh,银华日利ETF
2020-09-07,91.047,91.064,91.065,91.047,832181.0,511880,sh,银华日利ETF
2020-09-08,91.06,91.06,91.066,91.056,987356.0,511880,sh,银华日利ETF
2020-09-09,91.069,91.065,91.076,91.061,822993.0,511880,sh,银华日利ETF
2020-09-10,91.071,91.078,91.079,91.066,885042.0,511880,sh,银华日利ETF
2020-09-11,91.086,91.092,91.093,91.076,898383.0,511880,sh,银华日利ETF
2020-09-14,91.089,91.103,91.107,91.088,711515.0,511880,sh,银华日利ETF
2020-09-15,91.107,91.105,91.114,91.103,859061.0,511880,sh,银华日利ETF
2020-09-16,91.106,91.107,91.109,91.104,667791.0,511880,sh,银华日利ETF
2020-09-17,91.109,91.11,91.112,91.094,853213.0,511880,sh,银华日利ETF
2020-09-18,91.116,91.113,91.119,91.104,1070175.0,511880,sh,银华日利ETF
2020-09-21,91.116,91.126,91.128,91.113,926799.0,511880,sh,银华日利ETF
2020-09-22,91.132,91.152,91.154,91.121,1067032.0,511880,sh,银华日利ETF
2020-09-23,91.141,91.16,91.176,91.14,912247.0,511880,sh,银华日利ETF
2020-09-24,91.16,91.156,91.167,91.149,1048874.0,511880,sh,银华日利ETF
2020-09-25,91.164,91.17,91.179,91.153,1264120.0,511880,sh,银华日利ETF
2020-09-28,91.171,91.179,91.181,91.165,1291822.0,511880,sh,银华日利ETF
2020-09-29,91.179,91.195,91.207,91.173,1137731.0,511880,sh,银华日利ETF
2020-09-30,91.226,91.257,91.274,91.217,1200997.0,511880,sh,银华日利ETF
2020-10-09,91.244,91.26,91.268,91.226,1267736.0,511880,sh,银华日利ETF
2020-10-12,91.254,91.252,91.259,91.249,1342051.0,511880,sh,银华日利ETF
2020-10-13,91.254,91.251,91.259,91.247,999767.0,511880,sh,银华日利ETF
2020-10-14,91.261,91.271,91.273,91.258,1076428.0,511880,sh,银华日利ETF
2020-10-15,91.271,91.272,91.275,91.268,868085.0,511880,sh,银华日利ETF
2020-10-16,91.286,91.298,91.304,91.28,1011446.0,511880,sh,银华日利ETF
2020-10-19,91.304,91.308,91.315,91.298,1012613.0,511880,sh,银华日利ETF
2020-10-20,91.316,91.313,91.321,91.305,1009344.0,511880,sh,银华日利ETF
2020-10-21,91.315,91.316,91.325,91.31,1050098.0,511880,sh,银华日利ETF
2020-10-22,91.326,91.317,91.326,91.314,985277.0,511880,sh,银华日利ETF
2020-10-23,91.327,91.318,91.332,91.313,1052444.0,511880,sh,银华日利ETF
2020-10-26,91.332,91.325,91.334,91.322,1083885.0,511880,sh,银华日利ETF
2020-10-27,91.331,91.331,91.335,91.326,1000821.0,511880,sh,银华日利ETF
2020-10-28,91.344,91.337,91.344,91.331,1034652.0,511880,sh,银华日利ETF
2020-10-29,91.337,91.347,91.349,91.329,1332104.0,511880,sh,银华日利ETF
2020-10-30,91.359,91.37,91.38,91.355,1154040.0,511880,sh,银华日利ETF
2020-11-02,91.378,91.399,91.402,91.375,989276.0,511880,sh,银华日利ETF
2020-11-03,91.398,91.388,91.398,91.381,1172913.0,511880,sh,银华日利ETF
2020-11-04,91.391,91.417,91.424,91.388,1192802.0,511880,sh,银华日利ETF
2020-11-05,91.404,91.41,91.414,91.39,1311346.0,511880,sh,银华日利ETF
2020-11-06,91.431,91.436,91.44,91.416,1100945.0,511880,sh,银华日利ETF
2020-11-09,91.427,91.425,91.431,91.415,1636312.0,511880,sh,银华日利ETF
2020-11-10,91.421,91.45,91.459,91.419,1567833.0,511880,sh,银华日利ETF
2020-11-11,91.446,91.471,91.472,91.444,1163934.0,511880,sh,银华日利ETF
2020-11-12,91.476,91.487,91.489,91.459,1053168.0,511880,sh,银华日利ETF
2020-11-13,91.486,91.477,91.495,91.475,1233995.0,511880,sh,银华日利ETF
2020-11-16,91.477,91.461,91.481,91.451,1141829.0,511880,sh,银华日利ETF
2020-11-17,91.473,91.476,91.482,91.468,1312862.0,511880,sh,银华日利ETF
2020-11-18,91.477,91.477,91.483,91.472,1235418.0,511880,sh,银华日利ETF
2020-11-19,91.483,91.474,91.488,91.471,1187718.0,511880,sh,银华日利ETF
2020-11-20,91.491,91.486,91.494,91.483,1211756.0,511880,sh,银华日利ETF
2020-11-23,91.494,91.495,91.499,91.486,1400005.0,511880,sh,银华日利ETF
2020-11-24,91.502,91.504,91.505,91.497,1265939.0,511880,sh,银华日利ETF
2020-11-25,91.507,91.519,91.526,91.505,1476275.0,511880,sh,银华日利ETF
2020-11-26,91.523,91.52,91.525,91.514,1301021.0,511880,sh,银华日利ETF
2020-11-27,91.531,91.532,91.542,91.517,1326000.0,511880,sh,银华日利ETF
2020-11-30,91.542,91.549,91.55,91.496,1674431.0,511880,sh,银华日利ETF
2020-12-01,91.551,91.548,91.554,91.547,1518203.0,511880,sh,银华日利ETF
2020-12-02,91.549,91.556,91.56,91.549,1381487.0,511880,sh,银华日利ETF
2020-12-03,91.562,91.569,91.571,91.556,1578313.0,511880,sh,银华日利ETF
2020-12-04,91.582,91.596,91.613,91.577,1284079.0,511880,sh,银华日利ETF
2020-12-07,91.596,91.602,91.607,91.593,1388669.0,511880,sh,银华日利ETF
2020-12-08,91.602,91.605,91.613,91.601,1279393.0,511880,sh,银华日利ETF
2020-12-09,91.612,91.606,91.612,91.602,1386940.0,511880,sh,银华日利ETF
2020-12-10,91.614,91.609,91.615,91.607,1210713.0,511880,sh,银华日利ETF
2020-12-11,91.627,91.63,91.633,91.617,1311641.0,511880,sh,银华日利ETF
2020-12-14,91.637,91.639,91.643,91.635,1177341.0,511880,sh,银华日利ETF
2020-12-15,91.642,91.65,91.653,91.64,1383690.0,511880,sh,银华日利ETF
2020-12-16,91.653,91.654,91.656,91.651,1314398.0,511880,sh,银华日利ETF
2020-12-17,91.658,91.626,91.659,91.617,1700885.0,511880,sh,银华日利ETF
2020-12-18,91.636,91.652,91.657,91.613,1454809.0,511880,sh,银华日利ETF
2020-12-21,91.668,91.659,91.67,91.642,1400046.0,511880,sh,银华日利ETF
2020-12-22,91.659,91.686,91.694,91.649,1545628.0,511880,sh,银华日利ETF
2020-12-23,91.688,91.695,91.699,91.681,1520495.0,511880,sh,银华日利ETF
2020-12-24,91.697,91.713,91.719,91.69,1425186.0,511880,sh,银华日利ETF
2020-12-25,91.726,91.717,91.726,91.708,1127330.0,511880,sh,银华日利ETF
2020-12-28,91.723,91.726,91.734,91.709,1528428.0,511880,sh,银华日利ETF
2020-12-29,91.723,91.74,91.744,91.72,1387362.0,511880,sh,银华日利ETF
2020-12-30,91.745,91.734,91.749,91.719,1397073.0,511880,sh,银华日利ETF
2020-12-31,91.77,91.786,91.789,91.754,1244049.0,511880,sh,银华日利ETF
2021-01-04,91.787,91.795,91.796,91.778,1130227.0,511880,sh,银华日利ETF
2021-01-05,91.8,91.811,91.816,91.792,1158491.0,511880,sh,银华日利ETF
2021-01-06,91.811,91.852,91.853,91.807,941343.0,511880,sh,银华日利ETF
2021-01-07,91.849,91.874,91.875,91.842,824072.0,511880,sh,银华日利ETF
2021-01-08,91.861,91.868,91.87,91.827,1226735.0,511880,sh,银华日利ETF
2021-01-11,91.862,91.862,91.873,91.845,987182.0,511880,sh,银华日利ETF
2021-01-12,91.859,91.879,91.899,91.85,970497.0,511880,sh,银华日利ETF
2021-01-13,91.866,91.861,91.88,91.858,1151123.0,511880,sh,银华日利ETF
2021-01-14,91.861,91.86,91.866,91.858,1221455.0,511880,sh,银华日利ETF
2021-01-15,91.862,91.879,91.881,91.861,1268022.0,511880,sh,银华日利ETF
2021-01-18,91.88,91.89,91.891,91.877,1423615.0,511880,sh,银华日利ETF
2021-01-19,91.89,91.887,91.893,91.885,1115794.0,511880,sh,银华日利ETF
2021-01-20,91.895,91.896,91.902,91.892,1052860.0,511880,sh,银华日利ETF
2021-01-21,91.901,91.897,91.901,91.889,1443304.0,511880,sh,银华日利ETF
2021-01-22,91.911,91.92,91.923,91.91,863500.0,511880,sh,银华日利ETF
2021-01-25,91.925,91.924,91.927,91.919,1156394.0,511880,sh,银华日利ETF
2021-01-26,91.929,91.927,91.931,91.916,1129520.0,511880,sh,银华日利ETF
2021-01-27,91.932,91.93,91.935,91.923,1021112.0,511880,sh,银华日利ETF
2021-01-28,91.926,91.926,91.935,91.922,1321368.0,511880,sh,银华日利ETF
2021-01-29,91.944,91.956,91.958,91.922,1334360.0,511880,sh,银华日利ETF
2021-02-01,91.961,91.965,91.967,91.954,1042306.0,511880,sh,银华日利ETF
2021-02-02,91.97,91.978,91.982,91.966,1094791.0,511880,sh,银华日利ETF
2021-02-03,91.984,92.0,92.007,91.98,911134.0,511880,sh,银华日利ETF
2021-02-04,91.997,92.003,92.006,91.996,1067077.0,511880,sh,银华日利ETF
2021-02-05,92.011,92.031,92.035,92.005,1328396.0,511880,sh,银华日利ETF
2021-02-08,92.03,92.028,92.042,92.024,1176596.0,511880,sh,银华日利ETF
2021-02-09,92.031,92.05,92.056,92.024,1182170.0,511880,sh,银华日利ETF
2021-02-10,92.062,92.1,92.121,92.061,1125128.0,511880,sh,银华日利ETF
2021-02-18,92.084,92.096,92.099,92.078,1783288.0,511880,sh,银华日利ETF
2021-02-19,92.099,92.112,92.124,92.097,1325354.0,511880,sh,银华日利ETF
2021-02-22,92.111,92.115,92.119,92.111,1246249.0,511880,sh,银华日利ETF
2021-02-23,92.12,92.139,92.143,92.117,1270371.0,511880,sh,银华日利ETF
2021-02-24,92.138,92.139,92.153,92.129,1227223.0,511880,sh,银华日利ETF
2021-02-25,92.142,92.148,92.151,92.136,1187744.0,511880,sh,银华日利ETF
2021-02-26,92.154,92.157,92.17,92.148,1234221.0,511880,sh,银华日利ETF
2021-03-01,92.158,92.169,92.175,92.155,1135787.0,511880,sh,银华日利ETF
2021-03-02,92.168,92.184,92.188,92.166,1264075.0,511880,sh,银华日利ETF
2021-03-03,92.184,92.198,92.199,92.183,1270523.0,511880,sh,银华日利ETF
2021-03-04,92.202,92.172,92.203,92.164,1376757.0,511880,sh,银华日利ETF
2021-03-05,92.192,92.195,92.199,92.188,1386595.0,511880,sh,银华日利ETF
2021-03-08,92.196,92.201,92.207,92.196,1327539.0,511880,sh,银华日利ETF
2021-03-09,92.202,92.202,92.205,92.172,1832506.0,511880,sh,银华日利ETF
2021-03-10,92.205,92.212,92.215,92.185,1700483.0,511880,sh,银华日利ETF
2021-03-11,92.212,92.219,92.22,92.208,1460573.0,511880,sh,银华日利ETF
2021-03-12,92.225,92.238,92.241,92.225,1076416.0,511880,sh,银华日利ETF
2021-03-15,92.238,92.269,92.272,92.236,1104807.0,511880,sh,银华日利ETF
2021-03-16,92.259,92.257,92.271,92.251,1080779.0,511880,sh,银华日利ETF
2021-03-17,92.259,92.251,92.26,92.245,1200180.0,511880,sh,银华日利ETF
2021-03-18,92.254,92.25,92.258,92.241,1281524.0,511880,sh,银华日利ETF
2021-03-19,92.263,92.267,92.276,92.261,1196494.0,511880,sh,银华日利ETF
2021-03-22,92.274,92.278,92.283,92.272,1401408.0,511880,sh,银华日利ETF
2021-03-23,92.284,92.286,92.288,92.282,1264385.0,511880,sh,银华日利ETF
2021-03-24,92.289,92.292,92.296,92.287,1266417.0,511880,sh,银华日利ETF
2021-03-25,92.295,92.294,92.297,92.287,1279975.0,511880,sh,银华日利ETF
2021-03-26,92.305,92.302,92.309,92.171,1297339.0,511880,sh,银华日利ETF
2021-03-29,92.312,92.309,92.314,92.3,1627235.0,511880,sh,银华日利ETF
2021-03-30,92.312,92.309,92.316,92.304,1661533.0,511880,sh,银华日利ETF
2021-03-31,92.315,92.333,92.335,92.313,1265468.0,511880,sh,银华日利ETF
2021-04-01,92.333,92.341,92.344,92.332,1171433.0,511880,sh,银华日利ETF
2021-04-02,92.357,92.359,92.362,92.351,1339086.0,511880,sh,银华日利ETF
2021-04-06,92.365,92.367,92.369,92.359,1504508.0,511880,sh,银华日利ETF
2021-04-07,92.37,92.376,92.378,92.37,1600086.0,511880,sh,银华日利ETF
2021-04-08,92.381,92.376,92.381,92.374,1326205.0,511880,sh,银华日利ETF
2021-04-09,92.389,92.396,92.399,92.388,1173277.0,511880,sh,银华日利ETF
2021-04-12,92.402,92.408,92.418,92.4,1685069.0,511880,sh,银华日利ETF
2021-04-13,92.411,92.413,92.414,92.41,1291016.0,511880,sh,银华日利ETF
2021-04-14,92.415,92.418,92.42,92.413,1303475.0,511880,sh,银华日利ETF
2021-04-15,92.419,92.43,92.433,92.419,1284082.0,511880,sh,银华日利ETF
2021-04-16,92.436,92.434,92.438,92.433,1028063.0,511880,sh,银华日利ETF
2021-04-19,92.44,92.433,92.442,92.43,1383553.0,511880,sh,银华日利ETF
2021-04-20,92.433,92.447,92.449,92.432,2331823.0,511880,sh,银华日利ETF
2021-04-21,92.449,92.451,92.455,92.448,1115834.0,511880,sh,银华日利ETF
2021-04-22,92.453,92.458,92.459,92.453,1076330.0,511880,sh,银华日利ETF
2021-04-23,92.47,92.472,92.476,92.468,888225.0,511880,sh,银华日利ETF
2021-04-26,92.469,92.473,92.475,92.466,1226182.0,511880,sh,银华日利ETF
2021-04-27,92.476,92.479,92.483,92.474,1231732.0,511880,sh,银华日利ETF
2021-04-28,92.482,92.483,92.489,92.48,1195303.0,511880,sh,银华日利ETF
2021-04-29,92.486,92.508,92.509,92.484,1368899.0,511880,sh,银华日利ETF
2021-04-30,92.521,92.53,92.535,92.521,1406041.0,511880,sh,银华日利ETF
2021-05-06,92.532,92.527,92.533,92.524,1547459.0,511880,sh,银华日利ETF
2021-05-07,92.541,92.547,92.549,92.538,1074601.0,511880,sh,银华日利ETF
2021-05-10,92.551,92.557,92.558,92.551,1461129.0,511880,sh,银华日利ETF
2021-05-11,92.562,92.568,92.57,92.562,1745132.0,511880,sh,银华日利ETF
2021-05-12,92.566,92.572,92.573,92.565,1367064.0,511880,sh,银华日利ETF
2021-05-13,92.576,92.574,92.578,92.573,1246725.0,511880,sh,银华日利ETF
2021-05-14,92.587,92.56,92.589,92.556,1456256.0,511880,sh,银华日利ETF
2021-05-17,92.585,92.581,92.586,92.561,1520446.0,511880,sh,银华日利ETF
2021-05-18,92.585,92.599,92.6,92.579,1817825.0,511880,sh,银华日利ETF
2021-05-19,92.606,92.607,92.609,92.602,1892566.0,511880,sh,银华日利ETF
2021-05-20,92.613,92.605,92.614,92.601,1005374.0,511880,sh,银华日利ETF
2021-05-21,92.611,92.623,92.625,92.607,1340912.0,511880,sh,银华日利ETF
2021-05-24,92.625,92.635,92.636,92.621,1117746.0,511880,sh,银华日利ETF
2021-05-25,92.636,92.616,92.637,92.599,1425594.0,511880,sh,银华日利ETF
2021-05-26,92.611,92.64,92.642,92.61,1101941.0,511880,sh,银华日利ETF
2021-05-27,92.642,92.637,92.644,92.632,1068661.0,511880,sh,银华日利ETF
2021-05-28,92.651,92.657,92.661,92.644,1055402.0,511880,sh,银华日利ETF
2021-05-31,92.658,92.657,92.663,92.654,886606.0,511880,sh,银华日利ETF
2021-06-01,92.662,92.668,92.674,92.659,1238725.0,511880,sh,银华日利ETF
2021-06-02,92.671,92.678,92.681,92.666,1602609.0,511880,sh,银华日利ETF
2021-06-03,92.678,92.683,92.69,92.676,1249044.0,511880,sh,银华日利ETF
2021-06-04,92.691,92.704,92.708,92.691,1240994.0,511880,sh,银华日利ETF
2021-06-07,92.704,92.712,92.714,92.702,1279201.0,511880,sh,银华日利ETF
2021-06-08,92.714,92.723,92.728,92.712,1205473.0,511880,sh,银华日利ETF
2021-06-09,92.72,92.716,92.721,92.713,1169589.0,511880,sh,银华日利ETF
2021-06-10,92.716,92.718,92.72,92.707,1501087.0,511880,sh,银华日利ETF
2021-06-11,92.731,92.736,92.74,92.727,1522692.0,511880,sh,银华日利ETF
2021-06-15,92.738,92.751,92.753,92.738,1416709.0,511880,sh,银华日利ETF
2021-06-16,92.752,92.766,92.768,92.748,1483944.0,511880,sh,银华日利ETF
2021-06-17,92.758,92.783,92.793,92.758,1409103.0,511880,sh,银华日利ETF
2021-06-18,92.778,92.785,92.799,92.777,1149954.0,511880,sh,银华日利ETF
2021-06-21,92.784,92.783,92.787,92.782,1264310.0,511880,sh,银华日利ETF
2021-06-22,92.786,92.785,92.79,92.783,1090238.0,511880,sh,银华日利ETF
2021-06-23,92.787,92.791,92.794,92.786,1127469.0,511880,sh,银华日利ETF
2021-06-24,92.794,92.802,92.804,92.793,1210069.0,511880,sh,银华日利ETF
2021-06-25,92.811,92.813,92.818,92.805,1313953.0,511880,sh,银华日利ETF
2021-06-28,92.814,92.807,92.822,92.801,1464568.0,511880,sh,银华日利ETF
2021-06-29,92.812,92.829,92.83,92.81,1953493.0,511880,sh,银华日利ETF
2021-06-30,92.835,92.843,92.846,92.825,2122683.0,511880,sh,银华日利ETF
2021-07-01,92.845,92.875,92.881,92.842,998846.0,511880,sh,银华日利ETF
2021-07-02,92.877,92.873,92.88,92.867,1008171.0,511880,sh,银华日利ETF
2021-07-05,92.874,92.881,92.883,92.87,1010035.0,511880,sh,银华日利ETF
2021-07-06,92.881,92.885,92.886,92.877,1072044.0,511880,sh,银华日利ETF
2021-07-07,92.882,92.887,92.891,92.881,1039422.0,511880,sh,银华日利ETF
2021-07-08,92.888,92.896,92.901,92.887,1040712.0,511880,sh,银华日利ETF
2021-07-09,92.904,92.909,92.912,92.901,1054846.0,511880,sh,银华日利ETF
2021-07-12,92.91,92.912,92.917,92.907,1160951.0,511880,sh,银华日利ETF
2021-07-13,92.915,92.921,92.922,92.915,1106515.0,511880,sh,银华日利ETF
2021-07-14,92.924,92.947,92.951,92.921,1131366.0,511880,sh,银华日利ETF
2021-07-15,92.935,92.927,92.935,92.921,1444076.0,511880,sh,银华日利ETF
2021-07-16,92.936,92.949,92.955,92.936,1265196.0,511880,sh,银华日利ETF
2021-07-19,92.947,92.954,92.957,92.947,1118809.0,511880,sh,银华日利ETF
2021-07-20,92.956,92.955,92.959,92.952,1266208.0,511880,sh,银华日利ETF
2021-07-21,92.957,92.961,92.963,92.956,1070685.0,511880,sh,银华日利ETF
2021-07-22,92.969,92.962,92.971,92.956,1421533.0,511880,sh,银华日利ETF
2021-07-23,92.98,92.971,92.981,92.966,1377660.0,511880,sh,银华日利ETF
2021-07-26,92.977,92.985,92.989,92.974,1643099.0,511880,sh,银华日利ETF
2021-07-27,92.99,92.993,92.996,92.987,1481800.0,511880,sh,银华日利ETF
2021-07-28,92.99,92.999,93.001,92.944,1753994.0,511880,sh,银华日利ETF
2021-07-29,92.984,93.0,93.007,92.983,1395092.0,511880,sh,银华日利ETF
2021-07-30,93.012,93.036,93.046,93.009,1704573.0,511880,sh,银华日利ETF
2021-08-02,93.031,93.025,93.033,93.022,1499219.0,511880,sh,银华日利ETF
2021-08-03,93.028,93.046,93.056,93.028,1141730.0,511880,sh,银华日利ETF
2021-08-04,93.044,93.04,93.053,93.038,1329046.0,511880,sh,银华日利ETF
2021-08-05,93.046,93.055,93.057,93.044,1311507.0,511880,sh,银华日利ETF
2021-08-06,93.061,93.085,93.09,93.059,1204443.0,511880,sh,银华日利ETF
2021-08-09,93.077,93.082,93.084,93.072,1032400.0,511880,sh,银华日利ETF
2021-08-10,93.081,93.079,93.082,93.076,1162944.0,511880,sh,银华日利ETF
2021-08-11,93.082,93.088,93.091,93.081,1143019.0,511880,sh,银华日利ETF
2021-08-12,93.091,93.113,93.115,93.089,1068865.0,511880,sh,银华日利ETF
2021-08-13,93.107,93.114,93.12,93.105,1047353.0,511880,sh,银华日利ETF
2021-08-16,93.11,93.11,93.118,93.106,1047891.0,511880,sh,银华日利ETF
2021-08-17,93.114,93.115,93.119,93.113,1388063.0,511880,sh,银华日利ETF
2021-08-18,93.115,93.118,93.121,93.113,1451294.0,511880,sh,银华日利ETF
2021-08-19,93.124,93.121,93.125,93.117,1600092.0,511880,sh,银华日利ETF
2021-08-20,93.134,93.141,93.152,93.133,1380741.0,511880,sh,银华日利ETF
2021-08-23,93.141,93.133,93.142,93.13,1260950.0,511880,sh,银华日利ETF
2021-08-24,93.137,93.135,93.141,93.124,1694263.0,511880,sh,银华日利ETF
2021-08-25,93.138,93.151,93.152,93.135,1427747.0,511880,sh,银华日利ETF
2021-08-26,93.154,93.157,93.16,93.146,1306889.0,511880,sh,银华日利ETF
2021-08-27,93.169,93.164,93.174,93.156,999823.0,511880,sh,银华日利ETF
2021-08-30,93.172,93.171,93.173,93.165,1366272.0,511880,sh,银华日利ETF
2021-08-31,93.174,93.186,93.187,93.172,1246021.0,511880,sh,银华日利ETF
2021-09-01,93.193,93.2,93.203,93.189,1269102.0,511880,sh,银华日利ETF
2021-09-02,93.196,93.207,93.211,93.196,898094.0,511880,sh,银华日利ETF
2021-09-03,93.208,93.235,93.241,93.207,1347439.0,511880,sh,银华日利ETF
2021-09-06,93.232,93.227,93.232,93.223,1272629.0,511880,sh,银华日利ETF
2021-09-07,93.229,93.235,93.24,93.229,1457337.0,511880,sh,银华日利ETF
2021-09-08,93.237,93.238,93.24,93.235,1333389.0,511880,sh,银华日利ETF
2021-09-09,93.24,93.245,93.249,93.238,1775780.0,511880,sh,银华日利ETF
2021-09-10,93.251,93.258,93.262,93.25,1334144.0,511880,sh,银华日利ETF
2021-09-13,93.261,93.258,93.264,93.253,1716793.0,511880,sh,银华日利ETF
2021-09-14,93.262,93.274,93.276,93.262,1690973.0,511880,sh,银华日利ETF
2021-09-15,93.285,93.276,93.285,93.274,1492783.0,511880,sh,银华日利ETF
2021-09-16,93.281,93.284,93.288,93.279,1587625.0,511880,sh,银华日利ETF
2021-09-17,93.305,93.311,93.32,93.29,2150564.0,511880,sh,银华日利ETF
2021-09-22,93.311,93.306,93.314,93.305,1505223.0,511880,sh,银华日利ETF
2021-09-23,93.309,93.312,93.315,93.307,1595401.0,511880,sh,银华日利ETF
2021-09-24,93.321,93.329,93.332,93.321,2009554.0,511880,sh,银华日利ETF
2021-09-27,93.335,93.333,93.338,93.326,1596386.0,511880,sh,银华日利ETF
2021-09-28,93.331,93.353,93.354,93.323,1491049.0,511880,sh,银华日利ETF
2021-09-29,93.351,93.372,93.396,93.331,1655105.0,511880,sh,银华日利ETF
2021-09-30,93.393,93.442,93.45,93.393,1603145.0,511880,sh,银华日利ETF
2021-10-08,93.421,93.424,93.431,93.42,1419046.0,511880,sh,银华日利ETF
2021-10-11,93.425,93.43,93.433,93.421,1558950.0,511880,sh,银华日利ETF
2021-10-12,93.432,93.442,93.448,93.43,1254949.0,511880,sh,银华日利ETF
2021-10-13,93.445,93.455,93.459,93.442,1237449.0,511880,sh,银华日利ETF
2021-10-14,93.453,93.479,93.481,93.451,1262343.0,511880,sh,银华日利ETF
2021-10-15,93.477,93.485,93.486,93.473,1209393.0,511880,sh,银华日利ETF
2021-10-18,93.481,93.468,93.483,93.457,1399023.0,511880,sh,银华日利ETF
2021-10-19,93.47,93.463,93.473,93.456,1150145.0,511880,sh,银华日利ETF
2021-10-20,93.469,93.477,93.48,93.467,1403335.0,511880,sh,银华日利ETF
2021-10-21,93.48,93.479,93.485,93.478,1219554.0,511880,sh,银华日利ETF
2021-10-22,93.493,93.496,93.503,93.49,1363695.0,511880,sh,银华日利ETF
2021-10-25,93.498,93.506,93.508,93.498,1687032.0,511880,sh,银华日利ETF
2021-10-26,93.508,93.513,93.514,93.507,1487329.0,511880,sh,银华日利ETF
2021-10-27,93.513,93.527,93.532,93.512,1155119.0,511880,sh,银华日利ETF
2021-10-28,93.523,93.509,93.528,93.251,1128052.0,511880,sh,银华日利ETF
2021-10-29,93.527,93.529,93.534,93.526,1349989.0,511880,sh,银华日利ETF
2021-11-01,93.532,93.533,93.537,93.531,1294863.0,511880,sh,银华日利ETF
2021-11-02,93.542,93.541,93.544,93.536,1481007.0,511880,sh,银华日利ETF
2021-11-03,93.545,93.547,93.549,93.543,1166993.0,511880,sh,银华日利ETF
2021-11-04,93.552,93.554,93.558,93.551,1920323.0,511880,sh,银华日利ETF
2021-11-05,93.568,93.562,93.569,93.551,1318226.0,511880,sh,银华日利ETF
2021-11-08,93.577,93.57,93.579,93.566,1614426.0,511880,sh,银华日利ETF
2021-11-09,93.576,93.58,93.582,93.572,1392491.0,511880,sh,银华日利ETF
2021-11-10,93.586,93.595,93.599,93.584,1377123.0,511880,sh,银华日利ETF
2021-11-11,93.599,93.588,93.6,93.584,1089586.0,511880,sh,银华日利ETF
2021-11-12,93.604,93.595,93.604,93.584,1512826.0,511880,sh,银华日利ETF
2021-11-15,93.607,93.609,93.612,93.604,1075213.0,511880,sh,银华日利ETF
2021-11-16,93.618,93.621,93.624,93.616,1184322.0,511880,sh,银华日利ETF
2021-11-17,93.625,93.628,93.63,93.624,1197114.0,511880,sh,银华日利ETF
2021-11-18,93.629,93.641,93.663,93.628,1284456.0,511880,sh,银华日利ETF
2021-11-19,93.649,93.645,93.651,93.64,1319012.0,511880,sh,银华日利ETF
2021-11-22,93.649,93.65,93.651,93.647,1305594.0,511880,sh,银华日利ETF
2021-11-23,93.654,93.656,93.658,93.653,1042089.0,511880,sh,银华日利ETF
2021-11-24,93.658,93.661,93.662,93.658,1170607.0,511880,sh,银华日利ETF
2021-11-25,93.667,93.669,93.67,93.666,938411.0,511880,sh,银华日利ETF
2021-11-26,93.68,93.684,93.688,93.676,1251761.0,511880,sh,银华日利ETF
2021-11-29,93.687,93.673,93.688,93.669,1476651.0,511880,sh,银华日利ETF
2021-11-30,93.676,93.687,93.691,93.669,1756459.0,511880,sh,银华日利ETF
2021-12-01,93.693,93.705,93.707,93.691,1707358.0,511880,sh,银华日利ETF
2021-12-02,93.702,93.708,93.711,93.7,1369820.0,511880,sh,银华日利ETF
2021-12-03,93.724,93.72,93.724,93.717,1208486.0,511880,sh,银华日利ETF
2021-12-06,93.729,93.733,93.735,93.728,1564247.0,511880,sh,银华日利ETF
2021-12-07,93.738,93.749,93.75,93.736,1673670.0,511880,sh,银华日利ETF
2021-12-08,93.749,93.74,93.751,93.736,2000190.0,511880,sh,银华日利ETF
2021-12-09,93.748,93.738,93.749,93.736,2279681.0,511880,sh,银华日利ETF
2021-12-10,93.75,93.758,93.763,93.75,1810011.0,511880,sh,银华日利ETF
2021-12-13,93.766,93.767,93.77,93.765,1710246.0,511880,sh,银华日利ETF
2021-12-14,93.776,93.78,93.782,93.774,1660276.0,511880,sh,银华日利ETF
2021-12-15,93.788,93.784,93.789,93.782,1582247.0,511880,sh,银华日利ETF
2021-12-16,93.79,93.788,93.79,93.784,1616502.0,511880,sh,银华日利ETF
2021-12-17,93.801,93.81,93.814,93.8,1588457.0,511880,sh,银华日利ETF
2021-12-20,93.811,93.815,93.817,93.81,1336473.0,511880,sh,银华日利ETF
2021-12-21,93.817,93.808,93.818,93.799,1622376.0,511880,sh,银华日利ETF
2021-12-22,93.811,93.824,93.826,93.808,1795928.0,511880,sh,银华日利ETF
2021-12-23,93.826,93.828,93.831,93.823,1226424.0,511880,sh,银华日利ETF
2021-12-24,93.837,93.846,93.851,93.835,1228669.0,511880,sh,银华日利ETF
2021-12-27,93.85,93.848,93.851,93.846,1299615.0,511880,sh,银华日利ETF
2021-12-28,93.85,93.858,93.86,93.849,1479094.0,511880,sh,银华日利ETF
2021-12-29,93.861,93.862,93.87,93.857,1529549.0,511880,sh,银华日利ETF
2021-12-30,93.865,93.867,93.871,93.852,1327178.0,511880,sh,银华日利ETF
2021-12-31,93.893,93.916,93.922,93.862,1425190.0,511880,sh,银华日利ETF
2022-01-04,93.907,93.909,93.913,93.896,1373302.0,511880,sh,银华日利ETF
2022-01-05,93.906,93.904,93.91,93.897,1152897.0,511880,sh,银华日利ETF
2022-01-06,93.91,93.919,93.921,93.908,1398764.0,511880,sh,银华日利ETF
2022-01-07,93.925,93.939,93.943,93.925,904483.0,511880,sh,银华日利ETF
2022-01-10,93.939,93.946,93.948,93.939,857822.0,511880,sh,银华日利ETF
2022-01-11,93.947,93.959,93.973,93.946,1162696.0,511880,sh,银华日利ETF
2022-01-12,93.96,93.963,93.964,93.958,888204.0,511880,sh,银华日利ETF
2022-01-13,93.965,93.969,93.976,93.963,1176031.0,511880,sh,银华日利ETF
2022-01-14,93.975,93.985,93.988,93.975,1063020.0,511880,sh,银华日利ETF
2022-01-17,93.988,93.996,94.0,93.986,934375.0,511880,sh,银华日利ETF
2022-01-18,94.001,94.003,94.005,93.999,890479.0,511880,sh,银华日利ETF
2022-01-19,94.0,93.994,94.003,93.993,1112021.0,511880,sh,银华日利ETF
2022-01-20,94.001,93.989,94.004,93.986,1233980.0,511880,sh,银华日利ETF
2022-01-21,94.004,94.016,94.034,94.004,1302932.0,511880,sh,银华日利ETF
2022-01-24,94.025,94.017,94.025,94.003,1298425.0,511880,sh,银华日利ETF
2022-01-25,94.02,94.03,94.038,94.018,1401633.0,511880,sh,银华日利ETF
2022-01-26,94.032,94.04,94.046,94.029,1528077.0,511880,sh,银华日利ETF
2022-01-27,94.041,94.06,94.088,94.04,1910459.0,511880,sh,银华日利ETF
2022-01-28,94.103,94.123,94.142,94.101,2098960.0,511880,sh,银华日利ETF
2022-02-07,94.112,94.148,94.152,94.106,924532.0,511880,sh,银华日利ETF
2022-02-08,94.143,94.15,94.155,94.139,1022624.0,511880,sh,银华日利ETF
2022-02-09,94.148,94.128,94.15,94.126,1219896.0,511880,sh,银华日利ETF
2022-02-10,94.125,94.12,94.128,94.116,1453816.0,511880,sh,银华日利ETF
2022-02-11,94.124,94.136,94.142,94.124,1180671.0,511880,sh,银华日利ETF
2022-02-14,94.143,94.138,94.144,94.134,993238.0,511880,sh,银华日利ETF
2022-02-15,94.145,94.151,94.151,94.145,1131966.0,511880,sh,银华日利ETF
2022-02-16,94.152,94.155,94.156,94.151,913514.0,511880,sh,银华日利ETF
2022-02-17,94.157,94.159,94.164,94.15,1236690.0,511880,sh,银华日利ETF
2022-02-18,94.172,94.172,94.179,94.17,1221121.0,511880,sh,银华日利ETF
2022-02-21,94.172,94.173,94.179,94.17,1345623.0,511880,sh,银华日利ETF
2022-02-22,94.18,94.177,94.182,94.176,1007875.0,511880,sh,银华日利ETF
2022-02-23,94.183,94.177,94.185,94.176,1068374.0,511880,sh,银华日利ETF
2022-02-24,94.186,94.185,94.19,94.183,1314683.0,511880,sh,银华日利ETF
2022-02-25,94.197,94.195,94.2,94.151,1667130.0,511880,sh,银华日利ETF
2022-02-28,94.197,94.201,94.206,94.196,1094763.0,511880,sh,银华日利ETF
2022-03-01,94.215,94.213,94.217,94.208,1083148.0,511880,sh,银华日利ETF
2022-03-02,94.221,94.222,94.224,94.218,858937.0,511880,sh,银华日利ETF
2022-03-03,94.226,94.236,94.238,94.222,1045346.0,511880,sh,银华日利ETF
2022-03-04,94.244,94.247,94.256,94.241,1020110.0,511880,sh,银华日利ETF
2022-03-07,94.252,94.255,94.257,94.249,1049008.0,511880,sh,银华日利ETF
2022-03-08,94.258,94.261,94.264,94.258,1079842.0,511880,sh,银华日利ETF
2022-03-09,94.265,94.271,94.294,94.264,1150836.0,511880,sh,银华日利ETF
2022-03-10,94.261,94.271,94.278,94.257,1480044.0,511880,sh,银华日利ETF
2022-03-11,94.283,94.286,94.289,94.28,1190418.0,511880,sh,银华日利ETF
2022-03-14,94.293,94.302,94.311,94.29,1101283.0,511880,sh,银华日利ETF
2022-03-15,94.301,94.298,94.305,94.294,1352990.0,511880,sh,银华日利ETF
2022-03-16,94.297,94.288,94.304,94.271,1575835.0,511880,sh,银华日利ETF
2022-03-17,94.293,94.298,94.309,94.275,1818387.0,511880,sh,银华日利ETF
2022-03-18,94.309,94.305,94.322,94.299,1358987.0,511880,sh,银华日利ETF
2022-03-21,94.321,94.336,94.344,94.32,1138793.0,511880,sh,银华日利ETF
2022-03-22,94.336,94.328,94.36,94.326,1545524.0,511880,sh,银华日利ETF
2022-03-23,94.335,94.334,94.338,94.331,1247171.0,511880,sh,银华日利ETF
2022-03-24,94.34,94.354,94.358,94.34,1076266.0,511880,sh,银华日利ETF
2022-03-25,94.359,94.36,94.366,94.357,1066900.0,511880,sh,银华日利ETF
2022-03-28,94.364,94.355,94.367,94.351,1164467.0,511880,sh,银华日利ETF
2022-03-29,94.361,94.372,94.373,94.357,930047.0,511880,sh,银华日利ETF
2022-03-30,94.37,94.356,94.372,94.351,1193736.0,511880,sh,银华日利ETF
2022-03-31,94.362,94.403,94.411,94.358,983693.0,511880,sh,银华日利ETF
2022-04-01,94.414,94.406,94.423,94.403,1393076.0,511880,sh,银华日利ETF
2022-04-06,94.412,94.421,94.426,94.412,1066255.0,511880,sh,银华日利ETF
2022-04-07,94.422,94.433,94.437,94.422,1090020.0,511880,sh,银华日利ETF
2022-04-08,94.438,94.447,94.451,94.435,910764.0,511880,sh,银华日利ETF
2022-04-11,94.449,94.454,94.456,94.448,982711.0,511880,sh,银华日利ETF
2022-04-12,94.455,94.449,94.457,94.447,1297287.0,511880,sh,银华日利ETF
2022-04-13,94.455,94.454,94.462,94.451,1351767.0,511880,sh,银华日利ETF
2022-04-14,94.46,94.461,94.465,94.456,1304455.0,511880,sh,银华日利ETF
2022-04-15,94.474,94.479,94.487,94.474,1291800.0,511880,sh,银华日利ETF
2022-04-18,94.485,94.478,94.488,94.475,1237606.0,511880,sh,银华日利ETF
2022-04-19,94.483,94.489,94.49,94.482,1237340.0,511880,sh,银华日利ETF
2022-04-20,94.492,94.488,94.493,94.486,1083105.0,511880,sh,银华日利ETF
2022-04-21,94.494,94.492,94.495,94.488,1024774.0,511880,sh,银华日利ETF
2022-04-22,94.493,94.498,94.507,94.493,1422495.0,511880,sh,银华日利ETF
2022-04-25,94.503,94.502,94.507,94.497,1609697.0,511880,sh,银华日利ETF
2022-04-26,94.508,94.512,94.516,94.504,1374740.0,511880,sh,银华日利ETF
2022-04-27,94.517,94.519,94.524,94.511,1515417.0,511880,sh,银华日利ETF
2022-04-28,94.527,94.543,94.551,94.525,1414676.0,511880,sh,银华日利ETF
2022-04-29,94.564,94.572,94.58,94.23,1466220.0,511880,sh,银华日利ETF
2022-05-05,94.563,94.562,94.57,94.56,1209861.0,511880,sh,银华日利ETF
2022-05-06,94.579,94.587,94.59,94.573,1043402.0,511880,sh,银华日利ETF
2022-05-09,94.59,94.594,94.596,94.59,1022800.0,511880,sh,银华日利ETF
2022-05-10,94.596,94.601,94.605,94.594,1399127.0,511880,sh,银华日利ETF
2022-05-11,94.604,94.599,94.606,94.596,1386653.0,511880,sh,银华日利ETF
2022-05-12,94.605,94.606,94.61,94.602,1001561.0,511880,sh,银华日利ETF
2022-05-13,94.618,94.629,94.63,94.612,1244642.0,511880,sh,银华日利ETF
2022-05-16,94.626,94.635,94.637,94.626,954286.0,511880,sh,银华日利ETF
2022-05-17,94.638,94.632,94.639,94.63,930256.0,511880,sh,银华日利ETF
2022-05-18,94.637,94.638,94.639,94.635,867611.0,511880,sh,银华日利ETF
2022-05-19,94.638,94.644,94.644,94.638,1144870.0,511880,sh,银华日利ETF
2022-05-20,94.654,94.645,94.656,94.641,1037192.0,511880,sh,银华日利ETF
2022-05-23,94.648,94.653,94.655,94.648,1021351.0,511880,sh,银华日利ETF
2022-05-24,94.658,94.666,94.67,94.654,1170819.0,511880,sh,银华日利ETF
2022-05-25,94.668,94.668,94.671,94.663,888114.0,511880,sh,银华日利ETF
2022-05-26,94.671,94.676,94.68,94.668,884129.0,511880,sh,银华日利ETF
2022-05-27,94.682,94.686,94.688,94.673,1279185.0,511880,sh,银华日利ETF
2022-05-30,94.687,94.68,94.689,94.678,1228043.0,511880,sh,银华日利ETF
2022-05-31,94.686,94.684,94.688,94.678,1297722.0,511880,sh,银华日利ETF
2022-06-01,94.688,94.693,94.696,94.684,1421033.0,511880,sh,银华日利ETF
2022-06-02,94.708,94.689,94.709,94.687,1505503.0,511880,sh,银华日利ETF
2022-06-06,94.709,94.707,94.71,94.69,1980064.0,511880,sh,银华日利ETF
2022-06-07,94.707,94.719,94.72,94.703,1176172.0,511880,sh,银华日利ETF
2022-06-08,94.731,94.723,94.731,94.719,1550734.0,511880,sh,银华日利ETF
2022-06-09,94.729,94.73,94.734,94.725,1107072.0,511880,sh,银华日利ETF
2022-06-10,94.74,94.717,94.742,94.71,1641999.0,511880,sh,银华日利ETF
2022-06-13,94.735,94.751,94.753,94.733,1678151.0,511880,sh,银华日利ETF
2022-06-14,94.753,94.763,94.764,94.751,1241426.0,511880,sh,银华日利ETF
2022-06-15,94.758,94.76,94.762,94.75,1519622.0,511880,sh,银华日利ETF
2022-06-16,94.757,94.763,94.765,94.747,1557175.0,511880,sh,银华日利ETF
2022-06-17,94.764,94.774,94.775,94.764,1723462.0,511880,sh,银华日利ETF
2022-06-20,94.775,94.783,94.784,94.774,1525411.0,511880,sh,银华日利ETF
2022-06-21,94.787,94.787,94.789,94.783,1671104.0,511880,sh,银华日利ETF
2022-06-22,94.792,94.802,94.803,94.789,1630249.0,511880,sh,银华日利ETF
2022-06-23,94.798,94.788,94.801,94.644,1760807.0,511880,sh,银华日利ETF
2022-06-24,94.794,94.799,94.803,94.794,1570653.0,511880,sh,银华日利ETF
2022-06-27,94.807,94.809,94.811,94.794,1850384.0,511880,sh,银华日利ETF
2022-06-28,94.804,94.821,94.822,94.804,1601349.0,511880,sh,银华日利ETF
2022-06-29,94.819,94.831,94.833,94.815,1825909.0,511880,sh,银华日利ETF
2022-06-30,94.821,94.833,94.838,94.786,1847729.0,511880,sh,银华日利ETF
2022-07-01,94.842,94.854,94.856,94.84,1304845.0,511880,sh,银华日利ETF
2022-07-04,94.852,94.861,94.862,94.851,1244279.0,511880,sh,银华日利ETF
2022-07-05,94.862,94.885,94.887,94.862,1021132.0,511880,sh,银华日利ETF
2022-07-06,94.882,94.893,94.895,94.868,1077353.0,511880,sh,银华日利ETF
2022-07-07,94.885,94.887,94.889,94.878,978863.0,511880,sh,银华日利ETF
2022-07-08,94.887,94.895,94.896,94.886,967731.0,511880,sh,银华日利ETF
2022-07-11,94.896,94.902,94.904,94.894,1113570.0,511880,sh,银华日利ETF
2022-07-12,94.903,94.907,94.911,94.902,999035.0,511880,sh,银华日利ETF
2022-07-13,94.908,94.905,94.909,94.903,919662.0,511880,sh,银华日利ETF
2022-07-14,94.909,94.904,94.911,94.9,1202687.0,511880,sh,银华日利ETF
2022-07-15,94.914,94.923,94.926,94.893,1709566.0,511880,sh,银华日利ETF
2022-07-18,94.925,94.928,94.929,94.922,1511526.0,511880,sh,银华日利ETF
2022-07-19,94.929,94.933,94.936,94.929,1049837.0,511880,sh,银华日利ETF
2022-07-20,94.935,94.932,94.936,94.931,1182968.0,511880,sh,银华日利ETF
2022-07-21,94.938,94.939,94.94,94.934,1141694.0,511880,sh,银华日利ETF
2022-07-22,94.95,94.955,94.958,94.949,1271901.0,511880,sh,银华日利ETF
2022-07-25,94.963,94.967,94.971,94.958,927498.0,511880,sh,银华日利ETF
2022-07-26,94.968,94.963,94.968,94.959,1384351.0,511880,sh,银华日利ETF
2022-07-27,94.965,94.966,94.968,94.962,1206738.0,511880,sh,银华日利ETF
2022-07-28,94.968,94.971,94.972,94.963,1463688.0,511880,sh,银华日利ETF
2022-07-29,94.978,94.985,94.987,94.976,1130929.0,511880,sh,银华日利ETF
2022-08-01,94.989,94.99,94.992,94.987,1221128.0,511880,sh,银华日利ETF
2022-08-02,94.993,94.99,94.994,94.987,1717540.0,511880,sh,银华日利ETF
2022-08-03,94.994,95.001,95.003,94.986,1501897.0,511880,sh,银华日利ETF
2022-08-04,95.002,95.011,95.011,95.0,1158051.0,511880,sh,银华日利ETF
2022-08-05,95.014,95.015,95.018,95.013,1105103.0,511880,sh,银华日利ETF
2022-08-08,95.017,95.02,95.021,95.017,1098227.0,511880,sh,银华日利ETF
2022-08-09,95.024,95.026,95.027,95.021,1154095.0,511880,sh,银华日利ETF
2022-08-10,95.029,95.03,95.031,95.028,876086.0,511880,sh,银华日利ETF
2022-08-11,95.031,95.026,95.033,95.022,1471844.0,511880,sh,银华日利ETF
2022-08-12,95.038,95.041,95.043,95.035,1525284.0,511880,sh,银华日利ETF
2022-08-15,95.047,95.048,95.05,95.044,1072693.0,511880,sh,银华日利ETF
2022-08-16,95.05,95.051,95.051,95.046,1532508.0,511880,sh,银华日利ETF
2022-08-17,95.053,95.051,95.054,95.049,1102283.0,511880,sh,银华日利ETF
2022-08-18,95.053,95.059,95.061,95.047,1276013.0,511880,sh,银华日利ETF
2022-08-19,95.068,95.074,95.075,95.065,1245066.0,511880,sh,银华日利ETF
2022-08-22,95.075,95.072,95.075,95.07,1382762.0,511880,sh,银华日利ETF
2022-08-23,95.072,95.08,95.083,95.071,1116829.0,511880,sh,银华日利ETF
2022-08-24,95.081,95.091,95.214,95.08,1265211.0,511880,sh,银华日利ETF
2022-08-25,95.091,95.084,95.095,95.082,1617465.0,511880,sh,银华日利ETF
2022-08-26,95.09,95.092,95.094,95.088,1445473.0,511880,sh,银华日利ETF
2022-08-29,95.094,95.094,95.095,95.088,1489367.0,511880,sh,银华日利ETF
2022-08-30,95.097,95.104,95.107,95.094,1258598.0,511880,sh,银华日利ETF
2022-08-31,95.102,95.111,95.117,95.102,1114751.0,511880,sh,银华日利ETF
2022-09-01,95.111,95.115,95.115,95.11,1529515.0,511880,sh,银华日利ETF
2022-09-02,95.118,95.122,95.128,95.118,1335184.0,511880,sh,银华日利ETF
2022-09-05,95.127,95.128,95.13,95.126,1219111.0,511880,sh,银华日利ETF
2022-09-06,95.131,95.13,95.134,95.129,1140310.0,511880,sh,银华日利ETF
2022-09-07,95.135,95.131,95.136,95.13,1581896.0,511880,sh,银华日利ETF
2022-09-08,95.134,95.136,95.138,95.132,954892.0,511880,sh,银华日利ETF
2022-09-09,95.151,95.141,95.152,95.135,1497201.0,511880,sh,银华日利ETF
2022-09-13,95.147,95.15,95.151,95.144,1566872.0,511880,sh,银华日利ETF
2022-09-14,95.15,95.157,95.158,95.15,975094.0,511880,sh,银华日利ETF
2022-09-15,95.157,95.172,95.173,95.156,1069653.0,511880,sh,银华日利ETF
2022-09-16,95.174,95.189,95.191,95.174,917058.0,511880,sh,银华日利ETF
2022-09-19,95.188,95.19,95.198,95.177,892744.0,511880,sh,银华日利ETF
2022-09-20,95.185,95.191,95.202,95.179,818756.0,511880,sh,银华日利ETF
2022-09-21,95.191,95.196,95.2,95.191,577468.0,511880,sh,银华日利ETF
2022-09-22,95.197,95.196,95.199,95.191,1096603.0,511880,sh,银华日利ETF
2022-09-23,95.201,95.211,95.215,95.199,1104492.0,511880,sh,银华日利ETF
2022-09-26,95.203,95.208,95.211,95.197,1013427.0,511880,sh,银华日利ETF
2022-09-27,95.206,95.197,95.208,95.191,1509306.0,511880,sh,银华日利ETF
2022-09-28,95.203,95.211,95.22,95.2,2041067.0,511880,sh,银华日利ETF
2022-09-29,95.21,95.198,95.215,95.186,1892208.0,511880,sh,银华日利ETF
2022-09-30,95.294,95.278,95.297,95.253,1764058.0,511880,sh,银华日利ETF
2022-10-10,95.265,95.274,95.277,95.264,1279889.0,511880,sh,银华日利ETF
2022-10-11,95.275,95.284,95.289,95.273,1084494.0,511880,sh,银华日利ETF
2022-10-12,95.284,95.286,95.293,95.282,1218065.0,511880,sh,银华日利ETF
2022-10-13,95.285,95.292,95.292,95.283,1096248.0,511880,sh,银华日利ETF
2022-10-14,95.293,95.293,95.298,95.29,1045491.0,511880,sh,银华日利ETF
2022-10-17,95.297,95.297,95.3,95.293,1105854.0,511880,sh,银华日利ETF
2022-10-18,95.299,95.304,95.304,95.298,1132090.0,511880,sh,银华日利ETF
2022-10-19,95.305,95.307,95.311,95.305,1007928.0,511880,sh,银华日利ETF
2022-10-20,95.308,95.312,95.314,95.307,1103002.0,511880,sh,银华日利ETF
2022-10-21,95.319,95.321,95.324,95.318,878147.0,511880,sh,银华日利ETF
2022-10-24,95.324,95.327,95.33,95.321,1135453.0,511880,sh,银华日利ETF
2022-10-25,95.325,95.318,95.329,95.309,1330638.0,511880,sh,银华日利ETF
2022-10-26,95.323,95.321,95.326,95.304,2049632.0,511880,sh,银华日利ETF
2022-10-27,95.324,95.329,95.331,95.314,1417856.0,511880,sh,银华日利ETF
2022-10-28,95.339,95.35,95.351,95.336,1392306.0,511880,sh,银华日利ETF
2022-10-31,95.35,95.351,95.354,95.345,1335336.0,511880,sh,银华日利ETF
2022-11-01,95.352,95.345,95.353,95.343,1560122.0,511880,sh,银华日利ETF
2022-11-02,95.346,95.36,95.363,95.345,1461773.0,511880,sh,银华日利ETF
2022-11-03,95.361,95.365,95.37,95.36,1278626.0,511880,sh,银华日利ETF
2022-11-04,95.373,95.371,95.378,95.368,1500205.0,511880,sh,银华日利ETF
2022-11-07,95.371,95.37,95.372,95.367,1236601.0,511880,sh,银华日利ETF
2022-11-08,95.375,95.378,95.381,95.371,1267890.0,511880,sh,银华日利ETF
2022-11-09,95.378,95.384,95.387,95.377,1432832.0,511880,sh,银华日利ETF
2022-11-10,95.385,95.398,95.4,95.385,1187247.0,511880,sh,银华日利ETF
2022-11-11,95.383,95.394,95.396,95.374,1843056.0,511880,sh,银华日利ETF
2022-11-14,95.39,95.386,95.394,95.383,1813307.0,511880,sh,银华日利ETF
2022-11-15,95.388,95.385,95.398,95.376,1285023.0,511880,sh,银华日利ETF
2022-11-16,95.378,95.407,95.41,95.378,1319788.0,511880,sh,银华日利ETF
2022-11-17,95.405,95.405,95.408,95.4,1500410.0,511880,sh,银华日利ETF
2022-11-18,95.411,95.415,95.418,95.406,1525017.0,511880,sh,银华日利ETF
2022-11-21,95.419,95.422,95.424,95.418,1116099.0,511880,sh,银华日利ETF
2022-11-22,95.422,95.43,95.434,95.42,1086551.0,511880,sh,银华日利ETF
2022-11-23,95.428,95.425,95.432,95.424,1230199.0,511880,sh,银华日利ETF
2022-11-24,95.429,95.435,95.438,95.421,1248242.0,511880,sh,银华日利ETF
2022-11-25,95.435,95.443,95.453,95.435,1175508.0,511880,sh,银华日利ETF
2022-11-28,95.443,95.442,95.451,95.437,1142120.0,511880,sh,银华日利ETF
2022-11-29,95.442,95.44,95.446,95.422,1289988.0,511880,sh,银华日利ETF
2022-11-30,95.441,95.458,95.465,95.441,1380391.0,511880,sh,银华日利ETF
2022-12-01,95.444,95.447,95.452,95.443,1560650.0,511880,sh,银华日利ETF
2022-12-02,95.459,95.459,95.466,95.456,1557006.0,511880,sh,银华日利ETF
2022-12-05,95.463,95.465,95.468,95.461,1408985.0,511880,sh,银华日利ETF
2022-12-06,95.469,95.474,95.475,95.466,1858849.0,511880,sh,银华日利ETF
2022-12-07,95.474,95.479,95.48,95.468,1349412.0,511880,sh,银华日利ETF
2022-12-08,95.478,95.48,95.486,95.477,1209990.0,511880,sh,银华日利ETF
2022-12-09,95.486,95.489,95.494,95.485,1374039.0,511880,sh,银华日利ETF
2022-12-12,95.492,95.492,95.496,95.489,1098427.0,511880,sh,银华日利ETF
2022-12-13,95.495,95.494,95.498,95.492,1139078.0,511880,sh,银华日利ETF
2022-12-14,95.497,95.499,95.502,95.495,1052990.0,511880,sh,银华日利ETF
2022-12-15,95.504,95.524,95.532,95.501,1154643.0,511880,sh,银华日利ETF
2022-12-16,95.521,95.537,95.548,95.52,1117075.0,511880,sh,银华日利ETF
2022-12-19,95.535,95.539,95.544,95.529,1021395.0,511880,sh,银华日利ETF
2022-12-20,95.539,95.542,95.543,95.534,1081023.0,511880,sh,银华日利ETF
2022-12-21,95.54,95.536,95.544,95.533,1110704.0,511880,sh,银华日利ETF
2022-12-22,95.538,95.537,95.541,95.534,940152.0,511880,sh,银华日利ETF
2022-12-23,95.545,95.548,95.557,95.529,1894237.0,511880,sh,银华日利ETF
2022-12-26,95.553,95.543,95.555,95.535,1349096.0,511880,sh,银华日利ETF
2022-12-27,95.544,95.556,95.559,95.524,1895257.0,511880,sh,银华日利ETF
2022-12-28,95.554,95.56,95.563,95.551,1544789.0,511880,sh,银华日利ETF
2022-12-29,95.553,95.522,95.563,95.513,1814001.0,511880,sh,银华日利ETF
2022-12-30,95.58,95.662,95.667,95.58,1833478.0,511880,sh,银华日利ETF
2023-01-03,95.645,95.622,95.645,95.616,1500339.0,511880,sh,银华日利ETF
2023-01-04,95.622,95.625,95.64,95.612,1221420.0,511880,sh,银华日利ETF
2023-01-05,95.617,95.619,95.621,95.61,1466901.0,511880,sh,银华日利ETF
2023-01-06,95.624,95.638,95.639,95.623,1332414.0,511880,sh,银华日利ETF
2023-01-09,95.636,95.642,95.644,95.634,1157094.0,511880,sh,银华日利ETF
2023-01-10,95.652,95.658,95.659,95.647,1103836.0,511880,sh,银华日利ETF
2023-01-11,95.65,95.652,95.663,95.65,1627855.0,511880,sh,银华日利ETF
2023-01-12,95.656,95.649,95.658,95.645,1084772.0,511880,sh,银华日利ETF
2023-01-13,95.663,95.663,95.67,95.661,1378362.0,511880,sh,银华日利ETF
2023-01-16,95.667,95.654,95.67,95.65,1853395.0,511880,sh,银华日利ETF
2023-01-17,95.662,95.67,95.672,95.655,1337671.0,511880,sh,银华日利ETF
2023-01-18,95.674,95.694,95.696,95.672,1006631.0,511880,sh,银华日利ETF
2023-01-19,95.692,95.698,95.703,95.685,1428255.0,511880,sh,银华日利ETF
2023-01-20,95.74,95.745,95.777,95.737,1730100.0,511880,sh,银华日利ETF
2023-01-30,95.735,95.738,95.741,95.721,2529422.0,511880,sh,银华日利ETF
2023-01-31,95.742,95.739,95.744,95.736,1440159.0,511880,sh,银华日利ETF
2023-02-01,95.744,95.752,95.754,95.743,1454732.0,511880,sh,银华日利ETF
2023-02-02,95.755,95.786,95.788,95.754,1453059.0,511880,sh,银华日利ETF
2023-02-03,95.77,95.83,95.837,95.769,1307248.0,511880,sh,银华日利ETF
2023-02-06,95.83,95.828,95.83,95.801,1264762.0,511880,sh,银华日利ETF
2023-02-07,95.81,95.781,95.817,95.776,1446805.0,511880,sh,银华日利ETF
2023-02-08,95.782,95.786,95.788,95.781,1137552.0,511880,sh,银华日利ETF
2023-02-09,95.787,95.781,95.79,95.771,1493545.0,511880,sh,银华日利ETF
2023-02-10,95.795,95.804,95.806,95.794,1407026.0,511880,sh,银华日利ETF
2023-02-13,95.807,95.803,95.808,95.798,1336139.0,511880,sh,银华日利ETF
2023-02-14,95.806,95.809,95.81,95.801,1159100.0,511880,sh,银华日利ETF
2023-02-15,95.811,95.816,95.82,95.809,1028331.0,511880,sh,银华日利ETF
2023-02-16,95.818,95.815,95.821,95.808,2331179.0,511880,sh,银华日利ETF
2023-02-17,95.83,95.836,95.837,95.824,1530671.0,511880,sh,银华日利ETF
2023-02-20,95.836,95.834,95.844,95.832,1341349.0,511880,sh,银华日利ETF
2023-02-21,95.839,95.838,95.841,95.835,1125363.0,511880,sh,银华日利ETF
2023-02-22,95.841,95.843,95.846,95.84,1173142.0,511880,sh,银华日利ETF
2023-02-23,95.849,95.852,95.855,95.845,1192695.0,511880,sh,银华日利ETF
2023-02-24,95.861,95.867,95.87,95.86,1158860.0,511880,sh,银华日利ETF
2023-02-27,95.869,95.864,95.869,95.863,1363155.0,511880,sh,银华日利ETF
2023-02-28,95.866,95.865,95.868,95.854,1620309.0,511880,sh,银华日利ETF
2023-03-01,95.878,95.877,95.882,95.874,1591674.0,511880,sh,银华日利ETF
2023-03-02,95.88,95.886,95.887,95.878,1113642.0,511880,sh,银华日利ETF
2023-03-03,95.897,95.901,95.902,95.895,1403876.0,511880,sh,银华日利ETF
2023-03-06,95.902,95.911,95.913,95.9,1017434.0,511880,sh,银华日利ETF
2023-03-07,95.913,95.925,95.932,95.909,1034048.0,511880,sh,银华日利ETF
2023-03-08,95.919,95.921,95.925,95.916,1044025.0,511880,sh,银华日利ETF
2023-03-09,95.926,95.936,95.938,95.922,940837.0,511880,sh,银华日利ETF
2023-03-10,95.936,95.948,95.96,95.934,1405044.0,511880,sh,银华日利ETF
2023-03-13,95.95,95.936,95.953,95.934,1373745.0,511880,sh,银华日利ETF
2023-03-14,95.94,95.939,95.945,95.935,1070942.0,511880,sh,银华日利ETF
2023-03-15,95.942,95.945,95.946,95.933,1369436.0,511880,sh,银华日利ETF
2023-03-16,95.947,95.946,95.95,95.944,1243602.0,511880,sh,银华日利ETF
2023-03-17,95.958,95.955,95.962,95.951,2186932.0,511880,sh,银华日利ETF
2023-03-20,95.963,95.964,95.971,95.96,1583370.0,511880,sh,银华日利ETF
2023-03-21,95.971,95.968,95.972,95.968,1468829.0,511880,sh,银华日利ETF
2023-03-22,95.975,95.981,95.983,95.973,1107038.0,511880,sh,银华日利ETF
2023-03-23,95.982,95.994,95.995,95.981,1539626.0,511880,sh,银华日利ETF
2023-03-24,95.996,96.004,96.01,95.996,1293130.0,511880,sh,银华日利ETF
2023-03-27,96.001,96.003,96.009,95.999,1204294.0,511880,sh,银华日利ETF
2023-03-28,96.003,96.006,96.007,96.001,1305642.0,511880,sh,银华日利ETF
2023-03-29,96.008,96.003,96.011,96.003,1797468.0,511880,sh,银华日利ETF
2023-03-30,96.003,96.001,96.011,95.989,1414989.0,511880,sh,银华日利ETF
2023-03-31,96.022,95.998,96.026,95.994,1777831.0,511880,sh,银华日利ETF
2023-04-03,96.039,96.037,96.041,96.034,1893403.0,511880,sh,银华日利ETF
2023-04-04,96.052,96.06,96.061,96.051,1486470.0,511880,sh,银华日利ETF
2023-04-06,96.067,96.079,96.081,96.063,1624631.0,511880,sh,银华日利ETF
2023-04-07,96.085,96.092,96.095,96.079,1395735.0,511880,sh,银华日利ETF
2023-04-10,96.088,96.085,96.092,96.083,1699527.0,511880,sh,银华日利ETF
2023-04-11,96.089,96.089,96.091,96.087,1739129.0,511880,sh,银华日利ETF
2023-04-12,96.094,96.099,96.101,96.092,1128989.0,511880,sh,银华日利ETF
2023-04-13,96.099,96.106,96.108,96.099,1337262.0,511880,sh,银华日利ETF
2023-04-14,96.112,96.116,96.121,96.11,1450509.0,511880,sh,银华日利ETF
2023-04-17,96.122,96.124,96.128,96.121,1061992.0,511880,sh,银华日利ETF
2023-04-18,96.127,96.145,96.148,96.127,1362194.0,511880,sh,银华日利ETF
2023-04-19,96.137,96.146,96.148,96.136,1047169.0,511880,sh,银华日利ETF
2023-04-20,96.142,96.143,96.146,96.141,1383693.0,511880,sh,银华日利ETF
2023-04-21,96.151,96.156,96.157,96.148,1697143.0,511880,sh,银华日利ETF
2023-04-24,96.16,96.155,96.161,96.153,1246522.0,511880,sh,银华日利ETF
2023-04-25,96.159,96.158,96.16,96.154,1425560.0,511880,sh,银华日利ETF
2023-04-26,96.16,96.161,96.163,96.155,1547722.0,511880,sh,银华日利ETF
2023-04-27,96.159,96.181,96.187,96.154,1848650.0,511880,sh,银华日利ETF
2023-04-28,96.2,96.202,96.209,96.196,1902734.0,511880,sh,银华日利ETF
2023-05-04,96.203,96.227,96.23,96.203,1352718.0,511880,sh,银华日利ETF
2023-05-05,96.223,96.252,96.258,96.223,1052830.0,511880,sh,银华日利ETF
2023-05-08,96.251,96.245,96.252,96.234,1058558.0,511880,sh,银华日利ETF
2023-05-09,96.24,96.246,96.248,96.239,995000.0,511880,sh,银华日利ETF
2023-05-10,96.246,96.264,96.273,96.245,1198800.0,511880,sh,银华日利ETF
2023-05-11,96.262,96.294,96.296,96.261,884964.0,511880,sh,银华日利ETF
2023-05-12,96.285,96.311,96.316,96.285,813119.0,511880,sh,银华日利ETF
2023-05-15,96.303,96.297,96.312,96.284,1159832.0,511880,sh,银华日利ETF
2023-05-16,96.298,96.29,96.299,96.287,1022688.0,511880,sh,银华日利ETF
2023-05-17,96.288,96.289,96.293,96.279,1348454.0,511880,sh,银华日利ETF
2023-05-18,96.286,96.285,96.288,96.282,1222953.0,511880,sh,银华日利ETF
2023-05-19,96.295,96.294,96.298,96.292,1255989.0,511880,sh,银华日利ETF
2023-05-22,96.297,96.299,96.305,96.296,1303270.0,511880,sh,银华日利ETF
2023-05-23,96.305,96.3,96.306,96.297,1113499.0,511880,sh,银华日利ETF
2023-05-24,96.308,96.303,96.31,96.302,1549922.0,511880,sh,银华日利ETF
2023-05-25,96.307,96.308,96.312,96.302,1434146.0,511880,sh,银华日利ETF
2023-05-26,96.321,96.325,96.328,96.317,1167286.0,511880,sh,银华日利ETF
2023-05-29,96.328,96.33,96.332,96.328,1019267.0,511880,sh,银华日利ETF
2023-05-30,96.336,96.33,96.338,96.328,1384782.0,511880,sh,银华日利ETF
2023-05-31,96.336,96.34,96.341,96.335,1356875.0,511880,sh,银华日利ETF
2023-06-01,96.345,96.346,96.348,96.343,1368419.0,511880,sh,银华日利ETF
2023-06-02,96.36,96.361,96.364,96.358,1272830.0,511880,sh,银华日利ETF
2023-06-05,96.367,96.367,96.37,96.365,1196757.0,511880,sh,银华日利ETF
2023-06-06,96.374,96.376,96.377,96.373,779532.0,511880,sh,银华日利ETF
2023-06-07,96.379,96.383,96.386,96.379,1127952.0,511880,sh,银华日利ETF
2023-06-08,96.386,96.388,96.389,96.383,1221957.0,511880,sh,银华日利ETF
2023-06-09,96.397,96.382,96.398,96.373,1294816.0,511880,sh,银华日利ETF
2023-06-12,96.391,96.4,96.401,96.391,1305288.0,511880,sh,银华日利ETF
2023-06-13,96.406,96.402,96.407,96.4,1064862.0,511880,sh,银华日利ETF
2023-06-14,96.405,96.407,96.408,96.404,1245155.0,511880,sh,银华日利ETF
2023-06-15,96.411,96.402,96.412,96.396,1913477.0,511880,sh,银华日利ETF
2023-06-16,96.417,96.414,96.419,96.407,2112208.0,511880,sh,银华日利ETF
2023-06-19,96.424,96.428,96.429,96.422,1602820.0,511880,sh,银华日利ETF
2023-06-20,96.428,96.431,96.433,96.423,1814928.0,511880,sh,银华日利ETF
2023-06-21,96.451,96.453,96.458,96.449,1883686.0,511880,sh,银华日利ETF
2023-06-26,96.457,96.457,96.459,96.453,1933173.0,511880,sh,银华日利ETF
2023-06-27,96.46,96.465,96.467,96.457,1419883.0,511880,sh,银华日利ETF
2023-06-28,96.463,96.46,96.467,96.454,1462919.0,511880,sh,银华日利ETF
2023-06-29,96.461,96.45,96.461,96.44,1541733.0,511880,sh,银华日利ETF
2023-06-30,96.484,96.489,96.492,96.476,1669537.0,511880,sh,银华日利ETF
2023-07-03,96.499,96.505,96.51,96.496,1571994.0,511880,sh,银华日利ETF
2023-07-04,96.512,96.514,96.514,96.509,823080.0,511880,sh,银华日利ETF
2023-07-05,96.516,96.522,96.526,96.514,1039956.0,511880,sh,银华日利ETF
2023-07-06,96.525,96.547,96.566,96.524,1090066.0,511880,sh,银华日利ETF
2023-07-07,96.551,96.556,96.568,96.544,1171225.0,511880,sh,银华日利ETF
2023-07-10,96.553,96.546,96.554,96.54,999606.0,511880,sh,银华日利ETF
2023-07-11,96.548,96.547,96.549,96.545,972260.0,511880,sh,银华日利ETF
2023-07-12,96.548,96.549,96.551,96.547,1010939.0,511880,sh,银华日利ETF
2023-07-13,96.552,96.553,96.554,96.548,1611067.0,511880,sh,银华日利ETF
2023-07-14,96.564,96.567,96.57,96.563,1006215.0,511880,sh,银华日利ETF
2023-07-17,96.564,96.576,96.578,96.56,1640485.0,511880,sh,银华日利ETF
2023-07-18,96.577,96.593,96.597,96.577,1439242.0,511880,sh,银华日利ETF
2023-07-19,96.59,96.582,96.595,96.58,1363635.0,511880,sh,银华日利ETF
2023-07-20,96.586,96.591,96.592,96.583,1340990.0,511880,sh,银华日利ETF
2023-07-21,96.597,96.599,96.602,96.596,1098793.0,511880,sh,银华日利ETF
2023-07-24,96.601,96.604,96.605,96.6,995084.0,511880,sh,银华日利ETF
2023-07-25,96.604,96.604,96.606,96.596,1730760.0,511880,sh,银华日利ETF
2023-07-26,96.609,96.609,96.614,96.605,1597210.0,511880,sh,银华日利ETF
2023-07-27,96.616,96.62,96.627,96.613,1330422.0,511880,sh,银华日利ETF
2023-07-28,96.629,96.61,96.63,96.605,1846564.0,511880,sh,银华日利ETF
2023-07-31,96.609,96.619,96.621,96.603,2257048.0,511880,sh,银华日利ETF
2023-08-01,96.633,96.639,96.641,96.631,1602279.0,511880,sh,银华日利ETF
2023-08-02,96.645,96.65,96.652,96.642,1153957.0,511880,sh,银华日利ETF
2023-08-03,96.652,96.67,96.675,96.652,1058743.0,511880,sh,银华日利ETF
2023-08-04,96.661,96.684,97.11,96.661,1263843.0,511880,sh,银华日利ETF
2023-08-07,96.679,96.677,96.682,96.674,988150.0,511880,sh,银华日利ETF
2023-08-08,96.676,96.682,96.684,96.676,813006.0,511880,sh,银华日利ETF
2023-08-09,96.681,96.682,96.685,96.677,931933.0,511880,sh,银华日利ETF
2023-08-10,96.686,96.688,96.689,96.683,1097718.0,511880,sh,银华日利ETF
2023-08-11,96.697,96.703,96.711,96.696,1122924.0,511880,sh,银华日利ETF
2023-08-14,96.704,96.713,96.715,96.704,1220857.0,511880,sh,银华日利ETF
2023-08-15,96.713,96.725,96.728,96.712,1019426.0,511880,sh,银华日利ETF
2023-08-16,96.726,96.738,96.738,96.726,894096.0,511880,sh,银华日利ETF
2023-08-17,96.73,96.714,96.735,96.711,1217572.0,511880,sh,银华日利ETF
2023-08-18,96.726,96.731,96.735,96.726,1278006.0,511880,sh,银华日利ETF
2023-08-21,96.736,96.744,96.749,96.735,1256138.0,511880,sh,银华日利ETF
2023-08-22,96.748,96.734,96.768,96.701,1439637.0,511880,sh,银华日利ETF
2023-08-23,96.744,96.741,96.747,96.731,1358302.0,511880,sh,银华日利ETF
2023-08-24,96.746,96.747,96.748,96.741,1430425.0,511880,sh,银华日利ETF
2023-08-25,96.758,96.752,96.764,96.75,1628850.0,511880,sh,银华日利ETF
2023-08-28,96.69,96.754,96.755,96.69,3070761.0,511880,sh,银华日利ETF
2023-08-29,96.76,96.755,96.764,96.747,2387641.0,511880,sh,银华日利ETF
2023-08-30,96.756,96.764,96.767,96.751,1697519.0,511880,sh,银华日利ETF
2023-08-31,96.767,96.774,96.777,96.767,1218734.0,511880,sh,银华日利ETF
2023-09-01,96.785,96.816,96.821,96.783,1260963.0,511880,sh,银华日利ETF
2023-09-04,96.806,96.809,96.815,96.801,1060378.0,511880,sh,银华日利ETF
2023-09-05,96.805,96.801,96.81,96.791,1023625.0,511880,sh,银华日利ETF
2023-09-06,96.811,96.803,96.814,96.799,1514298.0,511880,sh,银华日利ETF
2023-09-07,96.809,96.811,96.813,96.805,1275562.0,511880,sh,银华日利ETF
2023-09-08,96.817,96.819,96.825,96.816,1445906.0,511880,sh,银华日利ETF
2023-09-11,96.828,96.822,96.83,96.821,1302470.0,511880,sh,银华日利ETF
2023-09-12,96.829,96.824,96.83,96.823,987149.0,511880,sh,银华日利ETF
2023-09-13,96.831,96.832,96.847,96.828,1147708.0,511880,sh,银华日利ETF
2023-09-14,96.85,96.83,96.852,96.82,1385638.0,511880,sh,银华日利ETF
2023-09-15,96.843,96.841,96.85,96.839,1333503.0,511880,sh,银华日利ETF
2023-09-18,96.85,96.845,96.85,96.843,1180104.0,511880,sh,银华日利ETF
2023-09-19,96.85,96.848,96.851,96.847,1142452.0,511880,sh,银华日利ETF
2023-09-20,96.853,96.852,96.854,96.851,776283.0,511880,sh,银华日利ETF
2023-09-21,96.855,96.851,96.857,96.848,995685.0,511880,sh,银华日利ETF
2023-09-22,96.866,96.856,96.867,96.852,1724005.0,511880,sh,银华日利ETF
2023-09-25,96.867,96.877,96.878,96.865,1435395.0,511880,sh,银华日利ETF
2023-09-26,96.878,96.878,96.881,96.874,1322239.0,511880,sh,银华日利ETF
2023-09-27,96.873,96.887,96.91,96.826,2008685.0,511880,sh,银华日利ETF
2023-09-28,96.94,96.956,96.964,96.939,1720904.0,511880,sh,银华日利ETF
2023-10-09,96.959,96.977,96.984,96.957,1339238.0,511880,sh,银华日利ETF
2023-10-10,96.969,96.996,97.0,96.969,1049081.0,511880,sh,银华日利ETF
2023-10-11,96.989,96.982,97.004,96.974,1190372.0,511880,sh,银华日利ETF
2023-10-12,96.973,96.983,96.985,96.972,1023427.0,511880,sh,银华日利ETF
2023-10-13,96.994,97.001,97.011,96.992,1090033.0,511880,sh,银华日利ETF
2023-10-16,97.001,97.001,97.006,96.999,745876.0,511880,sh,银华日利ETF
2023-10-17,97.007,97.007,97.011,97.004,1495842.0,511880,sh,银华日利ETF
2023-10-18,97.009,97.028,97.039,97.009,1206659.0,511880,sh,银华日利ETF
2023-10-19,97.025,97.039,97.05,97.022,1058179.0,511880,sh,银华日利ETF
2023-10-20,97.03,97.036,97.038,97.025,1337343.0,511880,sh,银华日利ETF
2023-10-23,97.029,97.039,97.043,97.028,985456.0,511880,sh,银华日利ETF
2023-10-24,97.035,97.039,97.042,97.032,980995.0,511880,sh,银华日利ETF
2023-10-25,97.034,97.027,97.037,97.025,1578450.0,511880,sh,银华日利ETF
2023-10-26,97.033,97.026,97.035,97.024,1141314.0,511880,sh,银华日利ETF
2023-10-27,97.045,97.04,97.046,97.032,1460983.0,511880,sh,银华日利ETF
2023-10-30,97.049,97.048,97.05,97.045,1352368.0,511880,sh,银华日利ETF
2023-10-31,97.052,97.057,97.06,97.05,1136584.0,511880,sh,银华日利ETF
2023-11-01,97.062,97.082,97.084,97.061,1275333.0,511880,sh,银华日利ETF
2023-11-02,97.08,97.093,97.097,97.078,766806.0,511880,sh,银华日利ETF
2023-11-03,97.091,97.084,97.096,97.08,1547807.0,511880,sh,银华日利ETF
2023-11-06,97.088,97.08,97.088,97.074,1913177.0,511880,sh,银华日利ETF
2023-11-07,97.081,97.096,97.099,97.077,1236749.0,511880,sh,银华日利ETF
2023-11-08,97.103,97.098,97.106,97.097,1100333.0,511880,sh,银华日利ETF
2023-11-09,97.105,97.103,97.106,97.1,827403.0,511880,sh,银华日利ETF
2023-11-10,97.114,97.117,97.12,97.113,999117.0,511880,sh,银华日利ETF
2023-11-13,97.118,97.121,97.121,97.118,844014.0,511880,sh,银华日利ETF
2023-11-14,97.128,97.124,97.129,97.122,1017517.0,511880,sh,银华日利ETF
2023-11-15,97.122,97.124,97.125,97.12,1119389.0,511880,sh,银华日利ETF
2023-11-16,97.129,97.144,97.148,97.126,855685.0,511880,sh,银华日利ETF
2023-11-17,97.152,97.152,97.161,97.149,878170.0,511880,sh,银华日利ETF
2023-11-20,97.155,97.169,97.178,97.155,1158731.0,511880,sh,银华日利ETF
2023-11-21,97.162,97.168,97.173,97.159,1101782.0,511880,sh,银华日利ETF
2023-11-22,97.17,97.173,97.176,97.169,795964.0,511880,sh,银华日利ETF
2023-11-23,97.171,97.178,97.185,97.168,856616.0,511880,sh,银华日利ETF
2023-11-24,97.184,97.202,97.208,97.184,764168.0,511880,sh,银华日利ETF
2023-11-27,97.193,97.194,97.195,97.181,867275.0,511880,sh,银华日利ETF
2023-11-28,97.2,97.193,97.205,97.184,875638.0,511880,sh,银华日利ETF
2023-11-29,97.196,97.193,97.198,97.186,1227996.0,511880,sh,银华日利ETF
2023-11-30,97.196,97.201,97.203,97.193,1073789.0,511880,sh,银华日利ETF
2023-12-01,97.215,97.231,97.238,97.212,1192076.0,511880,sh,银华日利ETF
2023-12-04,97.237,97.234,97.238,97.231,1277044.0,511880,sh,银华日利ETF
2023-12-05,97.238,97.237,97.245,97.235,1376544.0,511880,sh,银华日利ETF
2023-12-06,97.238,97.238,97.241,97.232,1438147.0,511880,sh,银华日利ETF
2023-12-07,97.247,97.248,97.251,97.24,1476923.0,511880,sh,银华日利ETF
2023-12-08,97.259,97.233,97.26,97.226,1858908.0,511880,sh,银华日利ETF
2023-12-11,97.253,97.255,97.259,97.245,1874784.0,511880,sh,银华日利ETF
2023-12-12,97.257,97.273,97.277,97.254,1404333.0,511880,sh,银华日利ETF
2023-12-13,97.27,97.286,97.287,97.269,1375511.0,511880,sh,银华日利ETF
2023-12-14,97.285,97.287,97.288,97.279,1903799.0,511880,sh,银华日利ETF
2023-12-15,97.289,97.294,97.303,97.283,2357515.0,511880,sh,银华日利ETF
2023-12-18,97.297,97.295,97.299,97.292,1930707.0,511880,sh,银华日利ETF
2023-12-19,97.298,97.298,97.305,97.295,1597181.0,511880,sh,银华日利ETF
2023-12-20,97.308,97.306,97.32,97.304,2272431.0,511880,sh,银华日利ETF
2023-12-21,97.313,97.302,97.316,97.287,2039831.0,511880,sh,银华日利ETF
2023-12-22,97.323,97.321,97.334,97.318,1847133.0,511880,sh,银华日利ETF
2023-12-25,97.333,97.333,97.334,97.328,1643275.0,511880,sh,银华日利ETF
2023-12-26,97.333,97.332,97.334,97.323,1709354.0,511880,sh,银华日利ETF
2023-12-27,97.33,97.335,97.339,97.324,1598016.0,511880,sh,银华日利ETF
2023-12-28,97.33,97.319,97.339,97.309,1788686.0,511880,sh,银华日利ETF
2023-12-29,97.374,97.376,97.381,97.372,1410680.0,511880,sh,银华日利ETF
2024-01-02,97.387,97.404,97.406,97.387,1114354.0,511880,sh,银华日利ETF
2024-01-03,97.407,97.406,97.412,97.4,1133438.0,511880,sh,银华日利ETF
2024-01-04,97.406,97.413,97.414,97.406,748002.0,511880,sh,银华日利ETF
2024-01-05,97.429,97.431,97.437,97.427,1088850.0,511880,sh,银华日利ETF
2024-01-08,97.43,97.431,97.433,97.427,912218.0,511880,sh,银华日利ETF
2024-01-09,97.431,97.435,97.441,97.428,865742.0,511880,sh,银华日利ETF
2024-01-10,97.442,97.443,97.445,97.439,1007863.0,511880,sh,银华日利ETF
2024-01-11,97.444,97.441,97.448,97.436,1555939.0,511880,sh,银华日利ETF
2024-01-12,97.458,97.463,97.468,97.457,1054638.0,511880,sh,银华日利ETF
2024-01-15,97.469,97.472,97.474,97.466,869360.0,511880,sh,银华日利ETF
2024-01-16,97.474,97.471,97.474,97.469,895412.0,511880,sh,银华日利ETF
2024-01-17,97.472,97.475,97.476,97.47,907186.0,511880,sh,银华日利ETF
2024-01-18,97.474,97.484,97.492,97.468,1168408.0,511880,sh,银华日利ETF
2024-01-19,97.492,97.501,97.508,97.491,1229195.0,511880,sh,银华日利ETF
2024-01-22,97.502,97.517,97.521,97.502,842316.0,511880,sh,银华日利ETF
2024-01-23,97.51,97.509,97.515,97.499,1817786.0,511880,sh,银华日利ETF
2024-01-24,97.509,97.509,97.513,97.502,1426085.0,511880,sh,银华日利ETF
2024-01-25,97.511,97.498,97.513,97.491,1238601.0,511880,sh,银华日利ETF
2024-01-26,97.518,97.526,97.529,97.515,1750706.0,511880,sh,银华日利ETF
2024-01-29,97.532,97.534,97.536,97.529,1138090.0,511880,sh,银华日利ETF
2024-01-30,97.539,97.547,97.55,97.538,1061805.0,511880,sh,银华日利ETF
2024-01-31,97.547,97.553,97.555,97.544,1040148.0,511880,sh,银华日利ETF
2024-02-01,97.555,97.561,97.562,97.549,1093340.0,511880,sh,银华日利ETF
2024-02-02,97.568,97.573,97.575,97.566,964425.0,511880,sh,银华日利ETF
2024-02-05,97.577,97.58,97.582,97.573,1307160.0,511880,sh,银华日利ETF
2024-02-06,97.583,97.572,97.583,97.558,1518467.0,511880,sh,银华日利ETF
2024-02-07,97.574,97.59,97.594,97.564,2512693.0,511880,sh,银华日利ETF
2024-02-08,97.629,97.686,97.689,97.592,2590681.0,511880,sh,银华日利ETF
2024-02-19,97.641,97.639,97.648,97.632,2480000.0,511880,sh,银华日利ETF
2024-02-20,97.643,97.646,97.647,97.643,1323872.0,511880,sh,银华日利ETF
2024-02-21,97.652,97.643,97.653,97.641,1706642.0,511880,sh,银华日利ETF
2024-02-22,97.651,97.646,97.651,97.646,1303423.0,511880,sh,银华日利ETF
2024-02-23,97.663,97.662,97.665,97.656,1483790.0,511880,sh,银华日利ETF
2024-02-26,97.668,97.669,97.67,97.666,1125442.0,511880,sh,银华日利ETF
2024-02-27,97.675,97.671,97.677,97.667,1191226.0,511880,sh,银华日利ETF
2024-02-28,97.674,97.67,97.675,97.666,1428637.0,511880,sh,银华日利ETF
2024-02-29,97.664,97.667,97.674,97.659,1409925.0,511880,sh,银华日利ETF
2024-03-01,97.694,97.695,97.707,97.694,1514607.0,511880,sh,银华日利ETF
2024-03-04,97.708,97.706,97.709,97.705,879347.0,511880,sh,银华日利ETF
2024-03-05,97.714,97.715,97.718,97.713,867885.0,511880,sh,银华日利ETF
2024-03-06,97.723,97.722,97.725,97.717,1139425.0,511880,sh,银华日利ETF
2024-03-07,97.724,97.725,97.726,97.723,834655.0,511880,sh,银华日利ETF
2024-03-08,97.738,97.735,97.74,97.733,894474.0,511880,sh,银华日利ETF
2024-03-11,97.741,97.737,97.742,97.737,996633.0,511880,sh,银华日利ETF
2024-03-12,97.744,97.742,97.745,97.741,1175107.0,511880,sh,银华日利ETF
2024-03-13,97.742,97.747,97.748,97.738,1176269.0,511880,sh,银华日利ETF
2024-03-14,97.745,97.756,97.758,97.733,860335.0,511880,sh,银华日利ETF
2024-03-15,97.771,97.771,97.775,97.769,857091.0,511880,sh,银华日利ETF
2024-03-18,97.776,97.776,97.778,97.774,950254.0,511880,sh,银华日利ETF
2024-03-19,97.779,97.779,97.786,97.777,994249.0,511880,sh,银华日利ETF
2024-03-20,97.783,97.785,97.788,97.782,732112.0,511880,sh,银华日利ETF
2024-03-21,97.788,97.791,97.795,97.787,897658.0,511880,sh,银华日利ETF
2024-03-22,97.808,97.807,97.811,97.805,872946.0,511880,sh,银华日利ETF
2024-03-25,97.81,97.825,97.827,97.81,1018448.0,511880,sh,银华日利ETF
2024-03-26,97.819,97.822,97.828,97.818,1556521.0,511880,sh,银华日利ETF
2024-03-27,97.824,97.813,97.826,97.81,1086158.0,511880,sh,银华日利ETF
2024-03-28,97.812,97.806,97.815,97.786,1169953.0,511880,sh,银华日利ETF
2024-03-29,97.839,97.861,97.868,97.833,1112327.0,511880,sh,银华日利ETF
2024-04-01,97.855,97.852,97.86,97.85,1112189.0,511880,sh,银华日利ETF
2024-04-02,97.859,97.883,97.886,97.855,971750.0,511880,sh,银华日利ETF
2024-04-03,97.892,97.913,97.922,97.892,891978.0,511880,sh,银华日利ETF
2024-04-08,97.909,97.926,97.933,97.904,836620.0,511880,sh,银华日利ETF
2024-04-09,97.91,97.915,97.922,97.909,1017603.0,511880,sh,银华日利ETF
2024-04-10,97.908,97.915,97.916,97.908,871838.0,511880,sh,银华日利ETF
2024-04-11,97.913,97.895,97.915,97.891,1139160.0,511880,sh,银华日利ETF
2024-04-12,97.91,97.911,97.913,97.909,865677.0,511880,sh,银华日利ETF
2024-04-15,97.915,97.911,97.916,97.91,1047764.0,511880,sh,银华日利ETF
2024-04-16,97.917,97.919,97.92,97.916,1020687.0,511880,sh,银华日利ETF
2024-04-17,97.921,97.917,97.923,97.916,1584723.0,511880,sh,银华日利ETF
2024-04-18,97.923,97.925,97.927,97.922,1606638.0,511880,sh,银华日利ETF
2024-04-19,97.942,97.937,97.943,97.936,878523.0,511880,sh,银华日利ETF
2024-04-22,97.943,97.941,97.944,97.94,1370925.0,511880,sh,银华日利ETF
2024-04-23,97.947,97.947,97.948,97.946,936278.0,511880,sh,银华日利ETF
2024-04-24,97.952,97.947,97.953,97.945,1397162.0,511880,sh,银华日利ETF
2024-04-25,97.952,97.955,97.956,97.95,1389036.0,511880,sh,银华日利ETF
2024-04-26,97.968,97.955,97.97,97.95,2173513.0,511880,sh,银华日利ETF
2024-04-29,97.961,97.965,97.966,97.954,2262310.0,511880,sh,银华日利ETF
2024-04-30,97.991,97.998,98.005,97.989,1511504.0,511880,sh,银华日利ETF
2024-05-06,97.996,97.999,98.002,97.993,1493962.0,511880,sh,银华日利ETF
2024-05-07,98.006,98.008,98.009,98.005,865697.0,511880,sh,银华日利ETF
2024-05-08,98.012,98.014,98.017,98.011,884353.0,511880,sh,银华日利ETF
2024-05-09,98.017,98.011,98.018,98.009,934260.0,511880,sh,银华日利ETF
2024-05-10,98.024,98.032,98.038,98.023,1100264.0,511880,sh,银华日利ETF
2024-05-13,98.032,98.031,98.035,98.03,840260.0,511880,sh,银华日利ETF
2024-05-14,98.036,98.036,98.038,98.033,786285.0,511880,sh,银华日利ETF
2024-05-15,98.041,98.04,98.042,98.039,584923.0,511880,sh,银华日利ETF
2024-05-16,98.044,98.042,98.045,98.041,1147026.0,511880,sh,银华日利ETF
2024-05-17,98.057,98.051,98.058,98.048,1172334.0,511880,sh,银华日利ETF
2024-05-20,98.054,98.06,98.062,98.053,1482684.0,511880,sh,银华日利ETF
2024-05-21,98.06,98.063,98.066,98.058,1117514.0,511880,sh,银华日利ETF
2024-05-22,98.069,98.069,98.07,98.065,925231.0,511880,sh,银华日利ETF
2024-05-23,98.073,98.089,98.09,98.071,873971.0,511880,sh,银华日利ETF
2024-05-24,98.09,98.111,98.115,98.09,936685.0,511880,sh,银华日利ETF
2024-05-27,98.098,98.103,98.109,98.098,1113304.0,511880,sh,银华日利ETF
2024-05-28,98.101,98.1,98.103,98.098,1164363.0,511880,sh,银华日利ETF
2024-05-29,98.103,98.093,98.104,98.091,980816.0,511880,sh,银华日利ETF
2024-05-30,98.101,98.109,98.111,98.098,1103163.0,511880,sh,银华日利ETF
2024-05-31,98.117,98.111,98.12,98.106,1337715.0,511880,sh,银华日利ETF
2024-06-03,98.118,98.124,98.125,98.116,1259921.0,511880,sh,银华日利ETF
2024-06-04,98.128,98.123,98.135,98.122,906678.0,511880,sh,银华日利ETF
2024-06-05,98.131,98.131,98.136,98.13,812524.0,511880,sh,银华日利ETF
2024-06-06,98.137,98.139,98.142,98.134,955692.0,511880,sh,银华日利ETF
2024-06-07,98.153,98.154,98.159,98.15,1198261.0,511880,sh,银华日利ETF
2024-06-11,98.156,98.154,98.157,98.152,852515.0,511880,sh,银华日利ETF
2024-06-12,98.158,98.156,98.162,98.154,1409347.0,511880,sh,银华日利ETF
2024-06-13,98.159,98.158,98.161,98.156,917944.0,511880,sh,银华日利ETF
2024-06-14,98.171,98.163,98.172,98.162,1085096.0,511880,sh,银华日利ETF
2024-06-17,98.174,98.175,98.177,98.173,1197423.0,511880,sh,银华日利ETF
2024-06-18,98.18,98.179,98.181,98.178,1353179.0,511880,sh,银华日利ETF
2024-06-19,98.184,98.184,98.188,98.182,1258369.0,511880,sh,银华日利ETF
2024-06-20,98.19,98.189,98.191,98.185,965886.0,511880,sh,银华日利ETF
2024-06-21,98.201,98.199,98.202,98.197,846906.0,511880,sh,银华日利ETF
2024-06-24,98.202,98.206,98.207,98.201,1266597.0,511880,sh,银华日利ETF
2024-06-25,98.209,98.206,98.21,98.205,1078692.0,511880,sh,银华日利ETF
2024-06-26,98.209,98.209,98.21,98.207,1009472.0,511880,sh,银华日利ETF
2024-06-27,98.212,98.218,98.22,98.208,1146196.0,511880,sh,银华日利ETF
2024-06-28,98.227,98.226,98.231,98.223,1299602.0,511880,sh,银华日利ETF
2024-07-01,98.232,98.24,98.241,98.23,910610.0,511880,sh,银华日利ETF
2024-07-02,98.243,98.252,98.253,98.242,633437.0,511880,sh,银华日利ETF
2024-07-03,98.26,98.247,98.262,98.247,647613.0,511880,sh,银华日利ETF
2024-07-04,98.252,98.256,98.258,98.248,582060.0,511880,sh,银华日利ETF
2024-07-05,98.259,98.262,98.263,98.258,958953.0,511880,sh,银华日利ETF
2024-07-08,98.264,98.265,98.266,98.263,676720.0,511880,sh,银华日利ETF
2024-07-09,98.266,98.26,98.267,98.259,1114096.0,511880,sh,银华日利ETF
2024-07-10,98.266,98.266,98.266,98.263,750933.0,511880,sh,银华日利ETF
2024-07-11,98.267,98.267,98.269,98.264,1258929.0,511880,sh,银华日利ETF
2024-07-12,98.278,98.279,98.281,98.277,857948.0,511880,sh,银华日利ETF
2024-07-15,98.286,98.289,98.289,98.284,940669.0,511880,sh,银华日利ETF
2024-07-16,98.291,98.288,98.295,98.287,733971.0,511880,sh,银华日利ETF
2024-07-17,98.293,98.292,98.294,98.291,546039.0,511880,sh,银华日利ETF
2024-07-18,98.294,98.293,98.296,98.291,836887.0,511880,sh,银华日利ETF
2024-07-19,98.306,98.31,98.393,98.303,722756.0,511880,sh,银华日利ETF
2024-07-22,98.309,98.306,98.31,98.305,770261.0,511880,sh,银华日利ETF
2024-07-23,98.311,98.312,98.312,98.309,951418.0,511880,sh,银华日利ETF
2024-07-24,98.316,98.315,98.317,98.314,977330.0,511880,sh,银华日利ETF
2024-07-25,98.319,98.317,98.32,98.315,1264847.0,511880,sh,银华日利ETF
2024-07-26,98.329,98.328,98.33,98.327,990047.0,511880,sh,银华日利ETF
2024-07-29,98.331,98.333,98.334,98.33,715060.0,511880,sh,银华日利ETF
2024-07-30,98.337,98.337,98.339,98.334,873539.0,511880,sh,银华日利ETF
2024-07-31,98.34,98.331,98.342,98.324,1825315.0,511880,sh,银华日利ETF
2024-08-01,98.338,98.346,98.349,98.338,1242734.0,511880,sh,银华日利ETF
2024-08-02,98.358,98.362,98.362,98.358,717775.0,511880,sh,银华日利ETF
2024-08-05,98.364,98.372,98.383,98.36,1007798.0,511880,sh,银华日利ETF
2024-08-06,98.369,98.372,98.374,98.364,1000153.0,511880,sh,银华日利ETF
2024-08-07,98.371,98.377,98.381,98.37,846817.0,511880,sh,银华日利ETF
2024-08-08,98.379,98.372,98.384,98.371,688165.0,511880,sh,银华日利ETF
2024-08-09,98.384,98.388,98.39,98.383,828970.0,511880,sh,银华日利ETF
2024-08-12,98.389,98.392,98.393,98.388,750139.0,511880,sh,银华日利ETF
2024-08-13,98.392,98.394,98.395,98.39,959342.0,511880,sh,银华日利ETF
2024-08-14,98.396,98.396,98.397,98.394,683577.0,511880,sh,银华日利ETF
2024-08-15,98.401,98.399,98.404,98.392,1172225.0,511880,sh,银华日利ETF
2024-08-16,98.409,98.414,98.414,98.408,933039.0,511880,sh,银华日利ETF
2024-08-19,98.416,98.415,98.417,98.412,715220.0,511880,sh,银华日利ETF
2024-08-20,98.416,98.422,98.427,98.415,940811.0,511880,sh,银华日利ETF
2024-08-21,98.422,98.42,98.423,98.42,741977.0,511880,sh,银华日利ETF
2024-08-22,98.426,98.433,98.436,98.426,921364.0,511880,sh,银华日利ETF
2024-08-23,98.443,98.437,98.443,98.434,592320.0,511880,sh,银华日利ETF
2024-08-26,98.44,98.439,98.442,98.438,652763.0,511880,sh,银华日利ETF
2024-08-27,98.444,98.443,98.445,98.442,672406.0,511880,sh,银华日利ETF
2024-08-28,98.448,98.447,98.449,98.446,720094.0,511880,sh,银华日利ETF
2024-08-29,98.452,98.444,98.452,98.443,1199321.0,511880,sh,银华日利ETF
2024-08-30,98.459,98.452,98.461,98.447,1438592.0,511880,sh,银华日利ETF
2024-09-02,98.463,98.482,98.486,98.462,1155475.0,511880,sh,银华日利ETF
2024-09-03,98.485,98.475,98.486,98.469,873234.0,511880,sh,银华日利ETF
2024-09-04,98.474,98.48,98.482,98.473,544991.0,511880,sh,银华日利ETF
2024-09-05,98.493,98.487,98.493,98.481,925030.0,511880,sh,银华日利ETF
2024-09-06,98.489,98.499,98.502,98.489,725674.0,511880,sh,银华日利ETF
2024-09-09,98.498,98.492,98.501,98.491,900321.0,511880,sh,银华日利ETF
2024-09-10,98.497,98.494,98.498,98.492,1083260.0,511880,sh,银华日利ETF
2024-09-11,98.499,98.497,98.5,98.496,830282.0,511880,sh,银华日利ETF
2024-09-12,98.502,98.496,98.502,98.494,952813.0,511880,sh,银华日利ETF
2024-09-13,98.52,98.521,98.523,98.518,696756.0,511880,sh,银华日利ETF
2024-09-18,98.523,98.514,98.524,98.507,1171393.0,511880,sh,银华日利ETF
2024-09-19,98.518,98.515,98.52,98.491,839373.0,511880,sh,银华日利ETF
2024-09-20,98.537,98.541,98.542,98.536,869843.0,511880,sh,银华日利ETF
2024-09-23,98.544,98.542,98.547,98.54,1217177.0,511880,sh,银华日利ETF
2024-09-24,98.545,98.528,98.546,98.525,2234891.0,511880,sh,银华日利ETF
2024-09-25,98.522,98.548,98.549,98.506,2044758.0,511880,sh,银华日利ETF
2024-09-26,98.549,98.539,98.552,98.537,1736444.0,511880,sh,银华日利ETF
2024-09-27,98.503,98.608,98.662,98.461,1043929.0,511880,sh,银华日利ETF
2024-09-30,98.503,98.587,98.627,98.498,1861213.0,511880,sh,银华日利ETF
2024-10-08,98.301,98.593,98.599,98.293,2457612.0,511880,sh,银华日利ETF
2024-10-09,98.602,98.611,98.628,98.595,1679351.0,511880,sh,银华日利ETF
2024-10-10,98.605,98.671,98.679,98.605,1059939.0,511880,sh,银华日利ETF
2024-10-11,98.653,98.765,98.781,98.65,875849.0,511880,sh,银华日利ETF
2024-10-14,98.683,98.781,98.785,98.682,798969.0,511880,sh,银华日利ETF
2024-10-15,98.733,98.672,98.757,98.639,1291520.0,511880,sh,银华日利ETF
2024-10-16,98.635,98.629,98.637,98.628,1389307.0,511880,sh,银华日利ETF
2024-10-17,98.629,98.634,98.634,98.628,1048158.0,511880,sh,银华日利ETF
2024-10-18,98.638,98.585,98.642,98.538,2006513.0,511880,sh,银华日利ETF
2024-10-21,98.593,98.641,98.645,98.593,1255164.0,511880,sh,银华日利ETF
2024-10-22,98.644,98.648,98.648,98.64,1096554.0,511880,sh,银华日利ETF
2024-10-23,98.648,98.65,98.651,98.643,1024454.0,511880,sh,银华日利ETF
2024-10-24,98.658,98.666,98.672,98.656,1133203.0,511880,sh,银华日利ETF
2024-10-25,98.671,98.665,98.679,98.664,1591606.0,511880,sh,银华日利ETF
2024-10-28,98.669,98.671,98.672,98.668,1012950.0,511880,sh,银华日利ETF
2024-10-29,98.669,98.672,98.674,98.665,1192444.0,511880,sh,银华日利ETF
2024-10-30,98.676,98.678,98.679,98.672,615878.0,511880,sh,银华日利ETF
2024-10-31,98.684,98.687,98.69,98.679,1355676.0,511880,sh,银华日利ETF
2024-11-01,98.7,98.703,98.715,98.695,1074020.0,511880,sh,银华日利ETF
2024-11-04,98.711,98.706,98.711,98.699,861281.0,511880,sh,银华日利ETF
2024-11-05,98.708,98.699,98.708,98.698,1608634.0,511880,sh,银华日利ETF
2024-11-06,98.703,98.712,98.715,98.701,1579573.0,511880,sh,银华日利ETF
2024-11-07,98.715,98.7,98.715,98.695,1220851.0,511880,sh,银华日利ETF
2024-11-08,98.703,98.723,98.725,98.694,1876065.0,511880,sh,银华日利ETF
2024-11-11,98.722,98.726,98.731,98.716,808847.0,511880,sh,银华日利ETF
2024-11-12,98.728,98.734,98.738,98.727,975477.0,511880,sh,银华日利ETF
2024-11-13,98.736,98.733,98.743,98.731,1108364.0,511880,sh,银华日利ETF
2024-11-14,98.738,98.737,98.739,98.734,891545.0,511880,sh,银华日利ETF
2024-11-15,98.745,98.741,98.747,98.738,1312388.0,511880,sh,银华日利ETF
2024-11-18,98.741,98.744,98.744,98.74,985221.0,511880,sh,银华日利ETF
2024-11-19,98.746,98.746,98.748,98.742,886502.0,511880,sh,银华日利ETF
2024-11-20,98.754,98.758,98.76,98.754,1053556.0,511880,sh,银华日利ETF
2024-11-21,98.76,98.763,98.767,98.76,1249122.0,511880,sh,银华日利ETF
2024-11-22,98.773,98.783,98.788,98.771,1147757.0,511880,sh,银华日利ETF
2024-11-25,98.778,98.773,98.78,98.771,1423987.0,511880,sh,银华日利ETF
2024-11-26,98.775,98.778,98.779,98.77,1276862.0,511880,sh,银华日利ETF
2024-11-27,98.779,98.775,98.782,98.772,864953.0,511880,sh,银华日利ETF
2024-11-28,98.783,98.788,98.79,98.783,1566929.0,511880,sh,银华日利ETF
2024-11-29,98.797,98.789,98.799,98.782,1915924.0,511880,sh,银华日利ETF
2024-12-02,98.796,98.801,98.802,98.794,1960380.0,511880,sh,银华日利ETF
2024-12-03,98.807,98.806,98.809,98.8,1405615.0,511880,sh,银华日利ETF
2024-12-04,98.81,98.818,98.82,98.807,1139565.0,511880,sh,银华日利ETF
2024-12-05,98.818,98.816,98.818,98.811,1115441.0,511880,sh,银华日利ETF
2024-12-06,98.822,98.817,98.825,98.816,1585393.0,511880,sh,银华日利ETF
2024-12-09,98.822,98.824,98.826,98.821,1430384.0,511880,sh,银华日利ETF
2024-12-10,98.803,98.821,98.823,98.801,3001868.0,511880,sh,银华日利ETF
2024-12-11,98.828,98.826,98.829,98.823,979424.0,511880,sh,银华日利ETF
2024-12-12,98.834,98.836,98.838,98.833,1070474.0,511880,sh,银华日利ETF
2024-12-13,98.846,98.852,98.853,98.843,980486.0,511880,sh,银华日利ETF
2024-12-16,98.85,98.856,98.858,98.849,1022778.0,511880,sh,银华日利ETF
2024-12-17,98.857,98.857,98.86,98.852,1165748.0,511880,sh,银华日利ETF
2024-12-18,98.857,98.858,98.86,98.853,775018.0,511880,sh,银华日利ETF
2024-12-19,98.863,98.859,98.864,98.856,1892154.0,511880,sh,银华日利ETF
2024-12-20,98.869,98.869,98.87,98.867,794912.0,511880,sh,银华日利ETF
2024-12-23,98.872,98.871,98.873,98.87,950551.0,511880,sh,银华日利ETF
2024-12-24,98.874,98.871,98.874,98.865,1647584.0,511880,sh,银华日利ETF
2024-12-25,98.873,98.878,98.88,98.869,845580.0,511880,sh,银华日利ETF
2024-12-26,98.887,98.879,98.887,98.878,1647602.0,511880,sh,银华日利ETF
2024-12-27,98.893,98.895,98.897,98.893,1147716.0,511880,sh,银华日利ETF
2024-12-30,98.896,98.906,98.908,98.892,1665471.0,511880,sh,银华日利ETF
2024-12-31,98.914,98.938,98.951,98.907,1138564.0,511880,sh,银华日利ETF
2025-01-02,98.926,98.916,98.928,98.902,1494636.0,511880,sh,银华日利ETF
2025-01-03,98.921,98.924,98.927,98.92,934741.0,511880,sh,银华日利ETF
2025-01-06,98.925,98.926,98.929,98.924,859628.0,511880,sh,银华日利ETF
2025-01-07,98.928,98.934,98.937,98.927,911520.0,511880,sh,银华日利ETF
2025-01-08,98.933,98.967,98.969,98.932,847315.0,511880,sh,银华日利ETF
2025-01-09,98.964,98.955,98.964,98.941,967143.0,511880,sh,银华日利ETF
2025-01-10,98.956,98.964,98.969,98.952,801427.0,511880,sh,银华日利ETF
2025-01-13,98.965,98.948,98.965,98.946,897138.0,511880,sh,银华日利ETF
2025-01-14,98.95,98.94,98.951,98.935,1591672.0,511880,sh,银华日利ETF
2025-01-15,98.946,98.959,98.962,98.944,990313.0,511880,sh,银华日利ETF
2025-01-16,98.955,98.95,98.956,98.942,1170696.0,511880,sh,银华日利ETF
2025-01-17,98.953,98.958,98.962,98.95,1187777.0,511880,sh,银华日利ETF
2025-01-20,98.958,98.952,98.959,98.94,851120.0,511880,sh,银华日利ETF
2025-01-21,98.963,98.965,98.97,98.962,1089247.0,511880,sh,银华日利ETF
2025-01-22,98.971,98.974,98.977,98.969,1072879.0,511880,sh,银华日利ETF
2025-01-23,98.974,98.968,98.974,98.962,1597695.0,511880,sh,银华日利ETF
2025-01-24,98.973,98.97,98.987,98.941,2102266.0,511880,sh,银华日利ETF
2025-01-27,99.021,99.035,99.044,99.018,1659894.0,511880,sh,银华日利ETF
2025-02-05,99.027,99.045,99.047,99.026,1019476.0,511880,sh,银华日利ETF
2025-02-06,99.046,99.036,99.046,99.03,1073605.0,511880,sh,银华日利ETF
2025-02-07,99.043,99.04,99.046,99.038,1392929.0,511880,sh,银华日利ETF
2025-02-10,99.043,99.041,99.044,99.039,1123306.0,511880,sh,银华日利ETF
2025-02-11,99.045,99.05,99.051,99.043,909035.0,511880,sh,银华日利ETF
2025-02-12,99.061,99.048,99.061,99.042,814286.0,511880,sh,银华日利ETF
2025-02-13,99.053,99.055,99.058,99.052,1235129.0,511880,sh,银华日利ETF
2025-02-14,99.064,99.074,99.076,99.063,889942.0,511880,sh,银华日利ETF
2025-02-17,99.067,99.08,99.082,99.067,928487.0,511880,sh,银华日利ETF
2025-02-18,99.087,99.069,99.089,99.065,871682.0,511880,sh,银华日利ETF
2025-02-19,99.073,99.068,99.076,99.066,1746682.0,511880,sh,银华日利ETF
2025-02-20,99.074,99.08,99.082,99.07,1384892.0,511880,sh,银华日利ETF
2025-02-21,99.086,99.077,99.088,99.072,1441693.0,511880,sh,银华日利ETF
2025-02-24,99.084,99.09,99.091,99.084,1033824.0,511880,sh,银华日利ETF
2025-02-25,99.096,99.095,99.097,99.092,1144156.0,511880,sh,银华日利ETF
2025-02-26,99.097,99.094,99.098,99.092,1053520.0,511880,sh,银华日利ETF
2025-02-27,99.097,99.103,99.104,99.095,1077271.0,511880,sh,银华日利ETF
2025-02-28,99.109,99.112,99.117,99.107,1037375.0,511880,sh,银华日利ETF
2025-03-03,99.115,99.121,99.125,99.113,1545964.0,511880,sh,银华日利ETF
2025-03-04,99.124,99.126,99.128,99.121,966512.0,511880,sh,银华日利ETF
2025-03-05,99.127,99.136,99.139,99.126,870842.0,511880,sh,银华日利ETF
2025-03-06,99.134,99.127,99.134,99.125,1309298.0,511880,sh,银华日利ETF
2025-03-07,99.137,99.136,99.139,99.131,1016649.0,511880,sh,银华日利ETF
2025-03-10,99.142,99.143,99.144,99.14,981937.0,511880,sh,银华日利ETF
2025-03-11,99.147,99.15,99.15,99.146,774678.0,511880,sh,银华日利ETF
2025-03-12,99.15,99.153,99.155,99.148,953825.0,511880,sh,银华日利ETF
2025-03-13,99.154,99.169,99.175,99.154,867121.0,511880,sh,银华日利ETF
2025-03-14,99.177,99.157,99.178,99.156,1577438.0,511880,sh,银华日利ETF
2025-03-17,99.159,99.159,99.161,99.156,1202462.0,511880,sh,银华日利ETF
2025-03-18,99.157,99.151,99.159,99.147,1521729.0,511880,sh,银华日利ETF
2025-03-19,99.158,99.166,99.168,99.152,666570.0,511880,sh,银华日利ETF
2025-03-20,99.178,99.185,99.187,99.176,920807.0,511880,sh,银华日利ETF
2025-03-21,99.188,99.217,99.221,99.188,1057082.0,511880,sh,银华日利ETF
2025-03-24,99.215,99.225,99.229,99.209,676106.0,511880,sh,银华日利ETF
2025-03-25,99.238,99.238,99.242,99.219,685009.0,511880,sh,银华日利ETF
2025-03-26,99.225,99.223,99.231,99.207,933997.0,511880,sh,银华日利ETF
2025-03-27,99.21,99.21,99.217,99.2,1068864.0,511880,sh,银华日利ETF
2025-03-28,99.213,99.208,99.216,99.207,1227493.0,511880,sh,银华日利ETF
2025-03-31,99.213,99.215,99.22,99.208,972752.0,511880,sh,银华日利ETF
2025-04-01,99.228,99.236,99.24,99.216,1187927.0,511880,sh,银华日利ETF
2025-04-02,99.237,99.244,99.256,99.23,996547.0,511880,sh,银华日利ETF
2025-04-03,99.241,99.249,99.254,99.241,948246.0,511880,sh,银华日利ETF
2025-04-07,99.239,99.24,99.244,99.235,1556299.0,511880,sh,银华日利ETF
2025-04-08,99.238,99.248,99.25,99.238,1298212.0,511880,sh,银华日利ETF
2025-04-09,99.258,99.253,99.258,99.248,1349649.0,511880,sh,银华日利ETF
2025-04-10,99.251,99.256,99.261,99.249,1454067.0,511880,sh,银华日利ETF
2025-04-11,99.261,99.263,99.269,99.261,1387812.0,511880,sh,银华日利ETF
2025-04-14,99.266,99.27,99.272,99.265,1266077.0,511880,sh,银华日利ETF
2025-04-15,99.279,99.279,99.281,99.273,978002.0,511880,sh,银华日利ETF
2025-04-16,99.281,99.284,99.285,99.279,1001662.0,511880,sh,银华日利ETF
2025-04-17,99.281,99.28,99.285,99.278,1614890.0,511880,sh,银华日利ETF
2025-04-18,99.286,99.287,99.29,99.284,959015.0,511880,sh,银华日利ETF
2025-04-21,99.29,99.284,99.292,99.283,1215038.0,511880,sh,银华日利ETF
2025-04-22,99.29,99.289,99.291,99.288,999193.0,511880,sh,银华日利ETF
2025-04-23,99.293,99.289,99.294,99.288,990344.0,511880,sh,银华日利ETF
2025-04-24,99.294,99.296,99.297,99.293,915583.0,511880,sh,银华日利ETF
2025-04-25,99.306,99.302,99.306,99.3,1443274.0,511880,sh,银华日利ETF
2025-04-28,99.3,99.3,99.303,99.295,1418284.0,511880,sh,银华日利ETF
2025-04-29,99.303,99.302,99.304,99.3,850275.0,511880,sh,银华日利ETF
2025-04-30,99.323,99.327,99.331,99.323,1491808.0,511880,sh,银华日利ETF
2025-05-06,99.331,99.327,99.334,99.326,1021767.0,511880,sh,银华日利ETF
2025-05-07,99.329,99.33,99.334,99.326,1185877.0,511880,sh,银华日利ETF
2025-05-08,99.337,99.335,99.338,99.331,1289282.0,511880,sh,银华日利ETF
2025-05-09,99.347,99.347,99.35,99.345,1561540.0,511880,sh,银华日利ETF
2025-05-12,99.349,99.348,99.35,99.347,1017512.0,511880,sh,银华日利ETF
2025-05-13,99.35,99.354,99.357,99.349,942184.0,511880,sh,银华日利ETF
2025-05-14,99.357,99.356,99.36,99.354,1293560.0,511880,sh,银华日利ETF
2025-05-15,99.36,99.369,99.37,99.358,1013363.0,511880,sh,银华日利ETF
2025-05-16,99.375,99.373,99.378,99.372,1193631.0,511880,sh,银华日利ETF
2025-05-19,99.377,99.381,99.384,99.376,1120106.0,511880,sh,银华日利ETF
2025-05-20,99.381,99.378,99.382,99.377,815369.0,511880,sh,银华日利ETF
2025-05-21,99.382,99.38,99.383,99.379,664924.0,511880,sh,银华日利ETF
2025-05-22,99.385,99.388,99.39,99.385,969716.0,511880,sh,银华日利ETF
2025-05-23,99.394,99.396,99.398,99.394,1323598.0,511880,sh,银华日利ETF
2025-05-26,99.397,99.395,99.399,99.393,1251450.0,511880,sh,银华日利ETF
2025-05-27,99.396,99.394,99.397,99.39,1101775.0,511880,sh,银华日利ETF
2025-05-28,99.395,99.399,99.4,99.394,702327.0,511880,sh,银华日利ETF
2025-05-29,99.405,99.401,99.408,99.399,1751032.0,511880,sh,银华日利ETF
2025-05-30,99.416,99.424,99.426,99.411,1490916.0,511880,sh,银华日利ETF
2025-06-03,99.424,99.42,99.425,99.419,723179.0,511880,sh,银华日利ETF
2025-06-04,99.423,99.422,99.425,99.421,768949.0,511880,sh,银华日利ETF
2025-06-05,99.427,99.424,99.429,99.422,741580.0,511880,sh,银华日利ETF
2025-06-06,99.436,99.436,99.438,99.435,633952.0,511880,sh,银华日利ETF
2025-06-09,99.439,99.436,99.441,99.435,1047065.0,511880,sh,银华日利ETF
2025-06-10,99.439,99.441,99.442,99.438,881861.0,511880,sh,银华日利ETF
2025-06-11,99.444,99.441,99.446,99.44,617632.0,511880,sh,银华日利ETF
2025-06-12,99.446,99.444,99.446,99.442,727363.0,511880,sh,银华日利ETF
2025-06-13,99.457,99.458,99.461,99.456,988346.0,511880,sh,银华日利ETF
2025-06-16,99.459,99.457,99.461,99.456,902698.0,511880,sh,银华日利ETF
2025-06-17,99.456,99.458,99.46,99.455,1046186.0,511880,sh,银华日利ETF
2025-06-18,99.463,99.472,99.474,99.462,688544.0,511880,sh,银华日利ETF
2025-06-19,99.479,99.485,99.49,99.478,1338158.0,511880,sh,银华日利ETF
2025-06-20,99.489,99.488,99.493,99.48,769365.0,511880,sh,银华日利ETF
2025-06-23,99.488,99.482,99.49,99.48,1422706.0,511880,sh,银华日利ETF
2025-06-24,99.485,99.482,99.485,99.476,1642280.0,511880,sh,银华日利ETF
2025-06-25,99.483,99.481,99.486,99.478,1544172.0,511880,sh,银华日利ETF
2025-06-26,99.485,99.489,99.49,99.484,1563668.0,511880,sh,银华日利ETF
2025-06-27,99.5,99.507,99.511,99.499,1560037.0,511880,sh,银华日利ETF
2025-06-30,99.506,99.556,99.565,99.504,976177.0,511880,sh,银华日利ETF
2025-07-01,99.534,99.516,99.539,99.51,1158169.0,511880,sh,银华日利ETF
2025-07-02,99.515,99.515,99.516,99.512,1323209.0,511880,sh,银华日利ETF
2025-07-03,99.517,99.523,99.525,99.516,896838.0,511880,sh,银华日利ETF
2025-07-04,99.531,99.545,99.546,99.529,1481272.0,511880,sh,银华日利ETF
2025-07-07,99.536,99.538,99.545,99.534,947763.0,511880,sh,银华日利ETF
2025-07-08,99.537,99.528,99.539,99.525,870904.0,511880,sh,银华日利ETF
2025-07-09,99.527,99.529,99.532,99.527,790422.0,511880,sh,银华日利ETF
2025-07-10,99.537,99.535,99.539,99.533,1311529.0,511880,sh,银华日利ETF
2025-07-11,99.546,99.54,99.547,99.539,1606388.0,511880,sh,银华日利ETF
2025-07-14,99.542,99.546,99.547,99.54,1577394.0,511880,sh,银华日利ETF
2025-07-15,99.546,99.554,99.554,99.545,1071268.0,511880,sh,银华日利ETF
2025-07-16,99.556,99.56,99.56,99.554,1234589.0,511880,sh,银华日利ETF
2025-07-17,99.562,99.563,99.565,99.56,1004811.0,511880,sh,银华日利ETF
2025-07-18,99.571,99.566,99.571,99.563,1605493.0,511880,sh,银华日利ETF
2025-07-21,99.568,99.566,99.569,99.565,1119988.0,511880,sh,银华日利ETF
2025-07-22,99.562,99.565,99.566,99.562,1186192.0,511880,sh,银华日利ETF
2025-07-23,99.565,99.571,99.572,99.563,1075474.0,511880,sh,银华日利ETF
2025-07-24,99.578,99.578,99.583,99.577,1572265.0,511880,sh,银华日利ETF
2025-07-25,99.587,99.59,99.591,99.585,2298770.0,511880,sh,银华日利ETF
2025-07-28,99.59,99.593,99.595,99.588,2085202.0,511880,sh,银华日利ETF
2025-07-29,99.591,99.588,99.592,99.586,1002148.0,511880,sh,银华日利ETF
2025-07-30,99.59,99.594,99.595,99.588,1395597.0,511880,sh,银华日利ETF
2025-07-31,99.6,99.619,99.623,99.599,1334051.0,511880,sh,银华日利ETF
2025-08-01,99.615,99.643,99.651,99.612,1597188.0,511880,sh,银华日利ETF
2025-08-04,99.633,99.623,99.633,99.611,1925547.0,511880,sh,银华日利ETF
2025-08-05,99.617,99.612,99.617,99.605,1786477.0,511880,sh,银华日利ETF
2025-08-06,99.613,99.613,99.615,99.609,1064093.0,511880,sh,银华日利ETF
2025-08-07,99.623,99.621,99.624,99.618,2026550.0,511880,sh,银华日利ETF
2025-08-08,99.625,99.625,99.628,99.622,1776867.0,511880,sh,银华日利ETF
2025-08-11,99.624,99.619,99.625,99.617,1421457.0,511880,sh,银华日利ETF
2025-08-12,99.618,99.629,99.629,99.616,1885600.0,511880,sh,银华日利ETF
2025-08-13,99.633,99.632,99.635,99.63,1964049.0,511880,sh,银华日利ETF
2025-08-14,99.632,99.639,99.641,99.628,1551386.0,511880,sh,银华日利ETF
2025-08-15,99.649,99.646,99.652,99.644,1695442.0,511880,sh,银华日利ETF
2025-08-18,99.647,99.646,99.648,99.644,1618136.0,511880,sh,银华日利ETF
2025-08-19,99.642,99.65,99.653,99.638,1896220.0,511880,sh,银华日利ETF
2025-08-20,99.65,99.662,99.665,99.644,1154196.0,511880,sh,银华日利ETF
2025-08-21,99.657,99.69,99.695,99.657,1201950.0,511880,sh,银华日利ETF
2025-08-22,99.695,99.678,99.698,99.666,2056529.0,511880,sh,银华日利ETF
2025-08-25,99.668,99.672,99.673,99.667,1862822.0,511880,sh,银华日利ETF
2025-08-26,99.669,99.675,99.678,99.668,1860964.0,511880,sh,银华日利ETF
2025-08-27,99.674,99.682,99.689,99.672,1270881.0,511880,sh,银华日利ETF
2025-08-28,99.688,99.704,99.706,99.683,1590791.0,511880,sh,银华日利ETF
2025-08-29,99.7,99.729,99.731,99.689,1827618.0,511880,sh,银华日利ETF
2025-09-01,99.697,99.747,99.755,99.697,1225434.0,511880,sh,银华日利ETF
2025-09-02,99.73,99.769,99.774,99.725,1237504.0,511880,sh,银华日利ETF
2025-09-03,99.731,99.736,99.74,99.713,2345499.0,511880,sh,银华日利ETF
2025-09-04,99.708,99.717,99.72,99.707,2804820.0,511880,sh,银华日利ETF
2025-09-05,99.715,99.699,99.716,99.697,2072583.0,511880,sh,银华日利ETF
2025-09-08,99.708,99.707,99.709,99.703,2188006.0,511880,sh,银华日利ETF
2025-09-09,99.706,99.71,99.712,99.702,2032609.0,511880,sh,银华日利ETF
2025-09-10,99.709,99.714,99.715,99.708,1564851.0,511880,sh,银华日利ETF
2025-09-11,99.724,99.717,99.726,99.713,2398250.0,511880,sh,银华日利ETF
2025-09-12,99.726,99.726,99.728,99.723,1975237.0,511880,sh,银华日利ETF
2025-09-15,99.727,99.73,99.73,99.726,1882892.0,511880,sh,银华日利ETF
2025-09-16,99.726,99.722,99.728,99.721,1602527.0,511880,sh,银华日利ETF
2025-09-17,99.724,99.732,99.733,99.723,1352338.0,511880,sh,银华日利ETF
2025-09-18,99.741,99.757,99.76,99.741,2050939.0,511880,sh,银华日利ETF
2025-09-19,99.755,99.761,99.762,99.747,2168014.0,511880,sh,银华日利ETF
2025-09-22,99.746,99.757,99.758,99.746,1452828.0,511880,sh,银华日利ETF
2025-09-23,99.754,99.77,99.773,99.751,1290763.0,511880,sh,银华日利ETF
2025-09-24,99.763,99.752,99.778,99.745,1580964.0,511880,sh,银华日利ETF
2025-09-25,99.752,99.755,99.756,99.748,1710788.0,511880,sh,银华日利ETF
2025-09-26,99.771,99.77,99.777,99.766,2449336.0,511880,sh,银华日利ETF
2025-09-29,99.771,99.773,99.776,99.765,2461701.0,511880,sh,银华日利ETF
2025-09-30,99.806,99.825,99.833,99.799,2184713.0,511880,sh,银华日利ETF
2025-10-09,99.806,99.793,99.812,99.789,2272067.0,511880,sh,银华日利ETF
2025-10-10,99.806,99.817,99.822,99.805,2166753.0,511880,sh,银华日利ETF
2025-10-13,99.811,99.814,99.815,99.806,2407727.0,511880,sh,银华日利ETF
2025-10-14,99.815,99.825,99.827,99.812,2268204.0,511880,sh,银华日利ETF
2025-10-15,99.816,99.819,99.821,99.812,2421629.0,511880,sh,银华日利ETF
2025-10-16,99.822,99.836,99.842,99.821,1589051.0,511880,sh,银华日利ETF
2025-10-17,99.842,99.858,99.868,99.841,1831885.0,511880,sh,银华日利ETF
2025-10-20,99.864,99.878,99.881,99.845,1727635.0,511880,sh,银华日利ETF
2025-10-21,99.858,99.845,99.859,99.84,2795886.0,511880,sh,银华日利ETF
2025-10-22,99.84,99.852,99.855,99.84,2320666.0,511880,sh,银华日利ETF
2025-10-23,99.853,99.847,99.862,99.844,2014908.0,511880,sh,银华日利ETF
2025-10-24,99.858,99.856,99.861,99.853,2707584.0,511880,sh,银华日利ETF
2025-10-27,99.855,99.852,99.856,99.851,2535740.0,511880,sh,银华日利ETF
2025-10-28,99.854,99.854,99.856,99.85,2284806.0,511880,sh,银华日利ETF
2025-10-29,99.857,99.857,99.858,99.853,1733190.0,511880,sh,银华日利ETF
2025-10-30,99.864,99.886,99.891,99.864,2192313.0,511880,sh,银华日利ETF
2025-10-31,99.879,99.871,99.883,99.868,2045435.0,511880,sh,银华日利ETF
2025-11-03,99.871,99.873,99.874,99.869,1721336.0,511880,sh,银华日利ETF
2025-11-04,99.873,99.888,99.889,99.873,1529212.0,511880,sh,银华日利ETF
2025-11-05,99.893,99.893,99.894,99.883,1573487.0,511880,sh,银华日利ETF
2025-11-06,99.894,99.901,99.902,99.889,1904981.0,511880,sh,银华日利ETF
2025-11-07,99.904,99.903,99.918,99.899,1933428.0,511880,sh,银华日利ETF
2025-11-10,99.903,99.897,99.909,99.896,1916981.0,511880,sh,银华日利ETF
2025-11-11,99.897,99.903,99.904,99.896,1454935.0,511880,sh,银华日利ETF
2025-11-12,99.904,99.904,99.907,99.902,1342456.0,511880,sh,银华日利ETF
2025-11-13,99.913,99.911,99.916,99.908,1828842.0,511880,sh,银华日利ETF
2025-11-14,99.92,99.92,99.921,99.918,1241984.0,511880,sh,银华日利ETF
2025-11-17,99.922,99.919,99.923,99.918,1193510.0,511880,sh,银华日利ETF
2025-11-18,99.919,99.925,99.928,99.918,1393498.0,511880,sh,银华日利ETF
2025-11-19,99.926,99.93,99.933,99.926,1993876.0,511880,sh,银华日利ETF
2025-11-20,99.935,99.95,99.953,99.935,2246797.0,511880,sh,银华日利ETF
2025-11-21,99.951,99.95,99.954,99.932,2101899.0,511880,sh,银华日利ETF
2025-11-24,99.946,99.943,99.951,99.94,1991842.0,511880,sh,银华日利ETF
2025-11-25,99.946,99.949,99.95,99.943,1742230.0,511880,sh,银华日利ETF
2025-11-26,99.953,99.952,99.953,99.95,1330590.0,511880,sh,银华日利ETF
2025-11-27,99.955,99.951,99.956,99.949,1595015.0,511880,sh,银华日利ETF
2025-11-28,99.96,99.959,99.963,99.958,1609099.0,511880,sh,银华日利ETF
2025-12-01,99.962,99.962,99.964,99.96,1082473.0,511880,sh,银华日利ETF
2025-12-02,99.966,99.98,99.986,99.966,1198317.0,511880,sh,银华日利ETF
2025-12-03,99.979,99.991,99.994,99.977,1491397.0,511880,sh,银华日利ETF
2025-12-04,99.978,99.977,99.983,99.976,1289254.0,511880,sh,银华日利ETF
2025-12-05,99.982,99.979,99.983,99.974,1305871.0,511880,sh,银华日利ETF
2025-12-08,99.978,99.978,99.98,99.976,1981801.0,511880,sh,银华日利ETF
2025-12-09,99.984,99.982,99.986,99.982,856719.0,511880,sh,银华日利ETF
2025-12-10,99.987,99.987,99.99,99.985,1198845.0,511880,sh,银华日利ETF
2025-12-11,99.991,99.998,99.999,99.991,1092541.0,511880,sh,银华日利ETF
2025-12-12,100.003,99.991,100.006,99.99,1472271.0,511880,sh,银华日利ETF
2025-12-15,99.997,99.996,99.998,99.994,1075050.0,511880,sh,银华日利ETF
2025-12-16,99.995,100.009,100.011,99.994,1486454.0,511880,sh,银华日利ETF
2025-12-17,100.0,100.002,100.013,99.998,1197561.0,511880,sh,银华日利ETF
2025-12-18,100.01,100.011,100.013,100.006,1469080.0,511880,sh,银华日利ETF
2025-12-19,100.018,100.015,100.019,100.012,1142955.0,511880,sh,银华日利ETF
2025-12-22,100.018,100.015,100.019,100.011,1136696.0,511880,sh,银华日利ETF
2025-12-23,100.014,100.021,100.022,100.011,1479507.0,511880,sh,银华日利ETF
2025-12-24,100.019,100.022,100.023,100.016,1471618.0,511880,sh,银华日利ETF
2025-12-25,100.031,100.023,100.036,100.021,1625453.0,511880,sh,银华日利ETF
2025-12-26,100.033,100.032,100.035,100.027,1680841.0,511880,sh,银华日利ETF
2025-12-29,100.035,100.04,100.041,100.03,1804371.0,511880,sh,银华日利ETF
2025-12-30,100.04,100.037,100.041,100.027,1809198.0,511880,sh,银华日利ETF
2025-12-31,100.059,100.075,100.101,100.057,1508793.0,511880,sh,银华日利ETF
2026-01-05,100.065,100.055,100.065,100.053,2274588.0,511880,sh,银华日利ETF
2026-01-06,100.054,100.048,100.054,100.046,2018071.0,511880,sh,银华日利ETF
2026-01-07,100.05,100.064,100.064,100.047,1376077.0,511880,sh,银华日利ETF
2026-01-08,100.071,100.068,100.071,100.066,1792221.0,511880,sh,银华日利ETF
2026-01-09,100.075,100.074,100.076,100.071,1558866.0,511880,sh,银华日利ETF
2026-01-12,100.071,100.072,100.076,100.066,1492021.0,511880,sh,银华日利ETF
2026-01-13,100.072,100.084,100.084,100.07,1278557.0,511880,sh,银华日利ETF
2026-01-14,100.084,100.088,100.089,100.081,1490752.0,511880,sh,银华日利ETF
2026-01-15,100.089,100.107,100.109,100.085,1816888.0,511880,sh,银华日利ETF
2026-01-16,100.104,100.128,100.132,100.103,1893044.0,511880,sh,银华日利ETF
2026-01-19,100.127,100.122,100.127,100.1,1799125.0,511880,sh,银华日利ETF
2026-01-20,100.113,100.119,100.121,100.105,1073037.0,511880,sh,银华日利ETF
2026-01-21,100.111,100.107,100.113,100.105,1255843.0,511880,sh,银华日利ETF
2026-01-22,100.107,100.114,100.116,100.102,1126103.0,511880,sh,银华日利ETF
2026-01-23,100.123,100.12,100.127,100.116,2092312.0,511880,sh,银华日利ETF
2026-01-26,100.124,100.127,100.128,100.121,1363272.0,511880,sh,银华日利ETF
2026-01-27,100.128,100.132,100.135,100.126,1725708.0,511880,sh,银华日利ETF
2026-01-28,100.13,100.13,100.132,100.128,1947452.0,511880,sh,银华日利ETF
2026-01-29,100.132,100.129,100.136,100.125,1704463.0,511880,sh,银华日利ETF
2026-01-30,100.137,100.137,100.139,100.134,2037361.0,511880,sh,银华日利ETF
2026-02-02,100.135,100.158,100.162,100.131,2197879.0,511880,sh,银华日利ETF
2026-02-03,100.147,100.145,100.148,100.137,1703453.0,511880,sh,银华日利ETF
2026-02-04,100.147,100.153,100.154,100.146,1719331.0,511880,sh,银华日利ETF
2026-02-05,100.154,100.169,100.174,100.153,1091832.0,511880,sh,银华日利ETF
2026-02-06,100.178,100.17,100.179,100.161,2301180.0,511880,sh,银华日利ETF
2026-02-09,100.16,100.16,100.164,100.157,1707690.0,511880,sh,银华日利ETF
2026-02-10,100.161,100.166,100.17,100.159,1337929.0,511880,sh,银华日利ETF
2026-02-11,100.168,100.176,100.177,100.166,1528024.0,511880,sh,银华日利ETF
2026-02-12,100.174,100.187,100.195,100.171,1547627.0,511880,sh,银华日利ETF
2026-02-13,100.215,100.22,100.242,100.215,2557926.0,511880,sh,银华日利ETF
2026-02-24,100.205,100.207,100.209,100.201,1887946.0,511880,sh,银华日利ETF
2026-02-25,100.207,100.207,100.209,100.202,1628168.0,511880,sh,银华日利ETF
2026-02-26,100.21,100.208,100.212,100.205,1668139.0,511880,sh,银华日利ETF
2026-02-27,100.217,100.214,100.218,100.212,1312173.0,511880,sh,银华日利ETF
2026-03-02,100.222,100.227,100.227,100.22,1711475.0,511880,sh,银华日利ETF
2026-03-03,100.231,100.245,100.247,100.228,1980983.0,511880,sh,银华日利ETF
2026-03-04,100.243,100.263,100.266,100.236,1730175.0,511880,sh,银华日利ETF
2026-03-05,100.245,100.251,100.26,100.24,2172152.0,511880,sh,银华日利ETF
2026-03-06,100.25,100.243,100.255,100.237,2124282.0,511880,sh,银华日利ETF
2026-03-09,100.236,100.245,100.246,100.236,2173051.0,511880,sh,银华日利ETF
2026-03-10,100.243,100.246,100.247,100.24,1535726.0,511880,sh,银华日利ETF
2026-03-11,100.246,100.253,100.255,100.244,1779262.0,511880,sh,银华日利ETF
2026-03-12,100.253,100.256,100.258,100.25,1633224.0,511880,sh,银华日利ETF
2026-03-13,100.263,100.266,100.272,100.263,1585556.0,511880,sh,银华日利ETF
2026-03-16,100.265,100.265,100.269,100.261,1831359.0,511880,sh,银华日利ETF
2026-03-17,100.266,100.287,100.291,100.265,1462950.0,511880,sh,银华日利ETF
2026-03-18,100.281,100.276,100.287,100.271,1615829.0,511880,sh,银华日利ETF
2026-03-19,100.274,100.288,100.291,100.274,1534279.0,511880,sh,银华日利ETF
2026-03-20,100.288,100.285,100.289,100.282,1823088.0,511880,sh,银华日利ETF
2026-03-23,100.285,100.279,100.287,100.276,2037369.0,511880,sh,银华日利ETF
2026-03-24,100.281,100.283,100.289,100.28,2026905.0,511880,sh,银华日利ETF
2026-03-25,100.287,100.285,100.288,100.282,2119592.0,511880,sh,银华日利ETF
2026-03-26,100.282,100.298,100.301,100.282,1482010.0,511880,sh,银华日利ETF
2026-03-27,100.303,100.296,100.307,100.295,2207986.0,511880,sh,银华日利ETF
2026-03-30,100.298,100.296,100.299,100.295,1899258.0,511880,sh,银华日利ETF
2026-03-31,100.3,100.312,100.318,100.299,1545980.0,511880,sh,银华日利ETF
2026-04-01,100.308,100.312,100.313,100.305,2472380.0,511880,sh,银华日利ETF
2026-04-02,100.313,100.327,100.331,100.312,1853556.0,511880,sh,银华日利ETF
2026-04-03,100.332,100.367,100.379,100.332,1665187.0,511880,sh,银华日利ETF
2026-04-07,100.351,100.352,100.355,100.347,1378055.0,511880,sh,银华日利ETF
2026-04-08,100.328,100.325,100.33,100.324,1891784.0,511880,sh,银华日利ETF
2026-04-09,100.332,100.337,100.339,100.33,1601513.0,511880,sh,银华日利ETF
2026-04-10,100.341,100.344,100.345,100.339,964598.0,511880,sh,银华日利ETF
2026-04-13,100.346,100.35,100.351,100.343,1159460.0,511880,sh,银华日利ETF
2026-04-14,100.349,100.357,100.359,100.349,1860804.0,511880,sh,银华日利ETF
2026-04-15,100.353,100.358,100.36,100.352,1998612.0,511880,sh,银华日利ETF
2026-04-16,100.356,100.351,100.359,100.34,1767963.0,511880,sh,银华日利ETF
2026-04-17,100.362,100.363,100.366,100.362,1795104.0,511880,sh,银华日利ETF
2026-04-20,100.364,100.364,100.366,100.362,1512380.0,511880,sh,银华日利ETF
2026-04-21,100.365,100.367,100.371,100.364,879980.0,511880,sh,银华日利ETF
2026-04-22,100.374,100.369,100.375,100.367,1739463.0,511880,sh,银华日利ETF
2026-04-23,100.368,100.371,100.372,100.364,1645658.0,511880,sh,银华日利ETF
2026-04-24,100.382,100.382,100.385,100.38,1989334.0,511880,sh,银华日利ETF
2026-04-27,100.383,100.381,100.384,100.379,1974796.0,511880,sh,银华日利ETF
2026-04-28,100.384,100.391,100.392,100.383,1553436.0,511880,sh,银华日利ETF
2026-04-29,100.4,100.404,100.408,100.396,2145433.0,511880,sh,银华日利ETF
2026-04-30,100.415,100.407,100.426,100.398,2435676.0,511880,sh,银华日利ETF
2026-05-06,100.405,100.405,100.407,100.397,2364556.0,511880,sh,银华日利ETF
2026-05-07,100.407,100.41,100.411,100.404,1504701.0,511880,sh,银华日利ETF
2026-05-08,100.424,100.422,100.425,100.419,2333203.0,511880,sh,银华日利ETF
2026-05-11,100.425,100.427,100.429,100.424,1655053.0,511880,sh,银华日利ETF
2026-05-12,100.429,100.431,100.433,100.427,1462344.0,511880,sh,银华日利ETF
2026-05-13,100.43,100.431,100.434,100.428,1213381.0,511880,sh,银华日利ETF
2026-05-14,100.431,100.437,100.447,100.43,905744.0,511880,sh,银华日利ETF
2026-05-15,100.446,100.455,100.466,100.444,2210990.0,511880,sh,银华日利ETF
2026-05-18,100.449,100.45,100.453,100.443,1865505.0,511880,sh,银华日利ETF
2026-05-19,100.447,100.459,100.47,100.446,1330068.0,511880,sh,银华日利ETF
2026-05-20,100.455,100.475,100.489,100.454,1308656.0,511880,sh,银华日利ETF
2026-05-21,100.466,100.481,100.504,100.46,1039882.0,511880,sh,银华日利ETF
2026-05-22,100.481,100.481,100.481,100.464,2163071.0,511880,sh,银华日利ETF
2026-05-25,100.476,100.473,100.49,100.471,1214263.0,511880,sh,银华日利ETF
2026-05-26,100.474,100.475,100.478,100.468,1529032.0,511880,sh,银华日利ETF
2026-05-27,100.473,100.473,100.475,100.468,1589727.0,511880,sh,银华日利ETF
2026-05-28,100.476,100.471,100.476,100.47,1629320.0,511880,sh,银华日利ETF
2026-05-29,100.483,100.485,100.488,100.481,1781213.0,511880,sh,银华日利ETF
2026-06-01,100.484,100.483,100.485,100.478,1347806.0,511880,sh,银华日利ETF
2026-06-02,100.484,100.488,100.489,100.482,1424594.0,511880,sh,银华日利ETF
2026-06-03,100.489,100.501,100.503,100.486,1647714.0,511880,sh,银华日利ETF
2026-06-04,100.498,100.512,100.514,100.496,1109779.0,511880,sh,银华日利ETF
2026-06-05,100.512,100.523,100.554,100.506,1720075.0,511880,sh,银华日利ETF
2026-06-08,100.518,100.516,100.521,100.507,1990968.0,511880,sh,银华日利ETF
2026-06-09,100.513,100.514,100.52,100.512,1656052.0,511880,sh,银华日利ETF
2026-06-10,100.517,100.517,100.521,100.516,1362403.0,511880,sh,银华日利ETF
2026-06-11,100.519,100.523,100.528,100.515,1707342.0,511880,sh,银华日利ETF
2026-06-12,100.522,100.517,100.522,100.515,1971705.0,511880,sh,银华日利ETF
2026-06-15,100.517,100.519,100.522,100.492,2758927.0,511880,sh,银华日利ETF
2026-06-16,100.521,100.522,100.525,100.518,1410440.0,511880,sh,银华日利ETF
2026-06-17,100.526,100.524,100.527,100.521,1620705.0,511880,sh,银华日利ETF
2026-06-18,100.533,100.533,100.536,100.531,1375784.0,511880,sh,银华日利ETF
2026-06-22,100.536,100.541,100.542,100.536,1426392.0,511880,sh,银华日利ETF
2026-06-23,100.542,100.554,100.565,100.54,1396193.0,511880,sh,银华日利ETF
2026-06-24,100.55,100.544,100.552,100.543,2090655.0,511880,sh,银华日利ETF
2026-06-25,100.544,100.545,100.548,100.541,1715475.0,511880,sh,银华日利ETF
2026-06-26,100.557,100.562,100.571,100.556,2575795.0,511880,sh,银华日利ETF
2026-06-29,100.557,100.555,100.559,100.551,2762156.0,511880,sh,银华日利ETF
2026-06-30,100.558,100.559,100.561,100.551,2338347.0,511880,sh,银华日利ETF
2026-07-01,100.563,100.57,100.574,100.559,2816494.0,511880,sh,银华日利ETF
2026-07-02,100.567,100.587,100.603,100.566,1343246.0,511880,sh,银华日利ETF
2026-07-03,100.587,100.616,100.621,100.587,2221802.0,511880,sh,银华日利ETF
