date,open,close,high,low,volume,code,market,name
2020-01-02,0.361,0.373,0.377,0.359,834768.0,512480,sh,UC半导体ETF国联安
2020-01-03,0.374,0.374,0.377,0.368,388318.0,512480,sh,UC半导体ETF国联安
2020-01-06,0.368,0.377,0.38,0.367,452577.0,512480,sh,UC半导体ETF国联安
2020-01-07,0.376,0.374,0.378,0.371,426286.0,512480,sh,UC半导体ETF国联安
2020-01-08,0.373,0.365,0.373,0.364,636909.0,512480,sh,UC半导体ETF国联安
2020-01-09,0.369,0.375,0.376,0.368,657091.0,512480,sh,UC半导体ETF国联安
2020-01-10,0.374,0.39,0.392,0.373,782129.0,512480,sh,UC半导体ETF国联安
2020-01-13,0.389,0.413,0.415,0.387,962238.0,512480,sh,UC半导体ETF国联安
2020-01-14,0.412,0.405,0.415,0.404,889891.0,512480,sh,UC半导体ETF国联安
2020-01-15,0.403,0.417,0.421,0.402,834900.0,512480,sh,UC半导体ETF国联安
2020-01-16,0.415,0.416,0.422,0.413,744700.0,512480,sh,UC半导体ETF国联安
2020-01-17,0.417,0.414,0.42,0.413,608216.0,512480,sh,UC半导体ETF国联安
2020-01-20,0.414,0.438,0.439,0.414,986223.0,512480,sh,UC半导体ETF国联安
2020-01-21,0.433,0.438,0.446,0.428,1468862.0,512480,sh,UC半导体ETF国联安
2020-01-22,0.435,0.465,0.471,0.43,1692554.0,512480,sh,UC半导体ETF国联安
2020-01-23,0.459,0.458,0.478,0.443,3157972.0,512480,sh,UC半导体ETF国联安
2020-02-03,0.412,0.412,0.42,0.412,1307796.0,512480,sh,UC半导体ETF国联安
2020-02-04,0.408,0.43,0.434,0.408,2936914.0,512480,sh,UC半导体ETF国联安
2020-02-05,0.43,0.432,0.445,0.424,2272444.0,512480,sh,UC半导体ETF国联安
2020-02-06,0.425,0.443,0.444,0.422,1924373.0,512480,sh,UC半导体ETF国联安
2020-02-07,0.44,0.461,0.462,0.438,1825034.0,512480,sh,UC半导体ETF国联安
2020-02-10,0.457,0.449,0.461,0.441,2078403.0,512480,sh,UC半导体ETF国联安
2020-02-11,0.448,0.453,0.46,0.448,1440178.0,512480,sh,UC半导体ETF国联安
2020-02-12,0.453,0.467,0.472,0.45,1700795.0,512480,sh,UC半导体ETF国联安
2020-02-13,0.468,0.487,0.495,0.467,2036284.0,512480,sh,UC半导体ETF国联安
2020-02-14,0.487,0.494,0.509,0.483,3032870.0,512480,sh,UC半导体ETF国联安
2020-02-17,0.5,0.509,0.509,0.495,2045424.0,512480,sh,UC半导体ETF国联安
2020-02-18,0.509,0.533,0.534,0.509,2305691.0,512480,sh,UC半导体ETF国联安
2020-02-19,0.533,0.539,0.558,0.518,3106735.0,512480,sh,UC半导体ETF国联安
2020-02-20,0.539,0.554,0.555,0.525,2972712.0,512480,sh,UC半导体ETF国联安
2020-02-21,0.551,0.571,0.573,0.547,2487803.0,512480,sh,UC半导体ETF国联安
2020-02-24,0.572,0.604,0.606,0.566,2859046.0,512480,sh,UC半导体ETF国联安
2020-02-25,0.592,0.612,0.614,0.557,4335446.0,512480,sh,UC半导体ETF国联安
2020-02-26,0.596,0.552,0.603,0.551,3547627.0,512480,sh,UC半导体ETF国联安
2020-02-27,0.561,0.536,0.569,0.528,2767812.0,512480,sh,UC半导体ETF国联安
2020-02-28,0.504,0.509,0.531,0.492,3573125.0,512480,sh,UC半导体ETF国联安
2020-03-02,0.522,0.51,0.525,0.494,3035058.0,512480,sh,UC半导体ETF国联安
2020-03-03,0.519,0.511,0.537,0.506,3239479.0,512480,sh,UC半导体ETF国联安
2020-03-04,0.501,0.49,0.504,0.475,2397903.0,512480,sh,UC半导体ETF国联安
2020-03-05,0.5,0.5,0.502,0.48,2262423.0,512480,sh,UC半导体ETF国联安
2020-03-06,0.49,0.492,0.502,0.487,1310489.0,512480,sh,UC半导体ETF国联安
2020-03-09,0.483,0.455,0.484,0.453,2078390.0,512480,sh,UC半导体ETF国联安
2020-03-10,0.455,0.491,0.492,0.455,2484949.0,512480,sh,UC半导体ETF国联安
2020-03-11,0.495,0.468,0.497,0.466,2206980.0,512480,sh,UC半导体ETF国联安
2020-03-12,0.455,0.469,0.475,0.454,1837954.0,512480,sh,UC半导体ETF国联安
2020-03-13,0.45,0.478,0.485,0.448,2647197.0,512480,sh,UC半导体ETF国联安
2020-03-16,0.478,0.443,0.48,0.439,2212397.0,512480,sh,UC半导体ETF国联安
2020-03-17,0.452,0.45,0.46,0.426,1800772.0,512480,sh,UC半导体ETF国联安
2020-03-18,0.453,0.44,0.467,0.44,2023305.0,512480,sh,UC半导体ETF国联安
2020-03-19,0.444,0.458,0.459,0.439,2041302.0,512480,sh,UC半导体ETF国联安
2020-03-20,0.464,0.452,0.468,0.441,2317215.0,512480,sh,UC半导体ETF国联安
2020-03-23,0.433,0.413,0.438,0.408,2079989.0,512480,sh,UC半导体ETF国联安
2020-03-24,0.422,0.414,0.425,0.394,1997073.0,512480,sh,UC半导体ETF国联安
2020-03-25,0.425,0.422,0.433,0.42,1752885.0,512480,sh,UC半导体ETF国联安
2020-03-26,0.415,0.415,0.428,0.414,1011518.0,512480,sh,UC半导体ETF国联安
2020-03-27,0.42,0.409,0.423,0.409,1063498.0,512480,sh,UC半导体ETF国联安
2020-03-30,0.398,0.4,0.406,0.386,1276011.0,512480,sh,UC半导体ETF国联安
2020-03-31,0.406,0.397,0.411,0.396,1065391.0,512480,sh,UC半导体ETF国联安
2020-04-01,0.392,0.405,0.414,0.392,1425503.0,512480,sh,UC半导体ETF国联安
2020-04-02,0.404,0.435,0.436,0.401,2065393.0,512480,sh,UC半导体ETF国联安
2020-04-03,0.43,0.43,0.436,0.425,1468139.0,512480,sh,UC半导体ETF国联安
2020-04-07,0.443,0.44,0.445,0.438,1299648.0,512480,sh,UC半导体ETF国联安
2020-04-08,0.436,0.444,0.449,0.434,1207410.0,512480,sh,UC半导体ETF国联安
2020-04-09,0.447,0.44,0.448,0.436,912984.0,512480,sh,UC半导体ETF国联安
2020-04-10,0.439,0.418,0.439,0.416,1401763.0,512480,sh,UC半导体ETF国联安
2020-04-13,0.41,0.406,0.414,0.401,809799.0,512480,sh,UC半导体ETF国联安
2020-04-14,0.409,0.419,0.42,0.408,1073930.0,512480,sh,UC半导体ETF国联安
2020-04-15,0.417,0.421,0.435,0.416,1519660.0,512480,sh,UC半导体ETF国联安
2020-04-16,0.417,0.428,0.432,0.413,1057404.0,512480,sh,UC半导体ETF国联安
2020-04-17,0.436,0.442,0.452,0.436,1944528.0,512480,sh,UC半导体ETF国联安
2020-04-20,0.445,0.446,0.446,0.436,878806.0,512480,sh,UC半导体ETF国联安
2020-04-21,0.441,0.434,0.441,0.426,1354832.0,512480,sh,UC半导体ETF国联安
2020-04-22,0.427,0.437,0.437,0.426,1105542.0,512480,sh,UC半导体ETF国联安
2020-04-23,0.437,0.431,0.439,0.43,791729.0,512480,sh,UC半导体ETF国联安
2020-04-24,0.431,0.419,0.433,0.417,944630.0,512480,sh,UC半导体ETF国联安
2020-04-27,0.419,0.413,0.42,0.405,824254.0,512480,sh,UC半导体ETF国联安
2020-04-28,0.413,0.43,0.433,0.404,1639895.0,512480,sh,UC半导体ETF国联安
2020-04-29,0.425,0.425,0.43,0.422,838984.0,512480,sh,UC半导体ETF国联安
2020-04-30,0.431,0.455,0.458,0.431,2242597.0,512480,sh,UC半导体ETF国联安
2020-05-06,0.453,0.481,0.482,0.453,2120451.0,512480,sh,UC半导体ETF国联安
2020-05-07,0.483,0.477,0.487,0.473,1644971.0,512480,sh,UC半导体ETF国联安
2020-05-08,0.481,0.479,0.49,0.474,1634122.0,512480,sh,UC半导体ETF国联安
2020-05-11,0.48,0.475,0.487,0.469,1393505.0,512480,sh,UC半导体ETF国联安
2020-05-12,0.473,0.487,0.488,0.465,1641295.0,512480,sh,UC半导体ETF国联安
2020-05-13,0.482,0.485,0.489,0.479,1252979.0,512480,sh,UC半导体ETF国联安
2020-05-14,0.481,0.483,0.491,0.48,1427257.0,512480,sh,UC半导体ETF国联安
2020-05-15,0.486,0.505,0.512,0.482,2312056.0,512480,sh,UC半导体ETF国联安
2020-05-18,0.521,0.487,0.521,0.482,2680507.0,512480,sh,UC半导体ETF国联安
2020-05-19,0.491,0.512,0.513,0.484,2399988.0,512480,sh,UC半导体ETF国联安
2020-05-20,0.504,0.499,0.513,0.494,2014322.0,512480,sh,UC半导体ETF国联安
2020-05-21,0.5,0.479,0.503,0.477,1958318.0,512480,sh,UC半导体ETF国联安
2020-05-22,0.474,0.475,0.482,0.463,1911100.0,512480,sh,UC半导体ETF国联安
2020-05-25,0.47,0.465,0.473,0.46,1387272.0,512480,sh,UC半导体ETF国联安
2020-05-26,0.467,0.475,0.477,0.467,1372594.0,512480,sh,UC半导体ETF国联安
2020-05-27,0.474,0.464,0.475,0.462,1037912.0,512480,sh,UC半导体ETF国联安
2020-05-28,0.461,0.459,0.465,0.447,1579736.0,512480,sh,UC半导体ETF国联安
2020-05-29,0.454,0.455,0.463,0.452,1191794.0,512480,sh,UC半导体ETF国联安
2020-06-01,0.461,0.478,0.481,0.461,1663494.0,512480,sh,UC半导体ETF国联安
2020-06-02,0.479,0.481,0.485,0.475,1203435.0,512480,sh,UC半导体ETF国联安
2020-06-03,0.482,0.48,0.492,0.475,1496002.0,512480,sh,UC半导体ETF国联安
2020-06-04,0.481,0.476,0.484,0.475,810286.0,512480,sh,UC半导体ETF国联安
2020-06-05,0.48,0.488,0.491,0.479,1386446.0,512480,sh,UC半导体ETF国联安
2020-06-08,0.492,0.479,0.494,0.478,1397506.0,512480,sh,UC半导体ETF国联安
2020-06-09,0.479,0.484,0.485,0.474,897329.0,512480,sh,UC半导体ETF国联安
2020-06-10,0.482,0.482,0.484,0.475,862938.0,512480,sh,UC半导体ETF国联安
2020-06-11,0.481,0.479,0.489,0.476,1002457.0,512480,sh,UC半导体ETF国联安
2020-06-12,0.468,0.477,0.481,0.464,1119165.0,512480,sh,UC半导体ETF国联安
2020-06-15,0.472,0.464,0.474,0.464,1001955.0,512480,sh,UC半导体ETF国联安
2020-06-16,0.469,0.471,0.475,0.467,835161.0,512480,sh,UC半导体ETF国联安
2020-06-17,0.473,0.468,0.473,0.464,689176.0,512480,sh,UC半导体ETF国联安
2020-06-18,0.467,0.477,0.479,0.466,1281237.0,512480,sh,UC半导体ETF国联安
2020-06-19,0.477,0.483,0.487,0.473,1183228.0,512480,sh,UC半导体ETF国联安
2020-06-22,0.488,0.502,0.506,0.485,1732222.0,512480,sh,UC半导体ETF国联安
2020-06-23,0.501,0.503,0.505,0.493,1175405.0,512480,sh,UC半导体ETF国联安
2020-06-24,0.503,0.517,0.519,0.502,1501942.0,512480,sh,UC半导体ETF国联安
2020-06-29,0.511,0.506,0.516,0.502,1317883.0,512480,sh,UC半导体ETF国联安
2020-06-30,0.51,0.515,0.519,0.508,1308332.0,512480,sh,UC半导体ETF国联安
2020-07-01,0.516,0.52,0.532,0.51,1561521.0,512480,sh,UC半导体ETF国联安
2020-07-02,0.522,0.534,0.537,0.518,1379312.0,512480,sh,UC半导体ETF国联安
2020-07-03,0.539,0.536,0.539,0.524,1441405.0,512480,sh,UC半导体ETF国联安
2020-07-06,0.545,0.59,0.59,0.545,2386579.0,512480,sh,UC半导体ETF国联安
2020-07-07,0.625,0.6,0.64,0.59,3257412.0,512480,sh,UC半导体ETF国联安
2020-07-08,0.588,0.61,0.612,0.58,3156254.0,512480,sh,UC半导体ETF国联安
2020-07-09,0.605,0.629,0.638,0.602,2571270.0,512480,sh,UC半导体ETF国联安
2020-07-10,0.62,0.637,0.645,0.612,2521299.0,512480,sh,UC半导体ETF国联安
2020-07-13,0.636,0.661,0.663,0.632,2094914.0,512480,sh,UC半导体ETF国联安
2020-07-14,0.661,0.661,0.681,0.633,2323767.0,512480,sh,UC半导体ETF国联安
2020-07-15,0.66,0.621,0.66,0.617,3097283.0,512480,sh,UC半导体ETF国联安
2020-07-16,0.618,0.567,0.618,0.56,3263825.0,512480,sh,UC半导体ETF国联安
2020-07-17,0.561,0.554,0.574,0.55,2383878.0,512480,sh,UC半导体ETF国联安
2020-07-20,0.563,0.581,0.582,0.55,2090065.0,512480,sh,UC半导体ETF国联安
2020-07-21,0.578,0.574,0.586,0.568,1668846.0,512480,sh,UC半导体ETF国联安
2020-07-22,0.574,0.578,0.592,0.569,1700036.0,512480,sh,UC半导体ETF国联安
2020-07-23,0.571,0.576,0.578,0.557,1607877.0,512480,sh,UC半导体ETF国联安
2020-07-24,0.57,0.543,0.58,0.541,1669246.0,512480,sh,UC半导体ETF国联安
2020-07-27,0.544,0.549,0.56,0.542,1137693.0,512480,sh,UC半导体ETF国联安
2020-07-28,0.555,0.55,0.56,0.542,894741.0,512480,sh,UC半导体ETF国联安
2020-07-29,0.546,0.575,0.577,0.543,1772746.0,512480,sh,UC半导体ETF国联安
2020-07-30,0.577,0.569,0.58,0.565,1327595.0,512480,sh,UC半导体ETF国联安
2020-07-31,0.569,0.588,0.589,0.567,1856053.0,512480,sh,UC半导体ETF国联安
2020-08-03,0.598,0.612,0.613,0.593,1966331.0,512480,sh,UC半导体ETF国联安
2020-08-04,0.616,0.599,0.616,0.593,1844900.0,512480,sh,UC半导体ETF国联安
2020-08-05,0.646,0.607,0.646,0.605,3268224.0,512480,sh,UC半导体ETF国联安
2020-08-06,0.599,0.613,0.62,0.593,2391222.0,512480,sh,UC半导体ETF国联安
2020-08-07,0.609,0.596,0.61,0.578,2277473.0,512480,sh,UC半导体ETF国联安
2020-08-10,0.589,0.589,0.599,0.58,1404425.0,512480,sh,UC半导体ETF国联安
2020-08-11,0.589,0.578,0.595,0.577,1276564.0,512480,sh,UC半导体ETF国联安
2020-08-12,0.577,0.577,0.581,0.557,1680375.0,512480,sh,UC半导体ETF国联安
2020-08-13,0.578,0.573,0.581,0.571,878396.0,512480,sh,UC半导体ETF国联安
2020-08-14,0.572,0.58,0.58,0.568,883591.0,512480,sh,UC半导体ETF国联安
2020-08-17,0.583,0.59,0.59,0.575,1536325.0,512480,sh,UC半导体ETF国联安
2020-08-18,0.59,0.587,0.593,0.583,1075697.0,512480,sh,UC半导体ETF国联安
2020-08-19,0.585,0.566,0.585,0.565,1262982.0,512480,sh,UC半导体ETF国联安
2020-08-20,0.56,0.557,0.568,0.553,859716.0,512480,sh,UC半导体ETF国联安
2020-08-21,0.562,0.554,0.565,0.546,1527646.0,512480,sh,UC半导体ETF国联安
2020-08-24,0.556,0.554,0.56,0.54,1252589.0,512480,sh,UC半导体ETF国联安
2020-08-25,0.555,0.55,0.559,0.548,887463.0,512480,sh,UC半导体ETF国联安
2020-08-26,0.548,0.528,0.548,0.528,1600182.0,512480,sh,UC半导体ETF国联安
2020-08-27,0.528,0.542,0.546,0.521,1637581.0,512480,sh,UC半导体ETF国联安
2020-08-28,0.54,0.547,0.548,0.536,948575.0,512480,sh,UC半导体ETF国联安
2020-08-31,0.549,0.543,0.556,0.542,1217175.0,512480,sh,UC半导体ETF国联安
2020-09-01,0.541,0.542,0.542,0.534,692672.0,512480,sh,UC半导体ETF国联安
2020-09-02,0.544,0.533,0.544,0.531,1163825.0,512480,sh,UC半导体ETF国联安
2020-09-03,0.531,0.534,0.538,0.525,1253323.0,512480,sh,UC半导体ETF国联安
2020-09-04,0.53,0.544,0.551,0.529,2707792.0,512480,sh,UC半导体ETF国联安
2020-09-07,0.549,0.52,0.549,0.518,3240966.0,512480,sh,UC半导体ETF国联安
2020-09-08,0.518,0.512,0.52,0.506,1708530.0,512480,sh,UC半导体ETF国联安
2020-09-09,0.504,0.488,0.505,0.485,2153176.0,512480,sh,UC半导体ETF国联安
2020-09-10,0.494,0.48,0.496,0.479,1411296.0,512480,sh,UC半导体ETF国联安
2020-09-11,0.479,0.492,0.493,0.478,1397895.0,512480,sh,UC半导体ETF国联安
2020-09-14,0.495,0.498,0.504,0.492,1321082.0,512480,sh,UC半导体ETF国联安
2020-09-15,0.497,0.502,0.508,0.491,1452180.0,512480,sh,UC半导体ETF国联安
2020-09-16,0.5,0.497,0.505,0.495,982045.0,512480,sh,UC半导体ETF国联安
2020-09-17,0.495,0.507,0.512,0.49,1698059.0,512480,sh,UC半导体ETF国联安
2020-09-18,0.504,0.513,0.513,0.502,1538811.0,512480,sh,UC半导体ETF国联安
2020-09-21,0.514,0.514,0.523,0.512,1434709.0,512480,sh,UC半导体ETF国联安
2020-09-22,0.507,0.503,0.511,0.5,1159947.0,512480,sh,UC半导体ETF国联安
2020-09-23,0.505,0.509,0.512,0.501,1194586.0,512480,sh,UC半导体ETF国联安
2020-09-24,0.503,0.5,0.507,0.499,984545.0,512480,sh,UC半导体ETF国联安
2020-09-25,0.503,0.496,0.504,0.493,885476.0,512480,sh,UC半导体ETF国联安
2020-09-28,0.493,0.487,0.496,0.485,920638.0,512480,sh,UC半导体ETF国联安
2020-09-29,0.489,0.496,0.499,0.489,1116785.0,512480,sh,UC半导体ETF国联安
2020-09-30,0.496,0.494,0.499,0.492,894709.0,512480,sh,UC半导体ETF国联安
2020-10-09,0.502,0.507,0.509,0.501,1213888.0,512480,sh,UC半导体ETF国联安
2020-10-12,0.51,0.533,0.534,0.51,2149089.0,512480,sh,UC半导体ETF国联安
2020-10-13,0.533,0.531,0.533,0.525,1533334.0,512480,sh,UC半导体ETF国联安
2020-10-14,0.53,0.521,0.53,0.519,1338749.0,512480,sh,UC半导体ETF国联安
2020-10-15,0.52,0.517,0.528,0.517,1017955.0,512480,sh,UC半导体ETF国联安
2020-10-16,0.519,0.516,0.521,0.511,1090421.0,512480,sh,UC半导体ETF国联安
2020-10-19,0.519,0.511,0.52,0.511,1084006.0,512480,sh,UC半导体ETF国联安
2020-10-20,0.51,0.517,0.517,0.506,877156.0,512480,sh,UC半导体ETF国联安
2020-10-21,0.515,0.5,0.515,0.497,1974301.0,512480,sh,UC半导体ETF国联安
2020-10-22,0.497,0.501,0.506,0.492,1002064.0,512480,sh,UC半导体ETF国联安
2020-10-23,0.501,0.491,0.505,0.489,1300633.0,512480,sh,UC半导体ETF国联安
2020-10-26,0.486,0.49,0.493,0.483,917345.0,512480,sh,UC半导体ETF国联安
2020-10-27,0.487,0.492,0.493,0.486,748809.0,512480,sh,UC半导体ETF国联安
2020-10-28,0.491,0.494,0.496,0.486,1083109.0,512480,sh,UC半导体ETF国联安
2020-10-29,0.486,0.492,0.493,0.485,874249.0,512480,sh,UC半导体ETF国联安
2020-10-30,0.494,0.503,0.515,0.493,2851048.0,512480,sh,UC半导体ETF国联安
2020-11-02,0.508,0.513,0.514,0.497,1740773.0,512480,sh,UC半导体ETF国联安
2020-11-03,0.515,0.521,0.526,0.512,2123149.0,512480,sh,UC半导体ETF国联安
2020-11-04,0.521,0.517,0.524,0.515,1293740.0,512480,sh,UC半导体ETF国联安
2020-11-05,0.524,0.523,0.527,0.516,1513790.0,512480,sh,UC半导体ETF国联安
2020-11-06,0.523,0.536,0.537,0.517,2720454.0,512480,sh,UC半导体ETF国联安
2020-11-09,0.547,0.584,0.588,0.547,5450941.0,512480,sh,UC半导体ETF国联安
2020-11-10,0.579,0.565,0.58,0.56,3955891.0,512480,sh,UC半导体ETF国联安
2020-11-11,0.557,0.536,0.563,0.534,4325099.0,512480,sh,UC半导体ETF国联安
2020-11-12,0.541,0.537,0.544,0.531,1932050.0,512480,sh,UC半导体ETF国联安
2020-11-13,0.532,0.539,0.544,0.526,2345030.0,512480,sh,UC半导体ETF国联安
2020-11-16,0.536,0.533,0.537,0.528,1589464.0,512480,sh,UC半导体ETF国联安
2020-11-17,0.531,0.542,0.543,0.516,3744699.0,512480,sh,UC半导体ETF国联安
2020-11-18,0.537,0.536,0.546,0.533,2616202.0,512480,sh,UC半导体ETF国联安
2020-11-19,0.531,0.539,0.548,0.529,2734040.0,512480,sh,UC半导体ETF国联安
2020-11-20,0.536,0.536,0.545,0.535,2002298.0,512480,sh,UC半导体ETF国联安
2020-11-23,0.535,0.539,0.543,0.528,2562262.0,512480,sh,UC半导体ETF国联安
2020-11-24,0.54,0.545,0.553,0.539,3543076.0,512480,sh,UC半导体ETF国联安
2020-11-25,0.544,0.541,0.55,0.54,2630309.0,512480,sh,UC半导体ETF国联安
2020-11-26,0.54,0.537,0.547,0.536,2150841.0,512480,sh,UC半导体ETF国联安
2020-11-27,0.535,0.538,0.542,0.53,1976053.0,512480,sh,UC半导体ETF国联安
2020-11-30,0.539,0.542,0.549,0.533,2969605.0,512480,sh,UC半导体ETF国联安
2020-12-01,0.54,0.545,0.545,0.538,3087271.0,512480,sh,UC半导体ETF国联安
2020-12-02,0.547,0.555,0.557,0.546,4061860.0,512480,sh,UC半导体ETF国联安
2020-12-03,0.555,0.549,0.559,0.548,2779961.0,512480,sh,UC半导体ETF国联安
2020-12-04,0.547,0.552,0.555,0.546,2021192.0,512480,sh,UC半导体ETF国联安
2020-12-07,0.565,0.555,0.569,0.554,3002262.0,512480,sh,UC半导体ETF国联安
2020-12-08,0.555,0.556,0.558,0.553,1398424.0,512480,sh,UC半导体ETF国联安
2020-12-09,0.554,0.539,0.555,0.537,2392960.0,512480,sh,UC半导体ETF国联安
2020-12-10,0.537,0.54,0.543,0.534,1570202.0,512480,sh,UC半导体ETF国联安
2020-12-11,0.539,0.529,0.539,0.523,2501969.0,512480,sh,UC半导体ETF国联安
2020-12-14,0.528,0.533,0.533,0.526,1423604.0,512480,sh,UC半导体ETF国联安
2020-12-15,0.531,0.528,0.535,0.525,1355145.0,512480,sh,UC半导体ETF国联安
2020-12-16,0.526,0.519,0.527,0.518,1624869.0,512480,sh,UC半导体ETF国联安
2020-12-17,0.517,0.521,0.522,0.511,1479369.0,512480,sh,UC半导体ETF国联安
2020-12-18,0.528,0.517,0.53,0.517,1777185.0,512480,sh,UC半导体ETF国联安
2020-12-21,0.513,0.53,0.533,0.512,2133575.0,512480,sh,UC半导体ETF国联安
2020-12-22,0.525,0.514,0.529,0.513,1786911.0,512480,sh,UC半导体ETF国联安
2020-12-23,0.514,0.527,0.528,0.509,2265839.0,512480,sh,UC半导体ETF国联安
2020-12-24,0.526,0.521,0.532,0.52,1481306.0,512480,sh,UC半导体ETF国联安
2020-12-25,0.52,0.513,0.52,0.508,2258694.0,512480,sh,UC半导体ETF国联安
2020-12-28,0.511,0.502,0.511,0.501,1907161.0,512480,sh,UC半导体ETF国联安
2020-12-29,0.501,0.511,0.518,0.501,2343340.0,512480,sh,UC半导体ETF国联安
2020-12-30,0.508,0.514,0.517,0.503,1721530.0,512480,sh,UC半导体ETF国联安
2020-12-31,0.515,0.525,0.526,0.515,2384850.0,512480,sh,UC半导体ETF国联安
2021-01-04,0.528,0.536,0.537,0.521,2460364.0,512480,sh,UC半导体ETF国联安
2021-01-05,0.535,0.554,0.555,0.53,3672847.0,512480,sh,UC半导体ETF国联安
2021-01-06,0.556,0.542,0.558,0.54,3451321.0,512480,sh,UC半导体ETF国联安
2021-01-07,0.542,0.536,0.542,0.529,2821462.0,512480,sh,UC半导体ETF国联安
2021-01-08,0.536,0.536,0.54,0.529,2212231.0,512480,sh,UC半导体ETF国联安
2021-01-11,0.54,0.544,0.557,0.538,3982689.0,512480,sh,UC半导体ETF国联安
2021-01-12,0.543,0.548,0.548,0.535,2761568.0,512480,sh,UC半导体ETF国联安
2021-01-13,0.551,0.562,0.563,0.546,4226782.0,512480,sh,UC半导体ETF国联安
2021-01-14,0.563,0.566,0.581,0.553,4972205.0,512480,sh,UC半导体ETF国联安
2021-01-15,0.566,0.556,0.572,0.549,3223671.0,512480,sh,UC半导体ETF国联安
2021-01-18,0.553,0.581,0.585,0.549,4692969.0,512480,sh,UC半导体ETF国联安
2021-01-19,0.58,0.569,0.582,0.566,3449311.0,512480,sh,UC半导体ETF国联安
2021-01-20,0.571,0.571,0.574,0.56,2337736.0,512480,sh,UC半导体ETF国联安
2021-01-21,0.573,0.569,0.575,0.563,2745417.0,512480,sh,UC半导体ETF国联安
2021-01-22,0.569,0.555,0.57,0.548,4472979.0,512480,sh,UC半导体ETF国联安
2021-01-25,0.544,0.553,0.558,0.538,3264554.0,512480,sh,UC半导体ETF国联安
2021-01-26,0.556,0.546,0.562,0.544,2427330.0,512480,sh,UC半导体ETF国联安
2021-01-27,0.547,0.539,0.55,0.532,2034910.0,512480,sh,UC半导体ETF国联安
2021-01-28,0.532,0.523,0.538,0.522,2260262.0,512480,sh,UC半导体ETF国联安
2021-01-29,0.526,0.514,0.528,0.507,2348490.0,512480,sh,UC半导体ETF国联安
2021-02-01,0.513,0.517,0.519,0.511,1271562.0,512480,sh,UC半导体ETF国联安
2021-02-02,0.519,0.522,0.522,0.513,1400309.0,512480,sh,UC半导体ETF国联安
2021-02-03,0.52,0.502,0.52,0.501,2787056.0,512480,sh,UC半导体ETF国联安
2021-02-04,0.5,0.504,0.507,0.48,3710760.0,512480,sh,UC半导体ETF国联安
2021-02-05,0.507,0.491,0.507,0.49,2345753.0,512480,sh,UC半导体ETF国联安
2021-02-08,0.49,0.5,0.506,0.49,2202080.0,512480,sh,UC半导体ETF国联安
2021-02-09,0.501,0.509,0.509,0.497,1759432.0,512480,sh,UC半导体ETF国联安
2021-02-10,0.51,0.51,0.511,0.503,1471043.0,512480,sh,UC半导体ETF国联安
2021-02-18,0.52,0.523,0.529,0.514,2878626.0,512480,sh,UC半导体ETF国联安
2021-02-19,0.521,0.521,0.521,0.51,2353620.0,512480,sh,UC半导体ETF国联安
2021-02-22,0.521,0.51,0.526,0.51,2056928.0,512480,sh,UC半导体ETF国联安
2021-02-23,0.506,0.506,0.511,0.499,1508179.0,512480,sh,UC半导体ETF国联安
2021-02-24,0.507,0.514,0.524,0.507,3399924.0,512480,sh,UC半导体ETF国联安
2021-02-25,0.517,0.507,0.518,0.506,1784499.0,512480,sh,UC半导体ETF国联安
2021-02-26,0.499,0.495,0.503,0.493,2101008.0,512480,sh,UC半导体ETF国联安
2021-03-01,0.499,0.514,0.515,0.498,2443889.0,512480,sh,UC半导体ETF国联安
2021-03-02,0.517,0.517,0.52,0.511,1994257.0,512480,sh,UC半导体ETF国联安
2021-03-03,0.515,0.516,0.517,0.507,1428185.0,512480,sh,UC半导体ETF国联安
2021-03-04,0.514,0.503,0.521,0.501,2159960.0,512480,sh,UC半导体ETF国联安
2021-03-05,0.498,0.5,0.502,0.495,1651794.0,512480,sh,UC半导体ETF国联安
2021-03-08,0.502,0.477,0.504,0.475,2691257.0,512480,sh,UC半导体ETF国联安
2021-03-09,0.475,0.45,0.477,0.449,2656130.0,512480,sh,UC半导体ETF国联安
2021-03-10,0.458,0.449,0.459,0.448,1308242.0,512480,sh,UC半导体ETF国联安
2021-03-11,0.45,0.464,0.477,0.446,2216232.0,512480,sh,UC半导体ETF国联安
2021-03-12,0.465,0.453,0.465,0.451,1754174.0,512480,sh,UC半导体ETF国联安
2021-03-15,0.449,0.434,0.449,0.431,1918019.0,512480,sh,UC半导体ETF国联安
2021-03-16,0.435,0.434,0.439,0.428,1309077.0,512480,sh,UC半导体ETF国联安
2021-03-17,0.432,0.442,0.444,0.432,2115880.0,512480,sh,UC半导体ETF国联安
2021-03-18,0.443,0.44,0.445,0.438,944920.0,512480,sh,UC半导体ETF国联安
2021-03-19,0.431,0.44,0.444,0.43,1333694.0,512480,sh,UC半导体ETF国联安
2021-03-22,0.438,0.441,0.442,0.437,847324.0,512480,sh,UC半导体ETF国联安
2021-03-23,0.443,0.44,0.45,0.439,1247119.0,512480,sh,UC半导体ETF国联安
2021-03-24,0.438,0.431,0.439,0.429,1185628.0,512480,sh,UC半导体ETF国联安
2021-03-25,0.428,0.434,0.437,0.428,970507.0,512480,sh,UC半导体ETF国联安
2021-03-29,0.444,0.443,0.45,0.442,2162493.0,512480,sh,UC半导体ETF国联安
2021-03-30,0.443,0.444,0.447,0.441,1300696.0,512480,sh,UC半导体ETF国联安
2021-03-31,0.444,0.447,0.448,0.439,1606516.0,512480,sh,UC半导体ETF国联安
2021-04-01,0.448,0.463,0.464,0.448,4525796.0,512480,sh,UC半导体ETF国联安
2021-04-02,0.467,0.49,0.49,0.467,7025814.0,512480,sh,UC半导体ETF国联安
2021-04-06,0.493,0.487,0.495,0.482,2553405.0,512480,sh,UC半导体ETF国联安
2021-04-07,0.484,0.49,0.49,0.477,2173657.0,512480,sh,UC半导体ETF国联安
2021-04-08,0.485,0.486,0.493,0.483,2014195.0,512480,sh,UC半导体ETF国联安
2021-04-09,0.485,0.485,0.492,0.482,1618514.0,512480,sh,UC半导体ETF国联安
2021-04-12,0.484,0.479,0.494,0.474,2762022.0,512480,sh,UC半导体ETF国联安
2021-04-13,0.475,0.476,0.484,0.473,1602158.0,512480,sh,UC半导体ETF国联安
2021-04-14,0.478,0.478,0.481,0.474,1453641.0,512480,sh,UC半导体ETF国联安
2021-04-15,0.478,0.477,0.478,0.469,1518302.0,512480,sh,UC半导体ETF国联安
2021-04-16,0.479,0.476,0.48,0.47,1251795.0,512480,sh,UC半导体ETF国联安
2021-04-19,0.473,0.483,0.483,0.466,2517624.0,512480,sh,UC半导体ETF国联安
2021-04-20,0.479,0.476,0.481,0.476,1743612.0,512480,sh,UC半导体ETF国联安
2021-04-21,0.473,0.477,0.479,0.472,1527008.0,512480,sh,UC半导体ETF国联安
2021-04-22,0.48,0.485,0.489,0.478,2452269.0,512480,sh,UC半导体ETF国联安
2021-04-23,0.483,0.487,0.489,0.482,1900663.0,512480,sh,UC半导体ETF国联安
2021-04-26,0.49,0.493,0.504,0.49,4325116.0,512480,sh,UC半导体ETF国联安
2021-04-27,0.491,0.488,0.494,0.485,1702866.0,512480,sh,UC半导体ETF国联安
2021-04-28,0.491,0.5,0.501,0.484,2339893.0,512480,sh,UC半导体ETF国联安
2021-04-29,0.501,0.502,0.511,0.5,2577596.0,512480,sh,UC半导体ETF国联安
2021-04-30,0.501,0.503,0.508,0.499,2300337.0,512480,sh,UC半导体ETF国联安
2021-05-06,0.499,0.5,0.506,0.496,1654562.0,512480,sh,UC半导体ETF国联安
2021-05-07,0.5,0.477,0.504,0.476,3452760.0,512480,sh,UC半导体ETF国联安
2021-05-10,0.475,0.468,0.475,0.465,2400726.0,512480,sh,UC半导体ETF国联安
2021-05-11,0.463,0.47,0.471,0.459,1900865.0,512480,sh,UC半导体ETF国联安
2021-05-12,0.469,0.48,0.48,0.462,2519476.0,512480,sh,UC半导体ETF国联安
2021-05-13,0.473,0.48,0.488,0.471,2357235.0,512480,sh,UC半导体ETF国联安
2021-05-14,0.483,0.492,0.496,0.476,3592362.0,512480,sh,UC半导体ETF国联安
2021-05-17,0.492,0.492,0.501,0.491,2836337.0,512480,sh,UC半导体ETF国联安
2021-05-18,0.486,0.49,0.491,0.485,1506214.0,512480,sh,UC半导体ETF国联安
2021-05-19,0.489,0.495,0.497,0.487,2241886.0,512480,sh,UC半导体ETF国联安
2021-05-20,0.493,0.493,0.497,0.49,1873196.0,512480,sh,UC半导体ETF国联安
2021-05-21,0.492,0.489,0.497,0.488,1454818.0,512480,sh,UC半导体ETF国联安
2021-05-24,0.488,0.498,0.499,0.483,2506832.0,512480,sh,UC半导体ETF国联安
2021-05-25,0.499,0.51,0.512,0.498,3621815.0,512480,sh,UC半导体ETF国联安
2021-05-26,0.511,0.507,0.515,0.505,2521952.0,512480,sh,UC半导体ETF国联安
2021-05-27,0.508,0.53,0.535,0.507,6300469.0,512480,sh,UC半导体ETF国联安
2021-05-28,0.528,0.527,0.533,0.523,3397635.0,512480,sh,UC半导体ETF国联安
2021-05-31,0.532,0.534,0.537,0.529,2847067.0,512480,sh,UC半导体ETF国联安
2021-06-01,0.533,0.541,0.548,0.529,3694473.0,512480,sh,UC半导体ETF国联安
2021-06-02,0.542,0.536,0.543,0.53,3531595.0,512480,sh,UC半导体ETF国联安
2021-06-03,0.532,0.528,0.536,0.525,2379353.0,512480,sh,UC半导体ETF国联安
2021-06-04,0.525,0.543,0.546,0.525,3736707.0,512480,sh,UC半导体ETF国联安
2021-06-07,0.556,0.561,0.566,0.555,4897574.0,512480,sh,UC半导体ETF国联安
2021-06-08,0.565,0.557,0.565,0.552,3637743.0,512480,sh,UC半导体ETF国联安
2021-06-09,0.556,0.562,0.565,0.554,2473196.0,512480,sh,UC半导体ETF国联安
2021-06-10,0.561,0.57,0.57,0.558,3549628.0,512480,sh,UC半导体ETF国联安
2021-06-11,0.57,0.558,0.571,0.557,3458153.0,512480,sh,UC半导体ETF国联安
2021-06-15,0.557,0.566,0.572,0.556,3696662.0,512480,sh,UC半导体ETF国联安
2021-06-16,0.567,0.549,0.578,0.548,3984157.0,512480,sh,UC半导体ETF国联安
2021-06-17,0.546,0.593,0.597,0.546,7894924.0,512480,sh,UC半导体ETF国联安
2021-06-18,0.596,0.6,0.604,0.583,4689303.0,512480,sh,UC半导体ETF国联安
2021-06-21,0.597,0.601,0.605,0.588,3300508.0,512480,sh,UC半导体ETF国联安
2021-06-22,0.603,0.6,0.606,0.589,3687541.0,512480,sh,UC半导体ETF国联安
2021-06-23,0.598,0.629,0.637,0.598,5502344.0,512480,sh,UC半导体ETF国联安
2021-06-24,0.626,0.618,0.631,0.613,3607158.0,512480,sh,UC半导体ETF国联安
2021-06-25,0.617,0.626,0.628,0.608,3827566.0,512480,sh,UC半导体ETF国联安
2021-06-28,0.626,0.641,0.65,0.625,3521755.0,512480,sh,UC半导体ETF国联安
2021-06-29,0.64,0.637,0.642,0.624,3387408.0,512480,sh,UC半导体ETF国联安
2021-06-30,0.643,0.668,0.676,0.643,6138845.0,512480,sh,UC半导体ETF国联安
2021-07-01,0.668,0.653,0.669,0.65,4283028.0,512480,sh,UC半导体ETF国联安
2021-07-02,0.645,0.642,0.654,0.635,4252752.0,512480,sh,UC半导体ETF国联安
2021-07-05,0.65,0.673,0.674,0.65,5423142.0,512480,sh,UC半导体ETF国联安
2021-07-06,0.674,0.658,0.683,0.64,7059847.0,512480,sh,UC半导体ETF国联安
2021-07-07,0.643,0.671,0.674,0.635,5667295.0,512480,sh,UC半导体ETF国联安
2021-07-08,0.671,0.694,0.698,0.671,5380762.0,512480,sh,UC半导体ETF国联安
2021-07-09,0.687,0.685,0.693,0.666,5865772.0,512480,sh,UC半导体ETF国联安
2021-07-12,0.688,0.694,0.702,0.671,5335126.0,512480,sh,UC半导体ETF国联安
2021-07-13,0.687,0.657,0.688,0.649,10696790.0,512480,sh,UC半导体ETF国联安
2021-07-14,0.65,0.652,0.665,0.646,4873766.0,512480,sh,UC半导体ETF国联安
2021-07-15,0.648,0.655,0.657,0.64,4417692.0,512480,sh,UC半导体ETF国联安
2021-07-16,0.654,0.644,0.672,0.643,4705697.0,512480,sh,UC半导体ETF国联安
2021-07-19,0.634,0.645,0.652,0.63,3520912.0,512480,sh,UC半导体ETF国联安
2021-07-20,0.637,0.659,0.66,0.637,4247231.0,512480,sh,UC半导体ETF国联安
2021-07-21,0.662,0.684,0.694,0.66,7114865.0,512480,sh,UC半导体ETF国联安
2021-07-22,0.689,0.707,0.711,0.677,5726516.0,512480,sh,UC半导体ETF国联安
2021-07-23,0.705,0.708,0.716,0.698,3284850.0,512480,sh,UC半导体ETF国联安
2021-07-26,0.708,0.719,0.729,0.686,5010002.0,512480,sh,UC半导体ETF国联安
2021-07-27,0.722,0.73,0.784,0.722,9406119.0,512480,sh,UC半导体ETF国联安
2021-07-28,0.71,0.707,0.732,0.675,7542051.0,512480,sh,UC半导体ETF国联安
2021-07-29,0.723,0.758,0.763,0.712,7568865.0,512480,sh,UC半导体ETF国联安
2021-07-30,0.755,0.771,0.78,0.747,6050474.0,512480,sh,UC半导体ETF国联安
2021-08-02,0.765,0.748,0.77,0.727,8032914.0,512480,sh,UC半导体ETF国联安
2021-08-03,0.734,0.698,0.739,0.693,9169918.0,512480,sh,UC半导体ETF国联安
2021-08-04,0.695,0.724,0.727,0.694,6964685.0,512480,sh,UC半导体ETF国联安
2021-08-05,0.716,0.726,0.737,0.706,5289446.0,512480,sh,UC半导体ETF国联安
2021-08-06,0.735,0.718,0.741,0.708,4197547.0,512480,sh,UC半导体ETF国联安
2021-08-09,0.701,0.7,0.707,0.68,4930731.0,512480,sh,UC半导体ETF国联安
2021-08-10,0.698,0.692,0.705,0.678,4961478.0,512480,sh,UC半导体ETF国联安
2021-08-11,0.692,0.697,0.702,0.681,4330866.0,512480,sh,UC半导体ETF国联安
2021-08-12,0.695,0.704,0.722,0.692,5260482.0,512480,sh,UC半导体ETF国联安
2021-08-13,0.694,0.674,0.694,0.674,6464692.0,512480,sh,UC半导体ETF国联安
2021-08-16,0.669,0.682,0.696,0.663,5110356.0,512480,sh,UC半导体ETF国联安
2021-08-17,0.678,0.655,0.688,0.651,4988499.0,512480,sh,UC半导体ETF国联安
2021-08-18,0.654,0.658,0.666,0.651,3672631.0,512480,sh,UC半导体ETF国联安
2021-08-19,0.655,0.672,0.679,0.655,5175651.0,512480,sh,UC半导体ETF国联安
2021-08-20,0.673,0.679,0.69,0.667,4489415.0,512480,sh,UC半导体ETF国联安
2021-08-23,0.68,0.691,0.694,0.67,4171230.0,512480,sh,UC半导体ETF国联安
2021-08-24,0.692,0.705,0.711,0.682,4773037.0,512480,sh,UC半导体ETF国联安
2021-08-25,0.706,0.697,0.714,0.69,3162167.0,512480,sh,UC半导体ETF国联安
2021-08-26,0.697,0.681,0.703,0.679,3698316.0,512480,sh,UC半导体ETF国联安
2021-08-27,0.675,0.683,0.687,0.674,2306199.0,512480,sh,UC半导体ETF国联安
2021-08-30,0.687,0.67,0.698,0.667,3792870.0,512480,sh,UC半导体ETF国联安
2021-08-31,0.66,0.648,0.662,0.638,4831634.0,512480,sh,UC半导体ETF国联安
2021-09-01,0.648,0.652,0.654,0.63,3777413.0,512480,sh,UC半导体ETF国联安
2021-09-02,0.644,0.627,0.647,0.625,5075684.0,512480,sh,UC半导体ETF国联安
2021-09-03,0.626,0.628,0.637,0.613,4383100.0,512480,sh,UC半导体ETF国联安
2021-09-06,0.627,0.644,0.645,0.618,4058284.0,512480,sh,UC半导体ETF国联安
2021-09-07,0.64,0.645,0.65,0.638,2970399.0,512480,sh,UC半导体ETF国联安
2021-09-08,0.643,0.639,0.648,0.637,2664516.0,512480,sh,UC半导体ETF国联安
2021-09-09,0.636,0.634,0.639,0.626,2195416.0,512480,sh,UC半导体ETF国联安
2021-09-10,0.633,0.664,0.67,0.629,6262933.0,512480,sh,UC半导体ETF国联安
2021-09-13,0.661,0.635,0.661,0.632,6824675.0,512480,sh,UC半导体ETF国联安
2021-09-14,0.63,0.64,0.65,0.63,4107972.0,512480,sh,UC半导体ETF国联安
2021-09-15,0.641,0.634,0.642,0.623,2743070.0,512480,sh,UC半导体ETF国联安
2021-09-16,0.629,0.612,0.633,0.611,3865352.0,512480,sh,UC半导体ETF国联安
2021-09-17,0.613,0.619,0.624,0.608,2886304.0,512480,sh,UC半导体ETF国联安
2021-09-22,0.61,0.623,0.631,0.608,2792146.0,512480,sh,UC半导体ETF国联安
2021-09-23,0.625,0.638,0.647,0.615,4534300.0,512480,sh,UC半导体ETF国联安
2021-09-24,0.636,0.634,0.643,0.632,2202012.0,512480,sh,UC半导体ETF国联安
2021-09-27,0.638,0.629,0.647,0.623,2954686.0,512480,sh,UC半导体ETF国联安
2021-09-28,0.628,0.632,0.647,0.617,3141971.0,512480,sh,UC半导体ETF国联安
2021-09-29,0.622,0.619,0.63,0.615,3462917.0,512480,sh,UC半导体ETF国联安
2021-09-30,0.62,0.626,0.63,0.619,2176697.0,512480,sh,UC半导体ETF国联安
2021-10-08,0.635,0.619,0.639,0.619,3731608.0,512480,sh,UC半导体ETF国联安
2021-10-11,0.619,0.611,0.625,0.609,3623466.0,512480,sh,UC半导体ETF国联安
2021-10-12,0.608,0.59,0.611,0.585,4834288.0,512480,sh,UC半导体ETF国联安
2021-10-13,0.59,0.604,0.606,0.587,4222143.0,512480,sh,UC半导体ETF国联安
2021-10-14,0.6,0.604,0.609,0.6,1963160.0,512480,sh,UC半导体ETF国联安
2021-10-15,0.604,0.627,0.628,0.601,6104568.0,512480,sh,UC半导体ETF国联安
2021-10-18,0.624,0.618,0.624,0.608,3705702.0,512480,sh,UC半导体ETF国联安
2021-10-19,0.615,0.62,0.622,0.613,2628765.0,512480,sh,UC半导体ETF国联安
2021-10-20,0.62,0.615,0.624,0.614,2851556.0,512480,sh,UC半导体ETF国联安
2021-10-21,0.615,0.605,0.616,0.603,3146519.0,512480,sh,UC半导体ETF国联安
2021-10-22,0.608,0.625,0.63,0.608,6624350.0,512480,sh,UC半导体ETF国联安
2021-10-25,0.625,0.631,0.632,0.618,3498930.0,512480,sh,UC半导体ETF国联安
2021-10-26,0.63,0.629,0.634,0.62,4489869.0,512480,sh,UC半导体ETF国联安
2021-10-27,0.627,0.617,0.627,0.615,4066248.0,512480,sh,UC半导体ETF国联安
2021-10-28,0.618,0.615,0.627,0.611,3695528.0,512480,sh,UC半导体ETF国联安
2021-10-29,0.615,0.627,0.635,0.614,5534114.0,512480,sh,UC半导体ETF国联安
2021-11-01,0.626,0.635,0.638,0.623,4164874.0,512480,sh,UC半导体ETF国联安
2021-11-02,0.637,0.653,0.66,0.637,7845031.0,512480,sh,UC半导体ETF国联安
2021-11-03,0.656,0.648,0.661,0.64,5202789.0,512480,sh,UC半导体ETF国联安
2021-11-04,0.65,0.655,0.663,0.649,4243378.0,512480,sh,UC半导体ETF国联安
2021-11-05,0.665,0.655,0.672,0.654,3893525.0,512480,sh,UC半导体ETF国联安
2021-11-08,0.652,0.643,0.652,0.631,5302733.0,512480,sh,UC半导体ETF国联安
2021-11-09,0.641,0.658,0.66,0.637,5198254.0,512480,sh,UC半导体ETF国联安
2021-11-10,0.652,0.662,0.663,0.648,4870882.0,512480,sh,UC半导体ETF国联安
2021-11-11,0.658,0.68,0.689,0.656,7849300.0,512480,sh,UC半导体ETF国联安
2021-11-12,0.673,0.676,0.681,0.669,4693887.0,512480,sh,UC半导体ETF国联安
2021-11-15,0.677,0.667,0.681,0.665,3904402.0,512480,sh,UC半导体ETF国联安
2021-11-16,0.664,0.657,0.673,0.655,4247995.0,512480,sh,UC半导体ETF国联安
2021-11-17,0.657,0.662,0.662,0.648,3724672.0,512480,sh,UC半导体ETF国联安
2021-11-18,0.659,0.653,0.664,0.651,3245591.0,512480,sh,UC半导体ETF国联安
2021-11-19,0.653,0.656,0.659,0.648,3464797.0,512480,sh,UC半导体ETF国联安
2021-11-22,0.656,0.687,0.688,0.654,11213127.0,512480,sh,UC半导体ETF国联安
2021-11-23,0.686,0.685,0.694,0.683,4114441.0,512480,sh,UC半导体ETF国联安
2021-11-24,0.684,0.683,0.696,0.682,3204920.0,512480,sh,UC半导体ETF国联安
2021-11-25,0.679,0.691,0.7,0.677,3524135.0,512480,sh,UC半导体ETF国联安
2021-11-26,0.687,0.673,0.687,0.67,5850988.0,512480,sh,UC半导体ETF国联安
2021-11-29,0.663,0.676,0.678,0.66,3315268.0,512480,sh,UC半导体ETF国联安
2021-11-30,0.68,0.683,0.69,0.678,4133957.0,512480,sh,UC半导体ETF国联安
2021-12-01,0.682,0.685,0.697,0.681,2970003.0,512480,sh,UC半导体ETF国联安
2021-12-02,0.686,0.686,0.694,0.685,2904906.0,512480,sh,UC半导体ETF国联安
2021-12-03,0.69,0.704,0.711,0.689,5806692.0,512480,sh,UC半导体ETF国联安
2021-12-06,0.704,0.687,0.706,0.686,3605999.0,512480,sh,UC半导体ETF国联安
2021-12-07,0.69,0.67,0.694,0.666,4937897.0,512480,sh,UC半导体ETF国联安
2021-12-08,0.673,0.688,0.688,0.672,4796314.0,512480,sh,UC半导体ETF国联安
2021-12-09,0.685,0.688,0.689,0.682,3230156.0,512480,sh,UC半导体ETF国联安
2021-12-10,0.684,0.684,0.686,0.674,3404788.0,512480,sh,UC半导体ETF国联安
2021-12-13,0.684,0.686,0.689,0.678,3447167.0,512480,sh,UC半导体ETF国联安
2021-12-14,0.681,0.679,0.682,0.675,2682786.0,512480,sh,UC半导体ETF国联安
2021-12-15,0.679,0.669,0.682,0.668,4143289.0,512480,sh,UC半导体ETF国联安
2021-12-16,0.674,0.67,0.677,0.667,2576044.0,512480,sh,UC半导体ETF国联安
2021-12-17,0.665,0.648,0.666,0.646,6847852.0,512480,sh,UC半导体ETF国联安
2021-12-20,0.643,0.635,0.652,0.633,3950163.0,512480,sh,UC半导体ETF国联安
2021-12-21,0.636,0.64,0.642,0.632,2681338.0,512480,sh,UC半导体ETF国联安
2021-12-22,0.644,0.645,0.654,0.641,3261102.0,512480,sh,UC半导体ETF国联安
2021-12-23,0.645,0.646,0.65,0.641,1657373.0,512480,sh,UC半导体ETF国联安
2021-12-24,0.647,0.643,0.652,0.641,1787106.0,512480,sh,UC半导体ETF国联安
2021-12-27,0.642,0.641,0.648,0.637,1590158.0,512480,sh,UC半导体ETF国联安
2021-12-28,0.644,0.646,0.647,0.64,1695451.0,512480,sh,UC半导体ETF国联安
2021-12-29,0.645,0.638,0.646,0.634,2409362.0,512480,sh,UC半导体ETF国联安
2021-12-30,0.637,0.652,0.658,0.636,4804673.0,512480,sh,UC半导体ETF国联安
2021-12-31,0.652,0.65,0.653,0.645,2315494.0,512480,sh,UC半导体ETF国联安
2022-01-04,0.652,0.638,0.653,0.631,2874602.0,512480,sh,UC半导体ETF国联安
2022-01-05,0.636,0.612,0.637,0.608,4576950.0,512480,sh,UC半导体ETF国联安
2022-01-06,0.607,0.61,0.613,0.601,2250896.0,512480,sh,UC半导体ETF国联安
2022-01-07,0.61,0.603,0.615,0.601,2392332.0,512480,sh,UC半导体ETF国联安
2022-01-10,0.602,0.598,0.603,0.586,3115783.0,512480,sh,UC半导体ETF国联安
2022-01-11,0.594,0.583,0.595,0.582,3849646.0,512480,sh,UC半导体ETF国联安
2022-01-12,0.587,0.593,0.594,0.585,3084790.0,512480,sh,UC半导体ETF国联安
2022-01-13,0.594,0.583,0.595,0.583,2821595.0,512480,sh,UC半导体ETF国联安
2022-01-14,0.58,0.591,0.596,0.578,3202001.0,512480,sh,UC半导体ETF国联安
2022-01-17,0.592,0.604,0.606,0.592,3246794.0,512480,sh,UC半导体ETF国联安
2022-01-18,0.605,0.611,0.62,0.601,4278084.0,512480,sh,UC半导体ETF国联安
2022-01-19,0.606,0.602,0.611,0.598,2118354.0,512480,sh,UC半导体ETF国联安
2022-01-20,0.602,0.595,0.608,0.595,2118879.0,512480,sh,UC半导体ETF国联安
2022-01-21,0.593,0.585,0.595,0.583,2771867.0,512480,sh,UC半导体ETF国联安
2022-01-24,0.583,0.593,0.594,0.582,2092964.0,512480,sh,UC半导体ETF国联安
2022-01-25,0.591,0.578,0.596,0.578,2350216.0,512480,sh,UC半导体ETF国联安
2022-01-26,0.579,0.585,0.588,0.576,1858653.0,512480,sh,UC半导体ETF国联安
2022-01-27,0.583,0.565,0.587,0.564,2830977.0,512480,sh,UC半导体ETF国联安
2022-01-28,0.567,0.556,0.571,0.555,2097227.0,512480,sh,UC半导体ETF国联安
2022-02-07,0.564,0.557,0.573,0.555,2290024.0,512480,sh,UC半导体ETF国联安
2022-02-08,0.558,0.542,0.558,0.532,3004497.0,512480,sh,UC半导体ETF国联安
2022-02-09,0.541,0.547,0.548,0.533,2924310.0,512480,sh,UC半导体ETF国联安
2022-02-10,0.55,0.547,0.553,0.543,2723043.0,512480,sh,UC半导体ETF国联安
2022-02-11,0.544,0.539,0.549,0.538,2546522.0,512480,sh,UC半导体ETF国联安
2022-02-14,0.533,0.535,0.542,0.528,2053825.0,512480,sh,UC半导体ETF国联安
2022-02-15,0.537,0.555,0.555,0.536,4132465.0,512480,sh,UC半导体ETF国联安
2022-02-16,0.557,0.551,0.559,0.549,2440872.0,512480,sh,UC半导体ETF国联安
2022-02-17,0.548,0.556,0.561,0.547,3049366.0,512480,sh,UC半导体ETF国联安
2022-02-18,0.55,0.552,0.554,0.548,1964489.0,512480,sh,UC半导体ETF国联安
2022-02-21,0.55,0.549,0.554,0.547,1563380.0,512480,sh,UC半导体ETF国联安
2022-02-22,0.545,0.55,0.553,0.535,3229940.0,512480,sh,UC半导体ETF国联安
2022-02-23,0.551,0.584,0.585,0.55,7879708.0,512480,sh,UC半导体ETF国联安
2022-02-24,0.58,0.578,0.587,0.567,5999854.0,512480,sh,UC半导体ETF国联安
2022-02-25,0.588,0.58,0.593,0.579,4182012.0,512480,sh,UC半导体ETF国联安
2022-02-28,0.581,0.585,0.588,0.577,2521291.0,512480,sh,UC半导体ETF国联安
2022-03-01,0.585,0.585,0.586,0.58,2106821.0,512480,sh,UC半导体ETF国联安
2022-03-02,0.58,0.576,0.58,0.57,3016226.0,512480,sh,UC半导体ETF国联安
2022-03-03,0.579,0.564,0.581,0.563,3793167.0,512480,sh,UC半导体ETF国联安
2022-03-04,0.56,0.57,0.581,0.558,4151441.0,512480,sh,UC半导体ETF国联安
2022-03-07,0.566,0.549,0.568,0.545,4710773.0,512480,sh,UC半导体ETF国联安
2022-03-08,0.549,0.552,0.564,0.54,6144616.0,512480,sh,UC半导体ETF国联安
2022-03-09,0.556,0.556,0.565,0.534,7088873.0,512480,sh,UC半导体ETF国联安
2022-03-10,0.57,0.559,0.573,0.558,7821782.0,512480,sh,UC半导体ETF国联安
2022-03-11,0.55,0.559,0.56,0.544,5189069.0,512480,sh,UC半导体ETF国联安
2022-03-14,0.552,0.54,0.554,0.54,3895033.0,512480,sh,UC半导体ETF国联安
2022-03-15,0.533,0.521,0.549,0.519,5492382.0,512480,sh,UC半导体ETF国联安
2022-03-16,0.532,0.551,0.551,0.515,6595193.0,512480,sh,UC半导体ETF国联安
2022-03-17,0.56,0.558,0.57,0.555,6659438.0,512480,sh,UC半导体ETF国联安
2022-03-18,0.554,0.555,0.559,0.549,3658239.0,512480,sh,UC半导体ETF国联安
2022-03-21,0.556,0.559,0.561,0.551,3343436.0,512480,sh,UC半导体ETF国联安
2022-03-22,0.554,0.55,0.559,0.548,2953236.0,512480,sh,UC半导体ETF国联安
2022-03-23,0.552,0.55,0.554,0.543,2863323.0,512480,sh,UC半导体ETF国联安
2022-03-24,0.545,0.536,0.545,0.533,3727565.0,512480,sh,UC半导体ETF国联安
2022-03-25,0.541,0.53,0.546,0.529,3763336.0,512480,sh,UC半导体ETF国联安
2022-03-28,0.524,0.524,0.529,0.521,3305821.0,512480,sh,UC半导体ETF国联安
2022-03-29,0.526,0.514,0.528,0.512,4037365.0,512480,sh,UC半导体ETF国联安
2022-03-30,0.516,0.525,0.525,0.515,4208467.0,512480,sh,UC半导体ETF国联安
2022-03-31,0.521,0.511,0.521,0.51,3580906.0,512480,sh,UC半导体ETF国联安
2022-04-01,0.507,0.512,0.518,0.505,3581634.0,512480,sh,UC半导体ETF国联安
2022-04-06,0.509,0.495,0.509,0.492,6354162.0,512480,sh,UC半导体ETF国联安
2022-04-07,0.49,0.484,0.497,0.483,4204693.0,512480,sh,UC半导体ETF国联安
2022-04-08,0.486,0.486,0.493,0.476,4311347.0,512480,sh,UC半导体ETF国联安
2022-04-11,0.481,0.46,0.482,0.458,4342022.0,512480,sh,UC半导体ETF国联安
2022-04-12,0.459,0.467,0.467,0.453,3923288.0,512480,sh,UC半导体ETF国联安
2022-04-13,0.462,0.454,0.463,0.454,3464952.0,512480,sh,UC半导体ETF国联安
2022-04-14,0.458,0.464,0.468,0.449,6083242.0,512480,sh,UC半导体ETF国联安
2022-04-15,0.456,0.464,0.468,0.454,4421629.0,512480,sh,UC半导体ETF国联安
2022-04-18,0.46,0.481,0.482,0.46,7098666.0,512480,sh,UC半导体ETF国联安
2022-04-19,0.478,0.47,0.481,0.468,5583013.0,512480,sh,UC半导体ETF国联安
2022-04-20,0.469,0.464,0.474,0.463,3423505.0,512480,sh,UC半导体ETF国联安
2022-04-21,0.461,0.456,0.473,0.453,4209959.0,512480,sh,UC半导体ETF国联安
2022-04-22,0.451,0.443,0.458,0.441,4788708.0,512480,sh,UC半导体ETF国联安
2022-04-25,0.433,0.41,0.435,0.409,5072339.0,512480,sh,UC半导体ETF国联安
2022-04-26,0.411,0.4,0.418,0.398,4288236.0,512480,sh,UC半导体ETF国联安
2022-04-27,0.392,0.425,0.427,0.39,6841846.0,512480,sh,UC半导体ETF国联安
2022-04-28,0.42,0.421,0.426,0.414,4760375.0,512480,sh,UC半导体ETF国联安
2022-04-29,0.426,0.434,0.439,0.419,6042960.0,512480,sh,UC半导体ETF国联安
2022-05-05,0.431,0.437,0.445,0.431,4831129.0,512480,sh,UC半导体ETF国联安
2022-05-06,0.425,0.426,0.434,0.423,2758659.0,512480,sh,UC半导体ETF国联安
2022-05-09,0.423,0.423,0.429,0.42,1988644.0,512480,sh,UC半导体ETF国联安
2022-05-10,0.416,0.438,0.446,0.416,5358231.0,512480,sh,UC半导体ETF国联安
2022-05-11,0.438,0.454,0.464,0.437,7736477.0,512480,sh,UC半导体ETF国联安
2022-05-12,0.45,0.457,0.463,0.448,3533340.0,512480,sh,UC半导体ETF国联安
2022-05-13,0.46,0.456,0.463,0.451,2918603.0,512480,sh,UC半导体ETF国联安
2022-05-16,0.459,0.452,0.463,0.449,2563804.0,512480,sh,UC半导体ETF国联安
2022-05-17,0.451,0.467,0.468,0.448,4792911.0,512480,sh,UC半导体ETF国联安
2022-05-18,0.468,0.468,0.473,0.465,3338789.0,512480,sh,UC半导体ETF国联安
2022-05-19,0.459,0.476,0.476,0.458,4145288.0,512480,sh,UC半导体ETF国联安
2022-05-20,0.476,0.478,0.481,0.47,2750605.0,512480,sh,UC半导体ETF国联安
2022-05-23,0.478,0.481,0.483,0.474,2524095.0,512480,sh,UC半导体ETF国联安
2022-05-24,0.479,0.462,0.486,0.461,4188985.0,512480,sh,UC半导体ETF国联安
2022-05-25,0.461,0.464,0.47,0.459,2373776.0,512480,sh,UC半导体ETF国联安
2022-05-26,0.463,0.461,0.465,0.451,3152452.0,512480,sh,UC半导体ETF国联安
2022-05-27,0.463,0.457,0.469,0.454,2858529.0,512480,sh,UC半导体ETF国联安
2022-05-30,0.458,0.464,0.467,0.454,2893525.0,512480,sh,UC半导体ETF国联安
2022-05-31,0.464,0.473,0.473,0.454,4306141.0,512480,sh,UC半导体ETF国联安
2022-06-01,0.47,0.474,0.478,0.469,2880740.0,512480,sh,UC半导体ETF国联安
2022-06-02,0.47,0.493,0.493,0.47,5154004.0,512480,sh,UC半导体ETF国联安
2022-06-06,0.493,0.507,0.507,0.49,4101922.0,512480,sh,UC半导体ETF国联安
2022-06-07,0.505,0.497,0.506,0.493,4481244.0,512480,sh,UC半导体ETF国联安
2022-06-08,0.494,0.494,0.501,0.486,4127041.0,512480,sh,UC半导体ETF国联安
2022-06-09,0.492,0.478,0.493,0.475,5479101.0,512480,sh,UC半导体ETF国联安
2022-06-10,0.474,0.486,0.486,0.473,4083331.0,512480,sh,UC半导体ETF国联安
2022-06-13,0.48,0.479,0.485,0.474,4519949.0,512480,sh,UC半导体ETF国联安
2022-06-14,0.473,0.467,0.474,0.453,6710321.0,512480,sh,UC半导体ETF国联安
2022-06-15,0.467,0.474,0.482,0.466,6645534.0,512480,sh,UC半导体ETF国联安
2022-06-16,0.474,0.482,0.49,0.474,6088017.0,512480,sh,UC半导体ETF国联安
2022-06-17,0.476,0.48,0.48,0.468,5632765.0,512480,sh,UC半导体ETF国联安
2022-06-20,0.482,0.483,0.491,0.478,6450283.0,512480,sh,UC半导体ETF国联安
2022-06-21,0.484,0.479,0.485,0.474,5993044.0,512480,sh,UC半导体ETF国联安
2022-06-22,0.48,0.463,0.481,0.462,7165650.0,512480,sh,UC半导体ETF国联安
2022-06-23,0.462,0.475,0.475,0.461,5389326.0,512480,sh,UC半导体ETF国联安
2022-06-24,0.477,0.481,0.486,0.472,6972923.0,512480,sh,UC半导体ETF国联安
2022-06-27,0.483,0.488,0.492,0.483,6660867.0,512480,sh,UC半导体ETF国联安
2022-06-28,0.487,0.505,0.506,0.478,10569923.0,512480,sh,UC半导体ETF国联安
2022-06-29,0.502,0.497,0.516,0.495,10398200.0,512480,sh,UC半导体ETF国联安
2022-06-30,0.496,0.507,0.51,0.495,7300187.0,512480,sh,UC半导体ETF国联安
2022-07-01,0.506,0.505,0.513,0.502,6403855.0,512480,sh,UC半导体ETF国联安
2022-07-04,0.495,0.49,0.497,0.482,9873353.0,512480,sh,UC半导体ETF国联安
2022-07-05,0.489,0.488,0.495,0.481,6608454.0,512480,sh,UC半导体ETF国联安
2022-07-06,0.488,0.498,0.51,0.487,11346541.0,512480,sh,UC半导体ETF国联安
2022-07-07,0.498,0.496,0.501,0.488,4786053.0,512480,sh,UC半导体ETF国联安
2022-07-08,0.499,0.499,0.509,0.497,6285193.0,512480,sh,UC半导体ETF国联安
2022-07-11,0.495,0.486,0.496,0.482,5941605.0,512480,sh,UC半导体ETF国联安
2022-07-12,0.483,0.469,0.488,0.469,7493964.0,512480,sh,UC半导体ETF国联安
2022-07-13,0.47,0.462,0.472,0.457,6873017.0,512480,sh,UC半导体ETF国联安
2022-07-14,0.461,0.467,0.471,0.46,5163856.0,512480,sh,UC半导体ETF国联安
2022-07-15,0.466,0.466,0.477,0.464,5459784.0,512480,sh,UC半导体ETF国联安
2022-07-18,0.466,0.466,0.469,0.456,6414968.0,512480,sh,UC半导体ETF国联安
2022-07-19,0.464,0.463,0.467,0.457,5514930.0,512480,sh,UC半导体ETF国联安
2022-07-20,0.468,0.468,0.473,0.466,5306054.0,512480,sh,UC半导体ETF国联安
2022-07-21,0.467,0.48,0.487,0.463,11245177.0,512480,sh,UC半导体ETF国联安
2022-07-22,0.482,0.472,0.484,0.468,5936090.0,512480,sh,UC半导体ETF国联安
2022-07-25,0.469,0.466,0.476,0.464,3664866.0,512480,sh,UC半导体ETF国联安
2022-07-26,0.465,0.469,0.469,0.459,4377785.0,512480,sh,UC半导体ETF国联安
2022-07-27,0.467,0.463,0.468,0.461,4467744.0,512480,sh,UC半导体ETF国联安
2022-07-28,0.467,0.474,0.478,0.467,8352410.0,512480,sh,UC半导体ETF国联安
2022-07-29,0.473,0.461,0.473,0.46,5500415.0,512480,sh,UC半导体ETF国联安
2022-08-01,0.458,0.468,0.468,0.449,5472015.0,512480,sh,UC半导体ETF国联安
2022-08-02,0.461,0.466,0.475,0.456,6657013.0,512480,sh,UC半导体ETF国联安
2022-08-03,0.468,0.483,0.493,0.466,12662577.0,512480,sh,UC半导体ETF国联安
2022-08-04,0.486,0.492,0.497,0.483,8005802.0,512480,sh,UC半导体ETF国联安
2022-08-05,0.493,0.532,0.533,0.49,16469677.0,512480,sh,UC半导体ETF国联安
2022-08-08,0.536,0.526,0.538,0.518,11666316.0,512480,sh,UC半导体ETF国联安
2022-08-09,0.519,0.531,0.532,0.509,14148520.0,512480,sh,UC半导体ETF国联安
2022-08-10,0.522,0.526,0.538,0.518,11946989.0,512480,sh,UC半导体ETF国联安
2022-08-11,0.527,0.535,0.54,0.527,8779022.0,512480,sh,UC半导体ETF国联安
2022-08-12,0.53,0.522,0.536,0.521,6794736.0,512480,sh,UC半导体ETF国联安
2022-08-15,0.518,0.516,0.526,0.515,6005813.0,512480,sh,UC半导体ETF国联安
2022-08-16,0.515,0.512,0.52,0.509,7468763.0,512480,sh,UC半导体ETF国联安
2022-08-17,0.511,0.513,0.514,0.505,7295511.0,512480,sh,UC半导体ETF国联安
2022-08-18,0.512,0.516,0.518,0.506,8985137.0,512480,sh,UC半导体ETF国联安
2022-08-19,0.514,0.501,0.525,0.501,9095567.0,512480,sh,UC半导体ETF国联安
2022-08-22,0.498,0.501,0.505,0.494,5493455.0,512480,sh,UC半导体ETF国联安
2022-08-23,0.499,0.498,0.504,0.496,4519321.0,512480,sh,UC半导体ETF国联安
2022-08-24,0.498,0.475,0.499,0.474,12417478.0,512480,sh,UC半导体ETF国联安
2022-08-25,0.475,0.473,0.478,0.466,6756104.0,512480,sh,UC半导体ETF国联安
2022-08-26,0.474,0.465,0.476,0.464,7056027.0,512480,sh,UC半导体ETF国联安
2022-08-29,0.457,0.464,0.469,0.455,5632030.0,512480,sh,UC半导体ETF国联安
2022-08-30,0.465,0.468,0.471,0.463,5105844.0,512480,sh,UC半导体ETF国联安
2022-08-31,0.465,0.463,0.469,0.459,6352636.0,512480,sh,UC半导体ETF国联安
2022-09-01,0.466,0.459,0.472,0.457,6331882.0,512480,sh,UC半导体ETF国联安
2022-09-02,0.459,0.465,0.467,0.457,7185637.0,512480,sh,UC半导体ETF国联安
2022-09-05,0.463,0.462,0.467,0.453,6610014.0,512480,sh,UC半导体ETF国联安
2022-09-06,0.463,0.466,0.466,0.46,5765983.0,512480,sh,UC半导体ETF国联安
2022-09-07,0.467,0.478,0.482,0.466,10953021.0,512480,sh,UC半导体ETF国联安
2022-09-08,0.475,0.471,0.478,0.471,4937038.0,512480,sh,UC半导体ETF国联安
2022-09-09,0.472,0.47,0.473,0.464,5316193.0,512480,sh,UC半导体ETF国联安
2022-09-13,0.471,0.47,0.478,0.469,4950485.0,512480,sh,UC半导体ETF国联安
2022-09-14,0.463,0.471,0.472,0.461,5937328.0,512480,sh,UC半导体ETF国联安
2022-09-15,0.47,0.456,0.471,0.451,9898798.0,512480,sh,UC半导体ETF国联安
2022-09-16,0.454,0.453,0.463,0.452,7574804.0,512480,sh,UC半导体ETF国联安
2022-09-19,0.452,0.444,0.459,0.443,6015531.0,512480,sh,UC半导体ETF国联安
2022-09-20,0.446,0.445,0.448,0.438,4667706.0,512480,sh,UC半导体ETF国联安
2022-09-21,0.442,0.436,0.442,0.433,5776867.0,512480,sh,UC半导体ETF国联安
2022-09-22,0.432,0.434,0.44,0.432,4362531.0,512480,sh,UC半导体ETF国联安
2022-09-23,0.434,0.422,0.436,0.419,5834888.0,512480,sh,UC半导体ETF国联安
2022-09-26,0.418,0.423,0.428,0.417,4881339.0,512480,sh,UC半导体ETF国联安
2022-09-27,0.423,0.432,0.433,0.422,5784009.0,512480,sh,UC半导体ETF国联安
2022-09-28,0.43,0.42,0.431,0.419,4500271.0,512480,sh,UC半导体ETF国联安
2022-09-29,0.423,0.42,0.427,0.418,4171037.0,512480,sh,UC半导体ETF国联安
2022-09-30,0.419,0.41,0.421,0.408,4791453.0,512480,sh,UC半导体ETF国联安
2022-10-10,0.404,0.38,0.404,0.38,10803824.0,512480,sh,UC半导体ETF国联安
2022-10-11,0.377,0.375,0.38,0.372,6351945.0,512480,sh,UC半导体ETF国联安
2022-10-12,0.373,0.39,0.39,0.37,9310926.0,512480,sh,UC半导体ETF国联安
2022-10-13,0.385,0.387,0.394,0.384,6104628.0,512480,sh,UC半导体ETF国联安
2022-10-14,0.393,0.397,0.397,0.386,8231549.0,512480,sh,UC半导体ETF国联安
2022-10-17,0.392,0.405,0.407,0.391,7855474.0,512480,sh,UC半导体ETF国联安
2022-10-18,0.406,0.401,0.407,0.398,5130714.0,512480,sh,UC半导体ETF国联安
2022-10-19,0.399,0.399,0.405,0.398,4527903.0,512480,sh,UC半导体ETF国联安
2022-10-20,0.396,0.42,0.423,0.396,13091104.0,512480,sh,UC半导体ETF国联安
2022-10-21,0.415,0.412,0.418,0.406,9607826.0,512480,sh,UC半导体ETF国联安
2022-10-24,0.411,0.413,0.425,0.41,8390741.0,512480,sh,UC半导体ETF国联安
2022-10-25,0.41,0.411,0.417,0.406,6074231.0,512480,sh,UC半导体ETF国联安
2022-10-26,0.411,0.422,0.425,0.405,7881490.0,512480,sh,UC半导体ETF国联安
2022-10-27,0.42,0.424,0.432,0.417,7290746.0,512480,sh,UC半导体ETF国联安
2022-10-28,0.42,0.419,0.435,0.416,9121836.0,512480,sh,UC半导体ETF国联安
2022-10-31,0.414,0.428,0.431,0.412,7893927.0,512480,sh,UC半导体ETF国联安
2022-11-01,0.426,0.43,0.431,0.421,7638672.0,512480,sh,UC半导体ETF国联安
2022-11-02,0.428,0.431,0.438,0.428,7455827.0,512480,sh,UC半导体ETF国联安
2022-11-03,0.427,0.445,0.447,0.426,10171436.0,512480,sh,UC半导体ETF国联安
2022-11-04,0.445,0.449,0.452,0.441,8482230.0,512480,sh,UC半导体ETF国联安
2022-11-07,0.447,0.443,0.453,0.441,6842344.0,512480,sh,UC半导体ETF国联安
2022-11-08,0.443,0.438,0.445,0.434,5250950.0,512480,sh,UC半导体ETF国联安
2022-11-09,0.438,0.434,0.441,0.433,4709766.0,512480,sh,UC半导体ETF国联安
2022-11-10,0.43,0.422,0.436,0.42,8037444.0,512480,sh,UC半导体ETF国联安
2022-11-11,0.44,0.428,0.44,0.427,9287829.0,512480,sh,UC半导体ETF国联安
2022-11-14,0.428,0.432,0.437,0.423,7001391.0,512480,sh,UC半导体ETF国联安
2022-11-15,0.433,0.46,0.461,0.429,17041198.0,512480,sh,UC半导体ETF国联安
2022-11-16,0.46,0.452,0.46,0.45,8763734.0,512480,sh,UC半导体ETF国联安
2022-11-17,0.449,0.463,0.465,0.441,12882624.0,512480,sh,UC半导体ETF国联安
2022-11-18,0.459,0.452,0.467,0.449,10389262.0,512480,sh,UC半导体ETF国联安
2022-11-21,0.445,0.448,0.453,0.443,6322021.0,512480,sh,UC半导体ETF国联安
2022-11-22,0.447,0.444,0.453,0.441,6620979.0,512480,sh,UC半导体ETF国联安
2022-11-23,0.442,0.44,0.445,0.431,8371839.0,512480,sh,UC半导体ETF国联安
2022-11-24,0.44,0.436,0.442,0.435,5314993.0,512480,sh,UC半导体ETF国联安
2022-11-25,0.435,0.432,0.444,0.432,6645900.0,512480,sh,UC半导体ETF国联安
2022-11-28,0.424,0.427,0.43,0.423,5890928.0,512480,sh,UC半导体ETF国联安
2022-11-29,0.428,0.435,0.437,0.424,8361251.0,512480,sh,UC半导体ETF国联安
2022-11-30,0.434,0.432,0.437,0.429,6663945.0,512480,sh,UC半导体ETF国联安
2022-12-01,0.439,0.438,0.444,0.437,9031320.0,512480,sh,UC半导体ETF国联安
2022-12-02,0.436,0.435,0.442,0.434,6343809.0,512480,sh,UC半导体ETF国联安
2022-12-05,0.437,0.437,0.439,0.432,7869159.0,512480,sh,UC半导体ETF国联安
2022-12-06,0.437,0.446,0.451,0.436,13382745.0,512480,sh,UC半导体ETF国联安
2022-12-07,0.444,0.441,0.444,0.439,8554006.0,512480,sh,UC半导体ETF国联安
2022-12-08,0.441,0.434,0.441,0.433,7269855.0,512480,sh,UC半导体ETF国联安
2022-12-09,0.434,0.439,0.442,0.434,9830392.0,512480,sh,UC半导体ETF国联安
2022-12-12,0.439,0.447,0.451,0.435,11893374.0,512480,sh,UC半导体ETF国联安
2022-12-13,0.445,0.44,0.445,0.439,7192623.0,512480,sh,UC半导体ETF国联安
2022-12-14,0.455,0.44,0.457,0.439,16200247.0,512480,sh,UC半导体ETF国联安
2022-12-15,0.437,0.446,0.452,0.434,11913725.0,512480,sh,UC半导体ETF国联安
2022-12-16,0.444,0.437,0.445,0.435,11609356.0,512480,sh,UC半导体ETF国联安
2022-12-19,0.435,0.426,0.439,0.424,8280539.0,512480,sh,UC半导体ETF国联安
2022-12-20,0.424,0.426,0.431,0.424,6402465.0,512480,sh,UC半导体ETF国联安
2022-12-21,0.427,0.421,0.429,0.417,6619511.0,512480,sh,UC半导体ETF国联安
2022-12-22,0.422,0.413,0.423,0.412,6513048.0,512480,sh,UC半导体ETF国联安
2022-12-23,0.409,0.404,0.412,0.4,8308060.0,512480,sh,UC半导体ETF国联安
2022-12-26,0.404,0.415,0.417,0.404,8146229.0,512480,sh,UC半导体ETF国联安
2022-12-27,0.415,0.42,0.422,0.412,6308458.0,512480,sh,UC半导体ETF国联安
2022-12-28,0.418,0.416,0.42,0.415,4344327.0,512480,sh,UC半导体ETF国联安
2022-12-29,0.414,0.414,0.419,0.413,4498209.0,512480,sh,UC半导体ETF国联安
2022-12-30,0.417,0.412,0.419,0.411,4808232.0,512480,sh,UC半导体ETF国联安
2023-01-03,0.412,0.418,0.418,0.407,6088794.0,512480,sh,UC半导体ETF国联安
2023-01-04,0.418,0.415,0.425,0.412,7913176.0,512480,sh,UC半导体ETF国联安
2023-01-05,0.415,0.419,0.421,0.413,8209516.0,512480,sh,UC半导体ETF国联安
2023-01-06,0.417,0.418,0.422,0.414,9665575.0,512480,sh,UC半导体ETF国联安
2023-01-09,0.42,0.421,0.427,0.418,9709452.0,512480,sh,UC半导体ETF国联安
2023-01-10,0.42,0.424,0.429,0.419,10675337.0,512480,sh,UC半导体ETF国联安
2023-01-11,0.425,0.42,0.432,0.419,10181178.0,512480,sh,UC半导体ETF国联安
2023-01-12,0.42,0.418,0.421,0.416,6657078.0,512480,sh,UC半导体ETF国联安
2023-01-13,0.419,0.419,0.42,0.414,7494279.0,512480,sh,UC半导体ETF国联安
2023-01-16,0.415,0.431,0.434,0.414,15689287.0,512480,sh,UC半导体ETF国联安
2023-01-17,0.431,0.441,0.445,0.43,14473556.0,512480,sh,UC半导体ETF国联安
2023-01-18,0.442,0.44,0.443,0.438,5683714.0,512480,sh,UC半导体ETF国联安
2023-01-19,0.439,0.45,0.451,0.438,10630907.0,512480,sh,UC半导体ETF国联安
2023-01-20,0.45,0.452,0.452,0.448,9798275.0,512480,sh,UC半导体ETF国联安
2023-01-30,0.457,0.449,0.459,0.448,13129855.0,512480,sh,UC半导体ETF国联安
2023-01-31,0.448,0.44,0.45,0.438,12826624.0,512480,sh,UC半导体ETF国联安
2023-02-01,0.44,0.447,0.448,0.439,10857642.0,512480,sh,UC半导体ETF国联安
2023-02-02,0.45,0.453,0.461,0.448,14618028.0,512480,sh,UC半导体ETF国联安
2023-02-03,0.452,0.455,0.458,0.446,11698384.0,512480,sh,UC半导体ETF国联安
2023-02-06,0.451,0.448,0.455,0.446,8289009.0,512480,sh,UC半导体ETF国联安
2023-02-07,0.448,0.447,0.45,0.444,6502026.0,512480,sh,UC半导体ETF国联安
2023-02-08,0.448,0.442,0.454,0.441,9266915.0,512480,sh,UC半导体ETF国联安
2023-02-09,0.439,0.462,0.462,0.438,18622658.0,512480,sh,UC半导体ETF国联安
2023-02-10,0.46,0.457,0.464,0.454,13989336.0,512480,sh,UC半导体ETF国联安
2023-02-13,0.455,0.46,0.463,0.452,12185462.0,512480,sh,UC半导体ETF国联安
2023-02-14,0.46,0.458,0.469,0.455,11544435.0,512480,sh,UC半导体ETF国联安
2023-02-15,0.457,0.463,0.464,0.453,11927476.0,512480,sh,UC半导体ETF国联安
2023-02-16,0.462,0.451,0.468,0.447,15886427.0,512480,sh,UC半导体ETF国联安
2023-02-17,0.45,0.436,0.451,0.436,18202476.0,512480,sh,UC半导体ETF国联安
2023-02-20,0.435,0.441,0.441,0.431,12953644.0,512480,sh,UC半导体ETF国联安
2023-02-21,0.44,0.439,0.444,0.435,11101475.0,512480,sh,UC半导体ETF国联安
2023-02-22,0.436,0.438,0.441,0.434,8902451.0,512480,sh,UC半导体ETF国联安
2023-02-23,0.438,0.436,0.439,0.435,8659195.0,512480,sh,UC半导体ETF国联安
2023-02-24,0.439,0.437,0.442,0.434,10923401.0,512480,sh,UC半导体ETF国联安
2023-02-27,0.434,0.428,0.435,0.427,10444470.0,512480,sh,UC半导体ETF国联安
2023-02-28,0.43,0.43,0.433,0.425,8110345.0,512480,sh,UC半导体ETF国联安
2023-03-01,0.43,0.436,0.436,0.429,11197572.0,512480,sh,UC半导体ETF国联安
2023-03-02,0.436,0.432,0.44,0.432,9679211.0,512480,sh,UC半导体ETF国联安
2023-03-03,0.439,0.443,0.445,0.436,18613296.0,512480,sh,UC半导体ETF国联安
2023-03-06,0.444,0.446,0.449,0.438,11800767.0,512480,sh,UC半导体ETF国联安
2023-03-07,0.445,0.433,0.447,0.432,15254292.0,512480,sh,UC半导体ETF国联安
2023-03-08,0.431,0.437,0.438,0.43,10915734.0,512480,sh,UC半导体ETF国联安
2023-03-09,0.438,0.442,0.447,0.437,13845928.0,512480,sh,UC半导体ETF国联安
2023-03-10,0.438,0.439,0.447,0.437,12299376.0,512480,sh,UC半导体ETF国联安
2023-03-13,0.437,0.44,0.441,0.434,10442418.0,512480,sh,UC半导体ETF国联安
2023-03-14,0.438,0.453,0.455,0.435,23261983.0,512480,sh,UC半导体ETF国联安
2023-03-15,0.454,0.453,0.464,0.451,18554088.0,512480,sh,UC半导体ETF国联安
2023-03-16,0.45,0.452,0.459,0.449,14688177.0,512480,sh,UC半导体ETF国联安
2023-03-17,0.456,0.461,0.463,0.451,17992676.0,512480,sh,UC半导体ETF国联安
2023-03-20,0.46,0.47,0.474,0.457,19657972.0,512480,sh,UC半导体ETF国联安
2023-03-21,0.468,0.468,0.472,0.463,13284612.0,512480,sh,UC半导体ETF国联安
2023-03-22,0.468,0.469,0.471,0.464,12097171.0,512480,sh,UC半导体ETF国联安
2023-03-23,0.467,0.49,0.49,0.466,24897150.0,512480,sh,UC半导体ETF国联安
2023-03-24,0.49,0.486,0.492,0.48,15566639.0,512480,sh,UC半导体ETF国联安
2023-03-27,0.484,0.48,0.489,0.474,14901480.0,512480,sh,UC半导体ETF国联安
2023-03-28,0.477,0.466,0.479,0.464,17007919.0,512480,sh,UC半导体ETF国联安
2023-03-29,0.465,0.48,0.487,0.462,21332569.0,512480,sh,UC半导体ETF国联安
2023-03-30,0.48,0.485,0.491,0.478,16152214.0,512480,sh,UC半导体ETF国联安
2023-03-31,0.484,0.489,0.489,0.48,11839642.0,512480,sh,UC半导体ETF国联安
2023-04-03,0.496,0.514,0.515,0.496,23355846.0,512480,sh,UC半导体ETF国联安
2023-04-04,0.513,0.521,0.533,0.509,23862010.0,512480,sh,UC半导体ETF国联安
2023-04-06,0.518,0.545,0.56,0.518,26790973.0,512480,sh,UC半导体ETF国联安
2023-04-07,0.546,0.551,0.556,0.538,14955600.0,512480,sh,UC半导体ETF国联安
2023-04-10,0.552,0.531,0.559,0.528,20315854.0,512480,sh,UC半导体ETF国联安
2023-04-11,0.532,0.529,0.541,0.52,17855516.0,512480,sh,UC半导体ETF国联安
2023-04-12,0.528,0.537,0.541,0.522,15686247.0,512480,sh,UC半导体ETF国联安
2023-04-13,0.532,0.516,0.536,0.515,17584082.0,512480,sh,UC半导体ETF国联安
2023-04-14,0.523,0.543,0.543,0.51,23394745.0,512480,sh,UC半导体ETF国联安
2023-04-17,0.542,0.537,0.546,0.534,15550038.0,512480,sh,UC半导体ETF国联安
2023-04-18,0.535,0.525,0.535,0.517,21317481.0,512480,sh,UC半导体ETF国联安
2023-04-19,0.527,0.527,0.539,0.523,20622830.0,512480,sh,UC半导体ETF国联安
2023-04-20,0.524,0.542,0.543,0.523,22241635.0,512480,sh,UC半导体ETF国联安
2023-04-21,0.54,0.511,0.54,0.509,31042797.0,512480,sh,UC半导体ETF国联安
2023-04-24,0.505,0.497,0.51,0.491,22362761.0,512480,sh,UC半导体ETF国联安
2023-04-25,0.496,0.485,0.5,0.479,20821962.0,512480,sh,UC半导体ETF国联安
2023-04-26,0.48,0.472,0.485,0.466,26484116.0,512480,sh,UC半导体ETF国联安
2023-04-27,0.468,0.473,0.482,0.467,22879626.0,512480,sh,UC半导体ETF国联安
2023-04-28,0.469,0.481,0.483,0.468,25671864.0,512480,sh,UC半导体ETF国联安
2023-05-04,0.477,0.466,0.477,0.465,19132063.0,512480,sh,UC半导体ETF国联安
2023-05-05,0.467,0.461,0.472,0.46,18446353.0,512480,sh,UC半导体ETF国联安
2023-05-08,0.461,0.462,0.467,0.457,18871501.0,512480,sh,UC半导体ETF国联安
2023-05-09,0.463,0.452,0.465,0.452,27796490.0,512480,sh,UC半导体ETF国联安
2023-05-10,0.451,0.446,0.454,0.442,21833350.0,512480,sh,UC半导体ETF国联安
2023-05-11,0.45,0.448,0.454,0.447,14880340.0,512480,sh,UC半导体ETF国联安
2023-05-12,0.45,0.443,0.457,0.443,20530778.0,512480,sh,UC半导体ETF国联安
2023-05-15,0.44,0.447,0.447,0.437,18241124.0,512480,sh,UC半导体ETF国联安
2023-05-16,0.447,0.45,0.454,0.443,20129675.0,512480,sh,UC半导体ETF国联安
2023-05-17,0.448,0.454,0.458,0.447,18491465.0,512480,sh,UC半导体ETF国联安
2023-05-18,0.455,0.456,0.459,0.453,16160930.0,512480,sh,UC半导体ETF国联安
2023-05-19,0.458,0.465,0.468,0.457,27110858.0,512480,sh,UC半导体ETF国联安
2023-05-22,0.468,0.461,0.471,0.458,16779670.0,512480,sh,UC半导体ETF国联安
2023-05-23,0.459,0.452,0.459,0.451,15784903.0,512480,sh,UC半导体ETF国联安
2023-05-24,0.449,0.453,0.459,0.446,18219256.0,512480,sh,UC半导体ETF国联安
2023-05-25,0.453,0.457,0.459,0.448,18733370.0,512480,sh,UC半导体ETF国联安
2023-05-26,0.458,0.465,0.466,0.457,22434956.0,512480,sh,UC半导体ETF国联安
2023-05-29,0.47,0.468,0.475,0.465,21328827.0,512480,sh,UC半导体ETF国联安
2023-05-30,0.466,0.471,0.472,0.461,19592862.0,512480,sh,UC半导体ETF国联安
2023-05-31,0.469,0.475,0.475,0.467,18203736.0,512480,sh,UC半导体ETF国联安
2023-06-01,0.471,0.473,0.477,0.468,18029649.0,512480,sh,UC半导体ETF国联安
2023-06-02,0.475,0.471,0.476,0.466,16028928.0,512480,sh,UC半导体ETF国联安
2023-06-05,0.474,0.473,0.483,0.472,18298757.0,512480,sh,UC半导体ETF国联安
2023-06-06,0.469,0.458,0.469,0.457,18402925.0,512480,sh,UC半导体ETF国联安
2023-06-07,0.459,0.46,0.464,0.456,12511887.0,512480,sh,UC半导体ETF国联安
2023-06-08,0.457,0.451,0.457,0.448,14719034.0,512480,sh,UC半导体ETF国联安
2023-06-09,0.451,0.457,0.457,0.446,15417079.0,512480,sh,UC半导体ETF国联安
2023-06-12,0.455,0.456,0.461,0.454,12543967.0,512480,sh,UC半导体ETF国联安
2023-06-13,0.458,0.471,0.473,0.455,23729024.0,512480,sh,UC半导体ETF国联安
2023-06-14,0.471,0.47,0.473,0.467,13241656.0,512480,sh,UC半导体ETF国联安
2023-06-15,0.472,0.467,0.473,0.464,18223797.0,512480,sh,UC半导体ETF国联安
2023-06-16,0.467,0.471,0.471,0.463,17405490.0,512480,sh,UC半导体ETF国联安
2023-06-19,0.47,0.473,0.476,0.467,17291524.0,512480,sh,UC半导体ETF国联安
2023-06-20,0.472,0.472,0.475,0.468,15131426.0,512480,sh,UC半导体ETF国联安
2023-06-21,0.469,0.453,0.469,0.452,21050249.0,512480,sh,UC半导体ETF国联安
2023-06-26,0.448,0.446,0.454,0.441,18261118.0,512480,sh,UC半导体ETF国联安
2023-06-27,0.447,0.446,0.451,0.444,14557114.0,512480,sh,UC半导体ETF国联安
2023-06-28,0.446,0.444,0.45,0.437,17057838.0,512480,sh,UC半导体ETF国联安
2023-06-29,0.444,0.443,0.45,0.443,12083006.0,512480,sh,UC半导体ETF国联安
2023-06-30,0.441,0.447,0.449,0.439,12620340.0,512480,sh,UC半导体ETF国联安
2023-07-03,0.449,0.45,0.453,0.445,12642605.0,512480,sh,UC半导体ETF国联安
2023-07-04,0.451,0.459,0.464,0.447,21998868.0,512480,sh,UC半导体ETF国联安
2023-07-05,0.458,0.455,0.462,0.455,13710765.0,512480,sh,UC半导体ETF国联安
2023-07-06,0.453,0.456,0.461,0.453,11080520.0,512480,sh,UC半导体ETF国联安
2023-07-07,0.453,0.448,0.454,0.446,13476715.0,512480,sh,UC半导体ETF国联安
2023-07-10,0.449,0.449,0.454,0.447,10379995.0,512480,sh,UC半导体ETF国联安
2023-07-11,0.45,0.461,0.462,0.449,19374971.0,512480,sh,UC半导体ETF国联安
2023-07-12,0.46,0.451,0.463,0.449,19321930.0,512480,sh,UC半导体ETF国联安
2023-07-13,0.453,0.46,0.461,0.452,16565061.0,512480,sh,UC半导体ETF国联安
2023-07-14,0.462,0.461,0.467,0.46,13842176.0,512480,sh,UC半导体ETF国联安
2023-07-17,0.459,0.456,0.459,0.454,12561403.0,512480,sh,UC半导体ETF国联安
2023-07-18,0.457,0.457,0.465,0.456,14944166.0,512480,sh,UC半导体ETF国联安
2023-07-19,0.455,0.452,0.459,0.45,16595942.0,512480,sh,UC半导体ETF国联安
2023-07-20,0.453,0.444,0.453,0.443,17683461.0,512480,sh,UC半导体ETF国联安
2023-07-21,0.442,0.442,0.446,0.44,13176445.0,512480,sh,UC半导体ETF国联安
2023-07-24,0.44,0.439,0.444,0.438,12238590.0,512480,sh,UC半导体ETF国联安
2023-07-25,0.444,0.445,0.446,0.44,15362042.0,512480,sh,UC半导体ETF国联安
2023-07-26,0.445,0.444,0.448,0.443,11113012.0,512480,sh,UC半导体ETF国联安
2023-07-27,0.443,0.438,0.445,0.436,18987166.0,512480,sh,UC半导体ETF国联安
2023-07-28,0.436,0.439,0.441,0.434,18881891.0,512480,sh,UC半导体ETF国联安
2023-07-31,0.439,0.444,0.445,0.437,18287340.0,512480,sh,UC半导体ETF国联安
2023-08-01,0.444,0.444,0.446,0.442,12723402.0,512480,sh,UC半导体ETF国联安
2023-08-02,0.444,0.444,0.447,0.443,13623551.0,512480,sh,UC半导体ETF国联安
2023-08-03,0.442,0.445,0.446,0.441,11537311.0,512480,sh,UC半导体ETF国联安
2023-08-04,0.447,0.443,0.448,0.44,18902130.0,512480,sh,UC半导体ETF国联安
2023-08-07,0.443,0.44,0.444,0.44,10241394.0,512480,sh,UC半导体ETF国联安
2023-08-08,0.44,0.439,0.443,0.438,11246793.0,512480,sh,UC半导体ETF国联安
2023-08-09,0.438,0.434,0.439,0.434,13449570.0,512480,sh,UC半导体ETF国联安
2023-08-10,0.434,0.435,0.437,0.433,9788439.0,512480,sh,UC半导体ETF国联安
2023-08-11,0.435,0.425,0.436,0.425,16392681.0,512480,sh,UC半导体ETF国联安
2023-08-14,0.421,0.422,0.422,0.417,13729191.0,512480,sh,UC半导体ETF国联安
2023-08-15,0.422,0.412,0.424,0.408,18117396.0,512480,sh,UC半导体ETF国联安
2023-08-16,0.409,0.403,0.413,0.402,19356122.0,512480,sh,UC半导体ETF国联安
2023-08-17,0.401,0.407,0.409,0.399,13517431.0,512480,sh,UC半导体ETF国联安
2023-08-18,0.408,0.401,0.41,0.401,11294540.0,512480,sh,UC半导体ETF国联安
2023-08-21,0.401,0.396,0.404,0.396,12297864.0,512480,sh,UC半导体ETF国联安
2023-08-22,0.398,0.402,0.403,0.39,16410930.0,512480,sh,UC半导体ETF国联安
2023-08-23,0.4,0.392,0.4,0.391,12764379.0,512480,sh,UC半导体ETF国联安
2023-08-24,0.395,0.399,0.402,0.392,15648714.0,512480,sh,UC半导体ETF国联安
2023-08-25,0.395,0.389,0.396,0.387,15429546.0,512480,sh,UC半导体ETF国联安
2023-08-28,0.412,0.391,0.414,0.39,18019641.0,512480,sh,UC半导体ETF国联安
2023-08-29,0.389,0.407,0.408,0.389,22845734.0,512480,sh,UC半导体ETF国联安
2023-08-30,0.414,0.418,0.425,0.412,31361867.0,512480,sh,UC半导体ETF国联安
2023-08-31,0.415,0.422,0.425,0.414,18298680.0,512480,sh,UC半导体ETF国联安
2023-09-01,0.423,0.419,0.427,0.416,12997990.0,512480,sh,UC半导体ETF国联安
2023-09-04,0.421,0.425,0.426,0.417,14783663.0,512480,sh,UC半导体ETF国联安
2023-09-05,0.426,0.424,0.432,0.423,20318619.0,512480,sh,UC半导体ETF国联安
2023-09-06,0.422,0.436,0.437,0.421,24588943.0,512480,sh,UC半导体ETF国联安
2023-09-07,0.433,0.419,0.433,0.419,21442587.0,512480,sh,UC半导体ETF国联安
2023-09-08,0.416,0.423,0.427,0.416,16386812.0,512480,sh,UC半导体ETF国联安
2023-09-11,0.423,0.424,0.428,0.421,13197795.0,512480,sh,UC半导体ETF国联安
2023-09-12,0.423,0.42,0.425,0.419,10352104.0,512480,sh,UC半导体ETF国联安
2023-09-13,0.419,0.415,0.423,0.411,17138653.0,512480,sh,UC半导体ETF国联安
2023-09-14,0.415,0.409,0.416,0.407,14111302.0,512480,sh,UC半导体ETF国联安
2023-09-15,0.411,0.415,0.421,0.406,17499321.0,512480,sh,UC半导体ETF国联安
2023-09-18,0.412,0.408,0.413,0.407,12741748.0,512480,sh,UC半导体ETF国联安
2023-09-19,0.408,0.406,0.41,0.401,14087732.0,512480,sh,UC半导体ETF国联安
2023-09-20,0.405,0.4,0.408,0.4,9783785.0,512480,sh,UC半导体ETF国联安
2023-09-21,0.399,0.399,0.402,0.397,9455896.0,512480,sh,UC半导体ETF国联安
2023-09-22,0.398,0.408,0.408,0.397,13613793.0,512480,sh,UC半导体ETF国联安
2023-09-25,0.408,0.404,0.408,0.403,9161054.0,512480,sh,UC半导体ETF国联安
2023-09-26,0.403,0.4,0.405,0.399,9595226.0,512480,sh,UC半导体ETF国联安
2023-09-27,0.399,0.4,0.405,0.399,9897047.0,512480,sh,UC半导体ETF国联安
2023-09-28,0.401,0.405,0.407,0.398,12384206.0,512480,sh,UC半导体ETF国联安
2023-10-09,0.403,0.408,0.41,0.402,10945662.0,512480,sh,UC半导体ETF国联安
2023-10-10,0.408,0.411,0.414,0.408,13558245.0,512480,sh,UC半导体ETF国联安
2023-10-11,0.412,0.418,0.419,0.41,15916681.0,512480,sh,UC半导体ETF国联安
2023-10-12,0.419,0.42,0.421,0.414,12071855.0,512480,sh,UC半导体ETF国联安
2023-10-13,0.417,0.42,0.422,0.416,10525041.0,512480,sh,UC半导体ETF国联安
2023-10-16,0.418,0.408,0.419,0.406,13099665.0,512480,sh,UC半导体ETF国联安
2023-10-17,0.408,0.412,0.413,0.405,10531728.0,512480,sh,UC半导体ETF国联安
2023-10-18,0.411,0.406,0.416,0.406,11646190.0,512480,sh,UC半导体ETF国联安
2023-10-19,0.403,0.411,0.419,0.402,17612530.0,512480,sh,UC半导体ETF国联安
2023-10-20,0.41,0.403,0.411,0.402,13062946.0,512480,sh,UC半导体ETF国联安
2023-10-23,0.401,0.393,0.402,0.391,13047508.0,512480,sh,UC半导体ETF国联安
2023-10-24,0.395,0.4,0.404,0.388,15167258.0,512480,sh,UC半导体ETF国联安
2023-10-25,0.403,0.403,0.404,0.399,11435564.0,512480,sh,UC半导体ETF国联安
2023-10-26,0.4,0.401,0.402,0.395,11097495.0,512480,sh,UC半导体ETF国联安
2023-10-27,0.399,0.409,0.412,0.397,15656114.0,512480,sh,UC半导体ETF国联安
2023-10-30,0.409,0.427,0.429,0.409,26472938.0,512480,sh,UC半导体ETF国联安
2023-10-31,0.429,0.427,0.433,0.423,12024630.0,512480,sh,UC半导体ETF国联安
2023-11-01,0.428,0.425,0.429,0.423,9751639.0,512480,sh,UC半导体ETF国联安
2023-11-02,0.426,0.419,0.428,0.418,11190920.0,512480,sh,UC半导体ETF国联安
2023-11-03,0.42,0.43,0.432,0.419,16104627.0,512480,sh,UC半导体ETF国联安
2023-11-06,0.434,0.439,0.44,0.431,16702234.0,512480,sh,UC半导体ETF国联安
2023-11-07,0.437,0.44,0.442,0.435,11191701.0,512480,sh,UC半导体ETF国联安
2023-11-08,0.439,0.441,0.446,0.438,16551765.0,512480,sh,UC半导体ETF国联安
2023-11-09,0.44,0.436,0.444,0.435,11463425.0,512480,sh,UC半导体ETF国联安
2023-11-10,0.433,0.435,0.441,0.432,12475480.0,512480,sh,UC半导体ETF国联安
2023-11-13,0.438,0.436,0.44,0.433,11918399.0,512480,sh,UC半导体ETF国联安
2023-11-14,0.436,0.441,0.441,0.434,13111490.0,512480,sh,UC半导体ETF国联安
2023-11-15,0.445,0.439,0.446,0.438,11873550.0,512480,sh,UC半导体ETF国联安
2023-11-16,0.438,0.433,0.439,0.432,11506479.0,512480,sh,UC半导体ETF国联安
2023-11-17,0.432,0.434,0.436,0.431,9204120.0,512480,sh,UC半导体ETF国联安
2023-11-20,0.436,0.433,0.436,0.429,11749183.0,512480,sh,UC半导体ETF国联安
2023-11-21,0.434,0.427,0.435,0.426,12238818.0,512480,sh,UC半导体ETF国联安
2023-11-22,0.425,0.421,0.427,0.42,11242793.0,512480,sh,UC半导体ETF国联安
2023-11-23,0.42,0.424,0.425,0.418,11199669.0,512480,sh,UC半导体ETF国联安
2023-11-24,0.423,0.417,0.423,0.416,10884775.0,512480,sh,UC半导体ETF国联安
2023-11-27,0.415,0.424,0.424,0.414,12358491.0,512480,sh,UC半导体ETF国联安
2023-11-28,0.423,0.424,0.425,0.42,8371719.0,512480,sh,UC半导体ETF国联安
2023-11-29,0.424,0.424,0.429,0.423,11540487.0,512480,sh,UC半导体ETF国联安
2023-11-30,0.423,0.422,0.423,0.418,8912560.0,512480,sh,UC半导体ETF国联安
2023-12-01,0.422,0.424,0.424,0.417,9368502.0,512480,sh,UC半导体ETF国联安
2023-12-04,0.424,0.42,0.426,0.42,7388287.0,512480,sh,UC半导体ETF国联安
2023-12-05,0.418,0.408,0.419,0.408,11455020.0,512480,sh,UC半导体ETF国联安
2023-12-06,0.407,0.407,0.411,0.406,8393270.0,512480,sh,UC半导体ETF国联安
2023-12-07,0.407,0.403,0.408,0.401,9247103.0,512480,sh,UC半导体ETF国联安
2023-12-08,0.404,0.409,0.409,0.403,9959165.0,512480,sh,UC半导体ETF国联安
2023-12-11,0.407,0.416,0.417,0.404,11572032.0,512480,sh,UC半导体ETF国联安
2023-12-12,0.416,0.416,0.419,0.414,8110517.0,512480,sh,UC半导体ETF国联安
2023-12-13,0.415,0.412,0.419,0.412,7143537.0,512480,sh,UC半导体ETF国联安
2023-12-14,0.414,0.411,0.417,0.41,8215454.0,512480,sh,UC半导体ETF国联安
2023-12-15,0.412,0.407,0.413,0.406,9354250.0,512480,sh,UC半导体ETF国联安
2023-12-18,0.405,0.4,0.406,0.398,9901728.0,512480,sh,UC半导体ETF国联安
2023-12-19,0.4,0.404,0.408,0.399,9472464.0,512480,sh,UC半导体ETF国联安
2023-12-20,0.405,0.4,0.406,0.399,7724557.0,512480,sh,UC半导体ETF国联安
2023-12-21,0.398,0.403,0.406,0.396,10224880.0,512480,sh,UC半导体ETF国联安
2023-12-22,0.403,0.398,0.404,0.396,10782345.0,512480,sh,UC半导体ETF国联安
2023-12-25,0.397,0.395,0.4,0.393,6641149.0,512480,sh,UC半导体ETF国联安
2023-12-26,0.395,0.386,0.395,0.384,12392403.0,512480,sh,UC半导体ETF国联安
2023-12-27,0.387,0.391,0.394,0.386,11644223.0,512480,sh,UC半导体ETF国联安
2023-12-28,0.391,0.4,0.402,0.389,12136549.0,512480,sh,UC半导体ETF国联安
2023-12-29,0.399,0.402,0.403,0.399,9950921.0,512480,sh,UC半导体ETF国联安
2024-01-02,0.402,0.395,0.403,0.395,9583771.0,512480,sh,UC半导体ETF国联安
2024-01-03,0.394,0.388,0.396,0.386,13507902.0,512480,sh,UC半导体ETF国联安
2024-01-04,0.388,0.382,0.388,0.379,12128476.0,512480,sh,UC半导体ETF国联安
2024-01-05,0.381,0.375,0.385,0.373,12511926.0,512480,sh,UC半导体ETF国联安
2024-01-08,0.373,0.362,0.374,0.362,14075485.0,512480,sh,UC半导体ETF国联安
2024-01-09,0.365,0.363,0.368,0.359,12296543.0,512480,sh,UC半导体ETF国联安
2024-01-10,0.361,0.359,0.364,0.355,11607923.0,512480,sh,UC半导体ETF国联安
2024-01-11,0.357,0.364,0.366,0.357,12667145.0,512480,sh,UC半导体ETF国联安
2024-01-12,0.362,0.357,0.364,0.357,10281605.0,512480,sh,UC半导体ETF国联安
2024-01-15,0.354,0.36,0.365,0.354,12844930.0,512480,sh,UC半导体ETF国联安
2024-01-16,0.358,0.359,0.361,0.353,11570212.0,512480,sh,UC半导体ETF国联安
2024-01-17,0.358,0.348,0.359,0.348,11255060.0,512480,sh,UC半导体ETF国联安
2024-01-18,0.347,0.356,0.356,0.342,16994541.0,512480,sh,UC半导体ETF国联安
2024-01-19,0.356,0.354,0.359,0.353,10323039.0,512480,sh,UC半导体ETF国联安
2024-01-22,0.353,0.339,0.353,0.336,12402774.0,512480,sh,UC半导体ETF国联安
2024-01-23,0.337,0.342,0.344,0.334,16427765.0,512480,sh,UC半导体ETF国联安
2024-01-24,0.344,0.341,0.345,0.329,17082419.0,512480,sh,UC半导体ETF国联安
2024-01-25,0.34,0.349,0.351,0.337,16758957.0,512480,sh,UC半导体ETF国联安
2024-01-26,0.346,0.338,0.347,0.337,16660058.0,512480,sh,UC半导体ETF国联安
2024-01-29,0.338,0.328,0.343,0.327,13543241.0,512480,sh,UC半导体ETF国联安
2024-01-30,0.325,0.314,0.328,0.314,15521636.0,512480,sh,UC半导体ETF国联安
2024-01-31,0.313,0.306,0.316,0.305,15075218.0,512480,sh,UC半导体ETF国联安
2024-02-01,0.303,0.309,0.316,0.301,16248186.0,512480,sh,UC半导体ETF国联安
2024-02-02,0.309,0.296,0.311,0.286,19782358.0,512480,sh,UC半导体ETF国联安
2024-02-05,0.294,0.289,0.298,0.274,20290089.0,512480,sh,UC半导体ETF国联安
2024-02-06,0.287,0.311,0.311,0.284,18179379.0,512480,sh,UC半导体ETF国联安
2024-02-07,0.311,0.319,0.322,0.309,13476430.0,512480,sh,UC半导体ETF国联安
2024-02-08,0.322,0.332,0.337,0.321,13787427.0,512480,sh,UC半导体ETF国联安
2024-02-19,0.34,0.337,0.341,0.33,11301692.0,512480,sh,UC半导体ETF国联安
2024-02-20,0.335,0.335,0.338,0.329,8746171.0,512480,sh,UC半导体ETF国联安
2024-02-21,0.331,0.336,0.343,0.33,12326718.0,512480,sh,UC半导体ETF国联安
2024-02-22,0.337,0.342,0.343,0.336,9345339.0,512480,sh,UC半导体ETF国联安
2024-02-23,0.345,0.344,0.346,0.339,8402346.0,512480,sh,UC半导体ETF国联安
2024-02-26,0.344,0.347,0.352,0.342,8829614.0,512480,sh,UC半导体ETF国联安
2024-02-27,0.345,0.363,0.364,0.343,14846916.0,512480,sh,UC半导体ETF国联安
2024-02-28,0.364,0.345,0.369,0.344,17250421.0,512480,sh,UC半导体ETF国联安
2024-02-29,0.343,0.368,0.369,0.343,22655958.0,512480,sh,UC半导体ETF国联安
2024-03-01,0.37,0.373,0.375,0.366,16028405.0,512480,sh,UC半导体ETF国联安
2024-03-04,0.375,0.375,0.378,0.367,12398327.0,512480,sh,UC半导体ETF国联安
2024-03-05,0.372,0.373,0.379,0.37,10117350.0,512480,sh,UC半导体ETF国联安
2024-03-06,0.37,0.367,0.373,0.362,10411703.0,512480,sh,UC半导体ETF国联安
2024-03-07,0.37,0.36,0.374,0.359,11930060.0,512480,sh,UC半导体ETF国联安
2024-03-08,0.361,0.369,0.37,0.359,12283009.0,512480,sh,UC半导体ETF国联安
2024-03-11,0.366,0.373,0.373,0.363,9666503.0,512480,sh,UC半导体ETF国联安
2024-03-12,0.374,0.375,0.383,0.371,10596084.0,512480,sh,UC半导体ETF国联安
2024-03-13,0.378,0.375,0.382,0.374,10070913.0,512480,sh,UC半导体ETF国联安
2024-03-14,0.373,0.369,0.374,0.364,10307123.0,512480,sh,UC半导体ETF国联安
2024-03-15,0.368,0.371,0.371,0.363,8146025.0,512480,sh,UC半导体ETF国联安
2024-03-18,0.371,0.382,0.382,0.371,12214230.0,512480,sh,UC半导体ETF国联安
2024-03-19,0.38,0.377,0.383,0.376,7985273.0,512480,sh,UC半导体ETF国联安
2024-03-20,0.376,0.378,0.379,0.373,7361657.0,512480,sh,UC半导体ETF国联安
2024-03-21,0.381,0.377,0.384,0.375,10236761.0,512480,sh,UC半导体ETF国联安
2024-03-22,0.376,0.373,0.381,0.373,11271328.0,512480,sh,UC半导体ETF国联安
2024-03-25,0.372,0.363,0.374,0.362,10377137.0,512480,sh,UC半导体ETF国联安
2024-03-26,0.363,0.358,0.368,0.356,12965131.0,512480,sh,UC半导体ETF国联安
2024-03-27,0.358,0.345,0.359,0.345,12431876.0,512480,sh,UC半导体ETF国联安
2024-03-28,0.345,0.352,0.357,0.344,12224056.0,512480,sh,UC半导体ETF国联安
2024-03-29,0.351,0.353,0.353,0.345,8523714.0,512480,sh,UC半导体ETF国联安
2024-04-01,0.355,0.357,0.359,0.354,8564157.0,512480,sh,UC半导体ETF国联安
2024-04-02,0.358,0.352,0.359,0.35,8230022.0,512480,sh,UC半导体ETF国联安
2024-04-03,0.354,0.349,0.355,0.345,9823913.0,512480,sh,UC半导体ETF国联安
2024-04-08,0.348,0.339,0.348,0.339,9137311.0,512480,sh,UC半导体ETF国联安
2024-04-09,0.339,0.343,0.343,0.336,7726489.0,512480,sh,UC半导体ETF国联安
2024-04-10,0.342,0.333,0.343,0.331,9346512.0,512480,sh,UC半导体ETF国联安
2024-04-11,0.331,0.332,0.339,0.331,9365374.0,512480,sh,UC半导体ETF国联安
2024-04-12,0.334,0.335,0.34,0.334,9810815.0,512480,sh,UC半导体ETF国联安
2024-04-15,0.335,0.338,0.342,0.333,11885108.0,512480,sh,UC半导体ETF国联安
2024-04-16,0.336,0.326,0.337,0.326,10708822.0,512480,sh,UC半导体ETF国联安
2024-04-17,0.33,0.341,0.341,0.33,14187680.0,512480,sh,UC半导体ETF国联安
2024-04-18,0.339,0.338,0.343,0.334,9630393.0,512480,sh,UC半导体ETF国联安
2024-04-19,0.335,0.327,0.335,0.326,12568883.0,512480,sh,UC半导体ETF国联安
2024-04-22,0.322,0.329,0.33,0.318,9300235.0,512480,sh,UC半导体ETF国联安
2024-04-23,0.329,0.328,0.332,0.326,7686842.0,512480,sh,UC半导体ETF国联安
2024-04-24,0.329,0.335,0.335,0.328,9823677.0,512480,sh,UC半导体ETF国联安
2024-04-25,0.333,0.336,0.34,0.331,8607610.0,512480,sh,UC半导体ETF国联安
2024-04-26,0.335,0.345,0.345,0.334,11479631.0,512480,sh,UC半导体ETF国联安
2024-04-29,0.346,0.357,0.359,0.346,12610217.0,512480,sh,UC半导体ETF国联安
2024-04-30,0.357,0.352,0.357,0.351,8811233.0,512480,sh,UC半导体ETF国联安
2024-05-06,0.358,0.356,0.36,0.355,10832186.0,512480,sh,UC半导体ETF国联安
2024-05-07,0.356,0.354,0.358,0.352,8467188.0,512480,sh,UC半导体ETF国联安
2024-05-08,0.352,0.348,0.353,0.347,8324726.0,512480,sh,UC半导体ETF国联安
2024-05-09,0.348,0.356,0.357,0.347,10131067.0,512480,sh,UC半导体ETF国联安
2024-05-10,0.357,0.349,0.357,0.347,14202338.0,512480,sh,UC半导体ETF国联安
2024-05-13,0.345,0.344,0.349,0.342,9610943.0,512480,sh,UC半导体ETF国联安
2024-05-14,0.345,0.344,0.349,0.342,7917228.0,512480,sh,UC半导体ETF国联安
2024-05-15,0.343,0.339,0.346,0.339,8800751.0,512480,sh,UC半导体ETF国联安
2024-05-16,0.342,0.34,0.343,0.339,9282556.0,512480,sh,UC半导体ETF国联安
2024-05-17,0.339,0.345,0.345,0.337,10043831.0,512480,sh,UC半导体ETF国联安
2024-05-20,0.345,0.345,0.349,0.343,10142511.0,512480,sh,UC半导体ETF国联安
2024-05-21,0.344,0.343,0.346,0.342,6860855.0,512480,sh,UC半导体ETF国联安
2024-05-22,0.343,0.344,0.345,0.339,9626390.0,512480,sh,UC半导体ETF国联安
2024-05-23,0.345,0.338,0.345,0.337,10672229.0,512480,sh,UC半导体ETF国联安
2024-05-24,0.337,0.329,0.34,0.328,10432665.0,512480,sh,UC半导体ETF国联安
2024-05-27,0.329,0.341,0.341,0.325,18784441.0,512480,sh,UC半导体ETF国联安
2024-05-28,0.341,0.342,0.352,0.339,22669688.0,512480,sh,UC半导体ETF国联安
2024-05-29,0.34,0.339,0.343,0.337,11486268.0,512480,sh,UC半导体ETF国联安
2024-05-30,0.337,0.347,0.35,0.335,20335186.0,512480,sh,UC半导体ETF国联安
2024-05-31,0.347,0.347,0.351,0.345,12718082.0,512480,sh,UC半导体ETF国联安
2024-06-03,0.347,0.353,0.356,0.346,22515642.0,512480,sh,UC半导体ETF国联安
2024-06-04,0.351,0.352,0.353,0.347,17045411.0,512480,sh,UC半导体ETF国联安
2024-06-05,0.35,0.353,0.359,0.35,17914685.0,512480,sh,UC半导体ETF国联安
2024-06-06,0.358,0.352,0.36,0.351,21251410.0,512480,sh,UC半导体ETF国联安
2024-06-07,0.353,0.352,0.358,0.348,18352845.0,512480,sh,UC半导体ETF国联安
2024-06-11,0.352,0.366,0.367,0.35,27410766.0,512480,sh,UC半导体ETF国联安
2024-06-12,0.365,0.365,0.369,0.363,17100997.0,512480,sh,UC半导体ETF国联安
2024-06-13,0.367,0.368,0.373,0.366,17731042.0,512480,sh,UC半导体ETF国联安
2024-06-14,0.366,0.367,0.368,0.363,13941874.0,512480,sh,UC半导体ETF国联安
2024-06-17,0.365,0.374,0.376,0.364,15337997.0,512480,sh,UC半导体ETF国联安
2024-06-18,0.374,0.374,0.378,0.371,13739765.0,512480,sh,UC半导体ETF国联安
2024-06-19,0.375,0.375,0.377,0.369,15213896.0,512480,sh,UC半导体ETF国联安
2024-06-20,0.373,0.375,0.385,0.372,21547077.0,512480,sh,UC半导体ETF国联安
2024-06-21,0.37,0.376,0.376,0.365,16616725.0,512480,sh,UC半导体ETF国联安
2024-06-24,0.374,0.365,0.38,0.364,17102673.0,512480,sh,UC半导体ETF国联安
2024-06-25,0.364,0.351,0.366,0.349,20885655.0,512480,sh,UC半导体ETF国联安
2024-06-26,0.352,0.36,0.361,0.349,17774802.0,512480,sh,UC半导体ETF国联安
2024-06-27,0.357,0.354,0.363,0.353,12977647.0,512480,sh,UC半导体ETF国联安
2024-06-28,0.353,0.355,0.36,0.352,12052983.0,512480,sh,UC半导体ETF国联安
2024-07-01,0.354,0.353,0.356,0.346,14540253.0,512480,sh,UC半导体ETF国联安
2024-07-02,0.352,0.347,0.353,0.346,11414726.0,512480,sh,UC半导体ETF国联安
2024-07-03,0.346,0.352,0.355,0.342,15014323.0,512480,sh,UC半导体ETF国联安
2024-07-04,0.35,0.345,0.353,0.345,11150071.0,512480,sh,UC半导体ETF国联安
2024-07-05,0.344,0.345,0.347,0.337,13911622.0,512480,sh,UC半导体ETF国联安
2024-07-08,0.347,0.345,0.352,0.343,13120963.0,512480,sh,UC半导体ETF国联安
2024-07-09,0.344,0.359,0.36,0.343,22111327.0,512480,sh,UC半导体ETF国联安
2024-07-10,0.358,0.358,0.361,0.357,13314142.0,512480,sh,UC半导体ETF国联安
2024-07-11,0.365,0.362,0.366,0.356,22101609.0,512480,sh,UC半导体ETF国联安
2024-07-12,0.359,0.365,0.366,0.357,15026272.0,512480,sh,UC半导体ETF国联安
2024-07-15,0.365,0.366,0.37,0.364,12926277.0,512480,sh,UC半导体ETF国联安
2024-07-16,0.364,0.377,0.378,0.363,19872959.0,512480,sh,UC半导体ETF国联安
2024-07-17,0.375,0.372,0.379,0.372,12889705.0,512480,sh,UC半导体ETF国联安
2024-07-18,0.368,0.375,0.377,0.361,20298293.0,512480,sh,UC半导体ETF国联安
2024-07-19,0.372,0.384,0.387,0.371,22537379.0,512480,sh,UC半导体ETF国联安
2024-07-22,0.385,0.385,0.389,0.382,14038911.0,512480,sh,UC半导体ETF国联安
2024-07-23,0.385,0.367,0.385,0.366,20191914.0,512480,sh,UC半导体ETF国联安
2024-07-24,0.365,0.361,0.371,0.36,16298008.0,512480,sh,UC半导体ETF国联安
2024-07-25,0.358,0.358,0.363,0.356,15937925.0,512480,sh,UC半导体ETF国联安
2024-07-26,0.357,0.36,0.363,0.354,15893208.0,512480,sh,UC半导体ETF国联安
2024-07-29,0.36,0.355,0.363,0.355,12677241.0,512480,sh,UC半导体ETF国联安
2024-07-30,0.353,0.36,0.361,0.35,14174172.0,512480,sh,UC半导体ETF国联安
2024-07-31,0.358,0.374,0.374,0.357,19063238.0,512480,sh,UC半导体ETF国联安
2024-08-01,0.374,0.376,0.381,0.371,17623044.0,512480,sh,UC半导体ETF国联安
2024-08-02,0.371,0.365,0.375,0.364,17583052.0,512480,sh,UC半导体ETF国联安
2024-08-05,0.36,0.347,0.365,0.347,23573463.0,512480,sh,UC半导体ETF国联安
2024-08-06,0.354,0.35,0.355,0.345,16732581.0,512480,sh,UC半导体ETF国联安
2024-08-07,0.35,0.347,0.353,0.346,12748653.0,512480,sh,UC半导体ETF国联安
2024-08-08,0.345,0.349,0.353,0.341,16557007.0,512480,sh,UC半导体ETF国联安
2024-08-09,0.354,0.349,0.356,0.348,13190571.0,512480,sh,UC半导体ETF国联安
2024-08-12,0.346,0.346,0.349,0.344,10078248.0,512480,sh,UC半导体ETF国联安
2024-08-13,0.346,0.349,0.349,0.344,10483799.0,512480,sh,UC半导体ETF国联安
2024-08-14,0.35,0.344,0.35,0.344,9983799.0,512480,sh,UC半导体ETF国联安
2024-08-15,0.343,0.346,0.351,0.342,13804445.0,512480,sh,UC半导体ETF国联安
2024-08-16,0.347,0.345,0.349,0.344,11009152.0,512480,sh,UC半导体ETF国联安
2024-08-19,0.345,0.345,0.349,0.343,10495044.0,512480,sh,UC半导体ETF国联安
2024-08-20,0.346,0.339,0.346,0.338,12520670.0,512480,sh,UC半导体ETF国联安
2024-08-21,0.338,0.337,0.342,0.336,10691598.0,512480,sh,UC半导体ETF国联安
2024-08-22,0.336,0.332,0.338,0.331,10561943.0,512480,sh,UC半导体ETF国联安
2024-08-23,0.33,0.33,0.332,0.326,9668941.0,512480,sh,UC半导体ETF国联安
2024-08-26,0.33,0.329,0.333,0.328,7241135.0,512480,sh,UC半导体ETF国联安
2024-08-27,0.328,0.324,0.328,0.323,9766792.0,512480,sh,UC半导体ETF国联安
2024-08-28,0.323,0.324,0.326,0.321,7712736.0,512480,sh,UC半导体ETF国联安
2024-08-29,0.322,0.328,0.331,0.322,12477036.0,512480,sh,UC半导体ETF国联安
2024-08-30,0.328,0.34,0.343,0.327,19703770.0,512480,sh,UC半导体ETF国联安
2024-09-02,0.339,0.327,0.341,0.327,13606756.0,512480,sh,UC半导体ETF国联安
2024-09-03,0.327,0.33,0.333,0.326,8393301.0,512480,sh,UC半导体ETF国联安
2024-09-04,0.326,0.327,0.33,0.324,8541699.0,512480,sh,UC半导体ETF国联安
2024-09-05,0.327,0.327,0.332,0.325,8657418.0,512480,sh,UC半导体ETF国联安
2024-09-06,0.328,0.322,0.328,0.321,9406224.0,512480,sh,UC半导体ETF国联安
2024-09-09,0.32,0.32,0.324,0.318,8325715.0,512480,sh,UC半导体ETF国联安
2024-09-10,0.32,0.323,0.325,0.316,11869201.0,512480,sh,UC半导体ETF国联安
2024-09-11,0.321,0.322,0.323,0.32,7030134.0,512480,sh,UC半导体ETF国联安
2024-09-12,0.324,0.318,0.326,0.317,9504242.0,512480,sh,UC半导体ETF国联安
2024-09-13,0.318,0.314,0.32,0.313,10282691.0,512480,sh,UC半导体ETF国联安
2024-09-18,0.315,0.312,0.316,0.308,8216768.0,512480,sh,UC半导体ETF国联安
2024-09-19,0.314,0.315,0.319,0.31,13587898.0,512480,sh,UC半导体ETF国联安
2024-09-20,0.315,0.313,0.316,0.309,10657785.0,512480,sh,UC半导体ETF国联安
2024-09-23,0.312,0.31,0.315,0.309,9638589.0,512480,sh,UC半导体ETF国联安
2024-09-24,0.312,0.322,0.322,0.308,22890789.0,512480,sh,UC半导体ETF国联安
2024-09-25,0.326,0.324,0.332,0.323,22999454.0,512480,sh,UC半导体ETF国联安
2024-09-26,0.323,0.339,0.34,0.322,22534297.0,512480,sh,UC半导体ETF国联安
2024-09-27,0.345,0.361,0.362,0.342,17585230.0,512480,sh,UC半导体ETF国联安
2024-09-30,0.38,0.397,0.397,0.377,28803461.0,512480,sh,UC半导体ETF国联安
2024-10-08,0.437,0.437,0.437,0.437,9857327.0,512480,sh,UC半导体ETF国联安
2024-10-09,0.48,0.48,0.48,0.45,83562770.0,512480,sh,UC半导体ETF国联安
2024-10-10,0.49,0.463,0.498,0.455,55872888.0,512480,sh,UC半导体ETF国联安
2024-10-11,0.449,0.437,0.461,0.431,36662933.0,512480,sh,UC半导体ETF国联安
2024-10-14,0.435,0.455,0.456,0.425,32022552.0,512480,sh,UC半导体ETF国联安
2024-10-15,0.454,0.446,0.469,0.445,33635124.0,512480,sh,UC半导体ETF国联安
2024-10-16,0.432,0.437,0.446,0.43,21511586.0,512480,sh,UC半导体ETF国联安
2024-10-17,0.447,0.439,0.45,0.438,19207583.0,512480,sh,UC半导体ETF国联安
2024-10-18,0.438,0.483,0.483,0.438,47586073.0,512480,sh,UC半导体ETF国联安
2024-10-21,0.5,0.504,0.532,0.494,70846717.0,512480,sh,UC半导体ETF国联安
2024-10-22,0.497,0.495,0.509,0.487,30329571.0,512480,sh,UC半导体ETF国联安
2024-10-23,0.488,0.488,0.499,0.485,25538830.0,512480,sh,UC半导体ETF国联安
2024-10-24,0.484,0.489,0.495,0.483,20119110.0,512480,sh,UC半导体ETF国联安
2024-10-25,0.491,0.492,0.503,0.483,25062995.0,512480,sh,UC半导体ETF国联安
2024-10-28,0.491,0.491,0.492,0.485,16389362.0,512480,sh,UC半导体ETF国联安
2024-10-29,0.491,0.487,0.505,0.486,27856030.0,512480,sh,UC半导体ETF国联安
2024-10-30,0.484,0.482,0.49,0.475,19345081.0,512480,sh,UC半导体ETF国联安
2024-10-31,0.481,0.493,0.5,0.475,28834031.0,512480,sh,UC半导体ETF国联安
2024-11-01,0.489,0.472,0.492,0.471,28021663.0,512480,sh,UC半导体ETF国联安
2024-11-04,0.469,0.48,0.482,0.468,15512794.0,512480,sh,UC半导体ETF国联安
2024-11-05,0.48,0.504,0.506,0.478,31267431.0,512480,sh,UC半导体ETF国联安
2024-11-06,0.507,0.509,0.52,0.5,29075172.0,512480,sh,UC半导体ETF国联安
2024-11-07,0.505,0.525,0.528,0.503,23750679.0,512480,sh,UC半导体ETF国联安
2024-11-08,0.536,0.528,0.552,0.527,28272171.0,512480,sh,UC半导体ETF国联安
2024-11-11,0.534,0.561,0.563,0.534,30600193.0,512480,sh,UC半导体ETF国联安
2024-11-12,0.562,0.547,0.562,0.54,26981550.0,512480,sh,UC半导体ETF国联安
2024-11-13,0.542,0.548,0.549,0.535,17576400.0,512480,sh,UC半导体ETF国联安
2024-11-14,0.544,0.526,0.547,0.524,19149399.0,512480,sh,UC半导体ETF国联安
2024-11-15,0.525,0.504,0.529,0.503,24318070.0,512480,sh,UC半导体ETF国联安
2024-11-18,0.502,0.492,0.509,0.487,22312121.0,512480,sh,UC半导体ETF国联安
2024-11-19,0.494,0.509,0.509,0.487,24326307.0,512480,sh,UC半导体ETF国联安
2024-11-20,0.508,0.509,0.512,0.501,17806999.0,512480,sh,UC半导体ETF国联安
2024-11-21,0.507,0.511,0.518,0.505,16202449.0,512480,sh,UC半导体ETF国联安
2024-11-22,0.511,0.49,0.517,0.488,22481950.0,512480,sh,UC半导体ETF国联安
2024-11-25,0.489,0.484,0.492,0.474,16383357.0,512480,sh,UC半导体ETF国联安
2024-11-26,0.483,0.48,0.489,0.479,9584873.0,512480,sh,UC半导体ETF国联安
2024-11-27,0.478,0.495,0.496,0.47,19516680.0,512480,sh,UC半导体ETF国联安
2024-11-28,0.496,0.494,0.506,0.492,16118619.0,512480,sh,UC半导体ETF国联安
2024-11-29,0.491,0.503,0.514,0.487,21474276.0,512480,sh,UC半导体ETF国联安
2024-12-02,0.503,0.507,0.51,0.5,14968895.0,512480,sh,UC半导体ETF国联安
2024-12-03,0.51,0.501,0.512,0.496,15558866.0,512480,sh,UC半导体ETF国联安
2024-12-04,0.514,0.502,0.519,0.5,22150062.0,512480,sh,UC半导体ETF国联安
2024-12-05,0.497,0.501,0.503,0.496,11922700.0,512480,sh,UC半导体ETF国联安
2024-12-06,0.501,0.507,0.512,0.495,19114223.0,512480,sh,UC半导体ETF国联安
2024-12-09,0.505,0.498,0.507,0.495,14728232.0,512480,sh,UC半导体ETF国联安
2024-12-10,0.52,0.503,0.523,0.502,24585806.0,512480,sh,UC半导体ETF国联安
2024-12-11,0.502,0.504,0.509,0.5,12787903.0,512480,sh,UC半导体ETF国联安
2024-12-12,0.504,0.507,0.507,0.499,12982226.0,512480,sh,UC半导体ETF国联安
2024-12-13,0.503,0.5,0.508,0.499,16627338.0,512480,sh,UC半导体ETF国联安
2024-12-16,0.5,0.49,0.501,0.488,12555216.0,512480,sh,UC半导体ETF国联安
2024-12-17,0.489,0.485,0.492,0.484,11626200.0,512480,sh,UC半导体ETF国联安
2024-12-18,0.486,0.5,0.501,0.483,24345584.0,512480,sh,UC半导体ETF国联安
2024-12-19,0.493,0.509,0.513,0.492,21117577.0,512480,sh,UC半导体ETF国联安
2024-12-20,0.509,0.526,0.536,0.507,29569980.0,512480,sh,UC半导体ETF国联安
2024-12-23,0.527,0.517,0.534,0.516,14113760.0,512480,sh,UC半导体ETF国联安
2024-12-24,0.519,0.525,0.527,0.508,20791437.0,512480,sh,UC半导体ETF国联安
2024-12-25,0.525,0.524,0.531,0.52,13182557.0,512480,sh,UC半导体ETF国联安
2024-12-26,0.522,0.534,0.536,0.52,17008414.0,512480,sh,UC半导体ETF国联安
2024-12-27,0.534,0.528,0.544,0.527,15630122.0,512480,sh,UC半导体ETF国联安
2024-12-30,0.527,0.529,0.536,0.522,10748693.0,512480,sh,UC半导体ETF国联安
2024-12-31,0.528,0.505,0.529,0.504,19188192.0,512480,sh,UC半导体ETF国联安
2025-01-02,0.502,0.482,0.503,0.476,22271594.0,512480,sh,UC半导体ETF国联安
2025-01-03,0.483,0.471,0.485,0.471,18434040.0,512480,sh,UC半导体ETF国联安
2025-01-06,0.471,0.468,0.478,0.464,13745002.0,512480,sh,UC半导体ETF国联安
2025-01-07,0.469,0.489,0.489,0.468,20549262.0,512480,sh,UC半导体ETF国联安
2025-01-08,0.483,0.489,0.495,0.473,18766387.0,512480,sh,UC半导体ETF国联安
2025-01-09,0.485,0.49,0.497,0.485,13736618.0,512480,sh,UC半导体ETF国联安
2025-01-10,0.488,0.488,0.506,0.487,19102308.0,512480,sh,UC半导体ETF国联安
2025-01-13,0.481,0.486,0.488,0.478,9861795.0,512480,sh,UC半导体ETF国联安
2025-01-14,0.489,0.505,0.506,0.482,21820709.0,512480,sh,UC半导体ETF国联安
2025-01-15,0.504,0.505,0.512,0.5,13420031.0,512480,sh,UC半导体ETF国联安
2025-01-16,0.508,0.494,0.513,0.491,17471067.0,512480,sh,UC半导体ETF国联安
2025-01-17,0.49,0.506,0.513,0.49,20987434.0,512480,sh,UC半导体ETF国联安
2025-01-20,0.508,0.505,0.51,0.502,12318374.0,512480,sh,UC半导体ETF国联安
2025-01-21,0.508,0.512,0.517,0.503,18064509.0,512480,sh,UC半导体ETF国联安
2025-01-22,0.51,0.511,0.516,0.509,12349718.0,512480,sh,UC半导体ETF国联安
2025-01-23,0.518,0.504,0.523,0.504,16424174.0,512480,sh,UC半导体ETF国联安
2025-01-24,0.504,0.509,0.511,0.503,10518749.0,512480,sh,UC半导体ETF国联安
2025-01-27,0.509,0.495,0.509,0.494,12989797.0,512480,sh,UC半导体ETF国联安
2025-02-05,0.507,0.509,0.513,0.503,16236903.0,512480,sh,UC半导体ETF国联安
2025-02-06,0.506,0.53,0.531,0.504,21228997.0,512480,sh,UC半导体ETF国联安
2025-02-07,0.53,0.531,0.543,0.522,21415954.0,512480,sh,UC半导体ETF国联安
2025-02-10,0.533,0.537,0.538,0.53,13785230.0,512480,sh,UC半导体ETF国联安
2025-02-11,0.536,0.531,0.537,0.527,10195823.0,512480,sh,UC半导体ETF国联安
2025-02-12,0.53,0.549,0.549,0.529,18621677.0,512480,sh,UC半导体ETF国联安
2025-02-13,0.548,0.532,0.548,0.531,15715180.0,512480,sh,UC半导体ETF国联安
2025-02-14,0.529,0.531,0.533,0.523,12179044.0,512480,sh,UC半导体ETF国联安
2025-02-17,0.532,0.538,0.541,0.53,13543496.0,512480,sh,UC半导体ETF国联安
2025-02-18,0.538,0.527,0.544,0.525,12911276.0,512480,sh,UC半导体ETF国联安
2025-02-19,0.528,0.551,0.551,0.526,23256414.0,512480,sh,UC半导体ETF国联安
2025-02-20,0.55,0.548,0.552,0.542,12310497.0,512480,sh,UC半导体ETF国联安
2025-02-21,0.55,0.576,0.581,0.549,23599180.0,512480,sh,UC半导体ETF国联安
2025-02-24,0.575,0.578,0.584,0.57,14249768.0,512480,sh,UC半导体ETF国联安
2025-02-25,0.568,0.576,0.587,0.564,15515576.0,512480,sh,UC半导体ETF国联安
2025-02-26,0.577,0.586,0.588,0.567,16172346.0,512480,sh,UC半导体ETF国联安
2025-02-27,0.586,0.582,0.591,0.568,15030094.0,512480,sh,UC半导体ETF国联安
2025-02-28,0.577,0.554,0.581,0.552,17602363.0,512480,sh,UC半导体ETF国联安
2025-03-03,0.554,0.547,0.559,0.542,12097869.0,512480,sh,UC半导体ETF国联安
2025-03-04,0.541,0.562,0.567,0.536,16498928.0,512480,sh,UC半导体ETF国联安
2025-03-05,0.562,0.564,0.57,0.557,10979144.0,512480,sh,UC半导体ETF国联安
2025-03-06,0.57,0.579,0.584,0.57,14115166.0,512480,sh,UC半导体ETF国联安
2025-03-07,0.575,0.571,0.579,0.567,10413191.0,512480,sh,UC半导体ETF国联安
2025-03-10,0.568,0.571,0.574,0.563,9252974.0,512480,sh,UC半导体ETF国联安
2025-03-11,0.562,0.566,0.57,0.56,10302697.0,512480,sh,UC半导体ETF国联安
2025-03-12,0.569,0.564,0.574,0.564,9922863.0,512480,sh,UC半导体ETF国联安
2025-03-13,0.563,0.548,0.564,0.544,15848216.0,512480,sh,UC半导体ETF国联安
2025-03-14,0.548,0.559,0.559,0.546,12543424.0,512480,sh,UC半导体ETF国联安
2025-03-17,0.559,0.556,0.56,0.553,6210129.0,512480,sh,UC半导体ETF国联安
2025-03-18,0.559,0.56,0.567,0.557,8391132.0,512480,sh,UC半导体ETF国联安
2025-03-19,0.558,0.553,0.561,0.551,8190177.0,512480,sh,UC半导体ETF国联安
2025-03-20,0.552,0.547,0.554,0.547,8042064.0,512480,sh,UC半导体ETF国联安
2025-03-21,0.545,0.532,0.547,0.53,12183664.0,512480,sh,UC半导体ETF国联安
2025-03-24,0.531,0.536,0.537,0.526,9470239.0,512480,sh,UC半导体ETF国联安
2025-03-25,0.536,0.526,0.537,0.524,9084783.0,512480,sh,UC半导体ETF国联安
2025-03-26,0.525,0.526,0.532,0.525,5833410.0,512480,sh,UC半导体ETF国联安
2025-03-27,0.526,0.532,0.541,0.524,10338596.0,512480,sh,UC半导体ETF国联安
2025-03-28,0.532,0.524,0.535,0.524,8217843.0,512480,sh,UC半导体ETF国联安
2025-03-31,0.521,0.525,0.527,0.517,8649288.0,512480,sh,UC半导体ETF国联安
2025-04-01,0.527,0.525,0.53,0.524,7371609.0,512480,sh,UC半导体ETF国联安
2025-04-02,0.523,0.524,0.529,0.522,5956981.0,512480,sh,UC半导体ETF国联安
2025-04-03,0.519,0.521,0.531,0.518,10293338.0,512480,sh,UC半导体ETF国联安
2025-04-07,0.497,0.472,0.505,0.469,17378320.0,512480,sh,UC半导体ETF国联安
2025-04-08,0.475,0.473,0.485,0.465,12438906.0,512480,sh,UC半导体ETF国联安
2025-04-09,0.466,0.497,0.505,0.459,20979415.0,512480,sh,UC半导体ETF国联安
2025-04-10,0.507,0.503,0.513,0.5,13422926.0,512480,sh,UC半导体ETF国联安
2025-04-11,0.501,0.528,0.54,0.501,22313587.0,512480,sh,UC半导体ETF国联安
2025-04-14,0.535,0.528,0.536,0.522,11955329.0,512480,sh,UC半导体ETF国联安
2025-04-15,0.527,0.521,0.527,0.517,9060957.0,512480,sh,UC半导体ETF国联安
2025-04-16,0.524,0.525,0.528,0.516,9031479.0,512480,sh,UC半导体ETF国联安
2025-04-17,0.521,0.528,0.535,0.52,10043088.0,512480,sh,UC半导体ETF国联安
2025-04-18,0.527,0.522,0.527,0.519,6820985.0,512480,sh,UC半导体ETF国联安
2025-04-21,0.523,0.528,0.528,0.522,6175050.0,512480,sh,UC半导体ETF国联安
2025-04-22,0.527,0.527,0.531,0.523,6894218.0,512480,sh,UC半导体ETF国联安
2025-04-23,0.528,0.527,0.529,0.522,8424884.0,512480,sh,UC半导体ETF国联安
2025-04-24,0.526,0.52,0.526,0.518,7193049.0,512480,sh,UC半导体ETF国联安
2025-04-25,0.519,0.518,0.522,0.513,8050990.0,512480,sh,UC半导体ETF国联安
2025-04-28,0.518,0.519,0.522,0.514,6315451.0,512480,sh,UC半导体ETF国联安
2025-04-29,0.517,0.524,0.525,0.515,6438450.0,512480,sh,UC半导体ETF国联安
2025-04-30,0.524,0.53,0.531,0.522,7835112.0,512480,sh,UC半导体ETF国联安
2025-05-06,0.532,0.539,0.539,0.531,7791382.0,512480,sh,UC半导体ETF国联安
2025-05-07,0.546,0.536,0.548,0.531,8845336.0,512480,sh,UC半导体ETF国联安
2025-05-08,0.533,0.534,0.536,0.531,6271276.0,512480,sh,UC半导体ETF国联安
2025-05-09,0.531,0.522,0.532,0.52,10305885.0,512480,sh,UC半导体ETF国联安
2025-05-12,0.524,0.525,0.528,0.521,8531870.0,512480,sh,UC半导体ETF国联安
2025-05-13,0.529,0.522,0.53,0.521,7562052.0,512480,sh,UC半导体ETF国联安
2025-05-14,0.523,0.524,0.528,0.519,9548940.0,512480,sh,UC半导体ETF国联安
2025-05-15,0.523,0.513,0.523,0.513,10222182.0,512480,sh,UC半导体ETF国联安
2025-05-16,0.512,0.512,0.515,0.511,5591834.0,512480,sh,UC半导体ETF国联安
2025-05-19,0.512,0.514,0.516,0.508,6426218.0,512480,sh,UC半导体ETF国联安
2025-05-20,0.514,0.516,0.518,0.512,5439176.0,512480,sh,UC半导体ETF国联安
2025-05-21,0.515,0.511,0.516,0.51,6386267.0,512480,sh,UC半导体ETF国联安
2025-05-22,0.51,0.509,0.516,0.508,7523805.0,512480,sh,UC半导体ETF国联安
2025-05-23,0.508,0.502,0.511,0.502,9355177.0,512480,sh,UC半导体ETF国联安
2025-05-26,0.504,0.507,0.508,0.503,7290623.0,512480,sh,UC半导体ETF国联安
2025-05-27,0.505,0.499,0.505,0.499,7882628.0,512480,sh,UC半导体ETF国联安
2025-05-28,0.5,0.495,0.501,0.495,6207010.0,512480,sh,UC半导体ETF国联安
2025-05-29,0.497,0.506,0.506,0.497,9365636.0,512480,sh,UC半导体ETF国联安
2025-05-30,0.503,0.498,0.504,0.497,7064995.0,512480,sh,UC半导体ETF国联安
2025-06-03,0.496,0.502,0.507,0.495,7401285.0,512480,sh,UC半导体ETF国联安
2025-06-04,0.502,0.504,0.506,0.502,5376480.0,512480,sh,UC半导体ETF国联安
2025-06-05,0.505,0.514,0.515,0.504,11554314.0,512480,sh,UC半导体ETF国联安
2025-06-06,0.514,0.514,0.517,0.511,6634310.0,512480,sh,UC半导体ETF国联安
2025-06-09,0.514,0.515,0.516,0.512,6024994.0,512480,sh,UC半导体ETF国联安
2025-06-10,0.515,0.504,0.515,0.501,10170107.0,512480,sh,UC半导体ETF国联安
2025-06-11,0.504,0.503,0.508,0.503,6285855.0,512480,sh,UC半导体ETF国联安
2025-06-12,0.503,0.499,0.503,0.498,8983149.0,512480,sh,UC半导体ETF国联安
2025-06-13,0.496,0.497,0.5,0.494,8222979.0,512480,sh,UC半导体ETF国联安
2025-06-16,0.495,0.498,0.501,0.494,5182738.0,512480,sh,UC半导体ETF国联安
2025-06-17,0.5,0.496,0.5,0.494,6281744.0,512480,sh,UC半导体ETF国联安
2025-06-18,0.496,0.5,0.502,0.494,8725860.0,512480,sh,UC半导体ETF国联安
2025-06-19,0.499,0.5,0.507,0.498,10168564.0,512480,sh,UC半导体ETF国联安
2025-06-20,0.5,0.496,0.503,0.496,6739225.0,512480,sh,UC半导体ETF国联安
2025-06-23,0.494,0.502,0.505,0.493,10756590.0,512480,sh,UC半导体ETF国联安
2025-06-24,0.502,0.51,0.511,0.502,12826169.0,512480,sh,UC半导体ETF国联安
2025-06-25,0.511,0.521,0.521,0.509,15279567.0,512480,sh,UC半导体ETF国联安
2025-06-26,0.52,0.514,0.525,0.514,13029945.0,512480,sh,UC半导体ETF国联安
2025-06-27,0.519,0.517,0.523,0.513,12504391.0,512480,sh,UC半导体ETF国联安
2025-06-30,0.52,0.525,0.526,0.52,11593877.0,512480,sh,UC半导体ETF国联安
2025-07-01,0.525,0.522,0.527,0.519,9113684.0,512480,sh,UC半导体ETF国联安
2025-07-02,0.521,0.512,0.521,0.51,11698328.0,512480,sh,UC半导体ETF国联安
2025-07-03,0.512,0.512,0.514,0.509,8905545.0,512480,sh,UC半导体ETF国联安
2025-07-04,0.512,0.511,0.519,0.506,13849410.0,512480,sh,UC半导体ETF国联安
2025-07-07,0.51,0.51,0.513,0.509,5422686.0,512480,sh,UC半导体ETF国联安
2025-07-08,0.511,0.516,0.516,0.51,9710131.0,512480,sh,UC半导体ETF国联安
2025-07-09,0.516,0.51,0.517,0.509,10116476.0,512480,sh,UC半导体ETF国联安
2025-07-10,0.509,0.508,0.511,0.506,9661924.0,512480,sh,UC半导体ETF国联安
2025-07-11,0.508,0.516,0.518,0.506,15341018.0,512480,sh,UC半导体ETF国联安
2025-07-14,0.516,0.513,0.517,0.512,9092425.0,512480,sh,UC半导体ETF国联安
2025-07-15,0.512,0.511,0.515,0.508,13420386.0,512480,sh,UC半导体ETF国联安
2025-07-16,0.512,0.513,0.521,0.511,14377663.0,512480,sh,UC半导体ETF国联安
2025-07-17,0.512,0.516,0.516,0.509,13765182.0,512480,sh,UC半导体ETF国联安
2025-07-18,0.517,0.517,0.523,0.514,16701428.0,512480,sh,UC半导体ETF国联安
2025-07-21,0.517,0.518,0.519,0.515,11433695.0,512480,sh,UC半导体ETF国联安
2025-07-22,0.518,0.519,0.522,0.515,16788458.0,512480,sh,UC半导体ETF国联安
2025-07-23,0.519,0.522,0.526,0.517,21518745.0,512480,sh,UC半导体ETF国联安
2025-07-24,0.522,0.53,0.531,0.522,18155301.0,512480,sh,UC半导体ETF国联安
2025-07-25,0.531,0.541,0.544,0.527,20898010.0,512480,sh,UC半导体ETF国联安
2025-07-28,0.542,0.541,0.543,0.537,13565092.0,512480,sh,UC半导体ETF国联安
2025-07-29,0.539,0.549,0.549,0.538,15324630.0,512480,sh,UC半导体ETF国联安
2025-07-30,0.547,0.544,0.553,0.539,15530828.0,512480,sh,UC半导体ETF国联安
2025-07-31,0.542,0.537,0.55,0.536,17087400.0,512480,sh,UC半导体ETF国联安
2025-08-01,0.537,0.533,0.543,0.528,11938387.0,512480,sh,UC半导体ETF国联安
2025-08-04,0.53,0.54,0.54,0.529,10260298.0,512480,sh,UC半导体ETF国联安
2025-08-05,0.541,0.541,0.541,0.537,8037405.0,512480,sh,UC半导体ETF国联安
2025-08-06,0.541,0.546,0.546,0.538,9096383.0,512480,sh,UC半导体ETF国联安
2025-08-07,0.546,0.549,0.556,0.543,20116352.0,512480,sh,UC半导体ETF国联安
2025-08-08,0.546,0.538,0.546,0.538,12664125.0,512480,sh,UC半导体ETF国联安
2025-08-11,0.538,0.542,0.545,0.538,9267873.0,512480,sh,UC半导体ETF国联安
2025-08-12,0.542,0.557,0.561,0.54,19735997.0,512480,sh,UC半导体ETF国联安
2025-08-13,0.555,0.562,0.563,0.554,12534181.0,512480,sh,UC半导体ETF国联安
2025-08-14,0.563,0.566,0.583,0.562,22320520.0,512480,sh,UC半导体ETF国联安
2025-08-15,0.563,0.577,0.579,0.562,13398751.0,512480,sh,UC半导体ETF国联安
2025-08-18,0.588,0.59,0.595,0.576,15093814.0,512480,sh,UC半导体ETF国联安
2025-08-19,0.588,0.582,0.592,0.581,11248037.0,512480,sh,UC半导体ETF国联安
2025-08-20,0.579,0.604,0.604,0.576,20581377.0,512480,sh,UC半导体ETF国联安
2025-08-21,0.606,0.601,0.618,0.598,16358118.0,512480,sh,UC半导体ETF国联安
2025-08-22,0.605,0.656,0.658,0.605,29849687.0,512480,sh,UC半导体ETF国联安
2025-08-25,0.669,0.665,0.691,0.649,24601237.0,512480,sh,UC半导体ETF国联安
2025-08-26,0.656,0.658,0.666,0.647,17650248.0,512480,sh,UC半导体ETF国联安
2025-08-27,0.663,0.661,0.694,0.658,23657199.0,512480,sh,UC半导体ETF国联安
2025-08-28,0.663,0.708,0.709,0.662,29376435.0,512480,sh,UC半导体ETF国联安
2025-08-29,0.693,0.69,0.694,0.677,17949554.0,512480,sh,UC半导体ETF国联安
2025-09-01,0.7,0.702,0.708,0.681,17293945.0,512480,sh,UC半导体ETF国联安
2025-09-02,0.698,0.678,0.705,0.671,19855560.0,512480,sh,UC半导体ETF国联安
2025-09-03,0.675,0.666,0.683,0.662,15509398.0,512480,sh,UC半导体ETF国联安
2025-09-04,0.664,0.617,0.666,0.607,21535083.0,512480,sh,UC半导体ETF国联安
2025-09-05,0.617,0.639,0.643,0.611,16412048.0,512480,sh,UC半导体ETF国联安
2025-09-08,0.638,0.639,0.641,0.625,10798804.0,512480,sh,UC半导体ETF国联安
2025-09-09,0.632,0.624,0.638,0.621,9173547.0,512480,sh,UC半导体ETF国联安
2025-09-10,0.628,0.632,0.639,0.625,10115756.0,512480,sh,UC半导体ETF国联安
2025-09-11,0.63,0.671,0.672,0.626,17983717.0,512480,sh,UC半导体ETF国联安
2025-09-12,0.671,0.683,0.696,0.667,14955082.0,512480,sh,UC半导体ETF国联安
2025-09-15,0.707,0.687,0.708,0.683,13155720.0,512480,sh,UC半导体ETF国联安
2025-09-16,0.688,0.694,0.701,0.687,11301522.0,512480,sh,UC半导体ETF国联安
2025-09-17,0.692,0.704,0.71,0.682,11284959.0,512480,sh,UC半导体ETF国联安
2025-09-18,0.712,0.713,0.744,0.697,23169092.0,512480,sh,UC半导体ETF国联安
2025-09-19,0.715,0.705,0.725,0.701,12054084.0,512480,sh,UC半导体ETF国联安
2025-09-22,0.701,0.731,0.738,0.697,13893344.0,512480,sh,UC半导体ETF国联安
2025-09-23,0.733,0.734,0.738,0.71,13608900.0,512480,sh,UC半导体ETF国联安
2025-09-24,0.729,0.772,0.784,0.729,16845719.0,512480,sh,UC半导体ETF国联安
2025-09-25,0.769,0.773,0.78,0.759,13293727.0,512480,sh,UC半导体ETF国联安
2025-09-26,0.766,0.762,0.781,0.759,12136364.0,512480,sh,UC半导体ETF国联安
2025-09-29,0.761,0.77,0.771,0.747,10263335.0,512480,sh,UC半导体ETF国联安
2025-09-30,0.78,0.788,0.795,0.774,12306827.0,512480,sh,UC半导体ETF国联安
2025-10-09,0.804,0.811,0.838,0.801,14215225.0,512480,sh,UC半导体ETF国联安
2025-10-10,0.795,0.762,0.798,0.756,19449110.0,512480,sh,UC半导体ETF国联安
2025-10-13,0.73,0.779,0.779,0.73,17175670.0,512480,sh,UC半导体ETF国联安
2025-10-14,0.785,0.735,0.787,0.729,20174964.0,512480,sh,UC半导体ETF国联安
2025-10-15,0.735,0.746,0.747,0.723,12302748.0,512480,sh,UC半导体ETF国联安
2025-10-16,0.741,0.742,0.758,0.737,8927764.0,512480,sh,UC半导体ETF国联安
2025-10-17,0.736,0.712,0.74,0.71,13682082.0,512480,sh,UC半导体ETF国联安
2025-10-20,0.724,0.717,0.734,0.71,10963060.0,512480,sh,UC半导体ETF国联安
2025-10-21,0.721,0.737,0.738,0.716,12153159.0,512480,sh,UC半导体ETF国联安
2025-10-22,0.728,0.734,0.745,0.718,9016535.0,512480,sh,UC半导体ETF国联安
2025-10-23,0.727,0.728,0.73,0.714,8872191.0,512480,sh,UC半导体ETF国联安
2025-10-24,0.737,0.764,0.767,0.735,17162108.0,512480,sh,UC半导体ETF国联安
2025-10-27,0.781,0.783,0.785,0.764,18652236.0,512480,sh,UC半导体ETF国联安
2025-10-28,0.774,0.776,0.788,0.769,10846655.0,512480,sh,UC半导体ETF国联安
2025-10-29,0.773,0.778,0.787,0.766,13284606.0,512480,sh,UC半导体ETF国联安
2025-10-30,0.777,0.76,0.778,0.759,11291542.0,512480,sh,UC半导体ETF国联安
2025-10-31,0.757,0.733,0.758,0.732,15887788.0,512480,sh,UC半导体ETF国联安
2025-11-03,0.723,0.726,0.727,0.706,12595510.0,512480,sh,UC半导体ETF国联安
2025-11-04,0.727,0.718,0.734,0.714,10035616.0,512480,sh,UC半导体ETF国联安
2025-11-05,0.702,0.712,0.717,0.701,10715310.0,512480,sh,UC半导体ETF国联安
2025-11-06,0.723,0.74,0.742,0.721,13761302.0,512480,sh,UC半导体ETF国联安
2025-11-07,0.731,0.731,0.739,0.727,7856129.0,512480,sh,UC半导体ETF国联安
2025-11-10,0.733,0.727,0.74,0.715,8681389.0,512480,sh,UC半导体ETF国联安
2025-11-11,0.73,0.715,0.736,0.713,9389668.0,512480,sh,UC半导体ETF国联安
2025-11-12,0.708,0.711,0.717,0.7,8621229.0,512480,sh,UC半导体ETF国联安
2025-11-13,0.708,0.724,0.726,0.708,9920984.0,512480,sh,UC半导体ETF国联安
2025-11-14,0.712,0.7,0.715,0.699,10926467.0,512480,sh,UC半导体ETF国联安
2025-11-17,0.699,0.699,0.713,0.695,7749872.0,512480,sh,UC半导体ETF国联安
2025-11-18,0.697,0.706,0.715,0.696,10303592.0,512480,sh,UC半导体ETF国联安
2025-11-19,0.702,0.699,0.71,0.696,7924058.0,512480,sh,UC半导体ETF国联安
2025-11-20,0.709,0.69,0.71,0.688,8396534.0,512480,sh,UC半导体ETF国联安
2025-11-21,0.676,0.661,0.679,0.66,11972742.0,512480,sh,UC半导体ETF国联安
2025-11-24,0.663,0.667,0.673,0.653,9081604.0,512480,sh,UC半导体ETF国联安
2025-11-25,0.674,0.674,0.685,0.671,9870032.0,512480,sh,UC半导体ETF国联安
2025-11-26,0.67,0.685,0.69,0.668,11000407.0,512480,sh,UC半导体ETF国联安
2025-11-27,0.689,0.688,0.708,0.686,10226410.0,512480,sh,UC半导体ETF国联安
2025-11-28,0.684,0.696,0.698,0.681,7164561.0,512480,sh,UC半导体ETF国联安
2025-12-01,0.697,0.708,0.709,0.688,8900563.0,512480,sh,UC半导体ETF国联安
2025-12-02,0.707,0.698,0.709,0.696,6014195.0,512480,sh,UC半导体ETF国联安
2025-12-03,0.698,0.692,0.702,0.689,5081334.0,512480,sh,UC半导体ETF国联安
2025-12-04,0.691,0.706,0.706,0.683,8412544.0,512480,sh,UC半导体ETF国联安
2025-12-05,0.702,0.703,0.706,0.692,8191309.0,512480,sh,UC半导体ETF国联安
2025-12-08,0.704,0.721,0.726,0.703,10296431.0,512480,sh,UC半导体ETF国联安
2025-12-09,0.716,0.718,0.725,0.713,6963218.0,512480,sh,UC半导体ETF国联安
2025-12-10,0.712,0.719,0.722,0.703,6816988.0,512480,sh,UC半导体ETF国联安
2025-12-11,0.721,0.708,0.723,0.708,5126399.0,512480,sh,UC半导体ETF国联安
2025-12-12,0.707,0.72,0.723,0.698,8826665.0,512480,sh,UC半导体ETF国联安
2025-12-15,0.712,0.704,0.72,0.703,6518751.0,512480,sh,UC半导体ETF国联安
2025-12-16,0.701,0.691,0.705,0.686,7702527.0,512480,sh,UC半导体ETF国联安
2025-12-17,0.69,0.706,0.708,0.686,8543609.0,512480,sh,UC半导体ETF国联安
2025-12-18,0.699,0.701,0.708,0.698,5974338.0,512480,sh,UC半导体ETF国联安
2025-12-19,0.706,0.699,0.709,0.698,6571845.0,512480,sh,UC半导体ETF国联安
2025-12-22,0.701,0.718,0.72,0.701,9125728.0,512480,sh,UC半导体ETF国联安
2025-12-23,0.717,0.725,0.73,0.716,9393226.0,512480,sh,UC半导体ETF国联安
2025-12-24,0.728,0.736,0.737,0.723,8161550.0,512480,sh,UC半导体ETF国联安
2025-12-25,0.736,0.736,0.741,0.729,7029330.0,512480,sh,UC半导体ETF国联安
2025-12-26,0.733,0.733,0.741,0.728,6807966.0,512480,sh,UC半导体ETF国联安
2025-12-29,0.731,0.733,0.743,0.729,11104644.0,512480,sh,UC半导体ETF国联安
2025-12-30,0.732,0.743,0.748,0.732,9578275.0,512480,sh,UC半导体ETF国联安
2025-12-31,0.747,0.732,0.75,0.731,8350245.0,512480,sh,UC半导体ETF国联安
2026-01-05,0.742,0.765,0.765,0.741,11862556.0,512480,sh,UC半导体ETF国联安
2026-01-06,0.765,0.782,0.789,0.763,10069918.0,512480,sh,UC半导体ETF国联安
2026-01-07,0.797,0.802,0.806,0.79,12614904.0,512480,sh,UC半导体ETF国联安
2026-01-08,0.796,0.804,0.819,0.796,10422724.0,512480,sh,UC半导体ETF国联安
2026-01-09,0.796,0.809,0.81,0.789,9438238.0,512480,sh,UC半导体ETF国联安
2026-01-12,0.812,0.823,0.824,0.806,8059671.0,512480,sh,UC半导体ETF国联安
2026-01-13,0.82,0.797,0.825,0.79,10424241.0,512480,sh,UC半导体ETF国联安
2026-01-14,0.797,0.809,0.823,0.797,10945757.0,512480,sh,UC半导体ETF国联安
2026-01-15,0.801,0.825,0.825,0.797,10045465.0,512480,sh,UC半导体ETF国联安
2026-01-16,0.836,0.851,0.859,0.83,13113621.0,512480,sh,UC半导体ETF国联安
2026-01-19,0.853,0.847,0.855,0.843,9361344.0,512480,sh,UC半导体ETF国联安
2026-01-20,0.843,0.841,0.859,0.834,8677224.0,512480,sh,UC半导体ETF国联安
2026-01-21,0.836,0.873,0.877,0.835,12527429.0,512480,sh,UC半导体ETF国联安
2026-01-22,0.891,0.868,0.894,0.86,9646672.0,512480,sh,UC半导体ETF国联安
2026-01-23,0.861,0.869,0.87,0.852,8719855.0,512480,sh,UC半导体ETF国联安
2026-01-26,0.868,0.849,0.875,0.845,9961461.0,512480,sh,UC半导体ETF国联安
2026-01-27,0.845,0.872,0.875,0.836,9918714.0,512480,sh,UC半导体ETF国联安
2026-01-28,0.877,0.882,0.893,0.87,10506696.0,512480,sh,UC半导体ETF国联安
2026-01-29,0.882,0.847,0.883,0.845,12761856.0,512480,sh,UC半导体ETF国联安
2026-01-30,0.843,0.856,0.864,0.827,10597616.0,512480,sh,UC半导体ETF国联安
2026-02-02,0.841,0.809,0.848,0.807,14744126.0,512480,sh,UC半导体ETF国联安
2026-02-03,0.825,0.821,0.827,0.801,9294592.0,512480,sh,UC半导体ETF国联安
2026-02-04,0.808,0.804,0.81,0.793,9993004.0,512480,sh,UC半导体ETF国联安
2026-02-05,0.79,0.796,0.799,0.78,10236926.0,512480,sh,UC半导体ETF国联安
2026-02-06,0.784,0.789,0.799,0.78,8384436.0,512480,sh,UC半导体ETF国联安
2026-02-09,0.805,0.814,0.815,0.798,9454882.0,512480,sh,UC半导体ETF国联安
2026-02-10,0.816,0.818,0.829,0.814,6386633.0,512480,sh,UC半导体ETF国联安
2026-02-11,0.811,0.809,0.816,0.804,5384603.0,512480,sh,UC半导体ETF国联安
2026-02-12,0.814,0.826,0.827,0.81,6963868.0,512480,sh,UC半导体ETF国联安
2026-02-13,0.821,0.828,0.838,0.819,7231726.0,512480,sh,UC半导体ETF国联安
2026-02-24,0.839,0.831,0.839,0.818,5788507.0,512480,sh,UC半导体ETF国联安
2026-02-25,0.832,0.838,0.842,0.819,8759858.0,512480,sh,UC半导体ETF国联安
2026-02-26,0.838,0.85,0.855,0.828,7972492.0,512480,sh,UC半导体ETF国联安
2026-02-27,0.837,0.843,0.846,0.829,7130868.0,512480,sh,UC半导体ETF国联安
2026-03-02,0.825,0.828,0.842,0.824,7357658.0,512480,sh,UC半导体ETF国联安
2026-03-03,0.829,0.78,0.833,0.778,13466369.0,512480,sh,UC半导体ETF国联安
2026-03-04,0.771,0.78,0.795,0.771,9872894.0,512480,sh,UC半导体ETF国联安
2026-03-05,0.798,0.793,0.806,0.787,9219535.0,512480,sh,UC半导体ETF国联安
2026-03-06,0.785,0.793,0.801,0.785,5632987.0,512480,sh,UC半导体ETF国联安
2026-03-09,0.775,0.777,0.782,0.752,9810226.0,512480,sh,UC半导体ETF国联安
2026-03-10,0.793,0.798,0.8,0.787,7886920.0,512480,sh,UC半导体ETF国联安
2026-03-11,0.798,0.789,0.805,0.788,7266902.0,512480,sh,UC半导体ETF国联安
2026-03-12,0.786,0.778,0.796,0.771,7211408.0,512480,sh,UC半导体ETF国联安
2026-03-13,0.771,0.772,0.786,0.766,6808668.0,512480,sh,UC半导体ETF国联安
2026-03-16,0.77,0.789,0.791,0.757,10626386.0,512480,sh,UC半导体ETF国联安
2026-03-17,0.789,0.767,0.79,0.766,7716086.0,512480,sh,UC半导体ETF国联安
2026-03-18,0.772,0.784,0.786,0.768,8549739.0,512480,sh,UC半导体ETF国联安
2026-03-19,0.77,0.764,0.773,0.76,9605428.0,512480,sh,UC半导体ETF国联安
2026-03-20,0.767,0.751,0.769,0.75,8226739.0,512480,sh,UC半导体ETF国联安
2026-03-23,0.73,0.713,0.74,0.708,11882615.0,512480,sh,UC半导体ETF国联安
2026-03-24,0.724,0.726,0.727,0.701,9107577.0,512480,sh,UC半导体ETF国联安
2026-03-25,0.73,0.745,0.753,0.73,10158227.0,512480,sh,UC半导体ETF国联安
2026-03-26,0.74,0.727,0.743,0.725,6597208.0,512480,sh,UC半导体ETF国联安
2026-03-27,0.714,0.734,0.74,0.711,6244796.0,512480,sh,UC半导体ETF国联安
2026-03-30,0.72,0.734,0.737,0.717,6281802.0,512480,sh,UC半导体ETF国联安
2026-03-31,0.728,0.708,0.73,0.707,8498198.0,512480,sh,UC半导体ETF国联安
2026-04-01,0.728,0.729,0.733,0.721,8851075.0,512480,sh,UC半导体ETF国联安
2026-04-02,0.727,0.707,0.728,0.702,7711924.0,512480,sh,UC半导体ETF国联安
2026-04-03,0.71,0.707,0.715,0.704,5175092.0,512480,sh,UC半导体ETF国联安
2026-04-07,0.709,0.719,0.725,0.709,6988137.0,512480,sh,UC半导体ETF国联安
2026-04-08,0.741,0.766,0.767,0.741,10290859.0,512480,sh,UC半导体ETF国联安
2026-04-09,0.757,0.766,0.775,0.753,8052903.0,512480,sh,UC半导体ETF国联安
2026-04-10,0.778,0.781,0.79,0.778,7789697.0,512480,sh,UC半导体ETF国联安
2026-04-13,0.774,0.783,0.798,0.774,6822983.0,512480,sh,UC半导体ETF国联安
2026-04-14,0.795,0.804,0.808,0.794,8288641.0,512480,sh,UC半导体ETF国联安
2026-04-15,0.811,0.799,0.817,0.795,7797838.0,512480,sh,UC半导体ETF国联安
2026-04-16,0.798,0.81,0.811,0.794,6878260.0,512480,sh,UC半导体ETF国联安
2026-04-17,0.807,0.814,0.821,0.804,6187051.0,512480,sh,UC半导体ETF国联安
2026-04-20,0.815,0.827,0.829,0.814,6837801.0,512480,sh,UC半导体ETF国联安
2026-04-21,0.824,0.818,0.825,0.805,6632696.0,512480,sh,UC半导体ETF国联安
2026-04-22,0.813,0.839,0.839,0.813,10113763.0,512480,sh,UC半导体ETF国联安
2026-04-23,0.846,0.824,0.848,0.817,9387023.0,512480,sh,UC半导体ETF国联安
2026-04-24,0.826,0.839,0.848,0.819,11744618.0,512480,sh,UC半导体ETF国联安
2026-04-27,0.852,0.878,0.882,0.848,12107589.0,512480,sh,UC半导体ETF国联安
2026-04-28,0.873,0.868,0.891,0.862,7513621.0,512480,sh,UC半导体ETF国联安
2026-04-29,0.857,0.866,0.868,0.839,8347152.0,512480,sh,UC半导体ETF国联安
2026-04-30,0.876,0.909,0.915,0.874,12900460.0,512480,sh,UC半导体ETF国联安
2026-05-06,0.947,0.957,0.992,0.945,10695165.0,512480,sh,UC半导体ETF国联安
2026-05-07,0.965,0.975,0.978,0.952,8124786.0,512480,sh,UC半导体ETF国联安
2026-05-08,0.954,0.951,0.959,0.94,8513916.0,512480,sh,UC半导体ETF国联安
2026-05-11,0.978,1.009,1.016,0.973,10805356.0,512480,sh,UC半导体ETF国联安
2026-05-12,1.005,1.013,1.025,0.988,9173728.0,512480,sh,UC半导体ETF国联安
2026-05-13,0.99,1.044,1.046,0.98,9688554.0,512480,sh,UC半导体ETF国联安
2026-05-14,1.053,1.022,1.061,1.021,8772967.0,512480,sh,UC半导体ETF国联安
2026-05-15,1.017,1.018,1.062,0.991,13675723.0,512480,sh,UC半导体ETF国联安
2026-05-18,1.018,1.029,1.056,1.015,8870419.0,512480,sh,UC半导体ETF国联安
2026-05-19,1.016,1.066,1.066,0.996,12149503.0,512480,sh,UC半导体ETF国联安
2026-05-20,1.059,1.114,1.114,1.058,9620483.0,512480,sh,UC半导体ETF国联安
2026-05-21,1.133,1.066,1.149,1.061,11650602.0,512480,sh,UC半导体ETF国联安
2026-05-22,1.073,1.095,1.097,1.057,9662449.0,512480,sh,UC半导体ETF国联安
2026-05-25,1.096,1.174,1.175,1.083,10541575.0,512480,sh,UC半导体ETF国联安
2026-05-26,1.172,1.161,1.172,1.124,11334558.0,512480,sh,UC半导体ETF国联安
2026-05-27,1.165,1.133,1.19,1.127,11467473.0,512480,sh,UC半导体ETF国联安
2026-05-28,1.115,1.147,1.154,1.115,9537105.0,512480,sh,UC半导体ETF国联安
2026-05-29,1.149,1.08,1.153,1.068,11405394.0,512480,sh,UC半导体ETF国联安
2026-06-01,1.077,1.023,1.085,1.022,11178345.0,512480,sh,UC半导体ETF国联安
2026-06-02,1.024,1.04,1.056,1.009,9394950.0,512480,sh,UC半导体ETF国联安
2026-06-03,1.043,1.075,1.103,1.043,9635151.0,512480,sh,UC半导体ETF国联安
2026-06-04,1.055,1.097,1.105,1.055,6711546.0,512480,sh,UC半导体ETF国联安
2026-06-05,1.075,1.046,1.091,1.039,7219129.0,512480,sh,UC半导体ETF国联安
2026-06-08,0.993,0.998,1.027,0.988,8158831.0,512480,sh,UC半导体ETF国联安
2026-06-09,1.024,1.055,1.057,1.01,8309109.0,512480,sh,UC半导体ETF国联安
2026-06-10,1.039,1.05,1.086,1.035,6577005.0,512480,sh,UC半导体ETF国联安
2026-06-11,1.041,1.065,1.073,1.041,6322631.0,512480,sh,UC半导体ETF国联安
2026-06-12,1.109,1.053,1.112,1.047,7162684.0,512480,sh,UC半导体ETF国联安
2026-06-15,1.068,1.116,1.116,1.042,7697145.0,512480,sh,UC半导体ETF国联安
2026-06-16,1.119,1.127,1.134,1.109,5899647.0,512480,sh,UC半导体ETF国联安
2026-06-17,1.111,1.194,1.195,1.1,7890527.0,512480,sh,UC半导体ETF国联安
2026-06-18,1.192,1.241,1.254,1.189,7830702.0,512480,sh,UC半导体ETF国联安
2026-06-22,1.256,1.276,1.28,1.225,7691118.0,512480,sh,UC半导体ETF国联安
2026-06-23,1.265,1.256,1.299,1.235,7727168.0,512480,sh,UC半导体ETF国联安
2026-06-24,1.236,1.326,1.327,1.235,8776750.0,512480,sh,UC半导体ETF国联安
2026-06-25,1.35,1.387,1.388,1.338,7527433.0,512480,sh,UC半导体ETF国联安
2026-06-26,1.365,1.374,1.406,1.335,9683123.0,512480,sh,UC半导体ETF国联安
2026-06-29,1.381,1.455,1.456,1.35,9654730.0,512480,sh,UC半导体ETF国联安
2026-06-30,1.455,1.503,1.506,1.419,8292014.0,512480,sh,UC半导体ETF国联安
2026-07-01,1.503,1.472,1.557,1.45,9593499.0,512480,sh,UC半导体ETF国联安
2026-07-02,1.4,1.35,1.434,1.335,10956644.0,512480,sh,UC半导体ETF国联安
2026-07-03,1.322,1.331,1.383,1.303,15949373.0,512480,sh,UC半导体ETF国联安
