date,open,close,high,low,volume,code,market,name
2020-01-02,1.255,1.272,1.272,1.255,19416.0,510550,sh,中证500ETF方正富邦
2020-01-03,1.27,1.273,1.277,1.27,4662.0,510550,sh,中证500ETF方正富邦
2020-01-06,1.271,1.281,1.296,1.271,6573.0,510550,sh,中证500ETF方正富邦
2020-01-07,1.29,1.301,1.301,1.29,4227.0,510550,sh,中证500ETF方正富邦
2020-01-08,1.302,1.287,1.302,1.282,15815.0,510550,sh,中证500ETF方正富邦
2020-01-09,1.29,1.3,1.302,1.29,17202.0,510550,sh,中证500ETF方正富邦
2020-01-10,1.326,1.301,1.326,1.291,20203.0,510550,sh,中证500ETF方正富邦
2020-01-13,1.316,1.317,1.317,1.294,6303.0,510550,sh,中证500ETF方正富邦
2020-01-14,1.32,1.312,1.325,1.312,6887.0,510550,sh,中证500ETF方正富邦
2020-01-15,1.339,1.312,1.339,1.262,15553.0,510550,sh,中证500ETF方正富邦
2020-01-16,1.314,1.311,1.315,1.308,6973.0,510550,sh,中证500ETF方正富邦
2020-01-17,1.296,1.304,1.335,1.296,1319.0,510550,sh,中证500ETF方正富邦
2020-01-20,1.306,1.326,1.326,1.304,24896.0,510550,sh,中证500ETF方正富邦
2020-01-21,1.325,1.308,1.325,1.301,35724.0,510550,sh,中证500ETF方正富邦
2020-01-22,1.282,1.318,1.325,1.281,20025.0,510550,sh,中证500ETF方正富邦
2020-01-23,1.312,1.271,1.313,1.258,14826.0,510550,sh,中证500ETF方正富邦
2020-02-03,1.22,1.144,1.22,1.144,9587.0,510550,sh,中证500ETF方正富邦
2020-02-04,1.144,1.18,1.187,1.144,14710.0,510550,sh,中证500ETF方正富邦
2020-02-05,1.182,1.211,1.226,1.16,12574.0,510550,sh,中证500ETF方正富邦
2020-02-06,1.206,1.245,1.267,1.205,11804.0,510550,sh,中证500ETF方正富邦
2020-02-07,1.25,1.246,1.26,1.238,4578.0,510550,sh,中证500ETF方正富邦
2020-02-10,1.256,1.26,1.268,1.251,5557.0,510550,sh,中证500ETF方正富邦
2020-02-11,1.258,1.264,1.275,1.258,2033.0,510550,sh,中证500ETF方正富邦
2020-02-12,1.264,1.289,1.291,1.253,4334.0,510550,sh,中证500ETF方正富邦
2020-02-13,1.288,1.28,1.292,1.276,1402.0,510550,sh,中证500ETF方正富邦
2020-02-14,1.282,1.282,1.292,1.275,2238.0,510550,sh,中证500ETF方正富邦
2020-02-17,1.289,1.316,1.32,1.289,17594.0,510550,sh,中证500ETF方正富邦
2020-02-18,1.32,1.335,1.335,1.313,29091.0,510550,sh,中证500ETF方正富邦
2020-02-19,1.313,1.322,1.34,1.313,3335.0,510550,sh,中证500ETF方正富邦
2020-02-20,1.322,1.325,1.347,1.303,7108.0,510550,sh,中证500ETF方正富邦
2020-02-21,1.326,1.362,1.371,1.326,3129.0,510550,sh,中证500ETF方正富邦
2020-02-24,1.362,1.378,1.387,1.356,5504.0,510550,sh,中证500ETF方正富邦
2020-02-25,1.377,1.389,1.389,1.331,9705.0,510550,sh,中证500ETF方正富邦
2020-02-26,1.389,1.354,1.389,1.35,6455.0,510550,sh,中证500ETF方正富邦
2020-02-27,1.36,1.357,1.37,1.343,6193.0,510550,sh,中证500ETF方正富邦
2020-02-28,1.355,1.371,1.449,1.284,10977.0,510550,sh,中证500ETF方正富邦
2020-03-02,1.364,1.337,1.364,1.302,11213.0,510550,sh,中证500ETF方正富邦
2020-03-03,1.347,1.348,1.376,1.33,8997.0,510550,sh,中证500ETF方正富邦
2020-03-04,1.321,1.348,1.348,1.306,5217.0,510550,sh,中证500ETF方正富邦
2020-03-05,1.348,1.367,1.388,1.348,9099.0,510550,sh,中证500ETF方正富邦
2020-03-06,1.367,1.365,1.375,1.355,45716.0,510550,sh,中证500ETF方正富邦
2020-03-09,1.337,1.335,1.349,1.314,28649.0,510550,sh,中证500ETF方正富邦
2020-03-10,1.309,1.344,1.345,1.291,1652.0,510550,sh,中证500ETF方正富邦
2020-03-11,1.346,1.332,1.355,1.332,2824.0,510550,sh,中证500ETF方正富邦
2020-03-12,1.33,1.329,1.33,1.296,4075.0,510550,sh,中证500ETF方正富邦
2020-03-13,1.302,1.303,1.31,1.25,5556.0,510550,sh,中证500ETF方正富邦
2020-03-16,1.325,1.244,1.325,1.237,9207.0,510550,sh,中证500ETF方正富邦
2020-03-17,1.267,1.245,1.267,1.216,5359.0,510550,sh,中证500ETF方正富邦
2020-03-18,1.221,1.237,1.267,1.221,67075.0,510550,sh,中证500ETF方正富邦
2020-03-19,1.237,1.228,1.239,1.2,7402.0,510550,sh,中证500ETF方正富邦
2020-03-20,1.241,1.248,1.248,1.226,6388.0,510550,sh,中证500ETF方正富邦
2020-03-23,1.247,1.218,1.247,1.19,4424.0,510550,sh,中证500ETF方正富邦
2020-03-24,1.22,1.214,1.224,1.19,3772.0,510550,sh,中证500ETF方正富邦
2020-03-25,1.236,1.249,1.25,1.235,4803.0,510550,sh,中证500ETF方正富邦
2020-03-26,1.25,1.237,1.25,1.235,1783.0,510550,sh,中证500ETF方正富邦
2020-03-27,1.239,1.237,1.246,1.229,6239.0,510550,sh,中证500ETF方正富邦
2020-03-30,1.212,1.208,1.223,1.193,1719.0,510550,sh,中证500ETF方正富邦
2020-03-31,1.203,1.215,1.233,1.203,1824.0,510550,sh,中证500ETF方正富邦
2020-04-01,1.215,1.196,1.222,1.192,2364.0,510550,sh,中证500ETF方正富邦
2020-04-02,1.188,1.227,1.227,1.188,2682.0,510550,sh,中证500ETF方正富邦
2020-04-03,1.229,1.22,1.233,1.218,2757.0,510550,sh,中证500ETF方正富邦
2020-04-07,1.22,1.253,1.257,1.22,5860.0,510550,sh,中证500ETF方正富邦
2020-04-08,1.253,1.256,1.256,1.248,1187.0,510550,sh,中证500ETF方正富邦
2020-04-09,1.26,1.268,1.27,1.26,2706.0,510550,sh,中证500ETF方正富邦
2020-04-10,1.263,1.242,1.263,1.239,22902.0,510550,sh,中证500ETF方正富邦
2020-04-13,1.261,1.228,1.261,1.227,933.0,510550,sh,中证500ETF方正富邦
2020-04-14,1.239,1.26,1.26,1.235,61954.0,510550,sh,中证500ETF方正富邦
2020-04-15,1.261,1.255,1.266,1.255,1807.0,510550,sh,中证500ETF方正富邦
2020-04-16,1.251,1.267,1.267,1.251,1812.0,510550,sh,中证500ETF方正富邦
2020-04-17,1.245,1.277,1.282,1.245,4400.0,510550,sh,中证500ETF方正富邦
2020-04-20,1.274,1.276,1.282,1.271,27505.0,510550,sh,中证500ETF方正富邦
2020-04-21,1.293,1.269,1.293,1.26,841.0,510550,sh,中证500ETF方正富邦
2020-04-22,1.261,1.279,1.283,1.261,6730.0,510550,sh,中证500ETF方正富邦
2020-04-23,1.283,1.276,1.285,1.276,676.0,510550,sh,中证500ETF方正富邦
2020-04-24,1.276,1.26,1.276,1.255,7819.0,510550,sh,中证500ETF方正富邦
2020-04-27,1.259,1.255,1.267,1.255,524.0,510550,sh,中证500ETF方正富邦
2020-04-28,1.252,1.246,1.257,1.23,1512.0,510550,sh,中证500ETF方正富邦
2020-04-29,1.243,1.253,1.258,1.243,102.0,510550,sh,中证500ETF方正富邦
2020-04-30,1.25,1.275,1.279,1.25,1060.0,510550,sh,中证500ETF方正富邦
2020-05-06,1.275,1.3,1.3,1.275,23147.0,510550,sh,中证500ETF方正富邦
2020-05-07,1.301,1.3,1.304,1.293,2892.0,510550,sh,中证500ETF方正富邦
2020-05-08,1.303,1.313,1.316,1.301,7079.0,510550,sh,中证500ETF方正富邦
2020-05-11,1.313,1.307,1.32,1.302,31341.0,510550,sh,中证500ETF方正富邦
2020-05-12,1.303,1.313,1.313,1.302,3032.0,510550,sh,中证500ETF方正富邦
2020-05-13,1.31,1.32,1.32,1.306,828.0,510550,sh,中证500ETF方正富邦
2020-05-14,1.32,1.311,1.32,1.309,4507.0,510550,sh,中证500ETF方正富邦
2020-05-15,1.338,1.316,1.338,1.303,27296.0,510550,sh,中证500ETF方正富邦
2020-05-18,1.33,1.316,1.33,1.316,6244.0,510550,sh,中证500ETF方正富邦
2020-05-19,1.317,1.323,1.324,1.316,7163.0,510550,sh,中证500ETF方正富邦
2020-05-20,1.329,1.31,1.329,1.307,2224.0,510550,sh,中证500ETF方正富邦
2020-05-21,1.318,1.302,1.319,1.3,12886.0,510550,sh,中证500ETF方正富邦
2020-05-22,1.3,1.28,1.301,1.275,1401.0,510550,sh,中证500ETF方正富邦
2020-05-25,1.275,1.276,1.282,1.272,443.0,510550,sh,中证500ETF方正富邦
2020-05-26,1.288,1.297,1.297,1.286,756.0,510550,sh,中证500ETF方正富邦
2020-05-27,1.297,1.284,1.3,1.284,1109.0,510550,sh,中证500ETF方正富邦
2020-05-28,1.31,1.286,1.31,1.271,1352.0,510550,sh,中证500ETF方正富邦
2020-05-29,1.291,1.298,1.298,1.291,8677.0,510550,sh,中证500ETF方正富邦
2020-06-01,1.31,1.336,1.336,1.31,10762.0,510550,sh,中证500ETF方正富邦
2020-06-02,1.339,1.336,1.339,1.329,3128.0,510550,sh,中证500ETF方正富邦
2020-06-03,1.336,1.342,1.351,1.333,5054.0,510550,sh,中证500ETF方正富邦
2020-06-04,1.338,1.341,1.344,1.335,1222.0,510550,sh,中证500ETF方正富邦
2020-06-05,1.341,1.343,1.343,1.334,4003.0,510550,sh,中证500ETF方正富邦
2020-06-08,1.352,1.346,1.358,1.342,17922.0,510550,sh,中证500ETF方正富邦
2020-06-09,1.338,1.345,1.352,1.338,17723.0,510550,sh,中证500ETF方正富邦
2020-06-10,1.354,1.348,1.354,1.342,7678.0,510550,sh,中证500ETF方正富邦
2020-06-11,1.348,1.349,1.364,1.343,4058.0,510550,sh,中证500ETF方正富邦
2020-06-12,1.325,1.353,1.353,1.325,2278.0,510550,sh,中证500ETF方正富邦
2020-06-15,1.353,1.345,1.364,1.345,12808.0,510550,sh,中证500ETF方正富邦
2020-06-16,1.345,1.376,1.378,1.345,14655.0,510550,sh,中证500ETF方正富邦
2020-06-17,1.376,1.4,1.4,1.37,3352.0,510550,sh,中证500ETF方正富邦
2020-06-18,1.4,1.377,1.4,1.375,2184.0,510550,sh,中证500ETF方正富邦
2020-06-19,1.386,1.398,1.4,1.375,17637.0,510550,sh,中证500ETF方正富邦
2020-06-22,1.4,1.397,1.4,1.393,1124.0,510550,sh,中证500ETF方正富邦
2020-06-23,1.399,1.4,1.402,1.389,7458.0,510550,sh,中证500ETF方正富邦
2020-06-24,1.402,1.397,1.403,1.394,2563.0,510550,sh,中证500ETF方正富邦
2020-06-29,1.399,1.391,1.399,1.388,1518.0,510550,sh,中证500ETF方正富邦
2020-06-30,1.394,1.417,1.419,1.394,15522.0,510550,sh,中证500ETF方正富邦
2020-07-01,1.417,1.417,1.425,1.402,15197.0,510550,sh,中证500ETF方正富邦
2020-07-02,1.417,1.442,1.442,1.417,3172.0,510550,sh,中证500ETF方正富邦
2020-07-03,1.444,1.458,1.459,1.441,5114.0,510550,sh,中证500ETF方正富邦
2020-07-06,1.479,1.545,1.545,1.475,15315.0,510550,sh,中证500ETF方正富邦
2020-07-07,1.55,1.553,1.568,1.517,16785.0,510550,sh,中证500ETF方正富邦
2020-07-08,1.553,1.575,1.577,1.537,18037.0,510550,sh,中证500ETF方正富邦
2020-07-09,1.6,1.623,1.687,1.576,20886.0,510550,sh,中证500ETF方正富邦
2020-07-10,1.622,1.611,1.633,1.59,19021.0,510550,sh,中证500ETF方正富邦
2020-07-13,1.61,1.669,1.67,1.578,29830.0,510550,sh,中证500ETF方正富邦
2020-07-14,1.67,1.65,1.67,1.611,10284.0,510550,sh,中证500ETF方正富邦
2020-07-15,1.645,1.602,1.653,1.598,9944.0,510550,sh,中证500ETF方正富邦
2020-07-16,1.614,1.549,1.622,1.525,13153.0,510550,sh,中证500ETF方正富邦
2020-07-17,1.54,1.542,1.559,1.517,10964.0,510550,sh,中证500ETF方正富邦
2020-07-20,1.544,1.574,1.579,1.54,7173.0,510550,sh,中证500ETF方正富邦
2020-07-21,1.574,1.591,1.594,1.57,4867.0,510550,sh,中证500ETF方正富邦
2020-07-22,1.591,1.609,1.62,1.582,10131.0,510550,sh,中证500ETF方正富邦
2020-07-23,1.598,1.596,1.605,1.561,10724.0,510550,sh,中证500ETF方正富邦
2020-07-24,1.605,1.569,1.605,1.52,9139.0,510550,sh,中证500ETF方正富邦
2020-07-27,1.53,1.528,1.536,1.513,3280.0,510550,sh,中证500ETF方正富邦
2020-07-28,1.529,1.55,1.55,1.529,1749.0,510550,sh,中证500ETF方正富邦
2020-07-29,1.519,1.579,1.579,1.519,4487.0,510550,sh,中证500ETF方正富邦
2020-07-30,1.582,1.572,1.583,1.569,6016.0,510550,sh,中证500ETF方正富邦
2020-07-31,1.572,1.581,1.599,1.542,11881.0,510550,sh,中证500ETF方正富邦
2020-08-03,1.606,1.616,1.629,1.599,15478.0,510550,sh,中证500ETF方正富邦
2020-08-04,1.613,1.62,1.636,1.613,3491.0,510550,sh,中证500ETF方正富邦
2020-08-05,1.618,1.635,1.644,1.59,3151.0,510550,sh,中证500ETF方正富邦
2020-08-06,1.64,1.645,1.649,1.616,3539.0,510550,sh,中证500ETF方正富邦
2020-08-07,1.612,1.622,1.645,1.598,2573.0,510550,sh,中证500ETF方正富邦
2020-08-10,1.615,1.63,1.636,1.612,1367.0,510550,sh,中证500ETF方正富邦
2020-08-11,1.635,1.612,1.639,1.605,1370.0,510550,sh,中证500ETF方正富邦
2020-08-12,1.613,1.588,1.613,1.554,2326.0,510550,sh,中证500ETF方正富邦
2020-08-13,1.62,1.59,1.62,1.584,1506.0,510550,sh,中证500ETF方正富邦
2020-08-14,1.596,1.609,1.609,1.577,3132.0,510550,sh,中证500ETF方正富邦
2020-08-17,1.609,1.624,1.635,1.605,7548.0,510550,sh,中证500ETF方正富邦
2020-08-18,1.624,1.652,1.652,1.624,2385.0,510550,sh,中证500ETF方正富邦
2020-08-19,1.652,1.62,1.652,1.62,4156.0,510550,sh,中证500ETF方正富邦
2020-08-20,1.62,1.601,1.62,1.596,3195.0,510550,sh,中证500ETF方正富邦
2020-08-21,1.6,1.609,1.623,1.6,1283.0,510550,sh,中证500ETF方正富邦
2020-08-24,1.621,1.622,1.628,1.6,1435.0,510550,sh,中证500ETF方正富邦
2020-08-25,1.627,1.617,1.636,1.614,5220.0,510550,sh,中证500ETF方正富邦
2020-08-26,1.617,1.615,1.617,1.584,2295.0,510550,sh,中证500ETF方正富邦
2020-08-27,1.615,1.599,1.615,1.583,1661.0,510550,sh,中证500ETF方正富邦
2020-08-28,1.599,1.622,1.632,1.599,2881.0,510550,sh,中证500ETF方正富邦
2020-08-31,1.621,1.623,1.645,1.621,2084.0,510550,sh,中证500ETF方正富邦
2020-09-01,1.623,1.628,1.629,1.617,955.0,510550,sh,中证500ETF方正富邦
2020-09-02,1.653,1.635,1.653,1.616,3987.0,510550,sh,中证500ETF方正富邦
2020-09-03,1.635,1.617,1.635,1.615,1335.0,510550,sh,中证500ETF方正富邦
2020-09-04,1.605,1.628,1.628,1.591,1801.0,510550,sh,中证500ETF方正富邦
2020-09-07,1.601,1.61,1.62,1.571,2808.0,510550,sh,中证500ETF方正富邦
2020-09-08,1.609,1.6,1.61,1.566,2781.0,510550,sh,中证500ETF方正富邦
2020-09-09,1.6,1.55,1.6,1.54,3651.0,510550,sh,中证500ETF方正富邦
2020-09-10,1.543,1.522,1.562,1.515,1566.0,510550,sh,中证500ETF方正富邦
2020-09-11,1.522,1.54,1.54,1.52,2317.0,510550,sh,中证500ETF方正富邦
2020-09-14,1.54,1.541,1.551,1.534,1746.0,510550,sh,中证500ETF方正富邦
2020-09-15,1.542,1.55,1.55,1.54,1646.0,510550,sh,中证500ETF方正富邦
2020-09-16,1.55,1.547,1.555,1.542,1384.0,510550,sh,中证500ETF方正富邦
2020-09-17,1.541,1.569,1.569,1.532,2112.0,510550,sh,中证500ETF方正富邦
2020-09-18,1.537,1.597,1.597,1.537,4069.0,510550,sh,中证500ETF方正富邦
2020-09-21,1.573,1.57,1.582,1.567,522.0,510550,sh,中证500ETF方正富邦
2020-09-22,1.563,1.567,1.571,1.545,1369.0,510550,sh,中证500ETF方正富邦
2020-09-23,1.566,1.554,1.566,1.548,523.0,510550,sh,中证500ETF方正富邦
2020-09-24,1.544,1.523,1.548,1.523,1158.0,510550,sh,中证500ETF方正富邦
2020-09-25,1.523,1.524,1.528,1.515,4083.0,510550,sh,中证500ETF方正富邦
2020-09-28,1.525,1.505,1.525,1.505,901.0,510550,sh,中证500ETF方正富邦
2020-09-29,1.514,1.52,1.528,1.508,497.0,510550,sh,中证500ETF方正富邦
2020-09-30,1.52,1.513,1.526,1.503,1432.0,510550,sh,中证500ETF方正富邦
2020-10-09,1.541,1.551,1.555,1.54,2662.0,510550,sh,中证500ETF方正富邦
2020-10-12,1.572,1.584,1.591,1.566,5517.0,510550,sh,中证500ETF方正富邦
2020-10-13,1.599,1.596,1.599,1.581,1700.0,510550,sh,中证500ETF方正富邦
2020-10-14,1.591,1.586,1.592,1.583,1261.0,510550,sh,中证500ETF方正富邦
2020-10-15,1.585,1.572,1.585,1.572,1112.0,510550,sh,中证500ETF方正富邦
2020-10-16,1.573,1.565,1.575,1.558,459.0,510550,sh,中证500ETF方正富邦
2020-10-19,1.572,1.545,1.572,1.544,3657.0,510550,sh,中证500ETF方正富邦
2020-10-20,1.545,1.575,1.575,1.543,1398.0,510550,sh,中证500ETF方正富邦
2020-10-21,1.574,1.557,1.575,1.543,612.0,510550,sh,中证500ETF方正富邦
2020-10-22,1.534,1.545,1.545,1.526,6646.0,510550,sh,中证500ETF方正富邦
2020-10-23,1.539,1.535,1.549,1.512,8579.0,510550,sh,中证500ETF方正富邦
2020-10-26,1.537,1.515,1.538,1.503,1981.0,510550,sh,中证500ETF方正富邦
2020-10-27,1.508,1.516,1.517,1.508,683.0,510550,sh,中证500ETF方正富邦
2020-10-28,1.535,1.522,1.535,1.501,962.0,510550,sh,中证500ETF方正富邦
2020-10-29,1.52,1.524,1.531,1.491,2316.0,510550,sh,中证500ETF方正富邦
2020-10-30,1.525,1.496,1.527,1.494,1747.0,510550,sh,中证500ETF方正富邦
2020-11-02,1.494,1.495,1.501,1.447,1784.0,510550,sh,中证500ETF方正富邦
2020-11-03,1.5,1.52,1.521,1.5,5060.0,510550,sh,中证500ETF方正富邦
2020-11-04,1.543,1.518,1.543,1.509,1875.0,510550,sh,中证500ETF方正富邦
2020-11-05,1.518,1.544,1.548,1.518,2603.0,510550,sh,中证500ETF方正富邦
2020-11-06,1.545,1.535,1.545,1.524,1846.0,510550,sh,中证500ETF方正富邦
2020-11-09,1.536,1.558,1.57,1.536,8911.0,510550,sh,中证500ETF方正富邦
2020-11-10,1.568,1.56,1.568,1.547,1887.0,510550,sh,中证500ETF方正富邦
2020-11-11,1.549,1.532,1.549,1.531,1370.0,510550,sh,中证500ETF方正富邦
2020-11-12,1.539,1.537,1.54,1.533,840.0,510550,sh,中证500ETF方正富邦
2020-11-13,1.537,1.537,1.54,1.525,684.0,510550,sh,中证500ETF方正富邦
2020-11-16,1.525,1.554,1.556,1.525,1182.0,510550,sh,中证500ETF方正富邦
2020-11-17,1.529,1.545,1.549,1.529,1439.0,510550,sh,中证500ETF方正富邦
2020-11-18,1.545,1.542,1.554,1.539,2217.0,510550,sh,中证500ETF方正富邦
2020-11-19,1.536,1.55,1.55,1.533,684.0,510550,sh,中证500ETF方正富邦
2020-11-20,1.55,1.561,1.564,1.546,1878.0,510550,sh,中证500ETF方正富邦
2020-11-23,1.561,1.576,1.585,1.561,3453.0,510550,sh,中证500ETF方正富邦
2020-11-24,1.576,1.577,1.58,1.572,688.0,510550,sh,中证500ETF方正富邦
2020-11-25,1.577,1.559,1.577,1.548,1077.0,510550,sh,中证500ETF方正富邦
2020-11-26,1.559,1.539,1.559,1.533,6094.0,510550,sh,中证500ETF方正富邦
2020-11-27,1.541,1.545,1.546,1.526,3493.0,510550,sh,中证500ETF方正富邦
2020-11-30,1.554,1.539,1.554,1.539,5683.0,510550,sh,中证500ETF方正富邦
2020-12-01,1.537,1.559,1.563,1.537,1131.0,510550,sh,中证500ETF方正富邦
2020-12-02,1.559,1.565,1.569,1.556,1697.0,510550,sh,中证500ETF方正富邦
2020-12-03,1.565,1.568,1.57,1.553,21883.0,510550,sh,中证500ETF方正富邦
2020-12-04,1.568,1.569,1.57,1.56,985.0,510550,sh,中证500ETF方正富邦
2020-12-07,1.569,1.562,1.573,1.562,223.0,510550,sh,中证500ETF方正富邦
2020-12-08,1.569,1.563,1.569,1.556,853.0,510550,sh,中证500ETF方正富邦
2020-12-09,1.563,1.536,1.565,1.536,1472.0,510550,sh,中证500ETF方正富邦
2020-12-10,1.536,1.536,1.564,1.526,755.0,510550,sh,中证500ETF方正富邦
2020-12-11,1.534,1.516,1.534,1.507,6738.0,510550,sh,中证500ETF方正富邦
2020-12-14,1.516,1.52,1.52,1.503,2229.0,510550,sh,中证500ETF方正富邦
2020-12-15,1.523,1.525,1.528,1.516,2253.0,510550,sh,中证500ETF方正富邦
2020-12-16,1.525,1.514,1.525,1.51,2064.0,510550,sh,中证500ETF方正富邦
2020-12-17,1.51,1.537,1.54,1.505,36032.0,510550,sh,中证500ETF方正富邦
2020-12-18,1.537,1.531,1.546,1.529,3656.0,510550,sh,中证500ETF方正富邦
2020-12-21,1.535,1.551,1.553,1.534,9683.0,510550,sh,中证500ETF方正富邦
2020-12-22,1.519,1.516,1.553,1.513,2504.0,510550,sh,中证500ETF方正富邦
2020-12-23,1.51,1.53,1.547,1.51,1005.0,510550,sh,中证500ETF方正富邦
2020-12-24,1.53,1.51,1.534,1.507,1869.0,510550,sh,中证500ETF方正富邦
2020-12-25,1.54,1.532,1.54,1.504,7742.0,510550,sh,中证500ETF方正富邦
2020-12-28,1.532,1.524,1.532,1.516,9415.0,510550,sh,中证500ETF方正富邦
2020-12-29,1.524,1.512,1.527,1.493,6913.0,510550,sh,中证500ETF方正富邦
2020-12-30,1.542,1.518,1.542,1.515,14331.0,510550,sh,中证500ETF方正富邦
2020-12-31,1.528,1.568,1.568,1.528,12198.0,510550,sh,中证500ETF方正富邦
2021-01-04,1.567,1.578,1.583,1.55,11958.0,510550,sh,中证500ETF方正富邦
2021-01-05,1.578,1.586,1.588,1.573,2662.0,510550,sh,中证500ETF方正富邦
2021-01-06,1.595,1.581,1.595,1.575,788.0,510550,sh,中证500ETF方正富邦
2021-01-07,1.581,1.577,1.599,1.576,3491.0,510550,sh,中证500ETF方正富邦
2021-01-08,1.577,1.598,1.603,1.577,4968.0,510550,sh,中证500ETF方正富邦
2021-01-11,1.598,1.57,1.598,1.566,4339.0,510550,sh,中证500ETF方正富邦
2021-01-12,1.571,1.59,1.59,1.569,1318.0,510550,sh,中证500ETF方正富邦
2021-01-13,1.59,1.58,1.595,1.576,991.0,510550,sh,中证500ETF方正富邦
2021-01-14,1.576,1.569,1.587,1.564,875.0,510550,sh,中证500ETF方正富邦
2021-01-15,1.57,1.564,1.57,1.544,1884.0,510550,sh,中证500ETF方正富邦
2021-01-18,1.564,1.581,1.589,1.562,2541.0,510550,sh,中证500ETF方正富邦
2021-01-19,1.58,1.586,1.588,1.568,2306.0,510550,sh,中证500ETF方正富邦
2021-01-20,1.595,1.587,1.595,1.578,1636.0,510550,sh,中证500ETF方正富邦
2021-01-21,1.562,1.609,1.616,1.562,4487.0,510550,sh,中证500ETF方正富邦
2021-01-22,1.609,1.611,1.611,1.599,2416.0,510550,sh,中证500ETF方正富邦
2021-01-25,1.612,1.615,1.633,1.6,14256.0,510550,sh,中证500ETF方正富邦
2021-01-26,1.615,1.594,1.65,1.571,12551.0,510550,sh,中证500ETF方正富邦
2021-01-27,1.594,1.587,1.594,1.578,3903.0,510550,sh,中证500ETF方正富邦
2021-01-28,1.584,1.561,1.589,1.56,16938.0,510550,sh,中证500ETF方正富邦
2021-01-29,1.548,1.566,1.576,1.542,4369.0,510550,sh,中证500ETF方正富邦
2021-02-01,1.566,1.553,1.566,1.539,10974.0,510550,sh,中证500ETF方正富邦
2021-02-02,1.555,1.569,1.569,1.546,1727.0,510550,sh,中证500ETF方正富邦
2021-02-03,1.569,1.557,1.575,1.557,2154.0,510550,sh,中证500ETF方正富邦
2021-02-04,1.586,1.544,1.586,1.525,990.0,510550,sh,中证500ETF方正富邦
2021-02-05,1.555,1.528,1.555,1.52,1947.0,510550,sh,中证500ETF方正富邦
2021-02-08,1.555,1.543,1.555,1.515,1120.0,510550,sh,中证500ETF方正富邦
2021-02-09,1.543,1.568,1.575,1.543,2225.0,510550,sh,中证500ETF方正富邦
2021-02-10,1.568,1.581,1.589,1.567,2077.0,510550,sh,中证500ETF方正富邦
2021-02-18,1.586,1.605,1.618,1.586,2269.0,510550,sh,中证500ETF方正富邦
2021-02-19,1.636,1.619,1.636,1.587,21775.0,510550,sh,中证500ETF方正富邦
2021-02-22,1.636,1.621,1.655,1.621,4710.0,510550,sh,中证500ETF方正富邦
2021-02-23,1.654,1.613,1.673,1.607,2215.0,510550,sh,中证500ETF方正富邦
2021-02-24,1.613,1.59,1.617,1.577,7379.0,510550,sh,中证500ETF方正富邦
2021-02-25,1.59,1.589,1.6,1.574,2079.0,510550,sh,中证500ETF方正富邦
2021-02-26,1.57,1.582,1.589,1.543,8625.0,510550,sh,中证500ETF方正富邦
2021-03-01,1.568,1.577,1.577,1.551,5148.0,510550,sh,中证500ETF方正富邦
2021-03-02,1.568,1.566,1.58,1.554,8269.0,510550,sh,中证500ETF方正富邦
2021-03-03,1.574,1.583,1.583,1.553,3887.0,510550,sh,中证500ETF方正富邦
2021-03-04,1.579,1.56,1.581,1.554,5859.0,510550,sh,中证500ETF方正富邦
2021-03-05,1.568,1.56,1.568,1.528,1655.0,510550,sh,中证500ETF方正富邦
2021-03-08,1.56,1.532,1.573,1.53,2360.0,510550,sh,中证500ETF方正富邦
2021-03-09,1.516,1.488,1.53,1.482,7141.0,510550,sh,中证500ETF方正富邦
2021-03-10,1.488,1.477,1.5,1.476,3466.0,510550,sh,中证500ETF方正富邦
2021-03-11,1.477,1.507,1.507,1.471,2984.0,510550,sh,中证500ETF方正富邦
2021-03-12,1.537,1.508,1.537,1.494,1471.0,510550,sh,中证500ETF方正富邦
2021-03-15,1.515,1.499,1.537,1.435,1869.0,510550,sh,中证500ETF方正富邦
2021-03-16,1.504,1.508,1.508,1.493,2675.0,510550,sh,中证500ETF方正富邦
2021-03-17,1.529,1.514,1.529,1.49,662.0,510550,sh,中证500ETF方正富邦
2021-03-18,1.514,1.539,1.539,1.514,1513.0,510550,sh,中证500ETF方正富邦
2021-03-19,1.529,1.511,1.529,1.501,536.0,510550,sh,中证500ETF方正富邦
2021-03-22,1.523,1.527,1.528,1.511,1122.0,510550,sh,中证500ETF方正富邦
2021-03-23,1.528,1.506,1.528,1.504,940.0,510550,sh,中证500ETF方正富邦
2021-03-24,1.506,1.493,1.514,1.489,4150.0,510550,sh,中证500ETF方正富邦
2021-03-25,1.521,1.505,1.521,1.488,2731.0,510550,sh,中证500ETF方正富邦
2021-03-26,1.505,1.52,1.521,1.5,2277.0,510550,sh,中证500ETF方正富邦
2021-03-29,1.52,1.519,1.524,1.509,1482.0,510550,sh,中证500ETF方正富邦
2021-03-30,1.519,1.524,1.525,1.511,1202.0,510550,sh,中证500ETF方正富邦
2021-03-31,1.511,1.524,1.524,1.506,14392.0,510550,sh,中证500ETF方正富邦
2021-04-01,1.52,1.531,1.537,1.518,14551.0,510550,sh,中证500ETF方正富邦
2021-04-02,1.536,1.538,1.538,1.53,1568.0,510550,sh,中证500ETF方正富邦
2021-04-06,1.54,1.541,1.552,1.536,599.0,510550,sh,中证500ETF方正富邦
2021-04-07,1.531,1.545,1.545,1.529,1099.0,510550,sh,中证500ETF方正富邦
2021-04-08,1.548,1.546,1.548,1.536,1557.0,510550,sh,中证500ETF方正富邦
2021-04-09,1.539,1.541,1.545,1.532,408.0,510550,sh,中证500ETF方正富邦
2021-04-12,1.539,1.541,1.541,1.514,2712.0,510550,sh,中证500ETF方正富邦
2021-04-13,1.517,1.508,1.521,1.508,900.0,510550,sh,中证500ETF方正富邦
2021-04-14,1.538,1.525,1.538,1.508,597.0,510550,sh,中证500ETF方正富邦
2021-04-15,1.525,1.524,1.525,1.51,1743.0,510550,sh,中证500ETF方正富邦
2021-04-16,1.524,1.54,1.54,1.524,422.0,510550,sh,中证500ETF方正富邦
2021-04-19,1.535,1.56,1.561,1.535,3327.0,510550,sh,中证500ETF方正富邦
2021-04-20,1.56,1.56,1.57,1.557,1475.0,510550,sh,中证500ETF方正富邦
2021-04-21,1.592,1.557,1.592,1.549,415.0,510550,sh,中证500ETF方正富邦
2021-04-22,1.557,1.565,1.57,1.557,1558.0,510550,sh,中证500ETF方正富邦
2021-04-23,1.56,1.568,1.57,1.558,448.0,510550,sh,中证500ETF方正富邦
2021-04-26,1.538,1.562,1.59,1.538,3901.0,510550,sh,中证500ETF方正富邦
2021-04-27,1.573,1.564,1.573,1.558,2364.0,510550,sh,中证500ETF方正富邦
2021-04-28,1.564,1.573,1.574,1.558,3521.0,510550,sh,中证500ETF方正富邦
2021-04-29,1.594,1.574,1.594,1.571,852.0,510550,sh,中证500ETF方正富邦
2021-04-30,1.58,1.576,1.58,1.565,8502.0,510550,sh,中证500ETF方正富邦
2021-05-06,1.57,1.583,1.608,1.548,8678.0,510550,sh,中证500ETF方正富邦
2021-05-07,1.584,1.573,1.585,1.563,981.0,510550,sh,中证500ETF方正富邦
2021-05-10,1.571,1.57,1.575,1.563,1727.0,510550,sh,中证500ETF方正富邦
2021-05-11,1.573,1.577,1.577,1.549,2449.0,510550,sh,中证500ETF方正富邦
2021-05-12,1.6,1.586,1.6,1.564,1931.0,510550,sh,中证500ETF方正富邦
2021-05-13,1.587,1.565,1.587,1.564,2252.0,510550,sh,中证500ETF方正富邦
2021-05-14,1.56,1.583,1.585,1.56,2074.0,510550,sh,中证500ETF方正富邦
2021-05-17,1.595,1.596,1.605,1.589,3488.0,510550,sh,中证500ETF方正富邦
2021-05-18,1.596,1.602,1.604,1.564,1718.0,510550,sh,中证500ETF方正富邦
2021-05-19,1.602,1.6,1.602,1.591,878.0,510550,sh,中证500ETF方正富邦
2021-05-20,1.592,1.591,1.598,1.586,1259.0,510550,sh,中证500ETF方正富邦
2021-05-21,1.585,1.588,1.594,1.585,4733.0,510550,sh,中证500ETF方正富邦
2021-05-24,1.593,1.588,1.594,1.58,945.0,510550,sh,中证500ETF方正富邦
2021-05-25,1.59,1.609,1.61,1.589,2237.0,510550,sh,中证500ETF方正富邦
2021-05-26,1.618,1.61,1.618,1.608,1463.0,510550,sh,中证500ETF方正富邦
2021-05-27,1.623,1.618,1.623,1.615,2934.0,510550,sh,中证500ETF方正富邦
2021-05-28,1.628,1.619,1.632,1.615,4998.0,510550,sh,中证500ETF方正富邦
2021-05-31,1.606,1.64,1.65,1.606,14379.0,510550,sh,中证500ETF方正富邦
2021-06-01,1.639,1.649,1.65,1.622,9361.0,510550,sh,中证500ETF方正富邦
2021-06-02,1.636,1.627,1.646,1.625,1619.0,510550,sh,中证500ETF方正富邦
2021-06-03,1.627,1.624,1.638,1.62,1846.0,510550,sh,中证500ETF方正富邦
2021-06-04,1.611,1.631,1.633,1.611,2829.0,510550,sh,中证500ETF方正富邦
2021-06-07,1.631,1.63,1.641,1.63,1493.0,510550,sh,中证500ETF方正富邦
2021-06-08,1.635,1.625,1.643,1.624,705.0,510550,sh,中证500ETF方正富邦
2021-06-09,1.629,1.631,1.633,1.625,2097.0,510550,sh,中证500ETF方正富邦
2021-06-10,1.634,1.648,1.65,1.634,1947.0,510550,sh,中证500ETF方正富邦
2021-06-11,1.643,1.636,1.65,1.636,8656.0,510550,sh,中证500ETF方正富邦
2021-06-15,1.649,1.65,1.65,1.622,675.0,510550,sh,中证500ETF方正富邦
2021-06-16,1.65,1.609,1.65,1.6,2328.0,510550,sh,中证500ETF方正富邦
2021-06-17,1.605,1.61,1.61,1.6,7074.0,510550,sh,中证500ETF方正富邦
2021-06-18,1.599,1.61,1.616,1.599,1958.0,510550,sh,中证500ETF方正富邦
2021-06-21,1.61,1.632,1.636,1.609,9179.0,510550,sh,中证500ETF方正富邦
2021-06-22,1.633,1.636,1.639,1.632,680.0,510550,sh,中证500ETF方正富邦
2021-06-23,1.637,1.65,1.651,1.636,2513.0,510550,sh,中证500ETF方正富邦
2021-06-24,1.65,1.642,1.65,1.639,2399.0,510550,sh,中证500ETF方正富邦
2021-06-25,1.641,1.658,1.658,1.64,1719.0,510550,sh,中证500ETF方正富邦
2021-06-28,1.647,1.658,1.668,1.638,1616.0,510550,sh,中证500ETF方正富邦
2021-06-29,1.671,1.645,1.671,1.645,926.0,510550,sh,中证500ETF方正富邦
2021-06-30,1.658,1.653,1.682,1.648,1125.0,510550,sh,中证500ETF方正富邦
2021-07-01,1.657,1.634,1.657,1.634,1243.0,510550,sh,中证500ETF方正富邦
2021-07-02,1.634,1.626,1.634,1.624,1775.0,510550,sh,中证500ETF方正富邦
2021-07-05,1.627,1.632,1.657,1.627,1099.0,510550,sh,中证500ETF方正富邦
2021-07-06,1.645,1.631,1.647,1.625,988.0,510550,sh,中证500ETF方正富邦
2021-07-07,1.619,1.644,1.652,1.619,1024.0,510550,sh,中证500ETF方正富邦
2021-07-08,1.652,1.654,1.657,1.646,412.0,510550,sh,中证500ETF方正富邦
2021-07-09,1.649,1.659,1.66,1.633,2869.0,510550,sh,中证500ETF方正富邦
2021-07-12,1.661,1.689,1.7,1.66,27963.0,510550,sh,中证500ETF方正富邦
2021-07-13,1.689,1.698,1.7,1.676,2108.0,510550,sh,中证500ETF方正富邦
2021-07-14,1.698,1.69,1.698,1.685,1348.0,510550,sh,中证500ETF方正富邦
2021-07-15,1.69,1.693,1.693,1.671,1061.0,510550,sh,中证500ETF方正富邦
2021-07-16,1.69,1.692,1.706,1.69,1359.0,510550,sh,中证500ETF方正富邦
2021-07-19,1.692,1.693,1.695,1.679,1507.0,510550,sh,中证500ETF方正富邦
2021-07-20,1.689,1.692,1.692,1.668,450.0,510550,sh,中证500ETF方正富邦
2021-07-21,1.695,1.704,1.706,1.692,1123.0,510550,sh,中证500ETF方正富邦
2021-07-22,1.704,1.715,1.715,1.7,1217.0,510550,sh,中证500ETF方正富邦
2021-07-23,1.713,1.712,1.727,1.702,972.0,510550,sh,中证500ETF方正富邦
2021-07-26,1.712,1.725,1.725,1.66,2309.0,510550,sh,中证500ETF方正富邦
2021-07-27,1.725,1.688,1.725,1.65,1588.0,510550,sh,中证500ETF方正富邦
2021-07-28,1.68,1.688,1.688,1.607,2166.0,510550,sh,中证500ETF方正富邦
2021-07-29,1.688,1.653,1.688,1.581,1717.0,510550,sh,中证500ETF方正富邦
2021-07-30,1.64,1.646,1.661,1.64,2194.0,510550,sh,中证500ETF方正富邦
2021-08-02,1.642,1.681,1.685,1.642,4174.0,510550,sh,中证500ETF方正富邦
2021-08-03,1.685,1.68,1.685,1.66,1561.0,510550,sh,中证500ETF方正富邦
2021-08-04,1.68,1.69,1.693,1.67,2151.0,510550,sh,中证500ETF方正富邦
2021-08-05,1.692,1.683,1.698,1.674,8186.0,510550,sh,中证500ETF方正富邦
2021-08-06,1.694,1.69,1.697,1.685,1338.0,510550,sh,中证500ETF方正富邦
2021-08-09,1.69,1.702,1.71,1.686,2449.0,510550,sh,中证500ETF方正富邦
2021-08-10,1.702,1.712,1.719,1.702,633.0,510550,sh,中证500ETF方正富邦
2021-08-11,1.715,1.723,1.725,1.715,770.0,510550,sh,中证500ETF方正富邦
2021-08-12,1.723,1.735,1.738,1.723,7840.0,510550,sh,中证500ETF方正富邦
2021-08-13,1.735,1.736,1.737,1.722,804.0,510550,sh,中证500ETF方正富邦
2021-08-16,1.736,1.736,1.741,1.725,1855.0,510550,sh,中证500ETF方正富邦
2021-08-17,1.74,1.712,1.74,1.683,4042.0,510550,sh,中证500ETF方正富邦
2021-08-18,1.712,1.701,1.712,1.685,1300.0,510550,sh,中证500ETF方正富邦
2021-08-19,1.686,1.705,1.712,1.686,912.0,510550,sh,中证500ETF方正富邦
2021-08-20,1.706,1.726,1.726,1.675,5813.0,510550,sh,中证500ETF方正富邦
2021-08-23,1.73,1.726,1.73,1.7,2098.0,510550,sh,中证500ETF方正富邦
2021-08-24,1.726,1.73,1.73,1.71,585.0,510550,sh,中证500ETF方正富邦
2021-08-25,1.727,1.741,1.745,1.72,1574.0,510550,sh,中证500ETF方正富邦
2021-08-26,1.741,1.747,1.752,1.726,1960.0,510550,sh,中证500ETF方正富邦
2021-08-27,1.748,1.752,1.752,1.718,1650.0,510550,sh,中证500ETF方正富邦
2021-08-30,1.753,1.766,1.776,1.753,1038.0,510550,sh,中证500ETF方正富邦
2021-08-31,1.767,1.769,1.77,1.749,5519.0,510550,sh,中证500ETF方正富邦
2021-09-01,1.77,1.752,1.78,1.735,4346.0,510550,sh,中证500ETF方正富邦
2021-09-02,1.749,1.778,1.778,1.749,1763.0,510550,sh,中证500ETF方正富邦
2021-09-03,1.775,1.778,1.803,1.77,4262.0,510550,sh,中证500ETF方正富邦
2021-09-06,1.795,1.794,1.796,1.767,4879.0,510550,sh,中证500ETF方正富邦
2021-09-07,1.798,1.838,1.838,1.794,3775.0,510550,sh,中证500ETF方正富邦
2021-09-08,1.856,1.876,1.985,1.828,3230.0,510550,sh,中证500ETF方正富邦
2021-09-09,1.876,1.85,1.876,1.836,3639.0,510550,sh,中证500ETF方正富邦
2021-09-10,1.868,1.85,1.868,1.842,2735.0,510550,sh,中证500ETF方正富邦
2021-09-13,1.85,1.86,1.892,1.835,2130.0,510550,sh,中证500ETF方正富邦
2021-09-14,1.858,1.845,1.878,1.842,3001.0,510550,sh,中证500ETF方正富邦
2021-09-15,1.845,1.851,1.858,1.819,3771.0,510550,sh,中证500ETF方正富邦
2021-09-16,1.869,1.823,1.869,1.821,2024.0,510550,sh,中证500ETF方正富邦
2021-09-17,1.824,1.82,1.828,1.785,2316.0,510550,sh,中证500ETF方正富邦
2021-09-22,1.821,1.82,1.838,1.79,2672.0,510550,sh,中证500ETF方正富邦
2021-09-23,1.835,1.833,1.842,1.829,1738.0,510550,sh,中证500ETF方正富邦
2021-09-24,1.834,1.81,1.834,1.803,1828.0,510550,sh,中证500ETF方正富邦
2021-09-27,1.809,1.76,1.809,1.747,3813.0,510550,sh,中证500ETF方正富邦
2021-09-28,1.76,1.755,1.85,1.747,3248.0,510550,sh,中证500ETF方正富邦
2021-09-29,1.74,1.73,1.751,1.71,4280.0,510550,sh,中证500ETF方正富邦
2021-09-30,1.731,1.779,1.779,1.725,3909.0,510550,sh,中证500ETF方正富邦
2021-10-08,1.779,1.73,1.85,1.721,4886.0,510550,sh,中证500ETF方正富邦
2021-10-11,1.73,1.739,1.741,1.72,2215.0,510550,sh,中证500ETF方正富邦
2021-10-12,1.739,1.702,1.739,1.681,4945.0,510550,sh,中证500ETF方正富邦
2021-10-13,1.702,1.703,1.705,1.685,3813.0,510550,sh,中证500ETF方正富邦
2021-10-14,1.686,1.713,1.714,1.667,4500.0,510550,sh,中证500ETF方正富邦
2021-10-15,1.713,1.711,1.715,1.701,1835.0,510550,sh,中证500ETF方正富邦
2021-10-18,1.713,1.721,1.724,1.703,738.0,510550,sh,中证500ETF方正富邦
2021-10-19,1.721,1.733,1.733,1.718,1802.0,510550,sh,中证500ETF方正富邦
2021-10-20,1.733,1.727,1.743,1.721,1745.0,510550,sh,中证500ETF方正富邦
2021-10-21,1.733,1.724,1.739,1.719,685.0,510550,sh,中证500ETF方正富邦
2021-10-22,1.719,1.714,1.731,1.711,869.0,510550,sh,中证500ETF方正富邦
2021-10-25,1.698,1.726,1.726,1.698,782.0,510550,sh,中证500ETF方正富邦
2021-10-26,1.709,1.725,1.739,1.709,984.0,510550,sh,中证500ETF方正富邦
2021-10-27,1.731,1.712,1.731,1.71,522.0,510550,sh,中证500ETF方正富邦
2021-10-28,1.712,1.695,1.715,1.691,1437.0,510550,sh,中证500ETF方正富邦
2021-10-29,1.695,1.71,1.711,1.688,620.0,510550,sh,中证500ETF方正富邦
2021-11-01,1.711,1.72,1.725,1.703,1122.0,510550,sh,中证500ETF方正富邦
2021-11-02,1.726,1.725,1.735,1.689,3101.0,510550,sh,中证500ETF方正富邦
2021-11-03,1.708,1.712,1.712,1.695,1062.0,510550,sh,中证500ETF方正富邦
2021-11-04,1.709,1.722,1.724,1.709,1216.0,510550,sh,中证500ETF方正富邦
2021-11-05,1.722,1.705,1.723,1.705,490.0,510550,sh,中证500ETF方正富邦
2021-11-08,1.71,1.71,1.711,1.703,548.0,510550,sh,中证500ETF方正富邦
2021-11-09,1.705,1.724,1.725,1.705,1498.0,510550,sh,中证500ETF方正富邦
2021-11-10,1.726,1.719,1.726,1.699,1120.0,510550,sh,中证500ETF方正富邦
2021-11-11,1.716,1.735,1.735,1.716,2755.0,510550,sh,中证500ETF方正富邦
2021-11-12,1.735,1.741,1.745,1.731,1653.0,510550,sh,中证500ETF方正富邦
2021-11-15,1.741,1.727,1.742,1.725,627.0,510550,sh,中证500ETF方正富邦
2021-11-16,1.712,1.725,1.734,1.712,2412.0,510550,sh,中证500ETF方正富邦
2021-11-17,1.73,1.726,1.73,1.713,1802.0,510550,sh,中证500ETF方正富邦
2021-11-18,1.726,1.725,1.737,1.72,483.0,510550,sh,中证500ETF方正富邦
2021-11-19,1.725,1.745,1.745,1.725,1656.0,510550,sh,中证500ETF方正富邦
2021-11-22,1.745,1.77,1.77,1.745,2158.0,510550,sh,中证500ETF方正富邦
2021-11-23,1.769,1.772,1.787,1.765,2453.0,510550,sh,中证500ETF方正富邦
2021-11-24,1.755,1.777,1.777,1.755,735.0,510550,sh,中证500ETF方正富邦
2021-11-25,1.794,1.757,1.794,1.756,2331.0,510550,sh,中证500ETF方正富邦
2021-11-26,1.77,1.77,1.799,1.742,21879.0,510550,sh,中证500ETF方正富邦
2021-11-29,1.768,1.758,1.768,1.728,1812.0,510550,sh,中证500ETF方正富邦
2021-11-30,1.756,1.757,1.769,1.75,1701.0,510550,sh,中证500ETF方正富邦
2021-12-01,1.757,1.761,1.767,1.75,396.0,510550,sh,中证500ETF方正富邦
2021-12-02,1.778,1.763,1.778,1.756,430.0,510550,sh,中证500ETF方正富邦
2021-12-03,1.76,1.778,1.779,1.76,1494.0,510550,sh,中证500ETF方正富邦
2021-12-06,1.778,1.776,1.785,1.76,796.0,510550,sh,中证500ETF方正富邦
2021-12-07,1.776,1.757,1.776,1.74,1721.0,510550,sh,中证500ETF方正富邦
2021-12-08,1.762,1.767,1.77,1.753,2329.0,510550,sh,中证500ETF方正富邦
2021-12-09,1.774,1.78,1.781,1.769,1045.0,510550,sh,中证500ETF方正富邦
2021-12-10,1.78,1.777,1.781,1.763,2719.0,510550,sh,中证500ETF方正富邦
2021-12-13,1.777,1.783,1.79,1.773,895.0,510550,sh,中证500ETF方正富邦
2021-12-14,1.783,1.774,1.783,1.766,2207.0,510550,sh,中证500ETF方正富邦
2021-12-15,1.791,1.779,1.791,1.773,1324.0,510550,sh,中证500ETF方正富邦
2021-12-16,1.774,1.786,1.79,1.774,468.0,510550,sh,中证500ETF方正富邦
2021-12-17,1.783,1.78,1.793,1.779,3004.0,510550,sh,中证500ETF方正富邦
2021-12-20,1.78,1.76,1.78,1.754,2451.0,510550,sh,中证500ETF方正富邦
2021-12-21,1.76,1.775,1.775,1.754,1845.0,510550,sh,中证500ETF方正富邦
2021-12-22,1.773,1.778,1.78,1.773,1031.0,510550,sh,中证500ETF方正富邦
2021-12-23,1.778,1.784,1.788,1.775,131.0,510550,sh,中证500ETF方正富邦
2021-12-24,1.784,1.772,1.786,1.767,555.0,510550,sh,中证500ETF方正富邦
2021-12-27,1.768,1.768,1.781,1.768,592.0,510550,sh,中证500ETF方正富邦
2021-12-28,1.773,1.773,1.774,1.763,1850.0,510550,sh,中证500ETF方正富邦
2021-12-29,1.763,1.784,1.784,1.755,861.0,510550,sh,中证500ETF方正富邦
2021-12-30,1.784,1.777,1.784,1.766,186.0,510550,sh,中证500ETF方正富邦
2021-12-31,1.777,1.79,1.79,1.76,1652.0,510550,sh,中证500ETF方正富邦
2022-01-04,1.79,1.789,1.797,1.777,1535.0,510550,sh,中证500ETF方正富邦
2022-01-05,1.789,1.758,1.789,1.75,2764.0,510550,sh,中证500ETF方正富邦
2022-01-06,1.77,1.761,1.77,1.743,1524.0,510550,sh,中证500ETF方正富邦
2022-01-07,1.769,1.746,1.77,1.746,1276.0,510550,sh,中证500ETF方正富邦
2022-01-10,1.746,1.745,1.763,1.732,3224.0,510550,sh,中证500ETF方正富邦
2022-01-11,1.749,1.73,1.75,1.73,3060.0,510550,sh,中证500ETF方正富邦
2022-01-12,1.73,1.741,1.741,1.73,1356.0,510550,sh,中证500ETF方正富邦
2022-01-13,1.745,1.72,1.745,1.72,1052.0,510550,sh,中证500ETF方正富邦
2022-01-14,1.737,1.725,1.766,1.72,1407.0,510550,sh,中证500ETF方正富邦
2022-01-17,1.725,1.738,1.741,1.716,1762.0,510550,sh,中证500ETF方正富邦
2022-01-18,1.725,1.737,1.749,1.725,369.0,510550,sh,中证500ETF方正富邦
2022-01-19,1.749,1.735,1.749,1.725,648.0,510550,sh,中证500ETF方正富邦
2022-01-20,1.736,1.715,1.737,1.711,1307.0,510550,sh,中证500ETF方正富邦
2022-01-21,1.715,1.713,1.715,1.699,809.0,510550,sh,中证500ETF方正富邦
2022-01-24,1.715,1.698,1.715,1.696,563.0,510550,sh,中证500ETF方正富邦
2022-01-25,1.699,1.656,1.714,1.645,3736.0,510550,sh,中证500ETF方正富邦
2022-01-26,1.705,1.654,1.705,1.64,1855.0,510550,sh,中证500ETF方正富邦
2022-01-27,1.646,1.626,1.653,1.615,3435.0,510550,sh,中证500ETF方正富邦
2022-01-28,1.626,1.615,1.626,1.578,3513.0,510550,sh,中证500ETF方正富邦
2022-02-07,1.617,1.628,1.633,1.617,1799.0,510550,sh,中证500ETF方正富邦
2022-02-08,1.628,1.635,1.635,1.605,1892.0,510550,sh,中证500ETF方正富邦
2022-02-09,1.635,1.654,1.666,1.635,1311.0,510550,sh,中证500ETF方正富邦
2022-02-10,1.658,1.661,1.67,1.654,2192.0,510550,sh,中证500ETF方正富邦
2022-02-11,1.661,1.653,1.661,1.632,2713.0,510550,sh,中证500ETF方正富邦
2022-02-14,1.631,1.635,1.799,1.62,2603.0,510550,sh,中证500ETF方正富邦
2022-02-15,1.628,1.64,1.64,1.625,2404.0,510550,sh,中证500ETF方正富邦
2022-02-16,1.641,1.646,1.65,1.625,1011.0,510550,sh,中证500ETF方正富邦
2022-02-17,1.646,1.644,1.651,1.636,2600.0,510550,sh,中证500ETF方正富邦
2022-02-18,1.651,1.661,1.661,1.644,1092.0,510550,sh,中证500ETF方正富邦
2022-02-21,1.677,1.663,1.7,1.654,2335.0,510550,sh,中证500ETF方正富邦
2022-02-22,1.647,1.65,1.653,1.637,2156.0,510550,sh,中证500ETF方正富邦
2022-02-23,1.65,1.673,1.673,1.65,1766.0,510550,sh,中证500ETF方正富邦
2022-02-24,1.689,1.661,1.689,1.635,3022.0,510550,sh,中证500ETF方正富邦
2022-02-25,1.665,1.656,1.675,1.656,1764.0,510550,sh,中证500ETF方正富邦
2022-02-28,1.656,1.66,1.663,1.641,2315.0,510550,sh,中证500ETF方正富邦
2022-03-01,1.669,1.669,1.675,1.66,1769.0,510550,sh,中证500ETF方正富邦
2022-03-02,1.685,1.672,1.685,1.661,1074.0,510550,sh,中证500ETF方正富邦
2022-03-03,1.672,1.663,1.675,1.661,954.0,510550,sh,中证500ETF方正富邦
2022-03-04,1.647,1.667,1.67,1.647,1460.0,510550,sh,中证500ETF方正富邦
2022-03-07,1.667,1.635,1.67,1.616,1311.0,510550,sh,中证500ETF方正富邦
2022-03-08,1.635,1.59,1.635,1.582,3639.0,510550,sh,中证500ETF方正富邦
2022-03-09,1.602,1.534,1.602,1.48,4769.0,510550,sh,中证500ETF方正富邦
2022-03-10,1.534,1.56,1.618,1.381,2134.0,510550,sh,中证500ETF方正富邦
2022-03-11,1.558,1.577,1.577,1.493,2645.0,510550,sh,中证500ETF方正富邦
2022-03-14,1.562,1.569,1.575,1.535,3558.0,510550,sh,中证500ETF方正富邦
2022-03-15,1.554,1.453,1.554,1.453,5994.0,510550,sh,中证500ETF方正富邦
2022-03-16,1.441,1.494,1.52,1.427,36317.0,510550,sh,中证500ETF方正富邦
2022-03-17,1.494,1.527,1.572,1.494,12144.0,510550,sh,中证500ETF方正富邦
2022-03-18,1.539,1.529,1.539,1.511,9075.0,510550,sh,中证500ETF方正富邦
2022-03-21,1.535,1.539,1.56,1.53,7240.0,510550,sh,中证500ETF方正富邦
2022-03-22,1.524,1.553,1.556,1.509,1938.0,510550,sh,中证500ETF方正富邦
2022-03-23,1.546,1.56,1.561,1.546,1057.0,510550,sh,中证500ETF方正富邦
2022-03-24,1.568,1.547,1.568,1.54,918.0,510550,sh,中证500ETF方正富邦
2022-03-25,1.547,1.522,1.552,1.521,1082.0,510550,sh,中证500ETF方正富邦
2022-03-28,1.507,1.524,1.537,1.507,488.0,510550,sh,中证500ETF方正富邦
2022-03-29,1.539,1.518,1.54,1.514,45805.0,510550,sh,中证500ETF方正富邦
2022-03-30,1.514,1.549,1.553,1.514,4878.0,510550,sh,中证500ETF方正富邦
2022-03-31,1.551,1.54,1.552,1.537,816.0,510550,sh,中证500ETF方正富邦
2022-04-01,1.528,1.549,1.549,1.528,621.0,510550,sh,中证500ETF方正富邦
2022-04-06,1.55,1.544,1.55,1.53,2253.0,510550,sh,中证500ETF方正富邦
2022-04-07,1.559,1.522,1.559,1.516,1050.0,510550,sh,中证500ETF方正富邦
2022-04-08,1.521,1.515,1.522,1.492,691.0,510550,sh,中证500ETF方正富邦
2022-04-11,1.522,1.472,1.522,1.468,1239.0,510550,sh,中证500ETF方正富邦
2022-04-12,1.472,1.492,1.493,1.436,1960.0,510550,sh,中证500ETF方正富邦
2022-04-13,1.479,1.475,1.492,1.469,558.0,510550,sh,中证500ETF方正富邦
2022-04-14,1.48,1.49,1.499,1.477,383.0,510550,sh,中证500ETF方正富邦
2022-04-15,1.49,1.479,1.491,1.477,729.0,510550,sh,中证500ETF方正富邦
2022-04-18,1.493,1.479,1.493,1.436,652.0,510550,sh,中证500ETF方正富邦
2022-04-19,1.48,1.48,1.488,1.472,1493.0,510550,sh,中证500ETF方正富邦
2022-04-20,1.48,1.463,1.48,1.448,1215.0,510550,sh,中证500ETF方正富邦
2022-04-21,1.463,1.419,1.463,1.402,1504.0,510550,sh,中证500ETF方正富邦
2022-04-22,1.421,1.417,1.433,1.383,1061.0,510550,sh,中证500ETF方正富邦
2022-04-25,1.416,1.328,1.416,1.315,3986.0,510550,sh,中证500ETF方正富邦
2022-04-26,1.354,1.34,1.363,1.281,4647.0,510550,sh,中证500ETF方正富邦
2022-04-27,1.337,1.32,1.338,1.239,7115.0,510550,sh,中证500ETF方正富邦
2022-04-28,1.3,1.319,1.333,1.3,3602.0,510550,sh,中证500ETF方正富邦
2022-04-29,1.319,1.374,1.375,1.319,2218.0,510550,sh,中证500ETF方正富邦
2022-05-05,1.375,1.384,1.395,1.368,2279.0,510550,sh,中证500ETF方正富邦
2022-05-06,1.384,1.362,1.384,1.32,1502.0,510550,sh,中证500ETF方正富邦
2022-05-09,1.36,1.37,1.371,1.349,9979.0,510550,sh,中证500ETF方正富邦
2022-05-10,1.357,1.383,1.388,1.347,3881.0,510550,sh,中证500ETF方正富邦
2022-05-11,1.371,1.417,1.428,1.371,9518.0,510550,sh,中证500ETF方正富邦
2022-05-12,1.4,1.406,1.43,1.39,1840.0,510550,sh,中证500ETF方正富邦
2022-05-13,1.406,1.411,1.414,1.396,920.0,510550,sh,中证500ETF方正富邦
2022-05-16,1.412,1.412,1.425,1.369,2038.0,510550,sh,中证500ETF方正富邦
2022-05-17,1.406,1.415,1.415,1.4,1148.0,510550,sh,中证500ETF方正富邦
2022-05-18,1.415,1.417,1.424,1.409,1102.0,510550,sh,中证500ETF方正富邦
2022-05-19,1.425,1.426,1.548,1.378,793.0,510550,sh,中证500ETF方正富邦
2022-05-20,1.439,1.446,1.446,1.428,1594.0,510550,sh,中证500ETF方正富邦
2022-05-23,1.447,1.452,1.458,1.444,1595.0,510550,sh,中证500ETF方正富邦
2022-05-24,1.45,1.415,1.454,1.405,1466.0,510550,sh,中证500ETF方正富邦
2022-05-25,1.414,1.421,1.43,1.401,1825.0,510550,sh,中证500ETF方正富邦
2022-05-26,1.409,1.448,1.448,1.408,1828.0,510550,sh,中证500ETF方正富邦
2022-05-27,1.448,1.442,1.452,1.431,1382.0,510550,sh,中证500ETF方正富邦
2022-05-30,1.439,1.45,1.45,1.435,621.0,510550,sh,中证500ETF方正富邦
2022-05-31,1.448,1.474,1.474,1.442,909.0,510550,sh,中证500ETF方正富邦
2022-06-01,1.485,1.473,1.485,1.46,311.0,510550,sh,中证500ETF方正富邦
2022-06-02,1.473,1.488,1.489,1.467,357.0,510550,sh,中证500ETF方正富邦
2022-06-06,1.49,1.506,1.515,1.489,1534.0,510550,sh,中证500ETF方正富邦
2022-06-07,1.508,1.513,1.64,1.483,983.0,510550,sh,中证500ETF方正富邦
2022-06-08,1.513,1.52,1.522,1.499,884.0,510550,sh,中证500ETF方正富邦
2022-06-09,1.52,1.501,1.52,1.49,859.0,510550,sh,中证500ETF方正富邦
2022-06-10,1.498,1.524,1.528,1.498,1136.0,510550,sh,中证500ETF方正富邦
2022-06-13,1.509,1.524,1.531,1.509,1889.0,510550,sh,中证500ETF方正富邦
2022-06-14,1.524,1.533,1.537,1.487,9672.0,510550,sh,中证500ETF方正富邦
2022-06-15,1.521,1.534,1.56,1.521,3612.0,510550,sh,中证500ETF方正富邦
2022-06-16,1.54,1.529,1.545,1.529,1003.0,510550,sh,中证500ETF方正富邦
2022-06-17,1.529,1.543,1.545,1.519,6491.0,510550,sh,中证500ETF方正富邦
2022-06-20,1.558,1.55,1.558,1.542,541.0,510550,sh,中证500ETF方正富邦
2022-06-21,1.548,1.542,1.548,1.524,757.0,510550,sh,中证500ETF方正富邦
2022-06-22,1.537,1.53,1.539,1.515,7462.0,510550,sh,中证500ETF方正富邦
2022-06-23,1.515,1.55,1.55,1.508,885.0,510550,sh,中证500ETF方正富邦
2022-06-24,1.55,1.561,1.562,1.548,1085.0,510550,sh,中证500ETF方正富邦
2022-06-27,1.563,1.574,1.579,1.563,1611.0,510550,sh,中证500ETF方正富邦
2022-06-28,1.574,1.574,1.585,1.567,2971.0,510550,sh,中证500ETF方正富邦
2022-06-29,1.584,1.548,1.589,1.548,1454.0,510550,sh,中证500ETF方正富邦
2022-06-30,1.583,1.58,1.591,1.573,561.0,510550,sh,中证500ETF方正富邦
2022-07-01,1.58,1.578,1.586,1.573,216.0,510550,sh,中证500ETF方正富邦
2022-07-04,1.593,1.589,1.598,1.578,1234.0,510550,sh,中证500ETF方正富邦
2022-07-05,1.602,1.588,1.602,1.579,556.0,510550,sh,中证500ETF方正富邦
2022-07-06,1.573,1.571,1.586,1.56,324.0,510550,sh,中证500ETF方正富邦
2022-07-07,1.571,1.579,1.59,1.567,681.0,510550,sh,中证500ETF方正富邦
2022-07-08,1.579,1.572,1.589,1.572,233.0,510550,sh,中证500ETF方正富邦
2022-07-11,1.562,1.549,1.562,1.543,3810.0,510550,sh,中证500ETF方正富邦
2022-07-12,1.549,1.54,1.556,1.536,1134.0,510550,sh,中证500ETF方正富邦
2022-07-13,1.525,1.536,1.542,1.525,794.0,510550,sh,中证500ETF方正富邦
2022-07-14,1.536,1.545,1.554,1.536,2539.0,510550,sh,中证500ETF方正富邦
2022-07-15,1.56,1.529,1.56,1.525,366.0,510550,sh,中证500ETF方正富邦
2022-07-18,1.529,1.548,1.551,1.526,666.0,510550,sh,中证500ETF方正富邦
2022-07-19,1.553,1.554,1.558,1.547,749.0,510550,sh,中证500ETF方正富邦
2022-07-20,1.559,1.575,1.575,1.559,248.0,510550,sh,中证500ETF方正富邦
2022-07-21,1.57,1.57,1.57,1.56,566.0,510550,sh,中证500ETF方正富邦
2022-07-22,1.57,1.55,1.57,1.535,1448.0,510550,sh,中证500ETF方正富邦
2022-07-25,1.55,1.535,1.551,1.527,713.0,510550,sh,中证500ETF方正富邦
2022-07-26,1.535,1.55,1.55,1.527,280.0,510550,sh,中证500ETF方正富邦
2022-07-27,1.55,1.552,1.561,1.547,280.0,510550,sh,中证500ETF方正富邦
2022-07-28,1.567,1.56,1.64,1.56,253.0,510550,sh,中证500ETF方正富邦
2022-07-29,1.563,1.55,1.568,1.55,638.0,510550,sh,中证500ETF方正富邦
2022-08-01,1.541,1.55,1.561,1.541,624.0,510550,sh,中证500ETF方正富邦
2022-08-02,1.56,1.522,1.56,1.498,2251.0,510550,sh,中证500ETF方正富邦
2022-08-03,1.522,1.519,1.54,1.507,329.0,510550,sh,中证500ETF方正富邦
2022-08-04,1.519,1.516,1.521,1.504,683.0,510550,sh,中证500ETF方正富邦
2022-08-05,1.516,1.544,1.544,1.515,341.0,510550,sh,中证500ETF方正富邦
2022-08-08,1.545,1.558,1.558,1.542,1800.0,510550,sh,中证500ETF方正富邦
2022-08-09,1.558,1.555,1.56,1.55,1516.0,510550,sh,中证500ETF方正富邦
2022-08-10,1.54,1.555,1.563,1.54,2290.0,510550,sh,中证500ETF方正富邦
2022-08-11,1.54,1.57,1.582,1.535,3417.0,510550,sh,中证500ETF方正富邦
2022-08-12,1.584,1.58,1.589,1.58,820.0,510550,sh,中证500ETF方正富邦
2022-08-15,1.58,1.583,1.587,1.577,4075.0,510550,sh,中证500ETF方正富邦
2022-08-16,1.587,1.585,1.596,1.581,3354.0,510550,sh,中证500ETF方正富邦
2022-08-17,1.585,1.595,1.596,1.57,453.0,510550,sh,中证500ETF方正富邦
2022-08-18,1.595,1.591,1.595,1.583,190.0,510550,sh,中证500ETF方正富邦
2022-08-19,1.585,1.598,1.598,1.574,1108.0,510550,sh,中证500ETF方正富邦
2022-08-22,1.581,1.589,1.589,1.563,402.0,510550,sh,中证500ETF方正富邦
2022-08-23,1.575,1.585,1.59,1.575,235.0,510550,sh,中证500ETF方正富邦
2022-08-24,1.586,1.546,1.586,1.546,916.0,510550,sh,中证500ETF方正富邦
2022-08-25,1.561,1.556,1.561,1.532,128.0,510550,sh,中证500ETF方正富邦
2022-08-26,1.557,1.553,1.568,1.552,355.0,510550,sh,中证500ETF方正富邦
2022-08-29,1.553,1.548,1.553,1.533,447.0,510550,sh,中证500ETF方正富邦
2022-08-30,1.542,1.547,1.554,1.54,856.0,510550,sh,中证500ETF方正富邦
2022-08-31,1.54,1.517,1.54,1.513,885.0,510550,sh,中证500ETF方正富邦
2022-09-01,1.518,1.518,1.525,1.51,358.0,510550,sh,中证500ETF方正富邦
2022-09-02,1.525,1.509,1.533,1.5,462.0,510550,sh,中证500ETF方正富邦
2022-09-05,1.509,1.521,1.521,1.5,1052.0,510550,sh,中证500ETF方正富邦
2022-09-06,1.524,1.545,1.549,1.523,658.0,510550,sh,中证500ETF方正富邦
2022-09-07,1.536,1.545,1.55,1.536,1837.0,510550,sh,中证500ETF方正富邦
2022-09-08,1.545,1.541,1.55,1.541,332.0,510550,sh,中证500ETF方正富邦
2022-09-09,1.547,1.556,1.556,1.537,759.0,510550,sh,中证500ETF方正富邦
2022-09-13,1.558,1.551,1.559,1.541,975.0,510550,sh,中证500ETF方正富邦
2022-09-14,1.551,1.539,1.551,1.53,949.0,510550,sh,中证500ETF方正富邦
2022-09-15,1.524,1.507,1.541,1.495,856.0,510550,sh,中证500ETF方正富邦
2022-09-16,1.499,1.469,1.499,1.469,2043.0,510550,sh,中证500ETF方正富邦
2022-09-19,1.457,1.458,1.47,1.455,587.0,510550,sh,中证500ETF方正富邦
2022-09-20,1.455,1.473,1.477,1.455,845.0,510550,sh,中证500ETF方正富邦
2022-09-21,1.459,1.475,1.479,1.45,333.0,510550,sh,中证500ETF方正富邦
2022-09-22,1.477,1.489,1.489,1.471,134.0,510550,sh,中证500ETF方正富邦
2022-09-23,1.489,1.454,1.489,1.44,868.0,510550,sh,中证500ETF方正富邦
2022-09-26,1.45,1.434,1.455,1.43,527.0,510550,sh,中证500ETF方正富邦
2022-09-27,1.444,1.459,1.459,1.431,614.0,510550,sh,中证500ETF方正富邦
2022-09-28,1.473,1.439,1.473,1.425,772.0,510550,sh,中证500ETF方正富邦
2022-09-29,1.443,1.426,1.443,1.426,244.0,510550,sh,中证500ETF方正富邦
2022-09-30,1.427,1.413,1.427,1.413,5044.0,510550,sh,中证500ETF方正富邦
2022-10-10,1.413,1.407,1.421,1.39,3358.0,510550,sh,中证500ETF方正富邦
2022-10-11,1.396,1.402,1.407,1.385,2542.0,510550,sh,中证500ETF方正富邦
2022-10-12,1.402,1.434,1.434,1.383,2135.0,510550,sh,中证500ETF方正富邦
2022-10-13,1.434,1.439,1.447,1.43,2076.0,510550,sh,中证500ETF方正富邦
2022-10-14,1.445,1.469,1.472,1.445,1087.0,510550,sh,中证500ETF方正富邦
2022-10-17,1.469,1.483,1.483,1.465,526.0,510550,sh,中证500ETF方正富邦
2022-10-18,1.497,1.5,1.5,1.478,977.0,510550,sh,中证500ETF方正富邦
2022-10-19,1.5,1.475,1.5,1.47,1076.0,510550,sh,中证500ETF方正富邦
2022-10-20,1.489,1.476,1.489,1.454,1004.0,510550,sh,中证500ETF方正富邦
2022-10-21,1.475,1.47,1.476,1.462,761.0,510550,sh,中证500ETF方正富邦
2022-10-24,1.47,1.453,1.484,1.447,5229.0,510550,sh,中证500ETF方正富邦
2022-10-25,1.453,1.459,1.459,1.317,1397.0,510550,sh,中证500ETF方正富邦
2022-10-26,1.449,1.478,1.479,1.449,868.0,510550,sh,中证500ETF方正富邦
2022-10-27,1.481,1.472,1.481,1.47,483.0,510550,sh,中证500ETF方正富邦
2022-10-28,1.453,1.427,1.456,1.419,514.0,510550,sh,中证500ETF方正富邦
2022-10-31,1.425,1.441,1.441,1.419,2046.0,510550,sh,中证500ETF方正富邦
2022-11-01,1.455,1.499,1.541,1.43,1361.0,510550,sh,中证500ETF方正富邦
2022-11-02,1.485,1.477,1.485,1.465,1103.0,510550,sh,中证500ETF方正富邦
2022-11-03,1.477,1.473,1.479,1.468,166.0,510550,sh,中证500ETF方正富邦
2022-11-04,1.473,1.507,1.515,1.473,2472.0,510550,sh,中证500ETF方正富邦
2022-11-07,1.507,1.509,1.516,1.503,551.0,510550,sh,中证500ETF方正富邦
2022-11-08,1.5,1.508,1.51,1.499,1297.0,510550,sh,中证500ETF方正富邦
2022-11-09,1.523,1.51,1.523,1.506,604.0,510550,sh,中证500ETF方正富邦
2022-11-10,1.51,1.504,1.51,1.492,172.0,510550,sh,中证500ETF方正富邦
2022-11-11,1.516,1.508,1.528,1.504,1487.0,510550,sh,中证500ETF方正富邦
2022-11-14,1.507,1.505,1.521,1.502,2126.0,510550,sh,中证500ETF方正富邦
2022-11-15,1.512,1.531,1.531,1.509,2945.0,510550,sh,中证500ETF方正富邦
2022-11-16,1.531,1.524,1.539,1.516,1321.0,510550,sh,中证500ETF方正富邦
2022-11-17,1.509,1.54,1.54,1.509,712.0,510550,sh,中证500ETF方正富邦
2022-11-18,1.549,1.525,1.549,1.523,355.0,510550,sh,中证500ETF方正富邦
2022-11-21,1.525,1.524,1.525,1.51,4240.0,510550,sh,中证500ETF方正富邦
2022-11-22,1.518,1.505,1.518,1.501,485.0,510550,sh,中证500ETF方正富邦
2022-11-23,1.505,1.505,1.507,1.486,1739.0,510550,sh,中证500ETF方正富邦
2022-11-24,1.5,1.508,1.511,1.5,1081.0,510550,sh,中证500ETF方正富邦
2022-11-25,1.491,1.495,1.523,1.491,276.0,510550,sh,中证500ETF方正富邦
2022-11-28,1.438,1.488,1.488,1.438,588.0,510550,sh,中证500ETF方正富邦
2022-11-29,1.474,1.513,1.52,1.474,7801.0,510550,sh,中证500ETF方正富邦
2022-11-30,1.505,1.509,1.519,1.505,1213.0,510550,sh,中证500ETF方正富邦
2022-12-01,1.495,1.523,1.528,1.495,965.0,510550,sh,中证500ETF方正富邦
2022-12-02,1.524,1.514,1.524,1.514,273.0,510550,sh,中证500ETF方正富邦
2022-12-05,1.529,1.512,1.531,1.512,799.0,510550,sh,中证500ETF方正富邦
2022-12-06,1.521,1.52,1.533,1.52,1570.0,510550,sh,中证500ETF方正富邦
2022-12-07,1.506,1.523,1.531,1.506,229.0,510550,sh,中证500ETF方正富邦
2022-12-08,1.538,1.517,1.538,1.516,301.0,510550,sh,中证500ETF方正富邦
2022-12-09,1.516,1.523,1.524,1.515,209.0,510550,sh,中证500ETF方正富邦
2022-12-12,1.519,1.517,1.519,1.512,546.0,510550,sh,中证500ETF方正富邦
2022-12-13,1.532,1.505,1.532,1.505,348.0,510550,sh,中证500ETF方正富邦
2022-12-14,1.506,1.501,1.507,1.501,323.0,510550,sh,中证500ETF方正富邦
2022-12-15,1.487,1.5,1.502,1.487,134.0,510550,sh,中证500ETF方正富邦
2022-12-16,1.497,1.495,1.498,1.489,497.0,510550,sh,中证500ETF方正富邦
2022-12-19,1.509,1.458,1.509,1.458,743.0,510550,sh,中证500ETF方正富邦
2022-12-20,1.456,1.449,1.457,1.444,1050.0,510550,sh,中证500ETF方正富邦
2022-12-21,1.448,1.434,1.453,1.434,2984.0,510550,sh,中证500ETF方正富邦
2022-12-22,1.448,1.441,1.448,1.422,1092.0,510550,sh,中证500ETF方正富邦
2022-12-23,1.423,1.422,1.431,1.418,1426.0,510550,sh,中证500ETF方正富邦
2022-12-26,1.43,1.439,1.44,1.43,407.0,510550,sh,中证500ETF方正富邦
2022-12-27,1.453,1.446,1.453,1.439,554.0,510550,sh,中证500ETF方正富邦
2022-12-28,1.441,1.443,1.451,1.44,661.0,510550,sh,中证500ETF方正富邦
2022-12-29,1.457,1.446,1.458,1.446,77.0,510550,sh,中证500ETF方正富邦
2022-12-30,1.45,1.446,1.451,1.444,694.0,510550,sh,中证500ETF方正富邦
2023-01-03,1.446,1.463,1.463,1.446,171.0,510550,sh,中证500ETF方正富邦
2023-01-04,1.472,1.465,1.472,1.463,181.0,510550,sh,中证500ETF方正富邦
2023-01-05,1.479,1.48,1.48,1.477,94.0,510550,sh,中证500ETF方正富邦
2023-01-06,1.48,1.479,1.487,1.479,34.0,510550,sh,中证500ETF方正富邦
2023-01-09,1.479,1.492,1.492,1.479,134.0,510550,sh,中证500ETF方正富邦
2023-01-10,1.485,1.478,1.489,1.478,3352.0,510550,sh,中证500ETF方正富邦
2023-01-11,1.467,1.478,1.491,1.467,318.0,510550,sh,中证500ETF方正富邦
2023-01-12,1.467,1.481,1.482,1.467,2542.0,510550,sh,中证500ETF方正富邦
2023-01-13,1.485,1.488,1.488,1.484,36.0,510550,sh,中证500ETF方正富邦
2023-01-16,1.502,1.509,1.517,1.501,2760.0,510550,sh,中证500ETF方正富邦
2023-01-17,1.509,1.506,1.509,1.503,402.0,510550,sh,中证500ETF方正富邦
2023-01-18,1.51,1.51,1.516,1.51,49.0,510550,sh,中证500ETF方正富邦
2023-01-19,1.505,1.523,1.523,1.505,1608.0,510550,sh,中证500ETF方正富邦
2023-01-20,1.533,1.535,1.535,1.53,559.0,510550,sh,中证500ETF方正富邦
2023-01-30,1.535,1.547,1.556,1.535,702.0,510550,sh,中证500ETF方正富邦
2023-01-31,1.562,1.55,1.562,1.539,277.0,510550,sh,中证500ETF方正富邦
2023-02-01,1.55,1.579,1.58,1.548,863.0,510550,sh,中证500ETF方正富邦
2023-02-02,1.565,1.565,1.572,1.56,1095.0,510550,sh,中证500ETF方正富邦
2023-02-03,1.565,1.537,1.565,1.537,336.0,510550,sh,中证500ETF方正富邦
2023-02-06,1.552,1.546,1.552,1.538,666.0,510550,sh,中证500ETF方正富邦
2023-02-07,1.546,1.552,1.561,1.538,1417.0,510550,sh,中证500ETF方正富邦
2023-02-08,1.552,1.54,1.552,1.54,466.0,510550,sh,中证500ETF方正富邦
2023-02-09,1.537,1.556,1.559,1.537,768.0,510550,sh,中证500ETF方正富邦
2023-02-10,1.566,1.555,1.566,1.545,581.0,510550,sh,中证500ETF方正富邦
2023-02-13,1.557,1.564,1.566,1.557,519.0,510550,sh,中证500ETF方正富邦
2023-02-14,1.572,1.566,1.572,1.56,3568.0,510550,sh,中证500ETF方正富邦
2023-02-15,1.551,1.565,1.566,1.551,158.0,510550,sh,中证500ETF方正富邦
2023-02-16,1.565,1.549,1.577,1.538,637.0,510550,sh,中证500ETF方正富邦
2023-02-17,1.546,1.53,1.548,1.53,406.0,510550,sh,中证500ETF方正富邦
2023-02-20,1.53,1.554,1.554,1.504,1190.0,510550,sh,中证500ETF方正富邦
2023-02-21,1.569,1.562,1.569,1.554,999.0,510550,sh,中证500ETF方正富邦
2023-02-22,1.547,1.558,1.566,1.547,465.0,510550,sh,中证500ETF方正富邦
2023-02-23,1.553,1.56,1.568,1.546,6425.0,510550,sh,中证500ETF方正富邦
2023-02-24,1.553,1.553,1.56,1.547,1149.0,510550,sh,中证500ETF方正富邦
2023-02-27,1.553,1.547,1.555,1.542,502.0,510550,sh,中证500ETF方正富邦
2023-02-28,1.548,1.558,1.558,1.541,514.0,510550,sh,中证500ETF方正富邦
2023-03-01,1.547,1.562,1.569,1.547,1361.0,510550,sh,中证500ETF方正富邦
2023-03-02,1.577,1.558,1.577,1.558,3488.0,510550,sh,中证500ETF方正富邦
2023-03-03,1.547,1.57,1.57,1.547,6900.0,510550,sh,中证500ETF方正富邦
2023-03-06,1.56,1.562,1.564,1.551,1613.0,510550,sh,中证500ETF方正富邦
2023-03-07,1.563,1.538,1.563,1.538,600.0,510550,sh,中证500ETF方正富邦
2023-03-08,1.523,1.534,1.54,1.523,672.0,510550,sh,中证500ETF方正富邦
2023-03-09,1.537,1.532,1.537,1.53,128.0,510550,sh,中证500ETF方正富邦
2023-03-10,1.52,1.517,1.532,1.517,924.0,510550,sh,中证500ETF方正富邦
2023-03-13,1.532,1.52,1.532,1.511,431.0,510550,sh,中证500ETF方正富邦
2023-03-14,1.52,1.508,1.527,1.505,625.0,510550,sh,中证500ETF方正富邦
2023-03-15,1.523,1.521,1.529,1.521,481.0,510550,sh,中证500ETF方正富邦
2023-03-16,1.516,1.501,1.518,1.497,310.0,510550,sh,中证500ETF方正富邦
2023-03-17,1.516,1.508,1.52,1.508,2722.0,510550,sh,中证500ETF方正富邦
2023-03-20,1.493,1.501,1.51,1.493,682.0,510550,sh,中证500ETF方正富邦
2023-03-21,1.501,1.523,1.523,1.501,7785.0,510550,sh,中证500ETF方正富邦
2023-03-22,1.517,1.535,1.535,1.517,296.0,510550,sh,中证500ETF方正富邦
2023-03-23,1.52,1.54,1.54,1.52,11535.0,510550,sh,中证500ETF方正富邦
2023-03-24,1.545,1.543,1.545,1.532,1989.0,510550,sh,中证500ETF方正富邦
2023-03-27,1.541,1.545,1.546,1.53,18073.0,510550,sh,中证500ETF方正富邦
2023-03-28,1.53,1.537,1.54,1.53,357.0,510550,sh,中证500ETF方正富邦
2023-03-29,1.53,1.531,1.534,1.522,175.0,510550,sh,中证500ETF方正富邦
2023-03-30,1.532,1.535,1.537,1.516,518.0,510550,sh,中证500ETF方正富邦
2023-03-31,1.535,1.548,1.548,1.535,1641.0,510550,sh,中证500ETF方正富邦
2023-04-03,1.55,1.564,1.574,1.55,20822.0,510550,sh,中证500ETF方正富邦
2023-04-04,1.565,1.561,1.573,1.559,4328.0,510550,sh,中证500ETF方正富邦
2023-04-06,1.563,1.565,1.57,1.562,465.0,510550,sh,中证500ETF方正富邦
2023-04-07,1.566,1.579,1.579,1.566,619.0,510550,sh,中证500ETF方正富邦
2023-04-10,1.564,1.571,1.586,1.564,291.0,510550,sh,中证500ETF方正富邦
2023-04-11,1.567,1.564,1.57,1.564,98.0,510550,sh,中证500ETF方正富邦
2023-04-12,1.55,1.568,1.574,1.55,852.0,510550,sh,中证500ETF方正富邦
2023-04-13,1.568,1.571,1.577,1.568,20502.0,510550,sh,中证500ETF方正富邦
2023-04-14,1.58,1.572,1.58,1.566,1080.0,510550,sh,中证500ETF方正富邦
2023-04-17,1.579,1.582,1.582,1.573,1416.0,510550,sh,中证500ETF方正富邦
2023-04-18,1.582,1.582,1.582,1.572,398.0,510550,sh,中证500ETF方正富邦
2023-04-19,1.58,1.57,1.58,1.57,408.0,510550,sh,中证500ETF方正富邦
2023-04-20,1.574,1.566,1.574,1.566,231.0,510550,sh,中证500ETF方正富邦
2023-04-21,1.566,1.538,1.571,1.538,345.0,510550,sh,中证500ETF方正富邦
2023-04-24,1.529,1.526,1.54,1.516,1601.0,510550,sh,中证500ETF方正富邦
2023-04-25,1.522,1.502,1.522,1.483,1760.0,510550,sh,中证500ETF方正富邦
2023-04-26,1.502,1.508,1.513,1.498,425.0,510550,sh,中证500ETF方正富邦
2023-04-27,1.509,1.504,1.515,1.504,383.0,510550,sh,中证500ETF方正富邦
2023-04-28,1.524,1.532,1.532,1.517,171.0,510550,sh,中证500ETF方正富邦
2023-05-04,1.532,1.535,1.535,1.529,258.0,510550,sh,中证500ETF方正富邦
2023-05-05,1.535,1.52,1.535,1.52,241.0,510550,sh,中证500ETF方正富邦
2023-05-08,1.506,1.529,1.534,1.506,1800.0,510550,sh,中证500ETF方正富邦
2023-05-09,1.535,1.519,1.538,1.519,1329.0,510550,sh,中证500ETF方正富邦
2023-05-10,1.508,1.514,1.518,1.508,394.0,510550,sh,中证500ETF方正富邦
2023-05-11,1.516,1.512,1.52,1.512,1150.0,510550,sh,中证500ETF方正富邦
2023-05-12,1.512,1.498,1.512,1.498,566.0,510550,sh,中证500ETF方正富邦
2023-05-15,1.497,1.511,1.511,1.486,1005.0,510550,sh,中证500ETF方正富邦
2023-05-16,1.513,1.5,1.513,1.5,565.0,510550,sh,中证500ETF方正富邦
2023-05-17,1.496,1.503,1.506,1.496,810.0,510550,sh,中证500ETF方正富邦
2023-05-18,1.51,1.493,1.513,1.493,343.0,510550,sh,中证500ETF方正富邦
2023-05-19,1.479,1.506,1.508,1.479,374.0,510550,sh,中证500ETF方正富邦
2023-05-22,1.505,1.502,1.507,1.5,373.0,510550,sh,中证500ETF方正富邦
2023-05-23,1.488,1.496,1.506,1.488,100.0,510550,sh,中证500ETF方正富邦
2023-05-24,1.485,1.481,1.491,1.48,866.0,510550,sh,中证500ETF方正富邦
2023-05-25,1.481,1.477,1.488,1.468,953.0,510550,sh,中证500ETF方正富邦
2023-05-26,1.474,1.487,1.487,1.47,599.0,510550,sh,中证500ETF方正富邦
2023-05-29,1.487,1.484,1.489,1.47,1531.0,510550,sh,中证500ETF方正富邦
2023-05-30,1.479,1.494,1.494,1.474,342.0,510550,sh,中证500ETF方正富邦
2023-05-31,1.492,1.492,1.492,1.482,279.0,510550,sh,中证500ETF方正富邦
2023-06-01,1.48,1.49,1.502,1.48,382.0,510550,sh,中证500ETF方正富邦
2023-06-02,1.504,1.501,1.504,1.499,253.0,510550,sh,中证500ETF方正富邦
2023-06-05,1.506,1.499,1.508,1.498,80.0,510550,sh,中证500ETF方正富邦
2023-06-06,1.492,1.471,1.493,1.471,725.0,510550,sh,中证500ETF方正富邦
2023-06-07,1.482,1.476,1.482,1.476,169.0,510550,sh,中证500ETF方正富邦
2023-06-08,1.47,1.47,1.473,1.467,134.0,510550,sh,中证500ETF方正富邦
2023-06-09,1.473,1.484,1.484,1.47,357.0,510550,sh,中证500ETF方正富邦
2023-06-12,1.498,1.49,1.498,1.47,129.0,510550,sh,中证500ETF方正富邦
2023-06-13,1.504,1.492,1.504,1.488,110.0,510550,sh,中证500ETF方正富邦
2023-06-14,1.495,1.499,1.501,1.495,17.0,510550,sh,中证500ETF方正富邦
2023-06-15,1.495,1.508,1.508,1.495,291.0,510550,sh,中证500ETF方正富邦
2023-06-16,1.513,1.518,1.518,1.507,588.0,510550,sh,中证500ETF方正富邦
2023-06-19,1.503,1.514,1.523,1.503,293.0,510550,sh,中证500ETF方正富邦
2023-06-20,1.513,1.521,1.521,1.513,57.0,510550,sh,中证500ETF方正富邦
2023-06-21,1.521,1.49,1.521,1.49,189.0,510550,sh,中证500ETF方正富邦
2023-06-26,1.476,1.515,1.519,1.454,500.0,510550,sh,中证500ETF方正富邦
2023-06-27,1.515,1.485,1.515,1.464,594.0,510550,sh,中证500ETF方正富邦
2023-06-28,1.471,1.471,1.471,1.457,319.0,510550,sh,中证500ETF方正富邦
2023-06-29,1.471,1.482,1.482,1.471,127.0,510550,sh,中证500ETF方正富邦
2023-06-30,1.471,1.486,1.488,1.471,146.0,510550,sh,中证500ETF方正富邦
2023-07-03,1.478,1.5,1.503,1.478,339.0,510550,sh,中证500ETF方正富邦
2023-07-04,1.5,1.498,1.505,1.496,187.0,510550,sh,中证500ETF方正富邦
2023-07-05,1.501,1.498,1.506,1.497,659.0,510550,sh,中证500ETF方正富邦
2023-07-06,1.498,1.484,1.498,1.484,470.0,510550,sh,中证500ETF方正富邦
2023-07-07,1.483,1.486,1.487,1.478,495.0,510550,sh,中证500ETF方正富邦
2023-07-10,1.472,1.483,1.493,1.472,429.0,510550,sh,中证500ETF方正富邦
2023-07-11,1.489,1.493,1.495,1.484,434.0,510550,sh,中证500ETF方正富邦
2023-07-12,1.502,1.491,1.502,1.491,286.0,510550,sh,中证500ETF方正富邦
2023-07-13,1.479,1.505,1.505,1.479,42.0,510550,sh,中证500ETF方正富邦
2023-07-14,1.505,1.502,1.505,1.502,25.0,510550,sh,中证500ETF方正富邦
2023-07-17,1.499,1.49,1.499,1.487,31.0,510550,sh,中证500ETF方正富邦
2023-07-18,1.496,1.477,1.499,1.477,713.0,510550,sh,中证500ETF方正富邦
2023-07-19,1.491,1.495,1.497,1.49,74.0,510550,sh,中证500ETF方正富邦
2023-07-20,1.493,1.481,1.493,1.479,167.0,510550,sh,中证500ETF方正富邦
2023-07-21,1.481,1.479,1.485,1.475,1653.0,510550,sh,中证500ETF方正富邦
2023-07-24,1.479,1.475,1.482,1.475,4183.0,510550,sh,中证500ETF方正富邦
2023-07-25,1.489,1.493,1.496,1.488,8550.0,510550,sh,中证500ETF方正富邦
2023-07-26,1.494,1.494,1.496,1.491,335.0,510550,sh,中证500ETF方正富邦
2023-07-27,1.493,1.488,1.496,1.488,232.0,510550,sh,中证500ETF方正富邦
2023-07-28,1.483,1.503,1.505,1.481,442.0,510550,sh,中证500ETF方正富邦
2023-07-31,1.514,1.516,1.524,1.511,183.0,510550,sh,中证500ETF方正富邦
2023-08-01,1.516,1.518,1.519,1.514,730.0,510550,sh,中证500ETF方正富邦
2023-08-02,1.512,1.513,1.517,1.51,50.0,510550,sh,中证500ETF方正富邦
2023-08-03,1.513,1.513,1.517,1.503,441.0,510550,sh,中证500ETF方正富邦
2023-08-04,1.519,1.524,1.535,1.512,784.0,510550,sh,中证500ETF方正富邦
2023-08-07,1.53,1.513,1.53,1.513,173.0,510550,sh,中证500ETF方正富邦
2023-08-08,1.515,1.511,1.515,1.507,359.0,510550,sh,中证500ETF方正富邦
2023-08-09,1.511,1.5,1.511,1.5,274.0,510550,sh,中证500ETF方正富邦
2023-08-10,1.497,1.501,1.505,1.497,291.0,510550,sh,中证500ETF方正富邦
2023-08-11,1.499,1.478,1.499,1.478,365.0,510550,sh,中证500ETF方正富邦
2023-08-14,1.464,1.475,1.475,1.456,816.0,510550,sh,中证500ETF方正富邦
2023-08-15,1.468,1.468,1.472,1.457,480.0,510550,sh,中证500ETF方正富邦
2023-08-16,1.462,1.459,1.466,1.454,109.0,510550,sh,中证500ETF方正富邦
2023-08-17,1.446,1.466,1.467,1.445,205.0,510550,sh,中证500ETF方正富邦
2023-08-18,1.466,1.444,1.466,1.444,350.0,510550,sh,中证500ETF方正富邦
2023-08-21,1.444,1.43,1.444,1.43,717.0,510550,sh,中证500ETF方正富邦
2023-08-22,1.43,1.432,1.432,1.412,434.0,510550,sh,中证500ETF方正富邦
2023-08-23,1.419,1.407,1.421,1.405,239.0,510550,sh,中证500ETF方正富邦
2023-08-24,1.413,1.41,1.421,1.401,395.0,510550,sh,中证500ETF方正富邦
2023-08-25,1.402,1.397,1.407,1.397,603.0,510550,sh,中证500ETF方正富邦
2023-08-28,1.41,1.413,1.436,1.409,19222.0,510550,sh,中证500ETF方正富邦
2023-08-29,1.405,1.441,1.446,1.405,23856.0,510550,sh,中证500ETF方正富邦
2023-08-30,1.442,1.441,1.45,1.427,9777.0,510550,sh,中证500ETF方正富邦
2023-08-31,1.428,1.434,1.44,1.428,2584.0,510550,sh,中证500ETF方正富邦
2023-09-01,1.448,1.433,1.448,1.431,995.0,510550,sh,中证500ETF方正富邦
2023-09-04,1.433,1.448,1.448,1.433,2200.0,510550,sh,中证500ETF方正富邦
2023-09-05,1.45,1.44,1.46,1.436,1530.0,510550,sh,中证500ETF方正富邦
2023-09-06,1.44,1.439,1.454,1.431,8075.0,510550,sh,中证500ETF方正富邦
2023-09-07,1.434,1.42,1.434,1.42,1002.0,510550,sh,中证500ETF方正富邦
2023-09-08,1.411,1.428,1.434,1.408,1012.0,510550,sh,中证500ETF方正富邦
2023-09-11,1.42,1.436,1.44,1.42,1975.0,510550,sh,中证500ETF方正富邦
2023-09-12,1.438,1.439,1.441,1.436,768.0,510550,sh,中证500ETF方正富邦
2023-09-13,1.43,1.42,1.43,1.419,22658.0,510550,sh,中证500ETF方正富邦
2023-09-14,1.427,1.419,1.427,1.416,256.0,510550,sh,中证500ETF方正富邦
2023-09-15,1.419,1.422,1.431,1.41,4521.0,510550,sh,中证500ETF方正富邦
2023-09-18,1.413,1.428,1.431,1.413,5982.0,510550,sh,中证500ETF方正富邦
2023-09-19,1.423,1.42,1.423,1.414,190.0,510550,sh,中证500ETF方正富邦
2023-09-20,1.415,1.415,1.418,1.412,1857.0,510550,sh,中证500ETF方正富邦
2023-09-21,1.406,1.395,1.406,1.395,476.0,510550,sh,中证500ETF方正富邦
2023-09-22,1.395,1.406,1.408,1.395,154.0,510550,sh,中证500ETF方正富邦
2023-09-25,1.415,1.408,1.42,1.408,320.0,510550,sh,中证500ETF方正富邦
2023-09-26,1.41,1.406,1.412,1.406,226.0,510550,sh,中证500ETF方正富邦
2023-09-27,1.395,1.414,1.42,1.395,1451.0,510550,sh,中证500ETF方正富邦
2023-09-28,1.421,1.42,1.421,1.415,1153.0,510550,sh,中证500ETF方正富邦
2023-10-09,1.42,1.41,1.42,1.406,30.0,510550,sh,中证500ETF方正富邦
2023-10-10,1.396,1.407,1.418,1.396,1172.0,510550,sh,中证500ETF方正富邦
2023-10-11,1.403,1.403,1.41,1.403,234.0,510550,sh,中证500ETF方正富邦
2023-10-12,1.405,1.416,1.543,1.389,311.0,510550,sh,中证500ETF方正富邦
2023-10-13,1.407,1.4,1.408,1.4,235.0,510550,sh,中证500ETF方正富邦
2023-10-16,1.4,1.394,1.4,1.387,497.0,510550,sh,中证500ETF方正富邦
2023-10-17,1.386,1.389,1.396,1.386,181.0,510550,sh,中证500ETF方正富邦
2023-10-18,1.389,1.375,1.389,1.375,1109.0,510550,sh,中证500ETF方正富邦
2023-10-19,1.373,1.365,1.375,1.365,699.0,510550,sh,中证500ETF方正富邦
2023-10-20,1.362,1.355,1.362,1.353,1612.0,510550,sh,中证500ETF方正富邦
2023-10-23,1.342,1.307,1.342,1.307,3228.0,510550,sh,中证500ETF方正富邦
2023-10-24,1.32,1.336,1.34,1.32,862.0,510550,sh,中证500ETF方正富邦
2023-10-25,1.349,1.346,1.349,1.341,389.0,510550,sh,中证500ETF方正富邦
2023-10-26,1.337,1.344,1.344,1.335,154.0,510550,sh,中证500ETF方正富邦
2023-10-27,1.343,1.37,1.371,1.343,1121.0,510550,sh,中证500ETF方正富邦
2023-10-30,1.37,1.383,1.383,1.37,141.0,510550,sh,中证500ETF方正富邦
2023-10-31,1.383,1.38,1.387,1.374,314.0,510550,sh,中证500ETF方正富邦
2023-11-01,1.381,1.375,1.381,1.371,253.0,510550,sh,中证500ETF方正富邦
2023-11-02,1.373,1.365,1.373,1.365,2301.0,510550,sh,中证500ETF方正富邦
2023-11-03,1.378,1.371,1.378,1.369,481.0,510550,sh,中证500ETF方正富邦
2023-11-06,1.383,1.396,1.396,1.383,452.0,510550,sh,中证500ETF方正富邦
2023-11-07,1.396,1.403,1.403,1.395,75.0,510550,sh,中证500ETF方正富邦
2023-11-08,1.399,1.395,1.403,1.391,358.0,510550,sh,中证500ETF方正富邦
2023-11-09,1.397,1.406,1.505,1.382,711.0,510550,sh,中证500ETF方正富邦
2023-11-10,1.392,1.39,1.392,1.384,601.0,510550,sh,中证500ETF方正富邦
2023-11-13,1.392,1.393,1.393,1.387,670.0,510550,sh,中证500ETF方正富邦
2023-11-14,1.397,1.403,1.403,1.397,372.0,510550,sh,中证500ETF方正富邦
2023-11-15,1.405,1.411,1.414,1.405,569.0,510550,sh,中证500ETF方正富邦
2023-11-16,1.411,1.397,1.411,1.397,205.0,510550,sh,中证500ETF方正富邦
2023-11-17,1.399,1.402,1.405,1.397,283.0,510550,sh,中证500ETF方正富邦
2023-11-20,1.416,1.411,1.416,1.399,437.0,510550,sh,中证500ETF方正富邦
2023-11-21,1.412,1.41,1.419,1.403,283.0,510550,sh,中证500ETF方正富邦
2023-11-22,1.405,1.395,1.405,1.395,192.0,510550,sh,中证500ETF方正富邦
2023-11-23,1.39,1.398,1.398,1.387,147.0,510550,sh,中证500ETF方正富邦
2023-11-24,1.396,1.392,1.397,1.39,242.0,510550,sh,中证500ETF方正富邦
2023-11-27,1.39,1.385,1.39,1.383,839.0,510550,sh,中证500ETF方正富邦
2023-11-28,1.385,1.391,1.391,1.385,119.0,510550,sh,中证500ETF方正富邦
2023-11-29,1.39,1.387,1.39,1.387,33.0,510550,sh,中证500ETF方正富邦
2023-11-30,1.379,1.382,1.384,1.377,516.0,510550,sh,中证500ETF方正富邦
2023-12-01,1.381,1.382,1.382,1.377,489.0,510550,sh,中证500ETF方正富邦
2023-12-04,1.395,1.389,1.395,1.388,657.0,510550,sh,中证500ETF方正富邦
2023-12-05,1.378,1.365,1.378,1.365,408.0,510550,sh,中证500ETF方正富邦
2023-12-06,1.352,1.368,1.368,1.352,388.0,510550,sh,中证500ETF方正富邦
2023-12-07,1.359,1.369,1.369,1.359,2209.0,510550,sh,中证500ETF方正富邦
2023-12-08,1.364,1.37,1.372,1.364,2665.0,510550,sh,中证500ETF方正富邦
2023-12-11,1.357,1.377,1.383,1.357,356.0,510550,sh,中证500ETF方正富邦
2023-12-12,1.386,1.389,1.389,1.382,327.0,510550,sh,中证500ETF方正富邦
2023-12-13,1.385,1.374,1.385,1.374,149.0,510550,sh,中证500ETF方正富邦
2023-12-14,1.382,1.366,1.382,1.366,1304.0,510550,sh,中证500ETF方正富邦
2023-12-15,1.37,1.36,1.37,1.36,575.0,510550,sh,中证500ETF方正富邦
2023-12-18,1.36,1.341,1.36,1.341,489.0,510550,sh,中证500ETF方正富邦
2023-12-19,1.34,1.338,1.341,1.338,886.0,510550,sh,中证500ETF方正富邦
2023-12-20,1.34,1.332,1.34,1.329,111.0,510550,sh,中证500ETF方正富邦
2023-12-21,1.319,1.342,1.343,1.319,172.0,510550,sh,中证500ETF方正富邦
2023-12-22,1.323,1.325,1.337,1.322,530.0,510550,sh,中证500ETF方正富邦
2023-12-25,1.324,1.316,1.326,1.316,290.0,510550,sh,中证500ETF方正富邦
2023-12-26,1.316,1.314,1.316,1.304,74.0,510550,sh,中证500ETF方正富邦
2023-12-27,1.314,1.315,1.32,1.306,684.0,510550,sh,中证500ETF方正富邦
2023-12-28,1.328,1.341,1.341,1.328,424.0,510550,sh,中证500ETF方正富邦
2023-12-29,1.348,1.348,1.348,1.343,622.0,510550,sh,中证500ETF方正富邦
2024-01-02,1.347,1.348,1.354,1.347,255.0,510550,sh,中证500ETF方正富邦
2024-01-03,1.348,1.347,1.348,1.346,1142.0,510550,sh,中证500ETF方正富邦
2024-01-04,1.347,1.332,1.347,1.331,441.0,510550,sh,中证500ETF方正富邦
2024-01-05,1.341,1.316,1.341,1.316,1496.0,510550,sh,中证500ETF方正富邦
2024-01-08,1.31,1.292,1.31,1.292,1816.0,510550,sh,中证500ETF方正富邦
2024-01-09,1.302,1.296,1.302,1.292,257.0,510550,sh,中证500ETF方正富邦
2024-01-10,1.284,1.29,1.296,1.276,369.0,510550,sh,中证500ETF方正富邦
2024-01-11,1.288,1.302,1.302,1.286,598.0,510550,sh,中证500ETF方正富邦
2024-01-12,1.303,1.296,1.311,1.296,1954.0,510550,sh,中证500ETF方正富邦
2024-01-15,1.293,1.296,1.305,1.293,1144.0,510550,sh,中证500ETF方正富邦
2024-01-16,1.3,1.284,1.3,1.28,1702.0,510550,sh,中证500ETF方正富邦
2024-01-17,1.291,1.29,1.291,1.268,1687.0,510550,sh,中证500ETF方正富邦
2024-01-18,1.279,1.266,1.279,1.23,1968.0,510550,sh,中证500ETF方正富邦
2024-01-19,1.266,1.254,1.268,1.254,959.0,510550,sh,中证500ETF方正富邦
2024-01-22,1.263,1.188,1.263,1.188,1869.0,510550,sh,中证500ETF方正富邦
2024-01-23,1.187,1.211,1.215,1.178,1756.0,510550,sh,中证500ETF方正富邦
2024-01-24,1.211,1.233,1.233,1.19,497.0,510550,sh,中证500ETF方正富邦
2024-01-25,1.226,1.264,1.264,1.226,1242.0,510550,sh,中证500ETF方正富邦
2024-01-26,1.268,1.252,1.274,1.252,624.0,510550,sh,中证500ETF方正富邦
2024-01-29,1.263,1.236,1.263,1.235,1008.0,510550,sh,中证500ETF方正富邦
2024-01-30,1.235,1.209,1.235,1.209,623.0,510550,sh,中证500ETF方正富邦
2024-01-31,1.206,1.175,1.208,1.175,3163.0,510550,sh,中证500ETF方正富邦
2024-02-01,1.175,1.172,1.189,1.16,2939.0,510550,sh,中证500ETF方正富邦
2024-02-02,1.177,1.142,1.183,1.114,10478.0,510550,sh,中证500ETF方正富邦
2024-02-05,1.131,1.121,1.146,1.076,17438.0,510550,sh,中证500ETF方正富邦
2024-02-06,1.12,1.209,1.233,1.099,27859.0,510550,sh,中证500ETF方正富邦
2024-02-07,1.201,1.319,1.328,1.198,38436.0,510550,sh,中证500ETF方正富邦
2024-02-08,1.398,1.283,1.4,1.281,34392.0,510550,sh,中证500ETF方正富邦
2024-02-19,1.283,1.285,1.296,1.175,19343.0,510550,sh,中证500ETF方正富邦
2024-02-20,1.273,1.28,1.282,1.261,9402.0,510550,sh,中证500ETF方正富邦
2024-02-21,1.274,1.279,1.309,1.268,8111.0,510550,sh,中证500ETF方正富邦
2024-02-22,1.286,1.294,1.299,1.279,13638.0,510550,sh,中证500ETF方正富邦
2024-02-23,1.286,1.294,1.294,1.274,10779.0,510550,sh,中证500ETF方正富邦
2024-02-26,1.294,1.296,1.305,1.289,1844.0,510550,sh,中证500ETF方正富邦
2024-02-27,1.284,1.315,1.315,1.284,1620.0,510550,sh,中证500ETF方正富邦
2024-02-28,1.321,1.302,1.335,1.298,7502.0,510550,sh,中证500ETF方正富邦
2024-02-29,1.302,1.324,1.324,1.297,6963.0,510550,sh,中证500ETF方正富邦
2024-03-01,1.324,1.339,1.339,1.324,1834.0,510550,sh,中证500ETF方正富邦
2024-03-04,1.326,1.34,1.352,1.326,5903.0,510550,sh,中证500ETF方正富邦
2024-03-05,1.341,1.327,1.341,1.327,9860.0,510550,sh,中证500ETF方正富邦
2024-03-06,1.331,1.331,1.336,1.32,1458.0,510550,sh,中证500ETF方正富邦
2024-03-07,1.331,1.317,1.334,1.312,571.0,510550,sh,中证500ETF方正富邦
2024-03-08,1.316,1.333,1.334,1.316,2432.0,510550,sh,中证500ETF方正富邦
2024-03-11,1.346,1.354,1.354,1.331,5147.0,510550,sh,中证500ETF方正富邦
2024-03-12,1.354,1.351,1.36,1.34,17938.0,510550,sh,中证500ETF方正富邦
2024-03-13,1.348,1.349,1.355,1.341,2134.0,510550,sh,中证500ETF方正富邦
2024-03-14,1.352,1.343,1.354,1.339,939.0,510550,sh,中证500ETF方正富邦
2024-03-15,1.337,1.353,1.353,1.333,1519.0,510550,sh,中证500ETF方正富邦
2024-03-18,1.351,1.37,1.38,1.351,2366.0,510550,sh,中证500ETF方正富邦
2024-03-19,1.372,1.362,1.373,1.362,4147.0,510550,sh,中证500ETF方正富邦
2024-03-20,1.357,1.366,1.367,1.355,2071.0,510550,sh,中证500ETF方正富邦
2024-03-21,1.371,1.363,1.371,1.36,50.0,510550,sh,中证500ETF方正富邦
2024-03-22,1.353,1.346,1.367,1.331,29725.0,510550,sh,中证500ETF方正富邦
2024-03-25,1.333,1.32,1.341,1.32,1741.0,510550,sh,中证500ETF方正富邦
2024-03-26,1.32,1.317,1.32,1.308,1966.0,510550,sh,中证500ETF方正富邦
2024-03-27,1.304,1.288,1.304,1.287,296.0,510550,sh,中证500ETF方正富邦
2024-03-28,1.288,1.298,1.313,1.288,641.0,510550,sh,中证500ETF方正富邦
2024-03-29,1.31,1.314,1.314,1.301,299.0,510550,sh,中证500ETF方正富邦
2024-04-01,1.324,1.342,1.342,1.324,746.0,510550,sh,中证500ETF方正富邦
2024-04-02,1.342,1.336,1.342,1.335,84.0,510550,sh,中证500ETF方正富邦
2024-04-03,1.334,1.336,1.34,1.334,1589.0,510550,sh,中证500ETF方正富邦
2024-04-08,1.337,1.32,1.339,1.32,189.0,510550,sh,中证500ETF方正富邦
2024-04-09,1.315,1.324,1.324,1.315,548.0,510550,sh,中证500ETF方正富邦
2024-04-10,1.317,1.31,1.322,1.309,534.0,510550,sh,中证500ETF方正富邦
2024-04-11,1.31,1.32,1.333,1.31,429.0,510550,sh,中证500ETF方正富邦
2024-04-12,1.321,1.315,1.325,1.315,369.0,510550,sh,中证500ETF方正富邦
2024-04-15,1.328,1.324,1.333,1.307,1976.0,510550,sh,中证500ETF方正富邦
2024-04-16,1.328,1.283,1.328,1.283,5652.0,510550,sh,中证500ETF方正富邦
2024-04-17,1.295,1.324,1.324,1.295,2330.0,510550,sh,中证500ETF方正富邦
2024-04-18,1.32,1.336,1.343,1.318,3427.0,510550,sh,中证500ETF方正富邦
2024-04-19,1.328,1.326,1.332,1.321,3831.0,510550,sh,中证500ETF方正富邦
2024-04-22,1.315,1.311,1.326,1.311,3401.0,510550,sh,中证500ETF方正富邦
2024-04-23,1.308,1.297,1.308,1.295,1663.0,510550,sh,中证500ETF方正富邦
2024-04-24,1.293,1.303,1.303,1.293,1625.0,510550,sh,中证500ETF方正富邦
2024-04-25,1.302,1.302,1.315,1.3,3339.0,510550,sh,中证500ETF方正富邦
2024-04-26,1.289,1.336,1.336,1.289,1216.0,510550,sh,中证500ETF方正富邦
2024-04-29,1.34,1.361,1.374,1.337,6496.0,510550,sh,中证500ETF方正富邦
2024-04-30,1.348,1.354,1.361,1.345,1655.0,510550,sh,中证500ETF方正富邦
2024-05-06,1.357,1.374,1.379,1.357,869.0,510550,sh,中证500ETF方正富邦
2024-05-07,1.372,1.374,1.378,1.368,9090.0,510550,sh,中证500ETF方正富邦
2024-05-08,1.367,1.357,1.367,1.355,14854.0,510550,sh,中证500ETF方正富邦
2024-05-09,1.358,1.375,1.383,1.358,12298.0,510550,sh,中证500ETF方正富邦
2024-05-10,1.38,1.373,1.38,1.362,2394.0,510550,sh,中证500ETF方正富邦
2024-05-13,1.362,1.365,1.373,1.36,2412.0,510550,sh,中证500ETF方正富邦
2024-05-14,1.361,1.365,1.374,1.361,272.0,510550,sh,中证500ETF方正富邦
2024-05-15,1.354,1.353,1.364,1.353,372.0,510550,sh,中证500ETF方正富邦
2024-05-16,1.356,1.348,1.361,1.348,1355.0,510550,sh,中证500ETF方正富邦
2024-05-17,1.35,1.376,1.377,1.348,1924.0,510550,sh,中证500ETF方正富邦
2024-05-20,1.376,1.375,1.379,1.366,875.0,510550,sh,中证500ETF方正富邦
2024-05-21,1.366,1.358,1.368,1.358,2841.0,510550,sh,中证500ETF方正富邦
2024-05-22,1.358,1.359,1.364,1.358,1719.0,510550,sh,中证500ETF方正富邦
2024-05-23,1.363,1.34,1.363,1.335,1204.0,510550,sh,中证500ETF方正富邦
2024-05-24,1.333,1.327,1.342,1.32,3905.0,510550,sh,中证500ETF方正富邦
2024-05-27,1.327,1.339,1.339,1.32,2077.0,510550,sh,中证500ETF方正富邦
2024-05-28,1.335,1.326,1.338,1.326,1491.0,510550,sh,中证500ETF方正富邦
2024-05-29,1.332,1.333,1.333,1.326,1878.0,510550,sh,中证500ETF方正富邦
2024-05-30,1.33,1.324,1.331,1.323,2193.0,510550,sh,中证500ETF方正富邦
2024-05-31,1.328,1.328,1.331,1.328,139.0,510550,sh,中证500ETF方正富邦
2024-06-03,1.32,1.318,1.325,1.302,134.0,510550,sh,中证500ETF方正富邦
2024-06-04,1.331,1.336,1.344,1.309,488.0,510550,sh,中证500ETF方正富邦
2024-06-05,1.344,1.329,1.344,1.318,1212.0,510550,sh,中证500ETF方正富邦
2024-06-06,1.328,1.31,1.328,1.305,2465.0,510550,sh,中证500ETF方正富邦
2024-06-07,1.317,1.302,1.317,1.297,119.0,510550,sh,中证500ETF方正富邦
2024-06-11,1.301,1.307,1.307,1.293,1068.0,510550,sh,中证500ETF方正富邦
2024-06-12,1.301,1.313,1.329,1.301,929.0,510550,sh,中证500ETF方正富邦
2024-06-13,1.326,1.309,1.326,1.3,998.0,510550,sh,中证500ETF方正富邦
2024-06-14,1.322,1.312,1.322,1.296,6262.0,510550,sh,中证500ETF方正富邦
2024-06-17,1.306,1.308,1.312,1.303,1893.0,510550,sh,中证500ETF方正富邦
2024-06-18,1.311,1.309,1.316,1.308,680.0,510550,sh,中证500ETF方正富邦
2024-06-19,1.31,1.302,1.31,1.299,805.0,510550,sh,中证500ETF方正富邦
2024-06-20,1.296,1.28,1.3,1.28,427.0,510550,sh,中证500ETF方正富邦
2024-06-21,1.279,1.285,1.291,1.279,7552.0,510550,sh,中证500ETF方正富邦
2024-06-24,1.276,1.258,1.297,1.255,1890.0,510550,sh,中证500ETF方正富邦
2024-06-25,1.246,1.244,1.257,1.244,1537.0,510550,sh,中证500ETF方正富邦
2024-06-26,1.24,1.265,1.265,1.237,9352.0,510550,sh,中证500ETF方正富邦
2024-06-27,1.256,1.244,1.259,1.244,7849.0,510550,sh,中证500ETF方正富邦
2024-06-28,1.245,1.251,1.268,1.245,310.0,510550,sh,中证500ETF方正富邦
2024-07-01,1.247,1.26,1.264,1.244,553.0,510550,sh,中证500ETF方正富邦
2024-07-02,1.256,1.245,1.257,1.245,5451.0,510550,sh,中证500ETF方正富邦
2024-07-03,1.243,1.237,1.257,1.236,24126.0,510550,sh,中证500ETF方正富邦
2024-07-04,1.238,1.224,1.246,1.224,148.0,510550,sh,中证500ETF方正富邦
2024-07-05,1.222,1.226,1.226,1.212,705.0,510550,sh,中证500ETF方正富邦
2024-07-08,1.219,1.209,1.221,1.207,708.0,510550,sh,中证500ETF方正富邦
2024-07-09,1.212,1.225,1.233,1.202,1128.0,510550,sh,中证500ETF方正富邦
2024-07-10,1.231,1.22,1.234,1.22,1663.0,510550,sh,中证500ETF方正富邦
2024-07-11,1.232,1.247,1.248,1.229,1063.0,510550,sh,中证500ETF方正富邦
2024-07-12,1.241,1.243,1.246,1.241,698.0,510550,sh,中证500ETF方正富邦
2024-07-15,1.243,1.237,1.243,1.231,683.0,510550,sh,中证500ETF方正富邦
2024-07-16,1.231,1.236,1.236,1.228,178.0,510550,sh,中证500ETF方正富邦
2024-07-17,1.233,1.231,1.233,1.225,653.0,510550,sh,中证500ETF方正富邦
2024-07-18,1.219,1.226,1.228,1.215,161.0,510550,sh,中证500ETF方正富邦
2024-07-19,1.22,1.229,1.235,1.22,218.0,510550,sh,中证500ETF方正富邦
2024-07-22,1.233,1.221,1.233,1.221,1275.0,510550,sh,中证500ETF方正富邦
2024-07-23,1.223,1.2,1.224,1.2,1647.0,510550,sh,中证500ETF方正富邦
2024-07-24,1.2,1.182,1.2,1.182,920.0,510550,sh,中证500ETF方正富邦
2024-07-25,1.181,1.181,1.185,1.172,1370.0,510550,sh,中证500ETF方正富邦
2024-07-26,1.189,1.193,1.198,1.189,550.0,510550,sh,中证500ETF方正富邦
2024-07-29,1.194,1.194,1.196,1.194,85.0,510550,sh,中证500ETF方正富邦
2024-07-30,1.183,1.189,1.189,1.178,600.0,510550,sh,中证500ETF方正富邦
2024-07-31,1.19,1.234,1.234,1.19,1983.0,510550,sh,中证500ETF方正富邦
2024-08-01,1.232,1.23,1.245,1.228,2041.0,510550,sh,中证500ETF方正富邦
2024-08-02,1.22,1.213,1.225,1.213,1316.0,510550,sh,中证500ETF方正富邦
2024-08-05,1.217,1.192,1.224,1.19,3983.0,510550,sh,中证500ETF方正富邦
2024-08-06,1.192,1.2,1.203,1.19,534.0,510550,sh,中证500ETF方正富邦
2024-08-07,1.212,1.206,1.212,1.203,105.0,510550,sh,中证500ETF方正富邦
2024-08-08,1.194,1.201,1.205,1.194,34.0,510550,sh,中证500ETF方正富邦
2024-08-09,1.213,1.196,1.213,1.196,364.0,510550,sh,中证500ETF方正富邦
2024-08-12,1.194,1.195,1.197,1.19,327.0,510550,sh,中证500ETF方正富邦
2024-08-13,1.195,1.192,1.195,1.19,138.0,510550,sh,中证500ETF方正富邦
2024-08-14,1.192,1.186,1.192,1.186,101.0,510550,sh,中证500ETF方正富邦
2024-08-15,1.184,1.192,1.197,1.183,2128.0,510550,sh,中证500ETF方正富邦
2024-08-16,1.186,1.184,1.193,1.184,3994.0,510550,sh,中证500ETF方正富邦
2024-08-19,1.186,1.182,1.195,1.181,18411.0,510550,sh,中证500ETF方正富邦
2024-08-20,1.176,1.163,1.176,1.161,10068.0,510550,sh,中证500ETF方正富邦
2024-08-21,1.162,1.16,1.169,1.16,477.0,510550,sh,中证500ETF方正富邦
2024-08-22,1.16,1.149,1.16,1.145,5346.0,510550,sh,中证500ETF方正富邦
2024-08-23,1.145,1.15,1.151,1.138,1981.0,510550,sh,中证500ETF方正富邦
2024-08-26,1.15,1.148,1.152,1.146,3679.0,510550,sh,中证500ETF方正富邦
2024-08-27,1.14,1.139,1.141,1.136,2273.0,510550,sh,中证500ETF方正富邦
2024-08-28,1.14,1.139,1.145,1.133,1172.0,510550,sh,中证500ETF方正富邦
2024-08-29,1.135,1.154,1.157,1.135,8669.0,510550,sh,中证500ETF方正富邦
2024-08-30,1.153,1.175,1.268,1.153,13761.0,510550,sh,中证500ETF方正富邦
2024-09-02,1.175,1.147,1.186,1.147,10866.0,510550,sh,中证500ETF方正富邦
2024-09-03,1.147,1.164,1.165,1.147,4103.0,510550,sh,中证500ETF方正富邦
2024-09-04,1.155,1.16,1.166,1.155,4873.0,510550,sh,中证500ETF方正富邦
2024-09-05,1.162,1.159,1.17,1.159,3178.0,510550,sh,中证500ETF方正富邦
2024-09-06,1.162,1.146,1.166,1.146,4323.0,510550,sh,中证500ETF方正富邦
2024-09-09,1.144,1.136,1.149,1.136,5560.0,510550,sh,中证500ETF方正富邦
2024-09-10,1.136,1.138,1.145,1.122,9947.0,510550,sh,中证500ETF方正富邦
2024-09-11,1.137,1.142,1.142,1.128,1680.0,510550,sh,中证500ETF方正富邦
2024-09-12,1.15,1.142,1.153,1.142,2401.0,510550,sh,中证500ETF方正富邦
2024-09-13,1.136,1.136,1.138,1.133,5000.0,510550,sh,中证500ETF方正富邦
2024-09-18,1.126,1.133,1.133,1.12,4389.0,510550,sh,中证500ETF方正富邦
2024-09-19,1.144,1.145,1.153,1.125,9803.0,510550,sh,中证500ETF方正富邦
2024-09-20,1.144,1.135,1.144,1.133,4046.0,510550,sh,中证500ETF方正富邦
2024-09-23,1.135,1.142,1.153,1.135,1443.0,510550,sh,中证500ETF方正富邦
2024-09-24,1.153,1.189,1.189,1.142,13364.0,510550,sh,中证500ETF方正富邦
2024-09-25,1.2,1.199,1.307,1.198,9368.0,510550,sh,中证500ETF方正富邦
2024-09-26,1.189,1.245,1.3,1.189,14287.0,510550,sh,中证500ETF方正富邦
2024-09-27,1.245,1.359,1.359,1.245,10630.0,510550,sh,中证500ETF方正富邦
2024-09-30,1.495,1.495,1.495,1.37,70969.0,510550,sh,中证500ETF方正富邦
2024-10-08,1.645,1.576,1.645,1.545,80298.0,510550,sh,中证500ETF方正富邦
2024-10-09,1.497,1.45,1.523,1.418,50647.0,510550,sh,中证500ETF方正富邦
2024-10-10,1.449,1.45,1.484,1.415,28155.0,510550,sh,中证500ETF方正富邦
2024-10-11,1.452,1.401,1.452,1.374,24848.0,510550,sh,中证500ETF方正富邦
2024-10-14,1.412,1.409,1.415,1.37,19524.0,510550,sh,中证500ETF方正富邦
2024-10-15,1.408,1.379,1.423,1.379,6766.0,510550,sh,中证500ETF方正富邦
2024-10-16,1.35,1.38,1.392,1.35,7329.0,510550,sh,中证500ETF方正富邦
2024-10-17,1.39,1.365,1.393,1.365,4492.0,510550,sh,中证500ETF方正富邦
2024-10-18,1.365,1.39,1.443,1.363,21297.0,510550,sh,中证500ETF方正富邦
2024-10-21,1.403,1.436,1.452,1.403,39462.0,510550,sh,中证500ETF方正富邦
2024-10-22,1.434,1.438,1.451,1.422,8749.0,510550,sh,中证500ETF方正富邦
2024-10-23,1.425,1.454,1.47,1.425,5428.0,510550,sh,中证500ETF方正富邦
2024-10-24,1.442,1.441,1.45,1.433,13599.0,510550,sh,中证500ETF方正富邦
2024-10-25,1.448,1.458,1.47,1.427,14124.0,510550,sh,中证500ETF方正富邦
2024-10-28,1.461,1.479,1.479,1.458,10665.0,510550,sh,中证500ETF方正富邦
2024-10-29,1.481,1.466,1.486,1.46,9300.0,510550,sh,中证500ETF方正富邦
2024-10-30,1.464,1.456,1.476,1.453,11417.0,510550,sh,中证500ETF方正富邦
2024-10-31,1.47,1.483,1.492,1.463,23320.0,510550,sh,中证500ETF方正富邦
2024-11-01,1.469,1.468,1.49,1.461,12405.0,510550,sh,中证500ETF方正富邦
2024-11-04,1.471,1.48,1.497,1.471,11381.0,510550,sh,中证500ETF方正富邦
2024-11-05,1.482,1.534,1.537,1.482,32239.0,510550,sh,中证500ETF方正富邦
2024-11-06,1.548,1.53,1.556,1.527,20532.0,510550,sh,中证500ETF方正富邦
2024-11-07,1.526,1.563,1.568,1.504,15290.0,510550,sh,中证500ETF方正富邦
2024-11-08,1.563,1.561,1.595,1.558,27423.0,510550,sh,中证500ETF方正富邦
2024-11-11,1.559,1.585,1.586,1.559,8454.0,510550,sh,中证500ETF方正富邦
2024-11-12,1.585,1.585,1.603,1.557,8848.0,510550,sh,中证500ETF方正富邦
2024-11-13,1.559,1.579,1.579,1.55,14478.0,510550,sh,中证500ETF方正富邦
2024-11-14,1.565,1.521,1.565,1.521,11482.0,510550,sh,中证500ETF方正富邦
2024-11-15,1.522,1.494,1.53,1.488,4399.0,510550,sh,中证500ETF方正富邦
2024-11-18,1.5,1.469,1.508,1.458,9190.0,510550,sh,中证500ETF方正富邦
2024-11-19,1.479,1.483,1.5,1.451,6592.0,510550,sh,中证500ETF方正富邦
2024-11-20,1.483,1.504,1.51,1.482,6471.0,510550,sh,中证500ETF方正富邦
2024-11-21,1.493,1.504,1.51,1.493,3109.0,510550,sh,中证500ETF方正富邦
2024-11-22,1.493,1.446,1.498,1.446,6600.0,510550,sh,中证500ETF方正富邦
2024-11-25,1.448,1.443,1.454,1.425,2703.0,510550,sh,中证500ETF方正富邦
2024-11-26,1.443,1.428,1.45,1.428,5354.0,510550,sh,中证500ETF方正富邦
2024-11-27,1.419,1.458,1.458,1.406,8009.0,510550,sh,中证500ETF方正富邦
2024-11-28,1.45,1.443,1.46,1.443,4714.0,510550,sh,中证500ETF方正富邦
2024-11-29,1.431,1.459,1.477,1.431,4872.0,510550,sh,中证500ETF方正富邦
2024-12-02,1.47,1.481,1.493,1.47,2558.0,510550,sh,中证500ETF方正富邦
2024-12-03,1.488,1.48,1.494,1.475,8019.0,510550,sh,中证500ETF方正富邦
2024-12-04,1.488,1.478,1.488,1.47,2938.0,510550,sh,中证500ETF方正富邦
2024-12-05,1.464,1.476,1.483,1.464,633.0,510550,sh,中证500ETF方正富邦
2024-12-06,1.48,1.5,1.505,1.479,11381.0,510550,sh,中证500ETF方正富邦
2024-12-09,1.5,1.488,1.505,1.483,8796.0,510550,sh,中证500ETF方正富邦
2024-12-10,1.502,1.502,1.535,1.497,14047.0,510550,sh,中证500ETF方正富邦
2024-12-11,1.502,1.516,1.517,1.502,2329.0,510550,sh,中证500ETF方正富邦
2024-12-12,1.516,1.53,1.531,1.512,8966.0,510550,sh,中证500ETF方正富邦
2024-12-13,1.523,1.507,1.523,1.503,6315.0,510550,sh,中证500ETF方正富邦
2024-12-16,1.497,1.48,1.5,1.476,2221.0,510550,sh,中证500ETF方正富邦
2024-12-17,1.474,1.469,1.486,1.467,3199.0,510550,sh,中证500ETF方正富邦
2024-12-18,1.481,1.472,1.485,1.47,17703.0,510550,sh,中证500ETF方正富邦
2024-12-19,1.463,1.475,1.483,1.459,3170.0,510550,sh,中证500ETF方正富邦
2024-12-20,1.482,1.478,1.49,1.476,2054.0,510550,sh,中证500ETF方正富邦
2024-12-23,1.487,1.465,1.491,1.462,6310.0,510550,sh,中证500ETF方正富邦
2024-12-24,1.478,1.478,1.478,1.455,3042.0,510550,sh,中证500ETF方正富邦
2024-12-25,1.48,1.46,1.486,1.458,4391.0,510550,sh,中证500ETF方正富邦
2024-12-26,1.462,1.476,1.478,1.462,3990.0,510550,sh,中证500ETF方正富邦
2024-12-27,1.476,1.486,1.497,1.476,7316.0,510550,sh,中证500ETF方正富邦
2024-12-30,1.473,1.48,1.488,1.473,4148.0,510550,sh,中证500ETF方正富邦
2024-12-31,1.473,1.44,1.474,1.437,16733.0,510550,sh,中证500ETF方正富邦
2025-01-02,1.43,1.382,1.449,1.381,6660.0,510550,sh,中证500ETF方正富邦
2025-01-03,1.395,1.364,1.399,1.364,4251.0,510550,sh,中证500ETF方正富邦
2025-01-06,1.361,1.366,1.388,1.355,5349.0,510550,sh,中证500ETF方正富邦
2025-01-07,1.37,1.375,1.376,1.356,4463.0,510550,sh,中证500ETF方正富邦
2025-01-08,1.371,1.368,1.381,1.343,14861.0,510550,sh,中证500ETF方正富邦
2025-01-09,1.368,1.377,1.379,1.365,11571.0,510550,sh,中证500ETF方正富邦
2025-01-10,1.365,1.352,1.376,1.347,5613.0,510550,sh,中证500ETF方正富邦
2025-01-13,1.338,1.35,1.356,1.338,3804.0,510550,sh,中证500ETF方正富邦
2025-01-14,1.356,1.397,1.433,1.354,24334.0,510550,sh,中证500ETF方正富邦
2025-01-15,1.388,1.385,1.4,1.384,17404.0,510550,sh,中证500ETF方正富邦
2025-01-16,1.395,1.387,1.414,1.38,3325.0,510550,sh,中证500ETF方正富邦
2025-01-17,1.387,1.404,1.414,1.387,4428.0,510550,sh,中证500ETF方正富邦
2025-01-20,1.406,1.411,1.42,1.404,15168.0,510550,sh,中证500ETF方正富邦
2025-01-21,1.412,1.415,1.417,1.401,6284.0,510550,sh,中证500ETF方正富邦
2025-01-22,1.401,1.403,1.406,1.4,7414.0,510550,sh,中证500ETF方正富邦
2025-01-23,1.417,1.402,1.433,1.4,1795.0,510550,sh,中证500ETF方正富邦
2025-01-24,1.404,1.414,1.42,1.402,5977.0,510550,sh,中证500ETF方正富邦
2025-01-27,1.413,1.403,1.423,1.403,7355.0,510550,sh,中证500ETF方正富邦
2025-02-05,1.408,1.409,1.411,1.403,4377.0,510550,sh,中证500ETF方正富邦
2025-02-06,1.416,1.446,1.448,1.409,15656.0,510550,sh,中证500ETF方正富邦
2025-02-07,1.446,1.46,1.478,1.443,32866.0,510550,sh,中证500ETF方正富邦
2025-02-10,1.455,1.475,1.475,1.446,8363.0,510550,sh,中证500ETF方正富邦
2025-02-11,1.473,1.47,1.476,1.46,26289.0,510550,sh,中证500ETF方正富邦
2025-02-12,1.473,1.479,1.488,1.468,28366.0,510550,sh,中证500ETF方正富邦
2025-02-13,1.479,1.477,1.493,1.475,33415.0,510550,sh,中证500ETF方正富邦
2025-02-14,1.483,1.49,1.491,1.474,14441.0,510550,sh,中证500ETF方正富邦
2025-02-17,1.479,1.491,1.499,1.478,1990.0,510550,sh,中证500ETF方正富邦
2025-02-18,1.49,1.465,1.49,1.45,6454.0,510550,sh,中证500ETF方正富邦
2025-02-19,1.466,1.488,1.488,1.464,6024.0,510550,sh,中证500ETF方正富邦
2025-02-20,1.489,1.495,1.499,1.481,8140.0,510550,sh,中证500ETF方正富邦
2025-02-21,1.501,1.508,1.517,1.486,35266.0,510550,sh,中证500ETF方正富邦
2025-02-24,1.52,1.515,1.52,1.495,46674.0,510550,sh,中证500ETF方正富邦
2025-02-25,1.514,1.5,1.529,1.491,14136.0,510550,sh,中证500ETF方正富邦
2025-02-26,1.5,1.508,1.515,1.499,4030.0,510550,sh,中证500ETF方正富邦
2025-02-27,1.514,1.506,1.514,1.49,923.0,510550,sh,中证500ETF方正富邦
2025-02-28,1.51,1.471,1.51,1.47,14134.0,510550,sh,中证500ETF方正富邦
2025-03-03,1.46,1.494,1.498,1.46,22779.0,510550,sh,中证500ETF方正富邦
2025-03-04,1.466,1.483,1.494,1.463,21857.0,510550,sh,中证500ETF方正富邦
2025-03-05,1.483,1.484,1.489,1.472,5053.0,510550,sh,中证500ETF方正富邦
2025-03-06,1.498,1.508,1.516,1.49,15896.0,510550,sh,中证500ETF方正富邦
2025-03-07,1.509,1.5,1.516,1.5,20437.0,510550,sh,中证500ETF方正富邦
2025-03-10,1.5,1.506,1.513,1.492,35524.0,510550,sh,中证500ETF方正富邦
2025-03-11,1.506,1.507,1.507,1.491,11634.0,510550,sh,中证500ETF方正富邦
2025-03-12,1.508,1.514,1.522,1.505,4397.0,510550,sh,中证500ETF方正富邦
2025-03-13,1.511,1.491,1.511,1.487,8357.0,510550,sh,中证500ETF方正富邦
2025-03-14,1.495,1.516,1.523,1.492,8504.0,510550,sh,中证500ETF方正富邦
2025-03-17,1.527,1.525,1.529,1.519,567.0,510550,sh,中证500ETF方正富邦
2025-03-18,1.525,1.524,1.537,1.524,5145.0,510550,sh,中证500ETF方正富邦
2025-03-19,1.53,1.517,1.53,1.516,4624.0,510550,sh,中证500ETF方正富邦
2025-03-20,1.531,1.518,1.534,1.503,4635.0,510550,sh,中证500ETF方正富邦
2025-03-21,1.509,1.497,1.517,1.49,13515.0,510550,sh,中证500ETF方正富邦
2025-03-24,1.494,1.488,1.494,1.473,924.0,510550,sh,中证500ETF方正富邦
2025-03-25,1.502,1.485,1.537,1.483,2299.0,510550,sh,中证500ETF方正富邦
2025-03-26,1.472,1.488,1.492,1.472,416.0,510550,sh,中证500ETF方正富邦
2025-03-27,1.474,1.489,1.495,1.474,20378.0,510550,sh,中证500ETF方正富邦
2025-03-28,1.48,1.484,1.491,1.474,475.0,510550,sh,中证500ETF方正富邦
2025-03-31,1.469,1.467,1.473,1.45,19142.0,510550,sh,中证500ETF方正富邦
2025-04-01,1.46,1.471,1.481,1.46,832.0,510550,sh,中证500ETF方正富邦
2025-04-02,1.475,1.478,1.483,1.471,463.0,510550,sh,中证500ETF方正富邦
2025-04-03,1.477,1.459,1.477,1.459,1488.0,510550,sh,中证500ETF方正富邦
2025-04-07,1.45,1.332,1.45,1.32,10770.0,510550,sh,中证500ETF方正富邦
2025-04-08,1.332,1.33,1.345,1.319,4354.0,510550,sh,中证500ETF方正富邦
2025-04-09,1.331,1.362,1.369,1.296,9775.0,510550,sh,中证500ETF方正富邦
2025-04-10,1.375,1.389,1.405,1.362,7248.0,510550,sh,中证500ETF方正富邦
2025-04-11,1.399,1.392,1.408,1.377,4189.0,510550,sh,中证500ETF方正富邦
2025-04-14,1.405,1.413,1.418,1.404,2934.0,510550,sh,中证500ETF方正富邦
2025-04-15,1.403,1.405,1.405,1.395,4289.0,510550,sh,中证500ETF方正富邦
2025-04-16,1.394,1.387,1.395,1.378,3473.0,510550,sh,中证500ETF方正富邦
2025-04-17,1.374,1.395,1.405,1.374,2300.0,510550,sh,中证500ETF方正富邦
2025-04-18,1.395,1.392,1.395,1.385,1998.0,510550,sh,中证500ETF方正富邦
2025-04-21,1.388,1.41,1.41,1.388,1439.0,510550,sh,中证500ETF方正富邦
2025-04-22,1.405,1.407,1.414,1.405,7005.0,510550,sh,中证500ETF方正富邦
2025-04-23,1.42,1.408,1.421,1.408,3578.0,510550,sh,中证500ETF方正富邦
2025-04-24,1.407,1.406,1.408,1.4,289.0,510550,sh,中证500ETF方正富邦
2025-04-25,1.406,1.413,1.42,1.406,1174.0,510550,sh,中证500ETF方正富邦
2025-04-28,1.4,1.398,1.409,1.397,426.0,510550,sh,中证500ETF方正富邦
2025-04-29,1.4,1.406,1.406,1.4,402.0,510550,sh,中证500ETF方正富邦
2025-04-30,1.406,1.409,1.409,1.406,893.0,510550,sh,中证500ETF方正富邦
2025-05-06,1.412,1.434,1.434,1.412,2066.0,510550,sh,中证500ETF方正富邦
2025-05-07,1.448,1.44,1.463,1.42,3939.0,510550,sh,中证500ETF方正富邦
2025-05-08,1.437,1.442,1.445,1.435,2025.0,510550,sh,中证500ETF方正富邦
2025-05-09,1.438,1.435,1.44,1.43,1614.0,510550,sh,中证500ETF方正富邦
2025-05-12,1.421,1.449,1.45,1.421,3260.0,510550,sh,中证500ETF方正富邦
2025-05-13,1.463,1.444,1.463,1.442,1289.0,510550,sh,中证500ETF方正富邦
2025-05-14,1.44,1.447,1.459,1.437,4783.0,510550,sh,中证500ETF方正富邦
2025-05-15,1.436,1.431,1.444,1.428,655.0,510550,sh,中证500ETF方正富邦
2025-05-16,1.432,1.434,1.434,1.428,1873.0,510550,sh,中证500ETF方正富邦
2025-05-19,1.422,1.43,1.43,1.42,176.0,510550,sh,中证500ETF方正富邦
2025-05-20,1.416,1.438,1.442,1.416,1651.0,510550,sh,中证500ETF方正富邦
2025-05-21,1.441,1.436,1.443,1.434,382.0,510550,sh,中证500ETF方正富邦
2025-05-22,1.443,1.428,1.443,1.428,356.0,510550,sh,中证500ETF方正富邦
2025-05-23,1.433,1.416,1.441,1.416,605.0,510550,sh,中证500ETF方正富邦
2025-05-26,1.422,1.424,1.519,1.408,1036.0,510550,sh,中证500ETF方正富邦
2025-05-27,1.413,1.415,1.438,1.412,904.0,510550,sh,中证500ETF方正富邦
2025-05-28,1.428,1.417,1.428,1.409,337.0,510550,sh,中证500ETF方正富邦
2025-05-29,1.43,1.435,1.435,1.428,236.0,510550,sh,中证500ETF方正富邦
2025-05-30,1.422,1.424,1.429,1.415,377.0,510550,sh,中证500ETF方正富邦
2025-06-03,1.412,1.426,1.427,1.412,148.0,510550,sh,中证500ETF方正富邦
2025-06-04,1.433,1.438,1.44,1.433,352.0,510550,sh,中证500ETF方正富邦
2025-06-05,1.435,1.445,1.448,1.435,4723.0,510550,sh,中证500ETF方正富邦
2025-06-06,1.433,1.443,1.453,1.433,2613.0,510550,sh,中证500ETF方正富邦
2025-06-09,1.445,1.46,1.462,1.442,2374.0,510550,sh,中证500ETF方正富邦
2025-06-10,1.461,1.449,1.466,1.436,2396.0,510550,sh,中证500ETF方正富邦
2025-06-11,1.457,1.455,1.462,1.454,1239.0,510550,sh,中证500ETF方正富邦
2025-06-12,1.452,1.456,1.458,1.452,706.0,510550,sh,中证500ETF方正富邦
2025-06-13,1.453,1.442,1.456,1.442,1567.0,510550,sh,中证500ETF方正富邦
2025-06-16,1.442,1.45,1.452,1.442,267.0,510550,sh,中证500ETF方正富邦
2025-06-17,1.447,1.444,1.453,1.444,308.0,510550,sh,中证500ETF方正富邦
2025-06-18,1.444,1.449,1.45,1.436,1457.0,510550,sh,中证500ETF方正富邦
2025-06-19,1.437,1.428,1.448,1.428,1267.0,510550,sh,中证500ETF方正富邦
2025-06-20,1.428,1.427,1.437,1.422,581.0,510550,sh,中证500ETF方正富邦
2025-06-23,1.427,1.436,1.437,1.423,2570.0,510550,sh,中证500ETF方正富邦
2025-06-24,1.436,1.453,1.455,1.422,2261.0,510550,sh,中证500ETF方正富邦
2025-06-25,1.439,1.479,1.48,1.439,4126.0,510550,sh,中证500ETF方正富邦
2025-06-26,1.48,1.478,1.483,1.473,2403.0,510550,sh,中证500ETF方正富邦
2025-06-27,1.464,1.484,1.49,1.464,3737.0,510550,sh,中证500ETF方正富邦
2025-06-30,1.472,1.491,1.492,1.472,2254.0,510550,sh,中证500ETF方正富邦
2025-07-01,1.491,1.495,1.495,1.486,2151.0,510550,sh,中证500ETF方正富邦
2025-07-02,1.495,1.485,1.495,1.483,754.0,510550,sh,中证500ETF方正富邦
2025-07-03,1.498,1.491,1.498,1.485,2728.0,510550,sh,中证500ETF方正富邦
2025-07-04,1.49,1.494,1.505,1.489,1772.0,510550,sh,中证500ETF方正富邦
2025-07-07,1.489,1.487,1.492,1.486,701.0,510550,sh,中证500ETF方正富邦
2025-07-08,1.491,1.506,1.509,1.491,3046.0,510550,sh,中证500ETF方正富邦
2025-07-09,1.507,1.506,1.511,1.5,1901.0,510550,sh,中证500ETF方正富邦
2025-07-10,1.518,1.507,1.518,1.5,1624.0,510550,sh,中证500ETF方正富邦
2025-07-11,1.512,1.519,1.527,1.511,7291.0,510550,sh,中证500ETF方正富邦
2025-07-14,1.504,1.525,1.531,1.411,932.0,510550,sh,中证500ETF方正富邦
2025-07-15,1.524,1.522,1.527,1.508,10514.0,510550,sh,中证500ETF方正富邦
2025-07-16,1.514,1.518,1.53,1.514,881.0,510550,sh,中证500ETF方正富邦
2025-07-17,1.523,1.536,1.536,1.522,2529.0,510550,sh,中证500ETF方正富邦
2025-07-18,1.543,1.539,1.543,1.535,1785.0,510550,sh,中证500ETF方正富邦
2025-07-21,1.553,1.554,1.555,1.544,1170.0,510550,sh,中证500ETF方正富邦
2025-07-22,1.554,1.569,1.569,1.554,1242.0,510550,sh,中证500ETF方正富邦
2025-07-23,1.576,1.565,1.576,1.563,10379.0,510550,sh,中证500ETF方正富邦
2025-07-24,1.565,1.586,1.586,1.565,2002.0,510550,sh,中证500ETF方正富邦
2025-07-25,1.588,1.588,1.59,1.583,1598.0,510550,sh,中证500ETF方正富邦
2025-07-28,1.603,1.594,1.603,1.584,1826.0,510550,sh,中证500ETF方正富邦
2025-07-29,1.596,1.602,1.602,1.585,4154.0,510550,sh,中证500ETF方正富邦
2025-07-30,1.617,1.596,1.617,1.586,5178.0,510550,sh,中证500ETF方正富邦
2025-07-31,1.591,1.57,1.595,1.566,3608.0,510550,sh,中证500ETF方正富邦
2025-08-01,1.582,1.573,1.582,1.56,1117.0,510550,sh,中证500ETF方正富邦
2025-08-04,1.572,1.582,1.582,1.567,1800.0,510550,sh,中证500ETF方正富邦
2025-08-05,1.567,1.59,1.592,1.567,3851.0,510550,sh,中证500ETF方正富邦
2025-08-06,1.578,1.599,1.601,1.578,7744.0,510550,sh,中证500ETF方正富邦
2025-08-07,1.591,1.602,1.61,1.588,4261.0,510550,sh,中证500ETF方正富邦
2025-08-08,1.588,1.594,1.601,1.588,3082.0,510550,sh,中证500ETF方正富邦
2025-08-11,1.599,1.613,1.616,1.599,4453.0,510550,sh,中证500ETF方正富邦
2025-08-12,1.628,1.615,1.628,1.606,2487.0,510550,sh,中证500ETF方正富邦
2025-08-13,1.627,1.641,1.642,1.622,3608.0,510550,sh,中证500ETF方正富邦
2025-08-14,1.65,1.626,1.65,1.619,6302.0,510550,sh,中证500ETF方正富邦
2025-08-15,1.61,1.67,1.672,1.61,6553.0,510550,sh,中证500ETF方正富邦
2025-08-18,1.66,1.68,1.699,1.658,8637.0,510550,sh,中证500ETF方正富邦
2025-08-19,1.692,1.68,1.692,1.67,10476.0,510550,sh,中证500ETF方正富邦
2025-08-20,1.664,1.694,1.694,1.661,9088.0,510550,sh,中证500ETF方正富邦
2025-08-21,1.679,1.693,1.705,1.679,4144.0,510550,sh,中证500ETF方正富邦
2025-08-22,1.697,1.724,1.759,1.695,28251.0,510550,sh,中证500ETF方正富邦
2025-08-25,1.725,1.755,1.77,1.713,8835.0,510550,sh,中证500ETF方正富邦
2025-08-26,1.755,1.753,1.765,1.728,5300.0,510550,sh,中证500ETF方正富邦
2025-08-27,1.753,1.732,1.777,1.709,8821.0,510550,sh,中证500ETF方正富邦
2025-08-28,1.731,1.768,1.769,1.72,7347.0,510550,sh,中证500ETF方正富邦
2025-08-29,1.778,1.77,1.782,1.755,3158.0,510550,sh,中证500ETF方正富邦
2025-09-01,1.77,1.78,1.787,1.77,2683.0,510550,sh,中证500ETF方正富邦
2025-09-02,1.782,1.759,1.788,1.744,4231.0,510550,sh,中证500ETF方正富邦
2025-09-03,1.759,1.735,1.759,1.714,5236.0,510550,sh,中证500ETF方正富邦
2025-09-04,1.739,1.696,1.741,1.679,7830.0,510550,sh,中证500ETF方正富邦
2025-09-05,1.68,1.742,1.777,1.68,6888.0,510550,sh,中证500ETF方正富邦
2025-09-08,1.747,1.762,1.762,1.728,6328.0,510550,sh,中证500ETF方正富邦
2025-09-09,1.75,1.748,1.765,1.737,3264.0,510550,sh,中证500ETF方正富邦
2025-09-10,1.754,1.746,1.758,1.738,1240.0,510550,sh,中证500ETF方正富邦
2025-09-11,1.737,1.798,1.798,1.737,9447.0,510550,sh,中证500ETF方正富邦
2025-09-12,1.795,1.796,1.807,1.783,3772.0,510550,sh,中证500ETF方正富邦
2025-09-15,1.812,1.797,1.812,1.795,3876.0,510550,sh,中证500ETF方正富邦
2025-09-16,1.797,1.808,1.813,1.78,4490.0,510550,sh,中证500ETF方正富邦
2025-09-17,1.806,1.823,1.83,1.802,2922.0,510550,sh,中证500ETF方正富邦
2025-09-18,1.824,1.814,1.858,1.799,9953.0,510550,sh,中证500ETF方正富邦
2025-09-19,1.817,1.81,1.823,1.8,2381.0,510550,sh,中证500ETF方正富邦
2025-09-22,1.81,1.821,1.821,1.804,8692.0,510550,sh,中证500ETF方正富邦
2025-09-23,1.822,1.797,1.822,1.779,5640.0,510550,sh,中证500ETF方正富邦
2025-09-24,1.813,1.844,1.845,1.8,9562.0,510550,sh,中证500ETF方正富邦
2025-09-25,1.844,1.836,1.859,1.836,1474.0,510550,sh,中证500ETF方正富邦
2025-09-26,1.834,1.826,1.853,1.823,9300.0,510550,sh,中证500ETF方正富邦
2025-09-29,1.828,1.851,1.857,1.814,5693.0,510550,sh,中证500ETF方正富邦
2025-09-30,1.851,1.863,1.87,1.851,12185.0,510550,sh,中证500ETF方正富邦
2025-10-09,1.87,1.907,1.981,1.87,56423.0,510550,sh,中证500ETF方正富邦
2025-10-10,1.907,1.86,1.907,1.86,16846.0,510550,sh,中证500ETF方正富邦
2025-10-13,1.802,1.86,1.987,1.748,11152.0,510550,sh,中证500ETF方正富邦
2025-10-14,1.86,1.818,1.877,1.808,25247.0,510550,sh,中证500ETF方正富邦
2025-10-15,1.828,1.843,1.844,1.806,6289.0,510550,sh,中证500ETF方正富邦
2025-10-16,1.837,1.825,1.849,1.818,3027.0,510550,sh,中证500ETF方正富邦
2025-10-17,1.826,1.776,1.843,1.773,3479.0,510550,sh,中证500ETF方正富邦
2025-10-20,1.793,1.777,1.8,1.772,5316.0,510550,sh,中证500ETF方正富邦
2025-10-21,1.788,1.826,1.826,1.788,5343.0,510550,sh,中证500ETF方正富邦
2025-10-22,1.827,1.8,1.827,1.791,6067.0,510550,sh,中证500ETF方正富邦
2025-10-23,1.831,1.826,1.831,1.775,4979.0,510550,sh,中证500ETF方正富邦
2025-10-24,1.803,1.828,1.831,1.803,9152.0,510550,sh,中证500ETF方正富邦
2025-10-27,1.835,1.867,1.868,1.835,4464.0,510550,sh,中证500ETF方正富邦
2025-10-28,1.862,1.848,1.867,1.843,6501.0,510550,sh,中证500ETF方正富邦
2025-10-29,1.848,1.886,1.886,1.848,7722.0,510550,sh,中证500ETF方正富邦
2025-10-30,1.881,1.86,1.882,1.86,5078.0,510550,sh,中证500ETF方正富邦
2025-10-31,1.86,1.846,1.869,1.846,4597.0,510550,sh,中证500ETF方正富邦
2025-11-03,1.833,1.85,1.853,1.819,3325.0,510550,sh,中证500ETF方正富邦
2025-11-04,1.85,1.821,1.851,1.81,4901.0,510550,sh,中证500ETF方正富邦
2025-11-05,1.804,1.828,1.828,1.797,1500.0,510550,sh,中证500ETF方正富邦
2025-11-06,1.83,1.854,1.855,1.829,6104.0,510550,sh,中证500ETF方正富邦
2025-11-07,1.836,1.852,1.859,1.836,3208.0,510550,sh,中证500ETF方正富邦
2025-11-10,1.852,1.842,1.863,1.838,4178.0,510550,sh,中证500ETF方正富邦
2025-11-11,1.855,1.836,1.868,1.836,3242.0,510550,sh,中证500ETF方正富邦
2025-11-12,1.826,1.828,1.843,1.818,2271.0,510550,sh,中证500ETF方正富邦
2025-11-13,1.828,1.85,1.857,1.828,3959.0,510550,sh,中证500ETF方正富邦
2025-11-14,1.84,1.829,1.845,1.817,1005.0,510550,sh,中证500ETF方正富邦
2025-11-17,1.829,1.822,1.831,1.813,2333.0,510550,sh,中证500ETF方正富邦
2025-11-18,1.82,1.803,1.82,1.796,1275.0,510550,sh,中证500ETF方正富邦
2025-11-19,1.799,1.797,1.82,1.787,875.0,510550,sh,中证500ETF方正富邦
2025-11-20,1.801,1.786,1.806,1.781,1190.0,510550,sh,中证500ETF方正富邦
2025-11-21,1.769,1.731,1.786,1.723,18094.0,510550,sh,中证500ETF方正富邦
2025-11-24,1.732,1.736,1.755,1.72,11862.0,510550,sh,中证500ETF方正富邦
2025-11-25,1.746,1.755,1.772,1.741,7384.0,510550,sh,中证500ETF方正富邦
2025-11-26,1.755,1.762,1.773,1.755,1859.0,510550,sh,中证500ETF方正富邦
2025-11-27,1.745,1.751,1.783,1.745,2629.0,510550,sh,中证500ETF方正富邦
2025-11-28,1.756,1.779,1.78,1.755,1978.0,510550,sh,中证500ETF方正富邦
2025-12-01,1.78,1.787,1.793,1.78,4919.0,510550,sh,中证500ETF方正富邦
2025-12-02,1.783,1.774,1.786,1.771,6887.0,510550,sh,中证500ETF方正富邦
2025-12-03,1.779,1.77,1.781,1.765,1558.0,510550,sh,中证500ETF方正富邦
2025-12-04,1.769,1.764,1.781,1.756,3221.0,510550,sh,中证500ETF方正富邦
2025-12-05,1.776,1.779,1.794,1.755,1762.0,510550,sh,中证500ETF方正富邦
2025-12-08,1.796,1.81,1.814,1.796,2721.0,510550,sh,中证500ETF方正富邦
2025-12-09,1.81,1.793,1.815,1.793,1983.0,510550,sh,中证500ETF方正富邦
2025-12-10,1.793,1.81,1.81,1.788,1806.0,510550,sh,中证500ETF方正富邦
2025-12-11,1.811,1.79,1.811,1.79,246.0,510550,sh,中证500ETF方正富邦
2025-12-12,1.784,1.807,1.816,1.782,1067.0,510550,sh,中证500ETF方正富邦
2025-12-15,1.798,1.806,1.816,1.798,188.0,510550,sh,中证500ETF方正富邦
2025-12-16,1.792,1.778,1.792,1.764,6071.0,510550,sh,中证500ETF方正富邦
2025-12-17,1.775,1.796,1.815,1.772,6462.0,510550,sh,中证500ETF方正富邦
2025-12-18,1.806,1.801,1.818,1.801,3689.0,510550,sh,中证500ETF方正富邦
2025-12-19,1.799,1.821,1.835,1.799,4291.0,510550,sh,中证500ETF方正富邦
2025-12-22,1.821,1.838,1.843,1.821,3122.0,510550,sh,中证500ETF方正富邦
2025-12-23,1.88,1.85,1.898,1.8,3242.0,510550,sh,中证500ETF方正富邦
2025-12-24,1.832,1.863,1.866,1.832,4083.0,510550,sh,中证500ETF方正富邦
2025-12-25,1.849,1.879,1.88,1.849,2270.0,510550,sh,中证500ETF方正富邦
2025-12-26,1.879,1.88,1.894,1.875,3277.0,510550,sh,中证500ETF方正富邦
2025-12-29,1.893,1.887,1.897,1.875,5000.0,510550,sh,中证500ETF方正富邦
2025-12-30,1.884,1.892,1.898,1.869,2939.0,510550,sh,中证500ETF方正富邦
2025-12-31,1.883,1.893,1.9,1.883,2132.0,510550,sh,中证500ETF方正富邦
2026-01-05,1.88,1.936,1.936,1.88,5097.0,510550,sh,中证500ETF方正富邦
2026-01-06,1.93,1.971,1.978,1.93,9259.0,510550,sh,中证500ETF方正富邦
2026-01-07,1.975,1.984,2.002,1.975,10459.0,510550,sh,中证500ETF方正富邦
2026-01-08,1.984,2.0,2.011,1.98,7917.0,510550,sh,中证500ETF方正富邦
2026-01-09,2.0,2.044,2.125,2.0,15677.0,510550,sh,中证500ETF方正富邦
2026-01-12,2.048,2.093,2.112,2.044,10934.0,510550,sh,中证500ETF方正富邦
2026-01-13,2.075,2.06,2.099,2.053,9845.0,510550,sh,中证500ETF方正富邦
2026-01-14,2.06,2.085,2.15,2.06,17460.0,510550,sh,中证500ETF方正富邦
2026-01-15,2.065,2.081,2.084,2.06,16020.0,510550,sh,中证500ETF方正富邦
2026-01-16,2.071,2.086,2.102,2.071,13626.0,510550,sh,中证500ETF方正富邦
2026-01-19,2.102,2.099,2.106,2.067,4820.0,510550,sh,中证500ETF方正富邦
2026-01-20,2.119,2.087,2.119,2.06,4669.0,510550,sh,中证500ETF方正富邦
2026-01-21,2.094,2.103,2.116,2.088,6301.0,510550,sh,中证500ETF方正富邦
2026-01-22,2.124,2.113,2.143,2.107,3290.0,510550,sh,中证500ETF方正富邦
2026-01-23,2.134,2.18,2.18,2.134,7549.0,510550,sh,中证500ETF方正富邦
2026-01-26,2.187,2.167,2.26,2.158,11102.0,510550,sh,中证500ETF方正富邦
2026-01-27,2.155,2.174,2.187,2.126,9896.0,510550,sh,中证500ETF方正富邦
2026-01-28,2.187,2.182,2.187,2.157,12700.0,510550,sh,中证500ETF方正富邦
2026-01-29,2.185,2.165,2.19,2.15,10744.0,510550,sh,中证500ETF方正富邦
2026-01-30,2.144,2.12,2.155,2.073,14909.0,510550,sh,中证500ETF方正富邦
2026-02-02,2.099,2.037,2.111,2.027,10893.0,510550,sh,中证500ETF方正富邦
2026-02-03,2.03,2.091,2.1,2.03,7519.0,510550,sh,中证500ETF方正富邦
2026-02-04,2.081,2.091,2.102,2.072,5484.0,510550,sh,中证500ETF方正富邦
2026-02-05,2.082,2.061,2.085,2.05,5183.0,510550,sh,中证500ETF方正富邦
2026-02-06,2.056,2.062,2.09,2.036,3433.0,510550,sh,中证500ETF方正富邦
2026-02-09,2.095,2.109,2.109,2.08,9356.0,510550,sh,中证500ETF方正富邦
2026-02-10,2.091,2.109,2.115,2.091,4436.0,510550,sh,中证500ETF方正富邦
2026-02-11,2.108,2.109,2.12,2.085,3055.0,510550,sh,中证500ETF方正富邦
2026-02-12,2.09,2.136,2.138,2.09,2913.0,510550,sh,中证500ETF方正富邦
2026-02-13,2.137,2.109,2.137,2.102,8825.0,510550,sh,中证500ETF方正富邦
2026-02-24,2.125,2.128,2.14,2.11,5159.0,510550,sh,中证500ETF方正富邦
2026-02-25,2.128,2.161,2.166,2.128,3865.0,510550,sh,中证500ETF方正富邦
2026-02-26,2.161,2.171,2.173,2.146,4246.0,510550,sh,中证500ETF方正富邦
2026-02-27,2.16,2.193,2.193,2.16,4102.0,510550,sh,中证500ETF方正富邦
2026-03-02,2.189,2.185,2.203,2.17,3364.0,510550,sh,中证500ETF方正富邦
2026-03-03,2.2,2.099,2.206,2.097,11860.0,510550,sh,中证500ETF方正富邦
2026-03-04,2.095,2.099,2.151,2.079,22317.0,510550,sh,中证500ETF方正富邦
2026-03-05,2.111,2.105,2.13,2.096,49257.0,510550,sh,中证500ETF方正富邦
2026-03-06,2.084,2.116,2.128,2.083,4735.0,510550,sh,中证500ETF方正富邦
2026-03-09,2.094,2.101,2.102,2.042,12192.0,510550,sh,中证500ETF方正富邦
2026-03-10,2.101,2.129,2.135,2.101,8954.0,510550,sh,中证500ETF方正富邦
2026-03-11,2.13,2.13,2.149,2.118,15543.0,510550,sh,中证500ETF方正富邦
2026-03-12,2.121,2.118,2.137,2.1,3492.0,510550,sh,中证500ETF方正富邦
2026-03-13,2.107,2.09,2.12,2.086,8493.0,510550,sh,中证500ETF方正富邦
2026-03-16,2.086,2.08,2.086,2.043,10299.0,510550,sh,中证500ETF方正富邦
2026-03-17,2.08,2.03,2.094,2.03,4415.0,510550,sh,中证500ETF方正富邦
2026-03-18,2.048,2.053,2.054,2.016,2886.0,510550,sh,中证500ETF方正富邦
2026-03-19,2.023,1.999,2.041,1.993,10851.0,510550,sh,中证500ETF方正富邦
2026-03-20,1.997,1.97,2.017,1.967,10246.0,510550,sh,中证500ETF方正富邦
2026-03-23,1.926,1.894,1.98,1.893,11454.0,510550,sh,中证500ETF方正富邦
2026-03-24,1.902,1.93,1.936,1.877,12000.0,510550,sh,中证500ETF方正富邦
2026-03-25,1.943,1.969,1.981,1.943,14538.0,510550,sh,中证500ETF方正富邦
2026-03-26,1.974,1.941,1.979,1.93,10170.0,510550,sh,中证500ETF方正富邦
2026-03-27,1.922,1.963,1.979,1.898,8368.0,510550,sh,中证500ETF方正富邦
2026-03-30,1.952,1.969,1.98,1.929,5570.0,510550,sh,中证500ETF方正富邦
2026-03-31,1.95,1.932,1.975,1.932,3618.0,510550,sh,中证500ETF方正富邦
2026-04-01,1.957,1.97,2.004,1.95,3728.0,510550,sh,中证500ETF方正富邦
2026-04-02,1.971,1.93,1.971,1.919,4267.0,510550,sh,中证500ETF方正富邦
2026-04-03,1.912,1.913,1.948,1.908,4128.0,510550,sh,中证500ETF方正富邦
2026-04-07,1.915,1.915,1.935,1.91,2975.0,510550,sh,中证500ETF方正富邦
2026-04-08,1.934,2.017,2.017,1.934,15953.0,510550,sh,中证500ETF方正富邦
2026-04-09,1.997,2.003,2.015,1.98,10325.0,510550,sh,中证500ETF方正富邦
2026-04-10,2.003,2.02,2.047,2.003,5729.0,510550,sh,中证500ETF方正富邦
2026-04-13,2.012,2.023,2.028,2.0,3343.0,510550,sh,中证500ETF方正富邦
2026-04-14,2.036,2.055,2.055,2.031,3065.0,510550,sh,中证500ETF方正富邦
2026-04-15,2.04,2.038,2.078,2.033,5859.0,510550,sh,中证500ETF方正富邦
2026-04-16,2.041,2.078,2.078,2.033,4940.0,510550,sh,中证500ETF方正富邦
2026-04-17,2.078,2.085,2.085,2.058,4297.0,510550,sh,中证500ETF方正富邦
2026-04-20,2.105,2.108,2.108,2.072,4662.0,510550,sh,中证500ETF方正富邦
2026-04-21,2.107,2.096,2.107,2.076,3576.0,510550,sh,中证500ETF方正富邦
2026-04-22,2.076,2.115,2.122,2.076,3914.0,510550,sh,中证500ETF方正富邦
2026-04-23,2.125,2.108,2.136,2.081,5737.0,510550,sh,中证500ETF方正富邦
2026-04-24,2.087,2.099,2.109,2.068,7686.0,510550,sh,中证500ETF方正富邦
2026-04-27,2.1,2.101,2.111,2.096,2575.0,510550,sh,中证500ETF方正富邦
2026-04-28,2.101,2.085,2.101,2.071,2707.0,510550,sh,中证500ETF方正富邦
2026-04-29,2.102,2.117,2.121,2.069,5858.0,510550,sh,中证500ETF方正富邦
2026-04-30,2.103,2.124,2.125,2.103,7663.0,510550,sh,中证500ETF方正富邦
2026-05-06,2.118,2.185,2.19,2.118,14158.0,510550,sh,中证500ETF方正富邦
2026-05-07,2.185,2.203,2.209,2.158,4097.0,510550,sh,中证500ETF方正富邦
2026-05-08,2.203,2.206,2.209,2.185,4344.0,510550,sh,中证500ETF方正富邦
2026-05-11,2.223,2.25,2.256,2.217,14395.0,510550,sh,中证500ETF方正富邦
2026-05-12,2.25,2.236,2.25,2.216,6420.0,510550,sh,中证500ETF方正富邦
2026-05-13,2.228,2.265,2.265,2.21,6631.0,510550,sh,中证500ETF方正富邦
2026-05-14,2.247,2.208,2.286,2.2,10623.0,510550,sh,中证500ETF方正富邦
2026-05-15,2.208,2.176,2.23,2.155,7501.0,510550,sh,中证500ETF方正富邦
2026-05-18,2.176,2.177,2.187,2.154,12374.0,510550,sh,中证500ETF方正富邦
2026-05-19,2.177,2.189,2.198,2.135,8798.0,510550,sh,中证500ETF方正富邦
2026-05-20,2.168,2.199,2.205,2.168,17888.0,510550,sh,中证500ETF方正富邦
2026-05-21,2.203,2.143,2.235,2.138,11889.0,510550,sh,中证500ETF方正富邦
2026-05-22,2.127,2.185,2.187,2.127,7488.0,510550,sh,中证500ETF方正富邦
2026-05-25,2.185,2.215,2.217,2.168,8455.0,510550,sh,中证500ETF方正富邦
2026-05-26,2.193,2.202,2.235,2.168,6672.0,510550,sh,中证500ETF方正富邦
2026-05-27,2.2,2.175,2.222,2.159,7926.0,510550,sh,中证500ETF方正富邦
2026-05-28,2.154,2.186,2.188,2.149,9938.0,510550,sh,中证500ETF方正富邦
2026-05-29,2.17,2.132,2.188,2.12,8744.0,510550,sh,中证500ETF方正富邦
2026-06-01,2.126,2.103,2.153,2.099,10490.0,510550,sh,中证500ETF方正富邦
2026-06-02,2.092,2.12,2.138,2.075,6150.0,510550,sh,中证500ETF方正富邦
2026-06-03,2.12,2.134,2.156,2.106,6238.0,510550,sh,中证500ETF方正富邦
2026-06-04,2.113,2.135,2.155,2.112,8293.0,510550,sh,中证500ETF方正富邦
2026-06-05,2.122,2.105,2.141,2.095,6353.0,510550,sh,中证500ETF方正富邦
2026-06-08,2.105,2.03,2.11,2.011,8249.0,510550,sh,中证500ETF方正富邦
2026-06-09,2.041,2.086,2.088,2.033,4899.0,510550,sh,中证500ETF方正富邦
2026-06-10,2.078,2.056,2.086,2.032,4815.0,510550,sh,中证500ETF方正富邦
2026-06-11,2.036,2.053,2.066,2.036,3005.0,510550,sh,中证500ETF方正富邦
2026-06-12,2.067,2.072,2.106,2.067,9668.0,510550,sh,中证500ETF方正富邦
2026-06-15,2.073,2.16,2.16,2.073,7357.0,510550,sh,中证500ETF方正富邦
2026-06-16,2.16,2.185,2.187,2.139,10610.0,510550,sh,中证500ETF方正富邦
2026-06-17,2.165,2.207,2.207,2.165,7291.0,510550,sh,中证500ETF方正富邦
2026-06-18,2.186,2.223,2.23,2.186,4395.0,510550,sh,中证500ETF方正富邦
2026-06-22,2.223,2.266,2.303,2.205,8414.0,510550,sh,中证500ETF方正富邦
2026-06-23,2.251,2.228,2.287,2.203,5700.0,510550,sh,中证500ETF方正富邦
2026-06-24,2.206,2.261,2.272,2.204,5030.0,510550,sh,中证500ETF方正富邦
2026-06-25,2.261,2.279,2.286,2.253,7329.0,510550,sh,中证500ETF方正富邦
2026-06-26,2.279,2.238,2.286,2.22,14299.0,510550,sh,中证500ETF方正富邦
2026-06-29,2.259,2.249,2.266,2.2,3822.0,510550,sh,中证500ETF方正富邦
2026-06-30,2.249,2.304,2.319,2.234,8080.0,510550,sh,中证500ETF方正富邦
2026-07-01,2.303,2.31,2.343,2.291,6635.0,510550,sh,中证500ETF方正富邦
2026-07-02,2.292,2.226,2.302,2.22,13867.0,510550,sh,中证500ETF方正富邦
2026-07-03,2.216,2.24,2.274,2.214,9484.0,510550,sh,中证500ETF方正富邦
