date,open,close,high,low,volume,code,market,name
2020-01-02,99.983,99.984,99.995,99.97,281.0,511860,sh,货币ETF博时
2020-01-03,99.998,100.0,100.0,99.985,419.0,511860,sh,货币ETF博时
2020-01-06,99.985,99.989,99.996,99.983,504.0,511860,sh,货币ETF博时
2020-01-07,99.99,99.997,99.999,99.989,125.0,511860,sh,货币ETF博时
2020-01-08,99.989,99.997,99.997,99.989,236.0,511860,sh,货币ETF博时
2020-01-09,99.991,99.997,99.997,99.991,121.0,511860,sh,货币ETF博时
2020-01-10,99.999,100.006,100.013,99.998,1010.0,511860,sh,货币ETF博时
2020-01-13,99.998,99.996,100.0,99.993,333.0,511860,sh,货币ETF博时
2020-01-14,99.992,99.998,100.095,99.992,310.0,511860,sh,货币ETF博时
2020-01-15,99.993,99.997,100.004,99.993,140.0,511860,sh,货币ETF博时
2020-01-16,99.992,99.999,100.0,99.992,120.0,511860,sh,货币ETF博时
2020-01-17,100.005,100.015,100.015,100.004,456.0,511860,sh,货币ETF博时
2020-01-20,99.969,99.998,100.03,99.969,225.0,511860,sh,货币ETF博时
2020-01-21,99.998,100.008,100.008,99.992,143.0,511860,sh,货币ETF博时
2020-01-22,99.993,100.029,100.029,99.992,219.0,511860,sh,货币ETF博时
2020-01-23,100.074,100.109,100.111,100.05,249.0,511860,sh,货币ETF博时
2020-02-03,99.93,99.979,99.988,99.93,788.0,511860,sh,货币ETF博时
2020-02-04,99.978,99.998,100.0,99.954,406.0,511860,sh,货币ETF博时
2020-02-05,99.975,100.056,100.056,99.975,342.0,511860,sh,货币ETF博时
2020-02-06,100.004,100.008,100.013,100.004,131.0,511860,sh,货币ETF博时
2020-02-07,100.008,100.021,100.021,100.006,235.0,511860,sh,货币ETF博时
2020-02-10,99.987,100.011,100.018,99.985,760.0,511860,sh,货币ETF博时
2020-02-11,99.998,100.008,100.009,99.99,425.0,511860,sh,货币ETF博时
2020-02-12,99.999,100.005,100.005,99.998,50.0,511860,sh,货币ETF博时
2020-02-13,100.0,100.005,100.005,99.993,678.0,511860,sh,货币ETF博时
2020-02-14,100.001,100.01,100.011,100.001,719.0,511860,sh,货币ETF博时
2020-02-17,99.995,99.998,100.006,99.995,169.0,511860,sh,货币ETF博时
2020-02-18,100.003,100.003,100.005,99.993,180.0,511860,sh,货币ETF博时
2020-02-19,99.992,100.003,100.003,99.992,250.0,511860,sh,货币ETF博时
2020-02-20,99.999,100.005,100.005,99.991,316.0,511860,sh,货币ETF博时
2020-02-21,99.963,100.008,100.01,99.963,366.0,511860,sh,货币ETF博时
2020-02-24,99.99,99.999,100.0,99.989,565.0,511860,sh,货币ETF博时
2020-02-25,99.991,99.991,100.08,99.991,557.0,511860,sh,货币ETF博时
2020-02-26,99.995,100.0,100.0,99.991,693.0,511860,sh,货币ETF博时
2020-02-27,100.0,100.0,100.004,99.995,378.0,511860,sh,货币ETF博时
2020-02-28,100.0,100.018,100.018,99.987,897.0,511860,sh,货币ETF博时
2020-03-02,99.991,100.001,100.001,99.991,266.0,511860,sh,货币ETF博时
2020-03-03,99.992,100.002,100.06,99.991,1878.0,511860,sh,货币ETF博时
2020-03-04,99.995,100.0,100.004,99.995,609.0,511860,sh,货币ETF博时
2020-03-05,99.997,100.004,100.005,99.996,889.0,511860,sh,货币ETF博时
2020-03-06,100.003,100.017,100.018,99.995,953.0,511860,sh,货币ETF博时
2020-03-09,100.016,100.013,100.016,99.998,260.0,511860,sh,货币ETF博时
2020-03-10,100.0,100.004,100.005,99.99,541.0,511860,sh,货币ETF博时
2020-03-11,99.996,99.999,100.0,99.99,330.0,511860,sh,货币ETF博时
2020-03-12,99.992,100.0,100.001,99.989,219.0,511860,sh,货币ETF博时
2020-03-13,99.996,100.004,100.005,99.991,898.0,511860,sh,货币ETF博时
2020-03-16,99.982,100.001,100.004,99.982,761.0,511860,sh,货币ETF博时
2020-03-17,100.001,100.005,100.005,99.995,338.0,511860,sh,货币ETF博时
2020-03-18,100.005,100.007,100.015,99.989,270.0,511860,sh,货币ETF博时
2020-03-19,99.99,100.008,100.008,99.99,607.0,511860,sh,货币ETF博时
2020-03-20,100.0,100.011,100.012,99.999,234.0,511860,sh,货币ETF博时
2020-03-23,99.991,100.007,100.008,99.991,152.0,511860,sh,货币ETF博时
2020-03-24,99.996,100.008,100.048,99.996,416.0,511860,sh,货币ETF博时
2020-03-25,99.99,100.002,100.012,99.99,260.0,511860,sh,货币ETF博时
2020-03-26,99.994,100.002,100.011,99.993,148.0,511860,sh,货币ETF博时
2020-03-27,100.004,100.011,100.011,100.003,51.0,511860,sh,货币ETF博时
2020-03-30,99.986,100.004,100.006,99.986,573.0,511860,sh,货币ETF博时
2020-03-31,100.003,100.002,100.005,99.994,339.0,511860,sh,货币ETF博时
2020-04-01,99.999,100.012,100.012,99.999,86.0,511860,sh,货币ETF博时
2020-04-02,100.01,100.014,102.0,99.988,953.0,511860,sh,货币ETF博时
2020-04-03,100.015,100.015,100.023,100.009,237.0,511860,sh,货币ETF博时
2020-04-07,99.981,100.006,100.008,99.981,462.0,511860,sh,货币ETF博时
2020-04-08,99.992,100.006,100.01,99.992,232.0,511860,sh,货币ETF博时
2020-04-09,99.994,100.008,100.009,99.994,206.0,511860,sh,货币ETF博时
2020-04-10,100.007,100.012,100.017,100.004,923.0,511860,sh,货币ETF博时
2020-04-13,99.996,100.005,100.01,99.996,1050.0,511860,sh,货币ETF博时
2020-04-14,100.002,99.999,100.003,99.999,388.0,511860,sh,货币ETF博时
2020-04-15,99.991,100.002,100.007,99.991,235.0,511860,sh,货币ETF博时
2020-04-16,99.992,99.996,100.002,99.992,314.0,511860,sh,货币ETF博时
2020-04-17,99.998,100.006,100.006,99.997,210.0,511860,sh,货币ETF博时
2020-04-20,99.981,100.001,100.001,99.981,225.0,511860,sh,货币ETF博时
2020-04-21,99.991,99.999,99.999,99.991,209.0,511860,sh,货币ETF博时
2020-04-22,99.993,99.996,100.0,99.993,428.0,511860,sh,货币ETF博时
2020-04-23,99.996,99.995,99.998,99.995,177.0,511860,sh,货币ETF博时
2020-04-24,100.001,100.002,100.003,99.996,322.0,511860,sh,货币ETF博时
2020-04-27,99.998,99.998,100.001,99.995,122.0,511860,sh,货币ETF博时
2020-04-28,99.996,99.996,99.998,99.996,247.0,511860,sh,货币ETF博时
2020-04-29,99.995,99.991,99.999,99.988,1306.0,511860,sh,货币ETF博时
2020-04-30,100.0,100.006,100.006,99.993,160.0,511860,sh,货币ETF博时
2020-05-06,100.001,99.985,100.001,99.95,174.0,511860,sh,货币ETF博时
2020-05-07,99.981,99.988,99.99,99.981,240.0,511860,sh,货币ETF博时
2020-05-08,99.99,99.995,100.0,99.99,329.0,511860,sh,货币ETF博时
2020-05-11,99.985,99.993,99.995,99.985,319.0,511860,sh,货币ETF博时
2020-05-12,99.987,99.997,99.998,99.987,81.0,511860,sh,货币ETF博时
2020-05-13,99.998,100.0,100.004,99.998,182.0,511860,sh,货币ETF博时
2020-05-14,99.995,100.0,100.004,99.995,107.0,511860,sh,货币ETF博时
2020-05-15,99.996,100.003,100.003,99.996,165.0,511860,sh,货币ETF博时
2020-05-18,99.991,99.999,100.0,99.991,94.0,511860,sh,货币ETF博时
2020-05-19,99.994,99.999,100.0,99.994,331.0,511860,sh,货币ETF博时
2020-05-20,99.996,100.001,100.001,99.996,25.0,511860,sh,货币ETF博时
2020-05-21,99.999,100.001,100.001,99.998,154.0,511860,sh,货币ETF博时
2020-05-22,99.999,100.002,100.007,99.999,220.0,511860,sh,货币ETF博时
2020-05-25,99.994,100.0,100.0,99.994,206.0,511860,sh,货币ETF博时
2020-05-26,99.993,100.001,100.001,99.988,243.0,511860,sh,货币ETF博时
2020-05-27,99.995,99.993,99.999,99.951,132.0,511860,sh,货币ETF博时
2020-05-28,99.995,99.998,100.376,99.957,794.0,511860,sh,货币ETF博时
2020-05-29,99.997,100.0,100.0,99.997,198.0,511860,sh,货币ETF博时
2020-06-01,99.992,99.997,99.997,99.983,318.0,511860,sh,货币ETF博时
2020-06-02,99.984,99.99,99.994,99.981,125.0,511860,sh,货币ETF博时
2020-06-03,99.993,99.992,100.0,99.989,252.0,511860,sh,货币ETF博时
2020-06-04,99.995,99.997,99.997,99.992,133.0,511860,sh,货币ETF博时
2020-06-05,99.997,100.002,100.004,99.997,455.0,511860,sh,货币ETF博时
2020-06-08,99.981,99.994,100.083,99.981,437.0,511860,sh,货币ETF博时
2020-06-09,99.992,99.997,100.003,99.992,274.0,511860,sh,货币ETF博时
2020-06-10,99.993,99.993,99.998,99.993,197.0,511860,sh,货币ETF博时
2020-06-11,99.995,99.995,99.996,99.992,253.0,511860,sh,货币ETF博时
2020-06-12,99.995,99.998,100.0,99.991,360.0,511860,sh,货币ETF博时
2020-06-15,99.975,99.999,100.026,99.975,167.0,511860,sh,货币ETF博时
2020-06-16,99.96,99.994,100.0,99.96,206.0,511860,sh,货币ETF博时
2020-06-17,99.995,99.997,99.999,99.994,130.0,511860,sh,货币ETF博时
2020-06-18,99.992,99.994,99.996,99.992,259.0,511860,sh,货币ETF博时
2020-06-19,99.996,99.998,99.999,99.994,186.0,511860,sh,货币ETF博时
2020-06-22,99.971,99.989,99.997,99.971,150.0,511860,sh,货币ETF博时
2020-06-23,99.989,100.0,100.0,99.975,89.0,511860,sh,货币ETF博时
2020-06-24,99.995,100.005,100.005,99.995,387.0,511860,sh,货币ETF博时
2020-06-29,99.981,99.975,99.981,99.957,255.0,511860,sh,货币ETF博时
2020-06-30,99.971,99.967,99.975,99.9,625.0,511860,sh,货币ETF博时
2020-07-01,99.963,99.977,99.979,99.956,735.0,511860,sh,货币ETF博时
2020-07-02,99.951,99.977,99.978,99.505,479.0,511860,sh,货币ETF博时
2020-07-03,99.964,99.988,100.075,99.951,403.0,511860,sh,货币ETF博时
2020-07-06,99.966,99.965,99.98,99.945,216.0,511860,sh,货币ETF博时
2020-07-07,99.952,99.981,100.078,99.952,353.0,511860,sh,货币ETF博时
2020-07-08,99.964,99.991,99.997,99.964,813.0,511860,sh,货币ETF博时
2020-07-09,99.991,99.994,99.995,99.985,337.0,511860,sh,货币ETF博时
2020-07-10,99.993,100.004,100.009,99.993,671.0,511860,sh,货币ETF博时
2020-07-13,99.987,99.992,99.995,99.987,255.0,511860,sh,货币ETF博时
2020-07-14,99.982,100.002,100.002,99.982,473.0,511860,sh,货币ETF博时
2020-07-15,99.995,100.003,100.004,99.995,250.0,511860,sh,货币ETF博时
2020-07-16,99.997,99.997,100.003,99.992,176.0,511860,sh,货币ETF博时
2020-07-17,99.997,100.019,100.02,99.997,475.0,511860,sh,货币ETF博时
2020-07-20,99.994,100.008,100.008,99.994,422.0,511860,sh,货币ETF博时
2020-07-21,100.001,99.999,100.005,99.998,156.0,511860,sh,货币ETF博时
2020-07-22,99.997,100.001,100.002,99.993,205.0,511860,sh,货币ETF博时
2020-07-23,99.995,99.999,100.0,99.98,239.0,511860,sh,货币ETF博时
2020-07-24,99.993,100.002,100.068,99.992,337.0,511860,sh,货币ETF博时
2020-07-27,100.008,99.998,100.008,99.991,348.0,511860,sh,货币ETF博时
2020-07-28,99.998,100.003,100.003,99.998,143.0,511860,sh,货币ETF博时
2020-07-29,100.002,99.985,100.002,99.983,352.0,511860,sh,货币ETF博时
2020-07-30,99.979,100.001,100.062,99.977,62.0,511860,sh,货币ETF博时
2020-07-31,99.981,100.004,100.199,99.98,98.0,511860,sh,货币ETF博时
2020-08-03,99.992,99.995,99.997,99.988,120.0,511860,sh,货币ETF博时
2020-08-04,99.998,99.998,100.001,99.993,95.0,511860,sh,货币ETF博时
2020-08-05,99.993,100.003,100.004,99.993,153.0,511860,sh,货币ETF博时
2020-08-06,99.993,99.995,100.003,99.993,128.0,511860,sh,货币ETF博时
2020-08-07,99.998,100.01,100.01,99.998,67.0,511860,sh,货币ETF博时
2020-08-10,99.996,100.0,100.006,99.996,58.0,511860,sh,货币ETF博时
2020-08-11,99.998,100.0,100.003,99.997,62.0,511860,sh,货币ETF博时
2020-08-12,99.994,99.999,100.003,99.968,347.0,511860,sh,货币ETF博时
2020-08-13,99.996,100.001,100.001,99.981,102.0,511860,sh,货币ETF博时
2020-08-14,100.002,100.004,100.007,100.0,153.0,511860,sh,货币ETF博时
2020-08-17,99.995,99.996,100.001,99.988,247.0,511860,sh,货币ETF博时
2020-08-18,99.995,99.994,99.996,99.99,134.0,511860,sh,货币ETF博时
2020-08-19,99.996,99.998,99.998,99.991,142.0,511860,sh,货币ETF博时
2020-08-20,99.992,100.003,100.005,99.992,135.0,511860,sh,货币ETF博时
2020-08-21,99.996,100.1,100.1,99.996,216.0,511860,sh,货币ETF博时
2020-08-24,100.02,100.005,100.02,99.996,172.0,511860,sh,货币ETF博时
2020-08-25,100.0,100.004,100.004,99.994,86.0,511860,sh,货币ETF博时
2020-08-26,99.995,100.0,100.078,99.995,185.0,511860,sh,货币ETF博时
2020-08-27,100.0,100.0,100.077,99.997,63.0,511860,sh,货币ETF博时
2020-08-28,100.002,99.998,100.004,99.995,491.0,511860,sh,货币ETF博时
2020-08-31,99.99,99.993,100.0,99.988,314.0,511860,sh,货币ETF博时
2020-09-01,99.986,99.997,100.075,99.95,152.0,511860,sh,货币ETF博时
2020-09-02,99.996,100.004,100.004,99.996,232.0,511860,sh,货币ETF博时
2020-09-03,100.004,100.004,100.004,99.999,196.0,511860,sh,货币ETF博时
2020-09-04,100.001,100.004,100.004,100.0,119.0,511860,sh,货币ETF博时
2020-09-07,99.998,100.0,100.003,99.995,130.0,511860,sh,货币ETF博时
2020-09-08,99.994,100.002,100.003,99.994,73.0,511860,sh,货币ETF博时
2020-09-09,99.997,100.005,100.009,99.995,178.0,511860,sh,货币ETF博时
2020-09-10,99.996,100.006,100.006,99.995,145.0,511860,sh,货币ETF博时
2020-09-11,100.006,100.009,100.009,100.0,215.0,511860,sh,货币ETF博时
2020-09-14,100.0,100.005,100.007,99.994,189.0,511860,sh,货币ETF博时
2020-09-15,99.825,100.007,100.007,99.825,212.0,511860,sh,货币ETF博时
2020-09-16,99.995,100.002,100.01,99.995,59.0,511860,sh,货币ETF博时
2020-09-17,99.995,100.006,100.007,99.995,122.0,511860,sh,货币ETF博时
2020-09-18,100.003,100.003,100.005,100.003,14.0,511860,sh,货币ETF博时
2020-09-21,99.998,100.0,100.0,99.994,85.0,511860,sh,货币ETF博时
2020-09-22,99.998,99.995,100.0,99.988,40.0,511860,sh,货币ETF博时
2020-09-23,99.995,100.006,100.006,99.994,219.0,511860,sh,货币ETF博时
2020-09-24,99.992,100.003,100.005,99.99,119.0,511860,sh,货币ETF博时
2020-09-25,99.999,100.002,100.006,99.999,116.0,511860,sh,货币ETF博时
2020-09-28,100.0,99.999,100.003,99.988,485.0,511860,sh,货币ETF博时
2020-09-29,99.998,100.04,100.043,99.987,201.0,511860,sh,货币ETF博时
2020-09-30,100.04,100.087,100.088,100.04,158.0,511860,sh,货币ETF博时
2020-10-09,99.991,101.0,101.0,99.99,330.0,511860,sh,货币ETF博时
2020-10-12,99.99,100.0,100.015,99.99,86.0,511860,sh,货币ETF博时
2020-10-13,99.989,99.997,100.186,99.989,193.0,511860,sh,货币ETF博时
2020-10-14,99.997,100.004,100.005,99.997,22.0,511860,sh,货币ETF博时
2020-10-15,100.0,100.007,100.008,100.0,101.0,511860,sh,货币ETF博时
2020-10-16,100.009,100.02,100.059,100.002,57.0,511860,sh,货币ETF博时
2020-10-19,99.99,100.005,100.1,99.99,60.0,511860,sh,货币ETF博时
2020-10-20,100.0,100.01,100.02,100.0,40.0,511860,sh,货币ETF博时
2020-10-21,100.01,100.01,100.01,100.004,21.0,511860,sh,货币ETF博时
2020-10-22,100.0,100.002,100.002,100.0,6.0,511860,sh,货币ETF博时
2020-10-23,100.001,100.006,100.049,100.0,39.0,511860,sh,货币ETF博时
2020-10-26,99.98,99.995,100.04,99.98,134.0,511860,sh,货币ETF博时
2020-10-27,99.993,99.996,99.998,99.993,58.0,511860,sh,货币ETF博时
2020-10-28,99.986,100.006,100.007,99.985,15.0,511860,sh,货币ETF博时
2020-10-29,99.992,100.004,100.004,99.992,122.0,511860,sh,货币ETF博时
2020-10-30,99.999,100.006,100.047,99.999,145.0,511860,sh,货币ETF博时
2020-11-02,99.995,100.002,100.026,99.995,347.0,511860,sh,货币ETF博时
2020-11-03,99.994,100.003,100.004,99.994,153.0,511860,sh,货币ETF博时
2020-11-04,99.996,100.003,100.003,99.995,56.0,511860,sh,货币ETF博时
2020-11-05,99.997,100.004,100.004,99.997,150.0,511860,sh,货币ETF博时
2020-11-06,100.003,100.012,100.012,100.002,355.0,511860,sh,货币ETF博时
2020-11-09,99.998,100.003,100.005,99.998,221.0,511860,sh,货币ETF博时
2020-11-10,99.998,100.004,100.004,99.992,136.0,511860,sh,货币ETF博时
2020-11-11,99.997,100.003,100.02,99.997,261.0,511860,sh,货币ETF博时
2020-11-12,99.998,100.005,100.02,99.997,291.0,511860,sh,货币ETF博时
2020-11-13,100.003,100.005,100.01,99.999,147.0,511860,sh,货币ETF博时
2020-11-16,100.0,100.004,100.004,99.997,296.0,511860,sh,货币ETF博时
2020-11-17,99.998,100.004,100.004,99.998,230.0,511860,sh,货币ETF博时
2020-11-18,99.999,100.004,100.005,99.999,254.0,511860,sh,货币ETF博时
2020-11-19,99.999,100.005,100.019,99.999,21.0,511860,sh,货币ETF博时
2020-11-20,100.045,100.018,100.045,100.003,90.0,511860,sh,货币ETF博时
2020-11-23,99.998,100.002,100.048,99.998,132.0,511860,sh,货币ETF博时
2020-11-24,100.044,100.004,100.044,100.0,110.0,511860,sh,货币ETF博时
2020-11-25,100.0,100.004,100.005,100.0,268.0,511860,sh,货币ETF博时
2020-11-26,100.0,100.002,100.006,100.0,22.0,511860,sh,货币ETF博时
2020-11-27,100.003,100.01,100.011,100.002,179.0,511860,sh,货币ETF博时
2020-11-30,100.012,100.007,100.017,99.981,41.0,511860,sh,货币ETF博时
2020-12-01,100.007,100.005,100.009,100.001,157.0,511860,sh,货币ETF博时
2020-12-02,99.998,100.001,100.005,99.998,65.0,511860,sh,货币ETF博时
2020-12-03,99.999,100.005,100.005,99.999,37.0,511860,sh,货币ETF博时
2020-12-04,100.005,100.008,100.01,100.003,145.0,511860,sh,货币ETF博时
2020-12-07,99.998,100.003,100.003,99.998,123.0,511860,sh,货币ETF博时
2020-12-08,100.0,99.999,100.001,99.999,178.0,511860,sh,货币ETF博时
2020-12-09,99.998,99.997,100.003,99.997,356.0,511860,sh,货币ETF博时
2020-12-10,99.997,100.003,100.003,99.997,320.0,511860,sh,货币ETF博时
2020-12-11,99.999,100.016,100.016,99.999,297.0,511860,sh,货币ETF博时
2020-12-14,99.996,100.0,100.006,99.992,118.0,511860,sh,货币ETF博时
2020-12-15,100.0,100.003,100.004,100.0,97.0,511860,sh,货币ETF博时
2020-12-16,99.998,100.005,100.005,99.997,29.0,511860,sh,货币ETF博时
2020-12-17,99.997,100.005,100.005,99.966,175.0,511860,sh,货币ETF博时
2020-12-18,100.0,100.002,100.003,99.995,43.0,511860,sh,货币ETF博时
2020-12-21,99.986,99.998,99.998,99.986,54.0,511860,sh,货币ETF博时
2020-12-22,99.971,99.991,99.996,99.97,36.0,511860,sh,货币ETF博时
2020-12-23,99.985,99.993,100.002,99.985,23.0,511860,sh,货币ETF博时
2020-12-24,99.983,99.998,99.998,99.983,19.0,511860,sh,货币ETF博时
2020-12-25,99.996,99.995,100.004,99.986,69.0,511860,sh,货币ETF博时
2020-12-28,99.981,99.987,99.994,99.981,42.0,511860,sh,货币ETF博时
2020-12-29,99.968,99.995,99.995,99.967,79.0,511860,sh,货币ETF博时
2020-12-30,99.975,99.995,99.995,99.975,44.0,511860,sh,货币ETF博时
2020-12-31,100.003,100.012,100.013,100.001,454.0,511860,sh,货币ETF博时
2021-01-04,99.985,99.996,99.996,99.985,214.0,511860,sh,货币ETF博时
2021-01-05,99.994,100.0,100.0,99.99,147.0,511860,sh,货币ETF博时
2021-01-06,99.991,99.998,100.001,99.989,112.0,511860,sh,货币ETF博时
2021-01-07,99.991,100.001,100.003,99.991,331.0,511860,sh,货币ETF博时
2021-01-08,100.002,100.005,100.012,100.002,291.0,511860,sh,货币ETF博时
2021-01-11,99.993,99.996,100.0,99.989,174.0,511860,sh,货币ETF博时
2021-01-12,99.996,100.0,100.001,99.992,109.0,511860,sh,货币ETF博时
2021-01-13,99.995,100.0,100.0,99.995,109.0,511860,sh,货币ETF博时
2021-01-14,99.985,99.999,100.003,99.985,192.0,511860,sh,货币ETF博时
2021-01-15,99.997,100.006,100.009,99.997,249.0,511860,sh,货币ETF博时
2021-01-18,99.995,100.0,100.0,99.995,361.0,511860,sh,货币ETF博时
2021-01-19,99.995,99.996,100.007,99.992,110.0,511860,sh,货币ETF博时
2021-01-20,99.996,100.002,100.003,99.996,214.0,511860,sh,货币ETF博时
2021-01-21,99.992,100.002,100.002,99.992,271.0,511860,sh,货币ETF博时
2021-01-22,99.998,100.015,100.017,99.998,312.0,511860,sh,货币ETF博时
2021-01-25,99.996,100.003,100.003,99.996,162.0,511860,sh,货币ETF博时
2021-01-26,99.992,99.989,99.998,99.954,130.0,511860,sh,货币ETF博时
2021-01-27,99.99,99.993,99.994,99.981,204.0,511860,sh,货币ETF博时
2021-01-28,99.96,99.977,99.992,99.96,58.0,511860,sh,货币ETF博时
2021-01-29,99.99,100.004,100.004,99.989,153.0,511860,sh,货币ETF博时
2021-02-01,99.998,100.01,100.01,99.993,152.0,511860,sh,货币ETF博时
2021-02-02,99.995,100.01,100.018,99.995,204.0,511860,sh,货币ETF博时
2021-02-03,100.01,100.005,100.01,100.002,51.0,511860,sh,货币ETF博时
2021-02-04,99.996,100.005,100.005,99.904,20246.0,511860,sh,货币ETF博时
2021-02-05,100.005,100.028,100.03,100.005,1192.0,511860,sh,货币ETF博时
2021-02-08,100.005,100.01,100.026,100.005,934.0,511860,sh,货币ETF博时
2021-02-09,100.013,100.016,100.021,100.007,1100.0,511860,sh,货币ETF博时
2021-02-10,100.1,100.118,100.121,100.025,2970.0,511860,sh,货币ETF博时
2021-02-18,99.999,100.003,100.003,99.998,1175.0,511860,sh,货币ETF博时
2021-02-19,100.003,100.013,100.02,100.002,1590.0,511860,sh,货币ETF博时
2021-02-22,100.003,99.999,100.005,99.978,16334.0,511860,sh,货币ETF博时
2021-02-23,99.996,99.999,99.999,99.995,610.0,511860,sh,货币ETF博时
2021-02-24,99.998,99.998,100.0,99.996,1768.0,511860,sh,货币ETF博时
2021-02-25,99.998,99.998,99.998,99.995,626.0,511860,sh,货币ETF博时
2021-02-26,100.0,100.0,100.002,99.999,3545.0,511860,sh,货币ETF博时
2021-03-01,99.995,99.997,99.998,99.994,1407.0,511860,sh,货币ETF博时
2021-03-02,99.995,99.999,100.0,99.995,7624.0,511860,sh,货币ETF博时
2021-03-03,99.996,100.0,100.001,99.996,1006.0,511860,sh,货币ETF博时
2021-03-04,99.997,99.999,99.999,99.995,526.0,511860,sh,货币ETF博时
2021-03-05,100.009,100.006,100.01,100.001,2105.0,511860,sh,货币ETF博时
2021-03-08,99.996,100.0,100.0,99.996,529.0,511860,sh,货币ETF博时
2021-03-09,99.997,99.998,99.998,99.992,1798.0,511860,sh,货币ETF博时
2021-03-10,99.992,99.998,99.998,99.992,1077.0,511860,sh,货币ETF博时
2021-03-11,99.999,99.999,100.0,99.996,260.0,511860,sh,货币ETF博时
2021-03-12,100.0,100.008,100.011,100.0,600.0,511860,sh,货币ETF博时
2021-03-15,100.01,100.002,100.01,100.0,534.0,511860,sh,货币ETF博时
2021-03-16,99.999,100.001,100.01,99.999,274.0,511860,sh,货币ETF博时
2021-03-17,100.004,100.006,100.01,100.002,149.0,511860,sh,货币ETF博时
2021-03-18,100.001,100.003,100.007,100.001,64.0,511860,sh,货币ETF博时
2021-03-19,100.002,100.009,100.009,100.001,1278.0,511860,sh,货币ETF博时
2021-03-22,99.981,99.998,99.998,99.973,354.0,511860,sh,货币ETF博时
2021-03-23,99.998,99.998,100.0,99.996,365.0,511860,sh,货币ETF博时
2021-03-24,99.996,99.999,99.999,99.996,265.0,511860,sh,货币ETF博时
2021-03-25,99.997,99.995,99.998,99.994,64.0,511860,sh,货币ETF博时
2021-03-26,100.0,99.999,100.005,99.999,300.0,511860,sh,货币ETF博时
2021-03-29,100.101,99.995,100.111,99.985,99.0,511860,sh,货币ETF博时
2021-03-30,99.995,99.991,100.018,99.991,3821.0,511860,sh,货币ETF博时
2021-03-31,99.996,100.003,100.048,99.98,7649.0,511860,sh,货币ETF博时
2021-04-01,100.003,100.002,100.004,99.992,2151.0,511860,sh,货币ETF博时
2021-04-02,100.01,100.033,100.068,100.01,9918.0,511860,sh,货币ETF博时
2021-04-06,99.993,100.025,100.033,99.993,9757.0,511860,sh,货币ETF博时
2021-04-07,99.999,100.009,100.022,99.999,4980.0,511860,sh,货币ETF博时
2021-04-08,100.006,100.006,100.008,100.003,1522.0,511860,sh,货币ETF博时
2021-04-09,99.996,100.016,100.041,99.996,5080.0,511860,sh,货币ETF博时
2021-04-12,100.012,100.01,100.025,100.009,1079.0,511860,sh,货币ETF博时
2021-04-13,100.014,100.013,100.021,100.01,431.0,511860,sh,货币ETF博时
2021-04-14,100.009,100.011,100.012,100.008,32.0,511860,sh,货币ETF博时
2021-04-15,100.008,100.01,100.012,100.008,18.0,511860,sh,货币ETF博时
2021-04-16,100.011,100.012,100.031,100.01,1917.0,511860,sh,货币ETF博时
2021-04-19,100.005,100.004,100.022,100.0,1530.0,511860,sh,货币ETF博时
2021-04-20,99.996,100.0,100.005,99.996,668.0,511860,sh,货币ETF博时
2021-04-21,99.998,100.004,100.038,99.998,7604.0,511860,sh,货币ETF博时
2021-04-22,100.003,100.004,100.007,100.0,985.0,511860,sh,货币ETF博时
2021-04-23,100.007,100.005,100.011,100.004,1374.0,511860,sh,货币ETF博时
2021-04-26,99.997,99.998,100.002,99.997,1087.0,511860,sh,货币ETF博时
2021-04-27,99.997,99.999,100.0,99.997,80.0,511860,sh,货币ETF博时
2021-04-28,99.997,99.997,99.999,99.995,477.0,511860,sh,货币ETF博时
2021-04-29,99.994,100.001,100.001,99.993,1251.0,511860,sh,货币ETF博时
2021-04-30,100.015,100.025,100.043,100.012,3481.0,511860,sh,货币ETF博时
2021-05-06,100.005,99.998,100.005,99.996,287.0,511860,sh,货币ETF博时
2021-05-07,100.003,100.007,100.007,100.001,1056.0,511860,sh,货币ETF博时
2021-05-10,100.0,99.999,100.033,99.998,1090.0,511860,sh,货币ETF博时
2021-05-11,99.997,100.001,100.001,99.997,7309.0,511860,sh,货币ETF博时
2021-05-12,100.001,99.998,100.001,99.998,405.0,511860,sh,货币ETF博时
2021-05-13,100.0,99.998,100.068,99.996,3305.0,511860,sh,货币ETF博时
2021-05-14,100.003,99.994,100.004,99.993,10387.0,511860,sh,货币ETF博时
2021-05-17,99.993,99.989,99.995,99.985,1409.0,511860,sh,货币ETF博时
2021-05-18,99.987,99.988,99.996,99.985,5558.0,511860,sh,货币ETF博时
2021-05-19,99.99,99.994,99.997,99.99,1816.0,511860,sh,货币ETF博时
2021-05-20,99.991,99.988,99.993,99.986,4852.0,511860,sh,货币ETF博时
2021-05-21,99.992,99.996,99.998,99.992,2515.0,511860,sh,货币ETF博时
2021-05-24,99.989,99.994,99.994,99.985,6766.0,511860,sh,货币ETF博时
2021-05-25,99.992,99.975,99.992,99.915,1915.0,511860,sh,货币ETF博时
2021-05-26,99.98,99.989,99.992,99.978,5729.0,511860,sh,货币ETF博时
2021-05-27,99.987,99.987,99.989,99.983,2020.0,511860,sh,货币ETF博时
2021-05-28,99.991,100.002,100.006,99.991,1373.0,511860,sh,货币ETF博时
2021-05-31,99.997,99.997,99.998,99.993,479.0,511860,sh,货币ETF博时
2021-06-01,99.995,99.995,99.996,99.992,266.0,511860,sh,货币ETF博时
2021-06-02,99.995,100.037,100.037,99.991,1784.0,511860,sh,货币ETF博时
2021-06-03,100.02,99.996,100.02,99.993,568.0,511860,sh,货币ETF博时
2021-06-04,100.0,100.003,100.003,100.0,1654.0,511860,sh,货币ETF博时
2021-06-07,99.995,99.997,99.997,99.994,1169.0,511860,sh,货币ETF博时
2021-06-08,99.993,99.998,99.998,99.993,310.0,511860,sh,货币ETF博时
2021-06-09,99.996,99.995,99.996,99.995,168.0,511860,sh,货币ETF博时
2021-06-10,99.974,99.993,99.995,99.974,485.0,511860,sh,货币ETF博时
2021-06-11,99.999,100.007,107.8,99.999,2615.0,511860,sh,货币ETF博时
2021-06-15,99.993,100.007,100.032,99.993,3719.0,511860,sh,货币ETF博时
2021-06-16,100.012,100.055,100.318,100.011,8683.0,511860,sh,货币ETF博时
2021-06-17,100.05,100.021,100.286,100.004,2402.0,511860,sh,货币ETF博时
2021-06-18,100.019,100.011,100.019,100.003,181.0,511860,sh,货币ETF博时
2021-06-21,99.99,99.999,99.999,99.99,159.0,511860,sh,货币ETF博时
2021-06-22,99.994,99.999,100.043,99.99,635.0,511860,sh,货币ETF博时
2021-06-23,100.0,99.999,100.027,99.996,579.0,511860,sh,货币ETF博时
2021-06-24,99.997,99.998,99.998,99.996,240.0,511860,sh,货币ETF博时
2021-06-25,100.001,100.001,100.003,99.999,374.0,511860,sh,货币ETF博时
2021-06-28,99.995,99.995,99.996,99.995,202.0,511860,sh,货币ETF博时
2021-06-29,99.993,99.994,99.995,99.993,10.0,511860,sh,货币ETF博时
2021-06-30,99.991,99.993,99.993,99.991,24.0,511860,sh,货币ETF博时
2021-07-01,99.993,99.997,99.997,99.993,481.0,511860,sh,货币ETF博时
2021-07-02,100.002,100.007,100.008,100.002,473.0,511860,sh,货币ETF博时
2021-07-05,100.002,100.0,100.002,100.0,372.0,511860,sh,货币ETF博时
2021-07-06,100.002,100.001,100.003,99.999,395.0,511860,sh,货币ETF博时
2021-07-07,99.999,100.0,100.0,99.999,30.0,511860,sh,货币ETF博时
2021-07-08,99.999,99.998,100.0,99.997,315.0,511860,sh,货币ETF博时
2021-07-09,99.999,100.004,100.004,99.999,531.0,511860,sh,货币ETF博时
2021-07-12,100.004,99.999,100.03,99.996,379.0,511860,sh,货币ETF博时
2021-07-13,99.995,99.998,99.998,99.995,323.0,511860,sh,货币ETF博时
2021-07-14,99.993,99.997,99.998,99.993,519.0,511860,sh,货币ETF博时
2021-07-15,99.997,99.996,99.998,99.996,232.0,511860,sh,货币ETF博时
2021-07-16,99.998,100.006,100.006,99.998,818.0,511860,sh,货币ETF博时
2021-07-19,100.001,99.998,100.001,99.99,526.0,511860,sh,货币ETF博时
2021-07-20,99.995,99.998,99.999,99.995,193.0,511860,sh,货币ETF博时
2021-07-21,99.997,99.997,99.999,99.997,33.0,511860,sh,货币ETF博时
2021-07-22,99.997,99.998,100.0,99.997,1912.0,511860,sh,货币ETF博时
2021-07-23,100.003,100.001,100.003,100.001,186.0,511860,sh,货币ETF博时
2021-07-26,99.982,99.995,99.997,99.982,296.0,511860,sh,货币ETF博时
2021-07-27,99.982,99.997,99.998,99.982,105.0,511860,sh,货币ETF博时
2021-07-28,99.982,100.0,100.0,99.982,91.0,511860,sh,货币ETF博时
2021-07-29,99.95,100.0,100.0,99.95,173.0,511860,sh,货币ETF博时
2021-07-30,100.0,100.006,100.007,100.0,1040.0,511860,sh,货币ETF博时
2021-08-02,100.0,99.998,100.0,99.997,560.0,511860,sh,货币ETF博时
2021-08-03,99.997,100.0,100.0,99.997,117.0,511860,sh,货币ETF博时
2021-08-04,99.998,100.0,100.0,99.998,5.0,511860,sh,货币ETF博时
2021-08-05,99.998,100.001,100.052,99.998,708.0,511860,sh,货币ETF博时
2021-08-06,99.998,100.005,100.051,99.998,3186.0,511860,sh,货币ETF博时
2021-08-09,100.0,100.011,100.079,100.0,13282.0,511860,sh,货币ETF博时
2021-08-10,100.002,100.002,100.004,100.0,346.0,511860,sh,货币ETF博时
2021-08-11,100.003,100.002,100.004,100.0,1131.0,511860,sh,货币ETF博时
2021-08-12,100.002,100.002,100.002,100.001,71.0,511860,sh,货币ETF博时
2021-08-13,100.005,100.006,100.017,100.005,2346.0,511860,sh,货币ETF博时
2021-08-16,100.004,100.0,100.049,100.0,5933.0,511860,sh,货币ETF博时
2021-08-17,100.013,100.002,100.056,99.999,2126.0,511860,sh,货币ETF博时
2021-08-18,99.999,100.001,100.001,99.999,204.0,511860,sh,货币ETF博时
2021-08-19,100.002,99.998,100.002,99.998,248.0,511860,sh,货币ETF博时
2021-08-20,99.993,100.004,100.047,99.993,1258.0,511860,sh,货币ETF博时
2021-08-23,100.001,99.996,100.055,99.996,873.0,511860,sh,货币ETF博时
2021-08-24,99.996,99.994,100.044,99.968,3241.0,511860,sh,货币ETF博时
2021-08-25,99.996,99.996,100.027,99.993,381.0,511860,sh,货币ETF博时
2021-08-26,99.993,99.997,99.997,99.993,343.0,511860,sh,货币ETF博时
2021-08-27,100.002,100.002,100.005,100.001,546.0,511860,sh,货币ETF博时
2021-08-30,99.997,99.993,99.999,99.973,582.0,511860,sh,货币ETF博时
2021-08-31,99.993,99.996,100.038,99.983,11145.0,511860,sh,货币ETF博时
2021-09-01,99.992,99.999,100.042,99.992,394.0,511860,sh,货币ETF博时
2021-09-02,100.0,99.999,100.027,99.997,2493.0,511860,sh,货币ETF博时
2021-09-03,100.002,100.005,100.005,100.0,1256.0,511860,sh,货币ETF博时
2021-09-06,100.0,99.999,100.0,99.984,459.0,511860,sh,货币ETF博时
2021-09-07,99.999,100.001,100.017,99.998,2799.0,511860,sh,货币ETF博时
2021-09-08,99.997,100.001,100.015,99.997,546.0,511860,sh,货币ETF博时
2021-09-09,99.998,100.001,100.001,99.998,131.0,511860,sh,货币ETF博时
2021-09-10,100.0,100.005,100.006,100.0,525.0,511860,sh,货币ETF博时
2021-09-13,100.0,99.998,100.011,99.992,11528.0,511860,sh,货币ETF博时
2021-09-14,100.002,100.0,100.005,99.999,787.0,511860,sh,货币ETF博时
2021-09-15,100.002,100.0,100.002,99.999,340.0,511860,sh,货币ETF博时
2021-09-16,99.994,100.001,100.056,99.994,1603.0,511860,sh,货币ETF博时
2021-09-17,100.006,100.016,100.018,100.004,1624.0,511860,sh,货币ETF博时
2021-09-22,100.011,99.999,100.012,99.987,7705.0,511860,sh,货币ETF博时
2021-09-23,99.995,99.995,100.0,99.995,745.0,511860,sh,货币ETF博时
2021-09-24,99.999,100.002,100.007,99.993,1473.0,511860,sh,货币ETF博时
2021-09-27,99.997,99.99,100.003,99.985,1257.0,511860,sh,货币ETF博时
2021-09-28,99.985,99.993,100.011,99.978,18309.0,511860,sh,货币ETF博时
2021-09-29,99.995,99.99,100.044,99.989,804.0,511860,sh,货币ETF博时
2021-09-30,99.994,100.036,100.036,99.994,2109.0,511860,sh,货币ETF博时
2021-10-08,100.003,100.001,100.003,99.947,758.0,511860,sh,货币ETF博时
2021-10-11,99.996,99.998,100.013,99.992,2360.0,511860,sh,货币ETF博时
2021-10-12,99.995,100.002,100.004,99.995,762.0,511860,sh,货币ETF博时
2021-10-13,100.002,100.002,100.002,99.995,358.0,511860,sh,货币ETF博时
2021-10-14,100.001,100.0,100.002,99.999,139.0,511860,sh,货币ETF博时
2021-10-15,100.004,100.008,100.008,99.999,512.0,511860,sh,货币ETF博时
2021-10-18,100.003,99.997,100.008,99.996,610.0,511860,sh,货币ETF博时
2021-10-19,99.993,99.994,100.01,99.991,1821.0,511860,sh,货币ETF博时
2021-10-20,99.985,99.995,99.998,99.985,1508.0,511860,sh,货币ETF博时
2021-10-21,99.994,99.997,99.997,99.991,330.0,511860,sh,货币ETF博时
2021-10-22,100.002,100.001,100.003,99.998,688.0,511860,sh,货币ETF博时
2021-10-25,99.995,99.997,100.009,99.995,915.0,511860,sh,货币ETF博时
2021-10-26,99.995,99.996,99.998,99.995,464.0,511860,sh,货币ETF博时
2021-10-27,99.996,99.997,100.001,99.996,406.0,511860,sh,货币ETF博时
2021-10-28,99.997,99.994,99.999,99.994,642.0,511860,sh,货币ETF博时
2021-10-29,100.0,100.001,100.002,99.999,547.0,511860,sh,货币ETF博时
2021-11-01,99.999,99.995,99.999,99.992,948.0,511860,sh,货币ETF博时
2021-11-02,99.986,99.995,100.001,99.986,3722.0,511860,sh,货币ETF博时
2021-11-03,99.996,99.995,99.997,99.993,84.0,511860,sh,货币ETF博时
2021-11-04,99.998,99.993,100.002,99.989,727.0,511860,sh,货币ETF博时
2021-11-05,100.0,99.999,100.035,99.997,1364.0,511860,sh,货币ETF博时
2021-11-08,99.998,99.993,100.0,99.99,557.0,511860,sh,货币ETF博时
2021-11-09,99.996,99.995,100.021,99.987,896.0,511860,sh,货币ETF博时
2021-11-10,99.998,99.997,100.007,99.996,525.0,511860,sh,货币ETF博时
2021-11-11,100.0,100.0,100.017,99.998,371.0,511860,sh,货币ETF博时
2021-11-12,99.999,99.997,100.004,99.997,857.0,511860,sh,货币ETF博时
2021-11-15,99.992,99.993,99.993,99.989,2788.0,511860,sh,货币ETF博时
2021-11-16,99.993,99.994,99.994,99.991,465.0,511860,sh,货币ETF博时
2021-11-17,99.995,99.994,99.998,99.99,346.0,511860,sh,货币ETF博时
2021-11-18,99.997,99.995,99.997,99.992,357.0,511860,sh,货币ETF博时
2021-11-19,99.998,100.0,100.002,99.998,263.0,511860,sh,货币ETF博时
2021-11-22,99.995,99.995,99.995,99.993,277.0,511860,sh,货币ETF博时
2021-11-23,99.99,99.995,99.995,99.99,258.0,511860,sh,货币ETF博时
2021-11-24,99.993,99.995,99.995,99.993,228.0,511860,sh,货币ETF博时
2021-11-25,99.995,99.997,99.997,99.995,223.0,511860,sh,货币ETF博时
2021-11-26,99.997,100.0,100.0,99.995,5628.0,511860,sh,货币ETF博时
2021-11-29,99.505,99.985,99.997,99.505,1150.0,511860,sh,货币ETF博时
2021-11-30,99.975,99.984,99.998,99.975,1506.0,511860,sh,货币ETF博时
2021-12-01,99.981,99.995,99.996,99.981,2360.0,511860,sh,货币ETF博时
2021-12-02,99.99,99.995,99.999,99.988,1285.0,511860,sh,货币ETF博时
2021-12-03,99.998,100.0,100.0,99.998,566.0,511860,sh,货币ETF博时
2021-12-06,99.995,99.999,100.0,99.995,368.0,511860,sh,货币ETF博时
2021-12-07,99.995,99.998,100.0,99.994,925.0,511860,sh,货币ETF博时
2021-12-08,99.995,99.996,99.998,99.995,490.0,511860,sh,货币ETF博时
2021-12-09,99.995,99.994,99.996,99.992,457.0,511860,sh,货币ETF博时
2021-12-10,99.998,99.999,100.0,99.994,1362.0,511860,sh,货币ETF博时
2021-12-13,99.993,99.995,100.003,99.993,1022.0,511860,sh,货币ETF博时
2021-12-14,99.995,99.995,99.998,99.994,679.0,511860,sh,货币ETF博时
2021-12-15,99.995,99.997,99.999,99.995,516.0,511860,sh,货币ETF博时
2021-12-16,99.995,99.993,99.997,99.993,556.0,511860,sh,货币ETF博时
2021-12-17,99.995,100.002,100.017,99.995,1250.0,511860,sh,货币ETF博时
2021-12-20,99.997,99.996,100.027,99.992,930.0,511860,sh,货币ETF博时
2021-12-21,99.989,99.996,100.046,99.989,796.0,511860,sh,货币ETF博时
2021-12-22,99.977,99.991,99.992,99.93,2868.0,511860,sh,货币ETF博时
2021-12-23,99.993,99.993,99.995,99.993,187.0,511860,sh,货币ETF博时
2021-12-24,99.993,99.996,99.997,99.993,76.0,511860,sh,货币ETF博时
2021-12-27,100.0,99.998,100.033,99.996,2242.0,511860,sh,货币ETF博时
2021-12-28,99.999,99.996,100.02,99.992,1547.0,511860,sh,货币ETF博时
2021-12-29,99.995,99.996,100.012,99.981,760.0,511860,sh,货币ETF博时
2021-12-30,99.995,99.998,100.051,99.995,973.0,511860,sh,货币ETF博时
2021-12-31,100.003,100.012,100.066,100.0,7099.0,511860,sh,货币ETF博时
2022-01-04,100.0,100.0,100.047,99.9,10610.0,511860,sh,货币ETF博时
2022-01-05,100.004,100.006,100.044,99.997,30285.0,511860,sh,货币ETF博时
2022-01-06,100.001,100.006,100.024,99.999,3382.0,511860,sh,货币ETF博时
2022-01-07,100.01,100.016,100.147,100.006,8240.0,511860,sh,货币ETF博时
2022-01-10,99.999,100.007,100.046,99.999,7265.0,511860,sh,货币ETF博时
2022-01-11,100.004,100.011,100.034,100.0,7504.0,511860,sh,货币ETF博时
2022-01-12,100.009,100.018,100.145,100.005,18928.0,511860,sh,货币ETF博时
2022-01-13,100.015,100.026,100.044,100.015,12057.0,511860,sh,货币ETF博时
2022-01-14,100.018,100.003,100.024,100.003,1910.0,511860,sh,货币ETF博时
2022-01-17,99.996,99.998,100.01,99.996,8151.0,511860,sh,货币ETF博时
2022-01-18,99.993,100.001,100.015,99.993,2564.0,511860,sh,货币ETF博时
2022-01-19,99.998,99.999,100.008,99.996,2201.0,511860,sh,货币ETF博时
2022-01-20,100.008,99.999,100.008,99.997,911.0,511860,sh,货币ETF博时
2022-01-21,100.009,100.002,100.014,99.998,1917.0,511860,sh,货币ETF博时
2022-01-24,99.998,99.999,100.001,99.997,192.0,511860,sh,货币ETF博时
2022-01-25,99.997,99.998,100.009,99.997,619.0,511860,sh,货币ETF博时
2022-01-26,100.0,100.001,100.001,99.998,70.0,511860,sh,货币ETF博时
2022-01-27,99.996,100.001,100.005,99.996,689.0,511860,sh,货币ETF博时
2022-01-28,100.035,100.052,100.059,100.03,2502.0,511860,sh,货币ETF博时
2022-02-07,100.0,99.998,100.0,99.982,811.0,511860,sh,货币ETF博时
2022-02-08,99.996,100.0,100.029,99.996,721.0,511860,sh,货币ETF博时
2022-02-09,100.0,100.001,100.001,99.999,93.0,511860,sh,货币ETF博时
2022-02-10,99.995,100.0,100.025,99.995,1113.0,511860,sh,货币ETF博时
2022-02-11,99.999,100.003,100.003,99.998,266.0,511860,sh,货币ETF博时
2022-02-14,99.999,99.998,100.0,99.995,177.0,511860,sh,货币ETF博时
2022-02-15,99.995,100.001,100.014,99.995,1016.0,511860,sh,货币ETF博时
2022-02-16,100.003,100.001,100.003,100.0,117.0,511860,sh,货币ETF博时
2022-02-17,100.0,100.001,100.001,99.998,51.0,511860,sh,货币ETF博时
2022-02-18,100.01,100.009,100.05,100.0,1213.0,511860,sh,货币ETF博时
2022-02-21,100.0,100.0,100.002,99.996,378.0,511860,sh,货币ETF博时
2022-02-22,99.989,100.0,100.0,99.989,168.0,511860,sh,货币ETF博时
2022-02-23,99.995,99.998,100.0,99.995,100.0,511860,sh,货币ETF博时
2022-02-24,99.998,99.997,100.011,99.997,924.0,511860,sh,货币ETF博时
2022-02-25,100.002,99.998,100.002,99.998,67.0,511860,sh,货币ETF博时
2022-02-28,99.99,100.0,100.005,99.99,97.0,511860,sh,货币ETF博时
2022-03-01,99.996,100.0,100.0,99.996,170.0,511860,sh,货币ETF博时
2022-03-02,99.994,99.998,99.999,99.993,81.0,511860,sh,货币ETF博时
2022-03-03,99.995,100.0,100.0,99.995,124.0,511860,sh,货币ETF博时
2022-03-04,100.002,100.004,100.017,100.001,1020.0,511860,sh,货币ETF博时
2022-03-07,99.999,99.999,100.007,99.991,863.0,511860,sh,货币ETF博时
2022-03-08,100.002,99.999,100.002,99.998,65.0,511860,sh,货币ETF博时
2022-03-09,99.997,99.999,100.001,99.996,124.0,511860,sh,货币ETF博时
2022-03-10,99.999,100.001,100.001,99.998,192.0,511860,sh,货币ETF博时
2022-03-11,100.001,100.005,100.017,100.001,912.0,511860,sh,货币ETF博时
2022-03-14,100.0,100.002,100.002,99.998,437.0,511860,sh,货币ETF博时
2022-03-15,99.998,99.998,100.001,99.998,140.0,511860,sh,货币ETF博时
2022-03-16,99.998,100.0,100.048,99.98,946.0,511860,sh,货币ETF博时
2022-03-17,99.974,99.994,99.997,99.974,674.0,511860,sh,货币ETF博时
2022-03-18,99.999,100.002,100.002,99.998,99.0,511860,sh,货币ETF博时
2022-03-21,100.001,100.0,100.001,99.998,20.0,511860,sh,货币ETF博时
2022-03-22,99.996,100.0,100.002,99.996,44.0,511860,sh,货币ETF博时
2022-03-23,99.995,100.0,100.0,99.995,96.0,511860,sh,货币ETF博时
2022-03-24,99.998,99.998,99.999,99.998,40.0,511860,sh,货币ETF博时
2022-03-25,100.002,100.003,100.003,99.998,277.0,511860,sh,货币ETF博时
2022-03-28,99.999,99.998,100.049,99.952,472.0,511860,sh,货币ETF博时
2022-03-29,99.994,99.994,99.998,99.994,100.0,511860,sh,货币ETF博时
2022-03-30,99.998,99.995,99.998,99.994,41.0,511860,sh,货币ETF博时
2022-03-31,99.995,99.998,99.998,99.992,57.0,511860,sh,货币ETF博时
2022-04-01,100.011,100.017,100.018,100.007,840.0,511860,sh,货币ETF博时
2022-04-06,99.99,99.998,100.019,99.99,1028.0,511860,sh,货币ETF博时
2022-04-07,99.995,100.0,100.0,99.995,95.0,511860,sh,货币ETF博时
2022-04-08,100.005,100.004,100.031,100.001,1250.0,511860,sh,货币ETF博时
2022-04-11,99.999,100.001,100.002,99.999,102.0,511860,sh,货币ETF博时
2022-04-12,99.998,100.001,100.001,99.998,205.0,511860,sh,货币ETF博时
2022-04-13,99.996,100.001,100.001,99.996,47.0,511860,sh,货币ETF博时
2022-04-14,99.998,100.0,100.001,99.998,243.0,511860,sh,货币ETF博时
2022-04-15,100.005,100.006,100.01,100.002,363.0,511860,sh,货币ETF博时
2022-04-18,99.998,100.001,100.001,99.998,200.0,511860,sh,货币ETF博时
2022-04-19,99.996,99.998,100.009,99.996,143.0,511860,sh,货币ETF博时
2022-04-20,99.998,100.002,100.002,99.998,15.0,511860,sh,货币ETF博时
2022-04-21,99.998,99.998,100.0,99.998,55.0,511860,sh,货币ETF博时
2022-04-22,100.002,100.001,100.002,99.999,84.0,511860,sh,货币ETF博时
2022-04-25,99.993,99.998,100.001,99.993,194.0,511860,sh,货币ETF博时
2022-04-26,99.997,100.001,100.001,99.997,127.0,511860,sh,货币ETF博时
2022-04-27,99.969,100.0,100.0,99.969,49.0,511860,sh,货币ETF博时
2022-04-28,99.984,100.001,100.001,99.984,199.0,511860,sh,货币ETF博时
2022-04-29,100.012,100.016,100.068,100.0,897.0,511860,sh,货币ETF博时
2022-05-05,100.005,99.997,100.005,99.98,1774.0,511860,sh,货币ETF博时
2022-05-06,99.993,100.002,100.005,99.992,39.0,511860,sh,货币ETF博时
2022-05-09,99.993,100.001,100.001,99.993,51.0,511860,sh,货币ETF博时
2022-05-10,99.997,99.999,99.999,99.997,46.0,511860,sh,货币ETF博时
2022-05-11,99.995,100.0,100.0,99.995,11.0,511860,sh,货币ETF博时
2022-05-12,99.996,100.0,100.0,99.996,1085.0,511860,sh,货币ETF博时
2022-05-13,100.0,100.002,100.004,100.0,4539.0,511860,sh,货币ETF博时
2022-05-16,99.998,100.0,100.0,99.998,62.0,511860,sh,货币ETF博时
2022-05-17,100.002,99.998,100.002,99.998,128.0,511860,sh,货币ETF博时
2022-05-18,99.998,100.0,100.0,99.998,19.0,511860,sh,货币ETF博时
2022-05-19,99.99,100.001,100.002,99.99,40.0,511860,sh,货币ETF博时
2022-05-20,99.999,100.001,100.001,99.999,18.0,511860,sh,货币ETF博时
2022-05-23,99.998,99.999,99.999,99.998,66.0,511860,sh,货币ETF博时
2022-05-24,99.991,99.998,99.999,99.991,21.0,511860,sh,货币ETF博时
2022-05-25,99.998,99.998,99.998,99.998,2.0,511860,sh,货币ETF博时
2022-05-26,99.999,100.0,100.0,99.998,32.0,511860,sh,货币ETF博时
2022-05-27,99.995,100.002,100.002,99.995,160.0,511860,sh,货币ETF博时
2022-05-30,99.996,99.999,99.999,99.996,154.0,511860,sh,货币ETF博时
2022-05-31,99.999,100.0,100.0,99.998,42.0,511860,sh,货币ETF博时
2022-06-01,99.997,99.997,99.997,99.997,1.0,511860,sh,货币ETF博时
2022-06-02,100.002,100.0,100.002,99.999,57.0,511860,sh,货币ETF博时
2022-06-06,99.997,99.998,99.999,99.997,59.0,511860,sh,货币ETF博时
2022-06-07,100.0,99.999,100.0,99.998,34.0,511860,sh,货币ETF博时
2022-06-08,99.998,100.0,100.01,99.998,10.0,511860,sh,货币ETF博时
2022-06-09,99.998,99.999,99.999,99.998,19.0,511860,sh,货币ETF博时
2022-06-10,100.0,99.999,100.001,99.999,298.0,511860,sh,货币ETF博时
2022-06-13,99.998,99.999,100.0,99.998,11.0,511860,sh,货币ETF博时
2022-06-14,99.997,99.998,100.0,99.997,14.0,511860,sh,货币ETF博时
2022-06-15,99.993,100.0,100.0,99.993,23.0,511860,sh,货币ETF博时
2022-06-16,99.998,99.999,99.999,99.998,30.0,511860,sh,货币ETF博时
2022-06-17,99.912,100.0,100.0,99.912,75.0,511860,sh,货币ETF博时
2022-06-20,99.997,99.998,100.0,99.997,27.0,511860,sh,货币ETF博时
2022-06-21,99.998,100.0,100.0,99.998,234.0,511860,sh,货币ETF博时
2022-06-22,100.0,100.0,100.0,100.0,18.0,511860,sh,货币ETF博时
2022-06-23,99.999,99.999,100.0,99.999,37.0,511860,sh,货币ETF博时
2022-06-24,99.999,100.001,100.001,99.999,34.0,511860,sh,货币ETF博时
2022-06-27,99.999,100.0,100.0,99.998,30.0,511860,sh,货币ETF博时
2022-06-28,100.001,100.0,100.001,99.998,32.0,511860,sh,货币ETF博时
2022-06-29,99.995,99.999,100.0,99.9,63.0,511860,sh,货币ETF博时
2022-06-30,99.999,99.989,99.999,99.899,1207.0,511860,sh,货币ETF博时
2022-07-01,99.997,100.001,100.001,99.995,1130.0,511860,sh,货币ETF博时
2022-07-04,99.996,99.997,99.997,99.989,260.0,511860,sh,货币ETF博时
2022-07-05,99.993,99.998,99.998,99.993,148.0,511860,sh,货币ETF博时
2022-07-06,99.997,100.0,100.0,99.997,467.0,511860,sh,货币ETF博时
2022-07-07,99.999,100.001,100.001,99.999,174.0,511860,sh,货币ETF博时
2022-07-08,100.003,100.004,100.005,100.0,267.0,511860,sh,货币ETF博时
2022-07-11,99.995,99.999,100.002,99.995,130.0,511860,sh,货币ETF博时
2022-07-12,99.996,100.002,100.002,99.996,380.0,511860,sh,货币ETF博时
2022-07-13,99.999,100.0,100.0,99.999,12.0,511860,sh,货币ETF博时
2022-07-14,99.999,100.0,100.002,99.999,283.0,511860,sh,货币ETF博时
2022-07-15,100.006,100.004,100.006,100.001,186.0,511860,sh,货币ETF博时
2022-07-18,99.998,100.002,100.003,99.998,175.0,511860,sh,货币ETF博时
2022-07-19,99.999,99.999,99.999,99.999,2.0,511860,sh,货币ETF博时
2022-07-20,99.999,99.999,100.002,99.999,7.0,511860,sh,货币ETF博时
2022-07-21,100.0,100.0,100.0,100.0,39.0,511860,sh,货币ETF博时
2022-07-22,100.0,100.003,100.003,100.0,116.0,511860,sh,货币ETF博时
2022-07-25,99.999,100.001,100.001,99.999,113.0,511860,sh,货币ETF博时
2022-07-26,100.0,100.0,100.0,99.999,42.0,511860,sh,货币ETF博时
2022-07-27,99.997,100.001,100.001,99.997,129.0,511860,sh,货币ETF博时
2022-07-28,99.998,99.998,100.001,99.998,38.0,511860,sh,货币ETF博时
2022-07-29,100.002,100.004,100.004,100.0,371.0,511860,sh,货币ETF博时
2022-08-01,99.999,99.998,99.999,99.998,198.0,511860,sh,货币ETF博时
2022-08-02,99.995,100.0,100.0,99.995,681.0,511860,sh,货币ETF博时
2022-08-03,99.998,100.001,100.001,99.998,103.0,511860,sh,货币ETF博时
2022-08-04,99.95,99.999,100.0,99.95,33.0,511860,sh,货币ETF博时
2022-08-05,99.999,100.004,100.004,99.999,65.0,511860,sh,货币ETF博时
2022-08-08,99.999,100.001,100.004,99.999,130.0,511860,sh,货币ETF博时
2022-08-09,99.998,99.999,99.999,99.998,19.0,511860,sh,货币ETF博时
2022-08-10,100.0,100.0,100.0,100.0,71.0,511860,sh,货币ETF博时
2022-08-11,99.999,100.002,100.002,99.999,11.0,511860,sh,货币ETF博时
2022-08-12,99.998,100.003,100.006,99.998,155.0,511860,sh,货币ETF博时
2022-08-15,99.99,100.0,100.002,99.99,51.0,511860,sh,货币ETF博时
2022-08-16,99.999,99.999,99.999,99.999,13.0,511860,sh,货币ETF博时
2022-08-17,99.999,99.999,99.999,99.999,5.0,511860,sh,货币ETF博时
2022-08-18,99.999,99.999,99.999,99.999,26.0,511860,sh,货币ETF博时
2022-08-19,99.999,100.006,100.006,99.997,253.0,511860,sh,货币ETF博时
2022-08-22,100.001,99.999,100.001,99.998,188.0,511860,sh,货币ETF博时
2022-08-23,99.998,99.999,100.002,99.998,113.0,511860,sh,货币ETF博时
2022-08-24,99.999,100.003,100.003,99.999,61.0,511860,sh,货币ETF博时
2022-08-25,99.999,100.002,100.003,99.999,13.0,511860,sh,货币ETF博时
2022-08-26,99.998,100.004,100.004,99.998,31.0,511860,sh,货币ETF博时
2022-08-29,99.991,99.999,99.999,99.991,114.0,511860,sh,货币ETF博时
2022-08-30,99.998,100.0,100.0,99.998,7.0,511860,sh,货币ETF博时
2022-08-31,99.985,100.003,100.003,99.985,193.0,511860,sh,货币ETF博时
2022-09-01,99.999,99.999,100.002,99.999,54.0,511860,sh,货币ETF博时
2022-09-02,100.001,100.003,100.003,100.001,41.0,511860,sh,货币ETF博时
2022-09-05,99.998,99.999,99.999,99.997,361.0,511860,sh,货币ETF博时
2022-09-06,100.0,100.0,100.001,99.998,38.0,511860,sh,货币ETF博时
2022-09-07,99.996,99.998,100.0,99.995,63.0,511860,sh,货币ETF博时
2022-09-08,99.998,100.0,100.0,99.998,41.0,511860,sh,货币ETF博时
2022-09-09,100.002,100.004,100.005,100.002,22.0,511860,sh,货币ETF博时
2022-09-13,100.004,99.998,100.004,99.997,22.0,511860,sh,货币ETF博时
2022-09-14,99.998,100.0,100.0,99.998,7.0,511860,sh,货币ETF博时
2022-09-15,99.901,100.001,100.001,99.901,21.0,511860,sh,货币ETF博时
2022-09-16,99.997,100.0,100.002,99.997,266.0,511860,sh,货币ETF博时
2022-09-19,99.995,99.999,100.0,99.995,254.0,511860,sh,货币ETF博时
2022-09-20,99.998,99.998,99.999,99.998,169.0,511860,sh,货币ETF博时
2022-09-21,99.998,100.0,100.0,99.998,8.0,511860,sh,货币ETF博时
2022-09-22,100.001,99.997,100.001,99.997,13.0,511860,sh,货币ETF博时
2022-09-23,99.997,100.002,100.147,99.997,366.0,511860,sh,货币ETF博时
2022-09-26,99.996,99.997,100.0,99.996,638.0,511860,sh,货币ETF博时
2022-09-27,100.0,99.996,100.0,99.996,16.0,511860,sh,货币ETF博时
2022-09-28,100.0,99.998,100.0,99.998,47.0,511860,sh,货币ETF博时
2022-09-29,99.998,99.996,99.998,99.995,442.0,511860,sh,货币ETF博时
2022-09-30,100.018,100.037,100.108,100.012,2713.0,511860,sh,货币ETF博时
2022-10-10,100.032,99.998,100.032,99.994,766.0,511860,sh,货币ETF博时
2022-10-11,99.998,99.999,99.999,99.998,517.0,511860,sh,货币ETF博时
2022-10-12,99.998,100.0,100.0,99.998,208.0,511860,sh,货币ETF博时
2022-10-13,100.0,100.001,100.001,100.0,74.0,511860,sh,货币ETF博时
2022-10-14,100.002,100.003,100.004,100.001,75.0,511860,sh,货币ETF博时
2022-10-17,100.001,99.999,100.003,99.998,60.0,511860,sh,货币ETF博时
2022-10-18,99.99,100.001,100.001,99.99,51.0,511860,sh,货币ETF博时
2022-10-19,100.0,100.0,100.0,99.998,36.0,511860,sh,货币ETF博时
2022-10-20,99.998,99.999,99.999,99.997,289.0,511860,sh,货币ETF博时
2022-10-21,100.002,100.003,100.003,100.0,226.0,511860,sh,货币ETF博时
2022-10-24,99.99,99.999,99.999,99.99,470.0,511860,sh,货币ETF博时
2022-10-25,99.997,100.0,100.002,99.997,281.0,511860,sh,货币ETF博时
2022-10-26,99.999,99.999,100.0,99.997,266.0,511860,sh,货币ETF博时
2022-10-27,100.0,99.997,100.0,99.996,46.0,511860,sh,货币ETF博时
2022-10-28,99.998,100.002,100.003,99.998,400.0,511860,sh,货币ETF博时
2022-10-31,99.997,99.998,100.0,99.997,253.0,511860,sh,货币ETF博时
2022-11-01,99.998,99.997,100.0,99.997,292.0,511860,sh,货币ETF博时
2022-11-02,99.997,99.999,99.999,99.997,88.0,511860,sh,货币ETF博时
2022-11-03,99.999,99.998,99.999,99.997,41.0,511860,sh,货币ETF博时
2022-11-04,100.001,100.002,100.002,100.0,398.0,511860,sh,货币ETF博时
2022-11-07,99.993,100.0,100.001,99.993,223.0,511860,sh,货币ETF博时
2022-11-08,99.999,99.999,99.999,99.999,30.0,511860,sh,货币ETF博时
2022-11-09,99.998,99.999,99.999,99.998,11.0,511860,sh,货币ETF博时
2022-11-10,99.999,99.999,99.999,99.999,164.0,511860,sh,货币ETF博时
2022-11-11,100.0,100.0,100.002,99.999,39.0,511860,sh,货币ETF博时
2022-11-14,100.0,100.0,100.001,100.0,46.0,511860,sh,货币ETF博时
2022-11-15,99.999,100.0,100.0,99.999,114.0,511860,sh,货币ETF博时
2022-11-16,100.002,99.999,100.002,99.999,137.0,511860,sh,货币ETF博时
2022-11-17,99.999,100.001,100.001,99.999,27.0,511860,sh,货币ETF博时
2022-11-18,100.001,100.002,100.002,99.999,624.0,511860,sh,货币ETF博时
2022-11-21,100.0,100.0,100.0,99.997,35.0,511860,sh,货币ETF博时
2022-11-22,100.0,100.001,100.001,100.0,46.0,511860,sh,货币ETF博时
2022-11-23,100.0,100.001,100.002,100.0,132.0,511860,sh,货币ETF博时
2022-11-24,100.0,100.001,100.001,100.0,64.0,511860,sh,货币ETF博时
2022-11-25,100.0,100.002,100.002,100.0,535.0,511860,sh,货币ETF博时
2022-11-28,99.987,99.999,100.0,99.987,622.0,511860,sh,货币ETF博时
2022-11-29,99.999,99.999,99.999,99.998,347.0,511860,sh,货币ETF博时
2022-11-30,99.987,100.0,100.0,99.987,335.0,511860,sh,货币ETF博时
2022-12-01,100.003,100.001,100.005,100.0,870.0,511860,sh,货币ETF博时
2022-12-02,100.0,100.005,100.005,100.0,66.0,511860,sh,货币ETF博时
2022-12-05,100.0,100.0,100.002,99.998,278.0,511860,sh,货币ETF博时
2022-12-06,99.999,99.999,99.999,99.999,3.0,511860,sh,货币ETF博时
2022-12-07,99.995,99.999,100.002,99.995,159.0,511860,sh,货币ETF博时
2022-12-08,99.999,99.999,100.0,99.999,56.0,511860,sh,货币ETF博时
2022-12-09,100.002,100.001,100.002,99.999,1287.0,511860,sh,货币ETF博时
2022-12-12,99.997,99.998,100.0,99.997,797.0,511860,sh,货币ETF博时
2022-12-13,99.993,99.999,99.999,99.993,214.0,511860,sh,货币ETF博时
2022-12-14,99.998,99.998,99.999,99.998,77.0,511860,sh,货币ETF博时
2022-12-15,100.003,99.999,100.003,99.998,21.0,511860,sh,货币ETF博时
2022-12-16,99.999,100.0,100.003,99.999,431.0,511860,sh,货币ETF博时
2022-12-19,99.996,99.998,99.999,99.99,795.0,511860,sh,货币ETF博时
2022-12-20,99.998,99.998,99.999,99.997,126.0,511860,sh,货币ETF博时
2022-12-21,99.998,99.998,99.998,99.997,14.0,511860,sh,货币ETF博时
2022-12-22,99.998,99.999,99.999,99.998,31.0,511860,sh,货币ETF博时
2022-12-23,100.0,100.0,100.001,100.0,108.0,511860,sh,货币ETF博时
2022-12-26,99.999,99.998,99.999,99.998,214.0,511860,sh,货币ETF博时
2022-12-27,99.998,99.998,99.998,99.997,280.0,511860,sh,货币ETF博时
2022-12-28,99.997,99.998,99.998,99.996,43.0,511860,sh,货币ETF博时
2022-12-29,99.998,99.998,99.998,99.998,57.0,511860,sh,货币ETF博时
2022-12-30,100.01,100.009,100.017,99.999,2818.0,511860,sh,货币ETF博时
2023-01-03,100.003,100.0,100.004,99.999,875.0,511860,sh,货币ETF博时
2023-01-04,99.999,99.999,99.999,99.998,532.0,511860,sh,货币ETF博时
2023-01-05,99.995,99.998,99.999,99.995,614.0,511860,sh,货币ETF博时
2023-01-06,99.994,100.002,100.004,99.994,592.0,511860,sh,货币ETF博时
2023-01-09,99.997,99.999,100.001,99.997,475.0,511860,sh,货币ETF博时
2023-01-10,99.999,99.999,100.0,99.998,287.0,511860,sh,货币ETF博时
2023-01-11,99.999,100.0,100.0,99.999,7.0,511860,sh,货币ETF博时
2023-01-12,99.999,100.0,100.001,99.999,141.0,511860,sh,货币ETF博时
2023-01-13,100.001,100.003,100.006,100.001,336.0,511860,sh,货币ETF博时
2023-01-16,100.0,100.001,100.002,99.999,495.0,511860,sh,货币ETF博时
2023-01-17,99.996,99.996,99.996,99.995,213.0,511860,sh,货币ETF博时
2023-01-18,99.998,99.998,99.998,99.996,163.0,511860,sh,货币ETF博时
2023-01-19,99.998,100.001,100.001,99.998,501.0,511860,sh,货币ETF博时
2023-01-20,100.025,100.078,100.08,100.025,657.0,511860,sh,货币ETF博时
2023-01-30,99.98,100.004,100.004,99.978,1416.0,511860,sh,货币ETF博时
2023-01-31,99.998,100.001,100.006,99.998,953.0,511860,sh,货币ETF博时
2023-02-01,99.993,100.001,100.005,99.993,636.0,511860,sh,货币ETF博时
2023-02-02,100.0,100.002,100.004,99.999,368.0,511860,sh,货币ETF博时
2023-02-03,100.0,100.008,100.008,100.0,618.0,511860,sh,货币ETF博时
2023-02-06,100.003,100.006,100.01,100.002,2003.0,511860,sh,货币ETF博时
2023-02-07,99.999,100.005,100.006,99.998,627.0,511860,sh,货币ETF博时
2023-02-08,100.0,100.0,100.005,100.0,184.0,511860,sh,货币ETF博时
2023-02-09,100.0,100.0,100.0,100.0,326.0,511860,sh,货币ETF博时
2023-02-10,99.996,100.005,100.1,99.995,782.0,511860,sh,货币ETF博时
2023-02-13,99.999,100.003,100.006,99.999,649.0,511860,sh,货币ETF博时
2023-02-14,99.998,100.0,100.0,99.998,109.0,511860,sh,货币ETF博时
2023-02-15,99.999,100.0,100.001,99.999,33.0,511860,sh,货币ETF博时
2023-02-16,100.0,99.999,100.0,99.998,249.0,511860,sh,货币ETF博时
2023-02-17,100.002,100.005,100.005,100.002,313.0,511860,sh,货币ETF博时
2023-02-20,100.0,99.999,100.0,99.999,393.0,511860,sh,货币ETF博时
2023-02-21,99.999,99.999,99.999,99.999,555.0,511860,sh,货币ETF博时
2023-02-22,100.0,100.0,100.0,99.999,122.0,511860,sh,货币ETF博时
2023-02-23,99.999,100.001,100.002,99.999,730.0,511860,sh,货币ETF博时
2023-02-24,100.01,100.014,100.017,100.01,672.0,511860,sh,货币ETF博时
2023-02-27,99.998,100.0,100.003,99.998,141.0,511860,sh,货币ETF博时
2023-02-28,100.002,99.999,100.002,99.999,158.0,511860,sh,货币ETF博时
2023-03-01,100.0,100.0,100.0,100.0,19.0,511860,sh,货币ETF博时
2023-03-02,100.0,100.0,100.0,99.998,21.0,511860,sh,货币ETF博时
2023-03-03,100.002,100.005,100.005,100.002,35.0,511860,sh,货币ETF博时
2023-03-06,99.998,100.0,100.004,99.998,46.0,511860,sh,货币ETF博时
2023-03-07,100.0,99.999,100.0,99.999,5.0,511860,sh,货币ETF博时
2023-03-08,99.999,100.0,100.0,99.999,23.0,511860,sh,货币ETF博时
2023-03-09,100.0,100.0,100.0,100.0,10.0,511860,sh,货币ETF博时
2023-03-10,100.005,100.009,100.009,100.005,337.0,511860,sh,货币ETF博时
2023-03-13,100.0,100.0,100.0,100.0,19.0,511860,sh,货币ETF博时
2023-03-14,100.0,100.0,100.0,100.0,28.0,511860,sh,货币ETF博时
2023-03-15,100.0,100.001,100.001,99.999,229.0,511860,sh,货币ETF博时
2023-03-16,99.999,99.999,100.001,99.999,34.0,511860,sh,货币ETF博时
2023-03-17,100.003,100.003,100.004,100.003,189.0,511860,sh,货币ETF博时
2023-03-20,99.998,100.0,100.001,99.998,226.0,511860,sh,货币ETF博时
2023-03-21,99.999,99.999,99.999,99.999,2.0,511860,sh,货币ETF博时
2023-03-22,99.999,100.0,100.0,99.999,70.0,511860,sh,货币ETF博时
2023-03-23,99.994,100.0,100.0,99.994,208.0,511860,sh,货币ETF博时
2023-03-24,100.005,100.005,100.008,100.005,664.0,511860,sh,货币ETF博时
2023-03-27,100.0,99.999,100.0,99.999,556.0,511860,sh,货币ETF博时
2023-03-28,99.999,99.999,99.999,99.999,367.0,511860,sh,货币ETF博时
2023-03-29,99.998,99.999,99.999,99.998,36.0,511860,sh,货币ETF博时
2023-03-30,99.998,99.999,99.999,99.998,131.0,511860,sh,货币ETF博时
2023-03-31,99.999,100.003,100.003,99.999,38.0,511860,sh,货币ETF博时
2023-04-03,100.002,100.0,100.003,100.0,372.0,511860,sh,货币ETF博时
2023-04-04,100.002,100.004,100.004,100.002,308.0,511860,sh,货币ETF博时
2023-04-06,99.999,100.001,100.002,99.998,507.0,511860,sh,货币ETF博时
2023-04-07,100.004,100.008,100.008,100.004,191.0,511860,sh,货币ETF博时
2023-04-10,100.0,100.0,100.0,99.999,386.0,511860,sh,货币ETF博时
2023-04-11,99.998,100.0,100.001,99.998,162.0,511860,sh,货币ETF博时
2023-04-12,100.0,100.0,100.0,100.0,21.0,511860,sh,货币ETF博时
2023-04-13,100.003,100.003,100.003,100.0,115.0,511860,sh,货币ETF博时
2023-04-14,100.01,100.009,100.01,100.009,143.0,511860,sh,货币ETF博时
2023-04-17,100.001,100.0,100.003,100.0,45.0,511860,sh,货币ETF博时
2023-04-19,100.001,100.001,100.003,100.001,130.0,511860,sh,货币ETF博时
2023-04-20,100.005,100.0,100.005,100.0,156.0,511860,sh,货币ETF博时
2023-04-21,100.001,100.01,100.016,100.001,412.0,511860,sh,货币ETF博时
2023-04-24,99.998,100.001,100.005,99.998,100.0,511860,sh,货币ETF博时
2023-04-25,100.0,100.0,100.003,100.0,14.0,511860,sh,货币ETF博时
2023-04-26,100.0,100.001,100.003,100.0,135.0,511860,sh,货币ETF博时
2023-04-27,99.999,100.004,100.004,99.999,397.0,511860,sh,货币ETF博时
2023-04-28,100.03,100.026,100.039,100.014,1337.0,511860,sh,货币ETF博时
2023-05-04,100.0,100.0,100.004,100.0,92.0,511860,sh,货币ETF博时
2023-05-05,100.0,100.011,100.05,100.0,1410.0,511860,sh,货币ETF博时
2023-05-08,99.998,100.003,100.004,99.998,372.0,511860,sh,货币ETF博时
2023-05-09,100.0,100.003,100.003,100.0,52.0,511860,sh,货币ETF博时
2023-05-10,100.003,100.003,100.003,100.003,9.0,511860,sh,货币ETF博时
2023-05-11,100.0,100.001,100.001,100.0,6.0,511860,sh,货币ETF博时
2023-05-12,100.011,100.009,100.017,100.007,877.0,511860,sh,货币ETF博时
2023-05-15,100.003,100.003,100.004,100.0,101.0,511860,sh,货币ETF博时
2023-05-16,100.0,100.001,100.004,100.0,350.0,511860,sh,货币ETF博时
2023-05-17,99.998,100.0,100.0,99.998,14.0,511860,sh,货币ETF博时
2023-05-18,100.0,100.0,100.0,100.0,104.0,511860,sh,货币ETF博时
2023-05-19,100.008,100.009,100.01,100.006,622.0,511860,sh,货币ETF博时
2023-05-22,100.003,100.007,100.007,100.002,300.0,511860,sh,货币ETF博时
2023-05-23,100.0,100.0,100.005,100.0,200.0,511860,sh,货币ETF博时
2023-05-24,99.909,100.0,100.0,99.9,123.0,511860,sh,货币ETF博时
2023-05-25,99.999,100.0,100.0,99.999,85.0,511860,sh,货币ETF博时
2023-05-26,100.0,100.005,100.006,100.0,64.0,511860,sh,货币ETF博时
2023-05-29,100.0,100.001,100.001,100.0,247.0,511860,sh,货币ETF博时
2023-05-30,100.002,100.003,100.003,100.002,120.0,511860,sh,货币ETF博时
2023-05-31,99.994,100.001,100.001,99.994,230.0,511860,sh,货币ETF博时
2023-06-01,100.0,100.001,100.001,100.0,19.0,511860,sh,货币ETF博时
2023-06-02,100.0,100.008,100.008,100.0,217.0,511860,sh,货币ETF博时
2023-06-05,100.005,100.004,100.005,100.004,60.0,511860,sh,货币ETF博时
2023-06-06,99.999,100.002,100.002,99.999,80.0,511860,sh,货币ETF博时
2023-06-07,100.0,100.001,100.001,100.0,32.0,511860,sh,货币ETF博时
2023-06-08,100.001,100.0,100.001,100.0,30.0,511860,sh,货币ETF博时
2023-06-09,100.004,100.003,100.01,100.003,1239.0,511860,sh,货币ETF博时
2023-06-12,99.999,99.999,99.999,99.999,74.0,511860,sh,货币ETF博时
2023-06-13,100.0,100.0,100.0,100.0,423.0,511860,sh,货币ETF博时
2023-06-14,99.999,99.999,100.003,99.999,77.0,511860,sh,货币ETF博时
2023-06-15,100.0,100.003,100.003,99.999,454.0,511860,sh,货币ETF博时
2023-06-16,100.004,100.004,100.006,100.004,60.0,511860,sh,货币ETF博时
2023-06-19,99.999,100.0,100.0,99.999,121.0,511860,sh,货币ETF博时
2023-06-20,100.0,100.0,100.0,100.0,208.0,511860,sh,货币ETF博时
2023-06-21,100.015,100.016,100.016,100.006,1550.0,511860,sh,货币ETF博时
2023-06-26,99.968,99.999,100.005,99.968,490.0,511860,sh,货币ETF博时
2023-06-27,99.976,100.0,100.002,99.971,85.0,511860,sh,货币ETF博时
2023-06-28,100.0,99.999,100.0,99.999,182.0,511860,sh,货币ETF博时
2023-06-29,100.003,99.999,100.003,99.999,22.0,511860,sh,货币ETF博时
2023-06-30,100.004,100.001,100.004,100.0,156.0,511860,sh,货币ETF博时
2023-07-03,100.0,100.003,100.003,100.0,9.0,511860,sh,货币ETF博时
2023-07-04,100.0,100.001,100.001,100.0,394.0,511860,sh,货币ETF博时
2023-07-05,100.001,100.002,100.002,100.0,258.0,511860,sh,货币ETF博时
2023-07-06,100.0,100.003,100.003,100.0,85.0,511860,sh,货币ETF博时
2023-07-07,100.004,100.01,100.01,100.004,727.0,511860,sh,货币ETF博时
2023-07-10,100.003,100.002,100.005,100.0,133.0,511860,sh,货币ETF博时
2023-07-11,100.002,100.002,100.002,100.002,13.0,511860,sh,货币ETF博时
2023-07-12,100.002,100.001,100.002,100.0,110.0,511860,sh,货币ETF博时
2023-07-13,100.0,99.999,100.001,99.999,484.0,511860,sh,货币ETF博时
2023-07-14,100.006,100.007,100.007,100.004,233.0,511860,sh,货币ETF博时
2023-07-17,100.001,100.002,100.002,100.0,30.0,511860,sh,货币ETF博时
2023-07-19,100.005,100.005,100.005,100.005,1.0,511860,sh,货币ETF博时
2023-07-20,100.001,100.0,100.001,100.0,80.0,511860,sh,货币ETF博时
2023-07-21,100.003,100.003,100.007,100.003,24.0,511860,sh,货币ETF博时
2023-07-24,100.001,100.0,100.001,100.0,3.0,511860,sh,货币ETF博时
2023-07-25,100.0,100.004,100.004,100.0,34.0,511860,sh,货币ETF博时
2023-07-26,100.0,100.0,100.0,100.0,3.0,511860,sh,货币ETF博时
2023-07-28,100.002,100.005,100.006,100.002,123.0,511860,sh,货币ETF博时
2023-07-31,100.0,100.0,100.003,100.0,11.0,511860,sh,货币ETF博时
2023-08-01,100.0,100.0,100.0,100.0,5.0,511860,sh,货币ETF博时
2023-08-02,100.0,100.0,100.001,100.0,48.0,511860,sh,货币ETF博时
2023-08-03,100.0,100.0,100.0,100.0,3.0,511860,sh,货币ETF博时
2023-08-04,100.007,100.005,100.008,100.005,16.0,511860,sh,货币ETF博时
2023-08-07,100.0,100.004,100.005,100.0,302.0,511860,sh,货币ETF博时
2023-08-08,100.0,100.001,100.001,100.0,4.0,511860,sh,货币ETF博时
2023-08-09,100.0,100.001,100.001,100.0,11.0,511860,sh,货币ETF博时
2023-08-10,100.0,100.0,100.0,100.0,1.0,511860,sh,货币ETF博时
2023-08-11,100.007,100.009,100.009,100.005,816.0,511860,sh,货币ETF博时
2023-08-14,100.004,100.0,100.004,100.0,117.0,511860,sh,货币ETF博时
2023-08-15,100.0,100.002,100.002,100.0,52.0,511860,sh,货币ETF博时
2023-08-16,100.005,100.001,100.005,100.0,472.0,511860,sh,货币ETF博时
2023-08-17,100.0,100.002,100.002,100.0,60.0,511860,sh,货币ETF博时
2023-08-18,100.01,100.007,100.011,100.007,136.0,511860,sh,货币ETF博时
2023-08-21,100.004,100.003,100.006,100.003,225.0,511860,sh,货币ETF博时
2023-08-22,100.004,100.014,100.015,100.004,1895.0,511860,sh,货币ETF博时
2023-08-23,100.011,100.017,100.017,100.011,244.0,511860,sh,货币ETF博时
2023-08-24,100.012,100.005,100.012,100.005,330.0,511860,sh,货币ETF博时
2023-08-25,100.008,100.008,100.009,100.008,62.0,511860,sh,货币ETF博时
2023-08-28,99.908,100.001,100.005,99.908,233.0,511860,sh,货币ETF博时
2023-08-29,100.0,100.0,100.0,100.0,23.0,511860,sh,货币ETF博时
2023-08-30,99.999,100.0,100.0,99.999,10.0,511860,sh,货币ETF博时
2023-08-31,100.0,99.999,100.001,99.999,313.0,511860,sh,货币ETF博时
2023-09-01,100.008,100.01,100.01,100.007,903.0,511860,sh,货币ETF博时
2023-09-04,100.004,100.0,100.004,100.0,190.0,511860,sh,货币ETF博时
2023-09-05,100.0,100.003,100.003,100.0,96.0,511860,sh,货币ETF博时
2023-09-06,100.001,100.0,100.001,100.0,122.0,511860,sh,货币ETF博时
2023-09-07,100.0,100.0,100.003,100.0,72.0,511860,sh,货币ETF博时
2023-09-08,100.0,100.007,100.007,100.0,191.0,511860,sh,货币ETF博时
2023-09-11,100.0,100.002,100.002,100.0,249.0,511860,sh,货币ETF博时
2023-09-12,100.002,100.0,100.003,100.0,301.0,511860,sh,货币ETF博时
2023-09-13,100.0,100.0,100.0,100.0,58.0,511860,sh,货币ETF博时
2023-09-14,100.0,100.001,100.004,100.0,76.0,511860,sh,货币ETF博时
2023-09-15,100.001,100.005,100.007,100.0,1094.0,511860,sh,货币ETF博时
2023-09-18,99.997,100.0,100.001,99.995,274.0,511860,sh,货币ETF博时
2023-09-19,100.0,100.0,100.0,100.0,353.0,511860,sh,货币ETF博时
2023-09-20,99.996,100.004,100.004,99.996,6.0,511860,sh,货币ETF博时
2023-09-21,100.0,100.0,100.0,99.999,331.0,511860,sh,货币ETF博时
2023-09-22,100.002,100.003,100.006,100.001,507.0,511860,sh,货币ETF博时
2023-09-25,100.0,100.0,100.003,100.0,283.0,511860,sh,货币ETF博时
2023-09-26,99.975,100.0,100.0,99.975,421.0,511860,sh,货币ETF博时
2023-09-27,99.999,99.998,100.0,99.998,161.0,511860,sh,货币ETF博时
2023-09-28,100.03,100.055,100.068,100.03,673.0,511860,sh,货币ETF博时
2023-10-09,100.002,100.004,100.004,100.001,18.0,511860,sh,货币ETF博时
2023-10-10,100.0,100.003,100.003,100.0,11.0,511860,sh,货币ETF博时
2023-10-11,100.0,100.0,100.0,100.0,2.0,511860,sh,货币ETF博时
2023-10-12,100.0,100.0,100.003,100.0,42.0,511860,sh,货币ETF博时
2023-10-13,100.068,100.008,100.068,100.004,214.0,511860,sh,货币ETF博时
2023-10-16,100.0,100.0,100.001,100.0,33.0,511860,sh,货币ETF博时
2023-10-17,100.0,100.003,100.003,100.0,150.0,511860,sh,货币ETF博时
2023-10-18,100.001,100.001,100.004,100.0,495.0,511860,sh,货币ETF博时
2023-10-19,100.003,100.0,100.003,100.0,60.0,511860,sh,货币ETF博时
2023-10-20,100.003,100.006,100.007,100.003,439.0,511860,sh,货币ETF博时
2023-10-23,100.0,100.003,100.003,99.999,546.0,511860,sh,货币ETF博时
2023-10-24,100.0,100.0,100.0,100.0,405.0,511860,sh,货币ETF博时
2023-10-25,100.0,100.0,100.0,100.0,1.0,511860,sh,货币ETF博时
2023-10-26,100.0,100.003,100.003,99.999,122.0,511860,sh,货币ETF博时
2023-10-27,100.006,100.001,100.006,100.0,481.0,511860,sh,货币ETF博时
2023-10-30,99.998,99.998,100.002,99.997,854.0,511860,sh,货币ETF博时
2023-10-31,100.0,100.0,100.0,100.0,18.0,511860,sh,货币ETF博时
2023-11-01,100.0,100.0,100.0,100.0,0.0,511860,sh,货币ETF博时
2023-11-02,100.001,100.002,100.002,100.0,367.0,511860,sh,货币ETF博时
2023-11-03,100.009,100.004,100.009,100.004,453.0,511860,sh,货币ETF博时
2023-11-06,100.0,100.0,100.003,100.0,28.0,511860,sh,货币ETF博时
2023-11-09,100.004,100.004,100.004,100.004,7.0,511860,sh,货币ETF博时
2023-11-10,100.002,100.004,100.008,100.002,456.0,511860,sh,货币ETF博时
2023-11-13,100.0,100.0,100.0,99.999,312.0,511860,sh,货币ETF博时
2023-11-14,100.0,100.0,100.001,100.0,676.0,511860,sh,货币ETF博时
2023-11-15,100.0,100.0,100.0,100.0,16.0,511860,sh,货币ETF博时
2023-11-16,100.0,99.999,100.0,99.999,25.0,511860,sh,货币ETF博时
2023-11-17,100.002,100.008,100.008,100.002,356.0,511860,sh,货币ETF博时
2023-11-20,100.0,100.002,100.002,100.0,90.0,511860,sh,货币ETF博时
2023-11-21,100.0,100.0,100.0,100.0,5.0,511860,sh,货币ETF博时
2023-11-22,100.0,100.0,100.0,100.0,62.0,511860,sh,货币ETF博时
2023-11-23,100.0,100.003,100.003,100.0,249.0,511860,sh,货币ETF博时
2023-11-24,100.006,100.005,100.006,100.005,10.0,511860,sh,货币ETF博时
2023-11-27,100.0,100.002,100.002,100.0,27.0,511860,sh,货币ETF博时
2023-11-28,100.0,100.003,100.003,100.0,301.0,511860,sh,货币ETF博时
2023-11-29,99.992,100.0,100.001,99.909,277.0,511860,sh,货币ETF博时
2023-11-30,100.0,99.999,100.0,99.999,123.0,511860,sh,货币ETF博时
2023-12-01,100.007,100.005,100.007,100.005,80.0,511860,sh,货币ETF博时
2023-12-04,99.908,100.001,100.003,99.908,69.0,511860,sh,货币ETF博时
2023-12-05,99.999,100.003,100.005,99.999,18.0,511860,sh,货币ETF博时
2023-12-06,100.0,100.0,100.0,100.0,2.0,511860,sh,货币ETF博时
2023-12-07,100.0,100.0,100.003,100.0,9.0,511860,sh,货币ETF博时
2023-12-08,100.007,100.005,100.007,100.005,31.0,511860,sh,货币ETF博时
2023-12-11,100.0,100.003,100.003,100.0,8.0,511860,sh,货币ETF博时
2023-12-12,100.001,100.001,100.001,100.0,120.0,511860,sh,货币ETF博时
2023-12-13,99.999,100.0,100.0,99.999,16.0,511860,sh,货币ETF博时
2023-12-14,100.0,100.0,100.0,100.0,2.0,511860,sh,货币ETF博时
2023-12-15,100.005,100.008,100.008,100.005,323.0,511860,sh,货币ETF博时
2023-12-18,100.0,100.0,100.0,100.0,206.0,511860,sh,货币ETF博时
2023-12-19,100.0,100.0,100.0,100.0,11.0,511860,sh,货币ETF博时
2023-12-20,100.0,100.0,100.0,100.0,1.0,511860,sh,货币ETF博时
2023-12-21,100.001,99.999,100.001,99.999,440.0,511860,sh,货币ETF博时
2023-12-22,100.006,100.007,100.008,100.005,688.0,511860,sh,货币ETF博时
2023-12-25,100.0,99.998,100.0,99.998,740.0,511860,sh,货币ETF博时
2023-12-26,100.0,99.998,100.0,99.998,475.0,511860,sh,货币ETF博时
2023-12-27,99.999,99.998,99.999,99.998,316.0,511860,sh,货币ETF博时
2023-12-28,99.998,99.999,100.0,99.998,623.0,511860,sh,货币ETF博时
2023-12-29,100.013,100.011,100.013,100.006,1104.0,511860,sh,货币ETF博时
2024-01-02,99.995,100.0,100.003,99.995,94.0,511860,sh,货币ETF博时
2024-01-03,99.998,100.001,100.003,99.998,27.0,511860,sh,货币ETF博时
2024-01-04,100.001,100.003,100.003,99.998,208.0,511860,sh,货币ETF博时
2024-01-05,100.003,100.011,100.011,100.003,922.0,511860,sh,货币ETF博时
2024-01-08,99.995,100.002,100.006,99.995,940.0,511860,sh,货币ETF博时
2024-01-09,100.004,100.003,100.004,100.0,57.0,511860,sh,货币ETF博时
2024-01-10,100.0,100.001,100.003,99.999,367.0,511860,sh,货币ETF博时
2024-01-11,100.001,100.003,100.004,100.0,58.0,511860,sh,货币ETF博时
2024-01-12,100.005,100.01,100.013,100.004,2287.0,511860,sh,货币ETF博时
2024-01-15,100.002,100.001,100.004,100.0,1146.0,511860,sh,货币ETF博时
2024-01-16,100.001,100.0,100.003,100.0,91.0,511860,sh,货币ETF博时
2024-01-17,100.002,100.003,100.003,100.001,74.0,511860,sh,货币ETF博时
2024-01-18,100.0,100.003,100.003,99.999,548.0,511860,sh,货币ETF博时
2024-01-19,100.005,100.011,100.011,100.005,808.0,511860,sh,货币ETF博时
2024-01-22,100.0,100.001,100.003,100.0,1082.0,511860,sh,货币ETF博时
2024-01-23,100.0,100.002,100.003,100.0,367.0,511860,sh,货币ETF博时
2024-01-24,100.0,100.0,100.0,100.0,1.0,511860,sh,货币ETF博时
2024-01-25,100.0,100.002,100.002,100.0,397.0,511860,sh,货币ETF博时
2024-01-26,100.0,100.006,100.006,100.0,1917.0,511860,sh,货币ETF博时
2024-01-29,100.0,100.0,100.001,99.999,1153.0,511860,sh,货币ETF博时
2024-01-30,99.999,100.004,100.004,99.999,504.0,511860,sh,货币ETF博时
2024-01-31,100.003,100.0,100.003,100.0,55.0,511860,sh,货币ETF博时
2024-02-01,100.0,100.003,100.003,100.0,104.0,511860,sh,货币ETF博时
2024-02-02,100.006,100.007,100.01,100.005,336.0,511860,sh,货币ETF博时
2024-02-05,100.002,100.002,100.006,100.0,590.0,511860,sh,货币ETF博时
2024-02-06,100.0,100.0,100.003,100.0,34.0,511860,sh,货币ETF博时
2024-02-07,99.998,100.003,100.003,99.998,362.0,511860,sh,货币ETF博时
2024-02-08,100.02,100.052,100.053,100.02,972.0,511860,sh,货币ETF博时
2024-02-19,100.0,100.0,100.006,99.999,701.0,511860,sh,货币ETF博时
2024-02-20,100.0,100.0,100.0,100.0,62.0,511860,sh,货币ETF博时
2024-02-21,100.0,100.001,100.004,100.0,147.0,511860,sh,货币ETF博时
2024-02-22,100.001,100.0,100.003,100.0,85.0,511860,sh,货币ETF博时
2024-02-23,100.006,100.009,100.01,100.005,648.0,511860,sh,货币ETF博时
2024-02-26,100.0,100.001,100.005,100.0,193.0,511860,sh,货币ETF博时
2024-02-27,100.0,100.004,100.004,99.999,47.0,511860,sh,货币ETF博时
2024-02-28,100.0,100.0,100.001,99.999,224.0,511860,sh,货币ETF博时
2024-02-29,100.0,100.0,100.0,99.999,4.0,511860,sh,货币ETF博时
2024-03-01,100.004,100.007,100.009,100.004,279.0,511860,sh,货币ETF博时
2024-03-04,100.002,100.001,100.002,100.0,51.0,511860,sh,货币ETF博时
2024-03-05,99.998,100.002,100.002,99.998,48.0,511860,sh,货币ETF博时
2024-03-06,100.0,100.001,100.001,100.0,21.0,511860,sh,货币ETF博时
2024-03-07,100.0,100.003,100.004,100.0,278.0,511860,sh,货币ETF博时
2024-03-08,100.01,100.009,100.01,100.006,636.0,511860,sh,货币ETF博时
2024-03-11,100.003,100.0,100.003,100.0,258.0,511860,sh,货币ETF博时
2024-03-12,100.003,100.0,100.004,100.0,188.0,511860,sh,货币ETF博时
2024-03-13,100.003,100.002,100.005,100.0,742.0,511860,sh,货币ETF博时
2024-03-14,100.003,100.004,100.004,100.0,162.0,511860,sh,货币ETF博时
2024-03-15,100.008,100.013,100.018,100.008,102.0,511860,sh,货币ETF博时
2024-03-18,100.003,100.006,100.007,100.003,174.0,511860,sh,货币ETF博时
2024-03-19,100.003,100.003,100.003,100.003,102.0,511860,sh,货币ETF博时
2024-03-20,100.003,100.003,100.008,100.003,285.0,511860,sh,货币ETF博时
2024-03-21,100.003,100.004,100.004,100.003,138.0,511860,sh,货币ETF博时
2024-03-22,100.005,100.016,100.019,100.004,686.0,511860,sh,货币ETF博时
2024-03-25,100.003,100.003,100.007,100.003,4.0,511860,sh,货币ETF博时
2024-03-26,100.003,100.004,100.007,100.003,10.0,511860,sh,货币ETF博时
2024-03-27,100.003,100.004,100.005,100.003,25.0,511860,sh,货币ETF博时
2024-03-28,99.999,100.0,100.0,99.999,789.0,511860,sh,货币ETF博时
2024-03-29,100.014,100.014,100.014,100.014,5.0,511860,sh,货币ETF博时
2024-04-01,100.008,100.009,100.009,100.007,201.0,511860,sh,货币ETF博时
2024-04-02,100.0,100.004,100.005,99.988,771.0,511860,sh,货币ETF博时
2024-04-03,100.025,100.027,100.032,100.025,288.0,511860,sh,货币ETF博时
2024-04-08,100.004,100.008,100.008,100.003,114.0,511860,sh,货币ETF博时
2024-04-09,100.003,100.004,100.008,100.003,250.0,511860,sh,货币ETF博时
2024-04-10,100.003,100.003,100.003,100.003,130.0,511860,sh,货币ETF博时
2024-04-11,99.999,100.0,100.005,99.999,614.0,511860,sh,货币ETF博时
2024-04-12,100.014,100.009,100.015,100.009,574.0,511860,sh,货币ETF博时
2024-04-15,100.008,100.003,100.009,100.003,448.0,511860,sh,货币ETF博时
2024-04-16,100.005,100.003,100.007,100.003,8.0,511860,sh,货币ETF博时
2024-04-17,100.003,100.007,100.007,100.003,166.0,511860,sh,货币ETF博时
2024-04-18,100.003,100.005,100.005,100.0,485.0,511860,sh,货币ETF博时
2024-04-19,100.01,100.013,100.018,100.01,221.0,511860,sh,货币ETF博时
2024-04-22,100.004,100.004,100.004,100.004,4.0,511860,sh,货币ETF博时
2024-04-23,100.004,100.004,100.01,100.004,1321.0,511860,sh,货币ETF博时
2024-04-24,100.004,100.008,100.008,100.004,28.0,511860,sh,货币ETF博时
2024-04-25,99.999,100.005,100.006,99.999,327.0,511860,sh,货币ETF博时
2024-04-26,100.006,100.005,100.006,100.005,105.0,511860,sh,货币ETF博时
2024-04-29,99.971,100.004,100.004,99.971,425.0,511860,sh,货币ETF博时
2024-04-30,100.01,100.025,100.025,100.008,637.0,511860,sh,货币ETF博时
2024-05-06,100.0,100.002,100.004,100.0,644.0,511860,sh,货币ETF博时
2024-05-07,99.996,100.001,100.003,99.939,738.0,511860,sh,货币ETF博时
2024-05-08,100.003,100.005,100.005,100.003,113.0,511860,sh,货币ETF博时
2024-05-09,99.999,99.999,100.003,99.993,1124.0,511860,sh,货币ETF博时
2024-05-10,100.007,100.01,100.015,100.005,736.0,511860,sh,货币ETF博时
2024-05-13,100.004,100.003,100.005,100.003,305.0,511860,sh,货币ETF博时
2024-05-14,100.003,100.004,100.004,100.003,54.0,511860,sh,货币ETF博时
2024-05-15,100.003,100.003,100.004,100.003,10.0,511860,sh,货币ETF博时
2024-05-16,99.999,100.0,100.0,99.998,874.0,511860,sh,货币ETF博时
2024-05-17,100.01,100.009,100.015,100.009,703.0,511860,sh,货币ETF博时
2024-05-20,100.003,100.0,100.003,100.0,889.0,511860,sh,货币ETF博时
2024-05-21,100.003,99.999,100.003,99.998,753.0,511860,sh,货币ETF博时
2024-05-22,100.003,100.002,100.003,99.999,363.0,511860,sh,货币ETF博时
2024-05-23,99.999,100.0,100.002,99.999,1210.0,511860,sh,货币ETF博时
2024-05-24,100.01,100.011,100.02,100.004,1272.0,511860,sh,货币ETF博时
2024-05-27,100.0,100.006,100.006,99.998,294.0,511860,sh,货币ETF博时
2024-05-28,100.003,100.003,100.005,100.003,27.0,511860,sh,货币ETF博时
2024-05-29,100.003,100.003,100.006,100.003,4.0,511860,sh,货币ETF博时
2024-05-30,100.003,100.001,100.003,100.0,129.0,511860,sh,货币ETF博时
2024-05-31,100.006,100.009,100.01,100.004,999.0,511860,sh,货币ETF博时
2024-06-03,99.99,100.002,100.004,99.961,552.0,511860,sh,货币ETF博时
2024-06-04,99.996,100.002,100.005,99.996,129.0,511860,sh,货币ETF博时
2024-06-05,100.003,100.0,100.003,100.0,343.0,511860,sh,货币ETF博时
2024-06-06,100.001,100.004,100.004,99.996,244.0,511860,sh,货币ETF博时
2024-06-07,100.008,100.012,100.014,100.008,278.0,511860,sh,货币ETF博时
2024-06-11,100.004,100.0,100.005,99.996,521.0,511860,sh,货币ETF博时
2024-06-12,100.0,100.0,100.002,100.0,145.0,511860,sh,货币ETF博时
2024-06-13,100.0,100.003,100.003,100.0,110.0,511860,sh,货币ETF博时
2024-06-14,100.003,100.004,100.008,100.003,642.0,511860,sh,货币ETF博时
2024-06-17,100.002,100.002,100.002,100.002,152.0,511860,sh,货币ETF博时
2024-06-18,100.0,100.002,100.002,100.0,18.0,511860,sh,货币ETF博时
2024-06-19,100.001,100.002,100.002,100.001,261.0,511860,sh,货币ETF博时
2024-06-20,100.001,100.002,100.003,100.001,14.0,511860,sh,货币ETF博时
2024-06-21,100.005,100.007,100.007,100.005,165.0,511860,sh,货币ETF博时
2024-06-24,100.0,100.004,100.004,99.994,522.0,511860,sh,货币ETF博时
2024-06-25,100.003,100.0,100.003,100.0,51.0,511860,sh,货币ETF博时
2024-06-26,99.999,99.999,99.999,99.999,30.0,511860,sh,货币ETF博时
2024-06-27,100.0,100.002,100.002,100.0,254.0,511860,sh,货币ETF博时
2024-06-28,100.008,100.007,100.009,100.007,130.0,511860,sh,货币ETF博时
2024-07-01,100.003,100.003,100.003,100.0,13.0,511860,sh,货币ETF博时
2024-07-02,100.053,100.003,100.061,100.001,24.0,511860,sh,货币ETF博时
2024-07-03,100.003,100.001,100.003,100.001,4.0,511860,sh,货币ETF博时
2024-07-04,100.0,100.003,100.003,100.0,142.0,511860,sh,货币ETF博时
2024-07-05,100.007,100.008,100.01,100.007,226.0,511860,sh,货币ETF博时
2024-07-08,100.003,100.001,100.005,100.001,147.0,511860,sh,货币ETF博时
2024-07-09,100.0,100.0,100.003,100.0,40.0,511860,sh,货币ETF博时
2024-07-10,100.0,100.0,100.003,100.0,19.0,511860,sh,货币ETF博时
2024-07-11,100.002,100.002,100.002,100.0,155.0,511860,sh,货币ETF博时
2024-07-12,100.005,100.008,100.008,100.003,279.0,511860,sh,货币ETF博时
2024-07-15,100.0,100.003,100.003,100.0,227.0,511860,sh,货币ETF博时
2024-07-16,100.003,100.0,100.003,100.0,59.0,511860,sh,货币ETF博时
2024-07-17,100.005,100.004,100.005,99.999,63.0,511860,sh,货币ETF博时
2024-07-18,100.002,100.004,100.004,100.001,56.0,511860,sh,货币ETF博时
2024-07-19,100.006,100.006,100.008,100.006,187.0,511860,sh,货币ETF博时
2024-07-22,100.005,100.002,100.005,100.002,168.0,511860,sh,货币ETF博时
2024-07-23,99.996,100.002,100.003,99.996,25.0,511860,sh,货币ETF博时
2024-07-24,100.002,100.003,100.003,100.001,14.0,511860,sh,货币ETF博时
2024-07-25,100.001,100.003,100.003,100.001,17.0,511860,sh,货币ETF博时
2024-07-26,100.006,100.007,100.008,100.005,206.0,511860,sh,货币ETF博时
2024-07-29,100.003,100.004,100.057,100.0,828.0,511860,sh,货币ETF博时
2024-07-30,100.001,100.003,100.003,100.0,57.0,511860,sh,货币ETF博时
2024-07-31,100.001,100.001,100.002,100.001,84.0,511860,sh,货币ETF博时
2024-08-01,100.004,100.002,100.004,100.002,110.0,511860,sh,货币ETF博时
2024-08-02,100.006,100.008,100.008,100.002,436.0,511860,sh,货币ETF博时
2024-08-05,100.005,100.0,100.005,100.0,390.0,511860,sh,货币ETF博时
2024-08-06,99.995,100.003,100.003,99.995,10.0,511860,sh,货币ETF博时
2024-08-07,100.003,100.003,100.003,100.003,30.0,511860,sh,货币ETF博时
2024-08-08,100.0,100.005,100.006,100.0,109.0,511860,sh,货币ETF博时
2024-08-09,100.005,100.009,100.009,100.005,162.0,511860,sh,货币ETF博时
2024-08-12,100.004,100.0,100.004,100.0,170.0,511860,sh,货币ETF博时
2024-08-13,100.001,100.0,100.001,100.0,50.0,511860,sh,货币ETF博时
2024-08-14,99.99,100.0,100.0,99.99,8.0,511860,sh,货币ETF博时
2024-08-15,100.002,100.002,100.002,100.0,9.0,511860,sh,货币ETF博时
2024-08-16,100.005,100.007,100.007,100.002,240.0,511860,sh,货币ETF博时
2024-08-19,100.003,100.001,100.003,100.0,152.0,511860,sh,货币ETF博时
2024-08-20,100.0,100.0,100.0,100.0,16.0,511860,sh,货币ETF博时
2024-08-21,100.005,100.0,100.005,99.998,141.0,511860,sh,货币ETF博时
2024-08-22,100.0,100.0,100.0,100.0,7.0,511860,sh,货币ETF博时
2024-08-23,100.006,100.005,100.008,100.005,83.0,511860,sh,货币ETF博时
2024-08-26,100.003,100.003,100.003,100.002,89.0,511860,sh,货币ETF博时
2024-08-27,100.0,100.0,100.004,100.0,2.0,511860,sh,货币ETF博时
2024-08-28,100.0,100.0,100.0,100.0,3.0,511860,sh,货币ETF博时
2024-08-29,100.003,100.003,100.003,100.0,148.0,511860,sh,货币ETF博时
2024-08-30,100.006,100.0,100.006,99.999,529.0,511860,sh,货币ETF博时
2024-09-02,99.999,99.999,100.002,99.999,104.0,511860,sh,货币ETF博时
2024-09-03,99.999,99.999,100.0,99.999,124.0,511860,sh,货币ETF博时
2024-09-04,99.999,99.999,99.999,99.999,1.0,511860,sh,货币ETF博时
2024-09-05,99.999,100.001,100.001,99.999,10.0,511860,sh,货币ETF博时
2024-09-06,100.006,100.007,100.008,100.003,962.0,511860,sh,货币ETF博时
2024-09-09,100.001,100.002,100.003,100.001,157.0,511860,sh,货币ETF博时
2024-09-10,100.001,100.0,100.001,100.0,158.0,511860,sh,货币ETF博时
2024-09-11,100.0,100.0,100.0,100.0,7.0,511860,sh,货币ETF博时
2024-09-12,100.002,100.0,100.002,100.0,36.0,511860,sh,货币ETF博时
2024-09-13,100.013,100.015,100.015,100.012,369.0,511860,sh,货币ETF博时
2024-09-18,100.0,100.0,100.0,99.999,134.0,511860,sh,货币ETF博时
2024-09-19,99.999,100.0,100.0,99.999,105.0,511860,sh,货币ETF博时
2024-09-20,100.006,100.005,100.006,100.004,336.0,511860,sh,货币ETF博时
2024-09-23,100.0,100.0,100.001,99.999,233.0,511860,sh,货币ETF博时
2024-09-24,100.0,100.0,100.0,99.999,194.0,511860,sh,货币ETF博时
2024-09-25,99.997,99.999,100.0,99.997,41.0,511860,sh,货币ETF博时
2024-09-26,99.996,99.998,99.999,99.995,299.0,511860,sh,货币ETF博时
2024-09-27,100.0,100.061,100.061,100.0,151.0,511860,sh,货币ETF博时
2024-09-30,99.96,100.004,100.3,99.939,1183.0,511860,sh,货币ETF博时
2024-10-08,99.939,99.998,100.0,99.845,1237.0,511860,sh,货币ETF博时
2024-10-09,99.998,100.001,100.002,99.997,366.0,511860,sh,货币ETF博时
2024-10-10,99.991,100.005,100.089,99.991,350.0,511860,sh,货币ETF博时
2024-10-11,100.008,100.036,100.036,100.008,1802.0,511860,sh,货币ETF博时
2024-10-14,100.005,100.031,100.031,100.005,613.0,511860,sh,货币ETF博时
2024-10-15,100.0,100.025,100.025,100.0,66.0,511860,sh,货币ETF博时
2024-10-16,100.03,100.028,100.032,100.028,183.0,511860,sh,货币ETF博时
2024-10-17,100.006,100.295,100.295,100.003,951.0,511860,sh,货币ETF博时
2024-10-18,100.03,100.029,100.036,100.029,314.0,511860,sh,货币ETF博时
2024-10-21,100.0,100.005,100.006,100.0,192.0,511860,sh,货币ETF博时
2024-10-22,99.99,100.005,100.006,99.99,267.0,511860,sh,货币ETF博时
2024-10-23,100.001,100.002,100.003,100.001,17.0,511860,sh,货币ETF博时
2024-10-24,100.006,100.002,100.006,100.002,32.0,511860,sh,货币ETF博时
2024-10-25,100.011,100.011,100.011,100.006,117.0,511860,sh,货币ETF博时
2024-10-28,100.004,100.002,100.004,100.002,112.0,511860,sh,货币ETF博时
2024-10-29,100.001,100.001,100.001,100.0,13.0,511860,sh,货币ETF博时
2024-10-30,100.001,100.001,100.001,100.0,50.0,511860,sh,货币ETF博时
2024-10-31,100.003,100.002,100.003,100.002,106.0,511860,sh,货币ETF博时
2024-11-01,100.002,100.01,100.01,100.002,504.0,511860,sh,货币ETF博时
2024-11-04,100.0,100.004,100.005,100.0,301.0,511860,sh,货币ETF博时
2024-11-05,100.003,100.003,100.004,100.003,26.0,511860,sh,货币ETF博时
2024-11-06,100.003,100.004,100.004,100.003,42.0,511860,sh,货币ETF博时
2024-11-07,99.99,100.005,100.005,99.99,215.0,511860,sh,货币ETF博时
2024-11-08,100.003,100.004,100.004,100.003,52.0,511860,sh,货币ETF博时
2024-11-11,100.004,100.003,100.004,100.003,26.0,511860,sh,货币ETF博时
2024-11-12,100.003,100.005,100.006,100.002,71.0,511860,sh,货币ETF博时
2024-11-13,100.003,100.003,100.005,100.003,104.0,511860,sh,货币ETF博时
2024-11-14,100.0,100.002,100.005,100.0,75.0,511860,sh,货币ETF博时
2024-11-15,100.002,100.007,100.009,100.002,238.0,511860,sh,货币ETF博时
2024-11-18,99.999,100.005,100.005,99.999,178.0,511860,sh,货币ETF博时
2024-11-19,100.005,100.005,100.005,100.005,10.0,511860,sh,货币ETF博时
2024-11-20,100.002,100.002,100.002,100.002,0.0,511860,sh,货币ETF博时
2024-11-21,100.003,100.006,100.006,100.003,418.0,511860,sh,货币ETF博时
2024-11-22,100.1,100.01,100.3,100.005,456.0,511860,sh,货币ETF博时
2024-11-25,99.996,100.008,100.008,99.996,334.0,511860,sh,货币ETF博时
2024-11-26,100.005,100.008,100.008,100.002,330.0,511860,sh,货币ETF博时
2024-11-27,100.005,100.004,100.008,100.004,279.0,511860,sh,货币ETF博时
2024-11-28,100.0,100.005,100.005,100.0,121.0,511860,sh,货币ETF博时
2024-11-29,100.009,100.007,100.009,100.005,496.0,511860,sh,货币ETF博时
2024-12-02,100.003,100.006,100.007,100.003,134.0,511860,sh,货币ETF博时
2024-12-03,100.004,100.005,100.006,100.003,226.0,511860,sh,货币ETF博时
2024-12-04,100.005,100.003,100.005,100.003,100.0,511860,sh,货币ETF博时
2024-12-05,100.005,100.004,100.006,100.004,154.0,511860,sh,货币ETF博时
2024-12-06,100.011,100.011,100.011,100.007,892.0,511860,sh,货币ETF博时
2024-12-09,100.005,100.003,100.005,100.001,398.0,511860,sh,货币ETF博时
2024-12-10,100.005,100.001,100.005,99.984,390.0,511860,sh,货币ETF博时
2024-12-11,99.992,100.001,100.001,99.992,172.0,511860,sh,货币ETF博时
2024-12-12,100.002,100.004,100.004,100.002,29.0,511860,sh,货币ETF博时
2024-12-13,100.008,100.007,100.009,100.007,626.0,511860,sh,货币ETF博时
2024-12-16,100.005,100.0,100.005,99.998,1170.0,511860,sh,货币ETF博时
2024-12-17,100.0,99.999,100.002,99.999,150.0,511860,sh,货币ETF博时
2024-12-18,99.999,99.999,100.002,99.999,131.0,511860,sh,货币ETF博时
2024-12-19,100.0,99.999,100.002,99.999,132.0,511860,sh,货币ETF博时
2024-12-20,100.006,100.006,100.007,100.002,414.0,511860,sh,货币ETF博时
2024-12-23,100.005,100.003,100.006,100.003,351.0,511860,sh,货币ETF博时
2024-12-24,100.0,100.0,100.001,100.0,208.0,511860,sh,货币ETF博时
2024-12-25,100.003,100.003,100.003,100.003,10.0,511860,sh,货币ETF博时
2024-12-26,100.005,100.0,100.005,100.0,14.0,511860,sh,货币ETF博时
2024-12-27,100.005,100.008,100.008,100.002,317.0,511860,sh,货币ETF博时
2024-12-30,100.002,100.0,100.003,99.999,339.0,511860,sh,货币ETF博时
2024-12-31,100.0,100.003,100.003,100.0,141.0,511860,sh,货币ETF博时
2025-01-02,100.0,100.004,100.005,100.0,248.0,511860,sh,货币ETF博时
2025-01-03,100.006,100.009,100.009,100.006,729.0,511860,sh,货币ETF博时
2025-01-06,99.997,100.002,100.004,99.997,367.0,511860,sh,货币ETF博时
2025-01-07,100.003,100.001,100.006,100.001,78.0,511860,sh,货币ETF博时
2025-01-08,100.002,100.004,100.004,100.002,148.0,511860,sh,货币ETF博时
2025-01-09,100.002,100.002,100.004,100.002,53.0,511860,sh,货币ETF博时
2025-01-10,100.007,100.009,100.009,100.007,227.0,511860,sh,货币ETF博时
2025-01-13,100.005,100.002,100.005,100.002,378.0,511860,sh,货币ETF博时
2025-01-14,100.0,100.0,100.003,100.0,176.0,511860,sh,货币ETF博时
2025-01-15,99.992,100.0,100.0,99.992,112.0,511860,sh,货币ETF博时
2025-01-16,100.0,100.0,100.003,100.0,15.0,511860,sh,货币ETF博时
2025-01-17,100.004,100.004,100.005,100.004,126.0,511860,sh,货币ETF博时
2025-01-20,100.002,100.004,100.004,100.001,23.0,511860,sh,货币ETF博时
2025-01-21,100.004,100.002,100.004,100.002,25.0,511860,sh,货币ETF博时
2025-01-22,100.003,100.001,100.003,100.001,63.0,511860,sh,货币ETF博时
2025-01-23,100.003,100.002,100.006,100.0,109.0,511860,sh,货币ETF博时
2025-01-24,100.0,100.001,101.0,99.922,4778.0,511860,sh,货币ETF博时
2025-01-27,100.029,100.03,101.0,100.029,3905.0,511860,sh,货币ETF博时
2025-02-05,100.0,100.001,100.009,99.999,644.0,511860,sh,货币ETF博时
2025-02-06,99.998,99.998,100.0,99.998,537.0,511860,sh,货币ETF博时
2025-02-07,100.002,100.004,100.005,100.002,850.0,511860,sh,货币ETF博时
2025-02-10,100.004,100.002,100.004,99.999,466.0,511860,sh,货币ETF博时
2025-02-11,100.001,99.999,100.001,99.999,1020.0,511860,sh,货币ETF博时
2025-02-12,99.999,99.999,100.0,99.999,618.0,511860,sh,货币ETF博时
2025-02-13,99.999,100.0,100.0,99.997,217.0,511860,sh,货币ETF博时
2025-02-14,100.004,100.005,100.006,100.004,1551.0,511860,sh,货币ETF博时
2025-02-17,100.0,100.0,100.001,99.999,396.0,511860,sh,货币ETF博时
2025-02-18,100.0,100.0,100.0,99.998,421.0,511860,sh,货币ETF博时
2025-02-19,100.0,99.998,100.0,99.998,82.0,511860,sh,货币ETF博时
2025-02-20,99.998,100.001,100.001,99.998,104.0,511860,sh,货币ETF博时
2025-02-21,100.005,100.001,100.008,100.001,672.0,511860,sh,货币ETF博时
2025-02-24,100.0,100.0,100.003,99.998,218.0,511860,sh,货币ETF博时
2025-02-25,99.999,100.0,100.001,99.999,178.0,511860,sh,货币ETF博时
2025-02-26,99.998,99.999,100.0,99.998,9.0,511860,sh,货币ETF博时
2025-02-27,99.999,100.0,100.0,99.999,27.0,511860,sh,货币ETF博时
2025-02-28,100.005,100.004,100.006,100.003,1654.0,511860,sh,货币ETF博时
2025-03-03,100.006,100.002,100.006,99.998,748.0,511860,sh,货币ETF博时
2025-03-04,100.0,100.001,100.003,100.0,263.0,511860,sh,货币ETF博时
2025-03-05,100.005,99.999,100.005,99.999,523.0,511860,sh,货币ETF博时
2025-03-06,99.999,100.0,100.004,99.999,409.0,511860,sh,货币ETF博时
2025-03-07,100.004,100.005,100.01,100.004,306.0,511860,sh,货币ETF博时
2025-03-10,99.999,100.002,100.004,99.999,573.0,511860,sh,货币ETF博时
2025-03-11,100.002,100.001,100.003,100.001,138.0,511860,sh,货币ETF博时
2025-03-12,100.001,100.001,100.004,100.0,432.0,511860,sh,货币ETF博时
2025-03-13,100.001,100.003,100.005,99.999,352.0,511860,sh,货币ETF博时
2025-03-14,100.004,100.005,100.009,100.004,851.0,511860,sh,货币ETF博时
2025-03-17,99.999,100.002,100.002,99.998,567.0,511860,sh,货币ETF博时
2025-03-18,99.999,100.0,100.002,99.999,230.0,511860,sh,货币ETF博时
2025-03-19,99.999,100.001,100.002,99.797,846.0,511860,sh,货币ETF博时
2025-03-20,100.001,100.002,100.002,100.0,32.0,511860,sh,货币ETF博时
2025-03-21,100.005,100.006,100.01,100.005,773.0,511860,sh,货币ETF博时
2025-03-24,99.999,100.002,100.005,99.941,509.0,511860,sh,货币ETF博时
2025-03-25,100.002,100.003,100.006,100.002,182.0,511860,sh,货币ETF博时
2025-03-26,100.0,100.0,100.003,99.992,961.0,511860,sh,货币ETF博时
2025-03-27,100.0,100.005,100.005,100.0,557.0,511860,sh,货币ETF博时
2025-03-28,100.005,100.005,100.006,100.005,105.0,511860,sh,货币ETF博时
2025-03-31,100.005,100.001,100.005,100.001,15.0,511860,sh,货币ETF博时
2025-04-01,100.0,100.003,100.005,100.0,366.0,511860,sh,货币ETF博时
2025-04-02,100.0,100.006,100.006,100.0,76.0,511860,sh,货币ETF博时
2025-04-03,100.011,100.014,100.015,100.011,353.0,511860,sh,货币ETF博时
2025-04-07,99.99,100.003,100.005,99.99,465.0,511860,sh,货币ETF博时
2025-04-08,99.999,100.0,100.004,99.999,338.0,511860,sh,货币ETF博时
2025-04-09,100.0,100.0,100.003,99.998,650.0,511860,sh,货币ETF博时
2025-04-10,99.99,100.005,100.005,99.99,521.0,511860,sh,货币ETF博时
2025-04-11,100.005,100.006,100.011,100.005,696.0,511860,sh,货币ETF博时
2025-04-14,100.002,100.005,100.006,100.002,502.0,511860,sh,货币ETF博时
2025-04-15,100.003,100.004,100.004,100.002,93.0,511860,sh,货币ETF博时
2025-04-16,100.005,100.002,100.005,100.002,38.0,511860,sh,货币ETF博时
2025-04-17,100.003,100.004,100.004,100.003,92.0,511860,sh,货币ETF博时
2025-04-18,100.005,100.007,100.008,100.005,129.0,511860,sh,货币ETF博时
2025-04-21,100.0,100.002,100.005,100.0,49.0,511860,sh,货币ETF博时
2025-04-22,99.999,100.004,100.005,99.999,12.0,511860,sh,货币ETF博时
2025-04-23,100.003,100.004,100.005,100.002,135.0,511860,sh,货币ETF博时
2025-04-24,100.002,100.002,100.002,100.002,43.0,511860,sh,货币ETF博时
2025-04-25,100.006,100.004,100.006,100.004,56.0,511860,sh,货币ETF博时
2025-04-28,100.0,100.0,100.004,100.0,83.0,511860,sh,货币ETF博时
2025-04-29,100.004,100.004,100.007,100.004,145.0,511860,sh,货币ETF博时
2025-04-30,100.016,100.016,100.019,100.011,677.0,511860,sh,货币ETF博时
2025-05-06,100.014,100.0,105.0,99.991,877.0,511860,sh,货币ETF博时
2025-05-07,100.003,100.004,100.004,100.0,183.0,511860,sh,货币ETF博时
2025-05-08,100.001,100.002,100.004,100.001,79.0,511860,sh,货币ETF博时
2025-05-09,100.01,100.008,100.01,100.005,365.0,511860,sh,货币ETF博时
2025-05-12,100.003,100.006,100.006,100.003,13.0,511860,sh,货币ETF博时
2025-05-13,100.003,100.006,100.006,100.003,31.0,511860,sh,货币ETF博时
2025-05-14,100.002,100.002,100.003,100.002,76.0,511860,sh,货币ETF博时
2025-05-15,99.999,100.003,100.003,99.999,43.0,511860,sh,货币ETF博时
2025-05-16,100.008,100.007,100.008,100.007,49.0,511860,sh,货币ETF博时
2025-05-19,100.004,100.003,104.999,100.0,163.0,511860,sh,货币ETF博时
2025-05-20,100.001,100.0,100.004,100.0,102.0,511860,sh,货币ETF博时
2025-05-21,100.0,100.004,100.004,100.0,21.0,511860,sh,货币ETF博时
2025-05-22,100.007,100.003,100.007,100.001,76.0,511860,sh,货币ETF博时
2025-05-23,100.009,100.009,100.009,100.006,88.0,511860,sh,货币ETF博时
2025-05-26,100.001,100.001,100.001,100.001,37.0,511860,sh,货币ETF博时
2025-05-27,100.001,100.001,100.002,100.0,65.0,511860,sh,货币ETF博时
2025-05-28,99.99,100.001,100.004,99.99,14.0,511860,sh,货币ETF博时
2025-05-29,100.009,100.005,101.998,100.001,138.0,511860,sh,货币ETF博时
2025-05-30,100.038,100.008,100.038,100.006,682.0,511860,sh,货币ETF博时
2025-06-03,100.008,100.002,100.008,100.002,554.0,511860,sh,货币ETF博时
2025-06-04,100.0,100.002,100.01,99.998,210.0,511860,sh,货币ETF博时
2025-06-05,100.005,100.006,100.801,100.002,74.0,511860,sh,货币ETF博时
2025-06-06,100.006,100.006,100.01,100.005,552.0,511860,sh,货币ETF博时
2025-06-09,100.001,100.0,100.004,100.0,137.0,511860,sh,货币ETF博时
2025-06-10,100.004,100.0,100.004,100.0,39.0,511860,sh,货币ETF博时
2025-06-11,100.003,100.002,100.003,100.002,33.0,511860,sh,货币ETF博时
2025-06-12,100.01,100.002,100.01,100.0,19.0,511860,sh,货币ETF博时
2025-06-13,100.008,100.008,100.008,100.008,2.0,511860,sh,货币ETF博时
2025-06-16,100.001,100.001,100.001,100.001,6.0,511860,sh,货币ETF博时
2025-06-17,100.0,100.001,100.001,100.0,306.0,511860,sh,货币ETF博时
2025-06-18,100.0,100.0,100.001,100.0,8.0,511860,sh,货币ETF博时
2025-06-19,99.998,100.004,100.004,99.998,105.0,511860,sh,货币ETF博时
2025-06-20,100.009,100.007,100.009,100.006,39.0,511860,sh,货币ETF博时
2025-06-23,100.0,100.0,100.0,100.0,1.0,511860,sh,货币ETF博时
2025-06-24,100.0,100.003,100.003,100.0,10.0,511860,sh,货币ETF博时
2025-06-25,100.003,100.0,100.003,100.0,104.0,511860,sh,货币ETF博时
2025-06-26,100.001,100.003,100.003,100.001,9.0,511860,sh,货币ETF博时
2025-06-27,100.002,100.004,100.004,100.002,6.0,511860,sh,货币ETF博时
2025-06-30,100.003,100.003,100.004,100.003,20.0,511860,sh,货币ETF博时
2025-07-01,100.001,100.002,100.002,100.001,5.0,511860,sh,货币ETF博时
2025-07-02,100.001,100.003,100.003,100.001,153.0,511860,sh,货币ETF博时
2025-07-03,100.001,100.001,100.001,100.001,4.0,511860,sh,货币ETF博时
2025-07-04,100.006,100.007,100.007,100.006,26.0,511860,sh,货币ETF博时
2025-07-07,99.998,100.0,100.003,99.998,33.0,511860,sh,货币ETF博时
2025-07-08,100.0,100.0,100.003,100.0,134.0,511860,sh,货币ETF博时
2025-07-09,100.002,100.002,100.002,100.002,5.0,511860,sh,货币ETF博时
2025-07-10,100.0,100.001,100.001,99.901,31.0,511860,sh,货币ETF博时
2025-07-11,100.005,100.005,100.006,100.004,386.0,511860,sh,货币ETF博时
2025-07-14,100.0,100.0,100.001,100.0,120.0,511860,sh,货币ETF博时
2025-07-15,99.999,100.0,100.0,99.999,55.0,511860,sh,货币ETF博时
2025-07-16,99.996,100.0,100.0,99.995,11.0,511860,sh,货币ETF博时
2025-07-17,100.003,100.002,100.003,100.002,3.0,511860,sh,货币ETF博时
2025-07-18,100.004,100.003,100.005,100.003,233.0,511860,sh,货币ETF博时
2025-07-21,100.002,100.001,100.002,100.0,91.0,511860,sh,货币ETF博时
2025-07-22,100.001,100.004,100.004,100.0,156.0,511860,sh,货币ETF博时
2025-07-23,100.0,99.998,100.0,99.998,238.0,511860,sh,货币ETF博时
2025-07-24,99.998,99.998,100.002,99.998,107.0,511860,sh,货币ETF博时
2025-07-25,100.005,100.005,100.006,100.005,122.0,511860,sh,货币ETF博时
2025-07-28,99.999,100.004,100.004,99.999,107.0,511860,sh,货币ETF博时
2025-07-29,100.001,100.001,100.001,100.001,54.0,511860,sh,货币ETF博时
2025-07-30,100.009,100.003,100.1,100.0,50.0,511860,sh,货币ETF博时
2025-07-31,100.001,100.004,100.004,100.0,242.0,511860,sh,货币ETF博时
2025-08-01,100.005,100.007,100.008,100.005,118.0,511860,sh,货币ETF博时
2025-08-04,100.0,100.002,100.002,100.0,79.0,511860,sh,货币ETF博时
2025-08-05,100.0,100.001,100.001,99.996,16.0,511860,sh,货币ETF博时
2025-08-06,99.999,100.0,100.003,99.995,35.0,511860,sh,货币ETF博时
2025-08-07,100.0,100.003,100.003,100.0,156.0,511860,sh,货币ETF博时
2025-08-08,100.005,100.004,100.007,100.004,76.0,511860,sh,货币ETF博时
2025-08-11,100.0,99.999,100.002,99.999,295.0,511860,sh,货币ETF博时
2025-08-12,99.909,100.002,100.002,99.909,60.0,511860,sh,货币ETF博时
2025-08-13,99.998,99.999,100.003,99.95,157.0,511860,sh,货币ETF博时
2025-08-14,100.002,99.999,100.002,99.999,54.0,511860,sh,货币ETF博时
2025-08-15,100.005,100.005,100.005,100.003,183.0,511860,sh,货币ETF博时
2025-08-18,100.0,100.0,100.003,100.0,162.0,511860,sh,货币ETF博时
2025-08-19,99.998,99.998,99.998,99.998,48.0,511860,sh,货币ETF博时
2025-08-20,100.009,100.002,100.009,99.998,257.0,511860,sh,货币ETF博时
2025-08-21,100.0,100.002,100.002,100.0,231.0,511860,sh,货币ETF博时
2025-08-22,100.004,100.002,100.006,100.002,104.0,511860,sh,货币ETF博时
2025-08-25,99.995,100.002,100.002,99.995,188.0,511860,sh,货币ETF博时
2025-08-26,99.999,99.998,99.999,99.897,108.0,511860,sh,货币ETF博时
2025-08-27,100.001,100.002,100.002,100.001,29.0,511860,sh,货币ETF博时
2025-08-28,100.003,100.002,100.003,100.0,415.0,511860,sh,货币ETF博时
2025-08-29,100.004,100.008,100.008,100.004,1436.0,511860,sh,货币ETF博时
2025-09-01,100.002,100.003,100.003,100.001,341.0,511860,sh,货币ETF博时
2025-09-02,100.001,100.005,100.005,100.001,199.0,511860,sh,货币ETF博时
2025-09-03,100.005,100.005,100.005,100.002,51.0,511860,sh,货币ETF博时
2025-09-04,100.002,100.007,100.007,100.001,142.0,511860,sh,货币ETF博时
2025-09-05,100.004,100.006,100.01,100.004,474.0,511860,sh,货币ETF博时
2025-09-08,100.001,100.003,100.003,100.0,73.0,511860,sh,货币ETF博时
2025-09-09,100.0,100.0,100.002,99.999,217.0,511860,sh,货币ETF博时
2025-09-10,99.999,99.999,100.003,99.999,137.0,511860,sh,货币ETF博时
2025-09-11,100.0,100.002,100.002,100.0,84.0,511860,sh,货币ETF博时
2025-09-12,100.004,100.005,100.006,100.003,442.0,511860,sh,货币ETF博时
2025-09-15,100.003,100.003,100.003,100.003,1.0,511860,sh,货币ETF博时
2025-09-16,99.999,100.0,100.0,99.999,164.0,511860,sh,货币ETF博时
2025-09-17,100.002,100.0,100.002,100.0,102.0,511860,sh,货币ETF博时
2025-09-18,100.002,100.006,100.006,100.002,219.0,511860,sh,货币ETF博时
2025-09-19,100.004,100.005,100.007,100.004,207.0,511860,sh,货币ETF博时
2025-09-22,100.001,100.003,100.003,100.001,64.0,511860,sh,货币ETF博时
2025-09-23,100.003,100.004,100.004,100.003,2.0,511860,sh,货币ETF博时
2025-09-24,100.001,100.001,100.004,100.001,105.0,511860,sh,货币ETF博时
2025-09-25,100.001,100.01,100.01,100.001,636.0,511860,sh,货币ETF博时
2025-09-26,100.002,100.098,100.732,100.0,962.0,511860,sh,货币ETF博时
2025-09-29,100.731,100.045,101.738,100.017,329.0,511860,sh,货币ETF博时
2025-09-30,100.045,100.049,100.114,100.012,2739.0,511860,sh,货币ETF博时
2025-10-09,100.0,100.005,100.065,100.0,610.0,511860,sh,货币ETF博时
2025-10-10,100.001,100.005,100.048,100.0,628.0,511860,sh,货币ETF博时
2025-10-13,100.004,100.003,100.004,100.002,14.0,511860,sh,货币ETF博时
2025-10-14,100.0,100.004,100.004,99.998,466.0,511860,sh,货币ETF博时
2025-10-15,100.001,100.001,100.003,100.001,122.0,511860,sh,货币ETF博时
2025-10-16,100.002,100.002,100.002,99.998,114.0,511860,sh,货币ETF博时
2025-10-17,100.007,100.007,100.007,100.005,519.0,511860,sh,货币ETF博时
2025-10-20,100.003,100.005,100.005,100.002,177.0,511860,sh,货币ETF博时
2025-10-21,100.002,100.003,100.004,100.001,41.0,511860,sh,货币ETF博时
2025-10-22,99.996,100.003,100.056,99.996,405.0,511860,sh,货币ETF博时
2025-10-23,100.003,100.005,100.005,100.003,22.0,511860,sh,货币ETF博时
2025-10-24,100.006,100.006,100.006,100.005,72.0,511860,sh,货币ETF博时
2025-10-27,100.001,100.001,100.001,100.001,96.0,511860,sh,货币ETF博时
2025-10-28,100.003,100.0,100.003,100.0,91.0,511860,sh,货币ETF博时
2025-10-29,100.0,100.003,100.004,100.0,108.0,511860,sh,货币ETF博时
2025-10-30,100.0,100.002,100.004,100.0,357.0,511860,sh,货币ETF博时
2025-10-31,100.005,100.005,100.007,100.005,5.0,511860,sh,货币ETF博时
2025-11-03,100.004,100.002,100.004,100.0,62.0,511860,sh,货币ETF博时
2025-11-04,100.002,100.003,100.003,100.002,101.0,511860,sh,货币ETF博时
2025-11-05,100.0,100.002,100.002,100.0,2.0,511860,sh,货币ETF博时
2025-11-06,100.0,100.002,100.002,100.0,51.0,511860,sh,货币ETF博时
2025-11-07,100.004,100.006,100.006,100.004,26.0,511860,sh,货币ETF博时
2025-11-10,100.088,100.002,100.088,100.0,42.0,511860,sh,货币ETF博时
2025-11-11,100.0,100.0,100.003,100.0,280.0,511860,sh,货币ETF博时
2025-11-12,100.001,100.001,100.001,100.001,23.0,511860,sh,货币ETF博时
2025-11-13,100.001,100.0,100.001,100.0,37.0,511860,sh,货币ETF博时
2025-11-14,100.005,100.006,100.006,100.004,167.0,511860,sh,货币ETF博时
2025-11-17,99.997,100.001,100.002,99.997,355.0,511860,sh,货币ETF博时
2025-11-18,100.001,100.001,100.001,100.0,120.0,511860,sh,货币ETF博时
2025-11-19,100.0,100.002,100.002,100.0,101.0,511860,sh,货币ETF博时
2025-11-20,100.0,100.003,100.003,99.998,31.0,511860,sh,货币ETF博时
2025-11-21,100.01,100.005,100.01,100.005,273.0,511860,sh,货币ETF博时
2025-11-24,99.998,100.001,100.001,99.998,92.0,511860,sh,货币ETF博时
2025-11-25,99.999,100.0,100.0,99.999,16.0,511860,sh,货币ETF博时
2025-11-26,100.0,100.003,100.004,100.0,33.0,511860,sh,货币ETF博时
2025-11-27,100.001,100.001,100.001,100.001,22.0,511860,sh,货币ETF博时
2025-11-28,100.005,100.007,100.007,100.004,264.0,511860,sh,货币ETF博时
2025-12-01,100.002,100.004,100.004,100.002,138.0,511860,sh,货币ETF博时
2025-12-02,100.002,100.002,100.002,100.0,72.0,511860,sh,货币ETF博时
2025-12-03,100.001,100.001,100.005,100.001,11.0,511860,sh,货币ETF博时
2025-12-04,100.003,100.0,100.004,100.0,11.0,511860,sh,货币ETF博时
2025-12-05,100.005,100.006,100.006,100.002,26.0,511860,sh,货币ETF博时
2025-12-08,99.999,100.004,100.004,99.995,262.0,511860,sh,货币ETF博时
2025-12-09,100.001,100.001,100.005,100.001,23.0,511860,sh,货币ETF博时
2025-12-10,100.004,100.001,100.005,100.001,58.0,511860,sh,货币ETF博时
2025-12-11,100.001,100.001,100.004,100.001,4.0,511860,sh,货币ETF博时
2025-12-12,100.005,100.004,100.006,100.004,359.0,511860,sh,货币ETF博时
2025-12-15,100.003,100.0,100.004,100.0,214.0,511860,sh,货币ETF博时
2025-12-16,100.0,100.0,100.003,100.0,24.0,511860,sh,货币ETF博时
2025-12-17,100.0,100.003,100.003,100.0,15.0,511860,sh,货币ETF博时
2025-12-18,100.0,100.0,100.003,100.0,20.0,511860,sh,货币ETF博时
2025-12-19,100.005,100.009,100.009,100.004,793.0,511860,sh,货币ETF博时
2025-12-22,100.003,100.001,100.003,100.0,14.0,511860,sh,货币ETF博时
2025-12-23,100.001,100.001,100.004,100.001,112.0,511860,sh,货币ETF博时
2025-12-24,100.001,100.001,100.001,100.0,30.0,511860,sh,货币ETF博时
2025-12-25,100.004,100.002,100.005,100.002,49.0,511860,sh,货币ETF博时
2025-12-26,100.005,100.005,100.007,100.004,369.0,511860,sh,货币ETF博时
2025-12-29,100.001,100.01,100.011,99.9,659.0,511860,sh,货币ETF博时
2025-12-30,100.001,100.026,100.04,100.0,536.0,511860,sh,货币ETF博时
2025-12-31,100.019,100.01,100.019,100.01,1273.0,511860,sh,货币ETF博时
2026-01-05,100.0,100.0,100.001,100.0,186.0,511860,sh,货币ETF博时
2026-01-06,99.99,100.0,100.005,99.99,281.0,511860,sh,货币ETF博时
2026-01-07,99.998,100.0,100.002,99.902,88.0,511860,sh,货币ETF博时
2026-01-08,100.0,100.0,100.001,100.0,133.0,511860,sh,货币ETF博时
2026-01-09,100.005,100.005,100.005,100.002,195.0,511860,sh,货币ETF博时
2026-01-12,99.998,99.998,100.0,99.993,321.0,511860,sh,货币ETF博时
2026-01-13,100.0,100.0,100.005,100.0,209.0,511860,sh,货币ETF博时
2026-01-14,100.002,100.0,100.002,100.0,215.0,511860,sh,货币ETF博时
2026-01-15,99.998,100.001,100.003,99.99,236.0,511860,sh,货币ETF博时
2026-01-16,100.005,100.006,100.006,100.004,251.0,511860,sh,货币ETF博时
2026-01-19,100.003,100.004,100.005,100.001,248.0,511860,sh,货币ETF博时
2026-01-20,100.0,100.001,100.001,99.996,116.0,511860,sh,货币ETF博时
2026-01-21,99.995,100.0,100.003,99.91,36.0,511860,sh,货币ETF博时
2026-01-22,99.998,99.999,100.0,99.998,81.0,511860,sh,货币ETF博时
2026-01-23,100.004,100.006,100.006,100.004,124.0,511860,sh,货币ETF博时
2026-01-26,99.963,99.999,100.001,99.91,487.0,511860,sh,货币ETF博时
2026-01-27,100.0,100.001,100.001,99.999,250.0,511860,sh,货币ETF博时
2026-01-28,99.999,100.0,100.0,99.998,170.0,511860,sh,货币ETF博时
2026-01-29,100.0,100.0,100.001,99.998,191.0,511860,sh,货币ETF博时
2026-01-30,100.004,100.001,100.004,100.0,303.0,511860,sh,货币ETF博时
2026-02-02,99.996,100.006,100.006,99.996,423.0,511860,sh,货币ETF博时
2026-02-03,100.0,100.0,100.003,100.0,176.0,511860,sh,货币ETF博时
2026-02-04,100.0,100.004,100.006,100.0,147.0,511860,sh,货币ETF博时
2026-02-05,99.997,100.003,100.003,99.91,631.0,511860,sh,货币ETF博时
2026-02-06,100.005,100.006,100.006,100.005,301.0,511860,sh,货币ETF博时
2026-02-09,100.004,100.006,100.006,100.004,284.0,511860,sh,货币ETF博时
2026-02-10,100.003,100.004,100.004,100.001,287.0,511860,sh,货币ETF博时
2026-02-11,100.005,100.037,100.19,100.005,1578.0,511860,sh,货币ETF博时
2026-02-12,100.037,100.021,100.046,100.006,2365.0,511860,sh,货币ETF博时
2026-02-13,100.029,100.034,100.035,100.01,6202.0,511860,sh,货币ETF博时
2026-02-24,100.0,99.99,100.0,99.99,1231.0,511860,sh,货币ETF博时
2026-02-25,99.992,99.998,99.999,99.992,771.0,511860,sh,货币ETF博时
2026-02-26,99.994,99.995,99.998,99.993,659.0,511860,sh,货币ETF博时
2026-02-27,99.995,100.0,100.001,99.995,420.0,511860,sh,货币ETF博时
2026-03-02,99.995,99.998,99.999,99.995,861.0,511860,sh,货币ETF博时
2026-03-03,99.998,100.0,100.0,99.998,733.0,511860,sh,货币ETF博时
2026-03-04,99.996,99.999,100.0,99.996,59.0,511860,sh,货币ETF博时
2026-03-05,99.998,99.999,99.999,99.998,126.0,511860,sh,货币ETF博时
2026-03-06,100.002,100.002,100.003,100.0,1525.0,511860,sh,货币ETF博时
2026-03-09,99.995,99.997,99.999,99.995,613.0,511860,sh,货币ETF博时
2026-03-10,99.992,99.999,99.999,99.992,151.0,511860,sh,货币ETF博时
2026-03-11,99.995,99.999,99.999,99.995,187.0,511860,sh,货币ETF博时
2026-03-12,99.995,99.999,99.999,99.995,261.0,511860,sh,货币ETF博时
2026-03-13,100.002,100.005,100.006,100.002,336.0,511860,sh,货币ETF博时
2026-03-16,99.998,99.999,100.0,99.998,235.0,511860,sh,货币ETF博时
2026-03-17,99.998,99.998,99.999,99.997,526.0,511860,sh,货币ETF博时
2026-03-18,99.999,100.0,100.0,99.998,99.0,511860,sh,货币ETF博时
2026-03-19,100.0,99.998,100.0,99.998,319.0,511860,sh,货币ETF博时
2026-03-20,100.004,100.005,100.006,100.004,246.0,511860,sh,货币ETF博时
2026-03-23,99.998,99.999,100.0,99.998,300.0,511860,sh,货币ETF博时
2026-03-24,99.998,99.999,100.0,99.998,63.0,511860,sh,货币ETF博时
2026-03-25,99.998,100.0,100.001,99.998,141.0,511860,sh,货币ETF博时
2026-03-26,99.999,100.0,100.002,99.998,14.0,511860,sh,货币ETF博时
2026-03-27,100.004,100.005,100.005,100.004,102.0,511860,sh,货币ETF博时
2026-03-30,99.997,99.998,100.0,99.997,324.0,511860,sh,货币ETF博时
2026-03-31,99.995,100.0,100.001,99.995,107.0,511860,sh,货币ETF博时
2026-04-01,99.997,99.999,100.0,99.996,13.0,511860,sh,货币ETF博时
2026-04-02,99.997,100.001,100.001,99.997,150.0,511860,sh,货币ETF博时
2026-04-03,100.006,100.009,100.009,100.006,118.0,511860,sh,货币ETF博时
2026-04-07,99.998,100.001,100.001,99.997,50.0,511860,sh,货币ETF博时
2026-04-08,99.997,99.998,100.0,99.997,163.0,511860,sh,货币ETF博时
2026-04-09,99.997,100.0,100.001,99.997,56.0,511860,sh,货币ETF博时
2026-04-10,100.001,100.002,100.006,100.001,164.0,511860,sh,货币ETF博时
2026-04-13,100.0,99.999,100.002,99.998,19.0,511860,sh,货币ETF博时
2026-04-14,100.0,100.0,100.003,100.0,250.0,511860,sh,货币ETF博时
2026-04-15,99.998,99.999,100.0,99.995,123.0,511860,sh,货币ETF博时
2026-04-16,99.998,99.997,100.001,99.997,35.0,511860,sh,货币ETF博时
2026-04-17,100.003,100.005,100.005,100.003,16.0,511860,sh,货币ETF博时
2026-04-20,99.998,99.998,100.002,99.998,19.0,511860,sh,货币ETF博时
2026-04-21,100.002,100.0,100.002,100.0,4.0,511860,sh,货币ETF博时
2026-04-22,100.0,99.999,100.001,99.998,85.0,511860,sh,货币ETF博时
2026-04-23,99.997,100.001,100.002,99.997,249.0,511860,sh,货币ETF博时
2026-04-24,100.004,100.005,100.006,100.004,65.0,511860,sh,货币ETF博时
2026-04-27,99.998,100.0,100.002,99.997,65.0,511860,sh,货币ETF博时
2026-04-28,100.0,100.001,100.002,99.999,191.0,511860,sh,货币ETF博时
2026-04-29,100.027,100.004,100.028,100.0,465.0,511860,sh,货币ETF博时
2026-04-30,100.011,100.015,100.015,100.008,1511.0,511860,sh,货币ETF博时
2026-05-06,99.998,99.997,99.998,99.902,1487.0,511860,sh,货币ETF博时
2026-05-07,99.999,99.998,99.999,99.993,200.0,511860,sh,货币ETF博时
2026-05-08,100.002,100.005,100.005,100.002,35.0,511860,sh,货币ETF博时
2026-05-11,99.998,100.002,100.002,99.998,214.0,511860,sh,货币ETF博时
2026-05-12,100.003,100.0,100.003,100.0,26.0,511860,sh,货币ETF博时
2026-05-13,99.998,100.0,100.0,99.998,118.0,511860,sh,货币ETF博时
2026-05-14,100.001,99.997,100.001,99.997,74.0,511860,sh,货币ETF博时
2026-05-15,100.003,100.006,100.006,100.003,192.0,511860,sh,货币ETF博时
2026-05-18,99.998,99.999,100.0,99.998,75.0,511860,sh,货币ETF博时
2026-05-19,99.998,100.003,100.003,99.998,304.0,511860,sh,货币ETF博时
2026-05-20,99.998,100.001,100.002,99.998,11.0,511860,sh,货币ETF博时
2026-05-21,99.999,99.999,100.0,99.999,37.0,511860,sh,货币ETF博时
2026-05-22,100.003,100.006,100.006,100.003,17.0,511860,sh,货币ETF博时
2026-05-25,100.0,100.0,100.0,100.0,97.0,511860,sh,货币ETF博时
2026-05-26,100.0,100.002,100.002,99.999,49.0,511860,sh,货币ETF博时
2026-05-27,100.001,100.0,100.001,99.999,134.0,511860,sh,货币ETF博时
2026-05-28,100.001,100.003,100.003,100.001,145.0,511860,sh,货币ETF博时
2026-05-29,100.003,100.008,100.008,100.003,152.0,511860,sh,货币ETF博时
2026-06-01,99.999,100.0,100.0,99.997,327.0,511860,sh,货币ETF博时
2026-06-02,99.997,99.999,100.0,99.997,261.0,511860,sh,货币ETF博时
2026-06-03,99.999,100.0,100.002,99.999,125.0,511860,sh,货币ETF博时
2026-06-04,100.001,100.001,100.001,99.998,711.0,511860,sh,货币ETF博时
2026-06-05,100.004,100.008,100.012,100.003,1117.0,511860,sh,货币ETF博时
2026-06-08,100.003,100.0,100.003,100.0,411.0,511860,sh,货币ETF博时
2026-06-09,100.0,100.001,100.002,100.0,64.0,511860,sh,货币ETF博时
2026-06-10,100.0,100.002,100.002,100.0,115.0,511860,sh,货币ETF博时
2026-06-11,99.999,100.0,100.002,99.999,1284.0,511860,sh,货币ETF博时
2026-06-12,100.004,100.003,100.009,100.003,1107.0,511860,sh,货币ETF博时
2026-06-15,99.995,99.998,99.999,99.995,109.0,511860,sh,货币ETF博时
2026-06-16,99.998,99.998,100.0,99.996,1114.0,511860,sh,货币ETF博时
2026-06-17,99.998,100.0,100.0,99.996,815.0,511860,sh,货币ETF博时
2026-06-18,100.006,100.004,100.01,100.004,2080.0,511860,sh,货币ETF博时
2026-06-22,99.997,99.998,100.0,99.996,527.0,511860,sh,货币ETF博时
2026-06-23,99.997,100.0,100.0,99.997,27.0,511860,sh,货币ETF博时
2026-06-24,99.999,99.998,99.999,99.998,150.0,511860,sh,货币ETF博时
2026-06-25,99.996,99.999,99.999,99.994,1698.0,511860,sh,货币ETF博时
2026-06-26,100.003,100.003,100.004,100.001,1088.0,511860,sh,货币ETF博时
2026-06-29,99.998,99.995,100.001,99.995,888.0,511860,sh,货币ETF博时
2026-06-30,99.993,99.998,99.998,99.991,332.0,511860,sh,货币ETF博时
2026-07-01,99.991,100.0,100.0,99.968,384.0,511860,sh,货币ETF博时
2026-07-02,99.995,100.002,100.002,99.995,705.0,511860,sh,货币ETF博时
2026-07-03,100.003,100.004,100.006,100.002,913.0,511860,sh,货币ETF博时
