date,open,close,high,low,volume,code,market,name
2020-01-02,2.174,2.207,2.215,2.174,107696.0,510580,sh,中证500ETF易方达
2020-01-03,2.205,2.209,2.215,2.201,101855.0,510580,sh,中证500ETF易方达
2020-01-06,2.21,2.234,2.256,2.203,96775.0,510580,sh,中证500ETF易方达
2020-01-07,2.242,2.262,2.262,2.236,83546.0,510580,sh,中证500ETF易方达
2020-01-08,2.24,2.234,2.261,2.225,92778.0,510580,sh,中证500ETF易方达
2020-01-09,2.242,2.263,2.264,2.242,75697.0,510580,sh,中证500ETF易方达
2020-01-10,2.265,2.251,2.272,2.242,85017.0,510580,sh,中证500ETF易方达
2020-01-13,2.253,2.294,2.294,2.24,89735.0,510580,sh,中证500ETF易方达
2020-01-14,2.292,2.28,2.303,2.279,65691.0,510580,sh,中证500ETF易方达
2020-01-15,2.28,2.274,2.282,2.261,56786.0,510580,sh,中证500ETF易方达
2020-01-16,2.282,2.277,2.286,2.271,68984.0,510580,sh,中证500ETF易方达
2020-01-17,2.278,2.268,2.29,2.263,85106.0,510580,sh,中证500ETF易方达
2020-01-20,2.268,2.305,2.307,2.268,67169.0,510580,sh,中证500ETF易方达
2020-01-21,2.305,2.283,2.305,2.273,105421.0,510580,sh,中证500ETF易方达
2020-01-22,2.283,2.303,2.315,2.245,89594.0,510580,sh,中证500ETF易方达
2020-01-23,2.301,2.236,2.301,2.202,104055.0,510580,sh,中证500ETF易方达
2020-02-03,2.013,2.02,2.075,2.013,36284.0,510580,sh,中证500ETF易方达
2020-02-04,2.016,2.068,2.074,2.003,86355.0,510580,sh,中证500ETF易方达
2020-02-05,2.078,2.12,2.137,2.068,58348.0,510580,sh,中证500ETF易方达
2020-02-06,2.123,2.182,2.195,2.105,42634.0,510580,sh,中证500ETF易方达
2020-02-07,2.186,2.202,2.202,2.168,58220.0,510580,sh,中证500ETF易方达
2020-02-10,2.218,2.222,2.226,2.188,61253.0,510580,sh,中证500ETF易方达
2020-02-11,2.218,2.213,2.233,2.204,60473.0,510580,sh,中证500ETF易方达
2020-02-12,2.213,2.262,2.262,2.207,43975.0,510580,sh,中证500ETF易方达
2020-02-13,2.262,2.247,2.269,2.238,57421.0,510580,sh,中证500ETF易方达
2020-02-14,2.243,2.243,2.269,2.228,50528.0,510580,sh,中证500ETF易方达
2020-02-17,2.278,2.318,2.319,2.258,103461.0,510580,sh,中证500ETF易方达
2020-02-18,2.318,2.339,2.343,2.307,105653.0,510580,sh,中证500ETF易方达
2020-02-19,2.335,2.329,2.353,2.326,83680.0,510580,sh,中证500ETF易方达
2020-02-20,2.335,2.365,2.373,2.316,88556.0,510580,sh,中证500ETF易方达
2020-02-21,2.367,2.407,2.419,2.365,109000.0,510580,sh,中证500ETF易方达
2020-02-24,2.419,2.436,2.444,2.386,90137.0,510580,sh,中证500ETF易方达
2020-02-25,2.414,2.449,2.456,2.348,119883.0,510580,sh,中证500ETF易方达
2020-02-26,2.444,2.386,2.444,2.376,113436.0,510580,sh,中证500ETF易方达
2020-02-27,2.38,2.389,2.418,2.369,80808.0,510580,sh,中证500ETF易方达
2020-02-28,2.379,2.281,2.379,2.267,77706.0,510580,sh,中证500ETF易方达
2020-03-02,2.318,2.35,2.369,2.294,41901.0,510580,sh,中证500ETF易方达
2020-03-03,2.375,2.372,2.428,2.352,50360.0,510580,sh,中证500ETF易方达
2020-03-04,2.373,2.375,2.377,2.336,34457.0,510580,sh,中证500ETF易方达
2020-03-05,2.38,2.407,2.418,2.38,29671.0,510580,sh,中证500ETF易方达
2020-03-06,2.397,2.397,2.411,2.38,24362.0,510580,sh,中证500ETF易方达
2020-03-09,2.397,2.311,2.397,2.308,33574.0,510580,sh,中证500ETF易方达
2020-03-10,2.311,2.358,2.36,2.266,97449.0,510580,sh,中证500ETF易方达
2020-03-11,2.358,2.328,2.373,2.328,69957.0,510580,sh,中证500ETF易方达
2020-03-12,2.305,2.291,2.313,2.274,53381.0,510580,sh,中证500ETF易方达
2020-03-13,2.255,2.283,2.298,2.18,93640.0,510580,sh,中证500ETF易方达
2020-03-16,2.3,2.17,2.306,2.163,105155.0,510580,sh,中证500ETF易方达
2020-03-17,2.17,2.17,2.218,2.112,187197.0,510580,sh,中证500ETF易方达
2020-03-18,2.172,2.14,2.218,2.134,85563.0,510580,sh,中证500ETF易方达
2020-03-19,2.14,2.149,2.174,2.092,66362.0,510580,sh,中证500ETF易方达
2020-03-20,2.161,2.177,2.179,2.139,51694.0,510580,sh,中证500ETF易方达
2020-03-23,2.161,2.091,2.163,2.079,150615.0,510580,sh,中证500ETF易方达
2020-03-24,2.124,2.118,2.135,2.07,89012.0,510580,sh,中证500ETF易方达
2020-03-25,2.138,2.168,2.181,2.138,73842.0,510580,sh,中证500ETF易方达
2020-03-26,2.167,2.149,2.176,2.149,60968.0,510580,sh,中证500ETF易方达
2020-03-27,2.167,2.139,2.178,2.138,39760.0,510580,sh,中证500ETF易方达
2020-03-30,2.118,2.098,2.12,2.075,37297.0,510580,sh,中证500ETF易方达
2020-03-31,2.103,2.103,2.124,2.097,43467.0,510580,sh,中证500ETF易方达
2020-04-01,2.101,2.093,2.132,2.09,46370.0,510580,sh,中证500ETF易方达
2020-04-02,2.093,2.152,2.153,2.089,31535.0,510580,sh,中证500ETF易方达
2020-04-03,2.152,2.131,2.152,2.118,25087.0,510580,sh,中证500ETF易方达
2020-04-07,2.153,2.193,2.2,2.153,52114.0,510580,sh,中证500ETF易方达
2020-04-08,2.19,2.199,2.208,2.182,44136.0,510580,sh,中证500ETF易方达
2020-04-09,2.213,2.214,2.226,2.205,46227.0,510580,sh,中证500ETF易方达
2020-04-10,2.2,2.182,2.214,2.168,64913.0,510580,sh,中证500ETF易方达
2020-04-13,2.177,2.158,2.177,2.151,42859.0,510580,sh,中证500ETF易方达
2020-04-14,2.158,2.203,2.208,2.158,28370.0,510580,sh,中证500ETF易方达
2020-04-15,2.205,2.199,2.218,2.198,30761.0,510580,sh,中证500ETF易方达
2020-04-16,2.199,2.215,2.224,2.188,45388.0,510580,sh,中证500ETF易方达
2020-04-17,2.223,2.216,2.246,2.213,58092.0,510580,sh,中证500ETF易方达
2020-04-20,2.22,2.24,2.246,2.219,38378.0,510580,sh,中证500ETF易方达
2020-04-21,2.238,2.227,2.245,2.209,18682.0,510580,sh,中证500ETF易方达
2020-04-22,2.221,2.252,2.252,2.211,27172.0,510580,sh,中证500ETF易方达
2020-04-23,2.254,2.241,2.254,2.236,35051.0,510580,sh,中证500ETF易方达
2020-04-24,2.241,2.211,2.243,2.202,28483.0,510580,sh,中证500ETF易方达
2020-04-27,2.208,2.203,2.223,2.196,26677.0,510580,sh,中证500ETF易方达
2020-04-28,2.207,2.191,2.208,2.143,32851.0,510580,sh,中证500ETF易方达
2020-04-29,2.191,2.193,2.206,2.183,27973.0,510580,sh,中证500ETF易方达
2020-04-30,2.205,2.245,2.252,2.205,29933.0,510580,sh,中证500ETF易方达
2020-05-06,2.238,2.283,2.288,2.224,38060.0,510580,sh,中证500ETF易方达
2020-05-07,2.284,2.279,2.288,2.271,26989.0,510580,sh,中证500ETF易方达
2020-05-08,2.293,2.305,2.315,2.289,32215.0,510580,sh,中证500ETF易方达
2020-05-11,2.301,2.302,2.326,2.29,21478.0,510580,sh,中证500ETF易方达
2020-05-12,2.299,2.304,2.308,2.283,19443.0,510580,sh,中证500ETF易方达
2020-05-13,2.303,2.32,2.322,2.294,25903.0,510580,sh,中证500ETF易方达
2020-05-14,2.307,2.305,2.317,2.299,29402.0,510580,sh,中证500ETF易方达
2020-05-15,2.305,2.305,2.322,2.303,29329.0,510580,sh,中证500ETF易方达
2020-05-18,2.304,2.298,2.318,2.288,25249.0,510580,sh,中证500ETF易方达
2020-05-19,2.301,2.322,2.324,2.301,14854.0,510580,sh,中证500ETF易方达
2020-05-20,2.322,2.308,2.324,2.299,16919.0,510580,sh,中证500ETF易方达
2020-05-21,2.304,2.278,2.314,2.276,9224.0,510580,sh,中证500ETF易方达
2020-05-22,2.278,2.242,2.278,2.237,31557.0,510580,sh,中证500ETF易方达
2020-05-25,2.262,2.236,2.262,2.228,35416.0,510580,sh,中证500ETF易方达
2020-05-26,2.234,2.274,2.278,2.234,21122.0,510580,sh,中证500ETF易方达
2020-05-27,2.274,2.261,2.274,2.255,34650.0,510580,sh,中证500ETF易方达
2020-05-28,2.261,2.253,2.267,2.231,22656.0,510580,sh,中证500ETF易方达
2020-05-29,2.251,2.277,2.279,2.243,19487.0,510580,sh,中证500ETF易方达
2020-06-01,2.277,2.346,2.349,2.277,34818.0,510580,sh,中证500ETF易方达
2020-06-02,2.342,2.345,2.358,2.337,46188.0,510580,sh,中证500ETF易方达
2020-06-03,2.345,2.343,2.364,2.342,37570.0,510580,sh,中证500ETF易方达
2020-06-04,2.345,2.343,2.351,2.332,15225.0,510580,sh,中证500ETF易方达
2020-06-05,2.339,2.355,2.355,2.336,18368.0,510580,sh,中证500ETF易方达
2020-06-08,2.355,2.351,2.378,2.343,22555.0,510580,sh,中证500ETF易方达
2020-06-09,2.351,2.363,2.369,2.344,34390.0,510580,sh,中证500ETF易方达
2020-06-10,2.364,2.366,2.369,2.354,32241.0,510580,sh,中证500ETF易方达
2020-06-11,2.361,2.36,2.398,2.346,25168.0,510580,sh,中证500ETF易方达
2020-06-12,2.351,2.367,2.377,2.327,44830.0,510580,sh,中证500ETF易方达
2020-06-15,2.36,2.36,2.391,2.359,41514.0,510580,sh,中证500ETF易方达
2020-06-16,2.359,2.403,2.404,2.359,34575.0,510580,sh,中证500ETF易方达
2020-06-17,2.417,2.422,2.422,2.402,24677.0,510580,sh,中证500ETF易方达
2020-06-18,2.422,2.424,2.427,2.412,22713.0,510580,sh,中证500ETF易方达
2020-06-19,2.424,2.445,2.458,2.424,15222.0,510580,sh,中证500ETF易方达
2020-06-22,2.445,2.45,2.468,2.445,18288.0,510580,sh,中证500ETF易方达
2020-06-23,2.45,2.465,2.467,2.441,24593.0,510580,sh,中证500ETF易方达
2020-06-24,2.464,2.466,2.474,2.455,12404.0,510580,sh,中证500ETF易方达
2020-06-29,2.464,2.45,2.464,2.437,16749.0,510580,sh,中证500ETF易方达
2020-06-30,2.455,2.493,2.502,2.455,29445.0,510580,sh,中证500ETF易方达
2020-07-01,2.494,2.494,2.501,2.473,26811.0,510580,sh,中证500ETF易方达
2020-07-02,2.5,2.535,2.543,2.493,65855.0,510580,sh,中证500ETF易方达
2020-07-03,2.538,2.578,2.578,2.535,58142.0,510580,sh,中证500ETF易方达
2020-07-06,2.596,2.682,2.709,2.596,89688.0,510580,sh,中证500ETF易方达
2020-07-07,2.685,2.73,2.771,2.685,71716.0,510580,sh,中证500ETF易方达
2020-07-08,2.73,2.789,2.794,2.713,53280.0,510580,sh,中证500ETF易方达
2020-07-09,2.792,2.867,2.868,2.783,67969.0,510580,sh,中证500ETF易方达
2020-07-10,2.853,2.863,2.891,2.834,65075.0,510580,sh,中证500ETF易方达
2020-07-13,2.861,2.95,2.95,2.861,50669.0,510580,sh,中证500ETF易方达
2020-07-14,2.951,2.921,2.954,2.851,79827.0,510580,sh,中证500ETF易方达
2020-07-15,2.921,2.846,2.984,2.827,52725.0,510580,sh,中证500ETF易方达
2020-07-16,2.845,2.732,2.883,2.706,77212.0,510580,sh,中证500ETF易方达
2020-07-17,2.73,2.72,2.767,2.699,67088.0,510580,sh,中证500ETF易方达
2020-07-20,2.726,2.799,2.799,2.726,62091.0,510580,sh,中证500ETF易方达
2020-07-21,2.799,2.818,2.831,2.797,35275.0,510580,sh,中证500ETF易方达
2020-07-22,2.821,2.849,2.891,2.799,42718.0,510580,sh,中证500ETF易方达
2020-07-23,2.847,2.848,2.856,2.774,38352.0,510580,sh,中证500ETF易方达
2020-07-24,2.845,2.714,2.845,2.706,65837.0,510580,sh,中证500ETF易方达
2020-07-27,2.714,2.716,2.731,2.692,39367.0,510580,sh,中证500ETF易方达
2020-07-28,2.723,2.736,2.748,2.717,36718.0,510580,sh,中证500ETF易方达
2020-07-29,2.734,2.813,2.816,2.728,42937.0,510580,sh,中证500ETF易方达
2020-07-30,2.815,2.811,2.835,2.803,42593.0,510580,sh,中证500ETF易方达
2020-07-31,2.811,2.833,2.858,2.786,46834.0,510580,sh,中证500ETF易方达
2020-08-03,2.833,2.904,2.913,2.833,49063.0,510580,sh,中证500ETF易方达
2020-08-04,2.908,2.894,2.918,2.884,38102.0,510580,sh,中证500ETF易方达
2020-08-05,2.917,2.92,2.928,2.877,25545.0,510580,sh,中证500ETF易方达
2020-08-06,2.918,2.925,2.932,2.875,33725.0,510580,sh,中证500ETF易方达
2020-08-07,2.925,2.895,2.926,2.847,37067.0,510580,sh,中证500ETF易方达
2020-08-10,2.893,2.909,2.928,2.855,30095.0,510580,sh,中证500ETF易方达
2020-08-11,2.932,2.865,2.932,2.864,29366.0,510580,sh,中证500ETF易方达
2020-08-12,2.863,2.821,2.863,2.776,53296.0,510580,sh,中证500ETF易方达
2020-08-13,2.825,2.836,2.852,2.818,44535.0,510580,sh,中证500ETF易方达
2020-08-14,2.836,2.872,2.875,2.819,41048.0,510580,sh,中证500ETF易方达
2020-08-17,2.874,2.913,2.923,2.866,49263.0,510580,sh,中证500ETF易方达
2020-08-18,2.916,2.941,2.948,2.915,35593.0,510580,sh,中证500ETF易方达
2020-08-19,2.941,2.894,2.941,2.889,30852.0,510580,sh,中证500ETF易方达
2020-08-20,2.891,2.861,2.893,2.851,44465.0,510580,sh,中证500ETF易方达
2020-08-21,2.864,2.884,2.899,2.859,66268.0,510580,sh,中证500ETF易方达
2020-08-24,2.887,2.9,2.907,2.86,56924.0,510580,sh,中证500ETF易方达
2020-08-25,2.903,2.887,2.931,2.887,21988.0,510580,sh,中证500ETF易方达
2020-08-26,2.887,2.843,2.922,2.831,45250.0,510580,sh,中证500ETF易方达
2020-08-27,2.843,2.864,2.864,2.826,40688.0,510580,sh,中证500ETF易方达
2020-08-28,2.867,2.912,2.917,2.852,55269.0,510580,sh,中证500ETF易方达
2020-08-31,2.912,2.901,2.947,2.901,63908.0,510580,sh,中证500ETF易方达
2020-09-01,2.901,2.922,2.922,2.893,41797.0,510580,sh,中证500ETF易方达
2020-09-02,2.923,2.922,2.934,2.895,40722.0,510580,sh,中证500ETF易方达
2020-09-03,2.922,2.903,2.93,2.895,17887.0,510580,sh,中证500ETF易方达
2020-09-04,2.903,2.891,2.903,2.855,36510.0,510580,sh,中证500ETF易方达
2020-09-07,2.891,2.827,2.906,2.816,38915.0,510580,sh,中证500ETF易方达
2020-09-08,2.822,2.845,2.857,2.811,46491.0,510580,sh,中证500ETF易方达
2020-09-09,2.844,2.774,2.844,2.754,101465.0,510580,sh,中证500ETF易方达
2020-09-10,2.803,2.727,2.805,2.716,61920.0,510580,sh,中证500ETF易方达
2020-09-11,2.704,2.749,2.758,2.704,54106.0,510580,sh,中证500ETF易方达
2020-09-14,2.75,2.772,2.781,2.746,46253.0,510580,sh,中证500ETF易方达
2020-09-15,2.772,2.782,2.787,2.76,61260.0,510580,sh,中证500ETF易方达
2020-09-16,2.782,2.772,2.784,2.762,22710.0,510580,sh,中证500ETF易方达
2020-09-17,2.772,2.778,2.803,2.749,24225.0,510580,sh,中证500ETF易方达
2020-09-18,2.778,2.838,2.84,2.778,32978.0,510580,sh,中证500ETF易方达
2020-09-21,2.861,2.818,2.863,2.81,25823.0,510580,sh,中证500ETF易方达
2020-09-22,2.816,2.783,2.832,2.774,29511.0,510580,sh,中证500ETF易方达
2020-09-23,2.783,2.795,2.801,2.78,24629.0,510580,sh,中证500ETF易方达
2020-09-24,2.795,2.741,2.795,2.735,33164.0,510580,sh,中证500ETF易方达
2020-09-25,2.742,2.741,2.759,2.726,28704.0,510580,sh,中证500ETF易方达
2020-09-28,2.742,2.715,2.749,2.704,53179.0,510580,sh,中证500ETF易方达
2020-09-29,2.716,2.732,2.758,2.716,65874.0,510580,sh,中证500ETF易方达
2020-09-30,2.732,2.722,2.747,2.704,86228.0,510580,sh,中证500ETF易方达
2020-10-09,2.743,2.783,2.795,2.743,38320.0,510580,sh,中证500ETF易方达
2020-10-12,2.784,2.869,2.87,2.784,43723.0,510580,sh,中证500ETF易方达
2020-10-13,2.869,2.873,2.877,2.845,23134.0,510580,sh,中证500ETF易方达
2020-10-14,2.873,2.856,2.873,2.851,21176.0,510580,sh,中证500ETF易方达
2020-10-15,2.856,2.84,2.857,2.836,25232.0,510580,sh,中证500ETF易方达
2020-10-16,2.839,2.825,2.85,2.805,32215.0,510580,sh,中证500ETF易方达
2020-10-19,2.825,2.797,2.862,2.79,59119.0,510580,sh,中证500ETF易方达
2020-10-20,2.797,2.82,2.824,2.783,31418.0,510580,sh,中证500ETF易方达
2020-10-21,2.822,2.797,2.823,2.78,45258.0,510580,sh,中证500ETF易方达
2020-10-22,2.797,2.781,2.797,2.754,26834.0,510580,sh,中证500ETF易方达
2020-10-23,2.781,2.74,2.801,2.733,42205.0,510580,sh,中证500ETF易方达
2020-10-26,2.74,2.738,2.748,2.692,48065.0,510580,sh,中证500ETF易方达
2020-10-27,2.735,2.734,2.739,2.719,36549.0,510580,sh,中证500ETF易方达
2020-10-28,2.734,2.753,2.754,2.712,39149.0,510580,sh,中证500ETF易方达
2020-10-29,2.752,2.763,2.774,2.718,59476.0,510580,sh,中证500ETF易方达
2020-10-30,2.763,2.706,2.777,2.699,49424.0,510580,sh,中证500ETF易方达
2020-11-02,2.707,2.711,2.73,2.699,36134.0,510580,sh,中证500ETF易方达
2020-11-03,2.712,2.754,2.762,2.712,26197.0,510580,sh,中证500ETF易方达
2020-11-04,2.754,2.753,2.765,2.726,41667.0,510580,sh,中证500ETF易方达
2020-11-05,2.76,2.807,2.813,2.76,35236.0,510580,sh,中证500ETF易方达
2020-11-06,2.807,2.788,2.807,2.762,39408.0,510580,sh,中证500ETF易方达
2020-11-09,2.788,2.828,2.852,2.788,53446.0,510580,sh,中证500ETF易方达
2020-11-10,2.831,2.816,2.834,2.803,40621.0,510580,sh,中证500ETF易方达
2020-11-11,2.816,2.784,2.819,2.78,24905.0,510580,sh,中证500ETF易方达
2020-11-12,2.784,2.792,2.805,2.779,19544.0,510580,sh,中证500ETF易方达
2020-11-13,2.791,2.791,2.797,2.758,24629.0,510580,sh,中证500ETF易方达
2020-11-16,2.792,2.824,2.824,2.787,26699.0,510580,sh,中证500ETF易方达
2020-11-17,2.823,2.805,2.823,2.791,30187.0,510580,sh,中证500ETF易方达
2020-11-18,2.805,2.801,2.824,2.792,34065.0,510580,sh,中证500ETF易方达
2020-11-19,2.801,2.815,2.819,2.782,23421.0,510580,sh,中证500ETF易方达
2020-11-20,2.816,2.839,2.843,2.815,27236.0,510580,sh,中证500ETF易方达
2020-11-23,2.839,2.863,2.886,2.83,55913.0,510580,sh,中证500ETF易方达
2020-11-24,2.863,2.863,2.873,2.856,37290.0,510580,sh,中证500ETF易方达
2020-11-25,2.861,2.82,2.868,2.818,33412.0,510580,sh,中证500ETF易方达
2020-11-26,2.82,2.808,2.82,2.789,35042.0,510580,sh,中证500ETF易方达
2020-11-27,2.809,2.817,2.818,2.777,50188.0,510580,sh,中证500ETF易方达
2020-11-30,2.816,2.797,2.836,2.791,45278.0,510580,sh,中证500ETF易方达
2020-12-01,2.797,2.841,2.854,2.794,35512.0,510580,sh,中证500ETF易方达
2020-12-02,2.842,2.847,2.853,2.829,51055.0,510580,sh,中证500ETF易方达
2020-12-03,2.847,2.857,2.864,2.829,38881.0,510580,sh,中证500ETF易方达
2020-12-04,2.857,2.867,2.87,2.836,28301.0,510580,sh,中证500ETF易方达
2020-12-07,2.848,2.848,2.87,2.839,31820.0,510580,sh,中证500ETF易方达
2020-12-08,2.848,2.847,2.86,2.843,31486.0,510580,sh,中证500ETF易方达
2020-12-09,2.847,2.802,2.854,2.801,36243.0,510580,sh,中证500ETF易方达
2020-12-10,2.802,2.806,2.819,2.782,31217.0,510580,sh,中证500ETF易方达
2020-12-11,2.806,2.757,2.813,2.737,35900.0,510580,sh,中证500ETF易方达
2020-12-14,2.767,2.78,2.783,2.743,31882.0,510580,sh,中证500ETF易方达
2020-12-15,2.78,2.781,2.787,2.763,29996.0,510580,sh,中证500ETF易方达
2020-12-16,2.781,2.773,2.781,2.761,29312.0,510580,sh,中证500ETF易方达
2020-12-17,2.773,2.807,2.81,2.756,38655.0,510580,sh,中证500ETF易方达
2020-12-18,2.809,2.799,2.818,2.782,35701.0,510580,sh,中证500ETF易方达
2020-12-21,2.799,2.839,2.846,2.796,50517.0,510580,sh,中证500ETF易方达
2020-12-22,2.839,2.788,2.839,2.779,34818.0,510580,sh,中证500ETF易方达
2020-12-23,2.799,2.803,2.82,2.78,29986.0,510580,sh,中证500ETF易方达
2020-12-24,2.803,2.77,2.804,2.765,43585.0,510580,sh,中证500ETF易方达
2020-12-25,2.773,2.799,2.801,2.761,32006.0,510580,sh,中证500ETF易方达
2020-12-28,2.796,2.778,2.801,2.769,37429.0,510580,sh,中证500ETF易方达
2020-12-29,2.778,2.768,2.801,2.762,25318.0,510580,sh,中证500ETF易方达
2020-12-30,2.753,2.789,2.802,2.753,23508.0,510580,sh,中证500ETF易方达
2020-12-31,2.789,2.831,2.836,2.789,44155.0,510580,sh,中证500ETF易方达
2021-01-04,2.858,2.88,2.895,2.829,76126.0,510580,sh,中证500ETF易方达
2021-01-05,2.88,2.912,2.915,2.868,44521.0,510580,sh,中证500ETF易方达
2021-01-06,2.912,2.901,2.93,2.882,36039.0,510580,sh,中证500ETF易方达
2021-01-07,2.901,2.911,2.92,2.883,50330.0,510580,sh,中证500ETF易方达
2021-01-08,2.912,2.924,2.941,2.889,48891.0,510580,sh,中证500ETF易方达
2021-01-11,2.924,2.882,2.926,2.859,53721.0,510580,sh,中证500ETF易方达
2021-01-12,2.859,2.906,2.91,2.859,34762.0,510580,sh,中证500ETF易方达
2021-01-13,2.906,2.893,2.912,2.876,33141.0,510580,sh,中证500ETF易方达
2021-01-14,2.893,2.869,2.904,2.857,25639.0,510580,sh,中证500ETF易方达
2021-01-15,2.869,2.859,2.875,2.827,27103.0,510580,sh,中证500ETF易方达
2021-01-18,2.859,2.896,2.905,2.835,32451.0,510580,sh,中证500ETF易方达
2021-01-19,2.897,2.885,2.914,2.883,21802.0,510580,sh,中证500ETF易方达
2021-01-20,2.886,2.909,2.917,2.88,18600.0,510580,sh,中证500ETF易方达
2021-01-21,2.908,2.951,2.965,2.907,21215.0,510580,sh,中证500ETF易方达
2021-01-22,2.948,2.959,2.962,2.932,28385.0,510580,sh,中证500ETF易方达
2021-01-25,2.96,2.961,2.991,2.94,32999.0,510580,sh,中证500ETF易方达
2021-01-26,2.958,2.916,2.958,2.908,20950.0,510580,sh,中证500ETF易方达
2021-01-27,2.916,2.921,2.93,2.897,26510.0,510580,sh,中证500ETF易方达
2021-01-28,2.914,2.876,2.914,2.863,26814.0,510580,sh,中证500ETF易方达
2021-01-29,2.883,2.834,2.887,2.788,39650.0,510580,sh,中证500ETF易方达
2021-02-01,2.834,2.852,2.855,2.829,22250.0,510580,sh,中证500ETF易方达
2021-02-02,2.852,2.878,2.88,2.841,20590.0,510580,sh,中证500ETF易方达
2021-02-03,2.878,2.864,2.889,2.864,28565.0,510580,sh,中证500ETF易方达
2021-02-04,2.864,2.834,2.864,2.8,35410.0,510580,sh,中证500ETF易方达
2021-02-05,2.836,2.796,2.848,2.787,19405.0,510580,sh,中证500ETF易方达
2021-02-08,2.796,2.827,2.841,2.783,30482.0,510580,sh,中证500ETF易方达
2021-02-09,2.833,2.883,2.891,2.827,25257.0,510580,sh,中证500ETF易方达
2021-02-10,2.883,2.917,2.926,2.871,34569.0,510580,sh,中证500ETF易方达
2021-02-18,2.932,2.957,2.993,2.931,43027.0,510580,sh,中证500ETF易方达
2021-02-19,2.962,2.998,2.999,2.928,31539.0,510580,sh,中证500ETF易方达
2021-02-22,3.024,2.992,3.049,2.984,43818.0,510580,sh,中证500ETF易方达
2021-02-23,2.979,2.97,2.996,2.955,19144.0,510580,sh,中证500ETF易方达
2021-02-24,2.97,2.934,2.98,2.904,43184.0,510580,sh,中证500ETF易方达
2021-02-25,2.937,2.914,2.952,2.899,18286.0,510580,sh,中证500ETF易方达
2021-02-26,2.911,2.848,2.911,2.838,34791.0,510580,sh,中证500ETF易方达
2021-03-01,2.868,2.902,2.902,2.868,25757.0,510580,sh,中证500ETF易方达
2021-03-02,2.905,2.882,2.922,2.862,32209.0,510580,sh,中证500ETF易方达
2021-03-03,2.882,2.918,2.918,2.87,23900.0,510580,sh,中证500ETF易方达
2021-03-04,2.918,2.872,2.918,2.858,29289.0,510580,sh,中证500ETF易方达
2021-03-05,2.872,2.873,2.886,2.837,34907.0,510580,sh,中证500ETF易方达
2021-03-08,2.876,2.806,2.907,2.8,26170.0,510580,sh,中证500ETF易方达
2021-03-09,2.782,2.743,2.806,2.707,48583.0,510580,sh,中证500ETF易方达
2021-03-10,2.77,2.714,2.772,2.71,33122.0,510580,sh,中证500ETF易方达
2021-03-11,2.714,2.785,2.785,2.705,26251.0,510580,sh,中证500ETF易方达
2021-03-12,2.785,2.787,2.789,2.747,26216.0,510580,sh,中证500ETF易方达
2021-03-15,2.79,2.771,2.793,2.738,32080.0,510580,sh,中证500ETF易方达
2021-03-16,2.773,2.772,2.788,2.747,21579.0,510580,sh,中证500ETF易方达
2021-03-17,2.772,2.788,2.792,2.741,24219.0,510580,sh,中证500ETF易方达
2021-03-18,2.788,2.81,2.826,2.788,22887.0,510580,sh,中证500ETF易方达
2021-03-19,2.798,2.787,2.804,2.762,44443.0,510580,sh,中证500ETF易方达
2021-03-22,2.782,2.819,2.827,2.782,29753.0,510580,sh,中证500ETF易方达
2021-03-23,2.822,2.792,2.828,2.776,27255.0,510580,sh,中证500ETF易方达
2021-03-24,2.794,2.762,2.795,2.753,38735.0,510580,sh,中证500ETF易方达
2021-03-25,2.742,2.766,2.778,2.741,23797.0,510580,sh,中证500ETF易方达
2021-03-26,2.776,2.803,2.811,2.776,15353.0,510580,sh,中证500ETF易方达
2021-03-29,2.803,2.806,2.817,2.786,31076.0,510580,sh,中证500ETF易方达
2021-03-30,2.806,2.816,2.822,2.789,15082.0,510580,sh,中证500ETF易方达
2021-03-31,2.807,2.814,2.814,2.783,24523.0,510580,sh,中证500ETF易方达
2021-04-01,2.811,2.83,2.841,2.802,17929.0,510580,sh,中证500ETF易方达
2021-04-02,2.831,2.84,2.847,2.823,21490.0,510580,sh,中证500ETF易方达
2021-04-06,2.843,2.842,2.862,2.835,34401.0,510580,sh,中证500ETF易方达
2021-04-07,2.842,2.849,2.85,2.822,14083.0,510580,sh,中证500ETF易方达
2021-04-08,2.849,2.861,2.869,2.831,32860.0,510580,sh,中证500ETF易方达
2021-04-09,2.861,2.851,2.862,2.838,11691.0,510580,sh,中证500ETF易方达
2021-04-12,2.85,2.805,2.85,2.794,24524.0,510580,sh,中证500ETF易方达
2021-04-13,2.805,2.797,2.815,2.79,14557.0,510580,sh,中证500ETF易方达
2021-04-14,2.797,2.821,2.827,2.797,11940.0,510580,sh,中证500ETF易方达
2021-04-15,2.821,2.824,2.83,2.794,24200.0,510580,sh,中证500ETF易方达
2021-04-16,2.824,2.861,2.861,2.824,33834.0,510580,sh,中证500ETF易方达
2021-04-19,2.861,2.889,2.895,2.845,28603.0,510580,sh,中证500ETF易方达
2021-04-20,2.897,2.893,2.907,2.882,8177.0,510580,sh,中证500ETF易方达
2021-04-21,2.894,2.889,2.899,2.869,16432.0,510580,sh,中证500ETF易方达
2021-04-22,2.889,2.903,2.911,2.889,16923.0,510580,sh,中证500ETF易方达
2021-04-23,2.903,2.914,2.916,2.885,22673.0,510580,sh,中证500ETF易方达
2021-04-26,2.914,2.905,2.951,2.902,20997.0,510580,sh,中证500ETF易方达
2021-04-27,2.89,2.903,2.92,2.884,12266.0,510580,sh,中证500ETF易方达
2021-04-28,2.896,2.932,2.934,2.887,26309.0,510580,sh,中证500ETF易方达
2021-04-29,2.932,2.927,2.934,2.914,13587.0,510580,sh,中证500ETF易方达
2021-04-30,2.926,2.931,2.936,2.9,12591.0,510580,sh,中证500ETF易方达
2021-05-06,2.932,2.924,2.953,2.906,14406.0,510580,sh,中证500ETF易方达
2021-05-07,2.947,2.913,2.947,2.907,20289.0,510580,sh,中证500ETF易方达
2021-05-10,2.911,2.916,2.931,2.904,13288.0,510580,sh,中证500ETF易方达
2021-05-11,2.915,2.914,2.922,2.867,12353.0,510580,sh,中证500ETF易方达
2021-05-12,2.916,2.944,2.947,2.901,21427.0,510580,sh,中证500ETF易方达
2021-05-13,2.943,2.912,2.943,2.901,16173.0,510580,sh,中证500ETF易方达
2021-05-14,2.916,2.949,2.951,2.905,26335.0,510580,sh,中证500ETF易方达
2021-05-17,2.949,2.971,2.986,2.949,52608.0,510580,sh,中证500ETF易方达
2021-05-18,2.974,2.984,2.988,2.972,68324.0,510580,sh,中证500ETF易方达
2021-05-19,2.984,2.978,2.984,2.957,13278.0,510580,sh,中证500ETF易方达
2021-05-20,2.959,2.97,2.979,2.944,20869.0,510580,sh,中证500ETF易方达
2021-05-21,2.965,2.955,2.981,2.95,21771.0,510580,sh,中证500ETF易方达
2021-05-24,2.956,2.963,2.976,2.938,33033.0,510580,sh,中证500ETF易方达
2021-05-25,2.962,2.995,3.002,2.956,12442.0,510580,sh,中证500ETF易方达
2021-05-26,2.995,3.004,3.006,2.995,12782.0,510580,sh,中证500ETF易方达
2021-05-27,3.001,3.024,3.029,3.0,12785.0,510580,sh,中证500ETF易方达
2021-05-28,3.032,3.024,3.045,2.912,90719.0,510580,sh,中证500ETF易方达
2021-05-31,3.024,3.048,3.049,3.02,33305.0,510580,sh,中证500ETF易方达
2021-06-01,3.048,3.05,3.056,3.017,19460.0,510580,sh,中证500ETF易方达
2021-06-02,3.051,3.037,3.059,3.034,10543.0,510580,sh,中证500ETF易方达
2021-06-03,3.026,3.036,3.057,3.024,10729.0,510580,sh,中证500ETF易方达
2021-06-04,3.034,3.041,3.056,3.005,8426.0,510580,sh,中证500ETF易方达
2021-06-07,3.032,3.047,3.057,3.032,7006.0,510580,sh,中证500ETF易方达
2021-06-08,3.049,3.045,3.069,3.032,8955.0,510580,sh,中证500ETF易方达
2021-06-09,3.043,3.045,3.049,3.028,7101.0,510580,sh,中证500ETF易方达
2021-06-10,3.039,3.075,3.08,3.039,14806.0,510580,sh,中证500ETF易方达
2021-06-11,3.075,3.07,3.088,3.062,15357.0,510580,sh,中证500ETF易方达
2021-06-15,3.07,3.041,3.073,3.025,14315.0,510580,sh,中证500ETF易方达
2021-06-16,3.042,2.991,3.043,2.991,41076.0,510580,sh,中证500ETF易方达
2021-06-17,2.991,3.012,3.017,2.991,19940.0,510580,sh,中证500ETF易方达
2021-06-18,3.014,3.042,3.045,3.011,24097.0,510580,sh,中证500ETF易方达
2021-06-21,3.041,3.06,3.07,3.03,16221.0,510580,sh,中证500ETF易方达
2021-06-22,3.081,3.079,3.084,3.056,26936.0,510580,sh,中证500ETF易方达
2021-06-23,3.079,3.109,3.112,3.077,23329.0,510580,sh,中证500ETF易方达
2021-06-24,3.109,3.102,3.112,3.091,28709.0,510580,sh,中证500ETF易方达
2021-06-25,3.104,3.124,3.13,3.094,40219.0,510580,sh,中证500ETF易方达
2021-06-28,3.126,3.124,3.138,3.114,39946.0,510580,sh,中证500ETF易方达
2021-06-29,3.124,3.102,3.127,3.091,46069.0,510580,sh,中证500ETF易方达
2021-06-30,3.107,3.115,3.125,3.077,48204.0,510580,sh,中证500ETF易方达
2021-07-01,3.117,3.096,3.121,3.092,37111.0,510580,sh,中证500ETF易方达
2021-07-02,3.095,3.057,3.095,3.054,44714.0,510580,sh,中证500ETF易方达
2021-07-05,3.058,3.074,3.08,3.057,65951.0,510580,sh,中证500ETF易方达
2021-07-06,3.074,3.088,3.09,3.046,67746.0,510580,sh,中证500ETF易方达
2021-07-07,3.087,3.103,3.105,3.055,54087.0,510580,sh,中证500ETF易方达
2021-07-08,3.105,3.1,3.116,3.096,41793.0,510580,sh,中证500ETF易方达
2021-07-09,3.099,3.124,3.131,3.069,44494.0,510580,sh,中证500ETF易方达
2021-07-12,3.146,3.169,3.184,3.139,57670.0,510580,sh,中证500ETF易方达
2021-07-13,3.17,3.202,3.204,3.168,49907.0,510580,sh,中证500ETF易方达
2021-07-14,3.202,3.182,3.202,3.17,68841.0,510580,sh,中证500ETF易方达
2021-07-15,3.172,3.191,3.193,3.148,66030.0,510580,sh,中证500ETF易方达
2021-07-19,3.19,3.174,3.194,3.145,500207.0,510580,sh,中证500ETF易方达
2021-07-20,3.178,3.178,3.182,3.149,693555.0,510580,sh,中证500ETF易方达
2021-07-21,3.178,3.214,3.222,3.178,853115.0,510580,sh,中证500ETF易方达
2021-07-22,3.222,3.234,3.238,3.206,567273.0,510580,sh,中证500ETF易方达
2021-07-23,3.234,3.23,3.25,3.218,462616.0,510580,sh,中证500ETF易方达
2021-07-26,3.246,3.182,3.246,3.137,621081.0,510580,sh,中证500ETF易方达
2021-07-27,3.186,3.109,3.198,3.105,842650.0,510580,sh,中证500ETF易方达
2021-07-28,3.093,3.069,3.105,3.024,1106016.0,510580,sh,中证500ETF易方达
2021-07-29,3.129,3.117,3.129,3.089,534654.0,510580,sh,中证500ETF易方达
2021-07-30,3.105,3.129,3.129,3.093,513652.0,510580,sh,中证500ETF易方达
2021-08-02,3.162,3.166,3.174,3.113,493036.0,510580,sh,中证500ETF易方达
2021-08-03,3.166,3.149,3.174,3.141,562651.0,510580,sh,中证500ETF易方达
2021-08-04,3.153,3.194,3.198,3.105,413714.0,510580,sh,中证500ETF易方达
2021-08-05,3.19,3.194,3.21,3.174,360051.0,510580,sh,中证500ETF易方达
2021-08-06,3.214,3.206,3.218,3.186,347000.0,510580,sh,中证500ETF易方达
2021-08-09,3.21,3.23,3.234,3.186,247274.0,510580,sh,中证500ETF易方达
2021-08-10,3.23,3.242,3.242,3.202,246356.0,510580,sh,中证500ETF易方达
2021-08-11,3.242,3.258,3.266,3.23,204382.0,510580,sh,中证500ETF易方达
2021-08-12,3.258,3.282,3.295,3.25,244182.0,510580,sh,中证500ETF易方达
2021-08-13,3.282,3.299,3.299,3.258,178065.0,510580,sh,中证500ETF易方达
2021-08-16,3.303,3.27,3.303,3.254,253785.0,510580,sh,中证500ETF易方达
2021-08-17,3.27,3.21,3.27,3.186,435455.0,510580,sh,中证500ETF易方达
2021-08-18,3.21,3.21,3.222,3.186,397210.0,510580,sh,中证500ETF易方达
2021-08-19,3.206,3.234,3.234,3.182,423744.0,510580,sh,中证500ETF易方达
2021-08-20,3.226,3.21,3.226,3.174,377528.0,510580,sh,中证500ETF易方达
2021-08-23,3.214,3.25,3.258,3.214,331332.0,510580,sh,中证500ETF易方达
2021-08-24,3.254,3.287,3.291,3.242,307524.0,510580,sh,中证500ETF易方达
2021-08-25,3.287,3.307,3.307,3.262,293097.0,510580,sh,中证500ETF易方达
2021-08-26,3.307,3.299,3.323,3.295,328648.0,510580,sh,中证500ETF易方达
2021-08-27,3.278,3.335,3.339,3.278,298612.0,510580,sh,中证500ETF易方达
2021-08-30,3.335,3.347,3.359,3.331,346675.0,510580,sh,中证500ETF易方达
2021-08-31,3.355,3.363,3.367,3.315,300339.0,510580,sh,中证500ETF易方达
2021-09-01,3.363,3.331,3.379,3.291,274570.0,510580,sh,中证500ETF易方达
2021-09-02,3.331,3.387,3.395,3.315,246837.0,510580,sh,中证500ETF易方达
2021-09-03,3.387,3.383,3.432,3.351,328712.0,510580,sh,中证500ETF易方达
2021-09-06,3.383,3.407,3.412,3.359,263347.0,510580,sh,中证500ETF易方达
2021-09-07,3.407,3.48,3.488,3.395,400515.0,510580,sh,中证500ETF易方达
2021-09-08,3.476,3.5,3.508,3.476,425407.0,510580,sh,中证500ETF易方达
2021-09-09,3.5,3.541,3.545,3.484,526578.0,510580,sh,中证500ETF易方达
2021-09-10,3.541,3.524,3.557,3.504,449042.0,510580,sh,中证500ETF易方达
2021-09-13,3.516,3.549,3.553,3.508,341766.0,510580,sh,中证500ETF易方达
2021-09-14,3.549,3.52,3.569,3.504,359755.0,510580,sh,中证500ETF易方达
2021-09-15,3.516,3.524,3.541,3.488,298171.0,510580,sh,中证500ETF易方达
2021-09-16,3.512,3.456,3.549,3.448,461650.0,510580,sh,中证500ETF易方达
2021-09-17,3.452,3.444,3.472,3.379,418390.0,510580,sh,中证500ETF易方达
2021-09-22,3.412,3.456,3.46,3.363,506591.0,510580,sh,中证500ETF易方达
2021-09-23,3.468,3.48,3.5,3.46,407920.0,510580,sh,中证500ETF易方达
2021-09-24,3.48,3.436,3.48,3.428,485129.0,510580,sh,中证500ETF易方达
2021-09-27,3.416,3.335,3.452,3.315,783529.0,510580,sh,中证500ETF易方达
2021-09-28,3.323,3.339,3.351,3.315,353625.0,510580,sh,中证500ETF易方达
2021-09-29,3.331,3.274,3.331,3.254,633979.0,510580,sh,中证500ETF易方达
2021-09-30,3.278,3.303,3.307,3.27,528385.0,510580,sh,中证500ETF易方达
2021-10-08,3.303,3.299,3.343,3.282,418199.0,510580,sh,中证500ETF易方达
2021-10-11,3.299,3.299,3.311,3.27,431113.0,510580,sh,中证500ETF易方达
2021-10-12,3.299,3.23,3.299,3.206,708784.0,510580,sh,中证500ETF易方达
2021-10-13,3.23,3.242,3.246,3.202,564130.0,510580,sh,中证500ETF易方达
2021-10-14,3.242,3.254,3.266,3.226,447434.0,510580,sh,中证500ETF易方达
2021-10-15,3.254,3.27,3.27,3.242,342586.0,510580,sh,中证500ETF易方达
2021-10-18,3.27,3.278,3.287,3.246,528036.0,510580,sh,中证500ETF易方达
2021-10-19,3.278,3.299,3.311,3.266,382036.0,510580,sh,中证500ETF易方达
2021-10-20,3.299,3.303,3.323,3.266,288462.0,510580,sh,中证500ETF易方达
2021-10-21,3.303,3.299,3.323,3.287,229718.0,510580,sh,中证500ETF易方达
2021-10-22,3.299,3.274,3.307,3.266,241565.0,510580,sh,中证500ETF易方达
2021-10-25,3.274,3.295,3.299,3.258,380930.0,510580,sh,中证500ETF易方达
2021-10-26,3.299,3.299,3.323,3.291,426168.0,510580,sh,中证500ETF易方达
2021-10-27,3.307,3.278,3.307,3.262,274466.0,510580,sh,中证500ETF易方达
2021-10-28,3.278,3.242,3.282,3.23,424026.0,510580,sh,中证500ETF易方达
2021-10-29,3.242,3.266,3.266,3.218,347587.0,510580,sh,中证500ETF易方达
2021-11-01,3.266,3.291,3.299,3.258,340611.0,510580,sh,中证500ETF易方达
2021-11-02,3.291,3.254,3.307,3.222,477927.0,510580,sh,中证500ETF易方达
2021-11-03,3.254,3.262,3.274,3.242,315139.0,510580,sh,中证500ETF易方达
2021-11-04,3.274,3.287,3.295,3.258,340114.0,510580,sh,中证500ETF易方达
2021-11-05,3.287,3.262,3.295,3.258,365194.0,510580,sh,中证500ETF易方达
2021-11-08,3.262,3.27,3.274,3.246,422355.0,510580,sh,中证500ETF易方达
2021-11-09,3.282,3.291,3.299,3.266,398468.0,510580,sh,中证500ETF易方达
2021-11-10,3.291,3.287,3.291,3.238,370159.0,510580,sh,中证500ETF易方达
2021-11-11,3.282,3.307,3.311,3.266,388805.0,510580,sh,中证500ETF易方达
2021-11-12,3.311,3.331,3.335,3.307,388836.0,510580,sh,中证500ETF易方达
2021-11-15,3.335,3.307,3.343,3.291,406212.0,510580,sh,中证500ETF易方达
2021-11-16,3.311,3.282,3.319,3.278,380205.0,510580,sh,中证500ETF易方达
2021-11-17,3.282,3.307,3.307,3.278,383958.0,510580,sh,中证500ETF易方达
2021-11-18,3.307,3.303,3.323,3.287,339554.0,510580,sh,中证500ETF易方达
2021-11-19,3.303,3.335,3.343,3.291,289272.0,510580,sh,中证500ETF易方达
2021-11-22,3.343,3.367,3.375,3.339,343801.0,510580,sh,中证500ETF易方达
2021-11-23,3.367,3.375,3.391,3.363,237605.0,510580,sh,中证500ETF易方达
2021-11-24,3.375,3.375,3.387,3.367,196921.0,510580,sh,中证500ETF易方达
2021-11-25,3.375,3.371,3.379,3.367,174988.0,510580,sh,中证500ETF易方达
2021-11-26,3.371,3.367,3.379,3.351,254489.0,510580,sh,中证500ETF易方达
2021-11-29,3.343,3.359,3.371,3.327,364467.0,510580,sh,中证500ETF易方达
2021-11-30,3.363,3.371,3.391,3.359,372212.0,510580,sh,中证500ETF易方达
2021-12-01,3.371,3.391,3.395,3.363,197210.0,510580,sh,中证500ETF易方达
2021-12-02,3.391,3.371,3.391,3.359,231296.0,510580,sh,中证500ETF易方达
2021-12-03,3.363,3.403,3.403,3.363,289442.0,510580,sh,中证500ETF易方达
2021-12-06,3.403,3.383,3.416,3.375,445379.0,510580,sh,中证500ETF易方达
2021-12-07,3.391,3.363,3.395,3.339,309728.0,510580,sh,中证500ETF易方达
2021-12-08,3.359,3.395,3.399,3.359,249111.0,510580,sh,中证500ETF易方达
2021-12-09,3.399,3.407,3.42,3.391,187152.0,510580,sh,中证500ETF易方达
2021-12-10,3.403,3.412,3.416,3.391,164410.0,510580,sh,中证500ETF易方达
2021-12-13,3.412,3.424,3.432,3.403,231792.0,510580,sh,中证500ETF易方达
2021-12-14,3.42,3.407,3.42,3.403,222616.0,510580,sh,中证500ETF易方达
2021-12-15,3.407,3.407,3.42,3.395,201204.0,510580,sh,中证500ETF易方达
2021-12-16,3.407,3.432,3.432,3.403,169303.0,510580,sh,中证500ETF易方达
2021-12-17,3.432,3.412,3.432,3.403,326651.0,510580,sh,中证500ETF易方达
2021-12-20,3.399,3.363,3.412,3.359,439912.0,510580,sh,中证500ETF易方达
2021-12-21,3.363,3.383,3.395,3.359,272300.0,510580,sh,中证500ETF易方达
2021-12-22,3.416,3.399,3.416,3.383,294615.0,510580,sh,中证500ETF易方达
2021-12-23,3.403,3.42,3.424,3.391,198317.0,510580,sh,中证500ETF易方达
2021-12-24,3.42,3.399,3.424,3.383,307944.0,510580,sh,中证500ETF易方达
2021-12-27,3.399,3.395,3.416,3.387,209908.0,510580,sh,中证500ETF易方达
2021-12-28,3.391,3.395,3.399,3.375,253504.0,510580,sh,中证500ETF易方达
2021-12-29,3.399,3.383,3.399,3.379,224441.0,510580,sh,中证500ETF易方达
2021-12-30,3.383,3.412,3.416,3.383,142046.0,510580,sh,中证500ETF易方达
2021-12-31,3.407,3.432,3.436,3.407,247541.0,510580,sh,中证500ETF易方达
2022-01-04,3.432,3.436,3.44,3.407,329532.0,510580,sh,中证500ETF易方达
2022-01-05,3.436,3.371,3.436,3.359,326611.0,510580,sh,中证500ETF易方达
2022-01-06,3.363,3.375,3.379,3.339,256781.0,510580,sh,中证500ETF易方达
2022-01-07,3.375,3.351,3.383,3.347,259310.0,510580,sh,中证500ETF易方达
2022-01-10,3.351,3.355,3.359,3.327,262269.0,510580,sh,中证500ETF易方达
2022-01-11,3.359,3.339,3.367,3.323,309039.0,510580,sh,中证500ETF易方达
2022-01-12,3.331,3.351,3.355,3.331,333193.0,510580,sh,中证500ETF易方达
2022-01-13,3.355,3.323,3.359,3.315,221802.0,510580,sh,中证500ETF易方达
2022-01-14,3.315,3.307,3.327,3.299,268482.0,510580,sh,中证500ETF易方达
2022-01-17,3.307,3.339,3.347,3.307,298042.0,510580,sh,中证500ETF易方达
2022-01-18,3.339,3.343,3.351,3.327,190102.0,510580,sh,中证500ETF易方达
2022-01-19,3.343,3.323,3.351,3.303,340280.0,510580,sh,中证500ETF易方达
2022-01-20,3.319,3.303,3.327,3.287,363975.0,510580,sh,中证500ETF易方达
2022-01-21,3.299,3.258,3.303,3.25,417319.0,510580,sh,中证500ETF易方达
2022-01-24,3.258,3.262,3.27,3.23,455758.0,510580,sh,中证500ETF易方达
2022-01-25,3.262,3.162,3.262,3.157,492167.0,510580,sh,中证500ETF易方达
2022-01-26,3.162,3.17,3.178,3.141,326662.0,510580,sh,中证500ETF易方达
2022-01-27,3.166,3.105,3.17,3.097,557424.0,510580,sh,中证500ETF易方达
2022-01-28,3.105,3.097,3.121,3.041,488080.0,510580,sh,中证500ETF易方达
2022-02-07,3.149,3.121,3.149,3.105,320158.0,510580,sh,中证500ETF易方达
2022-02-08,3.125,3.153,3.157,3.089,303836.0,510580,sh,中证500ETF易方达
2022-02-09,3.162,3.194,3.198,3.141,285646.0,510580,sh,中证500ETF易方达
2022-02-10,3.194,3.194,3.202,3.174,323105.0,510580,sh,中证500ETF易方达
2022-02-11,3.198,3.157,3.198,3.149,334717.0,510580,sh,中证500ETF易方达
2022-02-14,3.157,3.137,3.162,3.121,367886.0,510580,sh,中证500ETF易方达
2022-02-15,3.141,3.157,3.157,3.125,298854.0,510580,sh,中证500ETF易方达
2022-02-16,3.166,3.157,3.174,3.153,226085.0,510580,sh,中证500ETF易方达
2022-02-17,3.162,3.166,3.178,3.141,292402.0,510580,sh,中证500ETF易方达
2022-02-18,3.166,3.194,3.198,3.149,290889.0,510580,sh,中证500ETF易方达
2022-02-21,3.194,3.202,3.202,3.182,367948.0,510580,sh,中证500ETF易方达
2022-02-22,3.194,3.17,3.194,3.145,291488.0,510580,sh,中证500ETF易方达
2022-02-23,3.166,3.206,3.21,3.166,334837.0,510580,sh,中证500ETF易方达
2022-02-24,3.19,3.162,3.218,3.129,421392.0,510580,sh,中证500ETF易方达
2022-02-25,3.166,3.19,3.222,3.166,359859.0,510580,sh,中证500ETF易方达
2022-02-28,3.19,3.202,3.202,3.162,329993.0,510580,sh,中证500ETF易方达
2022-03-01,3.21,3.206,3.218,3.19,260417.0,510580,sh,中证500ETF易方达
2022-03-02,3.206,3.21,3.214,3.186,335809.0,510580,sh,中证500ETF易方达
2022-03-03,3.218,3.21,3.226,3.194,303399.0,510580,sh,中证500ETF易方达
2022-03-04,3.194,3.19,3.214,3.17,357642.0,510580,sh,中证500ETF易方达
2022-03-07,3.186,3.121,3.186,3.097,377626.0,510580,sh,中证500ETF易方达
2022-03-08,3.117,3.02,3.117,3.0,594017.0,510580,sh,中证500ETF易方达
2022-03-09,3.016,2.948,3.02,2.843,479139.0,510580,sh,中证500ETF易方达
2022-03-10,2.98,2.996,3.024,2.976,431226.0,510580,sh,中证500ETF易方达
2022-03-11,2.984,3.036,3.036,2.928,297388.0,510580,sh,中证500ETF易方达
2022-03-14,3.02,2.964,3.036,2.964,429071.0,510580,sh,中证500ETF易方达
2022-03-15,2.96,2.859,2.96,2.807,1176864.0,510580,sh,中证500ETF易方达
2022-03-16,2.847,2.879,2.879,2.722,670183.0,510580,sh,中证500ETF易方达
2022-03-17,2.944,2.928,2.976,2.887,339896.0,510580,sh,中证500ETF易方达
2022-03-18,2.92,2.944,2.96,2.891,536561.0,510580,sh,中证500ETF易方达
2022-03-21,2.956,2.972,2.98,2.928,873781.0,510580,sh,中证500ETF易方达
2022-03-22,2.968,2.968,2.992,2.944,291299.0,510580,sh,中证500ETF易方达
2022-03-23,2.972,2.988,3.0,2.964,310685.0,510580,sh,中证500ETF易方达
2022-03-24,2.976,2.968,2.984,2.948,230158.0,510580,sh,中证500ETF易方达
2022-03-25,2.968,2.932,2.976,2.928,296931.0,510580,sh,中证500ETF易方达
2022-03-28,2.92,2.932,2.96,2.879,264408.0,510580,sh,中证500ETF易方达
2022-03-29,2.936,2.924,2.952,2.911,200917.0,510580,sh,中证500ETF易方达
2022-03-30,2.94,2.984,2.984,2.928,281698.0,510580,sh,中证500ETF易方达
2022-03-31,2.98,2.96,2.98,2.952,226660.0,510580,sh,中证500ETF易方达
2022-04-01,2.952,2.972,2.98,2.94,203797.0,510580,sh,中证500ETF易方达
2022-04-06,2.984,2.976,2.984,2.932,195867.0,510580,sh,中证500ETF易方达
2022-04-07,2.968,2.903,2.976,2.903,313207.0,510580,sh,中证500ETF易方达
2022-04-08,2.903,2.911,2.928,2.855,244317.0,510580,sh,中证500ETF易方达
2022-04-11,2.911,2.835,2.911,2.807,298856.0,510580,sh,中证500ETF易方达
2022-04-12,2.827,2.863,2.875,2.786,348697.0,510580,sh,中证500ETF易方达
2022-04-13,2.859,2.827,2.863,2.823,270327.0,510580,sh,中证500ETF易方达
2022-04-14,2.839,2.859,2.883,2.835,253958.0,510580,sh,中证500ETF易方达
2022-04-15,2.863,2.843,2.867,2.831,271488.0,510580,sh,中证500ETF易方达
2022-04-18,2.835,2.843,2.851,2.791,328553.0,510580,sh,中证500ETF易方达
2022-04-19,2.839,2.851,2.855,2.823,252389.0,510580,sh,中证500ETF易方达
2022-04-20,2.851,2.782,2.851,2.774,420826.0,510580,sh,中证500ETF易方达
2022-04-21,2.782,2.702,2.791,2.686,525571.0,510580,sh,中证500ETF易方达
2022-04-22,2.706,2.69,2.718,2.645,379972.0,510580,sh,中证500ETF易方达
2022-04-25,2.661,2.528,2.661,2.52,783948.0,510580,sh,中证500ETF易方达
2022-04-26,2.532,2.452,2.549,2.448,655728.0,510580,sh,中证500ETF易方达
2022-04-27,2.44,2.557,2.557,2.42,500621.0,510580,sh,中证500ETF易方达
2022-04-28,2.545,2.541,2.557,2.496,393091.0,510580,sh,中证500ETF易方达
2022-04-29,2.553,2.633,2.641,2.541,639512.0,510580,sh,中证500ETF易方达
2022-05-05,2.629,2.653,2.678,2.621,253714.0,510580,sh,中证500ETF易方达
2022-05-06,2.617,2.597,2.633,2.581,377763.0,510580,sh,中证500ETF易方达
2022-05-09,2.593,2.625,2.633,2.585,251507.0,510580,sh,中证500ETF易方达
2022-05-10,2.609,2.661,2.674,2.577,519629.0,510580,sh,中证500ETF易方达
2022-05-11,2.67,2.682,2.742,2.67,453791.0,510580,sh,中证500ETF易方达
2022-05-12,2.682,2.686,2.706,2.657,527766.0,510580,sh,中证500ETF易方达
2022-05-13,2.69,2.718,2.718,2.678,323089.0,510580,sh,中证500ETF易方达
2022-05-16,2.722,2.706,2.746,2.694,545997.0,510580,sh,中证500ETF易方达
2022-05-17,2.718,2.722,2.726,2.682,301126.0,510580,sh,中证500ETF易方达
2022-05-18,2.73,2.714,2.742,2.702,403511.0,510580,sh,中证500ETF易方达
2022-05-19,2.682,2.734,2.738,2.674,646290.0,510580,sh,中证500ETF易方达
2022-05-20,2.742,2.786,2.786,2.734,499346.0,510580,sh,中证500ETF易方达
2022-05-23,2.791,2.791,2.803,2.766,447483.0,510580,sh,中证500ETF易方达
2022-05-24,2.791,2.702,2.795,2.694,386350.0,510580,sh,中证500ETF易方达
2022-05-25,2.702,2.746,2.75,2.694,298848.0,510580,sh,中证500ETF易方达
2022-05-26,2.754,2.77,2.786,2.71,416522.0,510580,sh,中证500ETF易方达
2022-05-27,2.77,2.77,2.799,2.746,316787.0,510580,sh,中证500ETF易方达
2022-05-30,2.77,2.782,2.791,2.75,459774.0,510580,sh,中证500ETF易方达
2022-05-31,2.786,2.831,2.843,2.762,632119.0,510580,sh,中证500ETF易方达
2022-06-01,2.835,2.835,2.843,2.807,375566.0,510580,sh,中证500ETF易方达
2022-06-02,2.831,2.867,2.871,2.811,436442.0,510580,sh,中证500ETF易方达
2022-06-06,2.867,2.911,2.924,2.855,522635.0,510580,sh,中证500ETF易方达
2022-06-07,2.911,2.907,2.916,2.887,411286.0,510580,sh,中证500ETF易方达
2022-06-08,2.911,2.92,2.932,2.875,540570.0,510580,sh,中证500ETF易方达
2022-06-09,2.916,2.895,2.924,2.863,491188.0,510580,sh,中证500ETF易方达
2022-06-10,2.863,2.94,2.952,2.863,442793.0,510580,sh,中证500ETF易方达
2022-06-13,2.92,2.932,2.948,2.903,640099.0,510580,sh,中证500ETF易方达
2022-06-14,2.883,2.964,2.968,2.855,674915.0,510580,sh,中证500ETF易方达
2022-06-15,2.964,2.952,3.02,2.948,573886.0,510580,sh,中证500ETF易方达
2022-06-16,2.952,2.952,2.988,2.944,523225.0,510580,sh,中证500ETF易方达
2022-06-17,2.924,2.984,2.996,2.907,675069.0,510580,sh,中证500ETF易方达
2022-06-20,2.988,2.984,3.004,2.96,631356.0,510580,sh,中证500ETF易方达
2022-06-21,2.984,2.964,2.992,2.936,708742.0,510580,sh,中证500ETF易方达
2022-06-22,2.956,2.92,2.968,2.911,552302.0,510580,sh,中证500ETF易方达
2022-06-23,2.928,2.988,2.988,2.911,552606.0,510580,sh,中证500ETF易方达
2022-06-24,2.988,3.012,3.024,2.984,505730.0,510580,sh,中证500ETF易方达
2022-06-27,3.016,3.024,3.057,3.016,363347.0,510580,sh,中证500ETF易方达
2022-06-28,3.024,3.073,3.085,3.02,332326.0,510580,sh,中证500ETF易方达
2022-06-29,3.073,3.028,3.081,3.016,511159.0,510580,sh,中证500ETF易方达
2022-06-30,3.028,3.061,3.077,3.024,486262.0,510580,sh,中证500ETF易方达
2022-07-01,3.061,3.049,3.073,3.041,293960.0,510580,sh,中证500ETF易方达
2022-07-04,3.049,3.089,3.097,3.028,528844.0,510580,sh,中证500ETF易方达
2022-07-05,3.101,3.085,3.105,3.049,336000.0,510580,sh,中证500ETF易方达
2022-07-06,3.057,3.053,3.081,3.016,364313.0,510580,sh,中证500ETF易方达
2022-07-07,3.061,3.065,3.073,3.028,376470.0,510580,sh,中证500ETF易方达
2022-07-08,3.065,3.053,3.081,3.041,414926.0,510580,sh,中证500ETF易方达
2022-07-11,3.028,3.008,3.045,2.984,407336.0,510580,sh,中证500ETF易方达
2022-07-12,3.0,2.968,3.02,2.964,372436.0,510580,sh,中证500ETF易方达
2022-07-13,2.968,2.976,2.988,2.952,423774.0,510580,sh,中证500ETF易方达
2022-07-14,2.972,2.996,3.012,2.952,399008.0,510580,sh,中证500ETF易方达
2022-07-15,3.024,2.948,3.028,2.94,356505.0,510580,sh,中证500ETF易方达
2022-07-18,2.94,3.004,3.008,2.94,315226.0,510580,sh,中证500ETF易方达
2022-07-19,3.016,3.008,3.02,2.988,324292.0,510580,sh,中证500ETF易方达
2022-07-20,3.032,3.045,3.057,3.02,392088.0,510580,sh,中证500ETF易方达
2022-07-21,3.045,3.02,3.049,3.012,304182.0,510580,sh,中证500ETF易方达
2022-07-22,3.02,2.996,3.036,2.964,553736.0,510580,sh,中证500ETF易方达
2022-07-25,3.008,2.964,3.008,2.952,378914.0,510580,sh,中证500ETF易方达
2022-07-26,2.956,2.996,3.008,2.956,267878.0,510580,sh,中证500ETF易方达
2022-07-27,2.988,3.012,3.024,2.988,201824.0,510580,sh,中证500ETF易方达
2022-07-28,3.036,3.024,3.057,3.02,532898.0,510580,sh,中证500ETF易方达
2022-07-29,3.02,3.004,3.036,2.992,344254.0,510580,sh,中证500ETF易方达
2022-08-01,3.0,3.024,3.028,2.976,344275.0,510580,sh,中证500ETF易方达
2022-08-02,2.984,2.952,3.004,2.911,573042.0,510580,sh,中证500ETF易方达
2022-08-03,2.944,2.928,2.996,2.911,460422.0,510580,sh,中证500ETF易方达
2022-08-04,2.928,2.936,2.944,2.891,495275.0,510580,sh,中证500ETF易方达
2022-08-05,2.936,2.984,2.992,2.932,402679.0,510580,sh,中证500ETF易方达
2022-08-08,2.988,3.008,3.016,2.98,369001.0,510580,sh,中证500ETF易方达
2022-08-09,3.0,3.02,3.02,2.992,339912.0,510580,sh,中证500ETF易方达
2022-08-10,3.016,3.016,3.032,2.996,345889.0,510580,sh,中证500ETF易方达
2022-08-11,3.012,3.069,3.073,3.012,292990.0,510580,sh,中证500ETF易方达
2022-08-12,3.069,3.069,3.081,3.057,407553.0,510580,sh,中证500ETF易方达
2022-08-15,3.069,3.073,3.089,3.053,367498.0,510580,sh,中证500ETF易方达
2022-08-16,3.073,3.081,3.101,3.069,305817.0,510580,sh,中证500ETF易方达
2022-08-17,3.077,3.097,3.105,3.061,353258.0,510580,sh,中证500ETF易方达
2022-08-18,3.097,3.085,3.097,3.073,312095.0,510580,sh,中证500ETF易方达
2022-08-19,3.081,3.049,3.093,3.041,402326.0,510580,sh,中证500ETF易方达
2022-08-22,3.049,3.081,3.093,3.032,360184.0,510580,sh,中证500ETF易方达
2022-08-23,3.093,3.085,3.093,3.061,344136.0,510580,sh,中证500ETF易方达
2022-08-24,3.081,3.0,3.089,2.988,548802.0,510580,sh,中证500ETF易方达
2022-08-25,3.004,3.016,3.02,2.976,504642.0,510580,sh,中证500ETF易方达
2022-08-26,3.008,3.012,3.041,2.996,285734.0,510580,sh,中证500ETF易方达
2022-08-29,2.996,3.012,3.016,2.964,370746.0,510580,sh,中证500ETF易方达
2022-08-30,3.008,3.0,3.012,2.98,380908.0,510580,sh,中证500ETF易方达
2022-08-31,3.004,2.944,3.004,2.932,485196.0,510580,sh,中证500ETF易方达
2022-09-01,2.928,2.928,2.968,2.92,392890.0,510580,sh,中证500ETF易方达
2022-09-02,2.924,2.94,2.956,2.924,368406.0,510580,sh,中证500ETF易方达
2022-09-05,2.94,2.948,2.956,2.92,266246.0,510580,sh,中证500ETF易方达
2022-09-06,2.956,3.004,3.008,2.956,356300.0,510580,sh,中证500ETF易方达
2022-09-07,3.0,3.008,3.016,2.988,318702.0,510580,sh,中证500ETF易方达
2022-09-08,3.004,3.0,3.012,2.992,318856.0,510580,sh,中证500ETF易方达
2022-09-09,3.0,3.02,3.024,2.988,323742.0,510580,sh,中证500ETF易方达
2022-09-13,3.02,3.004,3.036,2.996,473232.0,510580,sh,中证500ETF易方达
2022-09-14,2.996,2.988,3.0,2.968,445023.0,510580,sh,中证500ETF易方达
2022-09-15,2.988,2.911,3.004,2.887,633591.0,510580,sh,中证500ETF易方达
2022-09-16,2.911,2.843,2.911,2.839,677122.0,510580,sh,中证500ETF易方达
2022-09-19,2.843,2.827,2.847,2.803,399129.0,510580,sh,中证500ETF易方达
2022-09-20,2.831,2.843,2.867,2.831,305651.0,510580,sh,中证500ETF易方达
2022-09-21,2.839,2.851,2.867,2.807,297872.0,510580,sh,中证500ETF易方达
2022-09-22,2.839,2.847,2.871,2.835,378756.0,510580,sh,中证500ETF易方达
2022-09-23,2.839,2.831,2.855,2.799,565259.0,510580,sh,中证500ETF易方达
2022-09-26,2.815,2.774,2.835,2.774,648648.0,510580,sh,中证500ETF易方达
2022-09-27,2.774,2.831,2.835,2.774,603042.0,510580,sh,中证500ETF易方达
2022-09-28,2.819,2.766,2.823,2.762,547591.0,510580,sh,中证500ETF易方达
2022-09-29,2.774,2.77,2.807,2.75,658529.0,510580,sh,中证500ETF易方达
2022-09-30,2.766,2.738,2.778,2.73,652709.0,510580,sh,中证500ETF易方达
2022-10-10,2.734,2.698,2.758,2.686,614472.0,510580,sh,中证500ETF易方达
2022-10-11,2.698,2.718,2.73,2.686,651252.0,510580,sh,中证500ETF易方达
2022-10-12,2.718,2.774,2.791,2.67,690163.0,510580,sh,中证500ETF易方达
2022-10-13,2.77,2.782,2.807,2.766,553157.0,510580,sh,中证500ETF易方达
2022-10-14,2.811,2.859,2.871,2.803,417975.0,510580,sh,中证500ETF易方达
2022-10-17,2.851,2.879,2.887,2.839,843935.0,510580,sh,中证500ETF易方达
2022-10-18,2.879,2.883,2.903,2.863,434618.0,510580,sh,中证500ETF易方达
2022-10-19,2.879,2.859,2.887,2.851,414372.0,510580,sh,中证500ETF易方达
2022-10-20,2.851,2.847,2.887,2.807,668456.0,510580,sh,中证500ETF易方达
2022-10-21,2.847,2.847,2.863,2.827,449937.0,510580,sh,中证500ETF易方达
2022-10-24,2.859,2.835,2.907,2.795,576565.0,510580,sh,中证500ETF易方达
2022-10-25,2.823,2.807,2.843,2.766,557302.0,510580,sh,中证500ETF易方达
2022-10-26,2.811,2.855,2.883,2.807,589212.0,510580,sh,中证500ETF易方达
2022-10-27,2.863,2.855,2.887,2.851,645201.0,510580,sh,中证500ETF易方达
2022-10-28,2.855,2.778,2.855,2.762,1482502.0,510580,sh,中证500ETF易方达
2022-10-31,2.766,2.778,2.807,2.75,631477.0,510580,sh,中证500ETF易方达
2022-11-01,2.774,2.855,2.855,2.766,519496.0,510580,sh,中证500ETF易方达
2022-11-02,2.839,2.867,2.883,2.835,492130.0,510580,sh,中证500ETF易方达
2022-11-03,2.847,2.871,2.875,2.847,509051.0,510580,sh,中证500ETF易方达
2022-11-04,2.871,2.932,2.948,2.867,429253.0,510580,sh,中证500ETF易方达
2022-11-07,2.928,2.928,2.948,2.911,469977.0,510580,sh,中证500ETF易方达
2022-11-08,2.928,2.932,2.936,2.916,463832.0,510580,sh,中证500ETF易方达
2022-11-09,2.932,2.928,2.96,2.924,476693.0,510580,sh,中证500ETF易方达
2022-11-10,2.924,2.916,2.928,2.899,490871.0,510580,sh,中证500ETF易方达
2022-11-11,2.964,2.94,3.0,2.932,595773.0,510580,sh,中证500ETF易方达
2022-11-14,2.94,2.928,2.968,2.92,550746.0,510580,sh,中证500ETF易方达
2022-11-15,2.932,2.976,2.98,2.924,607695.0,510580,sh,中证500ETF易方达
2022-11-16,2.98,2.968,2.992,2.96,774910.0,510580,sh,中证500ETF易方达
2022-11-17,2.96,2.972,2.972,2.936,669752.0,510580,sh,中证500ETF易方达
2022-11-18,2.972,2.972,2.992,2.96,624710.0,510580,sh,中证500ETF易方达
2022-11-21,2.956,2.96,2.968,2.932,515434.0,510580,sh,中证500ETF易方达
2022-11-22,2.96,2.936,2.964,2.92,564964.0,510580,sh,中证500ETF易方达
2022-11-23,2.936,2.928,2.94,2.891,603375.0,510580,sh,中证500ETF易方达
2022-11-24,2.928,2.928,2.948,2.916,443413.0,510580,sh,中证500ETF易方达
2022-11-25,2.924,2.916,2.928,2.899,614950.0,510580,sh,中证500ETF易方达
2022-11-28,2.903,2.899,2.903,2.855,535017.0,510580,sh,中证500ETF易方达
2022-11-29,2.916,2.944,2.956,2.907,494775.0,510580,sh,中证500ETF易方达
2022-11-30,2.948,2.944,2.956,2.924,539252.0,510580,sh,中证500ETF易方达
2022-12-01,2.964,2.956,2.984,2.952,482693.0,510580,sh,中证500ETF易方达
2022-12-02,2.952,2.948,2.972,2.932,490259.0,510580,sh,中证500ETF易方达
2022-12-05,2.964,2.968,2.976,2.952,591848.0,510580,sh,中证500ETF易方达
2022-12-06,2.964,2.964,2.992,2.956,629802.0,510580,sh,中证500ETF易方达
2022-12-07,2.964,2.964,2.984,2.952,565298.0,510580,sh,中证500ETF易方达
2022-12-08,2.96,2.956,2.968,2.944,512847.0,510580,sh,中证500ETF易方达
2022-12-09,2.952,2.964,2.976,2.944,450386.0,510580,sh,中证500ETF易方达
2022-12-12,2.96,2.952,2.964,2.94,535469.0,510580,sh,中证500ETF易方达
2022-12-13,2.956,2.936,2.956,2.932,523606.0,510580,sh,中证500ETF易方达
2022-12-14,2.94,2.924,2.944,2.911,458661.0,510580,sh,中证500ETF易方达
2022-12-15,2.92,2.92,2.928,2.907,441045.0,510580,sh,中证500ETF易方达
2022-12-16,2.92,2.916,2.924,2.895,344293.0,510580,sh,中证500ETF易方达
2022-12-19,2.911,2.847,2.944,2.835,597592.0,510580,sh,中证500ETF易方达
2022-12-20,2.847,2.819,2.847,2.807,620984.0,510580,sh,中证500ETF易方达
2022-12-21,2.823,2.811,2.827,2.786,515248.0,510580,sh,中证500ETF易方达
2022-12-22,2.819,2.778,2.819,2.758,474564.0,510580,sh,中证500ETF易方达
2022-12-23,2.778,2.778,2.786,2.754,505311.0,510580,sh,中证500ETF易方达
2022-12-26,2.762,2.803,2.811,2.762,527759.0,510580,sh,中证500ETF易方达
2022-12-27,2.811,2.823,2.827,2.799,391834.0,510580,sh,中证500ETF易方达
2022-12-28,2.823,2.815,2.827,2.807,451394.0,510580,sh,中证500ETF易方达
2022-12-29,2.811,2.807,2.835,2.799,432636.0,510580,sh,中证500ETF易方达
2022-12-30,2.811,2.811,2.823,2.803,414464.0,510580,sh,中证500ETF易方达
2023-01-03,2.811,2.855,2.859,2.799,519295.0,510580,sh,中证500ETF易方达
2023-01-04,2.863,2.855,2.863,2.839,634330.0,510580,sh,中证500ETF易方达
2023-01-05,2.859,2.879,2.887,2.851,413678.0,510580,sh,中证500ETF易方达
2023-01-06,2.875,2.883,2.899,2.875,487188.0,510580,sh,中证500ETF易方达
2023-01-09,2.883,2.891,2.907,2.883,502893.0,510580,sh,中证500ETF易方达
2023-01-10,2.891,2.899,2.903,2.883,611930.0,510580,sh,中证500ETF易方达
2023-01-11,2.899,2.891,2.911,2.883,660607.0,510580,sh,中证500ETF易方达
2023-01-12,2.887,2.887,2.903,2.875,612950.0,510580,sh,中证500ETF易方达
2023-01-13,2.887,2.903,2.907,2.883,524441.0,510580,sh,中证500ETF易方达
2023-01-16,2.899,2.936,2.96,2.899,551882.0,510580,sh,中证500ETF易方达
2023-01-17,2.936,2.936,2.948,2.928,458991.0,510580,sh,中证500ETF易方达
2023-01-18,2.944,2.944,2.96,2.944,455158.0,510580,sh,中证500ETF易方达
2023-01-19,2.948,2.976,2.976,2.936,438190.0,510580,sh,中证500ETF易方达
2023-01-20,2.98,3.0,3.004,2.976,548419.0,510580,sh,中证500ETF易方达
2023-01-30,3.008,3.008,3.049,3.004,603544.0,510580,sh,中证500ETF易方达
2023-01-31,3.012,3.016,3.024,3.004,442884.0,510580,sh,中证500ETF易方达
2023-02-01,3.024,3.053,3.053,3.016,534702.0,510580,sh,中证500ETF易方达
2023-02-02,3.053,3.053,3.077,3.041,341787.0,510580,sh,中证500ETF易方达
2023-02-03,3.049,3.041,3.049,3.004,358397.0,510580,sh,中证500ETF易方达
2023-02-06,3.045,3.028,3.045,3.004,397996.0,510580,sh,中证500ETF易方达
2023-02-07,3.024,3.02,3.032,3.004,376259.0,510580,sh,中证500ETF易方达
2023-02-08,3.02,3.004,3.036,2.996,359832.0,510580,sh,中证500ETF易方达
2023-02-09,3.004,3.049,3.053,2.996,357787.0,510580,sh,中证500ETF易方达
2023-02-10,3.053,3.045,3.053,3.016,420274.0,510580,sh,中证500ETF易方达
2023-02-13,3.045,3.057,3.061,3.036,357898.0,510580,sh,中证500ETF易方达
2023-02-14,3.065,3.065,3.073,3.041,327387.0,510580,sh,中证500ETF易方达
2023-02-15,3.065,3.061,3.073,3.049,379252.0,510580,sh,中证500ETF易方达
2023-02-16,3.065,3.032,3.085,2.996,412295.0,510580,sh,中证500ETF易方达
2023-02-17,3.024,2.988,3.028,2.988,395514.0,510580,sh,中证500ETF易方达
2023-02-20,3.0,3.041,3.045,2.98,485166.0,510580,sh,中证500ETF易方达
2023-02-21,3.053,3.057,3.069,3.041,346375.0,510580,sh,中证500ETF易方达
2023-02-22,3.057,3.057,3.069,3.041,292875.0,510580,sh,中证500ETF易方达
2023-02-23,3.061,3.053,3.065,3.028,278309.0,510580,sh,中证500ETF易方达
2023-02-24,3.053,3.041,3.057,3.024,253467.0,510580,sh,中证500ETF易方达
2023-02-27,3.041,3.024,3.045,3.012,279812.0,510580,sh,中证500ETF易方达
2023-02-28,3.041,3.053,3.053,3.02,312393.0,510580,sh,中证500ETF易方达
2023-03-01,3.057,3.065,3.073,3.041,499669.0,510580,sh,中证500ETF易方达
2023-03-02,3.065,3.061,3.073,3.057,392520.0,510580,sh,中证500ETF易方达
2023-03-03,3.069,3.061,3.069,3.041,375495.0,510580,sh,中证500ETF易方达
2023-03-06,3.069,3.061,3.069,3.045,264736.0,510580,sh,中证500ETF易方达
2023-03-07,3.061,3.02,3.065,3.016,283041.0,510580,sh,中证500ETF易方达
2023-03-08,3.016,3.02,3.028,3.004,259627.0,510580,sh,中证500ETF易方达
2023-03-09,3.024,3.012,3.024,3.0,231056.0,510580,sh,中证500ETF易方达
2023-03-10,3.008,2.984,3.008,2.972,262536.0,510580,sh,中证500ETF易方达
2023-03-13,2.968,3.0,3.0,2.964,253855.0,510580,sh,中证500ETF易方达
2023-03-14,3.0,2.972,3.0,2.944,298075.0,510580,sh,中证500ETF易方达
2023-03-15,2.972,2.988,3.0,2.972,257946.0,510580,sh,中证500ETF易方达
2023-03-16,2.984,2.956,2.984,2.944,292937.0,510580,sh,中证500ETF易方达
2023-03-17,2.976,2.968,2.992,2.96,310200.0,510580,sh,中证500ETF易方达
2023-03-20,2.968,2.96,2.98,2.952,295263.0,510580,sh,中证500ETF易方达
2023-03-21,2.964,2.988,2.988,2.964,272289.0,510580,sh,中证500ETF易方达
2023-03-22,2.992,3.004,3.004,2.992,154060.0,510580,sh,中证500ETF易方达
2023-03-23,3.004,3.02,3.02,2.992,209646.0,510580,sh,中证500ETF易方达
2023-03-24,3.032,3.024,3.032,3.008,188527.0,510580,sh,中证500ETF易方达
2023-03-27,3.024,3.024,3.028,3.0,284896.0,510580,sh,中证500ETF易方达
2023-03-28,3.02,3.02,3.032,3.008,337900.0,510580,sh,中证500ETF易方达
2023-03-29,3.008,3.004,3.024,2.996,284302.0,510580,sh,中证500ETF易方达
2023-03-30,3.0,3.02,3.02,2.988,343870.0,510580,sh,中证500ETF易方达
2023-03-31,3.032,3.036,3.041,3.012,226776.0,510580,sh,中证500ETF易方达
2023-04-03,3.041,3.073,3.081,3.041,294404.0,510580,sh,中证500ETF易方达
2023-04-04,3.073,3.077,3.077,3.061,429220.0,510580,sh,中证500ETF易方达
2023-04-06,3.049,3.073,3.081,3.049,168894.0,510580,sh,中证500ETF易方达
2023-04-07,3.073,3.097,3.105,3.061,292855.0,510580,sh,中证500ETF易方达
2023-04-10,3.117,3.073,3.117,3.069,350613.0,510580,sh,中证500ETF易方达
2023-04-11,3.069,3.077,3.081,3.061,335083.0,510580,sh,中证500ETF易方达
2023-04-12,3.077,3.089,3.093,3.069,440516.0,510580,sh,中证500ETF易方达
2023-04-13,3.089,3.077,3.093,3.069,357880.0,510580,sh,中证500ETF易方达
2023-04-14,3.081,3.085,3.097,3.073,314837.0,510580,sh,中证500ETF易方达
2023-04-17,3.085,3.097,3.097,3.077,560595.0,510580,sh,中证500ETF易方达
2023-04-18,3.097,3.097,3.101,3.077,533500.0,510580,sh,中证500ETF易方达
2023-04-19,3.093,3.081,3.101,3.073,279287.0,510580,sh,中证500ETF易方达
2023-04-20,3.081,3.077,3.081,3.065,254978.0,510580,sh,中证500ETF易方达
2023-04-21,3.073,3.008,3.077,3.004,308562.0,510580,sh,中证500ETF易方达
2023-04-24,3.004,2.984,3.012,2.976,304032.0,510580,sh,中证500ETF易方达
2023-04-25,2.988,2.944,2.992,2.911,324223.0,510580,sh,中证500ETF易方达
2023-04-26,2.944,2.952,2.964,2.936,339752.0,510580,sh,中证500ETF易方达
2023-04-27,2.968,2.964,2.98,2.944,395157.0,510580,sh,中证500ETF易方达
2023-04-28,2.984,3.004,3.008,2.964,203963.0,510580,sh,中证500ETF易方达
2023-05-04,3.0,3.008,3.008,2.992,276255.0,510580,sh,中证500ETF易方达
2023-05-05,3.008,2.984,3.008,2.968,230361.0,510580,sh,中证500ETF易方达
2023-05-08,2.984,3.004,3.008,2.98,246613.0,510580,sh,中证500ETF易方达
2023-05-09,3.004,2.972,3.012,2.972,259464.0,510580,sh,中证500ETF易方达
2023-05-10,2.972,2.972,2.984,2.956,286743.0,510580,sh,中证500ETF易方达
2023-05-11,2.984,2.96,2.984,2.956,324495.0,510580,sh,中证500ETF易方达
2023-05-12,2.956,2.936,2.976,2.928,295841.0,510580,sh,中证500ETF易方达
2023-05-15,2.936,2.968,2.972,2.911,342573.0,510580,sh,中证500ETF易方达
2023-05-16,2.968,2.948,2.972,2.936,242895.0,510580,sh,中证500ETF易方达
2023-05-17,2.948,2.944,2.956,2.932,278527.0,510580,sh,中证500ETF易方达
2023-05-18,2.948,2.948,2.964,2.936,386936.0,510580,sh,中证500ETF易方达
2023-05-19,2.944,2.952,2.968,2.932,374339.0,510580,sh,中证500ETF易方达
2023-05-22,2.956,2.952,2.964,2.936,280800.0,510580,sh,中证500ETF易方达
2023-05-23,2.956,2.924,2.96,2.92,332445.0,510580,sh,中证500ETF易方达
2023-05-24,2.92,2.895,2.928,2.891,295385.0,510580,sh,中证500ETF易方达
2023-05-25,2.903,2.891,2.911,2.859,350336.0,510580,sh,中证500ETF易方达
2023-05-26,2.899,2.916,2.92,2.871,240037.0,510580,sh,中证500ETF易方达
2023-05-29,2.92,2.916,2.94,2.903,371101.0,510580,sh,中证500ETF易方达
2023-05-30,2.911,2.92,2.928,2.883,301152.0,510580,sh,中证500ETF易方达
2023-05-31,2.928,2.92,2.928,2.903,270560.0,510580,sh,中证500ETF易方达
2023-06-01,2.924,2.924,2.944,2.907,322581.0,510580,sh,中证500ETF易方达
2023-06-02,2.924,2.948,2.956,2.924,308716.0,510580,sh,中证500ETF易方达
2023-06-05,2.952,2.944,2.956,2.94,299820.0,510580,sh,中证500ETF易方达
2023-06-06,2.948,2.887,2.952,2.887,353346.0,510580,sh,中证500ETF易方达
2023-06-07,2.887,2.895,2.907,2.883,304931.0,510580,sh,中证500ETF易方达
2023-06-08,2.895,2.891,2.899,2.867,396455.0,510580,sh,中证500ETF易方达
2023-06-09,2.891,2.911,2.911,2.883,239044.0,510580,sh,中证500ETF易方达
2023-06-12,2.911,2.924,2.932,2.907,242282.0,510580,sh,中证500ETF易方达
2023-06-13,2.92,2.932,2.936,2.92,117583.0,510580,sh,中证500ETF易方达
2023-06-14,2.932,2.936,2.944,2.928,122592.0,510580,sh,中证500ETF易方达
2023-06-15,2.936,2.956,2.96,2.932,401742.0,510580,sh,中证500ETF易方达
2023-06-16,2.956,2.98,2.988,2.956,230900.0,510580,sh,中证500ETF易方达
2023-06-19,2.984,2.976,2.988,2.972,290313.0,510580,sh,中证500ETF易方达
2023-06-20,2.976,2.972,2.984,2.96,223636.0,510580,sh,中证500ETF易方达
2023-06-21,2.968,2.911,2.968,2.907,387051.0,510580,sh,中证500ETF易方达
2023-06-26,2.907,2.867,2.907,2.859,406405.0,510580,sh,中证500ETF易方达
2023-06-27,2.867,2.891,2.895,2.867,338323.0,510580,sh,中证500ETF易方达
2023-06-28,2.887,2.891,2.899,2.851,296684.0,510580,sh,中证500ETF易方达
2023-06-29,2.891,2.895,2.903,2.879,121922.0,510580,sh,中证500ETF易方达
2023-06-30,2.903,2.928,2.936,2.887,203433.0,510580,sh,中证500ETF易方达
2023-07-03,2.936,2.94,2.952,2.924,212456.0,510580,sh,中证500ETF易方达
2023-07-04,2.944,2.948,2.952,2.936,392994.0,510580,sh,中证500ETF易方达
2023-07-05,2.948,2.932,2.948,2.928,196053.0,510580,sh,中证500ETF易方达
2023-07-06,2.932,2.92,2.948,2.916,156665.0,510580,sh,中证500ETF易方达
2023-07-07,2.916,2.907,2.92,2.895,68573.0,510580,sh,中证500ETF易方达
2023-07-10,2.924,2.92,2.932,2.907,145300.0,510580,sh,中证500ETF易方达
2023-07-11,2.916,2.944,2.944,2.916,137555.0,510580,sh,中证500ETF易方达
2023-07-12,2.944,2.911,2.948,2.907,107178.0,510580,sh,中证500ETF易方达
2023-07-13,2.94,2.952,2.956,2.924,125602.0,510580,sh,中证500ETF易方达
2023-07-14,2.952,2.944,2.956,2.94,162622.0,510580,sh,中证500ETF易方达
2023-07-17,2.94,2.936,2.94,2.92,236849.0,510580,sh,中证500ETF易方达
2023-07-18,2.936,2.936,2.944,2.924,207051.0,510580,sh,中证500ETF易方达
2023-07-19,2.94,2.928,2.944,2.916,147557.0,510580,sh,中证500ETF易方达
2023-07-20,2.944,2.899,2.944,2.891,222208.0,510580,sh,中证500ETF易方达
2023-07-21,2.903,2.899,2.92,2.887,278135.0,510580,sh,中证500ETF易方达
2023-07-24,2.895,2.891,2.911,2.879,195899.0,510580,sh,中证500ETF易方达
2023-07-25,2.907,2.94,2.944,2.907,300358.0,510580,sh,中证500ETF易方达
2023-07-26,2.94,2.932,2.94,2.924,235561.0,510580,sh,中证500ETF易方达
2023-07-27,2.944,2.916,2.944,2.907,233384.0,510580,sh,中证500ETF易方达
2023-07-28,2.932,2.96,2.964,2.903,295611.0,510580,sh,中证500ETF易方达
2023-07-31,2.956,2.976,3.004,2.952,369176.0,510580,sh,中证500ETF易方达
2023-08-01,2.972,2.976,2.988,2.968,311314.0,510580,sh,中证500ETF易方达
2023-08-02,2.98,2.972,2.984,2.96,350664.0,510580,sh,中证500ETF易方达
2023-08-03,2.968,2.98,2.98,2.952,359869.0,510580,sh,中证500ETF易方达
2023-08-04,2.984,2.996,3.016,2.984,275214.0,510580,sh,中证500ETF易方达
2023-08-07,2.996,2.98,2.996,2.972,335899.0,510580,sh,中证500ETF易方达
2023-08-08,2.98,2.972,2.98,2.956,201068.0,510580,sh,中证500ETF易方达
2023-08-09,2.968,2.956,2.968,2.944,237043.0,510580,sh,中证500ETF易方达
2023-08-10,2.956,2.952,2.956,2.932,222211.0,510580,sh,中证500ETF易方达
2023-08-11,2.952,2.899,2.956,2.895,378498.0,510580,sh,中证500ETF易方达
2023-08-14,2.895,2.895,2.899,2.859,373836.0,510580,sh,中证500ETF易方达
2023-08-15,2.899,2.879,2.903,2.855,293988.0,510580,sh,中证500ETF易方达
2023-08-16,2.879,2.863,2.883,2.859,279809.0,510580,sh,中证500ETF易方达
2023-08-17,2.863,2.875,2.887,2.835,320581.0,510580,sh,中证500ETF易方达
2023-08-18,2.875,2.831,2.883,2.831,345398.0,510580,sh,中证500ETF易方达
2023-08-21,2.835,2.803,2.847,2.799,292923.0,510580,sh,中证500ETF易方达
2023-08-22,2.807,2.815,2.819,2.77,297496.0,510580,sh,中证500ETF易方达
2023-08-23,2.819,2.77,2.819,2.758,274923.0,510580,sh,中证500ETF易方达
2023-08-24,2.77,2.774,2.795,2.758,164307.0,510580,sh,中证500ETF易方达
2023-08-25,2.774,2.742,2.774,2.726,177517.0,510580,sh,中证500ETF易方达
2023-08-28,2.863,2.77,2.903,2.754,363005.0,510580,sh,中证500ETF易方达
2023-08-29,2.77,2.819,2.839,2.758,375073.0,510580,sh,中证500ETF易方达
2023-08-30,2.831,2.827,2.847,2.819,263677.0,510580,sh,中证500ETF易方达
2023-08-31,2.839,2.815,2.839,2.807,202377.0,510580,sh,中证500ETF易方达
2023-09-01,2.815,2.823,2.835,2.807,224720.0,510580,sh,中证500ETF易方达
2023-09-04,2.823,2.855,2.859,2.819,210385.0,510580,sh,中证500ETF易方达
2023-09-05,2.855,2.839,2.855,2.831,271889.0,510580,sh,中证500ETF易方达
2023-09-06,2.831,2.835,2.843,2.815,170887.0,510580,sh,中证500ETF易方达
2023-09-07,2.835,2.795,2.835,2.791,205440.0,510580,sh,中证500ETF易方达
2023-09-08,2.795,2.799,2.807,2.782,192422.0,510580,sh,中证500ETF易方达
2023-09-11,2.803,2.827,2.847,2.795,216851.0,510580,sh,中证500ETF易方达
2023-09-12,2.827,2.831,2.839,2.823,73383.0,510580,sh,中证500ETF易方达
2023-09-13,2.831,2.799,2.831,2.786,173155.0,510580,sh,中证500ETF易方达
2023-09-14,2.799,2.795,2.803,2.782,179105.0,510580,sh,中证500ETF易方达
2023-09-15,2.795,2.799,2.815,2.782,161255.0,510580,sh,中证500ETF易方达
2023-09-18,2.795,2.803,2.815,2.778,305920.0,510580,sh,中证500ETF易方达
2023-09-19,2.807,2.795,2.807,2.782,221238.0,510580,sh,中证500ETF易方达
2023-09-20,2.795,2.778,2.795,2.774,197063.0,510580,sh,中证500ETF易方达
2023-09-21,2.774,2.754,2.782,2.75,186454.0,510580,sh,中证500ETF易方达
2023-09-22,2.75,2.799,2.799,2.75,216020.0,510580,sh,中证500ETF易方达
2023-09-25,2.799,2.782,2.799,2.774,151403.0,510580,sh,中证500ETF易方达
2023-09-26,2.786,2.778,2.791,2.774,111471.0,510580,sh,中证500ETF易方达
2023-09-27,2.782,2.786,2.799,2.774,227080.0,510580,sh,中证500ETF易方达
2023-09-28,2.786,2.791,2.799,2.782,161753.0,510580,sh,中证500ETF易方达
2023-10-09,2.786,2.774,2.791,2.762,187777.0,510580,sh,中证500ETF易方达
2023-10-10,2.782,2.766,2.786,2.758,189036.0,510580,sh,中证500ETF易方达
2023-10-11,2.758,2.762,2.786,2.754,162288.0,510580,sh,中证500ETF易方达
2023-10-12,2.766,2.782,2.786,2.766,118782.0,510580,sh,中证500ETF易方达
2023-10-13,2.778,2.77,2.778,2.758,134854.0,510580,sh,中证500ETF易方达
2023-10-16,2.77,2.746,2.77,2.73,143658.0,510580,sh,中证500ETF易方达
2023-10-17,2.75,2.746,2.75,2.726,84157.0,510580,sh,中证500ETF易方达
2023-10-18,2.754,2.718,2.754,2.714,130144.0,510580,sh,中证500ETF易方达
2023-10-19,2.718,2.69,2.718,2.682,209186.0,510580,sh,中证500ETF易方达
2023-10-20,2.682,2.67,2.69,2.657,363437.0,510580,sh,中证500ETF易方达
2023-10-23,2.666,2.597,2.666,2.581,298759.0,510580,sh,中证500ETF易方达
2023-10-24,2.601,2.625,2.633,2.597,207075.0,510580,sh,中证500ETF易方达
2023-10-25,2.637,2.641,2.661,2.637,118490.0,510580,sh,中证500ETF易方达
2023-10-26,2.637,2.653,2.653,2.621,150769.0,510580,sh,中证500ETF易方达
2023-10-27,2.653,2.694,2.71,2.641,140536.0,510580,sh,中证500ETF易方达
2023-10-30,2.694,2.722,2.73,2.69,214497.0,510580,sh,中证500ETF易方达
2023-10-31,2.722,2.714,2.726,2.698,1026438.0,510580,sh,中证500ETF易方达
2023-11-01,2.718,2.706,2.718,2.698,256451.0,510580,sh,中证500ETF易方达
2023-11-02,2.71,2.686,2.718,2.678,218953.0,510580,sh,中证500ETF易方达
2023-11-03,2.69,2.698,2.718,2.686,295927.0,510580,sh,中证500ETF易方达
2023-11-06,2.71,2.746,2.75,2.71,320876.0,510580,sh,中证500ETF易方达
2023-11-07,2.742,2.75,2.762,2.734,282276.0,510580,sh,中证500ETF易方达
2023-11-08,2.75,2.75,2.762,2.734,355753.0,510580,sh,中证500ETF易方达
2023-11-09,2.75,2.742,2.77,2.738,210131.0,510580,sh,中证500ETF易方达
2023-11-10,2.746,2.738,2.746,2.722,174782.0,510580,sh,中证500ETF易方达
2023-11-13,2.738,2.746,2.75,2.726,151603.0,510580,sh,中证500ETF易方达
2023-11-14,2.75,2.762,2.766,2.746,225714.0,510580,sh,中证500ETF易方达
2023-11-15,2.774,2.778,2.791,2.77,208903.0,510580,sh,中证500ETF易方达
2023-11-16,2.774,2.75,2.774,2.746,201381.0,510580,sh,中证500ETF易方达
2023-11-17,2.75,2.758,2.762,2.742,164437.0,510580,sh,中证500ETF易方达
2023-11-20,2.758,2.778,2.786,2.75,292348.0,510580,sh,中证500ETF易方达
2023-11-21,2.778,2.77,2.795,2.762,239091.0,510580,sh,中证500ETF易方达
2023-11-22,2.766,2.738,2.77,2.734,258625.0,510580,sh,中证500ETF易方达
2023-11-23,2.738,2.762,2.766,2.722,284543.0,510580,sh,中证500ETF易方达
2023-11-24,2.762,2.734,2.762,2.726,252222.0,510580,sh,中证500ETF易方达
2023-11-27,2.742,2.73,2.746,2.714,240405.0,510580,sh,中证500ETF易方达
2023-11-28,2.73,2.742,2.75,2.71,210571.0,510580,sh,中证500ETF易方达
2023-11-29,2.738,2.726,2.742,2.722,272032.0,510580,sh,中证500ETF易方达
2023-11-30,2.738,2.718,2.738,2.706,177500.0,510580,sh,中证500ETF易方达
2023-12-01,2.718,2.726,2.738,2.706,190730.0,510580,sh,中证500ETF易方达
2023-12-04,2.726,2.73,2.754,2.726,905080.0,510580,sh,中证500ETF易方达
2023-12-05,2.73,2.686,2.73,2.686,252678.0,510580,sh,中证500ETF易方达
2023-12-06,2.686,2.69,2.71,2.678,371608.0,510580,sh,中证500ETF易方达
2023-12-07,2.69,2.694,2.706,2.67,355024.0,510580,sh,中证500ETF易方达
2023-12-08,2.71,2.698,2.71,2.69,237959.0,510580,sh,中证500ETF易方达
2023-12-11,2.698,2.722,2.738,2.67,253066.0,510580,sh,中证500ETF易方达
2023-12-12,2.722,2.73,2.734,2.718,369265.0,510580,sh,中证500ETF易方达
2023-12-13,2.73,2.702,2.73,2.698,337764.0,510580,sh,中证500ETF易方达
2023-12-14,2.702,2.698,2.73,2.69,396955.0,510580,sh,中证500ETF易方达
2023-12-15,2.702,2.678,2.71,2.666,360662.0,510580,sh,中证500ETF易方达
2023-12-18,2.674,2.645,2.674,2.637,395633.0,510580,sh,中证500ETF易方达
2023-12-19,2.641,2.641,2.653,2.621,222034.0,510580,sh,中证500ETF易方达
2023-12-20,2.641,2.613,2.645,2.609,259599.0,510580,sh,中证500ETF易方达
2023-12-21,2.609,2.621,2.629,2.581,423035.0,510580,sh,中证500ETF易方达
2023-12-22,2.621,2.609,2.633,2.597,309166.0,510580,sh,中证500ETF易方达
2023-12-25,2.609,2.609,2.625,2.597,330341.0,510580,sh,中证500ETF易方达
2023-12-26,2.621,2.585,2.621,2.569,342827.0,510580,sh,中证500ETF易方达
2023-12-27,2.585,2.589,2.597,2.569,1077199.0,510580,sh,中证500ETF易方达
2023-12-28,2.589,2.641,2.645,2.585,420680.0,510580,sh,中证500ETF易方达
2023-12-29,2.633,2.666,2.67,2.633,214948.0,510580,sh,中证500ETF易方达
2024-01-02,2.666,2.653,2.674,2.649,249609.0,510580,sh,中证500ETF易方达
2024-01-03,2.649,2.649,2.661,2.633,149355.0,510580,sh,中证500ETF易方达
2024-01-04,2.645,2.629,2.645,2.613,191523.0,510580,sh,中证500ETF易方达
2024-01-05,2.629,2.597,2.633,2.585,236955.0,510580,sh,中证500ETF易方达
2024-01-08,2.593,2.532,2.593,2.532,320390.0,510580,sh,中证500ETF易方达
2024-01-09,2.536,2.545,2.561,2.528,231538.0,510580,sh,中证500ETF易方达
2024-01-10,2.541,2.536,2.561,2.508,215631.0,510580,sh,中证500ETF易方达
2024-01-11,2.532,2.561,2.577,2.528,329148.0,510580,sh,中证500ETF易方达
2024-01-12,2.561,2.557,2.585,2.553,188749.0,510580,sh,中证500ETF易方达
2024-01-15,2.541,2.549,2.573,2.532,156494.0,510580,sh,中证500ETF易方达
2024-01-16,2.549,2.545,2.557,2.512,189841.0,510580,sh,中证500ETF易方达
2024-01-17,2.541,2.48,2.541,2.472,247538.0,510580,sh,中证500ETF易方达
2024-01-18,2.472,2.48,2.488,2.407,358868.0,510580,sh,中证500ETF易方达
2024-01-19,2.48,2.468,2.492,2.456,378269.0,510580,sh,中证500ETF易方达
2024-01-22,2.472,2.359,2.472,2.347,522164.0,510580,sh,中证500ETF易方达
2024-01-23,2.379,2.379,2.399,2.319,439566.0,510580,sh,中证500ETF易方达
2024-01-24,2.383,2.428,2.428,2.335,589596.0,510580,sh,中证500ETF易方达
2024-01-25,2.42,2.492,2.496,2.403,351195.0,510580,sh,中证500ETF易方达
2024-01-26,2.492,2.464,2.492,2.456,298885.0,510580,sh,中证500ETF易方达
2024-01-29,2.468,2.42,2.5,2.415,324093.0,510580,sh,中证500ETF易方达
2024-01-30,2.415,2.359,2.424,2.355,332427.0,510580,sh,中证500ETF易方达
2024-01-31,2.371,2.303,2.371,2.299,512436.0,510580,sh,中证500ETF易方达
2024-02-01,2.303,2.299,2.343,2.27,386727.0,510580,sh,中证500ETF易方达
2024-02-02,2.299,2.254,2.323,2.165,505935.0,510580,sh,中证500ETF易方达
2024-02-05,2.202,2.198,2.266,2.113,541762.0,510580,sh,中证500ETF易方达
2024-02-06,2.178,2.375,2.391,2.157,790094.0,510580,sh,中证500ETF易方达
2024-02-07,2.367,2.516,2.524,2.339,1132133.0,510580,sh,中证500ETF易方达
2024-02-08,2.565,2.524,2.645,2.512,1130099.0,510580,sh,中证500ETF易方达
2024-02-19,2.532,2.512,2.557,2.484,731359.0,510580,sh,中证500ETF易方达
2024-02-20,2.508,2.516,2.524,2.488,308175.0,510580,sh,中证500ETF易方达
2024-02-21,2.512,2.52,2.577,2.488,616661.0,510580,sh,中证500ETF易方达
2024-02-22,2.516,2.532,2.545,2.508,357353.0,510580,sh,中证500ETF易方达
2024-02-23,2.532,2.549,2.549,2.504,439877.0,510580,sh,中证500ETF易方达
2024-02-26,2.545,2.545,2.577,2.532,1453557.0,510580,sh,中证500ETF易方达
2024-02-27,2.545,2.609,2.609,2.532,1315145.0,510580,sh,中证500ETF易方达
2024-02-28,2.609,2.545,2.641,2.541,948792.0,510580,sh,中证500ETF易方达
2024-02-29,2.541,2.617,2.629,2.508,538401.0,510580,sh,中证500ETF易方达
2024-03-01,2.617,2.641,2.645,2.605,518605.0,510580,sh,中证500ETF易方达
2024-03-04,2.637,2.641,2.645,2.609,267968.0,510580,sh,中证500ETF易方达
2024-03-05,2.633,2.625,2.641,2.613,561564.0,510580,sh,中证500ETF易方达
2024-03-06,2.621,2.617,2.653,2.597,711430.0,510580,sh,中证500ETF易方达
2024-03-07,2.621,2.589,2.645,2.585,498509.0,510580,sh,中证500ETF易方达
2024-03-08,2.593,2.621,2.629,2.581,546082.0,510580,sh,中证500ETF易方达
2024-03-11,2.625,2.674,2.674,2.617,406188.0,510580,sh,中证500ETF易方达
2024-03-12,2.67,2.661,2.686,2.637,700421.0,510580,sh,中证500ETF易方达
2024-03-13,2.674,2.653,2.682,2.641,536690.0,510580,sh,中证500ETF易方达
2024-03-14,2.653,2.641,2.674,2.625,418197.0,510580,sh,中证500ETF易方达
2024-03-15,2.641,2.674,2.682,2.625,397166.0,510580,sh,中证500ETF易方达
2024-03-18,2.674,2.714,2.718,2.674,442292.0,510580,sh,中证500ETF易方达
2024-03-19,2.714,2.686,2.714,2.682,745603.0,510580,sh,中证500ETF易方达
2024-03-20,2.694,2.694,2.702,2.678,649047.0,510580,sh,中证500ETF易方达
2024-03-21,2.694,2.678,2.706,2.674,622648.0,510580,sh,中证500ETF易方达
2024-03-22,2.69,2.641,2.69,2.625,432389.0,510580,sh,中证500ETF易方达
2024-03-25,2.637,2.601,2.649,2.597,326612.0,510580,sh,中证500ETF易方达
2024-03-26,2.601,2.585,2.613,2.569,752773.0,510580,sh,中证500ETF易方达
2024-03-27,2.589,2.532,2.589,2.528,537506.0,510580,sh,中证500ETF易方达
2024-03-28,2.532,2.561,2.593,2.528,509498.0,510580,sh,中证500ETF易方达
2024-03-29,2.561,2.597,2.601,2.553,2049323.0,510580,sh,中证500ETF易方达
2024-04-01,2.597,2.649,2.657,2.597,1242141.0,510580,sh,中证500ETF易方达
2024-04-02,2.641,2.637,2.649,2.625,434113.0,510580,sh,中证500ETF易方达
2024-04-03,2.637,2.637,2.641,2.621,304429.0,510580,sh,中证500ETF易方达
2024-04-08,2.637,2.601,2.641,2.593,458821.0,510580,sh,中证500ETF易方达
2024-04-09,2.605,2.621,2.621,2.593,336785.0,510580,sh,中证500ETF易方达
2024-04-10,2.621,2.593,2.621,2.573,267830.0,510580,sh,中证500ETF易方达
2024-04-11,2.585,2.601,2.629,2.573,244280.0,510580,sh,中证500ETF易方达
2024-04-12,2.601,2.589,2.621,2.585,357031.0,510580,sh,中证500ETF易方达
2024-04-15,2.589,2.625,2.637,2.565,327131.0,510580,sh,中证500ETF易方达
2024-04-16,2.625,2.553,2.625,2.541,331034.0,510580,sh,中证500ETF易方达
2024-04-17,2.553,2.621,2.625,2.553,211633.0,510580,sh,中证500ETF易方达
2024-04-18,2.621,2.625,2.653,2.597,294419.0,510580,sh,中证500ETF易方达
2024-04-19,2.625,2.609,2.637,2.597,341757.0,510580,sh,中证500ETF易方达
2024-04-22,2.593,2.593,2.625,2.577,315776.0,510580,sh,中证500ETF易方达
2024-04-23,2.589,2.561,2.597,2.549,201606.0,510580,sh,中证500ETF易方达
2024-04-24,2.561,2.585,2.589,2.545,169222.0,510580,sh,中证500ETF易方达
2024-04-25,2.581,2.581,2.605,2.569,190938.0,510580,sh,中证500ETF易方达
2024-04-26,2.581,2.645,2.645,2.581,221386.0,510580,sh,中证500ETF易方达
2024-04-29,2.641,2.694,2.702,2.637,662033.0,510580,sh,中证500ETF易方达
2024-04-30,2.718,2.678,2.718,2.67,235166.0,510580,sh,中证500ETF易方达
2024-05-06,2.714,2.714,2.722,2.69,306305.0,510580,sh,中证500ETF易方达
2024-05-07,2.714,2.714,2.726,2.702,177147.0,510580,sh,中证500ETF易方达
2024-05-08,2.71,2.678,2.71,2.674,274197.0,510580,sh,中证500ETF易方达
2024-05-09,2.678,2.726,2.738,2.678,243813.0,510580,sh,中证500ETF易方达
2024-05-10,2.726,2.718,2.738,2.698,128111.0,510580,sh,中证500ETF易方达
2024-05-13,2.714,2.702,2.718,2.682,186785.0,510580,sh,中证500ETF易方达
2024-05-14,2.706,2.702,2.726,2.69,166664.0,510580,sh,中证500ETF易方达
2024-05-15,2.702,2.678,2.702,2.674,140149.0,510580,sh,中证500ETF易方达
2024-05-16,2.674,2.674,2.698,2.661,1705368.0,510580,sh,中证500ETF易方达
2024-05-17,2.678,2.702,2.706,2.661,266794.0,510580,sh,中证500ETF易方达
2024-05-20,2.702,2.714,2.726,2.694,401822.0,510580,sh,中证500ETF易方达
2024-05-21,2.714,2.694,2.714,2.686,177812.0,510580,sh,中证500ETF易方达
2024-05-22,2.694,2.694,2.702,2.686,149148.0,510580,sh,中证500ETF易方达
2024-05-23,2.682,2.645,2.686,2.633,243326.0,510580,sh,中证500ETF易方达
2024-05-24,2.633,2.621,2.661,2.613,159612.0,510580,sh,中证500ETF易方达
2024-05-27,2.625,2.645,2.649,2.605,186965.0,510580,sh,中证500ETF易方达
2024-05-28,2.645,2.621,2.645,2.613,163101.0,510580,sh,中证500ETF易方达
2024-05-29,2.625,2.625,2.645,2.613,803874.0,510580,sh,中证500ETF易方达
2024-05-30,2.625,2.625,2.641,2.613,365187.0,510580,sh,中证500ETF易方达
2024-05-31,2.625,2.621,2.649,2.617,178212.0,510580,sh,中证500ETF易方达
2024-06-03,2.625,2.601,2.625,2.577,241242.0,510580,sh,中证500ETF易方达
2024-06-04,2.597,2.637,2.645,2.589,336591.0,510580,sh,中证500ETF易方达
2024-06-05,2.633,2.609,2.637,2.605,214197.0,510580,sh,中证500ETF易方达
2024-06-06,2.609,2.589,2.625,2.577,284330.0,510580,sh,中证500ETF易方达
2024-06-07,2.597,2.577,2.609,2.561,231422.0,510580,sh,中证500ETF易方达
2024-06-11,2.577,2.585,2.593,2.553,1130561.0,510580,sh,中证500ETF易方达
2024-06-12,2.585,2.593,2.597,2.577,287605.0,510580,sh,中证500ETF易方达
2024-06-13,2.593,2.577,2.597,2.565,317110.0,510580,sh,中证500ETF易方达
2024-06-14,2.573,2.589,2.597,2.561,615275.0,510580,sh,中证500ETF易方达
2024-06-17,2.585,2.581,2.589,2.573,220872.0,510580,sh,中证500ETF易方达
2024-06-18,2.581,2.593,2.601,2.581,291185.0,510580,sh,中证500ETF易方达
2024-06-19,2.593,2.565,2.601,2.561,204477.0,510580,sh,中证500ETF易方达
2024-06-20,2.561,2.528,2.573,2.524,315005.0,510580,sh,中证500ETF易方达
2024-06-21,2.528,2.532,2.549,2.516,270588.0,510580,sh,中证500ETF易方达
2024-06-24,2.528,2.48,2.528,2.472,456901.0,510580,sh,中证500ETF易方达
2024-06-25,2.48,2.46,2.492,2.44,304193.0,510580,sh,中证500ETF易方达
2024-06-26,2.464,2.496,2.5,2.44,272001.0,510580,sh,中证500ETF易方达
2024-06-27,2.492,2.456,2.492,2.448,428985.0,510580,sh,中证500ETF易方达
2024-06-28,2.456,2.46,2.492,2.448,331242.0,510580,sh,中证500ETF易方达
2024-07-01,2.456,2.484,2.496,2.448,333857.0,510580,sh,中证500ETF易方达
2024-07-02,2.488,2.464,2.488,2.452,280951.0,510580,sh,中证500ETF易方达
2024-07-03,2.456,2.44,2.468,2.44,233393.0,510580,sh,中证500ETF易方达
2024-07-04,2.448,2.411,2.456,2.399,354787.0,510580,sh,中证500ETF易方达
2024-07-05,2.407,2.42,2.432,2.387,252367.0,510580,sh,中证500ETF易方达
2024-07-08,2.42,2.387,2.42,2.375,253302.0,510580,sh,中证500ETF易方达
2024-07-09,2.387,2.428,2.44,2.367,374070.0,510580,sh,中证500ETF易方达
2024-07-10,2.428,2.415,2.44,2.411,204195.0,510580,sh,中证500ETF易方达
2024-07-11,2.44,2.464,2.468,2.428,390121.0,510580,sh,中证500ETF易方达
2024-07-12,2.472,2.448,2.472,2.44,454828.0,510580,sh,中证500ETF易方达
2024-07-15,2.452,2.436,2.452,2.424,289004.0,510580,sh,中证500ETF易方达
2024-07-16,2.432,2.44,2.448,2.42,179015.0,510580,sh,中证500ETF易方达
2024-07-17,2.44,2.424,2.448,2.42,176647.0,510580,sh,中证500ETF易方达
2024-07-18,2.415,2.436,2.436,2.391,342849.0,510580,sh,中证500ETF易方达
2024-07-19,2.411,2.432,2.448,2.407,214845.0,510580,sh,中证500ETF易方达
2024-07-22,2.432,2.428,2.44,2.411,255905.0,510580,sh,中证500ETF易方达
2024-07-23,2.432,2.359,2.432,2.355,295216.0,510580,sh,中证500ETF易方达
2024-07-24,2.355,2.331,2.367,2.327,268133.0,510580,sh,中证500ETF易方达
2024-07-25,2.335,2.331,2.355,2.311,259447.0,510580,sh,中证500ETF易方达
2024-07-26,2.339,2.367,2.371,2.331,230453.0,510580,sh,中证500ETF易方达
2024-07-29,2.371,2.347,2.371,2.347,146262.0,510580,sh,中证500ETF易方达
2024-07-30,2.347,2.347,2.355,2.319,177157.0,510580,sh,中证500ETF易方达
2024-07-31,2.343,2.444,2.448,2.339,357683.0,510580,sh,中证500ETF易方达
2024-08-01,2.44,2.424,2.464,2.411,178404.0,510580,sh,中证500ETF易方达
2024-08-02,2.424,2.395,2.44,2.387,151619.0,510580,sh,中证500ETF易方达
2024-08-05,2.387,2.351,2.424,2.343,416886.0,510580,sh,中证500ETF易方达
2024-08-06,2.363,2.375,2.387,2.343,122979.0,510580,sh,中证500ETF易方达
2024-08-07,2.371,2.367,2.391,2.355,220407.0,510580,sh,中证500ETF易方达
2024-08-08,2.371,2.375,2.395,2.347,224885.0,510580,sh,中证500ETF易方达
2024-08-09,2.387,2.359,2.399,2.355,218015.0,510580,sh,中证500ETF易方达
2024-08-12,2.359,2.355,2.367,2.343,196945.0,510580,sh,中证500ETF易方达
2024-08-13,2.355,2.363,2.367,2.335,226892.0,510580,sh,中证500ETF易方达
2024-08-14,2.363,2.331,2.363,2.327,281122.0,510580,sh,中证500ETF易方达
2024-08-15,2.335,2.347,2.371,2.323,384307.0,510580,sh,中证500ETF易方达
2024-08-16,2.347,2.335,2.351,2.331,242028.0,510580,sh,中证500ETF易方达
2024-08-19,2.335,2.343,2.367,2.335,214021.0,510580,sh,中证500ETF易方达
2024-08-20,2.347,2.303,2.347,2.295,342750.0,510580,sh,中证500ETF易方达
2024-08-21,2.299,2.295,2.307,2.29,119945.0,510580,sh,中证500ETF易方达
2024-08-22,2.299,2.27,2.303,2.262,228655.0,510580,sh,中证500ETF易方达
2024-08-23,2.27,2.27,2.278,2.258,239634.0,510580,sh,中证500ETF易方达
2024-08-26,2.266,2.274,2.278,2.262,119605.0,510580,sh,中证500ETF易方达
2024-08-27,2.27,2.25,2.27,2.246,120362.0,510580,sh,中证500ETF易方达
2024-08-28,2.246,2.25,2.266,2.242,164563.0,510580,sh,中证500ETF易方达
2024-08-29,2.25,2.278,2.29,2.238,207309.0,510580,sh,中证500ETF易方达
2024-08-30,2.282,2.323,2.359,2.278,371279.0,510580,sh,中证500ETF易方达
2024-09-02,2.323,2.278,2.323,2.276,90229.0,510580,sh,中证500ETF易方达
2024-09-03,2.277,2.294,2.307,2.27,89651.0,510580,sh,中证500ETF易方达
2024-09-04,2.289,2.291,2.313,2.273,83002.0,510580,sh,中证500ETF易方达
2024-09-05,2.294,2.3,2.317,2.292,39190.0,510580,sh,中证500ETF易方达
2024-09-06,2.308,2.268,2.31,2.265,64253.0,510580,sh,中证500ETF易方达
2024-09-09,2.258,2.253,2.274,2.247,87453.0,510580,sh,中证500ETF易方达
2024-09-10,2.254,2.253,2.267,2.215,88100.0,510580,sh,中证500ETF易方达
2024-09-11,2.251,2.258,2.264,2.239,121012.0,510580,sh,中证500ETF易方达
2024-09-12,2.257,2.252,2.285,2.248,89960.0,510580,sh,中证500ETF易方达
2024-09-13,2.252,2.228,2.256,2.226,60662.0,510580,sh,中证500ETF易方达
2024-09-18,2.228,2.234,2.239,2.197,84792.0,510580,sh,中证500ETF易方达
2024-09-19,2.234,2.267,2.287,2.218,107622.0,510580,sh,中证500ETF易方达
2024-09-20,2.265,2.25,2.265,2.237,77202.0,510580,sh,中证500ETF易方达
2024-09-23,2.25,2.251,2.276,2.239,72324.0,510580,sh,中证500ETF易方达
2024-09-24,2.265,2.349,2.349,2.255,432132.0,510580,sh,中证500ETF易方达
2024-09-25,2.36,2.377,2.427,2.36,248127.0,510580,sh,中证500ETF易方达
2024-09-26,2.376,2.495,2.498,2.358,184579.0,510580,sh,中证500ETF易方达
2024-09-27,2.52,2.652,2.652,2.519,91579.0,510580,sh,中证500ETF易方达
2024-09-30,2.755,2.917,2.917,2.717,374407.0,510580,sh,中证500ETF易方达
2024-10-08,3.209,3.172,3.209,3.003,466949.0,510580,sh,中证500ETF易方达
2024-10-09,3.1,2.895,3.1,2.86,325012.0,510580,sh,中证500ETF易方达
2024-10-10,2.889,2.849,2.941,2.81,286366.0,510580,sh,中证500ETF易方达
2024-10-11,2.845,2.739,2.845,2.705,234142.0,510580,sh,中证500ETF易方达
2024-10-14,2.743,2.804,2.813,2.706,213296.0,510580,sh,中证500ETF易方达
2024-10-15,2.801,2.736,2.83,2.731,285781.0,510580,sh,中证500ETF易方达
2024-10-16,2.7,2.73,2.778,2.698,242417.0,510580,sh,中证500ETF易方达
2024-10-17,2.732,2.709,2.774,2.706,207534.0,510580,sh,中证500ETF易方达
2024-10-18,2.71,2.828,2.916,2.708,395045.0,510580,sh,中证500ETF易方达
2024-10-21,2.825,2.855,2.901,2.818,305902.0,510580,sh,中证500ETF易方达
2024-10-22,2.841,2.879,2.892,2.837,261253.0,510580,sh,中证500ETF易方达
2024-10-23,2.879,2.895,2.935,2.866,430339.0,510580,sh,中证500ETF易方达
2024-10-24,2.894,2.867,2.894,2.852,122208.0,510580,sh,中证500ETF易方达
2024-10-25,2.868,2.91,2.93,2.868,180509.0,510580,sh,中证500ETF易方达
2024-10-28,2.91,2.948,2.948,2.896,170968.0,510580,sh,中证500ETF易方达
2024-10-29,2.948,2.917,2.965,2.907,136414.0,510580,sh,中证500ETF易方达
2024-10-30,2.916,2.925,2.947,2.902,488894.0,510580,sh,中证500ETF易方达
2024-10-31,2.912,2.954,2.978,2.912,136848.0,510580,sh,中证500ETF易方达
2024-11-01,2.953,2.926,2.967,2.907,173027.0,510580,sh,中证500ETF易方达
2024-11-04,2.926,2.974,2.975,2.926,113152.0,510580,sh,中证500ETF易方达
2024-11-05,2.972,3.062,3.069,2.947,309105.0,510580,sh,中证500ETF易方达
2024-11-06,3.069,3.066,3.107,3.045,289133.0,510580,sh,中证500ETF易方达
2024-11-07,3.059,3.12,3.122,3.029,580986.0,510580,sh,中证500ETF易方达
2024-11-08,3.137,3.109,3.167,3.103,359334.0,510580,sh,中证500ETF易方达
2024-11-11,3.089,3.163,3.165,3.089,283308.0,510580,sh,中证500ETF易方达
2024-11-12,3.164,3.126,3.199,3.111,257570.0,510580,sh,中证500ETF易方达
2024-11-13,3.125,3.136,3.142,3.088,422357.0,510580,sh,中证500ETF易方达
2024-11-14,3.136,3.053,3.136,3.045,209825.0,510580,sh,中证500ETF易方达
2024-11-15,3.04,2.972,3.053,2.968,220338.0,510580,sh,中证500ETF易方达
2024-11-18,2.981,2.924,3.01,2.902,339575.0,510580,sh,中证500ETF易方达
2024-11-19,2.925,2.967,2.97,2.894,282429.0,510580,sh,中证500ETF易方达
2024-11-20,2.96,2.996,3.009,2.955,221432.0,510580,sh,中证500ETF易方达
2024-11-21,2.996,2.994,3.008,2.975,79174.0,510580,sh,中证500ETF易方达
2024-11-22,2.989,2.892,2.995,2.883,216408.0,510580,sh,中证500ETF易方达
2024-11-25,2.893,2.871,2.893,2.836,179232.0,510580,sh,中证500ETF易方达
2024-11-26,2.87,2.851,2.892,2.848,198975.0,510580,sh,中证500ETF易方达
2024-11-27,2.853,2.901,2.907,2.813,293346.0,510580,sh,中证500ETF易方达
2024-11-28,2.901,2.891,2.915,2.878,285904.0,510580,sh,中证500ETF易方达
2024-11-29,2.888,2.928,2.956,2.876,261882.0,510580,sh,中证500ETF易方达
2024-12-02,2.93,2.972,2.989,2.93,252396.0,510580,sh,中证500ETF易方达
2024-12-03,2.972,2.972,2.987,2.949,192005.0,510580,sh,中证500ETF易方达
2024-12-04,2.972,2.952,2.978,2.935,153306.0,510580,sh,中证500ETF易方达
2024-12-05,2.95,2.956,2.97,2.936,88951.0,510580,sh,中证500ETF易方达
2024-12-06,2.956,2.995,3.016,2.942,202855.0,510580,sh,中证500ETF易方达
2024-12-09,2.995,2.979,3.007,2.962,176220.0,510580,sh,中证500ETF易方达
2024-12-10,3.104,3.005,3.104,3.002,339911.0,510580,sh,中证500ETF易方达
2024-12-11,3.001,3.026,3.033,2.999,122992.0,510580,sh,中证500ETF易方达
2024-12-12,3.029,3.054,3.062,3.017,212814.0,510580,sh,中证500ETF易方达
2024-12-13,3.046,3.01,3.046,3.001,261033.0,510580,sh,中证500ETF易方达
2024-12-16,3.008,2.966,3.008,2.956,148812.0,510580,sh,中证500ETF易方达
2024-12-17,2.961,2.935,2.97,2.929,99825.0,510580,sh,中证500ETF易方达
2024-12-18,2.935,2.951,2.97,2.933,80834.0,510580,sh,中证500ETF易方达
2024-12-19,2.924,2.959,2.97,2.918,166821.0,510580,sh,中证500ETF易方达
2024-12-20,2.958,2.965,2.987,2.951,201416.0,510580,sh,中证500ETF易方达
2024-12-23,2.965,2.92,2.974,2.918,185013.0,510580,sh,中证500ETF易方达
2024-12-24,2.923,2.951,2.956,2.92,571200.0,510580,sh,中证500ETF易方达
2024-12-25,2.951,2.929,2.955,2.904,258542.0,510580,sh,中证500ETF易方达
2024-12-26,2.933,2.949,2.955,2.925,136503.0,510580,sh,中证500ETF易方达
2024-12-27,2.944,2.958,2.996,2.944,239995.0,510580,sh,中证500ETF易方达
2024-12-30,2.954,2.956,2.971,2.94,185814.0,510580,sh,中证500ETF易方达
2024-12-31,2.956,2.874,2.961,2.873,200917.0,510580,sh,中证500ETF易方达
2025-01-02,2.881,2.788,2.881,2.76,204729.0,510580,sh,中证500ETF易方达
2025-01-03,2.787,2.737,2.797,2.716,221453.0,510580,sh,中证500ETF易方达
2025-01-06,2.738,2.721,2.749,2.703,136955.0,510580,sh,中证500ETF易方达
2025-01-07,2.721,2.748,2.75,2.709,189340.0,510580,sh,中证500ETF易方达
2025-01-08,2.745,2.735,2.76,2.67,156756.0,510580,sh,中证500ETF易方达
2025-01-09,2.727,2.735,2.753,2.726,175861.0,510580,sh,中证500ETF易方达
2025-01-10,2.734,2.698,2.758,2.697,158676.0,510580,sh,中证500ETF易方达
2025-01-13,2.674,2.7,2.719,2.672,204584.0,510580,sh,中证500ETF易方达
2025-01-14,2.704,2.792,2.802,2.696,255558.0,510580,sh,中证500ETF易方达
2025-01-15,2.787,2.769,2.79,2.764,133436.0,510580,sh,中证500ETF易方达
2025-01-16,2.772,2.778,2.829,2.761,216148.0,510580,sh,中证500ETF易方达
2025-01-17,2.773,2.801,2.821,2.766,170384.0,510580,sh,中证500ETF易方达
2025-01-20,2.812,2.816,2.844,2.81,285875.0,510580,sh,中证500ETF易方达
2025-01-21,2.819,2.824,2.835,2.795,211615.0,510580,sh,中证500ETF易方达
2025-01-22,2.821,2.815,2.821,2.789,208999.0,510580,sh,中证500ETF易方达
2025-01-23,2.822,2.805,2.872,2.801,321727.0,510580,sh,中证500ETF易方达
2025-01-24,2.804,2.839,2.842,2.799,238356.0,510580,sh,中证500ETF易方达
2025-01-27,2.84,2.8,2.848,2.799,147726.0,510580,sh,中证500ETF易方达
2025-02-05,2.814,2.815,2.83,2.803,183949.0,510580,sh,中证500ETF易方达
2025-02-06,2.815,2.88,2.885,2.806,184117.0,510580,sh,中证500ETF易方达
2025-02-07,2.881,2.928,2.959,2.877,576776.0,510580,sh,中证500ETF易方达
2025-02-10,2.937,2.95,2.956,2.929,138677.0,510580,sh,中证500ETF易方达
2025-02-11,2.95,2.938,2.957,2.921,152871.0,510580,sh,中证500ETF易方达
2025-02-12,2.938,2.977,2.981,2.931,234628.0,510580,sh,中证500ETF易方达
2025-02-13,2.979,2.964,2.985,2.953,171383.0,510580,sh,中证500ETF易方达
2025-02-14,2.963,2.984,2.988,2.953,147126.0,510580,sh,中证500ETF易方达
2025-02-17,2.996,2.981,3.001,2.961,188104.0,510580,sh,中证500ETF易方达
2025-02-18,2.976,2.93,2.983,2.915,227911.0,510580,sh,中证500ETF易方达
2025-02-19,2.926,2.979,2.984,2.926,220220.0,510580,sh,中证500ETF易方达
2025-02-20,2.975,2.986,3.0,2.968,275781.0,510580,sh,中证500ETF易方达
2025-02-21,2.985,3.034,3.043,2.98,234494.0,510580,sh,中证500ETF易方达
2025-02-24,3.036,3.029,3.047,3.013,260851.0,510580,sh,中证500ETF易方达
2025-02-25,2.989,3.0,3.027,2.988,179687.0,510580,sh,中证500ETF易方达
2025-02-26,3.0,3.031,3.043,2.994,216457.0,510580,sh,中证500ETF易方达
2025-02-27,3.031,3.022,3.038,2.98,202289.0,510580,sh,中证500ETF易方达
2025-02-28,3.019,2.95,3.019,2.936,182403.0,510580,sh,中证500ETF易方达
2025-03-03,2.946,2.954,2.993,2.938,169246.0,510580,sh,中证500ETF易方达
2025-03-04,2.948,2.975,2.981,2.925,163204.0,510580,sh,中证500ETF易方达
2025-03-05,2.974,2.981,2.987,2.952,138854.0,510580,sh,中证500ETF易方达
2025-03-06,2.986,3.031,3.043,2.986,224610.0,510580,sh,中证500ETF易方达
2025-03-07,3.035,3.02,3.041,3.007,158941.0,510580,sh,中证500ETF易方达
2025-03-10,3.016,3.013,3.026,2.992,216581.0,510580,sh,中证500ETF易方达
2025-03-11,2.991,3.029,3.029,2.981,160245.0,510580,sh,中证500ETF易方达
2025-03-12,3.036,3.032,3.062,3.027,162518.0,510580,sh,中证500ETF易方达
2025-03-13,3.028,3.009,3.035,2.984,176486.0,510580,sh,中证500ETF易方达
2025-03-14,3.009,3.06,3.062,2.998,179184.0,510580,sh,中证500ETF易方达
2025-03-17,3.06,3.063,3.073,3.056,347787.0,510580,sh,中证500ETF易方达
2025-03-18,3.065,3.074,3.094,3.065,320568.0,510580,sh,中证500ETF易方达
2025-03-19,3.074,3.063,3.076,3.047,226851.0,510580,sh,中证500ETF易方达
2025-03-20,3.063,3.041,3.064,3.036,169641.0,510580,sh,中证500ETF易方达
2025-03-21,3.03,2.998,3.045,2.984,198948.0,510580,sh,中证500ETF易方达
2025-03-24,2.996,2.989,3.004,2.956,217080.0,510580,sh,中证500ETF易方达
2025-03-25,2.99,2.986,3.004,2.973,139275.0,510580,sh,中证500ETF易方达
2025-03-26,2.988,2.982,3.003,2.98,204495.0,510580,sh,中证500ETF易方达
2025-03-27,2.982,2.992,3.014,2.954,205961.0,510580,sh,中证500ETF易方达
2025-03-28,2.99,2.967,2.997,2.96,196123.0,510580,sh,中证500ETF易方达
2025-03-31,2.961,2.938,2.966,2.909,561828.0,510580,sh,中证500ETF易方达
2025-04-01,2.938,2.956,2.975,2.938,270118.0,510580,sh,中证500ETF易方达
2025-04-02,2.954,2.959,2.979,2.95,102981.0,510580,sh,中证500ETF易方达
2025-04-03,2.926,2.934,2.965,2.92,197094.0,510580,sh,中证500ETF易方达
2025-04-07,2.754,2.647,2.846,2.641,335574.0,510580,sh,中证500ETF易方达
2025-04-08,2.643,2.668,2.695,2.617,309444.0,510580,sh,中证500ETF易方达
2025-04-09,2.651,2.715,2.739,2.58,284898.0,510580,sh,中证500ETF易方达
2025-04-10,2.789,2.779,2.815,2.692,176646.0,510580,sh,中证500ETF易方达
2025-04-11,2.77,2.799,2.826,2.767,69154.0,510580,sh,中证500ETF易方达
2025-04-14,2.816,2.821,2.838,2.812,167051.0,510580,sh,中证500ETF易方达
2025-04-15,2.821,2.807,2.821,2.791,435499.0,510580,sh,中证500ETF易方达
2025-04-16,2.81,2.783,2.81,2.756,118888.0,510580,sh,中证500ETF易方达
2025-04-17,2.777,2.788,2.812,2.773,57707.0,510580,sh,中证500ETF易方达
2025-04-18,2.788,2.784,2.801,2.774,134472.0,510580,sh,中证500ETF易方达
2025-04-21,2.791,2.828,2.834,2.775,120134.0,510580,sh,中证500ETF易方达
2025-04-22,2.827,2.82,2.835,2.816,54076.0,510580,sh,中证500ETF易方达
2025-04-23,2.824,2.826,2.849,2.817,87935.0,510580,sh,中证500ETF易方达
2025-04-24,2.826,2.815,2.835,2.8,45411.0,510580,sh,中证500ETF易方达
2025-04-25,2.815,2.824,2.845,2.809,125409.0,510580,sh,中证500ETF易方达
2025-04-28,2.824,2.81,2.825,2.802,103964.0,510580,sh,中证500ETF易方达
2025-04-29,2.81,2.812,2.826,2.797,66175.0,510580,sh,中证500ETF易方达
2025-04-30,2.812,2.824,2.835,2.801,119145.0,510580,sh,中证500ETF易方达
2025-05-06,2.836,2.877,2.879,2.836,133920.0,510580,sh,中证500ETF易方达
2025-05-07,2.901,2.883,2.936,2.867,89281.0,510580,sh,中证500ETF易方达
2025-05-08,2.877,2.895,2.904,2.877,126080.0,510580,sh,中证500ETF易方达
2025-05-09,2.895,2.874,2.895,2.862,116831.0,510580,sh,中证500ETF易方达
2025-05-12,2.879,2.909,2.911,2.879,78338.0,510580,sh,中证500ETF易方达
2025-05-13,2.922,2.901,2.924,2.896,172558.0,510580,sh,中证500ETF易方达
2025-05-14,2.904,2.91,2.933,2.885,148794.0,510580,sh,中证500ETF易方达
2025-05-15,2.91,2.872,2.91,2.868,133115.0,510580,sh,中证500ETF易方达
2025-05-16,2.873,2.866,2.883,2.865,118288.0,510580,sh,中证500ETF易方达
2025-05-19,2.866,2.875,2.878,2.846,84373.0,510580,sh,中证500ETF易方达
2025-05-20,2.87,2.887,2.892,2.864,61792.0,510580,sh,中证500ETF易方达
2025-05-21,2.887,2.891,2.893,2.878,55737.0,510580,sh,中证500ETF易方达
2025-05-22,2.88,2.87,2.896,2.866,91684.0,510580,sh,中证500ETF易方达
2025-05-23,2.87,2.841,2.887,2.841,124201.0,510580,sh,中证500ETF易方达
2025-05-26,2.841,2.848,2.865,2.836,71723.0,510580,sh,中证500ETF易方达
2025-05-27,2.848,2.844,2.852,2.83,67388.0,510580,sh,中证500ETF易方达
2025-05-28,2.844,2.839,2.85,2.831,79596.0,510580,sh,中证500ETF易方达
2025-05-29,2.839,2.877,2.882,2.836,193477.0,510580,sh,中证500ETF易方达
2025-05-30,2.873,2.86,2.873,2.849,194389.0,510580,sh,中证500ETF易方达
2025-06-03,2.856,2.865,2.879,2.846,63546.0,510580,sh,中证500ETF易方达
2025-06-04,2.864,2.888,2.895,2.864,83295.0,510580,sh,中证500ETF易方达
2025-06-05,2.888,2.905,2.912,2.881,73106.0,510580,sh,中证500ETF易方达
2025-06-06,2.903,2.905,2.911,2.899,184703.0,510580,sh,中证500ETF易方达
2025-06-09,2.907,2.927,2.942,2.907,119800.0,510580,sh,中证500ETF易方达
2025-06-10,2.928,2.903,2.941,2.885,107818.0,510580,sh,中证500ETF易方达
2025-06-11,2.911,2.92,2.938,2.904,86139.0,510580,sh,中证500ETF易方达
2025-06-12,2.92,2.926,2.932,2.909,69179.0,510580,sh,中证500ETF易方达
2025-06-13,2.924,2.903,2.926,2.892,105443.0,510580,sh,中证500ETF易方达
2025-06-16,2.903,2.915,2.922,2.891,40581.0,510580,sh,中证500ETF易方达
2025-06-17,2.915,2.91,2.921,2.902,79423.0,510580,sh,中证500ETF易方达
2025-06-18,2.909,2.909,2.914,2.889,86859.0,510580,sh,中证500ETF易方达
2025-06-19,2.909,2.879,2.91,2.867,83858.0,510580,sh,中证500ETF易方达
2025-06-20,2.88,2.861,2.883,2.857,66307.0,510580,sh,中证500ETF易方达
2025-06-23,2.859,2.875,2.881,2.853,79766.0,510580,sh,中证500ETF易方达
2025-06-24,2.875,2.919,2.922,2.868,134294.0,510580,sh,中证500ETF易方达
2025-06-25,2.919,2.972,2.98,2.919,187073.0,510580,sh,中证500ETF易方达
2025-06-26,2.972,2.959,2.981,2.958,150687.0,510580,sh,中证500ETF易方达
2025-06-27,2.963,2.972,2.997,2.961,166676.0,510580,sh,中证500ETF易方达
2025-06-30,2.975,2.998,3.002,2.975,169794.0,510580,sh,中证500ETF易方达
2025-07-01,2.999,3.009,3.011,2.978,115855.0,510580,sh,中证500ETF易方达
2025-07-02,3.008,2.988,3.008,2.98,98520.0,510580,sh,中证500ETF易方达
2025-07-03,2.989,3.004,3.006,2.985,65416.0,510580,sh,中证500ETF易方达
2025-07-04,3.001,2.998,3.03,2.988,219022.0,510580,sh,中证500ETF易方达
2025-07-07,2.996,2.991,3.002,2.989,61832.0,510580,sh,中证500ETF易方达
2025-07-08,2.991,3.032,3.036,2.991,84188.0,510580,sh,中证500ETF易方达
2025-07-09,3.035,3.021,3.043,3.016,105755.0,510580,sh,中证500ETF易方达
2025-07-10,3.023,3.037,3.048,3.016,94560.0,510580,sh,中证500ETF易方达
2025-07-11,3.037,3.062,3.079,3.028,145220.0,510580,sh,中证500ETF易方达
2025-07-14,3.063,3.062,3.073,3.055,163575.0,510580,sh,中证500ETF易方达
2025-07-15,3.062,3.058,3.075,3.034,112830.0,510580,sh,中证500ETF易方达
2025-07-16,3.055,3.058,3.082,3.047,109516.0,510580,sh,中证500ETF易方达
2025-07-17,3.058,3.09,3.093,3.056,88967.0,510580,sh,中证500ETF易方达
2025-07-18,3.092,3.101,3.107,3.088,90133.0,510580,sh,中证500ETF易方达
2025-07-21,3.105,3.133,3.134,3.105,167040.0,510580,sh,中证500ETF易方达
2025-07-22,3.135,3.163,3.164,3.129,128476.0,510580,sh,中证500ETF易方达
2025-07-23,3.164,3.155,3.189,3.146,323675.0,510580,sh,中证500ETF易方达
2025-07-24,3.152,3.202,3.205,3.152,115102.0,510580,sh,中证500ETF易方达
2025-07-25,3.204,3.202,3.21,3.192,158292.0,510580,sh,中证500ETF易方达
2025-07-28,3.201,3.215,3.223,3.19,73058.0,510580,sh,中证500ETF易方达
2025-07-29,3.214,3.238,3.239,3.191,109999.0,510580,sh,中证500ETF易方达
2025-07-30,3.222,3.21,3.242,3.195,281869.0,510580,sh,中证500ETF易方达
2025-07-31,3.209,3.169,3.218,3.156,80524.0,510580,sh,中证500ETF易方达
2025-08-01,3.17,3.161,3.183,3.142,80386.0,510580,sh,中证500ETF易方达
2025-08-04,3.154,3.185,3.187,3.15,106023.0,510580,sh,中证500ETF易方达
2025-08-05,3.187,3.206,3.209,3.187,90792.0,510580,sh,中证500ETF易方达
2025-08-06,3.21,3.236,3.24,3.201,295758.0,510580,sh,中证500ETF易方达
2025-08-07,3.237,3.225,3.242,3.205,96749.0,510580,sh,中证500ETF易方达
2025-08-08,3.218,3.217,3.233,3.209,43412.0,510580,sh,中证500ETF易方达
2025-08-11,3.226,3.254,3.267,3.223,158944.0,510580,sh,中证500ETF易方达
2025-08-12,3.256,3.268,3.268,3.24,49888.0,510580,sh,中证500ETF易方达
2025-08-13,3.268,3.311,3.319,3.268,85375.0,510580,sh,中证500ETF易方达
2025-08-14,3.315,3.274,3.321,3.268,130134.0,510580,sh,中证500ETF易方达
2025-08-15,3.274,3.348,3.354,3.27,127943.0,510580,sh,中证500ETF易方达
2025-08-18,3.367,3.398,3.422,3.353,208287.0,510580,sh,中证500ETF易方达
2025-08-19,3.394,3.39,3.415,3.381,132776.0,510580,sh,中证500ETF易方达
2025-08-20,3.382,3.437,3.439,3.359,102181.0,510580,sh,中证500ETF易方达
2025-08-21,3.429,3.416,3.447,3.404,128166.0,510580,sh,中证500ETF易方达
2025-08-22,3.416,3.49,3.49,3.416,113450.0,510580,sh,中证500ETF易方达
2025-08-25,3.495,3.55,3.555,3.495,125659.0,510580,sh,中证500ETF易方达
2025-08-26,3.54,3.547,3.574,3.523,111161.0,510580,sh,中证500ETF易方达
2025-08-27,3.547,3.5,3.606,3.488,124496.0,510580,sh,中证500ETF易方达
2025-08-28,3.5,3.572,3.573,3.468,126499.0,510580,sh,中证500ETF易方达
2025-08-29,3.572,3.599,3.609,3.531,392805.0,510580,sh,中证500ETF易方达
2025-09-01,3.614,3.619,3.619,3.582,113249.0,510580,sh,中证500ETF易方达
2025-09-02,3.619,3.551,3.619,3.522,99906.0,510580,sh,中证500ETF易方达
2025-09-03,3.554,3.493,3.566,3.481,75968.0,510580,sh,中证500ETF易方达
2025-09-04,3.495,3.412,3.52,3.357,142223.0,510580,sh,中证500ETF易方达
2025-09-05,3.412,3.529,3.535,3.398,231123.0,510580,sh,中证500ETF易方达
2025-09-08,3.528,3.56,3.563,3.507,262328.0,510580,sh,中证500ETF易方达
2025-09-09,3.55,3.525,3.564,3.507,95894.0,510580,sh,中证500ETF易方达
2025-09-10,3.525,3.522,3.554,3.5,63260.0,510580,sh,中证500ETF易方达
2025-09-11,3.521,3.636,3.636,3.504,151139.0,510580,sh,中证500ETF易方达
2025-09-12,3.637,3.644,3.673,3.619,178744.0,510580,sh,中证500ETF易方达
2025-09-15,3.647,3.638,3.657,3.631,169997.0,510580,sh,中证500ETF易方达
2025-09-16,3.64,3.667,3.673,3.611,90772.0,510580,sh,中证500ETF易方达
2025-09-17,3.667,3.706,3.706,3.648,84548.0,510580,sh,中证500ETF易方达
2025-09-18,3.709,3.68,3.75,3.631,126448.0,510580,sh,中证500ETF易方达
2025-09-19,3.669,3.655,3.691,3.642,86013.0,510580,sh,中证500ETF易方达
2025-09-22,3.652,3.682,3.684,3.642,131544.0,510580,sh,中证500ETF易方达
2025-09-23,3.68,3.657,3.693,3.589,243000.0,510580,sh,中证500ETF易方达
2025-09-24,3.649,3.74,3.741,3.634,102752.0,510580,sh,中证500ETF易方达
2025-09-25,3.739,3.741,3.765,3.728,84553.0,510580,sh,中证500ETF易方达
2025-09-26,3.736,3.702,3.755,3.693,73591.0,510580,sh,中证500ETF易方达
2025-09-29,3.701,3.759,3.773,3.684,130649.0,510580,sh,中证500ETF易方达
2025-09-30,3.761,3.782,3.795,3.761,55478.0,510580,sh,中证500ETF易方达
2025-10-09,3.785,3.852,3.864,3.785,78441.0,510580,sh,中证500ETF易方达
2025-10-10,3.849,3.781,3.849,3.77,74202.0,510580,sh,中证500ETF易方达
2025-10-13,3.698,3.76,3.77,3.645,104412.0,510580,sh,中证500ETF易方达
2025-10-14,3.762,3.676,3.805,3.652,93544.0,510580,sh,中证500ETF易方达
2025-10-15,3.67,3.72,3.725,3.653,46815.0,510580,sh,中证500ETF易方达
2025-10-16,3.718,3.693,3.727,3.678,83980.0,510580,sh,中证500ETF易方达
2025-10-17,3.693,3.584,3.708,3.58,66815.0,510580,sh,中证500ETF易方达
2025-10-20,3.6,3.608,3.641,3.591,58253.0,510580,sh,中证500ETF易方达
2025-10-21,3.61,3.668,3.675,3.61,108098.0,510580,sh,中证500ETF易方达
2025-10-22,3.652,3.639,3.658,3.628,60934.0,510580,sh,中证500ETF易方达
2025-10-23,3.641,3.647,3.661,3.586,149087.0,510580,sh,中证500ETF易方达
2025-10-24,3.66,3.711,3.712,3.66,160810.0,510580,sh,中证500ETF易方达
2025-10-27,3.741,3.768,3.774,3.73,75430.0,510580,sh,中证500ETF易方达
2025-10-28,3.759,3.748,3.786,3.735,51572.0,510580,sh,中证500ETF易方达
2025-10-29,3.742,3.824,3.828,3.742,43587.0,510580,sh,中证500ETF易方达
2025-10-30,3.827,3.777,3.827,3.768,66770.0,510580,sh,中证500ETF易方达
2025-10-31,3.777,3.749,3.804,3.749,53425.0,510580,sh,中证500ETF易方达
2025-11-03,3.747,3.755,3.757,3.689,130828.0,510580,sh,中证500ETF易方达
2025-11-04,3.758,3.687,3.758,3.665,62213.0,510580,sh,中证500ETF易方达
2025-11-05,3.666,3.694,3.712,3.635,73890.0,510580,sh,中证500ETF易方达
2025-11-06,3.709,3.756,3.762,3.703,77421.0,510580,sh,中证500ETF易方达
2025-11-07,3.756,3.745,3.769,3.721,55807.0,510580,sh,中证500ETF易方达
2025-11-10,3.748,3.756,3.779,3.724,39958.0,510580,sh,中证500ETF易方达
2025-11-11,3.759,3.729,3.776,3.723,82252.0,510580,sh,中证500ETF易方达
2025-11-12,3.724,3.706,3.737,3.677,46323.0,510580,sh,中证500ETF易方达
2025-11-13,3.706,3.763,3.769,3.705,66088.0,510580,sh,中证500ETF易方达
2025-11-14,3.739,3.705,3.749,3.7,81279.0,510580,sh,中证500ETF易方达
2025-11-17,3.701,3.699,3.72,3.682,345700.0,510580,sh,中证500ETF易方达
2025-11-18,3.689,3.662,3.694,3.643,158163.0,510580,sh,中证500ETF易方达
2025-11-19,3.654,3.648,3.675,3.63,93345.0,510580,sh,中证500ETF易方达
2025-11-20,3.653,3.619,3.677,3.614,90063.0,510580,sh,中证500ETF易方达
2025-11-21,3.58,3.5,3.6,3.493,143608.0,510580,sh,中证500ETF易方达
2025-11-24,3.502,3.518,3.539,3.484,102096.0,510580,sh,中证500ETF易方达
2025-11-25,3.527,3.558,3.594,3.527,61173.0,510580,sh,中证500ETF易方达
2025-11-26,3.558,3.562,3.592,3.548,54368.0,510580,sh,中证500ETF易方达
2025-11-27,3.566,3.554,3.605,3.55,93308.0,510580,sh,中证500ETF易方达
2025-11-28,3.557,3.598,3.604,3.552,91113.0,510580,sh,中证500ETF易方达
2025-12-01,3.602,3.632,3.632,3.596,81401.0,510580,sh,中证500ETF易方达
2025-12-02,3.623,3.607,3.623,3.592,80690.0,510580,sh,中证500ETF易方达
2025-12-03,3.607,3.586,3.613,3.576,50619.0,510580,sh,中证500ETF易方达
2025-12-04,3.587,3.595,3.608,3.565,57832.0,510580,sh,中证500ETF易方达
2025-12-05,3.598,3.645,3.647,3.571,66720.0,510580,sh,中证500ETF易方达
2025-12-08,3.65,3.683,3.693,3.649,112234.0,510580,sh,中证500ETF易方达
2025-12-09,3.68,3.649,3.685,3.647,73378.0,510580,sh,中证500ETF易方达
2025-12-10,3.649,3.675,3.679,3.626,109291.0,510580,sh,中证500ETF易方达
2025-12-11,3.685,3.642,3.695,3.641,84559.0,510580,sh,中证500ETF易方达
2025-12-12,3.642,3.688,3.695,3.639,80773.0,510580,sh,中证500ETF易方达
2025-12-15,3.68,3.674,3.703,3.666,71204.0,510580,sh,中证500ETF易方达
2025-12-16,3.673,3.61,3.673,3.592,83070.0,510580,sh,中证500ETF易方达
2025-12-17,3.609,3.68,3.694,3.606,96145.0,510580,sh,中证500ETF易方达
2025-12-18,3.658,3.665,3.698,3.65,77700.0,510580,sh,中证500ETF易方达
2025-12-19,3.665,3.7,3.711,3.665,95180.0,510580,sh,中证500ETF易方达
2025-12-22,3.703,3.738,3.749,3.703,126245.0,510580,sh,中证500ETF易方达
2025-12-23,3.74,3.736,3.76,3.725,116347.0,510580,sh,中证500ETF易方达
2025-12-24,3.737,3.791,3.8,3.733,110107.0,510580,sh,中证500ETF易方达
2025-12-25,3.786,3.818,3.832,3.78,166036.0,510580,sh,中证500ETF易方达
2025-12-26,3.828,3.847,3.861,3.817,291922.0,510580,sh,中证500ETF易方达
2025-12-29,3.848,3.833,3.858,3.821,200409.0,510580,sh,中证500ETF易方达
2025-12-30,3.832,3.844,3.861,3.812,368726.0,510580,sh,中证500ETF易方达
2025-12-31,3.844,3.848,3.859,3.83,197858.0,510580,sh,中证500ETF易方达
2026-01-05,3.864,3.947,3.949,3.842,151779.0,510580,sh,中证500ETF易方达
2026-01-06,3.961,4.036,4.036,3.948,235832.0,510580,sh,中证500ETF易方达
2026-01-07,4.055,4.056,4.077,4.036,120606.0,510580,sh,中证500ETF易方达
2026-01-08,4.054,4.069,4.097,4.03,199999.0,510580,sh,中证500ETF易方达
2026-01-09,4.072,4.167,4.172,4.07,195842.0,510580,sh,中证500ETF易方达
2026-01-12,4.171,4.272,4.288,4.171,128340.0,510580,sh,中证500ETF易方达
2026-01-13,4.275,4.21,4.276,4.19,116325.0,510580,sh,中证500ETF易方达
2026-01-14,4.209,4.241,4.327,4.183,233864.0,510580,sh,中证500ETF易方达
2026-01-15,4.232,4.236,4.259,4.2,215285.0,510580,sh,中证500ETF易方达
2026-01-16,4.273,4.244,4.275,4.234,222844.0,510580,sh,中证500ETF易方达
2026-01-19,4.22,4.274,4.294,4.215,145434.0,510580,sh,中证500ETF易方达
2026-01-20,4.277,4.262,4.316,4.196,128957.0,510580,sh,中证500ETF易方达
2026-01-21,4.248,4.305,4.307,4.231,120436.0,510580,sh,中证500ETF易方达
2026-01-22,4.31,4.328,4.335,4.298,79217.0,510580,sh,中证500ETF易方达
2026-01-23,4.335,4.45,4.452,4.335,172449.0,510580,sh,中证500ETF易方达
2026-01-26,4.453,4.405,4.5,4.38,106907.0,510580,sh,中证500ETF易方达
2026-01-27,4.369,4.413,4.426,4.311,143219.0,510580,sh,中证500ETF易方达
2026-01-28,4.413,4.44,4.45,4.396,107699.0,510580,sh,中证500ETF易方达
2026-01-29,4.432,4.395,4.468,4.388,92706.0,510580,sh,中证500ETF易方达
2026-01-30,4.384,4.314,4.384,4.211,177848.0,510580,sh,中证500ETF易方达
2026-02-02,4.262,4.13,4.3,4.12,202082.0,510580,sh,中证500ETF易方达
2026-02-03,4.172,4.274,4.275,4.151,310131.0,510580,sh,中证500ETF易方达
2026-02-04,4.274,4.286,4.291,4.06,210357.0,510580,sh,中证500ETF易方达
2026-02-05,4.241,4.203,4.244,4.163,139289.0,510580,sh,中证500ETF易方达
2026-02-06,4.169,4.199,4.257,4.126,235744.0,510580,sh,中证500ETF易方达
2026-02-09,4.234,4.292,4.293,4.234,108045.0,510580,sh,中证500ETF易方达
2026-02-10,4.305,4.284,4.305,4.26,112973.0,510580,sh,中证500ETF易方达
2026-02-11,4.284,4.3,4.322,4.276,124493.0,510580,sh,中证500ETF易方达
2026-02-12,4.302,4.354,4.361,4.302,194260.0,510580,sh,中证500ETF易方达
2026-02-13,4.353,4.284,4.353,4.275,239841.0,510580,sh,中证500ETF易方达
2026-02-24,4.308,4.329,4.363,4.295,106892.0,510580,sh,中证500ETF易方达
2026-02-25,4.339,4.402,4.413,4.337,115021.0,510580,sh,中证500ETF易方达
2026-02-26,4.402,4.416,4.426,4.379,130687.0,510580,sh,中证500ETF易方达
2026-02-27,4.388,4.467,4.468,4.38,109824.0,510580,sh,中证500ETF易方达
2026-03-02,4.45,4.469,4.483,4.41,123104.0,510580,sh,中证500ETF易方达
2026-03-03,4.463,4.288,4.465,4.269,216145.0,510580,sh,中证500ETF易方达
2026-03-04,4.202,4.26,4.327,4.202,154095.0,510580,sh,中证500ETF易方达
2026-03-05,4.32,4.291,4.342,4.26,237400.0,510580,sh,中证500ETF易方达
2026-03-06,4.267,4.309,4.328,4.256,103416.0,510580,sh,中证500ETF易方达
2026-03-09,4.253,4.273,4.289,4.164,158069.0,510580,sh,中证500ETF易方达
2026-03-10,4.3,4.338,4.339,4.29,138808.0,510580,sh,中证500ETF易方达
2026-03-11,4.34,4.333,4.353,4.319,140061.0,510580,sh,中证500ETF易方达
2026-03-12,4.33,4.309,4.348,4.277,106692.0,510580,sh,中证500ETF易方达
2026-03-13,4.294,4.26,4.319,4.242,94308.0,510580,sh,中证500ETF易方达
2026-03-16,4.255,4.227,4.255,4.162,130297.0,510580,sh,中证500ETF易方达
2026-03-17,4.234,4.136,4.238,4.135,248050.0,510580,sh,中证500ETF易方达
2026-03-18,4.143,4.174,4.18,4.104,167845.0,510580,sh,中证500ETF易方达
2026-03-19,4.1,4.072,4.126,4.048,192491.0,510580,sh,中证500ETF易方达
2026-03-20,4.076,4.003,4.1,3.999,212751.0,510580,sh,中证500ETF易方达
2026-03-23,3.917,3.86,3.986,3.809,255340.0,510580,sh,中证500ETF易方达
2026-03-24,3.899,3.924,3.928,3.81,325223.0,510580,sh,中证500ETF易方达
2026-03-25,3.932,4.005,4.027,3.932,256437.0,510580,sh,中证500ETF易方达
2026-03-26,4.0,3.938,4.009,3.932,167264.0,510580,sh,中证500ETF易方达
2026-03-27,3.882,3.996,4.017,3.881,156960.0,510580,sh,中证500ETF易方达
2026-03-30,3.93,4.001,4.007,3.92,161515.0,510580,sh,中证500ETF易方达
2026-03-31,3.989,3.932,4.023,3.932,146490.0,510580,sh,中证500ETF易方达
2026-04-01,4.004,4.0,4.031,3.97,146210.0,510580,sh,中证500ETF易方达
2026-04-02,3.989,3.933,3.996,3.901,137024.0,510580,sh,中证500ETF易方达
2026-04-03,3.941,3.894,3.946,3.883,110382.0,510580,sh,中证500ETF易方达
2026-04-07,3.894,3.909,3.94,3.891,124408.0,510580,sh,中证500ETF易方达
2026-04-08,3.978,4.11,4.111,3.978,298006.0,510580,sh,中证500ETF易方达
2026-04-09,4.052,4.076,4.099,4.048,152160.0,510580,sh,中证500ETF易方达
2026-04-10,4.107,4.112,4.166,4.096,102974.0,510580,sh,中证500ETF易方达
2026-04-13,4.086,4.109,4.123,4.076,134811.0,510580,sh,中证500ETF易方达
2026-04-14,4.15,4.177,4.179,4.13,114285.0,510580,sh,中证500ETF易方达
2026-04-15,4.199,4.153,4.211,4.144,106349.0,510580,sh,中证500ETF易方达
2026-04-16,4.154,4.226,4.234,4.154,138417.0,510580,sh,中证500ETF易方达
2026-04-17,4.218,4.241,4.25,4.207,129744.0,510580,sh,中证500ETF易方达
2026-04-20,4.232,4.276,4.295,4.232,219068.0,510580,sh,中证500ETF易方达
2026-04-21,4.277,4.266,4.283,4.225,106308.0,510580,sh,中证500ETF易方达
2026-04-22,4.256,4.337,4.338,4.245,150260.0,510580,sh,中证500ETF易方达
2026-04-23,4.343,4.288,4.348,4.249,136881.0,510580,sh,中证500ETF易方达
2026-04-24,4.275,4.266,4.29,4.219,136408.0,510580,sh,中证500ETF易方达
2026-04-27,4.255,4.29,4.305,4.248,105768.0,510580,sh,中证500ETF易方达
2026-04-28,4.29,4.244,4.29,4.223,142475.0,510580,sh,中证500ETF易方达
2026-04-29,4.209,4.318,4.322,4.209,134076.0,510580,sh,中证500ETF易方达
2026-04-30,4.314,4.329,4.33,4.291,112506.0,510580,sh,中证500ETF易方达
2026-05-06,4.346,4.446,4.463,4.346,201582.0,510580,sh,中证500ETF易方达
2026-05-07,4.455,4.498,4.503,4.446,163453.0,510580,sh,中证500ETF易方达
2026-05-08,4.469,4.5,4.506,4.455,124591.0,510580,sh,中证500ETF易方达
2026-05-11,4.533,4.576,4.589,4.507,329062.0,510580,sh,中证500ETF易方达
2026-05-12,4.575,4.545,4.578,4.521,136659.0,510580,sh,中证500ETF易方达
2026-05-13,4.515,4.62,4.623,4.514,164501.0,510580,sh,中证500ETF易方达
2026-05-14,4.624,4.49,4.632,4.488,313635.0,510580,sh,中证500ETF易方达
2026-05-15,4.489,4.426,4.515,4.392,211019.0,510580,sh,中证500ETF易方达
2026-05-18,4.417,4.434,4.457,4.392,175419.0,510580,sh,中证500ETF易方达
2026-05-19,4.43,4.463,4.466,4.352,187040.0,510580,sh,中证500ETF易方达
2026-05-20,4.438,4.488,4.496,4.427,162794.0,510580,sh,中证500ETF易方达
2026-05-21,4.498,4.364,4.558,4.358,343049.0,510580,sh,中证500ETF易方达
2026-05-22,4.365,4.443,4.455,4.365,381528.0,510580,sh,中证500ETF易方达
2026-05-25,4.462,4.503,4.508,4.422,320094.0,510580,sh,中证500ETF易方达
2026-05-26,4.476,4.49,4.494,4.421,321858.0,510580,sh,中证500ETF易方达
2026-05-27,4.48,4.417,4.527,4.404,406339.0,510580,sh,中证500ETF易方达
2026-05-28,4.387,4.44,4.463,4.367,444253.0,510580,sh,中证500ETF易方达
2026-05-29,4.439,4.338,4.458,4.308,496084.0,510580,sh,中证500ETF易方达
2026-06-01,4.334,4.299,4.381,4.29,585063.0,510580,sh,中证500ETF易方达
2026-06-02,4.298,4.314,4.352,4.229,545393.0,510580,sh,中证500ETF易方达
2026-06-03,4.31,4.341,4.394,4.237,459638.0,510580,sh,中证500ETF易方达
2026-06-04,4.298,4.337,4.359,4.298,483643.0,510580,sh,中证500ETF易方达
2026-06-05,4.312,4.289,4.363,4.268,575127.0,510580,sh,中证500ETF易方达
2026-06-08,4.139,4.144,4.228,4.1,722163.0,510580,sh,中证500ETF易方达
2026-06-09,4.16,4.244,4.253,4.136,465224.0,510580,sh,中证500ETF易方达
2026-06-10,4.196,4.198,4.239,4.147,498927.0,510580,sh,中证500ETF易方达
2026-06-11,4.157,4.178,4.208,4.142,489459.0,510580,sh,中证500ETF易方达
2026-06-12,4.237,4.232,4.3,4.214,543735.0,510580,sh,中证500ETF易方达
2026-06-15,4.3,4.399,4.4,4.235,743074.0,510580,sh,中证500ETF易方达
2026-06-16,4.404,4.436,4.454,4.386,480708.0,510580,sh,中证500ETF易方达
2026-06-17,4.41,4.504,4.505,4.409,456640.0,510580,sh,中证500ETF易方达
2026-06-18,4.482,4.543,4.555,4.478,495147.0,510580,sh,中证500ETF易方达
2026-06-22,4.543,4.626,4.632,4.498,586184.0,510580,sh,中证500ETF易方达
2026-06-23,4.617,4.535,4.641,4.498,522334.0,510580,sh,中证500ETF易方达
2026-06-24,4.5,4.615,4.625,4.499,496820.0,510580,sh,中证500ETF易方达
2026-06-25,4.615,4.669,4.672,4.585,524159.0,510580,sh,中证500ETF易方达
2026-06-26,4.648,4.562,4.664,4.525,515678.0,510580,sh,中证500ETF易方达
2026-06-29,4.532,4.602,4.619,4.495,657725.0,510580,sh,中证500ETF易方达
2026-06-30,4.602,4.726,4.733,4.58,368769.0,510580,sh,中证500ETF易方达
2026-07-01,4.735,4.721,4.784,4.688,400402.0,510580,sh,中证500ETF易方达
2026-07-02,4.584,4.566,4.675,4.53,677530.0,510580,sh,中证500ETF易方达
2026-07-03,4.53,4.579,4.636,4.522,613756.0,510580,sh,中证500ETF易方达
